source,query,title,link,published,collected_jst
GoogleNews:コンビニ 新商品,コンビニ 新商品,【また今日も買ってしまった！間違いない美味しさ！】セブン‐イレブンの203円新商品にハマった！ - news.yahoo.co.jp,https://news.google.com/rss/articles/CBMiiAFBVV95cUxOenczN2JTMWN5OWgyVzU0ZHFJSDVvUmZ4ampkVHhpMTVUM3hUMFVtZXplUEZhLVlROHBMUVpYTEFXLThVd1FCbEt2ZjZYclVNRmlNUGNZQXIzbEd6MG1wa3lFSkdBR0swUHpMYzdtRkd2cXhtaXVqbmt3ODJkZExBaUVMY1B3RTdB?oc=5,"Sat, 19 Sep 2026 20:56:46 GMT",2026-09-20T09:08:15+09:00
GoogleNews:コンビニ 新商品,コンビニ 新商品,【セブン-イレブン】1個じゃ足りません!!ドハマり確定「新商品の226円スイーツ」を実食レポ（いぬきち） - エキスパート - news.yahoo.co.jp,https://news.google.com/rss/articles/CBMiiAFBVV95cUxQd3Fhcks5ZlRrakVKb2ZPVzN1cjVBUzJ5d2xSS0NhWU11V2lzMDlZdGJiN2M0bUdzUUF6aktBcEZXdFpXMXF6X2FwOWpuVjdQRjZPRm1KVkpUWmhtQTMtZlNPMFpjR1dyOGpFQ2tpVF9BcTRDbGVtRURTX0x4ZHNIUXFQWVBOenRi?oc=5,"Sat, 19 Sep 2026 14:01:00 GMT",2026-09-20T09:08:15+09:00
GoogleNews:コンビニ 新商品,コンビニ 新商品,大反響の「腕時計」がいよいよ再登場！ 「コンビニエンスウェア」 毎年人気のスウェットシリーズから新色「ライトグレー」や 新作のジップパーカーなど秋冬アイテムが続々発売！｜ニュースリリース - family.co.jp,https://news.google.com/rss/articles/CBMid0FVX3lxTFBxdU1NQnhRSkFxNUhCTHJwcWc0em1MQ3NVVXgyZlVTRUFXMXZSNWczQjI1cm9MNmtibkdqV1k4c014dEUxNThUbFpSMWRNTjlZdXJRY1E3TU94aUJ6elQxR0F3YmUyWVprNUZ3b01xMm5DTU9kSk1R?oc=5,"Fri, 18 Sep 2026 01:03:02 GMT",2026-09-20T09:08:15+09:00
GoogleNews:コンビニ 新商品,コンビニ 新商品,セブン-イレブンから新登場!! これぞ鉄板の組み合わせ「170円の新商品」を実食レポ（いぬきち） - エキスパート - news.yahoo.co.jp,https://news.google.com/rss/articles/CBMiiAFBVV95cUxOaUVUSExjV2MwVkdzTWo5WEltSmhyemtmV0dKSThSc245a2NtdjFHM1B3aE5pczJZSHkxY3YyMUNMRy1tY0pQTW5jVFRTY2ozRGhVTEctTWc0VkVFbldrNnF3MW9rN3Y1REV4RFdpcUtEdlpIckRJTmN5N1A3Q2dydWh4bWlVZ29i?oc=5,"Sat, 19 Sep 2026 22:30:52 GMT",2026-09-20T09:08:15+09:00
GoogleNews:コンビニ 新商品,コンビニ 新商品,【6個で192円！食べ出すと止まらなくなる美味しさ！】セブン‐イレブンの新商品にハマった！（キャプテン福田） - エキスパート - news.yahoo.co.jp,https://news.google.com/rss/articles/CBMiiAFBVV95cUxQcVF1NnRwUFdzWkxjVHN1YWdSOE5IRGxuVlVUTmZydHQ1WWxvZUNJaFp6NlVjZFBiRXhyMHJETjBtLTlOSHg2MHlSd1ctU29wSVJ0aHpJZEVUZkhmQlQwUWpuMU14UzJOY2lZTlQ0VWJQZlFtNXo0eE03cWxkWVJhNWZSTkFTS0R6?oc=5,"Sat, 19 Sep 2026 15:39:30 GMT",2026-09-20T09:08:15+09:00
GoogleNews:コンビニ 新商品,コンビニ 新商品,【ファミリーマート新商品】食べ出すと止まらなくなる美味しさ「646円のパスタ」を実食レビュー（いぬきち） - エキスパート - news.yahoo.co.jp,https://news.google.com/rss/articles/CBMiiAFBVV95cUxPcE5XdTBqZi1lenFHMXhkd05Fd09IRFAzSkQ4MnpXeExrS2RCNnNQbHZQaGVoTzFuZDFzQnpibVpoSGRFUzRnSzFjd25qaTRXUG5sZWlHbEwtM3ZkT1VYUXM3RHpUR1BTSHBxNC1EbHN1M01POGRYUW1oVGFuZFVXREZ0TXltTmZp?oc=5,"Sat, 19 Sep 2026 06:01:23 GMT",2026-09-20T09:08:15+09:00
GoogleNews:コンビニ 新商品,コンビニ 新商品,セブン-イレブンから新登場!! 鶏づくしの美味しさに感動の嵐「354円の新商品」を実食レビュー（いぬきち） - エキスパート - news.yahoo.co.jp,https://news.google.com/rss/articles/CBMiiAFBVV95cUxPZGd1RUx2dElIOGd5NUwzTnRzNGNsemVTdUdraFhsSzI3MFBNMXdfMG9NU0FJY21wOEVidVBfeGNxaVdlVndCZ0xmVHp5TDk3a2NJREtrVGZsU0l3NkxGUHlPekp6NE03NVN1eE5YaFVPYTlPRENRTDB1ajFCa0h5d2FUSVNiaVhM?oc=5,"Sat, 19 Sep 2026 00:45:30 GMT",2026-09-20T09:08:15+09:00
GoogleNews:コンビニ 新商品,コンビニ 新商品,セブン-イレブンから新登場!! 1個じゃ足りません!!ドハマり確定「話題の新商品」を実食レビュー（いぬきち） - エキスパート - news.yahoo.co.jp,https://news.google.com/rss/articles/CBMiiAFBVV95cUxQYTZoVHRXN18wYnU4TUJ5dkZFSWNTQ1JmMGhXOVBrNVd5cUg0UWxGUVJVQXN4MXFYbDVxQUdVZGY4SDk3UDF5LVJQeWd2S0JZWlcwRXJaa1RFTThGOXI4QnhzTWwweDkwMC1hNkd0Rkh4TGo0VUxJU3VmRXJsWXkxZ2tjak1SUHhs?oc=5,"Fri, 18 Sep 2026 16:31:04 GMT",2026-09-20T09:08:15+09:00
GoogleNews:コンビニ 新商品,コンビニ 新商品,【コンビニ新商品】9月8日発売の気になる商品を実食！スイーツライターのおすすめは…？（なかべぇ） - エキスパート - news.yahoo.co.jp,https://news.google.com/rss/articles/CBMiiAFBVV95cUxNdTVFWEFuTUNVT1k2N3dQOVhxZURYa3RXV3IzNEs2aEVyQy1sS3IwWC1hTGhhUFdZUEZUdm1QcGxqOXpVZFhrNGFqSUtKendLOWc5U210QVVEUzkzbXpFQ0p3Q0pwV3ZPMEFjdTl6Q1IzT1VnVFJCd242ek1WTmZRbUxSVFBvSG5f?oc=5,"Tue, 08 Sep 2026 07:00:00 GMT",2026-09-20T09:08:15+09:00
GoogleNews:コンビニ 新商品,コンビニ 新商品,セブン-イレブンから新登場!! ハマってしまう美味しさ「税込399円の新商品」を実食レビュー（いぬきち） - エキスパート - news.yahoo.co.jp,https://news.google.com/rss/articles/CBMiiAFBVV95cUxONkdwOXRZOWI4OUhlV1lGRm81WnJZVmtoSGlvWE9HM0hzTks3UE0wUzVHSWRKZHhuUU9LTEZYeENWYm5uSWVKQ3NObS1hVGl3amN4OXc1OWQ0WXA2ZkZ1WjdPZzUwQmdOekNrMnRDVXdkZ3dFWkR3YXVuRVFYcG1NNkxHYUVfQmZV?oc=5,"Thu, 17 Sep 2026 16:30:58 GMT",2026-09-20T09:08:15+09:00
GoogleNews:コンビニ 新商品,コンビニ 新商品,セブン-イレブンから新登場!! これぞ鉄板の組み合わせ「429円の新商品」を実食レポ（いぬきち） - エキスパート - news.yahoo.co.jp,https://news.google.com/rss/articles/CBMiiAFBVV95cUxORl81Smk1VWlDel9RRnFVbVUtTXpkSl8wWHhFQ2NCX2NyX2EteDlnUFlPYVJ1ZDhxTTJQS1I0SXN2cjM5eDQ1SGo5Q1VTN1Bscm1meEdBTHg3aVlDaEFhZm00MVFFZmw4bnpGX0VSUXg4dVoyN3BKTmgyWjFTN1pBamRKSzBnYk5v?oc=5,"Fri, 18 Sep 2026 19:30:47 GMT",2026-09-20T09:08:15+09:00
GoogleNews:コンビニ 新商品,コンビニ 新商品,セブン-イレブンから新登場!! 間違いのない美味しさ「699円のお弁当」を実食レビュー（いぬきち） - エキスパート - news.yahoo.co.jp,https://news.google.com/rss/articles/CBMiiAFBVV95cUxOMXNfamdWbTkyQldHeXk4ZjB6NGs5M2ZMOURPYXd6Q2pDZ1Y2cmFlQUgwbEJ4N0pNWWJKbG0wdTB3ajRYZzdTYVVEclhEcWJUeUZOcFRMYWFMd3hIRlZkYUhzRDl2bk5GbElQSXpVWHo0RUZOcGg2Nk1GUkF1SFpIZ0dhTzlIanNI?oc=5,"Thu, 17 Sep 2026 03:05:31 GMT",2026-09-20T09:08:15+09:00
GoogleNews:コンビニ 新商品,コンビニ 新商品,【これはスゴイ！まさかの仕様に驚嘆！】ファミマ「コラボ祭」で話題の絶品新商品2選！（キャプテン福田） - エキスパート - news.yahoo.co.jp,https://news.google.com/rss/articles/CBMiiAFBVV95cUxPc19seVNzVUo4RlpsMUFCZ2VSdlJHMTVQdUh2anBvTkt5X2FxZ3dhVXhPUzFuM29LZDhKU1NSSWhLNWVWa2N0NzcwdjU2c0VSZDZsQ3ZlaEtrSVRLdldiRC1QT3JRXzk5M3ZtX2FmaVhOWlBSZjU3RVI0aTlPR0pwcXprR1lrS0Nf?oc=5,"Fri, 18 Sep 2026 15:35:15 GMT",2026-09-20T09:08:15+09:00
GoogleNews:コンビニ 新商品,コンビニ 新商品,ファミリーマートから新登場!! 話題のシリーズから新フレーバーが登場!「190円の新商品」を実食レポ（いぬきち） - エキスパート - news.yahoo.co.jp,https://news.google.com/rss/articles/CBMiiAFBVV95cUxPeHlNVS1LQV9tZlR6TzZjUWlMN3JSVE9JZmVlZ21XTEZISFFXdjJOOVJJVC1OMDZCeVV2UDhQdnQ2a1BJLVRaWGV0OGRnRm5fU0pQb3A1OXAyN19raUYzdHBLYk5IN3VJdlFWUm52aTdJSDBzYTdWVDBMRHJyNlFxNzQwUUlDdVNo?oc=5,"Wed, 16 Sep 2026 14:00:50 GMT",2026-09-20T09:08:15+09:00
GoogleNews:コンビニ 新商品,コンビニ 新商品,セブン-イレブンから新登場!! 新シリーズ「となりの食堂」を展開!!「645円のお弁当」を実食レポ（いぬきち） - エキスパート - news.yahoo.co.jp,https://news.google.com/rss/articles/CBMiiAFBVV95cUxPM0hWeU9WNVBIZ2F0SzV3ZzBSMU5KaldGaWozS0tidW5uVWRTUi1aNkw3ZnJpMWVtWHhseDR0NkgzRFd5UVVtOGV0VFVGZ3kzSG4yaF9KcVhMam45SXBQODBjNnN3Wi1HUEQyMUUwem5GY3lfdUpVeG8xdFNtNk8xN0ozUUZTLVpT?oc=5,"Wed, 16 Sep 2026 03:00:59 GMT",2026-09-20T09:08:15+09:00
GoogleNews:コンビニ 新商品,コンビニ 新商品,セブン-イレブンから新登場!! 軽い食感で止まらなくなる美味しさ「192円の新商品」を実食レポ（いぬきち） - エキスパート - news.yahoo.co.jp,https://news.google.com/rss/articles/CBMiiAFBVV95cUxNSUd0eGtTOGZQQU1uZzV6UUpBQndHaVFoaGN0bGQ4OEpoc3V0V19GQVF6WGtydWVUTDhZcGR4OHludTBCNVAxMjJUMnpJdWlMTmFGY0ZPQmUtdThRUGQ1b1ZRbXFpLUJIQnY0WG5uUE5ZYVdWX1dwSXl0a1hieWw5dFNNbGt0b1ZV?oc=5,"Thu, 17 Sep 2026 22:01:17 GMT",2026-09-20T09:08:15+09:00
GoogleNews:コンビニ 新商品,コンビニ 新商品,まるで、秋に人気の『かぼちゃプリン』みたいなファミマの新商品スイーツを食べてみた - news.yahoo.co.jp,https://news.google.com/rss/articles/CBMiiAFBVV95cUxPUW9JYzlBaHp1OW84ZDJ6VXBQcC1iUTNha3lZdXlLSjU1dEd5T2VzZDd0OWQzUUhGeGtVMDdOcVVqMXUwMFVLdlotamJKcTVoalg1U3ZoY29KTzRLQnY4YUxZakt2ek5leVo4a3NueFF1a2FJSHJLbDFvLXU2cFhndy1FM3B0alhC?oc=5,"Wed, 16 Sep 2026 10:01:12 GMT",2026-09-20T09:08:15+09:00
GoogleNews:コンビニ 新商品,コンビニ 新商品,セブン-イレブンから新登場!! 1個じゃ足りません!!ドハマり確定「話題の新商品」を実食レポ（いぬきち） - エキスパート - news.yahoo.co.jp,https://news.google.com/rss/articles/CBMiiAFBVV95cUxON3hHUEVuUllZSU5IOVdGN1NqRmZpTGpCZXBXM3c0YkJGMzNfM1JIWEJOVlE3UWU4d3J2VFJjdDI1dEtPbzM0T2gyT3pTVDJSV0JzX3pxWmlOWTJ4UVo4c1hLNGhVdFl3WUo0ZlItMGgteUdsQWlEN3BycF9Qc3ZILURFLWNuTFgt?oc=5,"Wed, 16 Sep 2026 16:30:57 GMT",2026-09-20T09:08:15+09:00
GoogleNews:コンビニ 新商品,コンビニ 新商品,【これはスゴイ！まさかの仕様に驚嘆！】セブン‐イレブンの170円新商品を実食レビュー！（キャプテン福田） - エキスパート - news.yahoo.co.jp,https://news.google.com/rss/articles/CBMiiAFBVV95cUxORlZvVzhWNlVEVnJfUzR4c0xBMElwYV9UYWlKOG5IOERlUWdyWTF6Q2d3dWJkYzVNdS14bUNaOGp0eFc2WGI3dWxlY2pkVkpYT2ZIRWFod3czWnNFQ01XUjZ4SjlreF9xVGYxczdURzlYbzFkVFNvYWRKaEczQkpkZlVpaW1sREls?oc=5,"Wed, 16 Sep 2026 20:55:14 GMT",2026-09-20T09:08:15+09:00
GoogleNews:コンビニ 新商品,コンビニ 新商品,【9月8日発売】コンビニ各社の新作アイス食べ比べ！今週買うべき商品は？スイーツライターが正直レビュー - news.yahoo.co.jp,https://news.google.com/rss/articles/CBMiiAFBVV95cUxPdmNRM090WUwtdTlQaHVxZzFKX3NLQ0tzQTZpRllscDJ1THBXaWdWN3g0d2JHMTloSG5UMWtHbGNIam9yaDFOdGtSWGhpeDhkenNVMDVGbURJOFNEaFdQcklvb0FHWGhyVHlETEZjWXJ0Y2V5STQ2aGlkU3BjZERBUV83OXNxeE43?oc=5,"Thu, 10 Sep 2026 08:22:59 GMT",2026-09-20T09:08:15+09:00
GoogleNews:コンビニ 新商品,コンビニ 新商品,ファミリーマートから新登場!! チーズの沼にドハマり確定!?「550円の新商品」を実食レビュー（いぬきち） - エキスパート - news.yahoo.co.jp,https://news.google.com/rss/articles/CBMiiAFBVV95cUxNY3RlX0ZnRjJIc1ZQRkxsRTM4YnFfdGwyMjhwM0Ytcjg5ZmFCblZXM2ZZZXpwbnZaWUstbGYwdXJXaDVCSjl0SWZhNjh6aDFrOVNpOC1EMG5iZG5FUTJXUGVDMDVTOFc1ZEtCdzhQOGJFczFRMmJuSW1uRlV1ZllCVHNsLVVpeEJS?oc=5,"Fri, 18 Sep 2026 12:01:24 GMT",2026-09-20T09:08:15+09:00
GoogleNews:コンビニ 新商品,コンビニ 新商品,【セブン-イレブン】2個じゃ足りません!!ガチで美味しい「181円の新商品」を実食レポ（いぬきち） - エキスパート - news.yahoo.co.jp,https://news.google.com/rss/articles/CBMiiAFBVV95cUxQc2ppeXpDTHVlXzJyZ2xGeFQ5bmtwMW1UMGV4OGNjZF85bjM5NzMyN01hdl93MlYwaXBzdVN2bWNmRTVRQUtiMHVSUmpScEdVaWF6aDE3Y1NwNzZtbWFXY3RVY0xRQWdqeWt2ZEk0TUdtbkhSX0Z5bl8ta3hiMHR1b0RYLVlxSHJG?oc=5,"Fri, 18 Sep 2026 22:31:16 GMT",2026-09-20T09:08:15+09:00
GoogleNews:コンビニ 新商品,コンビニ 新商品,セブン-イレブンから新登場!! 既視感がありすぎて買ってしまった「203円の新商品」を実食レビュー（いぬきち） - エキスパート - news.yahoo.co.jp,https://news.google.com/rss/articles/CBMiiAFBVV95cUxPelp2X28xNm1fODVHWXJoZlJ0UnhBbE9IcHd6WmY2QUQ3R2ZSRnRUbzBFOU90c2NhdHg0LVJTclRFdDFXQnlOaUNhVC1CdU1mQmYxOV9RS1I5VlZTWE1MUkZ3M2cyYm9QT0NGS01ld2RZZUZURVNVRUdSN2dDOHBoaXdnSFBacHBZ?oc=5,"Tue, 15 Sep 2026 22:01:23 GMT",2026-09-20T09:08:15+09:00
GoogleNews:コンビニ 新商品,コンビニ 新商品,【これはハマります！もう1個食べたくなる！】ファミマの160円新商品に歓喜！（キャプテン福田） - エキスパート - news.yahoo.co.jp,https://news.google.com/rss/articles/CBMiiAFBVV95cUxNZms2a0NNVkFEa0JIdkJsTkd3Ry10Y19iVVRYQnkwTjd2eXg2dnNkM0h5N2t1bnRucnppS2g5NVZseDI5bF9MUWJaZVZCUHVtcl9oclBUVEpYdGFZT0Vvdy1XX1JwY21VYTFzc18tTnEwcXVBeHRkSzFSamsxbmJzOGpZNUJJS1hh?oc=5,"Tue, 15 Sep 2026 20:55:11 GMT",2026-09-20T09:08:15+09:00
GoogleNews:コンビニ 新商品,コンビニ 新商品,【これはハマります！美味しくてボリューム満点！】ローソンの192円新商品に歓喜！（キャプテン福田） - エキスパート - news.yahoo.co.jp,https://news.google.com/rss/articles/CBMiiAFBVV95cUxNdFhSVklLMmxFNlpmM0JGZjNubDJtOTdBUDdpdU5PZjFxcGdEQ01zclhkSmdDd1RfYnYwX3hvTmpsd3E5YXJIY3dqUUVfazhpYmo1VTZDdFRSTTNTd3pzSWdqSDhDeE9oRF9peExIa21RYVM1aE5kaVFSeEJpNmp1RmVEcDZtUFhS?oc=5,"Thu, 17 Sep 2026 20:55:10 GMT",2026-09-20T09:08:15+09:00
GoogleNews:コンビニ 新商品,コンビニ 新商品,セブン-イレブンから新登場! やみつきになってしまう美味しさ「BTSと共同開発のカップ麺」を実食レポ（いぬきち） - エキスパート - news.yahoo.co.jp,https://news.google.com/rss/articles/CBMiiAFBVV95cUxOZmloWDRfdmRFdDgzdUpyU1pXYWRfbkp3V0xGc2FNSUdXamdoWnNLWFY3bTV2VnR4UFB0VXY5Tldkd3ZfenFSRmxhSXV0Q2gxdlRuanFBTTZ0MklCWkVCUDV2MGE5eDN4bHJSa3NrMDlwUlJCVTZzSUVJRGVuckZEU2U1NFF4dUtC?oc=5,"Wed, 16 Sep 2026 19:31:00 GMT",2026-09-20T09:08:15+09:00
GoogleNews:コンビニ 新商品,コンビニ 新商品,【これはスゴイ！めっちゃ美味しい！】セブン‐イレブンの絶品ラーメン・二郎系まぜ麺2選！（キャプテン福田） - エキスパート - news.yahoo.co.jp,https://news.google.com/rss/articles/CBMiiAFBVV95cUxPNE8tSTg4Vk5namktRGhqMVN0aHVzcXRYQnVXQk1DZVFWZHFaT2RDVjU0WFp0NHdoTWc3bHE0bDFDSkY0U1REU0NKekhBOHF5M04zWXZ3X0VwMFZZTnNFYlc5RVRGUl9VWHhNeGVlUnlnVkY5Y2J3NUVGUU1qeGhHTFNVRUNqeGJx?oc=5,"Thu, 17 Sep 2026 15:38:35 GMT",2026-09-20T09:08:15+09:00
GoogleNews:コンビニ 新商品,コンビニ 新商品,【2026年9月第3週】アイス・コンビニアイスランキング1位はオハヨー BRULEE！新商品・急上昇商品まとめ - もぐナビ,https://news.google.com/rss/articles/CBMiZkFVX3lxTE9OcmE2R0NTSlZSdHpGUTEybzF2a2RsU3lhaDRzeVh0SUt5U2tHZGY2eDlsampiUXlGZzF2bGFhaUtkYXc4dWREVnV2Mmc5M2Y3aWJuay1qdUV2UWdUamlYSDdqRk9kQQ?oc=5,"Sat, 19 Sep 2026 06:11:29 GMT",2026-09-20T09:08:15+09:00
GoogleNews:コンビニ 新商品,コンビニ 新商品,韓国コンビニ最新Kデザート3選 - asahi.com,https://news.google.com/rss/articles/CBMiXEFVX3lxTE1tU3FwS0VjNWRWVWUtdHQ3ak16MzRRYkxTMi1FM3Uzbnc4ZURZSXhFNVliTzd4b3pVTGxfdmRBdFF4Q0R2WGMtRzItMWZLRkpHb1FfeHpPSlpqUG9I?oc=5,"Fri, 11 Sep 2026 07:00:00 GMT",2026-09-20T09:08:15+09:00
GoogleNews:コンビニ 新商品,コンビニ 新商品,【セブンイレブン】焼きたてピザがサイズアップ＆全品30円引き！お月見スイーツなど新商品10選【コンビニ】 - tokusengai.com,https://news.google.com/rss/articles/CBMiS0FVX3lxTFB3XzFiS1djQWVqaUNMT3FVaTVlanVORW5RbEVBdzZqUXF0T1Bkckx4VXl6LTBuRXJrdFh3cGZCc1hIT3ktbVNlb2lJSQ?oc=5,"Thu, 17 Sep 2026 05:41:42 GMT",2026-09-20T09:08:15+09:00
GoogleNews:コンビニ 新商品,コンビニ 新商品,ファミマ45周年記念！過去最多のコラボ商品が登場！ あの味だから、うまいの確定。 「ファミマとコラボ祭」9月1日（火）から開催 全15企業のお馴染みの味がパンやおむすびになって全18種類が大集結！ - family.co.jp,https://news.google.com/rss/articles/CBMid0FVX3lxTE11eEJ5SDlpcDFCWUUxTFFNSm4yQk1DOG1hc2NVcnVPRFU3Z3V6UmRMOFBjRGFhczBjUElFSDE4cDVUOTlpM2dzY2JiQ0NqYnpoREktYWlFUi1kV2ZGaE5YY2dIOU9YUXFoSVBEQ19Sd2o0Vi1zQTVZ?oc=5,"Mon, 31 Aug 2026 07:00:00 GMT",2026-09-20T09:08:15+09:00
GoogleNews:コンビニ 新商品,コンビニ 新商品,ファミリーマートの人気商品!! 食べ出すと止まらなくなる美味しさ「228円のカップ麺」を実食レポ（いぬきち） - エキスパート - news.yahoo.co.jp,https://news.google.com/rss/articles/CBMiiAFBVV95cUxPRllwbjBSdGx1djNPZmtaMjRjQmlLSEZmc1lQY2wzSFVuZElaR2hMSFcxWDZsaVhOTU1sWnlfUzJ1cUo3QWxVRWNldkRqamg4WkZmdnUxcmhSRzRMVWMxbnczTkFWZGhrdUhpMkEyTUZkVDcxTlo2TWxTbzc2NzhjNlpBWnBVbWRI?oc=5,"Wed, 16 Sep 2026 06:01:23 GMT",2026-09-20T09:08:15+09:00
GoogleNews:コンビニ 新商品,コンビニ 新商品,【2026年9月第3週】コンビニスイーツランキング1位はかぼちゃのモンブランプリン！秋新商品続々まとめ - もぐナビ,https://news.google.com/rss/articles/CBMiZkFVX3lxTE1Ed1ZvODZZN09sT2xvS3l6RWJHR2VCZmtVV01PazY3VWpwbWFJNUZLUF9VZm15N0lyZUxxYnlkMUtQNmpCTnkyYy1YdjEwSnRnbEJkLU5nemtyS1BHVDVMTjVKWUhQZw?oc=5,"Fri, 18 Sep 2026 01:07:38 GMT",2026-09-20T09:08:15+09:00
GoogleNews:コンビニ 新商品,コンビニ 新商品,【2026年9月第3週】コンビニおにぎり・コンビニ手巻寿司の新商品！新潟コシヒカリおむすびやサーモン寿司などまとめ - もぐナビ,https://news.google.com/rss/articles/CBMiYkFVX3lxTE5jaml2YkVaVWF0TTdyWkp4NHVGTDNVaFlaV1U4S0oxNkJBMVZfZGk1dXl3NXM5ZWF0ZWtBU3FnbGZGcXBPVEhWMlRWWW1UY2trY0kzZTB3d0lyc25SanhyYVVR?oc=5,"Wed, 16 Sep 2026 01:19:29 GMT",2026-09-20T09:08:15+09:00
GoogleNews:コンビニ 新商品,コンビニ 新商品,2026年8月コンビニ新作グルメが豪華すぎ！セブン「レモンもこ」・ファミマ東京ばな奈 - いこーよニュース,https://news.google.com/rss/articles/CBMiUkFVX3lxTE1INXBUYmJDdHkxb1VfZmRCRnVzYVpiRnRlY3k4WVhZWnQtNDZoU3FDNXpoS21NcklfeDlCSzBkb2NOejMtY1lxQ3pldHdNOTZVbWc?oc=5,"Tue, 18 Aug 2026 07:00:00 GMT",2026-09-20T09:08:15+09:00
GoogleNews:コンビニ 新商品,コンビニ 新商品,湖池屋から構想10年の新商品「金のポテト」 - 「いつでもどこでも揚げたてポテトの旨さが楽しめる」がコンセプト、コンビニやスーパーで発売 - マイナビニュース,https://news.google.com/rss/articles/CBMiXEFVX3lxTFBXdlNkRWNObVhILWFDLUxjVGlYVUdBeWU2VlBVZzUzUGZIc19GMUc1RUJtNVVuRDBvSlVjUkxYSzVsYzlWdWtrWnYzakRDUVBHV29QX0RVWk5sc2ZD?oc=5,"Fri, 18 Sep 2026 04:27:13 GMT",2026-09-20T09:08:15+09:00
GoogleNews:コンビニ 新商品,コンビニ 新商品,【2026年9月第3週】コンビニホットスナックの新商品！セブンおでん牛すじ串・こんにゃく・焼豆腐など まとめ - もぐナビ,https://news.google.com/rss/articles/CBMiYkFVX3lxTFBJRXlLWU1fb3JDak5uSDNfSlk5WFdaNGJDTWVqYXNEbWg4a0czVWdwSkJoaUdXNmg5cnZIM3Zod3oybHprazVGOVBncFNBT0hZemIyVE1tSHMxUmxnVy13am93?oc=5,"Wed, 16 Sep 2026 07:19:35 GMT",2026-09-20T09:08:15+09:00
GoogleNews:コンビニ 新商品,コンビニ 新商品,今週コンビニ行ったら要チェック！新商品＆得ワザ9選｜8月17日〜22日【随時更新】 - いこーよニュース,https://news.google.com/rss/articles/CBMiUkFVX3lxTFBKcFhXbTJhajhDZDB0OVBGbGZuODZTaklCNzJmeFM2X0VZLXVRRXJXM255Z2R4bWlQdG9MSkR4YlNlb3RFTUVTRGV3UmQ1b2NjR2c?oc=5,"Wed, 26 Aug 2026 07:00:00 GMT",2026-09-20T09:08:15+09:00
GoogleNews:コンビニ 新商品,コンビニ 新商品,【2026年9月第3週】コンビニドリンク・コンビニカップ飲料ランキング1位はライチ香るジャスミンティー！新商品・急上昇商品まとめ - もぐナビ,https://news.google.com/rss/articles/CBMiZkFVX3lxTE5uRlNaOV8xUG5OZlI3dDNKRXc0TGZrWFg0UXB0RzU5RWRZNmd6XzBCTGt5ZkY3ZTV4UXFyR0dKMDhVNHFpUzBmWldiUmV2VTloWlcwUFctdTV2UTdBcXJsaDA3NlBIdw?oc=5,"Fri, 18 Sep 2026 03:02:38 GMT",2026-09-20T09:08:15+09:00
GoogleNews:コンビニ 新商品,コンビニ 新商品,【8月25日～発売】セブン・ファミマ・ローソン新作スイーツ特集｜「北海道かぼちゃのモンブランプリン」・「白いティラミスクレープ」など注目デザートまとめ - entabe.jp,https://news.google.com/rss/articles/CBMigwFBVV95cUxNa3huVXVWVi1Ldk5SVEU1enotSEpFOXpnbGFKUFFvQkJOVHZGUk1Md3E5Y2kyYXNwcEFmNFZFLU9PN285a0NmdjktYVkyeHJTWXBsS2gxaWhZdlpvd0hUNEQxTVQ5a19WeGRjOEI5NUhkNEFoelB6WllocVNVSWp3blgxb9IBiAFBVV95cUxNRHJRUmJGMlU4Wm04SG43eDhKdktCZk9YWnNQc3BDTFZYRUxSVy03ZllOeGwya2NTR3dLal9LV2xsVVg0RHJCVVNDc1JFcFNrTXVUcXVKS0JHRHNjaURROVh3Mncwb21hX1RwSmliUy1lTlZlZjA0NE04Sm1lRWJFX1VkUUFZUjJI?oc=5,"Tue, 25 Aug 2026 07:00:00 GMT",2026-09-20T09:08:15+09:00
GoogleNews:コンビニ 新商品,コンビニ 新商品,【ファミマ新商品】8月25日発売の5品を実食！プロが選んだ「本当におすすめしたい」スイーツは？（なかべぇ） - エキスパート - news.yahoo.co.jp,https://news.google.com/rss/articles/CBMiiAFBVV95cUxPV2M4cVJIc3B3T2Vla3QyMXlyalFlcHo5TzctdnlNRjdmODh4Vk4ydzR3dGRPOGRvVWVkUFlXdmI4ODRIdkZtZWROWm1pTS1aaEtGYkV5Yk83TWxKUmhJXzZHS3JvQThrWS04Zk1fMGxfd0QtaDFJUFNydl9HUDFfN1BjX0lVMjFu?oc=5,"Tue, 25 Aug 2026 07:00:00 GMT",2026-09-20T09:08:15+09:00
GoogleNews:コンビニ 新商品,コンビニ 新商品,【2026年9月第3週】コンビニドーナツランキング1位はきなこドーナツ！セブン新作もちもちどーなつ3種も登場まとめ - もぐナビ,https://news.google.com/rss/articles/CBMiZkFVX3lxTE9VbzVVOFFpekQ2c1VtdWU3ZE1oLXZjaGZBbm9TblV2UDlDdEYzdHM3T0w4Y2RmWHotdUdYYmNNSlBjbVBUdVBVTEZjNWpMc0UtVWwtUER3Q2tsdmlHS1FER3BudDQ4dw?oc=5,"Fri, 18 Sep 2026 05:07:38 GMT",2026-09-20T09:08:15+09:00
GoogleNews:コンビニ 新商品,コンビニ 新商品,【セブンイレブン】焼きたてピザがサイズアップ＆全品30円引き！お月見スイーツなど新商品10選【コンビニ】 - 千葉テレビ放送株式会社,https://news.google.com/rss/articles/CBMiX0FVX3lxTE0xNmItM1NzSzVFcGh2LTRGNlNjUGNFOXhjQ2k4MWJFR0xXeW1Na2JDa3RrdEs2b3FYcDhjWE9jdkFaNjZ0VkFWMjhqamQ2eUtUWnZFVVl2cThicDNYZ0Zn?oc=5,"Mon, 14 Sep 2026 12:46:20 GMT",2026-09-20T09:08:15+09:00
GoogleNews:コンビニ 新商品,コンビニ 新商品,2026年8月25日(火)発売！ローソン研究所おすすめ「今週の注目商品」｜ローソン公式サイト - LAWSON,https://news.google.com/rss/articles/CBMia0FVX3lxTE9VZE01eHhHbHczLXJWMWZrbzRHZjYxeDRTaFBNQ0hpZXRJVUdUN1ZIazNPYnpBU1ZZc0tsZ1EtZWY2cHdHNWxSYWExUmZDZGJYS2VJcU5vM2kyWU82MnNjbkFPblBaODZ1Nm53?oc=5,"Tue, 25 Aug 2026 07:00:00 GMT",2026-09-20T09:08:15+09:00
GoogleNews:コンビニ 新商品,コンビニ 新商品,【コンビニ新商品】9月1日発売の気になる商品を実食！スイーツライターのおすすめは…？（なかべぇ） - エキスパート - news.yahoo.co.jp,https://news.google.com/rss/articles/CBMiiAFBVV95cUxQY1hqSEZzSGFJY2JLaUZwRjdPY2lXazBhYXpzZGp2MFZUT2otbzZvMGNGRUpDa0VWLWFTZ2tPS3Y2c2o2U3V3UWVHTEh1Z19ITFItRlhOU3ZfTjB5bUM1c3J6STNmSDJDeTBFSDV5U0s2RHpQeHV3OXRaLTkyYUdHaUhTcVlSS2tq?oc=5,"Tue, 01 Sep 2026 05:58:45 GMT",2026-09-20T09:08:15+09:00
GoogleNews:コンビニ 新商品,コンビニ 新商品,【これはスゴイ！まさかの仕様に驚嘆！】今週のコンビニスイーツランキング３（7月26日）（キャプテン福田） - エキスパート - news.yahoo.co.jp,https://news.google.com/rss/articles/CBMiiAFBVV95cUxQbFRTNzFRRjBULXRGandFdjBqZmlkVFFsRHdBU3hLdktsNHRPNU9PQmVTZHlDeW9lWjVvMTRBNG9IdnE5UGZ5bktzeWpGMTZ6Y2lXaWhBN2xkSUNKcHc2dFVoQUF1bl9oSlNLd05QeEVLQXJ1RXU2WWljNDJRZTR4bDBpQktTa05f?oc=5,"Sun, 26 Jul 2026 07:00:00 GMT",2026-09-20T09:08:15+09:00
GoogleNews:コンビニ 新商品,コンビニ 新商品,"累計販売数2,000万食を突破！ファミマの『超も～っちりパン』シリーズに “サクサク”の常識を覆すクロワッサンなど、いつものパンとひと味違う 驚きの“超も～っちり”食感の2商品が7月14日から発売！｜ニュースリリース - family.co.jp",https://news.google.com/rss/articles/CBMid0FVX3lxTE9vNUFGVVh4dDAzc0xwS0dnMVcwMERkT2pjeFlJb1huZ2NiNFk4UkV5NVZBd0NrTlR4WW1RVFZYNmMwOHFGM2VTckhtV1dRQUt3NVJwb1F0UTlEOEptU0VBeFpDQWVGZVR3MlVpY1BWNVZVV2RYTHVN?oc=5,"Fri, 10 Jul 2026 07:00:00 GMT",2026-09-20T09:08:15+09:00
GoogleNews:コンビニ 新商品,コンビニ 新商品,「コンビニ大手3社の月見商戦動向」今週のおすすめ9品【セブン・ローソン・ファミマ】 - tokusengai.com,https://news.google.com/rss/articles/CBMiS0FVX3lxTE9LVGkzWlplN3FHNDdCWnZCZHJzdjlmZ003bzk0amJqSVlheExkS0FiNnNmaFpfRV8yYTYza3oxSnctS29KcGtmWXBLZw?oc=5,"Tue, 08 Sep 2026 07:00:00 GMT",2026-09-20T09:08:15+09:00
GoogleNews:コンビニ 新商品,コンビニ 新商品,【大当たり出ました！これは美味すぎる！】今週のコンビニスイーツランキング３（6月21日）（キャプテン福田） - エキスパート - news.yahoo.co.jp,https://news.google.com/rss/articles/CBMiiAFBVV95cUxOcjRVZDlqNXRXU1d3a09SdzlCbi14SjgzVHlWUTRBWXlrY0JhWkszNkQwUEQwX3lERDkwaXViZmx1NUZ6QzdkbUI0M3lORnN3RXNIdkNCenVzWG1aY2hIemRHZnRubEFoM0JGQndYa01CdmdHb3JPM1lhYktXN0phSFl0VTRKaGF0?oc=5,"Sun, 21 Jun 2026 12:58:11 GMT",2026-09-20T09:08:15+09:00
GoogleNews:コンビニ 新商品,コンビニ 新商品,ファミマのシュークリームが進化！ ザクほろ・もちむにの“新食感シュー”2品が5月12日（火）発売！ スイーツ売上No.1※の“大人気シュー”もリニューアルして 絶品シュークリーム4品が大集（シュー）合！｜ニュースリリース - family.co.jp,https://news.google.com/rss/articles/CBMid0FVX3lxTE5EZHFEa1J1cGRSSG9Lc09JOUdHcGNmODlJSU02blUzZ3BhLVg0b0lhOXhaNjh2Q29WUGVUVFRwOGs4VXJJd0FwekhLLV9XVWhGNloyR25aV0RYVDkzV2tOWENGWWduR0VfcHR2WUMwbU5oMnR1djd3?oc=5,"Mon, 11 May 2026 07:00:00 GMT",2026-09-20T09:08:15+09:00
GoogleNews:コンビニ 新商品,コンビニ 新商品,【7月21日～発売】セブン・ファミマ・ローソン新作スイーツ特集｜「ドバイチョコ風サンド」「マンゴーパフェ」など注目デザートまとめ - entabe.jp,https://news.google.com/rss/articles/CBMigAFBVV95cUxOZVlyMUZ4U056Q0FIaVNzODBVUF9yS3RmLXRPNEVXTVl4MjFVQVdTblVJYzR0b3NkQ3JsaUphWE5HOWVJSXROZl9GUGR3ZGRRaHIxeGNzSGJZaUR2czQxaEZVMlNneVl4UDkxTFZrSWtZcEtUcjlIRms2X2ZkT2dxddIBhgFBVV95cUxPS2JrNlktUXdFdXllZld1WjQtZ0N4VVprNU10Q2F5eURUTF9ndjZyYmR4cEg0MWs4TC15clJPUHlsUmU1enhvMFZGaFlfOW1FeDdCem8xMEhxeXhCWWVGeTRsZlFNeVpYZ0JDRkVmRGNJMXZlaDdPaVpoQXRTeUVLRk1GZGU5Zw?oc=5,"Tue, 21 Jul 2026 07:00:00 GMT",2026-09-20T09:08:15+09:00
GoogleNews:コンビニ 新商品,コンビニ 新商品,コンビニ発のアパレルブランド「コンビニエンスウェア」 5周年を機に「Fami-FEST.2026」で初のペット用品への進出を発表 8月28日（金）から「秋の色」をテーマとした新商品が順次発売 - family.co.jp,https://news.google.com/rss/articles/CBMid0FVX3lxTE1ya3hWUlJFY1JhZElvZDMtZW4xQUwwT3ZPM3B4dV90d2pTOUxNZ3FSQlNYdzFrSWc4M0xuNExmMkRld1BWdEFsaDF0YTQ4cW4xLXNjUktFelZGYzFjYWh1eTc4SC1KUG1FcGlMcE9TMF9vVWloWE44?oc=5,"Fri, 28 Aug 2026 07:00:00 GMT",2026-09-20T09:08:15+09:00
GoogleNews:コンビニ 新商品,コンビニ 新商品,【2026年9月第2週】コンビニスイーツの新商品！なめらかエクレアや生カヌレスティックなど話題作まとめ - もぐナビ,https://news.google.com/rss/articles/CBMiYkFVX3lxTE9VVlJBR0ZCRGh5aHB0Z3hXNm9LVllVWTZabHJGQVdQTjBQcWFGUm0yUGxXcEFjZTlxd01HTTRvWGFjU3dYWGxCUzBiZkM2Tk5xQ3ZrQlVPOG9vZEVWdVdaRkln?oc=5,"Wed, 09 Sep 2026 07:00:00 GMT",2026-09-20T09:08:15+09:00
GoogleNews:コンビニ 新商品,コンビニ 新商品,【6月16日～発売】セブン・ファミマ・ローソン新作スイーツ特集｜しっとりビスケットサンド レアチーズ・「Afternoon Tea」監修シリーズなど注目デザートまとめ - entabe.jp,https://news.google.com/rss/articles/CBMigAFBVV95cUxPa3J0U0JkNmJBYVZCSnBkcDZ6RE81S1NnZTZwWi15cHgwWmdmdmJjOWp4aXpsMVVTbDliSHRrN1dna1BlTjdCZkFVcGh5d2EtbkMtUG10UWFqTExBdEZ5S1gxV1kxb2s0VXNsNjIxWm9iZkFRNXBhQzZGbkxwUXdqRdIBhgFBVV95cUxNNmJ6WGFKaWNhaVdTMHVpYkoyT0xHQm5JZGRVWUcweklxdHlYX0FsVXN1bTlDLVlnQ0JzaVNqWjR2ZEtuLUVBYlZqcmZkVHFYeDZBMnlFcWhIX2MyWnR0WUthQ1pZLW43SE5JaUcyeUhSUG1tRV9XVzZ6bnVuSVJvaFgwMlZDQQ?oc=5,"Tue, 16 Jun 2026 07:00:00 GMT",2026-09-20T09:08:15+09:00
GoogleNews:コンビニ 新商品,コンビニ 新商品,【8月18日～発売】セブン・ファミマ・ローソン新作スイーツ特集｜「東京ばな奈 もっちりクリームロール ダブルバナナ味」・「かじるホワイトチーズケーキ」など注目デザートまとめ - entabe.jp,https://news.google.com/rss/articles/CBMigwFBVV95cUxNdjAzamptWTN5aTFOb2NMN0NWRC1yZFlCS3oxSDIyTy1DcDNlT1BrOFdET09wbFk1eE5oYXItbms0SmlXcDBXLXlackNHMmtBbUtLazVmejNoS2t6S0ZhMUxUUG1POVVKMDBXWm05dXNsd2tRcFBCUkEyOUgySmJYRVpmWdIBiAFBVV95cUxPZ3RCMldJRmdTV0w3dGJwdFBqc2tnRW14WXY0aHVEWXlHUFA3dTJHWHZRU3hzWTRWdk1NZ1cwT1FuNFBma3dHeTJfNWpoYUFnQXJSQkYzYTNLMzZDRjJwb25UNEhwR1J5SUY1RWw5SEdPRXk5UjBqd2t5bGVobkVrM2Y0ZUpad1VV?oc=5,"Tue, 18 Aug 2026 07:00:00 GMT",2026-09-20T09:08:15+09:00
GoogleNews:コンビニ 新商品,コンビニ 新商品,2026年8月11日(火)発売！ローソン研究所おすすめ「今週のお酒注目商品」｜ローソン公式サイト - LAWSON,https://news.google.com/rss/articles/CBMia0FVX3lxTE9WVWZIeldxamF2YUM0VmJTZHFCWkVBWUNkRF9Ha1VWN1RpTTNRUm1YbU9iUVN5UTZ5ejVIU29xRndROWxPV05VN093VDdtSDh5RVNQeDd3OVA3T2dPR0hXbk1tRmNOQml5aXlr?oc=5,"Thu, 06 Aug 2026 07:00:00 GMT",2026-09-20T09:08:15+09:00
GoogleNews:コンビニ 新商品,コンビニ 新商品,【9月1日～発売】セブン-イレブン 新商品スイーツまとめ「お月見ロールケーキ」「7プレミアム おいものスフレ3号」など - entabe.jp,https://news.google.com/rss/articles/CBMid0FVX3lxTE9oMHlvZXluZHNJcEcyNVQyeVVkOVVjbHBPckNaN2JxX3kxU3I3UE1OWFNORVAybnhDZFljcGhUMDBvZzB1c0VhR2R3VjRRaDN0LVFZUURxTGJXeGtPUjYyVkozcnQ0TnFFRFN6RTYzTUtPY3VPTm9r0gF8QVVfeXFMT1ZLSzFTcEhXLUdBMDdaakFaX2xrbjVVY1ZuNXVLY0IyUExNYTFVS1JCNURJNUZwMzBEVWhuR1dUTlFtRWZucjRFM0w2N1pUMDZOTW9PQjJ6MUduYXE1ZjVuZ1dXWHIweHZSRUExOFVJMUp3RVlHV3ZTdFhxeQ?oc=5,"Wed, 26 Aug 2026 07:00:00 GMT",2026-09-20T09:08:15+09:00
GoogleNews:コンビニ 新商品,コンビニ 新商品,【2026年9月第1週】コンビニスイーツの新商品！アップルパイやお月見スイーツなどまとめ - もぐナビ,https://news.google.com/rss/articles/CBMiYkFVX3lxTE1KT1QtRzlnRkhqT2tIVElYaEFVajRCQjhjY09HcXhBaFo3N0FyQmZuWmdGa2VFVW51MFFjWEVKemo5NldqbnpRMTRieGczSVozMnFRaVNlc3pHQlR1SW9IUW5R?oc=5,"Wed, 02 Sep 2026 06:20:16 GMT",2026-09-20T09:08:15+09:00
GoogleNews:コンビニ 新商品,コンビニ 新商品,【2026年9月】新発売! セブンイレブンの注目新商品スイーツ5選 - マイナビニュース,https://news.google.com/rss/articles/CBMiXEFVX3lxTE1iSS1KNm41RC1leDVRcDZVV21peDFmbUV6c0NfM0p1eFlQNlo2N3VtNVdQWkU3cTA4Rm5tTFhBYVVwb1ZUajE0YjhDN09ONVJQcTAyQUt3aXFFSEtI?oc=5,"Mon, 31 Aug 2026 07:00:00 GMT",2026-09-20T09:08:15+09:00
GoogleNews:コンビニ 新商品,コンビニ 新商品,2026年9月1日(火)発売！ローソン研究所おすすめ「今週の注目商品」｜ローソン公式サイト - LAWSON,https://news.google.com/rss/articles/CBMia0FVX3lxTE9ZWHpKM2ZyazRlenBSWVRUeE5BNERDN3RUdS14Ukh3SXJqbV9YQ0xEeV9TMkxhS2Z3NWxGMWRONjR2YmJleGVfWElqSU9lcWVwNlJOM3dRRE1VT3RTSWtMS2FNdTFNcThYNzQ0?oc=5,"Fri, 28 Aug 2026 07:00:00 GMT",2026-09-20T09:08:15+09:00
GoogleNews:食　新商品,食　新商品,湖池屋、揚げたてポテト食感の新商品「金のポテト」 中食需要開拓 - 日本経済新聞,https://news.google.com/rss/articles/CBMibEFVX3lxTE95eURoR25qS280X2NqZS1uXzdSUm02dVZOaDhEVzk4U1NEcktPWGdONG9wR0dvN200Z25jVy1lNFFJQVAtZFkwd3Nya21Ia0ltY3otNmY0RC1EZDNhNWNfQU9ZMDBNdVBfSDFGSA?oc=5,"Thu, 17 Sep 2026 05:15:55 GMT",2026-09-20T09:08:21+09:00
GoogleNews:食　新商品,食　新商品,「美味しんぼ」“究極”の“食”アニメが復活―新作TVアニメが始動！「あたしンちNEXT」新エピソード制作も決定 - アニメ！アニメ！,https://news.google.com/rss/articles/CBMiYkFVX3lxTE1NM29haXRqTTZLUGQwV1RRVll6aEVKRGk4WlZHRlp2MkwtRXhMdGNHRnNEanE3VHBxRGp0QkVyc2lYbzAxQnhBMHRNM1RuQ1J4eURLczQwMV84UXR0NTJfZkxR?oc=5,"Sat, 19 Sep 2026 08:37:21 GMT",2026-09-20T09:08:21+09:00
GoogleNews:食　新商品,食　新商品,ULTORA、タンパク食ブランドに進化 食事から摂れる新商品拡充 - 日本ネット経済新聞,https://news.google.com/rss/articles/CBMiVkFVX3lxTE5sS3M5VHNMOWNZNGRBMTBrUlhoa1VYdXpjcUhocGw1di0xZENFOU5Qc3E4Rk9uZzlfLWhhei1qUW0xZ2dmRzNlUGktT1JHLUZYcU5LWkZB?oc=5,"Thu, 17 Sep 2026 23:33:30 GMT",2026-09-20T09:08:21+09:00
GoogleNews:食　新商品,食　新商品,『美味しんぼ』新作テレビアニメ制作決定 『新 美味しんぼ』始動「“究極”の“食”アニメここに復活！」 - オリコンニュース,https://news.google.com/rss/articles/CBMiVkFVX3lxTE9BcDFhTXlJNmdQZFVTREdkd2poMjhPcXhBYU1EczhBd0dVeUNvYTNwc3RUVFZQRi1RQW1Vd2owT0ZOaDh4TzhNazloeEJjQ2hUdXFvRk1n?oc=5,"Sat, 19 Sep 2026 06:47:00 GMT",2026-09-20T09:08:21+09:00
GoogleNews:食　新商品,食　新商品,【ファミリーマート】おやつ時間にぴったり！秋のおいも祭り新作3選「紅はるかのスイートポテトケーキ ～テリーヌ仕立て～」はねっとり食感がたまらない（LIMO） - news.yahoo.co.jp,https://news.google.com/rss/articles/CBMif0FVX3lxTE1ueWdPbm4wRDFDMlRnY1A1TV9mMU9iU045ME5aUVJhaHhpZnVMeWNteXpqUlhqem1ibWtINDNwY2RnT0k5MmNabzhyejVuSU54WHZBRl84WGJ6dVhEOENnTFpJaU9sd3J5RWVsVXJfcWI2MEcwdkpLWWlTWkZUQWc?oc=5,"Sat, 19 Sep 2026 16:25:58 GMT",2026-09-20T09:08:21+09:00
GoogleNews:食　新商品,食　新商品,こしあんとアイスだけ！セブン-イレブン限定の新商品を実食レビュー（進撃のグルメ） - エキスパート - news.yahoo.co.jp,https://news.google.com/rss/articles/CBMiiAFBVV95cUxPWFAwcUUta2djZnJFSzREMUF2RlVoTHgxYURtbWRrTXlpdmpWbWNNaTFPMjJSSW5CZU41REhXY0Q5ZXlIMWIyVk9CczVKb2dpUWlKRThDSWVKaWY3RkZtLUxFdTlWUXZCX3lLalpyV3F6YkN0X0xHX1p6TXg1V2txXzVJcWxIRFVN?oc=5,"Tue, 15 Sep 2026 07:38:23 GMT",2026-09-20T09:08:21+09:00
GoogleNews:食　新商品,食　新商品,スターバックス「630円の新商品」を飲んだ正直な感想（進撃のグルメ） - エキスパート - news.yahoo.co.jp,https://news.google.com/rss/articles/CBMiiAFBVV95cUxOaGpWNHE0MFFPTHpYYVpNSDU3endiLWNXRWJUTHBFWm4xTVowejdGblJCN01LbGtZQTB0LWVNRGFNLWczWGpfaVpxSHFEaGQ1ZzFOZC1FQ05ZRjhUQVdnZkROYUxNd3FBWW1lR1UxU1ZONW5vcmY0VkpIVHNRNUUwT1o0anhjMVdZ?oc=5,"Fri, 18 Sep 2026 06:29:47 GMT",2026-09-20T09:08:21+09:00
GoogleNews:食　新商品,食　新商品,【実食】ビアードパパ新作「渋皮栗のモンブランシュー」300円！香ばしい生地×栗の風味の秋限定シュー - news.yahoo.co.jp,https://news.google.com/rss/articles/CBMiiAFBVV95cUxORzVpNk50NGVlaWpVZjFtTDdfNVFycExSU0NrcnBOM1ZXbVI3V2M0Y3p3UU5ra29MdlhURXNNMHdfNmRZdlN2NFlYVmVJU3NteVpSWkt5bzNFOTBMdHZuaUxqY3g0aktsU0dkdDFJSGdYQzc4UnBZbjBEN1ZhTkEzLWp2MTlBWktw?oc=5,"Thu, 17 Sep 2026 04:59:47 GMT",2026-09-20T09:08:21+09:00
GoogleNews:食　新商品,食　新商品,【マクドナルド】話題の新商品に”本物”を追加した感想（進撃のグルメ） - エキスパート - news.yahoo.co.jp,https://news.google.com/rss/articles/CBMiiAFBVV95cUxNQkV0eXV6TTliSHN4eEVhdVhyVlNEUWx1VVlGT0d4RmdTQlc0RnlpNl84a2pEMzBzcm9JTjdsUkRrQVBWVTRTZHpyWkJKVEZfNW00WVZXUXdtWFNOYWRZMlNzUXBBMVRhVG53QklDY1pDNS1ISEdUU1RtdjRfQURxc2VLMXBxeE9U?oc=5,"Thu, 17 Sep 2026 00:47:55 GMT",2026-09-20T09:08:21+09:00
GoogleNews:食　新商品,食　新商品,ULTORA、タンパク食ブランドに進化 食事から摂れる新商品拡充 (日本ネット経済新聞) - news.yahoo.co.jp,https://news.google.com/rss/articles/CBMijgFBVV95cUxQREx2czZ3TnNtYlJTaGpwTVBZUzdLbDBWUUJaZDB1RXhKWDV3Uktyc1JiT0ZuYlplRFdMdnMxLW9Ec1BMQ0pyRm5QWXBPRXRSVmxCTEpsQjg5VjVJS0h4WV9YRDM0cU5MU0hEdlVVaU5CMFUxSXNYdjNNaUxoT1FhNTl4WXJGUjlTUlI0ck13?oc=5,"Fri, 18 Sep 2026 00:40:37 GMT",2026-09-20T09:08:21+09:00
GoogleNews:食　新商品,食　新商品,マクドナルドで「290円の新商品」を食べたら、個人的に少し悲しくなった（進撃のグルメ） - エキスパート - news.yahoo.co.jp,https://news.google.com/rss/articles/CBMiiAFBVV95cUxPRTJ6MXB1eDdEeTBlZTdxWFFubDFXc0M1bWdtTnBJNmtLd05lY281czRfd3FLRzYxZFBSRGNUTzJGLUFUNFE1NGRRVlNCRno5Y1FWLVoxRFNLTUk0MmpFcGM3bXZfR3c2TjhPeDRwLU9UaWhfMGFQd2dsNGcxZDluRXc1NEgtQkkx?oc=5,"Tue, 15 Sep 2026 21:38:48 GMT",2026-09-20T09:08:21+09:00
GoogleNews:食　新商品,食　新商品,食で「佐賀の良さ」を全国へ 鹿児島の高校生が伊万里梨使った新商品を考案【佐賀県】｜佐賀のニュース - サガテレビ,https://news.google.com/rss/articles/CBMiYkFVX3lxTE1JUjFQbmRFTmZhbkZFN2hUM3NncGNVdE9Ed3dRNENHSWFISzZKOXdLYkN1UTNOdlJteHl0LUdIQTV3bzNaRlFrNndQUncwNnNLaUpab0xlREFiSnVnTzNCSGpR?oc=5,"Mon, 14 Sep 2026 09:11:00 GMT",2026-09-20T09:08:21+09:00
GoogleNews:食　新商品,食　新商品,【ファミリーマート】秋のおいも新作3選。紅はるかのスイートポテトケーキはテリーヌ仕立てでねっとり食感 - LIMO | くらしとお金の経済メディア,https://news.google.com/rss/articles/CBMiTEFVX3lxTFBBVTRWYWhEeXdyZFMyUzVqeWpjSHR0QWwxRXlWaHROcUtLUHVIZ1ZMd0NNNWV5RGpVSFR0bTU4MUctRE9kZXBoX3lEa20?oc=5,"Sat, 19 Sep 2026 03:31:00 GMT",2026-09-20T09:08:21+09:00
GoogleNews:食　新商品,食　新商品,かつやが「大盛り無料」でお得！6日間限定「100円割引券」と併用可能 おすすめメニュー5種類まとめ - news.yahoo.co.jp,https://news.google.com/rss/articles/CBMiiAFBVV95cUxOdXlSU1p1RldsQXZfTXlSN0RRVWc2dnVqSDh6Vkx2ZzE5N3Bpbzlyd1lKSEk2ZnpRSjdQYTdncS04YkVkSVBLdXB3cTV5azFJWFdUYWVjWG82amdjQlp2V01rTlNpYXg0MWdzU2o2WlBNU1BRVXpoNDZjSzA2SkZ2TFlYb2hoUFBV?oc=5,"Thu, 17 Sep 2026 23:38:02 GMT",2026-09-20T09:08:21+09:00
GoogleNews:食　新商品,食　新商品,ケンタッキー「340円の新メニュー」を食べたら、個人的に少し悲しくなった（進撃のグルメ） - エキスパート - news.yahoo.co.jp,https://news.google.com/rss/articles/CBMiiAFBVV95cUxOeWh0cDJJRDhLUEQzWVJPQ3ExQlZMRnpRWHRSMGlkS1FCNlBSbG43VlVMMXNqTFlQNTZRdGVscUxKSkRZOVF3N0NLOXgxSTROM296RzlUalB5Mld2RDJvS0w1LTV3R3Iwa3lkWEZtWExBNHhoczFGYWpNdE1hNmdVMUxaQ0lDSGtq?oc=5,"Wed, 16 Sep 2026 12:36:30 GMT",2026-09-20T09:08:21+09:00
GoogleNews:食　新商品,食　新商品,【コストコ新商品】1食約40円！ほんのりイチゴが香る「NUTOソイプロテイン」（Life log） - エキスパート - news.yahoo.co.jp,https://news.google.com/rss/articles/CBMiiAFBVV95cUxQSW43TDlYOGc5bW15UVhaV2ZLRnllU2h0MjlIcXBQY1pqYi1sU0VrQzRveXVEUUF5bVBIaTBBd0M1NzFTdHRXTGJaLU55b1RFNE5fSFROQ0ZUZ29PS2paeUZuOUhKQWxBeWhlakdPSFlrVHFkZVdZS3FxMzMtNzRIMUdhZkgxeFBk?oc=5,"Tue, 15 Sep 2026 23:45:29 GMT",2026-09-20T09:08:21+09:00
GoogleNews:食　新商品,食　新商品,"【ファミマ】累計販売数2,900万食超のパンシリーズ新作、「も～っちり食感キーマカレーパン」登場 期間限定の10円引き企画も - 食品産業新聞社ニュースWEB",https://news.google.com/rss/articles/CBMiVkFVX3lxTE84Qm5aVFRSdlpMWkM1Tkx3SndqNGlidUxrQXhZY1lCcjR0VWtVNm9oZlNQTUFaQVVwWWhoWTh4a0x3d2l4LWtTM1NCUEdGR3llWVRaRzRn?oc=5,"Mon, 14 Sep 2026 02:59:15 GMT",2026-09-20T09:08:21+09:00
GoogleNews:食　新商品,食　新商品,マクドナルド「50円の新商品」を実食レビュー（進撃のグルメ） - エキスパート - news.yahoo.co.jp,https://news.google.com/rss/articles/CBMiiAFBVV95cUxQLWJSUDJQbFpHV3p6dzU2eTR5OGdYOXFBa3JMVDMzc3RKWmhab2JsajljejBXOVBINXVCcVRQWHpSVmU3TGw2S2pTTzFjd2VrUEp1LUdmYkZCZDZELWFmeU1PNlJZcGM2Q3hKX0lwZXp0UUhrdjNzQnB4Zk03R21zN2hocDBQa01h?oc=5,"Fri, 04 Sep 2026 07:00:00 GMT",2026-09-20T09:08:21+09:00
GoogleNews:食　新商品,食　新商品,【町田】SNSで話題の「たぶん…世界一小さいチョコレート工場」が東京初出店！チョコ＆おかきが勢ぞろい【注目商品5選】 - tetsudo-ch.com,https://news.google.com/rss/articles/CBMiTEFVX3lxTE01anBqREF1OWFoV1VMTWdUdUxnYWJ0a1Z0bUFKYm92ejliUGFHaHlQYTV0ZnNLR2VsQk1CMkwtbnFKSjU0X2hwNkRCNmQ?oc=5,"Fri, 18 Sep 2026 00:00:47 GMT",2026-09-20T09:08:21+09:00
GoogleNews:食　新商品,食　新商品,【実食レポ】行列店「兆徳」の玉子炒飯がご家庭で楽しめちゃう！？あっさり上品な「黄金炒飯」開発の裏側に迫る｜グルメとフード - tetsudo-ch.com,https://news.google.com/rss/articles/CBMiTEFVX3lxTFBqNnBuMnk0cDBoZEZhSzQ3UGtKTUppWWFHcnBCcXpwa2JEc000and1RzlmNWdrektvOG5ZMEZYYXpDdndKY2NoY0VLWGk?oc=5,"Tue, 15 Sep 2026 10:00:28 GMT",2026-09-20T09:08:21+09:00
GoogleNews:食　新商品,食　新商品,【実食レポ】ハーゲンダッツ新シリーズ「Classy Night」誕生 “香り”をテーマにした大人の夜に寄り添う2種を食べてみた - 山形新聞,https://news.google.com/rss/articles/CBMiZEFVX3lxTE00T2RFMTFLeC1QY2Jrb0Q3NWhRYnljVGRjTHFwZ29VeWp2U0R5a054X1dDdHZCak1mT0FWZ3hmcFZNSkJjLUs2ZGRWWHc1V202S0Q4SXM0NTF2Wkt6aHppdUQzQTc?oc=5,"Thu, 17 Sep 2026 07:25:00 GMT",2026-09-20T09:08:21+09:00
GoogleNews:食　新商品,食　新商品,長期保存食の新商品・リニューアル品を2026年10月より順次出荷 - アットプレス,https://news.google.com/rss/articles/CBMiTkFVX3lxTE1malNLNzJ6X3VIMG55NEdNRXZYT2ZlMHFxMWlZRFQ1WnRMalh0Tl8yYlhXZmdjcmx1b0FtN0VnWGtkTXhsQW1mc191djg1QQ?oc=5,"Tue, 01 Sep 2026 07:00:00 GMT",2026-09-20T09:08:21+09:00
GoogleNews:食　新商品,食　新商品,サンマルクカフェ秋の新作！初の月見メニュー「月見テリヤキつくね」などフード3種を発売【2026年9月～11月】｜グルメとフード - tetsudo-ch.com,https://news.google.com/rss/articles/CBMiTEFVX3lxTE5TZ3ZVdDg3c0lUX0ROVEU0SzhkQXF6dXJEWlprd19Ka1BuZWlXZ3c1Q2pQTG1QekRKN3EyWGFqZnkyZDlJVndieUNNMDk?oc=5,"Sun, 13 Sep 2026 20:00:54 GMT",2026-09-20T09:08:21+09:00
GoogleNews:食　新商品,食　新商品,【2026年9月】ビアードパパで販売中の新商品3種類 また食べたくなるおいしさ（進撃のグルメ） - エキスパート - news.yahoo.co.jp,https://news.google.com/rss/articles/CBMiiAFBVV95cUxQZjBxVTNYTXY5WkF2eDZTcUFPUmstbjJGVVBnd28weHRFWGdpa2hsd0t1T01vNWpxUlBwSjNDTl9ubnJxaWM1cy00aXRTTl9XSnZlc09lVFJLMENSSmVzQm1CTGpQbHV2bG04V3BhWGVkb0FncXJEUWlxUjVNa184MXhmbU5nMUdq?oc=5,"Fri, 11 Sep 2026 09:13:48 GMT",2026-09-20T09:08:21+09:00
GoogleNews:食　新商品,食　新商品,【新商品】“ふにっと濃厚”な新食感ソフトキャンディ『ミルクと練乳』が2026年9月14日(月)発売開始！ - フーズチャネル,https://news.google.com/rss/articles/CBMiVkFVX3lxTFAtQkl5RnJPa01hdlI4TlNtTi15X2RFR3o3V21xNFlUeVpQRnpJRnhMVVpEZU9Wd3B6RmE2Mk5BMDlpOHYxSkpoT2M2Qy1ZYkp2bHlHTXdR?oc=5,"Tue, 01 Sep 2026 07:00:00 GMT",2026-09-20T09:08:21+09:00
GoogleNews:食　新商品,食　新商品,ビアードパパ「話題の新商品（290円）」を実食 昨年完売続出の大ヒットシューが帰ってきた（進撃のグルメ） - エキスパート - news.yahoo.co.jp,https://news.google.com/rss/articles/CBMiiAFBVV95cUxQbUllMmEyenVhdklxNzB0Ny16M0lMT3FQYkhTZFlTOE1kajNDemxGTGoycDF3ZkFwVEFYN2IxT1AzS2hQblQ5U3EwM21OVGlCSTdBQUNyaVdXRm5CdkZlV0c4djVzYlRXa3l5cUtDSl9LMUJtRjlnN1loOU4teUhTbnlVUDg3ZVZO?oc=5,"Tue, 01 Sep 2026 07:00:00 GMT",2026-09-20T09:08:21+09:00
GoogleNews:食　新商品,食　新商品,『フジパンPREMIUM』から極上の食感を楽しむ新商品が２品発売 生クリーム仕立てのしっとり食感と加水率約90%のもっちり食感！｜お知らせ｜フジパン - フジパン,https://news.google.com/rss/articles/CBMiVEFVX3lxTE9pSV83WVhMb09wVFBjOE5IQS0xRlZCcDJIMWJCR0JNcUFTUFNQNTQ0WnZqNG5ZWW9iSThwU3NqazhlcWNiYlRaVFNLLUc0WUpoZEdROA?oc=5,"Tue, 25 Aug 2026 07:00:00 GMT",2026-09-20T09:08:21+09:00
GoogleNews:食　新商品,食　新商品,【秋の味覚】丹波のブランド栗「丹波栗」のほくほく食感と濃厚な甘みを味わう新商品 神戸・灘の誠味「栗ごはんの素」期間限定発売 - 神戸新聞,https://news.google.com/rss/articles/CBMicEFVX3lxTE1KeTU2bm00SDJLYXl1c3JyRjZsWVQwbU9SOXk4REVBY3FOblBMa3otLVdwbGRWbjZYYUFBakEweUF4TWduV3dBTXd6SGs5QTBZZ3RmRVo4LTBIRlBjMGotdnJPT3lmNXdtXzRxc0phZmo?oc=5,"Thu, 03 Sep 2026 07:00:00 GMT",2026-09-20T09:08:21+09:00
GoogleNews:食　新商品,食　新商品,ギンビス「しみチョココーンMASHIMASHI」など秋の新商品発売 シナモン香る新フレーバーやモンブラン味の「たべっ子どうぶつ」も - 食品産業新聞社ニュースWEB,https://news.google.com/rss/articles/CBMiTEFVX3lxTE85Nm15Ty0xZnJ0eHVFUmlTeW4wVFVDZThZQm54TXlsRDJKQndXcmZDSTB5WGtjSXVoeXhrUmllY0NYTG1tZnc3V29iUGc?oc=5,"Mon, 14 Sep 2026 04:59:26 GMT",2026-09-20T09:08:21+09:00
GoogleNews:食　新商品,食　新商品,2026年秋に新発売「コリコリきくちゃん」「とろける蜜芋」などが当たる！「秋の新商品プレゼントSNSキャンペーン」を開催 - ニコニコニュース,https://news.google.com/rss/articles/CBMiaEFVX3lxTE80UERpYy1sMmo5MXhLWnhQUnBjRGoxaW90UXFTLTI2Zkh2ZC1SNjZ0ZkFVMXZrbHZtemtHSDFnbklPZy00Z2YtMXRBWmxaTy03SFE0c182RUFSOUlqUTlCZzVPMy1lWERa?oc=5,"Fri, 18 Sep 2026 18:45:26 GMT",2026-09-20T09:08:21+09:00
GoogleNews:食　新商品,食　新商品,【実食】約20倍になった「パイの実」をファミリーマートで買ってみた（進撃のグルメ） - エキスパート - news.yahoo.co.jp,https://news.google.com/rss/articles/CBMiiAFBVV95cUxQdERfYWVmZ00zbmU1c3NYRjhkdFNUY2FkZFFpTV9rSkF4OVozMWw4VDFFOXBfdzZ5Z0hfZl9od0RxS1NISG1EWmJQQTlYa3puOGthaGVDN1hLZmZPOUIzNXRLeHRQZkE5dVZiT25hbjVGSzNrcllyUzVrNGp5UUlNYkppX1kwcnZ0?oc=5,"Tue, 01 Sep 2026 07:00:00 GMT",2026-09-20T09:08:21+09:00
GoogleNews:食　新商品,食　新商品,スターバックス「700円の新商品」を飲んだら、個人的に物足りなかった（進撃のグルメ） - エキスパート - news.yahoo.co.jp,https://news.google.com/rss/articles/CBMiiAFBVV95cUxNZDVuNHBIVDB5cWlYOTBGLWlRc0I0bG5BdGZVMkdzajVQbm1Pcm1OTWt3NkFZM0JNSmhFTnNzRDU1dFFFbV9fdXdUWDNFS0hJQkF6WlNXR3kzUURpblRoYlBnZkw3UXBtQU9CZUV2UGFGNFpMZkJnNUlQMmdwUGl5SGhqbXFMSUhx?oc=5,"Wed, 02 Sep 2026 07:00:00 GMT",2026-09-20T09:08:21+09:00
GoogleNews:食　新商品,食　新商品,ファミリーマートから新登場!! シンプルながら美味しい「321円の新商品」を実食レポ（いぬきち） - エキスパート - news.yahoo.co.jp,https://news.google.com/rss/articles/CBMiiAFBVV95cUxNd1VkRnA2b3d4ckV2N1lKMlJkOW1OREp4Y3hic0MzaUZCaE5wSXA2TGtCZDVzdGcxcjNueGN6SWtMdmptREJZWVZWWVI1WVZRMmZQcTRuaVNpblVNYlpPWHJyU1FTSVJoaHdtUVNOQ1ZVMUFBdTV0SzJPbWpnT1phSVZjM29HLWVz?oc=5,"Mon, 31 Aug 2026 07:00:00 GMT",2026-09-20T09:08:21+09:00
GoogleNews:食　新商品,食　新商品,【セブンイレブン スイーツ】ドーナツに新商品 「飽きるまで買う」との声も - grapee.jp,https://news.google.com/rss/articles/CBMiVEFVX3lxTE9JUERfczJ4b1pkbmFZR3V6TVNvclMzWHdpbXNZVFhzbXhhMzJZdTdnX0Q3dFJhQlNqRDF4Z1h0Zy1ScjdaU0lINGlkNjF2Nk11WUFtUw?oc=5,"Thu, 17 Sep 2026 17:46:47 GMT",2026-09-20T09:08:21+09:00
GoogleNews:食　新商品,食　新商品,ケンタッキー「390円の新メニュー」を食べた正直な感想（進撃のグルメ） - エキスパート - news.yahoo.co.jp,https://news.google.com/rss/articles/CBMiiAFBVV95cUxQdlhyelZ3VUtwUzRpbUNMclAxQWp0YnYwcDU4ZFpEd1JrNjEtUkc4c2tRZXdiSGFSS3R6bDF4SVZVZ3ZlakRLT3VEN3dwamtKdkhCRTVpY1l6dV9CTVlmVWFOQ1gxdmlhNDNYNlJld25oWkpYd0RiS2t2MkRmYWxmaVUtOVE0VXdL?oc=5,"Sat, 05 Sep 2026 07:00:00 GMT",2026-09-20T09:08:21+09:00
GoogleNews:食　新商品,食　新商品,■世にも珍しい「スティック×サンド型」！最後の一口まで“カリむち”が続くワンハンドスイーツ - family.co.jp,https://news.google.com/rss/articles/CBMid0FVX3lxTFBFaDFtaEhWTDJNUy04czB1cV90eXRPSVJha0FibmRVQ0FkWFRsaDlaWWZYSDlvWnhFVXdGZDlYUkJwWWhmM1hPWXlDLXpTTm5CUDREQTZIUWFQRW90UkhUVTlfMVVxSno0NlJyclRqbkkxamVka3Jz?oc=5,"Mon, 07 Sep 2026 07:00:00 GMT",2026-09-20T09:08:21+09:00
GoogleNews:食　新商品,食　新商品,【ファミマ】200円以下で買える、お得な新商品を実食レビュー（進撃のグルメ） - エキスパート - news.yahoo.co.jp,https://news.google.com/rss/articles/CBMiiAFBVV95cUxPenpKQ3VhWEJfNjdnTVZIdE03M1dEUXZtMmw2bmx1bE0zbG9kZ1VDaEFnOHdHdlMxQk5ldTR0Mkx5R01TdVhBbXYyNWJkMjJ3WFN2NE84OElTMjYydjJxT3B6WWNCSldIbFQ2dmtELW10V2ctY0pFazJwRGZHNzEwTkNjZkVzbmJn?oc=5,"Sat, 15 Aug 2026 07:00:00 GMT",2026-09-20T09:08:21+09:00
GoogleNews:食　新商品,食　新商品,【秋の味覚】丹波のブランド栗「丹波栗」のほくほく食感と濃厚な甘みを味わう新商品 神戸・灘の誠味「栗ごはんの素」期間限定発売 - フーズチャネル,https://news.google.com/rss/articles/CBMiVkFVX3lxTE91Q2Jxc25zckctUWt6TXd5WFJpTjVMdGIyWjFqRmkxOEFtT3RMdUVwTmVRQ3FsM0ZKRmdabVh5QlhtbWk3X3VKYURLeGlDVEVmV1p1bUtB?oc=5,"Thu, 03 Sep 2026 04:36:47 GMT",2026-09-20T09:08:21+09:00
GoogleNews:食　新商品,食　新商品,【今週発売】バンダイ食玩新商品全9種まとめ!「ちいかわ」わっふれ～む新作や『ガンダム』にふぉるめーしょんなど注目ラインアップ(2026年9月14日発売) - マイナビニュース,https://news.google.com/rss/articles/CBMiXkFVX3lxTFBHRzFuX1ZxWllfMmtDYVhUZlBXRWF0WkFyYUFyVXhGZWh0MkF4Mk80emhpaE9UZW00OUZ2dWw2OUUyMjVuM1lTUVlVM3dVYzJNaEk5NlNuSXoxM1FSM0E?oc=5,"Sun, 13 Sep 2026 08:35:44 GMT",2026-09-20T09:08:21+09:00
GoogleNews:食　新商品,食　新商品,ひかり味噌 2026年秋冬新商品発売 気分やシーンで選べるアソートタイプのスープ春雨『おいしさ選べるスープはるさめ 10食』に、人気の「麻辣湯」フレーバーが仲間入り！ - PR TIMES,https://news.google.com/rss/articles/CBMiakFVX3lxTE9zYkJnejJFRlFNVkwxSlRhNWtYQXpCTFhiWlJqN1JDMXZmVEkxN2hSS2RrenhscXpzNFl3OERMOUhFYXJfLXc4cnZTTloxUjI2Uk9VZEUzckZudmdTTHI2QzdsQUZYbms3d2c?oc=5,"Wed, 22 Jul 2026 07:00:00 GMT",2026-09-20T09:08:21+09:00
GoogleNews:食　新商品,食　新商品,【9月15日～発売】セブン-イレブン 新商品パンまとめ「7プレミアム ミルキー蒸しケーキ 2個入」「もちもち食感どーなつ きなこ」など - entabe.jp,https://news.google.com/rss/articles/CBMid0FVX3lxTE5uYjlVMUtYZ3NyeXh6WndWRFo3LXUtRnFxckxROXI5cDdscHBOYUhKdjZVNXBaWGhmVkp1LXBrekRvSHBoaXZXaXdqZjhDa1dxaGRqMzl6SHEwOE9SNjN0T0NEQWlVQ2UySHpmVDhtcm5NZ1FCbnpF0gF8QVVfeXFMT2R5V1pCM2xNdlVhSEY4QjcwUDNrNnd2U1h0Q2trQ2ZvdkFSZ1hHT05MbXdQS2t2RkF0X1BYak1vVmhFS3hPRWloUW1QbG5vX0wwcFFyYks5LXlKM3o3eWVLZ0M3ejE1eG0yNjNxVUgzN3hJREZ6NVlhcGRtVA?oc=5,"Thu, 10 Sep 2026 02:00:00 GMT",2026-09-20T09:08:21+09:00
GoogleNews:食　新商品,食　新商品,【今週発売】バンダイ食玩新商品全7種まとめ!「サンリオ」チョコボックスや「ちいかわ」スイングチャームなど注目ラインアップ(2026年9月7日発売) - マイナビニュース,https://news.google.com/rss/articles/CBMiXkFVX3lxTE1xakhES1pydVVIRTBOdU84RW1EbklvQ0YxbUM4bjYxUnVFbGlZS1IwN3l5RHR6Z1o1R2pNWWlNUVBJUE5janNhLUpQd09URWs3V0Z3RTZySHdMeVlYNUE?oc=5,"Sun, 06 Sep 2026 07:00:00 GMT",2026-09-20T09:08:21+09:00
GoogleNews:食　新商品,食　新商品,コンビニ先行発売「話題の新商品」を食べたら、個人的に中途半端だった（進撃のグルメ） - エキスパート - news.yahoo.co.jp,https://news.google.com/rss/articles/CBMiiAFBVV95cUxPR2Rja0xwbGFPcktFTlVDQzAwdkVwa3RsZ2lRbmllN1ZSWG5JaGFoQmV5NEpiNUpITUxMWFc4anhiUG02aVdhbVhpbzF3bWFoWkRyYmUyNkFsMEhjYVNINW54cF85YjZCTEJWV1dOdi1XbHdDSXVTUHQ3REFJY1lOdTNzVk42TWND?oc=5,"Tue, 25 Aug 2026 07:00:00 GMT",2026-09-20T09:08:21+09:00
GoogleNews:食　新商品,食　新商品,【the kindest 2026年春夏 新商品】子育て家族の“新生活の食の壁”に寄り添う乳幼児食を発売 - PR TIMES,https://news.google.com/rss/articles/CBMiakFVX3lxTE1OQUZhS2ljZlNpVzI3SFRPUU5tUXVpUzJTWmFKb0xRQWNkdnpiQWxDR0lpMVd5MUdsUHlzRXBUU053TXNrLU9ya0JJQ2FDdTJsTm13S3V2R2pBTXJVTG9IZDJpSHc4Q2g2clE?oc=5,"Fri, 27 Mar 2026 07:00:00 GMT",2026-09-20T09:08:21+09:00
GoogleNews:食　トレンド,食　トレンド,10/19【再配信】定量×定性で読み解く「食」トレンドの現在地と未来 ― 生活者の「潜在ニーズ」と「欲望の変化」から導く“次のヒットの兆し” - クロス・マーケティング,https://news.google.com/rss/articles/CBMiVEFVX3lxTE1LUE1oNnltamdXcFdpNFRMcFBmMkptWlVad09rd3k3MVpiZkY4RUdPTTVjaDFNTDdwYktENWtsc3ByNEIzbVFoenpNNmYyS1hWbHptVA?oc=5,"Wed, 16 Sep 2026 02:08:41 GMT",2026-09-20T09:08:23+09:00
GoogleNews:食　トレンド,食　トレンド,2026年上半期「食トレンドランキング」＆下半期「食トレンド予測」を『デリッシュキッチン』が発表！ - PR TIMES,https://news.google.com/rss/articles/CBMiakFVX3lxTE9venRmem0wY3ptejR1TkFHUERqbGdlWTV0SmFxcjlnN3ZoTnR3ZW1OUWs2TkVUclc1TGN2QTdNOWhHUWtOblc5NGViMmprSk9PQlBZTFB6M2hlRDQwcDJrUFJ4NmNURXloYXc?oc=5,"Thu, 18 Jun 2026 07:00:00 GMT",2026-09-20T09:08:23+09:00
GoogleNews:食　トレンド,食　トレンド,画像1 / 4＞2026年の食のトレンドは「Swicy」！アジア最大級の食品・飲料展「FOODEX JAPAN」が発表した3つのキーワード - ウォーカープラス,https://news.google.com/rss/articles/CBMibkFVX3lxTE41RVpBQnNiQzF5Z3V4N3JGSE1Fc0tLSU9nTWdaekRTTmQzZE1xd0FZYm9JeWlESUEzMjhXaVg3ckxFYS1WbGZUd1ZUNmFXZzVTMzJDM1FiTzdMaU1vRTh0VHFfaVJmQTdZdkI3X3VR?oc=5,"Tue, 15 Sep 2026 03:58:08 GMT",2026-09-20T09:08:23+09:00
GoogleNews:食　トレンド,食　トレンド,【最新グルメ】見てかわいい！食べておいしい！話題沸騰中…トレンド最先端“韓国グルメ”にフォーカス(静岡) - 日テレNEWS NNN,https://news.google.com/rss/articles/CBMihwFBVV95cUxNVlhLcWNLd1JQSVJmejlsV0pubEphcklCbm5OOFN3ZWE5UHpONUxTcUR6SVFLSEhYQnphWjFJcldRMk9EMDcxczAtUVYwWVhQeE1mMTFZb0g4TkI0NElvSVVSM09vUEZ6X3dKd1duazRETUZpaFN3UUd2UFViaTZPMXdzRjVEZ2s?oc=5,"Wed, 16 Sep 2026 08:44:00 GMT",2026-09-20T09:08:23+09:00
GoogleNews:食　トレンド,食　トレンド,“映える”食感トレンド、麺類は「ワシワシ」 スイーツは「ふわもち」 - xtrend.nikkei.com,https://news.google.com/rss/articles/CBMiZkFVX3lxTE1rMC1nZFk1UGZwT1g1MmxFc09vb01UWXBJSnJqZHZ0R2o0dC14azA4VVZzWDRNOU13ME5BT1ozczNvYXE0Wk5MbGJ6WWVtdXBtbmlULXZmT1BXeTZ4a1BsQmdJQzZkUQ?oc=5,"Mon, 14 Sep 2026 15:00:00 GMT",2026-09-20T09:08:23+09:00
GoogleNews:食　トレンド,食　トレンド,"""うまい""が確定！令和の食のトレンド「うま確」 物価高のいま、若者たちが食に求める「安心感」 - TBS NEWS DIG",https://news.google.com/rss/articles/CBMiV0FVX3lxTFBHOC1kNV9vTjdxUV9pREZpb0JJZ1hQYS1rQ3JsNkU5NmhFX2s1NE5ZZ2hvOWE0VWlPQk5lWVVZcVpaZ09HQmlkc21TWTB5WEo3YUpnXzFNYw?oc=5,"Fri, 11 Sep 2026 21:00:00 GMT",2026-09-20T09:08:23+09:00
GoogleNews:食　トレンド,食　トレンド,【ホテルグランヴィア大阪】2026年のトレンド「豆皿」で、少しずつ色々楽しむ和食ランチ 1日20食限定「豆皿と釜炊御膳 - ニコニコニュース,https://news.google.com/rss/articles/CBMiVEFVX3lxTE9xS09uUUl1TzUxRFp6V0xPSzl1NnN5WFNKb2tUcUphZkstN25saEJ0YnJvOXZTbFBXd2Z1V05IdzYyMExRTGV3NFNBeVFCUnVUSFdUQQ?oc=5,"Tue, 15 Sep 2026 15:15:36 GMT",2026-09-20T09:08:23+09:00
GoogleNews:食　トレンド,食　トレンド,"""うまい""が確定!令和の食のトレンド「うま確」 物価高のいま、若者たちが食に求める「安心感」 - アットエス",https://news.google.com/rss/articles/CBMiYEFVX3lxTE1QMGo5aDlwY1l6Z3hROXltSV9GY3hUTnNYM3pob0dIb0VQNm1tOWNPa25UX2FCa3d0MkZOUS1XSXNjRktpaV96OVZ4aUx2ZEIxSHVTbWxyV09pTUNBeTFueQ?oc=5,"Fri, 11 Sep 2026 21:10:00 GMT",2026-09-20T09:08:23+09:00
GoogleNews:食　トレンド,食　トレンド,【2026食トレンド】「一品完結型おにぎり」に約8割が関心あり。特別感やエンタメ性に加え、タイパ・コスパ重視のニーズも後押し - PR TIMES,https://news.google.com/rss/articles/CBMiakFVX3lxTE9QYS0xRGNIaE9FYmFrMWdyMmJBeHBjMEdpZ0NTQ3FVQ1ByY1oyTUpydmZ5Rk4wdlFBcGw0bUd4OEVocXZYY203ZUthMFV2bDdGdUpPZktXSkw4RUg4akNIUFRCbmJmZGNEMnc?oc=5,"Fri, 11 Sep 2026 02:00:02 GMT",2026-09-20T09:08:23+09:00
GoogleNews:食　トレンド,食　トレンド,次の食トレンドと注目商品が集う、「おいしい博覧会2026秋冬」を10月15日(木) 開催 - PR TIMES,https://news.google.com/rss/articles/CBMiakFVX3lxTE1yOWJZVWFuVmZCamlwV0RZaHhSYk13U0FqcEp2ci1qaXdsQm9qYkZCNEFta1hGT2hGRy1TY21Lb01sLTdIV1NFM2U2eWRycnh4eGVIc1ZiZVRDY1VzdlhLc0Z1UDRNRllGd0E?oc=5,"Fri, 21 Aug 2026 07:00:00 GMT",2026-09-20T09:08:23+09:00
GoogleNews:食　トレンド,食　トレンド,定量×定性で読み解く 「食」トレンドの現在地と未来 生活者の潜在ニーズと欲望の変化から導く次のヒットの兆し 2026年8月3日（月）14時～15時30分 無料オンライン共催セミナー - クロス・マーケティング,https://news.google.com/rss/articles/CBMiYEFVX3lxTE12dmJGNnhYTUtkbGhBWTdXQko0UnpmNHE1LXdWRThDaU1lVEQyVjRjZmZTTXpQa2NVejdldG90SlplMnB5RGcxX25qM1pvQlY2VDRfbktzYTVHeld1UUxGQw?oc=5,"Thu, 23 Jul 2026 07:00:00 GMT",2026-09-20T09:08:23+09:00
GoogleNews:食　トレンド,食　トレンド,"""うまい""が確定！令和の食のトレンド「うま確」 物価高のいま、若者たちが食に求める「安心感」 - TBS NEWS DIG",https://news.google.com/rss/articles/CBMiYEFVX3lxTE5ScFpDcFBCbFozS044UUtNd3B1a0huSnY4MkFNWW01SXNPb1pScE9fMzJ2M3A4VWpXbnhNb29JdUI3NzlodllUYk9JNUZMdEJkeE91NUdNLWZpMlVZeFFZVA?oc=5,"Fri, 11 Sep 2026 21:00:00 GMT",2026-09-20T09:08:23+09:00
GoogleNews:食　トレンド,食　トレンド,猛暑の夏、「軽め」と「刺激」の二極化が加速？味の素㈱、「2026年夏猛暑食トレンド」を発表暑さと気分で切り替える『夏のオン⇔オフ スイッチメシ』とは？ - PR TIMES,https://news.google.com/rss/articles/CBMiakFVX3lxTE0zUFpEeUVOVUxmVlJlU1NCMzJTUUlUZHYtREhtS3Y1bG8tNlJPUUJfV0R5b05USjJsS3k4Um1XQjlSWW8xeXhvekozdFY0QXBYZ2JqUkFMd1cyUm5BRE5RUkphdDdIR2RJUVE?oc=5,"Fri, 15 May 2026 07:00:00 GMT",2026-09-20T09:08:23+09:00
GoogleNews:食　トレンド,食　トレンド,X分析で判明、「もちもち」が国民的食感 データで見えた食品トレンド - xtrend.nikkei.com,https://news.google.com/rss/articles/CBMiZkFVX3lxTE9aemJOWkNvazJ6MGQtNDZRTEphNTlCMEFJaXNJUEstbWJUSGt2NXAtQjdqTVF4WHdHRm1FSjNfTDNtcGFmVTNER3lLbWlwcXpwNTFXbG1KZ1FRRktMLURUak1kMGtJZw?oc=5,"Sun, 13 Sep 2026 15:00:00 GMT",2026-09-20T09:08:23+09:00
GoogleNews:食　トレンド,食　トレンド,「2026年上半期トレンド料理ワード」から読み解く食品系SNS運用のためのマーケティングセミナー アーカイブ動画の配布開始 - PR TIMES,https://news.google.com/rss/articles/CBMiakFVX3lxTE56QUJ5M01LYmdPODBRLVRmOUM5TXdYNzZwQUtUXzdXUDU4SldHTzB1MmJBWXVEOXdhNDM2X212MmctdUdOSk5Gcmx0MGhQOFZfdm5WWU96UE9xSFFCRWZxSkU0aFJma2ZJU3c?oc=5,"Tue, 16 Jun 2026 07:00:00 GMT",2026-09-20T09:08:23+09:00
GoogleNews:食　トレンド,食　トレンド,クックパッド「食トレンド大賞2025・食トレンド予測2026」を発表 - PR TIMES,https://news.google.com/rss/articles/CBMiakFVX3lxTE8xdHRCeHliOFlnUm9LZmt3d2MxdlVORDNfYjFLc0NoV1lNZmlXdVVzVDEyWkpTVDRsYVMzN1g3NVJETEZYV0hLbTB1Wkk0R2laQURDWTR1WG5aS081OEk5azBjcG1keFhrM2c?oc=5,"Wed, 26 Nov 2025 08:00:00 GMT",2026-09-20T09:08:23+09:00
GoogleNews:食　トレンド,食　トレンド,月刊「食品 新製品トレンド」2026年7月号 ロングセラーが劇的アップデート 食感も味もコンセプトも新次元へ！ - 日本食糧新聞・電子版,https://news.google.com/rss/articles/CBMiaEFVX3lxTFBwbmlJR3F1Nk1LZWxRTUI2VWw5YkJvdng3aTdrZGlveGNuQXlQQkNvV1Q5RzMyczV5RlpGaVFITVpnWDFPaHdZTnE3aGtYVzJrcER5UWN1dXlOQVF3dTk2T2V0VUZDNG9r?oc=5,"Tue, 21 Jul 2026 07:00:00 GMT",2026-09-20T09:08:23+09:00
GoogleNews:食　トレンド,食　トレンド,【自由が丘】駅前に誕生した新ランドマーク♡「JIYUGAOKA MUSE SQUARE」を徹底取材！ - カワコレメディア,https://news.google.com/rss/articles/CBMiWEFVX3lxTFBUbVFuMXdBdk9GMEdzenh6enMyRmFMbE5reXJTTGlvdTUtWkI1VDF6WVlMcXhLS3EzQmc2RXhpWGlTRW5hZDhRN1pUdHlLeElSUFdOQk9xeU8?oc=5,"Thu, 17 Sep 2026 07:00:00 GMT",2026-09-20T09:08:23+09:00
GoogleNews:食　トレンド,食　トレンド,2025年 食のトレンドを振り返り ― 「自由」と「ノスタルジー」がキーワード - PR TIMES,https://news.google.com/rss/articles/CBMiakFVX3lxTE0xMFpZQ0lPbjJ6MVFsdDJRYnh2WTBZSTgxRGJlY2NrWDVLejhMQnUwazRmTTI1dXlUcWhKNmRBSi02V3U0XzY5LTRNSEMwSEtZN3pPMUVfQ1MzV0xwUy01Z3Y5cy1PUnlPUEE?oc=5,"Fri, 12 Dec 2025 08:00:00 GMT",2026-09-20T09:08:23+09:00
GoogleNews:食　トレンド,食　トレンド,内食・外食データが導く2026年夏の最適解！今年の夏はお家で「辛酸冷・麺」と外食で「酸辛香グルメ」 - PR TIMES,https://news.google.com/rss/articles/CBMiakFVX3lxTFBaZXlTN0RJaEktZW5aaGZZMzg3alJCcWl5T2tHS1EyUENlRjA4QVJ1U085QWd6blItNnVUbk9OVEY0eTNmYVlsc0RTVkM1bVRua2FaWFhoNXVyQUFzbTVfazNvajd0bFFmQmc?oc=5,"Tue, 21 Jul 2026 07:00:00 GMT",2026-09-20T09:08:23+09:00
GoogleNews:食　トレンド,食　トレンド,"食品の消費減税を機に5人に1人が「自宅で料理」を選択――「デリッシュキッチン」1,000人調査 - PR TIMES",https://news.google.com/rss/articles/CBMiakFVX3lxTE9YYlVSTXlQTmpSUW1vZHpXN2lBZk9RY0JaT2l4MUxzTFZBQ0NmODg0WnBFZkZOaU1Jc0U3VjRjNWRLR2pHV2czbnVtRjFMTHlqOU93NFZxWm9jZlB3bG83b0dtWW1URC0yX3c?oc=5,"Thu, 03 Sep 2026 07:00:00 GMT",2026-09-20T09:08:23+09:00
GoogleNews:食　トレンド,食　トレンド,今年の食トレンドは甘くて、辛い！？日本最速！「スワイシー」な味わいの「スワイシーブルダック炒め麺BIGカップ」を8月18日（火）より先行発売 - PR TIMES,https://news.google.com/rss/articles/CBMiakFVX3lxTE42SDNVT2k5LW42VGNwbG9XeHFTSDJVYzE0cGFQSk5KZ05yUFpFM0loTnV4aFFUR3haQ2pjWVM4NTkxNEJxR0I5bTF6WTV0Q2o1RVlGcWZ4STh2N3EwVzRtTWYxT1NrVE5TUmc?oc=5,"Wed, 12 Aug 2026 07:00:00 GMT",2026-09-20T09:08:23+09:00
GoogleNews:食　トレンド,食　トレンド,2026年の食のトレンドは「Swicy」！アジア最大級の食品・飲料展「FOODEX JAPAN」が発表した3つのキーワード - ウォーカープラス,https://news.google.com/rss/articles/CBMiVkFVX3lxTE1HcVhYRk85dXh4YURib2VFdzV4VVNUaFNweWFEY2M2U2NnY0VzUWczckNQWVpGdDJuZWt2S3hnMUtkbjBwWllXRVU4X2I4UktUUmJUaEt30gFbQVVfeXFMUGhjdUk1bkJYZGtKYWZkdGhXazlGaEs4Y2paM2ZGSjhGVTVrUzdLVF82bUFsOFl3bW9vNElIVHktNGJuSHdGWWZTM0k3SlprWi1VVjNWN3U0c2cxcw?oc=5,"Fri, 28 Aug 2026 07:00:00 GMT",2026-09-20T09:08:23+09:00
GoogleNews:食　トレンド,食　トレンド,2026年「猛暑グルメ™」は「酸辛香グルメ™」 - 株式会社ぐるなび,https://news.google.com/rss/articles/CBMiZEFVX3lxTE1lVzVlOXZoUXgwYm5qZmJwX3VBX0EzNXBxWTY0MWpFU096VWVWeUNVTjNzcURTRmNFU0NNb2FtdjJfd2tKZzA1Ujd4cGhRR0ZyN1lra1lpYzRtTWstb0lfQ2JWRFQ?oc=5,"Thu, 04 Jun 2026 07:00:00 GMT",2026-09-20T09:08:23+09:00
GoogleNews:食　トレンド,食　トレンド,大賞は「麻辣湯」！ゆる腸活から魔改造レシピまで2026年上半期トレンド料理ワード大賞＆注目5選を発表～キーワードは「味わうだけでなく楽しむ食のエンタメ化」～ | アイランド株式会社のプレスリリース - PR TIMES,https://news.google.com/rss/articles/CBMiakFVX3lxTE10M3RuQWJsYUhZRXZTZWk4eFBZbHBwNmdvdGU2anhBaFdFUlRqaEN1T1huTzFfSWxMc1hoMnlJUWVTLUg5NHVyZzd5YkJqd0lDT29EMlFNVTlybUczRHJLRmdUc2tVdUNaWVE?oc=5,"Thu, 04 Jun 2026 07:00:00 GMT",2026-09-20T09:08:23+09:00
GoogleNews:食　トレンド,食　トレンド,FOODEX JAPANで見つける、2026年の食のトレンドの兆し！甘辛の新味覚 “Swicy（スウィーシー）”スナックやまるでヨーグルトな進化系こんにゃく、氷の要らないかき氷機まで | 一般社団法人日本能率協会のプレスリリース - PR TIMES,https://news.google.com/rss/articles/CBMiakFVX3lxTE9xS0pZRFd0aVJub3F2THNBeHpIZEpNckVlVXAxMmJBclFhWnVjZ1BGYV94ckNlSjJpWkpmMi1aeUZ2UndXSXR5THUxWVAzMlNtM3hTem9jeGNMRDhOU0o2RXVNU1Q0MkRrQWc?oc=5,"Thu, 12 Mar 2026 07:00:00 GMT",2026-09-20T09:08:23+09:00
GoogleNews:食　トレンド,食　トレンド,【ミヨシ油脂】「2026年食のトレンド予測」第４弾、「餃子・焼売編」発表、餃子におけるリピート需要獲得のカギは「ジューシーさ」と「パリパリ食感」 - PR TIMES,https://news.google.com/rss/articles/CBMiakFVX3lxTE1kSTdEbHZpMEpsajUxZmw2NzE2UE5jc0NzN1dfMzVjUXM0WFJ6NzBqU3hOSnRnZERmXzlRSHVrSXhGLTU2M2JvbUgzM0JOT1N3OEJSbjhEMi1Oc1QyUnRGVUtHLW1JOG41Umc?oc=5,"Wed, 20 May 2026 07:00:00 GMT",2026-09-20T09:08:23+09:00
GoogleNews:食　トレンド,食　トレンド,クックパッド「食トレンド大賞2025・食トレンド予測2026」発表会レポート｜食トレンド大賞は「ワンプレートせいろ」 - PR TIMES,https://news.google.com/rss/articles/CBMiakFVX3lxTFBPUFRjaUZ2WHBhZXI0cVJ1VlNnS2VqMjNNaVJwZ3Zxd2l5eDBQa1p0UnQxNlNuMThIemxRRF9OSzFmMlBiVms3SlY1SkQtMmlhc1BzZFo2OWZEXzhvTHZHcWN1RXBIdU1RMXc?oc=5,"Thu, 04 Dec 2025 08:00:00 GMT",2026-09-20T09:08:23+09:00
GoogleNews:食　トレンド,食　トレンド,2026食トレンド「コンボケア」をバーで最速実装 オーセンティックバーが提案する新習慣 「ゼブラ飲みキャンペーン」2026年7月1日開始 | 株式会社ティグリス - アットプレス,https://news.google.com/rss/articles/CBMiTkFVX3lxTE5EeVVlUVdOeGFMSW1ROVd1enhTQnBEZ3dyWFVaSEp4MFdpVUszb1pkREVjeC1xYXhUUDZqYTViSWpldm1TMjZieUE4c0pidw?oc=5,"Mon, 15 Jun 2026 07:00:00 GMT",2026-09-20T09:08:23+09:00
GoogleNews:食　トレンド,食　トレンド,海外市場の現場で集めた食トレンド10年分を学習した食の特化型AI「FOODIAL AI」を正式ローンチ。生成AIでは辿り着けない具体性のある回答を商品開発のヒントに！ - PR TIMES,https://news.google.com/rss/articles/CBMiakFVX3lxTE5mNG91cDNkLXVjSkJKWkJ6MldhN0lmWVNlNjJQVzFXLUJfb3FNQjJwVEtPVVphVnNINEIxQjF2R3dESTVJUU1veWZXa3ZvSnZHY0M0QmNadzNCVWxDVnU5dVkyTVZqa1JCaFE?oc=5,"Wed, 25 Feb 2026 08:00:00 GMT",2026-09-20T09:08:23+09:00
GoogleNews:食　トレンド,食　トレンド,「2026夏の猛暑食トレンド」予測を「味の素」が発表！ 「麻辣湯」レシピ検索が右肩上がり、エスニックブームが猛暑の食卓を変える?! - HugKum,https://news.google.com/rss/articles/CBMiQkFVX3lxTFBBQ2hwSE5BRm1zU0hnSU5KbnQ1ak1qRnJoU1hQTUJScEpxOWctcEFJX3lSTnhmbEQ3SDhiVXdxLXJCQQ?oc=5,"Sun, 31 May 2026 02:03:52 GMT",2026-09-20T09:08:23+09:00
GoogleNews:食　トレンド,食　トレンド,１回の食事で様々な食感「サクもち」や「パリとろ」がトレンド “ハイブリット食感”の食事に注目！ - news.yahoo.co.jp,https://news.google.com/rss/articles/CBMif0FVX3lxTE5lTWNEUVhpOEUyd1BSWm1vbXhiSjdVVWF6YUNTVkg0bFRUMXhsSmFWNG5SN0FfVy1MamlMX3lsVXlMUXU4U1l6d1JPNTRKUmlNaXNMQ1pVaU5ueFVpSEFTTnUzSkdzY3BBY1lhcHJhUjFWc0VOajJOd29TeXM2bUE?oc=5,"Wed, 15 Jul 2026 07:00:00 GMT",2026-09-20T09:08:23+09:00
GoogleNews:食　トレンド,食　トレンド,クックパッド食トレンド大賞2025『今年の顔』を発表 - PR TIMES,https://news.google.com/rss/articles/CBMiakFVX3lxTFBNZV9FUC0taGRnV0N5bGtaQUpBWFF6dXM5bVptWmZpTm9nRUFJZlhVZTZYdGpyc3JmSk9OMHM0MTB3TUtKX1J4OC1Nc00tZHdUQU8xLWVic042bG50ZjhmN3hKWENGY2FDUHc?oc=5,"Wed, 26 Nov 2025 08:00:00 GMT",2026-09-20T09:08:23+09:00
GoogleNews:食　トレンド,食　トレンド,"2026年上半期""食トレンド""ランキング1位は「冷凍ストック」! 下半期は「直パケレシピ」「ネオ厚揚げ」「ドリンク調味料レシピ」がブームに? - マイナビニュース",https://news.google.com/rss/articles/CBMiXEFVX3lxTFBYWlg5ZG9SQ2JDZk1LMVhjR0U0N3Z3NFhIVnQ0OE1ienowM25nV3hRbjRGZ2t1Y3BwbzhUUS1Yc0JtZkkwaW92czlNMGhGWUFzV3ZsUXk3WS1IbEc3?oc=5,"Fri, 19 Jun 2026 07:00:00 GMT",2026-09-20T09:08:23+09:00
GoogleNews:食　トレンド,食　トレンド,2026年秋冬の食のトレンドとは？99品から選ばれた新商品グランプリ結果発表 - Koubo,https://news.google.com/rss/articles/CBMiRkFVX3lxTE5nQndhR1d0dW8yU3pRLWxxVDVoSVFFenktZFRaYy1rdENQTGJjZ0NwUUlHTDNtclZEakYxbW9ZbThpQzdSdWc?oc=5,"Fri, 28 Aug 2026 07:00:00 GMT",2026-09-20T09:08:23+09:00
GoogleNews:食　トレンド,食　トレンド,2026年「食トレンド予測」を『デリッシュキッチン』が発表！次にくるのは「AIフード」「進化系こんにゃく」「指定野菜 ブロッコリー」？！ - PR TIMES,https://news.google.com/rss/articles/CBMiakFVX3lxTE5GUEFXS2tySk1sUHc3NFI1b2NuT0g2ZnBHT2xzcXU0NTNSUnRqRFd1d1F3U05LWVB1dm1tQ2FSNElJNEtxbE5hejdraFQzNGJfX0paNFJnWldaTjQtZlJ2SW52MTFxcXctZWc?oc=5,"Thu, 27 Nov 2025 08:00:00 GMT",2026-09-20T09:08:23+09:00
GoogleNews:食　トレンド,食　トレンド,【2026食トレンド】「一品完結型おにぎり」に約8割が関心あり。特別感やエンタメ性に加え、タイパ・コスパ重視のニーズも後押し - Mantan Web,https://news.google.com/rss/articles/CBMiiAFBVV95cUxQQWtYWG9jREVDaVM0X3hnVGM5SzJnX080cW1zd0hCZW1ScC1Pb0k1SmxfdlE1SVVSa1NHc01vd2FnVm5FYVpjdk1ZTWMwbVNBcG4yMXJwTXNMYnM2YnJ0V2J4VjRYZmlaOHBiTlBVQmY3YVdjZXVHZ0h1YzVyTk9hMUJwcFExVnVx?oc=5,"Fri, 11 Sep 2026 07:00:00 GMT",2026-09-20T09:08:23+09:00
GoogleNews:食　トレンド,食　トレンド,【15～29歳の若者600人に調査（2026年）】Z世代のグルメやアイドルなどのトレンドは？これから流行るもの「AIイラスト」「日本三國」「伊能忠敬界隈」がTOP3 - PR TIMES,https://news.google.com/rss/articles/CBMiakFVX3lxTE5TY2IzT1NEcFN6dW1DVXJBUU5EdW51Y3FDcUgwWHBYdnVCNy1HZGhucDhMcHJNbS1PNjhkMkZydmNMX1VqeHlLWU1IZEFMNldlbV9SMy1ENXo1U0tIajZ4NjdTYTFRck93elE?oc=5,"Fri, 24 Jul 2026 07:00:00 GMT",2026-09-20T09:08:23+09:00
GoogleNews:食　トレンド,食　トレンド,"【2026年上半期トレンド調査】""平成ブーム""がさらに加速。Z世代116名が選ぶ美容・キャラクター・食・楽曲・カルチャーの5部門トレンドを発表 - PR TIMES",https://news.google.com/rss/articles/CBMiakFVX3lxTE9jbkt3QzVybzBvVy1IY2syVGRwMWI2WVJhRFZpSExUVXZDZnl0emFvWU9CWFlWcXJIWGh5b2FfUlQwZmR3cl9uQWNoQnFwNURaZWZvakpIY3lRTDlOckx1U1NIOG9SMHNpZ0E?oc=5,"Tue, 14 Jul 2026 07:00:00 GMT",2026-09-20T09:08:23+09:00
GoogleNews:食　トレンド,食　トレンド,"""うまい""が確定！令和の食のトレンド「うま確」 物価高のいま、若者たちが食に求める「安心感」 - ｄメニューニュース",https://news.google.com/rss/articles/CBMieEFVX3lxTFBZNTBELXRCRy1iXzZ4TVVubXZYQVlJNzFlbXFsS0RjcFFkMTU0UWNqUGl3eUcxOGlYVFVITXhSNkNFTlFvWUJFUFJnR05SVHQwYXlsdElPdU1Lbk1VZTB4ZkZZdTU4XzVuaWdXUWp2UFB4bWRlX2c3YdIBdEFVX3lxTE5STVhpR0pmenJKMThuY0l1Mm1ubkxIOHgtdGdGV2dmMDdrY0hGeVdUY2ZEQ05JZ0p1aFpLZVZ6NTdhYWhwd1VLalptVXFEcFRrOXV1aFI4eFlxV1NXeGNXajltUmVJc1RzV0pyYzdwUDM5UlFE?oc=5,"Fri, 11 Sep 2026 21:00:00 GMT",2026-09-20T09:08:23+09:00
GoogleNews:食　トレンド,食　トレンド,「クラシル」が2025年の食トレンド分析結果を発表 「時短・手軽・健康」がより強く求められた一年に - PR TIMES,https://news.google.com/rss/articles/CBMiakFVX3lxTE9SaHFIRHo0eWpCZHFTWVR3THZGc2tLa2k0dkl4TDRtRjdGOTZSR3B4cy1VUTNwZ0xyaDBfOE95M19EcUFhVm5Pd0puSWp1dnIweDJfN3lwY3c5NzZnTUo2RFMwdmo4Wm5fR1E?oc=5,"Tue, 16 Dec 2025 08:00:00 GMT",2026-09-20T09:08:23+09:00
GoogleNews:食　トレンド,食　トレンド,次の食トレンドと注目商品が集う、「おいしい博覧会2026秋冬」を10月15日(木) 開催 - 時事ドットコム,https://news.google.com/rss/articles/CBMia0FVX3lxTE5VX3dyYzVFRm9MQ2tsSk5FTVdWazVaX3hZN2UyZmRUbHNIaERYUngybTl4Mm8zZVR6TTF6bHdQR2ZJTmEybGZLSzlBRTRkRHdsTlpscmo0STMwZDBIdUhJWHg1SHdKTFJFTTRz?oc=5,"Fri, 21 Aug 2026 07:00:00 GMT",2026-09-20T09:08:23+09:00
GoogleNews:食　トレンド,食　トレンド,【ミヨシ油脂】「2026年食のトレンド予測・ハンバーグ編」発表、リピート購入を促すのは「ジューシー食感」、購買層に合わせたソースの味選びもポイント - PR TIMES,https://news.google.com/rss/articles/CBMiakFVX3lxTE1zcHZRVTQzeHByV3BRaGgwZWk3eVAzVmdUalA0NzFwaEpHa1ZlUnFERE12dERFM0F3LTVvOVhrMDh2MzFRWDJYVm1QZG42ZkxBVGxFSTBpTlZLVGdaSDhpMDNsMU5IY0VKdkE?oc=5,"Fri, 27 Mar 2026 07:00:00 GMT",2026-09-20T09:08:23+09:00
GoogleNews:食　トレンド,食　トレンド,次の食トレンドを予測、「おいしい博覧会2026秋冬」10月15日開催 - Koubo,https://news.google.com/rss/articles/CBMiRkFVX3lxTE9kZDcxWjFPNjFDYy1UU0hqcFl2MEVSVG4wN3lYVktoaHF3cUx3WGxvcHZjVl81MTl4YXBpQ1hjUzNvek1WaHc?oc=5,"Sat, 22 Aug 2026 07:00:00 GMT",2026-09-20T09:08:23+09:00
GoogleNews:食　トレンド,食　トレンド,今年のFOODEXが予想するトレンドキーワードを発表！アジア最大級の食品・飲料展示会「FOODEX JAPAN 2026」 3月10日(火)より開催 - PR TIMES,https://news.google.com/rss/articles/CBMiakFVX3lxTE1vRHpaaDFrUlNpSUxSa0dOWVpZVURKZWx5Z3k0bXVnUFNrUHFucTdyMWkxejFpcUI2TGxLcEpnZlJqMXNKRTYtTDZMT3phc1JRZFhQZktMZmpnYmJPYmxkdXlrRTI4bXpZOFE?oc=5,"Tue, 03 Mar 2026 08:00:00 GMT",2026-09-20T09:08:23+09:00
GoogleNews:食　トレンド,食　トレンド,ゴーヤ鍋と、市内で流行している「健康食」トレンド。 - Vietnam.vn,https://news.google.com/rss/articles/CBMigAFBVV95cUxQUTFFbjNYQml4V2xlRXh4SnVYb3ZHckJZenQ0TjZMRl9Icmk3VTVSa3p0T3d6UWU5U1RiV2N1T1hxbTFsSEFKMV9oTGNfb2phUmtzamVhQTh0eF9uZmRFRHR3RFZscnZYRzhQNkN1RnRieFNKS2QxYmttdGljTjVYdg?oc=5,"Thu, 03 Sep 2026 07:00:00 GMT",2026-09-20T09:08:23+09:00
GoogleNews:食　トレンド,食　トレンド,【味の素】2026年夏の食トレンド「オン・オフを切り替えるスイッチメシ」とは? - 猛暑を乗り切る異国料理や火や油を使わないメニューを提案 - マイナビニュース,https://news.google.com/rss/articles/CBMiXEFVX3lxTE02WmtKU25PelVTdE5uLVJ6clpfOFkySm9ycXh3WXRNTjA1aUFISExpdkpEWGdoaGlNSHlHTGd1bDEtWTlxY3ZPcDR6Q3FqTjVjYlpmalhnRGxjMGVz?oc=5,"Mon, 18 May 2026 07:00:00 GMT",2026-09-20T09:08:23+09:00
GoogleNews:食　トレンド,食　トレンド,【食のトレンド｜2025年振り返り・2026年予測】来年は、節約冷凍テク・深まる健康志向・海外グルメの内食化で家庭の食卓が進化 - PR TIMES,https://news.google.com/rss/articles/CBMiakFVX3lxTE9Ec3lPNmVIeUNtNnZ6SmxYbldQTTlKUk85VC1Nem1Va3RFWkV4Y2x6ZU9sMWVMNmUwM3psTldwMW9CS0ZrMnFGOE5PZ0pQRGlYQzRGLU1PQ3daNFJrSG1RbXdMZV8xYXZySFE?oc=5,"Fri, 28 Nov 2025 08:00:00 GMT",2026-09-20T09:08:23+09:00
GoogleNews:食　トレンド,食　トレンド,次の食トレンドと注目商品が集う、「おいしい博覧会2026秋冬」を10月15日(木) 開催｜Infoseekニュース - Infoseek,https://news.google.com/rss/articles/CBMickFVX3lxTE56clh1TnRISUVUVnVRUXlPenR6TUNCMlFpS3JnSk5UTWVVRjVkSXhuWkdPdG9pZDY1c3huWHNmWEpkaXpKSXRRSll3ZTdUem14dWo0NGEtc3pVcllaVXNYUzdUODZPVHVEc3Q2cG5RTkxoZw?oc=5,"Fri, 21 Aug 2026 07:00:00 GMT",2026-09-20T09:08:23+09:00
GoogleNews:食　トレンド,食　トレンド,【味の素】今夏「猛暑食トレンド」 調理工程・味わい軽い 「オフ飯」＆刺激的・満足感「オン飯」のスイッチ - オトナンサー,https://news.google.com/rss/articles/CBMiSkFVX3lxTE5Da3JHUGd5M1h1bHVwZlFkeUJhOEFZX1NCVzZWV3R3Q3R1MjFsZjI2WDJsMUprWW9SWGp4R3JfcW5jQWpCb3VsenVB?oc=5,"Sun, 17 May 2026 07:00:00 GMT",2026-09-20T09:08:23+09:00
GoogleNews:食　トレンド,食　トレンド,夏の相棒「そうめん」も“生”がトレンド？モチモチ食感がクセに 個性豊かなアレンジ術も【Nスタ】 - TBS NEWS DIG,https://news.google.com/rss/articles/CBMiV0FVX3lxTE9ydzk4VzFzM0hSSDRFWHNvNURhR0VHbkdDYXc4cHFKbmMzYXU2N2tyQnJ0VGN1cXY2ZllkSmhiQ1RjS1NjTjNGaVVXZWZ4WXdsOWt3TUE4WQ?oc=5,"Mon, 18 May 2026 07:00:00 GMT",2026-09-20T09:08:23+09:00
GoogleNews:食　トレンド,食　トレンド,【食のトレンド｜2025年振り返り・2026年予測】来年は、節約冷凍テク・深まる健康志向・海外グルメの内食化で家庭の食卓が進化 - フーズチャネル,https://news.google.com/rss/articles/CBMiVkFVX3lxTE1XWGVVYmxiSXE0SVp2OXkwXzE5d05SUzF4VW82WTczWG82MzV3b3F5UzI2T05pU002S1d5dHQ2d2NUVTYwNmZBc2V4SUo2dGRUMFdvcFd3?oc=5,"Fri, 28 Nov 2025 08:00:00 GMT",2026-09-20T09:08:23+09:00
GoogleNews:食　トレンド,食　トレンド,トレンドトラッカー：ゼリースティック、「食は薬」の概念、グリコのインサイト - foodnavigator.com,https://news.google.com/rss/articles/CBMiggFBVV95cUxQaVVtZVhVWjlNdDBqdEFTa2tWbWpaU0lNRmJBQ2xFTW5rSUxWdGZ5bFFtQWU0MFNfN0xnS3QwaVpTSl9VV3NIc1pobmhPaTZkQk1McjNMQXdrblN2ZkpuX1RZcUppS09XaEFmNWhaanhNWE9pRTc5dUQ5Y0FkZHJpMC1n?oc=5,"Sat, 13 Jun 2026 07:00:00 GMT",2026-09-20T09:08:23+09:00
GoogleNews:食　トレンド,食　トレンド,中国で大ブーム！食べて健康になる薬食同源（やくしょくどうげん）と最新トレンド - manamina.valuesccg.com,https://news.google.com/rss/articles/CBMiV0FVX3lxTFBMcGQtVDAybXNXVTFQY3VEY1l5Y3Q5d040WEFjQnRBVXVDVnRLRTF5UlhubDdJZUhINlotQmFkLUZJMDlITEtjNy1MY2tnaGdreEw0VnljVQ?oc=5,"Fri, 19 Jun 2026 07:00:00 GMT",2026-09-20T09:08:23+09:00
GoogleNews:食　トレンド,食　トレンド,食のトレンドは「手軽＋日々の健康」がキーワード！手軽に健康を意識した料理で自分を労わる、新たな食のスタイルに注目 - TOKYO MX,https://news.google.com/rss/articles/CBMibkFVX3lxTE12cm81bEFYRVg0ZnhOdnU5U2Rtd3FVSkpDWGF2cngtbXc0Z1FNdTNualRNeEVHQkJDYlZqSm1DWjVIOFptRVJhRGpxbEN6cF8zWGF0SGVsXzhFdGh5ZVhlZ2pDclY4ZUVHb3p1VXlB?oc=5,"Thu, 29 Jan 2026 08:00:00 GMT",2026-09-20T09:08:23+09:00
GoogleNews:食　トレンド,食　トレンド,"小さな贅沢がたくさん…2026年トレンドグルメ「豆皿定食」ナゼ人気？【THE TIME,】 - TBS NEWS DIG",https://news.google.com/rss/articles/CBMiV0FVX3lxTE5mUmxFa3RmeWk2MWtUTHZ6TmdITXVOdXV0dk0wVFNtdWJ5d2cyUjYzQlhHQzlZTmh1Q1AzcElKM3RwWldycC1rMnFZZ0MxQ3hDMXRCQ3FROA?oc=5,"Tue, 19 May 2026 07:00:00 GMT",2026-09-20T09:08:23+09:00
GoogleNews:食　トレンド,食　トレンド,ヨーカドーの冷食ポッポが好調 2カ月で50万食爆売れのなぜ - xtrend.nikkei.com,https://news.google.com/rss/articles/CBMiZkFVX3lxTE91VEFCc0J5aDVVNnZMOVVTcy12VXhELWJCWDRuc19CekhoVjQ1SHlpZldhX21Kb2RHYVNIcndsMkw1RjhaMzg4elhzOXZDY21aTEtmSWZCWnp2b3FLejE5S04zT1lmdw?oc=5,"Mon, 29 Jun 2026 07:00:00 GMT",2026-09-20T09:08:23+09:00
GoogleNews:食　トレンド,食　トレンド,クックパッド食トレンド大賞2025『今年の顔』授賞式を開催 - PR TIMES,https://news.google.com/rss/articles/CBMiakFVX3lxTFB5Rk0tTmRWZTZQM2pKS2M5Q052ckxqWVMtNkNQa0V5d3NiR0lJcDF3VFVmNmprd1lUMFBSMkNRWDQ4NDJqSTVvaUt4TkI5SXlUWExlNndsVmpfdklDUHR6Q1lST3IybE0yQ0E?oc=5,"Fri, 05 Dec 2025 08:00:00 GMT",2026-09-20T09:08:23+09:00
GoogleNews:食　トレンド,食　トレンド,2026年上半期「食トレンドランキング」＆下半期「食トレンド予測」を『デリッシュキッチン』が発表！｜Infoseekニュース - Infoseek,https://news.google.com/rss/articles/CBMickFVX3lxTFBQR211aTRxeWo5NUVscjdGcHBQc1BFTEpkSUlqQlB3OVFiamJBamt5dzlOdVBDZEo0T2IzTnRyZk1SNlhxaWhFdHpiMFZLOGV6aUFOdW5XTmJIaUZHUjZwY0FtbGtxQTl6QUpYSF95blVvZw?oc=5,"Fri, 19 Jun 2026 07:00:00 GMT",2026-09-20T09:08:23+09:00
GoogleNews:食　トレンド,食　トレンド,「冷凍食品トレンド大賞2025」大賞は『冷凍野菜』。業界関係者が選ぶ今年の冷食トレンドランキングを発表！ - PR TIMES,https://news.google.com/rss/articles/CBMiakFVX3lxTE1OUmpSWDZpVWRLRGUzSU9FVlNJZm5fSG1HVnd0V3pMOGRodFItY3BiTGhiOXBhMlpnOUozeGhNemhqa18xU19LcFd0eHZrVm52bEdUaDZNUkFHTnloRjlnM3h5SktnbnJTY0E?oc=5,"Thu, 18 Dec 2025 08:00:00 GMT",2026-09-20T09:08:23+09:00
GoogleNews:健康　栄養,健康　栄養,10月6日・7日開催 健康栄養学部オンライン個別相談会／受験生イベント／入試情報 - bunkyo.ac.jp,https://news.google.com/rss/articles/CBMickFVX3lxTFBuRWFzX2JCWF9VcndJUElGaV9rZ3dMZGVYSjRTb0drdk1fUzVDNkU0U1QtSnhlQVQ3VTNPWXh6bXZOanNjV0x4WW5PNGJVREpkVTRXOS1vdXU4bVpuYTBLUVM1cndiZ210YS1fYlN4QXRxdw?oc=5,"Thu, 17 Sep 2026 08:00:00 GMT",2026-09-20T09:08:26+09:00
GoogleNews:健康　栄養,健康　栄養,一般公開（彩都）の詳細が決定！ - nibn.go.jp,https://news.google.com/rss/articles/CBMiZkFVX3lxTE1fbzRJZ3B4LUppLXJHbUtiTjFxenNON2RZUUhQSzhuazVsdWRfSHBOMUl6cGFaVDRvT2tPeE4yN2RZSXNEeXp2ek9uYTVma3NfSURVa29ubW8xZGsyU2RmQzhNUm5Cdw?oc=5,"Tue, 01 Sep 2026 07:00:00 GMT",2026-09-20T09:08:26+09:00
GoogleNews:健康　栄養,健康　栄養,「令和8年度スポーツ栄養のための人材育成研修会」を開催します！ - pref.gunma.jp,https://news.google.com/rss/articles/CBMiYEFVX3lxTE52T0c0VlBGZGt4SWxoUFFya0tfUEh0dFNFOGtSR3hvT3IwdTVvQlkyWm1wWW5YdzZFLVZpT19icG5nX0g1M000SzJmSnJhOEt5dFpWMHJyVnRrdFN5azRPbA?oc=5,"Thu, 03 Sep 2026 07:00:00 GMT",2026-09-20T09:08:26+09:00
GoogleNews:健康　栄養,健康　栄養,サプリ規制や健康的な栄養なども議論 日本臨床栄養学会・協会が26日から大連合大会 - ウェルネスデイリーニュース,https://news.google.com/rss/articles/CBMiYEFVX3lxTE1acU1ranpETnFTNXZEYmhSOGd6aG5mR1ZhdVF0VXcycktHME0taWdvdkE1LWxjRk5Ic0JrRGRBRzhXODc5bkRsWXROZ21nU1BHX3QyN0hWTnVJbXNCRjBVeA?oc=5,"Thu, 17 Sep 2026 04:01:54 GMT",2026-09-20T09:08:26+09:00
GoogleNews:健康　栄養,健康　栄養,災害用の備蓄おにぎりのメニュー開発、チャーハン味や冷や汁味…南九州大学健康栄養学部の学生ら企業と協力 - news.yahoo.co.jp,https://news.google.com/rss/articles/CBMif0FVX3lxTE1lcE43RV9Od0xpWEd0bnNkRUNwWTAtZGs3VjhMRzZrallMSlNiaG9reHdQcmVEZEhFM2o0RnNrU0FpalVGZTI4d1BQdTBvWGc3WUtRcjFJc3ZNaFY1Ul9UQXQwWnVRNzg5dGVLaXpaeEMwbGJFaEZvRzE2MHpFaE0?oc=5,"Mon, 14 Sep 2026 04:41:37 GMT",2026-09-20T09:08:26+09:00
GoogleNews:健康　栄養,健康　栄養,【健康栄養学科】本学学生が『食育アドベンチャーランド』にボランティアとして参加しました - sagami-wu.ac.jp,https://news.google.com/rss/articles/CBMiWEFVX3lxTFA3eEtrbjNoc0xpdktFeFd6czlkX3N4UWUxZlFZbjMtR3JtU29vVTBYb2RHcjQ0cURnR3FHN29hTmVoNlltcWkwb25Tdjh6X1dQTVl3YmxDOTg?oc=5,"Fri, 21 Aug 2026 02:59:32 GMT",2026-09-20T09:08:26+09:00
GoogleNews:健康　栄養,健康　栄養,令和3年度ひょうご栄養・食生活実態調査結果 - pref.hyogo.lg.jp,https://news.google.com/rss/articles/CBMifkFVX3lxTE55Z3hQcG9Ia01YWXQxNDhoSHpNX2lBQjFPREtFaEdxaVQyZk9zaGZYZXhmdVJxSlYxZkRzQjNSXzB1TjMtcG1RX3VTSU5xSHJpT3FnUk9ZNVZPT2cyTUJhZ1J4SWl1WDhHVlBkeG01NDZVTkFNTWw1U2hUWWEzQQ?oc=5,"Mon, 22 Dec 2025 08:00:00 GMT",2026-09-20T09:08:26+09:00
GoogleNews:健康　栄養,健康　栄養,高齢者の健康寿命延伸に新知見 抑うつ症状の「タイプ」が要介護・死亡リスクに影響か－「鶴ヶ谷プロジェクト」約18年の追跡研究より－ - tohoku.ac.jp,https://news.google.com/rss/articles/CBMifkFVX3lxTE9XNi1OMHlsTTctNXNtVndTZnhveU5VcW5VLXFfSUNVMHlVbjZjb2otajBkaXpIa084azVRSHNwY3VUZTRLcDlxZ1haQTJFYWtQWHNoTWxBNjNnN3V3WVE1Tnd2OEI0ZGR3OFdRMF96bzZxbEFhc2hkTjR1TlQzZw?oc=5,"Tue, 19 May 2026 07:00:00 GMT",2026-09-20T09:08:26+09:00
GoogleNews:健康　栄養,健康　栄養,子どもの肥満、治療の対象は？ 夜食や運動不足…生活改善のポイント - asahi.com,https://news.google.com/rss/articles/CBMiZ0FVX3lxTE95VmNJUWFrTmVMUEJkSGhkc1lpbl94WW13ZXhwdGlwUFpfZXYtS0dJM3N4d2RhQnFjY2xWV3pJamROTmFhbjRsX1phQzRrbUhsSDBmYzBtRnNZNGJmaFNlaHJYNnJwT3M?oc=5,"Sun, 06 Sep 2026 07:00:00 GMT",2026-09-20T09:08:26+09:00
GoogleNews:健康　栄養,健康　栄養,2026年「Yidan Prize」、健康・栄養・経済の交差点で教育とケアのあり方を再定義する変革者を表彰 - okinawatimes.co.jp,https://news.google.com/rss/articles/CBMiXkFVX3lxTE9oaEJ1eU5lYjZ0NS0yWVFCVEt6OWpEVnhLNE1SSUlqbEFIZ1dXWktJaW00NF9XNlBqakt2Mmd6RHp5RnlreGZKeUUtYXBaM05QZHVTVk8wTGQ3Y3ZkOUE?oc=5,"Mon, 07 Sep 2026 07:00:00 GMT",2026-09-20T09:08:26+09:00
GoogleNews:健康　栄養,健康　栄養,食生活改善推進員養成教室のご案内 - city.kitakyushu.lg.jp,https://news.google.com/rss/articles/CBMiZ0FVX3lxTE05bVhTUUtiZ0JFdnFMcFFpWTFmRDNNT2I4QlFjRjhTRURFNDRnMFhZeUdocGZyekdOU0VpTTZWOHM2NEdVaUdWYXdXMnFMQUc0clhZek9XeTNJeDZVSUlKck1TOXZuOTA?oc=5,"Tue, 25 Aug 2026 07:00:00 GMT",2026-09-20T09:08:26+09:00
GoogleNews:健康　栄養,健康　栄養,企業の誘致 - city.suita.osaka.jp,https://news.google.com/rss/articles/CBMiakFVX3lxTE5zZHdRMFZCMzJOMkN1WEhUcWM5aUNqOUpBaGtIbnliWmpMeWNnWGNPVXBwejh0cGhYOGdGNXFuWmhTby1aVkpXNUxoUEt2aDNfMUVuRUotXzdQRWw2UmF6OERLcFpjT0dkQ1E?oc=5,"Wed, 08 Jul 2026 07:00:00 GMT",2026-09-20T09:08:26+09:00
GoogleNews:健康　栄養,健康　栄養,【授業レポート】健康栄養学科『キャリアデザイン入門』で株式会社LEOCに勤務する卒業生が特別講義を行いました - jumonji-u.ac.jp,https://news.google.com/rss/articles/CBMiYEFVX3lxTE9tQUpHNS1memIwVU9wY0FZd3dnekNsSzhNNVRjYjk3Z0kwb19lMWE3eEI2TVotSGg4V3h0bFF2b2pjY18xVEgxclhfRXBUQ0RkVmM2X1Z2ZFhEdWhxMHNXWQ?oc=5,"Thu, 23 Jul 2026 09:16:40 GMT",2026-09-20T09:08:26+09:00
GoogleNews:健康　栄養,健康　栄養,水分補給、コーヒーや緑茶でも大丈夫？ 西九州大健康栄養学科・福山隆志学科長に聞く 利尿作用あるが…専門家の答えは - 佐賀新聞,https://news.google.com/rss/articles/CBMiVkFVX3lxTE8yaXBIYndYblZxVS1mM21RNEc4VU5nWjN4T05oQ2JZY20wUHJJQUE3Vms4cVR5bF8zVzVDN3ZHcmR4d2hIenRKZmhhdEV4OV9PQ2lwRXNB?oc=5,"Sun, 12 Jul 2026 07:00:00 GMT",2026-09-20T09:08:26+09:00
GoogleNews:健康　栄養,健康　栄養,常葉大学健康栄養学科 講演会「食の安全の落とし穴～AI時代の食のリスクを議論する～」開催のお知らせ - アットエス,https://news.google.com/rss/articles/CBMiVEFVX3lxTE1JaWNfbTVESmEzSkpuOVRGVWc4NEhwbHFRZC1NdVJ0d2hzOFZUU2JubVFNQnRoTnpOM2o5N3FEeDVzNjAzNmVDUXo0THZOSmdXYmdjMg?oc=5,"Fri, 28 Aug 2026 07:00:00 GMT",2026-09-20T09:08:26+09:00
GoogleNews:健康　栄養,健康　栄養,ご挨拶（国立健康・栄養研究所 所長） - nibn.go.jp,https://news.google.com/rss/articles/CBMiakFVX3lxTFA2OXVaZ1ozZm1uTUc2ZHpDSmxjNTRaYVlDdmlfcDZ2akZBR08ycTBNMEtwTVBHZ2E0X0U5ZUxHM2ozRVJSc01NQ2NRbXg3Y2tvZF8yTkk1WFI3bnZwUnRwUC1VSTRlX1RLeXc?oc=5,"Tue, 31 Mar 2026 18:07:57 GMT",2026-09-20T09:08:26+09:00
GoogleNews:健康　栄養,健康　栄養,【生活デザイン学科・健康栄養学科】産学連携プロジェクトでデリア食品株式会社を訪問しました - sagami-wu.ac.jp,https://news.google.com/rss/articles/CBMiWEFVX3lxTE5rN0xPXzRZWlFrWnNfTVVldk5JeGt0azl4TnVjT0dJbzRqVU1tdWVJdHpSbjVQNWJmYzd4aFppS1EwMWdMOXZaX1Utbm1XYVplMEFaeEZpcXE?oc=5,"Wed, 22 Jul 2026 07:00:00 GMT",2026-09-20T09:08:26+09:00
GoogleNews:健康　栄養,健康　栄養,学年を超えて広がるつながり！健康栄養学科が「1・2年生交流会」を開催しました - jumonji-u.ac.jp,https://news.google.com/rss/articles/CBMiX0FVX3lxTE9Sc2djUnBWMGJoa29kUTBsM3h3OVJIWkhyVWtZc1BrQnI4NkhSdGdWdjFEN3VsRUwyMnZTb1NXdHVLUUNxbEZ2TTVIZmpvenFEYV9CblVveVM2aDdyR1hr?oc=5,"Tue, 16 Jun 2026 12:17:11 GMT",2026-09-20T09:08:26+09:00
GoogleNews:健康　栄養,健康　栄養,和光市中央公民館で開催された「夏フェス2026」に本学プラスちゃんくらぶと健康栄養学科 伊藤ゼミが参加しました - jumonji-u.ac.jp,https://news.google.com/rss/articles/CBMiWkFVX3lxTE1nVDEtNnVId2hMMjkwRUtIeHI0Z1FJeldpdzRLUVF4SmRUVjJOTjhXazdKd3U2VUIwVnRmYk1PUG56YW5GRmQya2xHV2NILUdxWkNnOHdGZEhaQQ?oc=5,"Mon, 24 Aug 2026 00:15:16 GMT",2026-09-20T09:08:26+09:00
GoogleNews:健康　栄養,健康　栄養,国立研究開発法人医薬基盤・健康・栄養研究所 国立健康・栄養研究所セミナーを開催します - PR TIMES,https://news.google.com/rss/articles/CBMiakFVX3lxTE1oUk55UjRXMDhOLUpMcmxQTXRLcmVWcXFrU2RVTE8xNWtLSU9TM1NSRFp5aFVEakJpSnJmUTAyQkhCZGNKMDR6U2ZXREdlOVF4NHc4b2tuMmpGTE8tcWRPVDJPQUE5M2xtSWc?oc=5,"Thu, 26 Mar 2026 07:00:00 GMT",2026-09-20T09:08:26+09:00
GoogleNews:健康　栄養,健康　栄養,第28回ダノン健康栄養フォーラム 更年期とホルモン変動をテーマに無料開催【日本栄養士会共催】 - アットプレス,https://news.google.com/rss/articles/CBMiT0FVX3lxTFBDYXJaYk5UZ21DbkdDYUhyOThnSWc2dV80WDlhNzl5c2Q1Y2p3cGZBRnMxd0gxczFmQzQyQ3hGZFhucm03TmYwM2psb0tXSXM?oc=5,"Fri, 10 Jul 2026 07:00:00 GMT",2026-09-20T09:08:26+09:00
GoogleNews:健康　栄養,健康　栄養,写真：2026年「Yidan Prize」、健康・栄養・経済の交差点で教育とケアのあり方を再定義する変革者を表彰 - okinawatimes.co.jp,https://news.google.com/rss/articles/CBMiZkFVX3lxTFBuTUd4clZsbU41aWFxcldqQnoxaENlRjAzWFp1UEI4N2dBVzJvY3VuZXk4cHdNVWlBN19hOWNfbzNraEFGRXNtLXVncFpqYXp2ZU9sZXBpQWlwQjRuSUhQdFQ3TFBFUQ?oc=5,"Mon, 07 Sep 2026 01:02:00 GMT",2026-09-20T09:08:26+09:00
GoogleNews:健康　栄養,健康　栄養,アサヒ、グミタイプの栄養サプリ開発 サプリの薬っぽいイメージ払拭 食べると栄養がじゅわっと広がる設計とシュガーレスが特徴 - news.yahoo.co.jp,https://news.google.com/rss/articles/CBMif0FVX3lxTE16d3lKSzRJejFDdDlWQzRja2pweUhJU005RGY0THpleHh5ZGsyYU0zWnRxaFAycmstejhIRXJMWERUSU9iNVFueGRZZXRoUlpGOWNxMVZMOEJHdWp6WHNvYzFKdnZHMkZVdlpaY3had0l5cFBMaURCaGhwbW9OaTA?oc=5,"Sat, 05 Sep 2026 07:00:00 GMT",2026-09-20T09:08:26+09:00
GoogleNews:健康　栄養,健康　栄養,【5/31（日）オープンキャンパス】健康栄養学科で体験！本格麻婆豆腐＆杏仁豆腐づくり - jumonji-u.ac.jp,https://news.google.com/rss/articles/CBMiYkFVX3lxTFBIN2x0X3pMZHNVTTJEUXZ3dWFBd0lXQXBZT0pnSUxheXd2ZkNPbk1DSW4wWXhrSFZtZS16aEJOTzV3enZlTHBmM1ZITXBlTEVtOXpidUZPbVZCcTgxTHllaHJR?oc=5,"Tue, 12 May 2026 04:28:37 GMT",2026-09-20T09:08:26+09:00
GoogleNews:健康　栄養,健康　栄養,国立健康・栄養研究所の畑本陽一先生をお招きし、講義を行っていただきました！ | ニュース一覧 | スポーツ健康科学研究科 - ritsumei.ac.jp,https://news.google.com/rss/articles/CBMiZEFVX3lxTE43OVpGUGNadDZhTXdWR2hzeUtQcjZzT0JTOWVEeVhuaEJhSDJLTkQ4cFNSaTlLX2lxUDFuX2c1b2RNQlNIUDA1VHdOZzcwbFZLVzQ4VlNSVDJCTDF4N2pGVFN5R2s?oc=5,"Tue, 30 Jun 2026 07:59:58 GMT",2026-09-20T09:08:26+09:00
GoogleNews:健康　栄養,健康　栄養,国立健康・栄養研究所の畑本陽一先生をお招きし、講義を行っていただきました | イベント | スポーツ健康科学部 - ritsumei.ac.jp,https://news.google.com/rss/articles/CBMibkFVX3lxTE5nRFNsU2NUTGNLMHlVYTZTNHRnVnNPTGNKcXM0enA5SFp3bURtXzF6OExWZE9wRDN3aHh4MXFmbzlXM1RoaFN0cjNoaVNNWHdvSWZYVVRPOFB1T2M5LXZZSDQ3bG9lS1pfM1VsZ3pR?oc=5,"Mon, 11 May 2026 07:00:00 GMT",2026-09-20T09:08:26+09:00
GoogleNews:健康　栄養,健康　栄養,栄養改善に関すること（草津保健所） - pref.shiga.lg.jp,https://news.google.com/rss/articles/CBMiZ0FVX3lxTE9lajRJcmxhVzNJVEExMVBxQlFZRDMwMEdMa0Y2SFBvS05GeGpVaGttalFubnhHcGU3NHNGbzNtcEp6VXk1MUJDSzZEaWR6WXRhZVFiSVl0a2xFdmkyQ1RBVEN1SFZJY0k?oc=5,"Thu, 23 Jul 2026 07:00:00 GMT",2026-09-20T09:08:26+09:00
GoogleNews:健康　栄養,健康　栄養,2026年「Yidan Prize」、健康・栄養・経済の交差点で教育とケアのあり方を再定義する変革者を表彰 - 北海道新聞デジタル,https://news.google.com/rss/articles/CBMiiAFBVV95cUxQUXB0RlgzeHcySWJsSjRNSjNiWVh5di1ETXFzRHViMVdvTkFFSGVnbjlJVEd0M3RVSGJoLUpvNFRXUTd1RFpoSlhmUnBzR2hyaUE1QnFFb1NqQ1R5Nk5ycmFpYWhPNlhhaWYxVjVxcUtJOVllakVjNEtBRzlBUmxKZDRHSFNCenZv?oc=5,"Mon, 07 Sep 2026 02:59:43 GMT",2026-09-20T09:08:26+09:00
GoogleNews:健康　栄養,健康　栄養,園田学園大学 スポーツ栄養学研究室と - jumonji-u.ac.jp,https://news.google.com/rss/articles/CBMiWkFVX3lxTFA1YlFsNHVfVHYzcEQ1MkQ1WkVvRzZ2TXFRd1NySHBGRUhfZURVY2haeHJLb29RNHdqYTdIZFBBaDVwYjFnMWZGSnVRTmI0TWlBb2VibU5FVDRGUQ?oc=5,"Wed, 08 Apr 2026 07:00:00 GMT",2026-09-20T09:08:26+09:00
GoogleNews:健康　栄養,健康　栄養,《医師・歯科医師・薬剤師向け》 無料オンラインセミナー9/13(日)朝10時開催 『Precision Nutrition時代における 腸内環境研究と健康医療への展開』 國澤 純 先生 (国立研究開発法人 医薬基盤・健康・栄養研究所 / 副所長) - アットプレス,https://news.google.com/rss/articles/CBMiTkFVX3lxTE1nemxEbm5lcHRfNFdQM1d5VjNIVDh0Y0FtTjk1WDlkYjRyM3NCSTFCWDUwZ1l2RHlIQzhJZ3cyUHlpdERfMlBpdUYwUlpXdw?oc=5,"Fri, 28 Aug 2026 07:00:00 GMT",2026-09-20T09:08:26+09:00
GoogleNews:健康　栄養,健康　栄養,地域・職域の取組（栄養・健康増進）について - pref.saitama.lg.jp,https://news.google.com/rss/articles/CBMifEFVX3lxTE5tSVZtcFdDTEd3SFRJclBJZ0txb25RVTZ1SFpfeUF5bXRTT0dxSzBDeUFoYmhmSFdNblU4UUxGNWxnUnNHWTlyS211dHpUWDloYlFlNmRHU0hKbGxpc1FhTUhyNjhhRExRNGtLeDFUaXktTGh1Q2FoTjFCczU?oc=5,"Wed, 19 Aug 2026 07:00:00 GMT",2026-09-20T09:08:26+09:00
GoogleNews:健康　栄養,健康　栄養,健康栄養学科学生が「栄養士実力認定試験 成績優良者」として表彰されました - jumonji-u.ac.jp,https://news.google.com/rss/articles/CBMiVkFVX3lxTE9vSUlMbno1Z2VhMS1wV211b25PY2ZBaHNTdy12WHZnbkhWRldmNlpGZ3R4WlVqeG5EX1ZuczZrRndQa05IT2RjWlJsX0xvUXNBZlpHcUlB?oc=5,"Fri, 24 Apr 2026 07:00:00 GMT",2026-09-20T09:08:26+09:00
GoogleNews:健康　栄養,健康　栄養,【健康栄養科学科】青森りんごオリジナルレシピコンテストで 2つの賞を受賞しました！ - fukuyama-u.ac.jp,https://news.google.com/rss/articles/CBMiX0FVX3lxTE96SFlJa3FuN2RMdXkzRTQxNkp5eGhUS0pSLUZVNWpiSy0tSE83YW5DaWhCRVFmZEg1aG5XZ3NkMnotXzZ6aFY3YVg0WnM3aWFUVW5RemI1enNoaGFYUHlF?oc=5,"Thu, 05 Mar 2026 08:00:00 GMT",2026-09-20T09:08:26+09:00
GoogleNews:健康　栄養,健康　栄養,"「糖尿病が強く疑われる人」は推計1,100万人―「国民健康・栄養調査」｜ニュース - dm-net.co.jp",https://news.google.com/rss/articles/CBMiWEFVX3lxTE5ON3AyQkN2cUpncXphRlNPSzltRGhvWmp5c0ExdUNvZEdmMW0xR2xrci1PS2pMc2taOHAzN1lVeVYwajBGOHZUWmJKc2lPRmFFWl9aZGxzVmg?oc=5,"Fri, 16 Jan 2026 08:00:00 GMT",2026-09-20T09:08:26+09:00
GoogleNews:健康　栄養,健康　栄養,第１回健都チャレンジ・ アワードの受賞式を開催しました - nibn.go.jp,https://news.google.com/rss/articles/CBMiaEFVX3lxTE8yRkJxdERpUDFDVUV4REo5ZHpOSmZVVjFUSzNZdHZlYU5XazB1Q0ZIUzJ1MDQtYVNMbG03WEhSdmZzQTFaT1ViS0tJVkJyTHpjbjFmQi1welkzZk9FN3VQNFM5ZUloNmh6?oc=5,"Mon, 25 May 2026 07:00:00 GMT",2026-09-20T09:08:26+09:00
GoogleNews:健康　栄養,健康　栄養,【村上】食品の健康・栄養に関する表示等について - pref.niigata.lg.jp,https://news.google.com/rss/articles/CBMieEFVX3lxTE9rNDJsV2xjejVHS2VFSUk2bDhNVFZ4ajBpSmtIaUxIbllxQkVvMFZnUVM3UEdHYlRwX1g3UGU3N2hJSGZFeTd1elhibEhWNEU0bW51b0hVcGtfYzNLQVNXR01EYnRDaTFvSkpMSzRHbGpEOFFQb0JhRg?oc=5,"Tue, 06 Jan 2026 08:00:00 GMT",2026-09-20T09:08:26+09:00
GoogleNews:健康　栄養,健康　栄養,心身の健康は朝ごはんから - city.akashi.lg.jp,https://news.google.com/rss/articles/CBMibEFVX3lxTE1mZ1g1TWRRU0dQd0FsMjZyZTZRSGNvVlJSU3Z5d0ZHTEdHV1oteVVVbWlwLVUtYjI0WDJNbFRlWTNnSUx5OTBza1JEV1E4WFBQTFBqQWhQTE43NkZKQ1hNMTBQR3ZaVFJMNlcyOQ?oc=5,"Tue, 16 Jun 2026 07:00:00 GMT",2026-09-20T09:08:26+09:00
GoogleNews:健康　栄養,健康　栄養,「第17回浄見寺地元まつり」に健康栄養学部と学生ボランティア21名が参加しました／教育・研究 湘南 - bunkyo.ac.jp,https://news.google.com/rss/articles/CBMiakFVX3lxTE9WdHpfc2VKbF9DeGVBcktPMFRwYTYwa2F4eTRZRnN5eTJaODdTQVVETmRlb19xRFVpa0RtQUZZa2FicmhnbWZfU2NWMU4wTFZiZUw5YThLTnVqYUhJSWF1aUFkM0dfM0VKS3c?oc=5,"Thu, 23 Apr 2026 04:51:24 GMT",2026-09-20T09:08:26+09:00
GoogleNews:健康　栄養,健康　栄養,【健康栄養学科】学科の魅力がぎゅっと詰まった！学生デザインのクリアファイル完成しました - jumonji-u.ac.jp,https://news.google.com/rss/articles/CBMiVkFVX3lxTE5VWXJDeG1Wc3pWRnNKVm9sTk54T0tGdmd0bjNGU2JjZjZRMmZUUWh2aGxZTVFUM3dNN0Vna2dUSFV6SFVscU16UGRkSUNnVEJlWHdHNEdR?oc=5,"Mon, 23 Mar 2026 07:00:00 GMT",2026-09-20T09:08:26+09:00
GoogleNews:健康　栄養,健康　栄養,健康栄養学部 土田美登世准教授が「名誉フードスペシャリスト」の称号を授与されました／取り組み事例／BUNKYO × SDGs - bunkyo.ac.jp,https://news.google.com/rss/articles/CBMiZkFVX3lxTFBFNnBGV1VnbGJpbHNTb203cXl1MnlfRVdUaTdNQ1FFdmpoWDg1RU9CLVpVMFY4RmhFWnZBN3NzYUx5SlpkQm53VzVHSWM4YXRUbW10SUlMSVdXb0hGMFNZWS1PaEFZdw?oc=5,"Tue, 16 Jun 2026 17:12:32 GMT",2026-09-20T09:08:26+09:00
GoogleNews:健康　栄養,健康　栄養,同じ食事内容でも摂取エネルギーが減る「消化可能エネルギー」とは？ 食物繊維やナッツ類で低下するエネルギー吸収の実態 医薬基盤・健康・栄養研究所 - sndj-web.jp,https://news.google.com/rss/articles/CBMiS0FVX3lxTFBzdW54bHdiUV93VnA0WkptZVpVQWJ2SXFCM1oyNzhKZGV4Z1FKVHR2aWtBZU50LWF3azJSclVmVEhIdkVmWUpTTjJJUQ?oc=5,"Sun, 19 Apr 2026 07:00:00 GMT",2026-09-20T09:08:26+09:00
GoogleNews:健康　栄養,健康　栄養,同じ食事内容でも吸収されるエネルギーは異なる？ | 国立研究開発法人医薬基盤・健康・栄養研究所のプレスリリース - PR TIMES,https://news.google.com/rss/articles/CBMiakFVX3lxTE16S1ZOLWxwaDZUWlQ5dTdxekdDUi1ySnJGYzFXT25HbU13WHkzWC1rempFQW5iTk82d19UWVd6MDVMSmgtbERJTG9MZlA2OF82RHdUYm1Hc19SUzc0b3I0N0xjblZDQzdzLXc?oc=5,"Mon, 02 Mar 2026 08:00:00 GMT",2026-09-20T09:08:26+09:00
GoogleNews:健康　栄養,健康　栄養,【講座】日本栄養大学との共同プロジェクト！食と健康のプランニングセミナー開催 - city.sakado.lg.jp,https://news.google.com/rss/articles/CBMiYEFVX3lxTE5hUzQwTmUxeHRFNUVtWDNTTWFGSmVZamM2cXRqVV8xSzJXWEVxbS1pVHRvR3VFZ2ZKTjJlcHBUaDNEZGlKQnZQQlg1ZnNJMXA2WElNQS15QjcweC04R29Beg?oc=5,"Fri, 24 Apr 2026 07:00:00 GMT",2026-09-20T09:08:26+09:00
GoogleNews:健康　栄養,健康　栄養,「健康と食、栄養に関する調査」結果を公開 - 国分グループ本社株式会社,https://news.google.com/rss/articles/CBMiaEFVX3lxTFBzRnI2RmFzVWpvdmNYMzJ5czY3LVJ5ZGpQVG5ZN2gyQ3NUMklBakF5VDdlRnJGdmtlTi1VSS13T2dyOXBXN3BSc1FQV1FGSVFsWWotWnRvRWplamdPVEFnRVAxX3BNcTNC?oc=5,"Fri, 19 Dec 2025 08:00:00 GMT",2026-09-20T09:08:26+09:00
GoogleNews:健康　栄養,健康　栄養,「第17回浄見寺地元まつり」に健康栄養学部と学生ボランティア21名が参加しました／取り組み事例／BUNKYO × SDGs - bunkyo.ac.jp,https://news.google.com/rss/articles/CBMiZkFVX3lxTE9PRm1UUGN2LXEtS091SmFfYUpEdUlTY3FlRGExOGxKNXZPTDI5TEZkRlVvbklTV2x1ZWk1aEVCdkQ0bTJxeUpxRDJXNk85dlNnc0xmak03NGJnTEFYLWF4MWg4cHVJUQ?oc=5,"Thu, 23 Apr 2026 22:27:39 GMT",2026-09-20T09:08:26+09:00
GoogleNews:健康　栄養,健康　栄養,食塩摂取量は平均9.6gとなり過去12年間で最低 令和6年「国民健康・栄養調査」②【栄養、身体活動、睡眠、飲酒、喫煙の状況】 - sndj-web.jp,https://news.google.com/rss/articles/CBMiS0FVX3lxTE1OTHdZbzE4SGRpdmtjZGVCZ1RQY1ZDVDVQQlBQN20zWG9QRTRLQkRnQWZPWnBZeHI0QWxyRlNKWlhPamp3aGhUNTlFQQ?oc=5,"Sat, 24 Jan 2026 08:00:00 GMT",2026-09-20T09:08:26+09:00
GoogleNews:健康　栄養,健康　栄養,国立健康危機管理研究機構、医薬基盤・健康・栄養研究所が新たな“協働大学院”を設置 ―研究・臨床・行政をつなぐ実践型教育で、次のパンデミックに備える― | プレスリリース - 筑波大学 - tsukuba.ac.jp,https://news.google.com/rss/articles/CBMiakFVX3lxTE9aQ1Noc1ExeVZLM2tlZ3RpZ0lLMHRSY0lPTjRQS2ppRDctVnF2Wmlnc25vNGZwVW1oa0kyMTFHdzdob1RzZGxZNVdFa2NiblFVZEZrNlY4M1VxZ3prbFh3cVZOT054Qm44S0E?oc=5,"Thu, 23 Apr 2026 07:00:00 GMT",2026-09-20T09:08:26+09:00
GoogleNews:健康　栄養,健康　栄養,公益財団法人ダノン健康栄養財団の最新ニュース・プレスリリース - Newscast.jp,https://news.google.com/rss/articles/CBMiTEFVX3lxTFBBR0NTZFFnSktVZGcxdFpUSnF6MUZaaHhRRi0tN1JPRjFvTDk1UmVuam81WDl3NlpKeUZrTGJLQW5aLTJPNFRWeHMxNFQ?oc=5,"Fri, 10 Jul 2026 07:00:00 GMT",2026-09-20T09:08:26+09:00
GoogleNews:健康　栄養,健康　栄養,同じ食事内容でも吸収されるエネルギーは異なる？ ～食事や健康状態で変わる「消化可能エネルギー」の最新レビュー～ - tohoku.ac.jp,https://news.google.com/rss/articles/CBMidkFVX3lxTE02dzZrYXN6UjRKaWk5RGFKc0RndXJuSlZ0RTZQdmc4dWllT0g3a2Myci1oZTROUTRmSDRycUptRUExaUFHdVpMN1hRcGd2Rl92ZWp2SldqQktjbkdrQlEycnp0NHRncXNHWF82M0FJVGpEdG45TVE?oc=5,"Mon, 02 Mar 2026 08:00:00 GMT",2026-09-20T09:08:26+09:00
GoogleNews:健康　栄養,健康　栄養,北海道食環境整備推進セミナーを開催します - pref.hokkaido.lg.jp,https://news.google.com/rss/articles/CBMiZ0FVX3lxTE1fWjh0S3AyaDQzQjI4MUNfUGJQNGw2X1lKdEdmcGVrcFQyVUhHaTdxaWpOcWpkS1lRSjQwVl9hVEZCVmx0TnJrRzBIc2hjbndzLUZTald4NHY3WENTbHYzUS1lUnAyQ00?oc=5,"Mon, 19 Jan 2026 08:00:00 GMT",2026-09-20T09:08:26+09:00
GoogleNews:健康　栄養,健康　栄養,歯列状態がフレイル重症度と関連し、食事の質がその関連を部分的に緩和 米国国民健康栄養調査 - sndj-web.jp,https://news.google.com/rss/articles/CBMiS0FVX3lxTE5QWHNSa3E5NjAyNTdKZkNVSnZqNVhuaHhYQ2dqOW54S2wtQUtJSTNtdVE4YkkxT182SW5zMnVZSlhPcDlTbncxbGhOcw?oc=5,"Fri, 22 May 2026 07:00:00 GMT",2026-09-20T09:08:26+09:00
GoogleNews:健康　栄養,健康　栄養,食品関連事業者の減塩を支援 『食品関連事業者のための製品の減塩ガイド』を公開 国立健康・栄養研究所 - sndj-web.jp,https://news.google.com/rss/articles/CBMiS0FVX3lxTE1vVWVhQVAzRHpkc2JhVXh6NUV0T21LZEc2WDFxN2dJSnliVnNrcXBudlJhV1pEVkNLRmpTdExzS1lKMEJhTXhFQXR3NA?oc=5,"Sun, 18 Jan 2026 08:00:00 GMT",2026-09-20T09:08:26+09:00
GoogleNews:健康　栄養,健康　栄養,体力の変化や生活習慣を見直すきっかけに『くすのき健康栄養フェア2026』を開催 - Digital PR Platform,https://news.google.com/rss/articles/CBMiQ0FVX3lxTE93cTN6VXJWbVBUVzY3bWRTWDRnbVZXMWl0TXNWaHVmUnpoVnNZZ3N6bkxKaEhxR3pNOFJXZG5IaFhhNzg?oc=5,"Fri, 08 May 2026 07:00:00 GMT",2026-09-20T09:08:26+09:00
GoogleNews:健康　栄養,健康　栄養,2026年「Yidan Prize」、健康・栄養・経済の交差点で教育とケアのあり方を再定義する変革者を表彰 - AGARA 紀伊民報,https://news.google.com/rss/articles/CBMif0FVX3lxTE9vSjQzVFlkX2JZMW5HWF9RTXZwSmN5OWRHd2Z1amZSQTRyVEZmekhlSFJFZWZNX1VkNW9OblNJcmN0Z3J2dDZUMkdaUjh0LTU1VzBmOGtQNDIxNUFQSmhIaU9ScFNPeU9CcERtWjZENmNYeDViR2xxN1BkXzhYV0E?oc=5,"Mon, 07 Sep 2026 01:02:00 GMT",2026-09-20T09:08:26+09:00
GoogleNews:健康　栄養,健康　栄養,北九州市 減塩ガイドブック 第4版 - city.kitakyushu.lg.jp,https://news.google.com/rss/articles/CBMiZ0FVX3lxTE1ta3BURkZEY3IycmhvOUdsQzU1UnVudnJLTURaa1dCbTJrTldUS1otczJIWWNaMmZFZUFBRE1HVnh5Wjg4S01TaDh0UkVfV1BRQjhkbEczUUhSRE9NbkRDSWNiMGs4cGs?oc=5,"Mon, 06 Jul 2026 07:00:00 GMT",2026-09-20T09:08:26+09:00
GoogleNews:健康　栄養,健康　栄養,"就労者は非就労者に比べ、栄養素充足スコアが低いことを確認-成人3,520人の健康栄養調査データより- - PR TIMES",https://news.google.com/rss/articles/CBMiakFVX3lxTE1IOEVGTVRwc1ZvRW52MFM5SWptZmFHZnhxazRJQlkyMnJOZVMxMTREUDRxTklFUHk1TWlIUkgwdGY0elRLTkJMNENvVUEzQzhTdUVPZldhV0RFTFRiQkVUZndWZW5oSF9NVHc?oc=5,"Tue, 19 May 2026 07:00:00 GMT",2026-09-20T09:08:26+09:00
GoogleNews:健康　栄養,健康　栄養,健康メディカル学部 健康栄養学科の学生がレシピコンテストで優秀賞を受賞しました。 | ニュース - 2025年度 | ニュース - 帝京平成大学,https://news.google.com/rss/articles/CBMiU0FVX3lxTFBfVVo5X3d1dHdZVjBxTWdQSWhGUENGdHBNeUpRaHpJV0FBbjA2YWg5Y0Y2eWF6U0VHQUVfNjBHbWhKLVZkVFJQNjNpNGNhRk9JTEN3?oc=5,"Thu, 27 Nov 2025 08:00:00 GMT",2026-09-20T09:08:26+09:00
GoogleNews:健康　栄養,健康　栄養,【健康栄養科学科】臨地実習報告会を実施しました！ - fukuyama-u.ac.jp,https://news.google.com/rss/articles/CBMiW0FVX3lxTFByWTRiZVFQeTFQNThiS2VuOGpnRUJyZlZhOE5WOEJDb3RCejBYZ0RTU1hrV2xIbl8teWJ2Y3k4QnN0U0c2TjcwZEFNQTRnN2hOckw2Zy1xM1VrOGc?oc=5,"Fri, 13 Feb 2026 08:00:00 GMT",2026-09-20T09:08:26+09:00
GoogleNews:健康　栄養,健康　栄養,アスリートたちの健康とパフォーマンスの向上を目指しスポーツ栄養学の礎を築く『大学時報』SNDJ鈴木志保子理事長インタビューを公開 - sndj-web.jp,https://news.google.com/rss/articles/CBMiS0FVX3lxTE9ZTDhTdUFpbGhrQUhEdUY3dXlkRnBHdUswLWNBdFo2MmlIdy1fa1ZxZG8tYzNrOFc2NTR1aUdQUXFFWjdObXUzalowdw?oc=5,"Fri, 13 Feb 2026 08:00:00 GMT",2026-09-20T09:08:26+09:00
GoogleNews:健康　栄養,健康　栄養,健康栄養学科１年生が「精進料理」を学ぶ特別実習を実施｜ニュース - agu.ac.jp,https://news.google.com/rss/articles/CBMiYEFVX3lxTFBuRy1RWXlxLVZsTzdIdjNxNkI5WXlOcENhUjdvLVBlYzRMbi1Pd29abHFHZEo2d1Z1anllVElIdFpOd3lpdFhPRExmY09NUWRZS2hzQW9pX1BjZ1VEUFN4MQ?oc=5,"Mon, 02 Mar 2026 00:26:26 GMT",2026-09-20T09:08:26+09:00
GoogleNews:健康　トレンド,健康　トレンド,“心地よく整える健康”が新基準に！ 2026年下半期の「FYTTEヘルスケアトレンド2026」発表！ - PR TIMES,https://news.google.com/rss/articles/CBMiakFVX3lxTE0wSzAzQnRrdjVDWXFPaDh5bkZhcXNRWDJwUWJqeDdDWEQ5bjluNEhLbDhXMW9mbVh4UkFuY20xN29kX3pSNThIeGdQQU9YSml0MjhMUDI1V1A4cTBxSFVFSGdqWF9vT3ZiZFE?oc=5,"Wed, 01 Jul 2026 07:00:00 GMT",2026-09-20T09:08:28+09:00
GoogleNews:健康　トレンド,健康　トレンド,日本のヘルス＆ウェルネス市場調査レポート：市場規模、シェア、成長、需要、新たなトレンド、主要企業、および予測（2026～2034年） - Newscast.jp,https://news.google.com/rss/articles/CBMiT0FVX3lxTE5vLWhFdUQ3Y2tsczE1ZG9WUF9VbjIwS2JuZEJ5ZlNOSG4wRWowTWV0N3VaajlBUmxGbjBzVVpvdExsTUJRY3dkMFNIU3FrYnc?oc=5,"Sun, 13 Sep 2026 22:00:00 GMT",2026-09-20T09:08:28+09:00
GoogleNews:健康　トレンド,健康　トレンド,【PR TIMES 流通 美容・健康】【韓国コスメ好き必見】最新トレンドがイトーヨーカドー大森店に集結！韓国コスメPOPUP「K-BEAUTY PARK」9月30日より開催 - 茨城新聞クロスアイ,https://news.google.com/rss/articles/CBMieEFVX3lxTE9oN1VvUmZVdjNnYUlEV09vNXhzXy1wQzdPNUtBMktRNi02SmFrVHNiTHVWTEVjQkh1VTU5R1F1RVRyWUdfZzQ1dUhxVFdNTEVpa3J4Z3pFcWRLVVJyRy1fRmhxQ0NDaUI4VzVXUUxmcUhJZHlWUDR4ZA?oc=5,"Thu, 17 Sep 2026 04:52:47 GMT",2026-09-20T09:08:28+09:00
GoogleNews:健康　トレンド,健康　トレンド,カルビー江原社長「最大市場の北米に資源集中」 健康トレンドに勝算 - 日本経済新聞,https://news.google.com/rss/articles/CBMibEFVX3lxTFBEZ29Pd1RXd2RxWnZJM1pValR4VUpidzFpRXF6RlIxUURsUmdhNFVKTDJmbExtU3VHY051Wm0zaVVVeXVlOGRuTG9sZGVYWFhiV01nNmw2R0hHR3RMSmhqcENlZThsZ1p1S3JVOA?oc=5,"Tue, 05 May 2026 07:00:00 GMT",2026-09-20T09:08:28+09:00
GoogleNews:健康　トレンド,健康　トレンド,「紅茶」の健康効果 飲み続けて生活習慣病を予防、腸内細菌叢も改善 - gooday.nikkei.co.jp,https://news.google.com/rss/articles/CBMicEFVX3lxTE5TalVyUWZTclNsR3Fza3BkZmtrNUlZdkFjT2xsaXpnMmtMaXhhZkJPRHdRczBIQThLQ0I4UDZsRHVrWmVFMnhSYjVPR1RnTkZMRkhOZVJ2eEwzQnRNNmRZcHBDeGUtNFotV0dfdkwzN2s?oc=5,"Mon, 06 Jul 2026 07:00:00 GMT",2026-09-20T09:08:28+09:00
GoogleNews:健康　トレンド,健康　トレンド,豆乳カテゴリー、健康志向を背景に金額PI・数量PIともに2ケタ増 - ダイヤモンド・チェーンストアオンライン,https://news.google.com/rss/articles/CBMiaEFVX3lxTE1OWXNXa2pSQ3J0S3NQTExRRC1ZSWp2MDBaUi1pRlVvVk1UVk1VaWQzSTVITFZXU3FkaktERmJCV1RhZlRQQlZkOFh2cmM0TGNnTzhjWXVOczMwa0ZLX1FhR1B4dmVGQjk10gFuQVVfeXFMTTJrM2lDUlJCZ2lOTnJyemxPTl9EOUpBU2tELWpMRlIyRTMtdGtXOEYzUWZOVEhaR2Q3d2ZQYjlWTzIxLXJrSTdtMWt0NHMyVlY2ejA3c25JWDdnRmk0TUtreVF2VnFuMDR3ck1NSUE?oc=5,"Mon, 26 Jan 2026 08:00:00 GMT",2026-09-20T09:08:28+09:00
GoogleNews:健康　トレンド,健康　トレンド,「24時間の健康管理」へと「トレンド」が「変化」した最新「ウエアラブルデバイス」6選【本当に売れているモノ＆売れ続けているモノ】 - news.yahoo.co.jp,https://news.google.com/rss/articles/CBMif0FVX3lxTE1tN0FoSmZhSjRiVjJDd09sd2p0cF9qelNqMVRrRXM4ZUl1dllRaDRKam1HdndkRWlyZXJ6Y002WVFKOFZwNlZseWpkeDhJUFNhdy0zX3Y2OUtVSTNMWmJDdE9SbjZqcW5vVmRwVm0xSkp1WEc4NVhySVMzdy1zbVk?oc=5,"Wed, 06 May 2026 07:00:00 GMT",2026-09-20T09:08:28+09:00
GoogleNews:健康　トレンド,健康　トレンド,筋膜が今、健康トレンドの中心に──その正体と科学的根拠 - Forbes JAPAN,https://news.google.com/rss/articles/CBMiWEFVX3lxTE94enRfbkpnVU1pbE9OOVJWakdLQk1saDUtZ0ljLU5YbVgzWHhoUUU5eHJxRlMzTUV3T2JQMEVQaVdrY29uZ2Rxb3NoRDhwOUNoam1GQ0JXNWM?oc=5,"Thu, 30 Apr 2026 07:00:00 GMT",2026-09-20T09:08:28+09:00
GoogleNews:健康　トレンド,健康　トレンド,「座りっぱなし」「長時間労働」… 腎機能低下につながりやすい要注意習慣 - gooday.nikkei.co.jp,https://news.google.com/rss/articles/CBMicEFVX3lxTE02SkhhNVV0Z0ZTbDJnemIwUlRoWGtIeWlqX19aMVFDUWZsYzFHaWRVdjltSS03eG5VdXRvbVBjc01qVlhFTXlNSlF5LURFUDZWX0N5N2FZQ19RSDYxSzhiMFZvV0lucmpHZDJ5WkxBM1c?oc=5,"Tue, 01 Sep 2026 07:00:00 GMT",2026-09-20T09:08:28+09:00
GoogleNews:健康　トレンド,健康　トレンド,【日米トレンド比較】iHerb発祥の地・サプリメント先進国アメリカの最新ウェルネストレンド - PR TIMES,https://news.google.com/rss/articles/CBMiakFVX3lxTE9Yck4zekZPQm9KekxFWHVZT1ZwT3ozWjcybE5ZbDhhamJIT0lsNzdfakdoMlQyRC1MRS1nMVMtQlRheS1Gdmo1LUJ4TXRQV1ltZ2VSRGVIQnBiNmR6ekp3MXdvYWNkRnloT2c?oc=5,"Thu, 13 Aug 2026 07:00:00 GMT",2026-09-20T09:08:28+09:00
GoogleNews:健康　トレンド,健康　トレンド,ミツカン参入の背徳市場が首位 ECに効く6月記事ランキング - xtrend.nikkei.com,https://news.google.com/rss/articles/CBMiZkFVX3lxTE1TM0d4MUFZQlVkOVZqeGxtaS1jYUNpZEhQRWxTbGZoTjF0X2I1S3ZzY2UxdHJwV1NjZ09wakNOb29PUEFscDJ1QzF1LTdZUWJyS1pzbWw2Q0xFcmRxbkxLMW9IZ0l0dw?oc=5,"Fri, 03 Jul 2026 07:00:00 GMT",2026-09-20T09:08:28+09:00
GoogleNews:健康　トレンド,健康　トレンド,【速報】今年の健康トレンド総決算！「からだにいいこと大賞2025」受賞結果発表＆オンライン授賞式レポート - PR TIMES,https://news.google.com/rss/articles/CBMiakFVX3lxTE9HWHN2OFBrblJ3UnMtRW5OZ1kzRnpQTzA2bEI3WGxESXBrdVJXTUFYdXkzYmpjemRTUmplT014T0MyOFVRcldKNVNrMFE5YVZjT0hndlVTX3ptUzk5MlFLTVFrcXpQQWNpZ3c?oc=5,"Tue, 16 Dec 2025 08:00:00 GMT",2026-09-20T09:08:28+09:00
GoogleNews:健康　トレンド,健康　トレンド,心と体がととのう「瞑想」 脳の機能や構造に起きる変化とは：医療・健康トレンドピックアップ：日経Gooday（グッデイ） - gooday.nikkei.co.jp,https://news.google.com/rss/articles/CBMicEFVX3lxTE1XbXc5MTFDbm1WUVZvX3lMVDhQSzdrdjVKdmZPRzN6VGhGU2lPaExTLV9IN1lGS3cyNHNhZENLRXlHZ2F1RkFpTVMxOUxTV1lOaDFLZUVLNXdJY3RyQTlHWDJNNGZubG92aDJveVNKaWE?oc=5,"Thu, 03 Sep 2026 07:00:00 GMT",2026-09-20T09:08:28+09:00
GoogleNews:健康　トレンド,健康　トレンド,健康・美容の最新トレンドが今年も集結「からだにいいこと大賞2026」本日よりエントリー開始！“あなたの愛用＆NEXTアイテムを教えてプレゼントキャンペーン”も同時開催中 - PR TIMES,https://news.google.com/rss/articles/CBMiakFVX3lxTE5zcDVlZVRmcXBnTjlyY0VqdG9FTllFZ0dJSl9pYklIYlMyVlpna2wwc3M5SmtmZFhkd1UzQnBFVzQyN3ZLczJpQVZsU3RTNDVYMmdjUUxWR2xWNWhkcnVXXzlwX2hsTGpOS1E?oc=5,"Mon, 01 Jun 2026 07:00:00 GMT",2026-09-20T09:08:28+09:00
GoogleNews:健康　トレンド,健康　トレンド,舌の筋力低下を防ぐ！ 舌圧を鍛える舌トレーニング、姿勢も改善 - gooday.nikkei.co.jp,https://news.google.com/rss/articles/CBMicEFVX3lxTE5wRnVxS1liNzQtdXVrVjVVS3dkMmxoZk5zVUR4UHZLWVhvOXc3OUxTdzJXZTlRWmFNMzd5dGUyMEgxVFdIRm50NDRJS3VIbm03UTV3SWVvZWhvUWRzYTFhSDBvN21IV2szcUUtMjB3UG4?oc=5,"Tue, 21 Apr 2026 07:00:00 GMT",2026-09-20T09:08:28+09:00
GoogleNews:健康　トレンド,健康　トレンド,1日ひとつ「ヤセ行動」を選ぶだけ！ 大学病院で考案 “我慢しない”ダイエット - gooday.nikkei.co.jp,https://news.google.com/rss/articles/CBMicEFVX3lxTE84QjRnQWN4SDlaUklZNWdNWkRYY1QtNDUwRVR4bVJDOXNYaVpqZVpWTW1xRlNSQVU3cUJyOUpSenNlMGFadWNSOGdWT1RoSVA1Mnl0WDBHYUJJV0RJYXZOdWJsTUFFZHV2UTl6ZVF4dHU?oc=5,"Tue, 28 Jul 2026 07:00:00 GMT",2026-09-20T09:08:28+09:00
GoogleNews:健康　トレンド,健康　トレンド,腎機能の指標「血清クレアチニン検査」が企業健診で必須に その理由とは - gooday.nikkei.co.jp,https://news.google.com/rss/articles/CBMicEFVX3lxTE0tZEpoeE90T011LUE1TmlNNjZaMnVzaUw3VElCdUJpei15Z05rbXN1QzYtbTQ4Rl9PTlFnMW10MUFpTnM0WFZybGNDVW5sNGczNHZtU2x3TGdNNVRXY3haYXlWQzNpVmFLXzVNZnN2LVI?oc=5,"Mon, 24 Aug 2026 07:00:00 GMT",2026-09-20T09:08:28+09:00
GoogleNews:健康　トレンド,健康　トレンド,【速報】「からだにいいこと大賞2026」の開催が決定！健康トレンドを牽引する祭典が今年も始動、まもなくエントリー開始 - PR TIMES,https://news.google.com/rss/articles/CBMiakFVX3lxTE5IVWYzVm40VGhMaF9wWHVTRVFSVFc3NEhBZzM3REpsU3IyRk9qbmFIRWw0NG5Ed3c2ZlRvRXhhajQ1NURtazZXbF8wcUxFWngyeFdWWWhNQk81MXNjcXB0M0RvMUVVazlMRUE?oc=5,"Fri, 22 May 2026 07:00:00 GMT",2026-09-20T09:08:28+09:00
GoogleNews:健康　トレンド,健康　トレンド,「おならサラダ」は本当に健康にいい？ 栄養士が解説 - ELLE,https://news.google.com/rss/articles/CBMirwFBVV95cUxNd2lQZnBoZ2M3ay0wX2ZudjNGOE9QQlJkeHJldGhPd085WkNwUnpzRTdSTXdSbjNlWTlCZFR0LXJOOTVJTElrWWxoaVVrSnk4Q2dLX01fUzk1bS1WQV9weEMwMEg2YnZnVHVXMmdodVFBOC1WaFNxOWRMbm1WMW5jUHM5TktjbXl5QkpLa3pPV1hnMHZDZ0VPRExPMFJXRWExRUh0R0g5NC1pZWtFR0hZ?oc=5,"Sun, 28 Jun 2026 07:00:00 GMT",2026-09-20T09:08:28+09:00
GoogleNews:健康　トレンド,健康　トレンド,ミツカンも参入、「背徳市場」が急拡大 健康志向と真逆の新トレンド - xtrend.nikkei.com,https://news.google.com/rss/articles/CBMib0FVX3lxTE5qTTR4ZW9Gb1RvMGxGRU5UNTFlYzd0a21hREdOM2t6Q19GYVdkOXNPNk13dXdPR05QWjFFR1pwY1JEazJ1bUdRc1ZDMDhwZFp2R0RXWDBDLVN0X1l1TWx6UzdGMC1VR3R3c0wxUzJxMA?oc=5,"Thu, 11 Jun 2026 07:00:00 GMT",2026-09-20T09:08:28+09:00
GoogleNews:健康　トレンド,健康　トレンド,2025年の健康トレンドを凝縮！過去最多567商品から選ばれた『からだにいいこと大賞2025』全受賞商品を一挙公開 - PR TIMES,https://news.google.com/rss/articles/CBMiakFVX3lxTFBkNGFvd0hsWmhlemFYMDFUbkRoNHo4YjJ6NDFsdENxYjV4OHptMm5oT0NtSmhNMmJGOEtSbk5xQU9VUFpuY3piNGpMRjdJWG5ia1dFVlJBVEpDTngweFhsZlpoaUNCNWNqd3c?oc=5,"Fri, 26 Dec 2025 08:00:00 GMT",2026-09-20T09:08:28+09:00
GoogleNews:健康　トレンド,健康　トレンド,健康トレンド2026！注目の健康食品・サプリメントビジネス - PR TIMES,https://news.google.com/rss/articles/CBMiakFVX3lxTE5wTlg4MDNuZXEycnpCX2dGTTdZMk9NYVpiRnYxRVlxcEhsV2RJU1YwVVgyQnEwOU90ZkhsV21RNDhlRUZvZUZhODVoQWZ6V0NSNi1QbjEwckNLY3VPcW8tSF96MGp4S0FFeGc?oc=5,"Thu, 19 Mar 2026 07:00:00 GMT",2026-09-20T09:08:28+09:00
GoogleNews:健康　トレンド,健康　トレンド,TPCマーケティングリサーチ株式会社、健康食品市場トレンドレポートについて調査結果を発表 - ドリームニュース,https://news.google.com/rss/articles/CBMiU0FVX3lxTE96Y3VIMGVjQ1l5elhZU0ZkbTV5VmluaGt0UDc3UkpySXhZSnozN2gxdmFRRTJ4ZGxKX21ybFFLNk02c2VqYnhUSl9jU1JZY1dFcVVv?oc=5,"Tue, 16 Jun 2026 07:00:00 GMT",2026-09-20T09:08:28+09:00
GoogleNews:健康　トレンド,健康　トレンド,ランナーに優しいカフェが韓国で急増している。これは韓国における新たな健康トレンドだ。 - Vietnam.vn,https://news.google.com/rss/articles/CBMiuAFBVV95cUxPNmlCaS13S01nNGhobHhjNTRNSktNS3NaWVJyQkNTZ3d4UFM2SnhfSFFnSlZ0dzcyMXplZ1FmZkhZSEFwTDRFT2Q5MUE3b2FRa19hVVEzcDA0cXpNY3c3TkpnR0l3QlpIYjBJMkE1UXlKOWRfN0x3RFVPdHZ1YksxWDZXdFUxU1d6VkZoaDJSZkhCZVZVdWxUS1U5Y3Uwak5SYWF2WERqUTN0OU5pWVhTd2U4aWgwVE5G?oc=5,"Wed, 02 Sep 2026 07:00:00 GMT",2026-09-20T09:08:28+09:00
GoogleNews:健康　トレンド,健康　トレンド,食のトレンドは「手軽＋日々の健康」がキーワード！手軽に健康を意識した料理で自分を労わる、新たな食のスタイルに注目 - TOKYO MX,https://news.google.com/rss/articles/CBMiZEFVX3lxTE10a2NWbHI1OGxKUGJCbm1YR2J1eWI3UHBlMDBHbFBzekhQbW5mRGpVVlFSX3dsOFYzNzdrQUNRdmVOUjFiT3ZYZmhpalRxaUJxb3d0UDJpLXJQa2tWOHkzM0doZTg?oc=5,"Thu, 29 Jan 2026 08:00:00 GMT",2026-09-20T09:08:28+09:00
GoogleNews:健康　トレンド,健康　トレンド,CES2026における「女性の健康」トレンド - newspicks.com,https://news.google.com/rss/articles/CBMiU0FVX3lxTFA0LWFVOERtZHBvMXE5MEZ6Mm8tNXE4c2xzMVg0bWtNNmFvc1hIc1U2V3FIczk1YlB3UFJxUnVHY29saGVpUmZ2SnRhX2VrWWhXa2F3?oc=5,"Sun, 11 Jan 2026 08:00:00 GMT",2026-09-20T09:08:28+09:00
GoogleNews:健康　トレンド,健康　トレンド,物価高への不安は「収入・資産不安」より強く、女性は10代‐20代から健康不安が高い｜2026年トレンド調査 - PR TIMES,https://news.google.com/rss/articles/CBMiakFVX3lxTFBseEpuYVRDRG1aX29MUGxMenhqUXZXeXBBZjlSa2NkSWhBdDE3RUdFMl9YbEhpNnVzc2VhdU1Ib0hTUXM0VW1PbUZaOExmR21BZG9kX09SMHVtdHhQeXk2TUgyb1lVMjg5ZlE?oc=5,"Fri, 09 Jan 2026 08:00:00 GMT",2026-09-20T09:08:28+09:00
GoogleNews:健康　トレンド,健康　トレンド,今年の「食と健康」のトレンドは？『あすけんトレンド大賞2025・あすけんトレンド予測2026』を発表 〜90億件超の食事記録データから見えた2025年のトレンドは「パーソナルカスタムフード」〜 - PR TIMES,https://news.google.com/rss/articles/CBMiakFVX3lxTFBoaXdSb1NNMGdfbTRqbkpGQnFVeEgwakhCSEsyR21rMGxpMXVrVkRneTFvaTcxQUVMMDRjbldRV0w1VnhNby1rQTZ0ZUo1Z2Z3MDYzUTV2YWVhcTJiX081cEUyM1RtdWxmVmc?oc=5,"Wed, 26 Nov 2025 08:00:00 GMT",2026-09-20T09:08:28+09:00
GoogleNews:健康　トレンド,健康　トレンド,カルビーが芋のミルクをセブンでテスト販売 狙うは「ゆる健康」市場 （2ページ目） - xtrend.nikkei.com,https://news.google.com/rss/articles/CBMidEFVX3lxTE4tVnMtRFh6RlhmeWVxMVkyalR5elNveUt2R3dvWDBZc2RhZkF4aDZYTlZ2d0FXU0N6UWVBRDZRcndiTm1DQ0ZiSnYtOUtfYkhlZUdOSlNMRTJ4eUUtRVVqSE90VzRiNTNuUlVNR0x6NlVXQ0dZ?oc=5,"Thu, 20 Aug 2026 07:00:00 GMT",2026-09-20T09:08:28+09:00
GoogleNews:健康　トレンド,健康　トレンド,腸内健康の新トレンド「ファイバーレイヤリング」って、なんだ？ - tabi-labo.com,https://news.google.com/rss/articles/CBMiU0FVX3lxTE1NNi15RU9MQ3BxaGcwYmZPZHR0aWhBZnh5elJ5ZDNNcVpqUWJMWTJhZFBSYXd2dno2dW5ibXNiRWtYWGJ5cVQ4ZnB6VGMtSXk3eHNZ?oc=5,"Wed, 08 Apr 2026 07:00:00 GMT",2026-09-20T09:08:28+09:00
GoogleNews:健康　トレンド,健康　トレンド,『あすけんトレンド大賞2025・あすけんトレンド予測2026』を発表しました - asken.inc,https://news.google.com/rss/articles/CBMiZkFVX3lxTE9xbVp2WkRQSUYwdWVjWGZRdEZFUWdTZjB4QVdMcnVnQ0NqUnJCUFRHbjhqblVUSnVMRE5aMk9WdWdDci1IalpVUkpQQXB3MlJKcnBicWVFMzlPenhUMllfdVhMcXlJZw?oc=5,"Wed, 26 Nov 2025 08:00:00 GMT",2026-09-20T09:08:28+09:00
GoogleNews:健康　トレンド,健康　トレンド,「1日1万歩」の必要はない！ 日本式ウォーキングが世界的な健康トレンドに - marie claire [マリ・クレール],https://news.google.com/rss/articles/CBMiWkFVX3lxTE9DLWxHaUVHT2dJZGg0cU9MbmY0M3diRDUxeVM1QWlydkNHcDg3c2t3bkVtQ2N4azgyQnpybTBCbGl2bTZkeTRxbmhzcEE1MzBKZXpnZGFrdEJPdw?oc=5,"Wed, 07 Jan 2026 08:00:00 GMT",2026-09-20T09:08:28+09:00
GoogleNews:健康　トレンド,健康　トレンド,【健康経営セミナー】【FiNC Technologies×GPS-Business 共催】Z世代に選ばれる企業とは？ 新卒採用×健康経営の最新トレンド ～2026年9月3日 開催！ - PR TIMES,https://news.google.com/rss/articles/CBMiakFVX3lxTFBHVEdCVWpUQ2h2WGJWWTNnbHVsNERuaXJhaW9fdXhlYVl5X25OR0I3eGo4ZmVsYnBfTTQ0V1llMkNuWGptdFV6akozdDlkQjVvQ2REeERLb2F5TlZGTmd2c1JoTG1RTHJ6Qmc?oc=5,"Wed, 19 Aug 2026 07:00:00 GMT",2026-09-20T09:08:28+09:00
GoogleNews:健康　トレンド,健康　トレンド,消化器系の健康市場の規模とシェア、トレンドと成長、2034 - Fortune Business Insights,https://news.google.com/rss/articles/CBMiswFBVV95cUxOd3VKcWdDMWZoWGNzblQwWFJUUnBQRXF0Y1UwS2FRZVdjRVJZang1RjdSMkN5TWZDMURqZ1hFX1J1RE95RExrQW40b010VE03UG5PR0FLMERpYVRScnQyMjZGemdVOFE0enFJUVNGUEV2RDZwR19qbDhhbEtOeExnaGlDV2U4Y0tjeWNHV0M1VmFZX1ZDOGNCTjRxWkM4ekpNR2FfSWFnSUw5RndMdk1LeExITQ?oc=5,"Mon, 06 Jul 2026 07:00:00 GMT",2026-09-20T09:08:28+09:00
GoogleNews:健康　トレンド,健康　トレンド,トレンド トラッカー：日本FFCの普及状況、韓国の健康補助食品生産状況 - NutraIngredients.com,https://news.google.com/rss/articles/CBMihgFBVV95cUxOdmxKWmI3SW53d2FvTnlFVHpfdTBVeGg2T2xFZzVfclpNQkNYclJKRXVrbjdVR3ZhajZ0bWxfam5vN2o4ZHA3cU52Tml5cHRVWFZlbWpYSDlLSlR5ZmJHZGt0UlJaUlhvQ3RkMkx4QUI0Z0dqSGhzZm5qSG02OWlCRmhhN0FIdw?oc=5,"Mon, 27 Jul 2026 07:00:00 GMT",2026-09-20T09:08:28+09:00
GoogleNews:健康　トレンド,健康　トレンド,加齢黄斑変性は早期発見がカギ 将来の視力を左右する - gooday.nikkei.co.jp,https://news.google.com/rss/articles/CBMicEFVX3lxTE1mS0NPSEdaNmxiWDNDUk10TWkzTktKVmNjanBycHZxV1ZzaGlkMHVvWkpsd24tVGtQWGJKcWJvUVVPNXpUYWJpbm5oS1ZDdl80QnhuVnc0M25WUEVBRnhqbEV3a1RNWUtwWmR2ZDFZeDk?oc=5,"Mon, 01 Jun 2026 07:00:00 GMT",2026-09-20T09:08:28+09:00
GoogleNews:健康　トレンド,健康　トレンド,私たちの一生を支える「漢方薬」 そのエビデンスと強みとは - gooday.nikkei.co.jp,https://news.google.com/rss/articles/CBMicEFVX3lxTE5BUUMyTlhIclBfMDBSLVJsZ1dOSDNQV2c0aGNFaG4zajFpRzZiOWs2U245OG9OZHl3ZnY0VU9ydDY5dTh0b2ZiZUI1azVPaFhzTmtpRkNqQktOVGNRall1WnJpWFY4YW51aV9ZZG9Edlk?oc=5,"Thu, 25 Jun 2026 07:00:00 GMT",2026-09-20T09:08:28+09:00
GoogleNews:健康　トレンド,健康　トレンド,女性の健康投資市場を形成する6つの重要トレンド - Forbes JAPAN,https://news.google.com/rss/articles/CBMiWEFVX3lxTE9vNmVHR05adG5oeElQNjJhT3lFMERIMzNOUWR0czRqUWZuTTA2bGc1VGZqZldXb1dOUEtaOTNoNENDZjk2ekI1OU5oOXkxWjIyc3JuM21UeTY?oc=5,"Thu, 15 Jan 2026 08:00:00 GMT",2026-09-20T09:08:28+09:00
GoogleNews:健康　トレンド,健康　トレンド,女性ヘルスケア白書 市場動向予測2026 〜健康トレンド・業界動向・女性ニーズ〜 - ウーマンズラボ,https://news.google.com/rss/articles/CBMiRkFVX3lxTE8yQ1BXMXpwVDZsTS1YLTZ4WWVTZF9UQ3ZfSTdGb2FoZE5ZdXFENlpIS21QcFE1T1lYVzlmOWE0RkN0TlRpZkE?oc=5,"Thu, 16 Apr 2026 07:00:00 GMT",2026-09-20T09:08:28+09:00
GoogleNews:健康　トレンド,健康　トレンド,韓国流通業界、紫色の「ウベ」商品で新トレンド狙う…視覚と健康感で人気（KOREA WAVE） - news.yahoo.co.jp,https://news.google.com/rss/articles/CBMif0FVX3lxTE45SmIwRDZpdzNzdDdkTnViTTlxdUxsejhobzJvQzRCV05GeGowUHBKZVV0SEFTaHpvWE9GVklGSDB6UXJoLU1LRlpseHRTWXlxSHdOMlVoNU1iLW55djNQSWEtbXRtLXFQT09Pc29NdXNSZ29SemdYdWZoNC1UUEU?oc=5,"Tue, 28 Apr 2026 07:00:00 GMT",2026-09-20T09:08:28+09:00
GoogleNews:健康　トレンド,健康　トレンド,インフルかかりやすい人5つのタイプが明らかに 2026年新株の特徴は - gooday.nikkei.co.jp,https://news.google.com/rss/articles/CBMicEFVX3lxTE43RXd1N0RIUW5qLXZDTExnMUlRcnBUX1g0eXNJc2lscjNwaDhhNUNhVDFZZk9pWkxMSG41ems3SkZxYV9UeEtEWnhPUjhMTEtQRUNpR2dkVWRibnhDalVQUHQwdXVod1N0UkEzLWxBaDg?oc=5,"Wed, 07 Jan 2026 08:00:00 GMT",2026-09-20T09:08:28+09:00
GoogleNews:健康　トレンド,健康　トレンド,健康な社会づくりを目指すミラノ・コルティナ2026とイタリアのAI／サイバー政策：海外医療技術トレンド（128）（1/3 ページ） - MONOist,https://news.google.com/rss/articles/CBMib0FVX3lxTE5ac1ZPTVdMZXEwRjIzNDFLMjk2U0JFR1lucjFSeDBSWi1jOWllMndZRVJEQ0tYUFJVZWhRQk1uVXRucXlOU2ZPWmVrMjBWeld3TzZEUGIweEQtMEREMVRMNDVXQkRieHFQYmNoMjIxVQ?oc=5,"Fri, 13 Feb 2026 08:00:00 GMT",2026-09-20T09:08:28+09:00
GoogleNews:健康　トレンド,健康　トレンド,「24時間の健康管理」へとトレンドが変化した最新ウエアラブルデバイス6選【本当に売れているモノ＆売れ続けているモノ】 - GoodsPress Web,https://news.google.com/rss/articles/CBMiVEFVX3lxTE5OaHhwdGkzU2xfUEl3ZnNnUnNGR1RXcUdZLWRiMXlXMXJZdE1GT2ZpYTVrdEdUZUxIQmJzcDdvUEMzNmVFeEExTXdDR21qUGtQbHJYdQ?oc=5,"Wed, 15 Apr 2026 07:00:00 GMT",2026-09-20T09:08:28+09:00
GoogleNews:健康　トレンド,健康　トレンド,【最新トレンド調査】健康を考える飲食品〜中国、台湾、タイ、アメリカ、イギリス - manamina.valuesccg.com,https://news.google.com/rss/articles/CBMiV0FVX3lxTE9lRjZuSW5SU0RXR2JzU3d3ek91SF9ZM28xeG1UMVpGQWIxNXlwY2dXWXNnSkVyX3Z6Xy0xcmN2d3Mwb29rZnNFWnJsRW0zQ0pSR01TbVJaVQ?oc=5,"Fri, 28 Nov 2025 08:00:00 GMT",2026-09-20T09:08:28+09:00
GoogleNews:健康　トレンド,健康　トレンド,コカ・コーラのCEOは健康的な食事のトレンドに注目しているが、それはプロテインではない - Business Insider Japan,https://news.google.com/rss/articles/CBMingFBVV95cUxQX083ZzFWRGdzY2htZkV3ODcwRFQ2UWlUM2hsNk9TNlZIM2VFQnZVLTB3WWljU0VGa3huaUJvcWhNZG8teFVqMDhJMXVHVE4zQ2tNRzRmT1BfMFlQelRwN1c1cUZxRTFmbE9LZ0lVTGNhUnFreXVPNkdHQXlPTWpqV0NCeG5qQ3RLN2FPN2lPalZZNnd0T3gyZlhfbUJKUQ?oc=5,"Mon, 26 Jan 2026 08:00:00 GMT",2026-09-20T09:08:28+09:00
GoogleNews:健康　トレンド,健康　トレンド,健康・機能性市場トレンド2025 秋・冬 - ダイヤモンド・チェーンストアオンライン,https://news.google.com/rss/articles/CBMiaEFVX3lxTFBFcEhtbl9kYmYxYk1kZjQ1Sjg3NVdZaENmQmhIQmlwWXVBMGpJUHA5YnJfWlN6bDZSUU5SV19IMWxoRmFYeGdETmUtT0JoLVBtXy1yLS1sQWxtcV9FNEVJUGxKM3Q4QWNN0gFuQVVfeXFMUHc1OVFLaTFkM2tCTmtZRDFHdG5XcC1VUVMzNG5oRDRNcFlfTFUwWmR2ekh4TXBEWG1JWEJUcVR4RUM3bnRTR2l6alVaeVA1VV9kYmpfaHRIbDNBemtFSnE1SGlHdnlkWUV1Y3AzMGc?oc=5,"Fri, 24 Oct 2025 07:00:00 GMT",2026-09-20T09:08:28+09:00
GoogleNews:健康　トレンド,健康　トレンド,【母の日検索トレンド発表】母の日関連の人気検索キーワード、2026年の傾向・トレンドを紐解く。2026年は「健康・癒し・実用性」。「母の日検索キーワードランキング TOP15 2026年4月版」を発表 - PR TIMES,https://news.google.com/rss/articles/CBMiakFVX3lxTE1WSm1yUlM0MUFubDNSRllDZ1BBVzlweEl6THVOdVphU3lvSGhuZXhTYlowUEVLZTh4Ul9YaWZ6NWJjS1lzSXNpbmg5TC1zUEI2UEg2TFVBQkxNN044dW9yRjR1YUNPUHNoYmc?oc=5,"Sun, 03 May 2026 07:00:00 GMT",2026-09-20T09:08:28+09:00
GoogleNews:健康　トレンド,健康　トレンド,新春特集第1部：重大トレンド解説2026＝健康寿命の延伸 エピゲノム年齢で提案 - 日本食糧新聞・電子版,https://news.google.com/rss/articles/CBMiakFVX3lxTFBUdUwxX25iY0VDczl6bkV1WlRTLXZTaGttS20wWkxUQnd2bEFrZ19JOFRFekl1Nk5UZ09pVGRTS2M0QWxNMVB0TW1vc0FxVWJ1OFhaRjg3N25ZMEh0cjJFVGpSV2ZtOFJJQUE?oc=5,"Thu, 01 Jan 2026 08:00:00 GMT",2026-09-20T09:08:28+09:00
GoogleNews:健康　トレンド,健康　トレンド,【来場登録開始】国内最大級の健康・美容ビジネス展「健康博覧会2026」2/25-27開催 ～新企画続々、400社が最新トレンド発信～ | インフォーママーケッツジャパン株式会社のプレスリリース - PR TIMES,https://news.google.com/rss/articles/CBMiakFVX3lxTE5tUlR3Mnk0T3U1WmhsZHhTTWNTSDB1YUFDVm5iZWF2b0xSenFFdVhMSDEyTTJEQTZxNVdOaDAtdmEyNEZ2aDJPb0xnRWFYR01kVWUyQVgtSGZZZGlDbzFGaUJicGhlNEREcnc?oc=5,"Wed, 24 Dec 2025 08:00:00 GMT",2026-09-20T09:08:28+09:00
GoogleNews:健康　トレンド,健康　トレンド,ファバ「青ラベル」2600万個販売 トゥレジュール「SLOW TLJ」の売上30%↑低糖高タンパクを武器に健康パン市場攻略 - 매일경제,https://news.google.com/rss/articles/CBMiU0FVX3lxTFBNMi04QmprNC1XbndYMmJyQzZBSmJ5TFozOHZLRmJ1VWxrdFJ4SEtvLWRGMmU3dDU5V3BHQ0pnaDAySm5xN2JMZVVJd2x2SU4zQi13?oc=5,"Sat, 09 May 2026 07:00:00 GMT",2026-09-20T09:08:28+09:00
GoogleNews:健康　トレンド,健康　トレンド,24時間リカバリーウェア「ReD（レッド）」 マイベストアワード2025トレンド健康グッズ部門 最優秀賞受賞 - 株式会社MTG,https://news.google.com/rss/articles/CBMia0FVX3lxTFBiTS1RT01fcWotcDhVLXJkYURYU3hYMmFSODk2RHhVdmc5UTVzMUdWUFp2aXJpNUVkaXJYMWhNaDBJWDl0cHpCdlZVZUc0QzE5U0xYMjRnWXR4N2JSMDlPNXNLb2dwRVltVU1n?oc=5,"Fri, 28 Nov 2025 08:00:00 GMT",2026-09-20T09:08:28+09:00
GoogleNews:健康　トレンド,健康　トレンド,栄養士・管理栄養士200人に聞いた！2026年トレンド食材予想TOP３は「発酵食品」「冷凍野菜」「サステナブル食材」キーワードは健康×時短×環境 - PR TIMES,https://news.google.com/rss/articles/CBMiakFVX3lxTE0wdTFzOHM2a1ZhaXE2TjY5Q2F1Ry00cWFkcXZWQ0dzTDhMTXR3a1FyVWl0SWNQUS1yRkFmU1RkRXYtMTl0RzVrdEhBZzlWdllxaHNNMDZkZExpTHRPTVc3VHBZSUhtdVJjc0E?oc=5,"Thu, 04 Dec 2025 08:00:00 GMT",2026-09-20T09:08:28+09:00
GoogleNews:健康　トレンド,健康　トレンド,「もうちょっと父の日も頑張ってもらいたい」健康を気遣う商品に…疲れを癒やすケアグッズ 今年の父の日ギフトのトレンドは？ - 日テレNEWS NNN,https://news.google.com/rss/articles/CBMihwFBVV95cUxPaUsyNkhHWEdhcWdKNEs0S1NPLVl4WThQMkJuT0FQZ01tMEttRjZJallHZW1rVHo3UExXWEpib1YydFJjNTRKSWRFUEJTVW93MTR0c2hrWTJJc1lORFh3UlkzVE1YczgzaXl4Y0RwTGFzOUJFVDFIbFZyWHFKZ1kyT3BJNmpEbnM?oc=5,"Thu, 18 Jun 2026 07:00:00 GMT",2026-09-20T09:08:28+09:00
GoogleNews:健康　トレンド,健康　トレンド,皮膚の若返りがトレンド、治療は今や内側から健康に焦点を当てています - VOI.id,https://news.google.com/rss/articles/CBMiSkFVX3lxTE5ldml1TjFYYmEtOE1PUms0TmpCTnI2LU0zbnpPOUJyaGJDaHVUX0hHMmtTSURWamMwN19tSG9DNy1ONnFVMWhmUGNn0gFCQVVfeXFMTzlTa2t0UkFZblRzSFkzbmNPNzEwdUJsZlBWRWlGOWNHNl9NMS1EMk94YlVBRXA3Qm5iUWxCUTF5Zml3?oc=5,"Fri, 04 Sep 2026 08:42:00 GMT",2026-09-20T09:08:28+09:00
GoogleNews:健康　トレンド,健康　トレンド,株式会社enstem、日経クロストレンド「未来の市場をつくる100社 2026年版」に選出 〜働く人の“健康起因リスク”可視化の取り組みが評価され、「健康・ウェルビーイング」領域で選出〜 - PR TIMES,https://news.google.com/rss/articles/CBMiakFVX3lxTFBael9UQzJzM3hFT2stMVRhTmFncEFuX0NMSGNxd2lodGNaSVVtQ3o4Z2huR1FscDJmLVdtMzVJM2w5V2JNZjViZnlhQ0U2dlhXQWVqbTBqZ2pmQk5tVEhmVEJTb0I1UWhGVEE?oc=5,"Fri, 12 Dec 2025 08:00:00 GMT",2026-09-20T09:08:28+09:00
GoogleNews:健康　調査,健康　調査,国の水俣病健康調査「熊本地震に配慮して実施」 バス代替輸送も検討 - asahi.com,https://news.google.com/rss/articles/CBMiZ0FVX3lxTE1OdmRSYjlKQkprQ2gxOENIckxpNEloXzZrSkJKcGg1dTRjdXZYbWdZQ0o2aXQ3YVFjVzRxWEVqc0kzNGk4d1A2YW1RWEk5SmxvU1RKMmNMTXVrTEFiOFMzbmFmNlNsYzA?oc=5,"Tue, 15 Sep 2026 11:00:00 GMT",2026-09-20T09:08:30+09:00
GoogleNews:健康　調査,健康　調査,水俣病健康調査の開始めど立たず 熊本地震影響で環境省が説明 - 西日本新聞me,https://news.google.com/rss/articles/CBMiVkFVX3lxTE1xblVSdjB4WlpMbEhiUnZ0cURrdWxfSER2d0VsbmQydDFjanN4NW9ObFJVZllITE9oZlZEYkVLY3c2dnF5dC1kRDFZWDdOWWJNM18tNklR?oc=5,"Tue, 15 Sep 2026 21:00:00 GMT",2026-09-20T09:08:30+09:00
GoogleNews:健康　調査,健康　調査,中食に関する実態と健康の意識調査｜若年層はコンビニ、高齢層はスーパーへ。約4人に3人は普段から健康を意識。 - PR TIMES,https://news.google.com/rss/articles/CBMiakFVX3lxTFBGUFk5eWYzdUhfWGxtcXA1X0pCQ1ZTYUxxV2MxVWk0YTVDelZhWUNKcUlhb0lkZUlMVEZuSGhSeHpMQ2NwOG9lVVVGbG9RZ0x5NWtUVlI2cTJaT3ppZUE2ZjlHZThWRjZUYXc?oc=5,"Fri, 18 Sep 2026 08:00:02 GMT",2026-09-20T09:08:30+09:00
GoogleNews:健康　調査,健康　調査,各種健康診査・がん検診 - city.fukaya.saitama.jp,https://news.google.com/rss/articles/CBMiugFBVV95cUxQT2oxZkZfbW5TdHJPSFpXblhWenRYOC1GdjNSN1RTQ040WkZTeTMwanpPZXZIc1RubUsxRFR2cXZQbEJzSFFUQzE3Y20tc3hYNWtzWGtYb2VqWWdEX3FEbWxacEJPNHFLUDdqVU9NUFVTMFZsUHNDbkNhOFpaaTNNWVZyRW9fT0tNZEQ4bWN4cGNKUlJWNFNIaFpBR0k3M0k0OVhMNTVsRC1oNEJyZko1cnNDWlU5ZTJlZUE?oc=5,"Tue, 01 Sep 2026 07:00:00 GMT",2026-09-20T09:08:30+09:00
GoogleNews:健康　調査,健康　調査,国の水俣病健康調査「熊本地震に配慮して実施」 バス代替輸送も検討 - asahi.com,https://news.google.com/rss/articles/CBMibkFVX3lxTE9uY1Q2a3NLR0F2dFhSaHRyaHB5Zng3d0RMZXNpZHNfREVOb0xycnVGa1BjN0RLZFRSa0Z6VlRqb3JZODhBeHZ6STdIbi1BM2wtMzE3TmxRbW92bXRFNXdtdUhnZzB2S2VQSFBST2Vn?oc=5,"Tue, 15 Sep 2026 11:00:00 GMT",2026-09-20T09:08:30+09:00
GoogleNews:健康　調査,健康　調査,氷見大雨、被災宅訪れ寄り添い 県内各地から保健師、健康調査・支援に奔走 - 北日本新聞webunプラス,https://news.google.com/rss/articles/CBMiS0FVX3lxTE16TXlBR1lKdXExM0kxclFSQW9mNnFoSEJGUzZvWHRROE9RQWRCVGlRNnpXN0FBcm5pbHZuZ0VpNUhGOVg0S2NsRnRIQQ?oc=5,"Thu, 10 Sep 2026 20:00:00 GMT",2026-09-20T09:08:30+09:00
GoogleNews:健康　調査,健康　調査,水俣病健康調査「中止を」と要望 被害者、拘束時間長いと環境相に - 山陽新聞,https://news.google.com/rss/articles/CBMiZ0FVX3lxTE0wU2ZIM1pmWGJxVTlUdU5Iai1WQ0F0ci1mMWd3N3ZtblU5SE1FaERKVW52dE1tSWd1d21xd04xY20yMWdQVDNQRDRsVVQ5TGZJREw2NHRQaGhlTW5lYW1NN3JoOG5EVXM?oc=5,"Wed, 09 Sep 2026 07:00:00 GMT",2026-09-20T09:08:30+09:00
GoogleNews:健康　調査,健康　調査,マカオの児童の29.1%が近視、過体重率は13.5%…2025/26年度健康調査結果（マカオ新聞） - news.yahoo.co.jp,https://news.google.com/rss/articles/CBMif0FVX3lxTE9QdDFmaVdOVzhRWmZfMjhRbXhlOVR5WHdGVENhd01ZX0ZWdlJFRFhNeFFjR1pHUjBTOTBHeHVXbDdjMGRrSTRQZVhuMVpZQVFPcVJzNVI5S2Y1UURwN2o1SUhrbGcySGFVaXo3SjUyV1diSk5SSW5uTEdxZUlka0k?oc=5,"Mon, 14 Sep 2026 06:20:01 GMT",2026-09-20T09:08:30+09:00
GoogleNews:健康　調査,健康　調査,「健康経営銘柄2027」・「健康経営優良法人2027」の申請受付を開始しました - meti.go.jp,https://news.google.com/rss/articles/CBMiY0FVX3lxTE9wQjg2SC1uZjR3WDE0RUxOckpqMFM4cTlOazRUUXIzYmxheTNZT3YyVDlZem54SWNoZi1LRnZLWTlGajhTU21zVnRSUkJQM1BqYUo4T2g0V0lFYjl1Yl80T2RNVQ?oc=5,"Mon, 17 Aug 2026 07:00:00 GMT",2026-09-20T09:08:30+09:00
GoogleNews:健康　調査,健康　調査,能登半島地震・奥能登豪雨の被災者、65歳以上の半数がフレイル予備群 石川県が健康調査結果報告書を公表 - 中日新聞Web,https://news.google.com/rss/articles/CBMiVEFVX3lxTE5VWm15Q1JSUU04OXk5aGRyN3NoQTAyWURuWW5tTmFoSktHNDZYSzBFUmdRMFpUMU82c2VSYlJ4WHViajZ6VU9QelZZMk9DaElxNUhmaA?oc=5,"Thu, 03 Sep 2026 07:00:00 GMT",2026-09-20T09:08:30+09:00
GoogleNews:健康　調査,健康　調査,厚生労働省 老人保健事業推進費等補助金 老人保健健康増進等事業 - nttdata-strategy.com,https://news.google.com/rss/articles/CBMiVEFVX3lxTE5Bdm1MMzVNY1ZaWkVSWEdFa2ZOZjNnWmEyRElvbEljREtoZzNsS09rTWRJek1DNHVTMWxzS043UDhjd19mLV9rOWwydnh6TjJQbVp0dQ?oc=5,"Mon, 17 Aug 2026 07:00:00 GMT",2026-09-20T09:08:30+09:00
GoogleNews:健康　調査,健康　調査,奄美市健康体験交流施設再整備活用プロジェクト - city.amami.lg.jp,https://news.google.com/rss/articles/CBMiZ0FVX3lxTE1IVkp0ODNuMzRNOF95YVh4aVczVHpPVjYzN281c3F5QjhVbTI5ZjdmRWVUcmMySVR4ZFpHSlI5eE5XaXdqVGhmZko3dWRlRTdoSnI3MHpQSHlucEFlT1E1cTJKbnR4Ymc?oc=5,"Wed, 01 Jul 2026 07:00:00 GMT",2026-09-20T09:08:30+09:00
GoogleNews:健康　調査,健康　調査,能登半島地震の被災者7346世帯の健康調査結果 仮設住宅居住者で心理的ストレス「高度リスク」が増加 - TBS NEWS DIG,https://news.google.com/rss/articles/CBMiZ0FVX3lxTE10eHllaDdqTm5GaXNjSUFOcVQydldmWURUcUE1VGk3ZFBvcXdqdlNUWTUxUmJHcm9MaWZtTmZ1UGJVNjNSTmJaZ1R1bHFJS3BxdTFHTmlEcmgxY2JvVG5XY3JiZjNUbjQ?oc=5,"Tue, 18 Aug 2026 07:00:00 GMT",2026-09-20T09:08:30+09:00
GoogleNews:健康　調査,健康　調査,北海道の喫煙の状況 - pref.hokkaido.lg.jp,https://news.google.com/rss/articles/CBMigwFBVV95cUxNdFpfN1FUNXFwUm40T0toUGZxS2VSci0wV2p0WDdNbTg0VnNZa2tCdVlDQ3YyMGI1alVMWU40NVRjeks2dlZwT2dqOVJPU190VW94THUzV0xjU2haNUhONFRBa3F4ekwxUzI3Zk9Ia2wwV2dLUmVkRlJJT2tHWXBpbEpNWQ?oc=5,"Wed, 19 Aug 2026 07:00:00 GMT",2026-09-20T09:08:30+09:00
GoogleNews:健康　調査,健康　調査,国の水俣病健康調査「熊本地震に配慮して実施」 バス代替輸送も検討 - asahi.com,https://news.google.com/rss/articles/CBMijgFBVV95cUxNR3RZbTVaQS1rZUZENHZ3VGZ1Z0xGNm0zX3ItUzY2YWM3YVBZd0ZlU285SE1BWDBuSzRQYnZVMER0YkpMSUhCMW1mdFhySkszeHJhbk02SHk3MHBhWnhiLU13NXItU3JVdy1GUEk1V1d0OXNWOWN1SFNFOXdfM3R4RmY5SEZqdWJSZFNHYnJ3?oc=5,"Tue, 15 Sep 2026 11:00:00 GMT",2026-09-20T09:08:30+09:00
GoogleNews:健康　調査,健康　調査,水俣病対策に111億4千万円、環境省が概算要求 健康調査の開始、見通し立たず - 西日本新聞me,https://news.google.com/rss/articles/CBMiVkFVX3lxTE9WeTJjZVA5UmtUdnlleXVWQXlCaGFSWW05aVJSTDNyWnY2UndJNlpFS3lBeWxQRmE0S3dmcjhlNUhDVlEtWmh5YzBDMmxuNVBIeFlOWG1n?oc=5,"Fri, 28 Aug 2026 07:00:00 GMT",2026-09-20T09:08:30+09:00
GoogleNews:健康　調査,健康　調査,能登半島地震の被災者7346世帯の健康調査結果 仮設住宅居住者で心理的ストレス「高度リスク」が増加 - TBS NEWS DIG,https://news.google.com/rss/articles/CBMiV0FVX3lxTE83ZDdyWk1kTFBPSXdFQjJYbExfOVNrSDhLUDBITTNGYnFzeUdMTzVXejdlbkFwcVA4dkdfRUxvcHgtdHk5TGdZcDBzRmNPdVZaQnFqbXlSdw?oc=5,"Tue, 18 Aug 2026 07:00:00 GMT",2026-09-20T09:08:30+09:00
GoogleNews:健康　調査,健康　調査,マカオの児童の29.1%が近視、過体重率は13.5%…2025/26年度健康調査結果 (マカオ新聞) - news.yahoo.co.jp,https://news.google.com/rss/articles/CBMijgFBVV95cUxQLUlIb0FGOGE2Z1N4cGlDN3V1MWxjSlk1aGo3UEJkTWtjZ0JvTXlqMjF6REgzVU1aaDlPSXB2S2JQSEVLZ0dycW0zTndYY3hCelp3WUx6RW5iNnNtX1dRRncwbURlMlBqbHc3ZXdMcnR2U2tTQVhxZWRpM2ZuUG5tUDVIWTd0TXZKdVVoR3lR?oc=5,"Thu, 10 Sep 2026 07:00:00 GMT",2026-09-20T09:08:30+09:00
GoogleNews:健康　調査,健康　調査,仮設住宅の被災者、心の健康リスク高まる？ 石川県が2度目の調査 [石川県] [能登半島地震] - asahi.com,https://news.google.com/rss/articles/CBMiZ0FVX3lxTFBfcllQd0dNNkViY3RNOHdfbGc5cGsyazlTTjNXR1BMSmJ3UU0xbVlxT0RsU1UybGtjcmU1V0JzZzJLRExWNlRsdDQ1ejJwbGpuZ3c1SUtvT09EVGpvaHJ5UGFfM25mdFE?oc=5,"Wed, 19 Aug 2026 07:00:00 GMT",2026-09-20T09:08:30+09:00
GoogleNews:健康　調査,健康　調査,水俣病の健康調査、環境省研究班「実施し得る」今年度実施に向け結論 - asahi.com,https://news.google.com/rss/articles/CBMiZ0FVX3lxTE9XNDRSdjVnLVQ1b2tNT1RkYzVMMUZwSW5yWkhGTU9QT05wQ1lab1F4WVF2RzZzbWFScndLZ1cwX1BseVhfcEFoRl9qM0xURVJXSG51TzhOT2pxekxEcWkxbDVMeGNiVTA?oc=5,"Wed, 22 Apr 2026 07:00:00 GMT",2026-09-20T09:08:30+09:00
GoogleNews:健康　調査,健康　調査,令和7年度幼児歯科健康診断実施状況 - pref.ibaraki.jp,https://news.google.com/rss/articles/CBMigwFBVV95cUxQRnBuM2doTnlQTi1POWIwM0J3OUtQTmpZMHpiSnJGRUthYU5Dbk1udnlhZENLR2hJeWtoX0J6T05Pai1jMmI4VTA4REtPOXEzT3dFYkoxVU0yRmYxMVNHS1ZISGpOSTY1OUNvcmVsWVI0MVM1TEFkd2JRMHloY21vSEpkVQ?oc=5,"Thu, 18 Jun 2026 16:24:37 GMT",2026-09-20T09:08:30+09:00
GoogleNews:健康　調査,健康　調査,水俣病対策に111億4千万円、環境省が概算要求 健康調査の開始、見通し立たず - 47news.jp,https://news.google.com/rss/articles/CBMiS0FVX3lxTE9hT0w1VTd4T0Jjd09UVDZCOGtHcng3ZUxpT0NOZ1IzNFMta19ZRFpwQ1NnZnFPVHJzN3J1ektNdmthMDJFakRhUFBBQQ?oc=5,"Fri, 28 Aug 2026 07:00:00 GMT",2026-09-20T09:08:30+09:00
GoogleNews:健康　調査,健康　調査,能登半島地震の被災者7346世帯の健康調査結果 仮設住宅居住者で心理的ストレス「高度リスク」が増加 - TBS NEWS DIG,https://news.google.com/rss/articles/CBMiYEFVX3lxTE50VnIzblBpUWdrVzhDQy1rQUR1NmJDZ3R2ZFd1U2Vlc3NUMzJkZTJ3MDdtYUhubll0d1FVQmE5MFhhOUxrbzVsbHRjZmI2cTNjWmd4ZWpfR0FRNk5oWW9nZQ?oc=5,"Tue, 18 Aug 2026 07:00:00 GMT",2026-09-20T09:08:30+09:00
GoogleNews:健康　調査,健康　調査,能登半島地震の被災者7346世帯の健康調査結果 仮設住宅居住者で心理的ストレス「高度リスク」が増加 - TBS NEWS DIG,https://news.google.com/rss/articles/CBMiX0FVX3lxTE1uVWZuOUVOdkZhaGI3X1RwMGllY3ZvS2pNQ0ZyMmExbVVUOHBscTZoSDRNSEdkbVhrVVBaYXlLRkhmX1pwSWtsbF9HRkZuM21vaUNJVXZseFRJR1BMU0hN?oc=5,"Tue, 18 Aug 2026 07:00:00 GMT",2026-09-20T09:08:30+09:00
GoogleNews:健康　調査,健康　調査,-第3回 食と健康の意識調査を実施- | 一般社団法人 日本最適化栄養食協会のプレスリリース - PR TIMES,https://news.google.com/rss/articles/CBMiakFVX3lxTE1hSjJxUktvSUgyT1M3RVlQZFBIMk9JdEVadzgzUk9laENxeUstNGRlc1Z6eTN0M3EzN25BT1o4TmdJaGk2bkx2S21rVmRQdmhnZ3FHXzZRZXhQbDM3cE01a0pqelJ5QjQ2d3c?oc=5,"Wed, 17 Jun 2026 07:00:00 GMT",2026-09-20T09:08:30+09:00
GoogleNews:健康　調査,健康　調査,世界肝炎デー 2026 in SAGA にて健康一番プロジェクト「健康調査イベント」×「ロマンディスコ」開催 - PR TIMES,https://news.google.com/rss/articles/CBMiakFVX3lxTE5aa0cyTS1ndlNmcGl5Wk1yVlQ1YldZbjQwVkwzUDRlenFxUDViTTVOMXdGTmNiUm42b21NZXhDZ1c0V1pFNkk4aUhscGRSNGdBWFFLZVI2LWhmWlVTZzRjV181NlYxamV2N1E?oc=5,"Thu, 06 Aug 2026 07:00:00 GMT",2026-09-20T09:08:30+09:00
GoogleNews:健康　調査,健康　調査,［水俣病公式確認70年］「住民健康調査」科学重視の国、救済求める被害者団体の間に深い溝…新たな線引き懸念 - 新潟日報,https://news.google.com/rss/articles/CBMiXkFVX3lxTFAwMVdVdWdqcXpIQk1NYnlhLUctWk10TE1EVjFpcGk1MUJRSC1vSlVwRm1RU1RteTFRcDdoUHhoakNwNDA1NW5SWUhyMzFYcGUycmJiR3k0SXFrU3g4Z3c?oc=5,"Mon, 08 Jun 2026 07:00:00 GMT",2026-09-20T09:08:30+09:00
GoogleNews:健康　調査,健康　調査,被災者の1割に健康リスク 能登地震と豪雨、石川県が調査（共同通信） - news.yahoo.co.jp,https://news.google.com/rss/articles/CBMif0FVX3lxTE1QVkVLdTFGVEI4OGJhdjBDcUhWaEtRM2dvVjRhZlRHYmhmb3c4OHBtTFlpNXdSbWZYejYzQjU1QVBGZkNIZnJTNE9rd2lsNVZyYnprcHZJOGxRYVdYZzhVZUlWZWsxUkdBMjJVNzVBOGs5M2xyTUF5U01nVHdyY2c?oc=5,"Tue, 18 Aug 2026 07:00:00 GMT",2026-09-20T09:08:30+09:00
GoogleNews:健康　調査,健康　調査,子供の2型糖尿病、有病率は想定を上回る可能性～全米小児健康調査｜ニュース - dm-net.co.jp,https://news.google.com/rss/articles/CBMiWEFVX3lxTE9yVVhOcVNRUkpfQnlNMUNiQXljWll2YkdoYUs1TFZOYUVjeWpXaDNNdk04aWY1NFB4SDg3clI4RVoxMi1GeDhjTjdpNGRJNlppZkFlU3Zjaks?oc=5,"Thu, 25 Jun 2026 07:00:00 GMT",2026-09-20T09:08:30+09:00
GoogleNews:健康　調査,健康　調査,能登半島地震の被災者7346世帯の健康調査結果 仮設住宅居住者で心理的ストレス「高度リスク」が増加 - TBS NEWS DIG,https://news.google.com/rss/articles/CBMiWkFVX3lxTE5lMUVWeGFfei1xT085YndkSzVGa25SNmhScnlWWXpsMmRTcmpJWnpJN05wLXNLcktWWGxZRGdpeElsNkxRSjBwUDVidldkT3NtUUdzRlJxM0Fldw?oc=5,"Tue, 18 Aug 2026 07:00:00 GMT",2026-09-20T09:08:30+09:00
GoogleNews:健康　調査,健康　調査,各種検診（特定健診・がん検診等） - city.satte.lg.jp,https://news.google.com/rss/articles/CBMib0FVX3lxTE5NeXVzRHJaYU8xSmpYNWRzZEVOdzJGZHp1NEx4ejBHZU9DWndlUWZFRWNOZFdFMk9Ca3BBMm9UOXg3ZW5yRXZxLUNiOS1QOGJSNDNHSHhTYXN1bnFITzg0MzdFQU1Tc04xaU9Ub1dPQQ?oc=5,"Fri, 01 May 2026 07:00:00 GMT",2026-09-20T09:08:30+09:00
GoogleNews:健康　調査,健康　調査,「しびれは悪化の一方」やまぬ救済の訴え 健康調査の実効性は? - 毎日新聞,https://news.google.com/rss/articles/CBMiaEFVX3lxTFBoSEZZMzVDQTRUTURpX2d2aUdHYXljN0l4T3I0dkI2OGUzVzhSMHNmSm5NbUFJSGN3NVc2bTE3Ql9SWkllMDl4c3cxTU5CQThOa0Z0aW82RTdHM0EyMWRPLXEwTjI0T1Nl?oc=5,"Fri, 01 May 2026 07:00:00 GMT",2026-09-20T09:08:30+09:00
GoogleNews:健康　調査,健康　調査,「精神的健康」調査で日本が最下位、韓国はワースト2位＝韓国ネット「納得」「もっと支援を」 - ｄメニューニュース,https://news.google.com/rss/articles/CBMiigFBVV95cUxPcVFDUFluanB0eFBJcnRISzhiRUtNb3MwNXJneGJzZDEyOGhBdl8xcjE5WTVaMTBYZlh4NVdPYkpPY1JybG40M3cxenJ5RzFRRWl2azBQQ3JaMjRxQnR0MF95alNadmp5RUV0c09wQkk0NC1WVDVQYWVQVGp6aVBMMXhSS25KOTlyUWfSAY8BQVVfeXFMTUxHT3lNNTBuU3BhVHpxdHg1VG9hNG9ST2tVMnYzUW5EV1d2N3g5S1FPLU9zb2g3T1lsRGNFUG9maUlTMnlHYzF5R2hHZm4zQThSQWQ0MGlSbGVxbU5MbHgtenhMNEgyUG01REN5UGFuc2ZacDJBRExhMHZWU2dyMUZndnZ3anBZNE91ZWhKTjg?oc=5,"Wed, 29 Jul 2026 13:44:43 GMT",2026-09-20T09:08:30+09:00
GoogleNews:健康　調査,健康　調査,Sansan、女性のライフスタイル調査を実施美容・健康意識は高い一方、 リフレッシュや人とのつながりは不足～現代女性の「隠れたギャップ」が明らかに - Sansan株式会社,https://news.google.com/rss/articles/CBMiWkFVX3lxTE5adUpCS0ZadjZHV0hNd2dYZXBFTFN4LUZLWFVvTUdKRW53UlFkdDB2N2JsMmhFVjJpbndTaVNFdkJQWFAzeHZIdVZQWUJtN3BCaGNDdHlMQVB2Zw?oc=5,"Wed, 27 May 2026 07:00:00 GMT",2026-09-20T09:08:30+09:00
GoogleNews:健康　調査,健康　調査,令和8年度岩木健康増進プロジェクト健診が始まりました - hirosaki-u.ac.jp,https://news.google.com/rss/articles/CBMiVkFVX3lxTE1xMXRtcGx2YzJQTVd3ZkdvczRhYk5TTkZtQ3g5UUdRemUzRXNmdEdyaXBOUjg3NjFVSzQ5dUc4b1ROV1Z6QUduU1hiNVlQUVVqb180WU93?oc=5,"Tue, 02 Jun 2026 07:00:00 GMT",2026-09-20T09:08:30+09:00
GoogleNews:健康　調査,健康　調査,能登半島地震と奥能登豪雨の被災者 仮設住宅生活で心理的ストレスのリスク上昇 石川県が健康調査 - 日テレNEWS NNN,https://news.google.com/rss/articles/CBMihwFBVV95cUxOWXFSRUw0UHBSUjhwQ00tY2lIeXhLQUZabnpHZ085VGFRV0V2aFBtczY4ek1xeUtLc0I5Wm1VeWl2TDhyV0pqTUh6NDhaMXVZQnJjQS1MU0xjNWYtR255ODlWWW1JRmZDaWlYaUFHc0RndFBsRXRYNVJOeThpTFJPd2FMYWtBVDQ?oc=5,"Tue, 18 Aug 2026 07:00:00 GMT",2026-09-20T09:08:30+09:00
GoogleNews:健康　調査,健康　調査,［医療ルネサンス］長寿県の秘訣＜３＞大学が長期的な健康調査 - 読売新聞,https://news.google.com/rss/articles/CBMivAFBVV95cUxPVXZJMXdQQmcxWEU4Z1dCUXh0WHpfZTlBMzZOOFJiT3A0dEh0X3hVV0N6Q3BTMldrR3BaOEUwa2tyNkJFZFVBSFJPbnNnMFV3RlE0THEyVjZqS2x4S1dvdDIycURKaUNMeXFVdjJwQXBhWURFR0ZmcldDSXY0azBENjl1cWRlaXdTSmlWSGRtNDN2V1J1M1psUzZ1bDU1QUkyY2xjalNXYWNQc3pXQVlTdXVqWklCQ2taZkpXdw?oc=5,"Tue, 14 Jul 2026 07:00:00 GMT",2026-09-20T09:08:30+09:00
GoogleNews:健康　調査,健康　調査,PFASによる健康被害の調査を市民団体が県に要請（沖縄テレビOTV） - news.yahoo.co.jp,https://news.google.com/rss/articles/CBMif0FVX3lxTE1RXy1iUEJxbGhoRElxemd5ZGJMLU9mSV9zSDRldzBNclJJMm1ReVpvU2Zvbm5NMW9FRGt3VUpydk5oNWVSbzZyVmFKVExrdTdvWGZVZk9kb2IxTVhHa2hwZDlPMTVieEs0NENqcnJhdlhuZmlONExmT2g4NVdRZGM?oc=5,"Sat, 20 Jun 2026 07:00:00 GMT",2026-09-20T09:08:30+09:00
GoogleNews:健康　調査,健康　調査,放射線健康不安は減少 次世代に影響「低い」8割 24年度調査:震災関連 - 福島民友新聞社,https://news.google.com/rss/articles/CBMiaEFVX3lxTE93bEw4RTVuLTZrNzRaQTN5b0EtaldsZ2lWVmZYb3VtaXlUNzJ6RmpONWQ3dWFGOXFBMkRaTC0ybDJ5MUtJb1Q1WHI2WUZXM2V0NGViRlZidW9oQXM5SFNoS0xwZk4xUHln?oc=5,"Fri, 31 Jul 2026 07:00:00 GMT",2026-09-20T09:08:30+09:00
GoogleNews:健康　調査,健康　調査,パートナーシップ証明制度と性的マイノリティの精神的健康との関連を調査 | 医療・健康 - TSUKUBA JOURNAL - tsukuba.ac.jp,https://news.google.com/rss/articles/CBMieEFVX3lxTE1zc1VQc0xpbmcxTlU4emxTT0cwdHowX0w4N2xyRVBiNUJhTGhwU3hsQkdwbW9jZzczZmRnR3hLQ3IxR1RQYVI0NlVLMUdQN1kxWDhrSzlmY3Qwb3h6WVFDZXNiUUVtLUt0RTVPLVZEMDRPR2VjSTFvYg?oc=5,"Tue, 19 May 2026 07:00:00 GMT",2026-09-20T09:08:30+09:00
GoogleNews:健康　調査,健康　調査,PFAS問題で署名提出 基準見直し要望、市民団体（共同通信） - news.yahoo.co.jp,https://news.google.com/rss/articles/CBMif0FVX3lxTFBxWUcwTmNpTkdqZ1JLS2tlbVJZQ2ZJWkZ2LVpuZ2xSZ0g1V3hxNTNZTGhLVE41N1JDSGdLNDVIRHBjRGhleGFUVWZOaV9TU056SjJpbkg5eXI4UEkwYkw3SWM4LV9LMS1DUzM2dUs4MU5sNFhERDFUdElXUjQwRVE?oc=5,"Mon, 13 Jul 2026 07:00:00 GMT",2026-09-20T09:08:30+09:00
GoogleNews:健康　調査,健康　調査,少量の飲酒は死亡率を下げるのか～19万人を21年追跡｜CareNet.com - CareNet.com,https://news.google.com/rss/articles/CBMiX0FVX3lxTE1PeFhjaTUzYW8xSEc2UUVBQ3ZTNW0xLVRTalA1aTF0OE9sX3lFLU9feDhFcjlxb3NnTjVNbUY2UlhjQ3RzUjJxODAzZ2NPOXI1bW9oY2lOWEdaV1RNTzVV?oc=5,"Wed, 22 Jul 2026 07:00:00 GMT",2026-09-20T09:08:30+09:00
GoogleNews:健康　調査,健康　調査,目的、手法…国と隔たり 被害者側「実態把握できない」【水俣病70年第３部 健康調査の行方①】 - 熊本日日新聞社,https://news.google.com/rss/articles/CBMiT0FVX3lxTE1yZlBPeTZiQTB6TW95YkphZWJsYk9SelhVQUVVZG9wMS1nTXNfQ1p2T1Btalp0OHZTSUZhYWxJYkYxZFFKQ25pUzEzVGlUcDQ?oc=5,"Wed, 03 Jun 2026 07:00:00 GMT",2026-09-20T09:08:30+09:00
GoogleNews:健康　調査,健康　調査,クラシエ、「間食と健康意識に関する調査」を実施 - PR TIMES,https://news.google.com/rss/articles/CBMiakFVX3lxTE5uWW1nY0xfRm9IallpdDQ3WVJmWGNkUHBEMFNGRkFISEZSWlV1THE1UGZ4c1JaS2VFNEhJZnRnanhhY0FzcHRhdjl5WDRuaTJwbDZ4ZDBFemZjVEdGQ09QSGl3S1E3Ul9SMXc?oc=5,"Thu, 21 May 2026 07:00:00 GMT",2026-09-20T09:08:30+09:00
GoogleNews:健康　調査,健康　調査,住民約1000人の健康調査を20年以上続けている「岩木健康増進プロジェクト」を青森県 宮下宗一郎 知事が視察 長年蓄積した調査結果を活用しながら企業誘致を目指す考え示す - TBS NEWS DIG,https://news.google.com/rss/articles/CBMiV0FVX3lxTFBXNmtsNnMyRlZEdy11QmgxV0lSUElYV1V2ZFI2SGoxaWgyOUlyTnRBYXJneGhCWXZncEh0X25VQjFjWF9mX2xnZVVEYk9nZlpCWmpCUEVCYw?oc=5,"Wed, 03 Jun 2026 07:00:00 GMT",2026-09-20T09:08:30+09:00
GoogleNews:健康　調査,健康　調査,健康食品・サプリメントに関する調査（2026年） - クロス・マーケティング,https://news.google.com/rss/articles/CBMibkFVX3lxTE9Kc3JsZmlMMXA0WUIzVTV6RkUteW1GN3FzQXZZRUU1NDFKLW0xaGR1Y0lvNVBicFR0dTNkT3pSeDdxR1VLN1hCLS1fLUFqWFVPb0FlcE9GNEpkNEw4WUVDWVYzZEhVSVNLVXVZSElB?oc=5,"Wed, 17 Jun 2026 07:00:00 GMT",2026-09-20T09:08:30+09:00
GoogleNews:健康　調査,健康　調査,水俣病の健康調査、1000人規模に 26年度から実施予定 - 毎日新聞,https://news.google.com/rss/articles/CBMiaEFVX3lxTFBIOGRNUnVqYXdkM2daVk9VSEQ1ZTF0a3dSNGx5bFQtMktxbFEyem5kSnYzd19PMXMyQXduNVBxQW9hWTZIWTg0LS1ZMHhUd0NnbDNwc29SSzV6NnY3WWY3WThVOEpNQlBn?oc=5,"Wed, 22 Apr 2026 07:00:00 GMT",2026-09-20T09:08:30+09:00
GoogleNews:健康　調査,健康　調査,環境省が水俣病の健康調査を本格化へ 先行調査で「不満少ない」と結論付けるも 被害者団体側は「実態解明に繋がらない」と批判 - TBS NEWS DIG,https://news.google.com/rss/articles/CBMiZ0FVX3lxTFBtYU5xeW11VTJ6RF9fUF85dW1hZjJhY0NxN29YOXFMRVJURVkyUVFXemFrYkNOVDMtdXNIYmNDTnllS3Zsd0w5S1VZQlE3cjVGUi0xRmo4bW1ITm42WEFiWl9vNWZvTU0?oc=5,"Thu, 23 Apr 2026 07:00:00 GMT",2026-09-20T09:08:30+09:00
GoogleNews:健康　調査,健康　調査,［医療ルネサンス］長寿県の秘訣＜３＞大学が長期的な健康調査 - 読売新聞,https://news.google.com/rss/articles/CBMilgFBVV95cUxNUG5RSHRxM29YNHlIX3VyT3RmaFhwV3ZGS1Z6Q1BUWFhSRElUMVpGQlctRkVDaTR2S0M0NlFMaE01M2dacU5Qamt5Y2Fua29EOWJBUkRadEZKSWQ1cWFGUi15OEozb1Nab251cm1TOFlRYmZISHh2NzBsZ3RUNDZzTkF1dVRZT1p1LWJBQVBXdTQ3b292bnc?oc=5,"Mon, 13 Jul 2026 07:00:00 GMT",2026-09-20T09:08:30+09:00
GoogleNews:健康　調査,健康　調査,健康福祉常任委員会が県内調査を実施しました（令和8年4月24日） - pref.gunma.jp,https://news.google.com/rss/articles/CBMiXEFVX3lxTE1tWXVHdFJod3BuOGFYcENxbVdPRWdWOEdZY1JQOWdrYUJBdnpXSmh6eVZILS1YS05ibXdidjJkN2UtYVZCMXQtX3Jzc1ZEVDVUMzhFdWstdUl1c2Fo?oc=5,"Fri, 24 Apr 2026 07:00:00 GMT",2026-09-20T09:08:30+09:00
GoogleNews:健康　調査,健康　調査,［水俣病公式確認70年］疫学的知見の採用可否で分かれた判決…患者認定に立ちはだかる“制度の硬直化” - 新潟日報,https://news.google.com/rss/articles/CBMiXkFVX3lxTFBHRS1XNkdSWFlhYl90c0RUMFJ4ejRQVWxaU3VWUm84UV9oNmZVUGx0R2syX25Xd3d2bmpYZEJMbXRWNkl6dEw3MEJram91X1FaNVV3Z1N0S0dRcUszc1E?oc=5,"Tue, 09 Jun 2026 07:00:00 GMT",2026-09-20T09:08:30+09:00
GoogleNews:健康　調査,健康　調査,（水俣病７０年）埋まらぬ溝、健康調査で国追及 患者・被害者団体、環境相と懇談 - asahi.com,https://news.google.com/rss/articles/CBMiXEFVX3lxTFBqdW9mRGNMY1FIc2x5T2E1MTFoYWIwR3hHTnI0UVgyS0wxVlRyNmdTcWx3T3ZYd2N2cThuUlhaeGRfLXFmS3QxYm91YkRoRTl0VVpobEUySTVkYXM5?oc=5,"Fri, 01 May 2026 07:00:00 GMT",2026-09-20T09:08:30+09:00
GoogleNews:健康　調査,健康　調査,語る・水俣病：公式確認70年 健康調査、国が一蹴 空白20年超 多くの人他界 元熊本知事・潮谷義子さん（87） - 毎日新聞,https://news.google.com/rss/articles/CBMiaEFVX3lxTE5SdWc2Q1F2ajdDaUFwVmp4SzcyTU96eUtoYnROZEFjN0g1R3BHRjJOeTBvV1ZvXzl4Mk84VmxZX1ZmYWxUY2dWNEE3Q045NlR0NG1kTFhRUnNBb0ExUmFKcURlZHp1a3Rm?oc=5,"Tue, 28 Apr 2026 07:00:00 GMT",2026-09-20T09:08:30+09:00
GoogleNews:健康　調査,健康　調査,住まいにおける幸福や心身の健康に関する調査報告書 | 株式会社LIXIL住宅研究所のプレスリリース - PR TIMES,https://news.google.com/rss/articles/CBMiakFVX3lxTFBrU0NrOV85Q3A1MXRGbGR4ckVjeFBEYkhZeWVXR01iVXY2UDNETndZMlZxUlVKa1lBMlQ3bVlpeHVDOHQwNUZxQWREQkQ4OHdoUGR0SWNNdUJNbzlFQ3U1WnJhNVA2aDAwMEE?oc=5,"Fri, 15 May 2026 07:00:00 GMT",2026-09-20T09:08:30+09:00
GoogleNews:健康　調査,健康　調査,水俣病健康調査が救済に向けた「手がかり」、環境相が発言 認定基準見直しは否定、患者らと懇談 - 西日本新聞me,https://news.google.com/rss/articles/CBMiVkFVX3lxTE5wUG9JRE9vdE9zcWRmWTJXTWdwQ2J3TEF5dHVuR21wNWxuN0c0VXBvZnM2WVhVWFV0bTMtN2hRSjB6cDVZODl1U284X3JfOFRUcXlqSUJB?oc=5,"Fri, 01 May 2026 07:00:00 GMT",2026-09-20T09:08:30+09:00
GoogleNews:健康　調査,健康　調査,仮設住宅やみなし仮設の住民、ストレス悪化 石川県が能登半島地震・奥能登豪雨被災者の健康調査 - 中日新聞Web,https://news.google.com/rss/articles/CBMiVEFVX3lxTE1wU2F1eEJ5XzBQbW1MZ29uWDVxUC14S29rLU1jS25yRkpwbFA3bHdSNlJNQ0hXbnFVaTJGbFZfQ2RMeXZIQzVaTDVTZGRnQTJpZ1pkbA?oc=5,"Wed, 19 Aug 2026 07:00:00 GMT",2026-09-20T09:08:30+09:00
GoogleNews:健康　調査,健康　調査,「本当にこれでいいのか」 長い時間と多額費用【水俣病70年第3部 健康調査の行方⑤】 - 熊本日日新聞社,https://news.google.com/rss/articles/CBMiT0FVX3lxTFBsNmtUWDc3UDBwWE14WmttMzhvNU1CcWpXbUxKekxUZXhOTmI1cTQ5VlllQ3pyMUxXVnBxSkdvTjdERzBRZEdiTEswRWgyU2s?oc=5,"Sun, 07 Jun 2026 07:00:00 GMT",2026-09-20T09:08:30+09:00
GoogleNews:健康　調査,健康　調査,環境省、水俣病健康調査千人規模に 複数年で実施も 個人の被害判断せず - 熊本日日新聞社,https://news.google.com/rss/articles/CBMiT0FVX3lxTE9lY1pqdWJSWTdCTUVTTExINUY4WUZvb29JNzM1VW1HVlBXVWRoOUNudThuNEJDbFRyQkt3WXpxa0I4RXVGcmR3Y1U2VXM1SlE?oc=5,"Wed, 22 Apr 2026 07:00:00 GMT",2026-09-20T09:08:30+09:00
GoogleNews:健康　調査,健康　調査,長期避難でうつリスク 能登半島地震・奥能登豪雨、県が被災者健康調査｜社会｜石川のニュース - 北國新聞,https://news.google.com/rss/articles/CBMiV0FVX3lxTE44VWU1U2JrcXo3bE5aTVYtUlJzU0J2c3ROYzBtbWdUY000cFByVzdReWlsdml6OGhQQUd5UGhoMzR3V0tWVXQ1M3FzdWlpSk5WNnp6Y3YxSQ?oc=5,"Mon, 17 Aug 2026 20:00:00 GMT",2026-09-20T09:08:30+09:00
GoogleNews:健康　調査,健康　調査,水俣病特措法に基づく健康調査、新潟県での実施は「今後検討」と環境省 - 47news.jp,https://news.google.com/rss/articles/CBMiS0FVX3lxTFBhU0E2ekxSY3Q3b3Q5SHNjeWtPaDBIay11YTJyM085OGNDbFpDbFQxeF9jZzRKZno3cHdUbl9hLUwzRDFsYkx2aWhkUQ?oc=5,"Thu, 30 Apr 2026 07:00:00 GMT",2026-09-20T09:08:30+09:00
GoogleNews:健康　課題　政府,健康　課題　政府,女性特有の健康課題 対応可能な医療機関公表など方向性確認 - NHKニュース,https://news.google.com/rss/articles/CBMiX0FVX3lxTE5tazVKcVFEekdmZnltWmtjenh4clFWUF9yNkNweG90MDE0Y3NVQUN2ZXkyQngxaVVxX0FrQjQyX3Q5V25ST1BWTV9iNmd5XzA1SlUtLUlmaGpudUpURmln?oc=5,"Mon, 25 May 2026 07:00:00 GMT",2026-09-20T09:08:33+09:00
GoogleNews:健康　課題　政府,健康　課題　政府,女性の健康課題巡る経済損失は３兆円超、解決目指す「フェムテック」広がる…トイレにナプキン・体調予測 - 読売新聞,https://news.google.com/rss/articles/CBMiZEFVX3lxTE04djNwOXI1Z1g1QkZWZDNRMmJQWnVxakhpbUduc285UWR5b28zbV9sVDY0dmpmSlhfQnhBUzdJeVhsWjBLb1Rja3RwUWk4UHdWUWVmSlZXd0hvcnIxalAydTNyMDE?oc=5,"Sat, 25 Jul 2026 07:00:00 GMT",2026-09-20T09:08:33+09:00
GoogleNews:健康　課題　政府,健康　課題　政府,更年期世代の女性を適切な医療へ 対応機関、ポータルサイトに掲載（共同通信） - news.yahoo.co.jp,https://news.google.com/rss/articles/CBMif0FVX3lxTE01QmxHUlFCUEN2c3R3Y3JkemJQdnp3Wnp3VkdwRHRWWGFlME9rbTVGOWRLNlRXT3BfLUszaUlRYy1DQWVUTndtXzBTc0ZUYnlqWlJDYm5EZnlZbTZBR2U2dFNDUUlPd3JMd1NDYWpwRWJrd2ktalcxa3hZMm8zV1k?oc=5,"Mon, 25 May 2026 07:00:00 GMT",2026-09-20T09:08:33+09:00
GoogleNews:健康　課題　政府,健康　課題　政府,更年期、どこを受診？ 政府が医療機関検索のポータルサイト整備など更年期対策強化へ - 産経ニュース,https://news.google.com/rss/articles/CBMidkFVX3lxTFBKZkVIUS1DSTluT21PYWMzc0hob2dyUXZmYUt2NUhyd1A2bl9ySXc0a3doMVRpVUJkdnRxTW94LXd6YmdjR3RIMi1SbXJvSjZ3UkU2R2pyY3Bab2xYYVNZLVVidjVPU2JnMnpSWWZhRGdNbXRaYUE?oc=5,"Mon, 25 May 2026 07:00:00 GMT",2026-09-20T09:08:33+09:00
GoogleNews:健康　課題　政府,健康　課題　政府,高市政権初「女性版骨太の方針」政府が近く決定へ 3つの重点分野「健康」「成長戦略分野」「地域」 - TBS NEWS DIG,https://news.google.com/rss/articles/CBMidEFVX3lxTFBKTDcyTUVpd1ZRcVZxU2ZrNEotUjIxdmtyVWt5bmZtcnl4YjR0dC1xTXJDWV9MOGM5VVhQX3h2NnN5N1NTZEJEbmRBN0ZRdE1IVV9nV19sWDFaMExadXN0NjRoQk9aMWJTTVppckFWZjRrNlhU?oc=5,"Sat, 20 Jun 2026 07:00:00 GMT",2026-09-20T09:08:33+09:00
GoogleNews:健康　課題　政府,健康　課題　政府,子どもの「スマホ依存」深刻 学校で健康問題やトラブルが 「政府の責任で何とか…」頭を抱える養護教諭 - 東京新聞,https://news.google.com/rss/articles/CBMiU0FVX3lxTE02RWR1TnFHVnA2VkwxN3NsRFBtZklWcVRRd2VMaFNUTlNZNU1HbTBEeElZdUd1bjVNX0d2UkZsUE92WlQ3djV0ZUxSRURxUlVIdFVF?oc=5,"Fri, 17 Apr 2026 07:00:00 GMT",2026-09-20T09:08:33+09:00
GoogleNews:健康　課題　政府,健康　課題　政府,「私も更年期が早くて…」 高市総理“女性のヘルスケア中高年期編ガイダンス”に共感 政府としても取り組み進める考え示す - TBS NEWS DIG,https://news.google.com/rss/articles/CBMidEFVX3lxTFB6X2Q3Q2tSQU05WDg5XzJ4ZDZtWXFJNWkwdXFETGVXaDlYUUNyM1h2WnowUkxidWotSGhNaXNqZWw2RVNBRXowckw0VmJkazBrU1d4aEg4NFJkdnRrUkdjVElkMDAtZlR1QTlkOFJpS3BOdmN1?oc=5,"Thu, 23 Jul 2026 07:00:00 GMT",2026-09-20T09:08:33+09:00
GoogleNews:健康　課題　政府,健康　課題　政府,「健康経営」推進企業を補助金審査で優遇 政府、「骨太」反映へ論点整理案を提示 - 産経ニュース,https://news.google.com/rss/articles/CBMidkFVX3lxTFB6MlkwVjV2Mm50d1RVUzJmNjVtY0M0WTF6dURhOXo3UTRuUU83WDRSZ2NxRVpxV25mRWtBS2F6WHZ0cl9zZVpNOVd1TjIzMXVxSGF3dDRtM0wxcGZwTHRFMkltNzFOSVA2NERoSm05Q19UOEI2Ync?oc=5,"Thu, 23 Apr 2026 07:00:00 GMT",2026-09-20T09:08:33+09:00
GoogleNews:健康　課題　政府,健康　課題　政府,女性の健康問題、診療アクセスしやすく 政府が新会議 - 日本経済新聞,https://news.google.com/rss/articles/CBMibEFVX3lxTE5UVFZ0cFBheC0yOEd5WWZfSVVoSndPR2tiajZjSGpJSHlOeDZybUh5YTAtRTJlLWNVS1RfMlJ1c2xBdi1RazdRSURLWXh4S19JN1VUWU12TVdKLURvQzhPTXVpMlBBYnA4TERWRw?oc=5,"Wed, 24 Dec 2025 08:00:00 GMT",2026-09-20T09:08:33+09:00
GoogleNews:健康　課題　政府,健康　課題　政府,見過ごされている女性の更年期症状の治療改善へ社会課題として取り組む時代 - asahi.com,https://news.google.com/rss/articles/CBMiYkFVX3lxTE52VElGOFpCdWc0UF9sZ2c0MXdzSDl4WkRKcXBqLUo0eS1fZ1pLR1c4anB3YXM4aW1YZU1DdHlUV2RXdGU2NDBFQWpad2dOMk93NHlMMktvc1VZR1BkUkNhVzRR?oc=5,"Fri, 06 Mar 2026 11:52:20 GMT",2026-09-20T09:08:33+09:00
GoogleNews:健康　課題　政府,健康　課題　政府,佐藤官房副長官 「攻めの予防医療」政府一丸となって推進する考え - TBS NEWS DIG,https://news.google.com/rss/articles/CBMidEFVX3lxTE5GcExFQUdOOG03SGVWaks0eF9xbmpyMnEyRTJIV2hpZ1VKeXphb01RTUxWUlFyUS11c2F1NWdoZWZtbmNoRlZwUUFCbUtXbnhvUjR4NVBCOEg2VF9nNVJxN3J3NFhGcHlFMHh6Z2YwMWh2M1hI?oc=5,"Thu, 23 Apr 2026 07:00:00 GMT",2026-09-20T09:08:33+09:00
GoogleNews:健康　課題　政府,健康　課題　政府,女性特有の健康課題の理解促進 - pref.shizuoka.jp,https://news.google.com/rss/articles/CBMikgFBVV95cUxNYTVQRER4RTNWanBLSk41WDFLSXVYaUZHOFNhcFE3VkFtRkFPY08xNTBHLXlPVWRUbllMZm9QRUxvZjRzaklwRWpta0FBZGM3aW9Fbnk2dUxVU1pPT2tMeUlQanUwNkZSc0ZkS3hWNWVpZGdiRUhOVGVqTlhuQWhnb05qMjktc2lPNFFPcXJibHhRdw?oc=5,"Thu, 03 Jul 2025 07:00:00 GMT",2026-09-20T09:08:33+09:00
GoogleNews:健康　課題　政府,健康　課題　政府,女性活躍推進へ健康課題の解決を - 公明党,https://news.google.com/rss/articles/CBMiVEFVX3lxTE5uLUFBQWQ5UE9QbTR1X2MzLXZibmUtV2x2V0F2TnRJZXdDdDhHblExZDZLYzJORTA5TEMtMU5ZTGZwVGZmQXBtTHNRRXBtYVdHMU9CZA?oc=5,"Mon, 08 Jul 2024 07:00:00 GMT",2026-09-20T09:08:33+09:00
GoogleNews:健康　課題　政府,健康　課題　政府,女性の健康問題、診療受けやすく 政府が会議設置 - 日本経済新聞,https://news.google.com/rss/articles/CBMibEFVX3lxTFBzTVUtMF9TWjAzdVVvWXF1MWdDVjRqcDdPZ0tCckpiZ3dJdHZjS0hDbEZHM2d3SGZ2eHA3TER4enh3Zk9TN2NLMTJQYVZNQzk4MHMzNUFWemgwRUc1UnpycElfSVB5ei1pdEpoMA?oc=5,"Thu, 25 Dec 2025 08:00:00 GMT",2026-09-20T09:08:33+09:00
GoogleNews:健康　課題　政府,健康　課題　政府,政府 予防医療に注力 健康寿命を延ばす環境整備へ - NHKニュース,https://news.google.com/rss/articles/CBMiX0FVX3lxTE5BN0Ffb016dHZoWGhCQWFYSnlTdjFVNzl2SUJ4bVBFWlhGN1VlaXpWWTZaZXhoemxrV0M2NDdCWVNTVDExSDY1UHRBNlIxSkxWVGpNMXF3OUxtazNZb3VB?oc=5,"Sun, 04 Jan 2026 08:00:00 GMT",2026-09-20T09:08:33+09:00
GoogleNews:健康　課題　政府,健康　課題　政府,女性の健康、診療体制整備 政府、更年期障害や月経に対応（共同通信） - news.yahoo.co.jp,https://news.google.com/rss/articles/CBMif0FVX3lxTE5WcWtfYTRXSkF1ZFA4LTI4bGZ3eElzZzR6Q2FFdVQ1enlpdmhraHE0V2ZCZkZqb2RXN1hxdW5tVzVVUVJ6WXljZG94OV9FdlYtek00aWVXWXhQQWdycXlnQ082b1FXb1RnWFE2YlR0MkZQQklIZE1paGtLWUdPZHc?oc=5,"Thu, 25 Dec 2025 08:00:00 GMT",2026-09-20T09:08:33+09:00
GoogleNews:健康　課題　政府,健康　課題　政府,女性の健康課題 解決へ - 公明党,https://news.google.com/rss/articles/CBMiVEFVX3lxTFBaR1oydmMyaDg1TzYxUDdDUGxkSmZZQjA2WHVRcmJoN3VQMno4UWRiM2VhNW4xY1I5cjZpM1FFMklYSmJ2N1RrY2xtTVBoRjQyWkl1VA?oc=5,"Sat, 05 Oct 2024 07:00:00 GMT",2026-09-20T09:08:33+09:00
GoogleNews:健康　課題　政府,健康　課題　政府,佐藤啓官房副長官、女性の健康課題「医療提供体制を確保」 - 日本経済新聞,https://news.google.com/rss/articles/CBMibEFVX3lxTE0wRjV2RUxrZWNINlRxWmVpczBsMGFaR0dZcGVlbi12YkZMT2p4N1U5VzF5LVJCRVV1LVlxUU94TTdRUDRmWENScFlWOEhuLXVuYmItNE4yMTMzRUlvTTdiZVRtRGpMNXptOEtFVQ?oc=5,"Thu, 25 Dec 2025 08:00:00 GMT",2026-09-20T09:08:33+09:00
GoogleNews:健康　課題　政府,健康　課題　政府,政府、健康寿命延伸へ有識者に聞き取り 骨太方針や成長戦略に反映 5月にも論点整理 - 産経ニュース,https://news.google.com/rss/articles/CBMidkFVX3lxTFBKa2g5QVBndzZyMTdCTmZrTDhoOVgwbFRZWncwbUwwZWJOYWwwZ3ZYaFhvUTZ5eWxQZTZwcjJTelhxdGh5ZFZJZzk3VXdXNzdRSHM1WEZmM1VpUDduZzFvaXd3aGN1Z1RqLWFwX2NFWWFEUG5Za0E?oc=5,"Mon, 09 Mar 2026 07:00:00 GMT",2026-09-20T09:08:33+09:00
GoogleNews:健康　課題　政府,健康　課題　政府,男性の更年期障害など健康課題、経済損失は1・2兆円超 国は研究に本腰 国際男性デー ととのえるココロとカラダ - 産経ニュース,https://news.google.com/rss/articles/CBMidkFVX3lxTE1vSG4yMDlqZzlLTHFxV2otZDlNMHdQUVlvRndhN05WN3dzZzVEZ2w2eGlIdlVublpTVmVkdzNmblFENnRpRkZWM3lRTmtOaTBmc3o1WFNQOVZVZDl3WlVDanJRbmNnUzJzSTVaWUlrbnpDZlYtd2c?oc=5,"Sat, 25 Oct 2025 07:00:00 GMT",2026-09-20T09:08:33+09:00
GoogleNews:健康　課題　政府,健康　課題　政府,働き手の健康課題を放置→年間4.6兆円の損失に 経産省が「健康経営」を国家戦略に据える理由 - ログミーBusiness,https://news.google.com/rss/articles/CBMiS0FVX3lxTE1TUXJ3TGhFcUU4dDdudmtvWkM2MjBtZGFaOEZJbUpaQl9GYTZULTdtOElqQ3ZZVkhWdVloVTNnUmZfNHhSbFdQNUpzOA?oc=5,"Tue, 18 Nov 2025 02:34:24 GMT",2026-09-20T09:08:33+09:00
GoogleNews:健康　課題　政府,健康　課題　政府,「女性の健康」特化のセンター、国が開設 経済損失への懸念も背景に - asahi.com,https://news.google.com/rss/articles/CBMiZ0FVX3lxTE1udEZtejV3N0VVNnJfbHY2OTY1bFRGRnhSWk1vcnVld3drQXFLWnM5VjdYY09UQ0YyMGJNTWoyNVhvbjFiZW9TRGg0UUwzZ3M3dFhLT3hXUHZINTNzVzlhNDlCNVVHMk0?oc=5,"Tue, 01 Oct 2024 07:00:00 GMT",2026-09-20T09:08:33+09:00
GoogleNews:健康　課題　政府,健康　課題　政府,不妊や更年期、女性の健康課題の研究を本格化、政府が司令塔創設へ - asahi.com,https://news.google.com/rss/articles/CBMiZkFVX3lxTE03OHdkTlE4bjZwQzNLb2V2VlRwSXNFbEFJVzhpdHJpa2d2dnlJMW9LTlZIVS1kZ0EwSlNRTmpEVlVPXzB6aVQzcDVNRFdhTUREUzhpWVpON2V0cFFRNUk5cjM2X09Edw?oc=5,"Fri, 31 Mar 2023 07:00:00 GMT",2026-09-20T09:08:33+09:00
GoogleNews:健康　課題　政府,健康　課題　政府,女性の健康課題、経済損失3.4兆円 更年期など離職重く - 日本経済新聞,https://news.google.com/rss/articles/CBMibEFVX3lxTE1oR2U3S0JKRHZnNFc0Znl3aWRaUjExQzBzV1Z2ZUdKOVlTWF9wS050LTgtREdsRWNwenBvdWZHWm5CcUJpVm4tVFlXVExrX205b1dIenV5QmJrNU5paHZXbEdZUnVNQTliajBiNQ?oc=5,"Tue, 20 Feb 2024 08:00:00 GMT",2026-09-20T09:08:33+09:00
GoogleNews:健康　課題　政府,健康　課題　政府,日本企業の技術も活用 健康課題に取り組むユニットエイド幹部が来日｜with Planet - asahi.com,https://news.google.com/rss/articles/CBMiXkFVX3lxTE5VT2h1cFk1NkttcjF1LUlhU2I1ZWpxdkFJazBSNDdWSXhmWldBdVRlN0pZMEpubVQ5RkFRdjBpaEtBZTNNUkg1OVU2TENSTktmTjVEeHhtMHB3OV9HV1E?oc=5,"Fri, 27 Jun 2025 07:00:00 GMT",2026-09-20T09:08:33+09:00
GoogleNews:健康　課題　政府,健康　課題　政府,令和7年10月24日 第２１９回国会における高市内閣総理大臣所信表明演説 | 総理の演説・記者会見など - 首相官邸,https://news.google.com/rss/articles/CBMieEFVX3lxTE56SXR0b1hvMS1BX2dvSVdyVEpLdTR1OGx6MWpTT0tCRjFOcXF6LVNESmhtSDVDSVczN2c1b1pnNGNyckpEazRrQ1cxQnpnN1BaVVFUUEJ1akNLVE8yRVhrRUVEOXhfbnVNYjBSM0dUT1FVQmJKTUlqZA?oc=5,"Fri, 24 Oct 2025 07:00:00 GMT",2026-09-20T09:08:33+09:00
GoogleNews:健康　課題　政府,健康　課題　政府,政府、企業の「健康投資」促進 健康寿命の延伸へ5月に論点整理 - 日本経済新聞,https://news.google.com/rss/articles/CBMibEFVX3lxTE9aN21Qb2taT05mU21ielFRbXQxdDQ1MnB1ZTJic0x1SVpwdkdSNWlpaDI1MG9kdUxfV0Q2TjVfcERlNE1Eb1B6TkVid2ZQMmVtTndPZV9VUm9FVDRFczh5MWpyOXhjcUZOeXl0cA?oc=5,"Mon, 09 Mar 2026 07:00:00 GMT",2026-09-20T09:08:33+09:00
GoogleNews:健康　課題　政府,健康　課題　政府,世界の健康課題に、官・民連携でもっと存在感を - 日経ビジネス電子版,https://news.google.com/rss/articles/CBMiZ0FVX3lxTE5rejhCcFdHX0JzOHU4TkFoNV9vZXptcG9waGtxWDBVSm9jWU5OOUZTRmVqRHI1N3dISV81V0U1VTZQcEtMX2VxaXZvc0VXTlY3Q1VpVkhFTHJSbVhQd1pPLXVJdHFjaXc?oc=5,"Mon, 20 Jun 2022 07:00:00 GMT",2026-09-20T09:08:33+09:00
GoogleNews:健康　課題　政府,健康　課題　政府,働く女性がライフステージで向き合う健康課題とフェムテックへの期待 - jri.co.jp,https://news.google.com/rss/articles/CBMiUkFVX3lxTE5KdlhaU0dGM3JGQVFtUUxfMDduNXZ0WFR2djZBemhQbHNCVEFaczZDRkxzSEw1NkNkVFI2UVZpcEF1NVhFS2toa3Nld0FuNmpZeUE?oc=5,"Wed, 09 Nov 2022 08:00:00 GMT",2026-09-20T09:08:33+09:00
GoogleNews:健康　課題　政府,健康　課題　政府,大塚製薬・働く女性の健康意識調査～「女性の健康課題」（PMS/更年期）がキャリアに影響を及ぼす 個人の対処だけに任せず企業ゴトとして捉えることが求められる｜2022年3月8日｜ニュースリリース - otsuka.co.jp,https://news.google.com/rss/articles/CBMidEFVX3lxTE5YWmRvcFBqSGVpOUpsSEcxNzJ0TnRVTGtWbmF1SVptQVMxNVFwY21vUEw3MzB1enRsY09RYkRxRTlITTdhbkVxUEsxVDFBSDJuUDhhRXVsYWtvbElzc1hXOFhySkF4MDNuTWV3V3V1YUhhSm9G?oc=5,"Tue, 08 Mar 2022 08:00:00 GMT",2026-09-20T09:08:33+09:00
GoogleNews:健康　課題　政府,健康　課題　政府,健康な社会づくりを目指すミラノ・コルティナ2026とイタリアのAI／サイバー政策：海外医療技術トレンド（128）（2/3 ページ） - MONOist,https://news.google.com/rss/articles/CBMickFVX3lxTE85ZmMzeGU1WVM0M1VELThaai11ZU04YU1qQkJJcGZfT19zX3JqSEFraUlBb1VuVE8zY0xUa3NXUWtMZmxNQVVjVXlEZEItMTVobFZ4VV9RZEZ3MVZnZDVGc2VBOXVxT1dTTjk1Q0xOdVRZQQ?oc=5,"Fri, 13 Feb 2026 08:00:00 GMT",2026-09-20T09:08:33+09:00
GoogleNews:健康　課題　政府,健康　課題　政府,女性の笑顔は社会の宝〜「フェムテック・健康経営展」開催 女性特有の健康上の悩みを共有〜 | お知らせ | ニュース - jimin.jp,https://news.google.com/rss/articles/CBMiXkFVX3lxTE5tSVVoanpCbGo4VWtCQm1UQVdia3Uzd3N0d2Ewb2x6SUZzQ3p4djRIWDctNGljcHRiTGFnclFrMmY3V1hpRzdpUG05aXQ2YWstRnVrZ21jczhQNEdYeVE?oc=5,"Mon, 11 Mar 2024 07:00:00 GMT",2026-09-20T09:08:33+09:00
GoogleNews:健康　課題　政府,健康　課題　政府,〈累計10万DL突破〉政府採択の次世代健康支援アプリが”頑張らない”ヘルスケアを実現。買い物データを自動で栄養素に変換する独自技術に上場企業も熱視線 - FUNDINNO,https://news.google.com/rss/articles/CBMiSEFVX3lxTE5TV01nTnVvaWE3WUg2dVpkUnhtNzA5Y1ZXdk1ZMG9FWm1MWGVqWXowZTRSUmI1b2FuUHFlRElRUXdFUUQxQmJoUQ?oc=5,"Mon, 29 Sep 2025 01:52:25 GMT",2026-09-20T09:08:33+09:00
GoogleNews:健康　課題　政府,健康　課題　政府,政府・自治体・地方のフェムテック最前線 - newspicks.com,https://news.google.com/rss/articles/CBMiU0FVX3lxTE96YkowLUJnTDNwTnZUQ09VeUFUOE95dXdfSURrQ2tmdW1lR09kWC1VWVoxMnNGUVR3a2dVbzh0QVNEaks1N1NfazM2YVZEcDBHc1BB?oc=5,"Sat, 02 Nov 2024 07:00:00 GMT",2026-09-20T09:08:33+09:00
GoogleNews:健康　課題　政府,健康　課題　政府,労働者の健康保持増進措置のあり方 (2026年6月25日 No.3734) - keidanren.or.jp,https://news.google.com/rss/articles/CBMia0FVX3lxTFAxckp3dW1IbFRQUXVnMkw3R1RJVDdfeHdBM00xMWFqdkI3Yy1wTTdfNTdsa0Y3Nmt5TXk3YW5GYUpZeUNCdTJFUnRPQVVBbzRHcVZYVlBVNlBPekU3RzA1X2xneF96WGcxMmVj?oc=5,"Thu, 25 Jun 2026 07:00:00 GMT",2026-09-20T09:08:33+09:00
GoogleNews:健康　課題　政府,健康　課題　政府,女性特有の健康課題、歯科健診はどうなる？～労働安全衛生法に基づく一般健康診断の検査項目等に関する検討会 中間とりまとめ～ 産業保健新聞｜ドクタートラスト運営 - 産業保健新聞,https://news.google.com/rss/articles/CBMiS0FVX3lxTE5IWjJ2TlhaeE5wbWxRUVBXNGhRWkNmX012V01HNGVZeV81dDVpdDlqYnE2WTFXbzJ5TXQzMUVsSjdlWGdEU2s3SXgzMA?oc=5,"Fri, 24 Jan 2025 08:00:00 GMT",2026-09-20T09:08:33+09:00
GoogleNews:健康　課題　政府,健康　課題　政府,ベトナム×ヘルスケア 第1回：DXを見据えた健康ビジネスの展望と課題 - mri.co.jp,https://news.google.com/rss/articles/CBMiZEFVX3lxTE9Icm9lcjRNaUNHWXhTa0trenRMRmhmTHRsLTlPNEJjM1F1YzVWa3I1cG56SkhIQmZNQVYxdTFiRGNub0JGVmJqT0U1TUNnNGhWRjZkZkZyeUtSOE9ncFNpcU1ncDc?oc=5,"Mon, 13 Jun 2022 07:00:00 GMT",2026-09-20T09:08:33+09:00
GoogleNews:健康　課題　政府,健康　課題　政府,【政策提言】共同声明「地球と人の健康を同時に守る～気候危機を健康・経済・成長の『機会』に変える日本型プラネタリーヘルス戦略～」（2026年6月24日） - 日本医療政策機構,https://news.google.com/rss/articles/CBMiVkFVX3lxTE1yWG43RDA2UzY3LUI3RVZOc0F5cGJ3X1RCVVpfQlMzVkp2ZEZmYmJWRDdPbUNUWEhSUFpJSXkxdGNWenpVT09MdTB6MkpzdVZOY1ZtWnpB?oc=5,"Wed, 24 Jun 2026 07:00:00 GMT",2026-09-20T09:08:33+09:00
GoogleNews:健康　課題　政府,健康　課題　政府,タイ・バンコクで健康増進施策に関する日泰の官民共催セミナーを開催 - mri.co.jp,https://news.google.com/rss/articles/CBMiWkFVX3lxTE9BNWNEak04TXdpRm9CdVItd1ZnRHhSZDBtazdvOW84NV9SdWtfa0UxQnJTb0czdlFyaXM0bW16UDFFdy03TUJuZGhXMG90WVpkNlhIU0Z6Vktqdw?oc=5,"Fri, 27 Jun 2025 07:00:00 GMT",2026-09-20T09:08:33+09:00
GoogleNews:健康　課題　政府,健康　課題　政府,SDGs目標3「すべての人に健康と福祉を」の取り組み事例｜世界・日本・企業別 - worldvision.jp,https://news.google.com/rss/articles/CBMiZ0FVX3lxTE9XZUd0azZMWDRpek4tTWNpUUtlandIWWswOHVBX2JoUUQxM0h5M1dmVUVoLVFSdHhzRXdlU1dYNnhrZERqeG84TlE2RU85YTVzVzE5bDEzWkNGSDJtZmxnZl9WWDNiUEk?oc=5,"Tue, 25 Mar 2025 07:00:00 GMT",2026-09-20T09:08:33+09:00
GoogleNews:健康　課題　政府,健康　課題　政府,女性の健康支援で“司令塔” - 公明党,https://news.google.com/rss/articles/CBMiVEFVX3lxTE9LNnlVSlZmSlFGSXFxRWl3UDhxemJwMUlzeV9aSnJTV3REdjFzSXgzQl9hU3gzRndDVzJJaDZSUkFtUllCaWJUbXF2a1J6eEpCRVVpNg?oc=5,"Tue, 03 Oct 2023 07:00:00 GMT",2026-09-20T09:08:33+09:00
GoogleNews:健康　課題　政府,健康　課題　政府,地球の健康は、みんなの問題。グローバルヘルスをZ世代と話します｜with Planet - asahi.com,https://news.google.com/rss/articles/CBMiXkFVX3lxTFBsZzlpam1Qb0tabFNNeG1mc2M3WklkaGdLa2ZjY28yMEVlR0xraDQyTDlXbWhGcVNoVjg2anNUeWdLY3lhMVNDSXZYM0tTRnZielc3TFNtN043RkZfMFE?oc=5,"Fri, 21 Apr 2023 07:00:00 GMT",2026-09-20T09:08:33+09:00
GoogleNews:健康　課題　政府,健康　課題　政府,高齢者の7割「物価上昇に不安」 働きたくても健康問題に壁【高齢社会白書】 - PT-OT-ST.NET,https://news.google.com/rss/articles/CBMiY0FVX3lxTE43MGxtTF8xTlRaZ1VPWEpKSWphanJQczV4NFNZblVYNjBTY09PLUstaFBSdlpES0U4SWpYV2hEM19pT09DVWpXazVjTWRuS19PbmpkUGhfbVZtYnFlalJSTG9law?oc=5,"Wed, 25 Jun 2025 07:00:00 GMT",2026-09-20T09:08:33+09:00
GoogleNews:健康　課題　政府,健康　課題　政府,インドの健康課題を解決するヘルスワーカー養成｜Beyond Health｜ビヨンドヘルス - 日経BP,https://news.google.com/rss/articles/CBMieEFVX3lxTFBlc29CT0s2VVhkLTRxVnM4c0o0Qy1XQlA3dk1Jek4taDFyU1lpbW1XMXJKUzZqTV9JU0YwRDlOTWNNUTRmWXVhY1M1c0lDTGkwVllFcW1xbFVlNll5Z0hEU2IySTZWV3p4SGgyVEcxQ3NVdFFnUURZYw?oc=5,"Fri, 17 Apr 2020 07:00:00 GMT",2026-09-20T09:08:33+09:00
GoogleNews:健康　課題　政府,健康　課題　政府,世界の健康のために日本は何ができる？ Z世代が政治家に提言｜with Planet - asahi.com,https://news.google.com/rss/articles/CBMiXkFVX3lxTE1WMVJLcXg4aF94cnY1MnVKNWg3S3RYMHlybFFaVkc5NXUzYktXdFNQY05EQnp4UFp4QWJiVjhwTUd5cmxLQk56bDY2T1NwVU5lZEp2aU1KRVNOeTFneXc?oc=5,"Thu, 06 Jun 2024 07:00:00 GMT",2026-09-20T09:08:33+09:00
GoogleNews:健康　課題　政府,健康　課題　政府,高市政権の新方針『健康医療安全保障』─企業の未来戦略は「健康投資」へ - PR TIMES,https://news.google.com/rss/articles/CBMiakFVX3lxTE00NWpRQ3hnOUtfZm9YUGxpOFZZeFhieU8xVFdqSmZqaHVQX0N6a3p6WGUzbUpfVTZtU1lYOHl1eXhkeGM1dFVhczNMTzBwZ2hha2lVcGJzWDg4UkRlZXJMbXVEU0dYTUl0c3c?oc=5,"Thu, 13 Nov 2025 08:00:00 GMT",2026-09-20T09:08:33+09:00
GoogleNews:健康　課題　政府,健康　課題　政府,セミナーの動画はこの記事の 最後のリンク先 から見ることができます（期間限定）。 - 日経メディカル,https://news.google.com/rss/articles/CBMiZ0FVX3lxTFBoYUVURlNLbGxhOGw0YW1RQUxvWi1TaFB0Zm5qZmtiY2hqNVUxU3VYWW1nRkVrZ2h1OEV4bXJKdmVBaFdxZldwZzdNeHpHcjg1bmZUUnZTVXhHcnU5NFcwRHlLZWNKa2M?oc=5,"Mon, 19 Aug 2024 03:17:57 GMT",2026-09-20T09:08:33+09:00
GoogleNews:健康　課題　政府,健康　課題　政府,【お知らせ】グリーン保健医療システムの構築に向けた大きな一歩：世界保健機関（WHO）執行理事会における日本政府代表団による「気候変動と健康に関する変革的行動のためのアライアンス（ATACH）」への正式な関心表明を支持（2024年2月16日） - 日本医療政策機構,https://news.google.com/rss/articles/CBMiUkFVX3lxTFAtQ1hTcC1RT3pqVEpHYUdlVmgta1lvZ1Q5ZUlUcmYzYzJQN3ZqM3dwOERZeV9EQmo3Wk55NzdnMTlYQVNnUU1Hd05odDdWRFFyZnc?oc=5,"Fri, 16 Feb 2024 08:00:00 GMT",2026-09-20T09:08:33+09:00
GoogleNews:健康　課題　政府,健康　課題　政府,女性の健康課題、欧州ではどう捉えている？ フェムテック関連サミットレポート - Business Insider Japan,https://news.google.com/rss/articles/CBMickFVX3lxTE1SckNxbS1QQ24wM1hpTmE5Z1pGN2NJOEwzRGdkUS1oYjVNNmxvVEhYd1dEUlpQbUdkWVNJVEsyRzV0Vmx5VFFSbHdpNmxmU0dySHhDTnQ2ZkV3SGJucl9rSEI1OTRPdWFDM3M3WlNsY0VoUQ?oc=5,"Wed, 08 May 2024 07:00:00 GMT",2026-09-20T09:08:33+09:00
GoogleNews:健康　課題　政府,健康　課題　政府,【開催報告】プラネタリーヘルス専門家会合「健康な地球・健康な人々：アジア太平洋地域における気候変動と健康をきっかけとした新たな協力体制の構築に向けて」（2023年11月2日） - 日本医療政策機構,https://news.google.com/rss/articles/CBMiV0FVX3lxTE5WaF9yaU0zQVhfY0NpMTJOaTJrQTlZMmRHU01iR1VxWWlRd0N5V193TlpVSzNjMmZpNmFBOXRRNTdPM3BZcFM1ZVd3QWFndkZqRnZwYm9nTQ?oc=5,"Fri, 10 Nov 2023 08:00:00 GMT",2026-09-20T09:08:33+09:00
GoogleNews:健康　課題　政府,健康　課題　政府,ヘルスハブの衝撃 ～シンガポールで展開される究極の健康情報ポータルとは～ | 柏村 祐 | 第一ライフ資産運用経済研究所 - 第一ライフ資産運用経済研究所,https://news.google.com/rss/articles/CBMiV0FVX3lxTFBJNTdFNUZueUJENURjMGxqeWZuWjZlcTdTQmVXRTlBTmp2TzJEbnU4dVZDVGZpOHNaVnhPM1RXZ1RGb2FpZ0owY0pYR01YNXBuRV9CQm5mMA?oc=5,"Wed, 09 Aug 2023 07:00:00 GMT",2026-09-20T09:08:33+09:00
GoogleNews:健康　課題　政府,健康　課題　政府,フェムテックが切り拓く女性の健康課題解決とビジネスの可能性 デジタルヘルスケアの新潮流【後編】 - pwc.com,https://news.google.com/rss/articles/CBMigAFBVV95cUxNZTAwd3RBdjRHZ1YzamxHMHZjUFRzZDNiNXo4X2IyVkpMc1A0eDhrakpFUUNXcVJfRWhPUXdPWEF6NXozX1k2YmEyMjczaTh5MjNaelJid0xVSjdnQk5yR0Ytakh4UHpUUjhDVDdwWW9lSW1UbUE1eGc4X0tnY2VLVw?oc=5,"Wed, 09 Oct 2024 07:00:00 GMT",2026-09-20T09:08:33+09:00
GoogleNews:健康　課題　政府,健康　課題　政府,「旧姓の通称使用」にも言及 女性版骨太の方針、政府が正式決定 [高市早苗首相 自民党総裁] - asahi.com,https://news.google.com/rss/articles/CBMiZ0FVX3lxTE5ONXl6NEh6REl4UGxVUEtXYWhycGhtRlF3dUtrUFJfRm1ENEFpLUx5Sk44Nk1BZXpYaG1ET3RnTTZDdTY4NnE5VlV2aTAwUEdDb3F2Y2Y5dlMtSGRja3drQ2ZMU3VxWnM?oc=5,"Thu, 25 Jun 2026 07:00:00 GMT",2026-09-20T09:08:33+09:00
GoogleNews:健康　課題　政府,健康　課題　政府,「女性特有／男性特有の健康課題を解決」がテーマの「第２回 ジェンダード・イノベーションEXPO2024（東京ビッグサイト）」、出展検討説明会を開催します！ - PR TIMES,https://news.google.com/rss/articles/CBMiakFVX3lxTE5sNUxvM2JOOGk1VktFdjkzNEx0djZ0X3V0MkNzS3hKSXE0S3ZrNGZCdmJRU1ZfWUl1TFpHamM1RVRLTTRHZ211eWhJQ3NvajhoX2pTT05QLXIyaHFlSlprV0FrYm5FS2NNcEE?oc=5,"Wed, 18 Oct 2023 07:00:00 GMT",2026-09-20T09:08:33+09:00
GoogleNews:健康　課題　政府,健康　課題　政府,オーストラリア クイーンズランド州政府とJASHIE運営チーム （ミズノ株式会社・一般財団法人未来医療推進機構、JA NETWORK） スポーツおよび健康分野のイノベーションの促進に向け連携強化 - ミズノ株式会社,https://news.google.com/rss/articles/CBMiY0FVX3lxTFBiVnRzQVpuWTJVQnp1RVdtS3VXQXpNM2tjMG0zck9qZmViZmUxLXdwOVFjZ2FUUFh2RHZxdWpVZnlfekwzcnhOaWF5bnVscVE0Q3JBWXNpV0Zkd1BGSkJuc2hhVQ?oc=5,"Wed, 18 Mar 2026 07:00:00 GMT",2026-09-20T09:08:33+09:00
GoogleNews:健康　課題　政府,健康　課題　政府,健康経営に悩んだら導入を目的化せずに労働生産性第一で考える - 日経ビジネス電子版,https://news.google.com/rss/articles/CBMiZ0FVX3lxTE1DQmE5aG8tbjg3YXZKWUp5NGtmOUZRaXBnUDVmR01BOUdDWnV6WU50QWJaejk1Qnd4TzNRU3hOc3JiTERJak9VSFY1QlhJbVlQVHhxeGFoU2FjLTROOGNOQlZULUtraWs?oc=5,"Thu, 28 Nov 2024 08:00:00 GMT",2026-09-20T09:08:33+09:00
GoogleNews:健康　課題　政府,健康　課題　政府,グローバルヘルスにおける日本の国際協力 | January 2023 | Highlighting Japan - 政府広報オンライン,https://news.google.com/rss/articles/CBMiiAFBVV95cUxNZlEtR19sYk5Xbm5wcmxGVnJ6aW1LN29hMlR4MjFvaHBOWV9RSGFMaWtyckRCbG5iNDc0d1ZXSEFtU29obGtjVmIxVXlwZlBKWDVxaWlTYUhTRXFyUVlFTUNjUmdsZnFFM1dOT09EX2hORi1nZVdYS3ZteEdVdWNlajVzRW8tbDJq?oc=5,"Tue, 24 Jan 2023 15:09:28 GMT",2026-09-20T09:08:33+09:00
GoogleNews:健康　課題　政府,健康　課題　政府,昭和から令和へ：変わる仕事と健康の両立 - newspicks.com,https://news.google.com/rss/articles/CBMiU0FVX3lxTE9xYUZOaEIyRklaT0UySjA4bkNGRi11djlTcHEtYmthSXlqUWhDQ0NfUV9CdDhxZWYzWXEteF9SQlNtM0RaXzIwMW92eWVLU05LVEVN?oc=5,"Sat, 22 Jun 2024 07:00:00 GMT",2026-09-20T09:08:33+09:00
GoogleNews:健康　課題　政府,健康　課題　政府,従来型保険証が期限切れ ２日からマイナに本格移行―普及へ不安払拭課題 - 時事ドットコム,https://news.google.com/rss/articles/CBMiY0FVX3lxTE0yZXNka2UwM3EtRHVkVjlTTnhMX25MWXpYWko5dVpoNWpYSWNtd2VzMXVpbkpZQ2RTbHNHQlZ5eFFYN0NkLWdZb1gtb2FjV292M3JZMjR4ekNQS1B0cnhLTGtKMA?oc=5,"Mon, 01 Dec 2025 08:00:00 GMT",2026-09-20T09:08:33+09:00
GoogleNews:健康　課題　政府,健康　課題　政府,2024年のグローバルヘルスを考える。気候変動と人間の健康のいま｜with Planet - asahi.com,https://news.google.com/rss/articles/CBMiXkFVX3lxTFBRZlBKM1pJSDFYY3p4Ul85b21zMlZWVHR1dGRWQ1I5TW9Vcnl1YVNkODg1a1BOVUNpOXZNdzFTSEh4OGh6OWZ3T1FKbzU5bmowZmUzYzhkTHdnTUNPa1E?oc=5,"Mon, 22 Jan 2024 08:00:00 GMT",2026-09-20T09:08:33+09:00
GoogleNews:所得　食,所得　食,米低所得層に広がる「食の困難」、消費者心理悪化の要因か＝ＮＹ連銀調査 - Reuters,https://news.google.com/rss/articles/CBMif0FVX3lxTE1mcXBnS0RGMTU0WTA3YnNjSS1VWTB4YmE5LVZ5Y1QxUWRvV0p1VW5Pd2ZzUkhiWjF1TUZiYmxmVHhjdy12bmpPc3lXZ0wwc2NnVkVZNnEyTUlkSExqTTRlYjgyNC1IbXg4dXJ5ODRGbmVZaXZZR050QkdWbThwV3c?oc=5,"Wed, 27 May 2026 07:00:00 GMT",2026-09-20T09:08:35+09:00
GoogleNews:所得　食,所得　食,JICA草の根技術協力事業「参加型フードバリューチェーンの構築を通じた所得向上」インドネシア・バリ島現地活動報告 - waseda.jp,https://news.google.com/rss/articles/CBMiYkFVX3lxTFBkeXBqZ25kaG0tdExlcU5CcWJJeFg4cWtTMFV6UmdmWG5qbE9xOWtGenNXMHNXVlpHb0ROR3YzWVY1LWxmV01mVUx6c28wdVdsVld1d1JaRGZvSnJkSjQtTW9B?oc=5,"Fri, 17 Apr 2026 07:00:00 GMT",2026-09-20T09:08:35+09:00
GoogleNews:所得　食,所得　食,"高所得者層ほど肉とスパゲッティを好む､では低所得者層は…データでわかった""収入差""による食生活の格差【2025年12月BEST】 - PRESIDENT Online（プレジデントオンライン）",https://news.google.com/rss/articles/CBMiWEFVX3lxTE5xWmlrdXZ3QUlBMkM2b09LbnNIVnppN2VvTnJNVW5KRnN6UFN5bXo2N1F3VTVVc1FROFhIZVJwaHdXUkpjclhXT0dDWkowVktkdzdESUlJOEQ?oc=5,"Sat, 10 Jan 2026 08:00:00 GMT",2026-09-20T09:08:35+09:00
GoogleNews:所得　食,所得　食,低所得者のペットフード支援、NYで初めてマムダニ市長が実現。動物保護団体は「前進」と歓迎 - ハフポスト,https://news.google.com/rss/articles/CBMilAFBVV95cUxOLXNYMjljY014MENiT2dlcEpKQm9DTmozRm5SM1pmWUQ4VDlWRzNhUzNGUXM1TldqYjJPSUIxcE9IMmE3MVV2UUxUX2FkRmdPYWljSzM0VThyZ2lWTVFLZmIzbVNtNENnUFpRc2V0bWY5dXl1OWVDYjZRUS00bV9fOTgxRjhFZHQwT0EzZ2FnZVZBWnBn?oc=5,"Tue, 07 Jul 2026 07:00:00 GMT",2026-09-20T09:08:35+09:00
GoogleNews:所得　食,所得　食,"高所得者層ほど肉とスパゲッティを好む､では低所得者層は…データでわかった""収入差""による食生活の格差【2025年12月BEST】 (PRESIDENT Online) - newspicks.com",https://news.google.com/rss/articles/CBMiWEFVX3lxTE9neE1jNWpUU19xdnpRaS1GM3Fpdi1nVXZFUUx0azVpd0g3OWRWZnV0M2kzajdQYWdaOERZNlhVZjc3cXZKMzBLQWxQeHFzLXBHcWRwTDNtQXU?oc=5,"Sat, 10 Jan 2026 08:00:00 GMT",2026-09-20T09:08:35+09:00
GoogleNews:所得　食,所得　食,バフェットは毎日コーラ5杯、大谷翔平は徹底した食事管理…成功者の「食生活」を真似する人が陥る危険な錯覚 - マイナビニュース,https://news.google.com/rss/articles/CBMiZ0FVX3lxTE9PWWN1ZTVLVjVkZmJNd29MNlhwYzM2NEt5MEFSVmNwUDRpUGlpX1JXMlpDT3pkdG5vTGwtbXl0NDQ5U2kzVXkyNm5ZczNySHVYb3REQUVXZ3VMMUk1ZTd2SGhEZkpjVmc?oc=5,"Fri, 14 Aug 2026 07:00:00 GMT",2026-09-20T09:08:35+09:00
GoogleNews:所得　食,所得　食,低所得層のマクドナルド離れが深刻に 広がるファストフード格差の真相 | 安さによる集客が困難に - クーリエ・ジャポン,https://news.google.com/rss/articles/CBMiU0FVX3lxTE5mazhCYy1xMElpVGZUZ0VUUG5WM3htblVoNWg2U01Qb1ZFWHA4eVFRcm1YWDVvamxpTnl1ckhPZElxMU9vdE1HWXRMWTFycHV3YVhZ?oc=5,"Tue, 09 Dec 2025 08:00:00 GMT",2026-09-20T09:08:35+09:00
GoogleNews:所得　食,所得　食,"高所得者層ほど肉とスパゲッティを好む､では低所得者層は…データでわかった""収入差""による食生活の格差 - PRESIDENT Online（プレジデントオンライン）",https://news.google.com/rss/articles/CBMiWEFVX3lxTE5GSEYxWmRqaVVsODFOMXJDY1QxV3hkSEMxMXB5X0xPZXhwd0FVWm1YdGItdTRURzNZWk5SLVpGaU5mMEZGZ3kzWmZsYVpBckdvVXptOS1TTEw?oc=5,"Thu, 04 Dec 2025 08:00:00 GMT",2026-09-20T09:08:35+09:00
GoogleNews:所得　食,所得　食,247. 低・中所得国における急激に変化する食の選択 - jircas.go.jp,https://news.google.com/rss/articles/CBMia0FVX3lxTE5JY05Gc0RrSFlrNjdLOFQ5bFQ3STI2QjZaTUk4ZDBuWml3YkZQSExfeGlFenpCZTB3M3JkWWNFVk13UHdnekkxYXhnanZtOTdUTTZLRW5DMi10WWFnWTBtd3Uxc05WQWoyZk84?oc=5,"Fri, 05 Mar 2021 08:00:00 GMT",2026-09-20T09:08:35+09:00
GoogleNews:所得　食,所得　食,農業者向けの「直接支払制度」とは？ - mri.co.jp,https://news.google.com/rss/articles/CBMiYkFVX3lxTE9GcFlGNzZCWjFlLXRocU15N1lxNE5ibGJNMWRZSWZFaFdkeUFUbEZ4bGMyeXBqY284MjFNQmRzVkZPZGc2MlRSdDNpQWhVb0Ffa1hwOXVJYXdvbFk3NFNXTFNB?oc=5,"Thu, 28 Nov 2024 08:00:00 GMT",2026-09-20T09:08:35+09:00
GoogleNews:所得　食,所得　食,物価高騰×給食なし――二重苦の夏休み 低所得のひとり親家庭で、子どもの食事”減”の危機 『夏休み 子どもの食を守る支援プロジェクト』始動 | 特定非営利活動法人グッドネーバーズ・ジャパンのプレスリリース - PR TIMES,https://news.google.com/rss/articles/CBMiakFVX3lxTE5jSWR2VDBrSWNXMjVQRG51UzR2Y3pEN292a1EyMHZMeTUtMmdPOFhmQUpqT1N4NlMwQnlzdzNsNWNfSEhvM0wxTHNOZUtEVUhrVjhSalREbTEzeUdKQVkwRUJ4UEFqanF6MFE?oc=5,"Wed, 16 Jul 2025 07:00:00 GMT",2026-09-20T09:08:35+09:00
GoogleNews:所得　食,所得　食,所得が低い人ほど食事の栄養バランスが悪いことが判明 :ニュース - almediaweb.jp,https://news.google.com/rss/articles/CBMiXkFVX3lxTE9MMWtqUlk0dEFvMVQyTkVxOFZ5NXg4QUg4YlExZ1ZTeTJuSU1idkp4QnFQQ0N5dFBwTFk4eDZOT1gxWFZNTXVvWHdiMXJqSTlRVVluYi1UbjFMZWgyQnc?oc=5,"Mon, 25 Jan 2016 08:00:00 GMT",2026-09-20T09:08:35+09:00
GoogleNews:所得　食,所得　食,世帯所得で違いがはっきり 不健康な食習慣と飲酒習慣 - ダイヤモンド・オンライン,https://news.google.com/rss/articles/CBMiS0FVX3lxTE05eDhxWi1QM0xSY3F1dG9LSEtQVTVtbXhoeHF1aTdNd1pyY25XM1U5NzRxNFdMR0F2YjJvcjNZa3ZIWTlTQ1NLNjZsTdIBTkFVX3lxTE5mc1o3UUp5aFduSW1ReENRWmE0ZmRjMVJTS3JMUUpXV1JRT1NvVnRQNzRXWE56bUplWmM4MnUzNFBKb0hoMGZxZmc1clZDQQ?oc=5,"Fri, 29 Jan 2016 08:00:00 GMT",2026-09-20T09:08:35+09:00
GoogleNews:所得　食,所得　食,低所得者ほど米・パン摂取 厚労省調査、野菜・肉類は少なく - 日本経済新聞,https://news.google.com/rss/articles/CBMibEFVX3lxTE5HTjhKTXNaMFFOVjB4TERoOFlpZ0pLYjQ4VWhzTG9GQWhBeWhuWDVLZXFFUWI4OXhJUlg5RGhFS2w0eEpYZFhGVExOQ0d3eE1qZXRfcnVqZnVnQzgwYXFib01peFUzdFpoQ3ROQw?oc=5,"Thu, 10 Dec 2015 08:00:00 GMT",2026-09-20T09:08:35+09:00
GoogleNews:所得　食,所得　食,食事療養標準負担額を引上げ、住民税非課税世帯は20円・低所得Ⅰは10円（2024年1月19日） - 社会保険研究所,https://news.google.com/rss/articles/CBMiU0FVX3lxTE1WNkstcW5TVjBoSFpZTFVUYzR6M3dlQUNqd3UwdzJmYmwxY1FUTlBvLUZqT0xzUlhLM0tBWXRDWFFfNjdpMWhZVzdzcFJjcVBab1R3?oc=5,"Mon, 22 Jan 2024 08:00:00 GMT",2026-09-20T09:08:35+09:00
GoogleNews:所得　食,所得　食,子どもの3人に1人「1日2食以下」 低所得のひとり親家庭 給食のない夏休み【Nスタ解説】 - TBS NEWS DIG,https://news.google.com/rss/articles/CBMidEFVX3lxTE43U1lVNW9YbEc2c2YybEhBTEdlMUFnREN5WTZib3p5NnJOZ2hQM3BuYzlKZjZQNlhuM1F5NHJRQmdqbHJFaldOeTF1enNubVhMZkgwejc4ZnhNbUdqU0hIbVYyNkUtTWFlOHE0VWZ0UDEzNFkx?oc=5,"Wed, 25 Jun 2025 07:00:00 GMT",2026-09-20T09:08:35+09:00
GoogleNews:所得　食,所得　食,明石家さんま、食生活を共演者が告白「高額所得者やのに…」 健康の秘訣も明かす - ENCOUNT,https://news.google.com/rss/articles/CBMiT0FVX3lxTE9MRGs5MU9IWk0xTm4yRFl0QVlDdFRYQVBjNzNxTVVSQV9DTnlEWGJYYlJCT1Z4NDBhQzRWNkZMUE5TWDBmQU5lN252U2d2Nlk?oc=5,"Sun, 26 Oct 2025 07:00:00 GMT",2026-09-20T09:08:35+09:00
GoogleNews:所得　食,所得　食,461. 先進国における食生活のシフトによる地球・人類の健康の改善 - jircas.go.jp,https://news.google.com/rss/articles/CBMiZEFVX3lxTE1vS2JTbUM2M3RQdlRuRkxRZmx1Q1ozNUZQd09XY3oyaHFES1BKczRuN1U4c1hjcWd1V0gtb1BNcVd3dHZQUkVubnJkaGt1QTFsYUhUb0M1MmlybEJGYjVRWW1JTkw?oc=5,"Thu, 20 Jan 2022 08:00:00 GMT",2026-09-20T09:08:35+09:00
GoogleNews:所得　食,所得　食,「230円の社食も高い」 当事者が語る、“今起きている”貧困の実態 フルタイム就労でも低収入、食を諦める母――困窮する親子の暮らしとは？ 【ひとり親家庭の声】 - PR TIMES,https://news.google.com/rss/articles/CBMiakFVX3lxTE5ka1NTZmVfSmVhQ2FjeU53TVM5WmdOV2JoNWFsaE5fOEg2dWJPNGE2Q1FFNEJ5SXV3S1B0Szdldk5LZ21BNnFGdFo3VkxPeE1kUklpVXFfZjhoTndRSVQzb2R1WG9LdHQ1a1E?oc=5,"Thu, 22 May 2025 07:00:00 GMT",2026-09-20T09:08:35+09:00
GoogleNews:所得　食,所得　食,1日1食の子どもも・・・ 学校給食のない長期休みに、困窮家庭で一層深刻化する食生活の実態とは？ 【フードバンクを利用するひとり親家庭への調査】 - PR TIMES,https://news.google.com/rss/articles/CBMiakFVX3lxTE1GNm8yRl9teVBkbVdEWDNiX3pmUUVzZWI2WC1yNUhZOWtRNUNyU2pmQmwxdTNZUlEzbmhFV0swQkxKbnhMLU04d0NpRHBxYWZBMFAtVllCanlHWGZkLWJidHlZREVBMVY2Y2c?oc=5,"Tue, 25 Jun 2024 07:00:00 GMT",2026-09-20T09:08:35+09:00
GoogleNews:所得　食,所得　食,“食の砂漠”をなくす。LA発、低所得者に新鮮な野菜を届けるアプリ「tangelo」 - IDEAS FOR GOOD,https://news.google.com/rss/articles/CBMiVkFVX3lxTE9IeVRfTk05bFFmVy1VNXVzTWpZbjNMZjBSMDR5X2k5aGY2Z1NfX29RcXFWbFg4TGYtOEhHbGRNaGdNUnUwUmp5a0ozM2NkV1FJRmVyNHNB?oc=5,"Fri, 02 Oct 2020 07:00:00 GMT",2026-09-20T09:08:35+09:00
GoogleNews:所得　食,所得　食,給食のない夏休み、貧困家庭を圧迫 子どもの空腹救う「食」のバトン、想定超える需要 - asahi.com,https://news.google.com/rss/articles/CBMiVkFVX3lxTE82aFltd1ZhVlBBYnptTmZla2NPQWZDbUJsR0Y1OExlU0VUbXo0bGVUczJRSXdGcmhFMHMtX1Q1dWgxRmJjdVE1eDFkM2pYeWpOT0RWcGZB?oc=5,"Tue, 19 Aug 2025 07:00:00 GMT",2026-09-20T09:08:35+09:00
GoogleNews:所得　食,所得　食,低所得が「食」「育児」直撃―子どもの貧困の実相（上） - nippon.com,https://news.google.com/rss/articles/CBMiVEFVX3lxTFBFSzY5cGpHTi1SMGlwNlpEbWJmZlJIWExPbjZlcFpTSEczUmFkVWZRMDUzVkdPME1TUERELThFVXNMOUVqWjljZ3NERldFWDVRVVJ6Ug?oc=5,"Wed, 16 Oct 2019 07:00:00 GMT",2026-09-20T09:08:35+09:00
GoogleNews:所得　食,所得　食,“やせ薬”が流行する米国で低所得層へ拡大した機能性食品市場 ファイゲンバーム裕香 - 週刊エコノミスト Online,https://news.google.com/rss/articles/CBMif0FVX3lxTE9Id29fSy1qUVJvUEJOU2VYMG5Bc2VaSDFvdXpWejdFSk9wYllUMzVlZEpWR1VwUzRlbXI1QW9JOE0zQnBVR2RDbXpRQTVwS2JhdUlVbkhzZHZrTnZYcmNlaTZHODRsbXNDUTZJakkwU3RFNEpkaGFGM2FKNENIXzA?oc=5,"Mon, 20 Apr 2026 07:00:00 GMT",2026-09-20T09:08:35+09:00
GoogleNews:所得　食,所得　食,コメ農家が赤字でもコメを作り続ける理由食料安全保障と農業のキホンの「キ」（4） | 食料安全保障と農業のキホンの「キ」 - mri.co.jp,https://news.google.com/rss/articles/CBMiYkFVX3lxTE16Q1k4SG9USnItdkJaanNHcEQxM2k3WVpuNWhVSGhVLTh2UE81TUluUkxVLThoT1ZvT01WQ1E4aUgxVTQxOU5GalBEcDNkYWV0MkJlZmh6T0VxWHNYT29GQjZR?oc=5,"Wed, 12 Jul 2023 07:00:00 GMT",2026-09-20T09:08:35+09:00
GoogleNews:所得　食,所得　食,"米、肉・魚、野菜の購入「経済的に困難」9割 物価上昇で 食事量・栄養足りず「子どもの成長への影響心配」【フードバンクを利用するひとり親家庭2,000名超による回答】 - PR TIMES",https://news.google.com/rss/articles/CBMiakFVX3lxTE4zV1dOZ2dtM1JwNmlrS0hqTUNhUmV1ZEdwQVM1b0RnSjRrbkd0TTV1UWMxTE5kUlFUOE9CdjgwakI4b0dMMTVKMURkVTdpU1JhcWZZT1ZXYjRucUtTd1JaRF9vYWp5a3QwNVE?oc=5,"Tue, 25 Mar 2025 07:00:00 GMT",2026-09-20T09:08:35+09:00
GoogleNews:所得　食,所得　食,平成30年 国民健康・栄養調査（2）身体状況、および所得と生活習慣の関連 - sndj-web.jp,https://news.google.com/rss/articles/CBMiS0FVX3lxTE1Hcl9GZnRfUnhVUWk2MVRjZEo1bUpoSlBLZWNwTGFtNTkxcHlTa2g2OENGZVN1WjZLMmNhZUF3bnNfUkozUnYxUHpGSQ?oc=5,"Tue, 21 Jan 2020 08:00:00 GMT",2026-09-20T09:08:35+09:00
GoogleNews:所得　食,所得　食,夏休み 子どもに昼食提供/愛知 みよし市 全国初 １食３５０円で | しんぶん赤旗 - jcp.or.jp,https://news.google.com/rss/articles/CBMidEFVX3lxTE9nQ3d1d1U3NVh3ZHVCV3NVUGFkSGlYTXAxbTZGSzJLY19LOW91Unh2M2IyNzBPTXhvb2d6VWpiUHRZT2ZfSFBxdHlZSXFOQnZBcXl2ZmtfUlFOMXlES0F2cEptM1VONXB2OW9DQkdmR1M1SFJx?oc=5,"Fri, 29 May 2026 07:00:00 GMT",2026-09-20T09:08:35+09:00
GoogleNews:所得　食,所得　食,【休日に3倍増える「1日2食以下」の子どもたち】続く物価高、「食」が奪われていく家庭の実態を調査：フードバンク利用のひとり親家庭アンケート | 特定非営利活動法人グッドネーバーズ・ジャパンのプレスリリース - PR TIMES,https://news.google.com/rss/articles/CBMiakFVX3lxTFA4bFZCOGNYOVEybzl3NS16T1lKTUJ6emVVY2d3eXhrR1hTeURLRnZwMm9Renh4dmREcllzZlhjNENET1I2RW1SVDN0TktIOFhzVm5JSEg5alY0UXJreFp0TzI3X0NHWko2MUE?oc=5,"Tue, 14 Apr 2026 07:00:00 GMT",2026-09-20T09:08:35+09:00
GoogleNews:所得　食,所得　食,高所得国での非喫煙者の肺がん、よく料理する人ほどリスク高い？｜CareNet.com - CareNet.com,https://news.google.com/rss/articles/CBMiX0FVX3lxTE8xTGg4QXNUUi1JTlQwSXgxZkhldWM3MEM0enpSUlZjZ2VxcXNCYmkzZEY5TDV6VG1ZbW16SzFXSWpvcGFsd2wxR2phUFh6SFBtSFQ3QW5vM21XYTgwQlln?oc=5,"Wed, 02 Jul 2025 07:00:00 GMT",2026-09-20T09:08:35+09:00
GoogleNews:所得　食,所得　食,給食のない夏休み 「1日2食以下」の子どもは低所得ひとり親家庭の3人に1人 コメの価格高騰で「お腹が満たせなく」 - TBS NEWS DIG,https://news.google.com/rss/articles/CBMiV0FVX3lxTE9RRG55ZkdMWmYtZmtDVDk2dTBJSWQ2WF80bHl2R1JEWHNZRTV1d2IwQTQ5WDVIT0xYQnd3V29mdzZWNW54Zm80RzRlYlFHdmtfbHpMQ3BVQQ?oc=5,"Wed, 25 Jun 2025 07:00:00 GMT",2026-09-20T09:08:35+09:00
GoogleNews:所得　食,所得　食,低所得世帯の食事は「主食頼み」、満腹より栄養に注目を - ダイヤモンド・オンライン,https://news.google.com/rss/articles/CBMiTEFVX3lxTE9ndGRlVF9rbEhNR0Nfa2VQZmhyZUJhamF5Qkt0SklYSGh0ZWpOV2FPOWZjVDk3Z3dFM3lWTXJSZ0htZHA5dy1DOFpKeG_SAU9BVV95cUxQOTlxUzBRTTBkR2RtcXRPeTllYmpYNWlpRFJicW9SWUcyT1F4Vm40LU9oLWxGWDB4QzltdTNydGxmX2I5MkVQMHpMTEtMZ1lB?oc=5,"Fri, 26 May 2017 07:00:00 GMT",2026-09-20T09:08:35+09:00
GoogleNews:所得　食,所得　食,【新型コロナ】ひとり親家庭への収入と食への影響を5月と9月に調査。子どもに食べさせるため食事を減らす親が増加 - PR TIMES,https://news.google.com/rss/articles/CBMiakFVX3lxTE9BcWM5cE80V1RwaXJIZjAtZ2dFT3lYTjlkS2ROMzRmLW1hOHY5QUlUZW1WVndKU3B0MTgyM1JEZjFQY1NDT3g1c0JPeFFMU2lMY3A1QlQ1UVkwYTV6dktJei1xQTdsQXBUZ3c?oc=5,"Tue, 20 Oct 2020 07:00:00 GMT",2026-09-20T09:08:35+09:00
GoogleNews:所得　食,所得　食,価格保障と所得補償を/高知 食と農を考えるつどい/紙参院議員と白川予定候補迎え - jcp.or.jp,https://news.google.com/rss/articles/CBMidkFVX3lxTE5iTjdhUmNkR1ItNUJBMXR6M3lCX1Y1VnUzSFh2Z3otZlMzcjFOOHVSS3dROTRpQjFRLWEzUElPeUlxbDA1Yng2cXJqcHRRVThzMkU3QWxLbzEwdndUUG9FcU5ENkV4MzVkdE43algxUFNxQ3NRS0E?oc=5,"Tue, 15 Apr 2025 07:00:00 GMT",2026-09-20T09:08:35+09:00
GoogleNews:所得　食,所得　食,入院時の食事に係る患者負担を2025年度から「20円」アップ、ただし低所得者では「10円増」「据え置き」の配慮―厚労省 - GemMed,https://news.google.com/rss/articles/CBMiSEFVX3lxTE9jR2NNSDNneUpSOWwtLVdBSUdEZU91UnJ6bEl5OWlGeklJdExXZUlEbl85OVJzaHRnMUd5YXlZNkg4Y19sdmN3eQ?oc=5,"Mon, 06 Jan 2025 08:00:00 GMT",2026-09-20T09:08:35+09:00
GoogleNews:所得　食,所得　食,廃棄される食品で低所得者層を支援 マレーシア政府が推進するフードバンク活動 (2ページ目) | 未来コトハジメ - 日経BP,https://news.google.com/rss/articles/CBMickFVX3lxTE9DTXZhck9IX1cxYWJTSzFvUm5hZlF5TDViQjFQdUZfQklmR1pCbXFLSjNGbS1BUFBjeXN4ZWpDbUE2UzlkTVNCNExqckZNLXcwQl9yU2VGeXRoSVBvdVNnaHZ1ZVJSejNzNllhVV93LTJjZw?oc=5,"Tue, 20 Jul 2021 07:00:00 GMT",2026-09-20T09:08:35+09:00
GoogleNews:所得　食,所得　食,出店により“都市に豊かな食生活を届け”、“産地の所得向上”に。都市型八百屋「旬八青果店」が連続出店します！ - PR TIMES,https://news.google.com/rss/articles/CBMiakFVX3lxTE9SNVY4R3p3QmROT0tYOUM5VGpuM0RxU3oxNWhNSUxVYkw2T0pXbDJnTENyVFh5SFpMQ0NIeGwxOWo3b2gzU3F2d2RzbXc3X2hkcjJWbDdFNjhmeHZqMEstSE5KalNhV0cwd1E?oc=5,"Fri, 01 Mar 2024 08:00:00 GMT",2026-09-20T09:08:35+09:00
GoogleNews:所得　食,所得　食,入院時の食費、1食当たり30円アップへ - 日経メディカル,https://news.google.com/rss/articles/CBMif0FVX3lxTE9Ra0tVdkNLcUZYU0RvQ3NQU01mTWZkRFoxdF9sQU5NcFlkR3RZMEQ2ZjlpdW8zdFpWN25BMHlTR1JxY2hDc2ZuZExBdU83cEt0X1BLTHJhS1BxUlFHRWdMTWphekFUT0doRTI1VDdUVm04TWVlWEV4aW9mM0g1M1U?oc=5,"Mon, 11 Dec 2023 08:00:00 GMT",2026-09-20T09:08:35+09:00
GoogleNews:所得　食,所得　食,低所得が糖尿病リスクに 1.2〜1.4倍の格差 ストレスや就労困難が原因か？｜ニュース - dm-net.co.jp,https://news.google.com/rss/articles/CBMiWEFVX3lxTE5iOTJPS0dTUlo5RU9mdVJyWmw5T2IzSUF3dU4xOEVnOFJ2Ri1rWC1WLWVjUnNkZmkxbUFWZVZYRHBaYzZQQ2c0TDg1X1FNQ3RmY0FpWkZnVi0?oc=5,"Wed, 13 Feb 2019 08:00:00 GMT",2026-09-20T09:08:35+09:00
GoogleNews:所得　食,所得　食,「フードスタンプ」来月1日から給付停止の方針 市民に不安広がる アメリカ（2025年10月30日掲載）｜日テレNEWS NNN - 日テレNEWS NNN,https://news.google.com/rss/articles/CBMihAFBVV95cUxNLTNwU2lyTVNKNkxwYjBkclBOVElSM2h1Z1B3MU1KaFhSbUtRYndCY2JxRlVxMUd6dHhkMkdXZHNEYzg2bm1NV0cwM3E1Wnk3WFhYelpsdEk0dlY3VGlfdmdYQmszZ1Nad2hPbW04Y2VvUHlTWl93YWk1Unh0dFlsUFd2OEI?oc=5,"Thu, 30 Oct 2025 07:00:00 GMT",2026-09-20T09:08:35+09:00
GoogleNews:所得　食,所得　食,食を通じてひとり親家庭を支える、食品支援ボランティア募集【近畿・九州】 ～低所得のひとり親家庭に向けたフードバンク「グッドごはん」～ | 特定非営利活動法人グッドネーバーズ・ジャパンのプレスリリース - PR TIMES,https://news.google.com/rss/articles/CBMiakFVX3lxTE1fbGU5V2sxbVNGWEFhUzcxNDd4STJ3UmJDblZQOXZXY0xGQkJJNE1idVdHVW1MOW9xRHREbHkwWDl2by1NT3AyV1hPVXVmMW9rSHBVWmJQRWJaSmVFVUJYSGdfLXhLWmxUUVE?oc=5,"Thu, 27 Mar 2025 07:00:00 GMT",2026-09-20T09:08:35+09:00
GoogleNews:所得　食,所得　食,所得に比べ幸福度低い韓国人…１日２食は「ひとり」、隣人も「信頼できない」 : 文化 - ハンギョレ新聞,https://news.google.com/rss/articles/CBMiXEFVX3lxTE90bkszTFFaUGlJTmtEVGlKbkVyV053UkgwUEJqanVLSlF3NU1UM2tpRVZ6Sm05QlhrSkNqMTNqeDFPa3UxZ1FYazNiUkNtUEhIVmd4MmpuaUIwZExS?oc=5,"Tue, 25 Mar 2025 07:00:00 GMT",2026-09-20T09:08:35+09:00
GoogleNews:所得　食,所得　食,"所得の割に食にこだわる｢エンゲル係数の高い県民｣が不思議と好む､米でも麺でもない割高な""粉もの料理"" - PRESIDENT Online（プレジデントオンライン）",https://news.google.com/rss/articles/CBMiV0FVX3lxTE5jS1hrNTN2aEQtQUdMcXZQQlBnMnVBOWlkV3RzNlFfZ1BhYUdhR0ZHeE1iR0kwNGNOMHlrQ0s0U0NMVURqV3dOVFYzeUt2a1ZTUWJXZnJXWQ?oc=5,"Tue, 12 Jul 2022 07:00:00 GMT",2026-09-20T09:08:35+09:00
GoogleNews:所得　食,所得　食,令和の百姓一揆 「食と農と命を大事にする国へ」 農家の所得補償求め、トラクター先頭に4500人が都内をデモ行進 - 長周新聞,https://news.google.com/rss/articles/CBMiVEFVX3lxTFBaTVBSSFVSZnlPNk1nTEk4NHVhWS00QVExZDlWS3gwVmxqSXFJTURYUTdhRVBremFFbUQyQ0M3RkFSdmZ1RjR0NnJ0NDVPYUYwTDVfVQ?oc=5,"Wed, 09 Apr 2025 07:00:00 GMT",2026-09-20T09:08:35+09:00
GoogleNews:所得　食,所得　食,世帯収入、200万円未満が2.5ポイント増 「衣.食」の確保難しく、病院受診も抑制＜2022年度沖縄子ども調査＞ - 琉球新報デジタル,https://news.google.com/rss/articles/CBMiW0FVX3lxTE95ZU1zOGMyZ0IxWUpxRVgwb2FJNWFaaEVwS3pkcmlXaUNyYUt2YjBfdHpDOGhZWUpjcVYxdnNLVHkyU3JTOVF4ZmcxMlZsZUFpVXFQaElzVHdXNjg?oc=5,"Fri, 09 Jun 2023 07:00:00 GMT",2026-09-20T09:08:35+09:00
GoogleNews:所得　食,所得　食,栄養改善と収入向上を試みる、ラオスにおける「昆虫食」のあるべき姿 - JBpress,https://news.google.com/rss/articles/CBMiVkFVX3lxTE0yeFFVRlNLdmxZX0RJRW0zSUh5a1pzdjhhRjlYZVoxS040blotTGt0TXBOUmtFMk15YTlFcjRJYzZwbk9HMDVzQ0R6Yk5YbjdTYlJDWHFB?oc=5,"Wed, 14 Jun 2023 07:00:00 GMT",2026-09-20T09:08:35+09:00
GoogleNews:所得　食,所得　食,所得と野菜を食べる量の悲しい関係、野菜マーケットはいまや「局地戦」へ 味の社会学（第6回）(1/4) - JBpress,https://news.google.com/rss/articles/CBMiVkFVX3lxTFBBV0hOaUtlZVFvZU5PVUFsTWlpeURXY0YyRlFqaW96dGVnd2hHNUVBU3ZkN0kzRG1JcTl3QVhiRk1VbnRTVlV0NzN1djNFdEVrSUJtVE13?oc=5,"Wed, 26 Feb 2014 08:00:00 GMT",2026-09-20T09:08:35+09:00
GoogleNews:所得　食,所得　食,【最新データ】「中所得者層」がAIに食われている - newspicks.com,https://news.google.com/rss/articles/CBMiU0FVX3lxTE1pME1nY0o5eWlhLUIyRl9Bc0xwUE94QmM5YmVfUW5rTjdqOTUwQnZ0LXJwZXR0Ni11NVZMdk5TcGJEc0xFUFhSSlNLZDF4QVo2XzJZ?oc=5,"Sat, 15 Feb 2025 08:00:00 GMT",2026-09-20T09:08:35+09:00
GoogleNews:所得　食,所得　食,「健康的な食品」の価格は「不健康な食品」の2倍以上！英国の調査で発覚 - Women's Health,https://news.google.com/rss/articles/CBMisgFBVV95cUxNUkJVYUFTc1VhMUw3WHdpdmM2MXc4YjhaMW14N2VxOHV4TVZROVhWZGp1ODE0QWRHVlhpbS1hWnloZnJNUXdFelhzN2hyLW1xdkdpTGg1NkFJa0dhTTVSc2MtRzhTZlo4VGppWUMyS0VpZzVnSWZUM1hNc0hzUkdISGlyckFRc0o3X21MWkZMY2VRa1cwY3RtUVJqUk1TbHliLUVfaGZVMGNtMXpha0JmV2Rn?oc=5,"Fri, 21 Feb 2025 08:00:00 GMT",2026-09-20T09:08:35+09:00
GoogleNews:所得　食,所得　食,【新型コロナ】ひとり親家庭の収入と食、子どもへの影響を東京と大阪で調査。 - PR TIMES,https://news.google.com/rss/articles/CBMiakFVX3lxTE9aTmQ4dWJZV2NlUGNLSzRxLVh0eDlKbHVRQWtJZXNOUHU5QnEwQXRwQ2FuV0pYTThfdlJoVW5VQ2poX2xxVkxheXFSTFE2Mk54d0l2c2RGRFQ5TWtQLXo4ZTZBYWhaZ2pCaVE?oc=5,"Thu, 24 Dec 2020 08:00:00 GMT",2026-09-20T09:08:35+09:00
GoogleNews:所得　食,所得　食,所得が高くなると健康投資が増える？－高血圧診断が食生活に与える影響をもとに 小西萌 助教 （2011年4月当時） - waseda.jp,https://news.google.com/rss/articles/CBMiYkFVX3lxTE9iMmUzSWpFcVdOOXdqM0dXbGJJZEJEc0p5QzVkNjNyR0FwWk1qb3ZGTjFnSklWQ2hsdkU2U1pkNkNtYVVnRG0tRnNyNFhMZ2dRLXlWa1lvYU9ISGtuNFYwcWFB?oc=5,"Sun, 17 Apr 2011 07:00:00 GMT",2026-09-20T09:08:35+09:00
GoogleNews:所得　食,所得　食,68カ国の12〜15歳18万人の調査で、食料不安とファストフード摂取量に有意な関連 - sndj-web.jp,https://news.google.com/rss/articles/CBMiS0FVX3lxTFB0M19BaFAyQjhRTWpfWmZQci01N1NHTUtkVTVnMTBCQ0paQVZWTG1TalZSLV9DakItN2l1b0hGWnBkNWkyODlIRk1pdw?oc=5,"Fri, 14 May 2021 07:00:00 GMT",2026-09-20T09:08:35+09:00
GoogleNews:所得　食,所得　食,【動画あり】世界一の経済大国アメリカに広がる「食の砂漠」 生鮮食品入手できない貧困層 - 東京新聞,https://news.google.com/rss/articles/CBMiUkFVX3lxTE9zc3J3anEwVTljRUdFclZNMnFSV0IwUEZMM2pJUjBkVXpxYlFnZl9TS21VdzBRX1hEU2RsOVNhXzZqTC1YY2xLc0xKdEpvWVBSc3c?oc=5,"Thu, 24 Dec 2020 08:00:00 GMT",2026-09-20T09:08:35+09:00
GoogleNews:所得　食,所得　食,猛暑でもエアコンを使えない、食費は1食110円以下…物価高が招く子育て世帯の困窮 - 現代ビジネス,https://news.google.com/rss/articles/CBMiWEFVX3lxTE5QYmYtRVZSMHhFSmh5VTBKZEJYRHpsUm1laWFKWmxLUVNRSy1UUFpPSXg4allKNEVPTWZRZ3NTT0FjRGE2cHpXeFd1bXY1SU5lU3lnMjV0YUw?oc=5,"Wed, 19 Jul 2023 07:00:00 GMT",2026-09-20T09:08:35+09:00
GoogleNews:所得　食,所得　食,ネスレ、低所得国のベビーフードに大量の砂糖添加 - SWI swissinfo.ch,https://news.google.com/rss/articles/CBMioANBVV95cUxOWDJFM0xjRmdzRTVTOG1oMEdTYnlMVG52cEU5LUNBWnFHUl8tLTA2bkhNZFZQYUpfbUxVOVpiVzh5NWE2NzJBaWZCS0hXaEZLc0VadlFBaUVVSnQ3aVRYNUs3MkhuVnJWNk1ENmRSU2pXZlVFQWZVZnZLaEx4aVNCODdmWEJoV3MtRGpqYW9nM09aYm9BZVJ5d2ZNNHBFdXp5NWplN1lfN085clpKTXd3MXItUy1mSGlKSURJY0MyVGhaQjYzemNJb3ppakdQWW10cE9TRUctZFo1eFFvSnlRZEkwT0dFd2Z6czhRR0hoYTJJSlVyZEZDSWRmbC1oMUhIbXlqenhSV00teUVFb1VLLTFXcExkMkxiTk5BRmhTRjI3UDFNRUJxekc1MW9zT1h4RjJmWUhzUWNHN0RVZTRIMmM1RTBEOGRyUDNrQ0hZYXVsZWYwb1haVzBBVXAwcW1fV2k3elhmeUNweGJnUl9kMXJyVm1GUDFyMmozdjRYU3FqaFByTlV5TDBFQlBJUVIweW00Ynl0R0hxNTJJNVBDaQ?oc=5,"Fri, 31 May 2024 07:00:00 GMT",2026-09-20T09:08:35+09:00
GoogleNews:所得　食,所得　食,預金残高は6268円、あと1週間は収入ゼロ 物価高で1日2食に 通路の電灯を頼りに料理 - okinawatimes.co.jp,https://news.google.com/rss/articles/CBMiXkFVX3lxTFBiOV9yYldpTDE3eVhUNHVaVE1qS3JQT1NOUWxhTFdreGdFSjZ1bHRPQWpHNWcwTy1qQVkzb21VVUprOU5GeXBIMy1UaERrcm1lbjl6VEFITTVHZWExVlE?oc=5,"Thu, 09 Mar 2023 08:00:00 GMT",2026-09-20T09:08:35+09:00
GoogleNews:所得　食,所得　食,「1日4ドルで作れる」低所得者向け料理本、米国で大ヒット - natgeo.nikkeibp.co.jp,https://news.google.com/rss/articles/CBMiakFVX3lxTE8zVmQwT1VyZDNsOVpnS3JZS01UdEFQaTQxMWpDY0xtbjNqV19XdVpfNlBaWExaakZnRjZuTktDYnpBVXNkR2dUTlFHVVhFbHd5ajd4eFM3Z2Z4ZXhqMXMxRXNsaVVaa2pWdkE?oc=5,"Tue, 26 Aug 2014 07:00:00 GMT",2026-09-20T09:08:35+09:00
GoogleNews:所得　食,所得　食,マクドナルドなどのファストフード業界で値上げにより急速に低所得者層の客離れが起きているという指摘 - GIGAZINE,https://news.google.com/rss/articles/CBMiZkFVX3lxTFAwOXRxLWdtZ0RPTnRKcTRWVkhQUWZ2dXNwN2xXSG8tdnRXT3hsRDM4ajZ0X2lQYzQ2VE9uS0QxYmhVaVYwV0pfY1VkaFhEOGplM3BFX1JZU1dIMUVRX1V4SVhkVkFMQQ?oc=5,"Fri, 28 Nov 2025 08:00:00 GMT",2026-09-20T09:08:35+09:00
GoogleNews:所得　食,所得　食,「高所得の人」と「低所得の人」の健康格差をシミュレートしてみた。NHKスペシャル取材班が総力を挙げて迫る - ダ・ヴィンチWeb,https://news.google.com/rss/articles/CBMiTkFVX3lxTFAzN092b24tVVNfRi13bXppb2ViRGQ2ZXVzcUwydTkwLUllMS10NDNTaHJJTDVOSUFXNGFxRklmOGNzaFRkUXN0LXdHa3NNdw?oc=5,"Mon, 29 Jan 2018 08:00:00 GMT",2026-09-20T09:08:35+09:00
GoogleNews:所得　食,所得　食,ネスレはどのようにして低所得国の子どもたちを砂糖漬けにするのか - GIGAZINE,https://news.google.com/rss/articles/CBMiaEFVX3lxTFAtSzcwekh3YTRVUUEtYVJZaWZ0b3lTYVRGSDdwLWwwbWMzTTJ4UU9wOFBYRV95WUQ1S1lwU0VXcDNDSFJQRkhidDdHODQ1aTBxcUFRTkEzVFdOQzc1dTZaNmtidUQxcTIy?oc=5,"Tue, 23 Apr 2024 07:00:00 GMT",2026-09-20T09:08:35+09:00
GoogleNews:所得　暮らし,所得　暮らし,【年金暮らしの人】住民税が非課税になるのは年金収入155万円以下、扶養1人なら211万円以下。非課税世帯が対象になる給付金や医療費の上限もあわせて確認します - LIMO | くらしとお金の経済メディア,https://news.google.com/rss/articles/CBMiVkFVX3lxTE1wdTI5UlpjaGNsRS1rVVU3ZDl6VnFzZTRFT0hmTGtXb3BUM2NlaldLcHJmYWlsV2JSTDY4WWFVRHdsOVZackdicElLaVhSQVdkMU52OFRR?oc=5,"Wed, 02 Sep 2026 07:00:00 GMT",2026-09-20T09:08:37+09:00
GoogleNews:所得　暮らし,所得　暮らし,高齢者が暮らしやすい県はどこか、高齢者夫婦の年間収入から調べてみた（斉藤徹） - エキスパート - news.yahoo.co.jp,https://news.google.com/rss/articles/CBMiiAFBVV95cUxNbHpuSjQ3VU1TUEg2bXdSeFp2aGdKQTBrcFlIa20tR1p2RzNMamxLN2tObXJzMFMzOWhocmNhaTZvbGxGVXYyQ25XU1U3eW1sZnI1bkxQY2pNZ0ZSLVc5ck9xR3g3TjlVanFBalhQbTZHY3FjQU05eVdfaUhNQlFRWHVxUnhheDFE?oc=5,"Thu, 02 Jul 2026 07:00:00 GMT",2026-09-20T09:08:37+09:00
GoogleNews:所得　暮らし,所得　暮らし,37歳の私は、年収4400万円で都会暮らし。それでもFIREのために、収入の半分以上を貯蓄しようとしている - Business Insider Japan,https://news.google.com/rss/articles/CBMiqAFBVV95cUxQV1JGOGRxeVhJRldQNGZOcDQzVC1LbzNDVW95X2F5SVVBVFg0Ml9kcEcxN0x1OEtQWFNOVWVfcEE1el9UZ3VyZzUtWEhHakhlOWFZY3U3OTVxMll0VVEteHRrcm9BdV9Fb0FaRy1UR0c3dnQ4RFpHdmFxd2JfLWFlZVNhN1pPY3VUTGZYRGlISzR6WG1xY0tGVk9pOHU0c0hyX2VBRHd0M1A?oc=5,"Sat, 20 Jun 2026 07:00:00 GMT",2026-09-20T09:08:37+09:00
GoogleNews:所得　暮らし,所得　暮らし,労働収入6万円「仕事のストレスを思えば今の方が相当楽」39歳男性の住民税非課税世帯の暮らし - All About（オールアバウト）,https://news.google.com/rss/articles/CBMiTEFVX3lxTE9tMmdydXBSUF96amdJelRXQjNmNkNYUVcxRVVjRlFRV0paUTBHRWYwYmZ3SkJNSXp2M1Q3V2gtcUFha2JqNjhRQ1VvRzA?oc=5,"Mon, 11 May 2026 07:00:00 GMT",2026-09-20T09:08:37+09:00
GoogleNews:所得　暮らし,所得　暮らし,「公営住宅」の家賃が“民間並み”に跳ね上がり絶望！年金暮らしで生活が苦しいのに、同居する家族の収入のせいで負担が激増するって本当？「近傍同種家賃」という理不尽な罠とは？（ファイナンシャルフィールド） - news.yahoo.co.jp,https://news.google.com/rss/articles/CBMif0FVX3lxTE5aNFpKY1FDNmRoQjZLVWlYaVhQVHFpT2Z3aGJ6YlhuQkFfa0xTSExxQldaT2JlbUI2cDRCd2o2SExLVEZnRUNpT2g4Y29HUVJhODRuMkw5ckFUWC04Y2taOUVoSUZCVjNxNkhQcjlCejMwVHNIMWxlUG12d3NSVjQ?oc=5,"Mon, 22 Jun 2026 07:00:00 GMT",2026-09-20T09:08:37+09:00
GoogleNews:所得　暮らし,所得　暮らし,"低収入･実家暮らし…前途多難のなかでも｢結婚したい！｣32歳彼を変えた""婚活の力""【久保さん×植草さん対談:後編】 - 東洋経済オンライン",https://news.google.com/rss/articles/CBMiUkFVX3lxTE1jcm1JQ3U2VkU5VlhKblI5RTRGLW4zckthY3RjSmZyeW1KLWMwdk5UaXl1b1BjVUU0cWxLZEhsQ0p4RmJiMGJ1SXE4LU9xZFFTNkE?oc=5,"Sun, 29 Mar 2026 07:00:00 GMT",2026-09-20T09:08:37+09:00
GoogleNews:所得　暮らし,所得　暮らし,物価高・増えない手取りに追い詰められる暮らし――ひとり親家庭アンケート 生活は“工夫”ではなく“犠牲”の段階へ【当事者の声】 - PR TIMES,https://news.google.com/rss/articles/CBMiakFVX3lxTE1tcnNsSlNiZkxJWnM3OUxXNGRlT2xMOEhJMDUwcERDZ0FCS01yNEpzUHlvVWFPNTNGTlBpOC1ZX20yc0x2LUdwWXlkNVMtYTNxZUYxMnI2eGdzLW1vWExRWHZMNmlWTjRvNGc?oc=5,"Tue, 24 Mar 2026 07:00:00 GMT",2026-09-20T09:08:37+09:00
GoogleNews:所得　暮らし,所得　暮らし,東京23区の暮らしが極めて苛酷になったわけ 「経済的豊かさ」は東京が全国で圧倒的な最下位だ（中原圭介） - エキスパート - news.yahoo.co.jp,https://news.google.com/rss/articles/CBMiiAFBVV95cUxPN29LS2lMa09tREJYRjQ0Q2NzZzhMMWxHeVpTNGpiNi1Fam1ob0JfenNxTkVyaWZtc004MmVzQjJ4YlNnb1Z3ZFNYdGlUdXVKbGZOUlpvbURXUFl6SkRUWlFpSi02ak9nSDB3Tm9NTGNXN2NkRDJkcGcwblhvSG93WkpIQXQyUk4t?oc=5,"Fri, 05 Jun 2026 07:00:00 GMT",2026-09-20T09:08:37+09:00
GoogleNews:所得　暮らし,所得　暮らし,"低収入･実家暮らし…前途多難のなかでも｢結婚したい！｣32歳彼を変えた""婚活の力""【久保さん×植草さん対談:後編】 - 東洋経済オンライン",https://news.google.com/rss/articles/CBMiW0FVX3lxTE53YTc3NUxMb25zdk1rak5vVm1RZDZ5OE5RTFpqY1lULU1TWG9nUWVWZnZIMTFoTlk5T2tBWXJuQUEzVHpMN0NaQUdOdWVpUUZLalJlMkFJalBINU0?oc=5,"Sun, 29 Mar 2026 07:00:00 GMT",2026-09-20T09:08:37+09:00
GoogleNews:所得　暮らし,所得　暮らし,「老人福祉医療費助成制度」「ひとり暮らし高齢寡婦福祉医療費助成制度」の対象者のみなさまへ - pref.shiga.lg.jp,https://news.google.com/rss/articles/CBMiV0FVX3lxTFBzN0Jzd0V6amlrN2NDalE3UnVnTFA0Zkt0MVBSczlsR3RsbTd2RzhwaWM2TW5SeHdVQ3RaMWdva3JHdDlFOGpKSmlPc0JVaWl6amRiTHlzZw?oc=5,"Fri, 31 Jul 2026 07:00:00 GMT",2026-09-20T09:08:37+09:00
GoogleNews:所得　暮らし,所得　暮らし,物価高から国民の暮らしを守る令和6年度補正・7年度予算 あらゆる政策総動員で可処分所得を増やす | お知らせ | ニュース - jimin.jp,https://news.google.com/rss/articles/CBMiXkFVX3lxTE5qSkFyUlMycENWTDZQbEpLNzZCNnlFVDU3LWM2UDJwQ0ZRWDJFQ3lIdV8zWlk0QldyOEQ4OHBFVmZpUGtEWTJxa0FPX3ZJNDdoVWw3MXl3cEJ6Y1R4SHc?oc=5,"Wed, 30 Apr 2025 07:00:00 GMT",2026-09-20T09:08:37+09:00
GoogleNews:所得　暮らし,所得　暮らし,"「祖母は賃貸収入だけで暮らしています」〈家賃収入3,900万円〉74歳祖母…30歳孫娘が選んだ〈意外な道〉 - ゴールドオンライン",https://news.google.com/rss/articles/CBMiUkFVX3lxTE5LcXNQQjZQb3Q5U3ZuelA1ckF2NmtrcVEwNEFwaHpDOFA0aEloVWM3MDBTU0ppZGxjeFhtR09keG0zaURJblJ3WFVYVURsUmxjVEE?oc=5,"Fri, 13 Mar 2026 07:00:00 GMT",2026-09-20T09:08:37+09:00
GoogleNews:所得　暮らし,所得　暮らし,都市は誰のものか 都心に中低所得層が暮らすパリの「空間の再分配」 - asahi.com,https://news.google.com/rss/articles/CBMiZ0FVX3lxTFB1dHgzdFY3WktDT2g5SE1zMmxrX1I0eDNja0RjVzNydWhBUzRFd0lYNjhPZFVsazNEVEdhekFwa1Nja3RnYVR2NGNQUXNNY1N5aU9Ybzdycm00YVpHSHJ1a2FGbG11ejg?oc=5,"Fri, 10 Jul 2026 07:00:00 GMT",2026-09-20T09:08:37+09:00
GoogleNews:所得　暮らし,所得　暮らし,＜みんなの平均＞50代夫婦（都内暮らし）の平均年収や貯蓄額、生活費はいくら？ - aeonbank.co.jp,https://news.google.com/rss/articles/CBMifEFVX3lxTE5RdUFWMklvRWQ2eXJHMzJIVDlBSzEyQjJNR252NF9yT1hpVzJZQjU4dkFNMUtpM3J1R3pHa2R6ZHFBYTVRdy1sMDJDTnFGdXRONzd1dVJUS1h6LWRLdXdMQzFiWjhOSVloY0pNeXgtajJBODJaR0tqUjNTdHc?oc=5,"Mon, 18 Dec 2023 08:00:00 GMT",2026-09-20T09:08:37+09:00
GoogleNews:所得　暮らし,所得　暮らし,暮らしと意識に関するNHK・JILPT共同調査 - jil.go.jp,https://news.google.com/rss/articles/CBMiZEFVX3lxTE5rOC1sVmxmbEh1cC0ySFFtcUh5Nl9xbFNkMmZJUVNySlk4SVZQYTFsMGFOaDhZc0dqalk5TEdCRkZjcDVjdXpMWkgwdUJfVkNVTkgwMi1QLWwzT2llMmpVRDkzN3E?oc=5,"Fri, 31 Mar 2023 07:00:00 GMT",2026-09-20T09:08:37+09:00
GoogleNews:所得　暮らし,所得　暮らし,物価高騰、暮らしの危機打開へ――経済政策を転換する緊急要求 - jcp.or.jp,https://news.google.com/rss/articles/CBMiVkFVX3lxTE9IOFVBVHhWUm9IY2drNDBBLWY1ZElJeXAyUXY0bmlfUVFfU0h4U3JUdFlONkZDaTJXVzBoVnVDT2trei1PcHFUQm1XQjQyWXBJTDNYOFJn?oc=5,"Tue, 14 Jul 2026 07:45:21 GMT",2026-09-20T09:08:37+09:00
GoogleNews:所得　暮らし,所得　暮らし,"低収入･実家暮らし…前途多難のなかでも｢結婚したい！｣32歳彼を変えた""婚活の力""【久保さん×植草さん対談:後編】 - 東洋経済オンライン",https://news.google.com/rss/articles/CBMiW0FVX3lxTFBLeUV3NFlPblRkSUt3cVFoTUJQYzdLYWJieDBkQ3BzaERXZjU3bC1vaVV1SXlSU1hRUUk0RXRkV2pwYWp0dWxXWGNuNmNBQk83OWsxUkJ1NndzUDQ?oc=5,"Sun, 29 Mar 2026 07:00:00 GMT",2026-09-20T09:08:37+09:00
GoogleNews:所得　暮らし,所得　暮らし,"「お正月どころではない」――年末年始、8割が家計苦・物価高が拍車 低所得のひとり親家庭に迫る困窮【2,000人超調査】 - PR TIMES",https://news.google.com/rss/articles/CBMiakFVX3lxTE9ZTGVna1pSOENZclQ0QWViY3M0TkE3T25hQWpoNTFuUWVHTGQ3NGk2ak5zbWZIVDBsd0NHcFFESjZ1U0xobXZtOFc3NmFIbFlidHo1dDVaUk5kZ0dacnp5d0ljWS1vb2NBMHc?oc=5,"Thu, 04 Dec 2025 08:00:00 GMT",2026-09-20T09:08:37+09:00
GoogleNews:所得　暮らし,所得　暮らし,1. 強い経済で、笑顔あふれる暮らしを。｜政権公約2026｜「日本列島を、強く豊かに。」 2026年 第51回 衆議院選挙 - jimin.jp,https://news.google.com/rss/articles/CBMihgFBVV95cUxNNVBEM2Jla0xLd0prdm04ajNzYmdEV2JudldQRzZfa0dBSEFUM0NDS29yel9OTUprYWFxZGkxVWI1WnBhRGFmMW5hNlp3NXg4M2FQZmZEb0RZNXZVaFk4bExXcWthRFd0UzlWNkUyang5QWd3VXctRU1IUHlrWDgtTVJaZXByZw?oc=5,"Fri, 13 Feb 2026 10:00:21 GMT",2026-09-20T09:08:37+09:00
GoogleNews:所得　暮らし,所得　暮らし,暮らし守る定額減税・給付 - 公明党,https://news.google.com/rss/articles/CBMiVEFVX3lxTE5VSGxLdUZUNmJMOENqSnY3a0RBWURBMUc4elZfN0Y2YjRwZ2FtTmNyY2ZpSkNzVEpGZENYR3dwWTlRN2RaS01iWjdWalRzM0g4ZnRmbw?oc=5,"Thu, 28 Dec 2023 08:00:00 GMT",2026-09-20T09:08:37+09:00
GoogleNews:所得　暮らし,所得　暮らし,千代田区ホームページ - 【千代田区独自事業】暮らしを支える直接支援を実施！【所得制限なし】物価高騰対策として区民にギフトカードを配付（令和7年6月2日配信） - city.chiyoda.lg.jp,https://news.google.com/rss/articles/CBMihwFBVV95cUxQVFZobXVXdWJ6djhLa3JmMnVDR092XzBHakRCYkg5XzRvTExuSVMzblpmT19FSjhTNm40X1lqOEUweUFSUHU3MmRNamxzamdYZjhjRWhNUXZMSUVaRFVTWlRnNVplYzJ6RHg5aC0tcXROeHVpR3p2c3BsYmN2cnVqeEZtcjhjemM?oc=5,"Mon, 02 Jun 2025 07:00:00 GMT",2026-09-20T09:08:37+09:00
GoogleNews:所得　暮らし,所得　暮らし,4月から暮らし・身近な制度こう変わる 値上げ続々、共同親権も開始 - asahi.com,https://news.google.com/rss/articles/CBMiZ0FVX3lxTFBUbVFxTVJYeWJveWdYM1BTTjU5QnMwSWlSTUdDN1VfOE5fVHNrbWVkaGUyU1ZyRHE3WEJ0RmpKZmhDanF6RnJUbWhKTEUyalNVU002Sm5Yamp0OU14RVdvdTRoYW9NOGM?oc=5,"Sat, 28 Mar 2026 07:00:00 GMT",2026-09-20T09:08:37+09:00
GoogleNews:所得　暮らし,所得　暮らし,【東京】「所得を上げ、負担を減らし、生活者の暮らしを良くしたい」玉木代表が秋葉原駅前で演説 - 新・国民民主党,https://news.google.com/rss/articles/CBMiW0FVX3lxTFBpbkpqazFBT21ObXdxLWFuWDZOaE1XQ1Myd0ZXX29ST2dVZXJMWmJRUGN4cDdCa1A1ckpjekdHc0JoclA5R2EzYnM2amZiVmVsZzNET0NVLWZiblk?oc=5,"Fri, 28 Jul 2023 07:00:00 GMT",2026-09-20T09:08:37+09:00
GoogleNews:所得　暮らし,所得　暮らし,年金受給者は確定申告が不要？確定申告で得する可能性がある8つのケース - aeonbank.co.jp,https://news.google.com/rss/articles/CBMif0FVX3lxTE5QdTFhbnJlYjNiM2oxRF9MUU1YZXZjSDFtZ29xcUZrT29fMXBRTjJnNkp2WnlLaWFMWnRCTHpEMko0WlgybzY0eHBvbjlSRXlqd1Q5N2hYTjlrb3AtOTZDUDZqMlZ1cG16a2YwdEZJb2pONmpQTm9QVVJUU1ZKdmc?oc=5,"Wed, 13 Dec 2023 08:00:00 GMT",2026-09-20T09:08:37+09:00
GoogleNews:所得　暮らし,所得　暮らし,石破内閣の主な実績｜「日本を動かす 暮らしを豊かに」 2025年 第27回 参議院選挙 - jimin.jp,https://news.google.com/rss/articles/CBMihgFBVV95cUxOODRNLWplckFwbmIyQUNsYnpKS1AyUlJOeVh4bjIzVzM5cWVYalBIVk1mY1RiNjdacWUyQmQtTWJHQkxRdEtQVGpUNGoxdGFRaGtFRU1zdHV5c2FkN0JkY1Btb2pLeE1Ia0dCeDU1cDIwU2hTb3BWdWp6ems5dFZqMm14UjE2QQ?oc=5,"Fri, 25 Jul 2025 09:22:03 GMT",2026-09-20T09:08:37+09:00
GoogleNews:所得　暮らし,所得　暮らし,宮崎県民所得が過去最高269万円に！それでも暮らしが楽にならない理由｜ほんみや宮崎 - miyazakihonto.com,https://news.google.com/rss/articles/CBMikwFBVV95cUxQUnRjNEFWTGcya0R4eko1bkJSZTR5Q1lpVVREUzkzNHc2N3E4SjVod0EtakdoaXJ2VEoxelBPV3VFV0hDUGYyZVA2SURnM19Tb3d0V3BWQjFuX2F3WEx2MUZqNnROVGxpSW41R3hRejdKOHU5TEtrQ1ZicW5Pa2FBR1Yyd3R1RzgyY29ZOXhFWHR0Wlk?oc=5,"Thu, 12 Mar 2026 07:00:00 GMT",2026-09-20T09:08:37+09:00
GoogleNews:所得　暮らし,所得　暮らし,暮らしを守る定額減税・給付 - 公明党,https://news.google.com/rss/articles/CBMiVEFVX3lxTE1sOHVfdUtaTlh0UnBxd0hzNDZrYnIxMzNJVGtkalY0MHh2UG56Wk5DUUlTVnItMGdpekNkbGhsQ3piY0lkbXZhZW91d2NMSERFaEpYQw?oc=5,"Sun, 14 Jan 2024 08:00:00 GMT",2026-09-20T09:08:37+09:00
GoogleNews:所得　暮らし,所得　暮らし,現役世代の手取りを増やす「金融所得課税」による世代間格差の是正と暮らしへの影響（高橋成壽） - エキスパート - news.yahoo.co.jp,https://news.google.com/rss/articles/CBMiiAFBVV95cUxQZktYX3FQV1ByNzN5ZHdfNEdMSU0zS0szSy04emhDVDhjNm1LbkktaUpKQm9xSkFsVDd1ekxWTkM1NWtfM09fNkhSei1DN1NQeFNkVkpXS1hXN3BKb2Flb05iMERmUTFyMW9GYTJfdk55SDdaN2tkZkJKYnFMekRtOXh5eFk4S1c2?oc=5,"Mon, 24 Nov 2025 08:00:00 GMT",2026-09-20T09:08:37+09:00
GoogleNews:所得　暮らし,所得　暮らし,「父が“会社員”だったことはない」資産8億円・年金も手つかず…不労所得で暮らす70歳父を持つ息子が選んだ〈意外な人生設計〉 - news.yahoo.co.jp,https://news.google.com/rss/articles/CBMif0FVX3lxTFBWMkQxdXVzWDVXZGFDbDh2bGcycGQwaVYxejQ0WnNZUUFPTm1jeGRnU1g5QTI1MWotTnFDX0ZTUi1tdnQyZXp2VVA0cVNhVGhteVM1amNPd2VhaEFPeWdjbkZGbS1xem5EZ0ttYUJuX3FUT0dTUUpzR3Y5SXJBbUE?oc=5,"Thu, 22 Jan 2026 08:00:00 GMT",2026-09-20T09:08:37+09:00
GoogleNews:所得　暮らし,所得　暮らし,6月からスタート 暮らし守る定額減税 - 公明党,https://news.google.com/rss/articles/CBMiVEFVX3lxTE5ac0xkSXg3RnNkYzJ0NVpRY3NxcnE4a28yOHY2MFVzUzFrWXlzLTR4Zmw0cnNNQVZCT0VJSkF4eThaRG9iSXhfdzVHZE05bDJDMWdUWg?oc=5,"Tue, 07 May 2024 07:00:00 GMT",2026-09-20T09:08:37+09:00
GoogleNews:所得　暮らし,所得　暮らし,収入は半減、 でも「贅沢な暮らし」とは？ 移住後のお金と時間の使い方 - colocal.jp,https://news.google.com/rss/articles/CBMic0FVX3lxTE9SUjdBS29kQ3pMRVlzV05Oa0c5NHZ5bDZwekF5bVB6TFIwd1ZFTWdqN2FlV0FGZFo3aDhJSzdYOURYZVZLVUk0aEdmTXVIaUZZeGJzY2ZnNFkwY2YxOW5GNXh1ZTdGZDE0YXBobmtEUTRnamc?oc=5,"Thu, 23 Sep 2021 07:00:00 GMT",2026-09-20T09:08:37+09:00
GoogleNews:所得　暮らし,所得　暮らし,公明の主張が反映 暮らし守る予算・税制 生活支援 減税・ 給付で家計底上げ／政府試算、物価高超す所得増に 公明新聞2024/0 1/11 １面より - 公明党,https://news.google.com/rss/articles/CBMieEFVX3lxTFBMQmRJY0RsZVVGdi13LW40UXdkTUo3NDJvcUNvOVBnUG5EdFUxbHZWUE5zNnoteVNTbnZINERFZFF4ZnhGR0NiUzFBR2FoX0NHYWczY0ZnNEVkUm95emFZRTdiVEp5c3Iwbi1RRzVqWHU1RVRLVDlSUQ?oc=5,"Thu, 11 Jan 2024 08:00:00 GMT",2026-09-20T09:08:37+09:00
GoogleNews:所得　暮らし,所得　暮らし,「80歳以上女性」の34.8％が1人暮らし、世帯全体では所得減少し「生活が苦しい」との声は過去5年間で最多―2023年国民生活基礎調査 - GemMed,https://news.google.com/rss/articles/CBMiSEFVX3lxTE15ZHhXOVhFdEQzMFZIQ2RONXI0anBjWXhkZ3FCS0Exalk0TlJyT0RSU2c2QWlMejJvZ2ZLd0lkOUlfbTJvWXRvZQ?oc=5,"Tue, 09 Jul 2024 07:00:00 GMT",2026-09-20T09:08:37+09:00
GoogleNews:所得　暮らし,所得　暮らし,「暮らしやすさ」実感なく 高成長、株高で「最も熱い国」でも―トランプ米政権１年 - 時事ドットコム,https://news.google.com/rss/articles/CBMiY0FVX3lxTE5JTGpTenpDRmxCdFo2ODdEN01OWS15ejRvQkJlRVFiMzNYYkVDOXZGS0pYN1JSd3luS0xCZ3U1TnlvTy03ME9RcHdVS3VEU2pZX0l0emZzRXI0czRDVmVsNWVwcw?oc=5,"Tue, 20 Jan 2026 08:00:00 GMT",2026-09-20T09:08:37+09:00
GoogleNews:所得　暮らし,所得　暮らし,所得再分配が不十分 富裕層の税負担軽い―トランプ政権１年で米専門家 - 時事ドットコム,https://news.google.com/rss/articles/CBMiY0FVX3lxTE91YzI2RjJETkRmRzRoWXpGV1hLWWJpekZBbnRCdUx6MS1ucTNkRkhOQUFQeHlNWWhvVXhDSUJMQWhiSU1TTnJINnAwY3Z4VUZMLUVCcnRMMGducFFETUFWMDN4Yw?oc=5,"Tue, 20 Jan 2026 08:00:00 GMT",2026-09-20T09:08:37+09:00
GoogleNews:所得　暮らし,所得　暮らし,65歳以上の高齢者の4割「収入を伴う仕事をしたい」 “経済的な面で暮らしに困っている”と回答した人の割合が他国と比べ高い結果に 高齢社会白書 - TBS NEWS DIG,https://news.google.com/rss/articles/CBMiV0FVX3lxTFBMUHdoNWhodDlNNTY1SXJtS2d0LUN1VmRfMkp2S2tQb2IxbEcyU1NOMmN3M1lTZUQxTnFLaTBXMWZTb2Z0Y19xa2Q1QUxHd2NOV1VkNGpFQQ?oc=5,"Fri, 12 Jun 2026 07:00:00 GMT",2026-09-20T09:08:37+09:00
GoogleNews:所得　暮らし,所得　暮らし,【沖縄こども調査】物価高騰 低所得世帯ほど暮らしに直撃 2024年度 - okinawatimes.co.jp,https://news.google.com/rss/articles/CBMiXkFVX3lxTE50V3paU3d0ZXlQNE9qb2Z4YV9vbmNUTmR5bEpmX0daS2Y4LXhySGpUellLTmF1MlNPTGxVX0JYZ2Nfcnl5WDE2c3lEcnljV0Jhc2ZweUtOUlBPa1hIcGc?oc=5,"Tue, 27 May 2025 07:00:00 GMT",2026-09-20T09:08:37+09:00
GoogleNews:所得　暮らし,所得　暮らし,声を聴き暮らしを守る 公明党の実績＝１１ 高等教育の無償 化 奨学金と授業料減免拡充で低所得世帯の進学率を向上 公明新 聞2023/11/10 ３面より - 公明党,https://news.google.com/rss/articles/CBMieEFVX3lxTE9VQjJnOWNBN3d6Znc5X3ZqUk1hMm1SR2lTdG8xX0lLLTExcTlOWF9UZE9LeFBMYk10RHJGZ1ZWMm5QM25PVDBRQ2U5VmVtZThweWprWDBfTThSTi1tdzNrRzBaS2x1Z2djS3dzT2FSWHpnOXRUZE5uRw?oc=5,"Fri, 10 Nov 2023 08:00:00 GMT",2026-09-20T09:08:37+09:00
GoogleNews:所得　暮らし,所得　暮らし,贅沢ではないが貧困でもない？ 年金生活者のリアルな実態 - マネーフォワード,https://news.google.com/rss/articles/CBMiV0FVX3lxTE9RbjJyeDBHWHN2dlVTcFRMT01HbmxCdEY3RlJpWmt1U0lISVJRZHNQZ1R3a0JIOG1sQzNPc1ZtRVRoX21ZX1lwMXJESFR1N0hMbVVSbGxpbw?oc=5,"Sat, 18 Jan 2025 08:00:00 GMT",2026-09-20T09:08:37+09:00
GoogleNews:所得　暮らし,所得　暮らし,値上げが暮らしを直撃/低所得者ほど被害甚大/給付や消費税減税を - jcp.or.jp,https://news.google.com/rss/articles/CBMidkFVX3lxTE9lQkJYWndaWnQ5bXVJMTNMWklwYkwwWlRhR0t6b1VSRHJjcWJnZjVaUzBTdjNpSDE5SjJsTWNYdlRBOE03cElTYmdCaTA4anZMMXQ0bWk0Tk5BTkR0VkNvLTBhRlZ3NFV5UkxPRDFWS3I4ODlKRWc?oc=5,"Tue, 08 Feb 2022 08:00:00 GMT",2026-09-20T09:08:37+09:00
GoogleNews:所得　暮らし,所得　暮らし,4月から暮らしこう変わる 医療や介護負担増、働き方めぐる見直しも - asahi.com,https://news.google.com/rss/articles/CBMiZkFVX3lxTFBnTFRfZnhpOVo0cjY0MTdFLXJNTUFRN1BkSUIzbU5UTFYwSWUzTmtGbFh6cHlJX0EtLXZkby1XRjlhaFlPYmtEVjBOdnl3RXNZNUxfWEZhcUd0NUNjc1M5b0pVckUtdw?oc=5,"Wed, 27 Mar 2024 07:00:00 GMT",2026-09-20T09:08:37+09:00
GoogleNews:所得　暮らし,所得　暮らし,"物価上昇でも賃金上がらず困窮 日常的に”減らす・買わない・使わない”ものとは？【低所得のひとり親家庭2,000名超による回答】 - PR TIMES",https://news.google.com/rss/articles/CBMiakFVX3lxTE9zLWpiVzltRFpSaFhLTE9WaTFhRXJFT1lYQnZ3WjNYOWVldnJ0QUVpaXowRjM3ekMzWGNobFczdEJIaEhxVkx4SUZid2ZnRDljZmJNMXJmNDNUT29YeXp0ZWNVVEtEN25WT1E?oc=5,"Wed, 19 Mar 2025 07:00:00 GMT",2026-09-20T09:08:37+09:00
GoogleNews:所得　暮らし,所得　暮らし,「経済的ゆとり」1位は福井県 年収だけでは見えない都道府県別の暮らしやすさ - Forbes JAPAN,https://news.google.com/rss/articles/CBMiWEFVX3lxTE5Gc1AyMFVEazVqaEF5U2VyZVlJbzlMby1qakRmelJrNFZUb0tBRG5GanpEMW9GcVhGSjZGSzZCX3lmQWlPNzBxZnJnTlJ0NVM3NERiM2RnTzY?oc=5,"Mon, 22 Jun 2026 07:00:00 GMT",2026-09-20T09:08:37+09:00
GoogleNews:所得　暮らし,所得　暮らし,暮らしよくなる？ 2025参院選＞社会保障費 所得の半分近く 負担にあえぐ若者 年金「どれほどもらえるのか」 - 北海道新聞デジタル,https://news.google.com/rss/articles/CBMiWkFVX3lxTFBkdGVtbW1RNm5Sa0gxRjgzNUxCelRoNllLWGpNNnl6TmdrTzlXald4cjIzR3VCV2NCUFZWX2NyRVl4dWo5OGs2eUNUcG1IdEtHN0hjWGlLRVpzQQ?oc=5,"Sat, 12 Jul 2025 07:00:00 GMT",2026-09-20T09:08:37+09:00
GoogleNews:所得　暮らし,所得　暮らし,株の配当控除について｜みんなでつくる！暮らしのマネーメディア みんなのマネ活 - 楽天カード,https://news.google.com/rss/articles/CBMic0FVX3lxTFA4X2J1ZEhXQl9TalRyWHV1cW5lR19sZDRwVktFSmtBZEQ4LUdSOHV4OVFyRGQ2U0xOUjZCWjZwZ2ZrOTFYMURqN05pdmxpS3FBR2lnXzlrNC1vUTFDdi1Sc09jOHlhNlQ5ZVhJWUtxd2ZpS0U?oc=5,"Thu, 12 Jun 2025 07:00:00 GMT",2026-09-20T09:08:37+09:00
GoogleNews:所得　暮らし,所得　暮らし,医療費の窓口負担2割の条件は? 判定方法と配慮措置、対策を紹介 - asahi.com,https://news.google.com/rss/articles/CBMiWEFVX3lxTE5JcThtUjFtaTdkRlFVTUw3NTluV1p1bE9OTm5VSHJSMExVeVpoOFNodUpYZl9Da1E0ZmpuRUpDcU1ZdnlwTEE3aHFPSjdWTlVqNmowZHZqdTE?oc=5,"Fri, 20 Jan 2023 08:00:00 GMT",2026-09-20T09:08:37+09:00
GoogleNews:所得　暮らし,所得　暮らし,作家・阿刀田高・90歳ひとり暮らしの税金と収入。最近は自著が増し刷りになったけれど…【2026上半期BEST】 - 婦人公論.jp,https://news.google.com/rss/articles/CBMiYEFVX3lxTFBxcktPdEJvMzY3OTVBUEo1Zjd0UjA1ckFKamRqN0dxMU9SR2ZlcnN1VXVSTTJFNG16VE1NVEN0NE5Ya21OSWVKVGl4U1JOcGtaZER2TXY5WUJldWxaZmhzeA?oc=5,"Fri, 31 Jul 2026 07:00:00 GMT",2026-09-20T09:08:37+09:00
GoogleNews:所得　暮らし,所得　暮らし,年収500万超でも可処分所得「月8000円」で散髪にも行けず “中間層”を襲う3重の所得低下 | from AERAdot. - ダイヤモンド・オンライン,https://news.google.com/rss/articles/CBMiTEFVX3lxTE4xZm9sMkExYnZudDhDQTFWQVRkUjVBMHNrUFFMNWIya3lxNDU4bjBKYVNoSk1yaHdXUGR1a3QwOWd3YV9OdjJYMmdfMFI?oc=5,"Sat, 24 Sep 2022 07:00:00 GMT",2026-09-20T09:08:37+09:00
GoogleNews:所得　暮らし,所得　暮らし,新型コロナ 暮らしを守る - 公明党,https://news.google.com/rss/articles/CBMiU0FVX3lxTE5Edk0tZ2ZFNnVNNnhEZEZ6ZUxvbW9uakNVUzFTUElUNTkzaFQtcDdsYUp5UDNLZzk1YmFMUV8xeU96N05kcmhhNjgwZFg2Z21ReDRn?oc=5,"Thu, 30 Apr 2020 07:00:00 GMT",2026-09-20T09:08:37+09:00
GoogleNews:所得　暮らし,所得　暮らし,「地獄の日々が始まる」“給食のない夏休み”前に所得300万円未満「子育て困窮家庭」悲鳴 物価高苦しく“2人前のおかずを5人で”分けるケースも - news.yahoo.co.jp,https://news.google.com/rss/articles/CBMif0FVX3lxTE1IVHBmZHV1QlBIQTVpSnZvLWdEamE0bmN2bHAwOUVTa3BpUHpxaS1lZjhUOEEwdFJBR203RDNDOERVZEk4X2ROUWd0U1NWTHRZRy1IZDJTUVdLRlMtSHFVUkdxSlRUM0JHQjVwY0xfalhuMjhGdExVVFp2ZTlFTjg?oc=5,"Thu, 02 Jul 2026 07:00:00 GMT",2026-09-20T09:08:37+09:00
GoogleNews:所得　暮らし,所得　暮らし,【大図解】日本のエンゲル係数は45年前の水準に後退！牛肉も大学進学も全部高級品に…「暮らしの凋落」大解剖 - ダイヤモンド・オンライン,https://news.google.com/rss/articles/CBMiTEFVX3lxTE9zVDdXR1pqVnZuaHJJclhabkxDVlF5bVVZdVJvLWtEVEVrREhWY3RZSG9CNXJZc29CVm1ranRFOWZUa21sUFh1UExDdVrSAU9BVV95cUxNSm1UNXEycV8zcTNUZmoyMVdISmRuRjJTbmtjcktXVUpoWlpIRC1IODZxXzZtakRRTGphZ01fLXgzOWpIdHN6WWlmV3lTTVlR?oc=5,"Mon, 23 Dec 2024 08:00:00 GMT",2026-09-20T09:08:37+09:00
GoogleNews:所得　暮らし,所得　暮らし,26年度予算決定、暮らしに影響 教育無償化、子育てに力点（共同通信） - news.yahoo.co.jp,https://news.google.com/rss/articles/CBMif0FVX3lxTE1HN0F0VkFKakYwWmVTYXFnZDVtMGpxNDBZS0g3Yk1mNEhhSWxyaFlWREdTR0Q0SGl6UGtXSXNEZWowQUNrVVNEWWFQT2RELTB2S0UtZWQ3MFV2d0doSnJKSEIyOHJpUEtEcDQ0c1ZPOFk1RTVzVjVQZndtNmdqSVU?oc=5,"Fri, 26 Dec 2025 08:00:00 GMT",2026-09-20T09:08:37+09:00
GoogleNews:所得　暮らし,所得　暮らし,結婚したくない…「東京の中年女性」が“おひとり様”を望む納得のワケとは？ - ダイヤモンド・オンライン,https://news.google.com/rss/articles/CBMiTEFVX3lxTE1xNG1HTi1sZDIyN1N1VUUya0RBaTBvRDVRM0JMejJuQ1BYWWVfU1JIMWRBTHZCZjgxVHZaSmZ1V0puamFnNGxpamJ1TC3SAU9BVV95cUxNMm9KQU1sUHJwWFJxMDg4THR6R2NORGVSUzFpOG5Vb1JiNmJpejUyWjVRQXNmZk5zNGRmWFlkeE90UXNkMWJ1TGRMRnFTNTRn?oc=5,"Mon, 10 Jun 2024 07:00:00 GMT",2026-09-20T09:08:37+09:00
GoogleNews:所得　暮らし,所得　暮らし,アジア12都市の暮らし実態、可処分所得トップはシンガポール、中国・ベトナム・タイは「共稼ぎ」が95％以上 ―日本総研 - travelvoice.jp,https://news.google.com/rss/articles/CBMiU0FVX3lxTE4zX0ZGZjRWMHZnc0tDTldSbzltMVA0ZVowc0hNVlpYakY4VngtY2hWZ0FEX00zTlV3Tm9nSTRza1NoNWx3a2ZGVVlLWGxEZXdyMTc0?oc=5,"Wed, 18 May 2016 07:00:00 GMT",2026-09-20T09:08:37+09:00
GoogleNews:所得　暮らし,所得　暮らし,作家・阿刀田高・90歳ひとり暮らしの税金と収入。最近は自著が増し刷りになったけれど… - 婦人公論.jp,https://news.google.com/rss/articles/CBMiT0FVX3lxTE9SQmswWlR1R2huTVg1bEdDZG00bFlIVHZoSzF2UUZ3Z19jMnZSMl9xZ2tqS2taT2g3bHBxVVFUTGdSWHJFUVZWWmhha29CMjA?oc=5,"Tue, 24 Feb 2026 08:00:00 GMT",2026-09-20T09:08:37+09:00
GoogleNews:所得　暮らし,所得　暮らし,【所得を減らして豊かな暮らしへ】メリットが大きい「住民税非課税世帯」という選択肢 給付金に優遇措置、国民年金保険料免除、国民健康保険料や介護保険料も減額 - マネーポストWEB,https://news.google.com/rss/articles/CBMiS0FVX3lxTFBQQ2h1cHVabVhjc0hIN3ZYbXNYaVpjS3ZmU1prMXBoR1RSR0xrTkZsWGtTVmFUX2l6cC0zaE5UbTdHV2hyV3dNenhVTQ?oc=5,"Mon, 04 Nov 2024 08:00:00 GMT",2026-09-20T09:08:37+09:00
GoogleNews:所得　暮らし,所得　暮らし,東京23区の暮らしが極めて苛酷になったわけ ～「経済的豊かさ」は東京が全国で圧倒的な最下位だ～（中原圭介） - エキスパート - news.yahoo.co.jp,https://news.google.com/rss/articles/CBMiiAFBVV95cUxNQ0MzSTgya0JUY0loNzgzSXhyQzZNRXh3LXRqT05wM3NBWW9hcXNianI5RjhQSzI2dWFlQm55T1JLM183dVkwNWhSNTlWdnlZMXB4bXZhMlBIbnREbTVUTndPTGdUNkhIN1FaTFdURktlaFVDRURyaEJfWDB3YkgyTU1IVFFCd2pO?oc=5,"Wed, 23 Oct 2024 07:00:00 GMT",2026-09-20T09:08:37+09:00
GoogleNews:所得　暮らし,所得　暮らし,「（収入は）10分の1。どう暮らしていけばいいのよ」1か月遅れでナマコ漁はじまるも『ホタテのへい死』により手が回らない漁師も… 漁業者にのしかかる中国の禁輸措置と猛暑の影響 - TBS NEWS DIG,https://news.google.com/rss/articles/CBMiZkFVX3lxTE1NY0ZORTFDT2x3VjU0UWU3Z2swVXdGc3RnMWVVYUJYVG5PQTFoTThMX3NyMVRMWm1XME5vYWI4S0R5SGxVUkNlZlZYbGJNS1hTMGpOTGhscWhNTVB0QVg3ckRhVHY5dw?oc=5,"Wed, 01 Nov 2023 07:00:00 GMT",2026-09-20T09:08:37+09:00
GoogleNews:Z世代　意識,Z世代　意識,「公衆電話ってなんですか？」 Z世代の半数超が電話に苦手意識（株式会社Jiffcy） - news.yahoo.co.jp,https://news.google.com/rss/articles/CBMif0FVX3lxTE1aM0h4d0dfTkVHa0tfdXY1RmF0bXZlZS1tejBkT1htbTN6c2xVSk9WM2QzOVJ5SGgyb0xjclFrNVdhV3VWWlFCUml4ZDJuUGhvMGJURkRpQzJnaDVpYnhuYkxscmozTUxoNnlkcFBfVjJuVWhza3luRWRONWkzanc?oc=5,"Fri, 18 Sep 2026 03:05:55 GMT",2026-09-20T09:08:39+09:00
GoogleNews:Z世代　意識,Z世代　意識,2025年度「国内Z世代意識・購買行動調査」 | デロイト トーマツ グループ - Deloitte,https://news.google.com/rss/articles/CBMiowFBVV95cUxPbmhHS05YY1dKeUdFVV90b3kzMnpkNTZoRVBNMUZWMUFiQmFvUHhLT1JWUzYyZ2dtSlhhZ1phcVFxa0x1Yk92RmNTOGNKSU9DTTNsaTFscXlTV0psZjE4LXc1VW9wbE1uWm5IX1dYX1Z0QVJ3MXBiQ053LWk0YlNhRnJpZDRybGJDTTNLUTVIMm1ac1FLRHZZNTJCWEFIbzdGa3Zv?oc=5,"Fri, 28 Nov 2025 08:00:00 GMT",2026-09-20T09:08:39+09:00
GoogleNews:Z世代　意識,Z世代　意識,Z世代の79%が「ご褒美消費」を実践。きっかけは努力・成果の承認(42%)よりストレス・落ち込み(44%)。Z世代のご褒美消費についての意識調査をZ-SOZOKEN（Z世代創造性研究所）が実施。 | Fiom合同会社のプレスリリース - PR TIMES,https://news.google.com/rss/articles/CBMiakFVX3lxTE9ubTd1cm5fcFh6RzNrTHlFVWlTXzQ2RmxxSzAtMldHblVEaFBfb3FCWlNGaE5sN3ZZSlhJV0dFUFFyMlhqTnM2bnhuMk83TW9mQW10SHNCM0NrMmlhX1lfZXg1WHp1eVRjUmc?oc=5,"Fri, 28 Aug 2026 07:00:00 GMT",2026-09-20T09:08:39+09:00
GoogleNews:Z世代　意識,Z世代　意識,若手の6割以上が「人よりもAIと電話する方がラク」と回答〜Z世代の電話とAIに関する意識調査〜 - 自治体通信Online,https://news.google.com/rss/articles/CBMid0FVX3lxTFBZRFlnOEZ4eF9rX3ZkMjJmVHdtVFFkWnlSYVBzNGY0cG15STJYcW1jWVhHSS1pOGZKMXREN0Z2QlFzQ1ZVNXp1ei1PcVROb3RVdTFvZEpvai03dFU5V0hJTk5DNjBJZUoyQmpMcVJWSkZ2WlZrYlc0?oc=5,"Fri, 17 Jul 2026 07:00:00 GMT",2026-09-20T09:08:39+09:00
GoogleNews:Z世代　意識,Z世代　意識,Ｚ世代にとってサステナビリティは本当に「意識高い系」なのか（２）－データで見る「責任意識」から「サステナ行動」へ至る経路と構造 - nli-research.co.jp,https://news.google.com/rss/articles/CBMib0FVX3lxTE1pTTJkYzhyWEtvOHpRdDVoUTlfNU5UM3RadVhnZzhsLVN3NmctcnRQYWdqeTl0aDVHY3BDY0E0QU5GeGpkcGtUOWplVDhOY2dqSzU2Rk93WGZRMV9QRnVwc01leGE4d2ZQVHZIZ1RxUdIBf0FVX3lxTE5lZHVaWVdQaHFuZ0ZORXNJenY4NnhnR3NLaWhNTlFqbnVLTjFJelFpc0JnT0U0WTFnd2dIOEF4SnBxTmNYbkxDRTYyYjI3RlhBMzZtcmFSZE5tODBHMmxmVXQxQzY5TThTaHlJTms1VVNXdVRiQzdXVEJDSXphbnc?oc=5,"Tue, 17 Mar 2026 07:00:00 GMT",2026-09-20T09:08:39+09:00
GoogleNews:Z世代　意識,Z世代　意識,【GMO NIKKO】【Z世代トレンドラボ byGMO】 Z世代436人調査：大学生は“お金”、社会人は“無理しない”志向 - GMOインターネットグループ株式会社,https://news.google.com/rss/articles/CBMiTkFVX3lxTE5CTmctQ2Y2LXMyS1ZIbDlRcktSQnVYNlJLWjkyZlRiMllXRHRubTVUSFhXUXZXdkpaTk9zWEF6MTZRS1cwYUtGU2Q2R05tZw?oc=5,"Fri, 08 May 2026 07:00:00 GMT",2026-09-20T09:08:39+09:00
GoogleNews:Z世代　意識,Z世代　意識,日本と米国のZ世代意識調査：日米のヒトモノについてのイメージ編 - ネオマーケティング,https://news.google.com/rss/articles/CBMihAFBVV95cUxPbTBiNnRlWXdZUTU3NG5VWUZzRGg4YkZmM3ZiVGNMMG1GX3QxQTJGVXM0TnZuMmt2X2lhZlYtejlKZkZnS1RmZFNiLU5Za25rZ3NWNHl4QTNhVnlramlxejB3ZjdNU3NVeHhvX0JsQ2hKc1dhRnBlOXhIYkxUbFozZkNVdFbSAZQBQVVfeXFMT0ttZ0NhWThzWU1DVnREWVBUQzZEYW42TTJ6TExSWmdCUVJnTUE2Zmk2RXIxbTJjb21RM3JmcllYZndxSGJUQ2VzSnNxQnNHbktwTjR1dHpvdjkwcGtUVGdpX2Z1WDFvcndMSTY3SXhVdTlkczMzSGhoeVc0ZWMwcXZKZUk3YzJTZDR0czFMLWJLVUdDRg?oc=5,"Tue, 13 Jan 2026 08:00:00 GMT",2026-09-20T09:08:39+09:00
GoogleNews:Z世代　意識,Z世代　意識,地方のZ世代「クルマ離れ」意識急速、4年で倍増47% サブスクに関心 - 日本経済新聞,https://news.google.com/rss/articles/CBMibEFVX3lxTE8zbHFnRThJWUdoLXpwVkNUN0w1SkFRNEZKWGFxb1BwRk5MLVpiQTh5N2tBZjNMdUhsUVdoRFc5ZGswektmSnBhTnhNenJ6V2l1TFJuSjBpbTJNckhCeU1qc2xzWW9NNzZ1dV8yMQ?oc=5,"Sun, 28 Jun 2026 07:00:00 GMT",2026-09-20T09:08:39+09:00
GoogleNews:Z世代　意識,Z世代　意識,就社意識は高いがキャリア意欲は高くない Z世代新入社員の8つの特徴とリスク - ログミーBusiness,https://news.google.com/rss/articles/CBMiS0FVX3lxTE5kMnp5T2VtMXkyN2M1YzViNXJqM0U3RWM5TGlXdkc3Z3Z0SmdvN0hfZERydTh1VkFyaks0Qk5fbWtHeWx5Ty1WdlhtOA?oc=5,"Tue, 24 Mar 2026 02:24:40 GMT",2026-09-20T09:08:39+09:00
GoogleNews:Z世代　意識,Z世代　意識,WAKA、「Z世代・α世代のタイパ意識とデジタルサービス利用実態調査」を実施 - 日本ネット経済新聞,https://news.google.com/rss/articles/CBMiVkFVX3lxTE5VYnloQ2FnVmQ2Q3VtdC01TDRETzJZcjN6cGdVaXdsblQxeVlDQTNqWjJaWFh6dE1CcVVwX08tdnlrVzgxeF9iOHoyWmlfdFFqN0dOMFV3?oc=5,"Mon, 20 Jul 2026 07:00:00 GMT",2026-09-20T09:08:39+09:00
GoogleNews:Z世代　意識,Z世代　意識,若者の『NO』と言えることに関する意識調査 | アサヒ飲料株式会社のプレスリリース - PR TIMES,https://news.google.com/rss/articles/CBMiakFVX3lxTE9FT2haYlJjcGxKUmJYb0ktSzZEelRkYThYWURFcTdNRjhRdURJSktERElBaXB1bkRLWVFJNlItdnl6Y3hmN2pEbU5OZEd0VkFtRkg5Ung2cjRMVE1hQ3hBWVp5QUs4U18yYXc?oc=5,"Tue, 28 Apr 2026 07:00:00 GMT",2026-09-20T09:08:39+09:00
GoogleNews:Z世代　意識,Z世代　意識,20代の推し活支出が突出して高い理由——「推しのために働く」Z世代のマネー意識（ファイナンシャルフィールド） - news.yahoo.co.jp,https://news.google.com/rss/articles/CBMiiAFBVV95cUxNbkJwM3pfQTVVcE5VaTMxNVFXSU9DN19SS0NSWmEzRU1RbzlCS0IwZ2Y0aGtCeV8waHhOb1lraUJKUHByendJSG4wYUhzbHJSNjBVSXdvUXJVX2EzY0JpNjlBdFR0aW85cHBYVEcyS1YwNXBWWXN3Y3E4V2JiNk1tSXVQSmdUMmVu?oc=5,"Sat, 23 May 2026 07:00:00 GMT",2026-09-20T09:08:39+09:00
GoogleNews:Z世代　意識,Z世代　意識,「Z世代の大学生の海外旅行意識・実態調査」結果を発表 - PR TIMES,https://news.google.com/rss/articles/CBMiakFVX3lxTFB5LTBhelVYbkFJYTNmMU1zazJVM0FWQWo5MnBmSXRaemdxQi03dWtmUkpodDduSVVDYVgyU01ESm1DemdjZExMN3MxZWg3QjR0V0ZJTkxWWlRzUzZ5YlJHWW5jZ212NWlZNlE?oc=5,"Fri, 31 Jul 2026 07:00:00 GMT",2026-09-20T09:08:39+09:00
GoogleNews:Z世代　意識,Z世代　意識,【2026年Z世代消費行動調査レポート】Z世代は一括りにできない！3世代に細分化すると消費行動の違いが明らかに！OASIZ「３層から読み解くZ世代新構造」 - PR TIMES,https://news.google.com/rss/articles/CBMiakFVX3lxTE9icVBZb1Z3bHJrdXpGdDA2TDRWcmd3OHZNSjNGR2ZYTTVvTjdPcTlSZ2t4V2pERW5jbUFKNktjQmtubFFTR2owNlpZXzRabE9ObF9zSmwzS0MtY1pBUVBoX2J4SGpFMzhSMFE?oc=5,"Tue, 23 Dec 2025 08:00:00 GMT",2026-09-20T09:08:39+09:00
GoogleNews:Z世代　意識,Z世代　意識,Z世代の約4人に1人が副業を「SNS」で探す。副業には「自分を見つめ直す」効果も？Z世代・Y世代の副業に関する意識調査を実施 | 僕と私と株式会社のプレスリリース - PR TIMES,https://news.google.com/rss/articles/CBMiakFVX3lxTFAzdEZPZUlxa292X29pN0h6WjM1Zkh6WkNQUTBNX2pTSXVPcnFMaTgwLXBZdThMMjhOUVFpekFXQ0ZCNEVUX1dtb0RBaGVoZVJzTXUtMDBhRGJIOVpaU0Nsd0dhY2VLZVl5OFE?oc=5,"Thu, 14 May 2026 07:00:00 GMT",2026-09-20T09:08:39+09:00
GoogleNews:Z世代　意識,Z世代　意識,【Z世代の結婚観とお金に関する意識調査2026】 物価高で、結婚願望のあるZ世代の半数以上が結婚観に変化 男女ともに7割以上が「結婚前に家計ルールの話し合い」を希望 - PR TIMES,https://news.google.com/rss/articles/CBMiakFVX3lxTE1DczFvMnZBZ1FfX3lzUkVVd2R5bHJlNW0yMVZTX2F6T2dnSGtERnN4UmNSRG5jTEp4QlZPYzhjYUtyWlU2aVNSdWhSZDFhWUVadnlPb1N5TlRDOVFnUGFzWVFId2R0YmhBQnc?oc=5,"Tue, 02 Jun 2026 07:00:00 GMT",2026-09-20T09:08:39+09:00
GoogleNews:Z世代　意識,Z世代　意識,【調査リリース】Z世代における「ブルーカラー・施工管理職」に関する意識調査／6割以上が「就職先としてまったく考えられない」と回答／20代で年収500万円でも「施工管理職を希望する」は0％ - PR TIMES,https://news.google.com/rss/articles/CBMiakFVX3lxTE1BS2g1M1JJX2ZpTVRjY3U2ZDRzSVFZZ0stZUE1MHBpei1BQWNEcXA1YUtId1lnWFNSODRUdk9OUS14YllBdHVrSWo0MzFQUllNTlVCb1VUTUR5REpJaDZJQ2tJVkMyMzFMUUE?oc=5,"Tue, 14 Apr 2026 07:00:00 GMT",2026-09-20T09:08:39+09:00
GoogleNews:Z世代　意識,Z世代　意識,【働き方の意識調査】Z世代は本当に安定志向？ベンチャー若手の“約半数”が描く「自ら選ぶ」キャリア像 - PR TIMES,https://news.google.com/rss/articles/CBMiakFVX3lxTE93UnlsclJMb3VldERDUnhXb1Q0UXdLS0ZtMHRzYU5XVk15NHRpUW9OaWdIZVdxVkhzVEFPQWtabGU0dTRBdUxDTGZaSVBDY1NqU0xkUUxGZEVmU3E0UHlmSHdkNFpFZ3dWS1E?oc=5,"Fri, 13 Feb 2026 08:00:00 GMT",2026-09-20T09:08:39+09:00
GoogleNews:Z世代　意識,Z世代　意識,Z世代の3人に1人が職場の飲み会に不参加。参加条件は「会社負担」「2時間以内」などコスパ・タイパ重視か。「飲み会」に関する意識調査を実施 - PR TIMES,https://news.google.com/rss/articles/CBMiakFVX3lxTE80aUstbjVWUmVIT1pnVi1ybHRlYld3YW9DcDRhVHkwQzVxS25yNlVYM3ZfR2lkQnBhNGJMWWhCRnRFSFhOQVJpRlppZUp4MWlqUnFuMHdMVFhPR3NRQ0NKZXFiWEQtRk1hUWc?oc=5,"Fri, 06 Mar 2026 08:00:00 GMT",2026-09-20T09:08:39+09:00
GoogleNews:Z世代　意識,Z世代　意識,大人の8割が知らないZ世代のメンヘラ消費。82%が親や教師には秘密。企業の病みかわアピールを30%が一刀両断。Z世代のメンヘラ消費についての意識調査をZ-SOZOKEN（Z世代創造性研究所）が実施。 - PR TIMES,https://news.google.com/rss/articles/CBMiakFVX3lxTFBmS0FCQXB6NW9CRzc3MjhRd25uU2JWUC1IWXZLQWdxMG1BSl9rWEJTVWRpS3N4bGc0UkFrMVVNUHRJMWpNbnFGQ21FVHR6djJoeEE2ZmJSX1VaYTFZTnV4c0NycTNoM1hvMXc?oc=5,"Wed, 25 Mar 2026 07:00:00 GMT",2026-09-20T09:08:39+09:00
GoogleNews:Z世代　意識,Z世代　意識,「原則出社」命じる企業とテレワーク社員の意識ギャップ／“推し活依存”自覚するZ世代が2割／シニアの利用が盛んな○○アプリ、ほか (1/3) - ASCII.jp,https://news.google.com/rss/articles/CBMiVEFVX3lxTE9vaHRJODhWVWFhNWU5SzhVQUp3d3U1VldyYTJlSW4wLWMweDNsb3Z5UnFCWHZiSWhUZ0tiRi0taWx1S0Jkd3pYZkpZUXhQbVN3b0lNSg?oc=5,"Mon, 31 Aug 2026 00:55:33 GMT",2026-09-20T09:08:39+09:00
GoogleNews:Z世代　意識,Z世代　意識,“Z世代は飲み会嫌い”は本当か？ 世代を隔てる“配慮”の存在 - 電通報,https://news.google.com/rss/articles/CBMiS0FVX3lxTE5XdjRnVnU0RlBTaWo5amxPSGVNTnFSb3BNM2RZWklGamVHLXl5Yi1UOE5pc252Z01iU2VuamcxanMzbEJ4T2VHVlp1bw?oc=5,"Fri, 19 Dec 2025 08:00:00 GMT",2026-09-20T09:08:39+09:00
GoogleNews:Z世代　意識,Z世代　意識,9月11日「公衆電話の日」に考える、Z世代の「電話離れ」についてJiffcyが実態を調査 - ニコニコニュース,https://news.google.com/rss/articles/CBMiVEFVX3lxTE9QaFJnMThvQzZSZEhOcmVhVkZ0TWhRYmMzYmZoaUYwVlNNQ0VSbVdHTVRGQVZlT2t3LUx2cTRxdFZPTTcxc0pGX3VBNE1TREF6MzdMSw?oc=5,"Fri, 11 Sep 2026 02:45:18 GMT",2026-09-20T09:08:39+09:00
GoogleNews:Z世代　意識,Z世代　意識,過去1年でZ世代52％が中古購入 - リユース経済新聞,https://news.google.com/rss/articles/CBMiY0FVX3lxTE83ZTl3b09hVFRReDc2YzBHUEZiZ2NsM1FwbUF2TmVDbll5MG1LVG9iNmotbFhNcElPVi1PbU5iN3dYYjBQdzF1dXUxQ2EyeU5VeW8zLXlRVW13WmhDY0Q2U3ZYbw?oc=5,"Fri, 12 Jun 2026 07:00:00 GMT",2026-09-20T09:08:39+09:00
GoogleNews:Z世代　意識,Z世代　意識,Z世代の77%が「宣伝・広告感の強い投稿」をスキップ。刺さるのは面白さ(42%)より世界観(65%)。Z世代に刺さるク - ニコニコニュース,https://news.google.com/rss/articles/CBMiVEFVX3lxTE82WmlXSDg3QUFkUXVNX0lfZlA4UUVDZER6NVdJWndHQmFmRDY4WmtQclZMYzRnWk5Yd3ZJaG9rTE5FTUU2TG5YZ2RwS0Zkc2s1ZklWMw?oc=5,"Sat, 29 Aug 2026 07:00:00 GMT",2026-09-20T09:08:39+09:00
GoogleNews:Z世代　意識,Z世代　意識,Z世代はS（ソーシャル）世代に 大学生意識調査2025発表 - AdverTimes.（アドタイ） by 宣伝会議,https://news.google.com/rss/articles/CBMiX0FVX3lxTE43a3p4VDluRmtZZ2pKMUJyMXhJUnl1Mjc3TkhodC1ETkhrM0dLZk9MVl9fQ29IOWU0RldFb2s0d0RSR0NKeGJraUlnUG41bjl5eHBScEJVSHUtNzVVNGdr?oc=5,"Mon, 22 Dec 2025 08:00:00 GMT",2026-09-20T09:08:39+09:00
GoogleNews:Z世代　意識,Z世代　意識,日本旅行業協会「Z世代の大学生海外旅行意識調査」約8割が「海外旅行に行きたい」費用はアルバイトで - tms-media.jp,https://news.google.com/rss/articles/CBMiSEFVX3lxTE1zZmRvTkpRRGVQWGU2ZGluMWhEazJXb241Nkc4T0Z1N21Hc3RjUmg5TUdNU3BPaEhXVnNoSTJzU1RDWnYxRGRoQw?oc=5,"Tue, 04 Aug 2026 07:00:00 GMT",2026-09-20T09:08:39+09:00
GoogleNews:Z世代　意識,Z世代　意識,Z世代の熱狂を生み出すマーケティングに注目 - nikkinonline.com,https://news.google.com/rss/articles/CBMiYEFVX3lxTFA2Sm5rbU40VFdwVnI1RkJyUmVPS1dfcEpvc2pzU0ZmTGNVdWNuZGZqQnU1WW8zd1dzaElHZ21Ob0lpWWJHeFFjM2lEQjZDUlA0b0NhOThtUkRDUnczaE9ZYQ?oc=5,"Sat, 31 Jan 2026 08:00:00 GMT",2026-09-20T09:08:39+09:00
GoogleNews:Z世代　意識,Z世代　意識,Z世代、「新生活への意識・関心」ライフステージで異なる志向 GMO NIKKO調査 - ECのミカタ,https://news.google.com/rss/articles/CBMiWkFVX3lxTE5nNE9DODZNOThMVWVQSDgyekgwZ2xsbmJ3WWV4TFh4aGItOWRhak1pcGNRczM2M19HYUdpUGhYdUtVVlFOYXdtQnQyMmxNOVBnODA4NVM4NUx5Zw?oc=5,"Thu, 14 May 2026 07:00:00 GMT",2026-09-20T09:08:39+09:00
GoogleNews:Z世代　意識,Z世代　意識,【母の日】Z世代の半数以上が母親と「ほぼ毎日」連絡、約2割がインスタの繋がりあり？Z世代の母親に関する意識調査を実施 - PR TIMES,https://news.google.com/rss/articles/CBMiakFVX3lxTE11MUc3RTBFZlFrQ1BMUG5WbFM5SjJ2SEhMdFdkZWFEcWpwamtsdWp2aFFKUDFVVTJHa19HanN6RXhkNTNYX3V6MDZGQ292TEtLNHdxRUVjOVIzRjN0R1NGSDRvNWNJbTRidmc?oc=5,"Thu, 23 Apr 2026 07:00:00 GMT",2026-09-20T09:08:39+09:00
GoogleNews:Z世代　意識,Z世代　意識,Z世代はどう見ている？最新調査から見えてくる企業のSDGs・社会貢献活動の形 - PR TIMES,https://news.google.com/rss/articles/CBMiakFVX3lxTE5GdEZ3Y19KUE5lbm85T0RUWjNtcHR6Yk50dzVpS0dxVXdTZ1B0bDdDR3ZLeDllMXotVG5MUktMdHBSWDFJa0FzQXJxbElheHBwLUt4b0RyWW9tUS04aWtXdHZacGQ2cmd6akE?oc=5,"Thu, 06 Nov 2025 08:00:00 GMT",2026-09-20T09:08:39+09:00
GoogleNews:Z世代　意識,Z世代　意識,Z世代の55%が「生成AIのアドバイスが行動や判断に影響」株式会社マインディアの意識調査で判明 - commercepick.com,https://news.google.com/rss/articles/CBMiVkFVX3lxTE1HWjRXMk93RFNhWUM3OExweHhEd1E5XzVoTEZJTThvemNFLXVmNDdJb1B5SjJrWDhTY244bjV5UV9uc2F2ejRxUU8wb3hvbWRUVkh2ZUl3?oc=5,"Tue, 09 Jun 2026 07:00:00 GMT",2026-09-20T09:08:39+09:00
GoogleNews:Z世代　意識,Z世代　意識,Z世代の約8割に「ストック消費」が定着。「外食」に関する意識調査を実施 - PR TIMES,https://news.google.com/rss/articles/CBMiakFVX3lxTE8zMHVaTjdHTG4zbFNtdnNhSS1fS2w3VkNYQXMyS3hrVGt2MGIwT2V6bTJORHZsWjlsSWl4TFRhdjJKODJsYkhRT1pRdzRnMzloaTYwcG5UQ3BYQjZCQzBOZV9iTF8zNjdjR2c?oc=5,"Wed, 07 Jan 2026 08:00:00 GMT",2026-09-20T09:08:39+09:00
GoogleNews:Z世代　意識,Z世代　意識,日本のZ世代意識調査：SNSのイメージや消費感度編 - ネオマーケティング,https://news.google.com/rss/articles/CBMie0FVX3lxTFBuVFNQeDFZWDBsXzJzWm9tdGdqSnpUSy1vVHVycUtEY3pPemExVE5pbUh3QU1OQnZMUTRCRkRWMGlnY3JWeHBPOVZhaGlnMjlHRUdTRGU3dmJnVmRJc3paa1ZmMFM0S2lwMFgwUXllek81QkN3SEJnNEQySdIBiwFBVV95cUxQVXNFYjRtOTdva3ljMXc4U0lYcnhjTFVqdE9PaUdkdjRrbFpjeHZ1Q0ZkR2FHd2wzdmpRQnppV2liU0NyUEVhS09zd1ZXbDNPTU9EVlNDVVFVdjJVZXF2SlV5d0VmUVVxTlY0TWRRcldEMmNENXVHLTlpdXE5UFVUcU14emRyMEp5YUln?oc=5,"Fri, 26 Sep 2025 07:00:00 GMT",2026-09-20T09:08:39+09:00
GoogleNews:Z世代　意識,Z世代　意識,Z世代の47%が企業の中途半端な復刻に拒否感。懐かしさ消費の原動力は自己肯定感（36%）。Z世代のノスタルジーマーケティングについての意識調査をZ-SOZOKEN（Z世代創造性研究所）が実施。 | Fiom合同会社のプレスリリース - PR TIMES,https://news.google.com/rss/articles/CBMiakFVX3lxTE9RUUxzazFUY3RORnQ5Z3dIWDI1OFhmc2gydExDTFRWZDdzXzNfeFRUMnFHSVVVTVcxSFNWSEJMSi1qTDRxQ19RdGp5WGgxNVd4aVU0ZnVvRlV6dXFrMDVrd1kxMjZicUd4dVE?oc=5,"Thu, 26 Mar 2026 07:00:00 GMT",2026-09-20T09:08:39+09:00
GoogleNews:Z世代　意識,Z世代　意識,Z世代の人権意識に焦点 ひょうご人権シンポジウム、26日に神戸で [兵庫県] - asahi.com,https://news.google.com/rss/articles/CBMiZ0FVX3lxTE9qUGlRNGJvWHFwMnYwTXBIOE1qRXpvWEtQRWZHUmthcTZpV0pCOEV0eTdySGFTekhhX1J2WlEydV9IMmRJanZjZW5aZmQ2RTAtbUhjeXpScUxQNlVaTWZma2MyYkc5SkU?oc=5,"Fri, 27 Feb 2026 08:00:00 GMT",2026-09-20T09:08:39+09:00
GoogleNews:Z世代　意識,Z世代　意識,【今月のチャート】健康意識が高まるZ世代、依然としてカフェインは重要な役割を担う - Euromonitor,https://news.google.com/rss/articles/CBMinAFBVV95cUxQdmJkX3dMcjJ5T2NEdmNIWjE4cVotM1pDeXpjb0ZId2IwYmk1UW12QXVObzdteTJ2VHc1cXJja0h4ZkZjTkFoNFFZa2ZlVjlfajNDeU9GSGxMV2R6ZVd1RkEzNFZVT3dYTDd2TXZDM0lkMVNnN0hfNElSRU5fa1RVa1pZdVNMZVZkdmlwc3FlVXJnMXg5TklDTnktQmE?oc=5,"Fri, 24 Apr 2026 07:00:00 GMT",2026-09-20T09:08:39+09:00
GoogleNews:Z世代　意識,Z世代　意識,Z世代の45%が「小学生頃」に郷愁 ノスタルジーマーケティングの意識調査でFiom合同会社が発表 - commercepick.com,https://news.google.com/rss/articles/CBMiVkFVX3lxTE9KZDdIN2Vjd0JvYmFfX0Zybnc1QzFZeWU0dDFOaDNsSlptdklFR2NKOS1QOE16N0Q4MEoyQ0NIbmVQazRTR2dqT3EzZ19JeUlEaDQwckx3?oc=5,"Thu, 26 Mar 2026 07:00:00 GMT",2026-09-20T09:08:39+09:00
GoogleNews:Z世代　意識,Z世代　意識,Z世代の6割超が電話対応に負担感、社会人基礎力の意識調査で明らかに - こどもとIT,https://news.google.com/rss/articles/CBMiZEFVX3lxTE9HUFNYbmpSblFFeTAwQjJLYmR5SWdtekdrRG1CdGkzeUtzSmJOeDkzcVVRdUUyT1lUaEgzMXZqTUM3b3dQYkxaSGpZSXdMNUFRZk5YWmtvM0E1SmlwVlJsWTktMmg?oc=5,"Mon, 09 Feb 2026 08:00:00 GMT",2026-09-20T09:08:39+09:00
GoogleNews:Z世代　意識,Z世代　意識,Z世代と上司世代のお金の使い方を比較調査、SNS活用やコスパ意識に年収別ギャップ|SMBCコンシューマーファイナンス - commercepick.com,https://news.google.com/rss/articles/CBMiVkFVX3lxTE5HSE5oSGdvczlNZDVJSFJBTVpyYThzcjFqRjFJRDMzSnp4eXN4WV90SUdSOTd0VkQ5blRzOGk3RWs4Z3pyTGtLU1FENjY2eUVCaDdkaXBR?oc=5,"Thu, 07 May 2026 07:00:00 GMT",2026-09-20T09:08:39+09:00
GoogleNews:Z世代　意識,Z世代　意識,サステナは“意識”から“習慣”へ──Levi’sが仕掛ける、Z世代のリペア文化再設計 - AMP[アンプ],https://news.google.com/rss/articles/CBMiYEFVX3lxTE94NFF6M0JVZTBmWGp3THNjZ0N0RTh0dU43cmFOX2xCdHJDWUxGcWxGM2N6UGZiOElsc2VfVHdyMGVPZnJoS0o4V2p0clhIdWxITUwxTVEybS00NG5VYmM4NA?oc=5,"Sun, 03 May 2026 07:00:00 GMT",2026-09-20T09:08:39+09:00
GoogleNews:Z世代　意識,Z世代　意識,Z世代は節約しながらも趣味やご褒美には積極消費、デロイト トーマツ調査 - こどもとIT,https://news.google.com/rss/articles/CBMiZEFVX3lxTE1CSzhNcjVLZHZpRTkwRWdHSVdxN2EtY2VIYW5PVVRyaHI0SmVCeGhsSHNHNUw0OC1QWjZnSVhvT1pGWndhYWFaMk5LNDNLTVlnZEV0VzdVc3A3SmhvdnV4cnlBczE?oc=5,"Mon, 01 Dec 2025 08:00:00 GMT",2026-09-20T09:08:39+09:00
GoogleNews:Z世代　意識,Z世代　意識,生成AI時代の「仕事」をめぐる大学生の不安の実情－高い就職率でも揺れ動く、Z世代の「自己成長」意識 - nli-research.co.jp,https://news.google.com/rss/articles/CBMib0FVX3lxTE9abWtpMFA0M0RDSjlHU21CdjNHd0hCVDdYUDFZRmJqWi1kWXdpX2FLNzRBRGFuVGE5R3ZuSE04Zm93M1VHdDRXZm15X3VZWUZLM24tT3JLWmVBSUpwU3g0UEtFS0ZuR3RuMldnTWIwONIBf0FVX3lxTFAtLWRlbG9od05zZDEwWVdUejlEbUdJM0MwVXY1eGpIQTVUS09vWnAtNFFGYkVQRFlBcXdVQVYtWk1YY2xsZUJ0ejRkakQ1TFVtREdYWk1taEtSSkpvaWJwSUFUQTFvNG84eXdBcnlqWFh5ZnBsanNjQmtvSmNUanc?oc=5,"Tue, 27 Jan 2026 08:00:00 GMT",2026-09-20T09:08:39+09:00
GoogleNews:Z世代　意識,Z世代　意識,Z世代に聞いた「ビジネスマナーに対する意識調査」を発表、苦手最多は「電話対応」―manebi - HRzine,https://news.google.com/rss/articles/CBMiSkFVX3lxTFB1RDFIYW5ZRDY2VUZqVjY0TU5MNVNtLXp3czMyVUczTmxBeFBUdDZFdXpZVGxKelVqR04xOGR6V0NTMFBaQVp6R2hB?oc=5,"Thu, 19 Feb 2026 10:27:36 GMT",2026-09-20T09:08:39+09:00
GoogleNews:Z世代　意識,Z世代　意識,むしろ、ひとりが楽しい!?Z世代の4割が“ソロ活”経験あり。「ひとり時間の過ごし方」に関する意識調査を実施 - PR TIMES,https://news.google.com/rss/articles/CBMiakFVX3lxTE5qUVhSX25ISTg2a0hEbmZqMk5CWkxOZlNTNUNkc3Q4LV9uOVdVQklLZUVIV3lkQXNpMDEwdVNDTllRbDl3NXhaVzBDLWlIZnE3MzV5TU5td3JKOHc3SDJRVnFCcDVBNTZFZEE?oc=5,"Thu, 30 Oct 2025 07:00:00 GMT",2026-09-20T09:08:39+09:00
GoogleNews:Z世代　意識,Z世代　意識,"X世代・Y世代・Z世代の3世代2,050人の働き手を対象にした、仕事での生成AI利用に関する意識調査 - アデコ コーポレートサイト",https://news.google.com/rss/articles/CBMiV0FVX3lxTE01eFhRYmwzNkZPb2VYQmlFXzFnLU5ZZ2VUMml3N3hYR0FYeEN3U2RsSVk5RDVEUjZraEt4QXJyN3VZVHA4V05fZEFqMnNsMkdOemdpaGVHRQ?oc=5,"Thu, 16 Oct 2025 01:19:24 GMT",2026-09-20T09:08:39+09:00
GoogleNews:Z世代　意識,Z世代　意識,Z世代の49%がGREEN×EXPO 2027を知らず。7千円なら55%が高い・払わない。Z世代のGREEN×EXPO 2027についての意識調査をZ-SOZOKEN（Z世代創造性研究所）が実施。 - excite.co.jp,https://news.google.com/rss/articles/CBMidEFVX3lxTE53Uk1tQXJNYlFQV3FzS09qeHEyaG1pMmpvdzk3TVF4RVg5Umd0YzcwRzkycnFOZkFGM0VrSFdJak1OUWNudnFYcEtiZlNuRzh1SUZyanZaakNqWWZENC14TDhteklDMnZaeVYzN3pkNWNzR2R2?oc=5,"Wed, 26 Aug 2026 07:00:00 GMT",2026-09-20T09:08:39+09:00
GoogleNews:Z世代　意識,Z世代　意識,Z世代の84%が「恋愛したい」、一方34%は交際経験ゼロ。理想の出会いは「学校・職場など自然なコミュニティ」(61%)。Z世代の恋愛についての意識調査をZ-SOZOKEN（Z世代創造性研究所）が実施。 - Infoseek,https://news.google.com/rss/articles/CBMickFVX3lxTE0zcEp5U2dLYlVMc2ZZcnJjeUdsNmlmU2xrSWxLMGlaNkZKLWd0TG5tU0VIYWNpZkxoQXllLXIzUnRNQ2RhUTRoZUFXd0xaSXN1SEZNeE5Qc0cwR0gxVkdBbjJWdXpRS0thbDVSZEVaNURLZw?oc=5,"Sat, 22 Aug 2026 07:00:00 GMT",2026-09-20T09:08:39+09:00
GoogleNews:Z世代　意識,Z世代　意識,アサヒ飲料、若者の「NO」といえることに関する意識調査、Z世代の約9割が「いらないものにはNO」といえる人がかっこいいと回答 - mylifenews.net,https://news.google.com/rss/articles/CBMiWEFVX3lxTFBGVXpaeHM2VHktT3BtdXRNNmZURWkycDZsem96dDZ1RnY0WU5Yb2RhQ2JTcVllVWN3RFF6RzlFMW1RNkl2YWVqSlhpMnhuUF9Ic2ZBX0FiNnA?oc=5,"Tue, 28 Apr 2026 07:00:00 GMT",2026-09-20T09:08:39+09:00
GoogleNews:Z世代　意識,Z世代　意識,「簡単だよ、大丈夫だよ、すぐ行けるよ」タレント浜川結琳さん 知事選投票呼びかけ Z世代意識、イメージキャラクターに 沖縄 - 47news.jp,https://news.google.com/rss/articles/CBMiS0FVX3lxTE1BbzlpOFlFTDlzREtRRkQwcUhzZHRadlB6ejBDRFJmelluLUxpUGx4anV1S1BrTEtvVVhWQ21ITEoySkxqM1kwZGstVQ?oc=5,"Sat, 29 Aug 2026 07:00:00 GMT",2026-09-20T09:08:39+09:00
GoogleNews:Z世代　意識,Z世代　意識,Z世代のファッショントレンド意識調査、スタイルアリーナが表参道で街頭インタビューを実施 - commercepick.com,https://news.google.com/rss/articles/CBMiVkFVX3lxTE5RWEgwcmFhVGp2VllRZ0NBNW53cS05WFhlcWY0Ylhua0tvQTRQanRTZDE2bUlQdlpEeVJDVmhlQU1TSHZpazhEek5FVmpxc2JVZC1JM3hn?oc=5,"Tue, 03 Mar 2026 08:00:00 GMT",2026-09-20T09:08:39+09:00
GoogleNews:Z世代　意識,Z世代　意識,Z世代社会人の34.1%が職場の飲み会に不参加！「コスパ」「タイパ」重視の参加条件とは - 僕と私と株式会社調査 - commercepick.com,https://news.google.com/rss/articles/CBMiVkFVX3lxTE5sMWxKZmN0ZGZEOWYwNW9CRTNpdUhHOGt4ODF2OFNlYUU3SzdyclVmam1veW40LWd3RElQVC14Z1dxRVUtc2UtMEVwYWcwOVA2S2NqT2t3?oc=5,"Mon, 09 Mar 2026 07:00:00 GMT",2026-09-20T09:08:39+09:00
GoogleNews:Z世代　意識,Z世代　意識,「ライブでの観客の歌声」ネットで沸騰、大声歌唱はありかなしか【Z世代の意識調査】 - 千葉テレビ放送株式会社,https://news.google.com/rss/articles/CBMiX0FVX3lxTFBXaS1tS0RvemctTk1Va3NTbzY2cXRZRHF1dDlPcUZNUnVrTFM4WUJ5YVVHRVJOZGVNcTBkOEFXM0pvLTFHSGNPam92Xzg0S1JfMXlKUGtxUTZwN2NIU01V?oc=5,"Sun, 23 Aug 2026 07:00:00 GMT",2026-09-20T09:08:39+09:00
GoogleNews:Z世代　意識,Z世代　意識,ＳＭＢＣコンシューマーファイナンス調べ 有意義だと感じるお金の使い方 Z世代・若手では“将来のため”、 上司・先輩では“人のため”の優先度が高い結果に | ＳＭＢＣコンシューマーファイナンス株式会社 - アットプレス,https://news.google.com/rss/articles/CBMiTkFVX3lxTE5RRzljUkxpTFpZTDk4eGMtS1VuYi1adWJScWR2d3ZVWUQ1Sk9kTnhaMEtGYS04M210SlJReFVmTksxMmhZZVd0cDNKUTE0Zw?oc=5,"Fri, 01 May 2026 07:00:00 GMT",2026-09-20T09:08:39+09:00
GoogleNews:Z世代　意識,Z世代　意識,Z世代は「ご褒美消費」に意欲的 デロイト トーマツが購買行動調査を発表 - AdverTimes.（アドタイ） by 宣伝会議,https://news.google.com/rss/articles/CBMiX0FVX3lxTE53QkppdGhiTHJYVG92Qkx3cGRfVVNuSnZqaGhicElvVDVFY1RKMGRtcmdfV1VMN3Iycmp1LWpuUzBoUzI2SE1xeEVRR2Y0RmJmeEtwZTkwdnB2ckptcWhj?oc=5,"Thu, 25 Dec 2025 08:00:00 GMT",2026-09-20T09:08:39+09:00
GoogleNews:Z世代　意識,Z世代　意識,2026年Z世代女子トレンド調査発表--63.8%が「節約意識が高まる」、流行りそうな言葉は「滅」 - マイナビニュース,https://news.google.com/rss/articles/CBMiXEFVX3lxTE4zZmd0dUdPcGpXbjZEdWYtdWxfSlVsNmdzbmhMbWZrTFpZYnVlLVNWblctUTZVZFF6TGNSeDNzSzJHckJwT3JJVGRyaEk0djh0MTZsTzhxOENiUFJl?oc=5,"Mon, 06 Apr 2026 07:00:00 GMT",2026-09-20T09:08:39+09:00
GoogleNews:Z世代　意識,Z世代　意識,【Z世代300人が回答】推し活のグッズ廃棄率はわずか1.7％！ Z世代の推し活に潜む「もったいない」の意識とその背景は…？ - eeo,https://news.google.com/rss/articles/CBMiVEFVX3lxTE83U3VTeXRqeE9hY1M2Nmpxd2MyS24xQUZsQ25jNGRlTDZ2X2NmMzF5NHREWFllYVFMZVNpTnJ3b1FTUXZrQXhFSlRDYVlKLW40S1FpQg?oc=5,"Fri, 26 Dec 2025 08:00:00 GMT",2026-09-20T09:08:39+09:00
GoogleNews:Z世代　意識,Z世代　意識,Z世代の健康不安トップは「がん」。イプソス、世代別の意識調査を発表 - tabi-labo.com,https://news.google.com/rss/articles/CBMiWkFVX3lxTE94RnVremx0OVkzX0dxOERTLXpmN19KTmRKOTNldUZwTEY4MUpRQVA0dmROZEQ2b3N0c1gwMzFKdFh5S1hVVG1HSU5mQTk4d2xfOGFaaE4zVENLdw?oc=5,"Tue, 02 Dec 2025 08:00:00 GMT",2026-09-20T09:08:39+09:00
GoogleNews:Z世代　意識,Z世代　意識,Z世代「自由は好き。でも自由に仕事しろはキツい」 - ASCII.jp,https://news.google.com/rss/articles/CBMiVEFVX3lxTE5uM2VSSGhldm5iX0dVZDAtV2dNeXZfbnN3d3ZRVDRQeGF0aEpsZE1BaUZJcWhJUkNGUzd5S1lLUWNNNlFHdGlMYWEwT25tVTlnTkQtbA?oc=5,"Mon, 08 Dec 2025 08:00:00 GMT",2026-09-20T09:08:39+09:00
GoogleNews:Z世代　意識,Z世代　意識,PRESS | CLASSY.[クラッシィ] - CLASSY.[クラッシィ],https://news.google.com/rss/articles/CBMiV0FVX3lxTE9DUkhaVE1iMkJ6cThDX3Axb0pyVHl0azR4Qjk0SVdCWDFrYW55enJONXhQelFxdFpfc2NWNG1Fb3NCMHluZjhrM0RKdlk2NndrQm41c0Nybw?oc=5,"Fri, 06 Feb 2026 08:00:00 GMT",2026-09-20T09:08:39+09:00
GoogleNews:シニア　意識,シニア　意識,＜シニア世代の旅行に関する意識調査＞ シニア世代の旅行意欲は8割超の一方、体力・足腰に不安 衰えていく「筋肉量」の維持が楽しむポイントに！？ | レモンマートル由来カスアリニンPR事務局 - アットプレス,https://news.google.com/rss/articles/CBMiTkFVX3lxTFA1S1FSOUJCRE5xWGNYQU9jWDNqZlpWSnBFa2ZDTFkwSXM2MmxSNW9PVnprNWxLa2NyaHNybzVwRTdQWmh1b1dsLXFsSkFfUQ?oc=5,"Thu, 17 Sep 2026 04:00:00 GMT",2026-09-20T09:08:41+09:00
GoogleNews:シニア　意識,シニア　意識,"【シニアの意識調査】「ネット完結」より「対面相談（63.5%）」。終活に関する1,356名調査から紐解くシニアの信頼獲得・顧客化戦略 - PR TIMES",https://news.google.com/rss/articles/CBMiakFVX3lxTE5nemtHaGdpTEhKTFNrZF9CZm5OT2swMUtUNTZUa0ZHNlhiT09XOXpJWGVSbThTT1hNellaak5kSllESjNEU3JkRTlKbEo3SmJneGVhN3EtZWl4b0FWMTNERGRWU1FDS0ktV0E?oc=5,"Wed, 16 Sep 2026 02:31:19 GMT",2026-09-20T09:08:41+09:00
GoogleNews:シニア　意識,シニア　意識,「まだ運転したい」「お父さん、もうやめて」 なんとシニアドライバーの95%が継続希望！ 親子で真っ二つに割れる「運転継続年齢」とは - ｄメニューニュース,https://news.google.com/rss/articles/CBMiiAFBVV95cUxObGtOR0NXMm1hQ3JzcFNJR2VqRE1sMHBTcU1WSVBlb2poWGRVUmtoMVY1aFUzdDM0MlpONkdRT0tFaldkVmdHQXdXbHdBUnRfT3lTNmVqb1JGZ08yQWUtb0gyLUNVcXZhVFRFX2FnZVVXTVpMS1RBaTlSRzlydGVwUk9pcEJjdE1U0gGIAUFVX3lxTE5sa05HQ1cybWFDcnNwU0lHZWpETWwwcFNxTVZJUGVvamhYZFVSa2gxVjVoVTN0MzQyWk42R1FPS0VqV2RWZ0dBd1dsd0FSdF9PeVM2ZWpvUkZnTzJBZS1vSDItQ1VxdmFUVEVfYWdlVVdNWkxLVEFpOVJHOXJ0ZXBST2lwQmN0TVQ?oc=5,"Fri, 18 Sep 2026 02:51:00 GMT",2026-09-20T09:08:41+09:00
GoogleNews:シニア　意識,シニア　意識,ミドルシニアの働く意識に関する実態調査 - マイナビキャリアリサーチLab,https://news.google.com/rss/articles/CBMiakFVX3lxTFBCcTN3QlE5dllMTjlhSEdNS1A3MUhDSWFsVFkyVkRnV1N6c2lwUDBoRFFmMUdxNm9SeUd5WklzSnFERlRHZ1JDbVFaeXkwRHV3SVNoYndBUXQ5Y1Vlenl1a0tEMzJrbXg1NGc?oc=5,"Fri, 28 Aug 2026 07:00:00 GMT",2026-09-20T09:08:41+09:00
GoogleNews:シニア　意識,シニア　意識,シニア・プレシニアのAI接客に対する意識調査、3人に1人が「抵抗なし」と回答 電通シニアラボ - commercepick.com,https://news.google.com/rss/articles/CBMiV0FVX3lxTE94dWhicUtnbWtUZnNVYmF3dm9Ka3A3bGhxXzdXNG1NN2JkVmZ5eUh2WWN2SkFXRGxtc2FYc2o5RUFpeWFnM1JKb3luMGlBV3g3WnB5azBCaw?oc=5,"Thu, 17 Sep 2026 05:30:51 GMT",2026-09-20T09:08:41+09:00
GoogleNews:シニア　意識,シニア　意識,【シニアドライバーと子世代の意識比較調査】 70歳以上のシニアの94.7%が「運転を続けたい」一方、 子世代で「続けてほしい」は51.1%と、43.6ポイントの差(画像ギャラリー No.23) - MOTA,https://news.google.com/rss/articles/CBMiXkFVX3lxTFB2MXJTVmhiUHktWTJSZEdDdlJzNzllV3VyZ01JQkdTb3FyVXlHOXNBNW9vRnBFS2ZTUnFWTEtOREZBNGRRQ2NNMTZXamFYbFNtdDdadnZtblY4X0xrUEE?oc=5,"Thu, 17 Sep 2026 10:54:20 GMT",2026-09-20T09:08:41+09:00
GoogleNews:シニア　意識,シニア　意識,【シニアドライバーと子世代の意識比較調査】 70歳以上のシニアの94.7%が「運転を続けたい」一方、 子世代で「続けてほしい」は51.1%と、43.6ポイントの差 - PR TIMES,https://news.google.com/rss/articles/CBMiakFVX3lxTE12VWdqRmVlNFhMTk13OXEzRUg3eFRyeTFITFNYS21iNWd1dzVRNV9ndTE4M2ZWWVNyUmUxbGtZd2d0V3FsWGFCcVY4dmd6c2N1UFhpZU1FdzlFbzZZT29XQmwzU0FtMjlwOFE?oc=5,"Thu, 17 Sep 2026 04:30:01 GMT",2026-09-20T09:08:41+09:00
GoogleNews:シニア　意識,シニア　意識,【シニアの意識調査】60歳以上の6割が「コリの痛み」を実感。4割近くが「外出頻度に影響」し、コリの痛みが「外出したい気持ち」を妨げている - PR TIMES,https://news.google.com/rss/articles/CBMiakFVX3lxTE9XZk9LanlNOE1kZ1FobDZ1WWZHNFJLYUx5Vks1ZzFFcDhRSXcxdEtySnZfQ2lLaWx4MWNSUXJaRXlkOEFuY3RjcHFpUk5PLUpSWlBWd1RzWWdVc0IxSUxnX04tRWpuTXZHQUE?oc=5,"Tue, 15 Sep 2026 05:30:01 GMT",2026-09-20T09:08:41+09:00
GoogleNews:シニア　意識,シニア　意識,マイナビ「ミドルシニアの働く意識に関する実態調査」を発表 | 株式会社マイナビのプレスリリース - PR TIMES,https://news.google.com/rss/articles/CBMiakFVX3lxTE9PQ2dSM0NwUmFSYXpvQWw2XzVIeDRzQlVFNmtuV015RklieHN5NHVJTDdveGF6RjJwUDlxdE53ejhzSVpVdmVBY3FobDRTUzdWVll2bzlweVN0UVh3YnFwXzUweEZGNGFMNHc?oc=5,"Fri, 28 Aug 2026 07:00:00 GMT",2026-09-20T09:08:41+09:00
GoogleNews:シニア　意識,シニア　意識,＜シニア世代の旅行に関する意識調査＞シニア世代の旅行意欲は8割超の一方、体力・足腰に不安 衰えていく「筋肉量」の維持が楽しむポイントに！？ - 千葉テレビ放送株式会社,https://news.google.com/rss/articles/CBMiX0FVX3lxTE1BSGJ2RTZRc1JRbk9pNmhyc3h6MWdTZHdMcHBNRnQ0Yi01Zm5IQXRNQ0MtQ1d2X2FyTi11aGdYdkxEQVhIMC1VTHNrLW9WdkZxdE1NbTNKVkhKQ1NyMGlF?oc=5,"Thu, 17 Sep 2026 17:40:25 GMT",2026-09-20T09:08:41+09:00
GoogleNews:シニア　意識,シニア　意識,転職サービス「doda」、 ミドルシニアの転職意識調査レポート【2026年版】を発表 ～ミドルシニアの5人に1人が「転職検討・活動中」、 転職では入社後の人間関係や能力発揮など「環境への適応」を懸念・重視する傾向に 企業による受け入れ体制の整備が定着・活躍のカギ～ | パ - パーソルキャリア,https://news.google.com/rss/articles/CBMif0FVX3lxTE9pUjdwZVdtOS1xbUNnYnBDb19MSUZJdVZ3MjdnY2cyUkZPdGNYbXpiS3pvbERvWTRCNHJqSVRQellkeFZjcGExcmc4MkJCblk4N1ZwTXhaT0Z6UTExeHJYM2pVVkg1b3dZUkFtY0hWLXpEcnp1Q2FxTVJQU2tQSVk?oc=5,"Thu, 25 Jun 2026 07:00:00 GMT",2026-09-20T09:08:41+09:00
GoogleNews:シニア　意識,シニア　意識,【シニアドライバーと子世代の意識比較調査】 70歳以上のシニアの94.7%が「運転を続けたい」一方、 子世代で「続けてほしい」は51.1%と、43.6ポイントの差 - Mantan Web,https://news.google.com/rss/articles/CBMiiAFBVV95cUxOUTliZUtPOC0xcmFiTVB4aFIxdXhIU0MzM0piRGJCQ2dNeUEteVR6T0N3ZE5GNHlkODBtdmRaZW5oSHpxNDdLMTZPNHlYR1lMSG80a2tWNkJ3YkF6TFF3SWpSVXR2dkpUY1o2YVp6ZHRLUXRJYzVmemdCb1JNRW5fS2RwRy1Ed25w?oc=5,"Thu, 17 Sep 2026 14:57:23 GMT",2026-09-20T09:08:41+09:00
GoogleNews:シニア　意識,シニア　意識,"【シニアの意識調査】スマホ所有率99.3%も「操作不安」は7割超。コスモラボが1,716名にスマートフォン利用の実態を調査 - PR TIMES",https://news.google.com/rss/articles/CBMiakFVX3lxTE1YRmxPNElMWHhVSHlLRGU4cHFBMEZCR2FnUUpaSUNQMlYxaVZXdzRrQ05xN0hiQ3FCc3dDVE1NajVMWUR1bFZmRTFwTUpIakMybS1ZWE5TNVliSFdoX2JqdFdMZ0xVZWhMVGc?oc=5,"Wed, 02 Sep 2026 07:00:00 GMT",2026-09-20T09:08:41+09:00
GoogleNews:シニア　意識,シニア　意識,"【シニアの意識調査】シニアの約7割がサプリ継続を「効果を見ながら決めたい」と回答。1,211名調査から見えた、一律の定期縛りが敬遠される理由 - PR TIMES",https://news.google.com/rss/articles/CBMiakFVX3lxTE15dDdfMmRtZjJqSkRWVHhSWklERFpKMm43UzBhSTdvdmVxdDlDRUxxQUZlMW5PZlR6VnEySUhLeGhFTWhma3NXVXdVbUE4aVFFbml5SDliWFRBbUtMV2c2RDM4TkMyM1M0cHc?oc=5,"Wed, 08 Jul 2026 07:00:00 GMT",2026-09-20T09:08:41+09:00
GoogleNews:シニア　意識,シニア　意識,"【シニアの意識調査】1,426名の回答から判明。シニアが腸内検査に求めるのは「3,000円未満」と「手軽さ」。専門性より“生活改善の答え合わせ”を重視。 | コスモヘルス株式会社のプレスリリース - PR TIMES",https://news.google.com/rss/articles/CBMiakFVX3lxTE9OT1VqMXlibHYySHotVVlCRHk2WUFwdEU4c0c0dk04Wk85U0NpWjRMaFRTa2xIZVUza3pFQmdtN18tV3MyaGM1VDdZaUc3S3NycTc4eUd4WnBUcTBldGgwME41OW1Yc0FJYUE?oc=5,"Wed, 13 May 2026 07:00:00 GMT",2026-09-20T09:08:41+09:00
GoogleNews:シニア　意識,シニア　意識,【シニアの意識調査】93.0%が食料品の負担増を実感、67.8%が節約行動を変化。物価高に立ち向かう高齢者のリアルな購買行動とは？ - PR TIMES,https://news.google.com/rss/articles/CBMiakFVX3lxTE1PSmxzYUJVbUUyUFhyaUxZYWRnN0tMbm4zRXQySndyZVdIZ2o3V0FrMzJoa3NjaHFYWENuRVc0NEo1M0V0aVlYS2otWXpiM01pZVNNYkdOWjNjek1mWmotd1lpRzRsUDVrZlE?oc=5,"Wed, 20 May 2026 07:00:00 GMT",2026-09-20T09:08:41+09:00
GoogleNews:シニア　意識,シニア　意識,シニア世代の旅行と体力・足腰に関する意識調査 - South65,https://news.google.com/rss/articles/CBMixAJBVV95cUxOZ0FJYVBFRXFTc0lxa1MyLV9SUG9HVU9JUXJqTm9ONjhxX29TbGJMdEtJbEJxOHZ2UTlJWVFnTlhRRER3c1I2REtaZ0k5WUloNDE5NEtkRFE3UGJRaEtEeDZmb0JsX3VxeTM1NHpXNS1WdE9EZzVQdk1teWZKeEdVaVBPRUR5bzFmVmpzMmtLckRFdnVsd0R3X0J6a2ExU1l5NEFOME4zaVY2QnZBOGVqeUdheldMTHpva0ZQSUZjVjNKMjItYlhxTkNOQ0o1OGVlMmhFeXdKZGcxdGs1amhlS19xaFBTWmFqVF9lY2tvdGJPS3hINmZYMHNnS1I3b1dzQ1JIUmFPb1JEQ29PMVhVZGY5eXFJMDRRRTloSHVEVmliWm51M3paeXlHdXV1RFBWaEtyYW5MMTFhdzV5NlBJdFRyQ2_SAcQCQVVfeXFMTmdBSWFQRUVxU3NJcWtTMi1fUlBvR1VPSVFyak5vTjY4cV9vU2xiTHRLSWxCcTh2dlE5SVlRZ05YUUREd3NSNkRLWmdJOVlJaDQxOTRLZERRN1BiUWhLRHg2Zm9CbF91cXkzNTR6VzUtVnRPRGc1UHZNbXlmSnhHVWlQT0VEeW8xZlZqczJrS3JERXZ1bHdEd19CemthMVNZeTRBTjBOM2lWNkJ2QThlanlHYXpXTEx6b2tGUElGY1YzSjIyLWJYcU5DTkNKNThlZTJoRXl3SmRnMXRrNWpoZUtfcWhQU1phalRfZWNrb3RiT0t4SDZmWDBzZ0tSN29Xc0NSSFJhT29SRENvTzFYVWRmOXlxSTA0UUU5aEh1RFZpYlpudTN6Wnl5R3V1dURQVmhLcmFuTDExYXc1eTZQSXRUckNv?oc=5,"Thu, 17 Sep 2026 04:00:00 GMT",2026-09-20T09:08:41+09:00
GoogleNews:シニア　意識,シニア　意識,【シニアの意識調査】60歳以上の6割が「コリの痛み」を実感。4割近くが「外出頻度に影響」し、コリの痛みが「外出したい気持ち」を妨げている - Mantan Web,https://news.google.com/rss/articles/CBMiiAFBVV95cUxPUjdmQTNPQmtNSV9BN1Z0S2Z3QmxHdDhXQ05fQkthT29VYWlWWXNwVllwdjJiRl8tU21yS2FTNmdtSWR3TTV4WjZVRHg3WVVlR29rMmtadGlYbE1pODJyR1EzUS1DYnNFV3I1M2lHWmUzMFJCVEZKakVPaWo3U0JMMHg1bDlwTnZt?oc=5,"Tue, 15 Sep 2026 07:00:00 GMT",2026-09-20T09:08:41+09:00
GoogleNews:シニア　意識,シニア　意識,"【シニアの意識調査】自宅で「毎日測定」するシニアが4割超！一方でデータ管理は紙（37.4%）が中心。コスモラボが1,762名に『健康測定』の実態を調査 - PR TIMES",https://news.google.com/rss/articles/CBMiakFVX3lxTE93Q3NiaEZuN1Z1U2tuaXBYMnRULVhfakhDcWhnS19ONTdvU0lHRGZnZTBRZXdhX3RJYWlxQWxicGNBdDFjbXM0VzZrX1FKVUhaYjV1cHg3NC1VXzh4ZXkwYXg2MzJlYm4zTEE?oc=5,"Wed, 26 Aug 2026 07:00:00 GMT",2026-09-20T09:08:41+09:00
GoogleNews:シニア　意識,シニア　意識,【シニアの意識調査】2026年の決意──「今年こそ健康に！」でも、約8割がまだ未定 - PR TIMES,https://news.google.com/rss/articles/CBMiakFVX3lxTE0zbk9sODRJOUJUbFZEUVN6cmFwX3QyalNxUkNBM0ZJTkJ4Nnk1eE9nWGQtNWFmSmxDRDVRUUhxSXlUNldPTVR4Z09FX3YyYXVUQ1hIWE5qamJ0anZObnZSRE1XRWF2b3h0dXc?oc=5,"Wed, 21 Jan 2026 08:00:00 GMT",2026-09-20T09:08:41+09:00
GoogleNews:シニア　意識,シニア　意識,"【シニアの意識調査】1,144名に聞く社会参加のホンネ。不参加の理由は無関心ではなく「予定を縛られたくない（31.6%）」「人付き合いの気疲れ（29.9%）」 - PR TIMES",https://news.google.com/rss/articles/CBMiakFVX3lxTE04ZU5ZTDNfbXl5UGVRbDRHZ1I1M3dlaHVmTDcwa1VhQVdtWWpaMHBRNkZ6ZmpMQlBCMUtXSllzY2N2cUxGTi03LWtmMWxJclREZTVkTnRCM3oxWUZaN1lLTnp4T1Y1QS1VNWc?oc=5,"Wed, 01 Jul 2026 07:00:00 GMT",2026-09-20T09:08:41+09:00
GoogleNews:シニア　意識,シニア　意識,【お金に関する意識・実態調査2026】シニア女性の「お金の使い方」「守り方・増やし方」の満足度は増加傾向 続く物価高で節約意向が高まる一方、年金の補完や趣味・旅行の原資作りに「投資意欲」も拡大 - PR TIMES,https://news.google.com/rss/articles/CBMiakFVX3lxTE1nckJmTy1Sa0h6NDF6UWwwaG91QlU4eGxxZjRfeHR3aFV6U2doMTZWanRaMWJubXBWSGN5b2JiNTZIZmxHYVVnTHJMUm1DdUVPWUZ6OUhYMGUyV1QyWjJEanNmd2ZLbmxISHc?oc=5,"Wed, 05 Aug 2026 07:00:00 GMT",2026-09-20T09:08:41+09:00
GoogleNews:シニア　意識,シニア　意識,"【シニアの意識調査】約9割が「将来歩けなくなること」に不安。シニア層1,524名が明かす、転倒ケガや歩行変化へのリアルな危機感 - PR TIMES",https://news.google.com/rss/articles/CBMiakFVX3lxTE0xR2pHQUlSNlpxWXZVTGNtRVVTeTBVWndGMkhSNktLbThXV0VUd3lxQnp0REk4WXNucmVQQTRJRnZURXFLWnQ1aFRUamk3cVJlRzVKSVRxb0V4M1JCS25sYmdlZGF2NXc1Ymc?oc=5,"Wed, 15 Jul 2026 07:00:00 GMT",2026-09-20T09:08:41+09:00
GoogleNews:シニア　意識,シニア　意識,"【シニアの意識調査】ヘルスケアの訴求は「不調のメカニズム解説」から入るのが正解？ 2,079名調査から掴むシニアの顧客化戦略 - PR TIMES",https://news.google.com/rss/articles/CBMiakFVX3lxTE90RkdzUDF1dlZ3SldlYk43QW1PZksyUzZ6b1ZTSWhTNFgzRkdjR0FxMndzcktvTjN6dVhwd3lBaVpFTklZckNPQVNHcV9DUXNKZXlFa3ZTRXItSWM5NHNkaUlyektmMWxWNXc?oc=5,"Wed, 19 Aug 2026 07:00:00 GMT",2026-09-20T09:08:41+09:00
GoogleNews:シニア　意識,シニア　意識,"【シニアの意識調査】野菜高騰でも「量を減らして野菜を優先」が約4割。野菜不足による健康不安は9割に上る。コスモラボが1,482名のシニアに実態調査 - PR TIMES",https://news.google.com/rss/articles/CBMiakFVX3lxTFBEX0IwYXQ3V19nVEJZQzY3bjdxZXNGRDg2WmlsYXI3bFJaNEhPNXJxQ3RLYTRRdlFvUG5sUkIteFhrbkViR0VDM1YzbGctYjZtaGpwS1hWN1NRVlV4ZGdSVHEyVFFkU2NiN1E?oc=5,"Wed, 29 Jul 2026 07:00:00 GMT",2026-09-20T09:08:41+09:00
GoogleNews:シニア　意識,シニア　意識,"【シニアの意識調査】対症療法より「予防・習慣改善」に商機あり。胃もたれに関する1,961名調査から読み解く、シニアの顧客化インサイト - PR TIMES",https://news.google.com/rss/articles/CBMiakFVX3lxTE1qUm9fWktWM3FJcUFpdUFtZmdCU00zZmptRzNZZjUxLUNZTTNZM29tNTk2c1BhaUEyQlI3ckVwWGlYQ3RNaElCMzBuTy1TOWFHVW1xNTRQRGtDQk9aUGp0RGswNno2b3JzOXc?oc=5,"Wed, 10 Jun 2026 07:00:00 GMT",2026-09-20T09:08:41+09:00
GoogleNews:シニア　意識,シニア　意識,【シニアの意識調査】40％が眼科未受診？シニアの目のケア実態を徹底調査 | コスモヘルス株式会社のプレスリリース - PR TIMES,https://news.google.com/rss/articles/CBMiakFVX3lxTE1DNVpBaUE4dmtsWTZ0MHNKXzRXM2VKaWx0MWJ5VVNWX2gyYzdYWHdqNGJPcVl4b2ItQWltUDFuRjNFbzZIa3NmQ1BFVzNDbld1WVlQSTA3eVJKSmlGRGxpb2FsTUJqdU1jYVE?oc=5,"Wed, 11 Mar 2026 07:00:00 GMT",2026-09-20T09:08:41+09:00
GoogleNews:シニア　意識,シニア　意識,"【シニアの意識調査】「リアル体験×短動画フォロー」が顧客化の鍵。1,291名調査から紐解く、シニアのLTVを高めるOMOマーケティング - PR TIMES",https://news.google.com/rss/articles/CBMiakFVX3lxTFBDUkM4Z3h5TnVVamVkUC1VT1J2ekNNVVF0TWkwZnhYcVhCc0pjU2pCeTlPRnEwMWFKbW1BZDBPODQ4dzNjSF95R1AxXzhuTXpWX3FnbjdVN2owYnlaSzRTUWpOTDhoYXdvV3c?oc=5,"Wed, 05 Aug 2026 07:00:00 GMT",2026-09-20T09:08:41+09:00
GoogleNews:シニア　意識,シニア　意識,"【シニアの意識調査】シニア通販は「現金決済」の安心感が主役に？ 1,071名の大規模調査で浮き彫りになったシニアの決済・注文インサイト - PR TIMES",https://news.google.com/rss/articles/CBMiakFVX3lxTFBzMVU5QkwtekVqb1BtVFhRY1BzQncwNk4zTG9zLTFpYWMtYjVVZGxUWi0xZVBGSmk3NWxlYUJnTWhCRW5xeDBlWDZXQy1jQU96SDZGbktMbWNIRkNQbXFuVXR1VTlCTmpYd0E?oc=5,"Wed, 17 Jun 2026 07:00:00 GMT",2026-09-20T09:08:41+09:00
GoogleNews:シニア　意識,シニア　意識,"【シニアの意識調査】病名認知は7割超も、約3割が骨密度検査「未受診」。コスモラボが1,476名のシニアに聞いた骨粗しょう症の実態 | コスモヘルス株式会社のプレスリリース - PR TIMES",https://news.google.com/rss/articles/CBMiakFVX3lxTFBTZWphd2h0UjlEOXFhbFYwMmNhTm9vVl9hZUhWbmhteDdOUUlYQVJoeVFzZmd1MUthRS1VNzd0RXBEWHo4WU9na2h0ZXpVaDk3QUdQVWkyWUhHc21Td29KNXBJMEhrLVZuX3c?oc=5,"Wed, 03 Jun 2026 07:00:00 GMT",2026-09-20T09:08:41+09:00
GoogleNews:シニア　意識,シニア　意識,令和のシニアは何歳から？ 40年でこうも変わったシニアのライフスタイル - AdverTimes.（アドタイ） by 宣伝会議,https://news.google.com/rss/articles/CBMiX0FVX3lxTE9DVEFDVmR5OUhFeG9iRngtd2JOYk14d3FhN2FzOFVFbG5nM0JyaGNHNEFoY244ZG12UmFWOTRaY1NOaUo3cnYxMllzQVlWQkhwZGlXaGZKMWhfYTFyd2g4?oc=5,"Wed, 29 Jul 2026 07:00:00 GMT",2026-09-20T09:08:41+09:00
GoogleNews:シニア　意識,シニア　意識,“今どきシニア” は家族に依存せずにソロ活重視 ―博報堂調査 : 夫婦一緒意識も低下 - nippon.com,https://news.google.com/rss/articles/CBMiV0FVX3lxTFBadk5LYUpVOXBtMFRPYlNzNE04dHZUc2YyaXpUZkFxcTl3bWRsYjR3LVhDY1JiYmtUZWhTeHgyRmQ2ZjdSbzJ3SkhKQ1g3TjFINVhJOFRJSQ?oc=5,"Wed, 08 Jul 2026 07:00:00 GMT",2026-09-20T09:08:41+09:00
GoogleNews:シニア　意識,シニア　意識,"【シニアの意識調査】運動習慣ありでもジム未経験が44%。入会・継続を阻む最大の壁は「続けられる自信」。コスモラボが1,309名にジム利用の実態を調査 - PR TIMES",https://news.google.com/rss/articles/CBMiakFVX3lxTE5EU1g4RnVTZDI1cmFIZy1GdkhCWjM1Qmx2OHBDMGRjNS1KcHJNVTVycFhpZk1wOHBVMzNkcFJTd2F1TlZtZTFiZ1dWVGRXOWxtSk1ZWFhJV1dJUzFidkxsM0tyczhwSEtIOWc?oc=5,"Wed, 12 Aug 2026 07:00:00 GMT",2026-09-20T09:08:41+09:00
GoogleNews:シニア　意識,シニア　意識,【シニアの意識調査】改善意欲は80.7% も、約3割は「何もしていない」 。コスモラボが958名のシニアを対象に姿勢（猫背・円背）の実態を大調査 - PR TIMES,https://news.google.com/rss/articles/CBMiakFVX3lxTE1PU3RmTVdHUDZ6U3VlTFRTc05oU2hPeFptblhXVnZYdENwMEljN1hmbkcwTXpUdDJqTU9aOG00WDNQeWJfQWVMWC1pZTFOVC1xV1FKQ0s2cXdtZ19rYmYyZFF3RVVzMVRQR0E?oc=5,"Wed, 27 May 2026 07:00:00 GMT",2026-09-20T09:08:41+09:00
GoogleNews:シニア　意識,シニア　意識,"【シニアの意識調査】「まあ満足」層に潜む巨大な乗り換え需要。スキンケアに関する1,147名調査から掴むシニアコスメの顧客化インサイト - PR TIMES",https://news.google.com/rss/articles/CBMiakFVX3lxTFAxNWFheVE3enRUcTZKQmY2ZVhYbHlfWHRqZ3BqS3ZuZXRTZXhWNndLSUprb3VfcFNyRGlrNE1ZOTVpZVV4NVNVQ1lZZUxmUTFyNlVjdnF3N2RDbHdpYXkwc0RsXzExZGZMWFE?oc=5,"Wed, 22 Jul 2026 07:00:00 GMT",2026-09-20T09:08:41+09:00
GoogleNews:シニア　意識,シニア　意識,【シニアの意識調査】2026年版！シニア663名へのストレス調査：原因1位は「身体の痛み」 。深刻な「不眠」に悩む層へ、今求められるのは“専門的支援”より“お茶会”？ - PR TIMES,https://news.google.com/rss/articles/CBMiakFVX3lxTE9MQlR6QTV4ZG1QcFFVdTY3WllQZ21yTktCMDEwOVlxTUlsMWRRMWtRQkNudk1FeHZFSlM4QWs5MmVuTkFwTnpmZXZFbVFRc3RXcWtxSTBJRU1IVWRlOE45MEJYTUxVZ1dEV0E?oc=5,"Wed, 15 Apr 2026 07:00:00 GMT",2026-09-20T09:08:41+09:00
GoogleNews:シニア　意識,シニア　意識,"【シニアの意識調査】スマホ所有率99.3%も「操作不安」は7割超。コスモラボが1,716名にスマートフォン利用の実態を調査 - 時事ドットコム",https://news.google.com/rss/articles/CBMia0FVX3lxTE93Z21ZZkRrdE1JbGlTZkZTcnlWMlJxVkZFMUE3bFlKQS1oYTh2TmNGZ21QaUUyM0dCNkFCYVlMem83Nm5MemszZ3ltM29jc1drNGJVREJBMjducklIdHlJZ2VDcWJUMmhRSzE4?oc=5,"Wed, 02 Sep 2026 07:00:00 GMT",2026-09-20T09:08:41+09:00
GoogleNews:シニア　意識,シニア　意識,【シニアの意識調査】記憶力低下への対策「特に何もしていない」層が約3割。シニア市場の行動化を阻む壁と、求められる“習慣・食・予防”の情報設計とは - PR TIMES,https://news.google.com/rss/articles/CBMiakFVX3lxTE9rMExJTHd5ZlAxQjQ4NS1MWVQxYlQ4TGpYMFRGNVdtbWNaN3JwRlJMUUt5cXo0RUNYVkhJSi1Xb2gxMEZ3UWdmSUhtd1hnc3paaE5TZmduaEd6TWE2YjN2d2ZQM1Nnc0hUZGc?oc=5,"Wed, 06 May 2026 07:00:00 GMT",2026-09-20T09:08:41+09:00
GoogleNews:シニア　意識,シニア　意識,【シニアの意識調査】ひざ痛経験が約7割──継続改善に課題、最新調査公開 | コスモヘルス株式会社のプレスリリース - PR TIMES,https://news.google.com/rss/articles/CBMiakFVX3lxTE1nODJ3dTdzcHpsZlNBT0pkY0w4U2g1aWhQM1NhdVpZNWFoUEJhdmRRYzlkZnhjZm9hU201NEN0T21ReHhwTTV3R2NNQVlrLWRkVGhXWklrVUFrTmluel9GMzFhazRMR0xoWGc?oc=5,"Thu, 26 Feb 2026 08:00:00 GMT",2026-09-20T09:08:41+09:00
GoogleNews:シニア　意識,シニア　意識,【シニアの意識調査】シニア層が今後お金をかけたい分野は？ | コスモヘルス株式会社のプレスリリース - PR TIMES,https://news.google.com/rss/articles/CBMiakFVX3lxTFAyT2RhX2lxM3FhYkNMdElsZEp5Mm0wLTJaWHBaMzVNOFV2elpXM1ZzV3p1ZmpYV2RNWGpDSzNrZ056eDAzdk4tUG90dDRfNUxIWGI2aWFvM2l0SjZlQk1WcHlRbnFzVS1FYlE?oc=5,"Mon, 05 Jan 2026 08:00:00 GMT",2026-09-20T09:08:41+09:00
GoogleNews:シニア　意識,シニア　意識,【シニアの意識調査】Zoomより録画配信（67.7%）？ - ニコニコニュース,https://news.google.com/rss/articles/CBMiVEFVX3lxTE9mSlV6d200aEpuck9ETUMwMW9NbWxfVTJKdVVjcElsWTVBQ0x1aHlkWEZjZ0pzcHhJQ3R0d1c4YVJoRjg2dmJGMVo3a0NYMXZNYUdSTw?oc=5,"Wed, 09 Sep 2026 06:00:32 GMT",2026-09-20T09:08:41+09:00
GoogleNews:シニア　意識,シニア　意識,マイナビ「ミドルシニアの働く意識に関する実態調査」を発表 - 時事ドットコム,https://news.google.com/rss/articles/CBMia0FVX3lxTFBia1M2Y0EzU19Ra0YwRkdRZ2VHdEJZVVp0MUtyMlVISkZ4bmVLTnZuSzJOYjQwVjVoT0lsUDl6T1ZjLUE2M29oVHBJWlBUci1CTi01bE9KODUtNGM3Z0QzcTBaanhiVGdzMHZN?oc=5,"Sat, 29 Aug 2026 07:00:00 GMT",2026-09-20T09:08:41+09:00
GoogleNews:シニア　意識,シニア　意識,"【シニアの意識調査】Zoomより録画配信（67.7%）？ 1,146名調査に見る「スマホで15～30分」のシニア向けオンライン学習の最適解 - excite.co.jp",https://news.google.com/rss/articles/CBMidkFVX3lxTE10a0QwQmRrcURTV1dUVzkyc2NNUV9ZYXN4VEZ6Smhxa0J3UlV5V2NEUS1RTUJFV3pCWjVra1praVN4U2oxY0hDVDdtajVYYjRoRnlMblBlMXdPbEhWR3NjQ1dJcGxqd3JjYTgxcFVqb29EQjZuTlE?oc=5,"Wed, 09 Sep 2026 13:40:00 GMT",2026-09-20T09:08:41+09:00
GoogleNews:シニア　意識,シニア　意識,"【60～74歳のシニア1,000名 就業意識調査】在職老齢年金改正でシニアの就業意欲向上へ 制度認知シニアの86.2％が就業継続に前向き、認知有無で28.3ポイント差 - PR TIMES",https://news.google.com/rss/articles/CBMiakFVX3lxTE5HZ3FSRklIeXdhTUxCazlKd0N2SDU1QWRjUG5SWkNNb3NiNnRyLWdNZjdCVjN2NGFGM3ZJRUZsSVlpTUFSdGluSkNjUGlGc01fWXBLQ3JnUXM3a2JXc3A5cUlOTWxpUDlOWHc?oc=5,"Tue, 03 Mar 2026 08:00:00 GMT",2026-09-20T09:08:41+09:00
GoogleNews:シニア　意識,シニア　意識,"【シニアの意識調査】認知不足ではなく「個別性の不安」に商機あり。足裏に関する1,372名調査から掴む、シニアを納得させるプロモーション手法 - PR TIMES",https://news.google.com/rss/articles/CBMiakFVX3lxTE5WZnZONkxuYzF4OF90TzZfUzU1d1VGbXRhcVhTeWIxbW9rTEZfaUN4NVFyTUo4VkJJWEMzYnpGRi1MYUZPcWEzdjNwa0xheGtWVmZ4YjJTdDk3QTF6UFllT1lXZFFKUFBsc1E?oc=5,"Wed, 24 Jun 2026 07:00:00 GMT",2026-09-20T09:08:41+09:00
GoogleNews:シニア　意識,シニア　意識,"【シニアの意識調査】自宅で「毎日測定」するシニアが4割超！一方でデータ管理は紙（37.4%）が中心。コスモラボが1,762名に『健康測定』の実態を調査｜Infoseekニュース - Infoseek",https://news.google.com/rss/articles/CBMickFVX3lxTE9qTTQweHlXWnVxRHBSZnVYRGRrUm1hU0RlMU5sWWlIU0F5S2lUN29xUlRUR0tKblpfMmRmTXhqc3V4NFd4NDNNb0h1Vk1wR3pVa2lWWURDcUZqNW1kRXFDUHFqOTQ4MUI1NFAweUcwSENfZw?oc=5,"Wed, 26 Aug 2026 07:00:00 GMT",2026-09-20T09:08:41+09:00
GoogleNews:シニア　意識,シニア　意識,【シニアの意識調査】シニアの心を動かすものは？――文化活動が生む、感動・刺激・つながり - PR TIMES,https://news.google.com/rss/articles/CBMiakFVX3lxTFBHa19jYUw1SUZMbW9mYm5EWnNlMHNBZ2xQdEJyV25zRHROTXAwaUdyUk9PNmxJMUNrZHJOSzl5YmNHdFo1dW4zeHF6cXFfR0x4S2xkWjdPTnFrSHNscVl5UDk2QUJuVWJTV1E?oc=5,"Wed, 28 Jan 2026 08:00:00 GMT",2026-09-20T09:08:41+09:00
GoogleNews:シニア　意識,シニア　意識,シニア女性の2人に1人が働く時代へ 「お金のため」から「生きがい・社会還元」へと変わるシニアの就労意識とは - news.yahoo.co.jp,https://news.google.com/rss/articles/CBMif0FVX3lxTFB4R3pQc0gtY3dOdU82Y1NjYUswRC1ybHVFOXVwQWNDZloxZkYyLVY0cWhld2szamdDY3k5ZVR1ZzhtUXRtM0g5NHFldDFCNVNIYm10Mk5qTkd5RzhRcEdHemRBSXoxckdQRWU0X2ItTXBMZDlGd2M2VURzaW93aFE?oc=5,"Sun, 12 Jul 2026 07:00:00 GMT",2026-09-20T09:08:41+09:00
GoogleNews:シニア　意識,シニア　意識,【シニアの意識調査】シニアの4割以上が「3か月に1回」歯科受診。受診理由の1位は「予防・定期健診」56.5％となり、口腔ケアは“治療”から“メンテナンス”の時代へ - PR TIMES,https://news.google.com/rss/articles/CBMiakFVX3lxTE1laDRMM3BxRE9WU1dBZUFlc2JXZjFvQ0lMYVprZm1zcllianZUdU9lVXJSaUJIYm9zRzZqczJTZ1VwSmdDMURZQWVWbmFOUGRjU1JYVElRalBaSldVU09UcmlhUGdBOGlma1E?oc=5,"Wed, 22 Apr 2026 07:00:00 GMT",2026-09-20T09:08:41+09:00
GoogleNews:シニア　意識,シニア　意識,【シニアの意識調査】シニアの52.6%が睡眠に悩み 「夜中に目が覚める」が最多、67%が睡眠の可視化に関心 - PR TIMES,https://news.google.com/rss/articles/CBMiakFVX3lxTE5jQnY2Wm5QcTd5cTAyNUdneHR5UU9LOURUeENQd1ZGLWVxWFFTSERkdnV3dDdrdDlhMlJWLXVlbUN2OUVOVVdWRlozUXNaZ0FESDFFUnltRHhBOFlSQVpVVlRiU0tiRHAzS1E?oc=5,"Wed, 25 Mar 2026 07:00:00 GMT",2026-09-20T09:08:41+09:00
GoogleNews:シニア　意識,シニア　意識,【シニアの意識調査】シニア層に広がる腰痛の実態――持続支援ニーズが浮き彫りに - PR TIMES,https://news.google.com/rss/articles/CBMiakFVX3lxTE52LTNfc0RsZUtOcy1UaFVnX0dRUG1ubERiVHNYRHVDSlZiMFJ3V1FyWE9fbi1TcE5JVnFKM01WTExoVWl1X3ROR1A0dlczTUQ2bkhBT0Rsa0t2RmRPZnFFeEhmQTE4NG9penc?oc=5,"Wed, 18 Feb 2026 08:00:00 GMT",2026-09-20T09:08:41+09:00
GoogleNews:シニア　意識,シニア　意識,猛暑の外出自粛で高まる筋力低下のリスク》プロが教える「室内スクワット」と手軽な家トレ術（4ページ目 - 週刊女性PRIME,https://news.google.com/rss/articles/CBMiWEFVX3lxTE1KT0JocTkwcTdFNFpUaldRLWlDOWJOQzdUR2dERTBTV3RINE50VFotMWlXRDBuMHRMT0tkeUo0Nkx0VTVaOHZfcFlmYXBYQ1Mta3dpOHY2SlQ?oc=5,"Sun, 30 Aug 2026 07:00:00 GMT",2026-09-20T09:08:41+09:00
GoogleNews:シニア　意識,シニア　意識,【アクティビティに関する意識・実態調査】シニア女性の96.3％が運動や習い事などのアクティビティに意欲的 - PR TIMES,https://news.google.com/rss/articles/CBMiakFVX3lxTFBWSmVxNWkwdzMxMWZnbTQ4bmp3ZF9ZN2lIZ05EQk1yalVENlYtcXRpUE1VLURMcTJaaERRelQ4Y3drQ1BzMHRBSFhBZWdxek5iSUZqZEZOUzZEVDBzbVdORHEtODMxY2pBN1E?oc=5,"Wed, 25 Mar 2026 07:00:00 GMT",2026-09-20T09:08:41+09:00
GoogleNews:シニア　意識,シニア　意識,【シニアの意識調査】シニアの80.6%が「昔より疲れが取れにくい」と実感50代以降で広がる“疲労回復ニーズ”を669名に調査 - PR TIMES,https://news.google.com/rss/articles/CBMiakFVX3lxTE9uTUh3WmJGenA0YzU3TFJZWjdkQ3VIYjhxaXdDQzlPQUxCT0dTbjQtaGZYQjJDd3VfX25hbDhkUGlFQl9UTUs0ZTlEN0NCaDRvamxqNFFZdW9WbFFaT18ydUdLV09hWnRFNlE?oc=5,"Wed, 01 Apr 2026 07:00:00 GMT",2026-09-20T09:08:41+09:00
GoogleNews:シニア　意識,シニア　意識,【シニアの意識調査】シニアの7割がSNS利用―“LINE中心”で生活に定着― - PR TIMES,https://news.google.com/rss/articles/CBMiakFVX3lxTE14UlVYMURsbFJxZDMydXhtd1Nib0hGVEZKbENjMko1VHVxMTAtOHN2ODI2YmtyNjhxdENSR2REQUkybzVQdDg4LVZ3a1JLamY0TVFFTWUtTmNsZGVDOHBLQlhFRV9Ud0p5ZVE?oc=5,"Wed, 04 Feb 2026 08:00:00 GMT",2026-09-20T09:08:41+09:00
GoogleNews:シニア　意識,シニア　意識,【シニアの意識調査】7割が肩こりを自覚、それでも医療には行かない ― シニア886名調査で見えた“セルフケア市場”の可能性 - PR TIMES,https://news.google.com/rss/articles/CBMiakFVX3lxTFAwVTAtZGRpRV81QmZCY1lQejNwTjBJU0ZUWEhCQktFemlCa01WYlMtSUhiWE0xSUFmYVp6LWNaQmp6QmczcVVsMHRPZ3RnQWZFdjM5ck1BTDlPWC1lc200MVFYUnhBc0d0Y1E?oc=5,"Wed, 04 Mar 2026 08:00:00 GMT",2026-09-20T09:08:41+09:00
GoogleNews:シニア　意識,シニア　意識,"【シニアの意識調査】ヘルスケアの訴求は「不調のメカニズム解説」から入るのが正解？ 2,079名調査から掴むシニアの顧客化戦略 - 時事ドットコム",https://news.google.com/rss/articles/CBMia0FVX3lxTFB2MTg4YzFIS2xiWmY1UEhMeHNYMDR5SEJqOUg4UW5odXFiRUNnMWM1MGw4T2g4c0FrUFFETm16VzRES3RrN1h2N1R1bzFnclk3NmszNGd0c2dGT20zOGIwbENMS1o2bFJyWjFj?oc=5,"Wed, 19 Aug 2026 07:00:00 GMT",2026-09-20T09:08:41+09:00
GoogleNews:シニア　意識,シニア　意識,"【意識調査】働くシニア世代の本音、""人生100年時代""に「どんより」印象7割超え、レポート全文無料公開 - PR TIMES",https://news.google.com/rss/articles/CBMiakFVX3lxTE1uVzZqaHZfVDNEVUU5Skg0eEFQeU5DWl9mTVdJcTA4YnBROU5ZS3ZYcmRzcGZlTFQ2d09RVzU5cDFjc0N6Y1hrSVNoaGFINE5HZmt5S3R1c09YcEx1TkxNTFJnUGZZR0lYR0E?oc=5,"Wed, 24 Dec 2025 08:00:00 GMT",2026-09-20T09:08:41+09:00
GoogleNews:シニア　意識,シニア　意識,マイナビ「ミドルシニアの希望退職に関する意識調査」を発表 | 株式会社マイナビのプレスリリース - PR TIMES,https://news.google.com/rss/articles/CBMiakFVX3lxTFA0QmZkM2o4M2hKQWdHdHhGYzM1N1ZZbFZBWWduTDgyZmVCMjFlcVB0aVhOSUFfOC1YdXBXbGtkWTBNQnJIYlUwSS1zRTFOak5lTGp6ZWZGODBjSHdKNEdOaDU4QVUyOHAzRUE?oc=5,"Thu, 19 Feb 2026 08:00:00 GMT",2026-09-20T09:08:41+09:00
GoogleNews:シニア　意識,シニア　意識,【シニアの意識調査】むくみの原因1位は「長時間の座り・立ち仕事」。58.1％が求めるのは「家で簡単にできるマッサージ」。生活習慣に潜むニーズを可視化。 - PR TIMES,https://news.google.com/rss/articles/CBMiakFVX3lxTE5sZEVYXzZtWmpZeWNDenFBT3poY0ZBQXEyM1hISDBUSHpGOG96UkR5Q1BkUG1ORVJBQ2Y0dlZ3MHJhVWVZM3hVTV9sQmdGdUJzcHFxU0t0bVNEYzJXcURHVDFvTVgyQ21jb1E?oc=5,"Wed, 29 Apr 2026 07:00:00 GMT",2026-09-20T09:08:41+09:00
GoogleNews:AI　買い物,AI　買い物,米議員、買い物支援ＡＩ巡りアマゾン・ウォルマートの調査要請 - Reuters,https://news.google.com/rss/articles/CBMifkFVX3lxTFBrUTJPVFFoOFNjOTVnUDBEZXVvdUc5N3dkOUp5R185M2tGVFFZSW1DZnE4SVh0ZHVzQWNpZmZMVGYzSkJRQTk2LUZKRGhnT1c2YmF5U244SkFoaFdDcW5CeXlnNEJqcnY0MXBUWUtfaThMeHpuZk1NRHZiWkJLQQ?oc=5,"Fri, 18 Sep 2026 04:56:00 GMT",2026-09-20T09:08:44+09:00
GoogleNews:AI　買い物,AI　買い物,対談！EC+【第22回】 「AIが変える買い物の意思決定」ってなに？ 高関与領域における納得できる選択を支えるAIと人の役割 - hakuhodo.co.jp,https://news.google.com/rss/articles/CBMiVkFVX3lxTE5ZQlZXcHNKQ0NpT2QyMEltR3lxRnpaMEozQlNaWFJRWW5wNkM4RHM3WHFXZXZnQzNxNm02RW5ibTh4eW9FblJUMElwQnpLckVrZHhtaXd3?oc=5,"Wed, 16 Sep 2026 22:18:14 GMT",2026-09-20T09:08:44+09:00
GoogleNews:AI　買い物,AI　買い物,AI接客にシニア「抵抗なし」3割、買い物の相談相手に 電通調べ - 日本経済新聞,https://news.google.com/rss/articles/CBMibEFVX3lxTE5pM0VfdVZ6MHp2X29FblJmQzRld28yUDZCbG9pM0ZReER1VXE5QkUyTU80YWlGeUN2eHM3Q0dPbnU5MzJpYmkwWU9KYTZKNkVWblptYy1tdXpONzBLYjNnU2FISDhEVW9xd2M5WQ?oc=5,"Wed, 16 Sep 2026 20:00:00 GMT",2026-09-20T09:08:44+09:00
GoogleNews:AI　買い物,AI　買い物,生成AI利用者、66.3%が「買い物の比較検討」でAIを利用した経験あり AI Overviewを確認する人も半数以上 - AMP[アンプ],https://news.google.com/rss/articles/CBMiXEFVX3lxTFBsWHhQcHNOSzVZVHZDTjBvell5c1RmYjBzdWdBQlZVTGZtZWIyN3BJNnIwMWxZZVBiX1dLT0Rzc2hCb0lfXzNHWkpuZjVGUFZMTFJ4N1hIaGhvaXVr?oc=5,"Tue, 15 Sep 2026 09:51:31 GMT",2026-09-20T09:08:44+09:00
GoogleNews:AI　買い物,AI　買い物,米議員、買い物支援ＡＩ巡りアマゾン・ウォルマートの調査要請 (ロイター) - news.yahoo.co.jp,https://news.google.com/rss/articles/CBMijgFBVV95cUxQb1pMM2VJQkdyZEV6UlItaDdSVFFtTHNfcXY0SkM3U0ZoTHFLRnJudDlnaENMX0FkNExUTjJKUDdVYkV4ZF9Eemx2dWVEWERqQkhQdlVlZ2V6OEVYTV9NSUkxakR3TkkxbXF0Ym1Ca2ZiVmNuUVo0NG1pSzVxMU5oVVVjdlBtU0k5WFUzd05R?oc=5,"Fri, 18 Sep 2026 04:56:16 GMT",2026-09-20T09:08:44+09:00
GoogleNews:AI　買い物,AI　買い物,AIで“売れる”は本当だった！ 進化するLINEヤフー「Yahoo!ショッピング」のAIエージェント、AI経由の注文は20%に - ネットショップ担当者フォーラム,https://news.google.com/rss/articles/CBMiXEFVX3lxTFBjV05hd3cxUGliem82N0UzVV9tbVFxNEMtQzllNTRyRjFRZDRKZXZXRVRMTVNmMzc4TmRUem91alFyWnNIN1g2b19rU1N1V3ItdnYwcURETV9CMkNz?oc=5,"Mon, 14 Sep 2026 22:00:00 GMT",2026-09-20T09:08:44+09:00
GoogleNews:AI　買い物,AI　買い物,Amazonやウォルマートに対抗。地域スーパーに大手並みの 接客AI 提供 - DIGIDAY［日本版］,https://news.google.com/rss/articles/CBMioAFBVV95cUxNRjRsdmdaUXE4a1U4enhGb2I0N2dDelhyaHJBSmpZRGp1Sndsbm1GN2Z2Rll2Y0FQWE4tR0ZFaEx0ZDJWck11OHVjZS1URURydzg0WHYxekQtcGx4cVN2NnJ0SzRFUHdnZ1VCOVNWSUF3TWxHUGZvMFcxN3RoMjFQQ0sxOV9GVFgxS3BwekVDM0JIajQ3YkYzNm00b3pGUVR3?oc=5,"Fri, 18 Sep 2026 04:00:12 GMT",2026-09-20T09:08:44+09:00
GoogleNews:AI　買い物,AI　買い物,もうSNSの口コミは信じない？ 買い物の情報収集で「生成AIの信頼度」がSNSを上回る - Business Insider Japan,https://news.google.com/rss/articles/CBMiowFBVV95cUxNWGxiWUdBVG5NVzdjRURvTktpRFBWcUZ0dWIxUDRoY3dlVW5YN0FfdXdiSWNNQXd5b0Nra21MY0lYMW40d1lmSFdXZDBabEc5LWxYYk5TNFd2Y2VtUFpWNHY1bmM5RTQ5VjVFMUtFRnNJSURSajFTemxxOElTZHpfcllEZnZyZVI3NmlVUHZBZ2xxSm9HQldmZ2lzNDN4NzJOaWM4?oc=5,"Mon, 14 Sep 2026 21:30:00 GMT",2026-09-20T09:08:44+09:00
GoogleNews:AI　買い物,AI　買い物,買い物でAI検索を使う人は約7割に!ナレッジホールディングスが「買い物・お店選びにおけるAI検索の利用実態」調査結果を発表 - commercepick.com,https://news.google.com/rss/articles/CBMiV0FVX3lxTE5YcVlFT0Vzb2R4X2xwN2tTVEQzY2JHNjQtOGRtV1BFNllNTWFWTExvcGZZc083QnYtTTh2LW8xOTRISno5bnIycUI0WmowV1lQYnJtRmZDQQ?oc=5,"Thu, 17 Sep 2026 05:51:02 GMT",2026-09-20T09:08:44+09:00
GoogleNews:AI　買い物,AI　買い物,韓国KT、買い物・不動産・公共サービスをAIで接続…「みんなのAI」構想を公開 - AFPBB News,https://news.google.com/rss/articles/CBMiUkFVX3lxTFA4YTFKX1dhbzZXeFJJTm1SREx0VVpVbHFFdTVYVHZ3VkdWQVJ2S0RHeWpoMHNaMmh4ZlVkQVBFUVp1MHMwdmJiYVZJVVpYN2lxZGfSAVRBVV95cUxNNWNBQUJpOElHWG13RG93WHluenppVU1ZNzFIWld3RDgxbG9fZi1iS1pOaVlDYVd5NkRhUGVOWDR4U19zVUdselVhVHB2ZzJ0T3JYS3Q?oc=5,"Thu, 17 Sep 2026 02:34:35 GMT",2026-09-20T09:08:44+09:00
GoogleNews:AI　買い物,AI　買い物,米議員、買い物支援ＡＩ巡りアマゾン・ウォルマートの調査要請 - ニューズウィーク日本版,https://news.google.com/rss/articles/CBMiZ0FVX3lxTE1FdVF4d19kT3k3cGdydjhOelpxSlNRWDBidktRU3U0U1ZoX1IzWUstc1Y0dXg1X2t3NEpyQnJSM2xsTHM2bDVXYmpydEt4eW1KRlRTQWNKS0lkeUgyM0RjaEdCUFZFcE0?oc=5,"Fri, 18 Sep 2026 04:56:00 GMT",2026-09-20T09:08:44+09:00
GoogleNews:AI　買い物,AI　買い物,米議員、買い物支援ＡＩ巡りアマゾン・ウォルマートの調査要請 - ｄメニューニュース,https://news.google.com/rss/articles/CBMihwFBVV95cUxPbC1KcDZFSUZRd0ktUi1yMDZEMC1zSHVNMENaVkFXS29PQjQtSnZYWFZ5dzQ1UnFGZTJjXzhLZXBJZFVWZnRmQTduNHZUaDFMNVo1ZXF6aW9YLWRGdHprd3BCcVN1ZDBXU1E1ZkJKY04tR3czRGVaaUoxQzI2dWozeUc5QzNPdDTSAYcBQVVfeXFMT2wtSnA2RUlGUXdJLVItcjA2RDAtc0h1TTBDWlZBV0tvT0I0LUp2WFhWeXc0NVJxRmUyY184S2VwSWRVVmZ0ZkE3bjR2VGgxTDVaNWVxemlvWC1kRnR6a3dwQnFTdWQwV1NRNWZCSmNOLUd3M0RlWmlKMUMyNnVqM3lHOUMzT3Q0?oc=5,"Fri, 18 Sep 2026 04:56:00 GMT",2026-09-20T09:08:44+09:00
GoogleNews:AI　買い物,AI　買い物,買い物の前に「AIに聞く」が当たり前に？ 利用者の66.3％が比較検討 - DXマガジン,https://news.google.com/rss/articles/CBMiS0FVX3lxTE1BLUdYaFlTRUVXYkNTclRXWHVxRTNGNmxLRmtQVTlXMFMzcGpzMklGR1I0cVpBLXNKQk9ZZGlCQzM5U2F4Vi1DVXJndw?oc=5,"Thu, 17 Sep 2026 09:33:28 GMT",2026-09-20T09:08:44+09:00
GoogleNews:AI　買い物,AI　買い物,若者の過半数が買い物決済をAIに一任、エージェンティックコマースの現在地 - Forbes JAPAN,https://news.google.com/rss/articles/CBMiWkFVX3lxTE1UdGhxdUNva3VlS1pKZHJOMmppYTVkb1hsWDRKVG9odzY4RmZHSnNCUkdqNFR2Z2JGNmNfcGY4Z3hEeW5LVndGY24zYy1zbk5zX2RXVUlLQVhhdw?oc=5,"Tue, 25 Aug 2026 07:00:00 GMT",2026-09-20T09:08:44+09:00
GoogleNews:AI　買い物,AI　買い物,【独自調査】買い物・お店選びで「AI検索」を使う人はどれくらい？ 304人の検索行動を調査｜Infoseekニュース - Infoseek,https://news.google.com/rss/articles/CBMickFVX3lxTE1DaFc0eTVZa1BoQ2VycEgzNjVIZUJKbkxzTzNfX01iZVpDdWJmRlpGSDF1VjRFRzBENFpSc213QzNqSU00TW15YVZzejdhY1JiTWNpU1MzS3JzY0podmlkWHphRlZSNTluODVGS3k3YUlfUQ?oc=5,"Thu, 17 Sep 2026 01:15:26 GMT",2026-09-20T09:08:44+09:00
GoogleNews:AI　買い物,AI　買い物,韓国KT、買い物・不動産・公共サービスをAIで接続…「みんなのAI」構想を公開（KOREA WAVE） - news.yahoo.co.jp,https://news.google.com/rss/articles/CBMif0FVX3lxTFBjTU8yZWhDUzZ4UVV4RklkV21MNUlPNkd5NXAwMlVUaWZqdzNaTFZLNEV6TVZTenBYZkVQQTRDTlV5YmdPRGlFbm5CMEdnOUphUjZEWXVhRVZ6QU9DdTFmRnVoRm5TeFlqb2ItZmFnVjN2eGdXVkFzYlpoLXlrZmM?oc=5,"Thu, 17 Sep 2026 02:36:17 GMT",2026-09-20T09:08:44+09:00
GoogleNews:AI　買い物,AI　買い物,メタ、AIエージェント「Muse」原則無料で提供 買い物やメール代行 - 日本経済新聞,https://news.google.com/rss/articles/CBMibEFVX3lxTE9lVlY1OXJMWTdwLWtoTWRXdGFUaFh5WnA3Q0RZUUh2aFFlRlBfRXZPb0YzV2RmWkVTWldRV3YzX29DX0VMVkFXbXRodi1pYmMzeWVBSzA0S2JfRnJrNDEteU1GWTZSTHpYVjVGcQ?oc=5,"Wed, 09 Sep 2026 07:00:00 GMT",2026-09-20T09:08:44+09:00
GoogleNews:AI　買い物,AI　買い物,AIエージェントの「買い物習慣」は予測不可能だと判明 - Forbes JAPAN,https://news.google.com/rss/articles/CBMiWkFVX3lxTFBZQXZMZW1fQzdqRElLc3VYcHU2YmVNRHRBN01CM2pwRTBoN2cwLUNNcVowajgxbkpYbXV6V0FTcjdhekRPYkZEb0F4NUZhMmdKMVV1eHlBNnpqUQ?oc=5,"Sun, 13 Sep 2026 02:26:00 GMT",2026-09-20T09:08:44+09:00
GoogleNews:AI　買い物,AI　買い物,韓国KT、買い物・不動産・公共サービスをAIで接続…「みんなのAI」構想を公開 (KOREA WAVE) - news.yahoo.co.jp,https://news.google.com/rss/articles/CBMijgFBVV95cUxQVGtkeFdvYUxjRHZrQU5vZ0phM01EVnJIQmJZUDBkck9BV1lMeGNrWEMzUDlEZ0VWTW1YMF9MQ2Y0NUJlcjE0ck1leHhXS21jRGpGbXc5Yl9wczU2Y09xcHYtbzdHenZLenpMSVZLMTJiYjVRWkZJYUxoVVhPUXJFOGxxSkRyV2psY01MRDJR?oc=5,"Thu, 17 Sep 2026 02:36:17 GMT",2026-09-20T09:08:44+09:00
GoogleNews:AI　買い物,AI　買い物,花王や森永「AIに選ばれるサイト」に チャット経由の買い物増に対応 - 日本経済新聞,https://news.google.com/rss/articles/CBMibEFVX3lxTE5GM1ZCTEtiT01uMXhkWHBpSkxYenpDeGY1VGVRZ1FpdGZUTFNFd0I3M1RlZUd4dUdkSzk4SUZmcXl3cmpfSUpPemJPaEhUQ1ItRGVFYVFHSDRGSk4zOGFSZGtQaG5Tdzc1dk8zQg?oc=5,"Tue, 01 Sep 2026 07:00:00 GMT",2026-09-20T09:08:44+09:00
GoogleNews:AI　買い物,AI　買い物,ルミネの買い物体験が激変！AIカメラ診断とプロの提案で叶う“脱マンネリ” - DXマガジン,https://news.google.com/rss/articles/CBMiUEFVX3lxTE5tanNNVFhVYXZidFUzTXQ2MWNzVzRva2pGM0pZR09pTjZrTnVDMnc4dVFuLWVqWmRlUjlmR2dxRjdqQTVnam9rd1RuYzNudTY0?oc=5,"Tue, 15 Sep 2026 01:27:43 GMT",2026-09-20T09:08:44+09:00
GoogleNews:AI　買い物,AI　買い物,買い物時に「親友よりもAIを信じる」7割超──「エージェンティックコマース」時代に仕込みたい「3つの戦略」 - ITmedia,https://news.google.com/rss/articles/CBMickFVX3lxTFBiY2h0TEh4WF9tempsZ0ozdE0zMDV1QW9DTE13UFdhWlgxa05SMzRGNGZDUTZ0OVZyYURYMFpCcFRVa1NZQlUzQzVIbjZjcnN3ZUJfZ2tJNldQcTJYLVU2emlJRjBiZjlvTXJrcHM1dy1XUQ?oc=5,"Thu, 10 Sep 2026 07:00:00 GMT",2026-09-20T09:08:44+09:00
GoogleNews:AI　買い物,AI　買い物,Meta、パーソナルAIエージェント「Muse」発表 メール送信や買い物も代行（まずは米国で無料提供開始） - ITmedia,https://news.google.com/rss/articles/CBMiakFVX3lxTE1ud0ZoZS1YOXF4V0tDRXc0cld4WnJ0QldHVUZmeFQ0bU8tYko5dGdiaGF0aWxrTnpiWVVkSV9PeGcxdE95ZkRJM0xmYzVlS1l5THZTVkRMRVlraTVueUswZ1hWeEVhYURrS1E?oc=5,"Wed, 09 Sep 2026 07:00:00 GMT",2026-09-20T09:08:44+09:00
GoogleNews:AI　買い物,AI　買い物,メタのAIエージェント、無料で買い物や予約代行－「Muse」提供を開始 - Bloomberg,https://news.google.com/rss/articles/CBMid0FVX3lxTFBxR3BRZ2trS2pIc3RDUWQ0X0tKUVoyaE5leDdISTlESmEwUmdGdjZHX3dwbmhOaUlMUzFfSVhsN1FYVU0zci1Ld29xVU9Bc1c0dXRBUGpCZU1FOVBsbDB6SHhjSTZscnZ3TDVJeEc1Q0tlQkE1LUtR?oc=5,"Tue, 08 Sep 2026 07:00:00 GMT",2026-09-20T09:08:44+09:00
GoogleNews:AI　買い物,AI　買い物,「AIに買い物相談する」4割、タイパ実感75% 50代は検索より重視 - 日本経済新聞,https://news.google.com/rss/articles/CBMibEFVX3lxTFBWdnd2MWkxVkhwRmUyR1JhX0YtTHdWVFZxOHRRdGdWdldSUDVQVjFKT3lkYnVsTGVfcFFIRloxeGRVUlRUenprYVJTd1FDeTdQUG1kM1lJeG9qbTJLeFBFQUhQT2VEblJzR0tvXw?oc=5,"Sat, 22 Aug 2026 07:00:00 GMT",2026-09-20T09:08:44+09:00
GoogleNews:AI　買い物,AI　買い物,米議員、買い物支援ＡＩ巡りアマゾン・ウォルマートの調査要請｜Infoseekニュース - Infoseek,https://news.google.com/rss/articles/CBMibkFVX3lxTE9IRWd3UkdpR19UdnFSZVU0VHFZVE5IMjg2Vi1aTkxjV01xNTN4R2JkX1Q3NUtjcmxMXzBCV2d2Y1VadHR6a0NUaUJFaEhYR2hSMGxhWGZfVHZiRGJHN3NDZzlIT2J0LUFLbHJkY2tR?oc=5,"Fri, 18 Sep 2026 04:56:16 GMT",2026-09-20T09:08:44+09:00
GoogleNews:AI　買い物,AI　買い物,買い物エージェントが迫るECサイト淘汰 生き残りのカギ握る「LLMO」 - 日本経済新聞,https://news.google.com/rss/articles/CBMibEFVX3lxTFAtR1FWZkZHX3NlanRJOTJBQS1Sal84d2JPSzZQZ1hNMklIdW9FM0N5NUlBYm5EVkdTQVlNaFA2bXZaY1l1RjA4UFhaX3Y0bmFCbC1Gc1ZJMkdqQ1FrN1Q5RHdaVHhaVE5MU2gwVQ?oc=5,"Tue, 25 Aug 2026 07:00:00 GMT",2026-09-20T09:08:44+09:00
GoogleNews:AI　買い物,AI　買い物,ＡＩがネットの買い物やメール送信を代行、メタが米国で新サービスの提供開始 - 読売新聞,https://news.google.com/rss/articles/CBMiZEFVX3lxTE92UjI5Tk1jR2pHeTlzM3drcWpONl82akJ3Vk91b1ZCeVB3UGEyd3VkY2xBbWNZRnNkZVNNSzRRS1pkczlaVVV4X04xM2pBS3lpaUhFTVRjWTY3cmFpQWQxdVV6VEE?oc=5,"Wed, 09 Sep 2026 07:00:00 GMT",2026-09-20T09:08:44+09:00
GoogleNews:AI　買い物,AI　買い物,Meta、パーソナルAIエージェント「Muse」を発表。メール送信や買い物、旅行予約までAIが代行 - corriente.jp,https://news.google.com/rss/articles/CBMiXkFVX3lxTE11WVdUbFU5UllqZ21ZWGFER3lQSm9kWEs1UjhLcUZXMVlhbllBWlFyWUQtUzB2LWxzd1RCc05zUzgwVlpURlRQMHRtS3NMSkFuWTZ5d3V6ZE5HUGFMYkHSAWNBVV95cUxQdllnbTlXRDFLOUJjSWNzUDd6dVhubThGbjVqTnFRaGZtZVhFcl9DbTdnQmVDUGJDeHd2ZGRrNTd0d3J1V0dWTWp1RTFjSW5CbjBtWTlfeEpXXzNCZkZNYWRhV3M?oc=5,"Mon, 14 Sep 2026 07:33:45 GMT",2026-09-20T09:08:44+09:00
GoogleNews:AI　買い物,AI　買い物,「調べもの」はAIに任せても、「大きな買い物・お金の使い道」は自分で決めたい。40代女性300人に聞く生成AIとの付き合い方【GLAM調査】 - PR TIMES,https://news.google.com/rss/articles/CBMiakFVX3lxTE16bmF1MG9RU3J2Y1pXUFJoUUFyWVZ3bE5pekZzMldJS002bWhMTm9yQVFWZ2Zma0FpRnNqUTJMWXVLWUw5UC1LUklKSDRPZGlkSkt5aUhIVHJzQjRkWnJvc3VlT2J3TWtIWnc?oc=5,"Fri, 11 Sep 2026 06:00:02 GMT",2026-09-20T09:08:44+09:00
GoogleNews:AI　買い物,AI　買い物,Metaの個人向けAIエージェント「Muse」登場、買い物やメール返信を自律的に代行 - news.yahoo.co.jp,https://news.google.com/rss/articles/CBMif0FVX3lxTE42MmpMc1RCaFZwSUpQRmhoSE5PXy0yYi03SFpPb2c1a3VMbjRpa3ExOUNxNWR5aFdBU284Qm1QdWFLZC1EZTNNX0FYcVVvZGk2SVhVcE1sWmcwRURjVDIzQ3VNWFJ6cXNkcjJmMmlyOVoteE9KdmNWX2ozTU1mQzg?oc=5,"Wed, 09 Sep 2026 07:00:00 GMT",2026-09-20T09:08:44+09:00
GoogleNews:AI　買い物,AI　買い物,メタのAIエージェント、無料で買い物や予約代行－「Muse」提供を開始 - TBS NEWS DIG,https://news.google.com/rss/articles/CBMiZ0FVX3lxTFBrLWwyNWJ3ZVN4TzBUQWVnaXl2NDJqMzZyVGRrRjZWWHZXM01QY3p3SHEtTHlyUTllWFEwVGhCWUFoRXpUdnduNUJyUjhFZDdqajY5VTZoTVFpYmNPNWFzM19nZ09yam8?oc=5,"Wed, 09 Sep 2026 00:07:00 GMT",2026-09-20T09:08:44+09:00
GoogleNews:AI　買い物,AI　買い物,Z世代の54.3％が「買い物に生成AI」 でも最も信頼する情報源はAIではなかった - DXマガジン,https://news.google.com/rss/articles/CBMiTEFVX3lxTE1MUC1IYzZDZVJDZHRNRW1jcUpPUVdaRTVZYzN6U2hzY3lMVkJVVjN4b0ZNLUtfMUVkb1I0NWxGTk12c0dNeklTVE5JU1Y?oc=5,"Sun, 13 Sep 2026 10:54:35 GMT",2026-09-20T09:08:44+09:00
GoogleNews:AI　買い物,AI　買い物,便利なはずのAIが『買い物疲れ』の原因にも…？約6割が体験する新時代のストレスとは | フロンティア株式会社のプレスリリース - PR TIMES,https://news.google.com/rss/articles/CBMiakFVX3lxTE52ekdXdHl2N0RCeWc4WE9HbFdDZkJVQy1FYnRsaFZpWF9MTUt4U1VBazVBZE0yZ3duV01yN1hOMW0ybTVmRDhUSE9ub1ZGWkloVFBISThfS2piUmItd1JOblg4WGZoaUh0ZVE?oc=5,"Tue, 08 Sep 2026 07:00:00 GMT",2026-09-20T09:08:44+09:00
GoogleNews:AI　買い物,AI　買い物,メタのAIエージェント、無料で買い物や予約代行－「Muse」提供を開始（Bloomberg） - news.yahoo.co.jp,https://news.google.com/rss/articles/CBMif0FVX3lxTE9pODNhN3gxV1lPTHRYaDA5NkFOdXI5dTNTbXQ4ZXJRVjRFbU1GU2thM2h0M3QwQUl0ekNONmZfemU0UnhEdnBZdlJOalR0UTJKVUxXSmFaSTRFSnVaLWhfLTlvTUJldXJpZlFZR2FlZXY5c3RlN3RFdzZPZTA5aXc?oc=5,"Wed, 09 Sep 2026 07:00:00 GMT",2026-09-20T09:08:44+09:00
GoogleNews:AI　買い物,AI　買い物,Meta、パーソナルAIエージェント『Muse』発表 メール送信や買い物も代行、米国で提供開始 - Ledge.ai,https://news.google.com/rss/articles/CBMiY0FVX3lxTE0tMmZyTWQtVWNKdWZtN21hVUpVa2lncW5EaDl3aXlBVjROYWR2V2I1TGp5VUhQODN4V1h4SWxWTGFNWEp4Tm5ycWNfUm1rWDhoWkFrNUUwV0txYVFScW5faXF2Zw?oc=5,"Thu, 10 Sep 2026 07:00:00 GMT",2026-09-20T09:08:44+09:00
GoogleNews:AI　買い物,AI　買い物,Metaの個人向けAIエージェント「Muse」登場、買い物やメール返信を自律的に代行 - news.yahoo.co.jp,https://news.google.com/rss/articles/CBMijgFBVV95cUxPRGxLWFZPNGNjOTg5akhlVXJoRlhoUDFjS2NtM3dta2pLM0JxRnBXWFRVQ0d4QnNuM1ptOXZpb2F2NnBaMVhXU3FWbi1BMUhNYkc3cWxsUEpjZDhXaGc1VWlFX194X1ZJRDlEMTdpc3VUUmZvR3pOcDlsWng4c3NRX2g5MVNQcnp0Y0htWmNR?oc=5,"Wed, 09 Sep 2026 00:01:00 GMT",2026-09-20T09:08:44+09:00
GoogleNews:AI　買い物,AI　買い物,49%がAIの買物代行に抵抗なし 1万6000人調査で判明「5つの生活者変化」 - xtrend.nikkei.com,https://news.google.com/rss/articles/CBMiZkFVX3lxTE5Hc3dwWVctOHJCYmt4SWJGOHU3T0lwU2xjbGJldkY0cVd1UGlScDhfUkZuMjI1Zk9sYmRLYnFWa0VwdjlUOXhMa29fTXdJdW5fQncwOUd4RW0zeUd4OHg5dWZ4bU9hQQ?oc=5,"Thu, 03 Sep 2026 07:00:00 GMT",2026-09-20T09:08:44+09:00
GoogleNews:AI　買い物,AI　買い物,Metaの個人向けAIエージェント「Muse」登場、買い物やメール返信を自律的に代行 - japan.cnet.com,https://news.google.com/rss/articles/CBMiUkFVX3lxTE1UeEFvcXdNNFYtdDVlRG9NSjdJcFBTMHpyT3dPOU90RFNZLVdZOEJoaUUzME9WWTdTUjRFNVlScDhvNFBOZ1RqUjg5VUtqaUJybHc?oc=5,"Wed, 09 Sep 2026 00:01:00 GMT",2026-09-20T09:08:44+09:00
GoogleNews:AI　買い物,AI　買い物,「AI経由の買い物客」は非AIよりもCVRは6割、購買力は53%高い。アパレル・家電・化粧品が「AIフレンドリー」な理由【最新AI関連データ】（ネットショップ担当者フォーラム） - news.yahoo.co.jp,https://news.google.com/rss/articles/CBMif0FVX3lxTE1LOTBVVXV0UUJTSlFETFQzcllkdnBPcTRTVkxWTGI5RjVrLXE1X2M0QkRCR0JKRW9BcUVGbTktUVVETHZyUzhDNnEwUzVRZUxFQV9nSXJhWjZBN2FKSG5LY0Q1Mnp4UHpIb3dlQy1PUkdBU2dteFliVkluTEdiNnc?oc=5,"Thu, 27 Aug 2026 07:00:00 GMT",2026-09-20T09:08:44+09:00
GoogleNews:AI　買い物,AI　買い物,検索も買い物もAI任せになる時代へ…ChatGPTをEUが規制する背景、Visa・MastercardはAIの“身元確認” - ｄメニューニュース,https://news.google.com/rss/articles/CBMickFVX3lxTE9OUFZ0OS1DQXFVZzJ6dk1EZTFTX2hWM2ZnMWdMSGJGLUl4X1Z0Y0NleXRqQ2hfbXdYUi1UY3RsdmRzRjN4LXlMX2dJQU1oaVU5alFEQVUzQUE1VHh4MEZabzUtZ0VmWHEydDE1aVZmRTdYQdIBd0FVX3lxTE9JZkY2WUMxNFA5NHg5SlJGVWhmbmFmYkFzakoxQVF6dmRtbEs5UVNBa3ltcVNCRk5xcGNONnlnTUpHZ1Q1a1F4WEpiOWJHNEFFT1VFYXI1WnFkM1BRTFZhRXhYN1FyVXZNTEVSNF9FNUd1U0lVMW5V?oc=5,"Sat, 12 Sep 2026 08:05:00 GMT",2026-09-20T09:08:44+09:00
GoogleNews:AI　買い物,AI　買い物,検索も買い物もAI任せになる時代へ…ChatGPTをEUが規制する背景、Visa・MastercardはAIの“身元確認” - Infoseek,https://news.google.com/rss/articles/CBMiZEFVX3lxTFBCU2FRWjlTMTdwQmc3VTVtcTZqaktGUVRUWEtJbExLMURobW45Ri1oOGRWSm5Qb0RuMXVvelJMa0UyMWR1ZGZteENMbjA3RXRzbEh0Z3RPQUZVaUZJeERPdlFnVG4?oc=5,"Sat, 12 Sep 2026 08:05:00 GMT",2026-09-20T09:08:44+09:00
GoogleNews:AI　買い物,AI　買い物,【Yahoo!ショッピング】生成AIを活用した「AIおまかせコーディネート」を一部ストアで先行提供開始 - PR TIMES,https://news.google.com/rss/articles/CBMiakFVX3lxTE1BTzFXb0dJYjJ2cHdWSHd4RE1GVzVYSE1Yd2lPWExzVmhuaS0wRnJYWFNDYmNQdGtqTGo3M01zVzI4NEVaUnA5aXhrWVdGSUpSTmI5WXU2MG9nNUpPYVR2ZTlYQXR0VURIeWc?oc=5,"Wed, 02 Sep 2026 07:00:00 GMT",2026-09-20T09:08:44+09:00
GoogleNews:AI　買い物,AI　買い物,Naver、AIショッピングエージェントの配送連動推薦を強化 到着予定日を反映 - 디지털투데이,https://news.google.com/rss/articles/CBMi0AFBVV95cUxPb0d2RTU4LVJTamEyTGw4czI4MWxTdHhlRGluUURPYnRMdUZodDRFWGg5eUprSjBTZ1FTclBfVXRnWWtCYkFjOFd4ZFY2bFlmek9qYzhUeHpfVEVrX01mZmswVVRkYkxJYmV4ZFk2Z3o5SnRmaHZuSk9mOGNVVzctODZmNHFjbXN0cWg0ZHJDUlhJZURXOHViYWMwc0NOdEVnTkVGMVlLdkJ2blZGNlI4Y0JydXo1WVB0U2Y3RkxXUV9rZC00MTJtZHZSVnN3UnpN?oc=5,"Thu, 17 Sep 2026 00:37:15 GMT",2026-09-20T09:08:44+09:00
GoogleNews:AI　買い物,AI　買い物,PRESS | CLASSY.[クラッシィ] - CLASSY.[クラッシィ],https://news.google.com/rss/articles/CBMiV0FVX3lxTE83SGh1MkU1NWN4VHJVWThUYWw2aElwVlR1a05BUGpGSlE1OVZaS1M4UThSOHkta0NpdVE0UEFTQXR2NjZhdExMbzB1Y1JQZ3FINGZITFJXNA?oc=5,"Mon, 07 Sep 2026 19:59:14 GMT",2026-09-20T09:08:44+09:00
GoogleNews:AI　買い物,AI　買い物,米メタ、個人向け自律型AI「ミューズ」の提供を米国で開始　買い物や飲食の手配など複雑な作業も代行 - サンスポ,https://news.google.com/rss/articles/CBMidkFVX3lxTE12aGs2VTNUTkpXRzVJMWFOX2JPSlZ1TkhOcTc3LWlKQ09ScFNjc24xOFJWLVg3Q3VYN2xwbmlPaG5GSEJDMk5hRXVKdEZrdFBFLUxUWGxuZUJ6VEhJU2YwMExmT05uZzJSOHZqejFNRUhNUUNkcUHSAYoBQVVfeXFMTUJYVE0xVjJWRUNNcC1Sdkc3TXI3dzBNb2tkZWI2ZnZKWk5YbVRYQzdKS0F0LTlEakMtSEVSOExvN3ZHMC0xMVN4LUthbTU4d3JMSWxsZTVxLXdVa01jMTFsdWxSUXNOTWZRaUxmLU9PQU9ia3RQVW9aZ3JVRlBCRU1RNEQ5NTZoMmpR?oc=5,"Wed, 09 Sep 2026 07:00:00 GMT",2026-09-20T09:08:44+09:00
GoogleNews:AI　買い物,AI　買い物,約3人に1人が「AIに買い物を相談」 最も多く利用するシーンは？ - ITmedia,https://news.google.com/rss/articles/CBMickFVX3lxTFA2dUpzVGMyR3Njc2lpWFVwSmwzSlV4bWR4eXo3MmZISU9IS2p5SmdXN1ppYVNvUGVrTFdHS19tYk4tbUE4emVrd2d6bmM2MWtQMlFNU1lFZGRYLTNVTnk1dWRraEVzMHMyQ21ibjdtYk1SQQ?oc=5,"Mon, 27 Jul 2026 07:00:00 GMT",2026-09-20T09:08:44+09:00
GoogleNews:AI　買い物,AI　買い物,「AI経由の買い物客」は非AIよりもCVRは6割、購買力は53%高い。アパレル・家電・化粧品が「AIフレンドリー」な理由【最新AI関連データ】 (ネットショップ担当者フォーラム) - news.yahoo.co.jp,https://news.google.com/rss/articles/CBMijgFBVV95cUxNbFFuWk9falhoUEMxTXp2U3hWcG5MRGd1emxkdWRtMXBBcURVeThDSnhxc1c0b184cHQwT0ZjaDNDcWF0d2xDVjVKSTVGd25iX3ZaaG1CSmpMQmxHVkN3V1FXbTVqRnBaSTBocXhCREk0QU91Z0xLSHhGWFh0YXlzN19tRGVCRy1Da2k5TExn?oc=5,"Thu, 27 Aug 2026 07:00:00 GMT",2026-09-20T09:08:44+09:00
GoogleNews:AI　買い物,AI　買い物,DNP、AI買い物代行での不正購入防ぐ 個人IDとひも付け管理 - 日本経済新聞,https://news.google.com/rss/articles/CBMibEFVX3lxTFBadTJwaGVzdUJIWFJUOTJWN0NmYTZpSjFwb0k5RzJEemlTdU9NU2E5UXIxVHRrSG1ONlBHNmtBd004Vm9EN2VielhmRjJwX2JIaFZuRTB6SGZyMUJjRkFJaVJDaVA1VW1GTHU0Tg?oc=5,"Thu, 23 Jul 2026 07:00:00 GMT",2026-09-20T09:08:44+09:00
GoogleNews:AI　買い物,AI　買い物,「調べもの」はAIに任せても、「大きな買い物・お金の使い道」は自分で決めたい。40代女性300人に聞く生成AIとの付き合い方【GLAM調査】 - higashiosaka.keizai.biz,https://news.google.com/rss/articles/CBMiW0FVX3lxTE1ZUmpGcVZwTDE3NFZxVzNIUXJpeGdGVTB5bHM2dDg1R0hMTU9KSUFKSHVqc1F2MW1teGw3Sl9uUFZzQWtaT3lnNVoySEE4TnJWd0IybHVUanhWa1E?oc=5,"Fri, 11 Sep 2026 07:20:27 GMT",2026-09-20T09:08:44+09:00
GoogleNews:AI　買い物,AI　買い物,Meta「Muse」登場、AIがメールや買い物まで実行する時代へ - DXマガジン,https://news.google.com/rss/articles/CBMiUkFVX3lxTE84UndTTHp2dWU2LXhOQVpTR0JjQkdRV0JBNWpVbHEwS0VIbkR0ZkFYOG5SY1UtWUJkMTloSDNuR1FLWWJxb0hISXItSURCM1l0NGc?oc=5,"Wed, 09 Sep 2026 07:00:00 GMT",2026-09-20T09:08:44+09:00
GoogleNews:AI　買い物,AI　買い物,Instacartが生成AIアシスタントを発表、商品探しから買い物計画まで支援 | ウクライナニュース - #Mezha - mezha.net,https://news.google.com/rss/articles/CBMic0FVX3lxTE5YbW5JWEoya2NzU25mNGRROHJFVEJ3dWExQ2ZRVGJsdGRhSXZYbkg4ZzlZZTNtZnJ5aE84MzIzUTkzWVFmSGtOa1RjZjNzY2ZFQWczdXFVaF9rQnF1RFRwN09FVEVJM18tNFNqSGhubTdKTzA?oc=5,"Wed, 09 Sep 2026 14:39:02 GMT",2026-09-20T09:08:44+09:00
GoogleNews:AI　買い物,AI　買い物,便利なはずのAIが『買い物疲れ』の原因にも…？約6割が体験する新時代のストレスとは - AGARA 紀伊民報,https://news.google.com/rss/articles/CBMiT0FVX3lxTE5VQmRueDQ2RmNKMGdzYmt3MzVKcmlYVWpVVkZVa0o4dmM5UDdHT2hjV1l6djJBb3VfRm1rTU9DY0hsS2ZMemI0RFRqVWk1OXc?oc=5,"Tue, 08 Sep 2026 07:00:00 GMT",2026-09-20T09:08:44+09:00
GoogleNews:AI　買い物,AI　買い物,Yahoo!ショッピング、AI経由の購入が2割 商品選びに伴走 - 日本経済新聞,https://news.google.com/rss/articles/CBMibEFVX3lxTFAxOHpfdFZlSVlSUjdRT21ZalY2R19SM25YNENFeVZZU3FoV0R0Y0lySnVoalVpYU52eFpOTGVmV3dKc2pWcXo4ZlZ0UGs4UEpTMmFBcHA1S1NVYk8ydkd0OFRoTVgzWXRhMklIZA?oc=5,"Tue, 18 Aug 2026 07:00:00 GMT",2026-09-20T09:08:44+09:00
GoogleNews:AI　買い物,AI　買い物,Yahoo!ショッピング、9月11日から13日は誰でも最大21％戻ってくる「爆買ウルトラSALE」を本日から開催 - lycorp.co.jp,https://news.google.com/rss/articles/CBMiXEFVX3lxTE51WjllXzVXMTMzV2ZVMFRRdGNhRW9rZVRFSThidGUzRmRySUFuN3l0bkdWeU53UXdLZ1NQa0tTSXc3akprcGlPRV9EdVNHNXVfdnJfTFh5U21NNm1t?oc=5,"Wed, 26 Aug 2026 07:00:00 GMT",2026-09-20T09:08:44+09:00
GoogleNews:AI　買い物,AI　買い物,「買って大丈夫？」に、AIが5分で根拠付きの答えを出すお買い物決断アシスタント「アレコレ」正式リリース - CLASSY.[クラッシィ],https://news.google.com/rss/articles/CBMiV0FVX3lxTE5lY19feTlzYzgzR1d2TFptV090UURDQUNXdmRNMGRYWG5CZ3BWMWxZdDBPR2dmOFdpTEVuZWRHak14dDdHLS1uN2xhdVczVmtWS1VKdks3RQ?oc=5,"Fri, 11 Sep 2026 06:33:30 GMT",2026-09-20T09:08:44+09:00
GoogleNews:AI　買い物,AI　買い物,「あなたはAIエージェントに買い物を任せたいですか」 Visaが調査--消費者の回答は - japan.cnet.com,https://news.google.com/rss/articles/CBMiUkFVX3lxTFB2OGxrNnZiSGZqWXhXQUdMOWd6TFhqUjFVRXN1ZW8zekJWc2tNYkhJcHlFR3pLSUV4a0pHUnhUM05fOE5QMWNGampaSHY4QXIyV1E?oc=5,"Mon, 17 Aug 2026 07:00:00 GMT",2026-09-20T09:08:44+09:00
GoogleNews:AI　買い物,AI　買い物,AIエージェントで「買う」と「売る」はどう変わる？ Yahoo!ショッピングが目指す新たな買い物体験｜LINEヤフー株式会社 - lycorp.co.jp,https://news.google.com/rss/articles/CBMibkFVX3lxTE1hSm9kczFEQWJjajlwR0NreXN6djhHaHFpM3VnbjZualNwelhUNndKN1daZld2Sjd1eTJoYmlYR0FsbzZIQ2Q3YkFPTDJEUHN6WjJGMGx5eEl1SlM3eWdTNGhkd2xyWXMzckQtOS1n?oc=5,"Thu, 20 Aug 2026 00:50:00 GMT",2026-09-20T09:08:44+09:00
GoogleNews:AI　買い物,AI　買い物,Metaの個人向けAIエージェント「Muse」登場、買い物やメール返信を自律的に代行 - au Webポータル,https://news.google.com/rss/articles/CBMieEFVX3lxTE5yUjZkVG81OU9DLWFIVkE5d1NlSlRPXzNUZWNTb0U0cTNSNGhoSzZsLWRQWUF2bTZRREdkZGpfNUg2ODliR3lhM2tzbW1SSDBld1FhX1Q1ZEcwdnp0YTBTbzBvQTd3clhMdlJJeXhYWFVwalFZZHFnRg?oc=5,"Wed, 09 Sep 2026 07:00:00 GMT",2026-09-20T09:08:44+09:00
GoogleNews:AI　買い物,AI　買い物,2030年までにAIショッピング・エージェントがeコマースの約4分の1を占める可能性を示唆【A.T. カーニー】 - PR TIMES,https://news.google.com/rss/articles/CBMiakFVX3lxTE44TWFCNlI4eTZVVGhKQU91RHBZdXk5NV9yeUpSOGtWSWtRNkhwLUUxVDc2MldObEJtaWVJNFg3eDZacHhjUDA5aG9jLW95MjNHYnVsTjROd2NHR3lwQ0pXZVdUVGJCR0FyWnc?oc=5,"Fri, 21 Aug 2026 07:00:00 GMT",2026-09-20T09:08:44+09:00
GoogleNews:AI　情報検索,AI　情報検索,対話型人工知能(AI)を単純な情報検索ツールではなく、悩みを打ち明ける対話相手として活用する人が増えている。 AI利用者10人のうち6人近くが個人的な悩みや感情をAIに話してみた経験があることが分かっ.. - 매일경제,https://news.google.com/rss/articles/CBMiUkFVX3lxTE9saXJOMV9hTk5McDlWenRWbjRMRnpYbE9ldGpvUjR5YWgwMDdONlBZYlZtTG9Ya2hYOGY4V2NuTlg3MkROVlA0OU9EV3dSUTJockE?oc=5,"Fri, 18 Sep 2026 12:26:44 GMT",2026-09-20T09:08:46+09:00
GoogleNews:AI　情報検索,AI　情報検索,Z世代500人に聞いた生成AIの利用目的、3位悩み相談、2位趣味に関する情報検索、1位は？ - @DIME アットダイム,https://news.google.com/rss/articles/CBMiREFVX3lxTFA5Yk00M2xKZnRyN25iNnlvQmdUTzJEUVBzOVlNZm5ZV2VOWXkxLVZxVnE5TWgyT21Sc2RxMnR0V01HYUlv?oc=5,"Mon, 14 Sep 2026 04:00:30 GMT",2026-09-20T09:08:46+09:00
GoogleNews:AI　情報検索,AI　情報検索,Z世代、商品購入で生成AIは「比較検討する商品を絞るとき」に44%が利用。ただ、情報源でも最も信頼するのは「検索エンジン」が断トツ - ネットショップ担当者フォーラム,https://news.google.com/rss/articles/CBMiXEFVX3lxTE1fVjFGbWtmVl9COVNQTFg4YlFzMWJUSmd2YjRFNXhjZnd0WUQ4cWRoQkxISkdDYkNDMTVrTU8zUGVYcWxPS1Njb2ZXSEpZT3ZsN1FUX0U0OHVBMTIt?oc=5,"Mon, 07 Sep 2026 01:00:00 GMT",2026-09-20T09:08:46+09:00
GoogleNews:AI　情報検索,AI　情報検索,Z世代、商品購入で生成AIは「比較検討する商品を絞るとき」に44%が利用。ただ、情報源でも最も信頼するのは「検索エンジン」が断トツ (ネットショップ担当者フォーラム) - news.yahoo.co.jp,https://news.google.com/rss/articles/CBMijgFBVV95cUxPWmtGd1g5bGNYZjlKdGg2Rk5TOTZ3WTlPVlhLTHJLX3ZpMWxfeU1nbVlJUFJqa2p0UTl1NGltU3R2SzlyYWlrMTloTGdWb2Fxd2ZreGQxNGtsNWRWdlJBN3lqcDd3dklCZ0ROSTZyckFoRTNXRm5uclFKWkNpc1oyWTMwdTlSRGRsY1VNQURn?oc=5,"Mon, 07 Sep 2026 07:00:00 GMT",2026-09-20T09:08:46+09:00
GoogleNews:AI　情報検索,AI　情報検索,企業内検索基盤「活文」最新版、MCPに対応--AIエージェントに信頼性の高い情報を提供 - ZDNET Japan,https://news.google.com/rss/articles/CBMiU0FVX3lxTFBYN25rZldTNTB1MXpqamNVd1QtSG9pNzBGTFBWNENwX1V0ZGFjX2toZWNmU0xoZVJ1ZXRTbG1MeENGVVE4bDBiWGwyUE9vWkpPcU9R?oc=5,"Tue, 08 Sep 2026 07:40:00 GMT",2026-09-20T09:08:46+09:00
GoogleNews:AI　情報検索,AI　情報検索,技術情報検索時間を20分の1にする生成AIアプリ、開発の工夫と体制とは？：モノづくり総合版メルマガ 編集後記 - MONOist,https://news.google.com/rss/articles/CBMib0FVX3lxTE81U2hoSlVLQS1GYzIwU20yR1hyVUdncnRidXVTQVd1TXZ1a19YdjVOY2VxaEVCODBGLTJ4bHZLVS1ZdDk5OWwzcE9IQkMtOVhNaHhhZUlDN2VOcGFkNHRrNi12XzdmYzZWMG9MWHNJUQ?oc=5,"Thu, 14 May 2026 07:00:00 GMT",2026-09-20T09:08:46+09:00
GoogleNews:AI　情報検索,AI　情報検索,AI開示情報検索サービス（J-LENS）（β版）のリリースについて | 日本取引所グループ - jpx.co.jp,https://news.google.com/rss/articles/CBMifEFVX3lxTE1EX3FyUzRwUkN6ZFpsV05Edm9lQnpIOWNHZFdGX19xT3NfUEpwRDZEczNHbGFvc1djU3p2eGE1SDU2ZWlCNXRiU3NkaWlKT3dLa0Z2ZnBGaEVVdDFyNFpjZjFtM3dPV1FZWmVINzJ3eVZMbXZsQ3JFZFUxeXI?oc=5,"Tue, 09 Dec 2025 08:00:00 GMT",2026-09-20T09:08:46+09:00
GoogleNews:AI　情報検索,AI　情報検索,AIで情報検索すると従来のウェブ検索に比べて身につく知識が減る可能性がある - GIGAZINE,https://news.google.com/rss/articles/CBMifEFVX3lxTFAyMWtPdmNyS2NWVm54eE9FRHVFU2dzTm9hVUdNaVhySnU1VVBKZ01zb1ZBV1JsRDNfRkJwTmotNUVlZVlydzhHQ0tUMkw0b2oxdkRCS0pYb2JpMTJ5UnFlaWhfZ2dEYVZDcjFoTGFqekVRdnVfM29hSlAzMXY?oc=5,"Sun, 08 Feb 2026 08:00:00 GMT",2026-09-20T09:08:46+09:00
GoogleNews:AI　情報検索,AI　情報検索,佐賀県内企業「AI活用」8割 佐賀新聞社調査 用途は文書作成8割、情報検索、分析に6割 「作業時間大幅短縮」の回答も - 佐賀新聞,https://news.google.com/rss/articles/CBMiVkFVX3lxTFB4eEZXanVPUmNkSnV6WDktaEI0d1J5bWFiUkNldkxRZVN3RHNtUVd3TVI2R09CZnhPbVZVN2ZVUFFncHNxUDFWd1FXb3FSeXdyaGpXVkdB?oc=5,"Wed, 09 Sep 2026 22:33:30 GMT",2026-09-20T09:08:46+09:00
GoogleNews:AI　情報検索,AI　情報検索,医師の調べ物に役立つAI検索ツール、何ができる？ どう使い分ける？ - 日経メディカル,https://news.google.com/rss/articles/CBMif0FVX3lxTE1McnpneGhtSEVyMk9qaDAzSThMbDM5UUNiMVdwZVFaWHAwc2Mzb0hVOWZrelEtODl2UXl0MlQyd0FuSUdWQmJoLWFaeGFOQVVGdzhDQjZIZGktRXJVc05oM1phRDJvdFNWMUs3eUNhaEs0XzVGSkk1R3RSMXI4Ymc?oc=5,"Wed, 11 Mar 2026 07:00:00 GMT",2026-09-20T09:08:46+09:00
GoogleNews:AI　情報検索,AI　情報検索,"きらやか銀行、行内の情報検索基盤に「Helpfeel」を導入 10,000ページの規程や通達をAIで瞬時に検索・照会可能に - PR TIMES",https://news.google.com/rss/articles/CBMiakFVX3lxTFB1NTQ5QWRPdHNkSGtIWHVVbXdrWjlTR0s2RzBqZjl4VmlFVDFoeV9OVC0ySjNSbF82ZC0wUUVDb1JRalZzLXZHb2NkQjBnWmhBQ2xTNTdqeVpyUGRsUHNuSGNfTXdIWmU4ZEE?oc=5,"Tue, 30 Jun 2026 07:00:00 GMT",2026-09-20T09:08:46+09:00
GoogleNews:AI　情報検索,AI　情報検索,テスラ、日本でEVに対話型AI「Grok」 走行中の情報検索しやすく - 日本経済新聞,https://news.google.com/rss/articles/CBMibEFVX3lxTE05akFjT0VVMURDSWI1ZmxKQzZaNmNzVDF1OEJnWXo0NXAxXzh0VnZKdDFVblJHRDdvZ25kWlNGRldpNmpRaUpWYVEwYlVKQzhwUEdmZjBUazFMVkFSY2JUNXp5eXJiS3V2T0hCQQ?oc=5,"Fri, 10 Jul 2026 07:00:00 GMT",2026-09-20T09:08:46+09:00
GoogleNews:AI　情報検索,AI　情報検索,【活用5選】グーグルの「AI検索」が手放せなくなってきた - newspicks.com,https://news.google.com/rss/articles/CBMiU0FVX3lxTE9WQXdWWkdsMVRrRkhaek1EbzFzb2JfTXp6clBiSVl1NnJrakc1VW1OVVpNeElFd0NQbndnMENlWkFMdW5KalF5YkliV3I2UUs1QnhR?oc=5,"Sun, 17 May 2026 07:00:00 GMT",2026-09-20T09:08:46+09:00
GoogleNews:AI　情報検索,AI　情報検索,AIが情報を大量生産する時代に最も希少で価値のあるものとは？検索トラフィックが半減しても生き残るコンテンツ 【生成AI事件簿】ロイターのAI戦略に見る企業におけるAI活用の本質、AIは“速い“が信頼を作り出すのは人間の役割(1/5) - JBpress,https://news.google.com/rss/articles/CBMiVkFVX3lxTE1ta1AzM056MFlrbC1CV0FDLWZhaW54Z0tNMjVzT3JEdVFiXzlhOGw1LTg3akpPR1hoa1JlQkxRWGZfWlFJeTZYdXk0aVpuaXNkZkY4cndB?oc=5,"Tue, 07 Apr 2026 07:00:00 GMT",2026-09-20T09:08:46+09:00
GoogleNews:AI　情報検索,AI　情報検索,横浜ゴムがRAGを活用した生成AIシステムを開発 タイヤ開発の意思決定を高度化：製造ITニュース - MONOist,https://news.google.com/rss/articles/CBMib0FVX3lxTE1WR0t3TGs4NE9lZ20yOVAzWmJzc0pIelNELUFYbWQwbzhIZ2ljb2VtbW4tS203S0dtT2FRVmdnU21IcC1wZUswQVluLURsM3k1MlJ2MU5TZTduLUZZeFVGTWVrS08wRHBzc0xVdjJMbw?oc=5,"Mon, 31 Aug 2026 07:00:00 GMT",2026-09-20T09:08:46+09:00
GoogleNews:AI　情報検索,AI　情報検索,AI利用経験は43%、活用目的は「情報検索・ニュース把握」「学習・自己啓発」「創作・エンタメ」が上位 - ネットショップ担当者フォーラム,https://news.google.com/rss/articles/CBMiXEFVX3lxTE53bVk0TmhZWUhFeEZGcnhaajdaSDJVcVpqeTJsYUoydTVwQ2hCTjJxR0NRclduQno4ZXNXNjZXZW5GanZOR1NwQVMtTTc5U0pxODA1NllPVWZxa1Nr?oc=5,"Thu, 02 Apr 2026 07:00:00 GMT",2026-09-20T09:08:46+09:00
GoogleNews:AI　情報検索,AI　情報検索,AIを活用した音楽権利情報検索 MIPPIA（ミピア）日本語版を正式リリース - PR TIMES,https://news.google.com/rss/articles/CBMiakFVX3lxTFBxdlJ6eC1kd1ppN2k5UkFDeTNtSExESUZfeENIeEtJTF9lVjNJaTI5NXVyWk1Ba3o4U0lnclhsQ0JPQVR3bjMzRk04dTBVQWlwVFlzanR2NndTb0NUTnExaUFXT1lLUjUwSXc?oc=5,"Tue, 23 Jun 2026 07:00:00 GMT",2026-09-20T09:08:46+09:00
GoogleNews:AI　情報検索,AI　情報検索,150コンテンツの「信頼性の高い」情報を一括検索　KDDIが新AIサービス「Buffmee」提供、1年間は無制限で利用可能 - ITmedia Mobile - ITmedia,https://news.google.com/rss/articles/CBMib0FVX3lxTFBrUFlKUjZ4WVJKRnc4czBkWXlDSjY2WWNQcHBGV1NVVFMxd3hLMGtLRkpGMEFEcV85TVNEMS1adjQyWU13OERIZ1B0UURiTjFZeFFYakNDTEM0UnBmOFZvSTZEcW1lZ0xraUNwOU5jUdIBaEFVX3lxTE9mWWdvVkcxZjQ0aVdSWGZJNjZCZ2VqclZHTjhyanZISFZ0T3FadjZYdUk1MjB0dkExd2ctUlhadFBEaGVIRHNJX29pUFZoa0t3dllIVlkwTi1Ya0tuZS0xdmtUN0FabHJa?oc=5,"Tue, 28 Jul 2026 07:00:00 GMT",2026-09-20T09:08:46+09:00
GoogleNews:AI　情報検索,AI　情報検索,鍵は「検索できるPDF」 アドビとPFUが語るAI時代の文書活用 - Impress Watch,https://news.google.com/rss/articles/CBMiZEFVX3lxTE5WUEJ4Zk1nQ2JpSnBpREhjTHpXMlhlR0VhY2lKdnV5T0tLblRVYkREckVEdG0tV1NsV3FoSGpkYTZMN0VkWWkzTEVlU0JfR0k0bGx0N3JaWEtFSkw3N3NJaTNiLXc?oc=5,"Mon, 15 Jun 2026 07:00:00 GMT",2026-09-20T09:08:46+09:00
GoogleNews:AI　情報検索,AI　情報検索,AIで脱属人化を加速！ 日本ペイントGが技術情報検索時間を20分の1に：マテリアルズインフォマティクス最前線（8）（1/3 ページ） - MONOist,https://news.google.com/rss/articles/CBMib0FVX3lxTE5yUjVhc1haTWREeTllMG5XTEE0TlZOel9VM1V5RWtRSjJrdERaUV9hUlV6Mkl5Qm5aOW9BYktmYVV3RTl4bWFOUW1HMV93ZmJVamNaTkxiMFJoTmw5aGNwN0ZVay1qc25EMF9Tb1Y0bw?oc=5,"Thu, 23 Apr 2026 07:00:00 GMT",2026-09-20T09:08:46+09:00
GoogleNews:AI　情報検索,AI　情報検索,AI議事録「Rimo Voice」、蓄積した議事録をチャット形式で横断検索できる「AI検索」機能をリリース - PR TIMES,https://news.google.com/rss/articles/CBMiakFVX3lxTFBQYVVMUGo5NDFZeFh3X2V0SmpxaG5OOUZhODAzQ2xfY3lGNUt6dDlmMDE4UGtKQzdMMHB6LTc0NzJYVEhjYnU2ZjRNYlJKUllvVkZwdGg0S19KVmk5dUgwQkJFTnZKellNUWc?oc=5,"Wed, 27 May 2026 07:00:00 GMT",2026-09-20T09:08:46+09:00
GoogleNews:AI　情報検索,AI　情報検索,AIグラスはMeta超え？ Googleが描く「Geminiの未来」が7分で早分かり - xtrend.nikkei.com,https://news.google.com/rss/articles/CBMia0FVX3lxTE12TVdSMVN3RXNidGhzVVB5NW1Jd2pHN2d6THVyc0pmU1RaU3FoYi11ZEE5LVpTcFQyRmlZUE1Hd3M4VDJMZU5nYVRrNHo4X080R05SeGRhNXlPNDZXQmNaN0lKQi1Vc2ZZUFdV?oc=5,"Tue, 07 Jul 2026 07:00:00 GMT",2026-09-20T09:08:46+09:00
GoogleNews:AI　情報検索,AI　情報検索,グーグル検索のAIモード、検索結果から離脱せずにプレイリスト作成やフライヤーデザイン、買い物が可能に - BigGo ファイナンス,https://news.google.com/rss/articles/CBMidEFVX3lxTE1GLXlWOXU5OWVlSTVXRUR6a3ZIYkxQTTIyTUpob3R5ZWFlTnNPaGl3RXBjTnJpYl83Y05CVGtRRl9xNEhCbW9HNy1jS2UtMFZSX1RfelBUQ1dMdlgyTUlHMXJoVkRzRmlFbHlkclBpeEQ5VTFE?oc=5,"Thu, 16 Jul 2026 07:00:00 GMT",2026-09-20T09:08:46+09:00
GoogleNews:AI　情報検索,AI　情報検索,寄稿：生成 AI で“探せなかった開示情報”を見つけ出す 〜 JPX の AI 開示情報検索サービス J-LENS〜 | Amazon Web Services - Amazon Web Services (AWS),https://news.google.com/rss/articles/CBMigAFBVV95cUxNWHBnVllEWS05X1NveGdhbEN2M3h1b1poeFhiTlZJZGxFWE85R1JZWkNxUXVBcW5HbUVud0tTRkVka0JvV2FacWpQUjNYbXJVc194NlByRWpDQVVSa01rOUkydWRNNVBJb2RWX05RWmtHcWNfTURLSjJiTUpELVB0cA?oc=5,"Tue, 26 May 2026 07:00:00 GMT",2026-09-20T09:08:46+09:00
GoogleNews:AI　情報検索,AI　情報検索,Naver Cloud、公共機関向けコラボツールにAI検索・文書作成・エージェント機能を搭載 - BigGo ファイナンス,https://news.google.com/rss/articles/CBMidEFVX3lxTE1oeDFpaTFtV21seEljWlAySkpWYldVclVPRm94c1ZpSm42ZktoT3R2MWM2dVA2QkFteGhwUl80ZGRVSGJPZV9zOWp4blQwODVWX2otd2F6a201MHhWVW5hNXJFNmhfcTk3d2ZWMk9ObVRKNUdZ?oc=5,"Tue, 11 Aug 2026 07:00:00 GMT",2026-09-20T09:08:46+09:00
GoogleNews:AI　情報検索,AI　情報検索,Naver、対話型AI検索「AIタブ」を投入 ChatGPTに対抗 - BigGo ファイナンス,https://news.google.com/rss/articles/CBMiX0FVX3lxTFBxRVdBTVJERm0yVmFrUDNtZ0pZWlR5RWVWYnFnbkhtSDhha3NtdU5lcU5OWmZTUld5eEdYbWNHMm9EYXVaWl9USHdUbF91YW1EcFhHZUc0Y3JVQzlUTm9j?oc=5,"Mon, 27 Apr 2026 07:00:00 GMT",2026-09-20T09:08:46+09:00
GoogleNews:AI　情報検索,AI　情報検索,AIを活用した開示情報活用サービス「J-LENS」シリーズ提供開始 | 株式会社JPX総研のプレスリリース - PR TIMES,https://news.google.com/rss/articles/CBMiakFVX3lxTFBJby1ubUNReWNxUXR0UlprTm8yQi1vbjNXVldVdlZ6dTBuREo3OVEyWE1LM0VCeFNwQTh5MzVhSkVLOGVZdFpobjBCcjd5SDhLTnlDbnU2ZUtyMm1LQkRkbVRRdnFvd1UyTnc?oc=5,"Mon, 29 Jun 2026 07:00:00 GMT",2026-09-20T09:08:46+09:00
GoogleNews:AI　情報検索,AI　情報検索,生成AI利用者の44%が、検索エンジンの利用が「減った」。購買意欲の高い検索はECモール、情報検索はAIへと分散の傾向【検索行動調査】 - ネットショップ担当者フォーラム,https://news.google.com/rss/articles/CBMiXEFVX3lxTE54VnRwQm9sVTA2OEhjZDdrejV1QURZYnF5bDFkZjhYaDdSMmViYlFnaElNVGFmU1R5ZXZ6d0FZMGlTdEp6aVZ3V2ktRUlvY0IzdFdIZHJjRXpDaEpn?oc=5,"Wed, 10 Dec 2025 08:00:00 GMT",2026-09-20T09:08:46+09:00
GoogleNews:AI　情報検索,AI　情報検索,住宅分野の消費者の生成AIを使ったWebでの情報検索行動の実態を可視化、業界初「生成AI対策/LLMO弱点あぶり出し調査」サービス開始、生成AI時代のWebマーケティング戦略を立案（ニュースリリース） | 大和ハウス工業株式会社のプレスリリース - PR TIMES,https://news.google.com/rss/articles/CBMiakFVX3lxTFA0V0Nqc1ItcEtfcnF6QUV6Q2FYX0pLcFBYTVVId3VWeXBmMUNWVFgtVGhCOWJmbHU4Y0F5V3Q1NzRBSVNVR1MtaWZvRGpzdmxlbFBOdFJvMjFqODZ2WXFMNXVGRjNUSU9wNUE?oc=5,"Wed, 14 Jan 2026 08:00:00 GMT",2026-09-20T09:08:46+09:00
GoogleNews:AI　情報検索,AI　情報検索,DATAFLUCT、自律型AIエージェント「Airlake BI Agent v2」を発表。社内に散在する顧客DBや提案資料を、自然言語で検索・分析・資料化 - PR TIMES,https://news.google.com/rss/articles/CBMiakFVX3lxTE9tdTVKMVZ4Z196QXQ1SXVWOGI0NHFXSlo5VUwzTkx4LVNDN1VoWXN1eEdIaHI0VTR4TnQycXZsZDBaVU90Z0YtQ3dOMUhpbUhMTHZ5YW1PSU5Cb29TZzRZckVPZHR0a3N1TUE?oc=5,"Mon, 06 Jul 2026 07:00:00 GMT",2026-09-20T09:08:46+09:00
GoogleNews:AI　情報検索,AI　情報検索,モノづくり専門メディアMONOistに生成AIを活用した技術情報検索システムに関する記事が掲載されました - nipponpaint-holdings.com,https://news.google.com/rss/articles/CBMic0FVX3lxTE1WV3lYZVMwMng2VkVSYU1HRUlqWVNqOUZHTVVWcTM2RGJ2RVFWMnhCZVg5YmgtQ05tWldIeUR0UjdnTzk5MTBjYTNnZHpNQWJyMmZfNTlaOGo2OHlWZ2lBMldzdS0wM2ltell2TEFac0FHdE0?oc=5,"Thu, 23 Apr 2026 07:00:00 GMT",2026-09-20T09:08:46+09:00
GoogleNews:AI　情報検索,AI　情報検索,AI Lab、情報検索・推薦システム分野の国際会議「SIGIR 2026」のShort Papers Trackにて論文採択 - cyberagent.co.jp,https://news.google.com/rss/articles/CBMiakFVX3lxTE5uakJPWDhWdm9oeEEzaDRKZHluNURvUEQzeGxwLS03ckdxU0hpZ09Fc2t3VklhX201NV81Y2JpU0hEcjNNSW5IdGc1NFoweDhxUHNydXlqb29yd2hqNjlmZFB0MFR3dVNGYUE?oc=5,"Fri, 15 May 2026 07:00:00 GMT",2026-09-20T09:08:46+09:00
GoogleNews:AI　情報検索,AI　情報検索,メック、医学生向け初期研修情報サイトを「メクキャリ」へリブランディング＆リニューアルオープン！AI検索機能を新たに搭載 - PR TIMES,https://news.google.com/rss/articles/CBMiakFVX3lxTE5xcmxCTHozcjdDZkwxT2d5MkVnYk9WVmFUWTlmZm9xblZRT2M3aW5KSThKcXZSUG1FT1lGSUlWWk5sSzhvWVppLTVRU1VDMzlIbmJGbnJ2cTZhTzVaSVFDT3FqejZLSDZfOFE?oc=5,"Fri, 31 Jul 2026 07:00:00 GMT",2026-09-20T09:08:46+09:00
GoogleNews:AI　情報検索,AI　情報検索,「ググる」は死語になる？何でも生成AIに聞く時代に私たちは“調べる力”を失うのか - 東京報道新聞,https://news.google.com/rss/articles/CBMiU0FVX3lxTE5BZktxcFkwdnNzOHM0ZHdOZ3JuQ0p6QkRvZXNJSkxOb04xbGhzUEtqUXdmTlRVNFMtMVZlNGJqRGlsNEhrbnU2QlpfQXVIQjdab0pF?oc=5,"Sat, 15 Aug 2026 07:00:00 GMT",2026-09-20T09:08:46+09:00
GoogleNews:AI　情報検索,AI　情報検索,Synology® 、正確で信頼性の高い情報検索を実現する AI Advisor を正式発表 | Synology Japan株式会社のプレスリリース - PR TIMES,https://news.google.com/rss/articles/CBMiakFVX3lxTFBoUml3Y2ZyRGRZNzRFWjl1bThOTk9MM3RDYkFfQzQ4U2NSNHBHOUQwMzZNZXlMTVpicURaTDZCTVdhOWZRdkotNUNVb1pwVl9QbFQxbnVJbFIyTDUtUm5YNkplVWlfaFZqRXc?oc=5,"Thu, 07 May 2026 07:00:00 GMT",2026-09-20T09:08:46+09:00
GoogleNews:AI　情報検索,AI　情報検索,GoogleがAI新機能｢Spark｣、検索や買い物を代行 30億人の生活自動化 - 日本経済新聞,https://news.google.com/rss/articles/CBMibEFVX3lxTFBxNDRVQ09WNVhMT04xT25ZamhIM3J6azNaWnczdnFVNkhHYkhBQUNRTmtCWUlzY3hqT0VTUDVLdlRYZzMzN3BYS0FmWWhJVnlvc2RpMi1ZVjgzWkxZSkFjNkhOaVh4SHNDV2IycQ?oc=5,"Wed, 20 May 2026 07:00:00 GMT",2026-09-20T09:08:46+09:00
GoogleNews:AI　情報検索,AI　情報検索,【AI検索時代のマーケター必携｜無料】「何から手をつければいいか」がわかるLLMO対策チェックリスト（全30項目・優先度つき）を公開 | 株式会社ＥＸＩＤＥＡのプレスリリース - PR TIMES,https://news.google.com/rss/articles/CBMiakFVX3lxTE9IR1J1eGZWUnNkZlcwVktVNEo3WUVnTzJEZUxibW1SU2thWE5wRlkzTlhFM3hOODU1YkdaNVhsM1A5RDhCOF9DZ2JjSkJOZ3A3V1hQVGdKRmE1R1ZpR3l6Z0hGUHVxdXdiNlE?oc=5,"Wed, 25 Mar 2026 07:00:00 GMT",2026-09-20T09:08:46+09:00
GoogleNews:AI　情報検索,AI　情報検索,Google、AI検索に「優先ソース」機能追加 信頼できる情報を見つけやすく - k-tai.watch.impress.co.jp,https://news.google.com/rss/articles/CBMiZ0FVX3lxTFBJajVGVkVjaDgzXy1mbXVybkdMMUZHdnU5eGdBMXpwY2tsWHhZS3BVa0FVRWFQbmtvRDMtOTJmYjR5NjdSOUR5TGhtazhWOW9xOWkxUnlFdk0xQm5HcHVwY2xESkluNGs?oc=5,"Thu, 28 May 2026 07:00:00 GMT",2026-09-20T09:08:46+09:00
GoogleNews:AI　情報検索,AI　情報検索,津波警報の発表中にグーグル検索、AIが「すべて解除」と誤情報 [AIの時代] - asahi.com,https://news.google.com/rss/articles/CBMiZ0FVX3lxTFBab0pKWkZNYVNTUUlwTHpUdXdPeFBEMEF4TnctdWQzU3R5eEgwbm5BalBzQW5XMVRqc0RnT3RnS3hvNUVZWkRyMDc2Q18tMlp3QzBoZmYtb1pGb3VnMGJKLUJGZk5vTjg?oc=5,"Wed, 10 Dec 2025 08:00:00 GMT",2026-09-20T09:08:46+09:00
GoogleNews:AI　情報検索,AI　情報検索,生成AI活用で「社内情報探し」の非効率解消、年間1万4000時間相当を削減 - active.nikkeibp.co.jp,https://news.google.com/rss/articles/CBMiZkFVX3lxTE9QV2FialNEN3Y1R1ZVV0V6UzhpT0Q5UUxVUWRzVnpoYXVjOVhCdHNhNHQ2aXk1X2R5Q3BpS1JqSHN5VENkdVlPcDhvTHE1dzJaSUZFWnBxc01oTEYtUWhFejhtRWxKdw?oc=5,"Thu, 14 May 2026 07:00:00 GMT",2026-09-20T09:08:46+09:00
GoogleNews:AI　情報検索,AI　情報検索,日本原子力研究開発機構、「研究開発成果検索・閲覧システム」にAI検索を試験導入 - current.ndl.go.jp,https://news.google.com/rss/articles/CBMiTEFVX3lxTFAzNTU5SkpvZ2tSaE1iNkRxVFI5bWNsZHlLa1VxdWo4VVdpVG5oengtV1VpOXhMWkY2NURxVWlZMWlDNHRJc3J4aDdtMUQ?oc=5,"Fri, 16 Jan 2026 08:00:00 GMT",2026-09-20T09:08:46+09:00
GoogleNews:AI　情報検索,AI　情報検索,利用するSNSの上位は「LINE」「YouTube」「Instagram」。情報検索は検索エンジンが8割超、生成AIに質問が約29%に急上昇 - news.yahoo.co.jp,https://news.google.com/rss/articles/CBMif0FVX3lxTE0wY1ZOSzBJNjc1RHV2U1ViMmpYdVpWcmlQN0pvYWlhR0pteU1WOWRkRmlkT1ZQTkc0dlNWZkI0LThoMGVwQ3J4Y2tVbXBFdTZ6dGYwakdta0RiNlJ6T3ZjeElFc2N0WHNlWjZNU3A0Q0VESkNBbWNUQUI3MmRsMlk?oc=5,"Tue, 13 Jan 2026 08:00:00 GMT",2026-09-20T09:08:46+09:00
GoogleNews:AI　情報検索,AI　情報検索,Google検索「AIモード」に個人情報を入力しないで――立教大など、学内に注意喚起 - ITmedia,https://news.google.com/rss/articles/CBMiakFVX3lxTE85RFB2a25hWjBEcXE3TTZ4YXo2cjZ1VV9KTjVqMDFNR3ZSYWpyTUxJYU5ObHdDUmt3MEVwVFBhX3dwNHAyTFJ2MkRUTkdSYzVWTWVqNERnemtIZ055aWpKRkJ1MkNHVU9YT2c?oc=5,"Mon, 20 Apr 2026 07:00:00 GMT",2026-09-20T09:08:46+09:00
GoogleNews:AI　情報検索,AI　情報検索,グーグルのAI検索機能に誤情報のリスク--英紙が医療情報の正確性を検証 - ZDNET Japan,https://news.google.com/rss/articles/CBMiU0FVX3lxTE53VUJVa2w5d09CZnhxektJOTdEeU9ja01KUmZuQnd5aXRHVjdHaGJNMzZ1b0VkQ3VFX1BUSnlKTE42WTMzcEd3QTdpR3dhRGRfQ3ZJ?oc=5,"Wed, 07 Jan 2026 08:00:00 GMT",2026-09-20T09:08:46+09:00
GoogleNews:AI　情報検索,AI　情報検索,AI利用経験は43%、活用目的は「情報検索・ニュース把握」「学習・自己啓発」「創作・エンタメ」が上位 - news.yahoo.co.jp,https://news.google.com/rss/articles/CBMijgFBVV95cUxQa2pobC1hNGNWZkh1bUk4TV8ybTRCaFphcU1DN2swZUhTRFBWRVpRS2JJbS02Q0NzWERzdndYMTNhOXp5ZmNKNllkWEpOMW1nZlV4blIzdWIyOXlUdlR4WHhxazUxUkNrWkVHXzFOdTQzbFZGMXlfOVN5elpJZmEzTGVjOGUtTXgxc2cyQ2lR?oc=5,"Thu, 02 Apr 2026 07:00:00 GMT",2026-09-20T09:08:46+09:00
GoogleNews:AI　情報検索,AI　情報検索,Google検索結果からAIの応答を削除する方法 - Vietnam.vn,https://news.google.com/rss/articles/CBMiiwFBVV95cUxQcTdrRzZCSEt0dER2M2lmNFpOUEV3WFZudWp0NkljOC1RSDluUmhIa0dxa0d0dTdiQ2pRdE9Sck5JQlZlNlFHYjBZdHVhUVhXTGEwMHlDYzh0S1JnUVBXY3pwMkpzRjUyY3dNQUJ4Vk51WU9keUNpMU93YmNmSGxLOEZZNmNrZE5EYnJv?oc=5,"Thu, 28 May 2026 07:00:00 GMT",2026-09-20T09:08:46+09:00
GoogleNews:AI　情報検索,AI　情報検索,エンタープライズサーチ QuickSolution® が検索エージェントを搭載 ～ AIエージェントが社内情報を検索して回答、情報探しの負担を大幅削減 ～ | 住友電工情報システム株式会社 - Digital PR Platform,https://news.google.com/rss/articles/CBMiQ0FVX3lxTE9oYThTMF9TbS01S19vRFdUaGN4TElNUDljV0EwM3pQSHVPM01PdFJPN005SXRCeHlrSFJIZFhIVUUzaFU?oc=5,"Tue, 07 Apr 2026 04:30:28 GMT",2026-09-20T09:08:46+09:00
GoogleNews:AI　情報検索,AI　情報検索,TOPPAN、仮想統合データベース「Con:tegration®」に生成AIで文書管理業務の分類や検索を支援する新機能を追加 - holdings.toppan.com,https://news.google.com/rss/articles/CBMieEFVX3lxTE8ycEFrLTRJWWk3VThJZ25fRnVSdTQ3LUdhMi0wcktZdGN3Y2swcGFYYXhSR3Fydy04VGlnUEUzQmFRT2xJcmFYZkpVUkFtRllkaTJoNmpnTjNDenVoa3MyWVFjQ2g0bTVrVERtdHVGYnRSclNSUlMxSw?oc=5,"Tue, 24 Mar 2026 07:00:00 GMT",2026-09-20T09:08:46+09:00
GoogleNews:AI　情報検索,AI　情報検索,ChatGPT Atlas入門、OpenAIの「AIブラウザ」は検索体験をどう変えるのか | Moz - SEOとインバウンドマーケティングの実践情報 - Web担,https://news.google.com/rss/articles/CBMiW0FVX3lxTE5YYU5vUXM3SHNUenh0eXZwTEE0RUVJMUZOb0VieFk4WVFlNFM5Vk1wZU53U09leTRPWm9pZndhaTRXMGViMUI5Rm5uUzZLWDZwaXFXbHNnZFI4dUk?oc=5,"Mon, 18 May 2026 07:00:00 GMT",2026-09-20T09:08:46+09:00
GoogleNews:AI　情報検索,AI　情報検索,LINEアプリ内にトーク感覚で情報検索や画像翻訳・解析ができる「LINE AIアシスタント」が登場：commercezine - MarkeZine,https://news.google.com/rss/articles/CBMiT0FVX3lxTE1ucXVuQ05Za3Y1VXVvQjVZdWVLTlJDR0JMdUZqYXpkX3ZCVFRyczA1WWw1ZmRmdnhZb0RMTjlEMldwTWxudmdyeDBDckZDV2M?oc=5,"Wed, 17 Jun 2026 04:06:19 GMT",2026-09-20T09:08:46+09:00
GoogleNews:AI　情報検索,AI　情報検索,上場企業の開示情報、AI検索サービス開始 JPXが9日から試行 - 日本経済新聞,https://news.google.com/rss/articles/CBMibEFVX3lxTFA4OTlfQlZ6SEsyemRQU0V0TE84VUd4WjVaMjJ1VDlVTGg2OUx6eEM3eHQxZEtmaEU4OGQwMVgtRlBlR0dlcG1mWFNSNzhfdXIxWDhIaEpKQzFUT2Z0cXRSajEzV1VqQkxNZWlaVQ?oc=5,"Tue, 09 Dec 2025 08:00:00 GMT",2026-09-20T09:08:46+09:00
GoogleNews:AI　情報検索,AI　情報検索,一般生活者の利用している生成AIは「ChatGPT」がトップ AIに連携しても良い情報は「ポイントや会員情報」「利用しているサイトやアプリ内での閲覧履歴」「過去の購買履歴」 - mmdlabo.jp,https://news.google.com/rss/articles/CBMiXkFVX3lxTE5ULVczMzNTMHFPdGZsZndzcFNqYVo0QUZUNUtSTG8wV1hxbEpCQ0lyODI5RjJqWHZ0TjVjWE53ejNZclBnSzNfbThEdi1tT2ZDLWwzc3d0QmtWdC0weEE?oc=5,"Wed, 10 Dec 2025 08:00:00 GMT",2026-09-20T09:08:46+09:00
GoogleNews:AI　情報検索,AI　情報検索,【調査結果】生成AI利用者の44%が「検索離れ」、半数がAI回答のみで情報取得 - シードの検索行動実態調査 - commercepick.com,https://news.google.com/rss/articles/CBMiVkFVX3lxTFB4cENVVE9KOVBVaDZ2OTNFWE5NNjRpUkVuWWFWSWtDeFJnMURvTUN3NHhrRElDN2JMOGtEbFNMcVY5VEN3eEYwTWtlbzV0THFzZWRnbjRn?oc=5,"Tue, 09 Dec 2025 08:00:00 GMT",2026-09-20T09:08:46+09:00
GoogleNews:AI　情報検索,AI　情報検索,Yahoo! JAPAN、PC版トップでAIアシスタント機能の提供を開始 会話形式で情報検索が可能に：commercezine - MarkeZine,https://news.google.com/rss/articles/CBMiT0FVX3lxTE1oMVBMRDlXc0tERGJDa1BlUGI3Q0dOMHRVVHVBN2hyTjdkR1NjUGRrckxMNm9RYmlCZlpOOUxWTjJUaS1TTWtlaEotX1NxeEU?oc=5,"Tue, 16 Jun 2026 11:59:52 GMT",2026-09-20T09:08:46+09:00
GoogleNews:AI　情報検索,AI　情報検索,利用するSNSの上位は「LINE」「YouTube」「Instagram」。情報検索は検索エンジンが8割超、生成AIに質問が約29%に急上昇 - news.yahoo.co.jp,https://news.google.com/rss/articles/CBMijgFBVV95cUxNdlJGQkxvbkZHUmxVUXRXN1Jnb3E3T0RSM1lqY1JCbDNFLWZpWVJMeENFMTJXTHYtM0dTSjV5WkszUWxhN0xTSTZUVjM4VldRRGxpRHBUX0NyREZkRDdOWnJkd0dTNnd3YU1LbXBYdGVfRWFRSlc1ZVdwVE5UQjBkSS1rQ3J1SlM3aGNqcGFR?oc=5,"Tue, 23 Dec 2025 08:00:00 GMT",2026-09-20T09:08:46+09:00
GoogleNews:AI　情報検索,AI　情報検索,Google検索の「AIモード」が外部アプリ連携を開始、InstacartやCanvaに対応 - BigGo ファイナンス,https://news.google.com/rss/articles/CBMidEFVX3lxTE1GQlIxZFJ6VkZObWx4YWtpZFItSWRqb1o0eW1uT3ZZX1ZfU3NPeXpxV3lBMXNiMHJNTm56c3VyZE1oZ2FyaEVCZk1QWmdEUlY1Z2l3LXdZMTJ6V3NLcWM5Rm03MTlGSF96RnZoa0gtdDhxNVda?oc=5,"Fri, 17 Jul 2026 07:00:00 GMT",2026-09-20T09:08:46+09:00
GoogleNews:AI　情報検索,AI　情報検索,エンタープライズサーチ QuickSolution® が検索エージェントを搭載～ AIエージェントが社内情報を検索して回答、情報探しの負担を大幅削減 ～ - okinawatimes.co.jp,https://news.google.com/rss/articles/CBMiXkFVX3lxTE1PaFZVUUJvekxfSGJnb3F0Q3hVUVctZUlRMTZEcFpGNl9SOEMxVk5mUF9ad0N1SFNHUEJKb09SUkRDMzh6dzI2TlBjamtWSEVJcm9KMEliOTJiU0FiU1E?oc=5,"Tue, 07 Apr 2026 07:00:00 GMT",2026-09-20T09:08:46+09:00
GoogleNews:AI　情報検索,AI　情報検索,生成AI、情報検索で圧倒的存在感 前年比20ポイント急上昇 JTB総研調べ - 観光経済新聞,https://news.google.com/rss/articles/CBMiVEFVX3lxTE90bHdPNUl2Rm80aUhNZUpHeF9jZnFYdi05QzlvVTZmSGhSaFdQZkxGb290OXJzdmFNU045UzBkUlRsV05FVXBkUUlSM1J5Vi1JVE42QQ?oc=5,"Tue, 30 Dec 2025 08:00:00 GMT",2026-09-20T09:08:46+09:00
GoogleNews:AI　情報検索,AI　情報検索,ひふみ株式会社、JPX総研のAI開示情報検索サービス「J-LENS」（β版）に生成AIによる高度な技術支援を提供 - PR TIMES,https://news.google.com/rss/articles/CBMiakFVX3lxTE5zNDFlVkExM2EydnB5bGxFVENJY0Y1Yk5sUGJCNEt3VWY0ZzlyNkZXYm9GYXJwTEFZQlJ2akluM2laMWo2Z2Z3VTY2TkltUnJsN0p3T2doS3ZobkVXVEVMYlIzblpvYlpUSWc?oc=5,"Wed, 10 Dec 2025 08:00:00 GMT",2026-09-20T09:08:46+09:00
GoogleNews:AI　情報検索,AI　情報検索,RAG（検索拡張生成）にまつわる「あるある」の沼から抜け出すための３つのチューニングポイント：現場のRAG活用術第1回 - ブレインパッド,https://news.google.com/rss/articles/CBMibEFVX3lxTE5zSzJmMDVQZXk2NWhRMXVaZFRiLVhJN3p2Y2pMTDhTcFVrbGN6bHliQVNTUDNwUzdWckpCdmcwSmotV21rallYNnRNaGNKR3ZmbTBnMkpMUTF1X1VYaUxJSFBWOGlnU3djNkd1Uw?oc=5,"Tue, 06 Jan 2026 08:00:00 GMT",2026-09-20T09:08:46+09:00
GoogleNews:SNS　買い物,SNS　買い物,「川底を探しても見つからない」母親の買い物中に“2歳女児が行方不明”に…《娘が消えて37年後》SNSに「彼女を名乗る謎の女」が現れた（昭和56年・海外の事件）（文春オンライン） - news.yahoo.co.jp,https://news.google.com/rss/articles/CBMif0FVX3lxTFBsdHlXWjBJand5RThUQ2hFa05QN1hpX0w4QXZZRkktd2hiNzBIa3poRVVaRW4tNndrYktOalJZMFpyZUdiZUdSS19XLVM2Qi1FMTBmdjduWlU5U3dISnpTSTFfLWNPVk5JV19kc0JSakg2UUJiSmxoR3VBU2t5eHc?oc=5,"Mon, 14 Sep 2026 07:12:16 GMT",2026-09-20T09:08:48+09:00
GoogleNews:SNS　買い物,SNS　買い物,Z世代の買い物の起点、SNS4媒体の合計45.2%が検索エンジン33.6%を逆転。「#PRがつくと参考にしない」はわずか13.2%【TaTap SNS調査】 | 株式会社TaTapのプレスリリース - PR TIMES,https://news.google.com/rss/articles/CBMiakFVX3lxTE5nNWJ1VWxxWkRrSTZWV0stRjFiSl9ObnE4SDlhUFJFaUFWMlcwYUg1Zm9fYXQwcElGSEZycHZ5TjdwSDV6SklFU0VpWHJ3NFQ1QUhkRGlFLWYtTHp2OEFqa1BzVl81MldOZ1E?oc=5,"Tue, 18 Aug 2026 07:00:00 GMT",2026-09-20T09:08:48+09:00
GoogleNews:SNS　買い物,SNS　買い物,人生最大の買い物なのに……なぜSNSで中古マンションを買う人が増えているのか（1/5 ページ） - ITmedia,https://news.google.com/rss/articles/CBMickFVX3lxTFBlTk9xQ0JWRXdpVXE3NFJMd1RRNUc0aTlleGh3dTRfV1h6ek9paVFVbmltbXdYX0dkWFRpS1BsZ29ycDVITWFLNlpIU2d3bUo0aW41QjU1MUlEeVRGN0tHaEVOVmJGOWRCUFhzUThTMDkzUQ?oc=5,"Thu, 23 Jul 2026 07:00:00 GMT",2026-09-20T09:08:48+09:00
GoogleNews:SNS　買い物,SNS　買い物,Z世代の買い物の起点、検索エンジンからSNSへ 「#PRがつくと参考にしない」は13.2%とどまる - AMP[アンプ],https://news.google.com/rss/articles/CBMiVkFVX3lxTE5uUEV5dGkzMzVJdVA4SHdhN3V3LXl1aUN6Z09CT2k2OU4xRVQ1RkdNYjU3VHJWZW9sWGFtSDNCckJ4aHR2SXpzLXh6ejV5eEluZjVWbEdn?oc=5,"Tue, 18 Aug 2026 07:00:00 GMT",2026-09-20T09:08:48+09:00
GoogleNews:SNS　買い物,SNS　買い物,人生最大の買い物なのに……なぜSNSで中古マンションを買う人が増えているのか - ｄメニューニュース,https://news.google.com/rss/articles/CBMilwFBVV95cUxQMm1MeXJuR1E0YzE1WkZJUkk0WC0zVTM2NEdKRXUzS2hTN0M1ZklmazhQbEpvVEFhZHV4TmwwRTc1VTdlbGRObExkajB1RE5ZdFo3Y3VGYXNyb3I3Wmo0cnNRRlhicTN3VXhfTVVWQlFPNzdsZDRHX0p0S3l5TEdOM1pRUHdhUVIwZ3FqeDk5aFNTeldtRDhN0gGcAUFVX3lxTE9xMDV6UEl2bV85R0VsaVhURzBjMWRWdTdWUGtYS0tvbDc2aWFyT01VODN4U2tES0diaVItRGpKdkxxZjlzUGJ3dkRZVU1ZV2djQkJVZHlkMllPWVRFbTZQUUpTa0dqN0l5c1VoX3lJcEFnYkdqUVhyd1o2UHdTMXZrU2xDR1dFUW9id3UwdTJYWEJiN0lieU9ZS1pGSQ?oc=5,"Thu, 23 Jul 2026 07:00:00 GMT",2026-09-20T09:08:48+09:00
GoogleNews:SNS　買い物,SNS　買い物,買い物不要、店内で涼んで 県内コンビニの張り紙 SNSで話題 優しさ巡り 今年の夏も ／新潟 - 毎日新聞,https://news.google.com/rss/articles/CBMiaEFVX3lxTE9yTFQxYW1FMTdEN3g2MnBCa21pMElWLVFaVFNjeGxWM3pYMFREa1I3cC12UGRfWlIyU2gxR3Z0eHVRdm9YZkZsYXNuSzJ2N1d1YkNBcUkwdVdhbHlVeDhpelFvOHdrV2Na?oc=5,"Sun, 07 Jun 2026 07:00:00 GMT",2026-09-20T09:08:48+09:00
GoogleNews:SNS　買い物,SNS　買い物,物価高×情報過多で、子育て世帯の買い物は「二段構え」に。SNSで絞り、リアルで決める新しい購買行動。体験後、約9割が購買へ | 株式会社エンファムのプレスリリース - PR TIMES,https://news.google.com/rss/articles/CBMiakFVX3lxTE9sTHpVcTJ1V2ZKYkNqRkJQZGVyMWN1Q09tMDBrdDdhOGM4SGNhSEloUWo0UlE0UGlqa1VVNnRPZmxmalFmNDFSVmJLT21HdUZsMFdKaGhKY2RPVU5ONzF2cTJmQ3RNd0lkT0E?oc=5,"Thu, 20 Aug 2026 07:00:00 GMT",2026-09-20T09:08:48+09:00
GoogleNews:SNS　買い物,SNS　買い物,Yahoo!ショッピング、SNSを通じて誰でも気軽に始められる「Yahoo!ショッピングアフィリエイト」の提供を開始 - lycorp.co.jp,https://news.google.com/rss/articles/CBMiXEFVX3lxTFBkQWZKZVBxdjd6VkpOdGFRZzZqWk1jSG1HV0dMSDRQUTVQX2hIQXpMQlk5MU1CN2dfQUtpSnRnejhFX1FKU3FxbjBVTGQyd0lfekZVaVo4emIwUDJM?oc=5,"Mon, 26 Jan 2026 08:00:00 GMT",2026-09-20T09:08:48+09:00
GoogleNews:SNS　買い物,SNS　買い物,Yahoo!ショッピングでSNSを活用した新機能「Yahoo!ショッピングアフィリエイト」 - k-tai.watch.impress.co.jp,https://news.google.com/rss/articles/CBMiZ0FVX3lxTE50dzFZdGN3RzcyT1hBY3BHdGJxYlZ4Y09fak1GMndsUlh3a2J2MHFXVnFuMko3UGhXVzBQVzJsbWhIUElwelZxaE16bG1xOWNsNVg4Qm9HVThJYUlRRjZfZFhhWUtKTms?oc=5,"Mon, 26 Jan 2026 08:00:00 GMT",2026-09-20T09:08:48+09:00
GoogleNews:SNS　買い物,SNS　買い物,7人家族・辻希美、コストコで“爆買い” 買い物シーンにSNS「気持ちいい！」「どんどんカゴに入ってく」 - オリコンニュース,https://news.google.com/rss/articles/CBMiVkFVX3lxTE9BamhtdUdxdE1pemhweUdRTVJ0SHhHZE93TGMwekthc25nNmhHTmNxSi1YUVJwYmxoZzRsMk84cVBuanZMTnIzTDZUZ01wQlE1QTU1MFdn?oc=5,"Tue, 19 May 2026 07:00:00 GMT",2026-09-20T09:08:48+09:00
GoogleNews:SNS　買い物,SNS　買い物,Yahoo!ショッピング、アフィリエイトサービス提供 SNSで誰でも手軽に報酬獲得できる - 日本ネット経済新聞,https://news.google.com/rss/articles/CBMiVkFVX3lxTE1rNE5NTEwzUkdiZ1NuemtwSUhuUzRBYTBuY3dtZmRGSlU3Y3BTbTZoNUc4clItN0Q4dDhfUjlYQ3U5Q3Jmam1vOFpybm5UMHM1UC1lR3Vn?oc=5,"Tue, 27 Jan 2026 04:02:22 GMT",2026-09-20T09:08:48+09:00
GoogleNews:SNS　買い物,SNS　買い物,ヴィレヴァンSNSフォローでお得にお買い物しちゃぉぅぜ！！ - ヴィレッジヴァンガード,https://news.google.com/rss/articles/CBMiWEFVX3lxTFBjTV9uUnpBakZtODY0UDRYSHZUODRpTi05bzJob0ltR196V3lMMnQ4cWp4dXRmekRMNmJTbVlxY3dnVHBWVl9OUFVrb0lXdUp3NUhHeG5RSXk?oc=5,"Thu, 25 Dec 2025 17:34:07 GMT",2026-09-20T09:08:48+09:00
GoogleNews:SNS　買い物,SNS　買い物,ノース・ウェスト12歳、顔ピアス風メイク＆ド派手ウィッグで買い物へ「大人びすぎ」SNSで賛否 - ELLEgirl,https://news.google.com/rss/articles/CBMiiAFBVV95cUxOMzdLeUpKLVFVQ2s4aEswSVZaQ01HWlo1ZjNDY1Q4SUF3clJmZzQ5dVV5RDZBSDV5OTE5bjczYS1NS3dZblBnT2pSRVJWNU9nOHo1VlY0MmZfZkZNZWg5cTlUMjdTcDFmdlZKUmdlT1VZQjJoQWc2OGd2RlJFTWhLVnQ2cWJuQ0NB?oc=5,"Thu, 19 Feb 2026 08:00:00 GMT",2026-09-20T09:08:48+09:00
GoogleNews:SNS　買い物,SNS　買い物,CookGo／SNSで見たレシピ、もう探さない。AIレシピアプリ「CookGo」、新たに「献立自動作成」「買い物リスト」機能を追加 - Newscast.jp,https://news.google.com/rss/articles/CBMiR0FVX3lxTFA1cUpLaVZUOWdlNVdpM2dSVnFUTkVhVFFGNkE4X21YVXdNNTRLLU5EcVJBRlcwWGZ6NC15M3h3YVZVcF9hQzdR?oc=5,"Thu, 14 May 2026 07:00:00 GMT",2026-09-20T09:08:48+09:00
GoogleNews:SNS　買い物,SNS　買い物,LINEヤフー、「Yahoo!ショッピングアフィリエイト」を刷新。SNS経由の集客・取扱高拡大を促進 - ネットショップ担当者フォーラム,https://news.google.com/rss/articles/CBMiXEFVX3lxTE1taTkzdGZDNkVOVUJzX0FidlA1a3dQd1pwMVA4eGtNZ291blQwa2VhWFZJSWUtQVFiOTEzemxfRFRvYnUzcVhjODZtZkdVSzlGNjJsaGwwd2xNWHNm?oc=5,"Wed, 28 Jan 2026 08:00:00 GMT",2026-09-20T09:08:48+09:00
GoogleNews:SNS　買い物,SNS　買い物,ブラックフライデーが映し出す「デジタル社会での買い物」― SNSとAIが変える消費行動の構造（佐藤仁） - エキスパート - news.yahoo.co.jp,https://news.google.com/rss/articles/CBMiiAFBVV95cUxOMkh0RWl6RkdMM2wtNENlRzgtMlZhbUJpSFlHQ0JUODNJd1ZPYm4wRm5PN0VqbnZUSUhWekxyY0ZRSWc0cmpaQUh3SmwwUlZic0pDc2ZDekhHMngzdXFjZE5zR2wwMVlYeFIyUTR0T2tRX1E4Zk1VSU1jd0lHclpNYWJlZi1HTEZD?oc=5,"Sun, 30 Nov 2025 08:00:00 GMT",2026-09-20T09:08:48+09:00
GoogleNews:SNS　買い物,SNS　買い物,Yahoo!ショッピングアフィリエイト刷新 SNS流入にテコ入れ - Impress Watch,https://news.google.com/rss/articles/CBMiZEFVX3lxTE1fekpQTDhBX2NGZG9JS1BCZUhPcDk3ZHpSd3puT29zZkE1QjR6YS00WTFRTGlOLUdPTmNsZnFkMnZLa3J0STU4dlJVdDIwX3FSanNHaEZQRURlSlJnejlUVGtGNlQ?oc=5,"Mon, 26 Jan 2026 08:00:00 GMT",2026-09-20T09:08:48+09:00
GoogleNews:SNS　買い物,SNS　買い物,Faker「間違えて買いました」―“なにか深い意味が？”とSNSで話題を呼んだ「謎の買い物」、ミスだったことを正直に告白【LCK】 - FISTBUMP,https://news.google.com/rss/articles/CBMiY0FVX3lxTFBZbldKRWpfT0x3NUNsZU1xQkl4Wm1YQmdKUjgxbU9FSzJpRF9ZN2pLNFE0Q00xYWxtZjJUbUpBM2ZHSkQ4cU5iLUlybERkUXZVenlZSjZDckFMMTZOejVXR3hzUQ?oc=5,"Mon, 02 Feb 2026 08:00:00 GMT",2026-09-20T09:08:48+09:00
GoogleNews:SNS　買い物,SNS　買い物,三井ショッピングパーク アーバン・RAYARD対象施設でスタンプラリーやSNSキャンペーン - マイナビニュース,https://news.google.com/rss/articles/CBMiXEFVX3lxTE56LU5wRVlsVFhsaWlJeUZMUDRsYTU0TG42ZF8zQ3BuU1VBU1QwZENVaW1QdVFUTWZmMmJucl9iSzZLTDBZRVR0RFNNODNSSzd3TWx0VTl3TUM3WW45?oc=5,"Wed, 11 Mar 2026 07:00:00 GMT",2026-09-20T09:08:48+09:00
GoogleNews:SNS　買い物,SNS　買い物,【コストコ】遂にコストコが店内撮影OKに！SNSへの掲載も歓迎（コストコ好き主婦 みんご） - エキスパート - news.yahoo.co.jp,https://news.google.com/rss/articles/CBMiiAFBVV95cUxOeXpLd1ZLUlFDQ2plSWRDdUw0ZVdUZXhFdlZOcENId05TWW56RThhaEJGakczOG5FWlY4SFUwR09HTnQzcU5kVFlOcFU4ai0xWHdSUWlPZmRTeC1BaWxkZkI4NlQ2bEQ5X0ZFTnVwQi1zVEk4dzY2M3VKa2RaVHBPUXRfa0cyM3g0?oc=5,"Tue, 06 Jan 2026 08:00:00 GMT",2026-09-20T09:08:48+09:00
GoogleNews:SNS　買い物,SNS　買い物,ショッピングモールを現実版バトルロイヤルのフィールドにするARゲームが中国SNSで注目されている - GIGAZINE,https://news.google.com/rss/articles/CBMicEFVX3lxTE1UcVpNTWlEQnVtVl81b0l6MVY5aWdSVUFaX3Yxc0V0N1FvYU9zdFdmV09xc3dYTGVFODgyWlBoWXZ0bzlQczJSSDFrNUU0RjNXQ1VBb1QzTEhfSWpGUk14VHVybWtJS0pmR1dPRHZUX2c?oc=5,"Wed, 06 May 2026 07:00:00 GMT",2026-09-20T09:08:48+09:00
GoogleNews:SNS　買い物,SNS　買い物,CookGo ／SNSで見たレシピ、もう探さない。AIレシピアプリ「CookGo」、新たに「献立自動作成」「買い物リスト」機能を追加 - pr-free.jp,https://news.google.com/rss/articles/CBMiRkFVX3lxTE1ZbVgtRDFmbkRETHBQOXk1dFV0cEVVSE13Tk9HYkFJcFM5SkJhT0plV3hwOWhvdlU1alNXUEo0R2s1alNRclE?oc=5,"Wed, 13 May 2026 07:00:00 GMT",2026-09-20T09:08:48+09:00
GoogleNews:SNS　買い物,SNS　買い物,ヘブンに買い物を頼まれたトキ、その奮闘にＳＮＳ爆笑「完全にモノボケ」 - Lmaga.jp,https://news.google.com/rss/articles/CBMiU0FVX3lxTE5lRktjYlVsYUJhRDBMTUVrQXUtelFuNEdZWGJ4ZzVscUVqbTdhM1k0eHhEZENoWkx6R3JnWVFvN3hDLVhVVmN5MmVhYzNZbVgyZWNz?oc=5,"Mon, 17 Nov 2025 08:00:00 GMT",2026-09-20T09:08:48+09:00
GoogleNews:SNS　買い物,SNS　買い物,SNSきっかけの買い物、「インフルエンサーから影響」が最多に 20代の6割近くは「商品知って1週間以内に購入」 - AMP[アンプ],https://news.google.com/rss/articles/CBMiXkFVX3lxTE5DRW40OVRvb1V2ZHRhaXZQa2YtNlZEZmZQZXNzTUJDMGg0N0E4d1dBam1CRi1JLVlJbzlhSUY1LWpUTHBhMmFyUkU1QkVvbjhTZkZYMWEzUUZUVmZZekE?oc=5,"Wed, 20 Aug 2025 07:00:00 GMT",2026-09-20T09:08:48+09:00
GoogleNews:SNS　買い物,SNS　買い物,オンラインショッピングにおけるSNSと購買行動に関する調査結果レポート - commercepick.com,https://news.google.com/rss/articles/CBMiVkFVX3lxTE5jMGhsa2I3bUsyZjdUZGxmTnFrRlhMX3FBMjlfWHV0THloOVFzMlpiVUZ3X3cwXzFhbVpDTzVZaGtyTlV0YzlZTHVsS3BqY3RKSW9hREZn?oc=5,"Thu, 17 Oct 2024 07:00:00 GMT",2026-09-20T09:08:48+09:00
GoogleNews:SNS　買い物,SNS　買い物,認知症の母がテレビショッピング止まらず困惑→SNSに投稿 →ジャパネットたかたが直接連絡…神対応に絶賛【裏側を聞いた】 - まいどなニュース,https://news.google.com/rss/articles/CBMiUEFVX3lxTE1FZWpnSzQ1WjVXVFYyV1BpZVFOdDktZGtLVVlXYmZKVTAwMG5rZVdMbnZJbEhvZ0ZPOXNCUHlTdkxjOWhocEJoZ3Y0NFVqanAt?oc=5,"Thu, 04 Dec 2025 08:00:00 GMT",2026-09-20T09:08:48+09:00
GoogleNews:SNS　買い物,SNS　買い物,Z世代の「買い物は投票」ってどういう意味？ SNSを駆使した購買行動 - 朝日新聞 Business Hub,https://news.google.com/rss/articles/CBMiWkFVX3lxTE8tZXBadDRDR1hTNEVxc2xHWlVEckhZRloxTEVkOGlrMmdKX3VMN2VZNW9LeElqeFJUOXF4R1NMLTRHQ3dCclVCYUVycUNMNEtpeUpxQlMyOHBOZw?oc=5,"Wed, 09 Aug 2023 07:00:00 GMT",2026-09-20T09:08:48+09:00
GoogleNews:SNS　買い物,SNS　買い物,【みついショッピングパーク キッズクラブ】“かわいい×ミステリー”SNSで話題『うそ探偵トマント』公式キャラクターに就任！ - PR TIMES,https://news.google.com/rss/articles/CBMiakFVX3lxTE1rcGNCeDJ3dU5jQ3NlSTFmeXR4RGJRcEIwOHdXX0ZSbjJQZHJBTDlUdVltaGtab0tyb1VUajNjTmhjVnNsTE91cUtZZE9WR1pJS0ZRaXhxS2RHMUtrMzFuWENWREpPbHJnbkE?oc=5,"Wed, 01 Oct 2025 07:00:00 GMT",2026-09-20T09:08:48+09:00
GoogleNews:SNS　買い物,SNS　買い物,SNSやショッピングサイトの不正ログインに関する相談が増加中！ IPAが注意喚起 - INTERNET Watch,https://news.google.com/rss/articles/CBMia0FVX3lxTE13TUNibFl2Ul9hb092RVdKZ3FtSS1oa0F2NVJ6TVJsQVZ2ZHVzQUsyUVl4MzJBdVBsSkxpZUh6YldPYzlPTFd3NUUwa0tqOG9aejQ1WjlKQ2FOV3VxRGtXZFhlVUI2aG1JVnFz?oc=5,"Fri, 29 Aug 2025 07:00:00 GMT",2026-09-20T09:08:48+09:00
GoogleNews:SNS　買い物,SNS　買い物,大手SNSの広告から誘導される偽ショッピングサイトにご注意ください。 - pref.shiga.lg.jp,https://news.google.com/rss/articles/CBMiYEFVX3lxTE85dV85Y2hHUkZWYjJPZEtuU0xZWUdCNmw2a2NLenJFb0tzaXJudTJlQVU4dklTQ0lhdnhPWFNaU0ZBWTQwdENHQ2ZiSVhNX213VTc4ckR4aFVBSjVIWTR3Rw?oc=5,"Tue, 21 Jun 2022 07:00:00 GMT",2026-09-20T09:08:48+09:00
GoogleNews:SNS　買い物,SNS　買い物,Z世代は選ばない 買い物はSNSの「お薦め」 - 日本経済新聞,https://news.google.com/rss/articles/CBMibEFVX3lxTFBWdm9tWXhCemtzNkZGb040RHhialZPZHo1bTFZU0pnZnkxb1d2YWFiUmMtWUhCMHNibW83MnNMaG83d3J6YXN2Vk9ibnZYcFRERmtaNnF4Q3hZVDkxcXk4UTlQelRiSm5Lb2tvVw?oc=5,"Sun, 16 May 2021 07:00:00 GMT",2026-09-20T09:08:48+09:00
GoogleNews:SNS　買い物,SNS　買い物,【Z世代調査】よく使うSNSは？ショッピングなどSNS利用目的は？買い物に対する意識や行動は？ - ネットショップ担当者フォーラム,https://news.google.com/rss/articles/CBMiUEFVX3lxTFBjcU9rYkt1Rk9DeDlkcXpHRkVHVWpvOVpwOWEtVTV2aWFFeTlQaWQ5R19sUnVtZ2Q0dHNoVVlKOGlwZVpZZDJhaENCUHkzS2tJ?oc=5,"Thu, 20 Jan 2022 08:00:00 GMT",2026-09-20T09:08:48+09:00
GoogleNews:SNS　買い物,SNS　買い物,【Z世代の買い物事情】InstagramなどのSNSをきっかけに購買…？ - LIMO | くらしとお金の経済メディア,https://news.google.com/rss/articles/CBMiS0FVX3lxTE90anFHamFtT1VsdkFuTF95RHBRMjltYjRtSU5kNl9kWm5CNE1RNlEzRVpLUVFCU2E5SGxCcEZfeDgzS0tjYU1sQ0VXYw?oc=5,"Sat, 08 Mar 2025 08:00:00 GMT",2026-09-20T09:08:48+09:00
GoogleNews:SNS　買い物,SNS　買い物,SNSで大人気“べじまる”の「レジカゴぴったり」ショッピングバッグが登場！ - （株）Gakken公式ブログ,https://news.google.com/rss/articles/CBMiXEFVX3lxTE5Ba1Bnb29mdy1wQ0s2WERnaTdaTktPSURKWnQwbE1PUnV3MXkwcm5qZEpHT1c4UU55SFZjemRLWnVfNXphN1djVWxvQ1Z6TEtlNmlBa2tHSFR1cE1C?oc=5,"Thu, 13 Mar 2025 07:00:00 GMT",2026-09-20T09:08:48+09:00
GoogleNews:SNS　買い物,SNS　買い物,【2024年オンライン消費者実態調査】オンラインショッピングの際の情報収集、SNSを利用が28％ - PR TIMES,https://news.google.com/rss/articles/CBMiakFVX3lxTE1iR2YxU1BJTktzR0w3dUoxaXEwSUQ3Zmx6ZDNKbnVuLU85cXIwcmI5d3ZISTdPRkFNa292d2NGSXItOWhiN2JYSnltTmttdjM2ZHlndm5INGM1ZjcwYllIU3VIa2pVS2VLUnc?oc=5,"Thu, 04 Jul 2024 07:00:00 GMT",2026-09-20T09:08:48+09:00
GoogleNews:SNS　買い物,SNS　買い物,"SNS で大人気""べじまる""の「レジカゴぴったり」ショッピングバッグが発売！ - （株）Gakken公式ブログ",https://news.google.com/rss/articles/CBMiXEFVX3lxTE9qcmRPQVV5M1htMTZIRllBVDMwLTh5Vl9vZFJOVmxQMkxxaklPU2ltNzJtTDVfWk8zVGNGdFA2ejRQcHY1cmFXV2tFNWI0S2t0bmx6WlJCZXR6Y0lQ?oc=5,"Fri, 04 Apr 2025 07:00:00 GMT",2026-09-20T09:08:48+09:00
GoogleNews:SNS　買い物,SNS　買い物,SNS、投資サギかも 門別署と町、富川高合同 買い物客に被害防止啓発【日高】 - 北海道ニュースリンク,https://news.google.com/rss/articles/CBMiTEFVX3lxTE5vcTNOZHYzQkJMajZqSV93engwZ0J4Ui00U3J2cXpVQUQ0Y2twd1J0UjBWcWw5cWozQU5GUHNxVGpBcXZEb1hFTm1qeVU?oc=5,"Mon, 21 Oct 2024 07:00:00 GMT",2026-09-20T09:08:48+09:00
GoogleNews:SNS　買い物,SNS　買い物,Z世代が「いい買い物をした」商品との出会いでSNSが急増、店舗での遭遇率は低下も、購入は店舗がトップ - travelvoice.jp,https://news.google.com/rss/articles/CBMiVEFVX3lxTFBaUDV0cTFubWxBTktxbjk3NkpNTERhRV9iTzdYMHhuczlqbnlCMlo4Y1lrRTRaQ2hSY2VKVEkya2pscUNhTWxsbUFpb0wtY3c1bEZrTQ?oc=5,"Mon, 07 Mar 2022 08:00:00 GMT",2026-09-20T09:08:48+09:00
GoogleNews:SNS　買い物,SNS　買い物,買い物メディア「your SELECT.」公式SNSのショート動画が累計1億回再生を突破！本格運用開始から1年で総フォロワー数も13万超 | 株式会社キュービックのプレスリリース - PR TIMES,https://news.google.com/rss/articles/CBMiakFVX3lxTE5hNkNHYk9oeFBhSjZXTTlyNktQQzA3MmdKSzk3WE9vTlctcXpDb0FTVUhBZEowb0JLTkZtbEY5OF83ZTlQdHFOenV0elkxZDd5aWVtTjBVMUpkaGJjeTlfU3B4Z25HX0RaSVE?oc=5,"Tue, 03 Sep 2024 07:00:00 GMT",2026-09-20T09:08:48+09:00
GoogleNews:SNS　買い物,SNS　買い物,がん治療研究を応援 SNS投稿や買い物で／Support cancer treatment research through socialnet posts and shopping. - TOKYO MX,https://news.google.com/rss/articles/CBMib0FVX3lxTE5lTk9MZEhPaW40SnZUUjUydHZuM1VjQ3YtcDM0OHIwbkZ4OThfeXR0TlFqaXRSbS10Z3hpWE5qcDZNN0xWY1FQb2NwVVcxR0xkeXBXNG1fSHNqaC1URHVLcnpLVHZ6MHJVaWZtVTMtSdIBakFVX3lxTE4yT2NKLXlrN3pyaWZKMXNXM0lSV1VUX2tpS2JrSTZ1LXhzZThBNXhYamJNNC10X2RSN2xrSy16dUhzOXZ6YUdKSmlNVlBybmtzR285ckdsYkhZY3YwbDZkYzBqU2I5SE1XeUE?oc=5,"Mon, 02 Sep 2024 07:00:00 GMT",2026-09-20T09:08:48+09:00
GoogleNews:SNS　買い物,SNS　買い物,【SNSで話題沸騰】丸くてかわいい野菜の妖精“べじまる”初の公式BOOK！「レジカゴぴったり」のショッピングバッグに描き下ろし漫画10話掲載のミニブックも付いてくる！ | 株式会社 学研ホールディングスのプレスリリース - PR TIMES,https://news.google.com/rss/articles/CBMiakFVX3lxTFA1MGIzMm5QeUJBUlRCcWZCMm45Y1FjSUhTRkczS3lkNmdldGVoaWNHRXhTampDY21IMjhmN0prRjY4WTEyZDBOZHZaYlZuWkdJbmRPRXVCVlk4Vm0xeW81cW5jcUJMQ3hlRnc?oc=5,"Fri, 07 Feb 2025 08:00:00 GMT",2026-09-20T09:08:48+09:00
GoogleNews:SNS　買い物,SNS　買い物,オンラインと店頭の架け橋になるのはSNSコンテンツ 買い物の効率化と楽しさが両立する店頭販促が鍵 - 宣伝会議,https://news.google.com/rss/articles/CBMickFVX3lxTE1lbm1Lb0l5WTN0UTVUalJaa0pSaXVBM2tiZXNlenExRzJlalM1Q2hYZllBWmJWWVdtYnRKa2Jib3I5ZFE2V1oyUzJWeENaUXFRSDZvQUdEOEZTczhWWHpTTmpzQVlCeE1NbEt2QldMT1NUZw?oc=5,"Tue, 28 Jan 2025 08:00:00 GMT",2026-09-20T09:08:48+09:00
GoogleNews:SNS　買い物,SNS　買い物,｢買い物依存｣｢SNS｣｢お酒｣うつが悪化するNG行為 しがみついてしまうことで良くない状態になる - 東洋経済オンライン,https://news.google.com/rss/articles/CBMiUkFVX3lxTE5vaXdzYl9aMUtnbVJxLXJXVUJVVkc0dWoySkNncWFaQWpTY1ZMSzVQUU1vT3ZmYW1CUlJYMFdmXzBDQ3NCbjBoWlJ4a1RZdGZOaUE?oc=5,"Tue, 18 Oct 2022 07:00:00 GMT",2026-09-20T09:08:48+09:00
GoogleNews:SNS　買い物,SNS　買い物,オンラインAI 接客×SNSチャットでECの買い物体験が向上 Appier (エイピア) とピアラが手がけるサービスとは？ - ECのミカタ,https://news.google.com/rss/articles/CBMiVkFVX3lxTFBSaXlpU191cklKZER5bzhZT292MDBISVR5MWxpdEhPV2xpUWVWYm5teEpYWGxVbHFoMXZybktCZnNWM0ZSTzQ3bjFINW5XeVBMYnFkMlRR?oc=5,"Wed, 10 Aug 2022 07:00:00 GMT",2026-09-20T09:08:48+09:00
GoogleNews:SNS　買い物,SNS　買い物,「絶対失敗したくない」大学生の買い物はSNS至上主義「公式信頼できない」 - 高校生新聞,https://news.google.com/rss/articles/CBMiW0FVX3lxTFBDeEgtNFprd3k4NjJRcWRQdlo4YVZhZGNuRHRtNnh5QUNWMmthSm9MYmpNRUtUbXpGazI2TjRibkdGUXRkUGN0QjhqSE5KYTVISW5ZLWJyZ3ZLaHc?oc=5,"Thu, 09 Jun 2022 07:00:00 GMT",2026-09-20T09:08:48+09:00
GoogleNews:SNS　買い物,SNS　買い物,スーパー利用者9万人に聞いたお買い物に関する調査 - 株式会社ロイヤリティマーケティング,https://news.google.com/rss/articles/CBMiTkFVX3lxTE5oV3cxYmdxbHFJckp1TXJwS0NBSUFQVGhOd1lCYXdYYzZNRmZTVGFDbGtaTTBBOXNPeEhxSDZmaXJENjN0dkZSOWdHSTJ5dw?oc=5,"Wed, 31 Aug 2022 07:00:00 GMT",2026-09-20T09:08:48+09:00
GoogleNews:SNS　買い物,SNS　買い物,悪質なショッピングサイトやSNSを利用した詐欺にご注意ください - PayPay,https://news.google.com/rss/articles/CBMiVEFVX3lxTFAyclBWUTk4Nm1ITFZidkhrNUVKWTFfZFdoOXFMako1aC1UME9Ib2U3Njk5b3BWY1pYcFBTUGNDNzJIRy1qZ1ZYR3FmNUV1SG1Fc2U4Qw?oc=5,"Mon, 16 Dec 2024 08:00:00 GMT",2026-09-20T09:08:48+09:00
GoogleNews:SNS　買い物,SNS　買い物,「買い物依存症」「SNS依存症」 “止メラレナイ”はあなたの身近にも潜んでいるかも…？ - ABCマガジン,https://news.google.com/rss/articles/CBMiV0FVX3lxTFBHR1lPbktfT0F0WUh0NTNpRER4X2t1bUdIczJEZFoyTWlhMlR2MVc2RDhCTjAzVE91QzJkN29vQkstN3gzcm9mRk91NGs5MzhxSVltMWZ0aw?oc=5,"Tue, 30 Apr 2024 07:00:00 GMT",2026-09-20T09:08:48+09:00
GoogleNews:SNS　買い物,SNS　買い物,PayPay、悪質なショッピングサイトやSNSを利用した詐欺に注意呼びかけ - k-tai.watch.impress.co.jp,https://news.google.com/rss/articles/CBMiZ0FVX3lxTE1MSS1MY1RqRFhfVm9mdkg0bHMyQzNCNDB4MExvRExfZ1VhS3JtM3ZDVlNnelFmd1ptTVh1Y2c2bHlmRk5PVkdRb0taYlFYUElqbi1EWUFQZVJXZUZDYV9Bc1I1RHNiOGM?oc=5,"Tue, 17 Dec 2024 08:00:00 GMT",2026-09-20T09:08:48+09:00
GoogleNews:SNS　買い物,SNS　買い物,PayPay、悪質なショッピングサイトやSNSを利用した詐欺に関する注意喚起 - ECのミカタ,https://news.google.com/rss/articles/CBMiV0FVX3lxTE1jREsxVDJMM0xoaUNjRU1DRHRYajdlMjBtYkVKYkpIdVVyUHhxQWJwdWh2RG1KVE1FNS1PUURPbVVkTDR1TlVwUTlCR0lodTU1X0xIcTJkcw?oc=5,"Tue, 17 Dec 2024 08:00:00 GMT",2026-09-20T09:08:48+09:00
GoogleNews:SNS　買い物,SNS　買い物,取引手数料完全無料SNSとショッピングの複合アプリ「売買（Buy Buy）」をリリース - PR TIMES,https://news.google.com/rss/articles/CBMiakFVX3lxTE1aZkFVczBvMUJuWVhlSGRGeE5BWnoxa3FmSDIzNU15MDg2SUFCTTJWZThkc3E3WmFYRUItd0xXMjZMSEFoQlJFX1U4Q3htY0xXNV9xZVdPRnJldHFVeTAzQU0zS2R0UjFrOGc?oc=5,"Thu, 17 Dec 2020 08:00:00 GMT",2026-09-20T09:08:48+09:00
GoogleNews:SNS　買い物,SNS　買い物,【主婦層リサーチ】SNS利用と買い物行動についてのアンケートを公開 効果的な主婦向け広告手法が明らかに - PR TIMES,https://news.google.com/rss/articles/CBMiakFVX3lxTFB1UWZ5cVNNbU5mTlFza185OW5KWkR6bFc2MjY3VTNkNkF4ajV0TUFoelZzVXlfc255TWhsVXVpTnVOTFZIUmV2QWxvTkd2YkJCODJGeE5mTW5aeW1hUmsxQ0FzOGZydXBieEE?oc=5,"Wed, 11 Nov 2020 08:00:00 GMT",2026-09-20T09:08:48+09:00
GoogleNews:SNS　買い物,SNS　買い物,大型商業施設利用に関する意識調査、利用目的は「買い物（95%）」「飲食（64%）」、期待するのは「何でも揃って便利なこと」 - PR TIMES,https://news.google.com/rss/articles/CBMiakFVX3lxTFBUeUhhb0JRVThlYXpRVDBzVmZDVXBFN3NLaFpjN1Q4ZVhFWTl6eTQzY2VBeHZTUkxRX2NybmFFNVIxMlFSZVFiUjdvN1pfYnZ6cTVuSUQ3OW1SR0RDZWtuR181VlFQb0hpUlE?oc=5,"Thu, 09 Dec 2021 08:00:00 GMT",2026-09-20T09:08:48+09:00
GoogleNews:SNS　買い物,SNS　買い物,【ＳＮＳ特報班】買い物や自治会 影響懸念 「縮小社会」読者の声 - 宮崎日日新聞,https://news.google.com/rss/articles/CBMicEFVX3lxTFBKNWp6NDZFLWdTTUpvRTJOYmEtZ2pTUFU0YWEyZ3dzWjVPZkRmSElGUmdkZHhhSWR0ZkhzUXpxWUt2QVBlUE1HcGpWdndoWWZoMmpTMXVyejExa2FEX2VYNDU3czVhdlhlQVJqLU9hZmU?oc=5,"Wed, 17 Apr 2024 07:00:00 GMT",2026-09-20T09:08:48+09:00
GoogleNews:SNS　買い物,SNS　買い物,SNS投稿・拡散や買い物をしてがん治療研究を応援する「#deleteC大作戦」開始！ - straightpress.jp,https://news.google.com/rss/articles/CBMiU0FVX3lxTE1abEpUUkVBWW5BUUliSGRlaDNhSXVGSEQ3YnY4LWdBV3dCY3U3Wjhvb01tYmNjQmplRzNONEpvZzU5dzdnaWdjYXNOZDBDOUlnSUM0?oc=5,"Wed, 28 Aug 2024 07:00:00 GMT",2026-09-20T09:08:48+09:00
GoogleNews:SNS　買い物,SNS　買い物,ドラマ「満タサレズ、止メラレズ」買い物依存、SNS依存に向き合う麻衣＆美穂のKV（コメントあり） - ナタリー,https://news.google.com/rss/articles/CBMiTEFVX3lxTFBLaGZsNHdQOHRMVmxHZTNHZ0otTGFqUThyMU9QcURZX0Judk1rM1BXZzUyaDZjMnRORmQxelNxWjVaN2ZKaHpiVlhiTDY?oc=5,"Thu, 06 Jun 2024 07:00:00 GMT",2026-09-20T09:08:48+09:00
GoogleNews:SNS　買い物,SNS　買い物,若い人ほどSNSの投稿を見て買い物する意欲が高い、SNSが与える消費行動への影響調査 - ネットショップ担当者フォーラム,https://news.google.com/rss/articles/CBMiT0FVX3lxTE1OTk0yY0VsRkpYOEQzU1phVjJmQTZlUW1nYlBTLXo4TGhoaTNHZ3RMREgtTVdfVkxNRlp2U29SVklwbWEtdnVIZkV3aFpfSm8?oc=5,"Mon, 17 Nov 2014 06:00:27 GMT",2026-09-20T09:08:48+09:00
GoogleNews:SNS　買い物,SNS　買い物,買い物メディア「your SELECT.」公式SNSでの動画総再生数1億回突破を記念して紹介したアイテムの中から、いいね数が多かったアイテムBest5をプレゼント！ - PR TIMES,https://news.google.com/rss/articles/CBMiakFVX3lxTFBUWVZ2b2hIcGMwdW9jaVRyY2s3ZFk5ZUhPVnFmdGRvN25WM2lLWUFxTEhKaWtSNnUxNWJGM3o3UmQ0Y1diZHFGWUF4TXI0ckExVWxteTc1NW54bUg0bUxGWWl2RVlTTjVOQmc?oc=5,"Tue, 03 Dec 2024 08:00:00 GMT",2026-09-20T09:08:48+09:00
GoogleNews:SNS　買い物,SNS　買い物,｢買い物依存｣｢SNS｣｢お酒｣うつが悪化するNG行為 しがみついてしまうことで良くない状態になる - 東洋経済オンライン,https://news.google.com/rss/articles/CBMiX0FVX3lxTE0yMVl0eDlnOTVjOEgyM1lueGxIZkJVSFFoOWpQSk1ONmk1R2tocjFFbk1tV3ZzN0tNVTlNVkI2bllWYU5kdXc4em82V2RwWXFTQWVnX1VVUWx5OFV1d1gw?oc=5,"Tue, 18 Oct 2022 07:00:00 GMT",2026-09-20T09:08:48+09:00
GoogleNews:物価　家計,物価　家計,【解説】日銀が3か月ぶり利上げ…政策金利1.25％に 家計・物価・為替への影響は？ - 日テレNEWS NNN,https://news.google.com/rss/articles/CBMifEFVX3lxTE1wTDFvOGp2dURDQWg4ZzdVVVlyYjB4UjZHbVlGZlY1WWpZWVdYUXkwWE80TWZrMzhUMmRLRnRMV3pMMEM2Y0R2NVFsR3l6MUJiMmpvb21pV2NnUmZrVUNESm1OaExRZEFGWUlYMFF2MVYzcGxDV1Z5WXlKSmc?oc=5,"Fri, 18 Sep 2026 09:15:00 GMT",2026-09-20T09:08:50+09:00
GoogleNews:物価　家計,物価　家計,物価上昇などの影響で日本で家計消費が萎縮した中で、ゲーム機やアイテムなどゲーム関連支出が特に増加傾向を示しているという調査結果が出た。16日付の日本経済新聞（日経）によると、総務省の家計調査でゲーム会.. - 매일경제,https://news.google.com/rss/articles/CBMiT0FVX3lxTE5HcEdjaGsxWFdScnAyUDFSVWRHR2hjbDIzVGJtdU40MFFEQjA3emp5ZDV0U251UTlKd2RhbG4yQVdfdG1USExzTEFUU3RlR3M?oc=5,"Wed, 16 Sep 2026 09:31:24 GMT",2026-09-20T09:08:50+09:00
GoogleNews:物価　家計,物価　家計,家計のインフレ予想「0％」は消失も、「2％」が定着しない理由とは？物価と為替を安定化させる“アンカー”不在となるリスクも - キヤノングローバル戦略研究所,https://news.google.com/rss/articles/CBMiWkFVX3lxTE1FQWpSdlFwcnhoTG53U1pqM2V4MG5VSDJiVURoTGpMY2hGZ2U3dlFhd2tPZHhwYmRxWVBoNzI3cGF6Q0FvVkxXd3JweVdPSVJYd04zMVRMRXp0Zw?oc=5,"Thu, 27 Aug 2026 07:00:00 GMT",2026-09-20T09:08:50+09:00
GoogleNews:物価　家計,物価　家計,1食351円へ下落のカレー物価。エアコン代高騰の夏に、あえて食費を切り詰める「家計防衛」のリアル（LIMO） - news.yahoo.co.jp,https://news.google.com/rss/articles/CBMif0FVX3lxTFBabE85bWM0dDZQRXdpT005eG1pV3hGcnFfN2g1Wnd3VV9hNjNZSUk2Q1NtM2t3NnJ6eFBRN1BkV1NDVTNlY25lT2hpdEx6ekJvdXlqT0pHaHpCUl92QTZMdTUzR3VudnR1dkRwR2NMNE9MWmw0S1dqRVRaTFFJblk?oc=5,"Thu, 10 Sep 2026 15:41:00 GMT",2026-09-20T09:08:50+09:00
GoogleNews:物価　家計,物価　家計,名目成長率急騰、企業・家計・政府に温かさ拡散…物価・家計負債には警告灯 - jp.ajunews.com,https://news.google.com/rss/articles/CBMiW0FVX3lxTFBhcDN2bmpnVDFTNmVkcWZKanRfd3FqcFM3VEJEbFpONWZuelFuSTFpVmVJRjRlLUxDTndWT09YRTZOamItWUtZcWV4V01TZ2J5VGxPNDQ3VFRSTnc?oc=5,"Thu, 10 Sep 2026 03:08:20 GMT",2026-09-20T09:08:50+09:00
GoogleNews:物価　家計,物価　家計,6月の消費者物価が低下したが家計の実質負担は軽くならずFRBの利上げ可能性も消えない - mezha.net,https://news.google.com/rss/articles/CBMiaEFVX3lxTE8xa3JBdm1IOEVaMEZvR242d1VpTEZ0SzhoWXctYTUxN3ZNSVFSRWhKWmFQYndCRkkxY18wVHI5b1l2dWhvejlGZmpEazl0VVRpaU1NTGxaUTZqWDliRHB3RjJ6QVZxTGIz?oc=5,"Sun, 06 Sep 2026 14:15:38 GMT",2026-09-20T09:08:50+09:00
GoogleNews:物価　家計,物価　家計,家計支出の調査で品目見直し 巨峰→シャイン 煮干し→塩サバ - asahi.com,https://news.google.com/rss/articles/CBMiZ0FVX3lxTE5lUGN4SGJmWlRWOFVIa1ZxTjY4OHpkc0p0Z1NoNy02N2szUGxMVUhzUFhBOHdDMlBEalYyd05aeldOZExRUGwxSVp0T1BmQ3lNY1hQdmktTlZLMnNiME15bllUS1hmY2M?oc=5,"Fri, 07 Aug 2026 07:00:00 GMT",2026-09-20T09:08:50+09:00
GoogleNews:物価　家計,物価　家計,家計調査が映す「切り詰めても軽くならない」食費。エンゲル係数は1981年以来44年ぶりの28.6％に - LIMO | くらしとお金の経済メディア,https://news.google.com/rss/articles/CBMiVkFVX3lxTFBVWmE1TE1JRENJeExiWGRkem1zbUo1NlF3TnJSUWpINUZUTEhEZ2NEZ3dvcGRLTkdYRngxYlRwVWZLNDBDZXBHRlVBUzFTalFXYTBIRmd3?oc=5,"Sun, 13 Sep 2026 07:06:00 GMT",2026-09-20T09:08:50+09:00
GoogleNews:物価　家計,物価　家計,"【衝撃の物価！家系ラーメン一杯5,000円】スイスの「町田商店＜Machida Shoten＞」実食レビュー！ - TABIZINE～人生に旅心を～",https://news.google.com/rss/articles/CBMiS0FVX3lxTE5nQVlJaWJESGZxcXJ3QjUxb3pEVnlDUnBteVdsTDVsX092NEZlRkluSUxRUmQteVJCZ0RRNng3UUI1LUZuQVd5RGFGOA?oc=5,"Tue, 08 Sep 2026 22:30:01 GMT",2026-09-20T09:08:50+09:00
GoogleNews:物価　家計,物価　家計,物価高騰が続く中、給食のない夏休みで家計負担が増加 | 一般社団法人全国フードバンク推進協議会のプレスリリース - PR TIMES,https://news.google.com/rss/articles/CBMiakFVX3lxTFBhQkIzVFhyT0xCX3RoZnVyS2d3OTg3YzZkZG9VcjNOWGhZa1dNbzNjTE8zZnVISDVmR3YySXE1eGZXaTBTYThfeV9HYTQtSHdNRVd2LXFlYjByRWVfazRYSmFHaW0tanp1dmc?oc=5,"Mon, 15 Jun 2026 07:00:00 GMT",2026-09-20T09:08:50+09:00
GoogleNews:物価　家計,物価　家計,令和6年消費者物価地域差指数の概況 - pref.ibaraki.jp,https://news.google.com/rss/articles/CBMiiAFBVV95cUxPMDkwa0pzc0ZoZTNlUTdvWlZaeFA2U2M3bmdyS0FyNHJYTHdacjZaYkhzSnJUb0h2QXVuVlg2d3JmcHE3UF9Oc1Y0MXJvOE9WLVZMQzVxd1hCaDgwQTg2aFp2SkF6OEllUGRzbWQ1YTE3cGI2Snh1Z0JsQkV2THpfOXRfY0l2X2R4?oc=5,"Fri, 03 Jul 2026 07:00:00 GMT",2026-09-20T09:08:50+09:00
GoogleNews:物価　家計,物価　家計,高砂市家計応援事業（プリペイド型ギフトカード配布事業）について - city.takasago.lg.jp,https://news.google.com/rss/articles/CBMikwFBVV95cUxNMm1LaDVmZnFZNXlBdElGbk9lUV9uS1JRd3pfM0FOREd5WWw3UGlCYjNUZzFxM0E4Z1Q0Ry1nMTVNTjZyMnFlMmQ1QW1fdG01a2dONjVVOHdTa19KOE9tYkZraV9kZWc5Z0xaQjZGSmVJTGFjY3ktSEhrN3NOWS1IX3hxa2ZZZjFMUGx3bmdQeWx5VG8?oc=5,"Thu, 21 May 2026 07:00:00 GMT",2026-09-20T09:08:50+09:00
GoogleNews:物価　家計,物価　家計,家計のインフレ感が高まり、日銀の利上げの根拠が強まる - アラブニュース,https://news.google.com/rss/articles/CBMi_gJBVV95cUxNcjRPYnBwNnhGenR2WVcxNjNvZWRqYVM0MktKR0hCNXRfdUxIM0hPd3o0OTVEQkJpUTVzMW5MajBCQzVCU2VtcDJHckNJUjFkM3ZKUDFMaTQwb1U3cjJVdFpBNl9jNkRRU2hWVC1NZUxjcXBNZF9ibmxCcmhuX1A3czkyRUhBY0VqVzBkdkRCc1dxdFZjTnh6c2tDSVNCS2ViMHJBbEh0akVFc2FBSjRndXo0M2g2VURmM09DRXc1UUxyblBuaVMwU0hYQ00weUU2VXFEU1lwdHFmMWVEbzlzX3VzNlFYUUQydDFXNGUySGVkZVM1VTR0RkFTWnlIQnRMMGNPZWxBblpmTFh0MWV1Z2lLbG5jdEU1T1FtNTRGVzhKRGs0aUZGeDFfVGw2aFpMQkxaMkd1dmRnNlNvYUJyTDQzM0ozcmVKdDBEOTk4cDh2NlduNTh1emlMZk1vRkJwbU9SY0xBS0RocmpIbDBybXcwRHc1M1hWbmpOX3p3?oc=5,"Thu, 16 Jul 2026 07:00:00 GMT",2026-09-20T09:08:50+09:00
GoogleNews:物価　家計,物価　家計,エネルギー価格高騰が家計へ及ぼす影響－イラン情勢を踏まえた現状と課題 - nli-research.co.jp,https://news.google.com/rss/articles/CBMib0FVX3lxTE9lSXRzVW01X3BvWWZNNUgzd0ZYeFVMYnFIdldhM01wSDJzTVU0Z3o1YVJ2dzZwN2tLQzNWNWJuQk5sWTdwTXNHbzE5bHZObUZOUVh3dGNLcDRjenM2c0dvVDlxS0t3T2pEQ24tZ29wTdIBf0FVX3lxTE5lQkI0WVRwa0FnWXE2dHNJTVVZYkdFeHozdWdCeDlDLWlLT09sTXhsMXNSV3l1X1VCR2NRaUlydG1wMW9COExvRXdVVFpWbGZFM2RYWTJ5dlZSTExsWU9jR0NheVppQnNoZ1RzZ2dwX19ZSnh6OXB4d25YbHE2ZTA?oc=5,"Wed, 27 May 2026 07:00:00 GMT",2026-09-20T09:08:50+09:00
GoogleNews:物価　家計,物価　家計,金利上昇とインフレがもたらす日本経済および家計への影響と構造転換 | 永濱 利廣 | 第一ライフ資産運用経済研究所 - 第一ライフ資産運用経済研究所,https://news.google.com/rss/articles/CBMiW0FVX3lxTE1mTUR0LTZPV2RDUE1yUnFpdjJlbEtCWFNHYmNkV2hUNTN0ZXhFMHp0dVlHU2FMdlhURkwwOUg2VW9DcmVwTUpyOFIzdmZVdzM5V3MyZmxkZG1RZWs?oc=5,"Thu, 18 Jun 2026 07:00:00 GMT",2026-09-20T09:08:50+09:00
GoogleNews:物価　家計,物価　家計,第2四半期の家計調査：3%台の物価上昇、下位20%世帯の生活費増加と月28万ウォンの赤字 - jp.ajunews.com,https://news.google.com/rss/articles/CBMiW0FVX3lxTE85OEJ3S09VbUJGLU9CMGEyTEFfN0pVTDBISGpKSUp5UjVsWWxLZE4zblgyU0M3RGxZMklqNm0tMU8wWFNhSW1HcXRtZU14SFk0UmRtZWRDUlgtdDQ?oc=5,"Thu, 27 Aug 2026 07:00:00 GMT",2026-09-20T09:08:50+09:00
GoogleNews:物価　家計,物価　家計,【約9割がインフレを痛感】体感インフレ率は平均34％と政府発表と大きく乖離！限界に近づく家計防衛の実態調査 - PR TIMES,https://news.google.com/rss/articles/CBMiakFVX3lxTE0zdTRCVllHSThvNDZtVEI0QW5lWEZCbTNHNm13TUEwcHhFblp1OEVJUml6LVphZGhmX18xWmpoRGpmd3p5VGtZVGs0dVRyaTJSaGdlWjlVWXNJaENpOEVYekxfLUplWFJHZ3c?oc=5,"Fri, 24 Jul 2026 07:00:00 GMT",2026-09-20T09:08:50+09:00
GoogleNews:物価　家計,物価　家計,令和5年消費者物価地域差指数の概況 - pref.ibaraki.jp,https://news.google.com/rss/articles/CBMiiAFBVV95cUxPQ3ZUdWljLXRDRXRqeFRuRFA3RU5LbllrTmpSNjVhcms0NU5Obkt2b01hSTVaa2NIYWtaODNTcFNlR21hWXp2ZElFSTdJeHFROUNkSVdMSll2ZWMwZjlvTElsRXZkLVo4c1hVQk02cnJfSWNLOEZqcDFVOXl4czY1d2QxSFdSeEhi?oc=5,"Sat, 11 Jul 2026 07:00:00 GMT",2026-09-20T09:08:50+09:00
GoogleNews:物価　家計,物価　家計,４世帯に１世帯が「赤字収支」で ❝ 懐の寒い夏 ❞ に！？「物価上昇」を受け約半数の家庭が「出費増」夏のボーナスは平均「54.0万円」、使い切るまでの平均日数は「55.2日」に | 株式会社ＦＰパートナーのプレスリリース - PR TIMES,https://news.google.com/rss/articles/CBMiakFVX3lxTE0yZW85SGxZRE1penBQM3pUN3Btb1ZuTU9rSjJyNEVMM0I4aWlHc245ZTZRZ2dKUVljRHlQVEFFNDZpNEtmUXlwNXNibEFHOHA2X2dWSTZWQnJFOHctN1JxNzQzYllfMW1oNnc?oc=5,"Mon, 17 Aug 2026 07:00:00 GMT",2026-09-20T09:08:50+09:00
GoogleNews:物価　家計,物価　家計,日銀調査で家計や企業のインフレ期待の上昇続く、利上げ路線を支持 - Bloomberg,https://news.google.com/rss/articles/CBMid0FVX3lxTE9WQktHaTFieUdOSEkwd2lOOFd2WVplczJhX2M4dFdwbXp1WWtWY2hBaGtWY2FBY1FNS3JGYnRrb3NzZ2poUjNWQTNkR191OHhWc3JWODd1WHRIVlFDNzBFT1M3am1hbU82eHRFdEt6UWlGQzh6VGRv?oc=5,"Thu, 16 Jul 2026 07:00:00 GMT",2026-09-20T09:08:50+09:00
GoogleNews:物価　家計,物価　家計,暑さが物価を動かす「気候インフレ」－家計圧迫、低所得者層は食料さえ遠のく時代に - Bloomberg,https://news.google.com/rss/articles/CBMid0FVX3lxTFB3T2E0bU5QQ2hDQ0hqcTM4WDFEOWVuX09GOVFhaTJZTGtVOTRTVEhZN1FUd0RKa09fb2hQQVdwS1Rka0pZYkZqRWIzSnZKV1dWLWVyODc1aHBObW9qUmtpekRyR0w2ckpGWDJ0ZmRkRHBEWVAxSU9J?oc=5,"Sun, 03 May 2026 07:00:00 GMT",2026-09-20T09:08:50+09:00
GoogleNews:物価　家計,物価　家計,賃上げ5%でも家計が苦しい理由、コメ高騰と物価が奪う購買力 - mymo-ibank.com,https://news.google.com/rss/articles/CBMiSEFVX3lxTE93YkV3SU9KdzNyYlEwN3dkaWQ1NnNoR2NZN3BtRXpNZkNpU00zU3BEZ04wRV9xejJub01vWG5hUFNhR2hiS1EwZQ?oc=5,"Fri, 03 Jul 2026 07:00:00 GMT",2026-09-20T09:08:50+09:00
GoogleNews:物価　家計,物価　家計,「物価の安定には時間がかかる」家計圧迫は続く？原油安で景気に追い風も――生活必需品は遅れて値上げか - 日テレNEWS NNN,https://news.google.com/rss/articles/CBMihwFBVV95cUxQenhhNnhOLUVUcXByRkczd0tFNWpPcTFDempPNEZobEg0VklhdDlQWTFaZ1pMSS1TRVdCekFZYVdlck5mZTFBQTRacGdGczh3MlZUT0l4YWlpcHZCUG9tOXYxLTBrUDQwV0g2NVR4SV8zRllKbkttQ1h3V0hHMl9NOC1EREhPM1k?oc=5,"Tue, 16 Jun 2026 07:00:00 GMT",2026-09-20T09:08:50+09:00
GoogleNews:物価　家計,物価　家計,独身男女611人に聞いた…結婚の最大の壁は「物価上昇」 未来の家計に警戒感強く（まいどなニュース） - news.yahoo.co.jp,https://news.google.com/rss/articles/CBMif0FVX3lxTE1BeWozaE52a2xkWnlrNXl5RGNOaFNWRngwdDViYXFWaTMzUHgwa2pkRXBiMGQ2UUpTYUxsdXl1U1MzN0tpQkd5SEZFY0Q4bnhHUW02eERMd09kVjc1LUVQQ3pXZjUya25TTXcwMG0tdmRWN1Y1b21nV2c5dkFqdTQ?oc=5,"Wed, 08 Jul 2026 07:00:00 GMT",2026-09-20T09:08:50+09:00
GoogleNews:物価　家計,物価　家計,【日本のチップフレーション】メモリ高騰が物価に与えるインパクトを試算、「家計の一人負け」傾向強める可能性 - JBpress,https://news.google.com/rss/articles/CBMiVkFVX3lxTFBRNk92bTJmaURMSUFRYU5vVTNHZ1FuNHVDWXE0cVlwOVJoQ1VtZ3Q2VENTdGw5VDFqQkRPX2JfNXNnVWgtdmhrLWNpOW1yWEFDY1dkWnZn?oc=5,"Wed, 05 Aug 2026 07:00:00 GMT",2026-09-20T09:08:50+09:00
GoogleNews:物価　家計,物価　家計,家計を応援 物価高騰の中でイオングループが食品などを値下げ - khb東日本放送,https://news.google.com/rss/articles/CBMiT0FVX3lxTE5lUTlFNVB3ZDN3ZHVrV3NKWHpxMFdXUEp0aXhVLXd2N2hISnd4b2czc0JSSHZsanlQbHNhMmVSTW51Q1l5cEIxbE1SUlVKbXM?oc=5,"Wed, 20 May 2026 08:41:17 GMT",2026-09-20T09:08:50+09:00
GoogleNews:物価　家計,物価　家計,6月消費者物価1.6％上昇、3カ月ぶり伸び拡大 値上げの夏と猛暑が家計圧迫 - BigGo ファイナンス,https://news.google.com/rss/articles/CBMidEFVX3lxTE9BMVBwSlU0MnBvSS03UGhBWlRKZDVISTBVTTYtSV9QSEN0bG5FU0Vmdk9UVUZEVHY4eThOYTRTSW1lbHpmSE8yMTRhbkNUMkw0MW1QZ1hmOWNMWHVQMUtfeDFRTTBSZkZVWmpveFNkZEdZRkNf?oc=5,"Thu, 23 Jul 2026 07:00:00 GMT",2026-09-20T09:08:50+09:00
GoogleNews:物価　家計,物価　家計,家計負担「年間4万円増も」 原油高で忍び寄るさらなる物価上昇 - 毎日新聞,https://news.google.com/rss/articles/CBMiaEFVX3lxTE10YlJHS3dYc1hXZF9xNU5KRlF3M0JZRzA4VUF0NW5ZMUZLMmMxY08xdmFNTkUxREtfbmd5a21JQ1N6Z2JCT0JHZVFaT1BHYTdqTEVxWkdvRmRnN1pUbjNsNmo2Wm45OGFO?oc=5,"Mon, 27 Apr 2026 07:00:00 GMT",2026-09-20T09:08:50+09:00
GoogleNews:物価　家計,物価　家計,インフレによる「見えない増税」とは－物価高で増す家計負担の仕組み(Bloomberg) - Yahoo!ファイナンス,https://news.google.com/rss/articles/CBMihwFBVV95cUxPZEdBcXlpRF9XZkRVNk1DeEQtVl95Q0VibUpfZ3hETzk3LWJOTFdpYTJNUGV0akI3dkNnbEV3a3pFX01fMmtWM2l6akU1Wmtxc0o1eUNjOGJjSkNzMWhsUzZ3T0RtNkxiSzNjR2FqaVp6c1FtcGlQMGpmLTE0QTFtNTFBblE4V28?oc=5,"Fri, 24 Jul 2026 07:00:00 GMT",2026-09-20T09:08:50+09:00
GoogleNews:物価　家計,物価　家計,政策金利1％の家計プラス効果は「年1兆円」、高齢世帯は4万円プラスも住宅ローン抱える20・30歳代は4万円の負担増 - ダイヤモンド・オンライン,https://news.google.com/rss/articles/CBMiTEFVX3lxTFA2NDk4WldoMUo1WXVwZlQxRS1SczctQlVZY3lyQTJpVWhETjdqN0U5YTBTM045X05sRWpSWGRKd08wQTVaQmZlcE4wYjLSAU9BVV95cUxOaU92X2hRbmhjT2JsSF9fNWFWc1hMZUdKanpVc2ltejgyblBSZ0FPUDNvSWoxeUNPb0d2cmhfR1FDTjRPQ0JuazdKQ1MxTXFF?oc=5,"Thu, 18 Jun 2026 07:00:00 GMT",2026-09-20T09:08:50+09:00
GoogleNews:物価　家計,物価　家計,物価高騰に苦しむ家計を応援「プレミアム付き商品券」市内各地で販売開始「長崎かんぼこ王国」共通商品券も《長崎》 - 日テレNEWS NNN,https://news.google.com/rss/articles/CBMihwFBVV95cUxQSmJqSlI2U3hlWDNWM1E5M2MzVE5CY3lPRnhJSjFwRTgyOVJpcEVKZWRYeWJKanhaZ1k3SkNOYm9MckZvN2E2cFJCYjN4eUZ1a25MZ2dUNllVR3BiRFZnbHdzRlBDVFdUbDFsOURpUlR2WS1STFdDaTY0NU5jSDd2Ym9VNC1pVkE?oc=5,"Thu, 02 Jul 2026 07:00:00 GMT",2026-09-20T09:08:50+09:00
GoogleNews:物価　家計,物価　家計,物価高時代に家計はどう守る？ 「支出・貯蓄・収入」のバランスの見直し（ファイナンシャルフィールド） - news.yahoo.co.jp,https://news.google.com/rss/articles/CBMif0FVX3lxTE1LWHdveERubl9TQ05UYjNPMzlIUVJ5S0o5MU1DWXpieDNFYUpOLW5uNHNHcUJRWmxnTlRfcWhlOEI3U3hfX2R3SXNQTmVaNWNuQnNtdDRYdmVrR1RYMHh0QW5iSkdqN1B1cmZyOVpQUWJsS3l1bHlqdUVUbXhPWFE?oc=5,"Tue, 12 May 2026 07:00:00 GMT",2026-09-20T09:08:50+09:00
GoogleNews:物価　家計,物価　家計,【現役記者が解説】スマホ前提の家計支援でよいのか｜成田市デジタルポイントに高齢者から不安の声 - 選挙ドットコム,https://news.google.com/rss/articles/CBMiX0FVX3lxTE5aZTRaa1ltSnRWYjNpdHRtaEd0ZHZFM21UVnpuM1NteV9aakQyVlNJWFJKRDhkajVET1JsRURXSE91SklLclNmczAxUnUxTmhaalkzdTFKLWlFdUszcDJz?oc=5,"Sun, 12 Jul 2026 07:00:00 GMT",2026-09-20T09:08:50+09:00
GoogleNews:物価　家計,物価　家計,続く円安と物価高の連鎖：政府の政策が自ら円安リスクを高める：2022年以来の円安で家計負担は年間4.7万円に - news.yahoo.co.jp,https://news.google.com/rss/articles/CBMiiAFBVV95cUxOVWc2ZkJTamNSeUM4VmJaeTloWkFUMGo2ZjFHVS03Q3dGN0FrbFR0X3poMTFUN0JubnNPb2lvcGU5S29EaklGNnN2NjZIVWFnZXNTQ3poUkdndXBlU0hCRFowQS05TGQwYXhKT1B0N1VYZTFUc3poV2ZPb3Y1eGhveTh1ZTQ3ZHdO?oc=5,"Mon, 06 Jul 2026 07:00:00 GMT",2026-09-20T09:08:50+09:00
GoogleNews:物価　家計,物価　家計,身近な家計の悩みも、マクロ経済の動きもこの一冊で。『図解でスッと頭に入る令和の物価高騰』6／12発売 - PR TIMES,https://news.google.com/rss/articles/CBMiakFVX3lxTE9NV01GZzNyWHY1d1NJUTkzWHhlaHprbFR1a19jQnlSWXlCYVo1Z1RJZENaQm9ERUZwZ0hXdTdVbTlScWtKbVlfQmtiWG5VWkI1UDdtc252NmdZZWFFT2lTWHlOODJfb2lLS3c?oc=5,"Thu, 21 May 2026 07:00:00 GMT",2026-09-20T09:08:50+09:00
GoogleNews:物価　家計,物価　家計,「どんなに物価が高騰しても変更はしません」節約に励む世帯年収500万円・59歳女性が強くこだわるもの - All About（オールアバウト）,https://news.google.com/rss/articles/CBMiTEFVX3lxTE5aMFdIeEtWbGhzUmt0RW1NZVJIeVlOWkFmTDFDc1ZoSUpyaEVUdnp6dUktREdBeXMydDJMVkxlOWVDWWVBcFpvWEEwNXI?oc=5,"Thu, 18 Jun 2026 07:00:00 GMT",2026-09-20T09:08:50+09:00
GoogleNews:物価　家計,物価　家計,「物価高騰対策」としての家計補助 東京都と比べて少ない近隣県、格差に広がる不公平感 - 産経ニュース,https://news.google.com/rss/articles/CBMidkFVX3lxTE5sR0hoRDIwM1VfdEROanBGMUZyR2wxb2tLM2xpZ0VaUXB6NTZuZnQwSDdDOGVhRDhyTzNHSXlyRHF6OG5wYi1ZYkY4a0xNTEM1MUZLYmNuWWNKcUhkMzdOb3F1Slh4dGhMUUpwT1JxcTRRbGZQQlE?oc=5,"Wed, 27 May 2026 07:00:00 GMT",2026-09-20T09:08:50+09:00
GoogleNews:物価　家計,物価　家計,新登場！アップサイクル「はちみつ梅」。物価高騰から家計を救う、オフプライスストア・アエナから。 - PR TIMES,https://news.google.com/rss/articles/CBMiakFVX3lxTE9iNzVoc0dyU2tfa2tNRVBqaHdiUWZxbElVeW5ad3hpcnpjSWZocEdDNXVOT0JQajZVd2tBT3BUMHRFejlsTU5fMGVNdGE0enhyUVdxem5icHZWaFk2OGdCTWhFal8wSHZXWEE?oc=5,"Mon, 13 Jul 2026 07:00:00 GMT",2026-09-20T09:08:50+09:00
GoogleNews:物価　家計,物価　家計,"「食料品・飲料」９割、「ガソリン・交通費」７割――家計を圧迫する項目を挙げながらも、「食の安全・おいしさ」や「健康維持」は妥協したくない…――鹿児島「みなみパス」会員に物価高騰の影響を聞いた"" - 南日本新聞",https://news.google.com/rss/articles/CBMiV0FVX3lxTFB1bXZ2ZXhNZFVEU0RzQWgwZHRVNWJmX2s3dnVhTkJaY3FacEJSdm85bUFRWUhyV010eXl5eFBraE5nQS1RajR6aC1YZnk2MGJvZGxPZm1ycw?oc=5,"Wed, 20 May 2026 07:00:00 GMT",2026-09-20T09:08:50+09:00
GoogleNews:物価　家計,物価　家計,金利・物価上昇環境における家計の資産形成の論点 - nli-research.co.jp,https://news.google.com/rss/articles/CBMib0FVX3lxTFBBdVBsZDNCYXRueWdxLURjWWw1MXVHMUZlVEpkOTR2TFAxWVVpT0xnRHhJWWZuSTdRWjVFUmVFM0c2b1RXMkxsTXNyQjl5NDFpbHQ0RU5MZHhvM1FVRW8xNS1vV1cxYlVmbjVadXdTVdIBf0FVX3lxTE1DRlUxNFVkTUVtUVYwM2hmQkRTOWZ4TlBvT0dYZnMxZHVyOTBPYTZOLVFaZC1NVDdmTE55U2hWazVwY2ZfWENONjdlQnBudTBOYmFsM19WY1dkZ0RZNktDV2NyNndhMWoyaWNmTWhHdVl2YV82aDJZcGpNc01xTWM?oc=5,"Fri, 03 Apr 2026 07:00:00 GMT",2026-09-20T09:08:50+09:00
GoogleNews:物価　家計,物価　家計,クレーンゲームに並ぶ卵や野菜 物価高騰で「家計応援」も依存には注意 - 北海道新聞デジタル,https://news.google.com/rss/articles/CBMiWkFVX3lxTFBkSTRqcFpWV2c5SzFaUk5NVk5kVGt5aVFpMEFPVTlzR0dTTmQza3NXQnJYeWhzcWswOG53NGdwV2VZWkN2NHRvZEVnRFlrcXZYUWZaNTlPT2FKdw?oc=5,"Fri, 03 Jul 2026 07:00:00 GMT",2026-09-20T09:08:50+09:00
GoogleNews:物価　家計,物価　家計,"岐阜県美濃加茂市、物価高騰による家計負担軽減を目的に6,000円相当を給付 デジタルギフトサービス「デジコ」を活用 - AMP[アンプ]",https://news.google.com/rss/articles/CBMiW0FVX3lxTFBQSHFxSHpvWDBFV1JEdUZuQlBTUWNaUm9Ob0l6dm5PQl9NbUdwejI5TllJSzVxcnowTHNUS0s4YlhoRmhVQlFROU5tcDc5ZnZVUVh1OEdJM3Nja0k?oc=5,"Fri, 22 May 2026 07:00:00 GMT",2026-09-20T09:08:50+09:00
GoogleNews:物価　家計,物価　家計,韓国銀行シン総裁「物価・住宅価格・家計債務の三重苦…適切な時期に利上げ」 - BigGo ファイナンス,https://news.google.com/rss/articles/CBMidEFVX3lxTFB1YVB0MG1qMlpQUTRPYUQtXzZBZkJjNEppOTVhVkhubjRJRmdiOE1oMEs3S2Vsc01Ydm93c2s0eDd3TWtPdk85ald5ZVlNMk9NRHRHNXFrd3VkWHNOQzZQV1d5WnJTUjNYck9QTTVmdmh1MVNC?oc=5,"Wed, 08 Jul 2026 07:00:00 GMT",2026-09-20T09:08:50+09:00
GoogleNews:物価　家計,物価　家計,「5年後」物価予測は過去最高 家計の景況感、改善続く 日銀調査 - 観光経済新聞,https://news.google.com/rss/articles/CBMiVEFVX3lxTE5UQ0xKN3hLNVRCbk00cGo0UmVjcUlJODVkeUVybENtYzZEcjM1WkxZQTVoYWhXWUN5eGtxRjVIaFJEbnZERHJQTnZ4cks5V1JfeHVneQ?oc=5,"Sun, 03 May 2026 07:00:00 GMT",2026-09-20T09:08:50+09:00
GoogleNews:物価　家計,物価　家計,現金5000円給付 5月末から「宮の家計応援給付金」宇都宮市－NEWS - tochigi-tv.jp,https://news.google.com/rss/articles/CBMiX0FVX3lxTFBZaGdaeFJCcHpkRE1ZRFJwMnBKS1F5ZF9CTGhzRFg0cGdpeE51cVFWWFROYksySW52UWlTcmJWNlZLTG5NM2N1a21hb2VJRUZaRFhSc3Q2YjhLNDZiU1lr?oc=5,"Thu, 23 Apr 2026 11:40:50 GMT",2026-09-20T09:08:50+09:00
GoogleNews:物価　家計,物価　家計,一部に無理をした投資も＝物価高騰下でNISA投資家の状況を調査－家計診断・相談サービス「オカネコ」 - 時事フィナンシャルソリューションズ,https://news.google.com/rss/articles/CBMidkFVX3lxTE51NElFaU9Td1lPSHF6N0NSbU9MZ2M0cEV2czdEeWY0TmZZenFndU00X0JhTXBRTEZXRmxucVdpVlg2SjYyaG0wSXdIR2Rta1VtM0lEdktuNnhrVHBMbU91ZlBLMXZCZHBENEV4WFprZ2tSc0psbXc?oc=5,"Thu, 30 Apr 2026 07:00:00 GMT",2026-09-20T09:08:50+09:00
GoogleNews:物価　家計,物価　家計,永濱利廣氏「原油高騰で2027年の家計負担3.6万円増の試算も」 - 日経ビジネス電子版,https://news.google.com/rss/articles/CBMiZ0FVX3lxTE1JRGVjUFJ3ZkJ4bWh4THVfWXRvMHZwbk1JVDN6ZDdQeWZOaV9BLVdlbUNtWW5HUTdES3BCRWxuUFNoUWxZLWtGZzFjUHZURFVIaTVTYUV0U3BuZkVzS3lQdHJPUHowR2M?oc=5,"Thu, 16 Apr 2026 07:00:00 GMT",2026-09-20T09:08:50+09:00
GoogleNews:物価　家計,物価　家計,商店街プレミアム券 家計を支える追い風 県・市の物価高騰対策始動 | 横須賀・三浦 - タウンニュース,https://news.google.com/rss/articles/CBMiZEFVX3lxTE1KaXpnRjlKYVFIN2VsQzQyc25PaW5EVHl3SEpaWHpnamp1a0VKV1N6ZGlZc1Z3WVNGcGZpaXR0T3NTUU54Y3FtT1ltYVpIQnFlQ2luN3F5bWJraXM3cjFJVjVRa3Q?oc=5,"Fri, 01 May 2026 07:00:00 GMT",2026-09-20T09:08:50+09:00
GoogleNews:物価　家計,物価　家計,宮の家計応援給付金＆家計応援キャンペーン！食料品の物価高騰による家計負担の軽減や地域経済を下支... - 選挙ドットコム,https://news.google.com/rss/articles/CBMiX0FVX3lxTFBFeVFmWUlUdFJndlA1bWJveWVBYXRHY0hzVDVIMXhidGlMclEwMTdQcEgwejRtelZydWFiTHhDUzc4N1NRVUNtVTVEYzJhLUxER3BrclczQ0JWRTZUV01v?oc=5,"Thu, 28 May 2026 07:00:00 GMT",2026-09-20T09:08:50+09:00
GoogleNews:物価　家計,物価　家計,住宅ローン利用者は金利・物価上昇にどう向き合うべきか（２）－家計債務の拡大がもたらす資産形成の後ろ倒しと対応策 - nli-research.co.jp,https://news.google.com/rss/articles/CBMib0FVX3lxTE9vN1NUSHVUMWRWbUJ5N0hWX1A2TXQwMXNmal9LOUJScXNkd3NoZjdHbTVsNDd4TzlvMktHVGFLT1doUU5ERmREUTQtLUstSWVkNTItcDVNT2RFTS1RbGlRSnFYdmNrRjdHWmtpSENlTdIBf0FVX3lxTE1EUE9MU2k3TUNpcEVrd3hYVnA5Y3JSYWNuVG5zQ29remh6bVFYcDkwNUdyWXZ5a2Qxd20yX2NZV29hOGFKbmdPNjhsNnBKZDlwOXRJanZTRkN1enZ1MDZ5NlFyLVczV2g3NmpMMWZPNW5FWWRxWFplbmlGcmdwQTA?oc=5,"Tue, 31 Mar 2026 07:00:00 GMT",2026-09-20T09:08:50+09:00
GoogleNews:物価　家計,物価　家計,中東発の原油高ショックで5月の消費者物価3.1%に急騰…家計は「三重苦」に直面 - BigGo ファイナンス,https://news.google.com/rss/articles/CBMiX0FVX3lxTE52Z29lck5YcmxIenZ1VDZYSmJZWnRvQTJYdzFZUlg1bkhlU0lqaEdTT3QtS3NTZng1TV9fZUNkV2JkSnc4UTIxbVMwX2Z5YkVKWEstN1k0RmdIcEdsUFdn?oc=5,"Tue, 02 Jun 2026 07:00:00 GMT",2026-09-20T09:08:50+09:00
GoogleNews:物価　家計,物価　家計,住宅ローン利用者は金利・物価上昇にどう向き合うべきか（１）－返済比率制約と家計バランスシートからみた住宅取得の成立構造 - nli-research.co.jp,https://news.google.com/rss/articles/CBMib0FVX3lxTFBCdHlJc2pGRTNJSjhUaW5mX3Q1UlRTeGlUZHhxbG1QTXB6R0lFX0lEN2oxWjJZbEUtMGRsNmc3Q2F0ZU55NW1mN0xYUU9xQXdoNFRZQzd2X0NaSzlMNmh6Zi1MWTJPYXZBOUh2aG9RVdIBf0FVX3lxTFB0eHNDaDZmTmRveVlrZmJGYmdPRlFjYTZaQlRhTlJPaFNBMG9VVjVTYmYxWHhya0hwUmNwSXB4X0k3S3BjXzFCcGtjWUtLVUNnNy1uYjkxRHZnNXNXWDFKVmtuLXZqeXQxU1hZaXhQWXB1RHRTNzNDZkF6VXAxelU?oc=5,"Mon, 30 Mar 2026 07:00:00 GMT",2026-09-20T09:08:50+09:00
GoogleNews:物価　家計,物価　家計,食料品減税は家計を救うのか？ 近年の物価高騰で「便乗値上げ」の抑制困難に… ４～５兆円規模を確保できる財源も見当たらない！【エコノミスト解説】 - 朝日放送,https://news.google.com/rss/articles/CBMiYkFVX3lxTFAyRlU4MDI3am1OZEttYkswMnJJSnZNUXl0c294YUtMZGl3bXBMOWE3N3F1c3dZSFhhc20wQ3lYVThnaVdtX3BkeFJRMm1ybjVqRGNuOE9DclViWC1OTmQtSHp3?oc=5,"Fri, 01 May 2026 07:00:00 GMT",2026-09-20T09:08:50+09:00
GoogleNews:物価　家計,物価　家計,［経済フォーカス 識者の眼］原油高 家計厳しく転嫁困難 インフレ加速回避か - 読売新聞,https://news.google.com/rss/articles/CBMibkFVX3lxTFBPNTRjbnhiQVRfaHMtMFlTX0Q1VnBqVGxPZGhFM0w0OXBwUVphN1U2TGxjUldNQjVLdnhWMl9aeTZzU25MX01ZS1BnZzUybE05QTB5b2llcHNuS3VfMTNwaGFKX21pbEIyZkNMXzNR?oc=5,"Mon, 06 Apr 2026 07:00:00 GMT",2026-09-20T09:08:50+09:00
GoogleNews:物価　家計,物価　家計,原油価格倍増で家計負担は年5万円アップ：低所得層ほど深刻な影響 - nippon.com,https://news.google.com/rss/articles/CBMiV0FVX3lxTE41RmZoZWlYOXY5SUtPQnpDSW04d0FtM2FDT0dqZ2VZUVFvTF8wbWpYbGpOQ0s1NGllQTlqaFNody1NXzNEMU1QblM2dFVwa0lsY0h3ZkU1dw?oc=5,"Fri, 03 Apr 2026 07:00:00 GMT",2026-09-20T09:08:50+09:00
GoogleNews:物価　家計,物価　家計,🔷成田市物価高騰対応家計応援全市民対象にスマートフォンなどで利用できるデジタルポイントを給付h... - 選挙ドットコム,https://news.google.com/rss/articles/CBMiX0FVX3lxTE9yUXlHRWg3WjNPdG9zeGhuRTRJNXNlN0RRdlp1QUVHRTBBaTdRSXZrM3JZQU02T08tSm9vQnVIOU9DMVRNRGRfdWZ2MTAxc29VSFNFblZjX3ZPdlRYMVpj?oc=5,"Wed, 06 May 2026 07:00:00 GMT",2026-09-20T09:08:50+09:00
GoogleNews:物価　家計,物価　家計,世帯年収別にみた家計収支の現状（2025年）－賃上げ３年目、それでも重い物価の壁 - nli-research.co.jp,https://news.google.com/rss/articles/CBMib0FVX3lxTE1PVmp3LXJsa1lla3M3X1lqSzNzdXEtSFh1RlBEZXNrbXlvRlExS2tHSVI2VV9OdmVWQmhIZFY4YlBZQzk2bXVKNUZxaTlPT3NyNnNhNVJLSWpCQXVGckc1MjFlQW9RT2lJdXd1d1hLVdIBf0FVX3lxTE1QdUwwakZEaUVLY1ZRM242QzdMRU1uQXp1MzRHSll3QV9DYUJmS2c0ZHdaX2pJeEhRcjk3TWpoVF9oeXRNb1FfblhQendUeFhibmtkOHVnQTBrM3Vvak04TGVFWlNpa2FPVFB4c2NNSWQ2QnRyUmJDUmNRNE1IcVk?oc=5,"Mon, 30 Mar 2026 07:00:00 GMT",2026-09-20T09:08:50+09:00
GoogleNews:物価　家計,物価　家計,物価や家計管理を親子で学べる無料講座 「杉村太蔵と考える知っておくこと、しておくこと」 西宮市 - Kiss PRESS(キッスプレス),https://news.google.com/rss/articles/CBMiSEFVX3lxTE1qY2RGa3NPYThBcWNJUE52TnFxZE93Y08yTnNndzZCcFJYVXF0MnQ5UjNSYjBERWswOFBtUkJvdTlTaE1YaExiag?oc=5,"Sun, 03 May 2026 07:00:00 GMT",2026-09-20T09:08:50+09:00
GoogleNews:物価　家計,物価　家計,加古川市の「家計応援ギフト配付事業」に、デジタルギフトサービス「デジコ」が採用 - 神戸新聞,https://news.google.com/rss/articles/CBMicEFVX3lxTFA4eU1ZSnJvMUQ5aGZjQlVYWVBkSnM1Y3FuZ0pnbklFRE5FSE5Nc1BXbU0tRmpURUZPM01iVUdUa0hlYlZINmxCLTBJU3VVMGVZSlN6aGRoVEV1QXBfSUI0ODJwVEFmOE9kUXhobmFVdmc?oc=5,"Thu, 30 Apr 2026 07:00:00 GMT",2026-09-20T09:08:50+09:00
GoogleNews:物価　家計,物価　家計,家計を直撃する物価高騰、軽油価格は「1ガロン6ドル」を突破〜トランプ氏に逆風か : 경제 : 財経日報 - 재경일보,https://news.google.com/rss/articles/CBMiSkFVX3lxTE1ueWY3WlNZeHZJbDFjcVptVkFuaTNOZC1jTzJ2OHFDelVhZVFvUnJWOTNLVWRnQmJaMUN2VGZJckhIQWQwYjVWT193?oc=5,"Fri, 11 Sep 2026 17:25:00 GMT",2026-09-20T09:08:50+09:00
GoogleNews:買い物　調査,買い物　調査,買物の決め手は“レビュー”から“生成AI”へ 生成AIの信頼度はユーザーレビューを超え、約6割が最終判断も委ねたいと回答―博報堂買物研究所「AIショッパー調査」―｜ニュースリリース｜博報堂 Hakuhodo Inc. - hakuhodo.co.jp,https://news.google.com/rss/articles/CBMiYEFVX3lxTE4teENtNUh5b0w0TXlPS2xyYmFZeXhyTjFmc24tcldLeU9keWxEN2NOZnp5d2dTZUdRMEFCcHVhTW9Td0RzNFpFNURkQnhmOG5qaTlURjF2Vk1XTzRtUEJHcQ?oc=5,"Mon, 01 Jun 2026 07:00:00 GMT",2026-09-20T09:08:52+09:00
GoogleNews:買い物　調査,買い物　調査,買い物・ショッピングに関する実態・意識調査（2026年7月定点ココロスタイルリサーチ） - クロス・マーケティング,https://news.google.com/rss/articles/CBMiW0FVX3lxTE1EV09vR1RhV1BlcEg3cVFaaDRtVUN4S3BGWTBnMFNNZHQzYXQwUXNldnZKbHVzYl9SYXZsRUtJdlRqcnpYd0JLYUNRTHhELWVuVDdRMjBIeFRaUWs?oc=5,"Thu, 30 Jul 2026 07:00:00 GMT",2026-09-20T09:08:52+09:00
GoogleNews:買い物　調査,買い物　調査,【買い物のタイパ調査】「遠い」けど「安い」スーパー、足を運ぶ人が7割から4割に減る境界線とは？ - 共同通信PRワイヤー,https://news.google.com/rss/articles/CBMiW0FVX3lxTE1BWGlROXRXY01BbEc1RExoUWc2V05EV3NlaTd3aFluSmlNVEVDOUdZV2RlLUdQOHdJRDZhSmhrNGFTRVV2NFZUTlpER2pRai1CSHFXWWl5WnFFTTg?oc=5,"Wed, 02 Sep 2026 07:00:00 GMT",2026-09-20T09:08:52+09:00
GoogleNews:買い物　調査,買い物　調査,290万人のレシートデータから見る「買い物動向」調査 2024年～2025年の買い物市場を読み解く - global.toshiba,https://news.google.com/rss/articles/CBMipwFBVV95cUxOX194WHRoelBFNGZraHdQTlhTTTBJRk5EWGFxdDdKNXNZSEYtMVpCYVJjakdwdi1BLWNLLTFsdUVTdE9CV21OLWIyT2xVSmlmNGdOWVkyTVdSQmZmV05pQkpSOEs3YXE1a0kwYTlZcU84RlgzVkxzd2xUakZtWE9wXzhyUGxOWG1QZFFsYkdCSFNFT3c5S21EWTBXVTZWenZjOEdUMEViOA?oc=5,"Mon, 23 Mar 2026 07:00:00 GMT",2026-09-20T09:08:52+09:00
GoogleNews:買い物　調査,買い物　調査,物価高の中、生活者は何にお金をかけるのか？「生活者動向調査」で消費実態と買い物行動の変化を公開 - PR TIMES,https://news.google.com/rss/articles/CBMiakFVX3lxTE9pczktTnhVOGdMc2VYVWwxa3ljWTJ2cGIxQWdycnhUREJhSXEwTnMyZV9hS3dDd183OGlDNXdfZW93NEQyaXBiUkxjT29GNDFiQ0o3eF95OV9oOGZtdDJPTE1wUDUxNHlHWnc?oc=5,"Tue, 04 Aug 2026 07:00:00 GMT",2026-09-20T09:08:52+09:00
GoogleNews:買い物　調査,買い物　調査,Z世代の買い物は「欲しい」から始まらない？ 15カテゴリ・30ブランド調査で見えた「偶発購買」の現在地 - AdverTimes.（アドタイ） by 宣伝会議,https://news.google.com/rss/articles/CBMiX0FVX3lxTE9HdGp5d3BhelA0YW1BcWJudXpJU29FSXZsc0syZmZnOWd0Uk1mSnUyM0xUX05yNEdlNXA2SXZJNWRCY3VHZlVZdjdSN0MyMk15OXIzNGVSdllpVlM3alVZ?oc=5,"Thu, 20 Aug 2026 07:00:00 GMT",2026-09-20T09:08:52+09:00
GoogleNews:買い物　調査,買い物　調査,博報堂生活総合研究所 写真調査サイト『生活図鑑』 第七弾となる｢買い物｣カテゴリーを公開 - hakuhodo.co.jp,https://news.google.com/rss/articles/CBMiV0FVX3lxTFBhVEV4ZUNFUFZGVHlmWXJsQlFqR3F4NnlOMlhMUm1QcnB6VklZb3JmemVRYk5hR1UydTY4VWdQSGVpdHdWRS14ZTcwa3d5VElQX3ozdU9hNA?oc=5,"Wed, 01 Jul 2026 07:00:00 GMT",2026-09-20T09:08:52+09:00
GoogleNews:買い物　調査,買い物　調査,【お盆・夏休みの消費行動調査】賢く節約したい！購買意欲を高めるのは「手軽さ」と「確実なお得感」 - PR TIMES,https://news.google.com/rss/articles/CBMiakFVX3lxTE9mSjBzZFFUOVJ4WHd0czRUeEgwQ3FFWWllVFN5M2h1TzBNd3d5dUFkMVExTWxxNUkxeEd1TjUwS21pSFZtZDdUM2RYMjdrLVVITXM0NEh4ODBtV0ZTTmpta3JLWXFwQlFERHc?oc=5,"Wed, 05 Aug 2026 07:00:00 GMT",2026-09-20T09:08:52+09:00
GoogleNews:買い物　調査,買い物　調査,共働き夫婦の4割に秘密の買い物経験あり。金額が高いほど、喧嘩も多いと判明。パートナーとお金に関する話ができている夫婦は、関係満足度92%に【500名調査】 | 株式会社Hajimariのプレスリリース - PR TIMES,https://news.google.com/rss/articles/CBMiakFVX3lxTE9Cd295R1RMU0duNXZSMEZZcnA0RFEyTGFwQ0F4U0lqc05rV0YtTW1DY213YlJveTFiX1cxdVhfTjhrTUJKQnJXWW9mWVdCdmJWVlh0VHBDQzJZbEpDbHJKT3FlSXdRUE1fU2c?oc=5,"Mon, 11 May 2026 07:00:00 GMT",2026-09-20T09:08:52+09:00
GoogleNews:買い物　調査,買い物　調査,Amazon、「プライムデー」の開催に向けた「今夏のお買い物に関する意識・実態調査」を実施。「ストック」「クオリティ」「リフレッシュ」がこの夏の消費の3大ポイント | アマゾンジャパン合同会社のプレスリリース - PR TIMES,https://news.google.com/rss/articles/CBMiakFVX3lxTE8yb2lTNjdJUFV1bXg2WDliZ0ZncUJkZWFFYXBQOWhMWlFxazlyenk2dE9MMFhGcW41dHZHR0liY3pyQjJCZUoyOUhHcDM2eGFTZjNBZkVZWU9RSy1ER05TV2VZbEozV0xGVkE?oc=5,"Tue, 16 Jun 2026 07:00:00 GMT",2026-09-20T09:08:52+09:00
GoogleNews:買い物　調査,買い物　調査,クロス・マーケティングが買い物・ショッピングに関する実態調査を実施、値上げ対応や店舗利用状況が明らかに - commercepick.com,https://news.google.com/rss/articles/CBMiVkFVX3lxTFB3M1h4ZFUxbm1Fa3VRYlBJQnJyU2RxYzg1cjNhb19Wa1ZGNWdSRU8yb1FFdWFvb2JiOXp6eGRuZDhkWXQ4NS1xT0FyRjc2bmVEUkFvcjV3?oc=5,"Thu, 30 Jul 2026 07:00:00 GMT",2026-09-20T09:08:52+09:00
GoogleNews:買い物　調査,買い物　調査,生成AI利用者の約7割が買い物で活用、生成AIで調べた・おすすめされた商品やサービスを実際に購買した経験があるのは、うち約6割（エクスクリエ調べ） | 株式会社クロス・マーケティンググループのプレスリリース - PR TIMES,https://news.google.com/rss/articles/CBMiakFVX3lxTE1FWUJiXzBKV1RGLVQ2eDBwXzc2cUhaajB3SHRfeUIwY0l5OVZGU1IyV2FIcWxFQmNnNy1qTXh5YzdxNUppZVFZTlNlTGFLWUpNUmNLZFlUU3U3TU1XXzRrb2QxRVZhSFRTUkE?oc=5,"Fri, 15 May 2026 07:00:00 GMT",2026-09-20T09:08:52+09:00
GoogleNews:買い物　調査,買い物　調査,Z世代の2025年買い物調査、「ファッション」「推し活・エンタメ」が上位に - PR TIMES,https://news.google.com/rss/articles/CBMiakFVX3lxTE5qQXloMEhYMzdsZC1hQUt4Ymc3OENQUlBja1lIelJEUkJJXzVxSV9DTi1MZlJROFk3VTBoRUdlTFBocHFHOTdTNVZOQXFIcEdta2p4T2htYm9HcGNCQ0trWFJueUJYeEkyZmc?oc=5,"Tue, 23 Dec 2025 08:00:00 GMT",2026-09-20T09:08:52+09:00
GoogleNews:買い物　調査,買い物　調査,【2026年 買い物に関する実態調査】 店舗選びの新常識。「安さ・近さ」から「タイパ・体験」の時代へ - PR TIMES,https://news.google.com/rss/articles/CBMiakFVX3lxTFAzVFZFWGpmdGE0Q1dYUWNtSC1LbG5HZDVyRjFCTlhsbTUtYlZhelBVVXMxRll3c3ZVQWw3VnFnZl9rVmh4M2szVG9VWjg4UEpGelZkbUNkeXh0aUxaTlZscFd0TWRnWG5Qc2c?oc=5,"Fri, 24 Apr 2026 07:00:00 GMT",2026-09-20T09:08:52+09:00
GoogleNews:買い物　調査,買い物　調査,「買い物でAI利用」25% 時短や納得感向上 民間調査 - 日本経済新聞,https://news.google.com/rss/articles/CBMibEFVX3lxTE9TZzlxZEMtaENaUEh5WjY5ejJ0a0h3Ql81UGVmZ0VuTXctLUF5cjdtTDdjRDJEbkQ4blVyUFhBUlZZV1U3OE1VMzhfODh3dm5WVENCOXI2QlFuUWNxTjJlMXY4dzgtMFNzREhfdg?oc=5,"Thu, 11 Jun 2026 07:00:00 GMT",2026-09-20T09:08:52+09:00
GoogleNews:買い物　調査,買い物　調査,「生成AIの回答、口コミより信頼できる」 買い物の情報源として……博報堂調査 - ITmedia,https://news.google.com/rss/articles/CBMibEFVX3lxTE1jeGVlV3FUZmlkakhkVlowTUIzckFSTjdPTmJCNTd3c09CemsteHFGMERsREJUNDc3S1Nvc2dORVlvVU5sMjNmNzE0SjlGa1hhdi1DamtvNUZlZjBhWktGX2RtRFk0ZkFwSkU4Sg?oc=5,"Tue, 02 Jun 2026 07:00:00 GMT",2026-09-20T09:08:52+09:00
GoogleNews:買い物　調査,買い物　調査,博報堂生活総合研究所 写真調査サイト『生活図鑑』第七弾となる「買い物」カテゴリーを公開 - PR TIMES,https://news.google.com/rss/articles/CBMiakFVX3lxTE5EeC1GV1p6QUlrdmk4VkF4NlBBQkMwZlV2QVBNYzVDWXByNms1TEZjb044U0tLUFhrWHN6UDQ1SkIwLUg2S1g4c0F6U2FtUG1Ic0ZDY2lVbW9RdWQtWmx3SVZmdUVIOUJwcGc?oc=5,"Thu, 02 Jul 2026 07:00:00 GMT",2026-09-20T09:08:52+09:00
GoogleNews:買い物　調査,買い物　調査,【AI消費トレンド2026】買い物相談が前年比6.4倍 - アライドアーキテクツ株式会社,https://news.google.com/rss/articles/CBMiXEFVX3lxTE5LaHJRQ2c4ZjV5b1NGUXB2enBoNWM0T3Q1RDJpclZBZEhmSldUNlhlcmxaQkZyMk9TUV9GV2Z1M3Z5a1RNRm1Pdk9hZVEteG9oV2QxOHlhQmpiZnpl?oc=5,"Thu, 02 Apr 2026 07:00:00 GMT",2026-09-20T09:08:52+09:00
GoogleNews:買い物　調査,買い物　調査,年末セール買い物予定者は34.9%、まとめ買い意向は50.7%に チャネルトークがECサイト問い合わせ意識調査を実施 - commercepick.com,https://news.google.com/rss/articles/CBMiV0FVX3lxTE9tN2lUMms3TjlnQ3k2ZXNURFVtN2xyRmRPU09EbURWdWUwYmZYRENUUWlyY2NfZE9WYm5FMy1kQWdkdlhzQm5GdDBOSGQydkNuMzVVMG9hYw?oc=5,"Thu, 27 Aug 2026 07:00:00 GMT",2026-09-20T09:08:52+09:00
GoogleNews:買い物　調査,買い物　調査,【マイベスト｜買い物のストレス・選択疲れに関する調査】61.3%が買い物で迷い・不安を実感。情報過多による“選択疲れ”がメンタルに影響。新価値観「メンパ」を意識した買い物が重要。 - PR TIMES,https://news.google.com/rss/articles/CBMiakFVX3lxTE1mcTVmOW5RRExmcHlvaVJYNS1GYnhWckVXaklWcTRLNEU5Q3drMEl6MF9ud3ZiLW5FVGtvaFk5TEx1T2VWX1FGTHY5RnZWRGZ4azN2OHAwVnZhREk0elp3S0Q4VHVfODM4Nnc?oc=5,"Thu, 05 Mar 2026 08:00:00 GMT",2026-09-20T09:08:52+09:00
GoogleNews:買い物　調査,買い物　調査,【深夜の買い物に関する実態調査】深夜1時は「理性がログアウト」する魔の時間帯。24kgの漂白剤、3kgの牡蠣…「スケール感の麻痺」が招く悲劇とは？ | 株式会社HADOのプレスリリース - PR TIMES,https://news.google.com/rss/articles/CBMiakFVX3lxTFBkUmhCblV0anQtay1GLUJSY19hUXFKcVJ1bWRfMm1YMUNBTzgxcG9vOFJaOGxoa1VBeUtCSFJnc2IycjBJc1Eza2JiNzhSMEpBdzU4WkFUclFDTDdZNDk4VnRVYjh6OFFEVEE?oc=5,"Tue, 07 Apr 2026 07:00:00 GMT",2026-09-20T09:08:52+09:00
GoogleNews:買い物　調査,買い物　調査,290万人のレシートデータから見る「買い物動向」調査 1月、全国・地方別のキャンディ売れ筋ランキング - global.toshiba,https://news.google.com/rss/articles/CBMipwFBVV95cUxOQTdhTnltY1pmY3liYW5jenJ0cU9XZDdPN3JVN2lPUFR2MWYwc1JQNGdGTWtYMEx2X19rSHNURV9BSjZhVzZKOTdqLVA3UkNGWkM2U0xYaEpQTUVUMERwQ0YzTjhYVGR5SGJJVGgzSERCRDkyMnc2d3JoZk93WlBfNGJYNjFmdDU3MllBMUswLU15ajhWdTh1UGtUR3YwU2VaX2J2RHpYQQ?oc=5,"Wed, 25 Feb 2026 08:00:00 GMT",2026-09-20T09:08:52+09:00
GoogleNews:買い物　調査,買い物　調査,IBM–NRF調査：AIが買い物の前段階で消費者の意思決定に影響を与える中、ブランドと小売業者は新たな現実への対応を迫られている - PR TIMES,https://news.google.com/rss/articles/CBMiakFVX3lxTFBZVGZSaTY5RjRuTDBlLUhwcVJZSDM0QnJmT0xueXhFYWpBR25rc1R3NmJCYkE0dEpRWW1iWXFCNW5EbW1DZ2pvb3J1RFNGZXE1SkhCeUpjVnd2VGRNMGktaG0zaTJYaTFvTkE?oc=5,"Mon, 25 May 2026 07:00:00 GMT",2026-09-20T09:08:52+09:00
GoogleNews:買い物　調査,買い物　調査,応援購入サービス「Makuake」サポーター調査から紐解く、ECにおけるお買い物の新たな価値観「楽しみとしての購買」とは？ 〜「こんなものが欲しかった！」という出会いと作り手・ストーリーへの共感から生まれる、「作業」ではないお買い物体験の実態を解説〜 | 株式会社マクア - makuake.co.jp,https://news.google.com/rss/articles/CBMiRkFVX3lxTFBKVXR5OWU1dmpBc2hTMDNSdUkyOW1lS2dldVh1eTFsMVozOEtBVjQyczRqaU1zVHZGV2dfSlN0QkswbXlMNlE?oc=5,"Fri, 06 Feb 2026 08:00:00 GMT",2026-09-20T09:08:52+09:00
GoogleNews:買い物　調査,買い物　調査,ボーナス時の買い物に関する意識調査、4人に1人が貯金割合を増やす傾向に―創作品モールあるる調べ - commercepick.com,https://news.google.com/rss/articles/CBMiVkFVX3lxTFBweGFmTzlpSnJxZkY3SVZDRDd3VjhkYXNlM043RF9wemdNMmE2bV9aSUNjOGQ5S3p0b1R2ekJyYXV4bWw4X0hqRi1vdGxKZ09fak5PSXFn?oc=5,"Fri, 26 Jun 2026 07:00:00 GMT",2026-09-20T09:08:52+09:00
GoogleNews:買い物　調査,買い物　調査,年末年始の買い物情報は「店頭POP・店内表示」が最多、全世代で上位に―アルファ調査 - commercepick.com,https://news.google.com/rss/articles/CBMiV0FVX3lxTE02MFplR2NUUjFjdkw2dmdXVy1rNzBfS3ZyNWo2UWxiOEc5eUItcUxSVnE3dUhEX2dMSkF5VWVkWXlrd21xWC1udmxvRUFkT1g4cFVGTEhFRQ?oc=5,"Fri, 21 Aug 2026 01:53:21 GMT",2026-09-20T09:08:52+09:00
GoogleNews:買い物　調査,買い物　調査,280万人のレシートデータから見る「買い物動向」調査 12月、全国・地方別の味噌売れ筋ランキング - global.toshiba,https://news.google.com/rss/articles/CBMipwFBVV95cUxObzdXRlVKazBoUFc5TGhjS2Rab2J2bTF0MllnM3hsejYyS3dDWHJzaGJVd0RVS3pXUS1FamxNZTNuUkpFQ2NDSElmaVlYVnBocXFSNms3OHBwSVo3Q2ludTkwNmRNbE1OdG5OWGpXUkM2S2hHb2lQcDdVOUJXU1dSUHRna1RDdWhXMzdBR2VxNUFpQU1WdllvOXNVVjFXYjBrWnNLODZaUQ?oc=5,"Thu, 29 Jan 2026 08:00:00 GMT",2026-09-20T09:08:52+09:00
GoogleNews:買い物　調査,買い物　調査,＜Qoo10「2025年買い物における女性の心理白書」＞2025年、女性たちが買い物において重視してきた考え方とは？Qoo10「2025年買い物における女性の心理白書」発表 - PR TIMES,https://news.google.com/rss/articles/CBMiakFVX3lxTE9IY3JKSl8zY2RWWS1pT0xPR0VNNlpPOFRHenJMZUpWRGs0c2VhdE5nOWpqZzJWalpXR01fd2NKUkhsZUs3WGhldHNPZ2c3c0VvWkJxZHBLRkt6T05yQ181OWJ4bF91UmhrRnc?oc=5,"Tue, 20 Jan 2026 08:00:00 GMT",2026-09-20T09:08:52+09:00
GoogleNews:買い物　調査,買い物　調査,生成AI利用者の約7割が買い物で活用！生成AIで調べた・おすすめされた商品やサービスを実際に購買した経験があるのは、うち約6割【エクスクリエ調査】 - manamina.valuesccg.com,https://news.google.com/rss/articles/CBMiV0FVX3lxTE82dTdxRGRTd3RqWUtDdWRxdHphZXFwQTFnNHAwQ3Q1MDBLWkpDMmFrMWJtU1p3UXE0bmlnckdIZFdKTWc0ek1kZDc3dFlMMmtfSDFnYUhsUQ?oc=5,"Tue, 19 May 2026 07:00:00 GMT",2026-09-20T09:08:52+09:00
GoogleNews:買い物　調査,買い物　調査,物価高で6割以上が今年に入って「買い物レシートを二度見した」経験あり。約4割が「細かく見るようになった」と変化を実感 - PR TIMES,https://news.google.com/rss/articles/CBMiakFVX3lxTE9BcU5Fc2dhNldFLTRLRUlqblBxc0JSOXFHb0hXX3oyaEhWalNWc2xPdTZ2c1RWMjFNbVY4Rjh6VHZaODFHdl9jRGdHZkdqOEVJWGd2Y05kc041NHhtMXFlTW1OODVvY3o1WVE?oc=5,"Thu, 19 Mar 2026 07:00:00 GMT",2026-09-20T09:08:52+09:00
GoogleNews:買い物　調査,買い物　調査,AI時代の買い物、約5割がAIで選んだ商品で「後悔・失敗」を経験 約9割がAI活用後さらに情報収集 - AMP[アンプ],https://news.google.com/rss/articles/CBMiVkFVX3lxTE9xZTFuZDIxYXM5ZnM0Nko2X0lLbFZQSjBjbE5Ib0ZhTUkyNTZKU2VNUk1ha0V2MjI1UWM0aFFmZ056NFZSaGRveTdnaW9yTENwc1U2R1ln?oc=5,"Tue, 05 May 2026 07:00:00 GMT",2026-09-20T09:08:52+09:00
GoogleNews:買い物　調査,買い物　調査,300万人のレシートデータから見る「買い物動向」調査 4月、全国・地方別のアイス売れ筋ランキング - global.toshiba,https://news.google.com/rss/articles/CBMipwFBVV95cUxPb1hFU3d0TVdOOVlKdFVFRGVpNFp4N0tPQjNFT2lVMzE2ZlBKb19rOF9fSUtHV0NDLWtTMUJMNUZ5aGRyYWRzUHBQM0o1dWxvRkdUWEtXU3ktbFBFNDdWTnU2ajd0RnBPaGlicU1icWNLTVJnZ0F3M002dVh2Um5Qdk90OXVGRDdTUWdvMVZ0UjdPODRpUTZLS1dHZXBfXzVqOFFOQVV5Zw?oc=5,"Fri, 22 May 2026 07:00:00 GMT",2026-09-20T09:08:52+09:00
GoogleNews:買い物　調査,買い物　調査,300万人のレシートデータから見る「買い物動向」調査 2025年度売れ筋ランキング - global.toshiba,https://news.google.com/rss/articles/CBMipwFBVV95cUxNUzFaYnBKNjBQcWYyUlljRzc3U1NhNi1DcTdEZVZidS1iSVRUOC0xbzlsSExWZzBKSmt4azJfbFNzWmp0OW90a1k3V3RZYVFncUJzZkFDbDBoNGtZdHRRdUJVV193ejg5MDJ1Uy1IRmpvVEFxNUZzV0pRY2VYd1loOTc5TjF5bHlKTnFVM2dJbDF6SjFpUDBqRlQxSlpURklEbWJZYV9GMA?oc=5,"Tue, 28 Apr 2026 07:00:00 GMT",2026-09-20T09:08:52+09:00
GoogleNews:買い物　調査,買い物　調査,AI が“買い物”を代行する時代へ Stripe、エージェンティック コマースへの対応準備に関する調査を実施 - PR TIMES,https://news.google.com/rss/articles/CBMiakFVX3lxTE0zMEF1SXIyUGpudlN5a1ZiSGxBRnJYeWhQVTR1eWJIR0lkc3hzcXl6SV9NUHBHdVV0ZUtMcENnVXRJYXhucjl5OUxBZG5fWmNYSkp4LUw1aGRLTkI4a3hJemw4aUF3bDFCYWc?oc=5,"Wed, 15 Apr 2026 07:00:00 GMT",2026-09-20T09:08:52+09:00
GoogleNews:買い物　調査,買い物　調査,生成AI活用で「買物時間は短くなり納得感が高まる」。買物情報源としての信頼は「生成AIの回答」が51.7% - news.yahoo.co.jp,https://news.google.com/rss/articles/CBMif0FVX3lxTE5PRUhIYVJHczd0SHdFbWNsUmtseDdNWkxqTGhxNWF1LTVoYzl0bnRqa1diTE1mNWtNZHZBcEtpMTNSQ1Q4UWVWZHZsMFJiUUJYcElxbnZuREFfVXlGdmlzV1FNcDU3ZHVKbU0yUzVEMl9qSzY2QUpSVUs0bl9qZzA?oc=5,"Thu, 25 Jun 2026 07:00:00 GMT",2026-09-20T09:08:52+09:00
GoogleNews:買い物　調査,買い物　調査,mitorizが実施した食品と日用品に関する買い物調査の結果 - commercepick.com,https://news.google.com/rss/articles/CBMiVkFVX3lxTFBLeWxoVTEzTDN5aDZVallZSmk4RmdPNVVOSFlZMmUwc3Q2T3RvZGhxUUVHaXZaNXRRbkVuRGJ4dXlTWnpaOGtnbmF3c1k2a2RrRnJjR2hn?oc=5,"Thu, 04 Dec 2025 08:00:00 GMT",2026-09-20T09:08:52+09:00
GoogleNews:買い物　調査,買い物　調査,【買い物のタイパ調査】「遠い」けど「安い」スーパー、足を運ぶ人が7割から4割に減る境界線とは？ - 千葉テレビ放送株式会社,https://news.google.com/rss/articles/CBMiX0FVX3lxTE5tbGJNbl9TTU5XVy05Y2dneUxnSU5EVmxwY3d4VGxYV1BpRWx5eGNqRTJRQmg1TDBFUTNZVkxJMGwxeE5Ma0hGVFlfZ2stMEd6QWhlSGJkWmY4LTJ2aDhN?oc=5,"Wed, 02 Sep 2026 01:03:23 GMT",2026-09-20T09:08:52+09:00
GoogleNews:買い物　調査,買い物　調査,AI時代の新消費モデルは「AICAS」 500人独自調査に見る購買行動の変化 - xtrend.nikkei.com,https://news.google.com/rss/articles/CBMiZkFVX3lxTE9OS1ZlU3luRy1zVVJ0ME1tSHlwbHI3NjRfOVdZUGNtWHdxSnljRmxOQ195WDdPZHozNGlLMTZkNzkwaGpESlp1QzNGMGhHSzR3YTRwSGxkd281ZndnSWtEZkw2NHBIUQ?oc=5,"Fri, 10 Apr 2026 07:00:00 GMT",2026-09-20T09:08:52+09:00
GoogleNews:買い物　調査,買い物　調査,「生成AI利用者」約7割が買い物で活用、うち約6割が購入 エクスクリエ調査 - ECのミカタ,https://news.google.com/rss/articles/CBMiWkFVX3lxTE9nVG13UnVqS2dtZ3Z5MjliYVQtb1ozZEU0NERzcWVSUlpmTTc2V2pzcUJEU0tyRGZUSVl3R0xCeS1BNXhET3plYzBBM1RBeTRzRW1QMlZ3X1ZQQQ?oc=5,"Thu, 21 May 2026 07:00:00 GMT",2026-09-20T09:08:52+09:00
GoogleNews:買い物　調査,買い物　調査,「調べもの」はAIに任せても、「大きな買い物・お金の使い道」は自分で決めたい。40代女性300人に聞く生成AIとの付き - ニコニコニュース,https://news.google.com/rss/articles/CBMiVEFVX3lxTE5GTlEwd0ZHWW1lS1pKazhaTXVCRXBSWWgxWTdPaUlBLTdPNzFHS2NNNmhmRHhLZW5ldV9wTFlucWMwLWstemNMdEV3am95UTRKWDVEQw?oc=5,"Fri, 11 Sep 2026 13:30:34 GMT",2026-09-20T09:08:52+09:00
GoogleNews:買い物　調査,買い物　調査,Amazon、今夏のお買い物に関する調査を実施「節約意識高まる中、7割がワクワクする」プライムデー開催に向けた消費者動向を発表 - commercepick.com,https://news.google.com/rss/articles/CBMiVkFVX3lxTE9KWWdHa2VIR0dHRU9nWWNQMmd2c3JWNG1hWnhJeklKcy1yQlEzSVUwVGlLa2ExQ0JUMXRoUFN5SXF2NmE2UXJPT04zYmlvZC0yeE5QRXpR?oc=5,"Tue, 16 Jun 2026 07:00:00 GMT",2026-09-20T09:08:52+09:00
GoogleNews:買い物　調査,買い物　調査,「節約しながらもワクワクしたい」 2026年夏、消費者のお買い物意識をアマゾンジャパンが調査：commercezine - MarkeZine,https://news.google.com/rss/articles/CBMiT0FVX3lxTE5NU1NKc1M3Uy01NENwRUt3U1p2UUJxVEtrbVhQODY3aGJTaGV4WTRzeWdULXVuNUtvMGF2ODRseC1SdGJfbWE0eUpYbDBzMm8?oc=5,"Wed, 17 Jun 2026 07:00:00 GMT",2026-09-20T09:08:52+09:00
GoogleNews:買い物　調査,買い物　調査,AIに買い物相談する人は4割 50代は検索よりAI重視、タイパ実感75％ - xtrend.nikkei.com,https://news.google.com/rss/articles/CBMiZkFVX3lxTFBOQjNaZVdPRS1FMHFibVM0bVRQRkQ2emdQM0MwMlJhOERGSWh3MW9rUGVrOGpZVEJqYktqZ3U1bnZVSktRaUlkUktIT2ktallsMmt0TDRDQkQ5VUloSXNLQUNnYklBZw?oc=5,"Fri, 31 Jul 2026 07:00:00 GMT",2026-09-20T09:08:52+09:00
GoogleNews:買い物　調査,買い物　調査,【買い物のタイパ調査】「遠い」けど「安い」スーパー、足を運ぶ人が7割から4割に減る境界線とは？ - RBB TODAY,https://news.google.com/rss/articles/CBMifEFVX3lxTFBSRUxDUWRONGttbHFVcFRwdTdKNmVBWnVLZXgzQnZ3dVpsY3FHWFRXWmZVbVF6LVpXemJxSExLZnVmcmk4RTZ4VkZvSmVqa1dZM1RPNjV1R1c2YWhQSjJwWjRfNmxfaDFpNDVIY3hVY2dTZEIyTmIzWnlxbUs?oc=5,"Wed, 02 Sep 2026 07:00:00 GMT",2026-09-20T09:08:52+09:00
GoogleNews:買い物　調査,買い物　調査,買い物の情報源はチラシや店頭POPが主流も、若年層ほど“口コミ”も重視！日用品の購入は“特売・割引”よりも“ポイントが貯まる”をより意識 - PR TIMES,https://news.google.com/rss/articles/CBMiakFVX3lxTE9OelJBZ1BYVGVvM1RjTldVbU9hWk1SMWpiVEtIY3ZiaDU3bG5LaXdDR0l4YUZPUkJsNEhScXYxLTlDTUVjdGYybDI5X2IxVkpzbk5uNTdWdDJYaEEwVGZidXFVWFk4TU1oTEE?oc=5,"Thu, 04 Dec 2025 08:00:00 GMT",2026-09-20T09:08:52+09:00
GoogleNews:買い物　調査,買い物　調査,ECサイト利用とそのAI利用の実態調査 - mmdlabo.jp,https://news.google.com/rss/articles/CBMiXkFVX3lxTE5VaDVfTWNrM1VOSUd0SGVUNW05WE1Sc0RDU09PUWVBd3hhMC1lU0dOLXpoblh4TEFBem5EQkdfcExORjhYSkViX0tEbkhqLUEyUmkwQkFMX3BuUWdhY2c?oc=5,"Fri, 12 Dec 2025 08:00:00 GMT",2026-09-20T09:08:52+09:00
GoogleNews:買い物　調査,買い物　調査,長引く物価高の影響か、8割の消費者が買い物スタイルの変化を実感！変わった点は「ポイント還元・キャッシュレスの活用」が4割超で最多 - PR TIMES,https://news.google.com/rss/articles/CBMiakFVX3lxTFBVcFR2bGRza3BudnJwbkdWcXBJNVRFOVVoS0N5WWJjLW5ma1ZLYmFkbzdMMXIwUTNIZ2tkdnBpajRaTVN2YXZwT0RHY2g3cnZMYks2UUtKNlBmZnpkSUtnSXBWS0NrVjlTTlE?oc=5,"Thu, 25 Dec 2025 08:00:00 GMT",2026-09-20T09:08:52+09:00
GoogleNews:買い物　調査,買い物　調査,レシート意識調査2026:物価高で4割が「細かく見るようになった」、9割以上が紙レシートを受け取る結果に - commercepick.com,https://news.google.com/rss/articles/CBMiVkFVX3lxTFBuWlZUZFhpOERoLWhMSUZGV2dxUUN2dUlYdFN4YkRlTmQwcE56X2FXaGh1UDYzN1UwYkxlLXQ3dDZKbzNfM0lVZXk5ZnBRUXBHQXUtNjV3?oc=5,"Mon, 23 Mar 2026 07:00:00 GMT",2026-09-20T09:08:52+09:00
GoogleNews:買い物　調査,買い物　調査,DHL調査:5年以内にAIが買い物を代行する時代へ、消費者の29%が容認姿勢を示す - commercepick.com,https://news.google.com/rss/articles/CBMiVkFVX3lxTFB5Q1RROUpvb0JUZzQ0ZkZFZUY3S282blhLYkVDWGZwT3RzMjgxUW5oekRYVURTdjVTa1NsWDdJUnZpRDdoRkMtNXVDbEloeDRCNHdna3Vn?oc=5,"Fri, 12 Jun 2026 07:00:00 GMT",2026-09-20T09:08:52+09:00
GoogleNews:買い物　調査,買い物　調査,インパクトフィールド、2026年買い物実態調査を実施「タイパ」と「感情価値」重視にシフト - commercepick.com,https://news.google.com/rss/articles/CBMiVkFVX3lxTE1WdzN4LVE4ZDZnZnlkeWstS2w2MDZsMFNJT0RfdUVCOFlzTTRMOFBKNm9fTFFSd1J6a2dYa1BZYTlmWjN4Z3RsSlU1LS1ZVklDNko3UXpn?oc=5,"Fri, 24 Apr 2026 07:00:00 GMT",2026-09-20T09:08:52+09:00
GoogleNews:テクノロジー　健康,テクノロジー　健康,働き方×AI×アロマ NECがテクノロジーで拓く健康経営の未来: NEC Stories - NEC,https://news.google.com/rss/articles/CBMiXEFVX3lxTE92ZFZucHo4b1FpRzI5VzB3b3lnT0JjazlCX1pjVG1DN2RsTGJ1WlpMMDFmVFlnMGZVZ2FUdVdVbVp2WS1sMnZQR09DdlhqaDBidVh5UGphX0JrRVBF?oc=5,"Tue, 04 Aug 2026 07:00:00 GMT",2026-09-20T09:08:55+09:00
GoogleNews:テクノロジー　健康,テクノロジー　健康,食事・栄養を解析する健康管理アプリ「カロミル」を提供するライフログテクノロジー株式会社を完全子会社化 - 共同通信PRワイヤー,https://news.google.com/rss/articles/CBMiW0FVX3lxTE52SGlCS3E1aGF5MTFqSkRxTGtpUFFVQzlnYzlRMVd6dktYdW1xVEZBdFRZaE1scTM5VmN6VmFjdzNUblc5VGl3ZkxSRmZweTUzNWlIdUpNRDNya1E?oc=5,"Tue, 16 Jun 2026 07:00:00 GMT",2026-09-20T09:08:55+09:00
GoogleNews:テクノロジー　健康,テクノロジー　健康,健康への取り組み - DXC Technology,https://news.google.com/rss/articles/CBMiWEFVX3lxTFBYMElGejdmNVN2ak16S0VxZHlSazNCdy14S2ViS0hVT01HSXJWUE5qSkxzcTVkdEFhc2FzT2Z4SFZJU0ExZHlBRmFqYkdmdkJqYUdJVDZTWmg?oc=5,"Wed, 10 Dec 2025 10:32:39 GMT",2026-09-20T09:08:55+09:00
GoogleNews:テクノロジー　健康,テクノロジー　健康,テクノロジーで“健康寿命”を伸ばすAgeTechの最前線 米国で関心が高まる - Forbes JAPAN,https://news.google.com/rss/articles/CBMiWEFVX3lxTE8wNE1qZVB4b2xhSzFVLWMyRUtBUWxiNlNLMDFMZ1FNVk5xVThYdkk0WjB1RTMwWTdPY1E0RW85MXI1ZTB0S3lTaC1DdjVYVEtBaHloT0k0aXE?oc=5,"Thu, 15 Jan 2026 08:00:00 GMT",2026-09-20T09:08:55+09:00
GoogleNews:テクノロジー　健康,テクノロジー　健康,パナソニックがAIで挑む介護予防 「デジタル同居」で健康寿命を延ばす - Sustainable Brands Japan,https://news.google.com/rss/articles/CBMiWkFVX3lxTFByb0J5M2MtZjNHWVdmQ1NKY0ZVSXNTUENDRC1QTkRKR1JxazlCX2JidGhiOEh5czFIdFFncGppRGFtcVlOYTFsaXlLN29kMnA5SGJwV2tBdjI4Zw?oc=5,"Wed, 10 Jun 2026 23:29:03 GMT",2026-09-20T09:08:55+09:00
GoogleNews:テクノロジー　健康,テクノロジー　健康,「共創が拓く 健康・医療・介護の未来〜人とテクノロジーが築く安心社会〜」をテーマに国際モダンホスピタルショウ2026が3日間開催 - インナビネット,https://news.google.com/rss/articles/CBMib0FVX3lxTE5vQWZDaF93aHV2cm1PeU41UUhTODZlcEI4cWd5MHJZNFZyZzN5dGlGM2ZieGRXRnl6X2htVms1ODNxUnVxSUhXamZfSm1aQVdqa1JkSDl3WFUwREFmU3JBS1E5M0JBd2dBbkRNNk11NA?oc=5,"Tue, 14 Jul 2026 07:00:00 GMT",2026-09-20T09:08:55+09:00
GoogleNews:テクノロジー　健康,テクノロジー　健康,【締切5/13】「2026年度横浜市トライアル助成金」～健康・医療分野、バイオテクノロジーを基盤とする環境・エネルギー分野の研究成果・アイデアの実用化を支援 - スタートアップポートヨコハマ,https://news.google.com/rss/articles/CBMiZ0FVX3lxTFBpd0YtU09ZQ3NrSGNRbjhYaTNCcjRFQ2RrTVh3SUdINjhoZDJINF93aGFqSTFCWEZUTzMzZmJ6REFhU3gyQU5GbVBNLWZFUEZwZU40M0cwLW5hUUQ0LWxhWGtyTl9KN0E?oc=5,"Fri, 08 May 2026 07:00:00 GMT",2026-09-20T09:08:55+09:00
GoogleNews:テクノロジー　健康,テクノロジー　健康,食事データ×ウェアラブルデータで、 健康行動を価値化する新たなウェルネス体験へ ピクセラ、健康管理アプリ「カロミル」を展開する ライフログテクノロジーと共創に向けた取り組みを開始 - Newscast.jp,https://news.google.com/rss/articles/CBMiT0FVX3lxTE1IbUhsZWMwNkk4MEtBUnlUTEpVS00xMFdDVkU1NjhEcjFvdXJFaVhSR1h3bVhCeVBDS2phSlpLT2RJaFhSalhWcHgxNzhmSzQ?oc=5,"Fri, 08 May 2026 07:00:00 GMT",2026-09-20T09:08:55+09:00
GoogleNews:テクノロジー　健康,テクノロジー　健康,健康に貢献する信念を胸に、新しいテクノロジーに挑む - otsuka.co.jp,https://news.google.com/rss/articles/CBMia0FVX3lxTFBNNGVZOW1tZXRxeFpUNVlvVFBOMkxWbWhtVjI4Sm12ZW5tRmptclhuWTRxVGhMclpKYV9RTV9mcjhxZEszNVFOSk8xdUxPZVk5RVEwSW5kdmlFNlAzTUpmMXBQdm95d2ZUaUUw?oc=5,"Tue, 04 Nov 2025 22:17:22 GMT",2026-09-20T09:08:55+09:00
GoogleNews:テクノロジー　健康,テクノロジー　健康,つくば市民の市民の皆様の健康寿命延伸や生活習慣病予防を目指しPHRデータを活用した商品提案・健康支援による食生活改善の実証事業を実施 | アルフレッサ ホールディングス株式会社のプレスリリース - PR TIMES,https://news.google.com/rss/articles/CBMiakFVX3lxTE9wSHpPZ0NGTEJUbzRwUUhRd044eFU5WlNqZno3QzMxQ0VjZGVSb0xFb1dzMTBuZ0hncmlzVWx3MkhaVm92NTUwU1A4YmdmbDR3M0xib3hkeEZGSF92clNaWUdQQjlHS3V6bWc?oc=5,"Fri, 21 Aug 2026 07:00:00 GMT",2026-09-20T09:08:55+09:00
GoogleNews:テクノロジー　健康,テクノロジー　健康,“ヒト×保険×テクノロジー”健康診断書・人間ドック結果のデータ化を実現「スマートOCR：SDクラウド健康診断書パック」を提供開始 - PR TIMES,https://news.google.com/rss/articles/CBMiakFVX3lxTE9jT3pVWlNOb1BrWmRaeFU4RWFubHVFUUlBNWQwU20zc21NZlFyR1VVVWRKLXR5bkdab29EU1AyT2I5dUd1QXNlSGFneHg3NWVxNFVpYkYza01GVUMzYkt4YVdMMjJyZUJUX3c?oc=5,"Tue, 17 Mar 2026 07:00:00 GMT",2026-09-20T09:08:55+09:00
GoogleNews:テクノロジー　健康,テクノロジー　健康,東京パワーテクノロジー、「健康経営優良法人」「くるみん」「スポーツエールカンパニー」認定を新規取得 - PR TIMES,https://news.google.com/rss/articles/CBMiakFVX3lxTE52Q096UlMtQXdNcGdoNTdsVXNrN1FJQllCbldHMGVLVlVvVllMOVlRRHdaT3ltVjFhdEdmRXItU1ZJRnFHSlNydkJwelIyOFk3UjJ1eGdQVmVKdmRYZVNoYlE5MkhTSGp1dUE?oc=5,"Tue, 24 Mar 2026 07:00:00 GMT",2026-09-20T09:08:55+09:00
GoogleNews:テクノロジー　健康,テクノロジー　健康,教育テクノロジー企業の株式会社ビルディット、健康経営優良法人2026（中小規模法人部門）「ブライト500」に認定 - PR TIMES,https://news.google.com/rss/articles/CBMiakFVX3lxTE1mVEp1YXBMNmtKdjFhbW5qaUlYcVhvU1BQYVgweEdtbzB1VVNHR2w2NWNpVGNjNHRzWU9vakgwQ1RjWXg3U0ZmY2NRUHoxVmlVNUx0UUE3ampWZlUtMU9UYlJLekFWLVJ3SFE?oc=5,"Fri, 13 Mar 2026 07:00:00 GMT",2026-09-20T09:08:55+09:00
GoogleNews:テクノロジー　健康,テクノロジー　健康,カロミル×ぼんたぼんた、アンケート調査から生まれた“健康おにぎり”新商品を共同開発 - PR TIMES,https://news.google.com/rss/articles/CBMiakFVX3lxTE5IUnEzOHFIcXN2bE42WHptNERNbUhUTDlrWHVnM1BDdWlJTERFTzNtM0V3dFhDcHlySlB4VFNrQlBkUG5XU2RGbXVpWXBxcWZPVGYzWm5pVklMbUg1OWxGX3kwZlp1aXF3Wnc?oc=5,"Thu, 09 Jul 2026 07:00:00 GMT",2026-09-20T09:08:55+09:00
GoogleNews:テクノロジー　健康,テクノロジー　健康,喫食データ×生成AIでここまで見える多様化する 健康意識層の“リアルな食実態”と商品開発・マーケティング活用 - PR TIMES,https://news.google.com/rss/articles/CBMiakFVX3lxTFBYNUstWTFkbWh1dkFkZmZhRDFiYTF5bW91YjR5TUlXQUk1U2ZOQWZpNGt6U2lfbXFtSEFOVTVJLVRWa2dZRUJ4TTB2c0VMdVVwR0Z0eDRlSl9JeFdJZGRMQndwbzV4WUZhcGc?oc=5,"Thu, 04 Jun 2026 07:00:00 GMT",2026-09-20T09:08:55+09:00
GoogleNews:テクノロジー　健康,テクノロジー　健康,東京パワーテクノロジーが、スポーツ庁より「スポーツエールカンパニー」に認定 - PR TIMES,https://news.google.com/rss/articles/CBMiakFVX3lxTE5MWEZMRmFDZWVUUGtNN2NOQ256RlNkTmkzalZyRHFfQUV4emFmV1k5aHRRTldDcm9yNkVyTVdIY2lfM2NmaTllRU9oTU5JS2JjWW1uNm5jN0NPUl9FVk44R0lfUWh0ejFtOWc?oc=5,"Fri, 30 Jan 2026 08:00:00 GMT",2026-09-20T09:08:55+09:00
GoogleNews:テクノロジー　健康,テクノロジー　健康,女性活躍推進テクノロジー協議会、新検定「WETC認定女性健康経営カウンセラー検定試験」をリリース - PR TIMES,https://news.google.com/rss/articles/CBMiakFVX3lxTE45ejJIb1RqSEx2X3A2NlZmWUdOeDVUdHNxSUw3TFptWEpvdjlRQlpEcDFCZWp5bjF1MVRsVngtbU5nRDhqNVRLTzl5ZTkwLWttdEtMMXc4WnJyWHFUbDY2Z1lCNmZyVGpaMHc?oc=5,"Fri, 14 Nov 2025 08:00:00 GMT",2026-09-20T09:08:55+09:00
GoogleNews:テクノロジー　健康,テクノロジー　健康,スマートシティ×公共交通・都市DX・未来テクノロジー・人材育成・健康・自治体経営｜調布市70周年の寄稿も掲載──見逃せない最新トピックを一挙公開 - PR TIMES,https://news.google.com/rss/articles/CBMiakFVX3lxTE9sQTl5czhZN3lIX2lDRjdTR0VSWGxLZ0gtc3JMcnEwSmNvdGh5RFBZMzdjajVwcGd1VDl4V185dU5VcmRsckZTdncxVThhR0F4MTRVVkhZNDZiMGFTRkdqMTRWcDZiaXRNb3c?oc=5,"Fri, 05 Dec 2025 08:00:00 GMT",2026-09-20T09:08:55+09:00
GoogleNews:テクノロジー　健康,テクノロジー　健康,ロベルテ、国際スポーツ科学・テクノロジー会議（ICSST 2026）に協賛 - 健康美容EXPO,https://news.google.com/rss/articles/CBMiaEFVX3lxTE80clFTMUZkWUtRbm52NEh1dWJEeFdsa3JIa3BLck41ZGhua29qRkkzWFlOT2gtZ3BheGpfNEJqSW9VckYySEhiRWxVM2s1b2Z5T0hfUkpSZUpTdHZFdTlkTmJPSGN2Q0k5?oc=5,"Wed, 20 May 2026 07:00:00 GMT",2026-09-20T09:08:55+09:00
GoogleNews:テクノロジー　健康,テクノロジー　健康,働く女性の健康サポート フェムテック製品一堂に 月経、妊娠出産、更年期…健康課題をテクノロジーで解決 - 下野新聞社,https://news.google.com/rss/articles/CBMiW0FVX3lxTFBhcXpfU1JhM21pOVBObTc4V3dmc1JqZlZ6aHA2ajR6eWJoSnp4NzFQVTAtOVE1T3dOeDlTVi13Y3lDXzZHNlJpaWpuWmVIajBYcEZnOEVzSG1LOW8?oc=5,"Wed, 26 Nov 2025 08:00:00 GMT",2026-09-20T09:08:55+09:00
GoogleNews:テクノロジー　健康,テクノロジー　健康,『家事負担低減』や『美容・健康』の社会ニーズをうけ「Air Bubble Technology」搭載商品が累計 15 万台を突破 - PR TIMES,https://news.google.com/rss/articles/CBMiakFVX3lxTE1ZbXNNQlZLWVd1RGV4SGpJYjRLU0hvdWN3SlpkU3pxVEp1QW82S2I3YUlQX25qcTZsRTZyR2daTzJQcE9hOXJybV8weUp4dGZtMEs0S25YTl9VU0FFajZPS0UwUDdkdURlTUE?oc=5,"Mon, 27 Oct 2025 07:00:00 GMT",2026-09-20T09:08:55+09:00
GoogleNews:テクノロジー　健康,テクノロジー　健康,未来調査2026-2035 先端テクノロジー編｜日経BP【公式】 - 日経BP,https://news.google.com/rss/articles/CBMiWkFVX3lxTE5TLVRKT1VDblFfcUJRb1BsMnB1VnB0QTVVVWtyb01IalFpbHBob0s5R1ZGMzFoaWRVdHRpX3c1Z21TbWhQeFc0ZWxMd0VuTnB1WDBjVUVTZHJFdw?oc=5,"Thu, 02 Oct 2025 16:29:05 GMT",2026-09-20T09:08:55+09:00
GoogleNews:テクノロジー　健康,テクノロジー　健康,2026年最新テクノロジートレンド総まとめ。プライバシー、健康、集中力、環境、身体拡張まで網羅する注目のスマートデバイス5選 - internetcom.jp,https://news.google.com/rss/articles/CBMiigFBVV95cUxNR2szMW1kbzgwbW1rTXd5RmNaQUs5Ti1VVzJ0YzVTNXhoWlhUUmtkbXI1M05JNHBaTkVhMzNtaTVVMDBfQjQ2WWpvTGxSYUR0WXl5ZzRzdmF0TnVWX0NnYjBCNDhPbVlMUDZpdVM0ZXVlS3ZjN2VwN3o5NlBQVnVOVU9UbjVlTnRtdHfSAY8BQVVfeXFMUGl6M1NDdVI4V0gxSUk0ZHFKV1lkbFBSd1piYTlGU1R5UVFMcmtSMFBQamh6ZkRNSVZuVVZySEZ6N2Zid1lZV25zZnpteTBIWXdHSmp4Y2lYZ2NVYTl6OGlOblMxOXFaeTgwdVJsaHc4ODY1WGVKUnVBeHp4VTNtazNJejFJTjRrYzBPZWJ1RDA?oc=5,"Sat, 24 Jan 2026 08:00:00 GMT",2026-09-20T09:08:55+09:00
GoogleNews:テクノロジー　健康,テクノロジー　健康,信頼、テクノロジー、女性の健康が導く次世代ヘルスケア、アメリカ発のウェルネス最新レポートを公開 - PR TIMES,https://news.google.com/rss/articles/CBMiakFVX3lxTE5ibEc0RUNzMTV1cTRhNElHaXNsZnhBWkJCRGU1MnhObVMwc3NYVW1vb216VWFRZ0ZUWHZaV3BkaEpHZDZPTXFGMFN0MzZUcTBvYXpNRXNTSG13TnR4U0ZITjBoNmRZOTBMcUE?oc=5,"Thu, 09 Oct 2025 07:00:00 GMT",2026-09-20T09:08:55+09:00
GoogleNews:テクノロジー　健康,テクノロジー　健康,食×テクノロジーで健康を支える - シルタス - MUGENLABO Magazine,https://news.google.com/rss/articles/CBMiX0FVX3lxTFBGaEpDV1h2R3Nfb0tkd3U4QThwMk4wVlVXUTkxd0wwTm9OS2ZtTElteEdfNklIMlhmX1RlcnByams3SEE5UXNyeUFQMFduLU5ocTJ1d0ZrZ1dUOG4xdmZn?oc=5,"Tue, 24 Jun 2025 07:00:00 GMT",2026-09-20T09:08:55+09:00
GoogleNews:テクノロジー　健康,テクノロジー　健康,ブランディングテクノロジー、「健康経営優良法人2023」認定のお知らせ - PR TIMES,https://news.google.com/rss/articles/CBMiakFVX3lxTE8zT0lrSjNkbWQ2UWZUcER5T2F6STdCb3NCcmhsc0FZS2o5ejdvMEtGMnhGQnJZZmJ6ZVM0OF9kZFRKZVJtY0FfX1hhTXNjaUhqT1p5QzFDY0FCRDVXdmQ3Qlg5clBsRm9XRWc?oc=5,"Fri, 10 Mar 2023 08:00:00 GMT",2026-09-20T09:08:55+09:00
GoogleNews:テクノロジー　健康,テクノロジー　健康,最新の美容・健康テクノロジーが集まる展示会「WELLNESS ＆ BEAUTY TECH 2025」を初開催！ - PR TIMES,https://news.google.com/rss/articles/CBMiakFVX3lxTE1vZlE3Q01pSGN0SGZTT3Myc2hlMFZvVmRuTjMyS3A3dGdBV1Q2cGNtSEFhNnNPVWI0elBNTnN1RzJxRnNrOG1YSjFjN3BlS3ltelljSVNhVEtQN3VwNWZtampTTXRvXzdhd1E?oc=5,"Tue, 15 Apr 2025 07:00:00 GMT",2026-09-20T09:08:55+09:00
GoogleNews:テクノロジー　健康,テクノロジー　健康,セゾンテクノロジーの健康経営は経営のためではない 社員の豊かな人生を願う社長のライフワーク (1/3) - HRzine,https://news.google.com/rss/articles/CBMiTkFVX3lxTFB2MEY2MXJKVjV2U0V1Y3hQdEdHZjlJd29DUHhsbm9qY1VpTHdSLW9JLUlOX1JuOHJQX21aV3FuVVJ3NEZxWTlfcW9Na2JfZw?oc=5,"Wed, 30 Jul 2025 07:00:00 GMT",2026-09-20T09:08:55+09:00
GoogleNews:テクノロジー　健康,テクノロジー　健康,Flora株式会社、「第10回HRテクノロジー大賞」にて「地方活性賞」を受賞 - PR TIMES,https://news.google.com/rss/articles/CBMiakFVX3lxTE84VTJTOUUxNTAyeUo5Z0FWaExCbzV2b2lDSnhIaGhSNEloUXRzWm1CQk1MLXdxM0wzNXIzTEl1MHpSMXRNUURSUUk5U2kxLWZ6NEl0RDhlcThSY0ZVVGIxbVNaR3gzYzVsX2c?oc=5,"Thu, 07 Aug 2025 07:00:00 GMT",2026-09-20T09:08:55+09:00
GoogleNews:テクノロジー　健康,テクノロジー　健康,コントロールテクノロジーが、大学の健康診断に特化した予約システムをリリース - PR TIMES,https://news.google.com/rss/articles/CBMiakFVX3lxTE5FaEJ5T3RqNzRYMjhkNUpJV1ZJb3l5bG4xbUJXeHNxdnh1LTVBV1lEQTJkczFSdXNnNkcweC1iWXREWEdWLS02TndOWGtZc3gxbWRfREF0QkF3MndMZ3RrZWNrY29YeEh0R2c?oc=5,"Thu, 22 Feb 2024 08:00:00 GMT",2026-09-20T09:08:55+09:00
GoogleNews:テクノロジー　健康,テクノロジー　健康,『仕事と人生を変える 勝間家電』書評｜テクノロジーで「時間」と「健康」を取り戻す実践的ライフハック - Smart Watch Life,https://news.google.com/rss/articles/CBMiTEFVX3lxTE8zTV9ZaFRMdnA3c1RIS1ZkbElZZzFuTDQyQ3F2bGFGNHN5bkcyQ042VjduZFhJcThHb0tvVFVXdGxtakJWVnBvb1R4WUk?oc=5,"Wed, 22 Oct 2025 07:00:00 GMT",2026-09-20T09:08:55+09:00
GoogleNews:テクノロジー　健康,テクノロジー　健康,【プレスリリース】政策提言：超高齢社会におけるイノベーション ～テクノロジー・健康・介護・都市計画へのインパクト～（2019年4月15日） - 日本医療政策機構,https://news.google.com/rss/articles/CBMiTkFVX3lxTE84LWYxTDltSVN2M1NJRl9uTEVjNjVKU1pQU3hVNUV0NnlQdk5kQXZkZV9CMmFXek55Mk9lTEU4TWtqaUgwNzByTnRUdG43QQ?oc=5,"Tue, 16 Apr 2019 07:00:00 GMT",2026-09-20T09:08:55+09:00
GoogleNews:テクノロジー　健康,テクノロジー　健康,健康長寿のためのARDD：科学、テクノロジー、投資が再定義する未来 - EurekAlert!,https://news.google.com/rss/articles/CBMidEFVX3lxTE5PdEtabFVoY3A2Q1M4SkQyX2pOZFNaWWIzM1dOREJRR2stU2FrUXdvVTdhUXo5dF9FZ0NsUFdTVXo2QmJkRnpSRWhVZnlzZVRCMEQydzF6WVVSQXFBOFVRWmJDem9HbUVkOWlCX1NBSllVLUpV?oc=5,"Thu, 21 Aug 2025 07:00:00 GMT",2026-09-20T09:08:55+09:00
GoogleNews:テクノロジー　健康,テクノロジー　健康,ブリヂストン 女性特有の健康課題をテクノロジーの活用で解決する フェムテックプログラムを導入 - 株式会社ブリヂストン,https://news.google.com/rss/articles/CBMibEFVX3lxTFBLcENCeWdJdzdHczVDc2RwanBWR0lMQ2FJaG8taF9GX3JucjczRVRYc0FtdlQzejhHanRiQXJKSWp3ODdkQ0NOdnZrc2lISkhicnFzZDJTeVZvS1F4ckVDUmlqcW5ETHZPQm05ag?oc=5,"Thu, 27 Apr 2023 07:00:00 GMT",2026-09-20T09:08:55+09:00
GoogleNews:テクノロジー　健康,テクノロジー　健康,女性特有の健康課題解決へ向けたテクノロジーやサービスの展示会 Femtech Japan 2024/Femcare Japan 2024 に出展 - PR TIMES,https://news.google.com/rss/articles/CBMiakFVX3lxTFBFekhIWW5FaW9pdzI3cmtkZ3RjR1FId24yVlUzek1ueXhJc2pxMUZzUUt4Y2piWmNkZmZmT0JlRnJGQ3RUMXVfdjNqTWQ3cDVtYVJxZFBYLWkwbEpTeWo1S2JNVGVOcWEydGc?oc=5,"Wed, 20 Nov 2024 08:00:00 GMT",2026-09-20T09:08:55+09:00
GoogleNews:テクノロジー　健康,テクノロジー　健康,ライフログテクノロジーとハウス食品グループ本社が資本業務提携を締結 | ライフログテクノロジー株式会社のプレスリリース - PR TIMES,https://news.google.com/rss/articles/CBMiakFVX3lxTFBoMXJ6VmUzU3NIMXhDdjIyUzRhdXd4Mkh5SVVFaFBxcTJQV1pIYlRiVGlESGlYcldxbmpyQXdSRGY5U3JwNVlTNzZiWEdoVnZRMk5OdDdkbHU3MlYwRTFxRjU4dUtUS1p4RUE?oc=5,"Wed, 29 Mar 2023 07:00:00 GMT",2026-09-20T09:08:55+09:00
GoogleNews:テクノロジー　健康,テクノロジー　健康,高齢者の健康維持や孤立防止に役立つテクノロジー製品 - ZDNET Japan,https://news.google.com/rss/articles/CBMiU0FVX3lxTE9zSG1IVUhycmNqSnh0RWZCYWlOblJxVURZMm81N1paY19SWjNfcFBxaGgzYXFTclpRak1DTmZIWHlnclMzUThnMFpfME5NVXViNGJ3?oc=5,"Fri, 20 Jan 2023 08:00:00 GMT",2026-09-20T09:08:55+09:00
GoogleNews:テクノロジー　健康,テクノロジー　健康,テクノロジーは「健康」を変えるか？進む静かなるイノベーション - MITテクノロジーレビュー,https://news.google.com/rss/articles/CBMirwFBVV95cUxOd1ZtbU96UmFMYy1oWXV3TlVvTkpKSWRxRTVhVE1PZjdmQXdNWUV6QVZUa1dod3RxRmFQdjNtdUFFRWRCNDAtaEdjV2RQY2RHWjNNMzd6RFptY1pwd213VC0xbm5tTEhZSm1xTDZVVXRjckVtWGZuZ2dBdXZMRmhRQlhhdE05NDlqak1fb0FvTmE4dXo3SGZ3LUEtRFJNVy1Wemc5djBPVEpkaHBRSTJN?oc=5,"Fri, 24 Aug 2018 07:00:00 GMT",2026-09-20T09:08:55+09:00
GoogleNews:テクノロジー　健康,テクノロジー　健康,ペットの健康を最新テクノロジーでバックアップ！「Dog&Cat Healty Station ピーサポ」OPENのお知らせ - PR TIMES,https://news.google.com/rss/articles/CBMiakFVX3lxTE1FY3JMLW1oVnZEWEJCa1BuWXh3RXdyaklyT0NVNG0zLTZTZzNETlZiNVNybmRVZVM2LS1aSmJvN2g4SE1FWFVWcjZZSGkwYlV3d2VKVW51NGpITVYyMXp4cmRlbnVJeWt5N0E?oc=5,"Sun, 29 May 2022 07:00:00 GMT",2026-09-20T09:08:55+09:00
GoogleNews:テクノロジー　健康,テクノロジー　健康,テクノロジーによるヘルスケアオートメーション（健康の自動化）を目指すドリコス社と資本業務提携 - 株式会社エアトリ,https://news.google.com/rss/articles/CBMiTEFVX3lxTFBMeFEzT1ZIM0hZb1J6NDhSMVJqMFFyZWVOSjcxcGdCaGZUTjBudlBBT0RycFhoOEpWWGZwYzVvVExNUFQ2VGFJVFZodWM?oc=5,"Tue, 25 Jul 2023 07:00:00 GMT",2026-09-20T09:08:55+09:00
GoogleNews:テクノロジー　健康,テクノロジー　健康,日高地方の浦河町で健康教室を実施！ ～地域の元気と交流を促進～ 北海道ハイテクノロジー専門学校 - 滋慶学園グループ,https://news.google.com/rss/articles/CBMiT0FVX3lxTE8xeG0xbFF1OHBlY0xZQmNhWlNpWDFaLWtUb2poS0NuOTdVdmNFVXlxdFg5d3RFeTFWY203Ti1CNWpSR0R5NFdfT0lnV3VBdnM?oc=5,"Tue, 15 Jul 2025 07:00:00 GMT",2026-09-20T09:08:55+09:00
GoogleNews:テクノロジー　健康,テクノロジー　健康,フェムテックとは？ 女性特有の健康課題に挑むテクノロジーに注目 - 日経ビジネス電子版,https://news.google.com/rss/articles/CBMiZ0FVX3lxTE5xVXVzUHVRd05pamFicmNYWWdQZGhYSUVieXRTNmQ0QnY2Q2I5eW83VEY5YWxkSkxoRVhyb0tTZFE2alJ0M1JlZVFaZzI1RG1xSnExX09ObWZiMVItZktVV2pxNDhGMjA?oc=5,"Tue, 19 Oct 2021 07:00:00 GMT",2026-09-20T09:08:55+09:00
GoogleNews:テクノロジー　健康,テクノロジー　健康,健康管理アプリカロミルを提供するライフログテクノロジーと管理栄養士によるパーソナル食事指導サービスCHONPSを提供するNwithが連携 - PR TIMES,https://news.google.com/rss/articles/CBMiakFVX3lxTE81Wk5ndnJIUTAta0xKS21lVEJkMWl3dzFCN29aVlBpSzhXZnMzOHhYdl8tWUFIS2lSUkdob0lJaExGYUhyaVg0YnZSSGgwNmFtNWZFWEpnS2xCUkd4cmJqcDBJNktmM3dsNlE?oc=5,"Tue, 02 Jul 2024 07:00:00 GMT",2026-09-20T09:08:55+09:00
GoogleNews:テクノロジー　健康,テクノロジー　健康,【協会けんぽ】社員の健康づくりを応援！『FAシンカテクノロジー 株式会社』の取り組みを紹介 - 日刊CJ Monmo Web,https://news.google.com/rss/articles/CBMiXkFVX3lxTE5oVzlPNEV3WXZhNnVKMW1TQVJLT3M2enFnLXdoNzh6eTVfUDBlRU9hVWI2NGNKQVFmMzBaN0JqYmZaSXZmYVJUeTZ1RzJmRW5jNUo4ZXVCZUUxN01WcEE?oc=5,"Thu, 06 May 2021 07:00:00 GMT",2026-09-20T09:08:55+09:00
GoogleNews:テクノロジー　健康,テクノロジー　健康,先端テクノロジーを活用し新宿・初台エリアのライフパフォーマンスを向上させる「Wellness Lounge™」をグランドオープン - NTT Data,https://news.google.com/rss/articles/CBMia0FVX3lxTE4xYUhqUUN0Snk2WGk2R2hvYnF5WU5HU195Y0NYU2JsQ1JFRlZ5STdzQ1dLaUp3R0JtWUtDOEJxelpWZHlDTDcyaGthd0N4UndaV24tMGxMQkM0bnBOTHBmYk1lVklPVUI5Tm5j?oc=5,"Wed, 23 Apr 2025 07:00:00 GMT",2026-09-20T09:08:55+09:00
GoogleNews:テクノロジー　健康,テクノロジー　健康,パーソルクロステクノロジー、医療機関への厚生労働省立ち入り検査に対応する『セキュリティ健康診断サービス』の提供開始 - PR TIMES,https://news.google.com/rss/articles/CBMiakFVX3lxTFBaN1hpRHB2UkptcldUT0d1eV9veGN0amptZ2l2ZjdDZVZXQW4zcnI2YTZRVHJpRGlBYzZObTVBYWY5XzNwN1BlMmlTYTlCV2s2T3V5bDJidmliQkhmTnRxWEVLb191NlNyZUE?oc=5,"Tue, 06 Aug 2024 07:00:00 GMT",2026-09-20T09:08:55+09:00
GoogleNews:テクノロジー　健康,テクノロジー　健康,小児の時間外の健康支援アプリ『キッズドクター』がテクノロジーを活用した子育て支援サービスの展示会「BabyTech（ベビーテック） TOUCH」に出展 - PR TIMES,https://news.google.com/rss/articles/CBMiakFVX3lxTFB0RkN1T0dLRGZUQmJybVJFLWJBVWVWMENYUWNDay1LYUY1QUNxTEZ5OEZQNTJhNDJkZjIwbWxfWFFHS2RUbU8yV2NIRWhUNlJRRGxDUVJkdUZVTHBEQ18yYXZaZXpncHQtY1E?oc=5,"Thu, 10 Jun 2021 07:00:00 GMT",2026-09-20T09:08:55+09:00
GoogleNews:テクノロジー　健康,テクノロジー　健康,挑戦者2024：テクノロジーで女性の健康支援―― 杉本亜美奈さん - 週刊エコノミスト Online,https://news.google.com/rss/articles/CBMif0FVX3lxTE1hQUptVml1QnZUVHkwVGwzNDBEMHI5c3pvbXl3S05kU0ppelNmVmFfVWx0TTA0eE14UDVlbTNpNk1SRGlSZVdKYmhQMTdtSWxxemhJQ3pVYk55YmhOWnp3NG4xN1U2VlNLNHNIcFdTVElITHBUOUh0T2ZCSTUwMjQ?oc=5,"Mon, 11 Mar 2024 07:00:00 GMT",2026-09-20T09:08:55+09:00
GoogleNews:テクノロジー　健康,テクノロジー　健康,JMDCとライフログテクノロジー、食事データを含めたライフログデータの活用に向けた業務提携を締結 - PR TIMES,https://news.google.com/rss/articles/CBMiakFVX3lxTE9vdUE0RFYwMFZiN1F1LWo1aURwSmNVb1RLcVZRV2l0d2ZlQXBYMU5LVWRZSHFUTV9VVnBuMV8yeW5JTGVSQ2E3bmlkcllCRjVDZC00VEpMVHliV1BKUGVJcXphNk8yRmc3Vnc?oc=5,"Tue, 07 Mar 2023 08:00:00 GMT",2026-09-20T09:08:55+09:00
GoogleNews:テクノロジー　健康,テクノロジー　健康,人生100年時代！高年齢労働者における“フレイル”早期予防に向け、清掃業を展開する大和ライフウィズでAI身体計測テクノロジー「Bodygram」が導入 - PR TIMES,https://news.google.com/rss/articles/CBMiakFVX3lxTE5SanIzRG5TNDNZNHptOEJuRm51NFBTNW9DZnhFcUxTNmd4a0JtOEhBUTVFdmFJQ2I1UDRadUtMZUllYy1jRUJrT2JxTXRaQUZfSXJJbUoxemtieUpYeGRQZ3lJY2hta0FPRFE?oc=5,"Wed, 21 Sep 2022 07:00:00 GMT",2026-09-20T09:08:55+09:00
GoogleNews:テクノロジー　健康,テクノロジー　健康,【開催報告】グローバル専門家会合『超高齢社会におけるイノベーション ～テクノロジー・健康・介護・都市計画へのインパクト～』GCOA-HGPI共催ラウンドテーブル（2018年11月2日） - 日本医療政策機構,https://news.google.com/rss/articles/CBMiTEFVX3lxTFA3OVpaR3NJbE5lSEtqSkdLS1Bac1RxWkNyOVZxaVRleEpIODVaMXllMm41aTA0RFVOUVEzaXRWcTQyMzc1VUVXVnd1Um0?oc=5,"Wed, 16 Jan 2019 08:00:00 GMT",2026-09-20T09:08:55+09:00
GoogleNews:テクノロジー　健康,テクノロジー　健康,「女性の健康課題をテクノロジーの力で解決！」 - tbsradio.jp,https://news.google.com/rss/articles/CBMiUEFVX3lxTE4tNGZrMWpudmZIams0V3V5R3hYeWNObWtrNi1xVUcteE1HMmJaNnNLVTZqOGhwME1XZm9HdkhsTVNUbFVIbEhiU01kYjZ4dzFs?oc=5,"Wed, 15 Dec 2021 08:00:00 GMT",2026-09-20T09:08:55+09:00
GoogleNews:テクノロジー　健康,テクノロジー　健康,テクノロジー×健康! HURONブランド認知拡大プロジェクト - CAMPFIRE (キャンプファイヤー),https://news.google.com/rss/articles/CBMiU0FVX3lxTE9yaTQtbDdMUEl1bEg0YjJxYkE1RS01aUF0VnA0RGFfSXlRenV0a1BCQk00enRwdll1U0pQVmY5MXdGR29sbE5QbTZzblg1RXNudUtF?oc=5,"Wed, 01 May 2024 07:00:00 GMT",2026-09-20T09:08:55+09:00
GoogleNews:テクノロジー　健康,テクノロジー　健康,健康管理アプリ「カロミル 」が累計70万ダウンロード突破！コロナ禍で健康への関心が高まり5月から半年で20万人の増加 - PR TIMES,https://news.google.com/rss/articles/CBMiakFVX3lxTFB2Tnl3Y3lsYm5MLWFwTUg0WlhhTXZWTHZyTm1GNDJ2VEx1eHhVQzl0WHI5TU5rS0hFQVhZS1h6aWZVMnZvMzl6SGhPYmM2dnFOeHdsbDlsZmpyeHByblNXbS1sOVVXX21TNEE?oc=5,"Thu, 19 Nov 2020 08:00:00 GMT",2026-09-20T09:08:55+09:00
GoogleNews:テクノロジー　健康,テクノロジー　健康,テクノロジーが人類の健康寿命を延ばす！ iOS健康管理アプリ「ヘルストレーナー」をリリース - PR TIMES,https://news.google.com/rss/articles/CBMiakFVX3lxTE5uZ3o1OHRIekc2aEVxMFhRNFdtYVNMcUZ3aEw2Qzk1X2ZOSnFTNEZfRkJJcFFFNTlZNm1tUEZLcWtmckMxTnRCVWhlWGVuSEdKOGRfdW9mQ0dsNFl6X1MzQjhsNTY1YzVpNnc?oc=5,"Thu, 17 Oct 2024 07:00:00 GMT",2026-09-20T09:08:55+09:00
GoogleNews:テクノロジー　健康,テクノロジー　健康,「京都発 テクノロジー×医療・健康」 社会課題の解決、エコシステム構築へ - TECHBLITZ,https://news.google.com/rss/articles/CBMiakFVX3lxTE5ZMlo2cDFldXJOOWJPZXVWUlZ3RE1vS0I3ODBRZUdDS3NYcTZVMHRCOFRIbEVYUThRSklwVzZOZWpla1Rmeko1Y0dHempEcWpKN3hxY25iWEYycGVFZXNxT19pSlpSNHBYTEE?oc=5,"Wed, 20 Apr 2022 07:00:00 GMT",2026-09-20T09:08:55+09:00
GoogleNews:テクノロジー　健康,テクノロジー　健康,（株）あつまる、ファミリーイナダ（株）と業務提携を発表。AIとIotテクノロジーで健康経営の観点からSDGsを推進。 - PR TIMES,https://news.google.com/rss/articles/CBMiakFVX3lxTE00dWZOMTRiM3pFaWRlclNxN1dXSUNWcHB5QjhMRHYxRlk0TDNHemZNT25DbFVtcF9xRmxjLXJCOE9GZEhySlp2eUFpUTVjbEg3ekNkdWRJdVpoSnFlYlhZejJCeVNZazN2REE?oc=5,"Wed, 22 Sep 2021 07:00:00 GMT",2026-09-20T09:08:55+09:00
GoogleNews:テクノロジー　健康,テクノロジー　健康,スマホ、テレビ、ゲームなど、現代のテクノロジーに要注意!? - axa.co.jp,https://news.google.com/rss/articles/CBMiYkFVX3lxTE9RdGpaSE9WNUI3emUxMHAyRHA4d0EyVDNoNXFHellCdFdwbEtXY3E2WVBaSmc2c0FyUzhyWno0bTdJUlJzMkQxVTBIMVZ1SDlyVW9DQXlaNFdrSXZvdENObDNR?oc=5,"Thu, 28 Dec 2023 08:00:00 GMT",2026-09-20T09:08:55+09:00
GoogleNews:テクノロジー　健康,テクノロジー　健康,オンライン健康管理システムの開発と運用が健康経営を後押し！ライフログテクノロジーが健康経営優良法人2020に認定 - PR TIMES,https://news.google.com/rss/articles/CBMiakFVX3lxTE9CaHVsVm9HWVRoV2VlYXFnRWdSSDd4ZFNOU3hDb25CQnJSNkdHVUFEMWdmSXk5ZXpiLWxNUVRHRVAzc05ob3FLaTRWcjg2QUg2YUo3R2NEMkhxX3I5UzNOcnRrMFFCbldraGc?oc=5,"Tue, 09 Jun 2020 07:00:00 GMT",2026-09-20T09:08:55+09:00
GoogleNews:テクノロジー　健康,テクノロジー　健康,明治安田生命が生活習慣改善につながるサービスとしてAI身体計測テクノロジー「Bodygram」を導入！保険加入者の健康診断結果改善に向け、日々の体型管理をサポート - PR TIMES,https://news.google.com/rss/articles/CBMiakFVX3lxTE9jOHlvQnRxd3ZIN1lpVnVtbXJwS3VjbWRibHo5TEFqeVozTEVnazcwRmVMVE1fRjlUd2tzWXJiQ1RQa050VV9oLS1yX1hkc1JrVHQzRTR2OUd2VlZuT2QwNGVyT0o4Q2t4N1E?oc=5,"Mon, 06 Feb 2023 08:00:00 GMT",2026-09-20T09:08:55+09:00
GoogleNews:食　政府,食　政府,７か国の政府職員など 小学校で日本の食文化理解深める 筑西 - NHKニュース,https://news.google.com/rss/articles/CBMiWEFVX3lxTE9sQVVYRERCd29DcFJOUTcxZU42VGNLdFNYXzFCQnFaTzl3ZDctMzd2QUdRbk83Z0tKdUxKd3lOZFJvZW5tUUFoM3ZuUG5DdDJaZFBvcTZBRkQ?oc=5,"Fri, 11 Sep 2026 09:04:00 GMT",2026-09-20T09:08:57+09:00
GoogleNews:食　政府,食　政府,【信濃屋】イタリア政府公認オリーブオイル鑑定士®・長友姫世氏が登壇！「オリーブオイルの深〜いお話」セミナーを9月26日（木）虎ノ門ヒルズ「cask」にて開催 - PR TIMES,https://news.google.com/rss/articles/CBMiakFVX3lxTE1xS1Ntd08xOXVoNnRhc0VPLXBBUW5hOUNRMFBHT0JTM0t4aXFpZ1ViRHM2TjhTX0dNQmNsc0J6SFAzNEU0a0thcmtsdG5OTldvc05WbXY4d19ZX192UVVCcm5NcTVPektOWWc?oc=5,"Mon, 07 Sep 2026 07:00:00 GMT",2026-09-20T09:08:57+09:00
GoogleNews:食　政府,食　政府,何をどれだけ？ 食べながら備える食品の家庭備蓄 - 政府広報オンライン,https://news.google.com/rss/articles/CBMia0FVX3lxTE5kRExFZUpnOU9McklKU05YVlhPZGtkcWZ2alYtelFXNWNUOGVlVmpDaV94dHh1MkNwMDYxYUlsUUpZbVRVVm5nbUJxSG5HOC1TVTdxNnBGcjRMdlZmeGdvLWdXLUd6d0t4MU9j?oc=5,"Mon, 27 Jul 2026 07:00:00 GMT",2026-09-20T09:08:57+09:00
GoogleNews:食　政府,食　政府,フードテックが経済成長を牽引する分野となるには | MRIオピニオン（2026年6月号） | ナレッジ・コラム - mri.co.jp,https://news.google.com/rss/articles/CBMiakFVX3lxTE5LR2xMbWZXaDE0TjlPZjVEZ3h5clQxZG5GT2VuMnZLTWxnTWRRRkxFeENSQVBHYk9DSHZxMWlvNkRuVVNxYjJSeG51RWk4a1BQRWtpdXYyd2VWLS1uQjJxVHpXSWRFRVlmTVE?oc=5,"Mon, 01 Jun 2026 07:00:00 GMT",2026-09-20T09:08:57+09:00
GoogleNews:食　政府,食　政府,移民と社会：特定技能「制限」 食の現場困惑（その2止） 上限突破、政府「分かっていた」 - 毎日新聞,https://news.google.com/rss/articles/CBMiaEFVX3lxTE1ob0tQRXFlQWZ4ZUNxbTNFYXpuWnhjZzdNRFBESDhQUVZnRnlKQko0cE9fcDdITDJSajlsM19NbnAwLUNTbUctR2s4NjdyMzYteXhJajFCWFNzdGxyV2VFOFNLVXNwRVNF?oc=5,"Tue, 18 Aug 2026 07:00:00 GMT",2026-09-20T09:08:57+09:00
GoogleNews:食　政府,食　政府,｢政府の人口統制､5Gで操られる…｣《コオロギ昆虫食》給食コロッケから始まった大炎上→倒産したグリラス元社長の告白 - 東洋経済オンライン,https://news.google.com/rss/articles/CBMiW0FVX3lxTE5reE4xTWpJeXNHbC16Wm5MWmdRUkxnYmJxa2V0M1VFaDA1UlBlLUNHWVh2WnI2VjYzdkx5VThhUFRncGhHWHFyWENQMFJ1eUhDNXdDam1FWVYzalU?oc=5,"Tue, 04 Aug 2026 07:00:00 GMT",2026-09-20T09:08:57+09:00
GoogleNews:食　政府,食　政府,25年度食育白書 栄養教諭の地場産物の食指導は目標上回る - 教育新聞,https://news.google.com/rss/articles/CBMiVkFVX3lxTFB2cHVJajEzUWt4MVMxeUtocnhiZkxQTkVIQ20zRi1GbmRlMC11WTRXZTNQNlRpNUVQOTkwNW1FX29OY05ncVpxaWxURG9JUXFLZGNrblFn?oc=5,"Fri, 19 Jun 2026 07:00:00 GMT",2026-09-20T09:08:57+09:00
GoogleNews:食　政府,食　政府,政府、フードテックに9.7兆円の官民投資を想定｜植物工場、陸上養殖、食品機械、新規食品の4分野 - Foovo,https://news.google.com/rss/articles/CBMib0FVX3lxTFBSVzNZTEFzTnh2c0hMOENERmtSelZpT0M3a3FvNjh1TmhXQjQwRVNXU1NCRC1nbmtFMXF1OGpxSFgtY1A3OThmdkVSanE1b00tVFozOG82VmdNeW5tVkNnZ2pFcXlkT01JaVlqZnFjcw?oc=5,"Sat, 27 Jun 2026 07:00:00 GMT",2026-09-20T09:08:57+09:00
GoogleNews:食　政府,食　政府,米価暴落「備蓄米買戻しを」京都食健連が近畿農政局に要請「米農家は不安でいっぱい」 - 京都民報Web,https://news.google.com/rss/articles/CBMib0FVX3lxTE1jWDVFa3ktemdfZ0Izb0kweWpRZ3E1SUtqc3k3QWxjTXpBaXYydXlRLUdOUVNyRHRGS2NmQ2xzYVRBQWxpTXRfNWljckVaVmwza2RzV0xfRlNuV1ZycmdBZWtNOVZHOW82SnJiSUwzWQ?oc=5,"Sat, 22 Aug 2026 07:00:00 GMT",2026-09-20T09:08:57+09:00
GoogleNews:食　政府,食　政府,ユネスコ認定食文化遺産発信 ＡＳＥＡＮ日本政府代表部、レセプション開催 - じゃかるた新聞,https://news.google.com/rss/articles/CBMiY0FVX3lxTE02NWc4S2U3X2x3ekQ5UFZqTkdGMDUtSGlxZEt0X0FUMWJCdUVZbE9TV0RIWmxrV05NYzRLdzhKeHN6RFdidm9halFlV0NPV19hS0ZpbGw1SnBZQ1RnSXB3Zl81WQ?oc=5,"Fri, 03 Jul 2026 07:00:00 GMT",2026-09-20T09:08:57+09:00
GoogleNews:食　政府,食　政府,フードテック（後編） - 政府広報オンライン,https://news.google.com/rss/articles/CBMiZ0FVX3lxTE5tWE5aSFR6eGg5c3NNQldKRGxqbGlyUXFXSGRIeldCeW1VdXhvOXZKaWwtd0hUUHFsY1ZCS25BTUVWNTg4VmFnRGE5ZHlwZms1aDlyWkFfMS1QaTR1bjBPWmszc0p2dEk?oc=5,"Thu, 16 Jul 2026 07:00:00 GMT",2026-09-20T09:08:57+09:00
GoogleNews:食　政府,食　政府,世界22市場の旅行基礎調査を発表、インバウンド地方誘客のカギは「食・自然・体験」 ―日本政府観光局 - travelvoice.jp,https://news.google.com/rss/articles/CBMiVEFVX3lxTE9ZaG12R1JGdzJiaTFfdzJsZmRFMUN1WkVtaFFkOVhNZ1gxRkx4OWluU0R0Q1VLRUJWUTRveW15YmFWenJXdzdmS3p6MG94Y2xZa1RoXw?oc=5,"Tue, 28 Apr 2026 07:00:00 GMT",2026-09-20T09:08:57+09:00
GoogleNews:食　政府,食　政府,物価高で生活苦しい学生たちを応援…「フードバンク霧島」が政府備蓄米50トン、1人10キロずつ無償配布 - 南日本新聞,https://news.google.com/rss/articles/CBMiV0FVX3lxTFBuZ1RnU1M1X3NzdXRDamZtbWNkMlVNYVliT1FSME5tZlRKSFJBRE5CejNMT3k0REk5TkpmQk9OVmVlR2h1ak1YYUJDbTJLVkNtZDFub2dOSQ?oc=5,"Mon, 01 Jun 2026 07:00:00 GMT",2026-09-20T09:08:57+09:00
GoogleNews:食　政府,食　政府,政府の成長戦略17分野「フードテック」や食と農林水産業の未来を「協創」する研修型カンファレンス「ONE SUMMIT 2026 in 新潟」を開催 - 新潟日報,https://news.google.com/rss/articles/CBMiXkFVX3lxTE5VckZZT3E4Wi1vcHp0NDFSQXJBQjlFbm1uNHRZbklPUGVyOGsyOEI4dWEyeGNhTHBrQzlQQmM2VTFZMUVYLWsyODVMaVFzd2dRTzNIa01kNDB5bnNrNEE?oc=5,"Mon, 06 Apr 2026 07:00:00 GMT",2026-09-20T09:08:57+09:00
GoogleNews:食　政府,食　政府,英国政府観光庁、日本の旅行会社を英国へ招聘 イングランド各地の文化・自然・食の魅力を紹介し、地方への送客を促進 - PR TIMES,https://news.google.com/rss/articles/CBMiakFVX3lxTE5tNXpGeEFLbHE3ZzZGdkNudm1SdFBrUXJ6a1lDMWpfb3NXdkNIVC1jdXBCd3ZIaDNXQUZzNndST2cyV1FLcUl2NUZmRndJYmN4OEVLanktLVVlZ1RHMWZNWnFLQXVDb2Zycmc?oc=5,"Wed, 29 Jul 2026 07:00:00 GMT",2026-09-20T09:08:57+09:00
GoogleNews:食　政府,食　政府,フードテック（前編） - 政府広報オンライン,https://news.google.com/rss/articles/CBMiZ0FVX3lxTFBTQnl5NkdUQ3BFZU1hOEdSWXo2WXIwUFVSRXBKYTIyTk9MdGNRQWRjTWpzNC1VeE8tejU5WGZLa2VoTXc4U1ZkMGJUUjFmcW4tZHE0QzZWOVg0ZW1rb0M2alFlTnRnaDA?oc=5,"Thu, 09 Jul 2026 07:00:00 GMT",2026-09-20T09:08:57+09:00
GoogleNews:食　政府,食　政府,｢政府の人口統制､5Gで操られる…｣《コオロギ昆虫食》給食コロッケから始まった大炎上→倒産したグリラス元社長の告白 - 東洋経済オンライン,https://news.google.com/rss/articles/CBMiUkFVX3lxTE0ySDlyUjNIdlJiYTRIbnkwWmxfM2RNVmVRb3pSNmVOQ2dlTXh0Q0ZtS3NRRkh5V3RvOHoydUdNUl9lTU9RZ014ajIweWwxSGp2M1E?oc=5,"Tue, 04 Aug 2026 07:00:00 GMT",2026-09-20T09:08:57+09:00
GoogleNews:食　政府,食　政府,政府の成長戦略のフードテック、食料安全保障、バイオエコノミー、AI・ロボティクス・精密発酵の最前線までを一体的に読み解くイベントを開催 - PR TIMES,https://news.google.com/rss/articles/CBMiakFVX3lxTE5rWkRDbzUyNVdSLWh1b2c5d3h2LXlBckRVY2F5RGdKaFlOUUxSNmZUY2RycDNqY2EwVkVEZjN2Y2xqN2k1R05PdjI5RjFOWHp2YWNQUjBTaEd0bmE2OGc3OFdEQnJ2T0NMOWc?oc=5,"Thu, 07 May 2026 07:00:00 GMT",2026-09-20T09:08:57+09:00
GoogleNews:食　政府,食　政府,「世界一幸せな国」が贈る、至福のディナー！フィンランドが世界を史上初の公式試食会へ招待 - PR TIMES,https://news.google.com/rss/articles/CBMiakFVX3lxTE41QmgweHRfU0Y1ZDlzXzAxS0ZsUGwwWFJ1anFvT0tfTmIyVTdoLXp4Y1JZLWcwLVRFaEVYTktsRVpJeDh0QXZ1clBPNU9UT1RaeU9JM09tV2JvTXZkMGpIeFdWSDZMMjlyQ3c?oc=5,"Mon, 18 May 2026 07:00:00 GMT",2026-09-20T09:08:57+09:00
GoogleNews:食　政府,食　政府,フィンランドの自然が育む食の魅力、レストラン「Grön」がミシュラン二つ星、「Boreal」が一つ星を獲得 - PR TIMES,https://news.google.com/rss/articles/CBMiakFVX3lxTFBIdDVmUVpWYmxNdjlqaGJORERQNmxhc1BOZVlZa1g1VVNXdEdHcEVRY3F3WUpsSG1UZWRTZ1FSZmpJck1QTWltT0pPUkRmLVhma1FXV2FMU2FUWEtKRFp1RlE0ckNVbGcxSVE?oc=5,"Wed, 24 Jun 2026 07:00:00 GMT",2026-09-20T09:08:57+09:00
GoogleNews:食　政府,食　政府,政府が経産省の食品輸出事業者を支援する「日本の食輸出1万者支援プログラム」とは？ 中小企業庁、農水省、JETROなどが連携（ネットショップ担当者フォーラム） - news.yahoo.co.jp,https://news.google.com/rss/articles/CBMif0FVX3lxTFBoOG5ITWZUSHFyb0Uyc2Vha3ZoZzMxSFFsX0t4Y0gwajZUc3FrNmY2VXRxN2FILXZaMGdMZk5jX0hOSWJobWZTNGx0NUs1THFjRl8wSm1xNTAtcXdwWE9ENGlyYlZ4SFdJYURjWU8tUEVUOUV1VUFIdzgtVnU1UGs?oc=5,"Sun, 26 Apr 2026 07:00:00 GMT",2026-09-20T09:08:57+09:00
GoogleNews:食　政府,食　政府,香港政府観光局、新キャンペーン「テイスト香港」で美食のまちをアピール、旅行会社向けに販促サポートも（PR） - travelvoice.jp,https://news.google.com/rss/articles/CBMiVEFVX3lxTFAzMENVVEJiZlZTSW9uOS0xcmJiTG1GQzE5RDNZV3lfbExCYjE4U3pVbzRqYjFOSzA5dmd2VFE5dGZEMDlwbzd6cmo2QzlLcVRaMlVxZg?oc=5,"Thu, 23 Apr 2026 07:00:00 GMT",2026-09-20T09:08:57+09:00
GoogleNews:食　政府,食　政府,飲食業界の「今」を可視化する「食産業ダッシュボード Ver1」を公開｜お知らせ｜食団連 - 一般社団法人日本飲食団体連合会,https://news.google.com/rss/articles/CBMiVEFVX3lxTFBTY0pMbU01WHJ0NXA5M2xTSHRueW9hYzdaOGlna3NXYmw2NXRlc3JiTVgtdW9ld0wtUlQ3c2lydm5uRnp1Rk9wNW1sSmpselhaUGMtZg?oc=5,"Wed, 01 Apr 2026 07:00:00 GMT",2026-09-20T09:08:57+09:00
GoogleNews:食　政府,食　政府,政府、17の戦略分野で先行技術を指定｜フードテック4分野では植物工場・陸上養殖を先行検討 - Foovo,https://news.google.com/rss/articles/CBMib0FVX3lxTE5HYmN5ZkpqVlpxOWtjd29xZmxnSDFINFRrT2pQemhwVzVBOXBCV0RCS1FOTmNaQTJYajZURGplSjc0TDVtUFBFSS1jNzZlYUpIQlVPMllTUnFSc1NtMF9QYmg2Y05TSGg4WXR3UThOcw?oc=5,"Mon, 06 Apr 2026 07:00:00 GMT",2026-09-20T09:08:57+09:00
GoogleNews:食　政府,食　政府,高市首相、フードテック関連企業5社と面会｜国内外の需要創出に意欲 - Foovo,https://news.google.com/rss/articles/CBMib0FVX3lxTE9PWEdOQ2hWYXR1c3lKUlpoamJCTjhmYUlISWRhbjVUaE1UZmpsQUE4V05IWW9pTzR3dDZSMHYwWUFkcTN2RUtDLTIwUkhmMVFaTHFJbVlkRGhZYVdLdkg5azItSHZmdGFFeFJfZjJIQQ?oc=5,"Mon, 27 Apr 2026 07:00:00 GMT",2026-09-20T09:08:57+09:00
GoogleNews:食　政府,食　政府,過去最大規模「FOOMA JAPAN」開催へ、政府成長戦略「フードテック」の実装焦点 - MONOist,https://news.google.com/rss/articles/CBMib0FVX3lxTE85OU5Uc3U0U3R6UkM1TW1BWmNLUnZ6Q2p6Yk1lOFpLQ1cya1pweGFzTUp3QTRUMTE1ZWdPMDNjcUpoamt4QW1sQ0xva1hoLVY4X2JQd19XcUV0bmxtUzN1WjFkYkRnUTlZNENvcmNrVQ?oc=5,"Fri, 03 Apr 2026 07:00:00 GMT",2026-09-20T09:08:57+09:00
GoogleNews:食　政府,食　政府,【商業】タイ政府の消費刺激策でフードデリバリー急伸 初日だけで30万人が特典利用 - バンコク週報,https://news.google.com/rss/articles/CBMiUEFVX3lxTE1vdXpDU2t4aU9VOEZvRG1SSkNwbm83RXJ1VXdIQmo1YWgtNHYydzhzZnJLZWhHMzhfU0kxSUJQMmEwVmVaOGI0MG1nOEcxV2dH?oc=5,"Fri, 19 Jun 2026 07:00:00 GMT",2026-09-20T09:08:57+09:00
GoogleNews:食　政府,食　政府,帰国便はインドネシア政府専用機で驚きました！ - FlyTeam,https://news.google.com/rss/articles/CBMiZ0FVX3lxTE9HdEl2ODNTdnZDSHBiY2JLZ3NIZVBDMk42Y0g5Vmc0Zm5SU1ZPSWFLR3VkV3MwTTdQSkw4cm03UVBMZ01DT2pQVDcxZ0IzNFJBYmJhejZWdmRfNlJ4d2x5eE5sVTJlNTA?oc=5,"Tue, 19 May 2026 07:00:00 GMT",2026-09-20T09:08:57+09:00
GoogleNews:食　政府,食　政府,日本政府「成長戦略17分野」のフードテックで農業課題を解決するAGRIST、北米市場展開に向けて投資家や現地企業パートナーシップ構築を加速 - PR TIMES,https://news.google.com/rss/articles/CBMiakFVX3lxTE9oOGgwR29oLWFETTNWRkhOV0dTOWV1WGt4Z3AtRWpjZ1dWNWRCX1VlbEtjMWZzakpHZWJTYkpsdWQ5d28wS0dtQnhHY0VWSkRqc0laN2ppSVZpRXpON3F1S0FIZGRwT0cyREE?oc=5,"Wed, 08 Apr 2026 07:00:00 GMT",2026-09-20T09:08:57+09:00
GoogleNews:食　政府,食　政府,政府がすすめる｢食品備蓄｣。元海保で防災士の石油供給の不安を回避する｢防災備蓄｣とは（川崎みさ） - エキスパート - news.yahoo.co.jp,https://news.google.com/rss/articles/CBMiiAFBVV95cUxPaXljdldQVGs3bE9pcXRSUF9rdUcxdlVlYmJIOTZyWGNRaDhXOXVmZFZKWndkeFBRcGdmbm1TZy1ZVW1aOGh4V19MSUlPcDlBUTFNVVVtVVhhQ1ZNQWw1Sk5ncU5tQ2RFMFd6dVJobWVSOUs4M0ZNN2J6eElPYkk2MlJaSVlheThZ?oc=5,"Sat, 04 Apr 2026 07:00:00 GMT",2026-09-20T09:08:57+09:00
GoogleNews:食　政府,食　政府,画像 | ｢政府の人口統制､5Gで操られる…｣《コオロギ昆虫食》給食コロッケから始まった大炎上→倒産したグリラス元社長の告白 - 東洋経済オンライン,https://news.google.com/rss/articles/CBMiV0FVX3lxTE1PZ0txdlJ2MFNHclpHbjFTTEJKZkRlamI3Rjczc1dHRk1KZTc3dlNtaUNiWnRvWTZYc3hvb0NYMHlhd3VpeURyNjhGOEZsYkY3a1htY0tyRQ?oc=5,"Mon, 03 Aug 2026 21:47:22 GMT",2026-09-20T09:08:57+09:00
GoogleNews:食　政府,食　政府,片山さつき財務大臣へ、外食産業の持続的発展に向けた緊急要望書を提出｜お知らせ｜食団連 - 一般社団法人日本飲食団体連合会,https://news.google.com/rss/articles/CBMiVEFVX3lxTFBkZVRuN3k4YlZIUDBFRWxpUERNU2FwR2VVLUt3cnBHdjFLTHUyZzh6Q2t1WEMwVUprU1lndi1pN0NLMlNDMEZudFpYZTFvLW5QU0NsXw?oc=5,"Thu, 29 Jan 2026 08:00:00 GMT",2026-09-20T09:08:57+09:00
GoogleNews:食　政府,食　政府,【お知らせ】2025年10月こども食堂へ政府備蓄米の無償交付の追加支援について - musubie.org,https://news.google.com/rss/articles/CBMiTEFVX3lxTE51eFhFZEt0LWpWOHp5UHQ0X2FBRlB1TmFGLTZSazRMU05WcVdDQ3dCTVVJZlZra1AydDdUZFJFMGFrUkJtOEdNVWcxZkI?oc=5,"Wed, 08 Oct 2025 07:00:00 GMT",2026-09-20T09:08:57+09:00
GoogleNews:食　政府,食　政府,政府、フードテックWGを設置 17の戦略分野で成長戦略の検討体制固める - Foovo,https://news.google.com/rss/articles/CBMib0FVX3lxTE1UZUI3U1RjV0w2MTY0S3F5QU03T2tqZzY3QXlFeVRaMnF5UXBNVmlZU2RROV9sdXdXU1h3MHBVY3VEcDRTdXpLWVlkMEI4ZjN5ZGdJMTgxbHhGNDBTbmFkRzdzYi1ZWFVHNlZRWjNWSQ?oc=5,"Fri, 26 Dec 2025 08:00:00 GMT",2026-09-20T09:08:57+09:00
GoogleNews:食　政府,食　政府,日本政府、フードテックを国家戦略分野に指定｜官民連携で供給力を抜本的強化 - Foovo,https://news.google.com/rss/articles/CBMibEFVX3lxTFBZTUh6VldEdzJiQmw1VVMySTlMSGIxTGVDRWR6V1BmMDdyZUhPUGtTMmVsN1FVSVduM05ZNGNuelMyaXFiYURHTjJuQ3VVbk01bThiLTBQa3FUeXFTNU5aMVZablZrV0FYYU9tcw?oc=5,"Fri, 07 Nov 2025 08:00:00 GMT",2026-09-20T09:08:57+09:00
GoogleNews:食　政府,食　政府,「食の危機管理」を政府一丸で対応食料供給困難事態対策法案 | お知らせ | ニュース - jimin.jp,https://news.google.com/rss/articles/CBMiXkFVX3lxTE1nZFlRZ2RBMHdWVXo0SnZpT3UwVElOUHpNY3RaN1RYXzdIamthdEE5QUZNQmRZNVJOd2ltbWJyZi00LWJMVUpzcXFxY0JyWjVUYXhZWnVteHlmVDFycUE?oc=5,"Thu, 21 Mar 2024 07:00:00 GMT",2026-09-20T09:08:57+09:00
GoogleNews:食　政府,食　政府,米政府職員がフードバンクに長蛇の列 長引く閉鎖で給与出ず、生活困窮 - CNN.co.jp,https://news.google.com/rss/articles/CBMiUEFVX3lxTE5wVmNSQjF4ZURmUXVabmNpVXQ2QXB5TVluYjNseFBkTl94WmZOaGF3T3IwT3NMcUk3cFd5U2xoaGlpdzdta0FmX0VQVHNrclpH?oc=5,"Wed, 22 Oct 2025 07:00:00 GMT",2026-09-20T09:08:57+09:00
GoogleNews:食　政府,食　政府,オーストラリア政府観光局、「食べログ」と「クックパッド」と連携～食文化を包括的に発信 - MarkeZine,https://news.google.com/rss/articles/CBMiT0FVX3lxTE52Z2FIU2YzMElldkxtc2ZOdlZvblFkb0M2bXRwc0d0ZXFoTGk3bHRzb3FYNmVZWllKbk5PX2xjamEtTlhhZERjdzF5UXAzdXc?oc=5,"Sun, 22 Feb 2026 16:52:48 GMT",2026-09-20T09:08:57+09:00
GoogleNews:食　政府,食　政府,音楽から食・文学へ拡大する韓流…韓国政府の報告書が示す新潮流 - AFPBB News,https://news.google.com/rss/articles/CBMiUkFVX3lxTE9QTnNoWkw2MTNqVlc0YUw1U2xXZEtTN19OTWwzeVB4RnlGWjNGS01fZUJoTzBDVHNoZkI3dXRvclBLS1Rza3R6N3o1bl92Nm5PcnfSAVRBVV95cUxPcXowWm1Yb2FBQlYwbkJtMGdpelpldmxvNk1pZW5yTlVYT2gyY3duQm5nSnFMUTlsVkVrZXdTU3BhVV9QaWlBV3luVFVvQ2xtbGF5Vms?oc=5,"Thu, 26 Feb 2026 23:02:20 GMT",2026-09-20T09:08:57+09:00
GoogleNews:食　政府,食　政府,イタリア政府、培養肉を禁止する法案を支持　食文化の保護が理由 - BBC,https://news.google.com/rss/articles/CBMiTkFVX3lxTE8xdDJTZVp3T0J5ekdRT0J4WFlldTF0WGFsS0IwbjRJYUhIMm9VaWNFVjdMU2E0M3lTal9mY0MwMGd6QTVWcDNfLTIwa2hzQdIBU0FVX3lxTE5FU2l4SE9Pa0JjdkZLSzBBRk10TzUwZnlfYWFkUE5KSFVHalJLbW12TTBzY3pTajh4UERwV29fekFVQU5JV0NyemhHc2hUNzZEa2FZ?oc=5,"Thu, 30 Mar 2023 07:00:00 GMT",2026-09-20T09:08:57+09:00
GoogleNews:食　政府,食　政府,アメリカ政府が新しい栄養摂取ガイドラインを発表…タンパク質、脂肪を摂り、糖分を避ける - Business Insider Japan,https://news.google.com/rss/articles/CBMiiAFBVV95cUxQcC16Sm1oemxSeTVNb2d4R21hanhNcDhaMUhwdzBVa21Zd0FEWktwZnRCNFZaRmlxOGdMRHBfdHRfRi14RWRRbDh4MjVJczZfWFEzcXptTDJsU2dZYk92SDFaRGs2WXI1WGtsNVEtQXVVU1ptYkRaMnE1ZldsdzVRM2VVRkpQWG0t?oc=5,"Sat, 17 Jan 2026 08:00:00 GMT",2026-09-20T09:08:57+09:00
GoogleNews:食　政府,食　政府,2025年のフードテックを振り返る：国内の細胞性食品が前進、精密発酵は市場投入拡大、日本政府もフードテックを重点分野に - Foovo,https://news.google.com/rss/articles/CBMiX0FVX3lxTE1TVVZMcDBtQ3dTSXQ2Zk9mSEowUnJpTU13aFQyVjJfbFp6Sm9WMlE1Y0M1QktSTEJOUjlSOGZKTm5reXc2b0tyOTN3S3N1Rzh5RXBrc3V5M1RpNHpVTGVF?oc=5,"Mon, 29 Dec 2025 08:00:00 GMT",2026-09-20T09:08:57+09:00
GoogleNews:食　政府,食　政府,【お知らせ】こども食堂へ政府備蓄米の無償交付の追加支援について - musubie.org,https://news.google.com/rss/articles/CBMiTEFVX3lxTE9CTDZFUkVpeERnd0VSZUlJeWVCT1Z5OE00cVJtQm9Zak8yQ2VXTThOT0V3QV9DaFI5M3dtMUp5cEZtV0o4Q01OSzVmXzQ?oc=5,"Thu, 10 Jul 2025 07:00:00 GMT",2026-09-20T09:08:57+09:00
GoogleNews:食　政府,食　政府,「新スタミナ食」ヤギ肉…韓国政府、韓豚・韓牛のように育てる - 中央日報,https://news.google.com/rss/articles/CBMid0FVX3lxTE5oX1Rxa1lValU1Ykp2MXB2bWhEbUlzcjFxUUFmNmxlQmdHazF1Xy1qQzF3Y191OHJ1MUduMVR4Y24wN21IclZqd3I5cXRscE51WDRneS1jSEJjVFdhcmlqMVNVSC1QRlU3aHVXUnpESkRSY3dKV0hZ?oc=5,"Wed, 25 Feb 2026 08:00:00 GMT",2026-09-20T09:08:57+09:00
GoogleNews:食　政府,食　政府,政府備蓄米の売渡し拡大 中食・外食・給食向けにQ&Aで詳細を提示 - ウェルネスデイリーニュース,https://news.google.com/rss/articles/CBMiVkFVX3lxTE9MREllM1hESEtyd1lTSlFYellQTXVaTU8zWXp1SVFGZTl0bmxYWm1YZFFXaVUtSU9IcEJ4Wk9iMWVxQVRORzVzcmEtMENMa2k4NUNNbzFB?oc=5,"Fri, 20 Jun 2025 07:00:00 GMT",2026-09-20T09:08:57+09:00
GoogleNews:食　政府,食　政府,【タイ国政府観光庁 後援】タイのおいしさは発酵食にあった！ 現地で食べて習って追求したタイ全国の発酵レシピが一冊に - PR TIMES,https://news.google.com/rss/articles/CBMiakFVX3lxTE0ycjRlVFFfNTNlNDZUWTc3U2hqb0ZJWG44bm5ZckhnekI2dk0xSV9vVkFFWnduaW5JRDJXSEw4MDQwVmM0akNZM2EtZUxoWlgwM21GdUVNREQxODlQSlZXWGVOVjNTUFFkZnc?oc=5,"Thu, 18 Dec 2025 08:00:00 GMT",2026-09-20T09:08:57+09:00
GoogleNews:食　政府,食　政府,「農林水産省 政府備蓄米の無償交付の制度」説明会のお知らせ - PR TIMES,https://news.google.com/rss/articles/CBMiakFVX3lxTFBmQTh5ZVBEQVIyd1d1YnZVbHlIUTZ2QUFQcUVqVl9Bc2owdVFPemtMRVRaaUNGSldHS0lDTXRiUEdGS2c0N2FndVNxRnZScElTTGVqdG9nalBJVTdXcXIyYXE3ZHVaWXBwZ0E?oc=5,"Mon, 07 Oct 2024 07:00:00 GMT",2026-09-20T09:08:57+09:00
GoogleNews:食　政府,食　政府,政府備蓄米 フードバンクに - jcp.or.jp,https://news.google.com/rss/articles/CBMidkFVX3lxTFAyQXFCQ3hPZWxTTXl6TUZmd2lJV2Zlejl2REZRQ1BVd2R5TU1MbjY1alVFSHpoMENBRkRNaGpJY296QmpFWVN2UTdPamRicTZHMlJ6cklUVG5FS0tLT1dxblVQeVRJQl9rbXRCZUFUekhGQ1RDekE?oc=5,"Tue, 07 Jan 2025 08:00:00 GMT",2026-09-20T09:08:57+09:00
GoogleNews:食　政府,食　政府,食支援と食品ロスの削減に貢献する「ファミマフードドライブ」 日本政府公式SNS「JapanGov」にて紹介 - family.co.jp,https://news.google.com/rss/articles/CBMidEFVX3lxTE1EWFh1bmczblBUTkFtOHpYQ2ZTN2tXZlVrcHV5VE5QRUcyRWFPajV5M0FyVnBQRnRJeDZYQldZRXVTTkp3TmlNQ1hzbk1Danh6T21CZTNzR0gzZ1hrNGctZ05LeDIyX3FxQTFodXBlVnQ1SnpI?oc=5,"Tue, 30 Jul 2024 07:00:00 GMT",2026-09-20T09:08:57+09:00
GoogleNews:食　政府,食　政府,フードバンクへの政府備蓄米の無償交付等について｜桜山 響詩朗 - note,https://news.google.com/rss/articles/CBMiWkFVX3lxTE1PMlpKRDhkU3BNb28tZTB0WGlTVW12U2xrRDEtUjNoZHN5cGxPMGhXLVBTeklHYzQ0dl81c3VPRk4ycnRLQUxRZnlIT3lwbWgtSXI0alhaY0JoZw?oc=5,"Sat, 30 Nov 2024 08:00:00 GMT",2026-09-20T09:08:57+09:00
GoogleNews:食　政府,食　政府,食支援と食品ロスの削減に貢献する「ファミマフードドライブ」日本政府公式SNS「JapanGov」にて紹介 - PR TIMES,https://news.google.com/rss/articles/CBMiakFVX3lxTE9pSzlMS2xaUmpzdlB4VU1ibGpDZDM4V2dIX1pZWTFvcHc1Zmtxbjc5YVl2WTJZaVFkWEd4TkFYck94MVhqMEQ5RmZVS0NJV1RSOVZVb0VYTldIUWF5aS1HTEdFZGVKV3dibXc?oc=5,"Tue, 30 Jul 2024 07:00:00 GMT",2026-09-20T09:08:57+09:00
GoogleNews:食　政府,食　政府,農水産品の輸出、さらに拡大へ 政府が決定した新たな政策の柱 : ブログ : ❤さかい妙子 練馬区議会議員❤ - 公明党,https://news.google.com/rss/articles/CBMi8wJBVV95cUxObno4cWVoU2hob2U4aGtaX1dzbDRtNEkwU3Z2MEpGbDNpVGc4MVR3U2ZPZ3pYTWVjUG9FWTNDUHZJczNoSWpmZks2ekNkbGhILVZJTUpjM0NDWDVFY1VFY0ZlNW1lcTdGZHhXalN4dWlORzM2UmEySHJnbnhWeTJyX2lwdDRkVlFrYnNRLTU1Mi0yVzJCZ3djZ0FYbVo3SkV2S2luV21JVHNIZFdZM3dWUHdUYUM2TlNYSnQ2MmhfYnhPQkxSWGg1ZElZcEJvdkh2X2F5d0x2VnF0ZFZmaVQtdXFVMFFJZ2tTMUwyUEwyWmY5ckQwMWJSSm1zZlJxeEtpNHR0TVY1QkpadGRKY0w5bUhsZXZwVWE1M0dUdzJLZlRydllJTVdrdG1QTFpqXzJqQU14RE1qTF9LaHhVRkZLVkZYdjZXQ2RWMFNXWEw1aDNmOWJZanNpblNCNDFxSGtyQmVTNEE5UXJmZjdENGVLV3JyUQ?oc=5,"Mon, 03 Feb 2025 08:00:00 GMT",2026-09-20T09:08:57+09:00
GoogleNews:食　政府,食　政府,シンガポール政府観光局が、食文化を通して新たな旅を提案 西武鉄道のレストラン車両「52席の至福」で味わう「予想外の体験。シンガポール」 - PR TIMES,https://news.google.com/rss/articles/CBMiakFVX3lxTE9aQ252SFZ3VWFReWQ2a2VIcEFNM1piQ20xQUVQcFoyaTNKcF9vUTJGQURDUEhyQXhNQzFIS2stTWNqaFlObGFXeENLTzdMT2NpVzY3S1VJTGcyS194NTZCUW9veUFVMjRRRHc?oc=5,"Mon, 09 Dec 2024 08:00:00 GMT",2026-09-20T09:08:57+09:00
GoogleNews:食　政府,食　政府,シンガポール政府観光局、キヤノンMJと共同企画「Canonと巡る、おいしいシンガポール」キャンペーンを開始 - PR TIMES,https://news.google.com/rss/articles/CBMiakFVX3lxTE1fS3k3Rmw5elM5a0RPekRCM1RhSldXQUJYZ21vRXMzVFdXVnJXQ2VQZldhcnBoQ1VpRUU4QzJscjZlbTdEM2UyUEc4ZlF2U19EWHJLTzZ6cW1CeHdjS0RVWUJDSXdiUVNwWmc?oc=5,"Tue, 13 Jan 2026 08:00:00 GMT",2026-09-20T09:08:57+09:00
GoogleNews:食　政府,食　政府,全国の困窮する子育て家庭 約1.2万世帯に届ける「夏休み給食便～政府備蓄米でこどもたちを支える～」記者会見を実施 - PR TIMES,https://news.google.com/rss/articles/CBMiakFVX3lxTE9mUUpBSDVSeXJZeWZ0UVhiYzZBeXZoV2I4dVhvVVBEZTVTZGxWQnVwLWsxQlM4XzUwWkZrR2lTckdyT1F4VS1lWXg3Z2xHT29qYUNWUWdRSkhFY0JWam91RE5kV0JaZVVQS1E?oc=5,"Wed, 02 Jul 2025 07:00:00 GMT",2026-09-20T09:08:57+09:00
GoogleNews:食　政府,食　政府,チェコ政府観光局がチェコの「食」に特化した パンフレットを制作 知られざる美食の国チェコで2023年に開催される 食のイベントを紹介 - アットプレス,https://news.google.com/rss/articles/CBMiTkFVX3lxTE1ja2lvSWh4TUJNX0dQcXRNQ0ZJNmJIX0tEWEpnV2dlZDVQWGhTenRkUVNVQlRXVVBkeklSNTY2X2NnNS1qV3N2NXlNV2VnUQ?oc=5,"Tue, 28 Feb 2023 08:00:00 GMT",2026-09-20T09:08:57+09:00
GoogleNews:食　政府,食　政府,植物性食品が未来をつくる デンマーク政府のプラントベースシフト政策 - ELEMINIST,https://news.google.com/rss/articles/CBMiSkFVX3lxTFBrZzJFdUtvcFFZcTJTNi1WSzItRkhDVm9VZk9KZ0xkdm5MNFQ3YU80LTQ2ckhCMHBIemdGUUk1QVY0MDVqbi05Smd3?oc=5,"Tue, 16 Jul 2024 07:00:00 GMT",2026-09-20T09:08:57+09:00
GoogleNews:食　政府,食　政府,世界初、培養肉がデリバリーでオーダー可能 シンガポール政府のフードテック推進で実現 | 未来コトハジメ - 日経BP,https://news.google.com/rss/articles/CBMibEFVX3lxTE5DaGVHa2FqNG0xaTBJQjFTOHlNWVRNdkVGdWxhSEZCM3RzQ2VocmdtWllTVVcxQ0ZBRVNTQjBNemlEOW1LV3NvT2tuVU1icldSTWM4d25OYWhnZGRBc3BfNll4OHJFRGNFS3JiUg?oc=5,"Tue, 17 May 2022 07:00:00 GMT",2026-09-20T09:08:57+09:00
GoogleNews:食　政府,食　政府,カリフォルニア含む25州、政府閉鎖中の フードスタンプの給付停止をめぐりトランプ政権を提訴（10/29） - lalalausa.com,https://news.google.com/rss/articles/CBMiTEFVX3lxTE8zcjlFdjBQbXR5SVpSODN6Y1VISVpZYzZlOVktYmJZU0RRb213Vk41UXhQSzRpWjkxTENLWUZtSjlRWUVoUllSM2lhNWI?oc=5,"Wed, 29 Oct 2025 07:00:00 GMT",2026-09-20T09:08:57+09:00
GoogleNews:食　政府,食　政府,ピカソが食べた「スペイン」 没後50年、食からしのぶ姿 - asahi.com,https://news.google.com/rss/articles/CBMiXkFVX3lxTE4wckwzNDZRMXdpT2JLM1RDTHh0VktTWGVwbVBoR0cxd01BRXlUYS1zOHEwTGhseDcwMXJBWXNSanVvZGM2UkNaYVpYUU1FOVZURjRjSnJiUDlMZ3ZxRHc?oc=5,"Fri, 21 Jul 2023 07:00:00 GMT",2026-09-20T09:08:57+09:00
