source,query,title,link,published,collected_jst
GoogleNews:コンビニ 新商品,コンビニ 新商品,【これはスゴイ！マジで美味すぎます！】ファミマで話題のコラボ新商品に歓喜！（キャプテン福田） - エキスパート - Yahoo!ニュース,https://news.google.com/rss/articles/CBMiiAFBVV95cUxQVXUxXzNibllLMzZUOTNDbVVZUFBzcXJ4UWV4X1p3cHdmZzYwNzAzMlZDbDNBNFhTcFFjZ2NlRFh6bXAyRjVDVnctbXQ4N3UwaVI5MUsxTGEycXRWVkdVTUlvaFlSc293YWVrNlp2NFl1Uy1fQnBydjdkellYbVQ1WEtxMEZ5T0Ri?oc=5,"Thu, 03 Sep 2026 20:55:12 GMT",2026-09-04T09:03:53+09:00
GoogleNews:コンビニ 新商品,コンビニ 新商品,ファミマ45周年記念！過去最多のコラボ商品が登場！ あの味だから、うまいの確定。 「ファミマとコラボ祭」9月1日（火）から開催 全15企業のお馴染みの味がパンやおむすびになって全18種類が大集結！ - family.co.jp,https://news.google.com/rss/articles/CBMid0FVX3lxTE11eEJ5SDlpcDFCWUUxTFFNSm4yQk1DOG1hc2NVcnVPRFU3Z3V6UmRMOFBjRGFhczBjUElFSDE4cDVUOTlpM2dzY2JiQ0NqYnpoREktYWlFUi1kV2ZGaE5YY2dIOU9YUXFoSVBEQ19Sd2o0Vi1zQTVZ?oc=5,"Mon, 31 Aug 2026 03:04:51 GMT",2026-09-04T09:03:53+09:00
GoogleNews:コンビニ 新商品,コンビニ 新商品,【9/3はグミの日】2026秋注目の新作グミまとめ！セブン限定ピュレグミ新作&ファミマも - いこーよニュース,https://news.google.com/rss/articles/CBMiUkFVX3lxTFBpd3pSYzVZRXFxNld2WUdiLTlkQmMzTWpBMXZNem1LeWU1eWJvOW91RU4zclRPRlJHcjRqYTZnTUVtNlFkUm16WDkxcEJadXVrckE?oc=5,"Thu, 03 Sep 2026 23:04:26 GMT",2026-09-04T09:03:53+09:00
GoogleNews:コンビニ 新商品,コンビニ 新商品,【コンビニ新商品】9月1日発売の気になる商品を実食！スイーツライターのおすすめは…？（なかべぇ） - エキスパート - Yahoo!ニュース,https://news.google.com/rss/articles/CBMiiAFBVV95cUxQY1hqSEZzSGFJY2JLaUZwRjdPY2lXazBhYXpzZGp2MFZUT2otbzZvMGNGRUpDa0VWLWFTZ2tPS3Y2c2o2U3V3UWVHTEh1Z19ITFItRlhOU3ZfTjB5bUM1c3J6STNmSDJDeTBFSDV5U0s2RHpQeHV3OXRaLTkyYUdHaUhTcVlSS2tq?oc=5,"Tue, 01 Sep 2026 05:54:07 GMT",2026-09-04T09:03:53+09:00
GoogleNews:コンビニ 新商品,コンビニ 新商品,【2026年9月】新発売! セブンイレブンの注目新商品スイーツ5選 - マイナビニュース,https://news.google.com/rss/articles/CBMiXEFVX3lxTE1iSS1KNm41RC1leDVRcDZVV21peDFmbUV6c0NfM0p1eFlQNlo2N3VtNVdQWkU3cTA4Rm5tTFhBYVVwb1ZUajE0YjhDN09ONVJQcTAyQUt3aXFFSEtI?oc=5,"Mon, 31 Aug 2026 06:45:03 GMT",2026-09-04T09:03:53+09:00
GoogleNews:コンビニ 新商品,コンビニ 新商品,【9月1日～発売】セブン・ファミマ・ローソン新作スイーツ特集｜「お月見プリンクレープ」・「月見カスタードプリンタルト」など注目デザートまとめ - えん食べ [グルメニュース],https://news.google.com/rss/articles/CBMihwFBVV95cUxOZzRCMDVMcEhRb1VDU3NwZXkzV2hhbGZvSjAxeTV6aWVhdzRYbXZCRUlFQm1BWFVxZVVvNTdyb2hwb29pRmhUdHVqbFJpYm5rd1U3UUxIX3o4NXlLMGVhQjZVUTFvZ0k0eFc0STg1NFpfNHY1eFNvb09nYVd5LXBqUTVUazhZc0HSAYwBQVVfeXFMT2k1Nks5MjJTTUdLeDJtTDRseXREcDdqYnRhcjk4VjhMYjRRVWR5UjRGbDlBX1ZLdl91M2ZzTjRIdFdNZGdWWWVkUnVweHpyNS04OXd1Vk9ESTFXcFlmSmFGNFo5YmZTM0RkcFBCUjVubE9saUlzNGt0YVhNQlFaU1MtOXZzNnFPWVYxYW8?oc=5,"Tue, 01 Sep 2026 07:00:00 GMT",2026-09-04T09:03:53+09:00
GoogleNews:コンビニ 新商品,コンビニ 新商品,【9月1日発売】ローソン 新商品スイーツまとめ「月見カスタードプリンタルト」「どらもっち モンブラン」など - えん食べ [グルメニュース],https://news.google.com/rss/articles/CBMicEFVX3lxTFBXVHZqSHowbTd3VVFoSnJueFVKZ1c0b0h6bHZrRE95SFN3ZFhEeTJVMThRVm1MVEItRWVLWUc1WHcyb1hXUDZmZWcxUlZxaXpKREZTblBqa29jSE1CLThxb2taSkFOM25seUxNMGlrNTnSAXZBVV95cUxPWFdEcEJtYVQ3V3lyTFNCdXZMbU1BUHNEUDdnNmFjN3ZkSnNhRUdROHdMbWpCaVc2eTl6S2diSDRaY1FCcmQyV3pqUXFfSVlmdUR3ejVhUXloams5TzBCa0F0LVJrQ2gzUUZSLVc1WEFIM3ZvaVJR?oc=5,"Tue, 01 Sep 2026 07:00:00 GMT",2026-09-04T09:03:53+09:00
GoogleNews:コンビニ 新商品,コンビニ 新商品,【ファミマ】9月前半の注目商品&企画7選｜ラインソックス無料＆秋の新作ウエア登場 - いこーよニュース,https://news.google.com/rss/articles/CBMiUkFVX3lxTE9nSHpic0k1M3RPaVBoeGFxTGdUTnNlRU8yZWhCNW9KLXYza1ZwQ3VKUm04djlZWEdqNjZPcGdueVpzNTNFRWlaNXVscTNJOFdCYVE?oc=5,"Tue, 01 Sep 2026 03:50:45 GMT",2026-09-04T09:03:53+09:00
GoogleNews:コンビニ 新商品,コンビニ 新商品,【たくさん入って安くて美味しい！食べ出すと止まらなくなる！】セブン‐イレブンの新商品2選！（キャプテン福田） - エキスパート - Yahoo!ニュース,https://news.google.com/rss/articles/CBMiiAFBVV95cUxOYUV4NC1FeDJfanZYLTJzbWo4S2xYczFSNHFVUFp1cDdrX0ZoOTdUX0syUG81aGV6VHF0ekVtbm9xd3haeFdtNG9Va0cyaFlvUjZxWWxVb0FOWmwzem0xQmtSQU9jVVdGTFJYRV85Z1ZuazQ2aUxBdG5STVpzcmtxZ0MtNVJObnJy?oc=5,"Thu, 03 Sep 2026 15:35:16 GMT",2026-09-04T09:03:53+09:00
GoogleNews:コンビニ 新商品,コンビニ 新商品,「2軒行ってもない」「ハンパじゃない」セブンの『新作378円スイーツ』まさにコンビニのレベルを超えた美味さなんです！ - Yahoo!ニュース,https://news.google.com/rss/articles/CBMif0FVX3lxTFBSTmktbUFuMld4ZW1VVkxVNEJ0RXlpNjJ3SkdaZDg3Q1Z1X1cyZU12Y3NiTjk2OVJtNTdWUHBvblMtRnJCb0Rnb2gzdWhtX0k0dEItczRSZ0FKRkZXSHpjNHRwUm5WeV8wQmNNeVRIZ0FWUmJFclJFSW1YZkNIemM?oc=5,"Thu, 03 Sep 2026 11:35:02 GMT",2026-09-04T09:03:53+09:00
GoogleNews:コンビニ 新商品,コンビニ 新商品,【大当たり出ました！これは感動級！】今週のコンビニスイーツランキング３（8月30日）（キャプテン福田） - エキスパート - Yahoo!ニュース,https://news.google.com/rss/articles/CBMiiAFBVV95cUxPNkpzYU01N19aZkt2M1FwRUlXQ2xrSEtQNTBHR09RX2Y1RkdiLWpVQS1TZnNlUDJ5SmxQdWFjcTNaMEJ3ZURwTFBrQUZWZ0tTd2VaS0ctZTlpMkMtMm1yTFJkcV9WdGRKbXZQczJWMUVYYzZXcFppWFhrRnV0MFpMdjJKYnVKbmVy?oc=5,"Sun, 30 Aug 2026 12:55:15 GMT",2026-09-04T09:03:53+09:00
GoogleNews:コンビニ 新商品,コンビニ 新商品,【ファミマ】あの「クランキー」がサンドイッチに！スイーツライターも驚いたサクサク食感の新商品（なかべぇ） - エキスパート - Yahoo!ニュース,https://news.google.com/rss/articles/CBMiiAFBVV95cUxQVVdoZ1p0b0dZMGZOdmg5U0xWQzA4SXhCTW1zWk9OV2lSX0Y1X042eVdJMmJBN0NEeHRYQm04MWtFYmt6U3VnT2s2Rk1oRTlnMUZyaHNNckh1bkpkR3ZZaVZXLXNIMnVUcFVvaUZ2aTYyNFI5d2ZBOFRFMXFUYXRoZ042RDJlNXJJ?oc=5,"Wed, 02 Sep 2026 02:55:13 GMT",2026-09-04T09:03:53+09:00
GoogleNews:コンビニ 新商品,コンビニ 新商品,セブン-イレブンから新登場!! しっとり食感にハマってしまう「248円の新商品」を実食レビュー（いぬきち） - エキスパート - Yahoo!ニュース,https://news.google.com/rss/articles/CBMiiAFBVV95cUxNbjZ1c0kxU0FDSkJUN0RVVGtTVnJ0enN2MkY3Q285YnBSa1RaRVRxM0U3LW1na3NuV0lZeWw0U1Z2R0JWZ2pRenNuRzJ1LTZzVlJQWUdEVWw0OVlYR1RhN2xNN21YdW1wQWw2bUJBTk90eUtnTGR1SmVUenB2OUFHQVNVLXQ3bUM2?oc=5,"Mon, 31 Aug 2026 22:00:56 GMT",2026-09-04T09:03:53+09:00
GoogleNews:コンビニ 新商品,コンビニ 新商品,セブン-イレブンから新登場!! 2個じゃ足りません!!ドハマり確定「151円のスイーツ」を実食レポ（いぬきち） - エキスパート - Yahoo!ニュース,https://news.google.com/rss/articles/CBMiiAFBVV95cUxNUXpyVm1CVUV1c21FN0NqeVRkdXVjQmEwcERzdEhaUlllNkthNlhqWlk1X3Y0bzBSNUxVUHFPekhuV0otYUUyd0haZFlaM2haOXc0LTRqR3AwRlR1bUpCVW9ZNXJGMEFyNmg4cGRZU1N4TGlCNGdnbFNOajhvSUlQMmx1RWpMRnBT?oc=5,"Tue, 01 Sep 2026 14:00:52 GMT",2026-09-04T09:03:53+09:00
GoogleNews:コンビニ 新商品,コンビニ 新商品,セブン-イレブンから新登場!! 明日から一気に販売地域拡大「462円のパスタ」を実食レポ（いぬきち） - エキスパート - Yahoo!ニュース,https://news.google.com/rss/articles/CBMiiAFBVV95cUxNN2JqV1ZtRzk4dWx1TjM2ME5TOWQzam43TzVwenl0b0RwTnJPXy1oQUJZRW5RTUttbXBxc2c1RHN4akI4bVpCVTlJN01Pc0pPcHpvaldpdkdfZTdON0YyMkJycnR3b3lscDN6NFhMRVN0cU1pQ3A5MlZpcm5aNXRxVzhHOG43OFJV?oc=5,"Mon, 31 Aug 2026 08:01:28 GMT",2026-09-04T09:03:53+09:00
GoogleNews:コンビニ 新商品,コンビニ 新商品,セブン-イレブンから新登場!! 思わず一目惚れして買ってしまった「192円の新商品」を実食レポ（いぬきち） - エキスパート - Yahoo!ニュース,https://news.google.com/rss/articles/CBMiiAFBVV95cUxQS2tFNm9adDhWb0RfS0FFQ3N6NHJKdzBWUm5HQ24xRUVpWWxYZDBjY0hOdDVWdURhNDQwVEhWQnBIQmRqUVJscFRTUXhlZ0ZweU9wRmpfRWJ2Mm5aeDYwX1B0TW9Xdy03eUluX1lvYjU5b2t4cmNEdlViOWIyVmE0X0lFR3hvRUIw?oc=5,"Thu, 03 Sep 2026 00:15:33 GMT",2026-09-04T09:03:53+09:00
GoogleNews:コンビニ 新商品,コンビニ 新商品,【実食】約20倍になった「パイの実」をファミリーマートで買ってみた（進撃のグルメ） - エキスパート - Yahoo!ニュース,https://news.google.com/rss/articles/CBMiiAFBVV95cUxQdERfYWVmZ00zbmU1c3NYRjhkdFNUY2FkZFFpTV9rSkF4OVozMWw4VDFFOXBfdzZ5Z0hfZl9od0RxS1NISG1EWmJQQTlYa3puOGthaGVDN1hLZmZPOUIzNXRLeHRQZkE5dVZiT25hbjVGSzNrcllyUzVrNGp5UUlNYkppX1kwcnZ0?oc=5,"Tue, 01 Sep 2026 07:33:08 GMT",2026-09-04T09:03:53+09:00
GoogleNews:コンビニ 新商品,コンビニ 新商品,【4個で170円！食べ出すと止まらなくなる美味しさ！】セブン‐イレブンの新商品にハマった！（キャプテン福田） - エキスパート - Yahoo!ニュース,https://news.google.com/rss/articles/CBMiiAFBVV95cUxQUTcwUjhrWkR6dmNWMk9FbnY4dVdhNFNwcnZmZFVER3RkX2EtWWNtYUVObDJsTTZYYUw3anhZRE52al9CbFFDX2FVUHVldFpHYkdTa1hhMHA1UTNMN1FGVGl1czdXQ1FVb3g4RGJ4dVVWNGI4a0Q5TE5FOUNmcFQwczNlUm16Sk5P?oc=5,"Tue, 01 Sep 2026 15:43:34 GMT",2026-09-04T09:03:53+09:00
GoogleNews:コンビニ 新商品,コンビニ 新商品,セブン-イレブンから新登場!! 税込496円で美味しい「おすすめのお弁当」を実食レポ（いぬきち） - エキスパート - Yahoo!ニュース,https://news.google.com/rss/articles/CBMiiAFBVV95cUxQV2NvWWJPdHlwR1lFbFdwUTVIbExrdi1vU1pmU3VwSGRFXzF3Zm9FejZoREppakFPTTJ3ZnB0c2V2ZzQxSExQWlZya3FvbVYzOWQ4NzRLdjdIWFFqcnAzMXAtekNLM2ZYUG9fVkJOUTVRZmJMLTJRNFdUS2ZjZkVsaGJFdklCVWZ0?oc=5,"Tue, 01 Sep 2026 03:01:36 GMT",2026-09-04T09:03:53+09:00
GoogleNews:コンビニ 新商品,コンビニ 新商品,【久々の復活！見つけるとすぐに買ってしまう！】セブン‐イレブンの名作アイスに歓喜！（キャプテン福田） - エキスパート - Yahoo!ニュース,https://news.google.com/rss/articles/CBMiiAFBVV95cUxPWHNxN1VPUUNNOUNCemRPenRWS3NCWXFlZ2oyeUZWMm9iRUlTQm1pY0RuRVBaMTJ2QVBMcFRrRW5HUlJHbkR3VG1QSWlLbXN1SnlqVkUtQU1YR0ozclVGR3NmNi1sWkE5Sk9OR3VDeTgydGprOTJfbmlxczdvMmpEeEVqRk5odmJk?oc=5,"Tue, 01 Sep 2026 07:45:21 GMT",2026-09-04T09:03:53+09:00
GoogleNews:コンビニ 新商品,コンビニ 新商品,2026年8月25日(火)発売！ローソン研究所おすすめ「今週の注目商品」｜ローソン公式サイト - LAWSON,https://news.google.com/rss/articles/CBMia0FVX3lxTE9VZE01eHhHbHczLXJWMWZrbzRHZjYxeDRTaFBNQ0hpZXRJVUdUN1ZIazNPYnpBU1ZZc0tsZ1EtZWY2cHdHNWxSYWExUmZDZGJYS2VJcU5vM2kyWU82MnNjbkFPblBaODZ1Nm53?oc=5,"Tue, 25 Aug 2026 07:00:00 GMT",2026-09-04T09:03:53+09:00
GoogleNews:コンビニ 新商品,コンビニ 新商品,【これは猛烈！まさかの仕様に驚嘆！！】セブン‐イレブンで話題のぶっ飛びラーメン2選！（キャプテン福田） - エキスパート - Yahoo!ニュース,https://news.google.com/rss/articles/CBMiiAFBVV95cUxPTmhjZW5adDd4RUh3U1ptbzNpOVY1dDdQVDZQaTBLNnVOS0pHWVRQTVdGM1RCT3ZIbmlLUVB2dXZCX1A0ODVIc3czRldBamJZbHc0bjBhU3Y3dXJYYWtxMjZiRlJ1LVJsZXFQTm1Cc2NKdTg0bWRjeExDOXNtaklDcE9vZUR2Q3ll?oc=5,"Wed, 02 Sep 2026 07:45:32 GMT",2026-09-04T09:03:53+09:00
GoogleNews:コンビニ 新商品,コンビニ 新商品,セブン-イレブンから新登場!! 思わず一目惚れして買ってしまった「753円のお弁当」を実食レビュー（いぬきち） - エキスパート - Yahoo!ニュース,https://news.google.com/rss/articles/CBMiiAFBVV95cUxQSXFrbGhVR0EyU3NyMUFxX2F0OUFlLTY3ZEhxa1IySk5pWU1QdWVOZ0VqX3ZSSE1fdC1FbGFFem1ScldWRG12LTh2azVocEh1dmlOUHZzYXlVVnJpeUJEaFkxQV84Zk1ZM1R4Tk5Ic201QzdXNjcyeDRZdlFzRExSSHExcXBuUnhy?oc=5,"Tue, 01 Sep 2026 19:31:14 GMT",2026-09-04T09:03:53+09:00
GoogleNews:コンビニ 新商品,コンビニ 新商品,セブン-イレブンから新登場!! 昔ながらの味わい「429円のコンビニ麺」を実食レビュー（いぬきち） - エキスパート - Yahoo!ニュース,https://news.google.com/rss/articles/CBMiiAFBVV95cUxOa1lobzI3VldKNVJnTDVJdjFFem1PV0xKOHI2Vy01bG03bmUwWW1oaTZLUEh4MTdfb3o0QUpfZnRuZGU4WUR5cm92SFZWOUNmRTJ2MG1yVFVYb3BKc3h1el9DMlk3T2VUb1FMQi1kbVlEVmgycm1BQlhwbGhjeHRGc2FOVUhSQkVE?oc=5,"Wed, 02 Sep 2026 08:01:27 GMT",2026-09-04T09:03:53+09:00
GoogleNews:コンビニ 新商品,コンビニ 新商品,【2026年9月第1週】コンビニスイーツの新商品！アップルパイやお月見スイーツなどまとめ - もぐナビ,https://news.google.com/rss/articles/CBMiYkFVX3lxTE1KT1QtRzlnRkhqT2tIVElYaEFVajRCQjhjY09HcXhBaFo3N0FyQmZuWmdGa2VFVW51MFFjWEVKemo5NldqbnpRMTRieGczSVozMnFRaVNlc3pHQlR1SW9IUW5R?oc=5,"Wed, 02 Sep 2026 06:20:16 GMT",2026-09-04T09:03:53+09:00
GoogleNews:コンビニ 新商品,コンビニ 新商品,【2026年9月第1週】コンビニ惣菜の新商品！ねぎ塩チキンサラダやサラダチキンなど注目アイテムまとめ - もぐナビ,https://news.google.com/rss/articles/CBMiYkFVX3lxTE54TDJmb3R6MHA4LTU4eXEtODZmazVkUElKd2dDekV5ajhaOFRDM2NuTGM5a1Y5ckJxR1AtcHVWOUJtSUFzMHk3aXpOZ3E2OEh5czZ2djNZMU0tSDUtdC00ZUt3?oc=5,"Wed, 02 Sep 2026 04:13:16 GMT",2026-09-04T09:03:53+09:00
GoogleNews:コンビニ 新商品,コンビニ 新商品,ビアードパパ「話題の新商品（290円）」を実食 昨年完売続出の大ヒットシューが帰ってきた（進撃のグルメ） - エキスパート - Yahoo!ニュース,https://news.google.com/rss/articles/CBMiiAFBVV95cUxQbUllMmEyenVhdklxNzB0Ny16M0lMT3FQYkhTZFlTOE1kajNDemxGTGoycDF3ZkFwVEFYN2IxT1AzS2hQblQ5U3EwM21OVGlCSTdBQUNyaVdXRm5CdkZlV0c4djVzYlRXa3l5cUtDSl9LMUJtRjlnN1loOU4teUhTbnlVUDg3ZVZO?oc=5,"Tue, 01 Sep 2026 02:19:27 GMT",2026-09-04T09:03:53+09:00
GoogleNews:コンビニ 新商品,コンビニ 新商品,セブン-イレブンから新登場!! 食べ出すと止まらなくなる美味しさ「429円の新商品」を実食レポ（いぬきち） - エキスパート - Yahoo!ニュース,https://news.google.com/rss/articles/CBMiiAFBVV95cUxQVkw3d0hmckkzTDRnNlAzYkhBeDRjdW5mVVNjb2NRcUtibF9RcXJfVjdOUXlXeG8wM1NxcXRtY01HYy1pZXdVaHJGYWJsbGVxNmhUd3NlTW8xT0Vtb3FtcDFxUFJ0SFZpc2c4OHFsbk1EUk9LeC1XLWVtSzJmNTI1OS11bi1LNG95?oc=5,"Sun, 30 Aug 2026 18:00:55 GMT",2026-09-04T09:03:53+09:00
GoogleNews:コンビニ 新商品,コンビニ 新商品,【12個全部で149円！食べ出すと止まらなくなる！】セブン‐イレブンの新商品にハマった！（キャプテン福田） - エキスパート - Yahoo!ニュース,https://news.google.com/rss/articles/CBMiiAFBVV95cUxOdl9WaGZHYlM1SXgwdVYzWUVCUEJOazhHUzZLbmI4YXdCNVlSYWREVzBGbzBPY0UyWWtHeWdCQTN4blRvdDN5SE5iR1pqemRONmU0NHU1UUhiZjZLTlZ6ZXVWQ21OcEppOW0wNG5BaE53akZlenhEd1REQm91TFFZd3ZvX3JGbzVQ?oc=5,"Tue, 25 Aug 2026 07:00:00 GMT",2026-09-04T09:03:53+09:00
GoogleNews:コンビニ 新商品,コンビニ 新商品,【2026年9月第1週】コンビニホットスナックの新商品！ファミマ黒豚まんやセブンからあげなどまとめ - もぐナビ,https://news.google.com/rss/articles/CBMiYkFVX3lxTE5MeWNzNmhGYTVuQ1EzSFF4X2twM1pHNmpOdnZYdm5IenNRWXJPMHpLQVFrOUNYeW4tRGtiVjJ6V2h6dnNoS1RTM2lwMzVzODZXbC1MNGJabEIyM0pvb3ZRRXFn?oc=5,"Wed, 02 Sep 2026 06:45:16 GMT",2026-09-04T09:03:53+09:00
GoogleNews:コンビニ 新商品,コンビニ 新商品,ほっともっとの新作「550円弁当」を食べた正直な感想（進撃のグルメ） - エキスパート - Yahoo!ニュース,https://news.google.com/rss/articles/CBMiiAFBVV95cUxOT2xRS3VkZHIzTGhJV1o2M2lmZjF1eGNDRVNxWFFIcXpoMWRZdGF5WktjaGR0RzdOaktOY0YyX1JjdHByaFVMMmJVMnZMRXlIOXVmRnprTUR5ckkxeS1jRkk4ak41QWs1UDNGNG9MeURsc2huNlFzS090QWJCQXRyNEVkcDVNZFRf?oc=5,"Tue, 01 Sep 2026 05:37:11 GMT",2026-09-04T09:03:53+09:00
GoogleNews:コンビニ 新商品,コンビニ 新商品,【これはハマります！美味しくてボリューム満点！】今週のコンビニパンランキング３（8月31日）（キャプテン福田） - エキスパート - Yahoo!ニュース,https://news.google.com/rss/articles/CBMiiAFBVV95cUxOc1k3emo1MFFkYkptcjI1QmYzRzRUQzZyUzVHdHJKb3pXTGhsa1NzTXlWTXdNeGU5UzRsc21nemVWc0NXeHM0Q1UwdnhzS191dXdrWmItVFdObDR1ZkRESXhFQzdxWXgyaHhmLU5RU0RrWG5SX2V6ZlByc256aDItVjkzakV2aXNv?oc=5,"Sun, 30 Aug 2026 20:55:13 GMT",2026-09-04T09:03:53+09:00
GoogleNews:コンビニ 新商品,コンビニ 新商品,セブン-イレブンから新登場!! たっぷり野菜でしっかり美味しい「429円の新商品」を実食レビュー（いぬきち） - エキスパート - Yahoo!ニュース,https://news.google.com/rss/articles/CBMiiAFBVV95cUxOM2FwNzlqRXgzMGZac2IwenZod1dkX2M5TTFPSHlkMVpSTThKTk14Z1BINGF6Zk10STNkdVllOFEtZ0g0SmpQOVF6WTRYYlloeTVnRm13bTYxMFZVUWtUNFFpME5nMWFzbU9ibkhlUUU3ZnFpTEdoRnR2cE5DT3owTkRNSGFHWUhW?oc=5,"Sun, 30 Aug 2026 00:01:34 GMT",2026-09-04T09:03:53+09:00
GoogleNews:コンビニ 新商品,コンビニ 新商品,【2026年9月第1週】コンビニサンドイッチ・コンビニパンの新商品！たんぱく質チキンやたれチキンカツサンドなどまとめ - もぐナビ,https://news.google.com/rss/articles/CBMiYkFVX3lxTFBXUmtsdFZYT29yalA2ZzlFV0hIRVNUYmFwbUNlSk1PQmQtYm5sTUhxNVF1NlV4VTZKQ2g5SmY0WkVXMHdnS1Z1N0kwMlRHOUFOeDYzajJxRzhrVjBoNkxWcDln?oc=5,"Wed, 02 Sep 2026 02:20:11 GMT",2026-09-04T09:03:53+09:00
GoogleNews:コンビニ 新商品,コンビニ 新商品,【2026年9月第1週】コンビニ麺・コンビニパスタの新商品！ナスのトマトグラタンや吉田のうどんなどまとめ - もぐナビ,https://news.google.com/rss/articles/CBMiYkFVX3lxTE8tQU5nWERnT3FqZEhlUjFpcElyZWI2SWNsaFNkVllZejViSl9lNURsRjg2TUFPY3doS2lLcXZWYXNIVEFiQzFxTklXTWxqUC1hZGV6QkFaVkxZdjJYOU1TdzB3?oc=5,"Wed, 02 Sep 2026 02:50:11 GMT",2026-09-04T09:03:53+09:00
GoogleNews:コンビニ 新商品,コンビニ 新商品,【9月1日発売】ファミリーマート 新商品パンまとめ「生フランスパン（カスタード&ホイップ）」「バジル&ベーコンチーズフランス3個入」など - えん食べ [グルメニュース],https://news.google.com/rss/articles/CBMidEFVX3lxTFBoVTZLNjhpd0xLQmRDTDhmTHg2bDF5d3Ezbm1yTFhqN3lRTUlJSUlpQ3p0c3JRbXJlTUd6Q1QwaVIzMWtWV0VNLS1DcjZrMUZzNFV0NF9vNlJDaTFYY0xuMVRRZU9hbGhRN0lPRlJ2OTlNNE960gF6QVVfeXFMUDEzbjEtZjNyZTdnM2xlc1pseEh2Z1AxZER2VzFTREUzZ2lKRTh0c3pJdldUOXQ3NUdwZ1czekFoaHptQVNQZkN1UVczSnRyUWtoZEs3QzZIVDhCT2tGQ0kzbjc2YnVvdExuZW15VzNJQW9nb3luamtqVlE?oc=5,"Sat, 29 Aug 2026 09:00:00 GMT",2026-09-04T09:03:53+09:00
GoogleNews:コンビニ 新商品,コンビニ 新商品,【8月18日～発売】セブン・ファミマ・ローソン新作スイーツ特集｜「東京ばな奈 もっちりクリームロール ダブルバナナ味」・「かじるホワイトチーズケーキ」など注目デザートまとめ - えん食べ [グルメニュース],https://news.google.com/rss/articles/CBMigwFBVV95cUxNdjAzamptWTN5aTFOb2NMN0NWRC1yZFlCS3oxSDIyTy1DcDNlT1BrOFdET09wbFk1eE5oYXItbms0SmlXcDBXLXlackNHMmtBbUtLazVmejNoS2t6S0ZhMUxUUG1POVVKMDBXWm05dXNsd2tRcFBCUkEyOUgySmJYRVpmWdIBiAFBVV95cUxPZ3RCMldJRmdTV0w3dGJwdFBqc2tnRW14WXY0aHVEWXlHUFA3dTJHWHZRU3hzWTRWdk1NZ1cwT1FuNFBma3dHeTJfNWpoYUFnQXJSQkYzYTNLMzZDRjJwb25UNEhwR1J5SUY1RWw5SEdPRXk5UjBqd2t5bGVobkVrM2Y0ZUpad1VV?oc=5,"Tue, 18 Aug 2026 07:00:00 GMT",2026-09-04T09:03:53+09:00
GoogleNews:コンビニ 新商品,コンビニ 新商品,マクドナルド新作「570円バーガー」を食べた正直な感想（進撃のグルメ） - エキスパート - Yahoo!ニュース,https://news.google.com/rss/articles/CBMiiAFBVV95cUxQYzc4THl5SXRfbnNuT1N0T0M0ckRyUTdLTzJkWFd5bXhzUVlsLVpiSmN3R2pCaVBJUmoyOUlHRDF4dXBhNHJFUW9Vdm50NHVNdmZqT190aUpVbHhzTWdGOWVtMEJIOUpnMkIySTU4bEItV1c4RzNpcjZ1T0pSYVZDclk3dWZYZDlv?oc=5,"Wed, 02 Sep 2026 04:09:43 GMT",2026-09-04T09:03:53+09:00
GoogleNews:コンビニ 新商品,コンビニ 新商品,【9月1日発売】ファミリーマート 新商品弁当まとめ「ハンバーグ&フライドチキン弁当」「大盛！高菜炒飯」など - えん食べ [グルメニュース],https://news.google.com/rss/articles/CBMidEFVX3lxTE9xOXF6Q3hvcjlVbU1KYXdEUEFROXJfLUQxV2s0M0R4dVpaXzJ1Mk5Dc2RURW5wTXRBaGlWdTVyZlNKa3ZHekVSbzJxS0prMVRzZEZ6SlQ2UG4wRGFrNmw5Rjh0RFdGOXZiLWlDSk03ajkxSkdh?oc=5,"Tue, 01 Sep 2026 09:45:00 GMT",2026-09-04T09:03:53+09:00
GoogleNews:コンビニ 新商品,コンビニ 新商品,【これはスゴイ！マジで美味しくてビックリ！】今週のコンビニパンランキング３（8月24日）（キャプテン福田） - エキスパート - Yahoo!ニュース,https://news.google.com/rss/articles/CBMiiAFBVV95cUxOclNrbm9LamNMalBrRFM0TzRzYUZKN09KVk1qUWd6clNFZkRNeHlFNkxpbzUtaURycHFGakU2aWNUM2YtUkw1aERfTU9sdzVldmpNZHN3aXdFd01PSjNyb0NYdklLM1lBQzd3MTNud3M1QXhSM0RRNUlpbHY5Q2RHU3VRN2owaktk?oc=5,"Sun, 23 Aug 2026 20:59:46 GMT",2026-09-04T09:03:53+09:00
GoogleNews:コンビニ 新商品,コンビニ 新商品,「新商品発売〜コンビニレストラン」ジェジュン、東京の大豪邸に住んでいるのに...自動販売機のお釣りをチェック - 매일경제,https://news.google.com/rss/articles/CBMiY0FVX3lxTE4tVUtrSHlnd1M1N2FvVjVnazlXSlE4cWd6VlhyeklUejBseldfLVZXR25FeXRUVlp3LVlLaXJueUdod3RpazZvbURBaXVMRzRZMWJPYkdlM3QyNURVNHJRMFpYYw?oc=5,"Wed, 02 Sep 2026 08:40:31 GMT",2026-09-04T09:03:53+09:00
GoogleNews:コンビニ 新商品,コンビニ 新商品,最新カップ麺【今週の新商品】和スパイスどん兵衛！？さらに麺欲ハンターや名店監修の新展開など注目の新作まとめ！ - 本日の一杯,https://news.google.com/rss/articles/CBMiYkFVX3lxTE1Jc2VraXFCWGplWURYMHBiRzlSblI2dm54NXZvOGo1U0owVHdVN0F4LVZPUmY0QjJYNWpwOTNiWm95ZjB6eGJQNGtTRFk5UVFoM3FsUEFkUENaOEdrdnhhQ0pn?oc=5,"Tue, 01 Sep 2026 09:00:00 GMT",2026-09-04T09:03:53+09:00
GoogleNews:コンビニ 新商品,コンビニ 新商品,【9月1日発売】ローソン 新商品パンまとめ「とろ～り月見カレーパン」「メープルとくるみのスコーン 4個入」など - えん食べ [グルメニュース],https://news.google.com/rss/articles/CBMib0FVX3lxTE9tU3dlUXQ0dVVpX1N4OTA5Ykh6RHhQc0I0OE9wSHJvbjJRMmdLc0pHMF81TkNoMHgyb0Y1NmRtVHY5T3dnenY0SmNEV3J4MnI2OVRzZHRrTDF0bHNHNW9BaGliQmNIM3RLanY0TTcwVdIBdEFVX3lxTE55X3JXZ2VfX3NVa19iWHU1R2pTSmREUVZGT1d5ZnlKcGVOcVdRWEtZdmNqZjNmNjMyZ0FRdTIySXNIX0R6RUFTcWtfUC1VWVJpd3ViTWQxVFdKUldId2wtejdPaFRmT2tnU3BlcUZwSloydVdF?oc=5,"Tue, 01 Sep 2026 07:00:00 GMT",2026-09-04T09:03:53+09:00
GoogleNews:コンビニ 新商品,コンビニ 新商品,【2026年8月第5週】コンビニ麺・コンビニパスタランキング1位はトマトグラタン！新商品・久しぶりランクインも見逃せないまとめ - もぐナビ,https://news.google.com/rss/articles/CBMiZkFVX3lxTFB4WXNnVFE2R1kwM2pCZC0waFlEeDRYQjdTU3hOd1BjQ2lsZHM2aWs4ZWxhdmswWXMyY05lcll0RHY4aEVkMkMtc0pIbU43MHI3TUg3bXpiYmtsUjBDUHdrUWNVT3RTZw?oc=5,"Mon, 31 Aug 2026 05:03:55 GMT",2026-09-04T09:03:53+09:00
GoogleNews:コンビニ 新商品,コンビニ 新商品,ナム・ボラ、緊急帝王切開手術に涙「とても怖い」 (新商品発売!コンビニレストラン) - 매일경제,https://news.google.com/rss/articles/CBMiY0FVX3lxTE5pa3hLaHBjSjZCYnFUbVVQS0RRdzRiNkxwdEpkMXRtVDJGM1RnVFlydmNIb291TGtKbjJudjh3RzZRM0pFbktKcDJubGdsM0pFWHhDSUJBTmpyT19BdzFaX21UWQ?oc=5,"Thu, 03 Sep 2026 04:09:22 GMT",2026-09-04T09:03:53+09:00
GoogleNews:コンビニ 新商品,コンビニ 新商品,コンビニ発のアパレルブランド「コンビニエンスウェア」5周年を機に「Fami-FEST.2026」で初のペット用品への進出を発表 8月28日（金）から「秋の色」をテーマとした新商品が順次発売 - PR TIMES,https://news.google.com/rss/articles/CBMiakFVX3lxTFBtU2pvakktQjlyMjZYVEhVRnhwTW45YTB5WU1sUDNybGZiVlh1bTRDLVo4SFZoN0JHamVQSHVCSVQ4eXlJd1ptUC1kb1kyNFNWdGhya204NC10d1VESTdGZ0JCSzZ0MHBSMXc?oc=5,"Fri, 28 Aug 2026 01:00:27 GMT",2026-09-04T09:03:53+09:00
GoogleNews:コンビニ 新商品,コンビニ 新商品,【9月1日発売】ファミリーマート 新商品お菓子・アイスまとめ「つぶもっちグミ シャインマスカット」「ヨーグレットBIG」など - えん食べ [グルメニュース],https://news.google.com/rss/articles/CBMidkFVX3lxTFBNZmtDcnNPWFRMaUVLVEs1VkM4czhHck5ac2szVEpyR3hqRmVEemRGWWxHTHl2Yzk3ZkVhUk5YMmQxSGgtUUNVd2lwb2JRQnM2MlN4VXlUa3JIQTFScTBGS1phNXRHY1FvZDdfUlEyY3ltbms0QmfSAXtBVV95cUxQNlc4NE1NcHZnNWlGd3VYRGZMQkNONkFqQTdNMGFaSzVKY3VQS2lrMzd1WVEtS1FBeUc3Zy1vRmNHZjJJVDJuWHoxakEzdjdMc1dzXzVjMmp0TjJJYjJjSHZVU0JSQWdhaXdnOUFGckJCUDIzSDMya3djcWs?oc=5,"Mon, 31 Aug 2026 10:05:00 GMT",2026-09-04T09:03:53+09:00
GoogleNews:コンビニ 新商品,コンビニ 新商品,【8月18日発売】ファミリーマート 新商品スイーツまとめ「かじるホワイトチーズケーキ」「日曜劇場『ＶＩＶＡＮＴ』別班饅頭（こしあん）」など - えん食べ [グルメニュース],https://news.google.com/rss/articles/CBMic0FVX3lxTE90TjhrX2xRRTZlSjdnS0x3UTVfTHdFdlI1eUZoNFBpZjRKMjJyYUUwa1BPMzVmR25CUVBEZjhQS1NOZnFVeUM1U2xGTUgxZlFTc05QdXZoZEZwSE82eU00bmM5VTBiZ0RzWW5GM0hia1ctbGvSAXhBVV95cUxNWGpWN2F3eWFybTU5ZVVWYmhFZEk5SzB5R2ZlSlpCLTNic2poLUhyd0N0MGY4ZXVGSDNMd25mTjU0akkwYjNjejdUUDZwSGlxQmpwQUlwbXJFeWlBTEZwTHhRMGV6YVA4UGZReUVBYkZQU1ZRRktSNWM?oc=5,"Sat, 15 Aug 2026 07:00:00 GMT",2026-09-04T09:03:53+09:00
GoogleNews:コンビニ 新商品,コンビニ 新商品,セブン-イレブンから新登場!! 1個じゃ足りません!!ドハマり確定「話題のスイーツ」がコチラです!!（いぬきち） - エキスパート - Yahoo!ニュース,https://news.google.com/rss/articles/CBMiiAFBVV95cUxNLWFoaUNzUmVqTzJrVk04M1BsQmppUHZLV1JaRGpySnBtRGg0VUhPMmRmWnFRYnh6cThhNE1OMnRhNHBVUThVNkthY2wwQjQ5dHhKSWxVSjFKYXhnVF9nQXlyV0JfdHI4YWJmTVZfeUMxT1FuNmx5WllvSVYxTHlVeG03X3JjQUZ0?oc=5,"Wed, 03 Jun 2026 07:00:00 GMT",2026-09-04T09:03:53+09:00
GoogleNews:コンビニ 新商品,コンビニ 新商品,【2026年8月第5週】コンビニおにぎり・コンビニ手巻寿司ランキング1位はローソン盛りすぎ！チャーシューマヨネーズおにぎり！新商品・急上昇商品も登場まとめ - もぐナビ,https://news.google.com/rss/articles/CBMiZkFVX3lxTE9NVVQ1X2lfY0hPODdBM2tzTjVldmRWTW5VT1BSLWJjR0ZyeXZUc2RVck5TUlZVSnY1Y1pSNkFUZ1BGV3JRLWNoQkhHMmt1UWJnOW5tY3FsaUE2QjBidlFsdlhWMVVjUQ?oc=5,"Mon, 31 Aug 2026 02:09:49 GMT",2026-09-04T09:03:53+09:00
GoogleNews:コンビニ 新商品,コンビニ 新商品,肉厚な実とピリッとした辛さ！伝統野菜の「ぼたんこしょう」使ったコンビニ商品を発表…地元の高校生も協力【長野】 - 日テレNEWS NNN,https://news.google.com/rss/articles/CBMihwFBVV95cUxQR0poM3R4NjJVMllOVl9JZ2NQMkxfX0h5NW1zd2QyQks5QWZ0TUNQMGtaZjI2VjkzU1I4NDZfVG5HNnlTM01heE5hXzhBUDc5ZHROdmIyS002SU9nUkhtbHo2OWV4c243VjYtclloNzZPTXN3eFdwUXhac0YxSS1kbkV6eURobU0?oc=5,"Tue, 18 Aug 2026 07:00:00 GMT",2026-09-04T09:03:53+09:00
GoogleNews:コンビニ 新商品,コンビニ 新商品,【9月1日～発売】セブン-イレブン 新商品パンまとめ「香ばしアーモンドブール」「照りチキコーンマヨネーズ」など - えん食べ [グルメニュース],https://news.google.com/rss/articles/CBMidkFVX3lxTE1kMGxUXzYxNGRaMm92LXdFZlhhZ1RmU0lkdzNDM1hOdTFyX2E4ajJHM3ZFZVBTUXhGTjJ0MW45Szk1RzB3NGh0NFg2RGFyUnZLbkptZDE4bTFsQmVsazdhSXI2Zi1YVzlKcGVfM3Q2WmxtNF8zS1HSAXtBVV95cUxPMUw4aEN4QmpnQW51aFI1RUU4VHVmTWJUcDI4VFpZc01BVzdOaWUxMWE2UDNaSjRqVTUwTWtrLUd4S3QzLUJnbmp1VFQ2YThlNXVpMXdNSHJsM0hhTUJIaHhZV0ZURGxudEZFRWlka1hQVE5DVUNvU3g3Mmc?oc=5,"Thu, 27 Aug 2026 11:00:00 GMT",2026-09-04T09:03:53+09:00
GoogleNews:コンビニ 新商品,コンビニ 新商品,【2026年8月下旬】コンビニスイーツの新商品！もち食感ロールやパリパリショコラシフォンなど話題作まとめ - もぐナビ,https://news.google.com/rss/articles/CBMiYkFVX3lxTE1sR1RkblVwYzdLYmVRbDJQc2EyOTlUbjQydmVDX0ZxNUxsME5xVklwWk50UWdfVTVXSWxsM0RtUTN2VWNGSFk5WWVUcHEwb3VJLVQzMnpIU1NpR25SOFBMejF3?oc=5,"Wed, 19 Aug 2026 07:00:00 GMT",2026-09-04T09:03:53+09:00
GoogleNews:コンビニ 新商品,コンビニ 新商品,【2026年8月下旬】コンビニ惣菜の新商品！明太子チーズ焼きや冷製レバー煮など個性派おつまみまとめ - もぐナビ,https://news.google.com/rss/articles/CBMiYkFVX3lxTE44Z0JvSDNFX3B1VnhncDNNa1hVcUNsQl94Q19NdlB2a0gwMmhCbFNUTnl5TTBUNUNkdVdOWExkaGdHY3ozeTVhZ2ROWVBVOGhBa3BjS0tIbUJTcGtDNE1VaVR3?oc=5,"Wed, 19 Aug 2026 07:00:00 GMT",2026-09-04T09:03:53+09:00
GoogleNews:コンビニ 新商品,コンビニ 新商品,【7月21日～発売】セブン・ファミマ・ローソン新作スイーツ特集｜「ドバイチョコ風サンド」「マンゴーパフェ」など注目デザートまとめ - えん食べ [グルメニュース],https://news.google.com/rss/articles/CBMigAFBVV95cUxOZVlyMUZ4U056Q0FIaVNzODBVUF9yS3RmLXRPNEVXTVl4MjFVQVdTblVJYzR0b3NkQ3JsaUphWE5HOWVJSXROZl9GUGR3ZGRRaHIxeGNzSGJZaUR2czQxaEZVMlNneVl4UDkxTFZrSWtZcEtUcjlIRms2X2ZkT2dxddIBhgFBVV95cUxPS2JrNlktUXdFdXllZld1WjQtZ0N4VVprNU10Q2F5eURUTF9ndjZyYmR4cEg0MWs4TC15clJPUHlsUmU1enhvMFZGaFlfOW1FeDdCem8xMEhxeXhCWWVGeTRsZlFNeVpYZ0JDRkVmRGNJMXZlaDdPaVpoQXRTeUVLRk1GZGU5Zw?oc=5,"Tue, 21 Jul 2026 07:00:00 GMT",2026-09-04T09:03:53+09:00
GoogleNews:コンビニ 新商品,コンビニ 新商品,【2026年8月第4週】コンビニ惣菜の新商品！ピリ辛焼きイカやネバネバサラダなど夏の惣菜まとめ - もぐナビ,https://news.google.com/rss/articles/CBMiYkFVX3lxTE1wT2l2aV9iamMwUm5DbDNzVzdDRnhlN1NtZXZqZHRNNkRPWnpfd2ZvUWNCbFJNSndDTEttVE9xWDZrc3ZwWEFiNlJJWTN5NmJIbnVkc1dhLWtSUUYyS2piOGNR?oc=5,"Wed, 26 Aug 2026 03:49:51 GMT",2026-09-04T09:03:53+09:00
GoogleNews:コンビニ 新商品,コンビニ 新商品,【大当たり出ました！これは美味すぎる！】今週のコンビニスイーツランキング３（6月21日）（キャプテン福田） - エキスパート - Yahoo!ニュース,https://news.google.com/rss/articles/CBMiiAFBVV95cUxOcjRVZDlqNXRXU1d3a09SdzlCbi14SjgzVHlWUTRBWXlrY0JhWkszNkQwUEQwX3lERDkwaXViZmx1NUZ6QzdkbUI0M3lORnN3RXNIdkNCenVzWG1aY2hIemRHZnRubEFoM0JGQndYa01CdmdHb3JPM1lhYktXN0phSFl0VTRKaGF0?oc=5,"Sun, 21 Jun 2026 12:58:11 GMT",2026-09-04T09:03:53+09:00
GoogleNews:コンビニ 新商品,コンビニ 新商品,【これはハマります！もう1個食べたくなる！】セブン‐イレブンの新商品に歓喜！（キャプテン福田） - エキスパート - Yahoo!ニュース,https://news.google.com/rss/articles/CBMiiAFBVV95cUxQQUg5UXBWdjNvOWQ2X1l1cHh0VXFUdDVqaDBNQ2ZaaWNwME81YkJqNkhKZlVZdkMwZ2JPTEYxNEhjdFM2NEJqcWNvOUI5WWV1YkRaN25EaWxhRmJfQThzNmRkalktRHlkc1lya0otYzVtVmhhWUJuTFoyOGxwbDFmUHdkVkh2MjRj?oc=5,"Sun, 16 Aug 2026 07:00:00 GMT",2026-09-04T09:03:53+09:00
GoogleNews:コンビニ 新商品,コンビニ 新商品,【6月16日～発売】セブン・ファミマ・ローソン新作スイーツ特集｜しっとりビスケットサンド レアチーズ・「Afternoon Tea」監修シリーズなど注目デザートまとめ - えん食べ [グルメニュース],https://news.google.com/rss/articles/CBMigAFBVV95cUxPa3J0U0JkNmJBYVZCSnBkcDZ6RE81S1NnZTZwWi15cHgwWmdmdmJjOWp4aXpsMVVTbDliSHRrN1dna1BlTjdCZkFVcGh5d2EtbkMtUG10UWFqTExBdEZ5S1gxV1kxb2s0VXNsNjIxWm9iZkFRNXBhQzZGbkxwUXdqRdIBhgFBVV95cUxNNmJ6WGFKaWNhaVdTMHVpYkoyT0xHQm5JZGRVWUcweklxdHlYX0FsVXN1bTlDLVlnQ0JzaVNqWjR2ZEtuLUVBYlZqcmZkVHFYeDZBMnlFcWhIX2MyWnR0WUthQ1pZLW43SE5JaUcyeUhSUG1tRV9XVzZ6bnVuSVJvaFgwMlZDQQ?oc=5,"Tue, 16 Jun 2026 07:00:00 GMT",2026-09-04T09:03:53+09:00
GoogleNews:コンビニ 新商品,コンビニ 新商品,【2026年8月第2週】コンビニスイーツの新商品！つぶあんぱんやとろけるわらび餅など夏の甘いおやつまとめ - もぐナビ,https://news.google.com/rss/articles/CBMiYkFVX3lxTE5xMkJlQ0ExcVdUVVU3b0EwcEpDUUhEZUJuWlhQX09rQWh4V0JJdUlLZklQTC1wOUREeGxSSi1GNnd4dzM4U19EbE12ZFpCMTBCMUJHVXlocl8zcG1obFFCdlF3?oc=5,"Thu, 13 Aug 2026 07:00:00 GMT",2026-09-04T09:03:53+09:00
GoogleNews:食　新商品,食　新商品,スターバックス「640円の新商品」を飲んだ感想 個人的に「微妙」「複雑な味」（進撃のグルメ） - エキスパート - Yahoo!ニュース,https://news.google.com/rss/articles/CBMiiAFBVV95cUxOOWZ6Q0E0bkVzZU1iVnBRVGFiaFFtVUtINl9VdHFOdHVtUUYxMm5qNFdQTVBJMnpXMUk3azI1TU9hMmk2LU9vMGY3R3JkNTV4SGhtaktvSEFoUHlMSk5HTlZsdF9OeDJnWF90WjdYbU5od09DNnV0c2loYm1xQnhValdsdTlTQzdz?oc=5,"Thu, 03 Sep 2026 23:15:21 GMT",2026-09-04T09:03:56+09:00
GoogleNews:食　新商品,食　新商品,長期保存食の新商品・リニューアル品を2026年10月より順次出荷 - atpress.ne.jp,https://news.google.com/rss/articles/CBMiTkFVX3lxTE1malNLNzJ6X3VIMG55NEdNRXZYT2ZlMHFxMWlZRFQ1WnRMalh0Tl8yYlhXZmdjcmx1b0FtN0VnWGtkTXhsQW1mc191djg1QQ?oc=5,"Tue, 01 Sep 2026 06:00:00 GMT",2026-09-04T09:03:56+09:00
GoogleNews:食　新商品,食　新商品,【新商品】“ふにっと濃厚”な新食感ソフトキャンディ『ミルクと練乳』が2026年9月14日(月)発売開始！ - PR TIMES,https://news.google.com/rss/articles/CBMiakFVX3lxTE9KU3RDaG1Wa0d1VmtSalZzemRZd0piUjVsazU0NkhqZml3WEJuMzRMZll0Zlh4SmE3Sm5tTjM1N3p6SE4zYzkzT25ycFFhLWVWbEEyaHFQOTRUNGNZaWJDdEp0Q211aUNuTUE?oc=5,"Tue, 01 Sep 2026 01:00:03 GMT",2026-09-04T09:03:56+09:00
GoogleNews:食　新商品,食　新商品,【新商品】“ふにっと濃厚”な新食感ソフトキャンディ『ミルクと練乳』が2026年9月14日(月)発売開始！ - フーズチャネル,https://news.google.com/rss/articles/CBMiVkFVX3lxTFAtQkl5RnJPa01hdlI4TlNtTi15X2RFR3o3V21xNFlUeVpQRnpJRnhMVVpEZU9Wd3B6RmE2Mk5BMDlpOHYxSkpoT2M2Qy1ZYkp2bHlHTXdR?oc=5,"Tue, 01 Sep 2026 04:53:16 GMT",2026-09-04T09:03:56+09:00
GoogleNews:食　新商品,食　新商品,〔新商品〕もちもち食感のチョコボール＝森永製菓【時事通信速報】 - 日本食糧新聞・電子版,https://news.google.com/rss/articles/CBMiU0FVX3lxTE5UcnNWcmVkZDJoaVl3cXZpZ2JkLUZuRTk4TGZLSEh5aG8yTWpJYzFySG1zcnBRSkhxXzdXNmR5ZGltM2pGd0JKWFExOG5IMENDUVJ3?oc=5,"Thu, 03 Sep 2026 06:53:44 GMT",2026-09-04T09:03:56+09:00
GoogleNews:食　新商品,食　新商品,【秋の味覚】丹波のブランド栗「丹波栗」のほくほく食感と濃厚な甘みを味わう新商品 神戸・灘の誠味「栗ごはんの素」期間限定発売 - 神戸新聞,https://news.google.com/rss/articles/CBMicEFVX3lxTE1KeTU2bm00SDJLYXl1c3JyRjZsWVQwbU9SOXk4REVBY3FOblBMa3otLVdwbGRWbjZYYUFBakEweUF4TWduV3dBTXd6SGs5QTBZZ3RmRVo4LTBIRlBjMGotdnJPT3lmNXdtXzRxc0phZmo?oc=5,"Thu, 03 Sep 2026 01:36:00 GMT",2026-09-04T09:03:56+09:00
GoogleNews:食　新商品,食　新商品,【タカキベーカリー】個食・即食ニーズに対応、石窯パンから新商品「石窯パン 個食シリーズ」第二弾を9月1日発売 ～3月発売商品で見えた新たな需要を受け、季節素材の個食パンを展開～ - PR TIMES,https://news.google.com/rss/articles/CBMiakFVX3lxTE5ES1RYdEhoWE5XdlhkeVJGbjJjVEVaVUJRdDBQbV9LWlBCM3QtMXBGSUhfd0dUX0JxTlc3Z2N5Wm5VMnBJR2g1OFVORFlkVEpEcnlfaF9aeFRxNEpGb1JWckNTTGY2dElLNWc?oc=5,"Mon, 31 Aug 2026 02:30:01 GMT",2026-09-04T09:03:56+09:00
GoogleNews:食　新商品,食　新商品,【ファミマ】史上最多のコラボ商品発売！スイーツライターが濃厚チョコスイーツ3つを実食レビュー（なかべぇ） - エキスパート - Yahoo!ニュース,https://news.google.com/rss/articles/CBMiiAFBVV95cUxNTHhQdHVoeWVJaENBdmo5YWNIaWNMT2g5TG1UcXlKc2sxMzNkUTIwYUlaRmY0NlBkTV9GQnF1aG1KcFRBWUlaQjNMZWFMTFlPNkhNaDZfS0JUZnlWXzVCZUhDbHdfSEZRSmN2eUR2cWttSnd6T1pEMkVrcmJFSkJKQTMzd3ZQd2sw?oc=5,"Thu, 03 Sep 2026 02:55:13 GMT",2026-09-04T09:03:56+09:00
GoogleNews:食　新商品,食　新商品,サンマルクホットサンド初の月見メニュー「月見テリヤキつくね」、秋を感じるサンドイッチ･パスタなど、新作フード3種を新発売 - Yahoo!ニュース,https://news.google.com/rss/articles/CBMif0FVX3lxTE95anZEeVE1WjdrZHJldjNoa3NMYlRFRGZLVDRRR2tFTEJodUpSclFIOFVJRm05VzRHLXNTN0pmVVNfYm5HTnFrbFFETG96Uk1UWGtRdVVEQzgtcWFhOFBCMGh4dm5MU05JUy1veFFheDg1NGYxT3ExemNNbUdET28?oc=5,"Thu, 03 Sep 2026 06:44:32 GMT",2026-09-04T09:03:56+09:00
GoogleNews:食　新商品,食　新商品,チョコボール新作は「もちグミが主役」！構想4年、大人がハマる“もちもち食感”開発の裏側（ウォーカープラス） - Yahoo!ニュース,https://news.google.com/rss/articles/CBMif0FVX3lxTE1lVWVpVEtMUlVTUVhHOUs4RklkSllGWktIZzFCWWRYY24zdWI1aG5PNzExSUpTRmFZZHl6YlA1N0J4WHd3ZHZ3WjBtY2xmWS1GS2NhVmh3ZGlNWFJZWjByeHJFWC1Qal9MYlhrdF9uLVFrZFpQVXVXVXRXVFBMZkk?oc=5,"Thu, 03 Sep 2026 07:00:00 GMT",2026-09-04T09:03:56+09:00
GoogleNews:食　新商品,食　新商品,ファミリーマートから新登場!! シンプルながら美味しい「321円の新商品」を実食レポ（いぬきち） - エキスパート - Yahoo!ニュース,https://news.google.com/rss/articles/CBMiiAFBVV95cUxNd1VkRnA2b3d4ckV2N1lKMlJkOW1OREp4Y3hic0MzaUZCaE5wSXA2TGtCZDVzdGcxcjNueGN6SWtMdmptREJZWVZWWVI1WVZRMmZQcTRuaVNpblVNYlpPWHJyU1FTSVJoaHdtUVNOQ1ZVMUFBdTV0SzJPbWpnT1phSVZjM29HLWVz?oc=5,"Mon, 31 Aug 2026 12:01:16 GMT",2026-09-04T09:03:56+09:00
GoogleNews:食　新商品,食　新商品,軽くとろける食感の猫用フード 体重・年齢で選べる4種類発売 - OVO [オーヴォ],https://news.google.com/rss/articles/CBMiVEFVX3lxTFByTzR6MzlwcTNMamlxcTByV0oxWXZNbW9ucTkyMnJkdXF3NFIzSTdZaG5LSjFfMUxKdlpSMmZDMFNwclcxUHBzYzdNdk80bzl2bUlvVQ?oc=5,"Thu, 03 Sep 2026 07:28:01 GMT",2026-09-04T09:03:56+09:00
GoogleNews:食　新商品,食　新商品,【吉野家新作】極旨牛鉄板ステーキ定食＆月見牛とじ御膳を実食！期間限定2品を正直レビュー - ヨムーノ,https://news.google.com/rss/articles/CBMiREFVX3lxTE80UElrUUE2QUtLNlVMcmJ5cmFwdG1VT05pNXh4Y0dRd05VWW1ILXNIQk9DdWltbUdVT25GTTg0R3lGM2Y4?oc=5,"Thu, 03 Sep 2026 21:01:49 GMT",2026-09-04T09:03:56+09:00
GoogleNews:食　新商品,食　新商品,ケンタッキー新作「月見」シリーズ全5種類を紹介 また注文したくなるおいしさ（進撃のグルメ） - エキスパート - Yahoo!ニュース,https://news.google.com/rss/articles/CBMiiAFBVV95cUxQUWZiQmFqTWFUaHI4S2R5ejA3RWltaHhydlN6bVhGNld5NXpfMlNTLXg0T1BldkZtM0hXVWp6QnFnaFhIZ3pEdDBMWVBUd1JMMHFMMW5FelMyaWxnYnhsVDI1blRycVNSVy00dk53MzRqWkQzWW9RSXhYam5EUnJxX2IzakZQODlY?oc=5,"Mon, 31 Aug 2026 22:41:24 GMT",2026-09-04T09:03:56+09:00
GoogleNews:食　新商品,食　新商品,なか卯で「1780円の新メニュー」を注文してみた（進撃のグルメ） - エキスパート - Yahoo!ニュース,https://news.google.com/rss/articles/CBMiiAFBVV95cUxPWG0tQ1Vfc2xGS0NWbnV0SUxiWlZMdGpiLU9QcHRWVWZQZ1ZURDN2OGZBUHR0WEZPY0QtN1FlclBkRV9yN3BtSWVvaWlvU0RFY0dqajdoS0FwUFhjV28ydm9ZaUlmYkVFeV8tSUxxT1ctQ3dpQjhLemlRNk9ZdHFzYVdOdWdSZnIw?oc=5,"Thu, 03 Sep 2026 01:17:40 GMT",2026-09-04T09:03:56+09:00
GoogleNews:食　新商品,食　新商品,【コストコタイムズ】新作「麻婆豆腐」を実食！ひと口食べて「あれ？」味は意外と控えめ（コストコハッカー） - エキスパート - Yahoo!ニュース,https://news.google.com/rss/articles/CBMiiAFBVV95cUxOcEM0aEJkNXBmak1sd0N1dWltbHIwa1JmQ05sSkxWUURTZ2VaeGlCVlJ5ZmVTekdnNVJ1OHZvOGJQY3ZjRlJUaGliNmVrQ3h2MUJvdHJKOEZ4YnRhZzdPMEVGOWFYV21vcXBOd2tCaVRzOFdpZ1ZrazdEbmFuY2p6dEJvWXVSMXVB?oc=5,"Tue, 01 Sep 2026 20:01:29 GMT",2026-09-04T09:03:56+09:00
GoogleNews:食　新商品,食　新商品,【コストコ】リピーター続出！「今週限定値下げで安い」やみつきになる食感の大人気商品とは？（舞） - エキスパート - Yahoo!ニュース,https://news.google.com/rss/articles/CBMiiAFBVV95cUxQRFdQVG84TTd2M0x6emtrdk9pc0pnaHZwTk5jRmVETDZMdGN4cDg1emNBTnp2QUVqRmdtcDZWRVN2NV9uUXl1cW5CcTVPTHJJN1Y4NmpfUjNlNVlDZlhCb3RiRUtpTGZLNEM2RGdMT2VrNzM1MU1iUkNobkdnTHBGTlBNTDNNZVR2?oc=5,"Wed, 02 Sep 2026 00:55:14 GMT",2026-09-04T09:03:56+09:00
GoogleNews:食　新商品,食　新商品,【ファミマ】明治とコラボ！238円で楽しめる◎とろ〜りクリーム×濃厚チョコの新作エクレア（なかべぇ） - エキスパート - Yahoo!ニュース,https://news.google.com/rss/articles/CBMiiAFBVV95cUxNMTdVaXlvRnlCdHNvM2F6NDZYX1IxVmllYWxZdFQwbVVWamUzX2l4VmdnTG1jT1BYbVY4RnJjN2ZGb0ZyMEt0SVdBM25PWFhKMDYwSlhiY1JRUTNrcGtQVDJnTFpPT1Aza0NMUnZDaE9QX0NoNXpLdjZQeURuakZrYjdhR0dvenlB?oc=5,"Wed, 02 Sep 2026 08:15:32 GMT",2026-09-04T09:03:56+09:00
GoogleNews:食　新商品,食　新商品,【丸亀製麺】1玉でも3玉でも同一価格！おトクさにも注目の新作「豚つけ汁うどん」実食レポ - au Webポータル,https://news.google.com/rss/articles/CBMibkFVX3lxTE1qdFZVeWgxM0ZoVE41aWYyTTV6Z3FmaTYySF9hN2pCRmxnajAxclZON08yZmRaS3BaMWx5YXlrdVBiYTg1ZE9Id0g5M0VjakxKSEZLY2xXNVRodm9ENzdJdy1CWHRUaHFsRFNuVllR?oc=5,"Thu, 03 Sep 2026 07:16:16 GMT",2026-09-04T09:03:56+09:00
GoogleNews:食　新商品,食　新商品,【マクドナルド・新メニュー2026】「月見ファミリー」4種を食べ比べ！ 「月見バーガー」「炙り牛すき焼き風月見」「チーズチーズ倍月見」「北海道産バターとあんことおもちの月見パイ」を実食レポート！｜るるぶ&more. - るるぶWeb,https://news.google.com/rss/articles/CBMiUEFVX3lxTFBIZVZUT0RMWFdUTF9yVzlTemdpalE4aGZZcHhzdWN0Q21OWWt3WW9zQkF4UkJNaEdsNmRHYUlmZTJwakE3NzBEUWJ6cm1zOGdr?oc=5,"Mon, 31 Aug 2026 02:04:34 GMT",2026-09-04T09:03:56+09:00
GoogleNews:食　新商品,食　新商品,モスバーガーの新商品5種類を紹介 また注文したくなるおいしさ（進撃のグルメ） - エキスパート - Yahoo!ニュース,https://news.google.com/rss/articles/CBMiiAFBVV95cUxQZmFXR3BFbUc1ZDBpb24za2IxWlRxX09xdHBKM1lGeUVxbUpSaUl5RW1PRXBKUDhLQzZkcDVTdzk2aWswZWgzN1ppWnlwOXEzSmVEQXlnb0tfNkhMTVZlOVJscVpxeEJlRVFZOERhZ1hNLXNEV1FCV0JvSDdWeWFpYmpzUXh1OE1o?oc=5,"Sat, 29 Aug 2026 09:45:13 GMT",2026-09-04T09:03:56+09:00
GoogleNews:食　新商品,食　新商品,ダイエーの店舗転換し「フードスタイル東大島店」がオープン 総菜・ベーカリーで新商品多数 - ダイヤモンド・チェーンストアオンライン,https://news.google.com/rss/articles/CBMiYEFVX3lxTE9SNmFraWl6OGFtXzJiZUZFSXBIV1EyQngwTjRTR0pteGtsYUR0djhLTWZUN1RDaEtsNzM1NUs4VHNyU2s2NGM4Z1NyNTNmMERtbFpGaHZBY1hoSXdmb2JnSw?oc=5,"Wed, 02 Sep 2026 22:04:23 GMT",2026-09-04T09:03:56+09:00
GoogleNews:食　新商品,食　新商品,≪ 1年ぶりの新商品！ ≫サクサク食感で、ほろりとほどける。『ガレット ジャンドゥーヤ』が、9月1日(火)【COCORIS】から新発売！ - PR TIMES,https://news.google.com/rss/articles/CBMiakFVX3lxTE9BajZWVjU4VFRGNDNFZUFSTmwxZE9RVkJZTll0MWZqak1ySlBVTnRBaEdub01vTUJtaDY3MkxVaUxHcmd5MlFPMmMzU3g2Y0hFT2E4d1NWSFlqT24tTkduM3dSS2RobTJkWUE?oc=5,"Thu, 27 Aug 2026 03:10:01 GMT",2026-09-04T09:03:56+09:00
GoogleNews:食　新商品,食　新商品,『フジパンPREMIUM』から極上の食感を楽しむ新商品が２品発売 生クリーム仕立てのしっとり食感と加水率約90%のもっちり食感！｜お知らせ｜フジパン - フジパン,https://news.google.com/rss/articles/CBMiVEFVX3lxTE9pSV83WVhMb09wVFBjOE5IQS0xRlZCcDJIMWJCR0JNcUFTUFNQNTQ0WnZqNG5ZWW9iSThwU3NqazhlcWNiYlRaVFNLLUc0WUpoZEdROA?oc=5,"Tue, 25 Aug 2026 07:00:00 GMT",2026-09-04T09:03:56+09:00
GoogleNews:食　新商品,食　新商品,日本アクセス「新商品グランプリ2026年秋冬」消費者が選んだトレンド賞 パッケージ賞 ネーミング賞をチェック！ 背徳ブースターにバキサク食感...審査員のコメントも◎（tokyochips） - ｄメニューニュース,https://news.google.com/rss/articles/CBMifkFVX3lxTE5Uc1BNZk9vaXNQbGNkSjJyQ3ZQMVEwQlFTZ2tmSGNRbFNJcHo2cGVRUjdHQVVuODktbFgxU0M4VTdGVmd6clc1UG9ZSmY5Z1BqVGFPbE9LamV4UngxR3FDX3hyeTNGZzZYdjJRT0xTTk5Va2VyTDNsSmVBRHFGQQ?oc=5,"Mon, 31 Aug 2026 13:54:00 GMT",2026-09-04T09:03:56+09:00
GoogleNews:食　新商品,食　新商品,学び食新サービス 「スタミタス」 を学習塾に導入:共同通信PRワイヤー - 福島民友新聞社,https://news.google.com/rss/articles/CBMibEFVX3lxTE9MY1MwR0JMOWhHUDdGck5xVmZYV1VObS1ES0dhQ0VTeFRLQnN2bWtlS3hVXzRnWFZFWXN6a0NqcEtIMUc2bjFlTzh5M0xtXzg1Yzk3bTh5UGNzR2pyV0FrVlFsVW5la2QyQ1A3aQ?oc=5,"Tue, 01 Sep 2026 05:10:00 GMT",2026-09-04T09:03:56+09:00
GoogleNews:食　新商品,食　新商品,これはクレイジーなのか？ケンタッキーの新作「クレイジーディップチキン」を実食！よかった点と気になる点（あかし） - エキスパート - Yahoo!ニュース,https://news.google.com/rss/articles/CBMiiAFBVV95cUxNZ3NVeERBLVNUcUp4eWNJbGJheVFlOHpVQ3pnY1RUTVplanJELURyLWo5ZlFnN0U1TDJONlcxY2Y4QVJtZXh6N3JZUWE5VmdBT1NYYWluNDF3dzZUd0V3dEFkeGxaTkgwdFNUeHpwa2d6dzZCVnBpenF5MHNhTWVEU0JPbFJSVUg1?oc=5,"Wed, 02 Sep 2026 04:47:03 GMT",2026-09-04T09:03:56+09:00
GoogleNews:食　新商品,食　新商品,【2026秋】ジェイアール名古屋タカシマヤ限定！「ぴよりんコラボ弁当」第3弾が登場！秋の味覚満載の全7種｜グルメとフード - 旅とおでかけ 鉄道チャンネル,https://news.google.com/rss/articles/CBMiTEFVX3lxTE5RNU05MmJTTkVXN0R2ZDViMmZpaXplYlNzLVNGRTgtS3Y1SlliVkQ4M3pxb09CQXNFbGZNTlFZVmdneVV2RHdtc1lkZ2g?oc=5,"Tue, 01 Sep 2026 06:27:14 GMT",2026-09-04T09:03:56+09:00
GoogleNews:食　新商品,食　新商品,累計販売3億食突破のファミマルKITCHEN「ちょいデリ」シリーズから たんぱく質が摂れる！惣菜が8月25日（火）登場！ ～たんぱく質10g以上！中には期間限定でゆでたまご1/2個プラスする商品も！～ - family.co.jp,https://news.google.com/rss/articles/CBMid0FVX3lxTE12YklJc05tTDRJRi1YX1Rwam1tN0tIOGZWbVE0Sk5PeTNWNm9zaGNCdURMS29tNXZsRVJRcm1wV0tqMFFHTmJnYjV6cE1EU2xpbk5JeURqSUVtR0l2b09PdkRSeGNRbXBIRURQSWRmQWF0X3Bib19N?oc=5,"Mon, 24 Aug 2026 07:00:00 GMT",2026-09-04T09:03:56+09:00
GoogleNews:食　新商品,食　新商品,コンビニ先行発売「話題の新商品」を食べたら、個人的に中途半端だった（進撃のグルメ） - エキスパート - Yahoo!ニュース,https://news.google.com/rss/articles/CBMiiAFBVV95cUxPR2Rja0xwbGFPcktFTlVDQzAwdkVwa3RsZ2lRbmllN1ZSWG5JaGFoQmV5NEpiNUpITUxMWFc4anhiUG02aVdhbVhpbzF3bWFoWkRyYmUyNkFsMEhjYVNINW54cF85YjZCTEJWV1dOdi1XbHdDSXVTUHQ3REFJY1lOdTNzVk42TWND?oc=5,"Tue, 25 Aug 2026 07:00:00 GMT",2026-09-04T09:03:56+09:00
GoogleNews:食　新商品,食　新商品,【今週発売】バンダイ食玩新商品全11種まとめ!「ちいかわ キャラパキ」やガンダム「GフレームFA」新作注目ラインアップ(2026年8月31日発売) - au Webポータル,https://news.google.com/rss/articles/CBMibkFVX3lxTE9KQ21UUjg3UGY1STZsNHFmLTVmRkFUSURZTmd3cjhUaXJCSFZITWw5dG4zNVFBRkdpbWk2NkdxdXY3aHhMMFcteC1nVm5QWEprZFh3RXdTUjZCNnZUS01RUnJzTlk0UUlpOGI2bzBR?oc=5,"Tue, 01 Sep 2026 02:30:23 GMT",2026-09-04T09:03:56+09:00
GoogleNews:食　新商品,食　新商品,2026年9月1日(火)発売！ローソン研究所おすすめ「今週の注目商品」｜ローソン公式サイト - LAWSON,https://news.google.com/rss/articles/CBMia0FVX3lxTE9ZWHpKM2ZyazRlenBSWVRUeE5BNERDN3RUdS14Ukh3SXJqbV9YQ0xEeV9TMkxhS2Z3NWxGMWRONjR2YmJleGVfWElqSU9lcWVwNlJOM3dRRE1VT3RTSWtMS2FNdTFNcThYNzQ0?oc=5,"Fri, 28 Aug 2026 07:39:56 GMT",2026-09-04T09:03:56+09:00
GoogleNews:食　新商品,食　新商品,【新商品】“あさげ”だからできた！減塩なのに、だしが効いててちゃんとおいしい「生みそタイプみそ汁 あさげ減塩徳用 10食入」リニューアル＆「フリーズドライあさげ 減塩 8袋入」新発売 - PR TIMES,https://news.google.com/rss/articles/CBMiakFVX3lxTE05S00wbTNZQkFIaVluTEN4WmlZREcyaDl5QW1JQ20tdDl1ZXRQalFfNGJuWFBpZGxFRm1hN2E1SnpqaUVTb0U1Y0k0ZlpFM1dGN3g0bWZFY3RHSk9xZ1NhanRjbmp1UTFHVHc?oc=5,"Fri, 21 Aug 2026 07:00:00 GMT",2026-09-04T09:03:56+09:00
GoogleNews:食　新商品,食　新商品,ビアードパパに話題の新商品「月見シュー」が次回登場 1年前に食べた感想（進撃のグルメ） - エキスパート - Yahoo!ニュース,https://news.google.com/rss/articles/CBMiiAFBVV95cUxPMVQyM19tVVk0X05MTW12NHVkdlR6VHk0VHRBSGZ2QUhERnZ4Tm9vTTJXSVhRckxmdjEtZ3lxWldLcWU3TEpONDYyNFBsZDNXX0plRTYyOXRHWVEtRXVNampITjFkaTcyb3U1am43UFVmRC13cUVXUnktNjlZOHNFUVN3THRoQjVN?oc=5,"Fri, 21 Aug 2026 07:00:00 GMT",2026-09-04T09:03:56+09:00
GoogleNews:食　新商品,食　新商品,伊藤ハム米久ＨＤが秋冬新商品を発表 内食需要に対応。新たな食体験提供へ - 静岡新聞DIGITAL,https://news.google.com/rss/articles/CBMiTkFVX3lxTE1QTlFvWkVONzhPUUh6OU80NXAxYWI0am1mQi1LNHlhSjRTNU5xOTJ6aXF2blZibTBhWF9yQ2hIUmdSNV9xRXlFOHQyRVNDQQ?oc=5,"Fri, 28 Aug 2026 19:00:00 GMT",2026-09-04T09:03:56+09:00
GoogleNews:食　新商品,食　新商品,9月限定で「月見シュー」販売、もちっ!ザクッ!とろり。の新食感が楽しめる【ビアードパパ】 - 食品産業新聞社ニュースWEB,https://news.google.com/rss/articles/CBMiRkFVX3lxTFBfSndHbnNEQ01WWTlZQUhMbnZ4a21nMkpGN3kzVGNqQjNoeFZGR0JCM05HcDB2LTVlMnVPbmJhOUJYbGcwOGc?oc=5,"Sat, 29 Aug 2026 00:08:59 GMT",2026-09-04T09:03:56+09:00
GoogleNews:食　新商品,食　新商品,【ローソン新商品】8月25日発売の5品を実食！秋の味覚から話題のチョコミントまで本音レビュー（なかべぇ） - エキスパート - Yahoo!ニュース,https://news.google.com/rss/articles/CBMiiAFBVV95cUxQUE9XVkp2MDVEeTZJemNDbEphN19LS3MxMV90SEhiZjlDUHBEb0xyQlFjZm1VeEo1MzZEZkpqQ0pTRzczeUs2b2tkZ3RMRzdqVmZoZk1QTTBwMElsUExTSzZXVFRfMWhlTEhSd1VLdGJhQmlGQ0xHTnJKMUcwVzUteklSNWY3WHhi?oc=5,"Tue, 25 Aug 2026 07:00:00 GMT",2026-09-04T09:03:56+09:00
GoogleNews:食　新商品,食　新商品,モスバーガーで「470円の新商品」を注文してみた 一度飲んだらやみつきのおいしさ（進撃のグルメ） - エキスパート - Yahoo!ニュース,https://news.google.com/rss/articles/CBMiiAFBVV95cUxQQV84S2Q4dlZvTDZUS1F5OUl0SnlUVVlJNEJvdGhfWVp0SGRRRm9qUEZXRW1tQ2l6V3RaaUxiWEZLVngwWmdYQS0wWE5STzlTclFJZzNVZjBLTzR5bVNJWjRzTUp1Xzc5eUNTeVVKNFc5SDUtZkpReXcxRVdoTjhMVWo1dUVhLW5S?oc=5,"Fri, 28 Aug 2026 02:53:01 GMT",2026-09-04T09:03:56+09:00
GoogleNews:食　新商品,食　新商品,【スタバ新作】スターバックスの新商品7種類を紹介 また注文したくなるおいしさ（進撃のグルメ） - エキスパート - Yahoo!ニュース,https://news.google.com/rss/articles/CBMiiAFBVV95cUxQS3hLZTJoaFV0RGtFM3o2NXZheGpEQTFmaW9kTEpDeDlja0o3NnZKaTMzU2huNDljS1lYM1VpR1hjM3E4eGd6WU9yT1BBamJNTkd6T0ZDMm85UXJMWGx4V3RaVWVkZmdyV0RTSFhleWRWa3BiT28yVEhXczhyb19wMWdaZUZIeTlJ?oc=5,"Mon, 10 Aug 2026 07:00:00 GMT",2026-09-04T09:03:56+09:00
GoogleNews:食　新商品,食　新商品,セブン-イレブンから新登場!! ハマってしまう美味しさ「267円の新商品」を実食レビュー（いぬきち） - エキスパート - Yahoo!ニュース,https://news.google.com/rss/articles/CBMiiAFBVV95cUxQcVdqRlM1U3RMaHlmYkRzNlBnelEyRFdMczdTZmRkTDMwZHdyRjByT3ZFUVBHNXVhR2N5WVNBN3hDWWFWRDRKQmhvUm0tWEJTbVdOSHFSaHI4ZkpIaTZQVXYxTlBUalBNRHJnN2tsNUxUUjhWVXVQdmN1aV9UamRpT0dBUnlRTUJZ?oc=5,"Mon, 17 Aug 2026 07:00:00 GMT",2026-09-04T09:03:56+09:00
GoogleNews:食　新商品,食　新商品,「食のサーキュラーエコノミー」で支援した新商品 「いぶり彩香（さいか）」が発売開始！ - pref.saitama.lg.jp,https://news.google.com/rss/articles/CBMidEFVX3lxTE5xaXZUYS1NYThFM1hvNWRhUF91TXVSOGdkb19SQjJ1WExTRW42UkpLRXlaM2w2RlJFOWRkRF94SGpiMG0xYkxvTlNpcEpjSk9XNm1HRTF2ZjhQa2FjejZfWXlSXzhqUFlEbUF5RW9RbzRtYTZ1?oc=5,"Thu, 18 Jun 2026 07:00:00 GMT",2026-09-04T09:03:56+09:00
GoogleNews:食　新商品,食　新商品,中谷食品、総合フードフェア開催 いち早く秋冬新商品 今すぐ使える夏向けも - 日本食糧新聞・電子版,https://news.google.com/rss/articles/CBMiZEFVX3lxTFAyZ3JKZmpHcTNKWC1qeHdwc3QxeE1PUDkyX29KRU9OeHdZTDJXbFRhWDN3UTFPVHQweTRKbERwLWY1dFFZek50TEs0MnJ2VW5XYVpaem5CaXRDWFlZUklVRFU2bjU?oc=5,"Thu, 23 Jul 2026 15:07:48 GMT",2026-09-04T09:03:56+09:00
GoogleNews:食　新商品,食　新商品,"【モスバーガー】累計1,410万食の「月見」シリーズ、今年は""黄金チーズ""の新作が登場! - マイナビニュース",https://news.google.com/rss/articles/CBMiXEFVX3lxTE5HYUdpdnRhMEx3c2Jpc0tCVWtjWXBueTMwVUtjV0pQNXBSNnozVHRsYnNBSmQzNWVzdi16RnBuR3RWd1dxX0YxVG9vSmRqcmpTMS0xb1hDT0FObm4y?oc=5,"Thu, 27 Aug 2026 04:25:37 GMT",2026-09-04T09:03:56+09:00
GoogleNews:食　新商品,食　新商品,タレント・ギャル曽根さんが登壇！ 1食で1日分の食物繊維の1/2がとれる 具沢山の食べるスープ 「あじかんごぼう RESET SOUP」新商品発表会を開催 - Newscast.jp,https://news.google.com/rss/articles/CBMiR0FVX3lxTE15LVJDRmdIU2s5U25YSFhBSEdhbTV1WlNENlZIbS1IdXZuQjF2aTQ2QkZNaDBzOHhsN1REaUJFZHdjdERfYTBF?oc=5,"Thu, 20 Aug 2026 00:30:00 GMT",2026-09-04T09:03:56+09:00
GoogleNews:食　新商品,食　新商品,【新商品】あのヨーグレットが“もっちり食感のグミ”に進化して新発売 - PR TIMES,https://news.google.com/rss/articles/CBMiakFVX3lxTE1zMGh5bzZ2SGc5b25xX2swWjJIaFo3dUdqQmprRmVubmRTYjZGOWt5TGtKd2xNQzJKdTdzU0RSVHNaMnNvMXlETGNPc0VnSEJYamFLVU5JUk5iYUpVX3l0VTBXNVl4MjVnZ1E?oc=5,"Tue, 18 Aug 2026 07:00:00 GMT",2026-09-04T09:03:56+09:00
GoogleNews:食　新商品,食　新商品,【実食】マクドナルドの新商品に「チョコボール」を追加トッピングしてみた結果（進撃のグルメ） - エキスパート - Yahoo!ニュース,https://news.google.com/rss/articles/CBMiiAFBVV95cUxONVJYR19TdGU5aUpSN1lWSnY2TU9fSy1ZV1NsYlVzVE13LVRQNlBKa0ZUZXBTUTVraDFQek03Vl90SGJrcklXeW5ZQWVUWnpuU0VHSnJSX2xMeUNYTFp2THo1d1RyTTdsZXIwVUZNMEdYSmxKRFZtVm5MLUs4Y0g2NEo4czg5dXF5?oc=5,"Fri, 17 Jul 2026 07:00:00 GMT",2026-09-04T09:03:56+09:00
GoogleNews:食　新商品,食　新商品,『フジパンPREMIUM』から極上の食感を楽しむ新商品が２品発売生クリーム仕立てのしっとり食感と加水率約90%のもっちり食感！ - Infoseek,https://news.google.com/rss/articles/CBMickFVX3lxTFBCVmhjZEtUeWZ0WHRyZkpHV0Z3WFJWb3VsZ2NyRlk0VkJDSVZ3S1h6QjFTb1o3S0FQUVVEeERnNTFhSTNIY3RnbEhxaEFqak1hNnZOcm9sT0o4cXM4Tkd5M0J2MFlwYWJDNXFwd0UwTVptQQ?oc=5,"Tue, 25 Aug 2026 14:10:02 GMT",2026-09-04T09:03:56+09:00
GoogleNews:食　新商品,食　新商品,【2026年秋】ウェンディーズ・ファーストキッチン「月見もっち」8月27日発売！もちとたまごの新作バーガー全8種｜グルメとフード - 旅とおでかけ 鉄道チャンネル,https://news.google.com/rss/articles/CBMiTEFVX3lxTE9zU0hlRXJqUGVtVzZhUDd2TkVXX1FTV0V1NVM1Y3plS1BLaTZLYTM2Qk81MHc2M3VNaktYNXdELVRyaVV3OEkwNGU3Y2w?oc=5,"Thu, 20 Aug 2026 20:00:39 GMT",2026-09-04T09:03:56+09:00
GoogleNews:食　トレンド,食　トレンド,2026年上半期「食トレンドランキング」＆下半期「食トレンド予測」を『デリッシュキッチン』が発表！ - PR TIMES,https://news.google.com/rss/articles/CBMiakFVX3lxTE9venRmem0wY3ptejR1TkFHUERqbGdlWTV0SmFxcjlnN3ZoTnR3ZW1OUWs2TkVUclc1TGN2QTdNOWhHUWtOblc5NGViMmprSk9PQlBZTFB6M2hlRDQwcDJrUFJ4NmNURXloYXc?oc=5,"Thu, 18 Jun 2026 07:00:00 GMT",2026-09-04T09:03:58+09:00
GoogleNews:食　トレンド,食　トレンド,人気食品メーカーに聞く、ひんやりグルメの最新トレンド - at-living.press,https://news.google.com/rss/articles/CBMiS0FVX3lxTE44UlFiLWgxQWZwcTJnVDBFU2Q4V3FmMjYxRi12cno3THZFUF9vZk1DZHdleXBiUFJXaENTZGcySjJwc0FKZWoxQTNHQQ?oc=5,"Sun, 30 Aug 2026 09:02:36 GMT",2026-09-04T09:03:58+09:00
GoogleNews:食　トレンド,食　トレンド,2026年の食のトレンドは「Swicy」！アジア最大級の食品・飲料展「FOODEX JAPAN」が発表した3つのキーワード - ウォーカープラス,https://news.google.com/rss/articles/CBMiVkFVX3lxTE1HcVhYRk85dXh4YURib2VFdzV4VVNUaFNweWFEY2M2U2NnY0VzUWczckNQWVpGdDJuZWt2S3hnMUtkbjBwWllXRVU4X2I4UktUUmJUaEt30gFbQVVfeXFMUGhjdUk1bkJYZGtKYWZkdGhXazlGaEs4Y2paM2ZGSjhGVTVrUzdLVF82bUFsOFl3bW9vNElIVHktNGJuSHdGWWZTM0k3SlprWi1VVjNWN3U0c2cxcw?oc=5,"Fri, 28 Aug 2026 07:00:00 GMT",2026-09-04T09:03:58+09:00
GoogleNews:食　トレンド,食　トレンド,次の食トレンドを予測、「おいしい博覧会2026秋冬」10月15日開催 - Koubo,https://news.google.com/rss/articles/CBMiRkFVX3lxTE9kZDcxWjFPNjFDYy1UU0hqcFl2MEVSVG4wN3lYVktoaHF3cUx3WGxvcHZjVl81MTl4YXBpQ1hjUzNvek1WaHc?oc=5,"Sat, 22 Aug 2026 07:00:00 GMT",2026-09-04T09:03:58+09:00
GoogleNews:食　トレンド,食　トレンド,月刊「食品 新製品トレンド」2026年7月号 ロングセラーが劇的アップデート 食感も味もコンセプトも新次元へ！ - 日本食糧新聞・電子版,https://news.google.com/rss/articles/CBMiaEFVX3lxTFBwbmlJR3F1Nk1LZWxRTUI2VWw5YkJvdng3aTdrZGlveGNuQXlQQkNvV1Q5RzMyczV5RlpGaVFITVpnWDFPaHdZTnE3aGtYVzJrcER5UWN1dXlOQVF3dTk2T2V0VUZDNG9r?oc=5,"Tue, 21 Jul 2026 07:00:00 GMT",2026-09-04T09:03:58+09:00
GoogleNews:食　トレンド,食　トレンド,2026食トレンド「コンボケア」をバーで最速実装 オーセンティックバーが提案する新習慣 「ゼブラ飲みキャンペーン」2026年7月1日開始 | 株式会社ティグリス - atpress.ne.jp,https://news.google.com/rss/articles/CBMiTkFVX3lxTE5EeVVlUVdOeGFMSW1ROVd1enhTQnBEZ3dyWFVaSEp4MFdpVUszb1pkREVjeC1xYXhUUDZqYTViSWpldm1TMjZieUE4c0pidw?oc=5,"Mon, 15 Jun 2026 07:00:00 GMT",2026-09-04T09:03:58+09:00
GoogleNews:食　トレンド,食　トレンド,2026年「猛暑グルメ™」は「酸辛香グルメ™」 - 株式会社ぐるなび,https://news.google.com/rss/articles/CBMiZEFVX3lxTE1lVzVlOXZoUXgwYm5qZmJwX3VBX0EzNXBxWTY0MWpFU096VWVWeUNVTjNzcURTRmNFU0NNb2FtdjJfd2tKZzA1Ujd4cGhRR0ZyN1lra1lpYzRtTWstb0lfQ2JWRFQ?oc=5,"Thu, 04 Jun 2026 07:00:00 GMT",2026-09-04T09:03:58+09:00
GoogleNews:食　トレンド,食　トレンド,【ミヨシ油脂】「2026年食のトレンド予測・ハンバーグ編」発表、リピート購入を促すのは「ジューシー食感」、購買層に合わせたソースの味選びもポイント… - フーズチャネル,https://news.google.com/rss/articles/CBMiVkFVX3lxTE5DeWtGOExRa2p6UmpXLVRHbUhEUEc0d3RscE04YVBmdUxtTTJaU25aSTEwYVpwS2JPS0JhcEVBRGUxbXkzZkhkc183MWlKUWUxeGlVVlNn?oc=5,"Tue, 18 Aug 2026 06:52:02 GMT",2026-09-04T09:03:58+09:00
GoogleNews:食　トレンド,食　トレンド,次の食トレンドと注目商品が集う、「おいしい博覧会2026秋冬」を10月15日(木) 開催 - 毎日キレイ,https://news.google.com/rss/articles/CBMiekFVX3lxTFBPRHgzUGFSb3ZvSlR3NnZRWVc3M3Rzb3hZemtLNGRmQ2FVTUFEdFI4TU00RmM3YmZEZERtd3NmUWJWUTc4STl5RnY3ek5mWkx3UXpfMHB5R0tPYU1UMHZiN3FhZ3RKTTM0TGdQbnR1NHJUbGFmYXpFeXpn?oc=5,"Fri, 21 Aug 2026 07:00:00 GMT",2026-09-04T09:03:58+09:00
GoogleNews:食　トレンド,食　トレンド,"2026年上半期""食トレンド""ランキング1位は「冷凍ストック」! 下半期は「直パケレシピ」「ネオ厚揚げ」「ドリンク調味料レシピ」がブームに? - マイナビニュース",https://news.google.com/rss/articles/CBMiXEFVX3lxTFBYWlg5ZG9SQ2JDZk1LMVhjR0U0N3Z3NFhIVnQ0OE1ienowM25nV3hRbjRGZ2t1Y3BwbzhUUS1Yc0JtZkkwaW92czlNMGhGWUFzV3ZsUXk3WS1IbEc3?oc=5,"Fri, 19 Jun 2026 07:00:00 GMT",2026-09-04T09:03:58+09:00
GoogleNews:食　トレンド,食　トレンド,「2026夏の猛暑食トレンド」予測を「味の素」が発表！ 「麻辣湯」レシピ検索が右肩上がり、エスニックブームが猛暑の食卓を変える?! - hugkum.sho.jp,https://news.google.com/rss/articles/CBMiQkFVX3lxTFBBQ2hwSE5BRm1zU0hnSU5KbnQ1ak1qRnJoU1hQTUJScEpxOWctcEFJX3lSTnhmbEQ3SDhiVXdxLXJCQQ?oc=5,"Sun, 31 May 2026 02:03:52 GMT",2026-09-04T09:03:58+09:00
GoogleNews:食　トレンド,食　トレンド,【トレンド発信】2026年秋冬『新商品グランプリ』結果発表！ - PR TIMES,https://news.google.com/rss/articles/CBMiakFVX3lxTE9aNUlsczU0WWhUOWc0S1pPd3RmalZfVW5CQ3BlZWFpcDFsckpLdm5Neml1Z1lXTXhHbUpkaVVzUGVKbWNYcjVNOTNqQ0FYV2lNSzN6X2lVR0dnRTRiZ1d0TEJuZ0cxME83cXc?oc=5,"Thu, 27 Aug 2026 09:06:11 GMT",2026-09-04T09:03:58+09:00
GoogleNews:食　トレンド,食　トレンド,クックパッド「食トレンド大賞2025・食トレンド予測2026」を発表 - PR TIMES,https://news.google.com/rss/articles/CBMiakFVX3lxTE8xdHRCeHliOFlnUm9LZmt3d2MxdlVORDNfYjFLc0NoV1lNZmlXdVVzVDEyWkpTVDRsYVMzN1g3NVJETEZYV0hLbTB1Wkk0R2laQURDWTR1WG5aS081OEk5azBjcG1keFhrM2c?oc=5,"Wed, 26 Nov 2025 08:00:00 GMT",2026-09-04T09:03:58+09:00
GoogleNews:食　トレンド,食　トレンド,猛暑の夏、「軽め」と「刺激」の二極化が加速？味の素㈱、「2026年夏猛暑食トレンド」を発表暑さと気分で切り替える『夏のオン⇔オフ スイッチメシ』とは？ - PR TIMES,https://news.google.com/rss/articles/CBMiakFVX3lxTE0zUFpEeUVOVUxmVlJlU1NCMzJTUUlUZHYtREhtS3Y1bG8tNlJPUUJfV0R5b05USjJsS3k4Um1XQjlSWW8xeXhvekozdFY0QXBYZ2JqUkFMd1cyUm5BRE5RUkphdDdIR2RJUVE?oc=5,"Fri, 15 May 2026 07:00:00 GMT",2026-09-04T09:03:58+09:00
GoogleNews:食　トレンド,食　トレンド,内食・外食データが導く2026年夏の最適解！今年の夏はお家で「辛酸冷・麺」と外食で「酸辛香グルメ」 - PR TIMES,https://news.google.com/rss/articles/CBMiakFVX3lxTFBaZXlTN0RJaEktZW5aaGZZMzg3alJCcWl5T2tHS1EyUENlRjA4QVJ1U085QWd6blItNnVUbk9OVEY0eTNmYVlsc0RTVkM1bVRua2FaWFhoNXVyQUFzbTVfazNvajd0bFFmQmc?oc=5,"Tue, 21 Jul 2026 07:00:00 GMT",2026-09-04T09:03:58+09:00
GoogleNews:食　トレンド,食　トレンド,2025年 食のトレンドを振り返り ― 「自由」と「ノスタルジー」がキーワード - PR TIMES,https://news.google.com/rss/articles/CBMiakFVX3lxTE0xMFpZQ0lPbjJ6MVFsdDJRYnh2WTBZSTgxRGJlY2NrWDVLejhMQnUwazRmTTI1dXlUcWhKNmRBSi02V3U0XzY5LTRNSEMwSEtZN3pPMUVfQ1MzV0xwUy01Z3Y5cy1PUnlPUEE?oc=5,"Fri, 12 Dec 2025 08:00:00 GMT",2026-09-04T09:03:58+09:00
GoogleNews:食　トレンド,食　トレンド,クックパッド食トレンド大賞2025『今年の顔』を発表 - PR TIMES,https://news.google.com/rss/articles/CBMiakFVX3lxTFBNZV9FUC0taGRnV0N5bGtaQUpBWFF6dXM5bVptWmZpTm9nRUFJZlhVZTZYdGpyc3JmSk9OMHM0MTB3TUtKX1J4OC1Nc00tZHdUQU8xLWVic042bG50ZjhmN3hKWENGY2FDUHc?oc=5,"Wed, 26 Nov 2025 08:00:00 GMT",2026-09-04T09:03:58+09:00
GoogleNews:食　トレンド,食　トレンド,【ミヨシ油脂】「2026年食のトレンド予測」第４弾、「餃子・焼売編」発表、餃子におけるリピート需要獲得のカギは「ジューシーさ」と「パリパリ食感」 - PR TIMES,https://news.google.com/rss/articles/CBMiakFVX3lxTE1kSTdEbHZpMEpsajUxZmw2NzE2UE5jc0NzN1dfMzVjUXM0WFJ6NzBqU3hOSnRnZERmXzlRSHVrSXhGLTU2M2JvbUgzM0JOT1N3OEJSbjhEMi1Oc1QyUnRGVUtHLW1JOG41Umc?oc=5,"Wed, 20 May 2026 07:00:00 GMT",2026-09-04T09:03:58+09:00
GoogleNews:食　トレンド,食　トレンド,海外市場の現場で集めた食トレンド10年分を学習した食の特化型AI「FOODIAL AI」を正式ローンチ。生成AIでは辿り着けない具体性のある回答を商品開発のヒントに！ - PR TIMES,https://news.google.com/rss/articles/CBMiakFVX3lxTE5mNG91cDNkLXVjSkJKWkJ6MldhN0lmWVNlNjJQVzFXLUJfb3FNQjJwVEtPVVphVnNINEIxQjF2R3dESTVJUU1veWZXa3ZvSnZHY0M0QmNadzNCVWxDVnU5dVkyTVZqa1JCaFE?oc=5,"Wed, 25 Feb 2026 08:00:00 GMT",2026-09-04T09:03:58+09:00
GoogleNews:食　トレンド,食　トレンド,食のトレンドは「手軽＋日々の健康」がキーワード！手軽に健康を意識した料理で自分を労わる、新たな食のスタイルに注目 - TOKYO MX,https://news.google.com/rss/articles/CBMibkFVX3lxTE12cm81bEFYRVg0ZnhOdnU5U2Rtd3FVSkpDWGF2cngtbXc0Z1FNdTNualRNeEVHQkJDYlZqSm1DWjVIOFptRVJhRGpxbEN6cF8zWGF0SGVsXzhFdGh5ZVhlZ2pDclY4ZUVHb3p1VXlB?oc=5,"Thu, 29 Jan 2026 08:00:00 GMT",2026-09-04T09:03:58+09:00
GoogleNews:食　トレンド,食　トレンド,今年のFOODEXが予想するトレンドキーワードを発表！アジア最大級の食品・飲料展示会「FOODEX JAPAN 2026」 3月10日(火)より開催 - PR TIMES,https://news.google.com/rss/articles/CBMiakFVX3lxTE1vRHpaaDFrUlNpSUxSa0dOWVpZVURKZWx5Z3k0bXVnUFNrUHFucTdyMWkxejFpcUI2TGxLcEpnZlJqMXNKRTYtTDZMT3phc1JRZFhQZktMZmpnYmJPYmxkdXlrRTI4bXpZOFE?oc=5,"Tue, 03 Mar 2026 08:00:00 GMT",2026-09-04T09:03:58+09:00
GoogleNews:食　トレンド,食　トレンド,＜画像5 / 6＞2025年の“食”のトレンドは？東京ビッグサイトで「FOODEX JAPAN 2025」が開催 - ウォーカープラス,https://news.google.com/rss/articles/CBMibkFVX3lxTE5JWnVYS0hYZlVKbDg3Z1ktei1XdXJPSjZOUzNoT2hpdHJhU0tSZ1FtdS0xSms0Tk5oNDl1N1VYZG9RY1pqZ1BPSmg1UzlhN0FnVnhHaERaTTN1U2IxOVpndWJnLWZWdU1IdEptVTdn?oc=5,"Thu, 27 Aug 2026 18:33:13 GMT",2026-09-04T09:03:58+09:00
GoogleNews:食　トレンド,食　トレンド,三井物産流通G、食のトレンド一貫提案 フードショー手応え - 日刊工業新聞,https://news.google.com/rss/articles/CBMiWEFVX3lxTFBESVdvRDhyMG42ZzdTS0ZXOVlOMWU2NmF2STUya29LY0R4Z1VLQXFWMXZDb2RhRE9BYWlyVy1nTnpGeG15WWJWUlpiMy1XOXVRTmtORzhReGk?oc=5,"Wed, 29 Jul 2026 07:00:00 GMT",2026-09-04T09:03:58+09:00
GoogleNews:食　トレンド,食　トレンド,2026年「食トレンド予測」を『デリッシュキッチン』が発表！次にくるのは「AIフード」「進化系こんにゃく」「指定野菜 ブロッコリー」？！ - PR TIMES,https://news.google.com/rss/articles/CBMiakFVX3lxTE5GUEFXS2tySk1sUHc3NFI1b2NuT0g2ZnBHT2xzcXU0NTNSUnRqRFd1d1F3U05LWVB1dm1tQ2FSNElJNEtxbE5hejdraFQzNGJfX0paNFJnWldaTjQtZlJ2SW52MTFxcXctZWc?oc=5,"Thu, 27 Nov 2025 08:00:00 GMT",2026-09-04T09:03:58+09:00
GoogleNews:食　トレンド,食　トレンド,今年の食トレンドは甘くて、辛い！？日本最速！「スワイシー」な味わいの「スワイシーブルダック炒め麺BIGカップ」を8月18日（火）より先行発売 - 毎日キレイ,https://news.google.com/rss/articles/CBMiekFVX3lxTE01STNNWVFIbldicVVqQ3g1b0ZBWmNvWU80b05STE9jZEM0Z2ltZ1R2ZmZfdVR0OTBqNFJ6bF9lYlZ6RUhxQWlTT1ZmeDltZk40TE5mMXh1VVNTcXF0R0xhSk9FeGFMSWJyRER5ZURyRUp2ZkJVV2Nfcy1R?oc=5,"Wed, 12 Aug 2026 07:00:00 GMT",2026-09-04T09:03:58+09:00
GoogleNews:食　トレンド,食　トレンド,【食のトレンド｜2025年振り返り・2026年予測】来年は、節約冷凍テク・深まる健康志向・海外グルメの内食化で家庭の食卓が進化 - フーズチャネル,https://news.google.com/rss/articles/CBMiVkFVX3lxTE1XWGVVYmxiSXE0SVp2OXkwXzE5d05SUzF4VW82WTczWG82MzV3b3F5UzI2T05pU002S1d5dHQ2d2NUVTYwNmZBc2V4SUo2dGRUMFdvcFd3?oc=5,"Fri, 28 Nov 2025 08:00:00 GMT",2026-09-04T09:03:58+09:00
GoogleNews:食　トレンド,食　トレンド,【ファミマ】最新食トレンド「スワイシー」ってどんな味?「スワイシーブルダック炒め麺BIGカップ」先行発売 - ニコニコニュース,https://news.google.com/rss/articles/CBMiVEFVX3lxTE1ZY2xIS3MxVFMtV3dsVTBHc0Z3b01mWTRDUmNOalV1dy1hM0w5UUx4NS1fMlI3QUxwNkNRNVhKVlAxZ2pnaHNmVWtGcDhNSS1YYktyZQ?oc=5,"Mon, 17 Aug 2026 07:00:00 GMT",2026-09-04T09:03:58+09:00
GoogleNews:食　トレンド,食　トレンド,月刊「食品 新製品トレンド」2026年6月号 進化する菓子が大盛り上がり！ 多彩なコラボで物価高に打ち勝て - 日本食糧新聞・電子版,https://news.google.com/rss/articles/CBMiaEFVX3lxTFBNR01lZ3pPeDN4VlYtQlFZVnZaSXZqUUN6T0t4ZUMwMVBHQUgwU1dIX1hSQnhvdGZHazF2NGtldDZyOHd4OEh1bjZrcHpCaWM1b0N6YnhoQms5M2hURkp5YTdITDgtYXZu?oc=5,"Mon, 22 Jun 2026 07:00:00 GMT",2026-09-04T09:03:58+09:00
GoogleNews:食　トレンド,食　トレンド,【味の素】今夏「猛暑食トレンド」 調理工程・味わい軽い 「オフ飯」＆刺激的・満足感「オン飯」のスイッチ - オトナンサー,https://news.google.com/rss/articles/CBMiSkFVX3lxTE5Da3JHUGd5M1h1bHVwZlFkeUJhOEFZX1NCVzZWV3R3Q3R1MjFsZjI2WDJsMUprWW9SWGp4R3JfcW5jQWpCb3VsenVB?oc=5,"Sun, 17 May 2026 07:00:00 GMT",2026-09-04T09:03:58+09:00
GoogleNews:食　トレンド,食　トレンド,【味の素】2026年夏の食トレンド「オン・オフを切り替えるスイッチメシ」とは? - 猛暑を乗り切る異国料理や火や油を使わないメニューを提案 - マイナビニュース,https://news.google.com/rss/articles/CBMiXEFVX3lxTE02WmtKU25PelVTdE5uLVJ6clpfOFkySm9ycXh3WXRNTjA1aUFISExpdkpEWGdoaGlNSHlHTGd1bDEtWTlxY3ZPcDR6Q3FqTjVjYlpmalhnRGxjMGVz?oc=5,"Mon, 18 May 2026 07:00:00 GMT",2026-09-04T09:03:58+09:00
GoogleNews:食　トレンド,食　トレンド,「アサイー」継続、「ハイボール」は高級化へ。経営者が予測する2026年の食トレンドとメニュー戦略 - 飲食店ドットコム,https://news.google.com/rss/articles/CBMiY0FVX3lxTE1Ub0t6Y2JmNkk0R2hyRU5IVTloV1VaRXNXLWJTSkxjOExyYjRCTjBKbVpzSExZby1iR3czVXl3MmJsclFtcWYzS29QTkFJWXVvcW1SWThFOVVKSjRDYVRLUk9kQQ?oc=5,"Thu, 08 Jan 2026 08:00:00 GMT",2026-09-04T09:03:58+09:00
GoogleNews:食　トレンド,食　トレンド,１回の食事で様々な食感「サクもち」や「パリとろ」がトレンド “ハイブリット食感”の食事に注目！ - Yahoo!ニュース,https://news.google.com/rss/articles/CBMif0FVX3lxTE5lTWNEUVhpOEUyd1BSWm1vbXhiSjdVVWF6YUNTVkg0bFRUMXhsSmFWNG5SN0FfVy1MamlMX3lsVXlMUXU4U1l6d1JPNTRKUmlNaXNMQ1pVaU5ueFVpSEFTTnUzSkdzY3BBY1lhcHJhUjFWc0VOajJOd29TeXM2bUE?oc=5,"Wed, 15 Jul 2026 07:00:00 GMT",2026-09-04T09:03:58+09:00
GoogleNews:食　トレンド,食　トレンド,夏の相棒「そうめん」も“生”がトレンド？モチモチ食感がクセに 個性豊かなアレンジ術も【Nスタ】 - TBS NEWS DIG,https://news.google.com/rss/articles/CBMiV0FVX3lxTE9ydzk4VzFzM0hSSDRFWHNvNURhR0VHbkdDYXc4cHFKbmMzYXU2N2tyQnJ0VGN1cXY2ZllkSmhiQ1RjS1NjTjNGaVVXZWZ4WXdsOWt3TUE4WQ?oc=5,"Mon, 18 May 2026 07:00:00 GMT",2026-09-04T09:03:58+09:00
GoogleNews:食　トレンド,食　トレンド,ミツカン参入の背徳市場が首位 ECに効く6月記事ランキング - 日経クロストレンド,https://news.google.com/rss/articles/CBMiZkFVX3lxTE1TM0d4MUFZQlVkOVZqeGxtaS1jYUNpZEhQRWxTbGZoTjF0X2I1S3ZzY2UxdHJwV1NjZ09wakNOb29PUEFscDJ1QzF1LTdZUWJyS1pzbWw2Q0xFcmRxbkxLMW9IZ0l0dw?oc=5,"Fri, 03 Jul 2026 07:00:00 GMT",2026-09-04T09:03:58+09:00
GoogleNews:食　トレンド,食　トレンド,【おにぎりトレンド予測2026】2026年、おにぎりは「世界に広がり、価格で役割が分かれ、一個で食事を完結させる食」へ進化する - PR TIMES,https://news.google.com/rss/articles/CBMiakFVX3lxTE9NNHlfMnRBSkJ4NjFsSnVoaUE0bGRaS3hLa2JmTkl0QXNOZDZ2Z2tmbnF4TzRVcGxYSUtSUHg0eWJRalRma0drMm5WcXhtWVpteHlGaDVQNEc4blJWNEMtUUV4MVNXdDI0OVE?oc=5,"Tue, 27 Jan 2026 08:00:00 GMT",2026-09-04T09:03:58+09:00
GoogleNews:食　トレンド,食　トレンド,Ｚ世代が選ぶ2026年注目トレンド「SHIBUYA109 lab.トレンド予測2026」 - PR TIMES,https://news.google.com/rss/articles/CBMiakFVX3lxTFB2RkYwSTZzLVdBMWhDVkRjYkhsVE10TjR5RGlLcGs1ZE4tcnhWSVJMZHRFVGxqRG9uSlo3LUdHSjdkcVJmdGcyU1k4SzlOM21LZnFOYmdkd2JWUWhaem5FNjFDQUR3Ym5rSmc?oc=5,"Tue, 09 Dec 2025 08:00:00 GMT",2026-09-04T09:03:58+09:00
GoogleNews:食　トレンド,食　トレンド,ミツカンも参入、「背徳市場」が急拡大 健康志向と真逆の新トレンド - 日経クロストレンド,https://news.google.com/rss/articles/CBMib0FVX3lxTE5qTTR4ZW9Gb1RvMGxGRU5UNTFlYzd0a21hREdOM2t6Q19GYVdkOXNPNk13dXdPR05QWjFFR1pwY1JEazJ1bUdRc1ZDMDhwZFp2R0RXWDBDLVN0X1l1TWx6UzdGMC1VR3R3c0wxUzJxMA?oc=5,"Thu, 11 Jun 2026 07:00:00 GMT",2026-09-04T09:03:58+09:00
GoogleNews:食　トレンド,食　トレンド,2025年の食トレンドは「自由」と「ノスタルジー」 消費者ニーズの二極化 - Forbes JAPAN,https://news.google.com/rss/articles/CBMiWEFVX3lxTE50blU4cXE2Y2NWRkl3a1BCWVRZOURITjNRcWFhSWU2Mk9HWU1HRzBpNmFiRlpKcEExVWFReTgtMzdEQXFjalVSLWJPcm9VZHdVOUN0bVF3N3U?oc=5,"Tue, 23 Dec 2025 08:00:00 GMT",2026-09-04T09:03:58+09:00
GoogleNews:食　トレンド,食　トレンド,食の最新トレンドは「スウィーシー」アジア最大級の食の展示会開幕 “氷のいらない”かき氷機も【Nスタ解説】 - TBS NEWS DIG,https://news.google.com/rss/articles/CBMiV0FVX3lxTE1iZVVTUTRTd1Bfay1IMEJBUWNFajQ4ZmZ5M1dHcmEyY05mMkx4ZTV6OUpBTE93VmJXYnJ2RHc0eWZmSkh1WEllT1RVVXQzeGp4LV9jNEJGMA?oc=5,"Tue, 10 Mar 2026 07:00:00 GMT",2026-09-04T09:03:58+09:00
GoogleNews:食　トレンド,食　トレンド,【2026年食トレンド：ビリヤニ②】前日予約してでも食べたい！土鍋で炊き上げる至福の一皿『カレーアパート ニュートキワ』（福岡市早良区） - KBC九州朝日放送,https://news.google.com/rss/articles/CBMiTkFVX3lxTE5KRXlEbENWMVVsckFnTHpuVUQtOVU2Q3lQaG1qOFRtT1A0VjV1d3RHcHo1TE9UNUxFd2hRWHRWZ2pLN29vOThQa0FsSk8xUQ?oc=5,"Sat, 10 Jan 2026 08:00:00 GMT",2026-09-04T09:03:58+09:00
GoogleNews:食　トレンド,食　トレンド,味の素 猛暑には「オン⇔オフ スイッチ飯」を 「麻辣混ぜそば」「氷点下そうめん」提案（食品新聞） - Yahoo!ニュース,https://news.google.com/rss/articles/CBMif0FVX3lxTE9QeDM4QWJFUkVZMHVKSmJjWWJaX0Q4a3Q2Wm5VbFQ4ck9SaFdaYmpTTW1xTm9hLWFFT0VyRFdldGdEa1M1aGdIMlBibXpTUkRoYVVOUDRjZjhRd1J3NnVfc3VFUXhsM0pmOGEyckVVZEdybG1YZjVGUWVkMDZOZVE?oc=5,"Wed, 20 May 2026 07:00:00 GMT",2026-09-04T09:03:58+09:00
GoogleNews:食　トレンド,食　トレンド,牛ひき肉と白米だけ。Z世代男性に広がる「ボーイ・キブル」 - TABI LABO,https://news.google.com/rss/articles/CBMibEFVX3lxTFB0VVlHNVc5Tjl6ektILS1mT2RJb1ZWd3M5Tm9lYVBvdGZuWGxXWVdReTNTMF9CWFlaMkNMb3dqVGFxOUlVRXd0RTcySl9xc1lfRUd3U0hIN2Q5d0xRU2ppWFJ0V2VYLWgyQVJWMQ?oc=5,"Wed, 15 Apr 2026 07:00:00 GMT",2026-09-04T09:03:58+09:00
GoogleNews:食　トレンド,食　トレンド,【ミヨシ油脂】「2026年食のトレンド予測・ラーメン編」発表、消費者が求めるのは濃い味、リピート購入を生むカギは「濃厚感」の表現 - PR TIMES,https://news.google.com/rss/articles/CBMiakFVX3lxTE9GNTdpX2hvc0JfX2ZIN09mWnFWcnkzWnBocGV5NzVZNGxfYWpNTjY5cmNmLXJsX3FrX2tiWHR2MHd2SVhfTFJ0Y2JzQmdnUUdZbHhHeHl5S29tLWRDY3hxZ3dkWG1SdHZjeXc?oc=5,"Wed, 28 Jan 2026 08:00:00 GMT",2026-09-04T09:03:58+09:00
GoogleNews:食　トレンド,食　トレンド,外食・中食マーケットトレンド無料オンデマンドウェブセミナー2026年7月 - npdjapan.com,https://news.google.com/rss/articles/CBMiZEFVX3lxTFBVang1QnMzeVpCN2JDN29qZWx1aEFGejVDZlM3UldwOHlGazRBV2wzMlkyaXl2OW5GSWpuVnRRT1NEeG92V214eHo3Mzh4VXNsU0N3SEg4Smo5bEJpTm9qN2xwSHc?oc=5,"Mon, 29 Jun 2026 07:00:00 GMT",2026-09-04T09:03:58+09:00
GoogleNews:食　トレンド,食　トレンド,月刊「食品新製品トレンド」2026年3月号 26年春の新提案が勢揃い！家庭内調理を［ラク］に［おいしく］ - 日本食糧新聞・電子版,https://news.google.com/rss/articles/CBMiaEFVX3lxTE14QmpKUk5vckREYlEwNkhQSF8tUDNsVmRpTkM0MDNqLXFVZ3h0UHV3NkZvRlRrdjZlaWdxbTFCVXp5UmwyaFJGRFN5dGFYTlhSd19Tbm96Y2xtSEFTY0k4OXNpOVdxeGxO?oc=5,"Fri, 20 Feb 2026 00:31:38 GMT",2026-09-04T09:03:58+09:00
GoogleNews:食　トレンド,食　トレンド,2025年の食トレンドを振り返り、2026年のトレンドを予測！ 『デリッシュキッチン』がマーケター向け無料ウェビナーを開催！ - PR TIMES,https://news.google.com/rss/articles/CBMiakFVX3lxTE80YTF3bFFSZHk3QmNNU1RaT1JoUWhmTGpGTFU0VXgwNHc4RUMwb09LamtES18yN1pPYmtwRnRUZWRoYVhhV3ZyMDgzeXZVeEk3ZEMzZDdCYV9vWHdaR0RSaExlakExSWtQbXc?oc=5,"Thu, 04 Dec 2025 08:00:00 GMT",2026-09-04T09:03:58+09:00
GoogleNews:食　トレンド,食　トレンド,背景に「止まらない物価上昇」。 2026年スーパーマーケットグルメのトレンドは「コスパ・プチ贅沢」がキーワード - PR TIMES,https://news.google.com/rss/articles/CBMiakFVX3lxTE5POGZJYWdycDhrUjNXZTZjTTZXU2V3N19iei1OUHpaeGdrNGZGR2JDVktGWEstU2hxRlBqLUd3bzJRWU9IWDduVU92b1BSdVI1YXNrc3FqdE5WR3hLN3BTWWN1OGt6RmN0QkE?oc=5,"Tue, 20 Jan 2026 08:00:00 GMT",2026-09-04T09:03:58+09:00
GoogleNews:食　トレンド,食　トレンド,食のトレンドは「手軽＋日々の健康」がキーワード！手軽に健康を意識した料理で自分を労わる、新たな食のスタイルに注目 - TOKYO MX,https://news.google.com/rss/articles/CBMiZEFVX3lxTE10a2NWbHI1OGxKUGJCbm1YR2J1eWI3UHBlMDBHbFBzekhQbW5mRGpVVlFSX3dsOFYzNzdrQUNRdmVOUjFiT3ZYZmhpalRxaUJxb3d0UDJpLXJQa2tWOHkzM0doZTg?oc=5,"Thu, 29 Jan 2026 08:00:00 GMT",2026-09-04T09:03:58+09:00
GoogleNews:食　トレンド,食　トレンド,-2026年 トレンド米粉グルメ- パン部門：クルトシュ スイーツ部門：米粉ドーナツ ニューウェーブ部門：ライスミルクプロテイン・米粉ベーグルサンド | 株式会社ぐるなびのプレスリリース - PR TIMES,https://news.google.com/rss/articles/CBMiakFVX3lxTE81QWNXNnFIdlBHQkVZSGt4enQ3akp1MzVIdWZDbk5YanltVVRTNkJRb1QyajlYMnVPNVVjU2xpVE4yM1k0MEdPRmFrT05lWWFLSUxYQnNfbmJ3NXM4TnZMb0tiNkEtR3EwdlE?oc=5,"Fri, 27 Feb 2026 08:00:00 GMT",2026-09-04T09:03:58+09:00
GoogleNews:食　トレンド,食　トレンド,最新トレンドパン『クロッチ』実食！クロワッサン×お餅の“パリパリ×もちもち”が新食感（あかし） - エキスパート - Yahoo!ニュース,https://news.google.com/rss/articles/CBMiiAFBVV95cUxNZ0pwUU9IelZkT25FTFd5MkhTRWttUElBX183Q21uVzdwQXAxUEM1cTg3S1hNZEhDRkNWOVcxY2V3dXloVktqcktCMF9MbWcwaDRrblFQUzVfTkkzbDVxWXV5c0tnVk1IZVc5VlhNZjBwNWJjcWJrR3ZEUW5wVXdyd0l0c25FTmhv?oc=5,"Mon, 20 Apr 2026 07:00:00 GMT",2026-09-04T09:03:58+09:00
GoogleNews:食　トレンド,食　トレンド,【セブン-イレブン】韓国トレンド菓子パン『餅っと食感クロッチ 黒蜜きなこ』を正直レビュー（木南きなこ） - エキスパート - Yahoo!ニュース,https://news.google.com/rss/articles/CBMiiAFBVV95cUxOajc5cFY4aUt1elU3dXR1RnBCSFpRYURGN090enppNHFTU1JNV0prYTVsbERYc3QtZC1TbTlPZ1VqRXV6QW9VR2Z0MS1ydnR2VDJrTDZXTUE5LVFHRUNxdmZuNjNKQkpueU8tM0hURjY5T0NUNFMyeWhZM1dsRGktWmxaYlhYM2dT?oc=5,"Thu, 11 Jun 2026 07:00:00 GMT",2026-09-04T09:03:58+09:00
GoogleNews:食　トレンド,食　トレンド,今年の“食トレンド大賞”が発表 SNSでも話題の『ワンプレートせいろ』とは（2025年11月27日掲載）｜日テレNEWS NNN - 日テレNEWS NNN,https://news.google.com/rss/articles/CBMifEFVX3lxTE5JSWE4eUZ4eld2cGo0dm41ZVI3T0JUOWlpMkZmdXU5SnJfcTNZOGRyZklYcWlRejd0TDNMWlBjYUE2d1FZQWx6Zkc4aXhZdjB2cEhSeTl2RmxUdHpVWlZoLVBrSzFJUzZfbFlxQ1JfeE9zUFNBdUdtMmstYTU?oc=5,"Thu, 27 Nov 2025 08:00:00 GMT",2026-09-04T09:03:58+09:00
GoogleNews:食　トレンド,食　トレンド,2025年流行グルメ調査結果を発表！ 今年を象徴する食関連のニュース・ワードは「米騒動」「サンマ“豊漁”」 - ホットペッパーグルメ,https://news.google.com/rss/articles/CBMiaEFVX3lxTFB6NDd2RlVVUXVCUWwzVzEtTG1Dd1ZUajNCb3FRWm01eDM1Z0xOLXpMOGxweHdHaGswcmh4cTktbW1lbkZvLWFTZjBDbGtRZG5ETHhPamJsRS1YdHNNNHdXd1dyMGFKa2JX?oc=5,"Tue, 13 Jan 2026 08:00:00 GMT",2026-09-04T09:03:58+09:00
GoogleNews:食　トレンド,食　トレンド,食市場の未来を先取り！「食の最新トレンドキーワード2026」で企画・商品開発の感度を高めるヒントをつかむ3時間 オンラインセミナー2月25日開催 株式会社マーケティング研究協会 - PR TIMES,https://news.google.com/rss/articles/CBMiakFVX3lxTE9iQ2JLMEVaLVVocU5jem5LZHdOeWZGajcwdXctXzE0WmpocFM1bGltSVczS3VfNlRKdllOR0NjOFVfVFdXdmVRbnZ3VHplYUdzWk5ydnhTWGQ0Y2d2dXBqSFpVUjItMzlkWmc?oc=5,"Fri, 30 Jan 2026 08:00:00 GMT",2026-09-04T09:03:58+09:00
GoogleNews:食　トレンド,食　トレンド,ハーゲンダッツが“らしくない”限定品 「ザクッ」「硬ッ」食感を強調 - 日経クロストレンド,https://news.google.com/rss/articles/CBMiakFVX3lxTE9LTTlOdGRuUkJ1WE1xSkRMbHZmUWJSa0xUNF9NZ3VYRElKZFJNM2RfMUtzcERFTFVCZ2VKRF8yOUxOQkEtaUxxMmpDSTlpQ1RsT2IyT0ZXa3B4YnAyM3VmM0JhT2FwYUhiM0E?oc=5,"Mon, 30 Mar 2026 07:00:00 GMT",2026-09-04T09:03:58+09:00
GoogleNews:食　トレンド,食　トレンド,「飴にヒ素、牛乳にチョーク」数千人の命を奪った悲劇も。アメリカ史に残る“ヤバすぎる”危険食品たち - Women's Health,https://news.google.com/rss/articles/CBMioAFBVV95cUxQYklFQ1dpZ0dUMXVKUWc2Q2F4UXVya0FOOWRWbDJVbHZCcmdWYjNmYzdWS2tGNU9OYnpEQ0tCMndZVkgwQVpLWnhrOUNvbndXRmNKbFdhZDFwbVJUN0thMmFINHpieVhNQTdyRFFkMC1QYWpoazlFVURqUlRaaGhaOTRCczZmdUNjeDZpVDZaeUFnVVdqYVB1WWVuclAxX0kz?oc=5,"Fri, 10 Jul 2026 07:00:00 GMT",2026-09-04T09:03:58+09:00
GoogleNews:食　トレンド,食　トレンド,2026年「食トレンド予測」を『デリッシュキッチン』が発表！次にくるのは「AIフード」「進化系こんにゃく」「指定野菜 ブロッコリー」？！ - フーズチャネル,https://news.google.com/rss/articles/CBMiVkFVX3lxTE9vaHoya1AwOFFKVHY3alBVTmtvN2lyREs3Z1BxV04wMkJLS2drQjZQb2tNRjJRT2FmRE53TXRnUENmblhOQXlQalJSY1BQc1IyMkluSGNR?oc=5,"Thu, 27 Nov 2025 08:00:00 GMT",2026-09-04T09:03:58+09:00
GoogleNews:食　トレンド,食　トレンド,激辛トレンドの次は「スウィーシー・スワンジー・フライシー」Z世代注目の「多層的で奥行きのある辛味」 #エキスパートトピ - Yahoo!ニュース,https://news.google.com/rss/articles/CBMiiAFBVV95cUxNb3YtZzRoMGhkSmRpMThyUktqeGYySk56RFotZWhadGRqYWxweEF2aFo1MDU1QWM2a1E0YnpNamJSZnFTZkROcVFHZHlWYXM2SkUxSWhZUUpReGgxUjI3c21McW5XeC1RNDhtY0laM1V5WGF3bVRJU2tsQUlGcU1EUFh5RkpaOV9I?oc=5,"Wed, 15 Apr 2026 07:00:00 GMT",2026-09-04T09:03:58+09:00
GoogleNews:食　トレンド,食　トレンド,【ミヨシ油脂】「食のトレンド予測2026年版ー中食・総菜ー」発表、消費者は日常の食事で満たされることを重視、お腹も心も満たせる「幸腹感」がカギ - PR TIMES,https://news.google.com/rss/articles/CBMiakFVX3lxTE1kUjlIWXlMUVhjWm5UVzlZMUtRYTlEN3gxNTlHSzRZZlZjQzBBcTRpekFNNUkzMDcxYUtCT3k0WkZMamNWd0U4NG9oWG9HU0ludzJScjFPbUpJMFdYeEI3ZzVMVUh6QVI1aVE?oc=5,"Thu, 11 Dec 2025 08:00:00 GMT",2026-09-04T09:03:58+09:00
GoogleNews:食　トレンド,食　トレンド,「ふわふわ食パン」はもう古い？ 世界でブームの“腸活パン”とは。2026年に流行る食トレンド予測 - Women's Health,https://news.google.com/rss/articles/CBMimAFBVV95cUxNZGhaZWdjU0dLYUtkT1U1WGNicGpnNjFzN3JTNWZ3dFNodlFhVm9TSXQwWFF6dGNxeXVMWHpuX0dDaV95RTMzLVpwWEJrbEg4ZTZSaWYxNXpyQjZycElTWTl1eHlWT3YyX3JCanBFM2NIRlFoQVEtWFkxU25lZ3FPWmJHRnZEaFI5by1seUVhS0gwQXV0VF9XeA?oc=5,"Sat, 20 Dec 2025 08:00:00 GMT",2026-09-04T09:03:58+09:00
GoogleNews:健康　栄養,健康　栄養,グミ市場 栄養軸に新領域へ “おいしく健康に”急成長 - 日本食糧新聞・電子版,https://news.google.com/rss/articles/CBMiZ0FVX3lxTE15OE5mX2c2a1ZOcGNIZkxFUEdnajlnYkVTbzNuVXE5YzYwVzVxc0ZuclBHQU9xLW9LV0NHRHRBODUzd1dhS2hYNlRFcWZWWWNLSmNpQzhXQVVjUzJRdnctOEZnWjBfNkk?oc=5,"Thu, 03 Sep 2026 15:07:31 GMT",2026-09-04T09:04:00+09:00
GoogleNews:健康　栄養,健康　栄養,ご挨拶（国立健康・栄養研究所 所長） - nibn.go.jp,https://news.google.com/rss/articles/CBMiakFVX3lxTFA2OXVaZ1ozZm1uTUc2ZHpDSmxjNTRaYVlDdmlfcDZ2akZBR08ycTBNMEtwTVBHZ2E0X0U5ZUxHM2ozRVJSc01NQ2NRbXg3Y2tvZF8yTkk1WFI3bnZwUnRwUC1VSTRlX1RLeXc?oc=5,"Tue, 31 Mar 2026 18:07:57 GMT",2026-09-04T09:04:00+09:00
GoogleNews:健康　栄養,健康　栄養,地域・職域の取組（栄養・健康増進）について - pref.saitama.lg.jp,https://news.google.com/rss/articles/CBMifEFVX3lxTE5tSVZtcFdDTEd3SFRJclBJZ0txb25RVTZ1SFpfeUF5bXRTT0dxSzBDeUFoYmhmSFdNblU4UUxGNWxnUnNHWTlyS211dHpUWDloYlFlNmRHU0hKbGxpc1FhTUhyNjhhRExRNGtLeDFUaXktTGh1Q2FoTjFCczU?oc=5,"Wed, 19 Aug 2026 07:00:00 GMT",2026-09-04T09:04:00+09:00
GoogleNews:健康　栄養,健康　栄養,和光市中央公民館で開催された「夏フェス2026」に本学プラスちゃんくらぶと健康栄養学科 伊藤ゼミが参加しました - jumonji-u.ac.jp,https://news.google.com/rss/articles/CBMiWkFVX3lxTE1nVDEtNnVId2hMMjkwRUtIeHI0Z1FJeldpdzRLUVF4SmRUVjJOTjhXazdKd3U2VUIwVnRmYk1PUG56YW5GRmQya2xHV2NILUdxWkNnOHdGZEhaQQ?oc=5,"Mon, 24 Aug 2026 00:15:16 GMT",2026-09-04T09:04:00+09:00
GoogleNews:健康　栄養,健康　栄養,測ってみよう！生活習慣・健康状態見える化チャレンジ - pref.kagawa.lg.jp,https://news.google.com/rss/articles/CBMigAFBVV95cUxPRlBQYTF4ekFYeU1jZUpqNFNGR3QweFNoSWtxZ3NfbzNqT0k2UzRSNzcwU2JQUTdaQ3hlWVI1QmlWdEJlSVRMWno1YmtVY3hpd1BFMExIWDRLN2tuRGlaajFQY1RFSGpoQWs4Z1JZRURVWXNPZjhpbHYtV2FZQ2c2eA?oc=5,"Mon, 17 Aug 2026 07:00:00 GMT",2026-09-04T09:04:00+09:00
GoogleNews:健康　栄養,健康　栄養,《医師・歯科医師・薬剤師向け》 無料オンラインセミナー9/13(日)朝10時開催 『Precision Nutrition時代における 腸内環境研究と健康医療への展開』 國澤 純 先生 (国立研究開発法人 医薬基盤・健康・栄養研究所 / 副所長) - Newscast.jp,https://news.google.com/rss/articles/CBMiT0FVX3lxTFBRXzZaNWNoZzEtYUxIbWRqZk1wWnd3eDB0b2VDVzdMRHVmbmJ0SkVvQ3dmbXZ0U3lNUUpfTlU3M2hZeEJ5bVJRZFkxUnZtZlU?oc=5,"Fri, 28 Aug 2026 03:00:00 GMT",2026-09-04T09:04:00+09:00
GoogleNews:健康　栄養,健康　栄養,【生活デザイン学科・健康栄養学科】産学連携プロジェクトでデリア食品株式会社を訪問しました - 相模女子大学,https://news.google.com/rss/articles/CBMiWEFVX3lxTE5rN0xPXzRZWlFrWnNfTVVldk5JeGt0azl4TnVjT0dJbzRqVU1tdWVJdHpSbjVQNWJmYzd4aFppS1EwMWdMOXZaX1Utbm1XYVplMEFaeEZpcXE?oc=5,"Wed, 22 Jul 2026 07:00:00 GMT",2026-09-04T09:04:00+09:00
GoogleNews:健康　栄養,健康　栄養,「令和8年度スポーツ栄養のための人材育成研修会」を開催します！ - pref.gunma.jp,https://news.google.com/rss/articles/CBMiYEFVX3lxTE52T0c0VlBGZGt4SWxoUFFya0tfUEh0dFNFOGtSR3hvT3IwdTVvQlkyWm1wWW5YdzZFLVZpT19icG5nX0g1M000SzJmSnJhOEt5dFpWMHJyVnRrdFN5azRPbA?oc=5,"Tue, 14 Jul 2026 02:04:19 GMT",2026-09-04T09:04:00+09:00
GoogleNews:健康　栄養,健康　栄養,国立研究開発法人医薬基盤・健康・栄養研究所 国立健康・栄養研究所セミナーを開催します - PR TIMES,https://news.google.com/rss/articles/CBMiakFVX3lxTE1oUk55UjRXMDhOLUpMcmxQTXRLcmVWcXFrU2RVTE8xNWtLSU9TM1NSRFp5aFVEakJpSnJmUTAyQkhCZGNKMDR6U2ZXREdlOVF4NHc4b2tuMmpGTE8tcWRPVDJPQUE5M2xtSWc?oc=5,"Thu, 26 Mar 2026 07:00:00 GMT",2026-09-04T09:04:00+09:00
GoogleNews:健康　栄養,健康　栄養,水分補給、コーヒーや緑茶でも大丈夫？ 西九州大健康栄養学科・福山隆志学科長に聞く 利尿作用あるが…専門家の答えは - 佐賀新聞,https://news.google.com/rss/articles/CBMiVkFVX3lxTE8yaXBIYndYblZxVS1mM21RNEc4VU5nWjN4T05oQ2JZY20wUHJJQUE3Vms4cVR5bF8zVzVDN3ZHcmR4d2hIenRKZmhhdEV4OV9PQ2lwRXNB?oc=5,"Sun, 12 Jul 2026 07:00:00 GMT",2026-09-04T09:04:00+09:00
GoogleNews:健康　栄養,健康　栄養,国民健康・栄養調査（神戸市） - city.kobe.lg.jp,https://news.google.com/rss/articles/CBMiXEFVX3lxTE1wcWs1ZG9maG1vX1YzelBjWHY5dVdkb3JGeVdYNFJxc2d6b0h6MTQ0ZDNIbV8ydjZfcmNZb1ZrOUhnV3R4YTZ0QzJqTC1KbkF3QlN4QjAxaW9hcnpm?oc=5,"Wed, 08 Oct 2025 07:00:00 GMT",2026-09-04T09:04:00+09:00
GoogleNews:健康　栄養,健康　栄養,味の素「アミノバイタル」と商標ライセンス契約／サントリービバレッジ&フード - フードウイークリーWEB,https://news.google.com/rss/articles/CBMiT0FVX3lxTE13c3hZZ3JFWHJQNFRVSTdFRHQ1S3JnMHZ3S0oxN3FPSGhuNUVROF9LLVpJS1gtdmVjb01mTm1WTzZGczRyNXA0MXpScENnLTQ?oc=5,"Mon, 31 Aug 2026 08:07:50 GMT",2026-09-04T09:04:00+09:00
GoogleNews:健康　栄養,健康　栄養,【村上】食品の健康・栄養に関する表示等について - pref.niigata.lg.jp,https://news.google.com/rss/articles/CBMieEFVX3lxTE9rNDJsV2xjejVHS2VFSUk2bDhNVFZ4ajBpSmtIaUxIbllxQkVvMFZnUVM3UEdHYlRwX1g3UGU3N2hJSGZFeTd1elhibEhWNEU0bW51b0hVcGtfYzNLQVNXR01EYnRDaTFvSkpMSzRHbGpEOFFQb0JhRg?oc=5,"Tue, 06 Jan 2026 08:00:00 GMT",2026-09-04T09:04:00+09:00
GoogleNews:健康　栄養,健康　栄養,"「糖尿病が強く疑われる人」は推計1,100万人―「国民健康・栄養調査」｜ニュース - dm-net.co.jp",https://news.google.com/rss/articles/CBMiWEFVX3lxTE5ON3AyQkN2cUpncXphRlNPSzltRGhvWmp5c0ExdUNvZEdmMW0xR2xrci1PS2pMc2taOHAzN1lVeVYwajBGOHZUWmJKc2lPRmFFWl9aZGxzVmg?oc=5,"Fri, 16 Jan 2026 08:00:00 GMT",2026-09-04T09:04:00+09:00
GoogleNews:健康　栄養,健康　栄養,国立健康・栄養研究所の畑本陽一先生をお招きし、講義を行っていただきました！ | ニュース一覧 | スポーツ健康科学研究科 - ritsumei.ac.jp,https://news.google.com/rss/articles/CBMiZEFVX3lxTE43OVpGUGNadDZhTXdWR2hzeUtQcjZzT0JTOWVEeVhuaEJhSDJLTkQ4cFNSaTlLX2lxUDFuX2c1b2RNQlNIUDA1VHdOZzcwbFZLVzQ4VlNSVDJCTDF4N2pGVFN5R2s?oc=5,"Tue, 30 Jun 2026 07:59:58 GMT",2026-09-04T09:04:00+09:00
GoogleNews:健康　栄養,健康　栄養,同じ食事内容でも吸収されるエネルギーは異なる？ | 国立研究開発法人医薬基盤・健康・栄養研究所のプレスリリース - PR TIMES,https://news.google.com/rss/articles/CBMiakFVX3lxTE16S1ZOLWxwaDZUWlQ5dTdxekdDUi1ySnJGYzFXT25HbU13WHkzWC1rempFQW5iTk82d19UWVd6MDVMSmgtbERJTG9MZlA2OF82RHdUYm1Hc19SUzc0b3I0N0xjblZDQzdzLXc?oc=5,"Mon, 02 Mar 2026 08:00:00 GMT",2026-09-04T09:04:00+09:00
GoogleNews:健康　栄養,健康　栄養,【授業レポート】健康栄養学科『キャリアデザイン入門』で株式会社LEOCに勤務する卒業生が特別講義を行いました - jumonji-u.ac.jp,https://news.google.com/rss/articles/CBMiYEFVX3lxTE9tQUpHNS1memIwVU9wY0FZd3dnekNsSzhNNVRjYjk3Z0kwb19lMWE3eEI2TVotSGg4V3h0bFF2b2pjY18xVEgxclhfRXBUQ0RkVmM2X1Z2ZFhEdWhxMHNXWQ?oc=5,"Thu, 23 Jul 2026 09:16:40 GMT",2026-09-04T09:04:00+09:00
GoogleNews:健康　栄養,健康　栄養,第１回健都チャレンジ・ アワードの受賞式を開催しました - nibn.go.jp,https://news.google.com/rss/articles/CBMiaEFVX3lxTE8yRkJxdERpUDFDVUV4REo5ZHpOSmZVVjFUSzNZdHZlYU5XazB1Q0ZIUzJ1MDQtYVNMbG03WEhSdmZzQTFaT1ViS0tJVkJyTHpjbjFmQi1welkzZk9FN3VQNFM5ZUloNmh6?oc=5,"Mon, 25 May 2026 07:00:00 GMT",2026-09-04T09:04:00+09:00
GoogleNews:健康　栄養,健康　栄養,国立健康・栄養研究所の畑本陽一先生をお招きし、講義を行っていただきました！ | ニュース | スポーツ健康科学研究科 - ritsumei.ac.jp,https://news.google.com/rss/articles/CBMickFVX3lxTFBId0dmd1o5c25lc3JYUnFtNXl0dDFUMDNtbm04NlBmb2NxX0xUT3FLNWRNb05NTmxuRU85ZGVhV2cxa1IxSUJhbm9JR2g5bXNwV04xWWw0OE80aDdFeW5VME9IUXVpRTBIWnYyQnVZclliQQ?oc=5,"Mon, 25 May 2026 01:06:52 GMT",2026-09-04T09:04:00+09:00
GoogleNews:健康　栄養,健康　栄養,【5/31（日）オープンキャンパス】健康栄養学科で体験！本格麻婆豆腐＆杏仁豆腐づくり - jumonji-u.ac.jp,https://news.google.com/rss/articles/CBMiYkFVX3lxTFBIN2x0X3pMZHNVTTJEUXZ3dWFBd0lXQXBZT0pnSUxheXd2ZkNPbk1DSW4wWXhrSFZtZS16aEJOTzV3enZlTHBmM1ZITXBlTEVtOXpidUZPbVZCcTgxTHllaHJR?oc=5,"Tue, 12 May 2026 04:28:37 GMT",2026-09-04T09:04:00+09:00
GoogleNews:健康　栄養,健康　栄養,栄養・健康づくり - pref.saitama.lg.jp,https://news.google.com/rss/articles/CBMiXkFVX3lxTE0zR2ludm11UHBkalBpMzQ4TzRKVzBsZTNkM2RvcHlQaFhSdHpCUjBER3dlMEdvbm91eWtOMGRQQlI0eHl6aG56MHJ0aS1TalpFT1ZvTlpwb1oxQ1l2T1E?oc=5,"Fri, 06 Feb 2026 08:00:00 GMT",2026-09-04T09:04:00+09:00
GoogleNews:健康　栄養,健康　栄養,「第17回浄見寺地元まつり」に健康栄養学部と学生ボランティア21名が参加しました／教育・研究 湘南 - bunkyo.ac.jp,https://news.google.com/rss/articles/CBMiakFVX3lxTE9WdHpfc2VKbF9DeGVBcktPMFRwYTYwa2F4eTRZRnN5eTJaODdTQVVETmRlb19xRFVpa0RtQUZZa2FicmhnbWZfU2NWMU4wTFZiZUw5YThLTnVqYUhJSWF1aUFkM0dfM0VKS3c?oc=5,"Thu, 23 Apr 2026 04:51:24 GMT",2026-09-04T09:04:00+09:00
GoogleNews:健康　栄養,健康　栄養,「健康と食、栄養に関する調査」結果を公開 - kokubu.co.jp,https://news.google.com/rss/articles/CBMiaEFVX3lxTFBzRnI2RmFzVWpvdmNYMzJ5czY3LVJ5ZGpQVG5ZN2gyQ3NUMklBakF5VDdlRnJGdmtlTi1VSS13T2dyOXBXN3BSc1FQV1FGSVFsWWotWnRvRWplamdPVEFnRVAxX3BNcTNC?oc=5,"Fri, 19 Dec 2025 08:00:00 GMT",2026-09-04T09:04:00+09:00
GoogleNews:健康　栄養,健康　栄養,【健康栄養学科】学科の魅力がぎゅっと詰まった！学生デザインのクリアファイル完成しました - jumonji-u.ac.jp,https://news.google.com/rss/articles/CBMiVkFVX3lxTE5VWXJDeG1Wc3pWRnNKVm9sTk54T0tGdmd0bjNGU2JjZjZRMmZUUWh2aGxZTVFUM3dNN0Vna2dUSFV6SFVscU16UGRkSUNnVEJlWHdHNEdR?oc=5,"Mon, 23 Mar 2026 07:00:00 GMT",2026-09-04T09:04:00+09:00
GoogleNews:健康　栄養,健康　栄養,同じ食事内容でも摂取エネルギーが減る「消化可能エネルギー」とは？ 食物繊維やナッツ類で低下するエネルギー吸収の実態 医薬基盤・健康・栄養研究所 - sndj-web.jp,https://news.google.com/rss/articles/CBMiS0FVX3lxTFBzdW54bHdiUV93VnA0WkptZVpVQWJ2SXFCM1oyNzhKZGV4Z1FKVHR2aWtBZU50LWF3azJSclVmVEhIdkVmWUpTTjJJUQ?oc=5,"Sun, 19 Apr 2026 07:00:00 GMT",2026-09-04T09:04:00+09:00
GoogleNews:健康　栄養,健康　栄養,-障がい者を対象に食と健康の意識調査を実施- - PR TIMES,https://news.google.com/rss/articles/CBMiakFVX3lxTE1LSWxtNVVJYW9QbG9GVHkwYkQ3SU1fS1VCTnJZeDVHRDM5aElEWlctVVVjMGFGMWdDOTNYZFpiMUlVZkprcUlUd1E2MkZMa19BWFBUTTNOOWdJQmFCNmE1R1g1eXB4a1VYVFE?oc=5,"Wed, 17 Jun 2026 07:00:00 GMT",2026-09-04T09:04:00+09:00
GoogleNews:健康　栄養,健康　栄養,食塩摂取量は平均9.6gとなり過去12年間で最低 令和6年「国民健康・栄養調査」②【栄養、身体活動、睡眠、飲酒、喫煙の状況】 - sndj-web.jp,https://news.google.com/rss/articles/CBMiS0FVX3lxTE1OTHdZbzE4SGRpdmtjZGVCZ1RQY1ZDVDVQQlBQN20zWG9QRTRLQkRnQWZPWnBZeHI0QWxyRlNKWlhPamp3aGhUNTlFQQ?oc=5,"Sat, 24 Jan 2026 08:00:00 GMT",2026-09-04T09:04:00+09:00
GoogleNews:健康　栄養,健康　栄養,「健康的な食事不可能に」 栄養価の高い食品、５年間に２５％上昇 国連機関：時事ドットコム - 時事ドットコム,https://news.google.com/rss/articles/CBMiY0FVX3lxTFBJTkdnZFQzazVOTkljei1WelkxWmkyZEVicnhaX3JxVVZFSzRMQ3RhSFZzY0RvbVRBTHVCOGRLU1lXNS1uZk1VdnlfSTl1TmtLRUFGanltbXlwd193bUdSUmRzYw?oc=5,"Wed, 05 Aug 2026 07:00:00 GMT",2026-09-04T09:04:00+09:00
GoogleNews:健康　栄養,健康　栄養,【講座】日本栄養大学との共同プロジェクト！食と健康のプランニングセミナー開催 - city.sakado.lg.jp,https://news.google.com/rss/articles/CBMiYEFVX3lxTE5hUzQwTmUxeHRFNUVtWDNTTWFGSmVZamM2cXRqVV8xSzJXWEVxbS1pVHRvR3VFZ2ZKTjJlcHBUaDNEZGlKQnZQQlg1ZnNJMXA2WElNQS15QjcweC04R29Beg?oc=5,"Fri, 24 Apr 2026 07:00:00 GMT",2026-09-04T09:04:00+09:00
GoogleNews:健康　栄養,健康　栄養,「ゼリア新薬」の「健康・栄養ドリンク」のランキング情報 - もぐナビ,https://news.google.com/rss/articles/CBMiT0FVX3lxTE1EWWFMM0VreWRHd2E4cnN0dkh5VkZYakdPY214QnVrc3E1cExMVW44UFh3aDRJeWFTVEF6ZUxaUUdJT2RiMExHZjZKOUNvbjQ?oc=5,"Sun, 30 Aug 2026 05:49:11 GMT",2026-09-04T09:04:00+09:00
GoogleNews:健康　栄養,健康　栄養,【活動レポート】B.LEAGUE Hope×日本生命 地域を元気に！バスケACTION「日本生命×愛知学院大学 健康栄養学科～べジチェックを活用した栄養教育～」を実施 - 名古屋ダイヤモンドドルフィンズ,https://news.google.com/rss/articles/CBMiaEFVX3lxTFBGSV9oZHVCVnZqeVcxNy03V2tSYmVJaFdTQlltNVg0NVRFWGZlZ2FVWGd1aUpzcVlpUkJ0b3piRnhraDJZbkJLZ0t1eDIxS0dtemJxVXc2Smd6VS12dEdtRXBCd2M0SFpO?oc=5,"Wed, 18 Mar 2026 07:00:00 GMT",2026-09-04T09:04:00+09:00
GoogleNews:健康　栄養,健康　栄養,歯列状態がフレイル重症度と関連し、食事の質がその関連を部分的に緩和 米国国民健康栄養調査 - sndj-web.jp,https://news.google.com/rss/articles/CBMiS0FVX3lxTE5QWHNSa3E5NjAyNTdKZkNVSnZqNVhuaHhYQ2dqOW54S2wtQUtJSTNtdVE4YkkxT182SW5zMnVZSlhPcDlTbncxbGhOcw?oc=5,"Fri, 22 May 2026 07:00:00 GMT",2026-09-04T09:04:00+09:00
GoogleNews:健康　栄養,健康　栄養,北九州市 減塩ガイドブック 第4版 - city.kitakyushu.lg.jp,https://news.google.com/rss/articles/CBMiZ0FVX3lxTE1ta3BURkZEY3IycmhvOUdsQzU1UnVudnJLTURaa1dCbTJrTldUS1otczJIWWNaMmZFZUFBRE1HVnh5Wjg4S01TaDh0UkVfV1BRQjhkbEczUUhSRE9NbkRDSWNiMGs4cGs?oc=5,"Mon, 06 Jul 2026 07:00:00 GMT",2026-09-04T09:04:00+09:00
GoogleNews:健康　栄養,健康　栄養,体力の変化や生活習慣を見直すきっかけに『くすのき健康栄養フェア2026』を開催 - Digital PR Platform,https://news.google.com/rss/articles/CBMiQ0FVX3lxTE93cTN6VXJWbVBUVzY3bWRTWDRnbVZXMWl0TXNWaHVmUnpoVnNZZ3N6bkxKaEhxR3pNOFJXZG5IaFhhNzg?oc=5,"Fri, 08 May 2026 07:00:00 GMT",2026-09-04T09:04:00+09:00
GoogleNews:健康　栄養,健康　栄養,【日本学国際研究所】紀伊國屋書店新宿本店「相模女子大学日本学国際研究所と学ぶ・知る・考える」vol.9『戦後日本人は何をどのように食べてきたのか？～国民健康・栄養調査結果から考える～』を開催します | 大学からのお知らせ | 相模女子大学・相模女子大学短期大学部 - 相模女子大学,https://news.google.com/rss/articles/CBMiWEFVX3lxTE9FT0Y3dW5EejMzTWhLQVJkYzdVUkgxWHRocmU0WF9tUTZhRzdBbjVJbHRzcm9Pc18yQUd0N3hZQ0V6U01FanprS2lKYWIyVnl0VHgtSFRZQXE?oc=5,"Mon, 22 Dec 2025 08:00:00 GMT",2026-09-04T09:04:00+09:00
GoogleNews:健康　栄養,健康　栄養,アスリートたちの健康とパフォーマンスの向上を目指しスポーツ栄養学の礎を築く『大学時報』SNDJ鈴木志保子理事長インタビューを公開 - sndj-web.jp,https://news.google.com/rss/articles/CBMiS0FVX3lxTE9ZTDhTdUFpbGhrQUhEdUY3dXlkRnBHdUswLWNBdFo2MmlIdy1fa1ZxZG8tYzNrOFc2NTR1aUdQUXFFWjdObXUzalowdw?oc=5,"Fri, 13 Feb 2026 08:00:00 GMT",2026-09-04T09:04:00+09:00
GoogleNews:健康　栄養,健康　栄養,葉山町との連携協定締結 - nibn.go.jp,https://news.google.com/rss/articles/CBMiX0FVX3lxTE9yb0dralA5UUItWm9nTGZtQmlNZU9UZFBtZGdmNG9mQXlmblFMMGtXZEl3TDdsNFBMZHRWeEZNd3FPRjh3U2ZodGZJTVlmSWV4ZFprTXBaRWF5QzdwTWRr?oc=5,"Mon, 06 Apr 2026 06:41:44 GMT",2026-09-04T09:04:00+09:00
GoogleNews:健康　栄養,健康　栄養,熱中症の初期症状に「個別認証型」の経口補水液を 日健栄協が呼びかけ - 健康メディア.com,https://news.google.com/rss/articles/CBMiZEFVX3lxTFBlSHFHUVVKNlBoVWQ1LVl6WEpnOVZQZVdoejZUNERiTDR3UnJRVTN4QVhXTUVsVXNqUUhaWnlocVZCZUZDbDFPWjdiSHVCMlRBaGRRdU85LVNBTElSRU9wNXV5eU8?oc=5,"Wed, 22 Apr 2026 07:00:00 GMT",2026-09-04T09:04:00+09:00
GoogleNews:健康　栄養,健康　栄養,栄養サプリ、取り過ぎ注意 日本人「2割」が過剰、健康リスクも - 毎日新聞,https://news.google.com/rss/articles/CBMiaEFVX3lxTE94dFJPTWpzSXRLYXhtSmtQYWZhYkswU192MW91QlFFSUhJQ1JuMm9DeXZOSTRwUjNkMHM5T3BqMjFVSk94V3Z5cFBELUd6eDZ4d1VLY3F1MzdhTE5oZ0dVODEtOXIzUWtQ?oc=5,"Tue, 07 Apr 2026 07:00:00 GMT",2026-09-04T09:04:00+09:00
GoogleNews:健康　栄養,健康　栄養,-第3回 食と健康の意識調査を実施- | 一般社団法人 日本最適化栄養食協会のプレスリリース - PR TIMES,https://news.google.com/rss/articles/CBMiakFVX3lxTE1hSjJxUktvSUgyT1M3RVlQZFBIMk9JdEVadzgzUk9laENxeUstNGRlc1Z6eTN0M3EzN25BT1o4TmdJaGk2bkx2S21rVmRQdmhnZ3FHXzZRZXhQbDM3cE01a0pqelJ5QjQ2d3c?oc=5,"Wed, 17 Jun 2026 07:00:00 GMT",2026-09-04T09:04:00+09:00
GoogleNews:健康　栄養,健康　栄養,シミュレーションによりヨーグルト※１の適量摂取※２に関連する ２ 型糖尿病と医療費の変化を試算 - nibn.go.jp,https://news.google.com/rss/articles/CBMiW0FVX3lxTFBSMEV5V0VNMDA1MlowbTdzZ3ctNWdCd0NEUHZWaUxKSndFZmRvVDJrd3RsTEZHeURNc3Z6U2NKWUFENDVKRUlYVVV3ZVdPLTNvUmVtTVItbzFNVFk?oc=5,"Mon, 29 Sep 2025 07:00:00 GMT",2026-09-04T09:04:00+09:00
GoogleNews:健康　栄養,健康　栄養,健康栄養学科の学生が「フルーツを使ったカフェメニューコンテスト」で優秀賞を受賞！学生考案レシピが期間限定でメニュー化・販売中 | TOPICS - jumonji-u.ac.jp,https://news.google.com/rss/articles/CBMiVkFVX3lxTE9HSjI2WTFmZ3phRWsxT2xjamRqMWdxazBIX2JEMk90TWNPaGhoWkZtYTZPRVBBZjlrODVfa2V5ZDVZRE9STEtlSFFnb0xJOVZmMDUyXy13?oc=5,"Thu, 19 Feb 2026 08:00:00 GMT",2026-09-04T09:04:00+09:00
GoogleNews:健康　栄養,健康　栄養,"キリングループ 栄養ポリシー | 健康 | KIRIN - キリンホールディングス株式会社 - Kirin Holdings Company, Limited",https://news.google.com/rss/articles/CBMikgFBVV95cUxQYzhKemNuNEtjTHNHOEFvOE1ySmJoejJuaXpPVW9Mc04wUGxqS2xLZ0xsdEluX1RfRjI0Z0JLSmpBZ3daV2QyM3JsM2RxYWlnNGc1VWVOMDhZZHJQMF9JQVJMVzNkYXJSbUtFbm5POHlEbzNLNUI1YjQ3eTJXbjQ1bkVJVUhFTnFlWVk2NkJLYzR4QQ?oc=5,"Thu, 26 Feb 2026 01:02:33 GMT",2026-09-04T09:04:00+09:00
GoogleNews:健康　栄養,健康　栄養,スポーツ健康科学部 - ritsumei.ac.jp,https://news.google.com/rss/articles/CBMibkFVX3lxTE5YcVR2UVFwZWJyRjR1My1sWHBiVVZDR2FnR1BwcnNBZmlhOGFaRk11WjlYQkJ6UDl4UngxSVVMQ3NpVTEycG80bjJteC1pbUNYcHVjMHBEZktLUjc3bnp3V0hZaDhEUGpaZ202THZR?oc=5,"Thu, 18 Jun 2026 07:00:00 GMT",2026-09-04T09:04:00+09:00
GoogleNews:健康　栄養,健康　栄養,日本栄養評議会、6月18日に勉強会開催 品質・安全性確保や健康食品のリスクマネジメントを学ぶ - ウェルネスデイリーニュース,https://news.google.com/rss/articles/CBMiVkFVX3lxTE1sMWZLMGJUam5fb2t3aXpPQjJkaVRjdkhIYXR3eUxiYjkxQXhPcmtDZnlEMzRPV1BEV3dqQi1FcC1xcEM1RVZlZjNwV1RfN0M2SENIUWdR?oc=5,"Wed, 27 May 2026 07:00:00 GMT",2026-09-04T09:04:00+09:00
GoogleNews:健康　栄養,健康　栄養,健康運動指導士認定試験結果報告【合格率76.9％！！】 - jumonji-u.ac.jp,https://news.google.com/rss/articles/CBMiVEFVX3lxTE9XOUdyY2ozZmgtVFVMOVJ4Vncxc3ZGZEM4N2xWdlZpajRCc3AtQ3NxeFlfRERuRmFYQjhFX1RDajVObkZJdnlhSTV3V0x2MENmYzBQZQ?oc=5,"Fri, 01 May 2026 07:00:00 GMT",2026-09-04T09:04:00+09:00
GoogleNews:健康　栄養,健康　栄養,栄養士に近い資格を紹介！社会人でも取得できる食関連の資格とは？ - 生涯学習のユーキャン,https://news.google.com/rss/articles/CBMifEFVX3lxTFA0TUdFWFByNDJuVTBacGJDUWxoUHFNYlBlbEQtQ2NJLUtRVDJ2bVJDckw2bjFkU1ZyQ1hUd1ljQ21lczZLY1RXdklmVklrU2U2akozbmRpZlJ4dW5yOFpSa19xQkczbC1UY1lqSV93NVo1ZTdCQldLOXl1bHU?oc=5,"Thu, 12 Feb 2026 08:00:00 GMT",2026-09-04T09:04:00+09:00
GoogleNews:健康　栄養,健康　栄養,"「“ありがとう”の5月に見直す生活習慣」高血圧有病者は約4,300万人、喫煙率は依然約14.8% ～母の日・高血圧の日・世界禁煙デーに考える家族の健康～ - tv-tokyo.co.jp",https://news.google.com/rss/articles/CBMibkFVX3lxTFBpWVd3WXhhRWZraG0xZVVjNG85OXM5WlhLbjcyWmN0eEpNRFV6TW9DVDNwMjFSOG9KeE1FTXFNcXVaMldPbWhvWUVkcFRYZzJKVUdtVVhkM3RuUVE4US1ibndkbGZ1clhyWVBmQ3RB?oc=5,"Tue, 12 May 2026 07:00:00 GMT",2026-09-04T09:04:00+09:00
GoogleNews:健康　栄養,健康　栄養,あなたも栄養不足かも？“達人”たちのアドバイスは - NHKニュース,https://news.google.com/rss/articles/CBMiX0FVX3lxTE5yWWFlc1htb0JSYjFBVF9hNlNlZ0hJYVV0NGlzd1RYX3cyWGpfYWZvbE8tRjBNR1BUd3VRbm95a1d2eDJTMUN4TFlDMGwybDVGaktTTlZtNW1oS3BDeExz?oc=5,"Tue, 24 Feb 2026 08:00:00 GMT",2026-09-04T09:04:00+09:00
GoogleNews:健康　栄養,健康　栄養,"糖尿病が強く疑われる人が1,100万人、都道府県別の野菜摂取量などに有意差 令和6年国民健康・栄養調査 - sndj-web.jp",https://news.google.com/rss/articles/CBMiS0FVX3lxTE9fTFcwWGp2VnoxRHE1MkZfNlNtZEJodEN0VWt0ZTF0T1pVMW1aZ2FHcXM5b2FHNVpnejBaU19tamp4UDVRaExhOGxRYw?oc=5,"Wed, 29 Apr 2026 07:00:00 GMT",2026-09-04T09:04:00+09:00
GoogleNews:健康　栄養,健康　栄養,B.LEAGUE Hope×日本生命 地域を元気に！バスケACTION「日本生命×愛知学院大学 健康栄養学科～べジチェックを活用した栄養教育～」を実施 | 名古屋ダイヤモンドドルフィンズ株式会社のプレスリリース - PR TIMES,https://news.google.com/rss/articles/CBMiakFVX3lxTE9LMzEzZXNIZlRwcUhuMGo5WHVERjRscnBaZ1lFZy0ycS1FUnZHU3NfR0twNUMzckVrYjZwTWoxUklTSkt6c3FGOTZRMVJYSjdLNGJkXy1LM3YtaWpaQjBZTy01QUZkMlJGcEE?oc=5,"Tue, 24 Mar 2026 07:00:00 GMT",2026-09-04T09:04:00+09:00
GoogleNews:健康　栄養,健康　栄養,【令和7年度】新潟県立大学×イオンリテール株式会社「全部盛り弁当」考案 - city.niigata.lg.jp,https://news.google.com/rss/articles/CBMioAFBVV95cUxPdnBFeFROc0Vwa1JjbGQ3eDEzMk91RVRCLU1XOGh4TGFXdHJHRXNhNVBEbXU2TV9tc3V2bXpOUkZRaUNFc000VnRvbGFKdndpX2xybTM0T2V3a0piRXhzZ1NSRG52T3p1TXhOWDVySEpoU3NLWHVRWWh4QnhVaHB5OV85M0NRNS14TzlJLUlmcTVyQlZxemhDWThuRU10Z0hQ?oc=5,"Mon, 02 Mar 2026 08:00:00 GMT",2026-09-04T09:04:00+09:00
GoogleNews:健康　栄養,健康　栄養,パーソナライズ栄養食で新たな健康習慣を「TYPEFOOD（タイプフード）」東京都一部のセブン‐イレブン85店舗で販売開始！ - PR TIMES,https://news.google.com/rss/articles/CBMiakFVX3lxTFBpeDY4bGJ3ZWJPZzR6WEJyTWV5OS1Oem9idHRRSnc2ZVU1Q2F3X1ZGRnJ1N253eTFkUWw2Y3RpWE9xNkVJYTNKbzdhQU1RcW1LY21WazMxY0hkaG9BbElqOW9MZ0ZxZjFHVEE?oc=5,"Mon, 16 Mar 2026 07:00:00 GMT",2026-09-04T09:04:00+09:00
GoogleNews:健康　栄養,健康　栄養,AI献立・栄養管理アプリ『おいしい健康』写真1枚で記録が完結、LLM画像解析をアップデート - PR TIMES,https://news.google.com/rss/articles/CBMiakFVX3lxTE5uejEtejNMUk1SUGI5WHE1RDBZSk83cmg1WjRYdWJScTN5ak1yeW5UYkNnRVdWaGxkS2FWNzBwdnlDSl83WjlrdklibjViYVNqTGNkSnVyc0V3bTVpcWxOWUZuVDZmQ1c3R0E?oc=5,"Tue, 12 May 2026 07:00:00 GMT",2026-09-04T09:04:00+09:00
GoogleNews:健康　栄養,健康　栄養,東南アジアの栄養補助食品市場規模、シェア、レポート、2032年 - Fortune Business Insights,https://news.google.com/rss/articles/CBMi0gJBVV95cUxOWDVtVDlBazUxVEtIYW1ZTTZVbFJMZGYwS1U3S1p0YVd1dlYxN2FQY1A1cUVyVzlnejJic0piekw3dWszeml0TWdTMHZNV2RvdGlTSjQ1X25PTW01WHJIUGFZSWRSX0s3b3cxMXZWaVdoYUdOREpEZ2FJUDFnS2xwWnpBeFR5RUY3X1AyUUZJWGlLRHcxYnFVQzFUMmlFd0RyREJXcTBQcUdaTEF5RHBTMHNCSXNTdkphN1V1RkZQRUI3NXVTaTY5ZmFOTzVESVp1YmxpeW1jX3N6bHlEd0dCelpMSi1valZTR0ZCcHhkSFhBaENFWDl2S0NzNG9POUlhNGQya242SFpOTnV5V19KUWdhVDcxMEdSQ0haci1tdVUweFpJVF9rdXItSDZJNHEzUUgxYmRteHNtRzVZQ0RpS2xZdEI0djJDOV9mSDNCX2Rudw?oc=5,"Mon, 17 Aug 2026 07:00:00 GMT",2026-09-04T09:04:00+09:00
GoogleNews:健康　栄養,健康　栄養,令和6年国民健康・栄養調査の結果公表、地域格差の明確化と健康課題・成果の現状｜桜山 響詩朗 - note,https://news.google.com/rss/articles/CBMiWkFVX3lxTE8xdVZQY09iOE1lY2pjWGYxUThUcE9sU29nNE5GM1dOODQ3UDBFOUYzdl9QLXdCb1dmOWJPRFZSRlMyVVVCd2p4NVJISWp0OG9uLTVWVk1zQU5Pdw?oc=5,"Tue, 02 Dec 2025 08:00:00 GMT",2026-09-04T09:04:00+09:00
GoogleNews:健康　栄養,健康　栄養,AI献立・栄養管理アプリ『おいしい健康』「家庭のためのAI」を加速、LLM画像解析機能をリリース〜食費推定AIはNHK首都圏ネットワークで紹介〜 - PR TIMES,https://news.google.com/rss/articles/CBMiakFVX3lxTE1nSWRVbENvTExrTl9mNERZWFgtbzRob1Y1a0Q1dDVQaUE2cjRLMWlvYUpyUjhyWDB1N2haUERua2JXTUNGU1BmUlE1WDhHX0FkOXB0MXB2SHFucHVYSWFQaHFacDQ2YTQ2NVE?oc=5,"Thu, 23 Apr 2026 07:00:00 GMT",2026-09-04T09:04:00+09:00
GoogleNews:健康　栄養,健康　栄養,加齢性疾患と栄養 −エピジェネティック年齢から健康長寿を科学する− - 東洋大学,https://news.google.com/rss/articles/CBMicEFVX3lxTE1ra1pCS2dQVkZvUnE0clhPNU1PbnA1bm5GYldzdnFlemdNYUZZX3ZBQzZIbmxFd1Fhb2xnczZ6ZzMxbWhRWGVCUi1ENmgzZWdLNW1FQ0ZlWGZpS2YwbzZQSGpvZmh2WnJVc2piaHlhVFM?oc=5,"Wed, 21 Jan 2026 08:00:00 GMT",2026-09-04T09:04:00+09:00
GoogleNews:健康　栄養,健康　栄養,新規TLR7アゴニスト「SA-5」の前臨床安全性と有効性を カニクイザルモデルで実証 - PR TIMES,https://news.google.com/rss/articles/CBMiakFVX3lxTE1YOUZ3Q0FOR1JBVHhWa0sxc1RpdEF2bjUyNnM3VVpxZ3RXMWhZc0pqa200UDBKYVBKSXhwNW9oNGE3TjJMNW1UZGpubzNKblRVZVJoUm0xaTE4c21JZmhLcUZyQ0RoSlhQbGc?oc=5,"Wed, 10 Dec 2025 08:00:00 GMT",2026-09-04T09:04:00+09:00
GoogleNews:健康　栄養,健康　栄養,「砂糖入り飲料」と「ミルク」 日本の研究で見えた体格との関連｜ニュース - dm-net.co.jp,https://news.google.com/rss/articles/CBMiWEFVX3lxTE14M2I2OEhuWUEzNjNGblM4ZzFOXzNqcTQxM3Q5STRINFhrbnVoY3BPZzA2c2dzRTNPUV81NENYeXZnREYtbS00MzFPVGVCZ2VXdEF0bmNpaU8?oc=5,"Fri, 13 Feb 2026 08:00:00 GMT",2026-09-04T09:04:00+09:00
GoogleNews:健康　トレンド,健康　トレンド,“心地よく整える健康”が新基準に！ 2026年下半期の「FYTTEヘルスケアトレンド2026」発表！ - PR TIMES,https://news.google.com/rss/articles/CBMiakFVX3lxTE0wSzAzQnRrdjVDWXFPaDh5bkZhcXNRWDJwUWJqeDdDWEQ5bjluNEhLbDhXMW9mbVh4UkFuY20xN29kX3pSNThIeGdQQU9YSml0MjhMUDI1V1A4cTBxSFVFSGdqWF9vT3ZiZFE?oc=5,"Wed, 01 Jul 2026 07:00:00 GMT",2026-09-04T09:04:02+09:00
GoogleNews:健康　トレンド,健康　トレンド,画像8 / 9＞アフターコロナの健康トレンドは「睡眠サポート」「見た目ケア」「手軽さ」「食物繊維」。約1242万件の購買データから分析 - ウォーカープラス,https://news.google.com/rss/articles/CBMibkFVX3lxTE9jR2IwUUxFSXJVdFRVOGVBZmNRZE5PV0twazV0Y01QdU9uSWt6dC1sQ09odEExRE1WUzlhX0w1c2hicXEtOXFBZmlIUG5YaEhxdDlrMXJQZEVNQUJuYUp3Mi00RTU3UU42V3NuZXZB?oc=5,"Mon, 31 Aug 2026 12:40:45 GMT",2026-09-04T09:04:02+09:00
GoogleNews:健康　トレンド,健康　トレンド,ランナーに優しいカフェが韓国で急増している。これは韓国における新たな健康トレンドだ。 - Vietnam.vn,https://news.google.com/rss/articles/CBMiuAFBVV95cUxPNmlCaS13S01nNGhobHhjNTRNSktNS3NaWVJyQkNTZ3d4UFM2SnhfSFFnSlZ0dzcyMXplZ1FmZkhZSEFwTDRFT2Q5MUE3b2FRa19hVVEzcDA0cXpNY3c3TkpnR0l3QlpIYjBJMkE1UXlKOWRfN0x3RFVPdHZ1YksxWDZXdFUxU1d6VkZoaDJSZkhCZVZVdWxUS1U5Y3Uwak5SYWF2WERqUTN0OU5pWVhTd2U4aWgwVE5G?oc=5,"Wed, 02 Sep 2026 04:30:15 GMT",2026-09-04T09:04:02+09:00
GoogleNews:健康　トレンド,健康　トレンド,「紅茶」の健康効果 飲み続けて生活習慣病を予防、腸内細菌叢も改善 - 日経Gooday,https://news.google.com/rss/articles/CBMicEFVX3lxTE5TalVyUWZTclNsR3Fza3BkZmtrNUlZdkFjT2xsaXpnMmtMaXhhZkJPRHdRczBIQThLQ0I4UDZsRHVrWmVFMnhSYjVPR1RnTkZMRkhOZVJ2eEwzQnRNNmRZcHBDeGUtNFotV0dfdkwzN2s?oc=5,"Mon, 06 Jul 2026 07:00:00 GMT",2026-09-04T09:04:02+09:00
GoogleNews:健康　トレンド,健康　トレンド,「24時間の健康管理」へと「トレンド」が「変化」した最新「ウエアラブルデバイス」6選【本当に売れているモノ＆売れ続けているモノ】 - Yahoo!ニュース,https://news.google.com/rss/articles/CBMif0FVX3lxTE1tN0FoSmZhSjRiVjJDd09sd2p0cF9qelNqMVRrRXM4ZUl1dllRaDRKam1HdndkRWlyZXJ6Y002WVFKOFZwNlZseWpkeDhJUFNhdy0zX3Y2OUtVSTNMWmJDdE9SbjZqcW5vVmRwVm0xSkp1WEc4NVhySVMzdy1zbVk?oc=5,"Wed, 06 May 2026 07:00:00 GMT",2026-09-04T09:04:02+09:00
GoogleNews:健康　トレンド,健康　トレンド,筋膜が今、健康トレンドの中心に──その正体と科学的根拠 - Forbes JAPAN,https://news.google.com/rss/articles/CBMiWEFVX3lxTE94enRfbkpnVU1pbE9OOVJWakdLQk1saDUtZ0ljLU5YbVgzWHhoUUU5eHJxRlMzTUV3T2JQMEVQaVdrY29uZ2Rxb3NoRDhwOUNoam1GQ0JXNWM?oc=5,"Thu, 30 Apr 2026 07:00:00 GMT",2026-09-04T09:04:02+09:00
GoogleNews:健康　トレンド,健康　トレンド,「おならサラダ」は本当に健康にいい？ 栄養士が解説 - ELLE,https://news.google.com/rss/articles/CBMirwFBVV95cUxNd2lQZnBoZ2M3ay0wX2ZudjNGOE9QQlJkeHJldGhPd085WkNwUnpzRTdSTXdSbjNlWTlCZFR0LXJOOTVJTElrWWxoaVVrSnk4Q2dLX01fUzk1bS1WQV9weEMwMEg2YnZnVHVXMmdodVFBOC1WaFNxOWRMbm1WMW5jUHM5TktjbXl5QkpLa3pPV1hnMHZDZ0VPRExPMFJXRWExRUh0R0g5NC1pZWtFR0hZ?oc=5,"Mon, 29 Jun 2026 07:00:00 GMT",2026-09-04T09:04:02+09:00
GoogleNews:健康　トレンド,健康　トレンド,2026年トレンド調査 - ネオマーケティング,https://news.google.com/rss/articles/CBMib0FVX3lxTFBQdlJaQ04zY203WTVTN19ZY3FUR1RFMkFGZl9GVmE4LTNBc1lBTVgtVGFJWE95M0ZKbGplQ3RPTUd4OGhHT1Vpc0puT1NETk44VUJjRzV5Tl9SeGlncWFCc3QyejZlZDhMWFNTeTN2QdIBf0FVX3lxTFBmdlFocWI1cWVSM3ZWR2xvcWJReWZCeVlTRVJmLXpTQnR0Qm5VekRDZDhkYlR0NS1NUVpEVkc0WnA2MENYX2NabHhPdjBQdjdodFJSQUxzS0txamlDMFU2VEJsUEMtYTNrMkNmQVd5czhFUGR4U3JrbFdYV3hJQlk?oc=5,"Fri, 09 Jan 2026 08:00:00 GMT",2026-09-04T09:04:02+09:00
GoogleNews:健康　トレンド,健康　トレンド,【健康経営セミナー】【FiNC Technologies×GPS-Business 共催】Z世代に選ばれる企業とは？ 新卒採用×健康経営の最新トレンド ～2026年9月3日 開催！ - PR TIMES,https://news.google.com/rss/articles/CBMiakFVX3lxTFBHVEdCVWpUQ2h2WGJWWTNnbHVsNERuaXJhaW9fdXhlYVl5X25OR0I3eGo4ZmVsYnBfTTQ0V1llMkNuWGptdFV6akozdDlkQjVvQ2REeERLb2F5TlZGTmd2c1JoTG1RTHJ6Qmc?oc=5,"Wed, 19 Aug 2026 07:00:00 GMT",2026-09-04T09:04:02+09:00
GoogleNews:健康　トレンド,健康　トレンド,舌の筋力低下を防ぐ！ 舌圧を鍛える舌トレーニング、姿勢も改善 - 日経Gooday,https://news.google.com/rss/articles/CBMicEFVX3lxTE5wRnVxS1liNzQtdXVrVjVVS3dkMmxoZk5zVUR4UHZLWVhvOXc3OUxTdzJXZTlRWmFNMzd5dGUyMEgxVFdIRm50NDRJS3VIbm03UTV3SWVvZWhvUWRzYTFhSDBvN21IV2szcUUtMjB3UG4?oc=5,"Tue, 21 Apr 2026 07:00:00 GMT",2026-09-04T09:04:02+09:00
GoogleNews:健康　トレンド,健康　トレンド,【速報】「からだにいいこと大賞2026」の開催が決定！健康トレンドを牽引する祭典が今年も始動、まもなくエントリー開始 - PR TIMES,https://news.google.com/rss/articles/CBMiakFVX3lxTE5IVWYzVm40VGhMaF9wWHVTRVFSVFc3NEhBZzM3REpsU3IyRk9qbmFIRWw0NG5Ed3c2ZlRvRXhhajQ1NURtazZXbF8wcUxFWngyeFdWWWhNQk81MXNjcXB0M0RvMUVVazlMRUE?oc=5,"Fri, 22 May 2026 07:00:00 GMT",2026-09-04T09:04:02+09:00
GoogleNews:健康　トレンド,健康　トレンド,1日ひとつ「ヤセ行動」を選ぶだけ！ 大学病院で考案 “我慢しない”ダイエット - 日経Gooday,https://news.google.com/rss/articles/CBMicEFVX3lxTE84QjRnQWN4SDlaUklZNWdNWkRYY1QtNDUwRVR4bVJDOXNYaVpqZVpWTW1xRlNSQVU3cUJyOUpSenNlMGFadWNSOGdWT1RoSVA1Mnl0WDBHYUJJV0RJYXZOdWJsTUFFZHV2UTl6ZVF4dHU?oc=5,"Tue, 28 Jul 2026 07:00:00 GMT",2026-09-04T09:04:02+09:00
GoogleNews:健康　トレンド,健康　トレンド,味の素がeスポーツ参入 目指すは「健康なゲーマーこそ強い」の証明（日経Gaming） - 日経クロストレンド,https://news.google.com/rss/articles/CBMiZkFVX3lxTFBXMjJFNUltYU1CVDdfdjJjN0N3Tl9pbjVqQm5hYzQ3U0VQN1BFMW5MSUlPcU41dTRiNXlxSzdvNmRmR1YzMzZpaWZBeWFrQ0ZGWHNNaDJaUmF6Yk1ZdHFqbmZsVFNsUQ?oc=5,"Mon, 06 Jul 2026 07:00:00 GMT",2026-09-04T09:04:02+09:00
GoogleNews:健康　トレンド,健康　トレンド,健康・美容の最新トレンドが今年も集結「からだにいいこと大賞2026」本日よりエントリー開始！“あなたの愛用＆NEXTアイテムを教えてプレゼントキャンペーン”も同時開催中 - PR TIMES,https://news.google.com/rss/articles/CBMiakFVX3lxTE5zcDVlZVRmcXBnTjlyY0VqdG9FTllFZ0dJSl9pYklIYlMyVlpna2wwc3M5SmtmZFhkd1UzQnBFVzQyN3ZLczJpQVZsU3RTNDVYMmdjUUxWR2xWNWhkcnVXXzlwX2hsTGpOS1E?oc=5,"Mon, 01 Jun 2026 07:00:00 GMT",2026-09-04T09:04:02+09:00
GoogleNews:健康　トレンド,健康　トレンド,2025年の健康トレンドを凝縮！過去最多567商品から選ばれた『からだにいいこと大賞2025』全受賞商品を一挙公開 - PR TIMES,https://news.google.com/rss/articles/CBMiakFVX3lxTFBkNGFvd0hsWmhlemFYMDFUbkRoNHo4YjJ6NDFsdENxYjV4OHptMm5oT0NtSmhNMmJGOEtSbk5xQU9VUFpuY3piNGpMRjdJWG5ia1dFVlJBVEpDTngweFhsZlpoaUNCNWNqd3c?oc=5,"Fri, 26 Dec 2025 08:00:00 GMT",2026-09-04T09:04:02+09:00
GoogleNews:健康　トレンド,健康　トレンド,「クラシル」が2025年の食トレンド分析結果を発表 「時短・手軽・健康」がより強く求められた一年に - PR TIMES,https://news.google.com/rss/articles/CBMiakFVX3lxTE9SaHFIRHo0eWpCZHFTWVR3THZGc2tLa2k0dkl4TDRtRjdGOTZSR3B4cy1VUTNwZ0xyaDBfOE95M19EcUFhVm5Pd0puSWp1dnIweDJfN3lwY3c5NzZnTUo2RFMwdmo4Wm5fR1E?oc=5,"Tue, 16 Dec 2025 08:00:00 GMT",2026-09-04T09:04:02+09:00
GoogleNews:健康　トレンド,健康　トレンド,TPCマーケティングリサーチ株式会社、『2026年 健康食品市場トレンドレポート』について、調査のポイントをインタビューした記事を公開 - Excite エキサイト,https://news.google.com/rss/articles/CBMiakFVX3lxTFB5Y05TendzbFlYTGlFLTJYdlBVU28wV0ZaOEJaSTdGYTlPMnZYdzlWVWJYMk9DQTRDcWZRRVlFOW9QTUtxUGxVM1Y5WkMtWHN6NHdaTjNLY2w2UnloQzg3WjZaZDFSRUc3U0E?oc=5,"Wed, 19 Aug 2026 07:00:00 GMT",2026-09-04T09:04:02+09:00
GoogleNews:健康　トレンド,健康　トレンド,女性ヘルスケア白書 市場動向予測2026 〜健康トレンド・業界動向・女性ニーズ〜 - ウーマンズラボ,https://news.google.com/rss/articles/CBMiRkFVX3lxTE8yQ1BXMXpwVDZsTS1YLTZ4WWVTZF9UQ3ZfSTdGb2FoZE5ZdXFENlpIS21QcFE1T1lYVzlmOWE0RkN0TlRpZkE?oc=5,"Thu, 16 Apr 2026 07:00:00 GMT",2026-09-04T09:04:02+09:00
GoogleNews:健康　トレンド,健康　トレンド,ミンテル 2026年: 世界のビューティ＆パーソナルケアトレンド予測を発表－医療・美容領域の接近とメンタルヘルスをサポートする美容品、「不完全」で人間らしい美への回帰 - Mintel,https://news.google.com/rss/articles/CBMiiAFBVV95cUxOZDVhVGpKMk12ZnJzN196TWJOTUxMTVhwR2kyQ0VHYm1pN01XMDR1US1tb1hGREcyMGhFeElLdjNwVjRHdVN4QnViR3JJOVRhRUZpWklkNlBGSUhiYjR3RDM1dTl2N21FVGpIa25KOUJjdGdHSEM0Yl8zRkdDbUR5TU1xcV92c1Y5?oc=5,"Thu, 09 Oct 2025 07:00:00 GMT",2026-09-04T09:04:02+09:00
GoogleNews:健康　トレンド,健康　トレンド,健康な社会づくりを目指すミラノ・コルティナ2026とイタリアのAI／サイバー政策：海外医療技術トレンド（128）（1/3 ページ） - MONOist,https://news.google.com/rss/articles/CBMib0FVX3lxTE5ac1ZPTVdMZXEwRjIzNDFLMjk2U0JFR1lucjFSeDBSWi1jOWllMndZRVJEQ0tYUFJVZWhRQk1uVXRucXlOU2ZPWmVrMjBWeld3TzZEUGIweEQtMEREMVRMNDVXQkRieHFQYmNoMjIxVQ?oc=5,"Fri, 13 Feb 2026 08:00:00 GMT",2026-09-04T09:04:02+09:00
GoogleNews:健康　トレンド,健康　トレンド,女性の健康食品トレンドと、市場ニーズの変化を捉えた企業の開発トレンド2026 - ウーマンズラボ,https://news.google.com/rss/articles/CBMiTkFVX3lxTE9iSmtMSkhKazNJM042LUpNM3Q1RXlxM0JtQmF1bE5kUWJDN1ZuVXZNcC1mLUVNRktkakQ2Zmt3N3JFdHlRV3RIWHUtMVY4QQ?oc=5,"Wed, 01 Oct 2025 20:12:54 GMT",2026-09-04T09:04:02+09:00
GoogleNews:健康　トレンド,健康　トレンド,SIXPADやエクサガンがさらに進化？ 「健康グッズ大賞2026」を決定 - 日経クロストレンド,https://news.google.com/rss/articles/CBMiZkFVX3lxTE4xVHRsdVo4QTZGTng4YVoyb2djbW0zd0FSYWgyRHJsWnpSanhRTXd5RmNCaTdZTnpMRDc3aVE4UW9za3BvbG1tREFwUTY1OUFpbUhQbjAwWmM1NTkwRkt0Y2dJOUdtZw?oc=5,"Tue, 17 Mar 2026 07:00:00 GMT",2026-09-04T09:04:02+09:00
GoogleNews:健康　トレンド,健康　トレンド,サントリー「NOPE」、コーラ以上の糖度でヒット 開発者3つの英断 - 日経クロストレンド,https://news.google.com/rss/articles/CBMiZkFVX3lxTFA4WXl5d25sNlVVYlZSSnJBOUZwbWZzeUVHdHFzX19IaG93YmoyLW10UkczMTdnNmdaTEhYU2JqeTI0cWMyQnVPUC1oUURLVExhSzl0TF9iR0JpS0JSVWgyWTh0X0JTUQ?oc=5,"Mon, 06 Jul 2026 07:00:00 GMT",2026-09-04T09:04:02+09:00
GoogleNews:健康　トレンド,健康　トレンド,トレンド トラッカー：日本FFCの普及状況、韓国の健康補助食品生産状況 - NutraIngredients.com,https://news.google.com/rss/articles/CBMihgFBVV95cUxOdmxKWmI3SW53d2FvTnlFVHpfdTBVeGg2T2xFZzVfclpNQkNYclJKRXVrbjdVR3ZhajZ0bWxfam5vN2o4ZHA3cU52Tml5cHRVWFZlbWpYSDlLSlR5ZmJHZGt0UlJaUlhvQ3RkMkx4QUI0Z0dqSGhzZm5qSG02OWlCRmhhN0FIdw?oc=5,"Mon, 27 Jul 2026 07:00:00 GMT",2026-09-04T09:04:02+09:00
GoogleNews:健康　トレンド,健康　トレンド,「もうちょっと父の日も頑張ってもらいたい」健康を気遣う商品に…疲れを癒やすケアグッズ 今年の父の日ギフトのトレンドは？ - 日テレNEWS NNN,https://news.google.com/rss/articles/CBMihwFBVV95cUxPaUsyNkhHWEdhcWdKNEs0S1NPLVl4WThQMkJuT0FQZ01tMEttRjZJallHZW1rVHo3UExXWEpib1YydFJjNTRKSWRFUEJTVW93MTR0c2hrWTJJc1lORFh3UlkzVE1YczgzaXl4Y0RwTGFzOUJFVDFIbFZyWHFKZ1kyT3BJNmpEbnM?oc=5,"Thu, 18 Jun 2026 07:00:00 GMT",2026-09-04T09:04:02+09:00
GoogleNews:健康　トレンド,健康　トレンド,血糖値の次は「ストレスホルモンの見える化」が健康トレンドになる？ - Gizmodo,https://news.google.com/rss/articles/CBMiZEFVX3lxTFBiWkszRHdpU2gwSG80T2xuY005SWx1cjd2eXBCbDBNUnVmOWNJSEJaS2dUWE1RWE1PQTV1THludnR3MHRUX2J6dmhNcTF3VjBXaW5oNHN3OXVURmlRR1lOZWhzV1A?oc=5,"Thu, 06 Aug 2026 07:00:00 GMT",2026-09-04T09:04:02+09:00
GoogleNews:健康　トレンド,健康　トレンド,26年は「健康ゴルフ飯」がトレンド入り!? リソルの管理栄養士ランチとミズノ×サッポロの「スポーツノンアル」 - golfdigest-minna.jp,https://news.google.com/rss/articles/CBMiV0FVX3lxTE5Hdmx4ZGEzUzRhcTJhdWsxWkRMNm1BVl9uVEx3VmZtV0wySmotU0xwTDlMZWZoc3dubGpobHJfdVNMcnZ4Q1o1b0ZBNnBVa0daY19XaTJZWQ?oc=5,"Sun, 18 Jan 2026 08:00:00 GMT",2026-09-04T09:04:02+09:00
GoogleNews:健康　トレンド,健康　トレンド,2026上半期の美容トレンド発表、外部環境の過酷化や美容・健康行動の変化が影響 - ウーマンズラボ,https://news.google.com/rss/articles/CBMiTkFVX3lxTE4xQUg5WlVuUlExVVBwTW9aaFVFb3FHY1RMeXRaTHFwZlRhV0t3c1dFS2JhMy1Qb2lsc21iTnJCMHJGcTU2cVRNV3ZtVGtWQQ?oc=5,"Mon, 15 Dec 2025 08:00:00 GMT",2026-09-04T09:04:02+09:00
GoogleNews:健康　トレンド,健康　トレンド,英国発！ 2026年健康トレンド…３つのキーワードとは？ - Onlineジャーニー,https://news.google.com/rss/articles/CBMiakFVX3lxTE10d0Qtb19yWVN0aGJ1TmU1aW5oNHBVdUViM0pnOHk0aEtHakJuMkhoVjVhcW9BSlJ1TGZoMkFubkpMeFhFWEp3emlfdkZRN09qTEZKQkhwZTVTSVA0ZUxaUkhqdVVvN2tmTmc?oc=5,"Mon, 12 Jan 2026 08:00:00 GMT",2026-09-04T09:04:02+09:00
GoogleNews:健康　トレンド,健康　トレンド,「クリーンネイル(Clean Nail)」が新しいビューティートレンドとして浮上している。 華やかなカラーと立体装飾で飾ったネイルアートの代わりに、爪本来の健康さを生かした自然なスタイルが人気を集め - 매일경제,https://news.google.com/rss/articles/CBMiU0FVX3lxTE81cURXcFpjWnZjSDlOQV96Y0Z0N2U5d0lzZXJZb0xnLWtLNGlqUzNfdERibEx5aTlkMk9kNVA5WVJDcHBKUnZGQ3luR3B1M25XYnBr?oc=5,"Sat, 04 Jul 2026 07:00:00 GMT",2026-09-04T09:04:02+09:00
GoogleNews:健康　トレンド,健康　トレンド,楽天インサイト、20代の生活意識調査を発表「和好み化」「投資志向」「健康意識」の3つのトレンドが顕著に - コマースピック,https://news.google.com/rss/articles/CBMiVkFVX3lxTFBxcXl1MW1ndjRxaFJqWU1zNkwwMnUtQldwYUFNWlpMOC1Mb1JqZVNtcmc1UE9PUkxqQjZwSWN5OVlCVUdlZWZwOVkwc1MyNW1wa3ozZDhn?oc=5,"Mon, 18 May 2026 07:00:00 GMT",2026-09-04T09:04:02+09:00
GoogleNews:健康　トレンド,健康　トレンド,24 時間リカバリーウェア「ReD（レッド）」マイベストアワード2025 トレンド健康グッズ部⾨ 最優秀賞受賞 - PR TIMES,https://news.google.com/rss/articles/CBMiakFVX3lxTE5BbFZ0SWkzVldfbEl2cXAyQ3JTYWtlaHJNM2VKdnFzMVduZHlPZ0lsSU1sSEVyeVMxdERncFNLOUVVU3JzbEhlVGRiRUVUTUpZdDJYbHpmOWd4WEN2UVpNZG0zVmFfUDhmN3c?oc=5,"Fri, 28 Nov 2025 08:00:00 GMT",2026-09-04T09:04:02+09:00
GoogleNews:健康　トレンド,健康　トレンド,海外発・最新美容トレンドをキャッチ！ NY、ソウルから、北欧、南米まで - ELLE,https://news.google.com/rss/articles/CBMikAFBVV95cUxPTENrZFIyOWpWOFBsVjdFcF9ocFh6NzZhSnV1Ul9yTDlPTFV3OU5QYUw2M011Wm5DaFRDNmFySFhLWjhMY011aDg1ZzFJeDZhc2xwZXJzZnI1R3pmUkZXeEZsMzZCdEpCMjQtc2t6Zl8yQkpXaFZfbVRBRHhNdnBxc3dxVklvTzFwTmpzdV92NVA?oc=5,"Thu, 29 Jan 2026 08:00:00 GMT",2026-09-04T09:04:02+09:00
GoogleNews:健康　トレンド,健康　トレンド,ヘルスケアビジネスの３大トレンド ヘルスケア事業を行う117社を調査 - ウーマンズラボ,https://news.google.com/rss/articles/CBMiT0FVX3lxTE9ZZ2szUGRveXVoeUF5SkNaa1MzM3Rxa3ZaT3hnX0lOLXN2alppQjJYUmFhdXV1S0dHaFpuRldIek42X25pbjZscjV0UlFXbU0?oc=5,"Wed, 01 Oct 2025 07:00:00 GMT",2026-09-04T09:04:02+09:00
GoogleNews:健康　トレンド,健康　トレンド,コーヒーと健康の関係…骨折リスク、認知症リスク、死亡リスク - 日経Gooday,https://news.google.com/rss/articles/CBMicEFVX3lxTE9UcF9LNnpkMzJKRlI3QVVCcGl2QkFmMnlXRjBUODNrdHduTUdqM1pWUUFDM2lHbzBsdlNvU1NNbXdxaFZjcWJDSkdJZ2RXbzlzRk5zZFk2MFhTY2JkUjJOUVY2clhaUkY3U0U1dHdlZjQ?oc=5,"Tue, 14 Oct 2025 07:00:00 GMT",2026-09-04T09:04:02+09:00
GoogleNews:健康　トレンド,健康　トレンド,"中国動物健康市場規模, シェア, トレンドレポート 2035 - Spherical Insights",https://news.google.com/rss/articles/CBMie0FVX3lxTFBNUXdCdGo4RDVZNTRjTkdlYmYzbWc4VVB0NEtCNUZ1dW1fbWo0bTUtNWctT3JrZUdITUdSdlA3TE9hLTVjY2dRZFlHcGdMeU9CdzUtUDkwTk91VjFJd0tja1RCenhfelJaX2Y4Q0ZFYU81TGpmc1BlQ2xOcw?oc=5,"Sat, 14 Feb 2026 02:23:27 GMT",2026-09-04T09:04:02+09:00
GoogleNews:健康　トレンド,健康　トレンド,2025年の食トレンドは“厳しい時代を反映”、2026年は「一汁三菜ボウル」「フュージョン薬膳」 - ウーマンズラボ,https://news.google.com/rss/articles/CBMiTkFVX3lxTE9JN1lkV1NKSkp5RUFfbE5sZ096Q2VUNW94Y25fdlJ6SmdKd2RJOFh2MGY1WjhlcTI5SFFmb19nR2ZtUjd6NzFsTE1uRHdvZw?oc=5,"Thu, 04 Dec 2025 08:00:00 GMT",2026-09-04T09:04:02+09:00
GoogleNews:健康　トレンド,健康　トレンド,「マイナ保険証」トレンド入り、拾った保険証で100回以上受診にネット「証明された」「だからと言って」 - sponichi.co.jp,https://news.google.com/rss/articles/CBMilgFBVV95cUxQTEdvQ01kMkFuTHgtOGVoN3pkTE5fdFIzWDJsV24za2NHTWpBQjA1bkJReU5oZlZHLVd4NkZ5M3plQk9jVmJSTktMUHlNT3JWZlVNekJiYWdzeTVSN3ZiVnBYRlFzZFJaSDNLOHJBVzVWQlVRdXBRa21vUTNwdV9oVktIOTZnSTdpUy1JMFQ1Zm1SaWtHS3c?oc=5,"Thu, 23 Apr 2026 07:00:00 GMT",2026-09-04T09:04:02+09:00
GoogleNews:健康　トレンド,健康　トレンド,スイス発「MBTシューズ」を健康増進の道具へ、帝京科学大学との共同研究を開始 - PR TIMES,https://news.google.com/rss/articles/CBMiakFVX3lxTE15MVJ5TkxaWHhaYWt0Zm1sczZRbFZycE45alBIWHZCSTI3X3BiNmVMSmhEbktnVktkTFRsNkYyRTlVdmxZYVQ0aEtzMXdXbS1HbjBSdlhsd0hMcWQ5aFhsNWllYVA5bVlPT2c?oc=5,"Wed, 14 Jan 2026 08:00:00 GMT",2026-09-04T09:04:02+09:00
GoogleNews:健康　トレンド,健康　トレンド,“食べてキレイになる”韓国発ニュートレンド！ 美容と健康を楽しむニューウェイブ Kフードをさきどり体験！ 『ニューウェイブ K-FOOD試食会2025』大阪コリアタウンで開催 - Newscast.jp,https://news.google.com/rss/articles/CBMiT0FVX3lxTE00b3hpTlNBZFZHWmdPZWRfYWxtZ2R1NlJqUlhkWmsxd3RIVXBfNG9sM2dtdXJSQVpNNms5akxwRmhnbE94NjVLYWdKS1dMMTg?oc=5,"Tue, 14 Oct 2025 07:00:00 GMT",2026-09-04T09:04:02+09:00
GoogleNews:健康　トレンド,健康　トレンド,ポイントは食物繊維！ 今注目の健康トレンド、ファイバーマキシングとは？ - ELLE,https://news.google.com/rss/articles/CBMimAFBVV95cUxOTFJvbThRd1dYbUlmNFhiXzNZN1hiNUVpTXJFQ2pMQ29qNmszZzR3UW5aQ3NDT3Q0bzlOWWZLREE5QXRDV3pDZ1BTLVJhaEl0MGJDbzhzVWRjNjFnLXJKaDgtZklBOVdVeDAtbnZ0MmNFdXFyVEpHVFdzTmVYSVJmTkVvZXVHdGE2dWItVHZxUmIybUlsNFVpTw?oc=5,"Thu, 25 Sep 2025 07:00:00 GMT",2026-09-04T09:04:02+09:00
GoogleNews:健康　トレンド,健康　トレンド,ポケモンスリープで眠らぬ日本人も快眠に 狙うは睡眠のエンタメ化 - 日経Gooday,https://news.google.com/rss/articles/CBMicEFVX3lxTE45VXdVMDUzdk5iS3Z5M2RGWDZ2TjdtSnpuRno4X1p6c1A3NUdQZnFPaGs4QTBJTnp5WWJOaWFRaS1YdVRwQVB1dUJCMmM2blMyTVpTblgtcXdQbmZwcEoza2QxaXFHdWFxQlFNeXVfRzY?oc=5,"Wed, 26 Nov 2025 08:00:00 GMT",2026-09-04T09:04:02+09:00
GoogleNews:健康　トレンド,健康　トレンド,画像：美と健康のトレンドが大集合♪豊岡で「ヘルス＆ビューティーフェスタ2025」開催 PR - Kiss PRESS(キッスプレス),https://news.google.com/rss/articles/CBMiUkFVX3lxTFAtUDRDZV9wQ1NRWG1TWlVqZTNPbjlORl9mZ3FRWUFqbmQ1TGtGNVoxNEtycTVEaUhBVnJEWk01VjlJR0kwS2M1RHdMOE1TRThKWWc?oc=5,"Mon, 10 Nov 2025 04:14:29 GMT",2026-09-04T09:04:02+09:00
GoogleNews:健康　トレンド,健康　トレンド,世界が直面する糖尿病・肥満の健康課題、話題の減量薬GLP-1がもたらす最新トレンド | 株式会社TNCのプレスリリース - PR TIMES,https://news.google.com/rss/articles/CBMiakFVX3lxTE5WQzk1d0VLUW5wdlBtSkVDcm1LWkg3Zk9hT3NHQno1VHdhMVQwdkRMYnJ1c3lyN0NzNWdIY2RpZEJmaWR0M21FZjZ3TGowLV9lSElhM09QZmxac09fbllBanFxazFzWXlhOFE?oc=5,"Thu, 16 Oct 2025 07:00:00 GMT",2026-09-04T09:04:02+09:00
GoogleNews:健康　トレンド,健康　トレンド,美と健康のトレンドが大集合♪豊岡で「ヘルス＆ビューティーフェスタ2025」開催 - Kiss PRESS(キッスプレス),https://news.google.com/rss/articles/CBMiTEFVX3lxTE5iM0NXdVhEOXRYS05YbXloaWlUMXFWTVdYV2dVVlRMTnBaM1I3ZS1aNkRCTUpYVEdCZXZqS0o1blVTSjd2Z1hpR3RlR3o?oc=5,"Sun, 09 Nov 2025 15:02:08 GMT",2026-09-04T09:04:02+09:00
GoogleNews:健康　トレンド,健康　トレンド,健康・機能性市場トレンド2025 秋・冬 - Infoseek,https://news.google.com/rss/articles/CBMiW0FVX3lxTFBPbTQ1LWdUSHBTZVBDM2tXdUFuVGROSGdVWngtMmRjN3BQSmJINUlrOVlHMGtsMjQxRDhuSWxtZWlIR0RPQzUtVnBHQjNCQzNNN3ZQOGQ3eVYxYnc?oc=5,"Fri, 24 Oct 2025 07:00:00 GMT",2026-09-04T09:04:02+09:00
GoogleNews:健康　トレンド,健康　トレンド,2026年1月の最新技術トレンドを総覧。創作・業務・健康まで進化する、いま注目のAIツール5選を徹底解説 - internetcom.jp,https://news.google.com/rss/articles/CBMihgFBVV95cUxOcEpuVGc3SVZ0akYwWW1nY0NyWHBUMXY4Y2p2YTdscDFBZWhuc3dHelNYSkpPS1hWNTB6VGNCbHdEZUc0Rk1RVHFaZTlaTmVlMHphcXh5RUNUZUtsRGhMaFlOZU1MdTdXVXNNS2hWUGZ3a1lPM3dUY0FUZk1ncHprTnQzZzFhUdIBiwFBVV95cUxOU21nMjVWV2lYRG4zaVNJUUg4am83anN5Y2pXakVpalVHdENGS1prZVNvMzBQVmtmcVVlWUplbkd6MXdWRjl3RGFEUUd4bkRjdnJoaC1od1BxV2YyWC1KeFY0X0xFLUw4eHhNUkFqbUFJSU5SdGFpeW52b0FqUkllVTNGT2J0R0trWFQ0?oc=5,"Sun, 25 Jan 2026 08:00:00 GMT",2026-09-04T09:04:02+09:00
GoogleNews:健康　トレンド,健康　トレンド,2026年最新テクノロジートレンド総まとめ。プライバシー、健康、集中力、環境、身体拡張まで網羅する注目のスマートデバイス5選 - internetcom.jp,https://news.google.com/rss/articles/CBMiigFBVV95cUxNR2szMW1kbzgwbW1rTXd5RmNaQUs5Ti1VVzJ0YzVTNXhoWlhUUmtkbXI1M05JNHBaTkVhMzNtaTVVMDBfQjQ2WWpvTGxSYUR0WXl5ZzRzdmF0TnVWX0NnYjBCNDhPbVlMUDZpdVM0ZXVlS3ZjN2VwN3o5NlBQVnVOVU9UbjVlTnRtdHfSAY8BQVVfeXFMUGl6M1NDdVI4V0gxSUk0ZHFKV1lkbFBSd1piYTlGU1R5UVFMcmtSMFBQamh6ZkRNSVZuVVZySEZ6N2Zid1lZV25zZnpteTBIWXdHSmp4Y2lYZ2NVYTl6OGlOblMxOXFaeTgwdVJsaHc4ODY1WGVKUnVBeHp4VTNtazNJejFJTjRrYzBPZWJ1RDA?oc=5,"Sat, 24 Jan 2026 08:00:00 GMT",2026-09-04T09:04:02+09:00
GoogleNews:健康　トレンド,健康　トレンド,糖尿病 対策の最新トレンド 「たんぱく質と食物繊維に注目」 | きょうの健康 - web.nhk,https://news.google.com/rss/articles/CBMigAFBVV95cUxQU1FnOW45QlRZZnVMYWN4UnVwZVRXWnNfYXd5bmFVazRoUE53d1dsVzBTUGZPMXdfMXJvbGNPTWpoeTRxaEtMdmlOQndRTVFWZVJGQ245ZGdNV2RQRHI4SG5TSVI3Wl95VVU0N0hUbmhJMktEMEtoZnVXYVM1V3d2Mw?oc=5,"Tue, 30 Sep 2025 23:31:58 GMT",2026-09-04T09:04:02+09:00
GoogleNews:健康　トレンド,健康　トレンド,流行りのルックスマックスのトレンドを知る、注意して精神的健康障害を引き起こすことができます - VOI.ID,https://news.google.com/rss/articles/CBMiSkFVX3lxTFBVRzBaNDdYejRBNWFXRjF2MDR1THFtb2Y4Yndfd3pIN3N5cEJ6bklQdzd2X0kxeVpYQjV2Y0RVbFlMeXM0M2R3bnpn0gFCQVVfeXFMTVU4VXdpVG9rTnA0SHdDZkJWVzRFYTYtdzVSNlVXMDl5QnEzRzRoWmdqbzJyVHNqQXlqRzBkdFg5RThB?oc=5,"Tue, 10 Mar 2026 21:12:33 GMT",2026-09-04T09:04:02+09:00
GoogleNews:健康　トレンド,健康　トレンド,更年期ケアやアンチエイジングサプリ「NMN」…【2025年の健康トレンド予想】キーワードは「健康長寿」 - Women's Health,https://news.google.com/rss/articles/CBMihAFBVV95cUxOcm9rSVNZTEotQWRSak9scHV1VHUtaWJlQ0ZCRFRHZlF1MDNHcXpVRzkzR3p0aHg4NVE0T2d3aW51MlVTdWloWk5pSlB0YVpmZkt5M2N0V1BIdzRnYnN0aEFTeWpnLXBPY2c4Q0RJd0Frci1wSEVJZ3NLYWkwSEJGVWhDOHQ?oc=5,"Sat, 21 Dec 2024 08:00:00 GMT",2026-09-04T09:04:02+09:00
GoogleNews:健康　トレンド,健康　トレンド,今年の健康トレンドの総決算！過去最多の223社 446商品がエントリー 「からだにいいこと®⼤賞2024」授賞式を開催 - Newscast.jp,https://news.google.com/rss/articles/CBMiR0FVX3lxTFA4OEdwWU9nOWxlMndoMVNhTGpYaWhXWjJDUXd0VVBraU1HWUl1cmJNb19zV19TVWozNHNWU1o5NC1aRThMOWhV?oc=5,"Wed, 18 Dec 2024 08:00:00 GMT",2026-09-04T09:04:02+09:00
GoogleNews:健康　トレンド,健康　トレンド,【オリーブオイル健康ラボ グルメトレンドで 健康になれるコラムを公開】 2024年のトレンドを、家庭の食卓で楽しもう！ 最新「オリーブオイル活用術」 ～「トレンド(1)定... - atpress.ne.jp,https://news.google.com/rss/articles/CBMiTkFVX3lxTE13VkE5bHZPWm9ZMmV5RUhDYzdxUFMtRHAzVm5JQk5ZR2tJOTZySnhLTjFyWThheWJtSVhsVEZzOHR0R09Oa2g2bHB0cEtkUQ?oc=5,"Tue, 20 Feb 2024 08:00:00 GMT",2026-09-04T09:04:02+09:00
GoogleNews:健康　トレンド,健康　トレンド,「健康経営銘柄2025」発表！管理部門が知るべき最新トレンドと選定企業の取り組み - Manegy[マネジー],https://news.google.com/rss/articles/CBMiU0FVX3lxTE5pNHQtR05FbllwZlYtZ1hMUEp0M2QydU5iMUlKUmVIeFNNaTRHVWg5TDU5MTdsbmhGejRXTFhRV2lHRnVZMFZ2NjJtZmd5ZHZZTjVJ?oc=5,"Thu, 27 Mar 2025 07:00:00 GMT",2026-09-04T09:04:02+09:00
GoogleNews:健康　トレンド,健康　トレンド,ＳＮＳの健康トレンド、即商品化でヒット 三井物産系「ドットミー」プロ一斉参加で開発短縮、セブン１０００店に専用棚 - sankei.com,https://news.google.com/rss/articles/CBMidkFVX3lxTE5tYkRKZGVvNWxCZXhTNmN4MTVKbHlmcU5hak43NTlINmZ3QVdTeG00Q1ZlNmsyZTN6S0xDUGVVRlE0SzRzVFVvOG5nRWFVQUpkZ1FqNFJ4aEFhbk4xT01QMVQycS0tNDNWYWpaODZadEpoX0VkRHc?oc=5,"Thu, 30 Mar 2023 07:00:00 GMT",2026-09-04T09:04:02+09:00
GoogleNews:健康　トレンド,健康　トレンド,今年の健康トレンドの総決算！178社358商品がエントリー「からだにいいこと®大賞2023」授賞式開催 - PR TIMES,https://news.google.com/rss/articles/CBMiakFVX3lxTE5DYk1GLXRBaFZaU2RoMHF2bTdRdE9ocGZOMVNtYkRIN1dvY0t2d0ViRXN0X1hfdWFLcVpMSVc3T1dUUTFKSzhsVkZLZHZjcnl0QjFPQWowdHVXLW9Fei01dlVadXlLcEJmeXc?oc=5,"Fri, 15 Dec 2023 08:00:00 GMT",2026-09-04T09:04:02+09:00
GoogleNews:健康　調査,健康　調査,能登半島地震・奥能登豪雨の被災者、65歳以上の半数がフレイル予備群 石川県が健康調査結果報告書を公表 - 中日新聞Web,https://news.google.com/rss/articles/CBMiVEFVX3lxTE5VWm15Q1JSUU04OXk5aGRyN3NoQTAyWURuWW5tTmFoSktHNDZYSzBFUmdRMFpUMU82c2VSYlJ4WHViajZ6VU9QelZZMk9DaElxNUhmaA?oc=5,"Thu, 03 Sep 2026 10:21:26 GMT",2026-09-04T09:04:04+09:00
GoogleNews:健康　調査,健康　調査,慶応大生が稚内の地域医療を調査 人材確保や健康向上へのアイデア提言 - 北海道新聞デジタル,https://news.google.com/rss/articles/CBMiWkFVX3lxTFBObWRHNnRxc01fbUJ5aUpTSm54akJYMVJzZFB6MDJFUFg0d0Jaa0draHdKdVNwb01yX3pJR0VFQlZEOUllcEJxUk9pOTQ5blUyQUJzbFVLOXc0UQ?oc=5,"Thu, 03 Sep 2026 04:38:32 GMT",2026-09-04T09:04:04+09:00
GoogleNews:健康　調査,健康　調査,能登半島地震・奥能登豪雨の被災者、65歳以上の半数がフレイル予備群 石川県が健康調査結果報告書を公表 - 47NEWS,https://news.google.com/rss/articles/CBMiS0FVX3lxTE9GTkZkYUs3QURPb3hITGFkWmlNem9WajdaSjJQdERLdkpFT0w2ZTAzZHp3dTBUcVlsZlJGOHNuR0VpZ1JjQVA5cHFWaw?oc=5,"Thu, 03 Sep 2026 10:21:00 GMT",2026-09-04T09:04:04+09:00
GoogleNews:健康　調査,健康　調査,「健康経営銘柄2027」・「健康経営優良法人2027」の申請受付を開始しました - meti.go.jp,https://news.google.com/rss/articles/CBMiY0FVX3lxTE9wQjg2SC1uZjR3WDE0RUxOckpqMFM4cTlOazRUUXIzYmxheTNZT3YyVDlZem54SWNoZi1LRnZLWTlGajhTU21zVnRSUkJQM1BqYUo4T2g0V0lFYjl1Yl80T2RNVQ?oc=5,"Mon, 17 Aug 2026 07:00:00 GMT",2026-09-04T09:04:04+09:00
GoogleNews:健康　調査,健康　調査,厚生労働省 老人保健事業推進費等補助金 老人保健健康増進等事業 - nttdata-strategy.com,https://news.google.com/rss/articles/CBMiZ0FVX3lxTE9sYXZFMndYY0l2R3FObUhZeVBzYzFDN21WZDlKVk1OeHptM2F2NEw5S3RfdXVORy1abURKLXJHakR1X25meEZTN1JrR2l1MGFvN0xPVmY4cFBqR1BISl90V1pqWVNtRVk?oc=5,"Mon, 17 Aug 2026 07:00:00 GMT",2026-09-04T09:04:04+09:00
GoogleNews:健康　調査,健康　調査,北海道の喫煙の状況 - pref.hokkaido.lg.jp,https://news.google.com/rss/articles/CBMigwFBVV95cUxNdFpfN1FUNXFwUm40T0toUGZxS2VSci0wV2p0WDdNbTg0VnNZa2tCdVlDQ3YyMGI1alVMWU40NVRjeks2dlZwT2dqOVJPU190VW94THUzV0xjU2haNUhONFRBa3F4ekwxUzI3Zk9Ia2wwV2dLUmVkRlJJT2tHWXBpbEpNWQ?oc=5,"Wed, 19 Aug 2026 07:00:00 GMT",2026-09-04T09:04:04+09:00
GoogleNews:健康　調査,健康　調査,能登半島地震の被災者7346世帯の健康調査結果 仮設住宅居住者で心理的ストレス「高度リスク」が増加 - TBS NEWS DIG,https://news.google.com/rss/articles/CBMiX0FVX3lxTE1uVWZuOUVOdkZhaGI3X1RwMGllY3ZvS2pNQ0ZyMmExbVVUOHBscTZoSDRNSEdkbVhrVVBaYXlLRkhmX1pwSWtsbF9HRkZuM21vaUNJVXZseFRJR1BMU0hN?oc=5,"Tue, 18 Aug 2026 12:27:14 GMT",2026-09-04T09:04:04+09:00
GoogleNews:健康　調査,健康　調査,“仮設での心理的負担 依然大きい” 県実施 被災者健康調査 - NHKニュース,https://news.google.com/rss/articles/CBMiWEFVX3lxTE00YUIzMFpwSUVBQjVUaGtWVWxRSGtvMWs4TjE1UXZ5TzNzaU1sSFQ5ZHNzU2xnT2lidkZPWFc5MHowM0xBeTRQLUVOTi0tQzZYMFZrdEtlZkk?oc=5,"Tue, 18 Aug 2026 07:00:00 GMT",2026-09-04T09:04:04+09:00
GoogleNews:健康　調査,健康　調査,令和7年度「県民健康調査」こころの健康度・生活習慣に関する調査 ここから調査のお知らせ - town.okuma.fukushima.jp,https://news.google.com/rss/articles/CBMic0FVX3lxTE8yZmp2ODZWUmdpLXFHM18wYjJ1QnBYMUU0dHBOTkpVNmVmaHEzajg3WFRaLWhXZHlmZ0JMb01aM1IwM19odkVQR0dVZ3N6bEVfMGIxY1NmSDJqbVdQM2U2WmZ3VlFWbG1reXczdktSODZlUlk?oc=5,"Mon, 26 Jan 2026 08:00:00 GMT",2026-09-04T09:04:04+09:00
GoogleNews:健康　調査,健康　調査,【健康経営セミナー】健康経営 寺子屋シリーズ 第8弾！健康経営度調査の提出前 - ニコニコニュース,https://news.google.com/rss/articles/CBMie0FVX3lxTE5oMHRsMmphczZ2ZGxZYzl6RzM0LUVGVnA3OWlKNGZpT0JEeVF6elktanhWejY1ZEZ4M096VkN0SEdQMkN2NWZrcVlZTHVJSHY3dDVQaldDTlhORFowam1xeHB2dDA2WnQ4Q3ZfSWFVUU5SbmJlclg3T3M4OA?oc=5,"Thu, 03 Sep 2026 09:15:17 GMT",2026-09-04T09:04:04+09:00
GoogleNews:健康　調査,健康　調査,令和7年度健康食品試買調査結果|3月 - metro.tokyo.lg.jp,https://news.google.com/rss/articles/CBMidEFVX3lxTE1oNWRiOFlRQWp0V2JhTEdIQmtFbUVYaDloQ19UNm82d05lQlNCNVBoU1FxalcxcDBQd2tPTG41ODl1RVMyaWxyZXZEWkdSSUpzdFFHOXpTcmxzbDRXa0kyUlZDbDFlWmZLbTNHRmdkS01uWVpt?oc=5,"Mon, 23 Mar 2026 07:00:00 GMT",2026-09-04T09:04:04+09:00
GoogleNews:健康　調査,健康　調査,甲状腺検査の利益めぐり応酬〜福島「県民健康調査」検討委員会 - OurPlanet-TV,https://news.google.com/rss/articles/CBMiS0FVX3lxTFBKUFlOSmZ4bTB2VU5BYzdkaFNCQUFZQ1U4Z09vM0J4WmVMUklLYWVMTWNHYTNBbnUwQW5MMlVsV1ZrM3gxZldDRVhkWQ?oc=5,"Wed, 25 Mar 2026 07:00:00 GMT",2026-09-04T09:04:04+09:00
GoogleNews:健康　調査,健康　調査,奄美市健康体験交流施設再整備活用プロジェクト - city.amami.lg.jp,https://news.google.com/rss/articles/CBMiZ0FVX3lxTE1IVkp0ODNuMzRNOF95YVh4aVczVHpPVjYzN281c3F5QjhVbTI5ZjdmRWVUcmMySVR4ZFpHSlI5eE5XaXdqVGhmZko3dWRlRTdoSnI3MHpQSHlucEFlT1E1cTJKbnR4Ymc?oc=5,"Wed, 01 Jul 2026 07:00:00 GMT",2026-09-04T09:04:04+09:00
GoogleNews:健康　調査,健康　調査,船橋市の特定健康診査について｜船橋市公式ホームページ - city.funabashi.lg.jp,https://news.google.com/rss/articles/CBMic0FVX3lxTE1Hb0lXWDhzTmQwSWVPVUpFV3N6Q3EzTnRZaXpKNkxZZEgzNFFINkJQUGhGSGF6VkI0blRwblJLV1cyc1dZOUpFcUxFa25CM294eGltMi1vQUZSZ25PcjZLbnQ0YmlYbWZjbExKV0hZSWVaT2c?oc=5,"Wed, 01 Apr 2026 07:00:00 GMT",2026-09-04T09:04:04+09:00
GoogleNews:健康　調査,健康　調査,能登地震と豪雨、被災者1割に健康リスク 県調査 - sankei.com,https://news.google.com/rss/articles/CBMidkFVX3lxTE14R3BiTVV1YUpMNnZpVjFsN2FTdW9TR1RRcC02UV84Zm9tUWQ1RWF0S2NQNEZtVXFQWWxndERQZjlJSFNWcUpMb1ZhbHNsYWdZTXZscEJ1ZjYtT2dOVFFoNkNYLWpJYS1GNS1WSDIzZVhNczBzMUE?oc=5,"Tue, 18 Aug 2026 07:00:00 GMT",2026-09-04T09:04:04+09:00
GoogleNews:健康　調査,健康　調査,平成15年度 県民健康・栄養調査結果（概要） - pref.kanagawa.jp,https://news.google.com/rss/articles/CBMiaEFVX3lxTE5ucnBXZUktcFBjZHBHZVlBSXF3TWZCRm9HakJJcWF0aWROeDVfREZFODdjeWI1N2x0WGlVTDNGUnU2WkJZdU5YTHY5bHpPSm8xNWVIX0daMURHRWZSdElaVzFJMV9qMkct?oc=5,"Fri, 26 Dec 2025 08:00:00 GMT",2026-09-04T09:04:04+09:00
GoogleNews:健康　調査,健康　調査,「しびれは悪化の一方」やまぬ救済の訴え 健康調査の実効性は? - 毎日新聞,https://news.google.com/rss/articles/CBMiaEFVX3lxTFBoSEZZMzVDQTRUTURpX2d2aUdHYXljN0l4T3I0dkI2OGUzVzhSMHNmSm5NbUFJSGN3NVc2bTE3Ql9SWkllMDl4c3cxTU5CQThOa0Z0aW82RTdHM0EyMWRPLXEwTjI0T1Nl?oc=5,"Fri, 01 May 2026 07:00:00 GMT",2026-09-04T09:04:04+09:00
GoogleNews:健康　調査,健康　調査,健康経営度調査で「睡眠」が独立設問化。ニューロスペース、5万円から始められる「健康経営度調査対応 スマートスタートプラン」を提供開始 - PR TIMES,https://news.google.com/rss/articles/CBMiakFVX3lxTE9IYjZjdTZVWUtLS2M0UkQyZUtwM01jUEdwbVZIRm55SUtVa2QxQkhhc2J0dWpZanJhMnpFdjdwWGU1am1aOW8tUEF1QTZmdkRxRWNzRGV4dXh3N1VzTzJGMl8yaFFxTXpRV3c?oc=5,"Tue, 18 Aug 2026 07:00:00 GMT",2026-09-04T09:04:04+09:00
GoogleNews:健康　調査,健康　調査,調査会新設、女性健康課題に貢献 日薬連、政権の動向に反応 | 日刊薬業 - 医薬品産業の総合情報サイト - 日刊薬業,https://news.google.com/rss/articles/CBMiSEFVX3lxTFBxNEsyT2REc09HTGpkNFBIc01YOEEwNmV6UmNIaE12UWhiNXNhR1FfQW9yb3AtWTRMeGpYVmNraXpVSVpfbUxldw?oc=5,"Fri, 15 May 2026 07:00:00 GMT",2026-09-04T09:04:04+09:00
GoogleNews:健康　調査,健康　調査,能登半島地震の被災者7346世帯の健康調査結果 仮設住宅居住者で心理的ストレス「高度リスク」が増加 - TBS NEWS DIG,https://news.google.com/rss/articles/CBMiWkFVX3lxTE5lMUVWeGFfei1xT085YndkSzVGa25SNmhScnlWWXpsMmRTcmpJWnpJN05wLXNLcktWWGxZRGdpeElsNkxRSjBwUDVidldkT3NtUUdzRlJxM0Fldw?oc=5,"Tue, 18 Aug 2026 07:00:00 GMT",2026-09-04T09:04:04+09:00
GoogleNews:健康　調査,健康　調査,日本能率協会総合研究所 「健康ニーズ基本調査2026」を9月に実施 - Newscast.jp,https://news.google.com/rss/articles/CBMiT0FVX3lxTE1BNDliQ05vTlJza3lwU05PTVl3cmxjcXJTTU91QURpX3ltTVF3cmtEdm9VdzRlZ3dzdWVWc2s2SlBOSGlaYXF1dVBlanQ1a1U?oc=5,"Wed, 19 Aug 2026 07:00:00 GMT",2026-09-04T09:04:04+09:00
GoogleNews:健康　調査,健康　調査,能登半島地震と奥能登豪雨の被災者 仮設住宅生活で心理的ストレスのリスク上昇 石川県が健康調査 - 日テレNEWS NNN,https://news.google.com/rss/articles/CBMihwFBVV95cUxOWXFSRUw0UHBSUjhwQ00tY2lIeXhLQUZabnpHZ085VGFRV0V2aFBtczY4ek1xeUtLc0I5Wm1VeWl2TDhyV0pqTUh6NDhaMXVZQnJjQS1MU0xjNWYtR255ODlWWW1JRmZDaWlYaUFHc0RndFBsRXRYNVJOeThpTFJPd2FMYWtBVDQ?oc=5,"Tue, 18 Aug 2026 07:00:00 GMT",2026-09-04T09:04:04+09:00
GoogleNews:健康　調査,健康　調査,各種検診（特定健診・がん検診等） - city.satte.lg.jp,https://news.google.com/rss/articles/CBMib0FVX3lxTE5NeXVzRHJaYU8xSmpYNWRzZEVOdzJGZHp1NEx4ejBHZU9DWndlUWZFRWNOZFdFMk9Ca3BBMm9UOXg3ZW5yRXZxLUNiOS1QOGJSNDNHSHhTYXN1bnFITzg0MzdFQU1Tc04xaU9Ub1dPQQ?oc=5,"Fri, 01 May 2026 07:00:00 GMT",2026-09-04T09:04:04+09:00
GoogleNews:健康　調査,健康　調査,水俣病対策に111億4千万円、環境省が概算要求 健康調査の開始、見通し立たず（西日本新聞me） - ｄメニューニュース,https://news.google.com/rss/articles/CBMiiAFBVV95cUxPLWE3NUNzSjVuUU5zdkZ5QkdSUVJBQlVyMGxwT1ExaHMxQnE3dl9MVHRldmlFUUwzeV9xWWNiY0VVWE5KaHM3TkxHTFh3S3lrTEh6SE5GZVJkU1VGUDZLU0NHN0czdXVZT2NPRVJsbkE0TG9lNHJ6TnFvMVdkRHRjVlJwZmxBMHVy?oc=5,"Fri, 28 Aug 2026 06:15:00 GMT",2026-09-04T09:04:04+09:00
GoogleNews:健康　調査,健康　調査,令和8年度 成人歯科健康診査 - city.funabashi.lg.jp,https://news.google.com/rss/articles/CBMib0FVX3lxTE51emtVWVVxTTFyQzROTTk5NThFVV9sTncteWU3MzhLYlBhYVFsLWhWNkJIaEtoa0FvSzJ0bzNubXU0cTZHaS1uOElhN2MxVnY1eEsxVDV0UnR4dU1OQk9JZ2hLZFloX21abzYzVVM1SQ?oc=5,"Tue, 28 Apr 2026 07:00:00 GMT",2026-09-04T09:04:04+09:00
GoogleNews:健康　調査,健康　調査,［水俣病公式確認70年］「住民健康調査」科学重視の国、救済求める被害者団体の間に深い溝…新たな線引き懸念 - niigata-nippo.co.jp,https://news.google.com/rss/articles/CBMiXkFVX3lxTFAwMVdVdWdqcXpIQk1NYnlhLUctWk10TE1EVjFpcGk1MUJRSC1vSlVwRm1RU1RteTFRcDdoUHhoakNwNDA1NW5SWUhyMzFYcGUycmJiR3k0SXFrU3g4Z3c?oc=5,"Mon, 08 Jun 2026 07:00:00 GMT",2026-09-04T09:04:04+09:00
GoogleNews:健康　調査,健康　調査,特定健康診査・後期高齢者医療健康診査 - city.ibaraki.osaka.jp,https://news.google.com/rss/articles/CBMiogFBVV95cUxPdFNJYkdPSjJrR0ZnbjZSV3hOZUthSUVIeU9YV0JORkd5RnFBb000dXZNNDVvNXBBanZ5cXpGb1hGTXdOYXctbUVoYjVadGZlY2I1bU1xS0RBY1h1YnlKMkpoNDY0YlgxY29tckQ3aU11LURyWndiZjNzc0pKVnpLd1FCOHdMSnBjd2pfWmx4LVhZVXV6Mm9DeU9TYjIzQi1HeHc?oc=5,"Wed, 01 Apr 2026 07:00:00 GMT",2026-09-04T09:04:04+09:00
GoogleNews:健康　調査,健康　調査,水俣病住民健康調査に患者団体が反発「全容解明調査と言えず」 - NHKニュース,https://news.google.com/rss/articles/CBMiWEFVX3lxTE8yYWZMOE9MOGYyNEVXQTF0SlNaamYyMkFPWmc0ZHdVa2ZuUUlyNUx5ZDN4MXBTMGp0N3FzaTdWWlFZVHhoanR2cmFEM3J2V0p2Mkh1Qm1kNGs?oc=5,"Wed, 25 Feb 2026 08:00:00 GMT",2026-09-04T09:04:04+09:00
GoogleNews:健康　調査,健康　調査,一般生活者480名を対象に『AI健康相談・AI医療に対する意識調査』を実施 - PR TIMES,https://news.google.com/rss/articles/CBMiakFVX3lxTFBPNktiR3hqMFptcUhoOU5UV0JFdXRlZ3pSeF9JYWhHM3ZhSy1hUi04a0kyMWo3ZFpOSzlIRzZqLVJFRjJZY1ZSQk9lT1JpQXN0TWJRRTM4V2xvSnZQYnVfWjZkQlhFMzlBZkE?oc=5,"Thu, 14 May 2026 07:00:00 GMT",2026-09-04T09:04:04+09:00
GoogleNews:健康　調査,健康　調査,【桜の健康診断2026】 桜の健康状態は衰退傾向、全国平均で過去最低を記録 - 株式会社ウェザーニューズ,https://news.google.com/rss/articles/CBMiTkFVX3lxTE5EYmEwVG1RRU5wa2tkRmtvNVFEbXl2cF9JdEVYM29sSGU0QXZ0TElqWTdqUFJhT2dLMjdSTEJvc0FfOEJ5V3hyR1p4LTRxdw?oc=5,"Fri, 12 Jun 2026 11:16:27 GMT",2026-09-04T09:04:04+09:00
GoogleNews:健康　調査,健康　調査,子供の2型糖尿病、有病率は想定を上回る可能性～全米小児健康調査｜ニュース - dm-net.co.jp,https://news.google.com/rss/articles/CBMiWEFVX3lxTE9yVVhOcVNRUkpfQnlNMUNiQXljWll2YkdoYUs1TFZOYUVjeWpXaDNNdk04aWY1NFB4SDg3clI4RVoxMi1GeDhjTjdpNGRJNlppZkFlU3Zjaks?oc=5,"Thu, 25 Jun 2026 07:00:00 GMT",2026-09-04T09:04:04+09:00
GoogleNews:健康　調査,健康　調査,令和7年度学校保健統計調査結果 - pref.niigata.lg.jp,https://news.google.com/rss/articles/CBMib0FVX3lxTE44ZWI4TzVHMzJfalQxU1czQmF2Q1ZzT3dFem8xcVZMdGdGa3F6UHhNXzBodTJFMGwyRDE5QUhZdVgwdXFNT3MyemROR0lfWjVxNE1RanEtR1ZFLWtXRFBfU2pYbXRIM2dXczZLMnprRQ?oc=5,"Thu, 19 Mar 2026 07:00:00 GMT",2026-09-04T09:04:04+09:00
GoogleNews:健康　調査,健康　調査,18~39歳の市民限定！令和8年度スマイル健康診査【今年度の受付は終了しました】 - city.maebashi.gunma.jp,https://news.google.com/rss/articles/CBMiiwFBVV95cUxNa1FQODNvNlJZbnVjcVJBYmxLdzA5NUFGZm5Ec19kblA4Wmg3OEc1RUloQW1fNVgxMlZ2dmdfUkZXTGpVVWY3NUlJY3NKbGJpVVY0QTVfUVJ6dTB1bGpxYXc2MDcxdDZ0VWxNSTRmc3VPTzJMT1JBWHl5YmZhZlpYV3paSnVha3JRSW9F?oc=5,"Tue, 28 Jul 2026 07:00:00 GMT",2026-09-04T09:04:04+09:00
GoogleNews:健康　調査,健康　調査,被災者の心と体　健康調査の結果がまとまる - ｄメニューニュース,https://news.google.com/rss/articles/CBMifEFVX3lxTE5lcjJBeVNRRVRnckZ1RWE1WHpNdGpiN1k4cHNZOTBaVk56NWRQZ3lKazhVeHc1QXMtVmhuVmxEVjBHT04yaTE1UFZqZjUxUVUweHgtS296VzZXd1NtNmpnS2Q5ak9VNUlyWHRMcWtxcDE1cUh3bGpTODJUOVTSAYIBQVVfeXFMT0N0aW9zYmtCTldfeWI5TkpJSGM2NjZjNXV1LU9kdHBXcTNNWUw4bVVOWjUxOWxFVFpnWHBwTHdKTDhsUTdZUzFmdWdZd1UyNm9RUkFjRGIyTnpzaUJLWFB3NGpqX1Bpb0wxZEQyNFJRa21KamEyUDVVT2pwNDVUdUtOUQ?oc=5,"Wed, 19 Aug 2026 07:00:00 GMT",2026-09-04T09:04:04+09:00
GoogleNews:健康　調査,健康　調査,環境省、水俣病健康調査の試行開始 法施行16年、手法には異論も - 毎日新聞,https://news.google.com/rss/articles/CBMiaEFVX3lxTE5aMVloeWI3RU80QXhWQ1RmRWh3RXdVWVVCNzQ5el9Md2p0TUlYWUJkYTNGdjV0Ujhmc3ZTdzROS3k5ZDhzZ1d0OWRCVHRFLUYteHJqNmdSMzZVRmRjaXlkMnMzR3FQSG9r?oc=5,"Thu, 20 Nov 2025 08:00:00 GMT",2026-09-04T09:04:04+09:00
GoogleNews:健康　調査,健康　調査,東京都の学校保健統計調査 - kyoiku.metro.tokyo.lg.jp,https://news.google.com/rss/articles/CBMihwFBVV95cUxNRDdtVW1jRlRveXRCd3NsNDM5Z3BvNk9PMHdXRGNrTGJkTGhLOUVmbEJhQ0kwTWNULVozYWJpMG9yaTdJYVhUYjNvZ1N3eWpiTkFkS1Y1c0pOWlhyUWIwUDc1UGJnVGFiMDZnU05WMFVWOGIxQUwwNlZSY093UWxDakt4emlhRWM?oc=5,"Fri, 27 Mar 2026 07:00:00 GMT",2026-09-04T09:04:04+09:00
GoogleNews:健康　調査,健康　調査,令和7年度厚生労働省 老人保健健康増進等事業・社会福祉推進事業・障害者総合福祉推進事業 - nri.com,https://news.google.com/rss/articles/CBMiZkFVX3lxTFBGaHRmaE5sejd4eDdKMUhWSVhDTE9zaW5GQzlRZk5SbGRBaVBRYXFpb1FNY3JnRjVFdENmdFNJQWQyVlpIVmIyNTlPSGtPMVhvOXZQV01kY2REM21LdjdYQUZyOXhqQQ?oc=5,"Thu, 30 Apr 2026 07:00:00 GMT",2026-09-04T09:04:04+09:00
GoogleNews:健康　調査,健康　調査,がん検診のご案内 - city.nagoya.jp,https://news.google.com/rss/articles/CBMijwFBVV95cUxQM2I4a0pQQzhyTVNGOWg2MEtBOWJWSFdzSHJhanVqX2FNQ0l3VkZWOUgySFpGaHcyOVZaOE82eUZ3Ti1taXhOVjNicGdJQ2dEV20tWm5MdF9sbWtoQ3J6SDR3NnpBeGpiVW5oN0xULXJJUWJYdTkyV1ZFMU1HQTN2RklrcmNZRTg5RVBUam5zaw?oc=5,"Wed, 27 May 2026 07:00:00 GMT",2026-09-04T09:04:04+09:00
GoogleNews:健康　調査,健康　調査,がん検診、健康診査などのご案内 - city.fukuoka.lg.jp,https://news.google.com/rss/articles/CBMingFBVV95cUxQT2R5MlNnQ3Q0bHBzdW9Dek1fcWxidTNTcndTSl9ucTJNTXh6UUI1UEpNMnVkRURHNFM3QXJnQ1pzdzhRZjJlbGpBOEN1VWxBaUFKanZMUE0za3dKS0s2SG9DSUhNOHVsTU5Gb3MwZWwybTZGQzhjQWxOWjFhQ25QUFc0b21ZYUpXT2pxOHBLOFNWdTFwR1loclhBZmtDUQ?oc=5,"Wed, 01 Apr 2026 07:00:00 GMT",2026-09-04T09:04:04+09:00
GoogleNews:健康　調査,健康　調査,パートナーシップ証明制度と性的マイノリティの精神的健康との関連を調査 | 医療・健康 - TSUKUBA JOURNAL - tsukuba.ac.jp,https://news.google.com/rss/articles/CBMieEFVX3lxTE1zc1VQc0xpbmcxTlU4emxTT0cwdHowX0w4N2xyRVBiNUJhTGhwU3hsQkdwbW9jZzczZmRnR3hLQ3IxR1RQYVI0NlVLMUdQN1kxWDhrSzlmY3Qwb3h6WVFDZXNiUUVtLUt0RTVPLVZEMDRPR2VjSTFvYg?oc=5,"Tue, 19 May 2026 07:00:00 GMT",2026-09-04T09:04:04+09:00
GoogleNews:健康　調査,健康　調査,令和8年度 3歳児健康診査 - city.hachinohe.aomori.jp,https://news.google.com/rss/articles/CBMikAFBVV95cUxPVEtuLWZ3aVV4SFBHbk16SmdZUXc4S1VPU01qNGljNmFxZGlCYXloR29yWGxZeEo3NWdUOWUxWDRMS0JTVm52WE5UMXBmNFJKOTFUSHozREN2UHkwWnRWTVJUOEYyVnVxSl9XRm9aMzdtekRqX3FkbnJzSHk3cHpSeWJvNGI4cl9wZmktakI4UzY?oc=5,"Wed, 01 Apr 2026 07:00:00 GMT",2026-09-04T09:04:04+09:00
GoogleNews:健康　調査,健康　調査,イタイイタイ病「要観察者」認定なし 調査対象の47人中 患者・要観察者ともにゼロ 富山 - TBS NEWS DIG,https://news.google.com/rss/articles/CBMiZ0FVX3lxTE9PTDVBNFRfOG05VHFCWjRtSW9fZHhKMmRUcHNORF9GLThBTHpVMGZpYlN4d0M0SEYtVldrZ1VNWTdJUzBDaGJSV1haVmI4aWNmak5yeE5PdnpZNUR4akwtdGpJR3J2TU0?oc=5,"Sun, 09 Aug 2026 07:00:00 GMT",2026-09-04T09:04:04+09:00
GoogleNews:健康　調査,健康　調査,仮設住宅やみなし仮設の住民、ストレス悪化 石川県が能登半島地震・奥能登豪雨被災者の健康調査 - 中日新聞Web,https://news.google.com/rss/articles/CBMiVEFVX3lxTE1wU2F1eEJ5XzBQbW1MZ29uWDVxUC14S29rLU1jS25yRkpwbFA3bHdSNlJNQ0hXbnFVaTJGbFZfQ2RMeXZIQzVaTDVTZGRnQTJpZ1pkbA?oc=5,"Wed, 19 Aug 2026 07:00:00 GMT",2026-09-04T09:04:04+09:00
GoogleNews:健康　調査,健康　調査,若者が健康に暮らすには…1人暮らし月27万円必要 岐阜で調査 - 毎日新聞,https://news.google.com/rss/articles/CBMiaEFVX3lxTE93MWZ4RWVCcUx5QTd0ZmJsUUxyTjVoeF95SS1POVFOX3N6bjhyenBaOFJGWk9vb2VsMjVYM0J1UVNyM04wMW5JSHdwUG5ZVEp3aTJtdkhOeldUYXVRclFzLXJ5Y2RCMG82?oc=5,"Mon, 18 May 2026 07:00:00 GMT",2026-09-04T09:04:04+09:00
GoogleNews:健康　調査,健康　調査,住まいにおける幸福や心身の健康に関する調査報告書 | 株式会社LIXIL住宅研究所のプレスリリース - PR TIMES,https://news.google.com/rss/articles/CBMiakFVX3lxTFBrU0NrOV85Q3A1MXRGbGR4ckVjeFBEYkhZeWVXR01iVXY2UDNETndZMlZxUlVKa1lBMlQ3bVlpeHVDOHQwNUZxQWREQkQ4OHdoUGR0SWNNdUJNbzlFQ3U1WnJhNVA2aDAwMEE?oc=5,"Fri, 15 May 2026 07:00:00 GMT",2026-09-04T09:04:04+09:00
GoogleNews:健康　調査,健康　調査,（水俣病７０年）埋まらぬ溝、健康調査で国追及 患者・被害者団体、環境相と懇談 - 朝日新聞,https://news.google.com/rss/articles/CBMiXEFVX3lxTFBqdW9mRGNMY1FIc2x5T2E1MTFoYWIwR3hHTnI0UVgyS0wxVlRyNmdTcWx3T3ZYd2N2cThuUlhaeGRfLXFmS3QxYm91YkRoRTl0VVpobEUySTVkYXM5?oc=5,"Fri, 01 May 2026 07:00:00 GMT",2026-09-04T09:04:04+09:00
GoogleNews:健康　調査,健康　調査,熊本で水俣病健康調査、試験に32人参加 2026年度実施に向け - niigata-nippo.co.jp,https://news.google.com/rss/articles/CBMiXkFVX3lxTE9aR0x6bEM4WVExemFkRE12UDdsMjFvQ2NMenpzNEJ2dE5pY2Rwc19obEtwT0JJTGpuZ09MTlVmam9xUVdaWUZRckgwVW5uZlU2OHl4VzFnUm1PSzVpRVE?oc=5,"Tue, 24 Feb 2026 08:00:00 GMT",2026-09-04T09:04:04+09:00
GoogleNews:健康　調査,健康　調査,英政府、50万人分の健康情報出品経緯を調査 中国アリババ巡り - ロイター,https://news.google.com/rss/articles/CBMijAFBVV95cUxPSmMteWdmY0stMU14VEtPT3lSX2JpWk9YWkNpTGpWRnFPNDh1VFl3SGxCUWg2TTZ1aUF6akhPdDV3TmpadnRYUmU4Z2VpaFZTSUF1QmdwSlVNN2NUZXNfQW1fOUNGSzJyeVc3ZV92bFVIQVRUMEFFSTNwMEs2aVJ3aWNGYTBnTE5KOXBRTw?oc=5,"Thu, 23 Apr 2026 07:00:00 GMT",2026-09-04T09:04:04+09:00
GoogleNews:健康　調査,健康　調査,一次産業従事者の目の健康に関する実態調査＞ 一次産業従事者の3人に1人が「目の不調で仕事・作業に支障がある」と回答 一方で、4割超が目の不調を感じてもそのまま仕事を続けた経験があることが判明 - 株式会社インターメスティック,https://news.google.com/rss/articles/CBMiUkFVX3lxTE5GbEhIQWtISzdEZVZ2Zm0xcUdwLVVSXzJ5d1hZdGNVU2d0S21CV1NFaFUtdEg0Ql9XTHRWclJvR25PaUhwaFA1VjJ2NXJ4ZjNVTlE?oc=5,"Wed, 15 Jul 2026 07:00:00 GMT",2026-09-04T09:04:04+09:00
GoogleNews:健康　調査,健康　調査,ＰＦＡＳ検出で住民ら８０３人、ダイキン工業に健康調査など求める公害調停申請…企業相手では全国初 - 読売新聞,https://news.google.com/rss/articles/CBMiZkFVX3lxTE9XczVtbllIdEc3NzhKUmYtLWY1Qm1ETks5YmhCQ1YtRXBzRWVFbVJsdU1jdUxGQmRQVEhfa1gtejJyVFBrMXJ1dDctY05GM195N1l0elliMzRfamtnWTFzNWhRR3d0QQ?oc=5,"Wed, 24 Dec 2025 08:00:00 GMT",2026-09-04T09:04:04+09:00
GoogleNews:健康　調査,健康　調査,水俣病の健康調査、千人規模に 環境省、26年度から実施予定（共同通信） - Yahoo!ニュース,https://news.google.com/rss/articles/CBMif0FVX3lxTFA4cEFNNjYzUVBLNmtWa3R3dUFpZG5UcXlpNFlKcF9QWFZsR3ZzRkZHZXM4R3lZTS1TRmtDRU5SQzVBS3VhYmJvVHpibHRmU1dCWndmOUs4alBXSi1UWWpfcEpUNE54WlZOQ0hGYmpqcVBBbnkzYmM3N01qTGZwczQ?oc=5,"Wed, 22 Apr 2026 07:00:00 GMT",2026-09-04T09:04:04+09:00
GoogleNews:健康　調査,健康　調査,渋谷区の女性の健康充足度はなぜ高いのか 調査が解いた環境とウェルネスの関係 - 朝日新聞,https://news.google.com/rss/articles/CBMiVkFVX3lxTFBFZnI2emtjMlpFTFZkSE5tYk4yQkU3UTZLaGd6WjZMX0ZEUk9za3lIczU3QmE5cmhnYnJkVUFscGppb3FUb3ZZM0stYWVzaUtJeER4dGpn?oc=5,"Thu, 19 Mar 2026 07:00:00 GMT",2026-09-04T09:04:04+09:00
GoogleNews:健康　調査,健康　調査,「本当にこれでいいのか」 長い時間と多額費用【水俣病70年第3部 健康調査の行方⑤】 - 熊本日日新聞社,https://news.google.com/rss/articles/CBMiT0FVX3lxTFBsNmtUWDc3UDBwWE14WmttMzhvNU1CcWpXbUxKekxUZXhOTmI1cTQ5VlllQ3pyMUxXVnBxSkdvTjdERzBRZEdiTEswRWgyU2s?oc=5,"Sun, 07 Jun 2026 07:00:00 GMT",2026-09-04T09:04:04+09:00
GoogleNews:健康　調査,健康　調査,被災者の１割に健康リスク 能登地震と豪雨、石川県が調査 - nnn.co.jp,https://news.google.com/rss/articles/CBMiUEFVX3lxTFBCaEIxcndCVFZFTHlUQ3ZWT0RIVEpFdTJXRkFEUWJXMmJxSFhLWUtyZ0IxM1N3bWtnR3NqVkJORFNGaUdST1g0ZUR4YzRBUGZR?oc=5,"Tue, 18 Aug 2026 07:00:00 GMT",2026-09-04T09:04:04+09:00
GoogleNews:健康　課題　政府,健康　課題　政府,女性特有の健康課題 対応可能な医療機関公表など方向性確認 - NHKニュース,https://news.google.com/rss/articles/CBMiX0FVX3lxTE5tazVKcVFEekdmZnltWmtjenh4clFWUF9yNkNweG90MDE0Y3NVQUN2ZXkyQngxaVVxX0FrQjQyX3Q5V25ST1BWTV9iNmd5XzA1SlUtLUlmaGpudUpURmln?oc=5,"Mon, 25 May 2026 07:00:00 GMT",2026-09-04T09:04:07+09:00
GoogleNews:健康　課題　政府,健康　課題　政府,女性の健康問題、診療アクセスしやすく 政府が新会議 - 日本経済新聞,https://news.google.com/rss/articles/CBMibEFVX3lxTE5UVFZ0cFBheC0yOEd5WWZfSVVoSndPR2tiajZjSGpJSHlOeDZybUh5YTAtRTJlLWNVS1RfMlJ1c2xBdi1RazdRSURLWXh4S19JN1VUWU12TVdKLURvQzhPTXVpMlBBYnA4TERWRw?oc=5,"Wed, 24 Dec 2025 08:00:00 GMT",2026-09-04T09:04:07+09:00
GoogleNews:健康　課題　政府,健康　課題　政府,女性の健康課題巡る経済損失は３兆円超、解決目指す「フェムテック」広がる…トイレにナプキン・体調予測 - 読売新聞,https://news.google.com/rss/articles/CBMibkFVX3lxTFAySV9aTXpoVUhRbmp1MExITHk0WE5zZWVQUi0wSGZ5SFpmV0hlRGNrV1I0X0xuNklXY3lxQ2FTTTRCS01JTXUtbjhYajdtZ1RrSmdMVzVHTkhfTGw2dU1NcG1HRWEyRTNDVWtjUllB?oc=5,"Sat, 25 Jul 2026 07:00:00 GMT",2026-09-04T09:04:07+09:00
GoogleNews:健康　課題　政府,健康　課題　政府,更年期世代の女性を適切な医療へ 対応機関、ポータルサイトに掲載（共同通信） - Yahoo!ニュース,https://news.google.com/rss/articles/CBMif0FVX3lxTE01QmxHUlFCUEN2c3R3Y3JkemJQdnp3Wnp3VkdwRHRWWGFlME9rbTVGOWRLNlRXT3BfLUszaUlRYy1DQWVUTndtXzBTc0ZUYnlqWlJDYm5EZnlZbTZBR2U2dFNDUUlPd3JMd1NDYWpwRWJrd2ktalcxa3hZMm8zV1k?oc=5,"Mon, 25 May 2026 07:00:00 GMT",2026-09-04T09:04:07+09:00
GoogleNews:健康　課題　政府,健康　課題　政府,健康寿命を延ばす“攻めの予防医療”骨太の方針に反映へ（2026年5月25日掲載）｜日テレNEWS NNN - 日テレNEWS NNN,https://news.google.com/rss/articles/CBMifkFVX3lxTE1Ycm8yT3dsV2JFTG9VTlZpbDdTNl9ZQl9KaVVuQjJEVlNBbUt1dnNhOVNwb0RuN003VmtrWnp3VVJEWjVmY212blktY0JGWWRWTUlWTEUwZjBDUC1jX0N4WkczSFIzalp3dlc1dV9ZLTQ0UlMtaUg0U2VuNzdUdw?oc=5,"Mon, 25 May 2026 07:00:00 GMT",2026-09-04T09:04:07+09:00
GoogleNews:健康　課題　政府,健康　課題　政府,佐藤副長官“攻めの予防医療” 今年夏の「骨太の方針」日本成長戦略に反映へ - TBS NEWS DIG,https://news.google.com/rss/articles/CBMidEFVX3lxTE9YR19rZkpScktxVGhTcjdfOFNCOENfMDRYSjhqRG9TTFZLVFNmX2g2UjdfV2l4R2REUlFDUzdmMDZwMHk3T1Npa3FxNlB4MXVUQklxTUxFLXp1YXo4M3IzcHFaSzJIc29ibm1RQU44bnlTUzlh?oc=5,"Mon, 25 May 2026 07:00:00 GMT",2026-09-04T09:04:07+09:00
GoogleNews:健康　課題　政府,健康　課題　政府,女性活躍推進の強化 - 政府広報オンライン,https://news.google.com/rss/articles/CBMiZ0FVX3lxTE1vSmZnZGFxVXRMUkYzc2hYY2tsdndBc1F4TktHRmFfVmlNeWl1TjRUS2Z1Tm1zYW9lNjBLM2RBWDNsNF9ENmpjTXpwOEw5RHFvbDA4UFgzOXhaSktiTExDd2p5RGxrTkk?oc=5,"Mon, 22 Dec 2025 08:00:00 GMT",2026-09-04T09:04:07+09:00
GoogleNews:健康　課題　政府,健康　課題　政府,政府、健康寿命延伸へ有識者に聞き取り 骨太方針や成長戦略に反映 5月にも論点整理 - sankei.com,https://news.google.com/rss/articles/CBMidkFVX3lxTFBKa2g5QVBndzZyMTdCTmZrTDhoOVgwbFRZWncwbUwwZWJOYWwwZ3ZYaFhvUTZ5eWxQZTZwcjJTelhxdGh5ZFZJZzk3VXdXNzdRSHM1WEZmM1VpUDduZzFvaXd3aGN1Z1RqLWFwX2NFWWFEUG5Za0E?oc=5,"Mon, 09 Mar 2026 07:00:00 GMT",2026-09-04T09:04:07+09:00
GoogleNews:健康　課題　政府,健康　課題　政府,更年期世代の女性を適切な医療へ 対応機関、ポータルサイトに掲載 - 静岡新聞DIGITAL,https://news.google.com/rss/articles/CBMiTkFVX3lxTE9CcEF6N0NCbkdxQ1VVQ2t6RExna1pRclJKZV9IbDZFNDJQUWRjazdNM2ozRjU4ajYtMW5tdU90SlRJRmlUM3lWbC12Y3ZYUQ?oc=5,"Mon, 25 May 2026 07:00:00 GMT",2026-09-04T09:04:07+09:00
GoogleNews:健康　課題　政府,健康　課題　政府,健康寿命と平均寿命の「10年のギャップ」に挑む。マレーシア政府公認プロジェクトと、日本の整形外科専門医がサステナブルな「エシカル・ツバメの巣」の共同臨床検証を開始 - Newscast.jp,https://news.google.com/rss/articles/CBMiR0FVX3lxTE0wdHB2VnBYeHR6V3p5c3otbE9HZkFmcFhrNldvZFZzWjdYT1k0TUxtOThhUWl5c1pPVFo1ZlVuVlNXVjBYQk5z?oc=5,"Thu, 06 Aug 2026 07:00:00 GMT",2026-09-04T09:04:07+09:00
GoogleNews:健康　課題　政府,健康　課題　政府,二つの政府レベル、喫緊の課題は一つ：医療情報における混乱を防ぐこと。 - Vietnam.vn,https://news.google.com/rss/articles/CBMioAFBVV95cUxQREhCNEwzODl5WUgxMjIxU1FvYUJ4MHBEc1Y0NFNKeE82c3BJMkp4UGE5enhNQWNwc1RGdHpzUmhDRHNER2poeFlYLXNRVlFzVndnLVdjMG8tdW8tZlcxem9WNkVmdWtDdmtGcUFNZ3BrZXJBUkxlVXpZQ0RqbENEM1oyejVyMXNhOXpUNUk0NmRqVU5TZE9Tek1salFvNmJ2?oc=5,"Thu, 27 Aug 2026 07:00:00 GMT",2026-09-04T09:04:07+09:00
GoogleNews:健康　課題　政府,健康　課題　政府,"日本政府、キューバ東部における水と衛生および母子保健サービス強化のため1億4,700万円の無償資金協力を実施 - UNICEF",https://news.google.com/rss/articles/CBMivwFBVV95cUxNWnpIbDN2VlFvdzk2Wi14V055UzBualJGNDRyX01ZWThrZWloR3JpTVd5OUhMbFlTZVlvMzIyTXFpQXhkSnpkUUJGcEFHYjZjQnFpVjRQNy1sazlhNGdxcVdySHVaVTNhNVBuQUZCZTBaOXZVLWFlX1hjdlhfRm9ER0F6c0lmMVdGdm5Hb3JMY3drWHpyZ1FONlR0S3E5Zm1NbGhNa05ORERlSTNNTEJ1eEY0U2toYzEtQi1kZGM4UQ?oc=5,"Wed, 17 Dec 2025 08:00:00 GMT",2026-09-04T09:04:07+09:00
GoogleNews:健康　課題　政府,健康　課題　政府,政府 予防医療に注力 健康寿命を延ばす環境整備へ - NHKニュース,https://news.google.com/rss/articles/CBMiX0FVX3lxTE5BN0Ffb016dHZoWGhCQWFYSnlTdjFVNzl2SUJ4bVBFWlhGN1VlaXpWWTZaZXhoemxrV0M2NDdCWVNTVDExSDY1UHRBNlIxSkxWVGpNMXF3OUxtazNZb3VB?oc=5,"Sun, 04 Jan 2026 08:00:00 GMT",2026-09-04T09:04:07+09:00
GoogleNews:健康　課題　政府,健康　課題　政府,女性の健康課題巡る経済損失は３兆円超、解決目指す「フェムテック」広がる…トイレにナプキン・体調予測 - 読売新聞,https://news.google.com/rss/articles/CBMif0FVX3lxTE1TRS1TWjRUaEZxNC1EY2o2TngtWGIzSjdjeDZVazc2TXUydnVfbWloM3VxNnA2cEZ0YU4xbHJDR0ZGcFNYN0djTzNDZzlJVzM2cW5yYjZBVlg0c1cxazQxOW1EYjNPMnRFa3pzQzVvZHRZaUV5VXh0bHg1UXF1cVk?oc=5,"Sat, 25 Jul 2026 07:00:00 GMT",2026-09-04T09:04:07+09:00
GoogleNews:健康　課題　政府,健康　課題　政府,更年期、どこを受診？ 政府が医療機関検索のポータルサイト整備など更年期対策強化へ - sankei.com,https://news.google.com/rss/articles/CBMidkFVX3lxTFBKZkVIUS1DSTluT21PYWMzc0hob2dyUXZmYUt2NUhyd1A2bl9ySXc0a3doMVRpVUJkdnRxTW94LXd6YmdjR3RIMi1SbXJvSjZ3UkU2R2pyY3Bab2xYYVNZLVVidjVPU2JnMnpSWWZhRGdNbXRaYUE?oc=5,"Mon, 25 May 2026 07:00:00 GMT",2026-09-04T09:04:07+09:00
GoogleNews:健康　課題　政府,健康　課題　政府,女性の健康、診療体制整備 政府、更年期障害や月経に対応（共同通信） - Yahoo!ニュース,https://news.google.com/rss/articles/CBMif0FVX3lxTE5WcWtfYTRXSkF1ZFA4LTI4bGZ3eElzZzR6Q2FFdVQ1enlpdmhraHE0V2ZCZkZqb2RXN1hxdW5tVzVVUVJ6WXljZG94OV9FdlYtek00aWVXWXhQQWdycXlnQ082b1FXb1RnWFE2YlR0MkZQQklIZE1paGtLWUdPZHc?oc=5,"Thu, 25 Dec 2025 08:00:00 GMT",2026-09-04T09:04:07+09:00
GoogleNews:健康　課題　政府,健康　課題　政府,女性活躍で日本成長と首相 健康課題解決へ支援強化 - 静岡新聞DIGITAL,https://news.google.com/rss/articles/CBMiTkFVX3lxTE95Z3luWEczVUJZb3JPb3BPRXg3N05CUFpQdS1wN3pLQWF4ZWpnd2t2dVZobW5pcDM0SkZ2QWpBMkp3akZGWTZqYlZ4REJkQQ?oc=5,"Sun, 08 Mar 2026 08:00:00 GMT",2026-09-04T09:04:07+09:00
GoogleNews:健康　課題　政府,健康　課題　政府,男性の更年期障害など健康課題、経済損失は1・2兆円超 国は研究に本腰 国際男性デー ととのえるココロとカラダ - sankei.com,https://news.google.com/rss/articles/CBMidkFVX3lxTE1vSG4yMDlqZzlLTHFxV2otZDlNMHdQUVlvRndhN05WN3dzZzVEZ2w2eGlIdlVublpTVmVkdzNmblFENnRpRkZWM3lRTmtOaTBmc3o1WFNQOVZVZDl3WlVDanJRbmNnUzJzSTVaWUlrbnpDZlYtd2c?oc=5,"Sat, 25 Oct 2025 07:00:00 GMT",2026-09-04T09:04:07+09:00
GoogleNews:健康　課題　政府,健康　課題　政府,働く女性の健康支援を促進 指針改正へ、休暇整備や相談体制 - 静岡新聞DIGITAL,https://news.google.com/rss/articles/CBMiTkFVX3lxTE9nSEozN0FjNFRhTVNZYkFaRW5TVFlGV2xsVXByZXhScmI0VE5YS2NvUWF2TnpGb25QTmxzXzNKbldCZkVNRTV1ZmZVNWpLQQ?oc=5,"Thu, 02 Oct 2025 07:00:00 GMT",2026-09-04T09:04:07+09:00
GoogleNews:健康　課題　政府,健康　課題　政府,「私も更年期が早くて…」 高市総理“女性のヘルスケア中高年期編ガイダンス”に共感 政府としても取り組み進める考え示す - TBS NEWS DIG,https://news.google.com/rss/articles/CBMidEFVX3lxTFB6X2Q3Q2tSQU05WDg5XzJ4ZDZtWXFJNWkwdXFETGVXaDlYUUNyM1h2WnowUkxidWotSGhNaXNqZWw2RVNBRXowckw0VmJkazBrU1d4aEg4NFJkdnRrUkdjVElkMDAtZlR1QTlkOFJpS3BOdmN1?oc=5,"Thu, 23 Jul 2026 07:00:00 GMT",2026-09-04T09:04:07+09:00
GoogleNews:健康　課題　政府,健康　課題　政府,高市首相「私も大変しんどい思い」 女性の健康課題対応に意欲 - 毎日新聞,https://news.google.com/rss/articles/CBMiaEFVX3lxTE92a01uSU9DaUg1ZFowZEhuOXJ2N25yWDJ2Z2czeUprY2duVm5yeVdnM2FlNDVQR0VYa1FHTG9fNWk4S1VpbDBObTVfdGFmSzZQbUx4TXBZX1BUWFpYT3lIdDg5amZRampi?oc=5,"Thu, 06 Nov 2025 08:00:00 GMT",2026-09-04T09:04:07+09:00
GoogleNews:健康　課題　政府,健康　課題　政府,女性特有の健康課題の理解促進 - pref.shizuoka.jp,https://news.google.com/rss/articles/CBMikgFBVV95cUxNYTVQRER4RTNWanBLSk41WDFLSXVYaUZHOFNhcFE3VkFtRkFPY08xNTBHLXlPVWRUbllMZm9QRUxvZjRzaklwRWpta0FBZGM3aW9Fbnk2dUxVU1pPT2tMeUlQanUwNkZSc0ZkS3hWNWVpZGdiRUhOVGVqTlhuQWhnb05qMjktc2lPNFFPcXJibHhRdw?oc=5,"Thu, 03 Jul 2025 07:00:00 GMT",2026-09-04T09:04:07+09:00
GoogleNews:健康　課題　政府,健康　課題　政府,不妊や更年期、女性の健康課題の研究を本格化、政府が司令塔創設へ - 朝日新聞,https://news.google.com/rss/articles/CBMiZkFVX3lxTE03OHdkTlE4bjZwQzNLb2V2VlRwSXNFbEFJVzhpdHJpa2d2dnlJMW9LTlZIVS1kZ0EwSlNRTmpEVlVPXzB6aVQzcDVNRFdhTUREUzhpWVpON2V0cFFRNUk5cjM2X09Edw?oc=5,"Fri, 31 Mar 2023 07:00:00 GMT",2026-09-04T09:04:07+09:00
GoogleNews:健康　課題　政府,健康　課題　政府,女性活躍推進へ健康課題の解決を - 公明党,https://news.google.com/rss/articles/CBMiVEFVX3lxTE5uLUFBQWQ5UE9QbTR1X2MzLXZibmUtV2x2V0F2TnRJZXdDdDhHblExZDZLYzJORTA5TEMtMU5ZTGZwVGZmQXBtTHNRRXBtYVdHMU9CZA?oc=5,"Mon, 08 Jul 2024 07:00:00 GMT",2026-09-04T09:04:07+09:00
GoogleNews:健康　課題　政府,健康　課題　政府,「女性の健康」特化のセンター、国が開設 経済損失への懸念も背景に - 朝日新聞,https://news.google.com/rss/articles/CBMiZ0FVX3lxTE1udEZtejV3N0VVNnJfbHY2OTY1bFRGRnhSWk1vcnVld3drQXFLWnM5VjdYY09UQ0YyMGJNTWoyNVhvbjFiZW9TRGg0UUwzZ3M3dFhLT3hXUHZINTNzVzlhNDlCNVVHMk0?oc=5,"Tue, 01 Oct 2024 07:00:00 GMT",2026-09-04T09:04:07+09:00
GoogleNews:健康　課題　政府,健康　課題　政府,女性の健康課題、経済損失3.4兆円 経産省試算 更年期などで離職・休職重く 睡眠改善・体調把握に補助 - 日本経済新聞,https://news.google.com/rss/articles/CBMibEFVX3lxTE9xVW9TMlhHaFA0bjVvdWgzQUtGSWlRMkRoeDdRTS1OaHZWWWQzWWw2QnU3SHVxejk1Zk4zY0IzOGhTMGF2dndvT3VHeXpESjRBWTdTWllrbmU0VHlpZVRRZ0YyU2tMRFhBUHdPWQ?oc=5,"Tue, 20 Feb 2024 08:00:00 GMT",2026-09-04T09:04:07+09:00
GoogleNews:健康　課題　政府,健康　課題　政府,労働者の健康保持増進措置のあり方 (2026年6月25日 No.3734) - keidanren.or.jp,https://news.google.com/rss/articles/CBMia0FVX3lxTFAxckp3dW1IbFRQUXVnMkw3R1RJVDdfeHdBM00xMWFqdkI3Yy1wTTdfNTdsa0Y3Nmt5TXk3YW5GYUpZeUNCdTJFUnRPQVVBbzRHcVZYVlBVNlBPekU3RzA1X2xneF96WGcxMmVj?oc=5,"Thu, 25 Jun 2026 07:00:00 GMT",2026-09-04T09:04:07+09:00
GoogleNews:健康　課題　政府,健康　課題　政府,ズバリ聞きます！ - 公明党,https://news.google.com/rss/articles/CBMiVEFVX3lxTE1wSmhTUUdrQkJPalRSVGVoUnZmQ1E3VXJxallFOGxMSVphcVdIUThlTTN1YXFWV0c4UWRyaWhycndrQ2FmblpqWVBsanlRSzZwZkYxaw?oc=5,"Mon, 02 Mar 2026 02:37:08 GMT",2026-09-04T09:04:07+09:00
GoogleNews:健康　課題　政府,健康　課題　政府,世界の健康課題に、官・民連携でもっと存在感を - 日経ビジネス電子版,https://news.google.com/rss/articles/CBMiZ0FVX3lxTE5rejhCcFdHX0JzOHU4TkFoNV9vZXptcG9waGtxWDBVSm9jWU5OOUZTRmVqRHI1N3dISV81V0U1VTZQcEtMX2VxaXZvc0VXTlY3Q1VpVkhFTHJSbVhQd1pPLXVJdHFjaXc?oc=5,"Mon, 20 Jun 2022 07:00:00 GMT",2026-09-04T09:04:07+09:00
GoogleNews:健康　課題　政府,健康　課題　政府,全管理職必読。「女性の健康課題」はビジネスの必須教養 - newspicks.com,https://news.google.com/rss/articles/CBMiU0FVX3lxTE9QWHVhQ3JMV1NUYUVETzJIbnptOUx0N3FSQkl5OGJZTHRtWElnUFdib1h1SU9OX2dYQkh5VXlYalp0ZjhneTF4RW1yWElqYWlBYTRR?oc=5,"Sat, 21 Mar 2026 07:00:00 GMT",2026-09-04T09:04:07+09:00
GoogleNews:健康　課題　政府,健康　課題　政府,SDGs目標3「すべての人に健康と福祉を」の取り組み事例｜世界・日本・企業別 - 国際協力NGOワールド・ビジョン・ジャパン,https://news.google.com/rss/articles/CBMiZ0FVX3lxTE9XZUd0azZMWDRpek4tTWNpUUtlandIWWswOHVBX2JoUUQxM0h5M1dmVUVoLVFSdHhzRXdlU1dYNnhrZERqeG84TlE2RU85YTVzVzE5bDEzWkNGSDJtZmxnZl9WWDNiUEk?oc=5,"Tue, 25 Mar 2025 07:00:00 GMT",2026-09-04T09:04:07+09:00
GoogleNews:健康　課題　政府,健康　課題　政府,フェムテックが切り拓く女性の健康課題解決とビジネスの可能性 デジタルヘルスケアの新潮流【前編】 - PwC,https://news.google.com/rss/articles/CBMigAFBVV95cUxOd3pEMVhkb3o0SEFBRmlFTm5FM1Z0SVVwVGhBMjY1c3B2d2lkNU9FYUFRT3dYejlVMnB0dWp5bTJJbTU5TjJBQ1o4RTVBV08wT0JjYUpHQ3o3WEJ6UzFrd29PRm00TExKbGx6bnhKODBZNU5WbHhXMWdrTHF4ZUJ5NA?oc=5,"Wed, 09 Oct 2024 07:00:00 GMT",2026-09-04T09:04:07+09:00
GoogleNews:健康　課題　政府,健康　課題　政府,【政策提言】共同声明「地球と人の健康を同時に守る～気候危機を健康・経済・成長の『機会』に変える日本型プラネタリーヘルス戦略～」（2026年6月24日） - 日本医療政策機構,https://news.google.com/rss/articles/CBMiVkFVX3lxTE1yWG43RDA2UzY3LUI3RVZOc0F5cGJ3X1RCVVpfQlMzVkp2ZEZmYmJWRDdPbUNUWEhSUFpJSXkxdGNWenpVT09MdTB6MkpzdVZOY1ZtWnpB?oc=5,"Wed, 24 Jun 2026 07:00:00 GMT",2026-09-04T09:04:07+09:00
GoogleNews:健康　課題　政府,健康　課題　政府,女性特有の健康課題、歯科健診はどうなる？～労働安全衛生法に基づく一般健康診断の検査項目等に関する検討会 中間とりまとめ～ 産業保健新聞｜ドクタートラスト運営 - ailesplus.com,https://news.google.com/rss/articles/CBMiS0FVX3lxTE5IWjJ2TlhaeE5wbWxRUVBXNGhRWkNmX012V01HNGVZeV81dDVpdDlqYnE2WTFXbzJ5TXQzMUVsSjdlWGdEU2s3SXgzMA?oc=5,"Fri, 24 Jan 2025 08:00:00 GMT",2026-09-04T09:04:07+09:00
GoogleNews:健康　課題　政府,健康　課題　政府,女性活躍から10年、法令対応は「義務」から「戦略」へ 「個の力」を最大化し、イノベーションを生む土台の作り方 - ウーマンズラボ,https://news.google.com/rss/articles/CBMiVEFVX3lxTE9TYVl4a0J3OVp0OXMtdGNIT2VqUllmWXJ6Z3pnTnUzNng3TlBhbFhjc0MzdllobmdBNHZHVmxrYXlyWXVCZHNiQndQSDd6QmZndUZWUA?oc=5,"Tue, 27 Jan 2026 08:00:00 GMT",2026-09-04T09:04:07+09:00
GoogleNews:健康　課題　政府,健康　課題　政府,健康日本２１（総論） - mhlw.go.jp,https://news.google.com/rss/articles/CBMiY0FVX3lxTE14LWpLWWNWdFJwaWtYUmpZZlBXaENCZ3V0NnZTZmtURFdNNW1aU0drY09TR1ByTjRVaFVQdFd3eTZ3UHRMYzFnakVUVlFzc3BmakZ3dTZkTnVxSkhkYkgyZkVDTQ?oc=5,"Thu, 05 Jul 2018 06:53:25 GMT",2026-09-04T09:04:07+09:00
GoogleNews:健康　課題　政府,健康　課題　政府,タイ・バンコクで健康増進施策に関する日泰の官民共催セミナーを開催 - mri.co.jp,https://news.google.com/rss/articles/CBMiWkFVX3lxTE9BNWNEak04TXdpRm9CdVItd1ZnRHhSZDBtazdvOW84NV9SdWtfa0UxQnJTb0czdlFyaXM0bW16UDFFdy03TUJuZGhXMG90WVpkNlhIU0Z6Vktqdw?oc=5,"Fri, 27 Jun 2025 07:00:00 GMT",2026-09-04T09:04:07+09:00
GoogleNews:健康　課題　政府,健康　課題　政府,フェムテックが切り拓く女性の健康課題解決とビジネスの可能性 デジタルヘルスケアの新潮流【後編】 - PwC,https://news.google.com/rss/articles/CBMigAFBVV95cUxNZTAwd3RBdjRHZ1YzamxHMHZjUFRzZDNiNXo4X2IyVkpMc1A0eDhrakpFUUNXcVJfRWhPUXdPWEF6NXozX1k2YmEyMjczaTh5MjNaelJid0xVSjdnQk5yR0Ytakh4UHpUUjhDVDdwWW9lSW1UbUE1eGc4X0tnY2VLVw?oc=5,"Wed, 09 Oct 2024 07:00:00 GMT",2026-09-04T09:04:07+09:00
GoogleNews:健康　課題　政府,健康　課題　政府,地球の健康は、みんなの問題。グローバルヘルスをZ世代と話します｜with Planet - 朝日新聞,https://news.google.com/rss/articles/CBMiXkFVX3lxTFBsZzlpam1Qb0tabFNNeG1mc2M3WklkaGdLa2ZjY28yMEVlR0xraDQyTDlXbWhGcVNoVjg2anNUeWdLY3lhMVNDSXZYM0tTRnZielc3TFNtN043RkZfMFE?oc=5,"Fri, 21 Apr 2023 07:00:00 GMT",2026-09-04T09:04:07+09:00
GoogleNews:健康　課題　政府,健康　課題　政府,高齢者の7割「物価上昇に不安」 働きたくても健康問題に壁【高齢社会白書】 - PT-OT-ST.NET,https://news.google.com/rss/articles/CBMiY0FVX3lxTE43MGxtTF8xTlRaZ1VPWEpKSWphanJQczV4NFNZblVYNjBTY09PLUstaFBSdlpES0U4SWpYV2hEM19pT09DVWpXazVjTWRuS19PbmpkUGhfbVZtYnFlalJSTG9law?oc=5,"Wed, 25 Jun 2025 07:00:00 GMT",2026-09-04T09:04:07+09:00
GoogleNews:健康　課題　政府,健康　課題　政府,Flora株式会社、経済産業省「グローバルサウス未来志向型共創等事業費補助金」に採択 日本型健康経営モデルのインド展開に向けた調査を開始 - PR TIMES,https://news.google.com/rss/articles/CBMiakFVX3lxTE11YnZXS2lfb0FneTJPS2pUclJxWk9uR1d1c0t6QTVqaXFJSFNESDgwRGVEV2FfejEzQWZVaTQ1Nm1PVnpscUxPUlNNR29hdWpMVURya3BsR3JyRUZmUmZFdUlNcU1sN1M2Y3c?oc=5,"Fri, 11 Apr 2025 07:00:00 GMT",2026-09-04T09:04:07+09:00
GoogleNews:健康　課題　政府,健康　課題　政府,アフリカの健康危機、どう伝える？ TICADを前に討論｜with Planet - 朝日新聞,https://news.google.com/rss/articles/CBMiXkFVX3lxTE5hQnhFY3VhbEVCUTlLSHZ2MExjWGVWelVPTVkzb3pCc1dvaW10amJyWXBSNEVxR3RjVzg2ZllDVGw3ZG1CejJsMnRtbmNEY25VZ3diSUh3NVpNeUJXVVE?oc=5,"Tue, 25 Mar 2025 07:00:00 GMT",2026-09-04T09:04:07+09:00
GoogleNews:健康　課題　政府,健康　課題　政府,フェムテック ～女性の健康課題を解決する新たな分野～｜トピックス - medical.jiji.com,https://news.google.com/rss/articles/CBMiVkFVX3lxTE5yTUx0THZOVmdueHBSc3NteHVkRHl6RjFPbXY2NlRaSXRzcEFTTEJyY0VtZU9MT0ZQWUpXN1FqQlBVX0Jrdk1Ka1pLZXBmVmR2aGZhM3JR?oc=5,"Thu, 29 Jun 2023 07:00:00 GMT",2026-09-04T09:04:07+09:00
GoogleNews:健康　課題　政府,健康　課題　政府,世界の健康のために日本は何ができる？ Z世代が政治家に提言｜with Planet - 朝日新聞,https://news.google.com/rss/articles/CBMiXkFVX3lxTE1WMVJLcXg4aF94cnY1MnVKNWg3S3RYMHlybFFaVkc5NXUzYktXdFNQY05EQnp4UFp4QWJiVjhwTUd5cmxLQk56bDY2T1NwVU5lZEp2aU1KRVNOeTFneXc?oc=5,"Thu, 06 Jun 2024 07:00:00 GMT",2026-09-04T09:04:07+09:00
GoogleNews:健康　課題　政府,健康　課題　政府,2023年版開発協力白書 日本の国際協力 - mofa.go.jp,https://news.google.com/rss/articles/CBMijAFBVV95cUxQNl9QWW5jTGRGSWdsd1hnZmVXUHhnMkNGVVVJZG1aajFmMjZMT3o1N1k5c09ndkwxVDJOcTZXU2xIUldvWHF5eEg1alRIRXZCZ0xLbWVOUjJVbzZvWWRvWVhUeWRvb0QzWDJXTGJOQ3hadmNpV1hmeERYV1FXMjNZMXhpQVdwX3AwZzVPZA?oc=5,"Fri, 13 Sep 2024 14:52:07 GMT",2026-09-04T09:04:07+09:00
GoogleNews:健康　課題　政府,健康　課題　政府,【お知らせ】グリーン保健医療システムの構築に向けた大きな一歩：世界保健機関（WHO）執行理事会における日本政府代表団による「気候変動と健康に関する変革的行動のためのアライアンス（ATACH）」への正式な関心表明を支持（2024年2月16日） - 日本医療政策機構,https://news.google.com/rss/articles/CBMiUkFVX3lxTFAtQ1hTcC1RT3pqVEpHYUdlVmgta1lvZ1Q5ZUlUcmYzYzJQN3ZqM3dwOERZeV9EQmo3Wk55NzdnMTlYQVNnUU1Hd05odDdWRFFyZnc?oc=5,"Fri, 16 Feb 2024 08:00:00 GMT",2026-09-04T09:04:07+09:00
GoogleNews:健康　課題　政府,健康　課題　政府,【Weekly News】女性の健康支援モデル事業に４自治体、大学発ベンチャー過去最多6220社に ほか - ウーマンズラボ,https://news.google.com/rss/articles/CBMiVEFVX3lxTE5BUHl3bWNIVGJCakNWSE1sbDZxVFdESkJMZXh6ZmtpUzc3VkU1S0h6YkU5dnBGb1Z3N29pZmJuT0hWSFhEWkF4UnM0MFRUdmdzRGlINA?oc=5,"Mon, 15 Jun 2026 07:00:00 GMT",2026-09-04T09:04:07+09:00
GoogleNews:健康　課題　政府,健康　課題　政府,世界の健康の課題に官民でどう取り組む？ 政治家と若者が語り合った｜with Planet - 朝日新聞,https://news.google.com/rss/articles/CBMiXkFVX3lxTE1kYTR2bWluVXN5dndITXRiT0VVRW15YTFVYlpUdFRCcFdMYkN3OVZiZE8wXzlhME42V3g1MXpBZGlSOHUxRVNuTkNSLTItb0ZOclBjS0xDdXpURXNUOEE?oc=5,"Tue, 17 Jun 2025 07:00:00 GMT",2026-09-04T09:04:07+09:00
GoogleNews:健康　課題　政府,健康　課題　政府,不妊治療と仕事との両立のために - mhlw.go.jp,https://news.google.com/rss/articles/CBMiWEFVX3lxTE1jX2VFTEJJbHV0ZUdNMmlSVE52UlhVQTVSX0dQTGYtRGE1VGhibXVlcXRLY1RncVJOUG00d1FfbndxeW1xVjRJUVJyR2JuX2sydThiczZUODI?oc=5,"Fri, 23 Oct 2020 12:01:29 GMT",2026-09-04T09:04:07+09:00
GoogleNews:健康　課題　政府,健康　課題　政府,【政策提言】環境と医療の融合で実現する持続可能な健康長寿社会～プラネタリーヘルスの視点を取り入れた第3期健康・医療戦略への提言～（2024年12月20日） - 日本医療政策機構,https://news.google.com/rss/articles/CBMiVEFVX3lxTE9FdHRTZXBnZGJMT1lTMUhyTzdCRzFjVkQ4WmRxa3NvMG5oeHdTRWZBRzdfX3hfZWVlY3FicW1OLS05MXItaGZzelQyZ3lhNnVCNUlFcQ?oc=5,"Fri, 20 Dec 2024 08:00:00 GMT",2026-09-04T09:04:07+09:00
GoogleNews:健康　課題　政府,健康　課題　政府,管理職を目指す女性たちのキャリアを妨げる女性特有の健康課題とは - マイナビキャリアリサーチLab,https://news.google.com/rss/articles/CBMiZ0FVX3lxTE1qVk1tc0drUkRzSlA1ME1BcWxQSnMwUktneG5ibHdFSVRXRVJ1ZGNrLVJLbzZKS0VRVFdPMk1hTGEwakJBZUxCVmVOd0g0VzgtVmh4NmxwVXJ4a2VTZU5rTGtKcV9GRXM?oc=5,"Wed, 27 Dec 2023 08:00:00 GMT",2026-09-04T09:04:07+09:00
GoogleNews:健康　課題　政府,健康　課題　政府,日本の健康課題に対応した栄養評価システムを（株）明治が開発 既存システムとの比較で妥当性を確認 - sndj-web.jp,https://news.google.com/rss/articles/CBMiS0FVX3lxTE56VnljY0Y3dEszZjY4cnp1Si0xSWdiV1VNaHBnTm1peFZNQ3BFQVRoUFNXWXMwWEFsaU5Ma01xaUtIaXZ4cnV3TmdLTQ?oc=5,"Thu, 30 May 2024 07:00:00 GMT",2026-09-04T09:04:07+09:00
GoogleNews:健康　課題　政府,健康　課題　政府,医療問題でISSから早期帰還、健康問題を経験した飛行士本人が公表 NASA - CNN.co.jp,https://news.google.com/rss/articles/CBMiVEFVX3lxTE1UVzJCYlVUa3ZRWFRjRVVGalFadUlZRDFrQURUZlh3b3ZPVm1rWWNad2p5UUM0SktVaGJHVGh0dmd2R2JyZ0pSNjBiT05sMXJoaWNUbA?oc=5,"Thu, 26 Feb 2026 08:00:00 GMT",2026-09-04T09:04:07+09:00
GoogleNews:健康　課題　政府,健康　課題　政府,2024年のグローバルヘルスを考える。気候変動と人間の健康のいま｜with Planet - 朝日新聞,https://news.google.com/rss/articles/CBMiXkFVX3lxTFBRZlBKM1pJSDFYY3p4Ul85b21zMlZWVHR1dGRWQ1I5TW9Vcnl1YVNkODg1a1BOVUNpOXZNdzFTSEh4OGh6OWZ3T1FKbzU5bmowZmUzYzhkTHdnTUNPa1E?oc=5,"Mon, 22 Jan 2024 08:00:00 GMT",2026-09-04T09:04:07+09:00
GoogleNews:健康　課題　政府,健康　課題　政府,性や健康の「正しい知識」を広める人材養成のテキストが物議…障害への偏見や、優生思想的な排除を危ぶむ声 - 東京新聞,https://news.google.com/rss/articles/CBMiU0FVX3lxTE8xR1Zfd1pfYjV6Y0pON2ROQTFpaTdVRFRiUE9QOFZMM1JTR05sR3F3d0gyRXFTM0lHanFydHVJZ25mU2FlaEtFQmZjakRVUThEMXlj?oc=5,"Sun, 24 May 2026 07:00:00 GMT",2026-09-04T09:04:07+09:00
GoogleNews:健康　課題　政府,健康　課題　政府,気候変動がもたらす健康被害 危機感募るアフリカ諸国 識者に聞く｜with Planet - 朝日新聞,https://news.google.com/rss/articles/CBMiXkFVX3lxTE1TTGx2Z0pwN0twRm8yRE9vaGFTY2dBYTBBYjN6R0NOWWdIMFUyWVJnSnMtWmphMTV0dmdFUlN4bXhKbjMtb0NVdFRYQVJ2MzJiR2tISUdqTExQVmtzT0E?oc=5,"Thu, 11 Apr 2024 07:00:00 GMT",2026-09-04T09:04:07+09:00
GoogleNews:健康　課題　政府,健康　課題　政府,【共同声明】グリーン保健医療システムの構築に向けた転換点 | 特定非営利活動法人 日本医療政策機構のプレスリリース - PR TIMES,https://news.google.com/rss/articles/CBMiakFVX3lxTE91ZFlyenQwVDJFMHdsY3ZrMm5JN3BUZDc4R1JVOGVwWDNOY2FlSWhVZ3Ewb2w5UUtYeTRDQ3R3OXJSMXBEZlFTeVNtVVJxM3IxbkVTazExLXBSSldBa2kxaldmc3VmT1hrN3c?oc=5,"Wed, 05 Jun 2024 07:00:00 GMT",2026-09-04T09:04:07+09:00
GoogleNews:健康　課題　政府,健康　課題　政府,男性の更年期障害に注意！意欲喪失、就労に影響も… 骨太方針で取り組み明記 - 静岡新聞DIGITAL,https://news.google.com/rss/articles/CBMiTkFVX3lxTE9nS3YxRVBKaXEzbzEwVzdkY2YxekkySmx4TUk1bHhWd1J0MTloQ2FUaWNrYTVtbXRyT2VWbXdoUFRNRFBIOGVod0lfellZZw?oc=5,"Tue, 19 Aug 2025 07:00:00 GMT",2026-09-04T09:04:07+09:00
GoogleNews:健康　課題　政府,健康　課題　政府,利用率は４．５％に届かず…「マイナ保険証」の課題は～健康保険証は２０２４年で廃止予定 - RKB毎日放送,https://news.google.com/rss/articles/CBMiV0FVX3lxTE9aNG5PX0tzdzA2SFZiaWw1aGU3MlJUMUI2VDB5dGZHTmRzNmstX3dlNW5FdzJkUGtVV3ZiVkRlVlRYWDVGT0hSMXZKNW1qVFljN0g3Si1ZRQ?oc=5,"Fri, 12 Jan 2024 08:00:00 GMT",2026-09-04T09:04:07+09:00
GoogleNews:所得　食,所得　食,米低所得層に広がる「食の困難」、消費者心理悪化の要因か＝ＮＹ連銀調査 - ロイター,https://news.google.com/rss/articles/CBMiekFVX3lxTE1SU2g4T0prWExnNk83MG01dzByeHFwZWNpcUVnanJNSTQ2REtuM2ZUaEdoM0RFYVNTNlVXYnRvVlVHdms1YlUyOUplWnptTmxydERqbzBSbnQ4NVV3SmNjYkxfbTZjNE0xVXdQQWUxZ3ZZZ3FKUG5ET0hn?oc=5,"Wed, 27 May 2026 07:00:00 GMT",2026-09-04T09:04:09+09:00
GoogleNews:所得　食,所得　食,【休日に3倍増える「1日2食以下」の子どもたち】続く物価高、「食」が奪われていく家庭の実態を調査：フードバンク利用のひとり親家庭アンケート | 特定非営利活動法人グッドネーバーズ・ジャパンのプレスリリース - PR TIMES,https://news.google.com/rss/articles/CBMiakFVX3lxTFA4bFZCOGNYOVEybzl3NS16T1lKTUJ6emVVY2d3eXhrR1hTeURLRnZwMm9Renh4dmREcllzZlhjNENET1I2RW1SVDN0TktIOFhzVm5JSEg5alY0UXJreFp0TzI3X0NHWko2MUE?oc=5,"Tue, 14 Apr 2026 07:00:00 GMT",2026-09-04T09:04:09+09:00
GoogleNews:所得　食,所得　食,夏休み 子どもに昼食提供/愛知 みよし市 全国初 １食３５０円で | しんぶん赤旗 - jcp.or.jp,https://news.google.com/rss/articles/CBMidEFVX3lxTE9nQ3d1d1U3NVh3ZHVCV3NVUGFkSGlYTXAxbTZGSzJLY19LOW91Unh2M2IyNzBPTXhvb2d6VWpiUHRZT2ZfSFBxdHlZSXFOQnZBcXl2ZmtfUlFOMXlES0F2cEptM1VONXB2OW9DQkdmR1M1SFJx?oc=5,"Fri, 29 May 2026 07:00:00 GMT",2026-09-04T09:04:09+09:00
GoogleNews:所得　食,所得　食,"高所得者層ほど肉とスパゲッティを好む､では低所得者層は…データでわかった""収入差""による食生活の格差【2025年12月BEST】 - PRESIDENT Online（プレジデントオンライン）",https://news.google.com/rss/articles/CBMiWEFVX3lxTE5xWmlrdXZ3QUlBMkM2b09LbnNIVnppN2VvTnJNVW5KRnN6UFN5bXo2N1F3VTVVc1FROFhIZVJwaHdXUkpjclhXT0dDWkowVktkdzdESUlJOEQ?oc=5,"Sat, 10 Jan 2026 08:00:00 GMT",2026-09-04T09:04:09+09:00
GoogleNews:所得　食,所得　食,給食のない夏、“食の支援”が必要な子どもたちのために。【ひとり親家庭への食品支援ボランティア募集】 - SDGs fan,https://news.google.com/rss/articles/CBMibEFVX3lxTE12RTZHdGktbnJCaVI4bmRWSmk2cVlfSmdESHYwSEVWalJ4RTc2VWxER2lRY0MycW1UWEsyblZINk50WEJrOVFfTkw5R1p4cDlIX3NaNWFNOWtSVnRFMDZkSV9oanBndURIQzd0WA?oc=5,"Tue, 14 Jul 2026 07:00:00 GMT",2026-09-04T09:04:09+09:00
GoogleNews:所得　食,所得　食,低所得者のペットフード支援、NYで初めてマムダニ市長が実現。動物保護団体は「前進」と歓迎 - ハフポスト,https://news.google.com/rss/articles/CBMilAFBVV95cUxOLXNYMjljY014MENiT2dlcEpKQm9DTmozRm5SM1pmWUQ4VDlWRzNhUzNGUXM1TldqYjJPSUIxcE9IMmE3MVV2UUxUX2FkRmdPYWljSzM0VThyZ2lWTVFLZmIzbVNtNENnUFpRc2V0bWY5dXl1OWVDYjZRUS00bV9fOTgxRjhFZHQwT0EzZ2FnZVZBWnBn?oc=5,"Tue, 07 Jul 2026 07:00:00 GMT",2026-09-04T09:04:09+09:00
GoogleNews:所得　食,所得　食,"画像 | 高所得者層ほど肉とスパゲッティを好む､では低所得者層は…データでわかった""収入差""による食生活の格差 - PRESIDENT Online（プレジデントオンライン）",https://news.google.com/rss/articles/CBMiVEFVX3lxTE5JNk1zbFZia0xMekJ5TzdScGNlOWxia0QySjBpaVJrc0JIcy1YUXZ0X0swMUI3cnlzQldUUmJibE5kcmtUeXFCbTJ5R3R3TnFWcDJwUw?oc=5,"Thu, 04 Dec 2025 11:55:02 GMT",2026-09-04T09:04:09+09:00
GoogleNews:所得　食,所得　食,247. 低・中所得国における急激に変化する食の選択 - jircas.go.jp,https://news.google.com/rss/articles/CBMia0FVX3lxTE5JY05Gc0RrSFlrNjdLOFQ5bFQ3STI2QjZaTUk4ZDBuWml3YkZQSExfeGlFenpCZTB3M3JkWWNFVk13UHdnekkxYXhnanZtOTdUTTZLRW5DMi10WWFnWTBtd3Uxc05WQWoyZk84?oc=5,"Fri, 05 Mar 2021 08:00:00 GMT",2026-09-04T09:04:09+09:00
GoogleNews:所得　食,所得　食,後期高齢者医療の食事療養標準負担額及び生活療養標準負担額の変更について - city.osaka-izumi.lg.jp,https://news.google.com/rss/articles/CBMingFBVV95cUxOY2FVT3NGanJKbGx6THdfRWZvVjNWZ3BkSHF3a0hscUQtVlZUMzFEbHU2RVdWZ09LVkhDLWhXZFpQYjJyYndRUU9XaV8xOThYakVuNXRjM1U0ODRPUFhTODNtOTJuODlERkc1TldIeEFBaVRNVFZ6VUhCckhzOUMtSG4xTlZacVVIYXZNMWc5UWFRaXFZUEtaSXYzZ2Z0dw?oc=5,"Mon, 01 Jun 2026 07:00:00 GMT",2026-09-04T09:04:09+09:00
GoogleNews:所得　食,所得　食,マクドナルドなどのファストフード業界で値上げにより急速に低所得者層の客離れが起きているという指摘 - GIGAZINE,https://news.google.com/rss/articles/CBMiZkFVX3lxTFAwOXRxLWdtZ0RPTnRKcTRWVkhQUWZ2dXNwN2xXSG8tdnRXT3hsRDM4ajZ0X2lQYzQ2VE9uS0QxYmhVaVYwV0pfY1VkaFhEOGplM3BFX1JZU1dIMUVRX1V4SVhkVkFMQQ?oc=5,"Fri, 28 Nov 2025 08:00:00 GMT",2026-09-04T09:04:09+09:00
GoogleNews:所得　食,所得　食,世帯所得で違いがはっきり 不健康な食習慣と飲酒習慣 - ダイヤモンド・オンライン,https://news.google.com/rss/articles/CBMiS0FVX3lxTE05eDhxWi1QM0xSY3F1dG9LSEtQVTVtbXhoeHF1aTdNd1pyY25XM1U5NzRxNFdMR0F2YjJvcjNZa3ZIWTlTQ1NLNjZsTdIBTkFVX3lxTE5mc1o3UUp5aFduSW1ReENRWmE0ZmRjMVJTS3JMUUpXV1JRT1NvVnRQNzRXWE56bUplWmM4MnUzNFBKb0hoMGZxZmc1clZDQQ?oc=5,"Fri, 29 Jan 2016 08:00:00 GMT",2026-09-04T09:04:09+09:00
GoogleNews:所得　食,所得　食,第8回 こどもの食支援の現状と課題 - nttdata-strategy.com,https://news.google.com/rss/articles/CBMicEFVX3lxTFBEVUtEd3ZvZXN5VUM1MzUzVGtTcWp1dXNma2RnTG9MUlBGSXRkMkU0eDFPbjhLTU1La3hkSzBpZ3JVcUF1OEMxMDdEWDRSak0teV91LWdEbXoyNS1fX3otY1dhRDNfcS1VX3VMM3V3V2s?oc=5,"Tue, 18 Nov 2025 08:00:00 GMT",2026-09-04T09:04:09+09:00
GoogleNews:所得　食,所得　食,給食のない夏休み、貧困家庭を圧迫 子どもの空腹救う「食」のバトン、想定超える需要 - 朝日新聞,https://news.google.com/rss/articles/CBMiVkFVX3lxTE82aFltd1ZhVlBBYnptTmZla2NPQWZDbUJsR0Y1OExlU0VUbXo0bGVUczJRSXdGcmhFMHMtX1Q1dWgxRmJjdVE1eDFkM2pYeWpOT0RWcGZB?oc=5,"Tue, 19 Aug 2025 07:00:00 GMT",2026-09-04T09:04:09+09:00
GoogleNews:所得　食,所得　食,食事療養標準負担額を引上げ、住民税非課税世帯は20円・低所得Ⅰは10円（2024年1月19日） - 社会保険研究所,https://news.google.com/rss/articles/CBMiU0FVX3lxTE1WNkstcW5TVjBoSFpZTFVUYzR6M3dlQUNqd3UwdzJmYmwxY1FUTlBvLUZqT0xzUlhLM0tBWXRDWFFfNjdpMWhZVzdzcFJjcVBab1R3?oc=5,"Mon, 22 Jan 2024 08:00:00 GMT",2026-09-04T09:04:09+09:00
GoogleNews:所得　食,所得　食,コメ農家が赤字でもコメを作り続ける理由食料安全保障と農業のキホンの「キ」（4） | 食料安全保障と農業のキホンの「キ」 - mri.co.jp,https://news.google.com/rss/articles/CBMiYkFVX3lxTE16Q1k4SG9USnItdkJaanNHcEQxM2k3WVpuNWhVSGhVLTh2UE81TUluUkxVLThoT1ZvT01WQ1E4aUgxVTQxOU5GalBEcDNkYWV0MkJlZmh6T0VxWHNYT29GQjZR?oc=5,"Wed, 12 Jul 2023 07:00:00 GMT",2026-09-04T09:04:09+09:00
GoogleNews:所得　食,所得　食,“食の砂漠”をなくす。LA発、低所得者に新鮮な野菜を届けるアプリ「tangelo」 - IDEAS FOR GOOD,https://news.google.com/rss/articles/CBMiVkFVX3lxTE9IeVRfTk05bFFmVy1VNXVzTWpZbjNMZjBSMDR5X2k5aGY2Z1NfX29RcXFWbFg4TGYtOEhHbGRNaGdNUnUwUmp5a0ozM2NkV1FJRmVyNHNB?oc=5,"Fri, 02 Oct 2020 07:00:00 GMT",2026-09-04T09:04:09+09:00
GoogleNews:所得　食,所得　食,461. 先進国における食生活のシフトによる地球・人類の健康の改善 - jircas.go.jp,https://news.google.com/rss/articles/CBMiZEFVX3lxTE1vS2JTbUM2M3RQdlRuRkxRZmx1Q1ozNUZQd09XY3oyaHFES1BKczRuN1U4c1hjcWd1V0gtb1BNcVd3dHZQUkVubnJkaGt1QTFsYUhUb0M1MmlybEJGYjVRWW1JTkw?oc=5,"Thu, 20 Jan 2022 08:00:00 GMT",2026-09-04T09:04:09+09:00
GoogleNews:所得　食,所得　食,食材料費(副食費)の免除及び補足給付事業について - city.osaka-izumi.lg.jp,https://news.google.com/rss/articles/CBMiqgFBVV95cUxPQVMyY0RrcnRrNUh6bkpSZnJPLW5qcUU5YXgzXzBnR0NhQlZ0emk4ZkFvZUlSeW9CQlZvSThiMDBWOW5OZ2VRWVdtc1g2dUYxWHVQczQzbDdmcnQ1ZDctdGRfd01LZFdLdmVsUmdTNUZSOWV4REhsd0dmZFRTWVU2UGxvSmFoSFdVVExzZURlN29JeGl3UXJlT1JhU0RQeTh4dnVxdVI0ZmVWQQ?oc=5,"Fri, 28 Nov 2025 08:00:00 GMT",2026-09-04T09:04:09+09:00
GoogleNews:所得　食,所得　食,「230円の社食も高い」 当事者が語る、“今起きている”貧困の実態 フルタイム就労でも低収入、食を諦める母――困窮する親子の暮らしとは？ 【ひとり親家庭の声】 - PR TIMES,https://news.google.com/rss/articles/CBMiakFVX3lxTE5ka1NTZmVfSmVhQ2FjeU53TVM5WmdOV2JoNWFsaE5fOEg2dWJPNGE2Q1FFNEJ5SXV3S1B0Szdldk5LZ21BNnFGdFo3VkxPeE1kUklpVXFfZjhoTndRSVQzb2R1WG9LdHQ1a1E?oc=5,"Thu, 22 May 2025 07:00:00 GMT",2026-09-04T09:04:09+09:00
GoogleNews:所得　食,所得　食,1日1食の子どもも・・・ 学校給食のない長期休みに、困窮家庭で一層深刻化する食生活の実態とは？ 【フードバンクを利用するひとり親家庭への調査】 - PR TIMES,https://news.google.com/rss/articles/CBMiakFVX3lxTE1GNm8yRl9teVBkbVdEWDNiX3pmUUVzZWI2WC1yNUhZOWtRNUNyU2pmQmwxdTNZUlEzbmhFV0swQkxKbnhMLU04d0NpRHBxYWZBMFAtVllCanlHWGZkLWJidHlZREVBMVY2Y2c?oc=5,"Tue, 25 Jun 2024 07:00:00 GMT",2026-09-04T09:04:09+09:00
GoogleNews:所得　食,所得　食,第51回衆議院選挙・各党公約にみる今後の農政の方向性 食料自給率と安全保障 第20回 - mri.co.jp,https://news.google.com/rss/articles/CBMiYkFVX3lxTE1sZ1l1eXRVVlBLemg0S0txQmtuTWZMcVhCSDZRQjhwMU9oU3FMNTQyZXRZQzBBQWdPMldFTXpOczNfM3d4MDlnZi12bUFLWm5SZE5xbVVQblZHdjBpTkNjYVN3?oc=5,"Thu, 05 Feb 2026 08:00:00 GMT",2026-09-04T09:04:09+09:00
GoogleNews:所得　食,所得　食,子どもの3人に1人「1日2食以下」 低所得のひとり親家庭 給食のない夏休み【Nスタ解説】 - TBS NEWS DIG,https://news.google.com/rss/articles/CBMiV0FVX3lxTE9YSUtLMkJscnlxaGNuVVpWRmZ1U21SUkJ4UE55UTU0MWlsblA2NmZXcXFoSU9iZjMxV1hEck9FTzZrV2Jwd09JNG10QllUZUh2T1ZhWVhaQQ?oc=5,"Wed, 25 Jun 2025 07:00:00 GMT",2026-09-04T09:04:09+09:00
GoogleNews:所得　食,所得　食,食を通じてひとり親家庭を支える、食品支援ボランティア募集【近畿・九州】 ～低所得のひとり親家庭に向けたフードバンク「グッドごはん」～ | 特定非営利活動法人グッドネーバーズ・ジャパンのプレスリリース - PR TIMES,https://news.google.com/rss/articles/CBMiakFVX3lxTE1fbGU5V2sxbVNGWEFhUzcxNDd4STJ3UmJDblZQOXZXY0xGQkJJNE1idVdHVW1MOW9xRHREbHkwWDl2by1NT3AyV1hPVXVmMW9rSHBVWmJQRWJaSmVFVUJYSGdfLXhLWmxUUVE?oc=5,"Thu, 27 Mar 2025 07:00:00 GMT",2026-09-04T09:04:09+09:00
GoogleNews:所得　食,所得　食,低所得が「食」「育児」直撃―子どもの貧困の実相（上） - nippon.com,https://news.google.com/rss/articles/CBMiVEFVX3lxTFBFSzY5cGpHTi1SMGlwNlpEbWJmZlJIWExPbjZlcFpTSEczUmFkVWZRMDUzVkdPME1TUERELThFVXNMOUVqWjljZ3NERldFWDVRVVJ6Ug?oc=5,"Wed, 16 Oct 2019 07:00:00 GMT",2026-09-04T09:04:09+09:00
GoogleNews:所得　食,所得　食,入院時の食事に係る患者負担を2025年度から「20円引き上げ」、ただし低所得者では負担増に配慮を―社保審・医療保険部会 - GemMed,https://news.google.com/rss/articles/CBMiSEFVX3lxTFBpX0RxVmpnREZ6ZFVXSjQ4Q0lkZ1ZpVllOVERLUW9Kdjl6MjVGdGJHcTRiOWJFQ3dZanJ1Qkl4UG5kNE5GWW53OA?oc=5,"Fri, 27 Dec 2024 08:00:00 GMT",2026-09-04T09:04:09+09:00
GoogleNews:所得　食,所得　食,給食のない夏休み 「1日2食以下」の子どもは低所得ひとり親家庭の3人に1人 コメの価格高騰で「お腹が満たせなく」 - TBS NEWS DIG,https://news.google.com/rss/articles/CBMiV0FVX3lxTE9RRG55ZkdMWmYtZmtDVDk2dTBJSWQ2WF80bHl2R1JEWHNZRTV1d2IwQTQ5WDVIT0xYQnd3V29mdzZWNW54Zm80RzRlYlFHdmtfbHpMQ3BVQQ?oc=5,"Wed, 25 Jun 2025 07:00:00 GMT",2026-09-04T09:04:09+09:00
GoogleNews:所得　食,所得　食,英国の人々の食への関心と食生活は？ | 地域・分析レポート - 海外ビジネス情報 - jetro.go.jp,https://news.google.com/rss/articles/CBMidEFVX3lxTE85U3pEZV9XQU1zc3NPaHJaeldmeVcwMWhDeVhfTjlndDdsZE9EWW9PSUlSN2c0UEd3Si1vYXdVOU5iMEtSM0lfRHRrN0RROURhZDROS2QxU2NtallkLUc1WkRsMTJ1cUdUcUxJMXdZSjVEelN0?oc=5,"Thu, 11 Nov 2021 08:00:00 GMT",2026-09-04T09:04:09+09:00
GoogleNews:所得　食,所得　食,低所得世帯の食事は「主食頼み」、満腹より栄養に注目を - ダイヤモンド・オンライン,https://news.google.com/rss/articles/CBMiTEFVX3lxTE9ndGRlVF9rbEhNR0Nfa2VQZmhyZUJhamF5Qkt0SklYSGh0ZWpOV2FPOWZjVDk3Z3dFM3lWTXJSZ0htZHA5dy1DOFpKeG_SAU9BVV95cUxQOTlxUzBRTTBkR2RtcXRPeTllYmpYNWlpRFJicW9SWUcyT1F4Vm40LU9oLWxGWDB4QzltdTNydGxmX2I5MkVQMHpMTEtMZ1lB?oc=5,"Fri, 26 May 2017 07:00:00 GMT",2026-09-04T09:04:09+09:00
GoogleNews:所得　食,所得　食,価格保障と所得補償を/高知 食と農を考えるつどい/紙参院議員と白川予定候補迎え - jcp.or.jp,https://news.google.com/rss/articles/CBMidkFVX3lxTE5iTjdhUmNkR1ItNUJBMXR6M3lCX1Y1VnUzSFh2Z3otZlMzcjFOOHVSS3dROTRpQjFRLWEzUElPeUlxbDA1Yng2cXJqcHRRVThzMkU3QWxLbzEwdndUUG9FcU5ENkV4MzVkdE43algxUFNxQ3NRS0E?oc=5,"Tue, 15 Apr 2025 07:00:00 GMT",2026-09-04T09:04:09+09:00
GoogleNews:所得　食,所得　食,米地裁、トランプ政権に低所得者向け食料給付全額支給を命令 - ロイター,https://news.google.com/rss/articles/CBMiiAFBVV95cUxOTU1QMVllMlVaZFJyNnRNR0lTaFhaTGlDd19ramdibEpZMUUtMnZkUG9FQk5yRXJpSkNaTkpIUk9UR1h0YXFkcFgzRXBOUkdvQmNHaU9oQkttZVVDQkpNczR4VGJlbmlZUDdPOWdaTll5bldmOXJ3R3dPX0g5WVBPVXRXbzFLVEl6?oc=5,"Thu, 06 Nov 2025 08:00:00 GMT",2026-09-04T09:04:09+09:00
GoogleNews:所得　食,所得　食,【新型コロナ】ひとり親家庭への収入と食への影響を5月と9月に調査。子どもに食べさせるため食事を減らす親が増加 - PR TIMES,https://news.google.com/rss/articles/CBMiakFVX3lxTE9BcWM5cE80V1RwaXJIZjAtZ2dFT3lYTjlkS2ROMzRmLW1hOHY5QUlUZW1WVndKU3B0MTgyM1JEZjFQY1NDT3g1c0JPeFFMU2lMY3A1QlQ1UVkwYTV6dktJei1xQTdsQXBUZ3c?oc=5,"Tue, 20 Oct 2020 07:00:00 GMT",2026-09-04T09:04:09+09:00
GoogleNews:所得　食,所得　食,高GI食、心血管疾患・死亡リスク増大と関連／NEJM｜CareNet.com - CareNet.com,https://news.google.com/rss/articles/CBMiX0FVX3lxTE1JRS10UnlDN2M2Z29CSEJ4WnlkR2tfcDFvdEVxQndOYjUzb0xZdEdnOWFoRVYtbG85YU9wTUp0cnBfeVZiU3dGZU5jSnd6QU42LTF1TjZrOERGZ2puOTVv?oc=5,"Fri, 05 Mar 2021 08:00:00 GMT",2026-09-04T09:04:09+09:00
GoogleNews:所得　食,所得　食,「夏休みの空腹と孤独をなくす」困窮する子どもたちに食品を贈る夏の特別プロジェクト始動 - PR TIMES,https://news.google.com/rss/articles/CBMiakFVX3lxTE1nY004T1RuMEd6VEU1V3JPOVBHeVNRMjMyQ29HU1FPdVlWcEVPdzJMaXVlTThGYmd1WTZyMzZvREVkVk10TV91QnNGQnZLTUNVS3k1ajVISmNjdGRuaEFJSjZiZkNIREk1Q3c?oc=5,"Tue, 21 Jul 2026 07:00:00 GMT",2026-09-04T09:04:09+09:00
GoogleNews:所得　食,所得　食,入院時の食費、1食当たり30円アップへ - 日経メディカル,https://news.google.com/rss/articles/CBMif0FVX3lxTE9Ra0tVdkNLcUZYU0RvQ3NQU01mTWZkRFoxdF9sQU5NcFlkR3RZMEQ2ZjlpdW8zdFpWN25BMHlTR1JxY2hDc2ZuZExBdU83cEt0X1BLTHJhS1BxUlFHRWdMTWphekFUT0doRTI1VDdUVm04TWVlWEV4aW9mM0g1M1U?oc=5,"Mon, 11 Dec 2023 08:00:00 GMT",2026-09-04T09:04:09+09:00
GoogleNews:所得　食,所得　食,【新型コロナ】ひとり親家庭の収入と食、子どもへの影響を東京と大阪で調査。 - PR TIMES,https://news.google.com/rss/articles/CBMiakFVX3lxTE9aTmQ4dWJZV2NlUGNLSzRxLVh0eDlKbHVRQWtJZXNOUHU5QnEwQXRwQ2FuV0pYTThfdlJoVW5VQ2poX2xxVkxheXFSTFE2Mk54d0l2c2RGRFQ5TWtQLXo4ZTZBYWhaZ2pCaVE?oc=5,"Thu, 24 Dec 2020 08:00:00 GMT",2026-09-04T09:04:09+09:00
GoogleNews:所得　食,所得　食,「食料がない時には、土手の可食草をおかずにした」 ―困窮するひとり親家庭の収入と実情：子どもの教育、体験、食事・・・あらゆるものを断念 | 特定非営利活動法人グッドネーバーズ・ジャパンのプレスリリース - PR TIMES,https://news.google.com/rss/articles/CBMiakFVX3lxTE5XNk1adGV3c3BsNXlRVS02MHlycGx3ZnNuX0JyQXpUT1oyNkw3YlhTenlUZWZHbG9ZYXBwZ3RBYmpvaVFsdzcyWkZFc2RIbHFVY2plN2V0Tld0c0FBem5TVnBTUnBZM0QxaFE?oc=5,"Tue, 08 Aug 2023 07:00:00 GMT",2026-09-04T09:04:09+09:00
GoogleNews:所得　食,所得　食,フライドポテトが野菜代わり？ジャンク食で糖尿病リスクが深刻な国も…日本人はもっと「食」を誇っていい！ - ダイヤモンド・オンライン,https://news.google.com/rss/articles/CBMiTEFVX3lxTE9jTTVsZ3JjTGhWcXN2bDdpYUlObTVYb1loMUFnX1FQRTMzRFFuMDZ0Q25RMlVXMkZDdndIc3lKT3FYRUlZMEsxcWstZ03SAU9BVV95cUxQQmJSZ0JPZi1lRWVoazZhR0NRRDhqaHRGengtbkVsZGN4SjJVeDFvcThYQmtCQlRQdTFKd28tQzJ6MWJ0Z25xeGZTR3NtQmFB?oc=5,"Wed, 14 Feb 2024 08:00:00 GMT",2026-09-04T09:04:09+09:00
GoogleNews:所得　食,所得　食,"所得の割に食にこだわる｢エンゲル係数の高い県民｣が不思議と好む､米でも麺でもない割高な""粉もの料理"" - PRESIDENT Online（プレジデントオンライン）",https://news.google.com/rss/articles/CBMiV0FVX3lxTE1hR2NxX1NmY0trT1p6azdmQS00TGVPcmkyQWF5bEo2aTRrOUk2OUZPYk1uUGM5YWZTY0ZvODFRMXJDel9jZjhKNWU4QjN1WDd1cUlrNzEzWQ?oc=5,"Tue, 12 Jul 2022 07:00:00 GMT",2026-09-04T09:04:09+09:00
GoogleNews:所得　食,所得　食,フランス、全大学生に１ユーロの学食を導入 学生支援を強化 - ELEMINIST(エレミニスト),https://news.google.com/rss/articles/CBMiSkFVX3lxTE95dkpzNk1uYlZZSWIyakNvcmJJTUtFaExtOWJUVXdwOWE5Y1ozWmtnM1VjM2RmWndqM1hZUk9CRXN0akZzdi1ESTdn?oc=5,"Mon, 18 May 2026 07:00:00 GMT",2026-09-04T09:04:09+09:00
GoogleNews:所得　食,所得　食,2026年4月「食事補助」42年ぶりの改正へ。8割以上が“実質収入”と認識、74.3%が企業選びで重視——福利厚生が採用競争の重要指標に | 株式会社KOMPEITOのプレスリリース - PR TIMES,https://news.google.com/rss/articles/CBMiakFVX3lxTE5hc0tmTXhvTnFYTXFaS3c0aDFnYnNLMDh4MWtodVNhc1R0YW9meWhYWWNTMXI4QUZTMmwwNEplQ1Q3MnMxaWJJOTlFR21va2VaSm82eFkzVWdCWVFyM21EUDlhQ2NkT0UzVVE?oc=5,"Mon, 30 Mar 2026 07:00:00 GMT",2026-09-04T09:04:09+09:00
GoogleNews:所得　食,所得　食,新型コロナによる経済活動の停滞がひとり親を直撃。75%が減収、「一日一食」「4月、5月の収入ゼロ」 - PR TIMES,https://news.google.com/rss/articles/CBMiakFVX3lxTE5MV0lMMmVfekdDY0xFcGctaHZYSThyTTVwR25PcGxpcEpPaVFFYk1tZTdpbEhvbncxOHg2VURBVnVyR1Q4OXFfeGxfX3ZMRjBxNFo2MzVQMzNVRFYtTU0xbm9nX25veDFOSXc?oc=5,"Mon, 25 May 2020 07:00:00 GMT",2026-09-04T09:04:09+09:00
GoogleNews:所得　食,所得　食,低所得が糖尿病リスクに 1.2〜1.4倍の格差 ストレスや就労困難が原因か？｜ニュース - dm-net.co.jp,https://news.google.com/rss/articles/CBMiWEFVX3lxTE5iOTJPS0dTUlo5RU9mdVJyWmw5T2IzSUF3dU4xOEVnOFJ2Ri1rWC1WLWVjUnNkZmkxbUFWZVZYRHBaYzZQQ2c0TDg1X1FNQ3RmY0FpWkZnVi0?oc=5,"Wed, 13 Feb 2019 08:00:00 GMT",2026-09-04T09:04:09+09:00
GoogleNews:所得　食,所得　食,「毎日同じものを食べる」「スープはだしの素」収入の7割投資…“リアルNISA貧乏”のうなぎくん、 驚愕の食生活を披露「すごいストイック」「何が楽しいんだ」と様々な声（ABEMA TIMES） - Yahoo!ニュース,https://news.google.com/rss/articles/CBMif0FVX3lxTE5USXpKbTMtTVNTLVEyZHQzTjFvRHNnRjlqRTNrNlhuQnBVRDRIWlA1bUpXbDVTRzl3YVpmSmdCd0xUWFFWNzAtZXlwd093bjRVSVM1U1BiMllXd3RndG9ub2Z5SlpuZGRNa0IxOWhacHRSYktTNGtaMWQ2cl9UeHM?oc=5,"Sat, 29 Aug 2026 06:30:37 GMT",2026-09-04T09:04:09+09:00
GoogleNews:所得　食,所得　食,所得や社会的ステータスが高い人ほどCO2排出量が多くなる「納得の理由」 - JBpress,https://news.google.com/rss/articles/CBMiX0FVX3lxTE5JbzNraTN2M09yejFnY0d0OHZha0FUX2xoam91NE9QLXFrT2lZSG5WcWR5U0VyWjhqeTk2NU9MRmpTaUxySDYzSTZGaUR1TjI0d3d5MkZWX0ZWdVBrT2M0?oc=5,"Sun, 23 Apr 2023 07:00:00 GMT",2026-09-04T09:04:09+09:00
GoogleNews:所得　食,所得　食,栄養改善と収入向上を試みる、ラオスにおける「昆虫食」のあるべき姿 - JBpress,https://news.google.com/rss/articles/CBMiVkFVX3lxTE0yeFFVRlNLdmxZX0RJRW0zSUh5a1pzdjhhRjlYZVoxS040blotTGt0TXBOUmtFMk15YTlFcjRJYzZwbk9HMDVzQ0R6Yk5YbjdTYlJDWHFB?oc=5,"Wed, 14 Jun 2023 07:00:00 GMT",2026-09-04T09:04:09+09:00
GoogleNews:所得　食,所得　食,所得に比べ幸福度低い韓国人…１日２食は「ひとり」、隣人も「信頼できない」 : 文化 - ハンギョレ新聞,https://news.google.com/rss/articles/CBMiXEFVX3lxTE90bkszTFFaUGlJTmtEVGlKbkVyV053UkgwUEJqanVLSlF3NU1UM2tpRVZ6Sm05QlhrSkNqMTNqeDFPa3UxZ1FYazNiUkNtUEhIVmd4MmpuaUIwZExS?oc=5,"Tue, 25 Mar 2025 07:00:00 GMT",2026-09-04T09:04:09+09:00
GoogleNews:所得　食,所得　食,最貧国、栄養失調と肥満も問題　超加工食品などで＝英医学誌 - BBC,https://news.google.com/rss/articles/CBMiTkFVX3lxTFBvMWlZejdCZWw4RzNReWdZcVpQTHhWa0NBMlBWWHVTVkt2QUFaR3I3LXhrbHR4OXJ6dzBKVGQwbEMyQXcxek1ic0FtckpLQdIBU0FVX3lxTFBWN0xmam40NGRpV0hCWTdSak9Dc1c5Ym9rWXVqekc2eFdDZXFkcm5vcDdnTldEWXRTTmgtbEVaTElYcHF0dGJPS3BsSDgzMkxIUTRF?oc=5,"Mon, 16 Dec 2019 08:00:00 GMT",2026-09-04T09:04:09+09:00
GoogleNews:所得　食,所得　食,【実態調査・ひとり親家庭の生活苦】 約6割が世帯年収200万円未満 「未来に希望も夢も無い」と話す子どもたち - PR TIMES,https://news.google.com/rss/articles/CBMiakFVX3lxTFBZdzNPU3E5MkFENDBZT0x6ZTVuVG1XTmtIZTVhbVM2MHBMM01IMlZ0b0FweWRvbU4xOTZXUE94WlM2WHlXTkZ5TjZ0a0J2T2gtYVVNTDRXdEd0WG1iUE1zUEFnZG5GbjhrbEE?oc=5,"Thu, 07 Mar 2024 08:00:00 GMT",2026-09-04T09:04:09+09:00
GoogleNews:所得　食,所得　食,【サンタさんは忙しいから来ないと言ってます】ひとり親家庭の収入や食への影響を調査 - PR TIMES,https://news.google.com/rss/articles/CBMiakFVX3lxTE1ZdFI1b1hhQzlTZEVVcXNGdmdndnBKQ19oNUNoVm9md0hPMkNQWXFiQmhEdDBvZGtzMi1qNGx0cXNBYzZiTTZfbEdlSC1iMmliQm5NYUZXOVVfT0FHZnk0TlJNVlhWZjB0RVE?oc=5,"Fri, 24 Dec 2021 08:00:00 GMT",2026-09-04T09:04:09+09:00
GoogleNews:所得　食,所得　食,【年収200万円未満】この２年半でひとり親家庭の収入と正規雇用の割合がさらに減少 - PR TIMES,https://news.google.com/rss/articles/CBMiakFVX3lxTE9aSHBXX3hjMjhxOHY0blhmLWgxdzRJYTVRZW5QSVVkZ2lGRDlmNXlWSGFXNnlncTZpaDd1QVhjZlZWTld3VmxjUmw4OEZxekw4cmFVamM3aUplc1k3SjFHTXg2MElLaFNfZ2c?oc=5,"Thu, 30 Jun 2022 07:00:00 GMT",2026-09-04T09:04:09+09:00
GoogleNews:所得　食,所得　食,【全国共通おこめ券発掘プロジェクト】お米を低所得のひとり親家庭の食卓へ - PR TIMES,https://news.google.com/rss/articles/CBMiakFVX3lxTE5JcHhNSmVNVi12TmNIVWl3ZFFhZFU3TUQ5OGR0dWFWZFdmTDZoR0NaQk9sbjZxXzBCaWNQdHRHTWpackxmWGlFZldjVzJtRWpWVG1yZVFlR3czaXEyMTlZLUltX3hRMFZGWVE?oc=5,"Wed, 07 Dec 2022 08:00:00 GMT",2026-09-04T09:04:09+09:00
GoogleNews:所得　食,所得　食,「フードスタンプ」給付の一時停止、トランプ政権に認める－米最高裁 - Bloomberg,https://news.google.com/rss/articles/CBMidkFVX3lxTE1GRGpVeHBLaXg0SFdJNDRGYzl2RkZsN3c5bWV2UGNwelhWWXdxbmVNMG1ZdXRZTHFfdTJIV0t1ZGQ0MEpUeldjNi1YMWlveVVDMHJGQ2F4ZDgtdlhFNmNhUGltczJVZmV2NmtCY2pIUHZGY3FKU1E?oc=5,"Sat, 08 Nov 2025 08:00:00 GMT",2026-09-04T09:04:09+09:00
GoogleNews:所得　食,所得　食,障害者アーティストの所得支援を目指すアートビリティとimperfectが協業し、パッケージデザインに障害者アーティストの作品を使用した「アート＆カカオ」第2弾を発売 - PR TIMES,https://news.google.com/rss/articles/CBMiakFVX3lxTE1DOFhIRDFhTEVTRFAzUUtvQzNxRE9yY1RPMVlsbnpPVEhxYkJpcElVMVVKb3NuZE4wcmJjZmVPWUhaZjRvYkRGamUybDFSYkNxY3lzcjhMLUNDbGs1U3JvUmxZb2p3TkhmOXc?oc=5,"Tue, 29 Nov 2022 08:00:00 GMT",2026-09-04T09:04:09+09:00
GoogleNews:所得　食,所得　食,68カ国の12〜15歳18万人の調査で、食料不安とファストフード摂取量に有意な関連 - sndj-web.jp,https://news.google.com/rss/articles/CBMiS0FVX3lxTFB0M19BaFAyQjhRTWpfWmZQci01N1NHTUtkVTVnMTBCQ0paQVZWTG1TalZSLV9DakItN2l1b0hGWnBkNWkyODlIRk1pdw?oc=5,"Fri, 14 May 2021 07:00:00 GMT",2026-09-04T09:04:09+09:00
GoogleNews:所得　食,所得　食,「食」から見たアメリカ社会、分断を克服できるか - Wedge ONLINE(ウェッジ・オンライン),https://news.google.com/rss/articles/CBMiXEFVX3lxTE9fVTVIRHBXNTE2SDA1UlI4SHRDVlMtSmQ2VFpReGFGVFRXTzhhN1JBREtkc2k0QVN4WWZ5ZWV4NmZBSFJCVllyMUM2dG1VTnNMOTVjdVRnOW1KQ2Z2?oc=5,"Fri, 24 May 2019 07:00:00 GMT",2026-09-04T09:04:09+09:00
GoogleNews:所得　食,所得　食,コメ農家の所得アップなるか 水田を加工用の野菜畑に 岡山市 - KSBニュース,https://news.google.com/rss/articles/CBMiUEFVX3lxTE1NUGx1aW5fMVpybDA4VWVvdGlnTWRsM00weDhPakg4cjVxQWd6N2ZEUVhyeGJQV1dVNUhOVGZhMGNnT2dhcFl1MzBuQkZzb0pF?oc=5,"Wed, 29 Nov 2017 08:00:00 GMT",2026-09-04T09:04:09+09:00
GoogleNews:所得　食,所得　食,ネスレ、低所得国のベビーフードに大量の砂糖添加 - SWI swissinfo.ch,https://news.google.com/rss/articles/CBMioANBVV95cUxOWDJFM0xjRmdzRTVTOG1oMEdTYnlMVG52cEU5LUNBWnFHUl8tLTA2bkhNZFZQYUpfbUxVOVpiVzh5NWE2NzJBaWZCS0hXaEZLc0VadlFBaUVVSnQ3aVRYNUs3MkhuVnJWNk1ENmRSU2pXZlVFQWZVZnZLaEx4aVNCODdmWEJoV3MtRGpqYW9nM09aYm9BZVJ5d2ZNNHBFdXp5NWplN1lfN085clpKTXd3MXItUy1mSGlKSURJY0MyVGhaQjYzemNJb3ppakdQWW10cE9TRUctZFo1eFFvSnlRZEkwT0dFd2Z6czhRR0hoYTJJSlVyZEZDSWRmbC1oMUhIbXlqenhSV00teUVFb1VLLTFXcExkMkxiTk5BRmhTRjI3UDFNRUJxekc1MW9zT1h4RjJmWUhzUWNHN0RVZTRIMmM1RTBEOGRyUDNrQ0hZYXVsZWYwb1haVzBBVXAwcW1fV2k3elhmeUNweGJnUl9kMXJyVm1GUDFyMmozdjRYU3FqaFByTlV5TDBFQlBJUVIweW00Ynl0R0hxNTJJNVBDaQ?oc=5,"Fri, 31 May 2024 07:00:00 GMT",2026-09-04T09:04:09+09:00
GoogleNews:所得　食,所得　食,生活保護を受けている人のフードバンク利用、国の基準より踏み込み「2回目以降を収入認定」…市民団体が中止を要望 鳥取県鳥取市 | BSSニュース | BSS山陰放送 (1ページ) - TBS NEWS DIG,https://news.google.com/rss/articles/CBMiZ0FVX3lxTE5SZ0ZIMzJyUXdONmM4V0VkNkV4U2xmbC1BSHhkR01hRnJZZEVjMElLNVdtNWRVbjM3RkdqaHM1QmtYMFN6NlhTS0swa2xyRFZVaHNtcDVvZy1vYkJlZUp4MEMxcnkyNUU?oc=5,"Wed, 12 Feb 2025 08:00:00 GMT",2026-09-04T09:04:09+09:00
GoogleNews:所得　食,所得　食,【牛肉調査③】地域ブランドを重視するのは高齢者と高所得層｡短角牛･あか牛への高い関心 - PRESIDENT Online（プレジデントオンライン）,https://news.google.com/rss/articles/CBMiTkFVX3lxTE9wZ2s4aDRTb3h4U3B2Y3c1SVVmZC1CbEVlUmVSWUlCVG15QzBmZkNCVHRrbUVTX3Z6TFZxaUt5a1p4X0hRWFY0NlBTYmM1QQ?oc=5,"Thu, 11 Jul 2024 07:00:00 GMT",2026-09-04T09:04:09+09:00
GoogleNews:所得　食,所得　食,「1日4ドルで作れる」低所得者向け料理本、米国で大ヒット - ナショナルジオグラフィック日本版,https://news.google.com/rss/articles/CBMiakFVX3lxTE8zVmQwT1VyZDNsOVpnS3JZS01UdEFQaTQxMWpDY0xtbjNqV19XdVpfNlBaWExaakZnRjZuTktDYnpBVXNkR2dUTlFHVVhFbHd5ajd4eFM3Z2Z4ZXhqMXMxRXNsaVVaa2pWdkE?oc=5,"Tue, 26 Aug 2014 07:00:00 GMT",2026-09-04T09:04:09+09:00
GoogleNews:所得　暮らし,所得　暮らし,【年金暮らしの人】住民税が非課税になるのは年金収入155万円以下、扶養1人なら211万円以下。非課税世帯が対象になる給付金や医療費の上限もあわせて確認します - LIMO | くらしとお金の経済メディア,https://news.google.com/rss/articles/CBMiTEFVX3lxTFBjcEVoNzBiYVJRTEpWR0pBc0x0b2hnTGJHZWlKa0dBc2MxMHprbmIyOTM2VVdRUFRYR2t3cHB1anZCbzRhbHhaOHdnLWw?oc=5,"Tue, 01 Sep 2026 21:51:00 GMT",2026-09-04T09:04:11+09:00
GoogleNews:所得　暮らし,所得　暮らし,沖縄県知事選挙告示、「辺野古移設」かすむ争点…「税収増の実績」「県民所得倍増」暮らし改善の訴えに力 - 読売新聞,https://news.google.com/rss/articles/CBMickFVX3lxTE1qVi1ZZ0NGSU9sVElKRFkyYy1jaFdNYWRDbXd6T1ZqN0ZQcklNeG5TRDlTVDhrVEFraG52UlVTVFlfQTRuSzk3cEtjc19ibGotaFlzLTRrOXJPOGZ5cWt2WTBrT0YyQWlaOWh2NTBKVmRudw?oc=5,"Thu, 27 Aug 2026 05:29:00 GMT",2026-09-04T09:04:11+09:00
GoogleNews:所得　暮らし,所得　暮らし,物価高騰、暮らしの危機打開へ――経済政策を転換する緊急要求 - jcp.or.jp,https://news.google.com/rss/articles/CBMiVkFVX3lxTE9IOFVBVHhWUm9IY2drNDBBLWY1ZElJeXAyUXY0bmlfUVFfU0h4U3JUdFlONkZDaTJXVzBoVnVDT2trei1PcHFUQm1XQjQyWXBJTDNYOFJn?oc=5,"Tue, 14 Jul 2026 07:45:21 GMT",2026-09-04T09:04:11+09:00
GoogleNews:所得　暮らし,所得　暮らし,都市は誰のものか 都心に中低所得層が暮らすパリの「空間の再分配」 - 朝日新聞,https://news.google.com/rss/articles/CBMiZ0FVX3lxTFB1dHgzdFY3WktDT2g5SE1zMmxrX1I0eDNja0RjVzNydWhBUzRFd0lYNjhPZFVsazNEVEdhekFwa1Nja3RnYVR2NGNQUXNNY1N5aU9Ybzdycm00YVpHSHJ1a2FGbG11ejg?oc=5,"Fri, 10 Jul 2026 07:00:00 GMT",2026-09-04T09:04:11+09:00
GoogleNews:所得　暮らし,所得　暮らし,「経済的ゆとり」1位は福井県 年収だけでは見えない都道府県別の暮らしやすさ - Forbes JAPAN,https://news.google.com/rss/articles/CBMiWEFVX3lxTE5Gc1AyMFVEazVqaEF5U2VyZVlJbzlMby1qakRmelJrNFZUb0tBRG5GanpEMW9GcVhGSjZGSzZCX3lmQWlPNzBxZnJnTlJ0NVM3NERiM2RnTzY?oc=5,"Mon, 22 Jun 2026 07:00:00 GMT",2026-09-04T09:04:11+09:00
GoogleNews:所得　暮らし,所得　暮らし,東京23区の暮らしが極めて苛酷になったわけ 「経済的豊かさ」は東京が全国で圧倒的な最下位だ（中原圭介） - エキスパート - Yahoo!ニュース,https://news.google.com/rss/articles/CBMiiAFBVV95cUxPN29LS2lMa09tREJYRjQ0Q2NzZzhMMWxHeVpTNGpiNi1Fam1ob0JfenNxTkVyaWZtc004MmVzQjJ4YlNnb1Z3ZFNYdGlUdXVKbGZOUlpvbURXUFl6SkRUWlFpSi02ak9nSDB3Tm9NTGNXN2NkRDJkcGcwblhvSG93WkpIQXQyUk4t?oc=5,"Fri, 05 Jun 2026 07:00:00 GMT",2026-09-04T09:04:11+09:00
GoogleNews:所得　暮らし,所得　暮らし,物価高・増えない手取りに追い詰められる暮らし――ひとり親家庭アンケート 生活は“工夫”ではなく“犠牲”の段階へ【当事者の声】 - PR TIMES,https://news.google.com/rss/articles/CBMiakFVX3lxTE1tcnNsSlNiZkxJWnM3OUxXNGRlT2xMOEhJMDUwcERDZ0FCS01yNEpzUHlvVWFPNTNGTlBpOC1ZX20yc0x2LUdwWXlkNVMtYTNxZUYxMnI2eGdzLW1vWExRWHZMNmlWTjRvNGc?oc=5,"Tue, 24 Mar 2026 07:00:00 GMT",2026-09-04T09:04:11+09:00
GoogleNews:所得　暮らし,所得　暮らし,「地獄の日々が始まる」“給食のない夏休み”前に所得300万円未満「子育て困窮家庭」悲鳴 物価高苦しく“2人前のおかずを5人で”分けるケースも - Yahoo!ニュース,https://news.google.com/rss/articles/CBMif0FVX3lxTE1IVHBmZHV1QlBIQTVpSnZvLWdEamE0bmN2bHAwOUVTa3BpUHpxaS1lZjhUOEEwdFJBR203RDNDOERVZEk4X2ROUWd0U1NWTHRZRy1IZDJTUVdLRlMtSHFVUkdxSlRUM0JHQjVwY0xfalhuMjhGdExVVFp2ZTlFTjg?oc=5,"Thu, 02 Jul 2026 07:00:00 GMT",2026-09-04T09:04:11+09:00
GoogleNews:所得　暮らし,所得　暮らし,宮崎県民所得が過去最高269万円に！それでも暮らしが楽にならない理由｜ほんみや宮崎 - ほんみや宮崎,https://news.google.com/rss/articles/CBMikwFBVV95cUxQUnRjNEFWTGcya0R4eko1bkJSZTR5Q1lpVVREUzkzNHc2N3E4SjVod0EtakdoaXJ2VEoxelBPV3VFV0hDUGYyZVA2SURnM19Tb3d0V3BWQjFuX2F3WEx2MUZqNnROVGxpSW41R3hRejdKOHU5TEtrQ1ZicW5Pa2FBR1Yyd3R1RzgyY29ZOXhFWHR0Wlk?oc=5,"Thu, 12 Mar 2026 07:00:00 GMT",2026-09-04T09:04:11+09:00
GoogleNews:所得　暮らし,所得　暮らし,1. 強い経済で、笑顔あふれる暮らしを。｜政権公約2026｜「日本列島を、強く豊かに。」 2026年 第51回 衆議院選挙 - jimin.jp,https://news.google.com/rss/articles/CBMihgFBVV95cUxNNVBEM2Jla0xLd0prdm04ajNzYmdEV2JudldQRzZfa0dBSEFUM0NDS29yel9OTUprYWFxZGkxVWI1WnBhRGFmMW5hNlp3NXg4M2FQZmZEb0RZNXZVaFk4bExXcWthRFd0UzlWNkUyang5QWd3VXctRU1IUHlrWDgtTVJaZXByZw?oc=5,"Fri, 13 Feb 2026 10:00:21 GMT",2026-09-04T09:04:11+09:00
GoogleNews:所得　暮らし,所得　暮らし,2025年 全国業者婦人の実態調査 ②暮らしと健康 - 全国商工団体連合会,https://news.google.com/rss/articles/CBMiXkFVX3lxTFAxdnVkQ2dWSG9pY2xmN2loV3QzWUhxclFmVnA4VHo2LWVOd2hiem9rVFlHTG5aRGo2TmdPTHFKMjltRk9Lbl9Cd3BHNUloU1dyVzVyWEdkWU9HcDNTbkE?oc=5,"Mon, 02 Mar 2026 08:00:00 GMT",2026-09-04T09:04:11+09:00
GoogleNews:所得　暮らし,所得　暮らし,ディスカッションペーパー25-03「中間層の暮らし向きは案外良くない」 - jil.go.jp,https://news.google.com/rss/articles/CBMiakFVX3lxTE45WlM5TWFnbnN4U0ZnQzdVTkRxdFJINGtaWlhhV0pQaWY0ZFRvRTQ0N2tZUmNYMFNTeExEcVRKdFVOUWNwOEhMZEpZc0hINmYyZ0VxV0NxWmc5TWJnUFBacFA1TnBvc2hCLWc?oc=5,"Wed, 19 Mar 2025 07:00:00 GMT",2026-09-04T09:04:11+09:00
GoogleNews:所得　暮らし,所得　暮らし,所得再分配が不十分 富裕層の税負担軽い―トランプ政権１年で米専門家 - 時事ドットコム,https://news.google.com/rss/articles/CBMiY0FVX3lxTE91YzI2RjJETkRmRzRoWXpGV1hLWWJpekZBbnRCdUx6MS1ucTNkRkhOQUFQeHlNWWhvVXhDSUJMQWhiSU1TTnJINnAwY3Z4VUZMLUVCcnRMMGducFFETUFWMDN4Yw?oc=5,"Tue, 20 Jan 2026 08:00:00 GMT",2026-09-04T09:04:11+09:00
GoogleNews:所得　暮らし,所得　暮らし,暮らし守る定額減税・給付 - 公明党,https://news.google.com/rss/articles/CBMiVEFVX3lxTE5VSGxLdUZUNmJMOENqSnY3a0RBWURBMUc4elZfN0Y2YjRwZ2FtTmNyY2ZpSkNzVEpGZENYR3dwWTlRN2RaS01iWjdWalRzM0g4ZnRmbw?oc=5,"Thu, 28 Dec 2023 08:00:00 GMT",2026-09-04T09:04:11+09:00
GoogleNews:所得　暮らし,所得　暮らし,＜社説＞経済対策21兆円 暮らし救済期待できぬ - 東京新聞,https://news.google.com/rss/articles/CBMiU0FVX3lxTFAzUkxFMDc5UTM0ODRtb2Y2aFF1NHdHTWdrd2V0NVhzTlROa05HMDBMcnpjRW5HZjgwakxhT2s4LTZqMGNnb2FYdXVjZ21BQXVIbjFR?oc=5,"Sat, 22 Nov 2025 08:00:00 GMT",2026-09-04T09:04:11+09:00
GoogleNews:所得　暮らし,所得　暮らし,"「お正月どころではない」――年末年始、8割が家計苦・物価高が拍車 低所得のひとり親家庭に迫る困窮【2,000人超調査】 - PR TIMES",https://news.google.com/rss/articles/CBMiakFVX3lxTE9ZTGVna1pSOENZclQ0QWViY3M0TkE3T25hQWpoNTFuUWVHTGQ3NGk2ak5zbWZIVDBsd0NHcFFESjZ1U0xobXZtOFc3NmFIbFlidHo1dDVaUk5kZ0dacnp5d0ljWS1vb2NBMHc?oc=5,"Thu, 04 Dec 2025 08:00:00 GMT",2026-09-04T09:04:11+09:00
GoogleNews:所得　暮らし,所得　暮らし,「日本を動かす 暮らしを豊かに」参院選の公約を発表 | お知らせ | ニュース - jimin.jp,https://news.google.com/rss/articles/CBMiXkFVX3lxTFA4d3NFXzlKV2JZYmtoQ0Z5R2d5MzBHaFctZV9qNm5hM1BueGk4SEZ1U1dfa3RDNzVTVXpKUXF0bHdkaGc4UEs2T1FNVk9XUHJ1UWtuQ2VXRHppemZJR0E?oc=5,"Thu, 19 Jun 2025 07:00:00 GMT",2026-09-04T09:04:11+09:00
GoogleNews:所得　暮らし,所得　暮らし,公明の主張が反映 暮らしに根差す予算・税制 - 公明党,https://news.google.com/rss/articles/CBMiVEFVX3lxTE1hblhPRHlPYzJkQ3dOOTFndWJxNW5fZ3B1WGVkSnJmQXNIWWl6a3FHVFBSUzFxVk5vc2thWGhHUGl3YWdUQ1F0UzRiczlfWTJMdkVXNQ?oc=5,"Mon, 13 Jan 2025 08:00:00 GMT",2026-09-04T09:04:11+09:00
GoogleNews:所得　暮らし,所得　暮らし,（６月からスタート）暮らし守る定額減税／１人４万円の負担減に #公明新聞電子版 2024年05月07日付 - 公明党,https://news.google.com/rss/articles/CBMi6wJBVV95cUxOaW5PdXZKVVJhc3IzWmFlN19pa053T1J5SWJQVGRFMWhOMXhoNHA2SzJRWklVaWpVZ2xXWnI1VlJDYkp6d2J4LWNrb3JIUUF6alp5WTkzM3hBZkxpSEVNOGdhNG1wNjhQUHJYT21tVW5yZkhwdG9PY2xzSUluT2NFMHhHWUtuOWt5em1nbm96bGM2Z19BTjRDNGVvWE51T0NwRkUwZzhibkVDemJHUVNMRTVMZ0hrOW1jNlIxU0ZWdGR3UWxIREhPaGJ0MTE5RnVPb0I5LVlmbE5EX21VTmM0T2RzTFM0WkxPcFhyVVRJRmpQcXpTWnNDUWNJTHhmUlU1Rm1nN3lwTzRzYi1SWUlrQTgtZkFGNDNEXzJwbEtRNWVHTWdHa2dQa2p6VzZtOThDaDd5eXpHSkZhUEhZQXJrd3J6NmdiWkg5ODRSQUVZV2IydmFxU1gteTMzVmk1OGR2bmtza096bV8zQlk?oc=5,"Thu, 16 May 2024 07:00:00 GMT",2026-09-04T09:04:11+09:00
GoogleNews:所得　暮らし,所得　暮らし,石破内閣の主な実績｜「日本を動かす 暮らしを豊かに」 2025年 第27回 参議院選挙 - jimin.jp,https://news.google.com/rss/articles/CBMihgFBVV95cUxOODRNLWplckFwbmIyQUNsYnpKS1AyUlJOeVh4bjIzVzM5cWVYalBIVk1mY1RiNjdacWUyQmQtTWJHQkxRdEtQVGpUNGoxdGFRaGtFRU1zdHV5c2FkN0JkY1Btb2pLeE1Ia0dCeDU1cDIwU2hTb3BWdWp6ems5dFZqMm14UjE2QQ?oc=5,"Fri, 25 Jul 2025 09:22:03 GMT",2026-09-04T09:04:11+09:00
GoogleNews:所得　暮らし,所得　暮らし,くらし・いのちを守り、賃上げを加速する 緊急経済対策 - 立憲民主党,https://news.google.com/rss/articles/CBMiUEFVX3lxTE16VWhxeVg2QjRkUVpNQkVQcnZfQXZZcmVqY3ppTGVmbHlFYVNuR2xYUTJFSE9UMUQ5WUxmeHBxUGNSa2x0azFuc3hvNXRhcDlF?oc=5,"Fri, 14 Nov 2025 08:00:00 GMT",2026-09-04T09:04:11+09:00
GoogleNews:所得　暮らし,所得　暮らし,"物価上昇でも賃金上がらず困窮 日常的に”減らす・買わない・使わない”ものとは？【低所得のひとり親家庭2,000名超による回答】 - PR TIMES",https://news.google.com/rss/articles/CBMiakFVX3lxTE9zLWpiVzltRFpSaFhLTE9WaTFhRXJFT1lYQnZ3WjNYOWVldnJ0QUVpaXowRjM3ekMzWGNobFczdEJIaEhxVkx4SUZid2ZnRDljZmJNMXJmNDNUT29YeXp0ZWNVVEtEN25WT1E?oc=5,"Wed, 19 Mar 2025 07:00:00 GMT",2026-09-04T09:04:11+09:00
GoogleNews:所得　暮らし,所得　暮らし,全世代の暮らしを豊かに - 公明党,https://news.google.com/rss/articles/CBMiVEFVX3lxTE5abHo0SGM2Vl9WMlhBbVRqWnl3ZjI4Q3NqUXliRHlycl94aVhRZVZFLVBfT3Nxd09reDZrcXNJN1ZPUE5SbERydTVlWm9xYmlkZ1lYcA?oc=5,"Sun, 29 Dec 2024 08:00:00 GMT",2026-09-04T09:04:11+09:00
GoogleNews:所得　暮らし,所得　暮らし,【公明の主張が反映 暮らし守る予算・税制】生活支援 - 公明党,https://news.google.com/rss/articles/CBMiVEFVX3lxTE81QmEtcEpsN3QtbC1ieW9SMVNVdGxMclp6Q0pjdzZ6Nzd6dkI0d1NJSnJrd053TWVmTFZoMEIteXA1QVFfM214b0IyOEZtcGl6eWdBdg?oc=5,"Thu, 11 Jan 2024 08:00:00 GMT",2026-09-04T09:04:11+09:00
GoogleNews:所得　暮らし,所得　暮らし,２０２６（令和８）年度税制改正についての提言 - 立憲民主党,https://news.google.com/rss/articles/CBMiakFVX3lxTE9TYld2WmltaWZaUjFRSFZ2LWdEeGRnQnEwSGo1MENQSzlPN3ZZT3E1b3FIZk5WLUQ4ajM1Z0wtTXc3dWlONVA1LVNnMmR6VUhCMWhieERGRjgzbFVrTmlqZEdYWXRGbkxQdGc?oc=5,"Fri, 05 Dec 2025 08:00:00 GMT",2026-09-04T09:04:11+09:00
GoogleNews:所得　暮らし,所得　暮らし,“物価高から暮らしと職場を守る”要望書 を小山市長に提出 : ブログ : - 公明党,https://news.google.com/rss/articles/CBMi3AJBVV95cUxPbWZBbXppVHc5b3IxQWhaSFg2cWk2VzFNdWtBLVJ4ZVRKOGxkZVNjX1VVaG9TU0k2TVBqdG1ZaWhzbTJkRzNpcDZXLUlUWHRCZGlwVXNJSktTVzIzNUxOb1NNb2VSdkVhNzliNEluU1FFZDVFVlJpY2FrUmhBM2lQRk9kZ0l3Nnhhd252Qk9PT1hnem9fQ0l5MVVxQXFhWUI5T3FScHZHNlNyRjZOMnM5NEdLVHRsdjhwLUc0dmplcjhER0sxcG5lb05oalZ4Wk51TEhiRHFPdjM4VFZ2N3BrWE5KTjNleHBoOWhZZF84c2ZZQy0xVVNxTkp0SjR0bm9yNWFfWmhWTzJGRVRCREd1SVlHY05ObUR0dGptSlhaUWdCc1owVElPT0RKLVFMbWlSTlY4ZC1FVjc0QWhpWkczcXNQNVU4Ymt4N08wUDBEbW5MX3ItbkZ2Y3lpME8?oc=5,"Sun, 28 Dec 2025 08:00:00 GMT",2026-09-04T09:04:11+09:00
GoogleNews:所得　暮らし,所得　暮らし,軍拡増税法などが可決・成立/「憲法反し暮らし壊す」/参院財金委 小池氏が反対討論 | しんぶん赤旗 - jcp.or.jp,https://news.google.com/rss/articles/CBMidEFVX3lxTE9pN2xHcWRHNXdBakQxaVdycUw5ZjRrYUFsT195U19kMWI2WEJPdEZvSkE1bVpUNGNjbHp4WlB6ZTNabXdObzBBWnVoaXk0RjN2Wm13REk4U0ZwWE41clR0S1F0QjBPWHBvbEZSLTlQMThILTdl?oc=5,"Wed, 01 Apr 2026 07:00:00 GMT",2026-09-04T09:04:11+09:00
GoogleNews:所得　暮らし,所得　暮らし,物価高騰から暮らしを守る緊急提案/国民の家計消費と内需応援・緊急に消費税５％に/田村委員長が発表 - jcp.or.jp,https://news.google.com/rss/articles/CBMidkFVX3lxTE03QVkzQi11dl9pSXdvSDVtNWwzcUtYaC1IYnpYa3pIRFZaNExzRVBTMmVBVjk0dW4wUllIclU5b1FqSFN6bDltQlB5UFh0WG9acUZMSExCOGcxZ0VDQmZxYTBnWmtuR3FSZVZtamdrbGFjbDBrZXc?oc=5,"Thu, 17 Apr 2025 07:00:00 GMT",2026-09-04T09:04:11+09:00
GoogleNews:所得　暮らし,所得　暮らし,(政府、総合経済対策を決定)一人一人の暮らし豊かに 賃上げ、所得増へ総力 物価高に電気・ガス代支援など 2024.11.23付 - digital.komei-shimbun.jp,https://news.google.com/rss/articles/CBMibkFVX3lxTE01YzlqSzVKZ2ZaVGg2N2xQUkd6VjhsYW11Nng3RDdRLVNWTUxfV3pjN3B4NjJNbjl6TmxoRzltalF1NW85cDFKOFpPQlNmTFA1RVVfMnA0NkpHVjNzQzNiNUgyMVI3dFlMNXppX3Z3?oc=5,"Sat, 23 Nov 2024 08:00:00 GMT",2026-09-04T09:04:11+09:00
GoogleNews:所得　暮らし,所得　暮らし,金利上昇 暮らしにどのような影響をもたらすのか。 - 公明党,https://news.google.com/rss/articles/CBMi-AJBVV95cUxPb04waFI1NjVDVEJfMzk4OUUxcUw1NjRjZkVsMW9SX2RpSmtlMnh5R3hGeG1sbFlUY0tzTER2WHRSZlplanpxcDB2UWxXSDQyUEVDV0p0Wm5zZzQ5cWExSjlvRjlXVWxsYk5sb0xBaDJiQzMzOTMxZ1ZFNVhjWWVPaGFyQk5Ua1BiRzNKWko3Wk55Qml1Y1dzSGNGcmliUEY4ZVFqTjN3NUFnZTJVamtPTHBNb3NnLXJSOUpRenhTeG41dE9VZ25oQTgxck84ZDZ3dERheEdZSVZlMmlENWQyLWtMdmVOeGdLcmtNVFVyWUpXdEYwRUEyQTRYclRJLXhHM3g3clUteDZJVDRralpCSDdlc0djamVlR1BqR3RHWjJreGtoYVpUaG4yQ3ZCRWtOaWlpSXo5cTlxLVk5clFuTTllSnNKWDZ0cEk0WXB4XzczWnRwbU5aS1IyUkQ3R1l2YkgxNi15dWthMFhQZ2hIakhFNUJrUXdE?oc=5,"Sat, 17 Jan 2026 08:00:00 GMT",2026-09-04T09:04:11+09:00
GoogleNews:所得　暮らし,所得　暮らし,確定申告とふるさと納税｜みんなでつくる！暮らしのマネーメディア みんなのマネ活 - 楽天カード,https://news.google.com/rss/articles/CBMibEFVX3lxTE95aDFjbmxCUXR0eFRxd1YxMlJXeHU1TFVIX3RXRFNkZHE2MzN1emhQaVo0UWZ5cEVHNTlCODk2dUszSVg1Uk9kMlF6eHpqSDFCd2E4dll3eVlWamZCSVFMNkVkZ3FrSUlUTThmSg?oc=5,"Tue, 30 Sep 2025 07:00:00 GMT",2026-09-04T09:04:11+09:00
GoogleNews:所得　暮らし,所得　暮らし,ベトナム・ホーチミン市における 分譲マンション開発事業 第2号案件に参画 ～中間所得層向け住宅供給を通じ、都市成長と暮らしの質向上に貢献～ - Digital PR Platform,https://news.google.com/rss/articles/CBMiQ0FVX3lxTE1saHJmLUthUG1PUEZEWEhpRmZLbTFlcVpQQnM4RENoN1dod1hyWl9RX3hITk1zVUVqWU1FUjB3bGtsQms?oc=5,"Thu, 11 Jun 2026 07:00:00 GMT",2026-09-04T09:04:11+09:00
GoogleNews:所得　暮らし,所得　暮らし,医療費の窓口負担2割の条件は? 判定方法と配慮措置、対策を紹介 - 朝日新聞,https://news.google.com/rss/articles/CBMiWEFVX3lxTE5JcThtUjFtaTdkRlFVTUw3NTluV1p1bE9OTm5VSHJSMExVeVpoOFNodUpYZl9Da1E0ZmpuRUpDcU1ZdnlwTEE3aHFPSjdWTlVqNmowZHZqdTE?oc=5,"Fri, 20 Jan 2023 08:00:00 GMT",2026-09-04T09:04:11+09:00
GoogleNews:所得　暮らし,所得　暮らし,複数の種類で生活必需品の購入を支援し、低所得世帯の不安を和らげる「物価高騰対策臨時くらし応援事業」 - TOKYO MX,https://news.google.com/rss/articles/CBMiZEFVX3lxTE54U0lTa3ZrSS1NRGRxUUxlYjBhc2ZlcnZ6WWhpRW5ydzF3YUVlMFR4R0J0MEwwMWlvZlBnUWlnWGtCSDAxNGY4QTNjN0dqbnRNNjFzYlNlY2VYYktSYUFSQnp6Vm0?oc=5,"Tue, 18 Jun 2024 07:00:00 GMT",2026-09-04T09:04:11+09:00
GoogleNews:所得　暮らし,所得　暮らし,暮らし、子育て支援に全力 - 公明党,https://news.google.com/rss/articles/CBMiVEFVX3lxTE15LUlvZ2J4TDFIVXFzLVpZYXZ2a3VNWkZPMXVMU3BDVWtpWmdKZmZjZno4NVY4YXFuLXpMUGIwMkozR2RSU0tjQWhwbDZOYURKb1B5bQ?oc=5,"Sun, 24 Dec 2023 08:00:00 GMT",2026-09-04T09:04:11+09:00
GoogleNews:所得　暮らし,所得　暮らし,4月から暮らしこう変わる 医療や介護負担増、働き方めぐる見直しも - 朝日新聞,https://news.google.com/rss/articles/CBMiZkFVX3lxTFBnTFRfZnhpOVo0cjY0MTdFLXJNTUFRN1BkSUIzbU5UTFYwSWUzTmtGbFh6cHlJX0EtLXZkby1XRjlhaFlPYmtEVjBOdnl3RXNZNUxfWEZhcUd0NUNjc1M5b0pVckUtdw?oc=5,"Wed, 27 Mar 2024 07:00:00 GMT",2026-09-04T09:04:11+09:00
GoogleNews:所得　暮らし,所得　暮らし,株の配当控除について｜みんなでつくる！暮らしのマネーメディア みんなのマネ活 - 楽天カード,https://news.google.com/rss/articles/CBMic0FVX3lxTFA4X2J1ZEhXQl9TalRyWHV1cW5lR19sZDRwVktFSmtBZEQ4LUdSOHV4OVFyRGQ2U0xOUjZCWjZwZ2ZrOTFYMURqN05pdmxpS3FBR2lnXzlrNC1vUTFDdi1Sc09jOHlhNlQ5ZVhJWUtxd2ZpS0U?oc=5,"Thu, 12 Jun 2025 07:00:00 GMT",2026-09-04T09:04:11+09:00
GoogleNews:所得　暮らし,所得　暮らし,（くらし相談室）高額療養費見直し、引き上げ額は？ ３年かけて段階的に、所得区分も細分化 - 朝日新聞,https://news.google.com/rss/articles/CBMiXEFVX3lxTFBzTmtmOWhSTVllaGdFT3Bqbk50OXhvVzFzdTFaNklqYXM3UWtYY0luOFZadWFIbG52TG5qYkhXWHNFMGJwTmVFb2dXQWtmSllTY0VteC01bEhYZVhp?oc=5,"Wed, 29 Jan 2025 08:00:00 GMT",2026-09-04T09:04:11+09:00
GoogleNews:所得　暮らし,所得　暮らし,贅沢ではないが貧困でもない？ 年金生活者のリアルな実態 - マネーフォワード,https://news.google.com/rss/articles/CBMiV0FVX3lxTE9RbjJyeDBHWHN2dlVTcFRMT01HbmxCdEY3RlJpWmt1U0lISVJRZHNQZ1R3a0JIOG1sQzNPc1ZtRVRoX21ZX1lwMXJESFR1N0hMbVVSbGxpbw?oc=5,"Sat, 18 Jan 2025 08:00:00 GMT",2026-09-04T09:04:11+09:00
GoogleNews:所得　暮らし,所得　暮らし,75歳以上の実質可処分所得は「438万円」、日本の課題は経済格差よりも“所得水準が低い”こと - ダイヤモンド・オンライン,https://news.google.com/rss/articles/CBMiTEFVX3lxTE9OeHd0cmZiNy0yd3VGQURfajNVZ21fai1LX1VMLU0wbnd1ZlBxWndjR253RXlnSFdRbUhQUWIwTDk5dmNrS2ctMjZ4eW3SAU9BVV95cUxNaFpvTGEzWmNTUklfYkM5SnNxeGo0cXVHclpfUDRNS1FrZWpobHlyZWlxM2FONWd5WHJmQXdWLXZUcWtCMVV0elNwNlBjb1hv?oc=5,"Wed, 03 Sep 2025 07:00:00 GMT",2026-09-04T09:04:11+09:00
GoogleNews:所得　暮らし,所得　暮らし,暮らしに安心 軽減税率 識者に聞く - 公明党,https://news.google.com/rss/articles/CBMiU0FVX3lxTE5lNG5hWG44N20zVjhrVk9ENEY3cjROd1YtNmt1azlreGxEN3NFbW9EZmNBdVZyODJDcDZXaVhXMC1sTTdfVEJ6b1hxX1ZmbWxZLXAw?oc=5,"Wed, 22 Jan 2020 08:00:00 GMT",2026-09-04T09:04:11+09:00
GoogleNews:所得　暮らし,所得　暮らし,沖縄県知事選挙告示、「辺野古移設」かすむ争点…「税収増の実績」「県民所得倍増」暮らし改善の訴えに力 (読売新聞オンライン) - Yahoo!ニュース,https://news.google.com/rss/articles/CBMijgFBVV95cUxOZUx5VVJxZ1FjaURZdm5kQUZ2R0g2ZUtjUFBNZXFUNFJ0OERfckVRUWJjV2lFWHZmTUMtLU9VVzVmOTRBakNUbTVDVnB5SXpMN0JyejBRRFNXbWFlUEw4Zk9uNVpJU1c0QVpuQmZfMm11a25tSzlJcHFvckR3ZWtrU2xyLWhwZGlkTVBfM3hn?oc=5,"Thu, 27 Aug 2026 05:30:11 GMT",2026-09-04T09:04:11+09:00
GoogleNews:所得　暮らし,所得　暮らし,年収500万超でも可処分所得「月8000円」で散髪にも行けず “中間層”を襲う3重の所得低下 | from AERAdot. - ダイヤモンド・オンライン,https://news.google.com/rss/articles/CBMiTEFVX3lxTE4xZm9sMkExYnZudDhDQTFWQVRkUjVBMHNrUFFMNWIya3lxNDU4bjBKYVNoSk1yaHdXUGR1a3QwOWd3YV9OdjJYMmdfMFI?oc=5,"Sat, 24 Sep 2022 07:00:00 GMT",2026-09-04T09:04:11+09:00
GoogleNews:所得　暮らし,所得　暮らし,アジア12都市の暮らし実態、可処分所得トップはシンガポール、中国・ベトナム・タイは「共稼ぎ」が95％以上 ―日本総研 - トラベルボイス,https://news.google.com/rss/articles/CBMiU0FVX3lxTE4zX0ZGZjRWMHZnc0tDTldSbzltMVA0ZVowc0hNVlpYakY4VngtY2hWZ0FEX00zTlV3Tm9nSTRza1NoNWx3a2ZGVVlLWGxEZXdyMTc0?oc=5,"Wed, 18 May 2016 07:00:00 GMT",2026-09-04T09:04:11+09:00
GoogleNews:所得　暮らし,所得　暮らし,神戸市 給付金「定額減税・調整給付」「暮らし支援臨時特別給付金」のお知らせ - 選挙ドットコム,https://news.google.com/rss/articles/CBMiXkFVX3lxTFBGMVh1M1ZXS1o1YkVtNmJScWlQNkhfdWxvb2VucE5mWnp5QnNoZ1R6OFh1LXdiR3NzNTZEUVQxeDRzamhsY1FOUG1idnA4TnJKVDFtd2tnVmNkek5KY1E?oc=5,"Sat, 11 May 2024 07:00:00 GMT",2026-09-04T09:04:11+09:00
GoogleNews:所得　暮らし,所得　暮らし,暮らしに安心 軽減税率 識者に聞く - 公明党,https://news.google.com/rss/articles/CBMiU0FVX3lxTE9zWEw3T1RzT1RXWEVmTnlYaFA2VklxNGdhS3JkUEZjSHlBVWVHbjZ6QVB2OUUtT09TenlyYnV1YTE2eklqRW5tRE1zaFNpZG42VXZR?oc=5,"Mon, 20 Jan 2020 08:00:00 GMT",2026-09-04T09:04:11+09:00
GoogleNews:所得　暮らし,所得　暮らし,社説：高市新政権 物価高と積極財政 暮らし再建の道筋見えぬ - 毎日新聞,https://news.google.com/rss/articles/CBMiaEFVX3lxTFBiR2VWeGZZNl9henJwTHZKZ0E3QnB4SldYLWN1S3htUXlydC1oLXZkUXo5Nm9RLXJxQjlNWDFvdTlWN1ZDWEUxc1M0Tk1KQ3d0bzJBVGZfSUhxUm1GUFk5aHEwM3d0S2Qy?oc=5,"Mon, 27 Oct 2025 07:00:00 GMT",2026-09-04T09:04:11+09:00
GoogleNews:所得　暮らし,所得　暮らし,26年度予算決定、暮らしに影響 教育無償化、子育てに力点（共同通信） - Yahoo!ニュース,https://news.google.com/rss/articles/CBMif0FVX3lxTE1HN0F0VkFKakYwWmVTYXFnZDVtMGpxNDBZS0g3Yk1mNEhhSWxyaFlWREdTR0Q0SGl6UGtXSXNEZWowQUNrVVNEWWFQT2RELTB2S0UtZWQ3MFV2d0doSnJKSEIyOHJpUEtEcDQ0c1ZPOFk1RTVzVjVQZndtNmdqSVU?oc=5,"Fri, 26 Dec 2025 08:00:00 GMT",2026-09-04T09:04:11+09:00
GoogleNews:所得　暮らし,所得　暮らし,【返済不要の奨学金】1人暮らしをする学生に240万円支給の奨学金も！4月締め切りの「もらえる」奨学金・2選（LIMO） - Yahoo!ニュース,https://news.google.com/rss/articles/CBMif0FVX3lxTE16ZVJweWM3WDhGZkVBbEgzeGpRQ0tlRC1FZkJmTXZWZHF0ZmZSc0xwblBYYl9hZDRfWllrbGRGcjdpWTQwRldMQ20yeVRLTFRtSEhrOUNxYzNsMEtuWDJsbXdKNkdqeGtMQksxcVNNRHBmak1aY2VHb0ZRMi1QTVU?oc=5,"Sat, 21 Mar 2026 07:00:00 GMT",2026-09-04T09:04:11+09:00
GoogleNews:所得　暮らし,所得　暮らし,年収2千万円、でもギリギリの子育て 母が所得制限にはき出した怒り - 朝日新聞,https://news.google.com/rss/articles/CBMiZkFVX3lxTE0xQ1pybDJCZ3ZjVVVhakVfRDgwMG5WSmZ5RjNTdUFsRkJ4UXNfRFNCZUxnS25aYWt1dTJZM3RKeXliWGhhWjBOT01YRVdQVnZVWjlwTU5aUUNaWHpEX2xwZ1FIc3V3dw?oc=5,"Thu, 05 Jan 2023 08:00:00 GMT",2026-09-04T09:04:11+09:00
GoogleNews:所得　暮らし,所得　暮らし,定額減税に子育て支援… 税制改正、暮らしに関わる改正点を解説 - 毎日新聞,https://news.google.com/rss/articles/CBMiaEFVX3lxTFBKU2VJMk9qeXFxb3VLTnNwRlgxc3hKMWF0V1J4VFFZUGZUZkp6M3dKdzN3bVVKbi1PRXFzTHp6R1lKcm9yZFRSTXAtUER5al9sR3F2YWhHM19NU3dMd1ZUU0pEWlQ3eVIx?oc=5,"Thu, 14 Dec 2023 08:00:00 GMT",2026-09-04T09:04:11+09:00
GoogleNews:所得　暮らし,所得　暮らし,【大図解】日本のエンゲル係数は45年前の水準に後退！牛肉も大学進学も全部高級品に…「暮らしの凋落」大解剖 - ダイヤモンド・オンライン,https://news.google.com/rss/articles/CBMiTEFVX3lxTE9zVDdXR1pqVnZuaHJJclhabkxDVlF5bVVZdVJvLWtEVEVrREhWY3RZSG9CNXJZc29CVm1ranRFOWZUa21sUFh1UExDdVrSAU9BVV95cUxNSm1UNXEycV8zcTNUZmoyMVdISmRuRjJTbmtjcktXVUpoWlpIRC1IODZxXzZtakRRTGphZ01fLXgzOWpIdHN6WWlmV3lTTVlR?oc=5,"Mon, 23 Dec 2024 08:00:00 GMT",2026-09-04T09:04:11+09:00
GoogleNews:所得　暮らし,所得　暮らし,年金受給者の住民税非課税世帯の条件「155万の壁」「211万の壁」とは - 寺田税理士・社会保険労務士事務所,https://news.google.com/rss/articles/CBMiXkFVX3lxTE5qdE1kbWxEeVIyc2ZObU1ldlk1QXgtNlh0cVdiblZIdGl3bHFwdVhlcWRmVjVJMkkzSlRXRUFZX0E1WFloLUhMdlBKUGQtWDE1Z1hGSERxdklVY2l5bWc?oc=5,"Sun, 24 Nov 2024 08:00:00 GMT",2026-09-04T09:04:11+09:00
GoogleNews:所得　暮らし,所得　暮らし,結婚したくない…「東京の中年女性」が“おひとり様”を望む納得のワケとは？ - ダイヤモンド・オンライン,https://news.google.com/rss/articles/CBMiTEFVX3lxTE1xNG1HTi1sZDIyN1N1VUUya0RBaTBvRDVRM0JMejJuQ1BYWWVfU1JIMWRBTHZCZjgxVHZaSmZ1V0puamFnNGxpamJ1TC3SAU9BVV95cUxNMm9KQU1sUHJwWFJxMDg4THR6R2NORGVSUzFpOG5Vb1JiNmJpejUyWjVRQXNmZk5zNGRmWFlkeE90UXNkMWJ1TGRMRnFTNTRn?oc=5,"Mon, 10 Jun 2024 07:00:00 GMT",2026-09-04T09:04:11+09:00
GoogleNews:所得　暮らし,所得　暮らし,【所得を減らして豊かな暮らしへ】メリットが大きい「住民税非課税世帯」という選択肢 給付金に優遇措置、国民年金保険料免除、国民健康保険料や介護保険料も減額 - マネーポストWEB,https://news.google.com/rss/articles/CBMiS0FVX3lxTFBQQ2h1cHVabVhjc0hIN3ZYbXNYaVpjS3ZmU1prMXBoR1RSR0xrTkZsWGtTVmFUX2l6cC0zaE5UbTdHV2hyV3dNenhVTQ?oc=5,"Mon, 04 Nov 2024 08:00:00 GMT",2026-09-04T09:04:11+09:00
GoogleNews:所得　暮らし,所得　暮らし,富裕層への課税強化、格差是正も期待されるのに進まないのはなぜ？ 世界の潮流に逆行する日本の聖域とは - 東京新聞,https://news.google.com/rss/articles/CBMiU0FVX3lxTE1ybi1QeVcxdHM2RHNWQlpTMVJwQlNGYVNBRlBPQzEyVFlxdXVSaWNrR2IxMjFCQXVNdWVDNFJwVVNqT2NDcmNZVW9Db1M5MkZBSGJn?oc=5,"Wed, 23 Oct 2024 07:00:00 GMT",2026-09-04T09:04:11+09:00
GoogleNews:所得　暮らし,所得　暮らし,年金受給者必見！ 「配当」を受け取っていたら申告して節税しよう - マネクリ,https://news.google.com/rss/articles/CBMiVEFVX3lxTE5EOUtwZVBuOVAtaEpZZ1VnMUd3OUxEVllLajNVX01mNDliN1o5OEdPTlBoLXUzeHIxeWU0a20yVXE5cHlrZmpHOWhzV2E2M2NMNnl6LdIBV0FVX3lxTE5pMTdWekVpZ0VpUWZKaV9INC1DTm9CQWpxckFqM2E1dFVYZTI5VG13Q3VqQzNlUHhvTGZJcHRwWll0Zy02alRydTI1QUIwczFscFVWSWg5TQ?oc=5,"Fri, 25 Dec 2020 08:00:00 GMT",2026-09-04T09:04:11+09:00
GoogleNews:所得　暮らし,所得　暮らし,日本人の平均年収は30年ほぼ横ばい！「所得増」は本当に実現できるのか？ - TBS NEWS DIG,https://news.google.com/rss/articles/CBMiV0FVX3lxTFBPVlFlSjdvZVB0cENKMm10TXNaR2ZLVHJfZldYZHRJalRpcXpYRHljTEY4TG12NDYwc2hLYkthRV93dXlzRHdBeFI5X1FPUXdidUpOSkhjaw?oc=5,"Wed, 15 Jun 2022 07:00:00 GMT",2026-09-04T09:04:11+09:00
GoogleNews:所得　暮らし,所得　暮らし,年収が“億超え”だったのにリタイア後に破産した人の「残念すぎる暮らしぶり」 - ダイヤモンド・オンライン,https://news.google.com/rss/articles/CBMiTEFVX3lxTFA4RWtEYWlnNmE0LUZtWWQxNzV2akM2b1k4VFBHbzd4NWdyVXZuOUZHWHpEZlNMYzBNWnBKS1c1VDg4ZUtPS2R2NjNrQk_SAU9BVV95cUxNR1pOZFRIeVVUR05Sck1XQWZqcUhuN0FsNHk2YXRrV1lfbWxjWWRKbGNsV3dlSXdqeUdOQ1VmUFZrWWFoUURoTnNnV2xNdjln?oc=5,"Fri, 17 Jan 2025 08:00:00 GMT",2026-09-04T09:04:11+09:00
GoogleNews:Z世代　意識,Z世代　意識,Z世代の84%が「恋愛したい」、一方34%は交際経験ゼロ。理想の出会いは「学校・職場など自然なコミュニティ」(61%)。Z世代の恋愛についての意識調査をZ-SOZOKEN（Z世代創造性研究所）が実施。 - PR TIMES,https://news.google.com/rss/articles/CBMiakFVX3lxTE5vUjFPdEk1alBHc1RuZ3F3cjJiS1VnOXNKU3pIQnVSR3M0Y1JzVnczTDI2cnh2LS1jRlZiT2Y4M3g5SmcxNTBwUlZEOEp6dlhFUUFvUExyWl9WUDl0NnIycVRTbUFiQVlHYVE?oc=5,"Sat, 22 Aug 2026 07:00:00 GMT",2026-09-04T09:04:13+09:00
GoogleNews:Z世代　意識,Z世代　意識,「簡単だよ、大丈夫だよ、すぐ行けるよ」タレント浜川結琳さん 知事選投票呼びかけ Z世代意識、イメージキャラクターに 沖縄 - 47NEWS,https://news.google.com/rss/articles/CBMiS0FVX3lxTE1BbzlpOFlFTDlzREtRRkQwcUhzZHRadlB6ejBDRFJmelluLUxpUGx4anV1S1BrTEtvVVhWQ21ITEoySkxqM1kwZGstVQ?oc=5,"Fri, 28 Aug 2026 20:00:00 GMT",2026-09-04T09:04:13+09:00
GoogleNews:Z世代　意識,Z世代　意識,地方のZ世代「クルマ離れ」意識急速、4年で倍増47% サブスクに関心 - 日本経済新聞,https://news.google.com/rss/articles/CBMibEFVX3lxTE8zbHFnRThJWUdoLXpwVkNUN0w1SkFRNEZKWGFxb1BwRk5MLVpiQTh5N2tBZjNMdUhsUVdoRFc5ZGswektmSnBhTnhNenJ6V2l1TFJuSjBpbTJNckhCeU1qc2xzWW9NNzZ1dV8yMQ?oc=5,"Sun, 28 Jun 2026 07:00:00 GMT",2026-09-04T09:04:13+09:00
GoogleNews:Z世代　意識,Z世代　意識,APACのZ世代半数が毎日AI利用 安全意識に課題 - CHOSUNBIZ - Chosunbiz,https://news.google.com/rss/articles/CBMijgFBVV95cUxNMnRvZy1MLUJnOTlaUUJ3NkhGVGxucHYycDlvRWJVWFlsdVRQbGp0LUFhOE0tSXk5S3dZQi1JaWI1RVdfM0dHOW5BUXgzWjMwZXlTUkhPQTVPM2daRER4ZjNnNlUzYUlhU1hXN3pCdEVLeHYydWF1d2xXWG50T3VtLVR5LWFnZmgyN3gtNThR0gGOAUFVX3lxTE0ydG9nLUwtQmc5OVpRQnc2SEZUbG5wdjJwOW9FYlVYWWx1VFBsanQtQWE4TS1JeTlLd1lCLUlpYjVFV18zR0c5bkFReDNaMzBleVNSSE9BNU8zZ1pERHhmM2c2VTNhSWFTWFc3ekJ0RUt4djJ1YXV3bFdYbnRPdW0tVHktYWdmaDI3eC01OFE?oc=5,"Thu, 03 Sep 2026 02:38:00 GMT",2026-09-04T09:04:13+09:00
GoogleNews:Z世代　意識,Z世代　意識,20代の推し活支出が突出して高い理由——「推しのために働く」Z世代のマネー意識（ファイナンシャルフィールド） - Yahoo!ニュース,https://news.google.com/rss/articles/CBMiiAFBVV95cUxNbkJwM3pfQTVVcE5VaTMxNVFXSU9DN19SS0NSWmEzRU1RbzlCS0IwZ2Y0aGtCeV8waHhOb1lraUJKUHByendJSG4wYUhzbHJSNjBVSXdvUXJVX2EzY0JpNjlBdFR0aW85cHBYVEcyS1YwNXBWWXN3Y3E4V2JiNk1tSXVQSmdUMmVu?oc=5,"Sat, 23 May 2026 07:00:00 GMT",2026-09-04T09:04:13+09:00
GoogleNews:Z世代　意識,Z世代　意識,過去1年でZ世代52％が中古購入 - リユース経済新聞,https://news.google.com/rss/articles/CBMiY0FVX3lxTE83ZTl3b09hVFRReDc2YzBHUEZiZ2NsM1FwbUF2TmVDbll5MG1LVG9iNmotbFhNcElPVi1PbU5iN3dYYjBQdzF1dXUxQ2EyeU5VeW8zLXlRVW13WmhDY0Q2U3ZYbw?oc=5,"Fri, 12 Jun 2026 07:00:00 GMT",2026-09-04T09:04:13+09:00
GoogleNews:Z世代　意識,Z世代　意識,日本のZ世代意識調査：SNSのイメージや消費感度編 - ネオマーケティング,https://news.google.com/rss/articles/CBMie0FVX3lxTFBuVFNQeDFZWDBsXzJzWm9tdGdqSnpUSy1vVHVycUtEY3pPemExVE5pbUh3QU1OQnZMUTRCRkRWMGlnY3JWeHBPOVZhaGlnMjlHRUdTRGU3dmJnVmRJc3paa1ZmMFM0S2lwMFgwUXllek81QkN3SEJnNEQySdIBiwFBVV95cUxQVXNFYjRtOTdva3ljMXc4U0lYcnhjTFVqdE9PaUdkdjRrbFpjeHZ1Q0ZkR2FHd2wzdmpRQnppV2liU0NyUEVhS09zd1ZXbDNPTU9EVlNDVVFVdjJVZXF2SlV5d0VmUVVxTlY0TWRRcldEMmNENXVHLTlpdXE5UFVUcU14emRyMEp5YUln?oc=5,"Fri, 26 Sep 2025 07:00:00 GMT",2026-09-04T09:04:13+09:00
GoogleNews:Z世代　意識,Z世代　意識,画像6 / 11＞Z世代の意識調査。オンライン会議の議事録作成関は6割以上が「不満」。“AIによる書き起こしツール”に期待の声も - ウォーカープラス,https://news.google.com/rss/articles/CBMibkFVX3lxTE55dTF1bW5DUjFZRGpQSzBUWHlQZHdHSXFidmRNVW9DeUlhUHRwaVV5OTZSNHJVdEtzNFMzU01Gdl80dFRoWkNkWmVTNy1PenBqVk0xOTVEVWM2MHE0WXV6al9vRmRMaGQ5VjBaTmd3?oc=5,"Thu, 27 Aug 2026 04:37:28 GMT",2026-09-04T09:04:13+09:00
GoogleNews:Z世代　意識,Z世代　意識,WAKA、「Z世代・α世代のタイパ意識とデジタルサービス利用実態調査」を実施 - 日本ネット経済新聞,https://news.google.com/rss/articles/CBMiVkFVX3lxTE5VYnloQ2FnVmQ2Q3VtdC01TDRETzJZcjN6cGdVaXdsblQxeVlDQTNqWjJaWFh6dE1CcVVwX08tdnlrVzgxeF9iOHoyWmlfdFFqN0dOMFV3?oc=5,"Mon, 20 Jul 2026 07:00:00 GMT",2026-09-04T09:04:13+09:00
GoogleNews:Z世代　意識,Z世代　意識,「簡単だよ、大丈夫だよ、すぐ行けるよ」タレント浜川結琳さん　知事選投票呼びかけ　Z世代意識、イメージキャラクターに　沖縄 - ｄメニューニュース,https://news.google.com/rss/articles/CBMigAFBVV95cUxQRmZ5Qk96VmlhTGRnSnBWbGFraEFsRWZORl9iUzdBa2tBM2ZHUFA0M1VvMklzWGVjNGpCUjdEYXZ2YjZlOVNNczVnamU4MjB3WG91UjFKTmE4dFRYUmp4UU1zS0htVXgyOGxEMk9Ta0FZWmlCbHJnN2xLNG1NZVlQRNIBhgFBVV95cUxOcnM4NG84dXF0aVB2TTFwQkJqZDRjeGQ4WndhLWh5c3FNa2l5R0VsQmpDWmdjZzVEOUV6ZklPMlFiUk80Q0RxRFJReUtvRXRXRExnQmVRamJsYWdKeE9hLW5uWjMzbEpvZlJDSEdSSkFTSUlnZ0ZNNHFyUkszV1BLVTZ5aDZQUQ?oc=5,"Fri, 28 Aug 2026 20:00:00 GMT",2026-09-04T09:04:13+09:00
GoogleNews:Z世代　意識,Z世代　意識,Z世代の95%がミーム経由で商品購入・利用に至らず。企業のミーム活用、39%が「下手だとブランドイメージ悪化」。Z世代のミーム化についての意識調査をZ-SOZOKEN（Z世代創造性研究所）が実施。 - Excite エキサイト,https://news.google.com/rss/articles/CBMidEFVX3lxTFBJWDNyQW0zazRfUUMxbEZROTdodWRrekF6ankxemg2bFZNaWo1YlI1YkJ6TjFRQTFvRDBCRmV4VEI0TlFPWlhHd1V0UTVDa0tPLWZneG5GbktTNmJha01SRXBTRFplOV8wS1dURkVTTFZZQVVL?oc=5,"Mon, 24 Aug 2026 13:10:00 GMT",2026-09-04T09:04:13+09:00
GoogleNews:Z世代　意識,Z世代　意識,Z世代の49%がGREEN×EXPO 2027を知らず。7千円なら55%が高い・払わない。Z世代のGREEN×EXPO 2027についての意識調査をZ-SOZOKEN（Z世代創造性研究所）が実施。 - PR TIMES,https://news.google.com/rss/articles/CBMiakFVX3lxTFBWeE1VM09HN2ktbHNXZVhpckozTUU3MWoxNnM0RzE0UHZsanVIOHNKVWIwaTlMdVdxMW82bHpzcGMwZ01mR1lqQWdhUzA1UVBmZGRRR01xNzNsSHNBaXFqNml0dFpURl9FRXc?oc=5,"Wed, 26 Aug 2026 01:00:02 GMT",2026-09-04T09:04:13+09:00
GoogleNews:Z世代　意識,Z世代　意識,Z世代の45%が「小学生頃」に郷愁 ノスタルジーマーケティングの意識調査でFiom合同会社が発表 - コマースピック,https://news.google.com/rss/articles/CBMiVkFVX3lxTE9KZDdIN2Vjd0JvYmFfX0Zybnc1QzFZeWU0dDFOaDNsSlptdklFR2NKOS1QOE16N0Q4MEoyQ0NIbmVQazRTR2dqT3EzZ19JeUlEaDQwckx3?oc=5,"Thu, 26 Mar 2026 07:00:00 GMT",2026-09-04T09:04:13+09:00
GoogleNews:Z世代　意識,Z世代　意識,Z世代が自治体情報で最も信頼するのは「地域のお店・施設の公式アカウント」39%。市長・議員はわずか1%。Z世代の自治体プロモーションについての意識調査をZ-SOZOKEN（Z世代創造性研究所）が実施。 - Excite エキサイト,https://news.google.com/rss/articles/CBMidEFVX3lxTE1YcGphblZsbEltNkc4OE03LWVfQWxRLVhzOUZVbFlXVGxTWkprdlBxYjJ6OUhsUFFUX3Z2UmVfMkpISGxoV0FKSnZtR3JBd3l1TDRKSXJPTTRXT2l5SWUtUkk5V2JYaWc0akxoRGQyZ2tkQUdB?oc=5,"Sun, 23 Aug 2026 01:45:00 GMT",2026-09-04T09:04:13+09:00
GoogleNews:Z世代　意識,Z世代　意識,Z世代の約4人に1人が副業を「SNS」で探す。副業には「自分を見つめ直す」効果も？Z世代・Y世代の副業に関する意識調査を実施 | 僕と私と株式会社のプレスリリース - PR TIMES,https://news.google.com/rss/articles/CBMiakFVX3lxTFAzdEZPZUlxa292X29pN0h6WjM1Zkh6WkNQUTBNX2pTSXVPcnFMaTgwLXBZdThMMjhOUVFpekFXQ0ZCNEVUX1dtb0RBaGVoZVJzTXUtMDBhRGJIOVpaU0Nsd0dhY2VLZVl5OFE?oc=5,"Thu, 14 May 2026 07:00:00 GMT",2026-09-04T09:04:13+09:00
GoogleNews:Z世代　意識,Z世代　意識,【2026年Z世代消費行動調査レポート】Z世代は一括りにできない！3世代に細分化すると消費行動の違いが明らかに！OASIZ「３層から読み解くZ世代新構造」 - PR TIMES,https://news.google.com/rss/articles/CBMiakFVX3lxTE9icVBZb1Z3bHJrdXpGdDA2TDRWcmd3OHZNSjNGR2ZYTTVvTjdPcTlSZ2t4V2pERW5jbUFKNktjQmtubFFTR2owNlpZXzRabE9ObF9zSmwzS0MtY1pBUVBoX2J4SGpFMzhSMFE?oc=5,"Tue, 23 Dec 2025 08:00:00 GMT",2026-09-04T09:04:13+09:00
GoogleNews:Z世代　意識,Z世代　意識,Z世代の約8割に「ストック消費」が定着。「外食」に関する意識調査を実施 - PR TIMES,https://news.google.com/rss/articles/CBMiakFVX3lxTE8zMHVaTjdHTG4zbFNtdnNhSS1fS2w3VkNYQXMyS3hrVGt2MGIwT2V6bTJORHZsWjlsSWl4TFRhdjJKODJsYkhRT1pRdzRnMzloaTYwcG5UQ3BYQjZCQzBOZV9iTF8zNjdjR2c?oc=5,"Wed, 07 Jan 2026 08:00:00 GMT",2026-09-04T09:04:13+09:00
GoogleNews:Z世代　意識,Z世代　意識,【Z世代の情報収集】生成AI普及の裏で高まる企業のテキストコンテンツへの“AI不信”。動画ニーズの裏で7割が効率視聴を選ぶ情報収集の「タイパ意識」の実態 - PR TIMES,https://news.google.com/rss/articles/CBMiakFVX3lxTFAxdG9LXzhNUE1qSl9WOXJ5TnhmX3BMTkh4RXMxa1I3LUN3R3d6RVpmd0VUdy1lbFZVakdLNEk0NVJsSktuMlR1ZEtIRVo3NFNUNXZjTVV0ZGpMdm9PdDEwRE9xdlJvM2VmNGc?oc=5,"Mon, 13 Jul 2026 07:00:00 GMT",2026-09-04T09:04:13+09:00
GoogleNews:Z世代　意識,Z世代　意識,むしろ、ひとりが楽しい!?Z世代の4割が“ソロ活”経験あり。「ひとり時間の過ごし方」に関する意識調査を実施 - PR TIMES,https://news.google.com/rss/articles/CBMiakFVX3lxTE5qUVhSX25ISTg2a0hEbmZqMk5CWkxOZlNTNUNkc3Q4LV9uOVdVQklLZUVIV3lkQXNpMDEwdVNDTllRbDl3NXhaVzBDLWlIZnE3MzV5TU5td3JKOHc3SDJRVnFCcDVBNTZFZEE?oc=5,"Thu, 30 Oct 2025 07:00:00 GMT",2026-09-04T09:04:13+09:00
GoogleNews:Z世代　意識,Z世代　意識,Z世代のアイドル文化は「パフォーマンス」重視へ。「ビジュアル」7%、「疑似恋愛」5%と旧来の価値観と乖離。Z世代のアイドル文化についての意識調査をZ-SOZOKEN（Z世代創造性研究所）が実施。 - PR TIMES,https://news.google.com/rss/articles/CBMiakFVX3lxTFB5Wm5XQzNndGJDVklrUHpKTDd0ZlNadWNQR1lMdkNfYmJTVVJ0NlhuOUtFdGJaOG9NOFFNSlkzWjk4NW5nSC1fLTdaNzlVY0RlMGd6aVJ3a1hXdVU1QlhOZGFZbmYyU2FJeXc?oc=5,"Fri, 07 Nov 2025 08:00:00 GMT",2026-09-04T09:04:13+09:00
GoogleNews:Z世代　意識,Z世代　意識,【今月のチャート】健康意識が高まるZ世代、依然としてカフェインは重要な役割を担う - Euromonitor,https://news.google.com/rss/articles/CBMinAFBVV95cUxQdmJkX3dMcjJ5T2NEdmNIWjE4cVotM1pDeXpjb0ZId2IwYmk1UW12QXVObzdteTJ2VHc1cXJja0h4ZkZjTkFoNFFZa2ZlVjlfajNDeU9GSGxMV2R6ZVd1RkEzNFZVT3dYTDd2TXZDM0lkMVNnN0hfNElSRU5fa1RVa1pZdVNMZVZkdmlwc3FlVXJnMXg5TklDTnktQmE?oc=5,"Fri, 24 Apr 2026 07:00:00 GMT",2026-09-04T09:04:13+09:00
GoogleNews:Z世代　意識,Z世代　意識,「ライブでの観客の歌声」ネットで沸騰、大声歌唱はありかなしか【Z世代の意識調査】｜概要｜ニュース - ピンズバNEWS,https://news.google.com/rss/articles/CBMiTkFVX3lxTE9HdDJxRWV1NWV1WkNxR2xIVGVSMDRSd193N0lZUVNpUGJOZEZIMWFLVU5wZ2ZEYW9heHZ0ZG9tY3k2a0VvRkpCUXNZT2gxdw?oc=5,"Sat, 22 Aug 2026 23:30:00 GMT",2026-09-04T09:04:13+09:00
GoogleNews:Z世代　意識,Z世代　意識,Z世代の人権意識に焦点 ひょうご人権シンポジウム、26日に神戸で [兵庫県] - 朝日新聞,https://news.google.com/rss/articles/CBMiZ0FVX3lxTE9qUGlRNGJvWHFwMnYwTXBIOE1qRXpvWEtQRWZHUmthcTZpV0pCOEV0eTdySGFTekhhX1J2WlEydV9IMmRJanZjZW5aZmQ2RTAtbUhjeXpScUxQNlVaTWZma2MyYkc5SkU?oc=5,"Fri, 27 Feb 2026 08:00:00 GMT",2026-09-04T09:04:13+09:00
GoogleNews:Z世代　意識,Z世代　意識,Z世代は節約しながらも趣味やご褒美には積極消費、デロイト トーマツ調査 - こどもとIT,https://news.google.com/rss/articles/CBMiZEFVX3lxTE1CSzhNcjVLZHZpRTkwRWdHSVdxN2EtY2VIYW5PVVRyaHI0SmVCeGhsSHNHNUw0OC1QWjZnSVhvT1pGWndhYWFaMk5LNDNLTVlnZEV0VzdVc3A3SmhvdnV4cnlBczE?oc=5,"Mon, 01 Dec 2025 08:00:00 GMT",2026-09-04T09:04:13+09:00
GoogleNews:Z世代　意識,Z世代　意識,"X世代・Y世代・Z世代の3世代2,050人の働き手を対象にした、仕事での生成AI利用に関する意識調査 - アデコ コーポレートサイト",https://news.google.com/rss/articles/CBMiV0FVX3lxTE01eFhRYmwzNkZPb2VYQmlFXzFnLU5ZZ2VUMml3N3hYR0FYeEN3U2RsSVk5RDVEUjZraEt4QXJyN3VZVHA4V05fZEFqMnNsMkdOemdpaGVHRQ?oc=5,"Thu, 16 Oct 2025 01:19:24 GMT",2026-09-04T09:04:13+09:00
GoogleNews:Z世代　意識,Z世代　意識,サステナは“意識”から“習慣”へ──Levi’sが仕掛ける、Z世代のリペア文化再設計 - AMP[アンプ],https://news.google.com/rss/articles/CBMiYEFVX3lxTE94NFF6M0JVZTBmWGp3THNjZ0N0RTh0dU43cmFOX2xCdHJDWUxGcWxGM2N6UGZiOElsc2VfVHdyMGVPZnJoS0o4V2p0clhIdWxITUwxTVEybS00NG5VYmM4NA?oc=5,"Sun, 03 May 2026 07:00:00 GMT",2026-09-04T09:04:13+09:00
GoogleNews:Z世代　意識,Z世代　意識,「Z世代の大学生の海外旅行意識・実態調査」結果を発表 - Infoseek,https://news.google.com/rss/articles/CBMickFVX3lxTE5wWUwxMi1oaGhJVmFFdU1YNHBUYkhLWUU1ejAtTi1KbC1fTjlMc0x1UEZXdTFKWUg2UGU2Z3VHa2FFWVhMWmlvN2NjcmplR053RnZGX0pLMXVOLWpmX2hndm1GT09peTRvZS1feWV1UE5YQQ?oc=5,"Fri, 31 Jul 2026 07:00:00 GMT",2026-09-04T09:04:13+09:00
GoogleNews:Z世代　意識,Z世代　意識,アサヒ飲料、若者の「NO」といえることに関する意識調査、Z世代の約9割が「いらないものにはNO」といえる人がかっこいいと回答 - マイライフニュース,https://news.google.com/rss/articles/CBMiWEFVX3lxTFBGVXpaeHM2VHktT3BtdXRNNmZURWkycDZsem96dDZ1RnY0WU5Yb2RhQ2JTcVllVWN3RFF6RzlFMW1RNkl2YWVqSlhpMnhuUF9Ic2ZBX0FiNnA?oc=5,"Tue, 28 Apr 2026 07:00:00 GMT",2026-09-04T09:04:13+09:00
GoogleNews:Z世代　意識,Z世代　意識,Z世代の健康不安トップは「がん」。イプソス、世代別の意識調査を発表 - TABI LABO,https://news.google.com/rss/articles/CBMiWkFVX3lxTE94RnVremx0OVkzX0dxOERTLXpmN19KTmRKOTNldUZwTEY4MUpRQVA0dmROZEQ2b3N0c1gwMzFKdFh5S1hVVG1HSU5mQTk4d2xfOGFaaE4zVENLdw?oc=5,"Tue, 02 Dec 2025 08:00:00 GMT",2026-09-04T09:04:13+09:00
GoogleNews:Z世代　意識,Z世代　意識,日本と米国のZ世代意識調査：SNSのイメージや消費感度編 - ネオマーケティング,https://news.google.com/rss/articles/CBMigAFBVV95cUxPVzNwZC1lT2RxSjhQbXhQWGZuUFpRTWpoYVdrTGhZamtwdHVTc2xjMWZKbTU4WlJQc3FnT0x0U3luMkNEWUNVb01pNG1mSzhKbG1QbFhEVVcwM2Y1Q24tdk5rQlhlaEd4N01tX3FBc2xCNFNHb0pZbmN2YUtVbjJWcNIBkAFBVV95cUxNeEhpdGZ6WXMxRllOdndYWE1xTl9mNDU1SGh2b0swbXhQYS1iZmFTcWtVRkFpWGpGblMzWWhSNnNmNmZzMGpiUnlFN3pBQ1hxdHpRX2thR3BueVhpbTNPeFB4YjdtR2tTem1CSDBYVHJDSFJGNXpLa3lPdnl1dDdXdGJ5b2N5ZU1pYkkwZlVEX1M?oc=5,"Fri, 26 Sep 2025 07:00:00 GMT",2026-09-04T09:04:13+09:00
GoogleNews:Z世代　意識,Z世代　意識,Z世代の「海外旅行離れ」は国際意識の低下を招くのか？ - 電通報,https://news.google.com/rss/articles/CBMiS0FVX3lxTE9ENm1OWlpsY1dqN3hjZFlmV3ZPdVVXWEhocXpKZjZVcDlmWkFjbmt3dl81OXJRbEtLUF9BREMwWTNBUlBwYWpjcWktcw?oc=5,"Thu, 02 Oct 2025 07:00:00 GMT",2026-09-04T09:04:13+09:00
GoogleNews:Z世代　意識,Z世代　意識,日本と米国のZ世代意識調査：SDGs編 - ネオマーケティング,https://news.google.com/rss/articles/CBMiekFVX3lxTE9jWEdVVG1hMEJGQ3k4MGJVdVNxcE1PUVFSeXhkRG14MjBRWE9xQi1aUE9EU3kzUllYd1FZbzVVNWtzeWV2YndLRTVqcUVzRGJKdFBQcXhRT1VIZ1Y3N3g0NFJ1WGlBQW5DSW1ackltODBTaGpERnQ0dUtB0gGKAUFVX3lxTE42akZNR2libjJKTy1sN1hRM0hoR2IzNGZCd25BRDJVMExxbUxCZmRBaWl5eThvQWFrWlZkb1FvSVZEQ1F2OTFPUXdlWGROdXVlR2xTMks5UjZBSWFqRm5TNFpyYTlyZXRqaGtXejItMVc1TzhxWjYzVl9mOUFIa3kwQzUweW9mUkNnUQ?oc=5,"Thu, 18 Sep 2025 07:00:00 GMT",2026-09-04T09:04:13+09:00
GoogleNews:Z世代　意識,Z世代　意識,【北欧リポート】「グレタの国」でZ世代が右傾化、行き過ぎた環境政策と移民受け入れが変えた意識 - JBpress,https://news.google.com/rss/articles/CBMiVkFVX3lxTFBHa2Q0dnlJbzF5eDRDZF9pbG4xc3lpRi1xeXozNDctaVdBSWxhSXp1N1pPYkRRTXNaZUVMdEpOWjhwbWV6eXFJTGtJTG5TSlFsN0tjVy1R?oc=5,"Sun, 22 Feb 2026 08:00:00 GMT",2026-09-04T09:04:13+09:00
GoogleNews:Z世代　意識,Z世代　意識,Z世代のイマ～子どもと親の価値観ギャップ～比較を通して見えてくる、世代ごとの価値観の違いを受け入れともに歩んでいく - PR TIMES,https://news.google.com/rss/articles/CBMiakFVX3lxTE9CWUNiQm1FTVdZZkcyUzhQMTdUOV9DMlBrYXhib1hkNkpYXzFsUUVnNTBsbTJSc2l4ZjR0R1Q4bTlqNlp4RGlOSGltRXNKUEdIZTNKU2pMTVlMaE5UUGNadExMRkwxZlNCa1E?oc=5,"Tue, 21 Oct 2025 07:00:00 GMT",2026-09-04T09:04:13+09:00
GoogleNews:Z世代　意識,Z世代　意識,「意識的な脱管理職」時代：Z世代が求める新しいリーダーシップ像 - Forbes JAPAN,https://news.google.com/rss/articles/CBMiWEFVX3lxTE9WeDFsSnZqcE1CY1Z1QWZUU3lHZlJwR3RYNEpuazBMRmJVRFdpT09qZHJEcjREc1pXdFdmbWNfYzZTUHljYlR4emNEa05MVmxJUTFSWUdjNUg?oc=5,"Wed, 04 Feb 2026 08:00:00 GMT",2026-09-04T09:04:13+09:00
GoogleNews:Z世代　意識,Z世代　意識,Z世代は「ご褒美消費」に意欲的 デロイト トーマツが購買行動調査を発表 - AdverTimes.（アドタイ） by 宣伝会議,https://news.google.com/rss/articles/CBMiX0FVX3lxTE53QkppdGhiTHJYVG92Qkx3cGRfVVNuSnZqaGhicElvVDVFY1RKMGRtcmdfV1VMN3Iycmp1LWpuUzBoUzI2SE1xeEVRR2Y0RmJmeEtwZTkwdnB2ckptcWhj?oc=5,"Thu, 25 Dec 2025 08:00:00 GMT",2026-09-04T09:04:13+09:00
GoogleNews:Z世代　意識,Z世代　意識,Z世代はセルフケア意識高め、バズった投稿は信じる傾向 - Forbes JAPAN,https://news.google.com/rss/articles/CBMiWEFVX3lxTE10azNwR2w3Z0E4clBLZ0JqSi1RUmwxS2tIZUd2X2Vzc3JVazZaU0RhUHhyZnVXZW5SZ3VBLVI0aVItdnJscHJoM01TbmwwNlhXakJVOVhLeDU?oc=5,"Fri, 10 Oct 2025 07:00:00 GMT",2026-09-04T09:04:13+09:00
GoogleNews:Z世代　意識,Z世代　意識,Z世代600人に広告意識を調査 6割が「個人情報活用を許容」も4割が「不快感」 - アドクロ,https://news.google.com/rss/articles/CBMiTkFVX3lxTE1Gd3VwOENjQ3NtSHNKbUhKREdhcHluaG5CcVpscXdCZmdJRnNLblFYRXJkR3Fua0YzVlhDRUtrMHJrajBaTmtpbmJuZ1VXZw?oc=5,"Mon, 10 Nov 2025 08:00:00 GMT",2026-09-04T09:04:13+09:00
GoogleNews:Z世代　意識,Z世代　意識,“若者の恋愛離れ”の正体 調査で見えた恋愛至上主義世代との意識差 - 日経クロストレンド,https://news.google.com/rss/articles/CBMiZkFVX3lxTE1GVWl2Qmp6ZldtTG50MXBQNm5LaDhEY0hiVnlLNkNPdjZZeEZFUnM3YWdDT3F1bThmeTJOSGJaUk96TnNzcnAySDJ6QUxjTDM5SXZJVkJLNzdSU3doQW9ZYU9tRnNiZw?oc=5,"Mon, 22 Dec 2025 08:00:00 GMT",2026-09-04T09:04:13+09:00
GoogleNews:Z世代　意識,Z世代　意識,【Z世代の就活×環境の意識調査】7割以上が環境に悪影響のある企業を回避。就活条件と環境意識の両立とは？ - PR TIMES,https://news.google.com/rss/articles/CBMiakFVX3lxTE5MUFFTeGpuYnoyS1ZZXzdMZTEzZUV4RWQtUTBPQldCR2ZrUFc2YWZ1V1JmYnhCUFZkekdNQllXQTNvMDJIWXN2aU9yMk1ZSzI2WjFwaHB4OTBybU9xVW15UWt1UFFmQVFfWHc?oc=5,"Wed, 26 Feb 2025 08:00:00 GMT",2026-09-04T09:04:13+09:00
GoogleNews:Z世代　意識,Z世代　意識,【調査リリース】「情報源としてのメディア」に関するZ世代の意識調査／就職・転職の情報源として「Webメディア」一強、「テレビ」「新聞」の影響力はほぼ皆無 - PR TIMES,https://news.google.com/rss/articles/CBMiakFVX3lxTE5ITUp5UmdPbExRWXZpc0RIdTB3M2NUNW1GLTA3d2Z0NzFRN2NzYm9Vd0liWk55cGt5d3hqSDhNelgzNDNhQWxUbVF2ZXBHNUR2ZkZQMEtUUi02YlZMMnl1SXJEb09sMXNPaFE?oc=5,"Tue, 04 Mar 2025 08:00:00 GMT",2026-09-04T09:04:13+09:00
GoogleNews:Z世代　意識,Z世代　意識,“保険離れ”のZ世代。何をきっかけに入る？「保険選び」に関する意識調査を実施 - PR TIMES,https://news.google.com/rss/articles/CBMiakFVX3lxTE5mRHJHYWpobU8yQ2VUWE04Y1VYcXdkaDJDOTJLd3liek9PVVo4LTZiRkZVZEtGcFRFQ01Ral82UU92dEZhcVhIWFphNGNYS0VxaXF0a0hieV91bzB3YU5UczZZMkJnYWdhYnc?oc=5,"Fri, 12 Sep 2025 07:00:00 GMT",2026-09-04T09:04:13+09:00
GoogleNews:Z世代　意識,Z世代　意識,【Z世代】若者によるセルフケア意識に迫る！厚労省データに見るメンタルヘルスの実態も - LIMO | くらしとお金の経済メディア,https://news.google.com/rss/articles/CBMiVkFVX3lxTFAtLXNoSlZ3YzVPanFla0NTc2JCdmFNUDB3Yk9DTEtPb0UxendKd2VRNUFrTFJNU0E1ODFSWWw2U1V4T2s0bU9KZzVYNXpGRHdRUXNhQ0N3?oc=5,"Sun, 02 Nov 2025 07:00:00 GMT",2026-09-04T09:04:13+09:00
GoogleNews:Z世代　意識,Z世代　意識,『Z世代のSNS毎の使われ方が明らかに！Z世代の意識・SNS購買行動調査レポート』公開 | 株式会社CREAVEのプレスリリース - PR TIMES,https://news.google.com/rss/articles/CBMiakFVX3lxTE90Z0JMcVN1VExXenVXNFFFczRiTURlT0duZzVUNUxLNEJjOF9fRXAwblhQeGJpMjc1RDNPaEhkbFNPMWQ3RHZ1aGM4OU0yVzY2UHZaZDBTVFNjS3ZrcGZnS0ZaMldqenM5c3c?oc=5,"Tue, 22 Jul 2025 07:00:00 GMT",2026-09-04T09:04:13+09:00
GoogleNews:Z世代　意識,Z世代　意識,Z世代の介護職に対する意識調査を発表【ケアワークス】 - PR TIMES,https://news.google.com/rss/articles/CBMiakFVX3lxTE9zMHBtLXM5Q1drbWExMjNGSVozSW5abTBXQUlFbjQyZDhFYUNfZFFLQU1IYm5idUpXR3hGdHB0Nm1ZYjNXeldPd0hMM2d3Z00yY3J1OTByaVg0WElPd3RuZXRkLUhheUpNc3c?oc=5,"Thu, 12 Jun 2025 07:00:00 GMT",2026-09-04T09:04:13+09:00
GoogleNews:Z世代　意識,Z世代　意識,IMADA KITCHEN×CCCMKホールディングス共同調査『Z世代の食に関する意識調査』 - PR TIMES,https://news.google.com/rss/articles/CBMiakFVX3lxTE5MQ0NiRHdNTEo0M3Y3dzdBcHV3OTdFbzI4SFZrQzlGTFR5UWIycTNiUHhGSUhPM1dzQlZaM1FhZUNGbXRVVG05U2F1ZENDbjAwY01WUURFTnZEaUJqRWVWOW9xMHdDREpHRFE?oc=5,"Mon, 19 Aug 2024 07:00:00 GMT",2026-09-04T09:04:13+09:00
GoogleNews:Z世代　意識,Z世代　意識,Z世代の大学選び、偏差値よりも「自分らしさ」重視…SNSで基準変化 - リセマム,https://news.google.com/rss/articles/CBMiXEFVX3lxTE9TY1B0TXdDTGFBUllwSFNfX0dzTzgzNWVybExBdWI4NnBnR1ZISnpIdlhZd3VrN2FxMzRmSHl5QUh5ZjNsbnloMzBjR0M4d2tnRVROTmRTSE1SM1NS?oc=5,"Thu, 25 Sep 2025 07:00:00 GMT",2026-09-04T09:04:13+09:00
GoogleNews:Z世代　意識,Z世代　意識,Z世代のテクノロジーに関する意識調査 - 株式会社ロイヤリティマーケティング,https://news.google.com/rss/articles/CBMiTkFVX3lxTE1sal9nSXRUang4d0NMdUpDMEZnVGZ5WVkzZG10UE4zM3RVSDh0OUx5NmpQV2ZGSEpkdDhaQ19iZlQxclZXQl9nczdhb3UyZw?oc=5,"Mon, 28 Apr 2025 07:00:00 GMT",2026-09-04T09:04:13+09:00
GoogleNews:Z世代　意識,Z世代　意識,【調査リリース】「キャリア意識と価値観」に関するZ世代の意識調査／7割が「一つの会社で長く働きたい」と回答、転職志向は全体の3割弱 - PR TIMES,https://news.google.com/rss/articles/CBMiakFVX3lxTFBhSDJ3SVhYTHI0Zkt4X2lLYUtIem9wOWN6d2N0aUVnOEtQSDV4UFFPLVk5aVdhZ0Z1S0tWRXZNelNRWFh3MWEza1licFRTbHo0SjhSTm5waEpHemJHaU9LanZMaHVCYzRxWVE?oc=5,"Mon, 26 Aug 2024 07:00:00 GMT",2026-09-04T09:04:13+09:00
GoogleNews:Z世代　意識,Z世代　意識,"電通「Z世代就活生 まるわかり調査」""安心重視""の就活事情が明らかに - dentsu.co.jp",https://news.google.com/rss/articles/CBMia0FVX3lxTFBISmRtX01aWlhMcmNYMVhyMml6UU1CamF6UHZyN0ptNXRfUXlYcHN3bnozQjBPS1VWMC1zMkNTUW9talRZQjdSaXBYbmY5UV8xckdNMldaMkFNRGRzZ1NvWk1zZXI2LUE0SXZF?oc=5,"Mon, 28 Apr 2025 07:00:00 GMT",2026-09-04T09:04:13+09:00
GoogleNews:Z世代　意識,Z世代　意識,【Z世代の環境意識調査】ウルトラファストファッションの誘惑に揺れるZ世代。環境影響を認識しつつも半数以上が続ける「ごめんね消費」をデカボLabが調査 - PR TIMES,https://news.google.com/rss/articles/CBMiakFVX3lxTE5VVmNyekN2TTBXUGdyTVpsaVdOcHdIZnV5cWxwbklyN3JzSkpHY1NlMHRQUGRmWG83NlhnQUJsQVZsQWZqcjRWaVNWNUtrTlFiNzdYc3U5cjVjSU1EOUR5cVgtTC1Qd0tqcHc?oc=5,"Thu, 21 Nov 2024 08:00:00 GMT",2026-09-04T09:04:13+09:00
GoogleNews:Z世代　意識,Z世代　意識,若者はLINE使わないは都市伝説！？Z世代が最も利用するアプリはLINE、情報収集はInstagramに軍配【MERY調査】 - 株式会社ヴァリューズ,https://news.google.com/rss/articles/CBMiV0FVX3lxTE5hRlAtSl81OVF1bVJlY0ZoV0k2SkJTTi1VMFFiV19nWVh3Ti1EUkVvWGVRajA1UFRZN0ZTemlTb0UteUxMY0UzT05GbFJmczAzRi1haWJmQQ?oc=5,"Fri, 19 Sep 2025 07:00:00 GMT",2026-09-04T09:04:13+09:00
GoogleNews:Z世代　意識,Z世代　意識,フリエ住まい総研「Z世代の住まい」に関する意識調査“コスパ・タイパ重視”が住まい選びの新常識 - PR TIMES,https://news.google.com/rss/articles/CBMiakFVX3lxTE1tY2NHQ1p2eTdEc3lDczhxWWtuUG1ocXlmM0VEZ1dncUZQMVVleWlNTnVMSEREQ3cweGNZcUd3ZHNNYkJSMmJaX1FVNU45Qmd5aC1nd0R6MUFicFNJYi14dllwM3ZaQWNtblE?oc=5,"Tue, 05 Aug 2025 07:00:00 GMT",2026-09-04T09:04:13+09:00
GoogleNews:Z世代　意識,Z世代　意識,全国の就業者10万人を対象とした「はたらく定点調査」に見るZ世代の就労意識 ～転職するが起業はしない。休暇は自分の記念日や趣味のためにとる。 ビールを勝手に注がれるのはハラスメント - persol-group.co.jp,https://news.google.com/rss/articles/CBMiYEFVX3lxTE93cUFSQkphNHU2c2FGMTZvLW5GVzI1Y3FSVDdudzJFRzc3dnlTOGhTdVBqVDZtVThiUHB4ak1TbFpjN3NkWFRtQmE0VEFqMzFDWWc2Q3lhUHJ1dGtYSVlHZw?oc=5,"Wed, 27 Sep 2023 07:00:00 GMT",2026-09-04T09:04:13+09:00
GoogleNews:Z世代　意識,Z世代　意識,Z世代の7割は「売る前提」で購入、KOMEHYO調査で判明。「循環消費」スタイルが定着 - Circular Economy Hub,https://news.google.com/rss/articles/CBMib0FVX3lxTE1LZ1Z1ajA2Z0dVZXRhOXVvMkNKbjFJSEdUMjNHZGJmZkFuS2g5cy1oTGR3LUN5ZUFsUEVEdHBxNFQtQ2lhc0ZpNUg3R3Z0MFRvcHlJWDB5elN5bUVhMGhxYVpwWEZneXBUaDB2MTRhZw?oc=5,"Fri, 29 Aug 2025 07:00:00 GMT",2026-09-04T09:04:13+09:00
GoogleNews:Z世代　意識,Z世代　意識,「Z世代就活生 まるわかり調査2024」を実施 - News（ニュース） - 電通ウェブサイト - dentsu.co.jp,https://news.google.com/rss/articles/CBMia0FVX3lxTE1rV0RGd3Z4ampveGdzMG9XNzM2b2tEYWZWRUtHbXc1QW16WUVBMi1GMTZxMVFlTzRDTFBXWGxEMTVjLTBfNXRKZjYwVFo1eWFHdVBGZTM1ZGpmVDl3dW9TdEVoTGtIc2w3UHd3?oc=5,"Mon, 15 Apr 2024 07:00:00 GMT",2026-09-04T09:04:13+09:00
GoogleNews:Z世代　意識,Z世代　意識,「Z世代のダイエットに関する意識調査」を公開 - 株式会社asken (あすけん）,https://news.google.com/rss/articles/CBMiXEFVX3lxTE5sdWUwRGNsYk5neHRFR052VHRFUm9Qb0ttRG5MOG5Oc2ZfMmthTlJ0cTItcEg1bVd3MGgyaFlQb2FYOEdkQmY0bkJicTRfcmhiOUdCX0pabEhOdW5M?oc=5,"Wed, 05 Jun 2024 07:00:00 GMT",2026-09-04T09:04:13+09:00
GoogleNews:Z世代　意識,Z世代　意識,Z世代のジェンダー・多様性に関する意識調査 - PR TIMES,https://news.google.com/rss/articles/CBMiakFVX3lxTFBaZ0RkNGpwNlFQdklJeFFhbFFuSjdVRFozUlNWbk1HQkhraHRUYzVqelZrOWkxdmNNeUh6RWVxclNUYXlKVUhfbkN1ckJfS1BRaFVSdDVxVl9KTHM0RHl2YWlxSG1GcU5FUXc?oc=5,"Thu, 25 Apr 2024 07:00:00 GMT",2026-09-04T09:04:13+09:00
GoogleNews:Z世代　意識,Z世代　意識,結婚したいZ世代は6割、一方子どもが欲しいのは…？Z世代の将来観について大調査！ - PR TIMES,https://news.google.com/rss/articles/CBMiakFVX3lxTE42eEFVY3hjMUJ0WlVoT1JVVGN5UzdnVndVd1V5dnNPQWRmMmRDSGNRVTFLOEduVDdRQWx4UE1wSENiX3BkSm9jeEVqbkdRZ2MtMjlfUDh4ZVEtZ0kyZXdzWDhtZWFVb2xZT1E?oc=5,"Thu, 09 Jan 2025 08:00:00 GMT",2026-09-04T09:04:13+09:00
GoogleNews:Z世代　意識,Z世代　意識,【Z世代×サステナギフト 意識調査】9割以上が悩むプレゼント選び。サステナギフトに関心があるZ世代は約4割 - PR TIMES,https://news.google.com/rss/articles/CBMiakFVX3lxTE90ZXpSNXZDSzl0TFZQb3IyV0FlRjdLU2dRR0RtQklkT19JUDhaY0pidFE1OWZTM3lfMm4yUlhNd2JlOXhpc3lPYlpCQ0VuX0VxY2dHLXJpV0p4Qi1pUFh1MmV4VkhMV19Eamc?oc=5,"Thu, 29 May 2025 07:00:00 GMT",2026-09-04T09:04:13+09:00
GoogleNews:シニア　意識,シニア　意識,"【シニアの意識調査】スマホ所有率99.3%も「操作不安」は7割超。コスモラボが1,716名にスマートフォン利用の実態を調査 - PR TIMES",https://news.google.com/rss/articles/CBMiakFVX3lxTE1YRmxPNElMWHhVSHlLRGU4cHFBMEZCR2FnUUpaSUNQMlYxaVZXdzRrQ05xN0hiQ3FCc3dDVE1NajVMWUR1bFZmRTFwTUpIakMybS1ZWE5TNVliSFdoX2JqdFdMZ0xVZWhMVGc?oc=5,"Wed, 02 Sep 2026 01:30:02 GMT",2026-09-04T09:04:15+09:00
GoogleNews:シニア　意識,シニア　意識,ミドルシニアの働く意識に関する実態調査 - マイナビキャリアリサーチLab,https://news.google.com/rss/articles/CBMiakFVX3lxTFBCcTN3QlE5dllMTjlhSEdNS1A3MUhDSWFsVFkyVkRnV1N6c2lwUDBoRFFmMUdxNm9SeUd5WklzSnFERlRHZ1JDbVFaeXkwRHV3SVNoYndBUXQ5Y1Vlenl1a0tEMzJrbXg1NGc?oc=5,"Fri, 28 Aug 2026 04:01:12 GMT",2026-09-04T09:04:15+09:00
GoogleNews:シニア　意識,シニア　意識,転職サービス「doda」、 ミドルシニアの転職意識調査レポート【2026年版】を発表 ～ミドルシニアの5人に1人が「転職検討・活動中」、 転職では入社後の人間関係や能力発揮など「環境への適応」を懸念・重視する傾向に 企業による受け入れ体制の整備が定着・活躍のカギ～ | パ - パーソルキャリア,https://news.google.com/rss/articles/CBMif0FVX3lxTE9pUjdwZVdtOS1xbUNnYnBDb19MSUZJdVZ3MjdnY2cyUkZPdGNYbXpiS3pvbERvWTRCNHJqSVRQellkeFZjcGExcmc4MkJCblk4N1ZwTXhaT0Z6UTExeHJYM2pVVkg1b3dZUkFtY0hWLXpEcnp1Q2FxTVJQU2tQSVk?oc=5,"Thu, 25 Jun 2026 07:00:00 GMT",2026-09-04T09:04:15+09:00
GoogleNews:シニア　意識,シニア　意識,猛暑の外出自粛で高まる筋力低下のリスク》プロが教える「室内スクワット」と手軽な家トレ術（4ページ目 - 週刊女性PRIME,https://news.google.com/rss/articles/CBMiWEFVX3lxTE1KT0JocTkwcTdFNFpUaldRLWlDOWJOQzdUR2dERTBTV3RINE50VFotMWlXRDBuMHRMT0tkeUo0Nkx0VTVaOHZfcFlmYXBYQ1Mta3dpOHY2SlQ?oc=5,"Sun, 30 Aug 2026 02:00:00 GMT",2026-09-04T09:04:15+09:00
GoogleNews:シニア　意識,シニア　意識,"【シニアの意識調査】自宅で「毎日測定」するシニアが4割超！一方でデータ管理は紙（37.4%）が中心。コスモラボが1,762名に『健康測定』の実態を調査 - Infoseek",https://news.google.com/rss/articles/CBMickFVX3lxTE9qTTQweHlXWnVxRHBSZnVYRGRrUm1hU0RlMU5sWWlIU0F5S2lUN29xUlRUR0tKblpfMmRmTXhqc3V4NFd4NDNNb0h1Vk1wR3pVa2lWWURDcUZqNW1kRXFDUHFqOTQ4MUI1NFAweUcwSENfZw?oc=5,"Wed, 26 Aug 2026 01:30:00 GMT",2026-09-04T09:04:15+09:00
GoogleNews:シニア　意識,シニア　意識,マイナビ「ミドルシニアの働く意識に関する実態調査」を発表 - イザ！,https://news.google.com/rss/articles/CBMiekFVX3lxTE1rVGk4WFkwOFNSaS03SUJScDNTQTB5MW9IRm5FUG9LQzh0ZkgwU0o2Qi1JSDQ0d3FUMzlYNm0wQ0dGY29JWlNvNmE5ZnVPNklPSGREOWRrY0Q0dS1qZkxFczZvNHVrd0JnVkhsYUNBZlVTRk1CTklzUjVR?oc=5,"Fri, 28 Aug 2026 04:00:00 GMT",2026-09-04T09:04:15+09:00
GoogleNews:シニア　意識,シニア　意識,“今どきシニア” は家族に依存せずにソロ活重視 ―博報堂調査 : 夫婦一緒意識も低下 - nippon.com,https://news.google.com/rss/articles/CBMiV0FVX3lxTFBadk5LYUpVOXBtMFRPYlNzNE04dHZUc2YyaXpUZkFxcTl3bWRsYjR3LVhDY1JiYmtUZWhTeHgyRmQ2ZjdSbzJ3SkhKQ1g3TjFINVhJOFRJSQ?oc=5,"Wed, 08 Jul 2026 07:00:00 GMT",2026-09-04T09:04:15+09:00
GoogleNews:シニア　意識,シニア　意識,ミドルシニアの希望退職に対する意識調査 - マイナビキャリアリサーチLab,https://news.google.com/rss/articles/CBMiakFVX3lxTFB3Z21SUW1aRUxucWZHeTEzT05ZTlBlRjQ1RWlld2tTTWl6UjhDREVYeExHQzBreWFlelZobGZ3dDUwT0VhRmhUQnN4UEltOEpPNEhVVWNrWEdmSjVFN3ZmTkdRLTdnU1dUWnc?oc=5,"Thu, 19 Feb 2026 08:00:00 GMT",2026-09-04T09:04:15+09:00
GoogleNews:シニア　意識,シニア　意識,【シニアの意識調査】93.0%が食料品の負担増を実感、67.8%が節約行動を変化。物価高に立ち向かう高齢者のリアルな購買行動とは？ - PR TIMES,https://news.google.com/rss/articles/CBMiakFVX3lxTE1PSmxzYUJVbUUyUFhyaUxZYWRnN0tMbm4zRXQySndyZVdIZ2o3V0FrMzJoa3NjaHFYWENuRVc0NEo1M0V0aVlYS2otWXpiM01pZVNNYkdOWjNjek1mWmotd1lpRzRsUDVrZlE?oc=5,"Wed, 20 May 2026 07:00:00 GMT",2026-09-04T09:04:15+09:00
GoogleNews:シニア　意識,シニア　意識,"【シニアの意識調査】シニアの約7割がサプリ継続を「効果を見ながら決めたい」と回答。1,211名調査から見えた、一律の定期縛りが敬遠される理由 - PR TIMES",https://news.google.com/rss/articles/CBMiakFVX3lxTE15dDdfMmRtZjJqSkRWVHhSWklERFpKMm43UzBhSTdvdmVxdDlDRUxxQUZlMW5PZlR6VnEySUhLeGhFTWhma3NXVXdVbUE4aVFFbml5SDliWFRBbUtMV2c2RDM4TkMyM1M0cHc?oc=5,"Wed, 08 Jul 2026 07:00:00 GMT",2026-09-04T09:04:15+09:00
GoogleNews:シニア　意識,シニア　意識,【お金に関する意識・実態調査2026】シニア女性の「お金の使い方」「守り方・増やし方」の満足度は増加傾向 続く物価高で節約意向が高まる一方、年金の補完や趣味・旅行の原資作りに「投資意欲」も拡大 - PR TIMES,https://news.google.com/rss/articles/CBMiakFVX3lxTE1nckJmTy1Sa0h6NDF6UWwwaG91QlU4eGxxZjRfeHR3aFV6U2doMTZWanRaMWJubXBWSGN5b2JiNTZIZmxHYVVnTHJMUm1DdUVPWUZ6OUhYMGUyV1QyWjJEanNmd2ZLbmxISHc?oc=5,"Wed, 05 Aug 2026 07:00:00 GMT",2026-09-04T09:04:15+09:00
GoogleNews:シニア　意識,シニア　意識,"【シニアの意識調査】運動習慣ありでもジム未経験が44%。入会・継続を阻む最大の壁は「続けられる自信」。コスモラボが1,309名にジム利用の実態を調査 - PR TIMES",https://news.google.com/rss/articles/CBMiakFVX3lxTE5EU1g4RnVTZDI1cmFIZy1GdkhCWjM1Qmx2OHBDMGRjNS1KcHJNVTVycFhpZk1wOHBVMzNkcFJTd2F1TlZtZTFiZ1dWVGRXOWxtSk1ZWFhJV1dJUzFidkxsM0tyczhwSEtIOWc?oc=5,"Wed, 12 Aug 2026 07:00:00 GMT",2026-09-04T09:04:15+09:00
GoogleNews:シニア　意識,シニア　意識,"【シニアの意識調査】野菜高騰でも「量を減らして野菜を優先」が約4割。野菜不足による健康不安は9割に上る。コスモラボが1,482名のシニアに実態調査 - PR TIMES",https://news.google.com/rss/articles/CBMiakFVX3lxTFBEX0IwYXQ3V19nVEJZQzY3bjdxZXNGRDg2WmlsYXI3bFJaNEhPNXJxQ3RLYTRRdlFvUG5sUkIteFhrbkViR0VDM1YzbGctYjZtaGpwS1hWN1NRVlV4ZGdSVHEyVFFkU2NiN1E?oc=5,"Wed, 29 Jul 2026 07:00:00 GMT",2026-09-04T09:04:15+09:00
GoogleNews:シニア　意識,シニア　意識,"【シニアの意識調査】病名認知は7割超も、約3割が骨密度検査「未受診」。コスモラボが1,476名のシニアに聞いた骨粗しょう症の実態 | コスモヘルス株式会社のプレスリリース - PR TIMES",https://news.google.com/rss/articles/CBMiakFVX3lxTFBTZWphd2h0UjlEOXFhbFYwMmNhTm9vVl9hZUhWbmhteDdOUUlYQVJoeVFzZmd1MUthRS1VNzd0RXBEWHo4WU9na2h0ZXpVaDk3QUdQVWkyWUhHc21Td29KNXBJMEhrLVZuX3c?oc=5,"Wed, 03 Jun 2026 07:00:00 GMT",2026-09-04T09:04:15+09:00
GoogleNews:シニア　意識,シニア　意識,【シニアの意識調査】ひざ痛経験が約7割──継続改善に課題、最新調査公開 - PR TIMES,https://news.google.com/rss/articles/CBMiakFVX3lxTE1nODJ3dTdzcHpsZlNBT0pkY0w4U2g1aWhQM1NhdVpZNWFoUEJhdmRRYzlkZnhjZm9hU201NEN0T21ReHhwTTV3R2NNQVlrLWRkVGhXWklrVUFrTmluel9GMzFhazRMR0xoWGc?oc=5,"Thu, 26 Feb 2026 08:00:00 GMT",2026-09-04T09:04:15+09:00
GoogleNews:シニア　意識,シニア　意識,【シニアの意識調査】2026年版！シニア663名へのストレス調査：原因1位は「身体の痛み」 。深刻な「不眠」に悩む層へ、今求められるのは“専門的支援”より“お茶会”？ - PR TIMES,https://news.google.com/rss/articles/CBMiakFVX3lxTE9MQlR6QTV4ZG1QcFFVdTY3WllQZ21yTktCMDEwOVlxTUlsMWRRMWtRQkNudk1FeHZFSlM4QWs5MmVuTkFwTnpmZXZFbVFRc3RXcWtxSTBJRU1IVWRlOE45MEJYTUxVZ1dEV0E?oc=5,"Wed, 15 Apr 2026 07:00:00 GMT",2026-09-04T09:04:15+09:00
GoogleNews:シニア　意識,シニア　意識,【幸福に関する意識・実態調査2026】シニア女性の幸福度は7.75点で、2024年調査の7.84点とほぼ変わらず。 - PR TIMES,https://news.google.com/rss/articles/CBMiakFVX3lxTE55QmVla0NwUHc2VkdOSDAxOUh3Wi1oZVNRMUlUc2JhSHJhbl9CR09DWTd5dlI2eXRlOUJUdGhiWERyZF9HX2ZOSnA5V184WG53eDNFTE1PbWp5SldQVkV5QVh6ZFhkVS00T3c?oc=5,"Wed, 22 Jul 2026 07:00:00 GMT",2026-09-04T09:04:15+09:00
GoogleNews:シニア　意識,シニア　意識,"【シニアの意識調査】「まあ満足」層に潜む巨大な乗り換え需要。スキンケアに関する1,147名調査から掴むシニアコスメの顧客化インサイト - PR TIMES",https://news.google.com/rss/articles/CBMiakFVX3lxTFAxNWFheVE3enRUcTZKQmY2ZVhYbHlfWHRqZ3BqS3ZuZXRTZXhWNndLSUprb3VfcFNyRGlrNE1ZOTVpZVV4NVNVQ1lZZUxmUTFyNlVjdnF3N2RDbHdpYXkwc0RsXzExZGZMWFE?oc=5,"Wed, 22 Jul 2026 07:00:00 GMT",2026-09-04T09:04:15+09:00
GoogleNews:シニア　意識,シニア　意識,シニアの生活意識調査2025 - PR TIMES,https://news.google.com/rss/articles/CBMiakFVX3lxTFB1WURlNW1aS2Zmcm4ycE5MTDVITUlWSkhOSXFrTnJGNUY2Zk80Q2ZyNFlsYm1PTmhqS0VERE54ZnM2Zjl1Y0g5RUVsX3VnT2ljT0ZteGIySTFrVkNycEY5OEVJNWdZQkZPNmc?oc=5,"Thu, 20 Nov 2025 08:00:00 GMT",2026-09-04T09:04:15+09:00
GoogleNews:シニア　意識,シニア　意識,【シニアの意識調査】シニアの心を動かすものは？――文化活動が生む、感動・刺激・つながり - PR TIMES,https://news.google.com/rss/articles/CBMiakFVX3lxTFBHa19jYUw1SUZMbW9mYm5EWnNlMHNBZ2xQdEJyV25zRHROTXAwaUdyUk9PNmxJMUNrZHJOSzl5YmNHdFo1dW4zeHF6cXFfR0x4S2xkWjdPTnFrSHNscVl5UDk2QUJuVWJTV1E?oc=5,"Wed, 28 Jan 2026 08:00:00 GMT",2026-09-04T09:04:15+09:00
GoogleNews:シニア　意識,シニア　意識,"【シニアの意識調査】ヘルスケアの訴求は「不調のメカニズム解説」から入るのが正解？ 2,079名調査から掴むシニアの顧客化戦略 - Infoseek",https://news.google.com/rss/articles/CBMickFVX3lxTFA4UU5sd1VERHoxRkxUU2JsLXFBN3dIOHJEWUt2R2Jrb253UHI0cHpYV0NRLWJWTjdGUU5PWGU5YWs4cXpWbUlRYzBPWXAtcjlBbDh6SXlLajBHMkVaaERzeTRQOEw0NHdQbjdieVRSeENLQQ?oc=5,"Wed, 19 Aug 2026 13:40:00 GMT",2026-09-04T09:04:15+09:00
GoogleNews:シニア　意識,シニア　意識,【シニアの意識調査】聞こえにくさを感じても、約8割が対策なし――シニア層の耳の不調実態調査レポート - PR TIMES,https://news.google.com/rss/articles/CBMiakFVX3lxTFBIUHRDTjhxY3VBSE5IQXFVaVBoUDFRNE9sRGNfaDZjN1JzQ0FnXzBwdnRRdnFjR19Edk9uR3ZwaDBVMWwzd0lLUHhHY3pSRzZKSUlFM1NwMGhPazBpeDBuSHhUVXZMbDlBaGc?oc=5,"Wed, 18 Mar 2026 07:00:00 GMT",2026-09-04T09:04:15+09:00
GoogleNews:シニア　意識,シニア　意識,【シニアの意識調査】シニアの4割以上が「3か月に1回」歯科受診。受診理由の1位は「予防・定期健診」56.5％となり、口腔ケアは“治療”から“メンテナンス”の時代へ - PR TIMES,https://news.google.com/rss/articles/CBMiakFVX3lxTE1laDRMM3BxRE9WU1dBZUFlc2JXZjFvQ0lMYVprZm1zcllianZUdU9lVXJSaUJIYm9zRzZqczJTZ1VwSmdDMURZQWVWbmFOUGRjU1JYVElRalBaSldVU09UcmlhUGdBOGlma1E?oc=5,"Wed, 22 Apr 2026 07:00:00 GMT",2026-09-04T09:04:15+09:00
GoogleNews:シニア　意識,シニア　意識,【シニアの意識調査】人生100年時代の歯のメンテナンス～定期ケア習慣の二極化が浮き彫りに～ - PR TIMES,https://news.google.com/rss/articles/CBMiakFVX3lxTFA2djRTSVlXUzNhOVotUHJwNG9Dd01URURSNUtERlI0Sm5HdXNnMDVlSFRDTm9QV2VjRUc3WS05Yl9mSXVvV1NpdTRyWjNuRDdfdXZhNmdMcHZ1aHpMUy1UWnR1cTlEd0l5bVE?oc=5,"Fri, 31 Oct 2025 07:00:00 GMT",2026-09-04T09:04:15+09:00
GoogleNews:シニア　意識,シニア　意識,【シニアの意識調査】むくみの原因1位は「長時間の座り・立ち仕事」。58.1％が求めるのは「家で簡単にできるマッサージ」。生活習慣に潜むニーズを可視化。 - PR TIMES,https://news.google.com/rss/articles/CBMiakFVX3lxTE5sZEVYXzZtWmpZeWNDenFBT3poY0ZBQXEyM1hISDBUSHpGOG96UkR5Q1BkUG1ORVJBQ2Y0dlZ3MHJhVWVZM3hVTV9sQmdGdUJzcHFxU0t0bVNEYzJXcURHVDFvTVgyQ21jb1E?oc=5,"Wed, 29 Apr 2026 07:00:00 GMT",2026-09-04T09:04:15+09:00
GoogleNews:シニア　意識,シニア　意識,【シニアの意識調査】7割が肩こりを自覚、それでも医療には行かない ― シニア886名調査で見えた“セルフケア市場”の可能性 - PR TIMES,https://news.google.com/rss/articles/CBMiakFVX3lxTFAwVTAtZGRpRV81QmZCY1lQejNwTjBJU0ZUWEhCQktFemlCa01WYlMtSUhiWE0xSUFmYVp6LWNaQmp6QmczcVVsMHRPZ3RnQWZFdjM5ck1BTDlPWC1lc200MVFYUnhBc0d0Y1E?oc=5,"Wed, 04 Mar 2026 08:00:00 GMT",2026-09-04T09:04:15+09:00
GoogleNews:シニア　意識,シニア　意識,KOMEHYO 全国65歳以上のアクティブシニアを対象に 「消費意識調査」を実施。アクティブシニアの7割超が「リユース」を活用！ “タンス資産”を「旅行・美食」へ再投資する、“循環消費”に意欲 - PR TIMES,https://news.google.com/rss/articles/CBMiakFVX3lxTE02UzBucnJrc2pzbTg5ZWJhdmxQNUJfdWZMZHdGWE4zNmt6eS14VGt1a09BUlZ4V0xTaVpmNjBnVmZZYTgyQ09qN0E4NWpVdVBPcG9aQUlSM21IZE1NOHBPNm5pbzFfZS1naXc?oc=5,"Mon, 16 Mar 2026 07:00:00 GMT",2026-09-04T09:04:15+09:00
GoogleNews:シニア　意識,シニア　意識,【シニアの意識調査】シニアの7割がSNS利用―“LINE中心”で生活に定着― - PR TIMES,https://news.google.com/rss/articles/CBMiakFVX3lxTE14UlVYMURsbFJxZDMydXhtd1Nib0hGVEZKbENjMko1VHVxMTAtOHN2ODI2YmtyNjhxdENSR2REQUkybzVQdDg4LVZ3a1JLamY0TVFFTWUtTmNsZGVDOHBLQlhFRV9Ud0p5ZVE?oc=5,"Wed, 04 Feb 2026 08:00:00 GMT",2026-09-04T09:04:15+09:00
GoogleNews:シニア　意識,シニア　意識,【アクティビティに関する意識・実態調査】シニア女性の96.3％が運動や習い事などのアクティビティに意欲的 - PR TIMES,https://news.google.com/rss/articles/CBMiakFVX3lxTFBWSmVxNWkwdzMxMWZnbTQ4bmp3ZF9ZN2lIZ05EQk1yalVENlYtcXRpUE1VLURMcTJaaERRelQ4Y3drQ1BzMHRBSFhBZWdxek5iSUZqZEZOUzZEVDBzbVdORHEtODMxY2pBN1E?oc=5,"Wed, 25 Mar 2026 07:00:00 GMT",2026-09-04T09:04:15+09:00
GoogleNews:シニア　意識,シニア　意識,【シニアの意識調査】シニアのアトピー対策に新たなニーズ──高い改善意欲と“効果実感の壁”が浮き彫りに - PR TIMES,https://news.google.com/rss/articles/CBMiakFVX3lxTFBIQlpmUWFqWmIwQmladUpqVEFqV1JNaXpMV1JlWVdlYVhZUm9iZ1pqSUgzcUdsTVVfdVZSdEJlY09vQ29uOUJlWGRIQ2NwbmZ5MkxjSjJHVWpGajNGSnhsaXFldTJWeUNkZ0E?oc=5,"Wed, 08 Apr 2026 07:00:00 GMT",2026-09-04T09:04:15+09:00
GoogleNews:シニア　意識,シニア　意識,"【シニアの意識調査】「リアル体験×短動画フォロー」が顧客化の鍵。1,291名調査から紐解く、シニアのLTVを高めるOMOマーケティング - 時事ドットコム",https://news.google.com/rss/articles/CBMia0FVX3lxTFBadU1BVi1pRURHTXhaNnk5LS1SOW5DOEp1NHhfR3JIb0VMWHRZdVQ1MGRybW1VSHdzQ1FWdm9fNEtFYXZJcGxRQUZtZUdZdE1BcGFUZHJuS0VlX2J1eEx2WnE4S0trZ1NzOXNR?oc=5,"Wed, 05 Aug 2026 07:00:00 GMT",2026-09-04T09:04:15+09:00
GoogleNews:シニア　意識,シニア　意識,FromプラネットVol.242 ＜高齢者介護に関する意識調査＞ - PR TIMES,https://news.google.com/rss/articles/CBMiakFVX3lxTE9FTWhzaTFEMnlaNmNFN0RMSEpIN3VxMU9SczJiYXdaU21oQ3lQZzVzSE9lamtWeU16ejF3bkt3YUM0UVNSdzdWRlA3SE1obDUzRlpjYzQzT0FNekN6WW9DWHR6aTV6Vm82TVE?oc=5,"Mon, 16 Mar 2026 07:00:00 GMT",2026-09-04T09:04:15+09:00
GoogleNews:シニア　意識,シニア　意識,「住まいの終活に関する意識・実態調査」を実施 - tv-tokyo.co.jp,https://news.google.com/rss/articles/CBMibEFVX3lxTE4wd0VaaWxGZl9VNjJsOU1TRUxtMGYwV0UwbEx5RFBhZG03RDlqNm92Nk9GZVVhX2xxa0QzVW1nZFl1NTM4ZlA0azY2U1ZHNU9hV1RaeUhnRDVmRFluM0RXUUxnUm03MDkwTGhmVw?oc=5,"Thu, 19 Mar 2026 07:00:00 GMT",2026-09-04T09:04:15+09:00
GoogleNews:シニア　意識,シニア　意識,"プレスリリース：［シニアの意識調査］対症療法より「予防・習慣改善」に商機あり。胃もたれに関する1,961名調査から読み解く、シニアの顧客化インサイト（PR TIMES） - 毎日新聞",https://news.google.com/rss/articles/CBMiaEFVX3lxTE5jT296eGZOVU1laGVZekNZZkViSTNXdm1DdGJ3aTZxRDI4ejROdmRLeV9BZGtDY2ZoaG9ycDJkbXprRXV1V0RZeEVQNWpFeUEwUWtMWnNSekJSWDJxZ2tmY0N4ZTl4VXpY?oc=5,"Wed, 10 Jun 2026 07:00:00 GMT",2026-09-04T09:04:15+09:00
GoogleNews:シニア　意識,シニア　意識,コロナ禍を経て、シニア層の健康意識・行動が大きく改善 NTTドコモ「からだデータ白書2025」公開 50〜60代の歩数は5年で約20％増加し、フレイル予防にも - PR TIMES,https://news.google.com/rss/articles/CBMiakFVX3lxTE5MWWFvMXZIWE1VNFZvYU56T3dOZm1oUGFQNDVBSFpibElwZ19MQTBYRUw2ZmVncjRkMW51TXF3SHdsSWNobkpMdlVRTzdBVE1qM0xCWXdoOHhRcEd1cjJIOF9TTjdqYTFpSkE?oc=5,"Wed, 24 Dec 2025 08:00:00 GMT",2026-09-04T09:04:15+09:00
GoogleNews:シニア　意識,シニア　意識,【50・60代の生成AI意識調査】7割超が「専門知識が必要」と回答、それでも74.6%が将来的な重要性を認識 - PR TIMES,https://news.google.com/rss/articles/CBMiakFVX3lxTE5RamJzWEpoazNpckJ1bFJWZlpVTW5QejV0MDJEY2NzWHdLXzhJNnE0OFF6ZHFuR1hVdGFxMnNHdmtmTS1QMXBqaVFQZy1GdHdfb0ZtZWI1RlJBd0hzMTM4X1R4WUI0TnZiYmc?oc=5,"Tue, 07 Apr 2026 03:11:09 GMT",2026-09-04T09:04:15+09:00
GoogleNews:シニア　意識,シニア　意識,シニアの食生活と健康意識に関する調査 - ネオマーケティング,https://news.google.com/rss/articles/CBMiakFVX3lxTE82TDgtRmJjY0EtZ29ZLXNlVnJEZjVXWlZVRnhQdkhfOFpzbWJENGtxcFJ0ZDZBZ09FUWF2eUxwZ0gxdUxHNjdXem90dk1DTVNub05Yc3ZCVTA0OWt5RmxpNnREb244OGdmUHfSAXpBVV95cUxQZkJ4MHJvR3BGSC01R3NMZUhQU0RESXdzOGJVQlgwVzd3bVF2a04zR2RQZHdReVVvYWlWd1dxdC1iMFRtS2M0dGNHRDBJT19JZHBvbUxTQ2J2OGN0bU1vb1UteFpIcDdWRjN0aVJ6eEFkUnRPMy1uaUxxUQ?oc=5,"Fri, 26 Sep 2025 07:00:00 GMT",2026-09-04T09:04:15+09:00
GoogleNews:シニア　意識,シニア　意識,まもなく＜在職老齢年金制度＞改正で支給停止調整額が引き上げに。そこで60歳から74歳1000名に就業意識を調査した結果「制度を認知している」シニアの就業継続意識は「制度を知らない」人に比べてなんと…（婦人公論.jp） - Yahoo!ニュース,https://news.google.com/rss/articles/CBMif0FVX3lxTE9TY25sWm96V0JxSXhpWUFsYm1aTHR1MTZzWFBWaUdYem5NMmlaLTVSMVBXcEtERGVJYVQ3eXN3WWVMMTB3WmFEakxCZGFtXzR1V1NiNGVkaHp1NFJxS0xyOTZjYVNIVDZDemhTaGNYNlFJVmduUDgzaXFSLVUtNkE?oc=5,"Thu, 05 Mar 2026 08:00:00 GMT",2026-09-04T09:04:15+09:00
GoogleNews:シニア　意識,シニア　意識,【シニアの意識調査】74%が栄養バランスを最優先――食の価値観に見る“新しいシニア像” - PR TIMES,https://news.google.com/rss/articles/CBMiakFVX3lxTE9xMmEybkdKbUJtWXJNczFqVjk1c2YyRUlaNDg3dW96UjA0ZGM4YmZaYXM4WUlSRkxhNV9HUVBqLXVPeWdHLVFhV3N3OGwtanc0YWhCQ3VSMlFlczc2V24yRGdQVkh2Q2N3Q2c?oc=5,"Fri, 14 Nov 2025 08:00:00 GMT",2026-09-04T09:04:15+09:00
GoogleNews:シニア　意識,シニア　意識,シニアの健康管理、意識が高くても5割弱が挫折する「継続の壁」を突破する方法とは？ - PR TIMES,https://news.google.com/rss/articles/CBMiakFVX3lxTE5xbWM0V1JwZWRwMFBrUkg1aTZvM1pnYkFwRUR5ZjRvNnJsaVJnUDVZd3ZoTEFod0tCWHdqb2JvM0V5VVZmbDlObVRJMmdnbW1zS2tRS2FJUkRBR0lOTGJHRkZ2aTF5RWRpUlE?oc=5,"Fri, 28 Nov 2025 08:00:00 GMT",2026-09-04T09:04:15+09:00
GoogleNews:シニア　意識,シニア　意識,アクティブシニアの消費意識 7割超がリユースを活用 コメ兵調査 - 繊研新聞,https://news.google.com/rss/articles/CBMiW0FVX3lxTE0tY18wNFFsOWpSMXRJOG1nT1RHTHNWcjUzTmpNSzc2bzhWLXhFdzZPYXVEdHlJT0g5ajRjQ3I3TEpLVWRPREtkazc4d2NtT1dXeTRoT3lVM05iTUk?oc=5,"Thu, 09 Apr 2026 07:00:00 GMT",2026-09-04T09:04:15+09:00
GoogleNews:シニア　意識,シニア　意識,【意識調査】親の趣味やリフレッシュ目的の「宿泊預け」、若年層の7割が容認する一方でシニア層は9割が反対。 - PR TIMES,https://news.google.com/rss/articles/CBMiakFVX3lxTE1acVZueEZocncyNmd2RmZxQ2VYenpwVFkyazk2WWV6bl9BX0VIXzBvdXF0NG1kWUt1M2JVWUo2VXhYeURuSVZqY2RJVjRYaHFwdDB5aWZmdjQtYjFaRmVmZ2JPTGhlR3VLbGc?oc=5,"Wed, 10 Jun 2026 07:00:00 GMT",2026-09-04T09:04:15+09:00
GoogleNews:シニア　意識,シニア　意識,「年齢より機能重視」「プレイヤーとして何ができるか」ミドルシニアを取り巻く採用市場の意識変化に、エージェントはどう対応するべきか？ - HRog,https://news.google.com/rss/articles/CBMiSkFVX3lxTE52WnZ2YUdtMVFiN3NIVXRsTzBLa0s0eHVjaVZmdzBZeWxRbFFtdWdzUEpGV1ZJMGNSaEpCNU9LdHVud25nd1NMWXpR?oc=5,"Wed, 11 Mar 2026 07:00:00 GMT",2026-09-04T09:04:15+09:00
GoogleNews:シニア　意識,シニア　意識,「アクティブシニアの買物意識と行動 2025」を発行 | 株式会社プラネットのプレスリリース - PR TIMES,https://news.google.com/rss/articles/CBMiakFVX3lxTE80dlBvM01qckNabXRlRjIwYWdPRkZ2ZXRGT3hJY3Fiam9hU1hXdmpvOWtNZThHM0JXVlQtQWdPYnNsZFVZQXZEMFFBSmRnTjNldEdBbVVkRkQ5ME5ZYlZ6UktoM3pHTWtpOHc?oc=5,"Thu, 09 Oct 2025 07:00:00 GMT",2026-09-04T09:04:15+09:00
GoogleNews:シニア　意識,シニア　意識,まもなく＜在職老齢年金制度＞改正で支給停止調整額が引き上げに。そこで60歳から74歳1000名に就業意識を調査した結果「制度を認知している」シニアの就業継続意識は「制度を知らない」人に比べてなんと… - 婦人公論.jp,https://news.google.com/rss/articles/CBMiT0FVX3lxTE80VTFNNVFmNmRVM25hWVUxNUVxR3FSaXp2N1ZHZUJ1bDJMNkxpa0VYeUw0VGl4WGprZnphWkQyUkNERDd3SlNlUk1jNW5nMTQ?oc=5,"Thu, 05 Mar 2026 08:00:00 GMT",2026-09-04T09:04:15+09:00
GoogleNews:シニア　意識,シニア　意識,家族に頼らず、自分で選ぶ。 変わり始めた、シニアの住意識 - Biz Life Style,https://news.google.com/rss/articles/CBMia0FVX3lxTE5kUExSWld6UHlHeTNJR0xPRFdDWnA0ZTg5UGRhMUxyOUZBTG91eTlHVGxqc1dVQTF3RnRnYjAtVklCTzJqdVVDTjkzek5GR3FIQmpIWWZsVUdkajhZWHJ2eXNmZ2dDeGt2WlQw?oc=5,"Mon, 10 Nov 2025 08:00:00 GMT",2026-09-04T09:04:15+09:00
GoogleNews:シニア　意識,シニア　意識,電通シニアラボ、「令和シニア・プレシニアの生き方調査」を実施 - dentsu.co.jp,https://news.google.com/rss/articles/CBMia0FVX3lxTE9zMzdjLVhOSVVxRTM5bGV3N2J2U24yeXBIdVlhSG9nM2JLQlgwUnVlcDRLckx1TlVQSm13OWItd1FVWXlqaDBBcUpsTUlPUjhEUGdoYnlua2hKZkpvSExIRVZtWVRLOHFQNnNj?oc=5,"Wed, 24 Sep 2025 07:00:00 GMT",2026-09-04T09:04:15+09:00
GoogleNews:シニア　意識,シニア　意識,セカンドキャリア、迷っているのはあなただけじゃない！意識調査で見えた現実 - マイナビミドルシニア,https://news.google.com/rss/articles/CBMiXEFVX3lxTE1IODNCOWF1SWlnVlY2UGJYdnpXbmZNU0p1WkdiaXFNYmJtajJfcmtzdEZlcWlTY2lId1ZjTEJta3NKVVNwdFBYclp3ZWpEMkczeFBEYktQRlhIWkdh?oc=5,"Wed, 12 Nov 2025 08:00:00 GMT",2026-09-04T09:04:15+09:00
GoogleNews:シニア　意識,シニア　意識,シニア向け住宅と介護サービスへの意識に関するアンケート調査 - 認知症ねっと,https://news.google.com/rss/articles/CBMiU0FVX3lxTE1lWjhiaVBaWmhKU2RUS09BcEFSSXV3VjlYdEFza2x2NldBMTBDbGtpcGxHUTJGTGdaYkZDNENsN3ZBVjNoN19ZMVNSVDZtOGNMQ0tr?oc=5,"Tue, 04 Nov 2025 08:00:00 GMT",2026-09-04T09:04:15+09:00
GoogleNews:シニア　意識,シニア　意識,シニア・ミドルシニア世代×電子コミックの距離感をひもとく意識調査｜ニュースリリース - NTTソルマーレ株式会社,https://news.google.com/rss/articles/CBMiXkFVX3lxTE9Ib251Vm9GcXpCX0NQNG5zZDgzdTVQcnJsU2t5R21pUjd2ZHNVeXB2R1VoWVVYRWJXOWZXMmVMODNCWkU3S0RuN3B0UHJHdWd3dkZuWlo2aHJNRjRXY1E?oc=5,"Wed, 01 Oct 2025 07:00:00 GMT",2026-09-04T09:04:15+09:00
GoogleNews:シニア　意識,シニア　意識,充実の未来を手に入れるため 現役世代が知っておきたいこと 周りと比べるのではなく､自身の人生観を大切に - PRESIDENT Online（プレジデントオンライン）,https://news.google.com/rss/articles/CBMiT0FVX3lxTE4zOGlRVEFVdndlS3FBZmVPSm9Cbnl1Y2hWZTUxbnF5RWxGWGxQZFVOOHZ2TXNianlYLVBhbDhhZlR5T1Fzb1VpZV9zOEhVLUE?oc=5,"Fri, 10 Apr 2026 07:00:00 GMT",2026-09-04T09:04:15+09:00
GoogleNews:シニア　意識,シニア　意識,SD vosa 3 - motor-fan.jp,https://news.google.com/rss/articles/CBMiW0FVX3lxTE1mcHJ0MkkzNUJraXAwN0xUT0RDV3g3ZXNMNUF1VE41dE1vUDhFWWtyV3lRZWdVaFdzdzd0XzM2Q2lpZ25sMFo2Z3dXNDNQWnctY283M1pJRzdwMVE?oc=5,"Sat, 13 Dec 2025 01:50:13 GMT",2026-09-04T09:04:15+09:00
GoogleNews:シニア　意識,シニア　意識,ソニー生命保険が「シニアの生活意識調査」を発表、シニアの楽しみトップは「旅行」で月平均3.4万円の出費 - コマースピック,https://news.google.com/rss/articles/CBMiVkFVX3lxTE9vVk9fWWxpbVc0eXdHV01pUlFOZUUwbDZjVzZpVjFlNDBmVjFlcEVwSXhsaHc4Ry1sNno2czM0b2ZNeXNlQWdaU0t5aWxOckZPQmJ6UU5B?oc=5,"Fri, 21 Nov 2025 08:00:00 GMT",2026-09-04T09:04:15+09:00
GoogleNews:シニア　意識,シニア　意識,【幸福に関する意識・実態調査2026】シニア女性の幸福度は7.75点で、2024年調査の7.84点とほぼ変わらず。 - ニコニコニュース,https://news.google.com/rss/articles/CBMiVEFVX3lxTE9Sa19rN1RYcHg3bUV1V1RmRUZSU0tsQXZMczltWVZUMDczYWg0Z19IVGlKREFIU3E4V1RnTHY1MGwxNzJDemllRTFha0EtTkxqTDQwTg?oc=5,"Wed, 22 Jul 2026 07:00:00 GMT",2026-09-04T09:04:15+09:00
GoogleNews:シニア　意識,シニア　意識,【贈り物に関する意識・実態調査 2025】贈り物の機会は全体的に減少、特にお中元・お歳暮は2017年から18.1%減「贈り物のカジュアル化」の中、デジタルギフトがシニアにも徐々に浸透 - PR TIMES,https://news.google.com/rss/articles/CBMiakFVX3lxTE1SdlFzUTZ5VmlvSWJSMDladnVzWEE1dHVmMjJBS3dhZlhzUWxUMzRrOVJRam1IM1ZqQU00eWhMRDZzM2Z1RnhwNUk4cUZESjZ2bU5RMXVKcmJrcTh6Z1ZNZ0dFN1hYTEFhOWc?oc=5,"Wed, 10 Dec 2025 08:00:00 GMT",2026-09-04T09:04:15+09:00
GoogleNews:シニア　意識,シニア　意識,【10月17日は貯蓄の日】シニアの「投資・資産運用」に関する意識調査〜 53.4%が「貯蓄」から「運用」へ。若年層との比較でみるシニア層の投資・資産運用の実態とは〜 - PR TIMES,https://news.google.com/rss/articles/CBMiakFVX3lxTFBMVTRlbU1YV1d6SHEwbW14MnRWTGpycnpsbHpVYjhJMHNaS1hDX3BoNE1OX2R5T1lqV0wxdllfamM3UzZESnhOYTg1aVR6S2RPQnVWd1dGcTZxNS0xX0dyVHpmeE1OcG52ZHc?oc=5,"Fri, 17 Oct 2025 07:00:00 GMT",2026-09-04T09:04:15+09:00
GoogleNews:シニア　意識,シニア　意識,【リトルシニア】ふじみ野 「主体性」意識し全力で／関東連盟夏季大会 林和男メモリアル - 日刊スポーツ,https://news.google.com/rss/articles/CBMijwFBVV95cUxQS0oyQVhhOV9BUGltVW5NMkZDQVFrcFQxa2t6cGVJZ1RKdU1kZkFYT25fT2JEazB2dk8tOXludGl4b0hqeFgzbHQ2RXFjQWt3MUc2N056UV8tNEhoZEdYYVgxd3ZLRE5QaUZwX3pnNmh1cjhpZnQ1VlA0aVA3UXZwY1N4N1I0bVFaZG5BSEluOA?oc=5,"Mon, 25 May 2026 07:00:00 GMT",2026-09-04T09:04:15+09:00
GoogleNews:シニア　意識,シニア　意識,【シニアの最新調査】健康と地域活動が鍵！シニアが選ぶ『コミュニティ』の実態調査 - PR TIMES,https://news.google.com/rss/articles/CBMiakFVX3lxTFBSak5sNXZZNTYwanZ4YWhISklPZEcyQWpQNlBhVEFHNE43UXh0dVowNjlQMENYclVNUkxYUGFpbHQ2c2hyN081TWVDLXFLZmVBZjN4ZURBUThUTWdRWm1OX2lEajhLeDl5VXc?oc=5,"Fri, 26 Sep 2025 07:00:00 GMT",2026-09-04T09:04:15+09:00
GoogleNews:シニア　意識,シニア　意識,シニアの生活意識調査2024 | ソニー生命保険株式会社のプレスリリース - PR TIMES,https://news.google.com/rss/articles/CBMiakFVX3lxTFBXZEVFRHFfMVh3QVNuaTJpMTh4WkZEUWt1aGVLaTREWk1EYUo3cUpMb1piVUJ4N1dTYWFKeEZMVlNNZGREcGJwa05xYU5YOGxwMEVpYVJVZU1QTkVSNFR2NWFUTG45Y2xMR1E?oc=5,"Thu, 05 Sep 2024 07:00:00 GMT",2026-09-04T09:04:15+09:00
GoogleNews:シニア　意識,シニア　意識,【シニアの最新調査】シニアに響く映画館への集客施策とは？広告と料金が来館の鍵に！ - PR TIMES,https://news.google.com/rss/articles/CBMiakFVX3lxTE05dzdUZ0dnM1ctQmtSd3hBY3paQmV0SlQ5QnhQcm5BMEd0U0FqS3V5cUxjUkxsNzlrZ1dNSG1UNFZfeDY0MzJhX2NaYWNkUjFYcmV5aEllVEZoQkdMN1hDTTFFRDZMcWlMbWc?oc=5,"Thu, 18 Sep 2025 07:00:00 GMT",2026-09-04T09:04:15+09:00
GoogleNews:AI　買い物,AI　買い物,花王や森永「AIに選ばれるサイト」に チャット経由の買い物増に対応 - 日本経済新聞,https://news.google.com/rss/articles/CBMibEFVX3lxTE5GM1ZCTEtiT01uMXhkWHBpSkxYenpDeGY1VGVRZ1FpdGZUTFNFd0I3M1RlZUd4dUdkSzk4SUZmcXl3cmpfSUpPemJPaEhUQ1ItRGVFYVFHSDRGSk4zOGFSZGtQaG5Tdzc1dk8zQg?oc=5,"Mon, 31 Aug 2026 20:00:00 GMT",2026-09-04T09:04:17+09:00
GoogleNews:AI　買い物,AI　買い物,アンソロピック、年末商戦を前に小売業向けAIショッピングエージェントを展開 - BigGo ファイナンス,https://news.google.com/rss/articles/CBMidEFVX3lxTE00eGQ1c1ZaUHpPWjlMblJ2NVBiUWtzVXQ1Ul9MRnRpbkFUMld1MmVqWU5pR3pyVXJDMGpyVXJsbEdyTGFJcldBMjVNU01UY3R6d1E3N3R5R2thdC00OXlyMDNyNUI4UVZtQUJDVVAtdXpkQmxE?oc=5,"Wed, 02 Sep 2026 16:35:00 GMT",2026-09-04T09:04:17+09:00
GoogleNews:AI　買い物,AI　買い物,ホームデポ、AIショッピングアシスタント「マジックエプロン」新機能を追加 - 激流オンライン,https://news.google.com/rss/articles/CBMiUkFVX3lxTFB0Uk14dlZlbmpfdXJJaGZPN1pTN01pTDdxdnBkUXEwbTRZbTZ1b1pHTmp3MFllVjlNZFhXZjBZNVJXczNpajFMYUc1QV9MWTJxVkE?oc=5,"Thu, 03 Sep 2026 03:13:08 GMT",2026-09-04T09:04:17+09:00
GoogleNews:AI　買い物,AI　買い物,Yahoo!ショッピング、AIが服選びを支援 コーディネートやサイズ比較を提案 - 日本ネット経済新聞,https://news.google.com/rss/articles/CBMiVkFVX3lxTE91dDlYbE44VjF2QzVNNWdDa1lTclNEUkpXRXI2dEQxb3pjR2xyZDBKR09tUzl3RW5yU0dKcGpnLXZTOEM4TjdOQWFhaXkwb3MwNGF6ZzRn?oc=5,"Wed, 02 Sep 2026 02:02:33 GMT",2026-09-04T09:04:17+09:00
GoogleNews:AI　買い物,AI　買い物,Yahoo!ショッピングで「AIおまかせコーディネート」提供開始（Impress Watch） - Yahoo!ニュース,https://news.google.com/rss/articles/CBMif0FVX3lxTE1KNDR0ai1ROWhSM2FXSXBabHl6TkpCVEJvNEh4WERiR29UNGQyMURBZzc4M1JUaG9Od05BeGp6TDh2TzY1S0hmM0U1SlVTaXpYZnVvWFZxZEZsc2JIUXB5c3ZFVjV0OTJPRXp3cHVYbTJ3YVY4TFVWMjZoQ3NMa0k?oc=5,"Wed, 02 Sep 2026 10:07:30 GMT",2026-09-04T09:04:17+09:00
GoogleNews:AI　買い物,AI　買い物,Yahoo!ショッピング、AIがファッションコーディネートを提案する「AIおまかせコーディネート」を先行提供開始 - コマースピック,https://news.google.com/rss/articles/CBMiV0FVX3lxTFBVM0R5Z1M4X0tlZ2VXam9tMVhudFJNUEdnMTJIem50MTFMSXFwcjdlMmUxOXVYS0g3ZnFrTVp1MVdBYzNtUmJEcmdwYjJNNm1oMkZHaXZ6SQ?oc=5,"Wed, 02 Sep 2026 03:12:19 GMT",2026-09-04T09:04:17+09:00
GoogleNews:AI　買い物,AI　買い物,2030年までにAIショッピング・エージェントがeコマースの約4分の1を占める可能性を示唆【A.T. カーニー】 - PR TIMES,https://news.google.com/rss/articles/CBMiakFVX3lxTE44TWFCNlI4eTZVVGhKQU91RHBZdXk5NV9yeUpSOGtWSWtRNkhwLUUxVDc2MldObEJtaWVJNFg3eDZacHhjUDA5aG9jLW95MjNHYnVsTjROd2NHR3lwQ0pXZVdUVGJCR0FyWnc?oc=5,"Fri, 21 Aug 2026 07:00:00 GMT",2026-09-04T09:04:17+09:00
GoogleNews:AI　買い物,AI　買い物,AIエージェントで「買う」と「売る」はどう変わる？ Yahoo!ショッピングが目指す新たな買い物体験｜LINEヤフー株式会社 - lycorp.co.jp,https://news.google.com/rss/articles/CBMibkFVX3lxTE1hSm9kczFEQWJjajlwR0NreXN6djhHaHFpM3VnbjZualNwelhUNndKN1daZld2Sjd1eTJoYmlYR0FsbzZIQ2Q3YkFPTDJEUHN6WjJGMGx5eEl1SlM3eWdTNGhkd2xyWXMzckQtOS1n?oc=5,"Thu, 20 Aug 2026 00:50:00 GMT",2026-09-04T09:04:17+09:00
GoogleNews:AI　買い物,AI　買い物,Yahoo!ショッピング、AIが服選びを支援 コーディネートやサイズ比較を提案 - ｄメニューニュース,https://news.google.com/rss/articles/CBMif0FVX3lxTE9QTnVRXzRTZUhJR2ZRbjVvdnAwQkRKRGhvSy1aUWJaTkZacjRpemhjaFpNRnNLNzVwUFVtY3VlaVNIR1drQWxNeWdXdmxDM3lBSjBVRk9zS25jMUhNVE96aHQ5YkhUeWZNZWlMZ0JEY0pQT0wtZTVNRWkxay03YjjSAYQBQVVfeXFMTWMtMlhFcE56d1dfVzJKTHdTS3FPdXRYWlRWNnN2eEpuaklWRi1LWVNzSHdwY2UzTXdjZ1JvV1Rsc0dQMkliOEZ2bG9RNGh5UXkyZXhLZWtBZ2ZmNkM0WmhrSVdmRnpzaEZWMGltLVJPN0NnWjgtM1BmMkFkSTZlalVCMDBT?oc=5,"Wed, 02 Sep 2026 02:00:00 GMT",2026-09-04T09:04:17+09:00
GoogleNews:AI　買い物,AI　買い物,【Yahoo!ショッピング】生成AIを活用した「AIおまかせコーディネート」を一部ストアで先行提供開始 - ニコニコニュース,https://news.google.com/rss/articles/CBMidkFVX3lxTFBPaDgxTFRuVktJTXJSZGR1YWE5QnozRTJIUjVvVHFqV1dWVHN2STZkZEU2X0tiMGpNVk9hOGlXZFJvLUNmSzFmMWx1TnpTUE5rOEwwdkFheXJ5ME1OZ3otSDRBWEh1Y2hpdHlwN1RpMDNxWHNuWHc?oc=5,"Wed, 02 Sep 2026 11:30:15 GMT",2026-09-04T09:04:17+09:00
GoogleNews:AI　買い物,AI　買い物,新学期の買い物が示す小売AIの次のフェーズ - Unite.AI,https://news.google.com/rss/articles/CBMie0FVX3lxTE5MQVZJdnctMTF0QVBQdGhEVnpXWFhUU05iT2g3VGYzZjNrNUVRalJKWmt0VWhYY0NNbmJrSXRvdUVJOE5QNkMxQ3FuTDcyWjFiV1ZrT3pGbkpfMF9WVnM2MFA4QjJXdExULTFfdjZkcngwUm1aLXNkNzhGSQ?oc=5,"Mon, 31 Aug 2026 15:52:23 GMT",2026-09-04T09:04:17+09:00
GoogleNews:AI　買い物,AI　買い物,AIで買い物をする時代の消費行動とは？ 6割がECサイトへの移動に不満、価格の食い違いが摩擦を増幅 - ネットショップ担当者フォーラム,https://news.google.com/rss/articles/CBMiXEFVX3lxTFBFNFQyZXhJTEVSeXE3WG5wd3IyRGJRSk0yTnBpSE1sVGpYWEh4QUd1UUxQNXR5TWhjQ3A1bVJPN2ZuM3RPVDFQYVh4SmdJMjJpTzlxZEk3VGpUV2Nq?oc=5,"Thu, 20 Aug 2026 01:30:00 GMT",2026-09-04T09:04:17+09:00
GoogleNews:AI　買い物,AI　買い物,「あなたはAIエージェントに買い物を任せたいですか」 Visaが調査--消費者の回答は - CNET Japan,https://news.google.com/rss/articles/CBMiUkFVX3lxTFB2OGxrNnZiSGZqWXhXQUdMOWd6TFhqUjFVRXN1ZW8zekJWc2tNYkhJcHlFR3pLSUV4a0pHUnhUM05fOE5QMWNGampaSHY4QXIyV1E?oc=5,"Mon, 17 Aug 2026 07:00:00 GMT",2026-09-04T09:04:17+09:00
GoogleNews:AI　買い物,AI　買い物,49%がAIの買物代行に抵抗なし 1万6000人調査で判明「5つの生活者変化」 - 日経クロストレンド,https://news.google.com/rss/articles/CBMiZkFVX3lxTE5Hc3dwWVctOHJCYmt4SWJGOHU3T0lwU2xjbGJldkY0cVd1UGlScDhfUkZuMjI1Zk9sYmRLYnFWa0VwdjlUOXhMa29fTXdJdW5fQncwOUd4RW0zeUd4OHg5dWZ4bU9hQQ?oc=5,"Wed, 02 Sep 2026 15:01:00 GMT",2026-09-04T09:04:17+09:00
GoogleNews:AI　買い物,AI　買い物,Stripeのアナ・スピシュ氏：システムプロンプトが引き起こしたAIショッピングエージェントの暴走 - BigGo ファイナンス,https://news.google.com/rss/articles/CBMiWkFVX3lxTFBCZkVDanFXdVBSUWIwWUlSOHdYaS16ekp1czl4Rk5UUHFNRkIybWtMakVqMExQWldFUWhGSU9yVld3RzNzMFh4ZlZQT296dmJQZWJmUUJFWjZUUQ?oc=5,"Tue, 01 Sep 2026 18:08:00 GMT",2026-09-04T09:04:17+09:00
GoogleNews:AI　買い物,AI　買い物,AIエージェントの影響はECの「3つの領域」に広がる―エージェントコマースの循環モデルとは - ニコニコニュース,https://news.google.com/rss/articles/CBMidkFVX3lxTE9IWHl4WlJ1aWlhSWNMaGFxQldQZGhVTTNsRUJ1YmhyLWM0RlVPR3ZZcUhHUl82X1J5MGRmUldveEM4alVlOTY4aVdKb2kxR2dUbWw3Q3B4QXM0cEJlWHRCa0M4enZLSVBoNGQtSVRCN21LWWdHbXc?oc=5,"Wed, 02 Sep 2026 16:48:46 GMT",2026-09-04T09:04:17+09:00
GoogleNews:AI　買い物,AI　買い物,Yahoo!ショッピング、9月11日から13日は誰でも最大21％戻ってくる「爆買ウルトラSALE」を本日から開催 - lycorp.co.jp,https://news.google.com/rss/articles/CBMiXEFVX3lxTE51WjllXzVXMTMzV2ZVMFRRdGNhRW9rZVRFSThidGUzRmRySUFuN3l0bkdWeU53UXdLZ1NQa0tTSXc3akprcGlPRV9EdVNHNXVfdnJfTFh5U21NNm1t?oc=5,"Wed, 26 Aug 2026 07:00:00 GMT",2026-09-04T09:04:17+09:00
GoogleNews:AI　買い物,AI　買い物,買い物エージェントが迫るECサイト淘汰 生き残りのカギ握る「LLMO」 - 日本経済新聞,https://news.google.com/rss/articles/CBMibEFVX3lxTFAtR1FWZkZHX3NlanRJOTJBQS1Sal84d2JPSzZQZ1hNMklIdW9FM0N5NUlBYm5EVkdTQVlNaFA2bXZaY1l1RjA4UFhaX3Y0bmFCbC1Gc1ZJMkdqQ1FrN1Q5RHdaVHhaVE5MU2gwVQ?oc=5,"Tue, 25 Aug 2026 07:00:00 GMT",2026-09-04T09:04:17+09:00
GoogleNews:AI　買い物,AI　買い物,DNP、AI買い物代行での不正購入防ぐ 個人IDとひも付け管理 - 日本経済新聞,https://news.google.com/rss/articles/CBMibEFVX3lxTFBadTJwaGVzdUJIWFJUOTJWN0NmYTZpSjFwb0k5RzJEemlTdU9NU2E5UXIxVHRrSG1ONlBHNmtBd004Vm9EN2VielhmRjJwX2JIaFZuRTB6SGZyMUJjRkFJaVJDaVA1VW1GTHU0Tg?oc=5,"Thu, 23 Jul 2026 07:00:00 GMT",2026-09-04T09:04:17+09:00
GoogleNews:AI　買い物,AI　買い物,「AIに買い物相談する」4割、タイパ実感75% 50代は検索より重視 - 日本経済新聞,https://news.google.com/rss/articles/CBMibEFVX3lxTFBWdnd2MWkxVkhwRmUyR1JhX0YtTHdWVFZxOHRRdGdWdldSUDVQVjFKT3lkYnVsTGVfcFFIRloxeGRVUlRUenprYVJTd1FDeTdQUG1kM1lJeG9qbTJLeFBFQUhQT2VEblJzR0tvXw?oc=5,"Sat, 22 Aug 2026 07:00:00 GMT",2026-09-04T09:04:17+09:00
GoogleNews:AI　買い物,AI　買い物,「AI経由の買い物客」は非AIよりもCVRは6割、購買力は53%高い。アパレル・家電・化粧品が「AIフレンドリー」な理由【最新AI関連データ】 (ネットショップ担当者フォーラム) - Yahoo!ニュース,https://news.google.com/rss/articles/CBMijgFBVV95cUxOWlJMWGZZYlBfLXFvY2xld1hqVTJ1a211UWFKR2wwbXlEQjVvVGlRb3JvMHNqa1lkNEFKcThRSU9oWFBfNkgxNVUtZFhaOHpkQU83OUl5eVctY1dNZjRsRk5kaHlzWGNuT1g1VWQxaWQyRFNIbFlZOGZjUmtnUjFwZkU1b2ZWSlJ2MllQXzR3?oc=5,"Thu, 27 Aug 2026 08:31:20 GMT",2026-09-04T09:04:17+09:00
GoogleNews:AI　買い物,AI　買い物,買い物で生成AI利用25% 時短や納得感が向上、博報堂研究所調べ - 日本経済新聞,https://news.google.com/rss/articles/CBMibEFVX3lxTE1FN2J2STdETGdYTjIydzdGcUplaDYyck1weWthNEpKeGYtd2NodUdHQmpTb3ZiZ0NBVVJ1dXhfc2lBUXFqWFhHY1QyZGZZSG93SGM2ci1oV1ZtcVc5Y3pLd0JDQmZNdVowcDF5dw?oc=5,"Tue, 02 Jun 2026 07:00:00 GMT",2026-09-04T09:04:17+09:00
GoogleNews:AI　買い物,AI　買い物,欲しいものが「もう揃ってる」へ 「ヤフショ」AIエージェントの世界 - Impress Watch,https://news.google.com/rss/articles/CBMiZEFVX3lxTE90SGxQa1NydTlJUWE0NXJSemZSY1hTQkllWGJQTDRPTktVRmZUX3pxNEFLT3lnelRidWkxd1ZsOEdwSmx3MGswZy1lcXUyc21GdUN1T19xMDgwdmdDYm54WXpFZFA?oc=5,"Tue, 18 Aug 2026 07:00:00 GMT",2026-09-04T09:04:17+09:00
GoogleNews:AI　買い物,AI　買い物,AI時代の買い物はどう変わる？ 20～30代の約3人に1人がAIによる自動決済に肯定的、「リアル店舗」の価値は失われない - Yahoo!ニュース,https://news.google.com/rss/articles/CBMiiAFBVV95cUxOMWtSd3lTRi1wODFBUmk5UHltWDdaM2lKTEFhenJkSEFIeWZTR3hOb1NaaTRHTVF6cGN4YXdfMUJrQWpoUFY0a19SOG9MaEc5Y29FY1FtMkRLajZkeVRpWHl2VzNPeHJXNzVJWUhEQWNtMEo1S3MyTi1YU3pjTkpmLUxXX3Y3eHkx?oc=5,"Thu, 20 Aug 2026 07:00:00 GMT",2026-09-04T09:04:17+09:00
GoogleNews:AI　買い物,AI　買い物,「買い物にAI」シニア層の6人に1人 デジタル機器の購入が最多 - 日本経済新聞,https://news.google.com/rss/articles/CBMibEFVX3lxTFB3RVljZmhQaHB1d0VuYWppcUcyTndOY2xYS0JWUG1wZVpBTFc3V19WWTY4dTRYcFlLOEtoN1pnRVB6RjJtWUJzV2E4ZHhiZ1pMMTU1eUFRM24tdmxNTjc4S3pYQWs2VXFsWGU0QQ?oc=5,"Mon, 06 Jul 2026 07:00:00 GMT",2026-09-04T09:04:17+09:00
GoogleNews:AI　買い物,AI　買い物,Yahoo!ショッピング、ユーザー向け・ストア向けの双方でAI活用を強化 - 株式会社インプレス,https://news.google.com/rss/articles/CBMiY0FVX3lxTFBjNUpMaFNyazdVOTQzSm5GMTlMSEZCQjBDN19PWE9RV1docUxIblVWbmd2ZnNsVndlZVE2WUk5VGYweEJGVEYxTFppNlk0MEVXc0ZaRG9qQmwyNzk4YllWQWRaWQ?oc=5,"Tue, 18 Aug 2026 07:00:00 GMT",2026-09-04T09:04:17+09:00
GoogleNews:AI　買い物,AI　買い物,AI時代の買い物はどう変わる？ 20～30代の約3人に1人がAIによる自動決済に肯定的、「リアル店舗」の価値は失われない - Yahoo!ニュース,https://news.google.com/rss/articles/CBMijgFBVV95cUxPMDFYYW9GN0xRU0NsVFpjbDJFTF9NREVLR1BzREgyTzJFUmQ3LUR0Q084ekNmLW9Nd0RBLUZHTDdwQmhmSUl0Y2YyUzVMWUd1WENhZ1BLdS00YU1pX2VEVGYxZjBDZVVxU0dKZG5YQnBMZi0yMTBSNWtiRGxxcEMxQ196dEVkV1BMenVoSF9n?oc=5,"Thu, 20 Aug 2026 07:00:00 GMT",2026-09-04T09:04:17+09:00
GoogleNews:AI　買い物,AI　買い物,AIで買い物をする時代の消費行動とは？ 6割がECサイトへの移動に不満、価格の食い違いが摩擦を増幅 - Yahoo!ニュース,https://news.google.com/rss/articles/CBMijgFBVV95cUxQeHBSdUNxTzNCYWMzZDBPSWxnTWk3TWtSNXRjTWF2MDYyN0xyWnh2bHQwVElIX2JaNVdTV0Y2MnJHMnpDSUJYeTF3N1N6VjVoWHFTZFlvR1ZmOTF5T0oxZkxPRnFYd2xrenlKRlBhTkZuZDVKSGZVX0p4aWZOSUJULVlMM1ZBeFNhTVVPLUVB?oc=5,"Thu, 20 Aug 2026 09:31:24 GMT",2026-09-04T09:04:17+09:00
GoogleNews:AI　買い物,AI　買い物,「あなたはAIエージェントに買い物を任せたいですか」 Visaが調査--消費者の回答は - Yahoo!ニュース,https://news.google.com/rss/articles/CBMijgFBVV95cUxPWHowRE9HTzcwYmJWMnNCUXNsTnNjMUM5Y0tfSXNsbFE4ZnVrTWJOX3RUSDF3WjROUW1QRm5pN3NhVmhSU1hHUHgwOG40eDU1UlFjb0l1cWRnbm8tOHJIVUswVFhYV1JzWXBzNHNWci1YaWtDOVdXOXpUTUlQVHlrMjI0RW9oRmkyTE1xTmNR?oc=5,"Mon, 17 Aug 2026 07:00:00 GMT",2026-09-04T09:04:17+09:00
GoogleNews:AI　買い物,AI　買い物,LINEヤフー、Yahoo!ショッピングのAI活用状況を公開 新機能やAIによる推奨の仕組みを説明 (1/2)：commercezine - MarkeZine,https://news.google.com/rss/articles/CBMiT0FVX3lxTE1jTmZvUXctbFBhSDU3OV94Yk1XbEhMUG1ZaEUxeHhmVWhWQjhJc3FDV01rZlBOU0xTMDlVWVgwdEVOMGlCdGR2V01OSGUzSEU?oc=5,"Fri, 21 Aug 2026 07:00:00 GMT",2026-09-04T09:04:17+09:00
GoogleNews:AI　買い物,AI　買い物,Yahoo!ショッピング、AIが自動で複数の商品を比較し、最適な商品を提案する新機能「AIおまかせ比較」を提供開始 - lycorp.co.jp,https://news.google.com/rss/articles/CBMiXEFVX3lxTE1HZE5iZFFxaUtXOHRTNUxHNFN5UGhIYm9jeG1SaV8xQk5yMHB6dTRSVmlVVHRzZ1ZINU5ZRHljdWdsTnRGZHZMOXZlcnZXVXdQcExTSXFzeDVxZkFF?oc=5,"Wed, 20 May 2026 07:00:00 GMT",2026-09-04T09:04:17+09:00
GoogleNews:AI　買い物,AI　買い物,AIが「欲しいものを揃えている」 - Yahoo!ショッピングが進めるECのAIエージェント化 - マイナビニュース,https://news.google.com/rss/articles/CBMiaEFVX3lxTE92ZnFHWHpUay1NbFRnWk80cGplS2tBd1dCUVZyN1RQQXRaNmJkRF8ya1RMUzhfODBhUnRvR0NnNlFiYVZTOFpsdGFBU0hEXzdvbkFYN0puR0JTWkZzdEhxRV9UV21YYXo0?oc=5,"Wed, 19 Aug 2026 07:00:00 GMT",2026-09-04T09:04:17+09:00
GoogleNews:AI　買い物,AI　買い物,AIが「買い物代行」するのはまだ先？ AIが「相談相手」として浸透する時代にEC事業者が押さえておくべきポイント - Yahoo!ニュース,https://news.google.com/rss/articles/CBMif0FVX3lxTE5HdGlwY3IwUFZmTkV4Y1ZzY2JEaXhZbmxlczRpZF9nN21LSzJQTlJvSDc1c0VVckREZFpVMHZvak1STlEzcV9xMFRpVEtoWXNHa09seTRZTHNuYTVRMTQ4dW0zVXhIbWMzUjFoUFU5WEZQWHVHdzloMmVpcW5UMXc?oc=5,"Sun, 26 Apr 2026 07:00:00 GMT",2026-09-04T09:04:17+09:00
GoogleNews:AI　買い物,AI　買い物,【エージェンティック・コマース】オンラインの買い物、AIにどこまで委ねる? 購入判断から決済まで完全に任せられると回答した人の割合は - Visa調査 - マイナビニュース,https://news.google.com/rss/articles/CBMiXEFVX3lxTE9KSkJINWJQTlduZUR4Q0Jtemc4WVZkT0hoX1pYQzEwTVhZdHRaLTNMaUdOdXBHb3QyZWxOV0FBYlFfclBkREYxZ1NlR1FxS0YzQlZlT0tBcjRoY1RT?oc=5,"Mon, 17 Aug 2026 07:00:00 GMT",2026-09-04T09:04:17+09:00
GoogleNews:AI　買い物,AI　買い物,Adyen株が12%急騰、AIショッピングの脅威で加盟店ロイヤルティ強化へ - BigGo ファイナンス,https://news.google.com/rss/articles/CBMidEFVX3lxTFA4bFNGQ2NJVW9ZWUM4WllZblEtSzViSnNMMTRQZncxeUo3OENLQWNaLXJRQ1UtZVg3OFBJZVFkY1ozcmFXZk5mUG9aenVUemVmOWExalNZOXJINGh1N1JrR1E0Skg0SEpZOU9pZE1LaHZYaUFt?oc=5,"Thu, 13 Aug 2026 07:00:00 GMT",2026-09-04T09:04:17+09:00
GoogleNews:AI　買い物,AI　買い物,Yahoo!ショッピング、「爆買ウルトラSALE」開催 最大21％のポイント還元、対象商品を大幅拡大 - 日本ネット経済新聞,https://news.google.com/rss/articles/CBMiVkFVX3lxTE82RFY4dkZIRHNWSTNjYVJfblhuWUFkbU9JbkRVVXgxek04YVRGVGtydTNId1hDWjV2QmxpbWJFa2Y3V0RTTDRvVGVqMEhDbjhjLTFxbGhB?oc=5,"Wed, 26 Aug 2026 08:46:12 GMT",2026-09-04T09:04:17+09:00
GoogleNews:AI　買い物,AI　買い物,Visa、「AIエージェントが本物のECサイトで買い物開始」と発表 - CNET Japan,https://news.google.com/rss/articles/CBMiUkFVX3lxTFBvZmZNd2pPT2lhUjhzU3BubHUxLVVCY1kzdHE1NUJTY3poWmpvOXFuckdwZUtsV3pJQ25LSlk4emh0bnNkc3QtTHlmbVJGUGlSdWc?oc=5,"Fri, 03 Jul 2026 07:00:00 GMT",2026-09-04T09:04:17+09:00
GoogleNews:AI　買い物,AI　買い物,「楽天市場」、AI活用による「楽天スーパーSALE」のお買い物体験を強化 - 楽天グループ株式会社,https://news.google.com/rss/articles/CBMiZkFVX3lxTE13dXhQQzJUSURoZG9kX21xYzhlZk9DQV9hNjlMdXAydy1zNnc0dmxGWThqUlYtaGRLVzlCS2lNVTh3REw1bW9jNFBIQ3JfeUNCbGMydjliLXVLM0ZqWDcyQ3RmejRWUQ?oc=5,"Tue, 02 Jun 2026 07:00:00 GMT",2026-09-04T09:04:17+09:00
GoogleNews:AI　買い物,AI　買い物,中国の消費者の約80%が買い物前にAIに尋ね、ブランドは「AIを選ぶ」ために競争している - VOI.ID,https://news.google.com/rss/articles/CBMiSkFVX3lxTE1xaFcxam93S1VDUTZIM3pjLVFBQ0pqZWIyVEkzUmIxajVTa0ZuMkItSlY2ZXBOOWFSUkh3ZkhobzRaWkQtWHhVNk130gFCQVVfeXFMTVpJVWg4TnZHOFU4YnZNNUwzYU0tREZScFNPWFFlWjVMT2dDT001UEVTa1JYdjRFeW1nay1FaDZWVW9R?oc=5,"Sat, 29 Aug 2026 20:26:35 GMT",2026-09-04T09:04:17+09:00
GoogleNews:AI　買い物,AI　買い物,生成AI利用者の約7割が買い物で活用、生成AIで調べた・おすすめされた商品やサービスを実際に購買した経験があるのは、うち約6割（エクスクリエ調べ） | 株式会社クロス・マーケティンググループのプレスリリース - PR TIMES,https://news.google.com/rss/articles/CBMiakFVX3lxTE1FWUJiXzBKV1RGLVQ2eDBwXzc2cUhaajB3SHRfeUIwY0l5OVZGU1IyV2FIcWxFQmNnNy1qTXh5YzdxNUppZVFZTlNlTGFLWUpNUmNLZFlUU3U3TU1XXzRrb2QxRVZhSFRTUkE?oc=5,"Fri, 15 May 2026 07:00:00 GMT",2026-09-04T09:04:17+09:00
GoogleNews:AI　買い物,AI　買い物,買い物の際に信頼するのは「SNS情報よりも生成AIの回答」、20代では7割が購買時にAI活用 - 週刊アスキー,https://news.google.com/rss/articles/CBMiYEFVX3lxTE9jblJLaVdnNXNXM2RXdTNPN2hrQTQ5WnVqYXFCOUVSOUU2R3JBQ1NvY2poUm1UZ1dhS3VhZG5oci1LTk41OGV5MHZvQTVzbFNQbDRWWXRJQURlLWhjNE4yNQ?oc=5,"Sun, 23 Aug 2026 23:00:00 GMT",2026-09-04T09:04:17+09:00
GoogleNews:AI　買い物,AI　買い物,楽天、会話型の「AIコンシェルジュ」で注文額17％増。買い物体験をどう変えた？（ネットショップ担当者フォーラム） - Yahoo!ニュース,https://news.google.com/rss/articles/CBMif0FVX3lxTE0yZ2dRLXhlQlFFREFTZFEyNTJuZWREZTZtWk9yX0hfZmVBdW5jcWtXZ0M3ZWJrb1o3YVdYTVNBYnU5b3c4OHlsMW90ZUdEb2xNZWV6TWEtMnl1eE5sdWlLb0t6a0VDMzUxbUxYTTFuS1Z1dmNsVS04eXJjUWFHZTA?oc=5,"Wed, 05 Aug 2026 07:00:00 GMT",2026-09-04T09:04:17+09:00
GoogleNews:AI　買い物,AI　買い物,小売業界、AIショッピングの80億ドル市場争奪戦 顧客データの囲い込みで攻防激化 - BigGo ファイナンス,https://news.google.com/rss/articles/CBMidEFVX3lxTE1VMWIyZ0U1WHR0UjROYUhmU0s4OWFHdzRpZUU3ZVZjamJtNWRtb3c2ZHNwdzZSd3dNNVZxd0ZPOEdmdFVnWGZ2ckg3S2UxZG5hTjIwaE14cnNZMjJ0UVd4ZzFuMk5scjd6dlFUNlJGNWV6VXJv?oc=5,"Fri, 07 Aug 2026 07:00:00 GMT",2026-09-04T09:04:17+09:00
GoogleNews:AI　買い物,AI　買い物,【エージェンティック・コマース】「あらゆる買い物をAIに決済まで済ませてほしい」と回答した人の割合は? - au Webポータル,https://news.google.com/rss/articles/CBMieEFVX3lxTE55LXRMaUxMaXd0dmJWdUtxVjFad1pSakxpcUJJUXExUEFHeDZSQ3ZISmpzYU9Zb0VWeDBEcHVVYXBPSGRxQ2J4N1hZajFZLWtFc2RFelFGQ01zWDZJd1NNaVVad0dITGc5bXYwMWJmZllGWkZaYVBqdA?oc=5,"Sat, 22 Aug 2026 13:23:28 GMT",2026-09-04T09:04:17+09:00
GoogleNews:AI　買い物,AI　買い物,買い物でAIを使う「AIショッパー」は約25%。使い方の上位は比較や課題解決、買物時間は短くなるが納得感は高まる - Yahoo!ニュース,https://news.google.com/rss/articles/CBMif0FVX3lxTE5QNHNaLTI3TDRhS3dXUmlFTUtFZkVTMVZNdzMtb3BIQUZveVVsdHI1NlhoXzNibVc4U29RSUtzSWR0SDMtVU56THhGdWE2d1FWYWNwVkxEVVhmbDZMMFZfTkVjWmdwc2J1VHpablhiZmRMSEdOTGxIYVNkV2N1dGs?oc=5,"Thu, 04 Jun 2026 07:00:00 GMT",2026-09-04T09:04:17+09:00
GoogleNews:AI　買い物,AI　買い物,ニュース Yahoo!ショッピング、AIが買い物をアシストする「AIお買い物メモ」 - 株式会社インプレス,https://news.google.com/rss/articles/CBMiY0FVX3lxTE5BeHE0U0FvWmpLX2taLUt2Q2hkVlFPZUZFT3NXY2tFUnRSVTBMY3JLX2hCYXFSV25DOER5bGM0WmJkdEItdVN3bDUtcmZKaXBPNGItRy1SQW5JdGxMZzd0T0dWRQ?oc=5,"Tue, 23 Jun 2026 07:00:00 GMT",2026-09-04T09:04:17+09:00
GoogleNews:AI　買い物,AI　買い物,AI利用者の3割以上が「買い物」でAIに相談…旅行・金融商品で上昇傾向 - tsuhannews.jp,https://news.google.com/rss/articles/CBMiVkFVX3lxTFBoc3ZwMDc2dTNCVWpldThRWXF1UE9yLXZSTmVyN2sxZEJYN2lNaTZZV0U3VlZfT1ozLWRlRFdIaklNaHdIREpNX3JPMjFtbVBJUi1qRTRn?oc=5,"Fri, 24 Jul 2026 07:00:00 GMT",2026-09-04T09:04:17+09:00
GoogleNews:AI　買い物,AI　買い物,【第11回】先端生活者の調査で見えてきた「生成AI×買物」の利用動向｜The H Magazine - hakuhodo.co.jp,https://news.google.com/rss/articles/CBMiVkFVX3lxTE8wYnRBOHBVOVJqZVFVSVVYOTJBOGZ0QnpBQU5nd0dWbEM3Y1dJaFVvZllPb3NXSmpJSVhzWFQ5d2FnXzhoR3h1TjdHWU1lZUJGUjZqLVdn?oc=5,"Tue, 12 May 2026 07:00:00 GMT",2026-09-04T09:04:17+09:00
GoogleNews:AI　買い物,AI　買い物,生成AI活用で「買物時間は短くなり納得感が高まる」。買物情報源としての信頼は「生成AIの回答」が51.7% - Yahoo!ニュース,https://news.google.com/rss/articles/CBMif0FVX3lxTE5PRUhIYVJHczd0SHdFbWNsUmtseDdNWkxqTGhxNWF1LTVoYzl0bnRqa1diTE1mNWtNZHZBcEtpMTNSQ1Q4UWVWZHZsMFJiUUJYcElxbnZuREFfVXlGdmlzV1FNcDU3ZHVKbU0yUzVEMl9qSzY2QUpSVUs0bl9qZzA?oc=5,"Thu, 25 Jun 2026 07:00:00 GMT",2026-09-04T09:04:17+09:00
GoogleNews:AI　買い物,AI　買い物,LINEヤフー「Yahoo!ショッピング」、商品をメモ→AIが候補を提案→購入検討まで支援する「AIお買い物メモ」をリリース - ネットショップ担当者フォーラム,https://news.google.com/rss/articles/CBMiXEFVX3lxTE5INU9ldHdWTXA1Rkw3dVRjbmVJZEFQb3laZUs4SUdfNkotakdPbnpSbF80bnAweGZ5QlJXTU5qQU4xaU12VEo3b2tWUDN4MGEtT1BmMUNGaERHR3Vx?oc=5,"Thu, 25 Jun 2026 07:00:00 GMT",2026-09-04T09:04:17+09:00
GoogleNews:AI　買い物,AI　買い物,GoogleがAI新機能｢Spark｣、検索や買い物を代行 30億人の生活自動化 - 日本経済新聞,https://news.google.com/rss/articles/CBMibEFVX3lxTFBxNDRVQ09WNVhMT04xT25ZamhIM3J6azNaWnczdnFVNkhHYkhBQUNRTmtCWUlzY3hqT0VTUDVLdlRYZzMzN3BYS0FmWWhJVnlvc2RpMi1ZVjgzWkxZSkFjNkhOaVh4SHNDV2IycQ?oc=5,"Wed, 20 May 2026 07:00:00 GMT",2026-09-04T09:04:17+09:00
GoogleNews:AI　買い物,AI　買い物,AIショッピングが変える売り場、変えない売り場 - Forbes JAPAN,https://news.google.com/rss/articles/CBMiWkFVX3lxTE1nNTIzYnhiWjBheTB2SHNPbGdrNDQxU1N1SnRDOEQxb3c3bnJzUUUwR3BWT2t1ZjdjWEFNVFhYc2Qwc1J4TlMtZGQ3czFxa2oyMjMzbVViaFVnUQ?oc=5,"Mon, 20 Jul 2026 07:00:00 GMT",2026-09-04T09:04:17+09:00
GoogleNews:AI　買い物,AI　買い物,「買って大丈夫？」に、AIが5分で根拠付きの答えを出すお買い物決断アシスタント「アレコレ」正式リリース - PR TIMES,https://news.google.com/rss/articles/CBMiakFVX3lxTE1aYlRDd3lBVER5bEM1Y0xNaWFQV1dUWEtrcWhjQ2tBTXNoVWNBZkREU0w5Ui1WNFdhUmUtTEtwRk9vYjlXQ2FyNW9ETHhHZl9OQU50M3dQaU1HdTlwQzVoUW50VW1XMWJNQ0E?oc=5,"Fri, 01 May 2026 07:00:00 GMT",2026-09-04T09:04:17+09:00
GoogleNews:AI　買い物,AI　買い物,AIが変える買い物の入り口 -AIO時代のECサイトUX改善戦略- - ブレインパッド,https://news.google.com/rss/articles/CBMibkFVX3lxTE5mSWN5d2NVX0NyZGFZay1ZVW54ZUxrU1BPZUltSFFMbDdfWXRyZTRiR1doVHp3OGtvY1B1cU5MQ2FwdXZaWWw5OGVRdWMyM0dobGtRQkxWNlg0cFdXOHcwYmxXems4S0xzOF9rU3F3?oc=5,"Fri, 05 Jun 2026 07:00:00 GMT",2026-09-04T09:04:17+09:00
GoogleNews:AI　買い物,AI　買い物,【博報堂BIZ GARAGE主催】 AI時代の買物予測 ～AIに求める「38の役割」から紐解く、変化の兆し～ - hakuhodo.co.jp,https://news.google.com/rss/articles/CBMiV0FVX3lxTFBUYUo0Z05JeGM3RFh6Wm9NdTd2N2dyYlJKV1BudzNKMDdZcEJ6bFMxSHkzWldkblUwRVNaanMyalVTWkdTOS0wenA0QTBvMlJYcTJCamlxOA?oc=5,"Tue, 14 Apr 2026 07:00:00 GMT",2026-09-04T09:04:17+09:00
GoogleNews:AI　買い物,AI　買い物,買い物は「ググる」から「AIに聞く」時代へ？ 20代の約7割が活用、SNSを上回った“意外な信頼度” - DXマガジン,https://news.google.com/rss/articles/CBMiTEFVX3lxTFBRR0pDVmN2RUx4S05maXBjeEpYTEs1UnJqLWFBN1V5OUJGbXVEUDZqUHdvUGhsc1hNSlFZMHNiVXoyNm9leGZxdFZJRkU?oc=5,"Mon, 17 Aug 2026 22:42:07 GMT",2026-09-04T09:04:17+09:00
GoogleNews:AI　買い物,AI　買い物,CloudflareがAIエージェントの安全な買い物を実現する本人確認と決済基盤の提供を発表（Web担当者Forum） - Yahoo!ニュース,https://news.google.com/rss/articles/CBMif0FVX3lxTE50MkJKOWxvV29IU1ZZc3BvMDZSXzBpVHhLYzgtS2ZxUlNHaFZCakhFaFB1Wm9xMUxYbTJ2d3FwVVIzWjNURDZtalh0SGEwR0lweVJGc3dDR0oyWHo0blVSWnZNYnBsS1FaeDBKODRrOEIzOXJuZ0RvMTliVlFza2M?oc=5,"Thu, 06 Aug 2026 07:00:00 GMT",2026-09-04T09:04:17+09:00
GoogleNews:AI　買い物,AI　買い物,左右対称で典型的な「AIっぽいきれいな顔」は買い物客を遠ざけてしまう可能性 - GIGAZINE,https://news.google.com/rss/articles/CBMifEFVX3lxTE9kUTJnZ2FOZ1pWVHR1TF9jQVQxVEduWnl1bk9xZDFFVHplOW5CaEFtV182YVBnVFVXWEdDamR3cDVpOVprXzRMcURQXzVmVkVkLUlwZGRRWjF6UXpwZlExUWVhdWs5WGFWaGhqeGJmWTkxSEtDTWJHOENhZ0c?oc=5,"Fri, 14 Aug 2026 07:00:00 GMT",2026-09-04T09:04:17+09:00
GoogleNews:AI　買い物,AI　買い物,AI利用者の約3人に1人が購買時にAIへ相談 旅行・金融商品・保険では約6割が活用 - AMP[アンプ],https://news.google.com/rss/articles/CBMiXEFVX3lxTFBHel9iZ0VrMjl6TEotNS1ZSzVzek9UUVJWUFQyRUZBTnFJaUY2RGUzQktfTVRtYnZyblpuWGl0czZkQ0tIZHdZNThzdXdkMlNWekd3WWU4LUFlYVlv?oc=5,"Thu, 23 Jul 2026 07:00:00 GMT",2026-09-04T09:04:17+09:00
GoogleNews:AI　買い物,AI　買い物,買い物にもAI時代？4人に1人が「商品探し・比較」にAIを使い始めていた - DXマガジン,https://news.google.com/rss/articles/CBMiT0FVX3lxTE16bW1Qc1RlVllwUFlHUjBEbTJMaDRSRUtjVDN1eGdmQS1Cb1pBVEJKeDA1TV9JRjA4RjNDWlduQTZPMHREaU1leEtNS3dWbE0?oc=5,"Wed, 12 Aug 2026 07:00:00 GMT",2026-09-04T09:04:17+09:00
GoogleNews:AI　情報検索,AI　情報検索,"きらやか銀行、行内の情報検索基盤に「Helpfeel」を導入 10,000ページの規程や通達をAIで瞬時に検索・照会可能に - PR TIMES",https://news.google.com/rss/articles/CBMiakFVX3lxTFB1NTQ5QWRPdHNkSGtIWHVVbXdrWjlTR0s2RzBqZjl4VmlFVDFoeV9OVC0ySjNSbF82ZC0wUUVDb1JRalZzLXZHb2NkQjBnWmhBQ2xTNTdqeVpyUGRsUHNuSGNfTXdIWmU4ZEE?oc=5,"Tue, 30 Jun 2026 07:00:00 GMT",2026-09-04T09:04:19+09:00
GoogleNews:AI　情報検索,AI　情報検索,AI利用経験は43%、活用目的は「情報検索・ニュース把握」「学習・自己啓発」「創作・エンタメ」が上位 - ネットショップ担当者フォーラム,https://news.google.com/rss/articles/CBMiXEFVX3lxTE53bVk0TmhZWUhFeEZGcnhaajdaSDJVcVpqeTJsYUoydTVwQ2hCTjJxR0NRclduQno4ZXNXNjZXZW5GanZOR1NwQVMtTTc5U0pxODA1NllPVWZxa1Nr?oc=5,"Thu, 02 Apr 2026 07:00:00 GMT",2026-09-04T09:04:19+09:00
GoogleNews:AI　情報検索,AI　情報検索,「ググる」は死語になる？何でも生成AIに聞く時代に私たちは“調べる力”を失うのか - tokyonewsmedia.com,https://news.google.com/rss/articles/CBMiU0FVX3lxTE5BZktxcFkwdnNzOHM0ZHdOZ3JuQ0p6QkRvZXNJSkxOb04xbGhzUEtqUXdmTlRVNFMtMVZlNGJqRGlsNEhrbnU2QlpfQXVIQjdab0pF?oc=5,"Sat, 15 Aug 2026 07:00:00 GMT",2026-09-04T09:04:19+09:00
GoogleNews:AI　情報検索,AI　情報検索,AIで脱属人化を加速！ 日本ペイントGが技術情報検索時間を20分の1に：マテリアルズインフォマティクス最前線（8）（1/3 ページ） - MONOist,https://news.google.com/rss/articles/CBMib0FVX3lxTE5yUjVhc1haTWREeTllMG5XTEE0TlZOel9VM1V5RWtRSjJrdERaUV9hUlV6Mkl5Qm5aOW9BYktmYVV3RTl4bWFOUW1HMV93ZmJVamNaTkxiMFJoTmw5aGNwN0ZVay1qc25EMF9Tb1Y0bw?oc=5,"Thu, 23 Apr 2026 07:00:00 GMT",2026-09-04T09:04:19+09:00
GoogleNews:AI　情報検索,AI　情報検索,テスラ、日本でEVに対話型AI「Grok」 走行中の情報検索しやすく - 日本経済新聞,https://news.google.com/rss/articles/CBMibEFVX3lxTE05akFjT0VVMURDSWI1ZmxKQzZaNmNzVDF1OEJnWXo0NXAxXzh0VnZKdDFVblJHRDdvZ25kWlNGRldpNmpRaUpWYVEwYlVKQzhwUEdmZjBUazFMVkFSY2JUNXp5eXJiS3V2T0hCQQ?oc=5,"Fri, 10 Jul 2026 07:00:00 GMT",2026-09-04T09:04:19+09:00
GoogleNews:AI　情報検索,AI　情報検索,Naver、対話型AI検索「AIタブ」を投入 ChatGPTに対抗 - BigGo ファイナンス,https://news.google.com/rss/articles/CBMiX0FVX3lxTFBxRVdBTVJERm0yVmFrUDNtZ0pZWlR5RWVWYnFnbkhtSDhha3NtdU5lcU5OWmZTUld5eEdYbWNHMm9EYXVaWl9USHdUbF91YW1EcFhHZUc0Y3JVQzlUTm9j?oc=5,"Tue, 28 Apr 2026 07:03:06 GMT",2026-09-04T09:04:19+09:00
GoogleNews:AI　情報検索,AI　情報検索,津波警報の発表中にグーグル検索、AIが「すべて解除」と誤情報 [AIの時代] - 朝日新聞,https://news.google.com/rss/articles/CBMiZ0FVX3lxTFBab0pKWkZNYVNTUUlwTHpUdXdPeFBEMEF4TnctdWQzU3R5eEgwbm5BalBzQW5XMVRqc0RnT3RnS3hvNUVZWkRyMDc2Q18tMlp3QzBoZmYtb1pGb3VnMGJKLUJGZk5vTjg?oc=5,"Wed, 10 Dec 2025 08:00:00 GMT",2026-09-04T09:04:19+09:00
GoogleNews:AI　情報検索,AI　情報検索,寄稿：生成 AI で“探せなかった開示情報”を見つけ出す 〜 JPX の AI 開示情報検索サービス J-LENS〜 | Amazon Web Services - Amazon Web Services (AWS),https://news.google.com/rss/articles/CBMigAFBVV95cUxNWHBnVllEWS05X1NveGdhbEN2M3h1b1poeFhiTlZJZGxFWE85R1JZWkNxUXVBcW5HbUVud0tTRkVka0JvV2FacWpQUjNYbXJVc194NlByRWpDQVVSa01rOUkydWRNNVBJb2RWX05RWmtHcWNfTURLSjJiTUpELVB0cA?oc=5,"Tue, 26 May 2026 07:00:00 GMT",2026-09-04T09:04:19+09:00
GoogleNews:AI　情報検索,AI　情報検索,AI Lab、情報検索・推薦システム分野の国際会議「SIGIR 2026」のShort Papers Trackにて論文採択 - cyberagent.co.jp,https://news.google.com/rss/articles/CBMiakFVX3lxTE5uakJPWDhWdm9oeEEzaDRKZHluNURvUEQzeGxwLS03ckdxU0hpZ09Fc2t3VklhX201NV81Y2JpU0hEcjNNSW5IdGc1NFoweDhxUHNydXlqb29yd2hqNjlmZFB0MFR3dVNGYUE?oc=5,"Fri, 15 May 2026 07:00:00 GMT",2026-09-04T09:04:19+09:00
GoogleNews:AI　情報検索,AI　情報検索,AI利用経験は43%、活用目的は「情報検索・ニュース把握」「学習・自己啓発」「創作・エンタメ」が上位 - Yahoo!ニュース,https://news.google.com/rss/articles/CBMif0FVX3lxTE1qNlo0R2d6QnF4Qk1YbnFwakZ2MFFNR0NuZFJjS1VrMEhOM2RVcm0yUkgxb0hkejZzX0Y1NUNObHozRjN0TkQzVmxFX1JXQ2x3YVd0cmJzWVlOaDBJZjJNQkRYQXRiUE1CTndnWS0tSm12U1huMk94T2ZxSHNaUU0?oc=5,"Sun, 26 Apr 2026 07:00:00 GMT",2026-09-04T09:04:19+09:00
GoogleNews:AI　情報検索,AI　情報検索,グーグルのAI検索機能に誤情報のリスク--英紙が医療情報の正確性を検証 - japan.zdnet.com,https://news.google.com/rss/articles/CBMiU0FVX3lxTE53VUJVa2w5d09CZnhxektJOTdEeU9ja01KUmZuQnd5aXRHVjdHaGJNMzZ1b0VkQ3VFX1BUSnlKTE42WTMzcEd3QTdpR3dhRGRfQ3ZJ?oc=5,"Wed, 07 Jan 2026 08:00:00 GMT",2026-09-04T09:04:19+09:00
GoogleNews:AI　情報検索,AI　情報検索,久世、生成AIで商品情報検索高度化 - LOGISTICS TODAY,https://news.google.com/rss/articles/CBMiSEFVX3lxTE9wOUhsaUdIcWEwMkRtOTZvQXUtWFpwaV9WSV94dS10a0pmQ2dqbVVUUjRIc3p6U0I0ZXZhbldHNWNaNXhMRzlFbw?oc=5,"Wed, 13 May 2026 07:00:00 GMT",2026-09-04T09:04:19+09:00
GoogleNews:AI　情報検索,AI　情報検索,ニュース Google、生成型AIを活用しAI検索機能を改善 - 株式会社インプレス,https://news.google.com/rss/articles/CBMiY0FVX3lxTE40OElXLXc1OHd6M21DNFU1eE1QVUZjRHF5MXp5TjdXZjNGZm04cnFQbWdmTXdtNEhQODFuNUlRVTFmS3VmcjVna3ZzZ1JGdHlsVFBPaFZHUkRVTkxleGNIRjEtcw?oc=5,"Thu, 07 May 2026 07:00:00 GMT",2026-09-04T09:04:19+09:00
GoogleNews:AI　情報検索,AI　情報検索,令和8年熊本地震に伴い、被災者の「お金の困りごと」を情報面から支援 肥後銀行へAIナレッジ検索システム「Helpfeel」無償提供 - PR TIMES,https://news.google.com/rss/articles/CBMiakFVX3lxTE9sNTlVUi0zQWx2dFM5bk01UjlzaUZWRVFwZF9TTnJkajhqUTFXcUVCM1NTREdoMW1wRXlmM0ZOYk5wSUJDbDN5OUlaRDVnZnUwYWhJbGM0U0k4bk1vOTFSZDFid2g4elZEV1E?oc=5,"Tue, 18 Aug 2026 07:00:00 GMT",2026-09-04T09:04:19+09:00
GoogleNews:AI　情報検索,AI　情報検索,生成AI利用者の44%が、検索エンジンの利用が「減った」。購買意欲の高い検索はECモール、情報検索はAIへと分散の傾向【検索行動調査】 - ネットショップ担当者フォーラム,https://news.google.com/rss/articles/CBMiXEFVX3lxTE54VnRwQm9sVTA2OEhjZDdrejV1QURZYnF5bDFkZjhYaDdSMmViYlFnaElNVGFmU1R5ZXZ6d0FZMGlTdEp6aVZ3V2ktRUlvY0IzdFdIZHJjRXpDaEpn?oc=5,"Wed, 10 Dec 2025 08:00:00 GMT",2026-09-04T09:04:19+09:00
GoogleNews:AI　情報検索,AI　情報検索,AIを活用した開示情報活用サービス「J-LENS」シリーズ提供開始 - PR TIMES,https://news.google.com/rss/articles/CBMiakFVX3lxTFBJby1ubUNReWNxUXR0UlprTm8yQi1vbjNXVldVdlZ6dTBuREo3OVEyWE1LM0VCeFNwQTh5MzVhSkVLOGVZdFpobjBCcjd5SDhLTnlDbnU2ZUtyMm1LQkRkbVRRdnFvd1UyTnc?oc=5,"Mon, 29 Jun 2026 07:00:00 GMT",2026-09-04T09:04:19+09:00
GoogleNews:AI　情報検索,AI　情報検索,鍵は「検索できるPDF」 アドビとPFUが語るAI時代の文書活用 - Impress Watch,https://news.google.com/rss/articles/CBMiZEFVX3lxTE5WUEJ4Zk1nQ2JpSnBpREhjTHpXMlhlR0VhY2lKdnV5T0tLblRVYkREckVEdG0tV1NsV3FoSGpkYTZMN0VkWWkzTEVlU0JfR0k0bGx0N3JaWEtFSkw3N3NJaTNiLXc?oc=5,"Mon, 15 Jun 2026 07:00:00 GMT",2026-09-04T09:04:19+09:00
GoogleNews:AI　情報検索,AI　情報検索,住宅分野の消費者の生成AIを使ったWebでの情報検索行動の実態を可視化、業界初「生成AI対策/LLMO弱点あぶり出し調査」サービス開始、生成AI時代のWebマーケティング戦略を立案（ニュースリリース） | 大和ハウス工業株式会社のプレスリリース - PR TIMES,https://news.google.com/rss/articles/CBMiakFVX3lxTFA0V0Nqc1ItcEtfcnF6QUV6Q2FYX0pLcFBYTVVId3VWeXBmMUNWVFgtVGhCOWJmbHU4Y0F5V3Q1NzRBSVNVR1MtaWZvRGpzdmxlbFBOdFJvMjFqODZ2WXFMNXVGRjNUSU9wNUE?oc=5,"Wed, 14 Jan 2026 08:00:00 GMT",2026-09-04T09:04:19+09:00
GoogleNews:AI　情報検索,AI　情報検索,Google、AI検索に「優先ソース」機能追加 信頼できる情報を見つけやすく - ケータイ Watch,https://news.google.com/rss/articles/CBMiZ0FVX3lxTFBJajVGVkVjaDgzXy1mbXVybkdMMUZHdnU5eGdBMXpwY2tsWHhZS3BVa0FVRWFQbmtvRDMtOTJmYjR5NjdSOUR5TGhtazhWOW9xOWkxUnlFdk0xQm5HcHVwY2xESkluNGs?oc=5,"Thu, 28 May 2026 07:00:00 GMT",2026-09-04T09:04:19+09:00
GoogleNews:AI　情報検索,AI　情報検索,2026年中国GEOサービス事業者トップ8徹底評価：AI検索時代のブランドポジショニング戦争、勝者は誰か - BigGo ファイナンス,https://news.google.com/rss/articles/CBMidEFVX3lxTE83aFI3ZzU0MVdaMl9mWmZwSnJLWi1BMkdhVDYzbXRLcng1SS1pUXBPV0hUeURBaXFrVkhSYk56aFBpdUU3c0xPVk1OQ1FjNzltRFhzWU45TjBvZEN2eEpha0l3UVVSMTI2bG9LcU91NlEydzZW?oc=5,"Thu, 25 Jun 2026 07:00:00 GMT",2026-09-04T09:04:19+09:00
GoogleNews:AI　情報検索,AI　情報検索,モノづくり専門メディアMONOistに生成AIを活用した技術情報検索システムに関する記事が掲載されました - nipponpaint-holdings.com,https://news.google.com/rss/articles/CBMic0FVX3lxTE1WV3lYZVMwMng2VkVSYU1HRUlqWVNqOUZHTVVWcTM2RGJ2RVFWMnhCZVg5YmgtQ05tWldIeUR0UjdnTzk5MTBjYTNnZHpNQWJyMmZfNTlaOGo2OHlWZ2lBMldzdS0wM2ltell2TEFac0FHdE0?oc=5,"Thu, 23 Apr 2026 07:00:00 GMT",2026-09-04T09:04:19+09:00
GoogleNews:AI　情報検索,AI　情報検索,利用するSNSの上位は「LINE」「YouTube」「Instagram」。情報検索は検索エンジンが8割超、生成AIに質問が約29%に急上昇 - ネットショップ担当者フォーラム,https://news.google.com/rss/articles/CBMiXEFVX3lxTE04QXVhcVBWNEdNbGo0T3U5SFhzcDhsM1hWeVdZOXZ0WGluRHZwUVRiV2QzNmROeDdvMlRhTmJKeGxraXlxLV9fVVJrY1JtUjVyVWp6QlBXdFdzbWcz?oc=5,"Tue, 23 Dec 2025 08:00:00 GMT",2026-09-04T09:04:19+09:00
GoogleNews:AI　情報検索,AI　情報検索,Google検索「AIモード」に個人情報を入力しないで――立教大など、学内に注意喚起 - ITmedia,https://news.google.com/rss/articles/CBMiakFVX3lxTE85RFB2a25hWjBEcXE3TTZ4YXo2cjZ1VV9KTjVqMDFNR3ZSYWpyTUxJYU5ObHdDUmt3MEVwVFBhX3dwNHAyTFJ2MkRUTkdSYzVWTWVqNERnemtIZ055aWpKRkJ1MkNHVU9YT2c?oc=5,"Mon, 20 Apr 2026 07:00:00 GMT",2026-09-04T09:04:19+09:00
GoogleNews:AI　情報検索,AI　情報検索,QuickSolution® がMCPに対応、AIエージェントからオンプレ／クラウドの横断検索を実現 - PR TIMES,https://news.google.com/rss/articles/CBMiakFVX3lxTFB4aVRGQ1pBS1Qwc212M0Z2NE45N1ZCdTlLY3NKRnIzWHdZMEJVeXZjUUhuOC14OVNoYkxjYktNS1ZQOFZrcU5FSWZpTTlKWHRrSW1VQUpyYnA1WTMyLXlqbF9DOWUydnVRSmc?oc=5,"Tue, 07 Jul 2026 07:00:00 GMT",2026-09-04T09:04:19+09:00
GoogleNews:AI　情報検索,AI　情報検索,AI利用経験は43%、活用目的は「情報検索・ニュース把握」「学習・自己啓発」「創作・エンタメ」が上位 - Yahoo!ニュース,https://news.google.com/rss/articles/CBMijgFBVV95cUxQa2pobC1hNGNWZkh1bUk4TV8ybTRCaFphcU1DN2swZUhTRFBWRVpRS2JJbS02Q0NzWERzdndYMTNhOXp5ZmNKNllkWEpOMW1nZlV4blIzdWIyOXlUdlR4WHhxazUxUkNrWkVHXzFOdTQzbFZGMXlfOVN5elpJZmEzTGVjOGUtTXgxc2cyQ2lR?oc=5,"Thu, 02 Apr 2026 07:00:00 GMT",2026-09-04T09:04:19+09:00
GoogleNews:AI　情報検索,AI　情報検索,市場調査の「検索・整理・深掘り」をAIで効率化 - 宮崎日日新聞,https://news.google.com/rss/articles/CBMicEFVX3lxTE03ZWRPcG5zdlhvVUZrbXo4SmFMakFrbXRYZWpNOVNuQXBHWDg3bEc0OG1ZaEdKWG9tM3NvNFBVZlJaSVI0OEVFbkFNaU51M21hRHo4SkFTOXF3R0dnRERNcV9oNFFhZC02R1FoMkctNHQ?oc=5,"Fri, 07 Aug 2026 07:00:00 GMT",2026-09-04T09:04:19+09:00
GoogleNews:AI　情報検索,AI　情報検索,仮想統合データベース「Con:tegration®」に生成AIで文書管理業務の分類や検索を支援する新機能を追加 - holdings.toppan.com,https://news.google.com/rss/articles/CBMieEFVX3lxTE8ycEFrLTRJWWk3VThJZ25fRnVSdTQ3LUdhMi0wcktZdGN3Y2swcGFYYXhSR3Fydy04VGlnUEUzQmFRT2xJcmFYZkpVUkFtRllkaTJoNmpnTjNDenVoa3MyWVFjQ2g0bTVrVERtdHVGYnRSclNSUlMxSw?oc=5,"Tue, 24 Mar 2026 07:00:00 GMT",2026-09-04T09:04:19+09:00
GoogleNews:AI　情報検索,AI　情報検索,エンタープライズサーチ QuickSolution® が検索エージェントを搭載 ～ AIエージェントが社内情報を検索して回答、情報探しの負担を大幅削減 ～ | 住友電工情報システム株式会社 - Digital PR Platform,https://news.google.com/rss/articles/CBMiQ0FVX3lxTE9oYThTMF9TbS01S19vRFdUaGN4TElNUDljV0EwM3pQSHVPM01PdFJPN005SXRCeHlrSFJIZFhIVUUzaFU?oc=5,"Tue, 07 Apr 2026 04:30:28 GMT",2026-09-04T09:04:19+09:00
GoogleNews:AI　情報検索,AI　情報検索,上場企業の開示情報、AI検索サービス開始 JPXが9日から試行 - 日本経済新聞,https://news.google.com/rss/articles/CBMibEFVX3lxTFA4OTlfQlZ6SEsyemRQU0V0TE84VUd4WjVaMjJ1VDlVTGg2OUx6eEM3eHQxZEtmaEU4OGQwMVgtRlBlR0dlcG1mWFNSNzhfdXIxWDhIaEpKQzFUT2Z0cXRSajEzV1VqQkxNZWlaVQ?oc=5,"Tue, 09 Dec 2025 08:00:00 GMT",2026-09-04T09:04:19+09:00
GoogleNews:AI　情報検索,AI　情報検索,市場調査の「検索・整理・深掘り」をAIで効率化 - RBB TODAY,https://news.google.com/rss/articles/CBMifEFVX3lxTE5wQmZlWjlOcEI2b0Q2b2VpZXE3U3UzWkZDSjdZN3ZSclRfTVA0SmxPWFJpbjFFaExyOXFpZ1NJOU5VVS0tS0pEZFY4RnBGbExxNnNyUXpxNTU2cnoydDVqVlY2ckg0VTRFTGk5VTVmWDdrRW1sRmpIYm9LUTA?oc=5,"Fri, 07 Aug 2026 07:00:00 GMT",2026-09-04T09:04:19+09:00
GoogleNews:AI　情報検索,AI　情報検索,ChatGPT Atlas入門、OpenAIの「AIブラウザ」は検索体験をどう変えるのか | Moz - SEOとインバウンドマーケティングの実践情報 - Web担当者Forum,https://news.google.com/rss/articles/CBMiW0FVX3lxTE5YYU5vUXM3SHNUenh0eXZwTEE0RUVJMUZOb0VieFk4WVFlNFM5Vk1wZU53U09leTRPWm9pZndhaTRXMGViMUI5Rm5uUzZLWDZwaXFXbHNnZFI4dUk?oc=5,"Mon, 18 May 2026 07:00:00 GMT",2026-09-04T09:04:19+09:00
GoogleNews:AI　情報検索,AI　情報検索,Google検索結果からAIの応答を削除する方法 - Vietnam.vn,https://news.google.com/rss/articles/CBMiiwFBVV95cUxQcTdrRzZCSEt0dER2M2lmNFpOUEV3WFZudWp0NkljOC1RSDluUmhIa0dxa0d0dTdiQ2pRdE9Sck5JQlZlNlFHYjBZdHVhUVhXTGEwMHlDYzh0S1JnUVBXY3pwMkpzRjUyY3dNQUJ4Vk51WU9keUNpMU93YmNmSGxLOEZZNmNrZE5EYnJv?oc=5,"Thu, 28 May 2026 07:00:00 GMT",2026-09-04T09:04:19+09:00
GoogleNews:AI　情報検索,AI　情報検索,eBASEで管理するすべてのプライベートデータが、AIで“問いかけるだけ”の検索に対応！ - ASCII.jp,https://news.google.com/rss/articles/CBMiVEFVX3lxTE5Ea29sQkdTN0FMQUNJMHBLZ0tKakFzU2JpVGpfSGFDeTdINkFzdUNadkJ6WXRsdXFXckhWSG1iWTJqYUhnSTJfbG5GQ2R1NDdoNVFfUw?oc=5,"Tue, 26 May 2026 07:00:00 GMT",2026-09-04T09:04:19+09:00
GoogleNews:AI　情報検索,AI　情報検索,【調査結果】生成AI利用者の44%が「検索離れ」、半数がAI回答のみで情報取得 - シードの検索行動実態調査 - コマースピック,https://news.google.com/rss/articles/CBMiVkFVX3lxTFB4cENVVE9KOVBVaDZ2OTNFWE5NNjRpUkVuWWFWSWtDeFJnMURvTUN3NHhrRElDN2JMOGtEbFNMcVY5VEN3eEYwTWtlbzV0THFzZWRnbjRn?oc=5,"Tue, 09 Dec 2025 08:00:00 GMT",2026-09-04T09:04:19+09:00
GoogleNews:AI　情報検索,AI　情報検索,Z世代、AI検索で有効回答なしの場合75%がGoogle検索に切り替え。情報の補填は「企業の公式ホームページを見る」が最多 - ネットショップ担当者フォーラム,https://news.google.com/rss/articles/CBMiUkFVX3lxTFBQUGxmTHVuQ3daMUtNenBXeElFNHhZbm1pREhWUUY0UHliVjVOaXlDRzFTWl9PRXlqa0Z3aU9TNjN1TkJCcmtvUm9HU1FTODNhVVE?oc=5,"Wed, 19 Nov 2025 08:00:00 GMT",2026-09-04T09:04:19+09:00
GoogleNews:AI　情報検索,AI　情報検索,生成AI、情報検索で圧倒的存在感 前年比20ポイント急上昇 JTB総研調べ - 観光経済新聞,https://news.google.com/rss/articles/CBMiVEFVX3lxTE90bHdPNUl2Rm80aUhNZUpHeF9jZnFYdi05QzlvVTZmSGhSaFdQZkxGb290OXJzdmFNU045UzBkUlRsV05FVXBkUUlSM1J5Vi1JVE42QQ?oc=5,"Tue, 30 Dec 2025 08:00:00 GMT",2026-09-04T09:04:19+09:00
GoogleNews:AI　情報検索,AI　情報検索,ひふみ株式会社、JPX総研のAI開示情報検索サービス「J-LENS」（β版）に生成AIによる高度な技術支援を提供 - PR TIMES,https://news.google.com/rss/articles/CBMiakFVX3lxTE5zNDFlVkExM2EydnB5bGxFVENJY0Y1Yk5sUGJCNEt3VWY0ZzlyNkZXYm9GYXJwTEFZQlJ2akluM2laMWo2Z2Z3VTY2TkltUnJsN0p3T2doS3ZobkVXVEVMYlIzblpvYlpUSWc?oc=5,"Wed, 10 Dec 2025 08:00:00 GMT",2026-09-04T09:04:19+09:00
GoogleNews:AI　情報検索,AI　情報検索,三菱UFJ信託銀行、営業店における情報検索に生成AIアシスタントを本格導入 - デジタルクロス,https://news.google.com/rss/articles/CBMiY0FVX3lxTFA2TDdtUmxvVVlKMGZ2aEViYzA2VHIwUXg3ZzBCZE0zQldWWmxxRUNGc1JqRHJEZFRaQXl0MkdNSWwtdWVOVzVwMlg3M2RUaE90M240VG50SFNpY1U4MVRjRE5mWQ?oc=5,"Mon, 22 Sep 2025 07:00:00 GMT",2026-09-04T09:04:19+09:00
GoogleNews:AI　情報検索,AI　情報検索,【「AI検索最適化」対策方法を探る】ベースは従来のSEO、「一次情報拡充」が必須＜対策チェックリスト付＞ - 日本ネット経済新聞,https://news.google.com/rss/articles/CBMiVkFVX3lxTE1laTR3UFplcHlxelRoR0p4WmVmT0FpY1ZwLTh0MXVSSnFtWU16U2oxdkNYY2tNelA0NllzVUljaWpTY01DVVBRcHowUkhpVXNTZEFkZ0dB?oc=5,"Mon, 29 Sep 2025 23:05:41 GMT",2026-09-04T09:04:19+09:00
GoogleNews:AI　情報検索,AI　情報検索,Perplexity、AI特許検索エージェント「Perplexity Patents」を発表──自然言語で特許・技術情報を横断検索 - Ledge.ai,https://news.google.com/rss/articles/CBMic0FVX3lxTFBMeEotZXduNFVhMXhQb0pUTFFHaWI4d0xFQ2V4elM4OUM5X2FhZS16ODR5RXZnS0dBVjFKeFVmOVVKZTVuUDZRanVGQUNENE9aeTl2YVZkaGJ5NTczQk8tTXpQWnBNMzdlY1d5LWtiZG5YZzA?oc=5,"Thu, 30 Oct 2025 07:00:00 GMT",2026-09-04T09:04:19+09:00
GoogleNews:AI　情報検索,AI　情報検索,生成AIで文書検索が変わる DX統合パッケージ『eValue V Air』に「スマート検索」新登場 - Newscast.jp,https://news.google.com/rss/articles/CBMiR0FVX3lxTE1pUkk1YnhlT0tqVkNrcVdrc3BZX1lSNXY1anVMeGxnWTUyM29UbHNJa2pwRTFnQmxYZjNBczNacDNLWlZtd3V3?oc=5,"Wed, 19 Nov 2025 08:00:00 GMT",2026-09-04T09:04:19+09:00
GoogleNews:AI　情報検索,AI　情報検索,撮影、記録、情報検索、音楽がメガネ1本で完結！RokidのスマートAIグラスが日本上陸 - @DIME アットダイム,https://news.google.com/rss/articles/CBMiREFVX3lxTE1KU1J6aVh0aHluMWV3QlUwOW1oeFVwUk1DWEZaS2F1NVVQU1BCbFBvY3Ryb3VVeUtIVkJMOWpDUWlOR19i?oc=5,"Thu, 05 Mar 2026 08:00:00 GMT",2026-09-04T09:04:19+09:00
GoogleNews:AI　情報検索,AI　情報検索,住友電工情報システムのQuickSolution®、MCPによるAIエージェントの情報検索拡張 - ニュースメディアVOIX,https://news.google.com/rss/articles/CBMia0FVX3lxTE1nVHZtNUJCZVg1eXVJMzhhQzV3Y2J2TUgwYjdNZFg3OHA2ZWwyQ0N1Z3BCdnB2YXpTUWJyWGgxQV9OTU5TSnF0UnY5dzF6UXlteW5rSHMwLWJyQmZqTVF1bXlSR0dTX2t4b3R3?oc=5,"Tue, 07 Jul 2026 07:00:00 GMT",2026-09-04T09:04:19+09:00
GoogleNews:AI　情報検索,AI　情報検索,Wikipedia 検索サイトのAI概要の影響で８%の流入を失っている（10/29） - LALALA USA,https://news.google.com/rss/articles/CBMiTEFVX3lxTE9SUHNiYXJJWHhVMlFGZHZId25ZVXRCMEpKNWNKb3hmaDJYYTI1UllvZ2Q0dnNiYUkwSGZ3Mk1PdTVwQjkyeDZId0k4bTg?oc=5,"Wed, 29 Oct 2025 07:00:00 GMT",2026-09-04T09:04:19+09:00
GoogleNews:AI　情報検索,AI　情報検索,資生堂、接客用タブレットで生成AIチャットボットを活用、自然言語で商品情報を検索 - IT Leaders,https://news.google.com/rss/articles/CBMiU0FVX3lxTE8zQVV3RmpYb2xiMEdIdDNtYmdiVGVXUV9Ra1VZWS0wWFU4Z2hYWlVWeFo3N3U5ODNFYmRIRmtWRHhhLUk3LVkyVEd2TWZRR1FhQ1Z3?oc=5,"Mon, 29 Sep 2025 07:00:00 GMT",2026-09-04T09:04:19+09:00
GoogleNews:AI　情報検索,AI　情報検索,AIに「公式」と認識される企業サイトになれる？ 「ブランドTLD」にはAIOの期待も - internet.watch.impress.co.jp,https://news.google.com/rss/articles/CBMib0FVX3lxTFBaLUM4c2NmSktxQXoybUY1endfWGtxYlg4bXVja25PTXYxQW1ZYWgyTk9xUndjdDY5ZUgxcHpTc2R5NmRHRXNTX0xVaWZsYVRLTzROSDhlLW9sbjRUUUk5SHBIWDl2eTk5bnZtbGZzZw?oc=5,"Wed, 01 Jul 2026 07:00:00 GMT",2026-09-04T09:04:19+09:00
GoogleNews:AI　情報検索,AI　情報検索,Wikipedia、検索サイトのAI概要などの影響で「8％もの流入を失っている」と述べる - Gadget Gate,https://news.google.com/rss/articles/CBMiUkFVX3lxTE5wZzN0ekcxdzJ4SjFEdHkwMTJ5bDBrTHM4VThYT1hFb2dJeE54NHRBN0d3cHlsMmNHZjRGOXd1bmhONGFqV21LdTl5R2J0TzNLeEE?oc=5,"Mon, 20 Oct 2025 07:00:00 GMT",2026-09-04T09:04:19+09:00
GoogleNews:AI　情報検索,AI　情報検索,朝日・日経「AI検索が記事を無断利用」と訴え 米企業は争う姿勢 - 朝日新聞,https://news.google.com/rss/articles/CBMiZ0FVX3lxTFBQaUhZaUtDZ3BYTWs3SU1RbEpBY0xuSTBQSzIyTVJKRnhXb1Q4MTdzeDViZUh6SEhNQkloSUZ3OXoweEtYUVBpbHlOTklBV005YTlDQW9YUUk1T01CaVY1UUtEOGNNTmM?oc=5,"Thu, 14 May 2026 07:00:00 GMT",2026-09-04T09:04:19+09:00
GoogleNews:AI　情報検索,AI　情報検索,生成AI利用ユーザーの3割、「検索エンジンから生成AIへの切り替わりの度合いは半分以上」【サイバーエージェントのGEO研究組織の調査】 - ネットショップ担当者フォーラム,https://news.google.com/rss/articles/CBMiUkFVX3lxTE1NVHJzRnFYSWFxVl9zR0R3OG1nYTE0NTcxZ1UyY3JlQnpTMnc5empja1prU2RHWEFXVEJGTFE2dFlKRzhpTTJHY05DaklfMDBCdXc?oc=5,"Fri, 12 Sep 2025 07:00:00 GMT",2026-09-04T09:04:19+09:00
GoogleNews:AI　情報検索,AI　情報検索,東証、4000社開示情報のAI検索サービス 関税影響など一覧表示 - 日本経済新聞,https://news.google.com/rss/articles/CBMibEFVX3lxTE1qcmN5NDFfQzhPeVdxYkVacWdvU3ptQzJ2YjFBUDZzVldMbm1icWZDY1JhX25vSk9CTkQ1U09DN1FUTHlzaVpGNUhQUzhQZVJRMEg3aFd5TE83S2plUi1saEJSdlRCbHZJNDZOMA?oc=5,"Tue, 08 Jul 2025 07:00:00 GMT",2026-09-04T09:04:19+09:00
GoogleNews:AI　情報検索,AI　情報検索,Yahoo!検索、生成AIと対話しながら観光モデルコースを作成できる「おでかけAIアシスタント」機能を提供開始 - lycorp.co.jp,https://news.google.com/rss/articles/CBMiXEFVX3lxTE5KRkZDUi1MY2QwZ1dWd2VQRi03cnVBaWEtTHBaSjk1bVJlRDRVdGV6VGJJcTJmNGg5Q2pVRTBKOFJxSUZNdGFWQVI4VVZtOVppbTRXMFFjM1NsVF9o?oc=5,"Thu, 11 Sep 2025 07:00:00 GMT",2026-09-04T09:04:19+09:00
GoogleNews:AI　情報検索,AI　情報検索,横浜ゴムがRAGを活用した生成AIシステムを開発 タイヤ開発の意思決定を高度化：製造ITニュース - MONOist,https://news.google.com/rss/articles/CBMib0FVX3lxTE1WR0t3TGs4NE9lZ20yOVAzWmJzc0pIelNELUFYbWQwbzhIZ2ljb2VtbW4tS203S0dtT2FRVmdnU21IcC1wZUswQVluLURsM3k1MlJ2MU5TZTduLUZZeFVGTWVrS08wRHBzc0xVdjJMbw?oc=5,"Sun, 30 Aug 2026 21:45:00 GMT",2026-09-04T09:04:19+09:00
GoogleNews:AI　情報検索,AI　情報検索,生成AI頼りのネット検索に注意 Googleの条件検索で情報源を明確に - 日本経済新聞,https://news.google.com/rss/articles/CBMibEFVX3lxTE14V01pR2tFYi1hdU1DblFiSzhMVUYzdVhHQkdoSjdNVnphSWRoZm9nTExFckJuaUFveXJHaDl0bWd4d3ZWWUR1T2J4QVpoWWp1Q3MwSVNLZVNuSG1uUWFfYmtuUC1iQmotelpVYw?oc=5,"Sun, 03 Aug 2025 07:00:00 GMT",2026-09-04T09:04:19+09:00
GoogleNews:AI　情報検索,AI　情報検索,Google、音声とカメラでAI検索できる「検索Live」を提供開始 目の前にある物をリアルタイムで認識、会話で情報検索を実現 - ビジネス+IT,https://news.google.com/rss/articles/CBMiU0FVX3lxTE1ZNXVLVjRGUzFvenlXY0Z0b3hud1FtMThTV0I0SkFRMVpWa3NhclZiT2NPRjZMck9kdmIySWd5bEQxUWt3TTI1bEF0NjAxOHdiaXVN?oc=5,"Tue, 31 Mar 2026 07:00:00 GMT",2026-09-04T09:04:19+09:00
GoogleNews:AI　情報検索,AI　情報検索,AIが「読み」「選び」「引用する」：クエリ処理の全解剖 - tsuhannews.jp,https://news.google.com/rss/articles/CBMiVkFVX3lxTE10c0pVdDFxMHRWRTBtRFU5VVlyQjFHVGJhVENpOTFDS3dQNjhVWXNOakVOY0lGdkVhMVY5cVh2T01OYy1TNUU3eHNFQU43czFlVVNjdkVn?oc=5,"Tue, 26 May 2026 07:00:00 GMT",2026-09-04T09:04:19+09:00
GoogleNews:AI　情報検索,AI　情報検索,【調査リリース】Ahrefs（エイチレフス）、日本国内における AI 検索エンジンの引用元を徹底分析：ChatGPT は Reddit 重視、AI モードは YouTube 重視など明確な違いが判明 - PR TIMES,https://news.google.com/rss/articles/CBMiakFVX3lxTFAydU9MRFQ0SklpSloycnpUdVFOXzFyNWdEd2Ntd3Jmc0RENVFjOXhDSDNwWjZuSTRFZHVjZ2xOV3IwS29HZ1dqMkJtOEE0OXRwQ0RtRXRvUkJKczFmZUhSLTNMWnhFc3YxVFE?oc=5,"Wed, 22 Oct 2025 07:00:00 GMT",2026-09-04T09:04:19+09:00
GoogleNews:AI　情報検索,AI　情報検索,グーグル「AIモード」始動、検索の未来はどう変わるか？ 対話型で情報提供、支配力維持へ一手（小久保重信） - エキスパート - Yahoo!ニュース,https://news.google.com/rss/articles/CBMiiAFBVV95cUxPMlhVUy03Z0t3QnJoNkc0NTVKbWxROG9hWkphSzdaaGpYOUhyME1FZkQ0Ymx2MFFDN2ZlSC1BRGw4Vkl6a0o5bFZjVTZRTXkzOTJmZzQ1a2loUldDUVFlQktoUzdKN3M5dFJkS25KQTludDNmbVhfcWw2RlFkamZYZm9VOEozYW1p?oc=5,"Sun, 27 Jul 2025 07:00:00 GMT",2026-09-04T09:04:19+09:00
GoogleNews:AI　情報検索,AI　情報検索,ブリタニカ百科事典、AI検索エンジンPerplexityを著作権・商標権侵害で提訴 - innovaTopia,https://news.google.com/rss/articles/CBMiUkFVX3lxTE5wMy1tNnVQUTd6SmdrVE15UTRMU212SDZXN0hDRFZtWUFkWnBucTB3ZlJsNmRGNnNFTkJpUlgwLWppS2xjYWFDa3Nsb1BpM2IxLXc?oc=5,"Sat, 13 Sep 2025 07:00:00 GMT",2026-09-04T09:04:19+09:00
GoogleNews:AI　情報検索,AI　情報検索,Yahoo! JAPAN、PC版トップでAIアシスタント機能の提供を開始 会話形式で情報検索が可能に：commercezine - MarkeZine,https://news.google.com/rss/articles/CBMiT0FVX3lxTE1oMVBMRDlXc0tERGJDa1BlUGI3Q0dOMHRVVHVBN2hyTjdkR1NjUGRrckxMNm9RYmlCZlpOOUxWTjJUaS1TTWtlaEotX1NxeEU?oc=5,"Mon, 22 Sep 2025 07:00:00 GMT",2026-09-04T09:04:19+09:00
GoogleNews:SNS　買い物,SNS　買い物,人生最大の買い物なのに……なぜSNSで中古マンションを買う人が増えているのか（1/5 ページ） - ITmedia,https://news.google.com/rss/articles/CBMickFVX3lxTFBlTk9xQ0JWRXdpVXE3NFJMd1RRNUc0aTlleGh3dTRfV1h6ek9paVFVbmltbXdYX0dkWFRpS1BsZ29ycDVITWFLNlpIU2d3bUo0aW41QjU1MUlEeVRGN0tHaEVOVmJGOWRCUFhzUThTMDkzUQ?oc=5,"Thu, 23 Jul 2026 07:00:00 GMT",2026-09-04T09:04:21+09:00
GoogleNews:SNS　買い物,SNS　買い物,「武器輸出にNO」 母の日に大企業商品買い控え SNSで拡散 - 毎日新聞,https://news.google.com/rss/articles/CBMiaEFVX3lxTE80R191RVhYOW9BajJ1RFBldGkxZ2NxOHlETHlZMThneGhJMW1tejY2RHlaX0QzUFhJdExvRkt0SVQzRVN4LWNmYkpPMFVRLVFoa0FraTVzQXA4SGNKNlFyRjdwVFZCT081?oc=5,"Sat, 09 May 2026 07:00:00 GMT",2026-09-04T09:04:21+09:00
GoogleNews:SNS　買い物,SNS　買い物,Z世代の買い物の起点、SNS4媒体の合計45.2%が検索エンジン33.6%を逆転。「#PRがつくと参考にしない」はわず - ニコニコニュース,https://news.google.com/rss/articles/CBMiVEFVX3lxTE1VeFdEaTBORnM5cnZjcmsyLWhKbWxiTVVScGIzN19DLUp4X0Nma2hXYWMxOVNaS2lTYmFzanY0S3p4cVZHRVV2dmZDWjNVdV9ld0ZweQ?oc=5,"Tue, 18 Aug 2026 07:00:00 GMT",2026-09-04T09:04:21+09:00
GoogleNews:SNS　買い物,SNS　買い物,Yahoo!ショッピング、SNSを通じて誰でも気軽に始められる「Yahoo!ショッピングアフィリエイト」の提供を開始 - lycorp.co.jp,https://news.google.com/rss/articles/CBMiXEFVX3lxTFBkQWZKZVBxdjd6VkpOdGFRZzZqWk1jSG1HV0dMSDRQUTVQX2hIQXpMQlk5MU1CN2dfQUtpSnRnejhFX1FKU3FxbjBVTGQyd0lfekZVaVo4emIwUDJM?oc=5,"Mon, 26 Jan 2026 08:00:00 GMT",2026-09-04T09:04:21+09:00
GoogleNews:SNS　買い物,SNS　買い物,Yahoo!ショッピングでSNSを活用した新機能「Yahoo!ショッピングアフィリエイト」 - ケータイ Watch,https://news.google.com/rss/articles/CBMiZ0FVX3lxTE50dzFZdGN3RzcyT1hBY3BHdGJxYlZ4Y09fak1GMndsUlh3a2J2MHFXVnFuMko3UGhXVzBQVzJsbWhIUElwelZxaE16bG1xOWNsNVg4Qm9HVThJYUlRRjZfZFhhWUtKTms?oc=5,"Mon, 26 Jan 2026 08:00:00 GMT",2026-09-04T09:04:21+09:00
GoogleNews:SNS　買い物,SNS　買い物,ヴィレヴァンSNSフォローでお得にお買い物しちゃぉぅぜ！！ - ヴィレッジヴァンガード,https://news.google.com/rss/articles/CBMiWEFVX3lxTFBjTV9uUnpBakZtODY0UDRYSHZUODRpTi05bzJob0ltR196V3lMMnQ4cWp4dXRmekRMNmJTbVlxY3dnVHBWVl9OUFVrb0lXdUp3NUhHeG5RSXk?oc=5,"Thu, 25 Dec 2025 17:34:07 GMT",2026-09-04T09:04:21+09:00
GoogleNews:SNS　買い物,SNS　買い物,Yahoo!ショッピング、アフィリエイトサービス提供 SNSで誰でも手軽に報酬獲得できる - 日本ネット経済新聞,https://news.google.com/rss/articles/CBMiVkFVX3lxTE1rNE5NTEwzUkdiZ1NuemtwSUhuUzRBYTBuY3dtZmRGSlU3Y3BTbTZoNUc4clItN0Q4dDhfUjlYQ3U5Q3Jmam1vOFpybm5UMHM1UC1lR3Vn?oc=5,"Tue, 27 Jan 2026 04:02:22 GMT",2026-09-04T09:04:21+09:00
GoogleNews:SNS　買い物,SNS　買い物,ノース・ウェスト12歳、顔ピアス風メイク＆ド派手ウィッグで買い物へ「大人びすぎ」SNSで賛否 - ellegirl.jp,https://news.google.com/rss/articles/CBMiiAFBVV95cUxOMzdLeUpKLVFVQ2s4aEswSVZaQ01HWlo1ZjNDY1Q4SUF3clJmZzQ5dVV5RDZBSDV5OTE5bjczYS1NS3dZblBnT2pSRVJWNU9nOHo1VlY0MmZfZkZNZWg5cTlUMjdTcDFmdlZKUmdlT1VZQjJoQWc2OGd2RlJFTWhLVnQ2cWJuQ0NB?oc=5,"Thu, 19 Feb 2026 08:00:00 GMT",2026-09-04T09:04:21+09:00
GoogleNews:SNS　買い物,SNS　買い物,7人家族・辻希美、コストコで“爆買い” 買い物シーンにSNS「気持ちいい！」「どんどんカゴに入ってく」 - オリコンニュース,https://news.google.com/rss/articles/CBMiVkFVX3lxTE9BamhtdUdxdE1pemhweUdRTVJ0SHhHZE93TGMwekthc25nNmhHTmNxSi1YUVJwYmxoZzRsMk84cVBuanZMTnIzTDZUZ01wQlE1QTU1MFdn?oc=5,"Tue, 19 May 2026 07:00:00 GMT",2026-09-04T09:04:21+09:00
GoogleNews:SNS　買い物,SNS　買い物,CookGo／SNSで見たレシピ、もう探さない。AIレシピアプリ「CookGo」、新たに「献立自動作成」「買い物リスト」機能を追加 - Newscast.jp,https://news.google.com/rss/articles/CBMiR0FVX3lxTFA1cUpLaVZUOWdlNVdpM2dSVnFUTkVhVFFGNkE4X21YVXdNNTRLLU5EcVJBRlcwWGZ6NC15M3h3YVZVcF9hQzdR?oc=5,"Thu, 14 May 2026 07:00:00 GMT",2026-09-04T09:04:21+09:00
GoogleNews:SNS　買い物,SNS　買い物,Faker「間違えて買いました」―“なにか深い意味が？”とSNSで話題を呼んだ「謎の買い物」、ミスだったことを正直に告白【LCK】 - FISTBUMP,https://news.google.com/rss/articles/CBMiY0FVX3lxTFBZbldKRWpfT0x3NUNsZU1xQkl4Wm1YQmdKUjgxbU9FSzJpRF9ZN2pLNFE0Q00xYWxtZjJUbUpBM2ZHSkQ4cU5iLUlybERkUXZVenlZSjZDckFMMTZOejVXR3hzUQ?oc=5,"Mon, 02 Feb 2026 08:00:00 GMT",2026-09-04T09:04:21+09:00
GoogleNews:SNS　買い物,SNS　買い物,【コストコ】遂にコストコが店内撮影OKに！SNSへの掲載も歓迎（コストコ好き主婦 みんご） - エキスパート - Yahoo!ニュース,https://news.google.com/rss/articles/CBMiiAFBVV95cUxOeXpLd1ZLUlFDQ2plSWRDdUw0ZVdUZXhFdlZOcENId05TWW56RThhaEJGakczOG5FWlY4SFUwR09HTnQzcU5kVFlOcFU4ai0xWHdSUWlPZmRTeC1BaWxkZkI4NlQ2bEQ5X0ZFTnVwQi1zVEk4dzY2M3VKa2RaVHBPUXRfa0cyM3g0?oc=5,"Tue, 06 Jan 2026 08:00:00 GMT",2026-09-04T09:04:21+09:00
GoogleNews:SNS　買い物,SNS　買い物,ショッピングモールを現実版バトルロイヤルのフィールドにするARゲームが中国SNSで注目されている - GIGAZINE,https://news.google.com/rss/articles/CBMicEFVX3lxTE1UcVpNTWlEQnVtVl81b0l6MVY5aWdSVUFaX3Yxc0V0N1FvYU9zdFdmV09xc3dYTGVFODgyWlBoWXZ0bzlQczJSSDFrNUU0RjNXQ1VBb1QzTEhfSWpGUk14VHVybWtJS0pmR1dPRHZUX2c?oc=5,"Wed, 06 May 2026 07:00:00 GMT",2026-09-04T09:04:21+09:00
GoogleNews:SNS　買い物,SNS　買い物,物価高×情報過多で、子育て世帯の買い物は「二段構え」に。SNSで絞り、リアルで決める新しい購買行動。体験後、約9割が購 - ニコニコニュース,https://news.google.com/rss/articles/CBMiaEFVX3lxTE5FRlhyaVY4TWpPOXJBR0RodmdiUXh4dldiNGtZV1ljLTM0VDV3LUJCQW5ORk1mSG1uVDYzMzNURUxZWHNvMFBHY2NZUzMwazNKODJxSEgzUmxkZjVsTkFDQVc4dVYzZUpF?oc=5,"Thu, 20 Aug 2026 07:00:00 GMT",2026-09-04T09:04:21+09:00
GoogleNews:SNS　買い物,SNS　買い物,【みついショッピングパーク キッズクラブ】“かわいい×ミステリー”SNSで話題『うそ探偵トマント』公式キャラクターに就任！ - PR TIMES,https://news.google.com/rss/articles/CBMiakFVX3lxTE1rcGNCeDJ3dU5jQ3NlSTFmeXR4RGJRcEIwOHdXX0ZSbjJQZHJBTDlUdVltaGtab0tyb1VUajNjTmhjVnNsTE91cUtZZE9WR1pJS0ZRaXhxS2RHMUtrMzFuWENWREpPbHJnbkE?oc=5,"Wed, 01 Oct 2025 07:00:00 GMT",2026-09-04T09:04:21+09:00
GoogleNews:SNS　買い物,SNS　買い物,LINEヤフー、「Yahoo!ショッピングアフィリエイト」を刷新。SNS経由の集客・取扱高拡大を促進 - ネットショップ担当者フォーラム,https://news.google.com/rss/articles/CBMiXEFVX3lxTE1taTkzdGZDNkVOVUJzX0FidlA1a3dQd1pwMVA4eGtNZ291blQwa2VhWFZJSWUtQVFiOTEzemxfRFRvYnUzcVhjODZtZkdVSzlGNjJsaGwwd2xNWHNm?oc=5,"Wed, 28 Jan 2026 08:00:00 GMT",2026-09-04T09:04:21+09:00
GoogleNews:SNS　買い物,SNS　買い物,ヘブンに買い物を頼まれたトキ、その奮闘にＳＮＳ爆笑「完全にモノボケ」 - lmaga.jp,https://news.google.com/rss/articles/CBMiU0FVX3lxTE5lRktjYlVsYUJhRDBMTUVrQXUtelFuNEdZWGJ4ZzVscUVqbTdhM1k0eHhEZENoWkx6R3JnWVFvN3hDLVhVVmN5MmVhYzNZbVgyZWNz?oc=5,"Mon, 17 Nov 2025 08:00:00 GMT",2026-09-04T09:04:21+09:00
GoogleNews:SNS　買い物,SNS　買い物,SNSきっかけの買い物、「インフルエンサーから影響」が最多に 20代の6割近くは「商品知って1週間以内に購入」 - AMP[アンプ],https://news.google.com/rss/articles/CBMiXkFVX3lxTE5DRW40OVRvb1V2ZHRhaXZQa2YtNlZEZmZQZXNzTUJDMGg0N0E4d1dBam1CRi1JLVlJbzlhSUY1LWpUTHBhMmFyUkU1QkVvbjhTZkZYMWEzUUZUVmZZekE?oc=5,"Wed, 20 Aug 2025 07:00:00 GMT",2026-09-04T09:04:21+09:00
GoogleNews:SNS　買い物,SNS　買い物,Z世代の「買い物は投票」ってどういう意味？ SNSを駆使した購買行動 - 朝日新聞 Business Hub,https://news.google.com/rss/articles/CBMiWkFVX3lxTE8tZXBadDRDR1hTNEVxc2xHWlVEckhZRloxTEVkOGlrMmdKX3VMN2VZNW9LeElqeFJUOXF4R1NMLTRHQ3dCclVCYUVycUNMNEtpeUpxQlMyOHBOZw?oc=5,"Wed, 09 Aug 2023 07:00:00 GMT",2026-09-04T09:04:21+09:00
GoogleNews:SNS　買い物,SNS　買い物,SNSやショッピングサイトの不正ログインに関する相談が増加中！ IPAが注意喚起 - internet.watch.impress.co.jp,https://news.google.com/rss/articles/CBMia0FVX3lxTE13TUNibFl2Ul9hb092RVdKZ3FtSS1oa0F2NVJ6TVJsQVZ2ZHVzQUsyUVl4MzJBdVBsSkxpZUh6YldPYzlPTFd3NUUwa0tqOG9aejQ1WjlKQ2FOV3VxRGtXZFhlVUI2aG1JVnFz?oc=5,"Fri, 29 Aug 2025 07:00:00 GMT",2026-09-04T09:04:21+09:00
GoogleNews:SNS　買い物,SNS　買い物,「deleteC大作戦2026 inサミット」～サミットでのお買い物で、がんを治せる病気に！～ - PR TIMES,https://news.google.com/rss/articles/CBMiakFVX3lxTFA4dXdpUVZMSk1HNUZqVWsxcVRUbFNjNGRUcmxsZ2NsYXJoQ2l4WUdFY09PdnlMWUxZYzVCcXoyNklGUlRHQlRIdVJ5OXQweEtXU1R4NUl6LUlQZGVqR3JhZ2NvaDFzMHV0ZGc?oc=5,"Tue, 01 Sep 2026 01:00:03 GMT",2026-09-04T09:04:21+09:00
GoogleNews:SNS　買い物,SNS　買い物,"SNSで大人気""べじまる""の「レジカゴぴったり」ショッピングバッグが登場！ - （株）Gakken公式ブログ",https://news.google.com/rss/articles/CBMiXEFVX3lxTE5Ba1Bnb29mdy1wQ0s2WERnaTdaTktPSURKWnQwbE1PUnV3MXkwcm5qZEpHT1c4UU55SFZjemRLWnVfNXphN1djVWxvQ1Z6TEtlNmlBa2tHSFR1cE1C?oc=5,"Thu, 13 Mar 2025 07:00:00 GMT",2026-09-04T09:04:21+09:00
GoogleNews:SNS　買い物,SNS　買い物,"SNS で大人気""べじまる""の「レジカゴぴったり」ショッピングバッグが発売！ - （株）Gakken公式ブログ",https://news.google.com/rss/articles/CBMiXEFVX3lxTE9qcmRPQVV5M1htMTZIRllBVDMwLTh5Vl9vZFJOVmxQMkxxaklPU2ltNzJtTDVfWk8zVGNGdFA2ejRQcHY1cmFXV2tFNWI0S2t0bmx6WlJCZXR6Y0lQ?oc=5,"Fri, 04 Apr 2025 07:00:00 GMT",2026-09-04T09:04:21+09:00
GoogleNews:SNS　買い物,SNS　買い物,買い物メディア「your SELECT.」公式SNSのショート動画が累計1億回再生を突破！本格運用開始から1年で総フォロワー数も13万超 | 株式会社キュービックのプレスリリース - PR TIMES,https://news.google.com/rss/articles/CBMiakFVX3lxTE5hNkNHYk9oeFBhSjZXTTlyNktQQzA3MmdKSzk3WE9vTlctcXpDb0FTVUhBZEowb0JLTkZtbEY5OF83ZTlQdHFOenV0elkxZDd5aWVtTjBVMUpkaGJjeTlfU3B4Z25HX0RaSVE?oc=5,"Tue, 03 Sep 2024 07:00:00 GMT",2026-09-04T09:04:21+09:00
GoogleNews:SNS　買い物,SNS　買い物,「スマートフォンメディア＆おでかけ 定点調査2025」可処分時間の奪い合いは継続、おでかけに検索エンジン、買い物にポイントが影響 - PR TIMES,https://news.google.com/rss/articles/CBMiakFVX3lxTE1QRW5iZHZHVS0tVHlhU1E0RzRBOWI4VFJGOEF6UXBOZWpZemRQX0VUUUN2Vzg0RE5iRHY4cGFyNU9ZdFZud2g3dXhScXpLLVFDVUd2SERSR3ludlJTMURZcnRVZm00SVJBamc?oc=5,"Thu, 07 Aug 2025 07:00:00 GMT",2026-09-04T09:04:21+09:00
GoogleNews:SNS　買い物,SNS　買い物,オンラインAI 接客×SNSチャットでECの買い物体験が向上 Appier (エイピア) とピアラが手がけるサービスとは？ - ECのミカタ,https://news.google.com/rss/articles/CBMiVkFVX3lxTFBSaXlpU191cklKZER5bzhZT292MDBISVR5MWxpdEhPV2xpUWVWYm5teEpYWGxVbHFoMXZybktCZnNWM0ZSTzQ3bjFINW5XeVBMYnFkMlRR?oc=5,"Wed, 10 Aug 2022 07:00:00 GMT",2026-09-04T09:04:21+09:00
GoogleNews:SNS　買い物,SNS　買い物,「絶対失敗したくない」大学生の買い物はSNS至上主義「公式信頼できない」 - koukouseishinbun.jp,https://news.google.com/rss/articles/CBMiW0FVX3lxTFBDeEgtNFprd3k4NjJRcWRQdlo4YVZhZGNuRHRtNnh5QUNWMmthSm9MYmpNRUtUbXpGazI2TjRibkdGUXRkUGN0QjhqSE5KYTVISW5ZLWJyZ3ZLaHc?oc=5,"Thu, 09 Jun 2022 07:00:00 GMT",2026-09-04T09:04:21+09:00
GoogleNews:SNS　買い物,SNS　買い物,スーパー利用者9万人に聞いたお買い物に関する調査 - 株式会社ロイヤリティマーケティング,https://news.google.com/rss/articles/CBMiTkFVX3lxTE5oV3cxYmdxbHFJckp1TXJwS0NBSUFQVGhOd1lCYXdYYzZNRmZTVGFDbGtaTTBBOXNPeEhxSDZmaXJENjN0dkZSOWdHSTJ5dw?oc=5,"Wed, 31 Aug 2022 07:00:00 GMT",2026-09-04T09:04:21+09:00
GoogleNews:SNS　買い物,SNS　買い物,【Z世代の買い物事情】InstagramなどのSNSをきっかけに購買…？ - LIMO | くらしとお金の経済メディア,https://news.google.com/rss/articles/CBMiVkFVX3lxTE51ekd2bE9DdDF0R3JOczctX28xVzZTdE5DSTlvbm5ISGxkQ1B3RVJWcjZScUNySlFKY1pla3dvM01temVoZy1yeWtRdlhSeENoS1d1ZFdn?oc=5,"Sat, 08 Mar 2025 08:00:00 GMT",2026-09-04T09:04:21+09:00
GoogleNews:SNS　買い物,SNS　買い物,“水着姿が話題” 辻󠄀希美(39)の長女・希空(18) へそピアス姿で家族ハワイ旅行を満喫「買い物楽しすぎてやばい」 - ABEMA,https://news.google.com/rss/articles/CBMiXEFVX3lxTE5MdW9MY0FYUHNvejJ3RVBmZ0l0X21PQThhZEhwWjB1SVowTTJYM2oxNVNZQVVRUm5xcXliRDZibWZDaHFEZHdOMzdiR3M2Uk1COExPcTRQcGZkSm1F?oc=5,"Mon, 31 Aug 2026 06:59:51 GMT",2026-09-04T09:04:21+09:00
GoogleNews:SNS　買い物,SNS　買い物,悪質なショッピングサイトやSNSを利用した詐欺にご注意ください - PayPay,https://news.google.com/rss/articles/CBMiVEFVX3lxTFAyclBWUTk4Nm1ITFZidkhrNUVKWTFfZFdoOXFMako1aC1UME9Ib2U3Njk5b3BWY1pYcFBTUGNDNzJIRy1qZ1ZYR3FmNUV1SG1Fc2U4Qw?oc=5,"Mon, 16 Dec 2024 08:00:00 GMT",2026-09-04T09:04:21+09:00
GoogleNews:SNS　買い物,SNS　買い物,“広々とした自宅が話題”工藤静香(56) スーパーで買い物する貴重な姿に反響「しーちゃんがスーパーに!?」「遭遇したかった」 - ABEMA,https://news.google.com/rss/articles/CBMiXEFVX3lxTE9IMWVjMUJHSFVuX2NyRVIxcFE2VGxuOW1yaVllM29ncTJPY2hUZEloT0J6QUNKUnAyUEZqTXZyM2M2eThIMlRvZXZyZ3VKdEZyNDl4U3RBX0ktNHdi?oc=5,"Mon, 31 Aug 2026 13:24:26 GMT",2026-09-04T09:04:21+09:00
GoogleNews:SNS　買い物,SNS　買い物,SNS投稿・拡散や買い物をしてがん治療研究を応援する「#deleteC大作戦」開始！ - straightpress.jp,https://news.google.com/rss/articles/CBMiU0FVX3lxTE1abEpUUkVBWW5BUUliSGRlaDNhSXVGSEQ3YnY4LWdBV3dCY3U3Wjhvb01tYmNjQmplRzNONEpvZzU5dzdnaWdjYXNOZDBDOUlnSUM0?oc=5,"Wed, 28 Aug 2024 07:00:00 GMT",2026-09-04T09:04:21+09:00
GoogleNews:SNS　買い物,SNS　買い物,スマホの縦スクロールで欲しいものがすぐ見つかる！楽天がSNS感覚でショッピングを楽しめる「楽天ラクヨコ」をスタート - DXマガジン,https://news.google.com/rss/articles/CBMiTEFVX3lxTE9ocHpzQUwxSU96UTd4TXRxUU5sX0hxTUc3Q1ZjaGZ0bVNlN2E2dVJIZV85SDFNeUF3dFNNTGJpTEg1eGo2YXUxWEJsWGk?oc=5,"Thu, 27 Aug 2026 08:48:23 GMT",2026-09-04T09:04:21+09:00
GoogleNews:SNS　買い物,SNS　買い物,【ＳＮＳ特報班】買い物や自治会 影響懸念 「縮小社会」読者の声 - 宮崎日日新聞,https://news.google.com/rss/articles/CBMicEFVX3lxTFBKNWp6NDZFLWdTTUpvRTJOYmEtZ2pTUFU0YWEyZ3dzWjVPZkRmSElGUmdkZHhhSWR0ZkhzUXpxWUt2QVBlUE1HcGpWdndoWWZoMmpTMXVyejExa2FEX2VYNDU3czVhdlhlQVJqLU9hZmU?oc=5,"Wed, 17 Apr 2024 07:00:00 GMT",2026-09-04T09:04:21+09:00
GoogleNews:SNS　買い物,SNS　買い物,買い物メディア「your SELECT.」公式SNSでの動画総再生数1億回突破を記念して紹介したアイテムの中から、いいね数が多かったアイテムBest5をプレゼント！ - PR TIMES,https://news.google.com/rss/articles/CBMiakFVX3lxTFBUWVZ2b2hIcGMwdW9jaVRyY2s3ZFk5ZUhPVnFmdGRvN25WM2lLWUFxTEhKaWtSNnUxNWJGM3o3UmQ0Y1diZHFGWUF4TXI0ckExVWxteTc1NW54bUg0bUxGWWl2RVlTTjVOQmc?oc=5,"Tue, 03 Dec 2024 08:00:00 GMT",2026-09-04T09:04:21+09:00
GoogleNews:SNS　買い物,SNS　買い物,「顔むくんでる？」ノース・ウェスト13歳、SNSで容姿＆体型批判される「太りすぎ」「甘やかされた結果」 - ellegirl.jp,https://news.google.com/rss/articles/CBMifEFVX3lxTE5PaVZYdVh2OHh2Uzd4dlI2RjVPNlV6WVBmUDQ4Z3lSUmwyaklrVHhmNU5PdjB6MTdIcnBhelNUYk1TaUdfRVZ4VS0wYTJyRW9mSEZ2dVV1SmVCSzhJMlJQR04xV2lHOVhGZXR3ejhBYkZITk9RWl9jNzlTUXI?oc=5,"Tue, 21 Jul 2026 07:00:00 GMT",2026-09-04T09:04:21+09:00
GoogleNews:SNS　買い物,SNS　買い物,手にはシャネルの高級バッグ 五輪メダリストがオフショット投稿「いいお買い物ができたよ～！」 ＳＮＳ「コーデすごく似合ってる」 - デイリースポーツ,https://news.google.com/rss/articles/CBMia0FVX3lxTFBOMzRFZUlYU3ZwTFZQXzFva2NUTGNYdjA4YWEtX0l3ay1fNHZOb01Zdl9yaElhSmxab2FqSkd2SEZNWlhVUHNkd1oxWHNHUV9ualNUUGdoaHFjVzB1bnNxUW04MmJ0UEpaT2hn?oc=5,"Sat, 13 Jun 2026 07:00:00 GMT",2026-09-04T09:04:21+09:00
GoogleNews:SNS　買い物,SNS　買い物,「買い物しない金曜日」がSNSで拡散。2月28日限定の不買運動でアメリカの消費者が求めるものとは - ハフポスト,https://news.google.com/rss/articles/CBMieEFVX3lxTE1pa1FrWVRQQy1vVXFPMEoyZVVxZkZPWU42OG0tSXJFQ3pvU1BZWXppeGNROHV4a1hmc0ZSYTNhMGIteTBQdjNiT0ttVlFReU9rVFQ2MElRdVJaY3FRbHJ3YUc5Skg1eE14SVZKS1ZvcmR2d0V1cU1iSQ?oc=5,"Fri, 28 Feb 2025 08:00:00 GMT",2026-09-04T09:04:21+09:00
GoogleNews:SNS　買い物,SNS　買い物,"いいね！で買い物ができるSNS『Pocolo（ポコロ）』が、YouTuberの""JJコンビ""や""関根りさ""参画のVC『iFund』と資本業務提携。""お金で買えない体験""をいいね！で買える新機能リリース - PR TIMES",https://news.google.com/rss/articles/CBMiakFVX3lxTE5xY0tndG9SN2FHWTUxUUZUdG5RYTdiRV9mbWVPTTRxeTlsZ1VXWllrQzRWTDk1eW5wVnNFSzBvTHQwM0JlOTR2elEySXZVZWEzeG9Id0VTSnNxNmpKcVFyVFZNaG5SeTh2SUE?oc=5,"Mon, 30 Nov 2020 08:00:00 GMT",2026-09-04T09:04:21+09:00
GoogleNews:SNS　買い物,SNS　買い物,買い物、SNS、アルコール…依存症の人々を描くマンガ「満タサレズ、止メラレズ」がドラマ化 - ナタリー,https://news.google.com/rss/articles/CBMiS0FVX3lxTFAzclVrRVZXdTJaN0lvZFI3ZnZrQjBxR21faFNBY0p6eGVwdjMzTzAzV3pTYWJFUGc1OTRlVHU5amxua2ZZWHFhU0tzVQ?oc=5,"Tue, 30 Apr 2024 07:00:00 GMT",2026-09-04T09:04:21+09:00
GoogleNews:SNS　買い物,SNS　買い物,筧美和子→買い物依存症、鈴木ゆうか→SNS依存症 『満タサレズ、止メラレズ』でW主演 - ENCOUNT,https://news.google.com/rss/articles/CBMiT0FVX3lxTE5VeGtRLUVybGw0VHFmWm4wODBrdkZVa21LLU1oLVV2QlhGdVZvdVpQNktTSWJDXzZQRGY0ckRpN3ZoUEx4Vkh1ZElpSWNTR0k?oc=5,"Tue, 30 Apr 2024 07:00:00 GMT",2026-09-04T09:04:21+09:00
GoogleNews:SNS　買い物,SNS　買い物,取引手数料完全無料SNSとショッピングの複合アプリ「売買（Buy Buy）」をリリース - PR TIMES,https://news.google.com/rss/articles/CBMiakFVX3lxTE1aZkFVczBvMUJuWVhlSGRGeE5BWnoxa3FmSDIzNU15MDg2SUFCTTJWZThkc3E3WmFYRUItd0xXMjZMSEFoQlJFX1U4Q3htY0xXNV9xZVdPRnJldHFVeTAzQU0zS2R0UjFrOGc?oc=5,"Thu, 17 Dec 2020 08:00:00 GMT",2026-09-04T09:04:21+09:00
GoogleNews:SNS　買い物,SNS　買い物,販売開始も速攻完売！楽天市場のショッピングSNS「ROOM」のオフィシャルユーザーyukikoさんと、All Right Leatherがコラボした「2wayレザーワンハンドルミニバッグ」が大好評です - PR TIMES,https://news.google.com/rss/articles/CBMiakFVX3lxTE1DM2lULXlBMk82QkZ5Rk5tQUFWVFAwWmdWT0RiZGJVLUJ6ZEFlOVV4M0hLdDdFYWtpZV9zdzBWR21mMlo3M0JIb2tCNHZWMUNfb0QtTVNpVGFJeGFtSjg4Mm5MdFFxWHhuMGc?oc=5,"Thu, 09 Mar 2023 08:00:00 GMT",2026-09-04T09:04:21+09:00
GoogleNews:SNS　買い物,SNS　買い物,【ローリーズファーム】SNSでバズった「ボリュームローファー」をGET！6600円で買える最旬スニーファー／webなつおのお買い物 - lee.hpplus.jp,https://news.google.com/rss/articles/CBMiTkFVX3lxTE04bkF6OXVwQVEtUFJqaXdrTFJkdFFTY3o1Q0NTUWM3eTlYQXU4aVJQWlFRU2p6ZE53N2QyTHU2dmYyTlpzbFQ5SkdlRDN2UQ?oc=5,"Sat, 30 May 2026 07:00:00 GMT",2026-09-04T09:04:21+09:00
GoogleNews:SNS　買い物,SNS　買い物,西友が24時間営業を継続 SNSで買い物分散呼びかけ - テレ朝NEWS,https://news.google.com/rss/articles/CBMickFVX3lxTFBTLWVOTW9qZUY4Y1FGcUJicVVhdzNjb05sazB4ZHRIRlA2c2ZRck1ZdWtzUkhob2NLaG0xSHlBQ3RnZFE5U3hiY2pvQmlmNm9mNGVMSndGSkN1dkIteXV3YWI4Z1RaVVBaaTdjbmlhbDljdw?oc=5,"Sat, 11 Apr 2020 07:00:00 GMT",2026-09-04T09:04:21+09:00
GoogleNews:SNS　買い物,SNS　買い物,"最悪の場合""ジャックナイフ""も!? 自転車のハンドルに荷物をかけたら青切符の対象に!? SNSでは「怪我してからじゃ遅いんだし、むしろ賛成！」「近所に買い物行くときもダメなの？ すごい不便」と意見対立 - くるまのニュース",https://news.google.com/rss/articles/CBMiS0FVX3lxTFBacWhvcWxwSXF2UERxS3cybGNHWEpUaHZfTHhUaURzdHN5d0NGNXFIa3ZOVVZEeE1zZXpNNk9zZ0xvRDFiNTVQdXpzWQ?oc=5,"Wed, 10 Jun 2026 07:00:00 GMT",2026-09-04T09:04:21+09:00
GoogleNews:SNS　買い物,SNS　買い物,「グッチ」や「プラダ」が協力 ゲームとSNSとショッピングが一体化したスタイリングゲームアプリ「ドレスト」とは - WWDJAPAN,https://news.google.com/rss/articles/CBMiUkFVX3lxTE5kdThmcDZiN2N6RXRkMnlpUTZjSGJBZ19XbGQ3NEczWEk2QTdGeEhGS1FOUlhSNXJEOWVLcURnYVZOblpmTC11aGNqc2I4TXAzSFE?oc=5,"Mon, 14 Oct 2019 07:00:00 GMT",2026-09-04T09:04:21+09:00
GoogleNews:SNS　買い物,SNS　買い物,SNSで話題。予約困難な「ラグ作り体験」が超楽しかった♡【おしゃれプロのお買い物日記】 - CanCam.jp,https://news.google.com/rss/articles/CBMiSkFVX3lxTE5mZ19HZTZJTE9RVkhVS1FhclEtMklkRzNLQW8wdk51UzV2N1Y3QmZpU1Y0emFBRjRzWkJZTUMtY2tSaFhqczc3eWJ3?oc=5,"Sun, 27 Mar 2022 07:00:00 GMT",2026-09-04T09:04:21+09:00
GoogleNews:SNS　買い物,SNS　買い物,SNSでも大人気！「RosyMonster」のアニマルブローチにうっとり！【おしゃれプロのお買い物日記】 - CanCam.jp,https://news.google.com/rss/articles/CBMiSkFVX3lxTFBTc2JhNlBMaTZ0bmVwalNKQUpYZUg4X3psQUVjbjJHVW9vaDVtRzgwNnd4LXNoVWdIY1VkQ25sMnVUTGUxRmo4dS1n?oc=5,"Mon, 19 Dec 2022 08:00:00 GMT",2026-09-04T09:04:21+09:00
GoogleNews:SNS　買い物,SNS　買い物,SNSで話題「THINK FUR」のコートは伊勢丹限定カラーが推し♡【おしゃれプロのお買い物日記】 - CanCam.jp,https://news.google.com/rss/articles/CBMiSkFVX3lxTE9UcHh3VEFUdWtwc05JWDVtZGU3dGs3ZU9maVJuZ0EybzBYUHRIVURaZEROSGFOTUQzclM2d2U1ZUFPOVBTVGZOVmdn?oc=5,"Fri, 17 Feb 2023 08:00:00 GMT",2026-09-04T09:04:21+09:00
GoogleNews:SNS　買い物,SNS　買い物,【旅レポ】SNS映え間違いなし！ バンコクの巨大ショッピングモール＆宝石箱のような屋台、そしてエメラルドな寺院 - travel.watch.impress.co.jp,https://news.google.com/rss/articles/CBMidEFVX3lxTE5RTUJiM29nZmxSQmdnVGt6dVFHZWRIckJodnJUZHRPSk9PMXBtcmx5N0dlQzYxRUZvelFhQ1RkMEFDUU9xaDEtbmx2Z3EwaXZzV3lKY3dpc3hWUGdZNmMwMkdHOVlhaWtFYlVOZ0JKbFNScHBu?oc=5,"Thu, 13 Jun 2019 07:00:00 GMT",2026-09-04T09:04:21+09:00
GoogleNews:SNS　買い物,SNS　買い物,筧美和子が買い物依存症、鈴木ゆうかがSNS依存症の女性役に『満タサレズ、止メラレズ』 - マイナビニュース,https://news.google.com/rss/articles/CBMiXEFVX3lxTFBOLXVpRFExS21FZmd3Mnh5VUdtSXBsdG8tdUtEY1FndldBSzBOLTFrQ2F2amVteDlMMWJjY2pobi1JZm1IcURSc1JzbFFCUmRhNkx4QkRlbkxILWlE?oc=5,"Tue, 30 Apr 2024 07:00:00 GMT",2026-09-04T09:04:21+09:00
GoogleNews:SNS　買い物,SNS　買い物,SNSで話題。神戸の「アメリカンビストロ」でブランチを満喫！【おしゃれプロのお買い物日記】 - CanCam.jp,https://news.google.com/rss/articles/CBMiSkFVX3lxTE1xWHpFdVJ1RklEZUNtX2JLeDFPMEJVckdYc25WbGhDUXItM1lrVEpHenlIb1hTMndFbk5BaHVMcklJN2dVVTFGUnN3?oc=5,"Mon, 15 Aug 2022 07:00:00 GMT",2026-09-04T09:04:21+09:00
GoogleNews:SNS　買い物,SNS　買い物,みんなが参考にしている評価の高い情報が分かる！ ショッピング検索SNS『マナウス』 - AppBank,https://news.google.com/rss/articles/CBMic0FVX3lxTE1TXy1ud3BWR3NrUTlXX0EtMDZMSTdnZC1SWXM5aE5Wb1BZVWt4Ul9heHVGU0d6dkRjUzZEMmhvaDhobHE4X29MYm9XY0FPeFZweE95Z1MtcWdRLTBnazdfMEtHQ0ducXU5QTBJTkVISzc4Q00?oc=5,"Thu, 28 Nov 2024 08:00:00 GMT",2026-09-04T09:04:21+09:00
GoogleNews:SNS　買い物,SNS　買い物,ディズニーリゾートの買い物袋有料化にSNSで「かわいいから買う」「エコバッグは世界観が崩れそう」などの声　価格設定で賛否分かれる（1/2） | 社会 ねとらぼリサーチ - ねとらぼ,https://news.google.com/rss/articles/CBMiYEFVX3lxTE1iYmg0OFR2UU5nLUpSVWJyVWpaQ1F2OEJ1SUgwbllTQWVvaHVHc25Xd0lrTXFXNWR3eHc4OTNQbDFFbERPRFd1R0NXMWExMUhLTnZzaTg2X3B3OGl2cHNIYdIBZkFVX3lxTE5aTHFEMFp1bk5GYW5zdmtkQWU5SkprVDhGY19CMGlQdGhWMUMxdEpDdTRlWkJpVEZkX3F0M1RIVVlNR1ZRQmRXb2ZIR0Z0RDlPcnR3NnF0dTBISWR3MF9iWVNCNGptQQ?oc=5,"Mon, 07 Sep 2020 07:00:00 GMT",2026-09-04T09:04:21+09:00
GoogleNews:SNS　買い物,SNS　買い物,オダギリジョー「過去を隠さない」「SNSやらない」異色俳優が売れ続ける理由 - NEWSポストセブン,https://news.google.com/rss/articles/CBMihgFBVV95cUxOOGI2b1ROdG9Pb1FSY3JPb2xqQUplSjlhWFRrdVBRTmkyUHBUM2RZdi1NZ0t3U2tuSDN1SURjSk9BRkIwU2t1RW9VdnNOSlI4V3NReVZnNmVJcUtKZm5laFgzUjFaU2llOV9MdUxreUhyVGxUODl6dXBCVm1ldkoxY3VaVTBNQQ?oc=5,"Wed, 02 Mar 2022 08:00:00 GMT",2026-09-04T09:04:21+09:00
GoogleNews:SNS　買い物,SNS　買い物,"SNSで人気！￥1,200のホテル朝食。ボリュームも味も大満足♡【おしゃれプロのお買い物日記】 - CanCam.jp",https://news.google.com/rss/articles/CBMiSkFVX3lxTE5XeE9tY3lQb21QWWQyX1h0WUpDMmlmcUlTMUM0NGFqMFB0RmVLcTZXcmpBNGQ1S1l5NE5VWWZUTkp2UnBKalIxeGR3?oc=5,"Sun, 24 Jul 2022 07:00:00 GMT",2026-09-04T09:04:21+09:00
GoogleNews:SNS　買い物,SNS　買い物,SNSで超話題。幻のマスク「スマートカラー」の小顔っぷりがスゴい！【おしゃれプロのお買い物日記】 - CanCam.jp,https://news.google.com/rss/articles/CBMiSkFVX3lxTE5GY2w3S0RrZnJZdV9QUFAzcjdBYnZoazhWTEdZMDNYY1cxMGZpQ2ZyeklqdGpFakZscDdqMWZ3blQteFg4Ylo4aDBB?oc=5,"Wed, 23 Feb 2022 08:00:00 GMT",2026-09-04T09:04:21+09:00
GoogleNews:物価　家計,物価　家計,家計のインフレ予想「0％」は消失も、「2％」が定着しない理由とは？物価と為替を安定化させる“アンカー”不在となるリスクも - キヤノングローバル戦略研究所,https://news.google.com/rss/articles/CBMiWkFVX3lxTE1FQWpSdlFwcnhoTG53U1pqM2V4MG5VSDJiVURoTGpMY2hGZ2U3dlFhd2tPZHhwYmRxWVBoNzI3cGF6Q0FvVkxXd3JweVdPSVJYd04zMVRMRXp0Zw?oc=5,"Thu, 27 Aug 2026 06:04:47 GMT",2026-09-04T09:04:24+09:00
GoogleNews:物価　家計,物価　家計,第2四半期の家計調査：3%台の物価上昇、下位20%世帯の生活費増加と月28万ウォンの赤字 - jp.ajunews.com,https://news.google.com/rss/articles/CBMiW0FVX3lxTE85OEJ3S09VbUJGLU9CMGEyTEFfN0pVTDBISGpKSUp5UjVsWWxLZE4zblgyU0M3RGxZMklqNm0tMU8wWFNhSW1HcXRtZU14SFk0UmRtZWRDUlgtdDQ?oc=5,"Thu, 27 Aug 2026 07:08:00 GMT",2026-09-04T09:04:24+09:00
GoogleNews:物価　家計,物価　家計,家計支出の調査で品目見直し 巨峰→シャイン 煮干し→塩サバ - 朝日新聞,https://news.google.com/rss/articles/CBMiZ0FVX3lxTE5lUGN4SGJmWlRWOFVIa1ZxTjY4OHpkc0p0Z1NoNy02N2szUGxMVUhzUFhBOHdDMlBEalYyd05aeldOZExRUGwxSVp0T1BmQ3lNY1hQdmktTlZLMnNiME15bllUS1hmY2M?oc=5,"Fri, 07 Aug 2026 07:00:00 GMT",2026-09-04T09:04:24+09:00
GoogleNews:物価　家計,物価　家計,1食351円へ下落のカレー物価。エアコン代高騰の夏に、あえて食費を切り詰める「家計防衛」のリアル (LIMO) - Yahoo!ニュース,https://news.google.com/rss/articles/CBMijgFBVV95cUxNLXF6ckFQRVJtTDMyOGpXYXRnanhMLUJDcWVkY3l4ZU44OGdwazgxcWdKY1JwcEQyMjV6NWZyVkRSWHJsaFZBbHVOdGZ6c19vWWVjeUNOZlJLMXdocHA4blR2dnVnRkNnc0hwbnlYS3dTUEs4QXlWaVhPT0ljc2hLaWpWazkxbDVhMElXT0J3?oc=5,"Tue, 11 Aug 2026 07:00:00 GMT",2026-09-04T09:04:24+09:00
GoogleNews:物価　家計,物価　家計,物価高騰が続く中、給食のない夏休みで家計負担が増加 | 一般社団法人全国フードバンク推進協議会のプレスリリース - PR TIMES,https://news.google.com/rss/articles/CBMiakFVX3lxTFBhQkIzVFhyT0xCX3RoZnVyS2d3OTg3YzZkZG9VcjNOWGhZa1dNbzNjTE8zZnVISDVmR3YySXE1eGZXaTBTYThfeV9HYTQtSHdNRVd2LXFlYjByRWVfazRYSmFHaW0tanp1dmc?oc=5,"Mon, 15 Jun 2026 07:00:00 GMT",2026-09-04T09:04:24+09:00
GoogleNews:物価　家計,物価　家計,エネルギー価格高騰が家計へ及ぼす影響－イラン情勢を踏まえた現状と課題 - nli-research.co.jp,https://news.google.com/rss/articles/CBMib0FVX3lxTE9lSXRzVW01X3BvWWZNNUgzd0ZYeFVMYnFIdldhM01wSDJzTVU0Z3o1YVJ2dzZwN2tLQzNWNWJuQk5sWTdwTXNHbzE5bHZObUZOUVh3dGNLcDRjenM2c0dvVDlxS0t3T2pEQ24tZ29wTdIBf0FVX3lxTE5lQkI0WVRwa0FnWXE2dHNJTVVZYkdFeHozdWdCeDlDLWlLT09sTXhsMXNSV3l1X1VCR2NRaUlydG1wMW9COExvRXdVVFpWbGZFM2RYWTJ5dlZSTExsWU9jR0NheVppQnNoZ1RzZ2dwX19ZSnh6OXB4d25YbHE2ZTA?oc=5,"Wed, 27 May 2026 07:00:00 GMT",2026-09-04T09:04:24+09:00
GoogleNews:物価　家計,物価　家計,金利上昇とインフレがもたらす日本経済および家計への影響と構造転換 | 永濱 利廣 | 第一ライフ資産運用経済研究所 - 第一ライフ資産運用経済研究所,https://news.google.com/rss/articles/CBMiW0FVX3lxTE1mTUR0LTZPV2RDUE1yUnFpdjJlbEtCWFNHYmNkV2hUNTN0ZXhFMHp0dVlHU2FMdlhURkwwOUg2VW9DcmVwTUpyOFIzdmZVdzM5V3MyZmxkZG1RZWs?oc=5,"Thu, 18 Jun 2026 07:00:00 GMT",2026-09-04T09:04:24+09:00
GoogleNews:物価　家計,物価　家計,家計のインフレ感が高まり、日銀の利上げの根拠が強まる - arabnews.jp,https://news.google.com/rss/articles/CBMiZ0FVX3lxTE9NbmJXOVNSR3gyZUh6QjVjeVl0UEptQXVZeVROTmpEaHp6M0hDNHpkYldqQ080aUxIdEFEU1VDdnVOT1VDUmhCYVVZWUZXcFVFMnJ6MVRraVRYcTZLV2QwVHQ1MFE4QkU?oc=5,"Thu, 16 Jul 2026 07:00:00 GMT",2026-09-04T09:04:24+09:00
GoogleNews:物価　家計,物価　家計,令和6年消費者物価地域差指数の概況 - pref.ibaraki.jp,https://news.google.com/rss/articles/CBMiiAFBVV95cUxPMDkwa0pzc0ZoZTNlUTdvWlZaeFA2U2M3bmdyS0FyNHJYTHdacjZaYkhzSnJUb0h2QXVuVlg2d3JmcHE3UF9Oc1Y0MXJvOE9WLVZMQzVxd1hCaDgwQTg2aFp2SkF6OEllUGRzbWQ1YTE3cGI2Snh1Z0JsQkV2THpfOXRfY0l2X2R4?oc=5,"Fri, 03 Jul 2026 07:00:00 GMT",2026-09-04T09:04:24+09:00
GoogleNews:物価　家計,物価　家計,家計負担「年間4万円増も」 原油高で忍び寄るさらなる物価上昇 - 毎日新聞,https://news.google.com/rss/articles/CBMiaEFVX3lxTE10YlJHS3dYc1hXZF9xNU5KRlF3M0JZRzA4VUF0NW5ZMUZLMmMxY08xdmFNTkUxREtfbmd5a21JQ1N6Z2JCT0JHZVFaT1BHYTdqTEVxWkdvRmRnN1pUbjNsNmo2Wm45OGFO?oc=5,"Mon, 27 Apr 2026 07:00:00 GMT",2026-09-04T09:04:24+09:00
GoogleNews:物価　家計,物価　家計,暑さが物価を動かす「気候インフレ」－家計圧迫、低所得者層は食料さえ遠のく時代に - Bloomberg.com,https://news.google.com/rss/articles/CBMid0FVX3lxTFB3T2E0bU5QQ2hDQ0hqcTM4WDFEOWVuX09GOVFhaTJZTGtVOTRTVEhZN1FUd0RKa09fb2hQQVdwS1Rka0pZYkZqRWIzSnZKV1dWLWVyODc1aHBObW9qUmtpekRyR0w2ckpGWDJ0ZmRkRHBEWVAxSU9J?oc=5,"Sun, 03 May 2026 07:00:00 GMT",2026-09-04T09:04:24+09:00
GoogleNews:物価　家計,物価　家計,物価高騰背景にふるさと納税で「家計応援」お礼品の人気急上昇 大容量・訳あり返礼品が人気 | 黃信維（コウ・シンイ） | ニュース - Storm.mg,https://news.google.com/rss/articles/CBMiUEFVX3lxTE1BRWo1TFNzYWx3aFMtN0M2c0dlZTJSVUhCVlVzR1hvYWJTVnhwSmNOdzRBMm9RYnFrTWw1WTdhWUNoMVhodlZxSE5XeWlkNGJf?oc=5,"Fri, 14 Aug 2026 07:00:00 GMT",2026-09-04T09:04:24+09:00
GoogleNews:物価　家計,物価　家計,【家計救済】物価の優等生“えのきたけ”メインの「肉巻き」作ってみた！甘辛な野菜ダレが合う～♡【農家直伝】 - Excite エキサイト,https://news.google.com/rss/articles/CBMigAFBVV95cUxPaWNRWEg2QndfWG1uV3pubmZMazVVR1gtSUdaWklEN1FYUGFoSnpRaF94Tkw1d2FzWEZOMWxmSUlNMjdYZDJKcjI5YnkwWDFaalhmX01EcjFnU0dkQnV2cU4yT3hYUjU1Wld6VDRTTDNzWXJjb0NaT3ZYQjFmLXVLcQ?oc=5,"Thu, 20 Aug 2026 07:00:00 GMT",2026-09-04T09:04:24+09:00
GoogleNews:物価　家計,物価　家計,【日本のチップフレーション】メモリ高騰が物価に与えるインパクトを試算、「家計の一人負け」傾向強める可能性 - JBpress,https://news.google.com/rss/articles/CBMiVkFVX3lxTFBRNk92bTJmaURMSUFRYU5vVTNHZ1FuNHVDWXE0cVlwOVJoQ1VtZ3Q2VENTdGw5VDFqQkRPX2JfNXNnVWgtdmhrLWNpOW1yWEFDY1dkWnZn?oc=5,"Wed, 05 Aug 2026 07:00:00 GMT",2026-09-04T09:04:24+09:00
GoogleNews:物価　家計,物価　家計,1食351円へ下落のカレー物価。エアコン代高騰の夏に、あえて食費を切り詰める「家計防衛」のリアル（LIMO） - Yahoo!ニュース,https://news.google.com/rss/articles/CBMif0FVX3lxTFBabE85bWM0dDZQRXdpT005eG1pV3hGcnFfN2g1Wnd3VV9hNjNZSUk2Q1NtM2t3NnJ6eFBRN1BkV1NDVTNlY25lT2hpdEx6ekJvdXlqT0pHaHpCUl92QTZMdTUzR3VudnR1dkRwR2NMNE9MWmw0S1dqRVRaTFFJblk?oc=5,"Tue, 11 Aug 2026 07:00:00 GMT",2026-09-04T09:04:24+09:00
GoogleNews:物価　家計,物価　家計,家計を応援 物価高騰の中でイオングループが食品などを値下げ - khb東日本放送,https://news.google.com/rss/articles/CBMiT0FVX3lxTE5lUTlFNVB3ZDN3ZHVrV3NKWHpxMFdXUEp0aXhVLXd2N2hISnd4b2czc0JSSHZsanlQbHNhMmVSTW51Q1l5cEIxbE1SUlVKbXM?oc=5,"Wed, 20 May 2026 08:41:17 GMT",2026-09-04T09:04:24+09:00
GoogleNews:物価　家計,物価　家計,日銀調査で家計のインフレ期待が過去最高を更新、利上げ路線支持（Bloomberg） - Yahoo!ニュース,https://news.google.com/rss/articles/CBMif0FVX3lxTE9uV3ZGMWxzcFhIdmFFM1RGOEhiTC12ODVhVjdmR0lPcGNwQ1l4OVZSd0RkX3pvLUhtaXZHYldTS2RrbGw3S1lLU3prT2I2ZFpGam8wcERuem5oQXd5WEROdlZyTjVzazEzd200WnJKNWZ4TFpXQVlEUTJTaVBPODQ?oc=5,"Thu, 16 Jul 2026 07:00:00 GMT",2026-09-04T09:04:24+09:00
GoogleNews:物価　家計,物価　家計,物価高時代に家計はどう守る？ 「支出・貯蓄・収入」のバランスの見直し（ファイナンシャルフィールド） - Yahoo!ニュース,https://news.google.com/rss/articles/CBMif0FVX3lxTE1LWHdveERubl9TQ05UYjNPMzlIUVJ5S0o5MU1DWXpieDNFYUpOLW5uNHNHcUJRWmxnTlRfcWhlOEI3U3hfX2R3SXNQTmVaNWNuQnNtdDRYdmVrR1RYMHh0QW5iSkdqN1B1cmZyOVpQUWJsS3l1bHlqdUVUbXhPWFE?oc=5,"Tue, 12 May 2026 07:00:00 GMT",2026-09-04T09:04:24+09:00
GoogleNews:物価　家計,物価　家計,賃上げ5%でも家計が苦しい理由、コメ高騰と物価が奪う購買力 - mymo-ibank.com,https://news.google.com/rss/articles/CBMiSEFVX3lxTE93YkV3SU9KdzNyYlEwN3dkaWQ1NnNoR2NZN3BtRXpNZkNpU00zU3BEZ04wRV9xejJub01vWG5hUFNhR2hiS1EwZQ?oc=5,"Fri, 03 Jul 2026 07:00:00 GMT",2026-09-04T09:04:24+09:00
GoogleNews:物価　家計,物価　家計,「物価高騰対策」としての家計補助 東京都と比べて少ない近隣県、格差に広がる不公平感 - sankei.com,https://news.google.com/rss/articles/CBMidkFVX3lxTE5sR0hoRDIwM1VfdEROanBGMUZyR2wxb2tLM2xpZ0VaUXB6NTZuZnQwSDdDOGVhRDhyTzNHSXlyRHF6OG5wYi1ZYkY4a0xNTEM1MUZLYmNuWWNKcUhkMzdOb3F1Slh4dGhMUUpwT1JxcTRRbGZQQlE?oc=5,"Wed, 27 May 2026 07:00:00 GMT",2026-09-04T09:04:24+09:00
GoogleNews:物価　家計,物価　家計,「どんなに物価が高騰しても変更はしません」節約に励む世帯年収500万円・59歳女性が強くこだわるもの - All About（オールアバウト）,https://news.google.com/rss/articles/CBMiTEFVX3lxTE5aMFdIeEtWbGhzUmt0RW1NZVJIeVlOWkFmTDFDc1ZoSUpyaEVUdnp6dUktREdBeXMydDJMVkxlOWVDWWVBcFpvWEEwNXI?oc=5,"Thu, 18 Jun 2026 07:00:00 GMT",2026-09-04T09:04:24+09:00
GoogleNews:物価　家計,物価　家計,「5年後」物価予測は過去最高 家計の景況感、改善続く 日銀調査 - 観光経済新聞,https://news.google.com/rss/articles/CBMiVEFVX3lxTE5UQ0xKN3hLNVRCbk00cGo0UmVjcUlJODVkeUVybENtYzZEcjM1WkxZQTVoYWhXWUN5eGtxRjVIaFJEbnZERHJQTnZ4cks5V1JfeHVneQ?oc=5,"Sun, 03 May 2026 07:00:00 GMT",2026-09-04T09:04:24+09:00
GoogleNews:物価　家計,物価　家計,住宅ローン利用者は金利・物価上昇にどう向き合うべきか（２）－家計債務の拡大がもたらす資産形成の後ろ倒しと対応策 - nli-research.co.jp,https://news.google.com/rss/articles/CBMib0FVX3lxTE9vN1NUSHVUMWRWbUJ5N0hWX1A2TXQwMXNmal9LOUJScXNkd3NoZjdHbTVsNDd4TzlvMktHVGFLT1doUU5ERmREUTQtLUstSWVkNTItcDVNT2RFTS1RbGlRSnFYdmNrRjdHWmtpSENlTdIBf0FVX3lxTE1EUE9MU2k3TUNpcEVrd3hYVnA5Y3JSYWNuVG5zQ29remh6bVFYcDkwNUdyWXZ5a2Qxd20yX2NZV29hOGFKbmdPNjhsNnBKZDlwOXRJanZTRkN1enZ1MDZ5NlFyLVczV2g3NmpMMWZPNW5FWWRxWFplbmlGcmdwQTA?oc=5,"Tue, 31 Mar 2026 07:00:00 GMT",2026-09-04T09:04:24+09:00
GoogleNews:物価　家計,物価　家計,韓国銀行シン総裁「物価・住宅価格・家計債務の三重苦…適切な時期に利上げ」 - BigGo ファイナンス,https://news.google.com/rss/articles/CBMidEFVX3lxTFB1YVB0MG1qMlpQUTRPYUQtXzZBZkJjNEppOTVhVkhubjRJRmdiOE1oMEs3S2Vsc01Ydm93c2s0eDd3TWtPdk85ald5ZVlNMk9NRHRHNXFrd3VkWHNOQzZQV1d5WnJTUjNYck9QTTVmdmh1MVNC?oc=5,"Wed, 08 Jul 2026 07:00:00 GMT",2026-09-04T09:04:24+09:00
GoogleNews:物価　家計,物価　家計,"「食料品・飲料」９割、「ガソリン・交通費」７割――家計を圧迫する項目を挙げながらも、「食の安全・おいしさ」や「健康維持」は妥協したくない…――鹿児島「みなみパス」会員に物価高騰の影響を聞いた"" - 南日本新聞",https://news.google.com/rss/articles/CBMiV0FVX3lxTFB1bXZ2ZXhNZFVEU0RzQWgwZHRVNWJmX2s3dnVhTkJaY3FacEJSdm85bUFRWUhyV010eXl5eFBraE5nQS1RajR6aC1YZnk2MGJvZGxPZm1ycw?oc=5,"Wed, 20 May 2026 07:00:00 GMT",2026-09-04T09:04:24+09:00
GoogleNews:物価　家計,物価　家計,［経済フォーカス 識者の眼］原油高 家計厳しく転嫁困難 インフレ加速回避か - 読売新聞,https://news.google.com/rss/articles/CBMibkFVX3lxTFBPNTRjbnhiQVRfaHMtMFlTX0Q1VnBqVGxPZGhFM0w0OXBwUVphN1U2TGxjUldNQjVLdnhWMl9aeTZzU25MX01ZS1BnZzUybE05QTB5b2llcHNuS3VfMTNwaGFKX21pbEIyZkNMXzNR?oc=5,"Mon, 06 Apr 2026 07:00:00 GMT",2026-09-04T09:04:24+09:00
GoogleNews:物価　家計,物価　家計,世帯年収別にみた家計収支の現状（2025年）－賃上げ３年目、それでも重い物価の壁 - nli-research.co.jp,https://news.google.com/rss/articles/CBMib0FVX3lxTE1PVmp3LXJsa1lla3M3X1lqSzNzdXEtSFh1RlBEZXNrbXlvRlExS2tHSVI2VV9OdmVWQmhIZFY4YlBZQzk2bXVKNUZxaTlPT3NyNnNhNVJLSWpCQXVGckc1MjFlQW9RT2lJdXd1d1hLVdIBf0FVX3lxTE1QdUwwakZEaUVLY1ZRM242QzdMRU1uQXp1MzRHSll3QV9DYUJmS2c0ZHdaX2pJeEhRcjk3TWpoVF9oeXRNb1FfblhQendUeFhibmtkOHVnQTBrM3Vvak04TGVFWlNpa2FPVFB4c2NNSWQ2QnRyUmJDUmNRNE1IcVk?oc=5,"Mon, 30 Mar 2026 07:00:00 GMT",2026-09-04T09:04:24+09:00
GoogleNews:物価　家計,物価　家計,原油価格倍増で家計負担は年5万円アップ：低所得層ほど深刻な影響 - nippon.com,https://news.google.com/rss/articles/CBMiV0FVX3lxTE41RmZoZWlYOXY5SUtPQnpDSW04d0FtM2FDT0dqZ2VZUVFvTF8wbWpYbGpOQ0s1NGllQTlqaFNody1NXzNEMU1QblM2dFVwa0lsY0h3ZkU1dw?oc=5,"Fri, 03 Apr 2026 07:00:00 GMT",2026-09-04T09:04:24+09:00
GoogleNews:物価　家計,物価　家計,原油価格高騰「家計の購買力低下」懸念 TDB調査 - ECのミカタ,https://news.google.com/rss/articles/CBMiWkFVX3lxTE5aUndLc2RCa2JvMXpVbmJkdURIeFBFXzUxZXRwR3pmdEF1Z0lSNkpOLUJKeUIzYndxZjllSEswS1NybGdkTHlaTXIwRm0yVEd4N3hhQlhyd2hQUQ?oc=5,"Wed, 25 Mar 2026 07:00:00 GMT",2026-09-04T09:04:24+09:00
GoogleNews:物価　家計,物価　家計,物価高騰が家計を圧迫し自己破産が急増中…3年連続で増加、14年ぶりの高水準に｜仕事力がアップする経済ノート - 日刊ゲンダイDIGITAL,https://news.google.com/rss/articles/CBMiZ0FVX3lxTFBZWHlnLWRoVl91cXNReHktd3hsdkdIZG9PaG9sLWpJQkk4QU5NWmNSN2hDX0JHVTlxMERJcnRiTy02RlQtU0k0SXNMUFhKSV92WkdNUjJWS3Y1NTZvV2IzMS1vX2M4TzQ?oc=5,"Tue, 31 Mar 2026 07:00:00 GMT",2026-09-04T09:04:24+09:00
GoogleNews:物価　家計,物価　家計,加古川市の物価高騰対策 家計応援ギフト、4月末から発送 5千円分のデジタルクーポンなど|東播 - 神戸新聞,https://news.google.com/rss/articles/CBMibEFVX3lxTFBWWG5EQzAyd3l4R1ItVzBUSXF6bmEyX0pMc3ZRTktwM1p0VXpnLTJteDZBWUg1SldnaWJWbWNhWFp2WUo0dnM1RlVVSW1ld0lZcS1nVlluZTk0d0pEbWQxd2ZYY1NCM0VSRExuLQ?oc=5,"Sat, 25 Apr 2026 07:00:00 GMT",2026-09-04T09:04:24+09:00
GoogleNews:物価　家計,物価　家計,【業務スーパー】『物価高騰きつい・・・』家計に優しいコスパ最強副菜♪ちくわ×豆板醤の簡単アレンジ3選（みみこ） - エキスパート - Yahoo!ニュース,https://news.google.com/rss/articles/CBMiiAFBVV95cUxPcFNWdWtLbUg1NDc2d1B1amlWUlNvWFM2TlpJRFRmTkJxYTBqUkMxUlNqUjRoNFVaZUo3eGlHQjlwOGg5Zlg2YUVXYzVrNnJuUFdkYWZKYUpwV1RiRlBGZjZySWlEWUlrcU9WRGcxQXhwbXhHMnBnT1dDRDJTUDQyWmowMURkZWpM?oc=5,"Thu, 26 Mar 2026 07:00:00 GMT",2026-09-04T09:04:24+09:00
GoogleNews:物価　家計,物価　家計,家計を助ける物価高騰対策 「お米券」からデジタル商品券まで多彩に - ウレぴあ総研,https://news.google.com/rss/articles/CBMiUkFVX3lxTE5tcUtMaEJKSEpqLTAtNGFWb0lGZGw4dUpsSkktZGFETDJPanhsS29md0ZfMUJVWEFBaE9pNEozcDhKbjZnTk1sWlBQUGswX3E0ckE?oc=5,"Sat, 28 Mar 2026 07:00:00 GMT",2026-09-04T09:04:24+09:00
GoogleNews:物価　家計,物価　家計,「物価が上がるので、悲しいですが第2子は諦めました」世帯年収500万円・35歳女性のリアルな収支内訳 - All About（オールアバウト）,https://news.google.com/rss/articles/CBMiTEFVX3lxTE5aRW1GRWFzVFVDZDl1Z0JUWTM4eUhEVlM0ckFpVkdUZDJLMmdCckFGUF9SM1BkWXpNVE5SeENqRF9HZ0hWeUR6eTY5YUE?oc=5,"Wed, 25 Mar 2026 07:00:00 GMT",2026-09-04T09:04:24+09:00
GoogleNews:物価　家計,物価　家計,四万十町家計応援商品券の配布について - town.shimanto.lg.jp,https://news.google.com/rss/articles/CBMibEFVX3lxTE1JVWo2N0oyMGFUT0M4aXBYd3M2Mm8xWVRFaGQzVXV0d24xeEVVZHdfLUtjM1pWRWN3V2ZsYU9RMHQzTkI4cHIyRjUwa0JJaUdkVXViTklXUFlCeVF5SmlEZnVUaTRnbHpzYW9PdQ?oc=5,"Thu, 29 Jan 2026 04:01:56 GMT",2026-09-04T09:04:24+09:00
GoogleNews:物価　家計,物価　家計,令和6年全国家計構造調査における茨城県の状況 - pref.ibaraki.jp,https://news.google.com/rss/articles/CBMikgFBVV95cUxOb1RxLXpfcjB4ZDhDTVEwRF9ydkFOYnR3dllJQjdhOTMwZUlMSEFmc3NpTFlYX1ZSYVgyWUZYaC0wVmZsZ3hDVU1LNXFhUXhaYVpJOHU2R1d3V1VKQUxFTHpQUkJFOWhXY3BoeWRMNDlYb1VxdHphVEZ2R3RMZTZPRGJxb1dCSlNvd2tFeTZPWkJ2QQ?oc=5,"Fri, 26 Dec 2025 08:00:00 GMT",2026-09-04T09:04:24+09:00
GoogleNews:物価　家計,物価　家計,～25年の家計負担は24年から4人家族で約11万円増加の可能性～ - 第一ライフ資産運用経済研究所,https://news.google.com/rss/articles/CBMiW0FVX3lxTE0xbnVUSlV5bEdmaE00SUlWS3hEUF9XdGNVOTM3eWl1VlRZY2hhX1RqdGlOVk94VEdTRkdUU01LeWFxU2YyVm1QSElZMWNBS3NZUzBqcHNUNlAyWEE?oc=5,"Tue, 21 Jan 2025 08:00:00 GMT",2026-09-04T09:04:24+09:00
GoogleNews:物価　家計,物価　家計,「おかずは5品から3品、2品に」家計簿から見える物価高騰 8.9兆円の対策に専門家が警告「100％違う」【報道特集】 - TBS NEWS DIG,https://news.google.com/rss/articles/CBMiV0FVX3lxTE1jMGZBUk1sOElxaGVNVjY3ZUdBQ2ZyVUUxOGJCazBDNnp6WVN1TER0UXVjVEtJWlBmbjJzdGpSd0dBVHNrVVh0ZzJVUk9qNUdNS1ZickxnQQ?oc=5,"Sat, 20 Dec 2025 08:00:00 GMT",2026-09-04T09:04:24+09:00
GoogleNews:物価　家計,物価　家計,2026年、物価上昇に負けない家計管理 住宅ローン「2馬力」注意点も - 日本経済新聞,https://news.google.com/rss/articles/CBMibEFVX3lxTE14Um8tVldNNzFPZ0pwbE1qU3ExLTNnMHhSNGdQSF8tUGlVSDM4OG5OSGpqRUhwSmhHN0hmalpVSkYtQ2JXU0xPMUpZUEVUUDFCSWJ5eVJBN2EzeUVqdU1QVXlMLW1KQkxYSGlWMQ?oc=5,"Fri, 02 Jan 2026 08:00:00 GMT",2026-09-04T09:04:24+09:00
GoogleNews:物価　家計,物価　家計,ホルムズ海峡封鎖「原油109ドルで家計負担3.6万円増」第一生命・永濱氏 - 日経ビジネス電子版,https://news.google.com/rss/articles/CBMiZ0FVX3lxTE1OamQtOWRwTlo5TzlybXNMblBuVzEweE9oWjJENC14aDdHMTlRdHd1V2hyQXVvNk01UHkzbk15R3gyWW1qUmRocVNZQnVBc3plWEl3VFliaW93OUh6TEYtNWVtYjdCQWc?oc=5,"Fri, 06 Mar 2026 08:00:00 GMT",2026-09-04T09:04:24+09:00
GoogleNews:物価　家計,物価　家計,【第２弾】物価高による家計への影響を調査 - PR TIMES,https://news.google.com/rss/articles/CBMiakFVX3lxTE1FdFNnZlFpMjI1SmVnRm5zbzB0bjRrQ05JdjlrS1l0WURwd2tRdDNzS01wTXBlWTFnbTM1WFFHa1puOEszM3g4Rl92ZjhQTnUtd0lVanNUSkprbUFqYV9teVVtVVJYdGl6MFE?oc=5,"Thu, 06 Mar 2025 08:00:00 GMT",2026-09-04T09:04:24+09:00
GoogleNews:物価　家計,物価　家計,年収の壁に物価連動案、2年ごと見直し 家計負担緩和も 政府・与党 - 毎日新聞,https://news.google.com/rss/articles/CBMiaEFVX3lxTE1KdHpnY0dlemhTRkNKdk15YWlpajI4MDVjMENzQUszNkhVcjdfVEcxczNDRGk5M0hBYlZiclJ0MVZtRlg5VDl5Z0RPYlBqdzZDRFpPQVpxbnI0d3lSNERWa0VhaENBR0hM?oc=5,"Wed, 10 Dec 2025 08:00:00 GMT",2026-09-04T09:04:24+09:00
GoogleNews:物価　家計,物価　家計,食品消費税ゼロ、物価抑制効果は「1年間」だけ 家計の苦しさはそう簡単に変わらない - JBpress,https://news.google.com/rss/articles/CBMiVkFVX3lxTE51RFdGcUxXUE5iZ2NHbVh0anZBcnM5NDZNNlV4V1F6ai1DOFNLN2o0d3NUcmRlMG0zNC1UNGtjZTJSekxVajVJendCOGg4VDkxbWdBdERR?oc=5,"Fri, 27 Feb 2026 08:00:00 GMT",2026-09-04T09:04:24+09:00
GoogleNews:物価　家計,物価　家計,物価高騰で家計悪化 県内生活保護世帯の9割が苦境 子どもの教育支援求める声も - QAB 琉球朝日放送,https://news.google.com/rss/articles/CBMiWkFVX3lxTE9ycnlSY1gtMDNmbjJwdTV3MlJXdHlwQzU3TDNxcm9YZDd1SlgzVFdkNm50U3VHaWZiUTRWeDBlbUNXM3ItUDRpM2xsOVV0REFFdmptMHZ6VGN2QQ?oc=5,"Thu, 11 Dec 2025 08:00:00 GMT",2026-09-04T09:04:24+09:00
GoogleNews:物価　家計,物価　家計,ガソリン暫定税率が廃止になると、私たちの家計への影響は？ 専門家は“物価上昇の抑制”につながるとの見解も - TOKYO MX,https://news.google.com/rss/articles/CBMibkFVX3lxTE5JNWRaTXM2SDNsMGNIbWJ5djRSeEpBWndicEJPSmZnQm5KWEhZZmpXQTEtY0V6djlMSnRTcGVhZjhpVndGN2ZqV2hYY1RzckVyMWFGcGEzUTlDa2cxSTlBSE92TW9EQklnaDJTbVJB?oc=5,"Mon, 27 Oct 2025 07:00:00 GMT",2026-09-04T09:04:24+09:00
GoogleNews:物価　家計,物価　家計,「おかずは5品から3品、2品に」家計簿から見える物価高騰 8.9兆円の対策に専門家が警告「100％違う」【報道特集】 - TBS NEWS DIG,https://news.google.com/rss/articles/CBMiYEFVX3lxTFBmRTRpZFFsRnc0X2dtMndleVNUc0dlV0hsalprY2lnWk53VkRBSG1KUWZ5dElvNkJHbFdiRjZXMVNTX1E3bjJQMG5IcVVidmhwT2FuVy10b1Q1cm1PYlF3VQ?oc=5,"Sat, 20 Dec 2025 08:00:00 GMT",2026-09-04T09:04:24+09:00
GoogleNews:物価　家計,物価　家計,消費者物価、10月は3.0％上昇 2カ月連続伸び率拡大 家計圧迫 - 毎日新聞,https://news.google.com/rss/articles/CBMiaEFVX3lxTE12Q2RfeEVqUTd6aXd5V08yWVpUMTRlRmNNMThQV09ESEZHZEZsRk5ob1JRNHdKODdpWGZiSFR4UHZmM29pWmxpQmtDUzUwYWdFQ0ZkLUdvN3FRNUJDNm44M3NzSFdWQ0dU?oc=5,"Fri, 21 Nov 2025 08:00:00 GMT",2026-09-04T09:04:24+09:00
GoogleNews:物価　家計,物価　家計,どうなる？2026年の物価と家計負担 - 日経CNBC online,https://news.google.com/rss/articles/CBMiVEFVX3lxTE5GeEdDUlp6VUNhYnctYjR3STc3aGg4OU44eENKMmw0SVgtdG8xc0FiT0dyZDEwd25Zam81WXdXNndxd2EzN2RDRGl3UXJfRnEzX2I0Vg?oc=5,"Fri, 30 Jan 2026 08:00:00 GMT",2026-09-04T09:04:24+09:00
GoogleNews:物価　家計,物価　家計,11月の物価、3.0％上昇 食料品高止まり、家計圧迫（共同通信） - Yahoo!ニュース,https://news.google.com/rss/articles/CBMif0FVX3lxTE5pQ0xjY2pDSUhzQVNHRkZVeGhHOVZ1YzlPR2VJaUx1SVUwT3YxRG0yT004Z3poc3ItVmtzb1hIVFljYUJrZlNRaEhkZTQ2T2FaTkZLX1lUdjBqa0FYRGxteVFuZ0Y3eVFCYWFfRDFnLVJvelVoeW5sYS1zOTBTZmc?oc=5,"Fri, 19 Dec 2025 08:00:00 GMT",2026-09-04T09:04:24+09:00
GoogleNews:物価　家計,物価　家計,「茨城県の可処分所得」の特徴 - pref.ibaraki.jp,https://news.google.com/rss/articles/CBMijgFBVV95cUxNMnR6NmNkS3NxTmdtU0w4RWxWVFdNcWQxV1VhZEJuTE8xMU1nZnppYjhtYjloWExPWEZBcEtvSF9mYlYxVVdDbFRia0ZuclAxLWFsbWVzX241YUxOLS1HN21PVG51bURvQk0yRnhGTTljT281aWhVRjc3XzdCNmlEZTVmc3lpTE5wekdTYmpB?oc=5,"Mon, 20 Oct 2025 07:00:00 GMT",2026-09-04T09:04:24+09:00
GoogleNews:物価　家計,物価　家計,～24年の家計負担は23年から一人当たり＋2.9万円程度増加の可能性～ - 第一ライフ資産運用経済研究所,https://news.google.com/rss/articles/CBMiW0FVX3lxTE0yaHM2OGdwZFRSQ2hwSWZTcW9wTG4wTlpmajVDazlDMWdpVUlhelZfblVuTjQxbjJHcHFLRVZOd1NQeTBlbGJxZnFyWjhYU24zbzYtbFFGR3l2dlU?oc=5,"Tue, 19 Dec 2023 08:00:00 GMT",2026-09-04T09:04:24+09:00
GoogleNews:物価　家計,物価　家計,～今年の家計負担は昨年からさらに一人当たり＋1.9万円程度増加の可能性～ - 第一ライフ資産運用経済研究所,https://news.google.com/rss/articles/CBMiW0FVX3lxTE4wSklVT1ZhUmd5bU5OWk5hUWdPb21ZTktHTVpidjZkalpTOEgtVTFGY3J5TFhjRC1yaV81SllOY0FhVWtQN0lTVk9PLTFmOFU5YmtRd0V6Tks5MHc?oc=5,"Wed, 04 Jan 2023 08:00:00 GMT",2026-09-04T09:04:24+09:00
GoogleNews:物価　家計,物価　家計,2026年の家計負担 1人あたり2.2万円増の試算 どうなる今年のお財布事情 #エキスパートトピ（矢野きくの） - エキスパート - Yahoo!ニュース,https://news.google.com/rss/articles/CBMiiAFBVV95cUxPVWNxeUJja2ZMVGllaXhTMEJSVE1RMUc3Q29QNFRTUVdNMXY2S2FpZVNyb1c3bFVaWE5GVmdyZ1FyMVZhZmwzeHMxZFFRT3IzaWFpTTZSS0ZmYUdTcjIwYjVxYzRVV2t5QTF5UXZtX0J5aG0zOWtvcVUwcXlONHNoS1ZJUVJrNmxN?oc=5,"Sun, 11 Jan 2026 08:00:00 GMT",2026-09-04T09:04:24+09:00
GoogleNews:物価　家計,物価　家計,物価高騰の中 みやぎ生協が家計応援セール ６００品目を値引き - khb東日本放送,https://news.google.com/rss/articles/CBMiT0FVX3lxTE1FdFRTZWx1UlBhZ1oyME9XdW5QOF8xdE55enlFcVZJSF9EeGRWN1hVOWM1MEZsbmNuSXd4bVNtcnZCQkFBQ0w0cHhfa2NKUFE?oc=5,"Thu, 02 Oct 2025 07:00:00 GMT",2026-09-04T09:04:24+09:00
GoogleNews:物価　家計,物価　家計,《回顧2025 群馬県内経済》（1）物価高騰止まらず 家計圧迫、賃上げに課題 - 上毛新聞電子版,https://news.google.com/rss/articles/CBMiWEFVX3lxTE9UZ0w1Q2JKN2NvUnhHYzRnWmFWQXdoaVpLNTd3dTV0cXdWZlNYNmhWS1R4VlRHZUlZOVFkMDJqaksxV3RFdHFUdzJUZmtQWWktdTBBNnZxekk?oc=5,"Wed, 24 Dec 2025 08:00:00 GMT",2026-09-04T09:04:24+09:00
GoogleNews:物価　家計,物価　家計,「物価高騰で家計も苦しい クリスマスくらいは財布を気にせずラーメン食べて」 無料提供で心も体もポカポカに 福岡 - TBS NEWS DIG,https://news.google.com/rss/articles/CBMiV0FVX3lxTFBwRUdxXzdtM2wwcHlLQXJEWGhpWWY4cktEcFZFbXhtVWUzZjNNTTF4aWdxNkJXdGpBLW1wZWM4Zm5ObW1KV0VCbkI1VjhyY2RUeGJfQ3JGUQ?oc=5,"Wed, 24 Dec 2025 08:00:00 GMT",2026-09-04T09:04:24+09:00
GoogleNews:物価　家計,物価　家計,家計に痛手！仙台の消費者物価指数3.3％上昇（前年同月比）コメやカカオ豆の高騰が影響 - TBS NEWS DIG,https://news.google.com/rss/articles/CBMiZ0FVX3lxTFBsYU5PeDR1cUJvMC1qamE5eEJEVllSUnVHVGZtYzRLTi05U0pKZ1VBTGJwQWM1NE9aWGFoQWYxSFVJMjNDUEExQllvdUNNRkxiaktBbmlmNzlVME44RVY3ZFlvVU9mRUk?oc=5,"Fri, 21 Nov 2025 08:00:00 GMT",2026-09-04T09:04:24+09:00
GoogleNews:物価　家計,物価　家計,"【全国1,053人調査】続く「値上げラッシュ」で8割が家計への負担を実感 | 株式会社カウシェのプレスリリース - PR TIMES",https://news.google.com/rss/articles/CBMiakFVX3lxTFBSZm9fU01YYXh2TEJYV0ZhUVZVYVVnZDBjbWJYODNXWk1YendLeFVEc1FHdDYtSEplQjZ1OGVzT0M5TGxMeVlNZERmd3haVVhhTUlwdlJqWE44aTZQbGZrSmg4dUdRemFaWmc?oc=5,"Mon, 06 Oct 2025 07:00:00 GMT",2026-09-04T09:04:24+09:00
GoogleNews:物価　家計,物価　家計,日本経済「見かけ上の成長」続く…物価高で家計は厳しい一方、企業や政府には追い風に 実質GDP「マイナス」 - 東京新聞,https://news.google.com/rss/articles/CBMiU0FVX3lxTE9VSW9idDhjQ2tGTkV1YjRldHI0bUtfNUVjekR5MU0tcF92ZlI4TS0xSHlNTUMwMkgybE9hRDZ3d0l6czBidEM5V2Fyd05wRl83MzVJ?oc=5,"Mon, 17 Nov 2025 08:00:00 GMT",2026-09-04T09:04:24+09:00
GoogleNews:買い物　調査,買い物　調査,【買い物のタイパ調査】「遠い」けど「安い」スーパー、足を運ぶ人が7割から4割に減る境界線とは？ - 下野新聞社,https://news.google.com/rss/articles/CBMib0FVX3lxTE5xa2hMTHRDcUVtVHdKbEtQV1NGNy1EeHJmUlhqdjBGWlhQOHUtNTlzLThvTVR6aUt5di1GSm1PY095VWZ6blloVmFNdUlvUTg0ajQ1OFhWTjFhQm1CUFF3VVFNRGJpQnlmQlZHd3FOdw?oc=5,"Wed, 02 Sep 2026 01:12:57 GMT",2026-09-04T09:04:26+09:00
GoogleNews:買い物　調査,買い物　調査,買物の決め手は“レビュー”から“生成AI”へ 生成AIの信頼度はユーザーレビューを超え、約6割が最終判断も委ねたいと回答―博報堂買物研究所「AIショッパー調査」―｜ニュースリリース｜博報堂 Hakuhodo Inc. - hakuhodo.co.jp,https://news.google.com/rss/articles/CBMiYEFVX3lxTE4teENtNUh5b0w0TXlPS2xyYmFZeXhyTjFmc24tcldLeU9keWxEN2NOZnp5d2dTZUdRMEFCcHVhTW9Td0RzNFpFNURkQnhmOG5qaTlURjF2Vk1XTzRtUEJHcQ?oc=5,"Mon, 01 Jun 2026 07:00:00 GMT",2026-09-04T09:04:26+09:00
GoogleNews:買い物　調査,買い物　調査,【買い物のタイパ調査】「遠い」けど「安い」スーパー、足を運ぶ人が7割から4割に減る境界線とは？ - 千葉テレビ放送,https://news.google.com/rss/articles/CBMiX0FVX3lxTE5tbGJNbl9TTU5XVy05Y2dneUxnSU5EVmxwY3d4VGxYV1BpRWx5eGNqRTJRQmg1TDBFUTNZVkxJMGwxeE5Ma0hGVFlfZ2stMEd6QWhlSGJkWmY4LTJ2aDhN?oc=5,"Wed, 02 Sep 2026 01:03:23 GMT",2026-09-04T09:04:26+09:00
GoogleNews:買い物　調査,買い物　調査,買い物・ショッピングに関する実態・意識調査（2026年7月定点ココロスタイルリサーチ） - クロス・マーケティング,https://news.google.com/rss/articles/CBMiW0FVX3lxTE1EV09vR1RhV1BlcEg3cVFaaDRtVUN4S3BGWTBnMFNNZHQzYXQwUXNldnZKbHVzYl9SYXZsRUtJdlRqcnpYd0JLYUNRTHhELWVuVDdRMjBIeFRaUWs?oc=5,"Thu, 30 Jul 2026 07:00:00 GMT",2026-09-04T09:04:26+09:00
GoogleNews:買い物　調査,買い物　調査,Amazon、「プライムデー」の開催に向けた「今夏のお買い物に関する意識・実態調査」を実施。「ストック」「クオリティ」「リフレッシュ」がこの夏の消費の3大ポイント | アマゾンジャパン合同会社のプレスリリース - PR TIMES,https://news.google.com/rss/articles/CBMiakFVX3lxTE8yb2lTNjdJUFV1bXg2WDliZ0ZncUJkZWFFYXBQOWhMWlFxazlyenk2dE9MMFhGcW41dHZHR0liY3pyQjJCZUoyOUhHcDM2eGFTZjNBZkVZWU9RSy1ER05TV2VZbEozV0xGVkE?oc=5,"Tue, 16 Jun 2026 07:00:00 GMT",2026-09-04T09:04:26+09:00
GoogleNews:買い物　調査,買い物　調査,「生成AIの回答、口コミより信頼できる」 買い物の情報源として……博報堂調査 - ITmedia,https://news.google.com/rss/articles/CBMibEFVX3lxTE1jeGVlV3FUZmlkakhkVlowTUIzckFSTjdPTmJCNTd3c09CemsteHFGMERsREJUNDc3S1Nvc2dORVlvVU5sMjNmNzE0SjlGa1hhdi1DamtvNUZlZjBhWktGX2RtRFk0ZkFwSkU4Sg?oc=5,"Tue, 02 Jun 2026 07:00:00 GMT",2026-09-04T09:04:26+09:00
GoogleNews:買い物　調査,買い物　調査,290万人のレシートデータから見る「買い物動向」調査 1月、全国・地方別のキャンディ売れ筋ランキング - global.toshiba,https://news.google.com/rss/articles/CBMipwFBVV95cUxOQTdhTnltY1pmY3liYW5jenJ0cU9XZDdPN3JVN2lPUFR2MWYwc1JQNGdGTWtYMEx2X19rSHNURV9BSjZhVzZKOTdqLVA3UkNGWkM2U0xYaEpQTUVUMERwQ0YzTjhYVGR5SGJJVGgzSERCRDkyMnc2d3JoZk93WlBfNGJYNjFmdDU3MllBMUswLU15ajhWdTh1UGtUR3YwU2VaX2J2RHpYQQ?oc=5,"Wed, 25 Feb 2026 08:00:00 GMT",2026-09-04T09:04:26+09:00
GoogleNews:買い物　調査,買い物　調査,IBM–NRF調査：AIが買い物の前段階で消費者の意思決定に影響を与える中、ブランドと小売業者は新たな現実への対応を迫られている - IBM Japan Newsroom,https://news.google.com/rss/articles/CBMi5gFBVV95cUxNai02UzZoRWFvWDRVRS03bURnRjlsX2s4Q21jRTdYYkR4eWE2RWl4NzR2VXVDekFGeVNOdjE2dnVpallDSEx2ZHpBRmhLdWdRSTRIWkdQb0xvNmNGYXdYM1Z0SkpteTRpeFhmNkR5blJrM3RQdWxjeXQyQjRHUDdzRmRLMVdCZmluUmRxV01BTXcxVkExRVUyWlZWX1ZlUV9oS0xCX0RBNjIwbEZYbFJ6MXotQjd2cFliY056WTJPT3ZVVmlSaDl3S0V2cXpDdE8wemJORjFMQ2hXQ0tMdnJla0Q2TnE0QQ?oc=5,"Mon, 25 May 2026 07:00:00 GMT",2026-09-04T09:04:26+09:00
GoogleNews:買い物　調査,買い物　調査,Z世代の2025年買い物調査、「ファッション」「推し活・エンタメ」が上位に - PR TIMES,https://news.google.com/rss/articles/CBMiakFVX3lxTE5qQXloMEhYMzdsZC1hQUt4Ymc3OENQUlBja1lIelJEUkJJXzVxSV9DTi1MZlJROFk3VTBoRUdlTFBocHFHOTdTNVZOQXFIcEdta2p4T2htYm9HcGNCQ0trWFJueUJYeEkyZmc?oc=5,"Tue, 23 Dec 2025 08:00:00 GMT",2026-09-04T09:04:26+09:00
GoogleNews:買い物　調査,買い物　調査,280万人のレシートデータから見る「買い物動向」調査 12月、全国・地方別の味噌売れ筋ランキング - global.toshiba,https://news.google.com/rss/articles/CBMipwFBVV95cUxObzdXRlVKazBoUFc5TGhjS2Rab2J2bTF0MllnM3hsejYyS3dDWHJzaGJVd0RVS3pXUS1FamxNZTNuUkpFQ2NDSElmaVlYVnBocXFSNms3OHBwSVo3Q2ludTkwNmRNbE1OdG5OWGpXUkM2S2hHb2lQcDdVOUJXU1dSUHRna1RDdWhXMzdBR2VxNUFpQU1WdllvOXNVVjFXYjBrWnNLODZaUQ?oc=5,"Thu, 29 Jan 2026 08:00:00 GMT",2026-09-04T09:04:26+09:00
GoogleNews:買い物　調査,買い物　調査,【2026年 買い物に関する実態調査】 店舗選びの新常識。「安さ・近さ」から「タイパ・体験」の時代へ - PR TIMES,https://news.google.com/rss/articles/CBMiakFVX3lxTFAzVFZFWGpmdGE0Q1dYUWNtSC1LbG5HZDVyRjFCTlhsbTUtYlZhelBVVXMxRll3c3ZVQWw3VnFnZl9rVmh4M2szVG9VWjg4UEpGelZkbUNkeXh0aUxaTlZscFd0TWRnWG5Qc2c?oc=5,"Fri, 24 Apr 2026 07:00:00 GMT",2026-09-04T09:04:26+09:00
GoogleNews:買い物　調査,買い物　調査,博報堂生活総合研究所 写真調査サイト『生活図鑑』第七弾となる「買い物」カテゴリーを公開 - PR TIMES,https://news.google.com/rss/articles/CBMiakFVX3lxTE5EeC1GV1p6QUlrdmk4VkF4NlBBQkMwZlV2QVBNYzVDWXByNms1TEZjb044U0tLUFhrWHN6UDQ1SkIwLUg2S1g4c0F6U2FtUG1Ic0ZDY2lVbW9RdWQtWmx3SVZmdUVIOUJwcGc?oc=5,"Thu, 02 Jul 2026 07:00:00 GMT",2026-09-04T09:04:26+09:00
GoogleNews:買い物　調査,買い物　調査,【深夜の買い物に関する実態調査】深夜1時は「理性がログアウト」する魔の時間帯。24kgの漂白剤、3kgの牡蠣…「スケール感の麻痺」が招く悲劇とは？ | 株式会社HADOのプレスリリース - PR TIMES,https://news.google.com/rss/articles/CBMiakFVX3lxTFBkUmhCblV0anQtay1GLUJSY19hUXFKcVJ1bWRfMm1YMUNBTzgxcG9vOFJaOGxoa1VBeUtCSFJnc2IycjBJc1Eza2JiNzhSMEpBdzU4WkFUclFDTDdZNDk4VnRVYjh6OFFEVEE?oc=5,"Tue, 07 Apr 2026 07:00:00 GMT",2026-09-04T09:04:26+09:00
GoogleNews:買い物　調査,買い物　調査,290万人のレシートデータから見る「買い物動向」調査 2024年～2025年の買い物市場を読み解く - PR TIMES,https://news.google.com/rss/articles/CBMiakFVX3lxTE81dXdPXzVwWTZCWGl6UXhnYldQemRqNmdzUmpJMHVFZTRKN3VTelFQNXFwYkc3TENxeUs4OUs4eDJINGVYQ1lxN0tQUnhQdVVCNDNaUzhMLUFBWG93andfcy1IcmVxOTZrNVE?oc=5,"Mon, 23 Mar 2026 07:00:00 GMT",2026-09-04T09:04:26+09:00
GoogleNews:買い物　調査,買い物　調査,【マイベスト｜買い物のストレス・選択疲れに関する調査】61.3%が買い物で迷い・不安を実感。情報過多による“選択疲れ”がメンタルに影響。新価値観「メンパ」を意識した買い物が重要。 - PR TIMES,https://news.google.com/rss/articles/CBMiakFVX3lxTE1mcTVmOW5RRExmcHlvaVJYNS1GYnhWckVXaklWcTRLNEU5Q3drMEl6MF9ud3ZiLW5FVGtvaFk5TEx1T2VWX1FGTHY5RnZWRGZ4azN2OHAwVnZhREk0elp3S0Q4VHVfODM4Nnc?oc=5,"Thu, 05 Mar 2026 08:00:00 GMT",2026-09-04T09:04:26+09:00
GoogleNews:買い物　調査,買い物　調査,mitorizが実施した食品と日用品に関する買い物調査の結果 - コマースピック,https://news.google.com/rss/articles/CBMiVkFVX3lxTFBLeWxoVTEzTDN5aDZVallZSmk4RmdPNVVOSFlZMmUwc3Q2T3RvZGhxUUVHaXZaNXRRbkVuRGJ4dXlTWnpaOGtnbmF3c1k2a2RrRnJjR2hn?oc=5,"Thu, 04 Dec 2025 08:00:00 GMT",2026-09-04T09:04:26+09:00
GoogleNews:買い物　調査,買い物　調査,物価高で6割以上が今年に入って「買い物レシートを二度見した」経験あり。約4割が「細かく見るようになった」と変化を実感 - PR TIMES,https://news.google.com/rss/articles/CBMiakFVX3lxTE9BcU5Fc2dhNldFLTRLRUlqblBxc0JSOXFHb0hXX3oyaEhWalNWc2xPdTZ2c1RWMjFNbVY4Rjh6VHZaODFHdl9jRGdHZkdqOEVJWGd2Y05kc041NHhtMXFlTW1OODVvY3o1WVE?oc=5,"Thu, 19 Mar 2026 07:00:00 GMT",2026-09-04T09:04:26+09:00
GoogleNews:買い物　調査,買い物　調査,「節約しながらもワクワクしたい」 2026年夏、消費者のお買い物意識をアマゾンジャパンが調査：commercezine - MarkeZine,https://news.google.com/rss/articles/CBMiT0FVX3lxTE5NU1NKc1M3Uy01NENwRUt3U1p2UUJxVEtrbVhQODY3aGJTaGV4WTRzeWdULXVuNUtvMGF2ODRseC1SdGJfbWE0eUpYbDBzMm8?oc=5,"Wed, 17 Jun 2026 07:00:00 GMT",2026-09-04T09:04:26+09:00
GoogleNews:買い物　調査,買い物　調査,もはや値上げは生活の一部？7割以上が「値上げ慣れ」を実感。約4割が「10円20円の値上げには驚かない」と回答 - PR TIMES,https://news.google.com/rss/articles/CBMiakFVX3lxTE1INlEtOGVxOXVoVUloVUpHcHBuOUlhRm5jeElucThQQlRWWDBzWTNLemNKTHhhV2VQMGl4X2V0T25DeHZyRU5RemdzM3dDU0pXSXR4UmJnVHJ2Q2czWVItVW1NY2RsRWRKSWc?oc=5,"Mon, 01 Jun 2026 07:00:00 GMT",2026-09-04T09:04:26+09:00
GoogleNews:買い物　調査,買い物　調査,AI時代の買い物、約5割がAIで選んだ商品で「後悔・失敗」を経験 約9割がAI活用後さらに情報収集 - AMP[アンプ],https://news.google.com/rss/articles/CBMiVkFVX3lxTE9xZTFuZDIxYXM5ZnM0Nko2X0lLbFZQSjBjbE5Ib0ZhTUkyNTZKU2VNUk1ha0V2MjI1UWM0aFFmZ056NFZSaGRveTdnaW9yTENwc1U2R1ln?oc=5,"Tue, 05 May 2026 07:00:00 GMT",2026-09-04T09:04:26+09:00
GoogleNews:買い物　調査,買い物　調査,「生成AI利用者」約7割が買い物で活用、うち約6割が購入 エクスクリエ調査 - ECのミカタ,https://news.google.com/rss/articles/CBMiWkFVX3lxTE9nVG13UnVqS2dtZ3Z5MjliYVQtb1ozZEU0NERzcWVSUlpmTTc2V2pzcUJEU0tyRGZUSVl3R0xCeS1BNXhET3plYzBBM1RBeTRzRW1QMlZ3X1ZQQQ?oc=5,"Thu, 21 May 2026 07:00:00 GMT",2026-09-04T09:04:26+09:00
GoogleNews:買い物　調査,買い物　調査,物価高でも「お金をかけたいこと」1位は「食」 くふう総研調査 - ECのミカタ,https://news.google.com/rss/articles/CBMiWkFVX3lxTFBWU2ZHSzhpRUxJVURpSzZrbWI5RWItaC01MzRVbklId1JDWm9FY0syMGpUbUxscl9sVUpMMjlzVTIzSTdTUUxzdFBZdzJhTnNlTThWRUlQREtPUQ?oc=5,"Tue, 09 Jun 2026 07:00:00 GMT",2026-09-04T09:04:26+09:00
GoogleNews:買い物　調査,買い物　調査,Amazon、ブラックフライデーの開催に向けて、「年末のお買い物に関する調査」を実施。「お買い得」「品揃え」「利便性」が3大ポイント - PR TIMES,https://news.google.com/rss/articles/CBMiakFVX3lxTFBfRlVQdk1CY2pvd2pBNlZMdTIxbTl2N3BLNEJYdjRHR1dxUDI5Y2s2SmdUY1pFeHBKY05OOG4xUVJvNXgyUk5QUW00ZU1EcEdSVzBqZVhlcnBlYjdUd2hiaGRRV0M1clVGd0E?oc=5,"Fri, 14 Nov 2025 08:00:00 GMT",2026-09-04T09:04:26+09:00
GoogleNews:買い物　調査,買い物　調査,ECサイト利用とそのAI利用の実態調査 - MMD研究所,https://news.google.com/rss/articles/CBMiXkFVX3lxTE5VaDVfTWNrM1VOSUd0SGVUNW05WE1Sc0RDU09PUWVBd3hhMC1lU0dOLXpoblh4TEFBem5EQkdfcExORjhYSkViX0tEbkhqLUEyUmkwQkFMX3BuUWdhY2c?oc=5,"Fri, 12 Dec 2025 01:03:44 GMT",2026-09-04T09:04:26+09:00
GoogleNews:買い物　調査,買い物　調査,買い物客の8割が求める「自分だけの割引」、小売業はどう対応すべきか：スマートリテール（1/2 ページ） - MONOist,https://news.google.com/rss/articles/CBMib0FVX3lxTE9ZUlZ6Yy1lRlZpRlRzV25GYVBvUGN6U0l0d1BtNDA4WHVZY2RiRktJMUl2MG14TFpEUmFoSTU2ZG9SdV9LT2d3Vm9fenFiM1lvN2VJXzBJUWFoTmZYUFJ4THhCYlFhamlsQU5mc0lGSQ?oc=5,"Thu, 19 Feb 2026 08:00:00 GMT",2026-09-04T09:04:26+09:00
GoogleNews:買い物　調査,買い物　調査,【ネットショッピングの購買行動に関する調査（2025年）】 Amazonの利用がトップ、ECモールと企業オンラインストアの使い分けが鮮明 ―エクスクリエ調査 | 株式会社クロス・マーケティンググループのプレスリリース - PR TIMES,https://news.google.com/rss/articles/CBMiakFVX3lxTE9NTHdNUjY5S19IeFdPZWJVZmZ3QVcxbHdsQ256b1l1NHJ1N0diVFF3al9XaXd4b0xEZzZoeVZRcU9VQVgxbU9LejVwVXM2WFpoNTZFNHZ3bUlKVjljODh2ankxQzRtam9DeWc?oc=5,"Tue, 28 Oct 2025 07:00:00 GMT",2026-09-04T09:04:26+09:00
GoogleNews:買い物　調査,買い物　調査,DHL調査:5年以内にAIが買い物を代行する時代へ、消費者の29%が容認姿勢を示す - コマースピック,https://news.google.com/rss/articles/CBMiVkFVX3lxTFB5Q1RROUpvb0JUZzQ0ZkZFZUY3S282blhLYkVDWGZwT3RzMjgxUW5oekRYVURTdjVTa1NsWDdJUnZpRDdoRkMtNXVDbEloeDRCNHdna3Vn?oc=5,"Fri, 12 Jun 2026 07:00:00 GMT",2026-09-04T09:04:26+09:00
GoogleNews:買い物　調査,買い物　調査,レシート意識調査2026:物価高で4割が「細かく見るようになった」、9割以上が紙レシートを受け取る結果に - コマースピック,https://news.google.com/rss/articles/CBMiVkFVX3lxTFBuWlZUZFhpOERoLWhMSUZGV2dxUUN2dUlYdFN4YkRlTmQwcE56X2FXaGh1UDYzN1UwYkxlLXQ3dDZKbzNfM0lVZXk5ZnBRUXBHQXUtNjV3?oc=5,"Mon, 23 Mar 2026 07:00:00 GMT",2026-09-04T09:04:26+09:00
GoogleNews:買い物　調査,買い物　調査,長引く物価高の長期化で8割の消費者が買い物スタイルの変化を実感！変わった点は「ポイント還元・キャッシュレスの活用」が最多に【mitoriz調査】 - 株式会社ヴァリューズ,https://news.google.com/rss/articles/CBMiV0FVX3lxTFBzc01GMGNNVUd1SVdmWXlZNkdXbE9hUS1ucnJlMjhUa3Fjcmwwb1ZlN1ZjdXlqTllnQ1JnakFZOUcwVEFZY2RveGt3OUlVallRbHJzdFkwQQ?oc=5,"Wed, 07 Jan 2026 08:00:00 GMT",2026-09-04T09:04:26+09:00
GoogleNews:買い物　調査,買い物　調査,"子育て世代1,000人への調査で判明 商業施設を訪れる理由トップは「購入したい商品がある」 - atpress.ne.jp",https://news.google.com/rss/articles/CBMiTkFVX3lxTFBhQmhmcEdfZk5LRVZuUkJORTE3T1dDLUFnUWplUk5Rb1lsdEl4cmpHVTV3MHlFVU5ESHEyeW9lNlBlNmN1MmdkcHhPQW5oQQ?oc=5,"Wed, 12 Nov 2025 08:00:00 GMT",2026-09-04T09:04:26+09:00
GoogleNews:買い物　調査,買い物　調査,大人気「ハンズマン」関西人は何を買う？商品数は28万超！驚異の品揃え 年間売り上げ“約348億円”のホームセンターで買い物調査 - TVer,https://news.google.com/rss/articles/CBMiS0FVX3lxTE1PeGlza1VhTEhtM3lMQTBqS2hKNlQwV293a1Vfc3BmTXp0b1VaQXBDSDNLZXUxalRNLXpDemxYeTRYWktwY21JM080aw?oc=5,"Wed, 15 Jul 2026 03:36:05 GMT",2026-09-04T09:04:26+09:00
GoogleNews:買い物　調査,買い物　調査,290万人のレシートデータから見る「買い物動向」調査 1月、全国・地方別のキャンディ売れ筋ランキング - PR TIMES,https://news.google.com/rss/articles/CBMiakFVX3lxTE9oc1FuXzllb05NdDlTV0VmakVvSTgyV09KSmpmME1peHIzMG82cUhWeldJMXVma0ZyTlBraVdzT1J0eHFLZkJKRW15SW9Vb3VHWk12elVrZHdlbGZzdXhpWi1sc0VlelZ6ckE?oc=5,"Wed, 25 Feb 2026 08:00:00 GMT",2026-09-04T09:04:26+09:00
GoogleNews:買い物　調査,買い物　調査,買い物で口コミを参考にするは94%。信頼できる投稿は「具体性」「写真・動画付き」。ネガティブ投稿への企業返信をチェックするは67%【口コミ影響力調査】 - ネットショップ担当者フォーラム,https://news.google.com/rss/articles/CBMiXEFVX3lxTFBKQzVjSmpVc0V2VjBJY3JQY2djT04wU2tlLUUtc1M1bmtXcHVnRDA1TGFKb1BweUl2NklPNF9KSTNWSU1tY085c1FKUU9aZW4yWDIwR3hRVGpCTGJi?oc=5,"Tue, 23 Dec 2025 08:00:00 GMT",2026-09-04T09:04:26+09:00
GoogleNews:買い物　調査,買い物　調査,買い物・ショッピングに関する実態・意識調査（2025年7月定点ココロスタイルリサーチ） - クロス・マーケティング,https://news.google.com/rss/articles/CBMiW0FVX3lxTE1PTlFvUTd0Z242UG5nQkFxQVdpR3dTLUxQMUNZOURPaTZkUmd6R2RKckJSX3BBR3ZlQ1VTYm1zby1JZVpvbEJkaXZvUWJ1bHY5TkZxbWp2SHFEQU0?oc=5,"Wed, 23 Jul 2025 07:00:00 GMT",2026-09-04T09:04:26+09:00
GoogleNews:買い物　調査,買い物　調査,「Amazonプライムデー」先行セール開幕 Apple製品も登場 特別価格で販売【きょうから3日間開催】 - オリコンニュース,https://news.google.com/rss/articles/CBMiW0FVX3lxTE1aWDBIbVpYRm5hbzVLOUZ6MVZTQ0ZYQWp6WV9jaW1IaUI1OVlfeW51VGhHejk5dklHZHU0bG1veVl0aTVCMDhxN1lsZHRVYVRtbnZzQTk4UzBDdEE?oc=5,"Tue, 07 Jul 2026 04:20:11 GMT",2026-09-04T09:04:26+09:00
GoogleNews:買い物　調査,買い物　調査,ECサイトの遅延・エラー発生時、6割以上が“静かに離脱”。別のECサイトで買い物は4割超【トラブル時の消費者調査】 - Yahoo!ニュース,https://news.google.com/rss/articles/CBMif0FVX3lxTFAyUml1RU9hOG1ZNE5tYTNlR2dFX251cDlseXFfaXhmZHR4MGp5SmFHUmFxWGRBb0xiNi14dWtwdnZqcUFOcWU1LUplM2dKZm5UdnJjZWdsMVEwQnRjUkNhclhKLUtreUlxODkyOEtwWmk3TlhMYk5BaEktc1hWRVU?oc=5,"Fri, 26 Dec 2025 08:00:00 GMT",2026-09-04T09:04:26+09:00
GoogleNews:買い物　調査,買い物　調査,"Amazonの年末買い物調査：節約意識高まる中でも品揃えとこだわりが重要、ギフト予算は平均11,102円で昨年比15%増 - コマースピック",https://news.google.com/rss/articles/CBMiVkFVX3lxTFBZcDVLdFBndmdaMjEzZW54bEFtV3ctbUhjekNIZk5ydHdCYkpuVms0RTc3U2xyT3hNVzlldEtMVXZFSnZyc2tZUGNRLXBaNGgxT3V6Umd3?oc=5,"Fri, 14 Nov 2025 08:00:00 GMT",2026-09-04T09:04:26+09:00
GoogleNews:買い物　調査,買い物　調査,日本の購買行動調査―購買行動から読み解く生活者の類型 - PwC,https://news.google.com/rss/articles/CBMikAFBVV95cUxNUk1IUFVhWk5FdENMM04yYzJ3N0FzaVdhX1VPUVpOVzcyUXhpTXdBNmhTeGZDcFplOFd0TURiODVuU2cxb1pmaVQ3WXB3YVFYWkFYRW1kNVVMa1hXd3pydDYxOWRPUjRBYzQ5OXAyaTZRQ0VPVjJPLXpGajl1RTJOejU5UFdScEZOY0ZiWldzcHg?oc=5,"Tue, 26 Aug 2025 07:00:00 GMT",2026-09-04T09:04:26+09:00
GoogleNews:買い物　調査,買い物　調査,【スーパーマーケットでの生鮮食品の買い物に関する意識調査】まとめ買いや仕事帰りの買い物が主流となる中、6割以上が - Digital PR Platform,https://news.google.com/rss/articles/CBMiQ0FVX3lxTFBzWGRXNzB0c0NGM1NlMVJPS05BOGdzNFFpYmp6NzEtdzNsVm4wc3paMFZBejBVVlg3eE9ERXhDVjVGT0U?oc=5,"Wed, 01 Oct 2025 07:00:00 GMT",2026-09-04T09:04:26+09:00
GoogleNews:買い物　調査,買い物　調査,"ママスタセレクトがマナー調査「スーパーやコンビニ前に犬をつないでの買い物、どう思いますか？」1,000人超が回答【ママスタアンケート】 - atpress.ne.jp",https://news.google.com/rss/articles/CBMiT0FVX3lxTFBfdWZwbnFzcFBEaTVTeHE0WEV1OHh6YmxWNFdtVWxOSGtqNWdkRWhnUW5NX09qUFp2SlgwTXJsd2N0Y2xrd2prZVBYVFFKTGs?oc=5,"Thu, 30 Oct 2025 07:00:00 GMT",2026-09-04T09:04:26+09:00
GoogleNews:買い物　調査,買い物　調査,共働き女性の約9割が「時間に余裕がない」と回答、創作品モールあるるが時短買い物に関する調査結果を発表 - コマースピック,https://news.google.com/rss/articles/CBMiVkFVX3lxTE9FMkQ2UEJqX2g1WW9jbjdTUW93UVpIY05ELUxkNHlBblBCMDdmeGFoWUlnZlAybXRoNU5CeTVQaS1heDdNV3JiU3VUeFJySnI5czg4Rnd3?oc=5,"Wed, 24 Dec 2025 08:00:00 GMT",2026-09-04T09:04:26+09:00
GoogleNews:買い物　調査,買い物　調査,＜Qoo10「Z世代・Y世代女性の購買行動に関する調査」結果発表＞化粧品、服、食べ物…最新の“買い方”トレンドとは？7割以上の女性が「成分や素材を見てから買う」 | eBay Japan合同会社のプレスリリース - PR TIMES,https://news.google.com/rss/articles/CBMiakFVX3lxTFBMUmNybThseTN1Rk5QQU91aGg4Yml3RHJqOVNmcXR3bFVNTTVlTEpJUUtGUGZiS3RVdG5XaUFxLWhzcU83c3pYWWpwcG02ZWZPd2JBSjh4UUJ1YWljaGJJSUhVb3c1NHh6Z3c?oc=5,"Mon, 06 Oct 2025 07:00:00 GMT",2026-09-04T09:04:26+09:00
GoogleNews:買い物　調査,買い物　調査,買い物環境アンケート調査について - city.gojo.lg.jp,https://news.google.com/rss/articles/CBMidEFVX3lxTE9WMjBiQ2dNekxNUnNnVzFIRjJWampuRnBFZ0x1bkxEcDRRSmRMbThwUklkWk5HRjNrSDBLSW4wZWdRQmFWeG5pNkVJOTR4dE5RMFJoMWc0TE5aNGJRNmEzMUJhcXFZeWN2QUs5b0M1cGtMWGV0?oc=5,"Sun, 02 Feb 2025 08:00:00 GMT",2026-09-04T09:04:26+09:00
GoogleNews:買い物　調査,買い物　調査,博報堂生活総合研究所 ｢消費調査｣2019年-2025年変化の結果を発表 所有物を二次流通に出すことが､新たな購買意欲へつながる｢対流消費｣が顕在化 ｢ものを手放すと､新たなものが欲しくなる(+9.6pt)｣ ｢ものが中古品として売れると､その売上金で買い物をしたくなる(+9.2pt)｣ - hakuhodo.co.jp,https://news.google.com/rss/articles/CBMiYEFVX3lxTE1KSUtSZVlKUktETU9sODA3b0ZZbzNVOUNsS2FQbHRQZEliVjNCQjlRQkQ4RW9Ca3ltOHZ5dFdfMFFrWHRQMkFqY1NIVzJIR1BmYVpuc1NJSXBkQ0NReVd2dw?oc=5,"Wed, 10 Sep 2025 07:00:00 GMT",2026-09-04T09:04:26+09:00
GoogleNews:買い物　調査,買い物　調査,【飼い主マナー】スーパーやコンビニ前に犬をつないでの買い物、あり？なし？＜ママのリアル調査＞ - ママスタセレクト,https://news.google.com/rss/articles/CBMiSkFVX3lxTE9CaE12SHRBNFVkM0U2bDFYOGRudXl1ZnJaVmc1OHdFbzRVdmY5NENxRGN3TTN4UnBMY29IbWFEazYxQl9lQjFBZ2l3?oc=5,"Thu, 30 Oct 2025 07:00:00 GMT",2026-09-04T09:04:26+09:00
GoogleNews:買い物　調査,買い物　調査,インバウンドの買い物約10万件をAI分析 北海道のチョコが全国区！？ - 日経クロストレンド,https://news.google.com/rss/articles/CBMiZkFVX3lxTE56S1NkVUtOZUhtYU13Mi1mVDdCanJiZGVJM2RrU2ZGYXExd3N6YjN4aGFYMFJBREZkd1NfcElxT0kxOFFZNmdJY2FQVEVFeDdpVThaOWpLVmxqRHRva0piVC1XX2JzQQ?oc=5,"Thu, 20 Nov 2025 08:00:00 GMT",2026-09-04T09:04:26+09:00
GoogleNews:買い物　調査,買い物　調査,北広島市買物環境調査の実施について - city.kitahiroshima.hokkaido.jp,https://news.google.com/rss/articles/CBMie0FVX3lxTE5hWWhUQzVxQTVDamNfZFowbE9hWmF6SlNGSnlRYnJUS0JSVW8xZmt3M1VsRnVLN09XVkJ5VUZYeWRaQTVIcG10LVlPWDBYZkxWMDRyanNVMjQ2VzNsMWg1SzFmdzlkOUc0MUNIWkd6dlNOOHN2TjFWRXA0UQ?oc=5,"Sat, 01 Jun 2024 07:00:00 GMT",2026-09-04T09:04:26+09:00
GoogleNews:買い物　調査,買い物　調査,お買い物アプリ「カウシェ」調査：物価高で99%が家計負担を実感、8割が「強く感じている」と回答 - コマースピック,https://news.google.com/rss/articles/CBMiVkFVX3lxTE4tZ3RIUk5NVGp4cWw3MXRESTFieUx1WEFPd3ZmVXZyMXVDZ0hTWjYxLUV4NWRuYXJMQnJJWlh0dFh4SlRoWHA0MFBhd2Z4ay1NTk1vZlJR?oc=5,"Mon, 06 Oct 2025 07:00:00 GMT",2026-09-04T09:04:26+09:00
GoogleNews:買い物　調査,買い物　調査,ママスタセレクトがおねだり実態調査「子どもとスーパーに行くと毎回買わされるものはなんですか？」【ママスタアンケート】 - Newscast.jp,https://news.google.com/rss/articles/CBMiR0FVX3lxTFBLZ1lYUlNiczNJMmd2NF9PTTYzdzhtcWhEUTU2TDZKSHpYOERSV3VTY0MzcllRUENEMC1OYmVMZjVROG5Fb3o4?oc=5,"Thu, 18 Sep 2025 07:00:00 GMT",2026-09-04T09:04:26+09:00
GoogleNews:買い物　調査,買い物　調査,Z世代はゴチャゴチャしたお店が好き？本音調査から見えた購買行動 - 電通報,https://news.google.com/rss/articles/CBMiS0FVX3lxTE5oQ1hSMDh6Z28wbzh4NUdXcVE5QS04VDNfUGI4QUcyM1ZVcEllRWUxUUYxU3FWYWNzdDNYVGZ2ODVjY1g0X1VfR1d4SQ?oc=5,"Mon, 18 Nov 2024 08:00:00 GMT",2026-09-04T09:04:26+09:00
GoogleNews:買い物　調査,買い物　調査,米の価格高騰で食生活・買い物行動に変化【ショッパーマインド定点調査結果：2025年4月】 - PR TIMES,https://news.google.com/rss/articles/CBMiakFVX3lxTE5lUGkza2pLdHY3RmMxdE01S1UyaGgyZHB5Y0JrU3BlWDQxWkFIX0pjWEhVX0t0akNqQTRDMjBzTlF0OVdGYkFVanJSOUFiRHNMbDZlTHpiY2ZiQ2VfNFBjcXo1QVN0RWg4UVE?oc=5,"Fri, 30 May 2025 07:00:00 GMT",2026-09-04T09:04:26+09:00
GoogleNews:買い物　調査,買い物　調査,ケアマネが直面する「高齢者の買い物課題」－調査から見えた支援のすき間と“新しい買物支援”のかたちとは - ケアマネドットコム,https://news.google.com/rss/articles/CBMiWEFVX3lxTE9saUlsbjhHc1pEcnBVM3hTWXdxMXpac29fN2lHQkNBM18wTkE3cWZ1VHIxNk1BSjJHRXJNZWFHSVdBZ2Rrak9hanRySWs4amx4aXdZaVZOWWc?oc=5,"Wed, 30 Apr 2025 07:00:00 GMT",2026-09-04T09:04:26+09:00
GoogleNews:買い物　調査,買い物　調査,博報堂買物研究所、「値上げ・物価高騰に関する生活者調査 」を実施｜ニュースリリース｜博報堂 Hakuhodo Inc. - hakuhodo.co.jp,https://news.google.com/rss/articles/CBMiYEFVX3lxTFA1VGpERDFXV2FiQXhSa3JGa0lqU1NLLUZrWEowdmY2TmpJVkIzMXF1UFI5RTgyb3dCb3pfaG56RWtzN1VXLXhYeXpMZFVXczNTRXVJLVlXN055dmFZQm0xaw?oc=5,"Wed, 31 Jan 2024 08:00:00 GMT",2026-09-04T09:04:26+09:00
GoogleNews:買い物　調査,買い物　調査,"ママ1,000人に大調査！ 「ママと子どものファッションアイテムのお買い物意識調査」を公開 - 株式会社ZOZO",https://news.google.com/rss/articles/CBMiY0FVX3lxTFAxeTVrZFpyQU5ubHJQUm5oaVc5aGxjWmN2TDQ3cF9YdmhzTVdnQXU3Zk1Gc3Y5elFUNHp3VURpZnNXaWprNGdEdmpuaExkcVJvb0RySGlBSTVveXc3dDF5X1RVaw?oc=5,"Sun, 23 Mar 2025 07:00:00 GMT",2026-09-04T09:04:26+09:00
GoogleNews:買い物　調査,買い物　調査,260万人のレシートデータから見る「買い物動向」調査 7月、全国・地方別のビール・発泡酒売れ筋ランキング - global.toshiba,https://news.google.com/rss/articles/CBMidEFVX3lxTE9rLWR4VkdDYXd4SE1hNk1wc01xOXN0Q3QtT0lXSlltS0YwRUpQcnVKbjFGeHMtTG50b2I3QndIcG9KaGZGUW1zSWJFQlFIMm5EaExRTnFWQ3VUVExoT3Z2LWZHWG45a3JNWUFJRnF1U0tleEdS?oc=5,"Thu, 28 Aug 2025 07:00:00 GMT",2026-09-04T09:04:26+09:00
GoogleNews:買い物　調査,買い物　調査,au PAY マーケット、2025年度の子育て世帯買い物意向調査を実施。買い物で意識したいことは「ポイ活」！一方で、正解が分からない「ポイ活迷子」も増加中!? | auコマース&ライフ株式会社のプレスリリース - PR TIMES,https://news.google.com/rss/articles/CBMiakFVX3lxTE1CdlMyYkw0cnlyWWF6VnpfT01Ja3FURWxMekRVbFBRazhUV19aSEVQN2RxMVJsY3pHcHZ6VVFGdFRid3Q0akg4cjBQdFlpNkotZGd3Q1JIRjBzVmRJeWxkLUNjaFpfaWJReXc?oc=5,"Mon, 17 Mar 2025 07:00:00 GMT",2026-09-04T09:04:26+09:00
GoogleNews:テクノロジー　健康,テクノロジー　健康,＜画像5 / 6＞歯の健康は体の健康！テクノロジーを活用してセルフケアをアップデートしよう - ウォーカープラス,https://news.google.com/rss/articles/CBMibkFVX3lxTE16bjlCQXE3b0hTY1ZuQjFlUExzazhNYVIyZ2owdzd2cGhQODN3ajNaQ2dJVTByQWZZeDBiYVlxZWx1Nm8tUFBEX1RmTUlhUEE5NHlpS0VHR01OaFV3bl8zSlF2YXlsZ0J4X2V0TVFn?oc=5,"Tue, 01 Sep 2026 21:43:44 GMT",2026-09-04T09:04:29+09:00
GoogleNews:テクノロジー　健康,テクノロジー　健康,つくば市民の市民の皆様の健康寿命延伸や生活習慣病予防を目指しPHRデータを活用した商品提案・健康支援による食生活改善の実証事業を実施 | アルフレッサ ホールディングス株式会社のプレスリリース - PR TIMES,https://news.google.com/rss/articles/CBMiakFVX3lxTE9wSHpPZ0NGTEJUbzRwUUhRd044eFU5WlNqZno3QzMxQ0VjZGVSb0xFb1dzMTBuZ0hncmlzVWx3MkhaVm92NTUwU1A4YmdmbDR3M0xib3hkeEZGSF92clNaWUdQQjlHS3V6bWc?oc=5,"Fri, 21 Aug 2026 07:00:00 GMT",2026-09-04T09:04:29+09:00
GoogleNews:テクノロジー　健康,テクノロジー　健康,働き方×AI×アロマ NECがテクノロジーで拓く健康経営の未来 - 沖縄タイムス社,https://news.google.com/rss/articles/CBMiXkFVX3lxTE9rTDF1M01mbWxZVEtJeU8xSmltUFpyVnlGWjAwM3M4NzdTd1hrZndKU19XUWI5WjlqRDRiMDBtbXlxMzd4N3FobEREZ1BXeWtSbXRudmY4a3ppNDAwclE?oc=5,"Mon, 17 Aug 2026 07:00:00 GMT",2026-09-04T09:04:29+09:00
GoogleNews:テクノロジー　健康,テクノロジー　健康,健康への取り組み - DXC Technology,https://news.google.com/rss/articles/CBMiWEFVX3lxTFBYMElGejdmNVN2ak16S0VxZHlSazNCdy14S2ViS0hVT01HSXJWUE5qSkxzcTVkdEFhc2FzT2Z4SFZJU0ExZHlBRmFqYkdmdkJqYUdJVDZTWmg?oc=5,"Wed, 10 Dec 2025 10:32:39 GMT",2026-09-04T09:04:29+09:00
GoogleNews:テクノロジー　健康,テクノロジー　健康,テクノロジーで“健康寿命”を伸ばすAgeTechの最前線 米国で関心が高まる - Forbes JAPAN,https://news.google.com/rss/articles/CBMiWEFVX3lxTE8wNE1qZVB4b2xhSzFVLWMyRUtBUWxiNlNLMDFMZ1FNVk5xVThYdkk0WjB1RTMwWTdPY1E0RW85MXI1ZTB0S3lTaC1DdjVYVEtBaHloT0k0aXE?oc=5,"Thu, 15 Jan 2026 08:00:00 GMT",2026-09-04T09:04:29+09:00
GoogleNews:テクノロジー　健康,テクノロジー　健康,「共創が拓く 健康・医療・介護の未来〜人とテクノロジーが築く安心社会〜」をテーマに国際モダンホスピタルショウ2026が3日間開催 - innervision.co.jp,https://news.google.com/rss/articles/CBMib0FVX3lxTE5vQWZDaF93aHV2cm1PeU41UUhTODZlcEI4cWd5MHJZNFZyZzN5dGlGM2ZieGRXRnl6X2htVms1ODNxUnVxSUhXamZfSm1aQVdqa1JkSDl3WFUwREFmU3JBS1E5M0JBd2dBbkRNNk11NA?oc=5,"Tue, 14 Jul 2026 07:00:00 GMT",2026-09-04T09:04:29+09:00
GoogleNews:テクノロジー　健康,テクノロジー　健康,食事データ×ウェアラブルデータで、 健康行動を価値化する新たなウェルネス体験へ ピクセラ、健康管理アプリ「カロミル」を展開する ライフログテクノロジーと共創に向けた取り組みを開始 - Newscast.jp,https://news.google.com/rss/articles/CBMiT0FVX3lxTE1IbUhsZWMwNkk4MEtBUnlUTEpVS00xMFdDVkU1NjhEcjFvdXJFaVhSR1h3bVhCeVBDS2phSlpLT2RJaFhSalhWcHgxNzhmSzQ?oc=5,"Fri, 08 May 2026 07:00:00 GMT",2026-09-04T09:04:29+09:00
GoogleNews:テクノロジー　健康,テクノロジー　健康,【締切5/13】「2026年度横浜市トライアル助成金」～健康・医療分野、バイオテクノロジーを基盤とする環境・エネルギー分野の研究成果・アイデアの実用化を支援 - スタートアップポートヨコハマ,https://news.google.com/rss/articles/CBMiZ0FVX3lxTFBpd0YtU09ZQ3NrSGNRbjhYaTNCcjRFQ2RrTVh3SUdINjhoZDJINF93aGFqSTFCWEZUTzMzZmJ6REFhU3gyQU5GbVBNLWZFUEZwZU40M0cwLW5hUUQ0LWxhWGtyTl9KN0E?oc=5,"Fri, 08 May 2026 07:00:00 GMT",2026-09-04T09:04:29+09:00
GoogleNews:テクノロジー　健康,テクノロジー　健康,健康に貢献する信念を胸に、新しいテクノロジーに挑む - otsuka.co.jp,https://news.google.com/rss/articles/CBMia0FVX3lxTFBNNGVZOW1tZXRxeFpUNVlvVFBOMkxWbWhtVjI4Sm12ZW5tRmptclhuWTRxVGhMclpKYV9RTV9mcjhxZEszNVFOSk8xdUxPZVk5RVEwSW5kdmlFNlAzTUpmMXBQdm95d2ZUaUUw?oc=5,"Tue, 04 Nov 2025 22:17:22 GMT",2026-09-04T09:04:29+09:00
GoogleNews:テクノロジー　健康,テクノロジー　健康,パーソルクロステクノロジー、Health ISAC Japanのアセスメントサービス「セキュリティかかりつけ医」に採択 - ニコニコニュース,https://news.google.com/rss/articles/CBMiVEFVX3lxTE1SeWRiQnJqaDVlWndiaXhfbDZKV2ZpZG1lVGNMeUdEM0tIdVVWdXZFMUFNQ3o5QWo3aE1FcUc5ZW9VbXVhYXpCZ2YwTVNWbVA4MVRlVA?oc=5,"Thu, 20 Aug 2026 07:00:00 GMT",2026-09-04T09:04:29+09:00
GoogleNews:テクノロジー　健康,テクノロジー　健康,“ヒト×保険×テクノロジー”健康診断書・人間ドック結果のデータ化を実現「スマートOCR：SDクラウド健康診断書パック」を提供開始 - PR TIMES,https://news.google.com/rss/articles/CBMiakFVX3lxTE9jT3pVWlNOb1BrWmRaeFU4RWFubHVFUUlBNWQwU20zc21NZlFyR1VVVWRKLXR5bkdab29EU1AyT2I5dUd1QXNlSGFneHg3NWVxNFVpYkYza01GVUMzYkt4YVdMMjJyZUJUX3c?oc=5,"Tue, 17 Mar 2026 07:00:00 GMT",2026-09-04T09:04:29+09:00
GoogleNews:テクノロジー　健康,テクノロジー　健康,【人生100年時代のテクノロジー期待度調査】健康維持と体の変化を補う技術に、いずれも半数以上が期待 - ASCII.jp,https://news.google.com/rss/articles/CBMiVEFVX3lxTE9YMkUtNHZ2NmtRV05GNEtLUGU5YTZudEFsdkZPZEFJOFZLWFFyLXFDWXBaYU1vQW5HVjU2QkJtX01fZ1EtcE8zYWRMcElWbkZ5MXRDOA?oc=5,"Wed, 24 Dec 2025 08:00:00 GMT",2026-09-04T09:04:29+09:00
GoogleNews:テクノロジー　健康,テクノロジー　健康,未来調査2026-2035 先端テクノロジー編｜日経BP【公式】 - 日経BP,https://news.google.com/rss/articles/CBMiWkFVX3lxTE5TLVRKT1VDblFfcUJRb1BsMnB1VnB0QTVVVWtyb01IalFpbHBob0s5R1ZGMzFoaWRVdHRpX3c1Z21TbWhQeFc0ZWxMd0VuTnB1WDBjVUVTZHJFdw?oc=5,"Thu, 02 Oct 2025 16:29:05 GMT",2026-09-04T09:04:29+09:00
GoogleNews:テクノロジー　健康,テクノロジー　健康,喫食データ×生成AIでここまで見える多様化する 健康意識層の“リアルな食実態”と商品開発・マーケティング活用 - PR TIMES,https://news.google.com/rss/articles/CBMiakFVX3lxTFBYNUstWTFkbWh1dkFkZmZhRDFiYTF5bW91YjR5TUlXQUk1U2ZOQWZpNGt6U2lfbXFtSEFOVTVJLVRWa2dZRUJ4TTB2c0VMdVVwR0Z0eDRlSl9JeFdJZGRMQndwbzV4WUZhcGc?oc=5,"Thu, 04 Jun 2026 07:00:00 GMT",2026-09-04T09:04:29+09:00
GoogleNews:テクノロジー　健康,テクノロジー　健康,カロミル×ぼんたぼんた、アンケート調査から生まれた“健康おにぎり”新商品を共同開発 - PR TIMES,https://news.google.com/rss/articles/CBMiakFVX3lxTE5IUnEzOHFIcXN2bE42WHptNERNbUhUTDlrWHVnM1BDdWlJTERFTzNtM0V3dFhDcHlySlB4VFNrQlBkUG5XU2RGbXVpWXBxcWZPVGYzWm5pVklMbUg1OWxGX3kwZlp1aXF3Wnc?oc=5,"Thu, 09 Jul 2026 07:00:00 GMT",2026-09-04T09:04:29+09:00
GoogleNews:テクノロジー　健康,テクノロジー　健康,女性活躍推進テクノロジー協議会、新検定「WETC認定女性健康経営カウンセラー検定試験」をリリース - PR TIMES,https://news.google.com/rss/articles/CBMiakFVX3lxTE45ejJIb1RqSEx2X3A2NlZmWUdOeDVUdHNxSUw3TFptWEpvdjlRQlpEcDFCZWp5bjF1MVRsVngtbU5nRDhqNVRLTzl5ZTkwLWttdEtMMXc4WnJyWHFUbDY2Z1lCNmZyVGpaMHc?oc=5,"Fri, 14 Nov 2025 08:00:00 GMT",2026-09-04T09:04:29+09:00
GoogleNews:テクノロジー　健康,テクノロジー　健康,スマートシティ×公共交通・都市DX・未来テクノロジー・人材育成・健康・自治体経営｜調布市70周年の寄稿も掲載──見逃せない最新トピックを一挙公開 - PR TIMES,https://news.google.com/rss/articles/CBMiakFVX3lxTE9sQTl5czhZN3lIX2lDRjdTR0VSWGxLZ0gtc3JMcnEwSmNvdGh5RFBZMzdjajVwcGd1VDl4V185dU5VcmRsckZTdncxVThhR0F4MTRVVkhZNDZiMGFTRkdqMTRWcDZiaXRNb3c?oc=5,"Fri, 05 Dec 2025 08:00:00 GMT",2026-09-04T09:04:29+09:00
GoogleNews:テクノロジー　健康,テクノロジー　健康,Flora、「第10回HRテクノロジー大賞」授賞式に出席 フェムテック×地方の挑戦に注目 - PR TIMES,https://news.google.com/rss/articles/CBMiakFVX3lxTE1JWUJKWmcxQm1QVEpsbXFIa0xUT3Vmdlp3SDNmUzJRSm1vSVR0RkdHbUhER0dhWVdEZkN6eG4temh1TmthVmhudmV6bnRIWUo1Zy1WZkoxcHkzOUxQdDVLcjdJZUg2cGdLQmc?oc=5,"Fri, 17 Oct 2025 07:00:00 GMT",2026-09-04T09:04:29+09:00
GoogleNews:テクノロジー　健康,テクノロジー　健康,株式会社KALOS BEAUTY TECHNOLOGY メディア向け新製品発表、体験会開催のご案内 最新の美容、健康、生活製品の新製品を発表いたします。 - PR TIMES,https://news.google.com/rss/articles/CBMiakFVX3lxTFBHQnNMY3NJLWd0SnlVYVhMMW5DZy1yRGFxeWJEMk1fQmhYQWw1c3Y3MGp1S3lzVWswV3I4bUg1MC1YWXlzRVEtTFJNVlVEeW9PMUFuRjBzUFZsWjFnakhMc0RFX2Y4bXFtLXc?oc=5,"Fri, 07 Nov 2025 08:00:00 GMT",2026-09-04T09:04:29+09:00
GoogleNews:テクノロジー　健康,テクノロジー　健康,食×テクノロジーで健康を支える - シルタス - MUGENLABO Magazine,https://news.google.com/rss/articles/CBMiX0FVX3lxTFBGaEpDV1h2R3Nfb0tkd3U4QThwMk4wVlVXUTkxd0wwTm9OS2ZtTElteEdfNklIMlhmX1RlcnByams3SEE5UXNyeUFQMFduLU5ocTJ1d0ZrZ1dUOG4xdmZn?oc=5,"Tue, 24 Jun 2025 07:00:00 GMT",2026-09-04T09:04:29+09:00
GoogleNews:テクノロジー　健康,テクノロジー　健康,富士通パートナーとして医療の最前線を支えるエム・オー・エム・テクノロジー、健康優良企業「銀の認定」を取得 - PR TIMES,https://news.google.com/rss/articles/CBMiakFVX3lxTE5qaUpQWUhrZ2lYaXplT2M4Tm1OdTFfSHdlZEI5NEdnQ01rdVdNWUxDOEZyMTFYTlNWWUZFQTNWOVY0MG1GM01UWVdIdmY3VVdsWkJWcDJPOUJfNlk5VXZRTmVmTVd0X3J3ckE?oc=5,"Wed, 30 Jul 2025 07:00:00 GMT",2026-09-04T09:04:29+09:00
GoogleNews:テクノロジー　健康,テクノロジー　健康,セゾンテクノロジーの健康経営は経営のためではない 社員の豊かな人生を願う社長のライフワーク (1/3) - HRzine,https://news.google.com/rss/articles/CBMiTkFVX3lxTFB2MEY2MXJKVjV2U0V1Y3hQdEdHZjlJd29DUHhsbm9qY1VpTHdSLW9JLUlOX1JuOHJQX21aV3FuVVJ3NEZxWTlfcW9Na2JfZw?oc=5,"Wed, 30 Jul 2025 07:00:00 GMT",2026-09-04T09:04:29+09:00
GoogleNews:テクノロジー　健康,テクノロジー　健康,ブリヂストン 女性特有の健康課題をテクノロジーの活用で解決する フェムテックプログラムを導入 - 株式会社ブリヂストン,https://news.google.com/rss/articles/CBMibEFVX3lxTFBLcENCeWdJdzdHczVDc2RwanBWR0lMQ2FJaG8taF9GX3JucjczRVRYc0FtdlQzejhHanRiQXJKSWp3ODdkQ0NOdnZrc2lISkhicnFzZDJTeVZvS1F4ckVDUmlqcW5ETHZPQm05ag?oc=5,"Thu, 27 Apr 2023 07:00:00 GMT",2026-09-04T09:04:29+09:00
GoogleNews:テクノロジー　健康,テクノロジー　健康,健康長寿のためのARDD：科学、テクノロジー、投資が再定義する未来 - EurekAlert!,https://news.google.com/rss/articles/CBMidEFVX3lxTE5PdEtabFVoY3A2Q1M4SkQyX2pOZFNaWWIzM1dOREJRR2stU2FrUXdvVTdhUXo5dF9FZ0NsUFdTVXo2QmJkRnpSRWhVZnlzZVRCMEQydzF6WVVSQXFBOFVRWmJDem9HbUVkOWlCX1NBSllVLUpV?oc=5,"Thu, 21 Aug 2025 07:00:00 GMT",2026-09-04T09:04:29+09:00
GoogleNews:テクノロジー　健康,テクノロジー　健康,日高地方の浦河町で健康教室を実施！ ～地域の元気と交流を促進～ 北海道ハイテクノロジー専門学校 - 滋慶学園グループ,https://news.google.com/rss/articles/CBMiT0FVX3lxTE8xeG0xbFF1OHBlY0xZQmNhWlNpWDFaLWtUb2poS0NuOTdVdmNFVXlxdFg5d3RFeTFWY203Ti1CNWpSR0R5NFdfT0lnV3VBdnM?oc=5,"Tue, 15 Jul 2025 07:00:00 GMT",2026-09-04T09:04:29+09:00
GoogleNews:テクノロジー　健康,テクノロジー　健康,体力テストのデータ活用で子どもたちの健康と体力増進を目指す。宮崎市教育委員会ら三者で連携協定締結 - ソフトバンク,https://news.google.com/rss/articles/CBMiXEFVX3lxTFBRNGZBNnJvdWh5YlZnRmkwR3hES29LRjFJdFJ2QTNkV0JkSGZNUHBHN1VTSlBYMHpwYk5ZUXhCVkxNS1NkZ19ZMWVHYXVPbWJxVk5uRFE5bUNFN3FJ?oc=5,"Mon, 02 Jun 2025 07:00:00 GMT",2026-09-04T09:04:29+09:00
GoogleNews:テクノロジー　健康,テクノロジー　健康,挑戦者2024：テクノロジーで女性の健康支援―― 杉本亜美奈さん - 週刊エコノミスト Online,https://news.google.com/rss/articles/CBMif0FVX3lxTE1hQUptVml1QnZUVHkwVGwzNDBEMHI5c3pvbXl3S05kU0ppelNmVmFfVWx0TTA0eE14UDVlbTNpNk1SRGlSZVdKYmhQMTdtSWxxemhJQ3pVYk55YmhOWnp3NG4xN1U2VlNLNHNIcFdTVElITHBUOUh0T2ZCSTUwMjQ?oc=5,"Mon, 11 Mar 2024 07:00:00 GMT",2026-09-04T09:04:29+09:00
GoogleNews:テクノロジー　健康,テクノロジー　健康,ライフログテクノロジーとハウス食品グループ本社が資本業務提携を締結 | ライフログテクノロジー株式会社のプレスリリース - PR TIMES,https://news.google.com/rss/articles/CBMiakFVX3lxTFBoMXJ6VmUzU3NIMXhDdjIyUzRhdXd4Mkh5SVVFaFBxcTJQV1pIYlRiVGlESGlYcldxbmpyQXdSRGY5U3JwNVlTNzZiWEdoVnZRMk5OdDdkbHU3MlYwRTFxRjU4dUtUS1p4RUE?oc=5,"Wed, 29 Mar 2023 07:00:00 GMT",2026-09-04T09:04:29+09:00
GoogleNews:テクノロジー　健康,テクノロジー　健康,先端テクノロジーを活用し新宿・初台エリアのライフパフォーマンスを向上させる「Wellness Lounge ™ 」をグランドオープン - PR TIMES,https://news.google.com/rss/articles/CBMiakFVX3lxTE1uWTEwc0VVcWF2UGszVktjSTlVNVUxTWh4aF9VVndMODV1QjFCbDRqakpEWEJaaDhwZkJPSUduTHVHNkFtT1hMYUdjancxS1QtbElFRjZBeHBfY2d2QnZUVlhSTHBvamJhV2c?oc=5,"Wed, 23 Apr 2025 07:00:00 GMT",2026-09-04T09:04:29+09:00
GoogleNews:テクノロジー　健康,テクノロジー　健康,【開催報告】グローバル専門家会合『超高齢社会におけるイノベーション ～テクノロジー・健康・介護・都市計画へのインパクト～』GCOA-HGPI共催ラウンドテーブル（2018年11月2日） - 日本医療政策機構,https://news.google.com/rss/articles/CBMiTEFVX3lxTFA3OVpaR3NJbE5lSEtqSkdLS1Bac1RxWkNyOVZxaVRleEpIODVaMXllMm41aTA0RFVOUVEzaXRWcTQyMzc1VUVXVnd1Um0?oc=5,"Wed, 16 Jan 2019 08:00:00 GMT",2026-09-04T09:04:29+09:00
GoogleNews:テクノロジー　健康,テクノロジー　健康,小児の時間外の健康支援アプリ『キッズドクター』がテクノロジーを活用した子育て支援サービスの展示会「BabyTech（ベビーテック） TOUCH」に出展 - PR TIMES,https://news.google.com/rss/articles/CBMiakFVX3lxTFB0RkN1T0dLRGZUQmJybVJFLWJBVWVWMENYUWNDay1LYUY1QUNxTEZ5OEZQNTJhNDJkZjIwbWxfWFFHS2RUbU8yV2NIRWhUNlJRRGxDUVJkdUZVTHBEQ18yYXZaZXpncHQtY1E?oc=5,"Thu, 10 Jun 2021 07:00:00 GMT",2026-09-04T09:04:29+09:00
GoogleNews:テクノロジー　健康,テクノロジー　健康,【協会けんぽ】社員の健康づくりを応援！『FAシンカテクノロジー 株式会社』の取り組みを紹介 - 日刊CJ Monmo Web,https://news.google.com/rss/articles/CBMiXkFVX3lxTE5oVzlPNEV3WXZhNnVKMW1TQVJLT3M2enFnLXdoNzh6eTVfUDBlRU9hVWI2NGNKQVFmMzBaN0JqYmZaSXZmYVJUeTZ1RzJmRW5jNUo4ZXVCZUUxN01WcEE?oc=5,"Thu, 06 May 2021 07:00:00 GMT",2026-09-04T09:04:29+09:00
GoogleNews:テクノロジー　健康,テクノロジー　健康,HRテクノロジーの活用で従業員の「幸福度」「働き方」はどう変化するのか - 日本の人事部,https://news.google.com/rss/articles/CBMidkFVX3lxTE03ZHVkR1N2YVQxNXdRbHBhY3ZQR1ZMRnU2NjZOSDRGY0p1a0ZPUGc1Q3JVNE0yb1QzenRMeUR3V0lfRmFpb0FBcFA3b2NtN284YzhBZ2tNU0JzQUt6UzR6UE1rVnQ2b1Z1NTV5dUtzX3VEcHR5QVE?oc=5,"Tue, 28 Jul 2020 07:00:00 GMT",2026-09-04T09:04:29+09:00
GoogleNews:テクノロジー　健康,テクノロジー　健康,日常を変える「テクノロジーの力」 スマホとスマートウォッチがもたらす健康管理革命 - ニューズウィーク日本版,https://news.google.com/rss/articles/CBMiZkFVX3lxTE1IeDlrd3MwTDNLQlBjdXZWRGxvNjFNY3VKZ21BNGZWOFpCMkI1TjgydWFzdWxIUU80Qm03M2hhUHFZcjh4UU14MUFaVnEwSVd4Tlh6R0xXeGpLV0tLeGZ3RGpVNmJkZw?oc=5,"Thu, 18 Jul 2024 07:00:00 GMT",2026-09-04T09:04:29+09:00
GoogleNews:テクノロジー　健康,テクノロジー　健康,「女性の健康課題をテクノロジーの力で解決！」 - TBSラジオ,https://news.google.com/rss/articles/CBMiUEFVX3lxTE4tNGZrMWpudmZIams0V3V5R3hYeWNObWtrNi1xVUcteE1HMmJaNnNLVTZqOGhwME1XZm9HdkhsTVNUbFVIbEhiU01kYjZ4dzFs?oc=5,"Wed, 15 Dec 2021 08:00:00 GMT",2026-09-04T09:04:29+09:00
GoogleNews:テクノロジー　健康,テクノロジー　健康,世界的健康ブームは「トイレテック」と「脳テック」 “自称健康マニアアナ”が見た世界最先端テクノロジー⑤ - TBS NEWS DIG,https://news.google.com/rss/articles/CBMiVkFVX3lxTE1DMGRURnlYTjJhdzN3b2dlN3FXUjlNWEl1Rko0RTlVU2h6bUNXM1A1WjZ2cjRXSmZTQWFkVTE1V3k3VTFWU2tOMHUybkRGNkRMRG94WmlB?oc=5,"Sun, 22 Jan 2023 08:00:00 GMT",2026-09-04T09:04:29+09:00
GoogleNews:テクノロジー　健康,テクノロジー　健康,女性の健康をテクノロジーで考えるフェムテックイベントに 漢方専門薬局が出展 「WEHealth2025」＠原宿 - Newscast.jp,https://news.google.com/rss/articles/CBMiR0FVX3lxTFBoRXhMSTdoY2V4cnAtUTF2dGpxNUxUZHpHZE5UWThwM1dEc09IYTB1U0toYkUwbXdIMnpCckxLTTJpYm44SzBv?oc=5,"Wed, 26 Feb 2025 08:00:00 GMT",2026-09-04T09:04:29+09:00
GoogleNews:テクノロジー　健康,テクノロジー　健康,JMDCとライフログテクノロジー、食事データを含めたライフログデータの活用に向けた業務提携を締結 - PR TIMES,https://news.google.com/rss/articles/CBMiakFVX3lxTE9vdUE0RFYwMFZiN1F1LWo1aURwSmNVb1RLcVZRV2l0d2ZlQXBYMU5LVWRZSHFUTV9VVnBuMV8yeW5JTGVSQ2E3bmlkcllCRjVDZC00VEpMVHliV1BKUGVJcXphNk8yRmc3Vnc?oc=5,"Tue, 07 Mar 2023 08:00:00 GMT",2026-09-04T09:04:29+09:00
GoogleNews:テクノロジー　健康,テクノロジー　健康,国際サービス貿易交易会、健康衛生分野に見る最新テクノロジー - 新華網日本語,https://news.google.com/rss/articles/CBMiWEFVX3lxTFBkNVE2TkpubVp2T2gxOGlWOHRnbHFBMUlyRzQ4REFsYnQyZUZFdG83OFVXN3c3QkVwQXZpdHcxdmZNYkNoc3kwVGVINzFzUjQ1UlJDNy05T3g?oc=5,"Mon, 06 Sep 2021 07:00:00 GMT",2026-09-04T09:04:29+09:00
GoogleNews:テクノロジー　健康,テクノロジー　健康,体表温度測定対応！最先端の健康管理テクノロジーを搭載したスマートウォッチ『HUAWEI WATCH 3』を発売 - PR TIMES,https://news.google.com/rss/articles/CBMiakFVX3lxTE9zQkxDSjNwWHNYYnpwM3prR3RqODYzeS1CbTQ2R01XUjNaSlVnLVRZcnltUzROYVpNUW1saW9wbXczTFZndmd1cVZqRVpsMW5hR0tsR05hNndjWGw1aDRqLWMySVEtQ0hOUkE?oc=5,"Tue, 13 Jul 2021 07:00:00 GMT",2026-09-04T09:04:29+09:00
GoogleNews:テクノロジー　健康,テクノロジー　健康,ヘルステックで変える未来の健康管理の在り方 ─テクノロジー活用で見直すセルフケアとは─ | AMP[アンプ] - 人生の豊かさを生む瞬間を情報でつくりだす新世代向けビジネスメディア - AMP[アンプ],https://news.google.com/rss/articles/CBMiVkFVX3lxTE9hMnpIT1FfR085N3BPcVpUUlZ2cjZQWVVkUVZXUmo0Q1kxTGQyS19zSnVMSzkwWFYwWWN4eVMwUzVPZ2NEckxJaTRpbzFYaGlMRFNaRlJn?oc=5,"Tue, 02 Nov 2021 07:00:00 GMT",2026-09-04T09:04:29+09:00
GoogleNews:テクノロジー　健康,テクノロジー　健康,米国で注目される新市場「ペットテック」 愛犬の健康状態からエサの量まで可視化する、テクノロジーの進化 - ログミーBusiness,https://news.google.com/rss/articles/CBMiUEFVX3lxTE5QSzduemdFanctZmRDWTk4RVFLSWk2YVdQWGc5Q3NRNHBUSUNDSTBRUVNzRzBYX1huN0VhLUJycFJMMmgzS0Nnb1ZmdDN4ZDhr?oc=5,"Mon, 10 Apr 2023 07:00:00 GMT",2026-09-04T09:04:29+09:00
GoogleNews:テクノロジー　健康,テクノロジー　健康,カロミルAPIが国立長寿医療研究センターの高齢者向け健康管理アプリを使った研究への採用が決定 - PR TIMES,https://news.google.com/rss/articles/CBMiakFVX3lxTE5GZUFNUE1UaDRpclNkTm0zbVFXWnd2TWY1WVpNUm4tcHBfNUVpQlBEVjR0MXlIdVNfUGxJdDRKRm8ydXBOMEpJeGQ5c2xMbmZBYkUwblg2UE1MS0pUMG9TMldWbkxYallnMEE?oc=5,"Mon, 17 Oct 2022 07:00:00 GMT",2026-09-04T09:04:29+09:00
GoogleNews:テクノロジー　健康,テクノロジー　健康,豊島✕最先端テクノロジー企業が健康促進・見守りをサポート「スマートウェアWEEK」2021年5月6日(木)から5月14日(金)まで開催 - PR TIMES,https://news.google.com/rss/articles/CBMiakFVX3lxTE5TV0NFcGZyX281OGhnRjZ3X05PS3p2SmtHeVJyMjVFdVJTbWkzM1NKOGpUWllzS2RTVHdfX0pWckZTU0VpNHVJbDFEeWFUc3NDVGE3TFlwSnFXcXlIb1pjZUVsMnNUanNfNkE?oc=5,"Wed, 28 Apr 2021 07:00:00 GMT",2026-09-04T09:04:29+09:00
GoogleNews:テクノロジー　健康,テクノロジー　健康,TEPIA先端技術館 秋イベント 「医療・健康×テクノロジー」開催 - Newscast.jp,https://news.google.com/rss/articles/CBMiR0FVX3lxTE54WW1pQUdfNllSejM2ZXE2YW90T0Nzb2ZjdHJXX252VlhKUmVWbnZaSGNvY01XUWplcjdBc3gyLW0xT1FmZDFB?oc=5,"Tue, 16 Oct 2018 07:00:00 GMT",2026-09-04T09:04:29+09:00
GoogleNews:テクノロジー　健康,テクノロジー　健康,高鍋町とライフログテクノロジーが連携協定 健康増進アプリを町全体で活用 - ひなた宮崎経済新聞,https://news.google.com/rss/articles/CBMiVEFVX3lxTE44VVZOLU5HQVQ3dmhJT0VRLUVsNTNXQ1dvWFYyRUN4bm5ERjNSNk10Y0FYbm0wNXpsczl5eFR6S1BkYkh1aGoyY1ZiOUZCQlloMTVBdA?oc=5,"Tue, 22 Feb 2022 08:00:00 GMT",2026-09-04T09:04:29+09:00
GoogleNews:テクノロジー　健康,テクノロジー　健康,心の健康のためのテクノロジー：AIの役割と未来のビジョン - AIさくらさん,https://news.google.com/rss/articles/CBMiXEFVX3lxTE5hQUZCRlgzMFVrSWhaVk9ZRFpCRE5rR2xnaXNhWmF4RFg1dWozdU9ldjB4UDR6UURfdjZIN0hsZmxydWJkbVlDSWIzSk9ncl8zV2xmNE5QUEY2U3RI?oc=5,"Mon, 20 Nov 2023 20:00:31 GMT",2026-09-04T09:04:29+09:00
GoogleNews:テクノロジー　健康,テクノロジー　健康,AIによる食事記録×歩数×体重×動画閲覧で新しい“健康経営”の形を提案 - PR TIMES,https://news.google.com/rss/articles/CBMiakFVX3lxTFAwX3FpSnh6LUZWOG5LeC0wdDNZbkl3RVQyRWJOTndsVGFXNm9OTWZfdDkyQ2djUUROQ1NvXy0tMDlrdmxXbjM1MHhyOFFuV2dRSWgxcHFvWmUyVEZSTTc2ZTJSNG1qRXZFU3c?oc=5,"Mon, 26 Jul 2021 07:00:00 GMT",2026-09-04T09:04:29+09:00
GoogleNews:テクノロジー　健康,テクノロジー　健康,ライフログテクノロジー、高精度の画像解析技術で健康管理のためのデータ収集をより簡単に - Housing Tribune Online,https://news.google.com/rss/articles/CBMiUkFVX3lxTE9Xcm1jZDRqOTdXdnVSOWFzVi1ubVR6THlJcnUwYUhGb2NiTFNnWFkwS2oxeUlSZmJLc2NOXzVqMDhXTnU1c3RUZWluZWF5SXFQZ3c?oc=5,"Mon, 24 Apr 2023 07:00:00 GMT",2026-09-04T09:04:29+09:00
GoogleNews:テクノロジー　健康,テクノロジー　健康,（株）あつまる、ファミリーイナダ（株）と業務提携を発表。AIとIotテクノロジーで健康経営の観点からSDGsを推進。 - PR TIMES,https://news.google.com/rss/articles/CBMiakFVX3lxTE00dWZOMTRiM3pFaWRlclNxN1dXSUNWcHB5QjhMRHYxRlk0TDNHemZNT25DbFVtcF9xRmxjLXJCOE9GZEhySlp2eUFpUTVjbEg3ekNkdWRJdVpoSnFlYlhZejJCeVNZazN2REE?oc=5,"Wed, 22 Sep 2021 07:00:00 GMT",2026-09-04T09:04:29+09:00
GoogleNews:テクノロジー　健康,テクノロジー　健康,【グミの新たな可能性】健康食品・サプリメント系 グミへの活路を開く｜スターチを使わないグミ成型機を日本で販売開始 - PR TIMES,https://news.google.com/rss/articles/CBMiakFVX3lxTE5LQzl0RHNFVC0tOXA2SUR4M3NJZktNY3ZMSk44ZDNuTm5iSTUtbzNoUm5nZV9FeXVuNEJwaUU0VTBUeS1nc1B0dEZ6aE5sUzYtZ3dnSVc5a21XdFJxaU83UUZBcU1fWGdvcWc?oc=5,"Wed, 19 Apr 2023 07:00:00 GMT",2026-09-04T09:04:29+09:00
GoogleNews:テクノロジー　健康,テクノロジー　健康,健康管理アプリ「カロミル」に「バーコード読み取り機能」と 「食材を組み合わせて My メニュー作成機能」を新たに追加 - PR TIMES,https://news.google.com/rss/articles/CBMiakFVX3lxTE8talRvS29GN0lCUm5LTXlvSVFURzc5VHpCb0ZPUUpKczY5c0MwbTJWN1REQTB4cWw5ckFYWGEyTVFhbU9rX2lYYkJ0RWQ1bGdTRkcyc09lSUVweFJPWW5SZGRHakJyZ2V6TUE?oc=5,"Fri, 26 May 2023 07:00:00 GMT",2026-09-04T09:04:29+09:00
GoogleNews:テクノロジー　健康,テクノロジー　健康,明治安田生命が生活習慣改善につながるサービスとしてAI身体計測テクノロジー「Bodygram」を導入！保険加入者の健康診断結果改善に向け、日々の体型管理をサポート - PR TIMES,https://news.google.com/rss/articles/CBMiakFVX3lxTE9jOHlvQnRxd3ZIN1lpVnVtbXJwS3VjbWRibHo5TEFqeVozTEVnazcwRmVMVE1fRjlUd2tzWXJiQ1RQa050VV9oLS1yX1hkc1JrVHQzRTR2OUd2VlZuT2QwNGVyT0o4Q2t4N1E?oc=5,"Mon, 06 Feb 2023 08:00:00 GMT",2026-09-04T09:04:29+09:00
GoogleNews:テクノロジー　健康,テクノロジー　健康,攻めの健康経営を実現するAIテクノロジー！メンタルヘルス可視化システム「StressReporter」を開発 - PR TIMES,https://news.google.com/rss/articles/CBMiakFVX3lxTE1KRkxtQXJXUzlRT2Q3YUxXcFRxZ3lHRWltYzMxcHhxTV9oWnRxTEdjZUpnNWEzZHFTcGxLU0VYcEIzdnNCWGpvQ09kRms5MlZ2dnUxRGFydEVWaHBpRllQcVQ4bGFiTjBfYXc?oc=5,"Tue, 06 Dec 2016 08:00:00 GMT",2026-09-04T09:04:29+09:00
GoogleNews:テクノロジー　健康,テクノロジー　健康,人生100年時代！高年齢労働者における“フレイル”早期予防に向け、清掃業を展開する大和ライフウィズでAI身体計測テクノロジー「Bodygram」が導入 - PR TIMES,https://news.google.com/rss/articles/CBMiakFVX3lxTE5SanIzRG5TNDNZNHptOEJuRm51NFBTNW9DZnhFcUxTNmd4a0JtOEhBUTVFdmFJQ2I1UDRadUtMZUllYy1jRUJrT2JxTXRaQUZfSXJJbUoxemtieUpYeGRQZ3lJY2hta0FPRFE?oc=5,"Wed, 21 Sep 2022 07:00:00 GMT",2026-09-04T09:04:29+09:00
GoogleNews:テクノロジー　健康,テクノロジー　健康,女性の健康課題をテクノロジーで解決 「フェムテック」への期待 - NEWSポストセブン,https://news.google.com/rss/articles/CBMicEFVX3lxTE9ndDhzampHV1piZFlwd3MxR3NGT0l3SFF1RUVjXzlZdHVpT2dwa21OdGpHYkgxczZWWmlWZ1hDaDBDdW9ORkFMYjJEX2h3SUFQZ0loOHVvdWg1cURVeEZTQnd0OFh3UnhHaFc4VmhHMUs?oc=5,"Sat, 20 Mar 2021 07:00:00 GMT",2026-09-04T09:04:29+09:00
GoogleNews:テクノロジー　健康,テクノロジー　健康,健康管理アプリ「カロミル」、BMI25 以上のユーザーの減量率が 80％以上に - PR TIMES,https://news.google.com/rss/articles/CBMiakFVX3lxTFBmaGZYTHJYT21qMlR1Z09lbUFkZWlTYWVYMHU1SFJvWWNxSC13TWlZaTJ2WHlta3dUTEc0alAtZkNST1FNWm96MlFWX3BKNGFVZkluOTZhdTlIM1J4Rkp0dVRYcVhJM2xtdGc?oc=5,"Thu, 24 Feb 2022 08:00:00 GMT",2026-09-04T09:04:29+09:00
GoogleNews:テクノロジー　健康,テクノロジー　健康,「野菜を食べれば健康」は思い込み？ テクノロジーがもたらす“食”の付加価値 - seikeidenron.jp,https://news.google.com/rss/articles/CBMiTkFVX3lxTE45WTFLaHM1QVVwVktJRUV3bm5KZ0VMVDdBMzdkZy1rMTViYXQ0akNzNlhsaVdXSk9nbU5oOFFhcHJyVC1sRWtzTnkzNUVwQQ?oc=5,"Mon, 04 Dec 2017 08:00:00 GMT",2026-09-04T09:04:29+09:00
GoogleNews:テクノロジー　健康,テクノロジー　健康,ＣＳ新時代／ニッセイ情報テクノロジー−自立高齢者の健康増進 - 日刊工業新聞,https://news.google.com/rss/articles/CBMib0FVX3lxTE1SOExKT0NEbEJXb2Y1NllaS3c4ZDFKUXdoUHUtc3hCWW91Nm1Zc2lKeWhxT2dHbWd3eU81QmZTRmJhYWFlOGxIQ0pJMzdwTm9tcjZ0bnlXSWdybU1oVFVSRGZ4SThOX2JFbTVaeWNiWQ?oc=5,"Fri, 16 Feb 2018 08:00:00 GMT",2026-09-04T09:04:29+09:00
GoogleNews:食　政府,食　政府,移民と社会：特定技能「制限」 食の現場困惑（その2止） 上限突破、政府「分かっていた」 - 毎日新聞,https://news.google.com/rss/articles/CBMiaEFVX3lxTE1ob0tQRXFlQWZ4ZUNxbTNFYXpuWnhjZzdNRFBESDhQUVZnRnlKQko0cE9fcDdITDJSajlsM19NbnAwLUNTbUctR2s4NjdyMzYteXhJajFCWFNzdGxyV2VFOFNLVXNwRVNF?oc=5,"Tue, 18 Aug 2026 07:00:00 GMT",2026-09-04T09:04:31+09:00
GoogleNews:食　政府,食　政府,フードテック（前編） - 政府広報オンライン,https://news.google.com/rss/articles/CBMiZ0FVX3lxTFBTQnl5NkdUQ3BFZU1hOEdSWXo2WXIwUFVSRXBKYTIyTk9MdGNRQWRjTWpzNC1VeE8tejU5WGZLa2VoTXc4U1ZkMGJUUjFmcW4tZHE0QzZWOVg0ZW1rb0M2alFlTnRnaDA?oc=5,"Thu, 09 Jul 2026 07:00:00 GMT",2026-09-04T09:04:31+09:00
GoogleNews:食　政府,食　政府,｢政府の人口統制､5Gで操られる…｣《コオロギ昆虫食》給食コロッケから始まった大炎上→倒産したグリラス元社長の告白 - 東洋経済オンライン,https://news.google.com/rss/articles/CBMiW0FVX3lxTE9rdW11c0F5amVtWkhsYVptaGUwUVVaNUtwakV1bXlzSU14YTVoN1h0NUpqU0NqRTFCX2JtcWlENy1xbnV0NHc5ck9BOUdHLWp0MVI2bkl3N0Y2Vkk?oc=5,"Tue, 04 Aug 2026 07:00:00 GMT",2026-09-04T09:04:31+09:00
GoogleNews:食　政府,食　政府,政府、フードテックに9.7兆円の官民投資を想定｜植物工場、陸上養殖、食品機械、新規食品の4分野 - Foovo,https://news.google.com/rss/articles/CBMib0FVX3lxTFBSVzNZTEFzTnh2c0hMOENERmtSelZpT0M3a3FvNjh1TmhXQjQwRVNXU1NCRC1nbmtFMXF1OGpxSFgtY1A3OThmdkVSanE1b00tVFozOG82VmdNeW5tVkNnZ2pFcXlkT01JaVlqZnFjcw?oc=5,"Sat, 27 Jun 2026 07:00:00 GMT",2026-09-04T09:04:31+09:00
GoogleNews:食　政府,食　政府,政府の成長戦略17分野「フードテック」や食と農林水産業の未来を「協創」する研修型カンファレンス「ONE SUMMIT 2026 in 新潟」を開催 - niigata-nippo.co.jp,https://news.google.com/rss/articles/CBMiXkFVX3lxTE5VckZZT3E4Wi1vcHp0NDFSQXJBQjlFbm1uNHRZbklPUGVyOGsyOEI4dWEyeGNhTHBrQzlQQmM2VTFZMUVYLWsyODVMaVFzd2dRTzNIa01kNDB5bnNrNEE?oc=5,"Mon, 06 Apr 2026 07:00:00 GMT",2026-09-04T09:04:31+09:00
GoogleNews:食　政府,食　政府,過去最大規模「FOOMA JAPAN」開催へ、政府成長戦略「フードテック」の実装焦点 - MONOist,https://news.google.com/rss/articles/CBMib0FVX3lxTE85OU5Uc3U0U3R6UkM1TW1BWmNLUnZ6Q2p6Yk1lOFpLQ1cya1pweGFzTUp3QTRUMTE1ZWdPMDNjcUpoamt4QW1sQ0xva1hoLVY4X2JQd19XcUV0bmxtUzN1WjFkYkRnUTlZNENvcmNrVQ?oc=5,"Fri, 03 Apr 2026 07:00:00 GMT",2026-09-04T09:04:31+09:00
GoogleNews:食　政府,食　政府,【お知らせ】2025年10月こども食堂へ政府備蓄米の無償交付の追加支援について - musubie.org,https://news.google.com/rss/articles/CBMiTEFVX3lxTE51eFhFZEt0LWpWOHp5UHQ0X2FBRlB1TmFGLTZSazRMU05WcVdDQ3dCTVVJZlZra1AydDdUZFJFMGFrUkJtOEdNVWcxZkI?oc=5,"Wed, 08 Oct 2025 07:00:00 GMT",2026-09-04T09:04:31+09:00
GoogleNews:食　政府,食　政府,イラン攻撃による原油高騰リスク ～政府の物価高対策が食われる～ | 熊野 英生 | 第一ライフ資産運用経済研究所 - 第一ライフ資産運用経済研究所,https://news.google.com/rss/articles/CBMiW0FVX3lxTE5lRHhGa1d3eTZnTXZjV2x0NUx3UXBpVzBxUDZfeEZXek8ydFNQV1RVekdMSXlUU3NONG9UcnhXTUNwaEY4TDVTZDI1UlhyV1k1ZVRTTkV5bjY0aHc?oc=5,"Mon, 02 Mar 2026 08:00:00 GMT",2026-09-04T09:04:31+09:00
GoogleNews:食　政府,食　政府,アメリカ政府が新しい栄養摂取ガイドラインを発表…タンパク質、脂肪を摂り、糖分を避ける - Business Insider Japan,https://news.google.com/rss/articles/CBMiiAFBVV95cUxQcC16Sm1oemxSeTVNb2d4R21hanhNcDhaMUhwdzBVa21Zd0FEWktwZnRCNFZaRmlxOGdMRHBfdHRfRi14RWRRbDh4MjVJczZfWFEzcXptTDJsU2dZYk92SDFaRGs2WXI1WGtsNVEtQXVVU1ptYkRaMnE1ZldsdzVRM2VVRkpQWG0t?oc=5,"Sat, 17 Jan 2026 08:00:00 GMT",2026-09-04T09:04:31+09:00
GoogleNews:食　政府,食　政府,音楽から食・文学へ拡大する韓流…韓国政府の報告書が示す新潮流 - AFPBB News,https://news.google.com/rss/articles/CBMiUkFVX3lxTE9QTnNoWkw2MTNqVlc0YUw1U2xXZEtTN19OTWwzeVB4RnlGWjNGS01fZUJoTzBDVHNoZkI3dXRvclBLS1Rza3R6N3o1bl92Nm5PcnfSAVRBVV95cUxPcXowWm1Yb2FBQlYwbkJtMGdpelpldmxvNk1pZW5yTlVYT2gyY3duQm5nSnFMUTlsVkVrZXdTU3BhVV9QaWlBV3luVFVvQ2xtbGF5Vms?oc=5,"Thu, 26 Feb 2026 23:02:20 GMT",2026-09-04T09:04:31+09:00
GoogleNews:食　政府,食　政府,“食”の適正価格へ 政府の「フードGメン」が始動 公明推進 2025.10.28付 - digital.komei-shimbun.jp,https://news.google.com/rss/articles/CBMibkFVX3lxTE1EM0pYVkVwYThla0FFZlcyWFZZYWN1QmNSNTNnUmR0dzNLM2dpcTQwckNCQWhiTWpvVTQwbVNOWlJFbUtDNTVfdC0yVzBVTU55LUo0X05iRlFhdDRMRm9mWndOUHM1WEpjTjA3NUt3?oc=5,"Tue, 28 Oct 2025 07:00:00 GMT",2026-09-04T09:04:31+09:00
GoogleNews:食　政府,食　政府,音楽から食・文学へ拡大する韓流…韓国政府の報告書が示す新潮流（KOREA WAVE） - Yahoo!ニュース,https://news.google.com/rss/articles/CBMif0FVX3lxTE1SYkZsVklKNHc5eFIweno5TDludmlJbmxaMjdablcyZ19zSGpNNjVPVFFtNnpEX1hIUGpyck8wQ2hTZEhxbG9LdzZGR0hfbG5IclpXUXpzdVhDcjJkb2RyemxYMjB5cmN5NE1rNmlmRjQxcVhxdWhRS2lFMmc1ZjA?oc=5,"Fri, 27 Feb 2026 08:00:00 GMT",2026-09-04T09:04:31+09:00
GoogleNews:食　政府,食　政府,政府、フードテックWGを設置 17の戦略分野で成長戦略の検討体制固める - Foovo,https://news.google.com/rss/articles/CBMib0FVX3lxTE1UZUI3U1RjV0w2MTY0S3F5QU03T2tqZzY3QXlFeVRaMnF5UXBNVmlZU2RROV9sdXdXU1h3MHBVY3VEcDRTdXpLWVlkMEI4ZjN5ZGdJMTgxbHhGNDBTbmFkRzdzYi1ZWFVHNlZRWjNWSQ?oc=5,"Fri, 26 Dec 2025 08:00:00 GMT",2026-09-04T09:04:31+09:00
GoogleNews:食　政府,食　政府,『令和のコメ騒動』（11）令和8年産はどこまで下がるか？ 備蓄米買戻しの必要性 食料自給率と安全保障 第21回 - mri.co.jp,https://news.google.com/rss/articles/CBMiYkFVX3lxTE8xWW80OG0yV2lxTGoxNVlBSU9XUEJTSmxKN04xSkJYSy1tSURvT0R5ZUJMSGFBNlBDeWNiRTVTRWhYMzBNYzZfdjlZZWpwSW1DTGZTejJwYTJOZGdRNUxVY3Z3?oc=5,"Fri, 24 Jul 2026 07:00:00 GMT",2026-09-04T09:04:31+09:00
GoogleNews:食　政府,食　政府,米政府閉鎖受けウォルマートがフードバンクなど支援 - sustainablebrands.jp,https://news.google.com/rss/articles/CBMiWkFVX3lxTFAwOVhkRXE0dmZXTnI4ZnlzcndFU1h0MHpCR3hBWVBhRUFWWEhXU1g1X29kb0REcThTOEVKcHpZUWFQeER5OU5WUUtFYVRkd29mYVJGbUNBM0p6Zw?oc=5,"Tue, 01 Apr 2025 13:47:24 GMT",2026-09-04T09:04:31+09:00
GoogleNews:食　政府,食　政府,ジャンクフード広告を禁止する措置、イギリスで施行 - BBC,https://news.google.com/rss/articles/CBMiX0FVX3lxTFB4UUhqRG8wbnE2NlRwUmhxRzJLRVpDR01MTWNFak92a2duUnU2OHppSlFiN2xMa1BBbTk1M0VMbVVpbDNuelpZTGlqSlZKODdXMlJYMjJBcWowRjhYZWhN0gFkQVVfeXFMT2I4OXdiYk5ydE91TUhvRF9kdk80cVQxOXRWSjVhNTNVek8wS3hHN2Q4MkxGS0M3QnRvZ09NT1hLeWRhMDlaSk1rVnRfNzBEMWNNNkRidHZDQS1ZQ2Vpbm5COWlCbg?oc=5,"Tue, 06 Jan 2026 08:00:00 GMT",2026-09-04T09:04:31+09:00
GoogleNews:食　政府,食　政府,訪日客の「食」関連消費３倍増４兆５０００億円に…２０３０年政府目標、コメ輸出は８倍増 - 読売新聞,https://news.google.com/rss/articles/CBMiZEFVX3lxTE5tZHhCNWlhdG54clYyRmhWN0RVU2x0VWZEYmZXcXdSM3BROGFhVDdwWjFfNnpja2F4UC1VeVpTbFZxYWp6dEU4UERiZGpCZUhNVGtxTnMwUjZ1N1ZHY2E4Skdfb0Q?oc=5,"Thu, 27 Mar 2025 07:00:00 GMT",2026-09-04T09:04:31+09:00
GoogleNews:食　政府,食　政府,【お知らせ】こども食堂へ政府備蓄米の無償交付の追加支援について - musubie.org,https://news.google.com/rss/articles/CBMiTEFVX3lxTE9CTDZFUkVpeERnd0VSZUlJeWVCT1Z5OE00cVJtQm9Zak8yQ2VXTThOT0V3QV9DaFI5M3dtMUp5cEZtV0o4Q01OSzVmXzQ?oc=5,"Thu, 10 Jul 2025 07:00:00 GMT",2026-09-04T09:04:31+09:00
GoogleNews:食　政府,食　政府,シンガポール政府観光局が、食文化を通して新たな旅を提案 西武鉄道のレストラン車両「52席の至福」で味わう「予想外の体験。シンガポール」 - PR TIMES,https://news.google.com/rss/articles/CBMiakFVX3lxTE9aQ252SFZ3VWFReWQ2a2VIcEFNM1piQ20xQUVQcFoyaTNKcF9vUTJGQURDUEhyQXhNQzFIS2stTWNqaFlObGFXeENLTzdMT2NpVzY3S1VJTGcyS194NTZCUW9veUFVMjRRRHc?oc=5,"Mon, 09 Dec 2024 08:00:00 GMT",2026-09-04T09:04:31+09:00
GoogleNews:食　政府,食　政府,日本政府「成長戦略17分野」のフードテックで農業課題を解決するAGRIST、北米市場展開に向けて投資家や現地企業パートナーシップ構築を加速 - 日本農業新聞,https://news.google.com/rss/articles/CBMiWkFVX3lxTFBuSG1GRVQ4RFJSYk03NVBubXA5WHJFRGNjQnhDa2RFZC1oZkdTV3RtUHVPWkhhbnNobi1ucjF1bGIzbWhOWXFWUU9qRjZWT29kQ0xzaTFyUjNqdw?oc=5,"Wed, 08 Apr 2026 07:00:00 GMT",2026-09-04T09:04:31+09:00
GoogleNews:食　政府,食　政府,食料補助、４２００万人ピンチ 長引く政府閉鎖、資金枯渇―米 - 時事ドットコム,https://news.google.com/rss/articles/CBMiY0FVX3lxTE01bHZTNmx6VVU4aGpjUC03c3pGZXRCOWZ1elYwc2ZmZ1pEVDZqQ0ViZDd4NU1BbU9QT1ZpZFU3ckRFYlh2T01rTG9nTGp4SWExdktyUFIyUkFGclFNbktkUjRXSQ?oc=5,"Tue, 28 Oct 2025 07:00:00 GMT",2026-09-04T09:04:31+09:00
GoogleNews:食　政府,食　政府,宇宙食料領域における政府主導の研究開発プロジェクトにSPACE FOODSPHEREを代表機関とするコンソーシアムが選定 - PR TIMES,https://news.google.com/rss/articles/CBMiakFVX3lxTFBJYzV6cGFRekc5dGhCeTRsaDV0M09VcHRlenFqQlAxRXUtUUVIYlVsLU1WNDgzSUM5d0Z6ZHM4d1BOemFKRkZEekFBV0xoY3hCa2FUU05fTmhzTXVmSG1YandnSFhzTGNMX3c?oc=5,"Fri, 03 Dec 2021 08:00:00 GMT",2026-09-04T09:04:31+09:00
GoogleNews:食　政府,食　政府,世界初、培養肉がデリバリーでオーダー可能 シンガポール政府のフードテック推進で実現 | 未来コトハジメ - 日経BP,https://news.google.com/rss/articles/CBMibEFVX3lxTE5DaGVHa2FqNG0xaTBJQjFTOHlNWVRNdkVGdWxhSEZCM3RzQ2VocmdtWllTVVcxQ0ZBRVNTQjBNemlEOW1LV3NvT2tuVU1icldSTWM4d25OYWhnZGRBc3BfNll4OHJFRGNFS3JiUg?oc=5,"Tue, 17 May 2022 07:00:00 GMT",2026-09-04T09:04:31+09:00
GoogleNews:食　政府,食　政府,フードバンク道南協がＮＰＯ法人化 政府備蓄米無償交付対象に 「さらに安定した提供を続けたい」＜みなみ風 - 北海道新聞デジタル,https://news.google.com/rss/articles/CBMiWkFVX3lxTE9kS1RGQ0dHQW9BcGtwS1hkQVZibkFhMFl5NE9RS0puUHBPa3NEUkZiVlBFdEluaEM1TTViLUx0dUVJNG0wd3o1UHNPNlYzUHZmZUtfNkxQcmdadw?oc=5,"Wed, 25 Feb 2026 08:00:00 GMT",2026-09-04T09:04:31+09:00
GoogleNews:食　政府,食　政府,子どもたちにご飯を！農林水産省が食育目的で備蓄米 Jミルクは牛乳を フードバンク、子ども食堂へ届け - Yahoo!ニュース,https://news.google.com/rss/articles/CBMiiAFBVV95cUxQNFR1ZVZWQjIyTW14Y1R3NUZLakl6SFJTYmZRV0Q2R0FiWHhsRnVfUTdPNHRJNElIY2hiSndlUUdVMEFfbEpCUHBaWG50TzlxSHdHbWxvd3JaaGkzYUUzRU8za1NwQkowY1N2Q190RjNuOWp2WV9pclhka084Qy1WUVBPOHMtUGgz?oc=5,"Tue, 01 Aug 2023 13:24:01 GMT",2026-09-04T09:04:31+09:00
GoogleNews:食　政府,食　政府,中央政府、メガフードパーク・スキームで食料廃棄問題にメス（インド） | 地域・分析レポート - 海外ビジネス情報 - jetro.go.jp,https://news.google.com/rss/articles/CBMidEFVX3lxTFBFbUVtU01qaTZFaWdOdFFXZ1pKck1sSTdyR19zWjVubldOd05MVFdzU1Z2RllvUHBSSXYzdnpJVzBBdVZDdVhzUEhQcDZRb09MNk1mVFZiS2h4MjBlV1J3YTBWdnVHam0ta1otM1RRNlcwV0dN?oc=5,"Fri, 26 Apr 2019 07:00:00 GMT",2026-09-04T09:04:31+09:00
GoogleNews:食　政府,食　政府,「食のサプライチェーン」関連銘柄は、政府の「骨太の方針」にも関わる“国策テーマ株”！ 新型コロナの影響が残る中、食料の安定供給を支える5銘柄を紹介！ - ダイヤモンド・オンライン,https://news.google.com/rss/articles/CBMiUkFVX3lxTE0zWDJxRFFDS2FJX3p6bHlUc2tsaDhJcXlEZjRHbnpjbG5xNVBVQWdmbU1QQVBNdDFjRG9VZk5wdzVDRUNNOVFxME5kS2ZmT3NnaVE?oc=5,"Wed, 22 Jul 2020 07:00:00 GMT",2026-09-04T09:04:31+09:00
GoogleNews:食　政府,食　政府,英政府、ファストフード業界にカロリー削減要求 肥満対策で - CNN.co.jp,https://news.google.com/rss/articles/CBMiV0FVX3lxTE9VUW5iS3MtMUdUY1RFanZWMWlWT2N1bFJmWk1ObllJSU01NWdxN2RiZHgzVzJWOW93RVd0bF9JcmVHMUhORmhkZG5PbFc0UHlLZERjaC02VQ?oc=5,"Tue, 22 Aug 2017 07:00:00 GMT",2026-09-04T09:04:31+09:00
GoogleNews:食　政府,食　政府,政府専用機 機内食に感激 - FlyTeam,https://news.google.com/rss/articles/CBMid0FVX3lxTE81dFAyTmVleE1SQkpTY2xGWENRcmp2TUlfNmR0cE85eFBEYU5pT29nTWc4ZS1rV1hQSjNYM2piMUdyVW1lUF9Wc3gwX3pJSEJ3aDdVdlQ3LVl3VWRweWF0YjU4eE9mZndnd3AxTWtOT2RYdUliR1Vj?oc=5,"Fri, 13 Oct 2017 14:35:09 GMT",2026-09-04T09:04:31+09:00
GoogleNews:食　政府,食　政府,初の食育白書 国民の栄養や食生活の偏りが明らかに｜ニュース - dm-net.co.jp,https://news.google.com/rss/articles/CBMiWEFVX3lxTFBIWVJUcEhnMUhSUUJJUVB6ZnhKZkVFRDdlVFgzYkRyMG00V2w5UGhXbDVqVTJGM0ZocEctM2FoV0VOVkpCMGx1OWNxVWVITG5aczdFamhwY3M?oc=5,"Fri, 08 Dec 2006 08:00:00 GMT",2026-09-04T09:04:31+09:00
