source,query,title,link,published,collected_jst
GoogleNews:コンビニ 新商品,コンビニ 新商品,【これはハマります！食べ出すと止まらなくなる美味しさ！】ファミマの新商品に歓喜！（キャプテン福田） - エキスパート - Yahoo!ニュース,https://news.google.com/rss/articles/CBMiiAFBVV95cUxOYzE2U2VPZnZCb1EwQ0JqYXc0Z2dYVF9kM3hnaVNrSFhfa1dWSjhlb2s0RUJ0RUg2dzVhT3VoSkFWU0s0dE9fWDlaczBEZE9ScVV6NW16WU1oS1hqZVdadHpvdFNoeUQ1cjRTdDg2bHY3N3lpTWhkdmJXb2hQRDF2OGJNMGlObnQ0?oc=5,"Mon, 31 Aug 2026 20:55:10 GMT",2026-09-01T10:16:42+09:00
GoogleNews:コンビニ 新商品,コンビニ 新商品,【2026年9月】新発売! セブンイレブンの注目新商品スイーツ5選 - マイナビニュース,https://news.google.com/rss/articles/CBMiXEFVX3lxTE1iSS1KNm41RC1leDVRcDZVV21peDFmbUV6c0NfM0p1eFlQNlo2N3VtNVdQWkU3cTA4Rm5tTFhBYVVwb1ZUajE0YjhDN09ONVJQcTAyQUt3aXFFSEtI?oc=5,"Mon, 31 Aug 2026 06:45:03 GMT",2026-09-01T10:16:42+09:00
GoogleNews:コンビニ 新商品,コンビニ 新商品,【9月1日発売】ローソン 新商品パンまとめ「とろ～り月見カレーパン」「メープルとくるみのスコーン 4個入」など - えん食べ [グルメニュース],https://news.google.com/rss/articles/CBMib0FVX3lxTE9tU3dlUXQ0dVVpX1N4OTA5Ykh6RHhQc0I0OE9wSHJvbjJRMmdLc0pHMF81TkNoMHgyb0Y1NmRtVHY5T3dnenY0SmNEV3J4MnI2OVRzZHRrTDF0bHNHNW9BaGliQmNIM3RLanY0TTcwVdIBdEFVX3lxTE55X3JXZ2VfX3NVa19iWHU1R2pTSmREUVZGT1d5ZnlKcGVOcVdRWEtZdmNqZjNmNjMyZ0FRdTIySXNIX0R6RUFTcWtfUC1VWVJpd3ViTWQxVFdKUldId2wtejdPaFRmT2tnU3BlcUZwSloydVdF?oc=5,"Tue, 01 Sep 2026 00:23:19 GMT",2026-09-01T10:16:42+09:00
GoogleNews:コンビニ 新商品,コンビニ 新商品,2026年8月コンビニ新作グルメが豪華すぎ！セブン「レモンもこ」・ファミマ東京ばな奈 - いこーよニュース,https://news.google.com/rss/articles/CBMiUkFVX3lxTE1INXBUYmJDdHkxb1VfZmRCRnVzYVpiRnRlY3k4WVhZWnQtNDZoU3FDNXpoS21NcklfeDlCSzBkb2NOejMtY1lxQ3pldHdNOTZVbWc?oc=5,"Tue, 18 Aug 2026 07:00:00 GMT",2026-09-01T10:16:42+09:00
GoogleNews:コンビニ 新商品,コンビニ 新商品,セブン-イレブンから新登場!! しっとり食感にハマってしまう「248円の新商品」を実食レビュー（いぬきち） - エキスパート - Yahoo!ニュース,https://news.google.com/rss/articles/CBMiiAFBVV95cUxNbjZ1c0kxU0FDSkJUN0RVVGtTVnJ0enN2MkY3Q285YnBSa1RaRVRxM0U3LW1na3NuV0lZeWw0U1Z2R0JWZ2pRenNuRzJ1LTZzVlJQWUdEVWw0OVlYR1RhN2xNN21YdW1wQWw2bUJBTk90eUtnTGR1SmVUenB2OUFHQVNVLXQ3bUM2?oc=5,"Mon, 31 Aug 2026 22:00:56 GMT",2026-09-01T10:16:42+09:00
GoogleNews:コンビニ 新商品,コンビニ 新商品,【セブン-イレブン】9月1日発売！新商品おにぎり・おむすび27選（全国）～「おおきなおむすび　チャーシューわさび」「新潟県産新之助おむすび鹿児島県産黒豚肉味噌」ほか～ - えん食べ [グルメニュース],https://news.google.com/rss/articles/CBMijgFBVV95cUxQdnJlTlIxNXNFQU9feU1NX3A0Mk9WbHpKV1V6MDBVaWpGaEpQZEtQc2c1RVdqSjdKYU1EV1JaclZhakYxajJqY204akE2cGY2dUprM1FIUXlxcER6WVA1LUxlN1EtX1dfMGJzZjB1YkRMb2NzUkVOVEhFbUg1TWpuZFF1bjUtREk2alpQOWxR0gGTAUFVX3lxTE9sWTdpYXVuXzVGbEo0cXNycDdMSXhscExxem5Ed2RoamVYdEhZaTYzQU5zVTF6bENXRF9zTTZrcXQtQlQyc2l0eGVyMnZ0Y21KQ3NzRUdvcGRmeTBUYWFHbDhsYTczUWpxVVNzOFQ5UVpxTkN0MklXS0dyWnFCYW5lVWpXRFJyenE4QzlIZlY0ZXNXOA?oc=5,"Mon, 31 Aug 2026 11:15:00 GMT",2026-09-01T10:16:42+09:00
GoogleNews:コンビニ 新商品,コンビニ 新商品,【大当たり出ました！これは感動級！】今週のコンビニスイーツランキング３（8月30日）（キャプテン福田） - エキスパート - Yahoo!ニュース,https://news.google.com/rss/articles/CBMiiAFBVV95cUxPNkpzYU01N19aZkt2M1FwRUlXQ2xrSEtQNTBHR09RX2Y1RkdiLWpVQS1TZnNlUDJ5SmxQdWFjcTNaMEJ3ZURwTFBrQUZWZ0tTd2VaS0ctZTlpMkMtMm1yTFJkcV9WdGRKbXZQczJWMUVYYzZXcFppWFhrRnV0MFpMdjJKYnVKbmVy?oc=5,"Sun, 30 Aug 2026 12:55:15 GMT",2026-09-01T10:16:42+09:00
GoogleNews:コンビニ 新商品,コンビニ 新商品,【9月1日発売】ファミリーマート 新商品お菓子・アイスまとめ「つぶもっちグミ シャインマスカット」「ヨーグレットBIG」など - えん食べ [グルメニュース],https://news.google.com/rss/articles/CBMidkFVX3lxTFBNZmtDcnNPWFRMaUVLVEs1VkM4czhHck5ac2szVEpyR3hqRmVEemRGWWxHTHl2Yzk3ZkVhUk5YMmQxSGgtUUNVd2lwb2JRQnM2MlN4VXlUa3JIQTFScTBGS1phNXRHY1FvZDdfUlEyY3ltbms0QmfSAXtBVV95cUxQNlc4NE1NcHZnNWlGd3VYRGZMQkNONkFqQTdNMGFaSzVKY3VQS2lrMzd1WVEtS1FBeUc3Zy1vRmNHZjJJVDJuWHoxakEzdjdMc1dzXzVjMmp0TjJJYjJjSHZVU0JSQWdhaXdnOUFGckJCUDIzSDMya3djcWs?oc=5,"Mon, 31 Aug 2026 10:05:00 GMT",2026-09-01T10:16:42+09:00
GoogleNews:コンビニ 新商品,コンビニ 新商品,ファミリーマートから新登場!! シンプルながら美味しい「321円の新商品」を実食レポ（いぬきち） - エキスパート - Yahoo!ニュース,https://news.google.com/rss/articles/CBMiiAFBVV95cUxNd1VkRnA2b3d4ckV2N1lKMlJkOW1OREp4Y3hic0MzaUZCaE5wSXA2TGtCZDVzdGcxcjNueGN6SWtMdmptREJZWVZWWVI1WVZRMmZQcTRuaVNpblVNYlpPWHJyU1FTSVJoaHdtUVNOQ1ZVMUFBdTV0SzJPbWpnT1phSVZjM29HLWVz?oc=5,"Mon, 31 Aug 2026 12:01:16 GMT",2026-09-01T10:16:42+09:00
GoogleNews:コンビニ 新商品,コンビニ 新商品,【今週の1位決定！】スイーツライター厳選！今すぐコンビニで買いたい絶品スイーツBEST3（なかべぇ） - エキスパート - Yahoo!ニュース,https://news.google.com/rss/articles/CBMiiAFBVV95cUxPVjFVOTNKN09sUG93N0VKN3JmckkycVdodFBIcDJMTDJZdFdCYjBvTkd2eXBUMTI1MzJ1MHNBZ3BpdnhDVmpTNjVaZ2lRTlpQSVlubkhyZnlSY2xWbmxGNThzNUpqX2lWVWhvYXhUdV9EcTFnTTdVTzE1X2JPMi13Z0t4dC02bm95?oc=5,"Fri, 28 Aug 2026 02:55:14 GMT",2026-09-01T10:16:42+09:00
GoogleNews:コンビニ 新商品,コンビニ 新商品,ローソンから新登場!! 1個じゃ足りません!!ドハマり確定「210円の新商品」を実食レビュー（いぬきち） - エキスパート - Yahoo!ニュース,https://news.google.com/rss/articles/CBMiiAFBVV95cUxOWW5pQVFqa1U0dmRlaElHRWpLSzdSZUtPTFd0M294ZUM2eUhoZi1vMUlzU3poRkpKZHZaMlhxQWRhUkEzdHlzVGVRN1lMMTJ6dDg4RXNpNzMyR3hfeHdwRVJjNGZIT1RUanBjOWtBUkJNT1FDRkJqdm0xX1lzQk51TFcyVmw5bXRN?oc=5,"Mon, 31 Aug 2026 16:31:06 GMT",2026-09-01T10:16:42+09:00
GoogleNews:コンビニ 新商品,コンビニ 新商品,【これはスゴイ！マジで美味すぎる！】ファミマで話題のコラボスイーツ2選！（キャプテン福田） - エキスパート - Yahoo!ニュース,https://news.google.com/rss/articles/CBMiiAFBVV95cUxQaW9YekVoYUZnUHVEM1RwWTRhNGJnd0VUS08wMkJFTnRuUGF6ZVZITEVxOEFfcF9HUllNc2RBTU0tLXFVMjI5N2g3N0hxOXF2SlhxUmtxV1pGQjhrcnVob1QtLUx3NG4zbFhCZGpleDdURUd1M3BGN1hycHN0S0NsSFdKN3pGLVVf?oc=5,"Sat, 29 Aug 2026 07:49:22 GMT",2026-09-01T10:16:42+09:00
GoogleNews:コンビニ 新商品,コンビニ 新商品,セブン-イレブンから新登場!! 1個じゃ足りません!!ドハマり確定「280円のスイーツ」を実食レポ（いぬきち） - エキスパート - Yahoo!ニュース,https://news.google.com/rss/articles/CBMiiAFBVV95cUxPYU1IWXpHZWQzSzZmV29UM2pTa1YtRjRGQ0dLSXdpblA1RFgzZEZ6S01HeFlhdV8wOW1vaXcyVDZ3SEN1ZHFOLTg4NldVTTFaWnRCR2w3Wktvb1Baek9tS3dHVjBjR0R1cF9xbTN1a2FyQmsyNUcwOWd6Z3VMdHZ1MWh5T0R2RUlx?oc=5,"Fri, 28 Aug 2026 14:01:20 GMT",2026-09-01T10:16:42+09:00
GoogleNews:コンビニ 新商品,コンビニ 新商品,【これはスゴイ！名作スイーツが1.45倍の爆盛りに！】ファミマの新商品に驚嘆！（キャプテン福田） - エキスパート - Yahoo!ニュース,https://news.google.com/rss/articles/CBMiiAFBVV95cUxPTmhnRzRxZkFaYTN4cEdoSmpvSjAzYzBCWXVDdHZpYWR2WlJDeGViYTQtQ1ZQeWJSOVoxVXdHQ3N5OEE0QjJLMUVNTEdmUjhwcDhGc056VDFjT2F5RHhCMFFjUkdhMkx3elNILXhMS2g3RW9RT25TYnN1eE1XeE9zNmVHVmdIS3Fq?oc=5,"Fri, 28 Aug 2026 20:55:12 GMT",2026-09-01T10:16:42+09:00
GoogleNews:コンビニ 新商品,コンビニ 新商品,【また今日も買ってしまった！マジで美味しい！】ローソンの新商品にハマった！（キャプテン福田） - エキスパート - Yahoo!ニュース,https://news.google.com/rss/articles/CBMiiAFBVV95cUxNOWtHbEFJOHVsUUcyWVpMQmdQX3d5UUloYzlJdTZWMHRodVdoYmdab251UU1NNjB2TW9WWVhhMlBqdWxjZXRkdHNIdE5pZTRzVC02Mnh5SUl1QzlwUmRzWF9HX3lSVGw2VFZiMjBXUlRhcXc1c1NWanZEbTVaXzEwNmFUSnBDdXBn?oc=5,"Thu, 27 Aug 2026 20:55:09 GMT",2026-09-01T10:16:42+09:00
GoogleNews:コンビニ 新商品,コンビニ 新商品,セブン-イレブンから新登場!! 『G系ラーメンの上だけ！』って一体!?「537円の新商品」を実食レポ（いぬきち） - エキスパート - Yahoo!ニュース,https://news.google.com/rss/articles/CBMiiAFBVV95cUxObU12bER3RzZkUE9kUmVGYlp3WDNxbmJCTWpYVk1nYTlISThvYmpwTUx2MGRacGx4cTJqekN3Mm9oWVc2QTF3YmFPbW1IcFI4R0NHeXZYY3Y2Yl9oMC12WVdXR0Z5ZGRobHlXc2pGUDI1R3lSY0VaMWgyaTVjSVRYN0dlSVphX3Et?oc=5,"Fri, 28 Aug 2026 18:01:21 GMT",2026-09-01T10:16:42+09:00
GoogleNews:コンビニ 新商品,コンビニ 新商品,セブン-イレブンから新登場!! 1個約13円で爆売れの予感!?「149円の新商品」を実食レビュー（いぬきち） - エキスパート - Yahoo!ニュース,https://news.google.com/rss/articles/CBMiiAFBVV95cUxQblhJWHRtamVVa2dMWWQyc2Rsbzd3VTVKZzlzS1Z0Q1AtUXVTWXBaejJDdzVRbDY5WEZvVU1WdWNub3JOSExsLUhBMkotM3ZrVVhQNkFJU1pzVzBkRnkzNHF1end2c0FXUjJwZFlBc05TRjBxb1RTY0xBTExZMlI2TmhTSDhSRWhB?oc=5,"Sun, 30 Aug 2026 22:01:07 GMT",2026-09-01T10:16:42+09:00
GoogleNews:コンビニ 新商品,コンビニ 新商品,セブン-イレブンから新登場!! 思わず一目惚れして買ってしまった「213円の新商品」を実食レビュー（いぬきち） - エキスパート - Yahoo!ニュース,https://news.google.com/rss/articles/CBMiiAFBVV95cUxQNG01TWV5aU11NF84Snh4UldqWGFtdjVITzJNNDN5NHpySTNWZV9mdkZjLXhlY2taQXlMTkRNR1FPUkZhVTB0eVZKbGtqcjFMVXhPYnVTVXh4R1FRNDFueXZBOFg3TjkzbmFlYktzQjM1d0V0VkZXOXZ4eTFCTmxpeE1DbldxZlhm?oc=5,"Sat, 29 Aug 2026 22:01:29 GMT",2026-09-01T10:16:42+09:00
GoogleNews:コンビニ 新商品,コンビニ 新商品,セブン-イレブンから新登場!! 食べ出すと止まらなくなる美味しさ「429円の新商品」を実食レポ（いぬきち） - エキスパート - Yahoo!ニュース,https://news.google.com/rss/articles/CBMiiAFBVV95cUxQVkw3d0hmckkzTDRnNlAzYkhBeDRjdW5mVVNjb2NRcUtibF9RcXJfVjdOUXlXeG8wM1NxcXRtY01HYy1pZXdVaHJGYWJsbGVxNmhUd3NlTW8xT0Vtb3FtcDFxUFJ0SFZpc2c4OHFsbk1EUk9LeC1XLWVtSzJmNTI1OS11bi1LNG95?oc=5,"Sun, 30 Aug 2026 18:00:55 GMT",2026-09-01T10:16:42+09:00
GoogleNews:コンビニ 新商品,コンビニ 新商品,セブン-イレブンから新登場!! 見つけるとつい買ってしまう「話題のサンドイッチ」を実食レビュー（いぬきち） - エキスパート - Yahoo!ニュース,https://news.google.com/rss/articles/CBMiiAFBVV95cUxOWno4VWUtOG1zbElyQ2VvSFlIMVRsampEN29ac2FWZlZCUWVfZHZHTTdwenpscjktWDVjVUE0ZnRlZlFOZTR3d3pTTUpnT25oUS1XR0pBVkVrRkpralVEdzRUdUYxZDc0MHdhbVE1ZWdpVGxXZ1B0S2JLYnhDZ183YWVMYV9UVVhw?oc=5,"Fri, 28 Aug 2026 12:01:00 GMT",2026-09-01T10:16:42+09:00
GoogleNews:コンビニ 新商品,コンビニ 新商品,セブン-イレブンから新登場!! たっぷり野菜でしっかり美味しい「429円の新商品」を実食レビュー（いぬきち） - エキスパート - Yahoo!ニュース,https://news.google.com/rss/articles/CBMiiAFBVV95cUxOM2FwNzlqRXgzMGZac2IwenZod1dkX2M5TTFPSHlkMVpSTThKTk14Z1BINGF6Zk10STNkdVllOFEtZ0g0SmpQOVF6WTRYYlloeTVnRm13bTYxMFZVUWtUNFFpME5nMWFzbU9ibkhlUUU3ZnFpTEdoRnR2cE5DT3owTkRNSGFHWUhW?oc=5,"Sun, 30 Aug 2026 00:01:34 GMT",2026-09-01T10:16:42+09:00
GoogleNews:コンビニ 新商品,コンビニ 新商品,セブン-イレブンから新登場!! ドハマり確定の組み合わせ「170円の菓子パン」を実食レビュー（いぬきち） - エキスパート - Yahoo!ニュース,https://news.google.com/rss/articles/CBMiiAFBVV95cUxNMDUzdHViNjNGM19uWjJKS2E2cS1vNkQtbG1FSHRaNTc5bG8wQ24zT3NSeWdKcTdBWUh4VU1oYUV4Q3JZWTVTc1pWTTFCY00xZVdRS2Vmb0RNMi1RcXE2WEVabXQyeFhWUEdRVXRUMXdmdlhLYXoySk1JS1FZVlhvd3hwOXVIZ0xO?oc=5,"Fri, 28 Aug 2026 22:01:01 GMT",2026-09-01T10:16:42+09:00
GoogleNews:コンビニ 新商品,コンビニ 新商品,コンビニ発のアパレルブランド「コンビニエンスウェア」5周年を機に「Fami-FEST.2026」で初のペット用品への進出を発表 8月28日（金）から「秋の色」をテーマとした新商品が順次発売 - PR TIMES,https://news.google.com/rss/articles/CBMiakFVX3lxTFBtU2pvakktQjlyMjZYVEhVRnhwTW45YTB5WU1sUDNybGZiVlh1bTRDLVo4SFZoN0JHamVQSHVCSVQ4eXlJd1ptUC1kb1kyNFNWdGhya204NC10d1VESTdGZ0JCSzZ0MHBSMXc?oc=5,"Fri, 28 Aug 2026 01:00:27 GMT",2026-09-01T10:16:42+09:00
GoogleNews:コンビニ 新商品,コンビニ 新商品,【2026年8月第5週】コンビニ惣菜ランキング1位はローソン 炭火香る！ふりそで焼！新商品・急上昇アイテムも要チェックまとめ - もぐナビ,https://news.google.com/rss/articles/CBMiZkFVX3lxTFA0MUMzakFIYkttY1NxSWdEQjBfb2NMWnNSLTItMFFKWDNfWEt1VmN0MkF2QVJvdHQwc0R3YjVHYWthbG1XTXQtNGFWRk9tRk5QQldmWVVUdVo3RjJXUkNBWjBaMG5pUQ?oc=5,"Mon, 31 Aug 2026 08:08:59 GMT",2026-09-01T10:16:42+09:00
GoogleNews:コンビニ 新商品,コンビニ 新商品,【9月1日～発売】セブン-イレブン 新商品スイーツまとめ「お月見ロールケーキ」「7プレミアム おいものスフレ3号」など - えん食べ [グルメニュース],https://news.google.com/rss/articles/CBMid0FVX3lxTE9oMHlvZXluZHNJcEcyNVQyeVVkOVVjbHBPckNaN2JxX3kxU3I3UE1OWFNORVAybnhDZFljcGhUMDBvZzB1c0VhR2R3VjRRaDN0LVFZUURxTGJXeGtPUjYyVkozcnQ0TnFFRFN6RTYzTUtPY3VPTm9r0gF8QVVfeXFMT1ZLSzFTcEhXLUdBMDdaakFaX2xrbjVVY1ZuNXVLY0IyUExNYTFVS1JCNURJNUZwMzBEVWhuR1dUTlFtRWZucjRFM0w2N1pUMDZOTW9PQjJ6MUduYXE1ZjVuZ1dXWHIweHZSRUExOFVJMUp3RVlHV3ZTdFhxeQ?oc=5,"Wed, 26 Aug 2026 03:00:00 GMT",2026-09-01T10:16:42+09:00
GoogleNews:コンビニ 新商品,コンビニ 新商品,セブン-イレブンから新登場!! 何度も食べたくなる美味しさ「429円のおすすめ商品」を実食レポ（いぬきち） - エキスパート - Yahoo!ニュース,https://news.google.com/rss/articles/CBMiiAFBVV95cUxNT25aUF9TZklnR0JUOFhSNlVLWG81WVJQTWhvMVZfSE9lY0xKQ1hxYjIwOW82aXpxVmVOWGsydXAwMGlISHI0UG55ZnZrcjJNbGhSMVRnYXdjTFltdEVXT050amJUY0tzNUpkdTJ2NzNPSUh2aGNZbEh1MldnZ3R6RmlOemZuX0VB?oc=5,"Mon, 31 Aug 2026 00:01:37 GMT",2026-09-01T10:16:42+09:00
GoogleNews:コンビニ 新商品,コンビニ 新商品,セブン-イレブンから新登場!! シンプルながら美味しい「159円のおむすび」を実食レビュー（いぬきち） - エキスパート - Yahoo!ニュース,https://news.google.com/rss/articles/CBMiiAFBVV95cUxOaWJwWjZ6SzNlYWVzWDdHWVBaYXpOaXRoaThIeFBmZEpNRTl4WGJkbldZU0Y3Uzg4R0FxWE1SWWlMa3BxUGp1Y1pHcGM3cGhGOHRvNmxpbjJobDItWHQzWTRtRTVlZ2pLTkZfT2s5UkQ5Y3Y3bTZaMlptSWc5Tk1IRGtRc3YwNDl0?oc=5,"Fri, 28 Aug 2026 00:01:36 GMT",2026-09-01T10:16:42+09:00
GoogleNews:コンビニ 新商品,コンビニ 新商品,セブン-イレブンから新登場!! 1個約54円で爆売れの予感!?「159円の新商品」を実食レビュー（いぬきち） - エキスパート - Yahoo!ニュース,https://news.google.com/rss/articles/CBMiiAFBVV95cUxQcmt6RFQ5UWJkMWpYVHlZZVNoRUY2Rjg5V1RTNGxaT2dxc1hJZE1qZHF2Y0F0RWphSFRybE9DQ0xnOWFkWWFMbV83U3Q2Yms4QUx3aDVjRWVtQVktcERyTlk1TWhMd204YWlrc3Q2ZWFsc1ZRdTM4UVZ3QTdBMU53aDFPR3pKRkV5?oc=5,"Thu, 27 Aug 2026 22:01:10 GMT",2026-09-01T10:16:42+09:00
GoogleNews:コンビニ 新商品,コンビニ 新商品,セブン-イレブンから新登場!! 箸が止まらなくなる美味しさ「343円の新商品」を実食レビュー（いぬきち） - エキスパート - Yahoo!ニュース,https://news.google.com/rss/articles/CBMiiAFBVV95cUxNRm96V2pzWDI5R3oxcVpCTEZjNl9WR2V6blpKMkRQR0xLRGljeTg1NE1pRlNEeUdjMXFTNVJrdVg4MVBGV1prQlJUNXBfQWljU0JVRGxXcFNHVF9ja1N5OU1TOExRWDIyYm5PR3JfYVdPUnJKZXg0Rm9iWmF5VEoxRHN5d2pLeWEt?oc=5,"Wed, 26 Aug 2026 19:30:58 GMT",2026-09-01T10:16:42+09:00
GoogleNews:コンビニ 新商品,コンビニ 新商品,【麺大盛りで398円！食べ応え抜群で美味しい！】ファミマのお得な新商品に歓喜！（キャプテン福田） - エキスパート - Yahoo!ニュース,https://news.google.com/rss/articles/CBMiiAFBVV95cUxNY194VHhQYS1sQ0IwSDBOSzBIekVaLTdxSDdLNV9UQXZUQXp2UjB0THB6cDJRbFltYnpIcGY1Tk85cTY4OVd0Z2JHSGN6WlViRElZSnpxQmNnUFowWFV6cHdTUVpOR2pfY1ZtSnp2c1RidU5jU3Z5Unh1c2VvdEVvU1Y2eGhySlA3?oc=5,"Fri, 28 Aug 2026 15:35:18 GMT",2026-09-01T10:16:42+09:00
GoogleNews:コンビニ 新商品,コンビニ 新商品,【2026年8月第5週】コンビニ麺・コンビニパスタランキング1位はトマトグラタン！新商品・久しぶりランクインも見逃せないまとめ - もぐナビ,https://news.google.com/rss/articles/CBMiZkFVX3lxTFB4WXNnVFE2R1kwM2pCZC0waFlEeDRYQjdTU3hOd1BjQ2lsZHM2aWs4ZWxhdmswWXMyY05lcll0RHY4aEVkMkMtc0pIbU43MHI3TUg3bXpiYmtsUjBDUHdrUWNVT3RTZw?oc=5,"Mon, 31 Aug 2026 05:03:55 GMT",2026-09-01T10:16:42+09:00
GoogleNews:コンビニ 新商品,コンビニ 新商品,モスバーガーの新商品5種類を紹介 また注文したくなるおいしさ（進撃のグルメ） - エキスパート - Yahoo!ニュース,https://news.google.com/rss/articles/CBMiiAFBVV95cUxQZmFXR3BFbUc1ZDBpb24za2IxWlRxX09xdHBKM1lGeUVxbUpSaUl5RW1PRXBKUDhLQzZkcDVTdzk2aWswZWgzN1ppWnlwOXEzSmVEQXlnb0tfNkhMTVZlOVJscVpxeEJlRVFZOERhZ1hNLXNEV1FCV0JvSDdWeWFpYmpzUXh1OE1o?oc=5,"Sat, 29 Aug 2026 09:45:13 GMT",2026-09-01T10:16:42+09:00
GoogleNews:コンビニ 新商品,コンビニ 新商品,【2026年9月】今週発売! ファミマの新商品5選まとめてご紹介 - マイナビニュース,https://news.google.com/rss/articles/CBMiXEFVX3lxTFBqWHpYYzBtYlE1aWxpZktXalVQSmgxc2EzcGNZR0JrZTNjVk5iaHMzYTVzSHRzcDJLRmtjTjdPSTRhM2s2WlNseGVRcWY4NnNuUkR1ZkhTem5SUTE4?oc=5,"Mon, 31 Aug 2026 00:55:33 GMT",2026-09-01T10:16:42+09:00
GoogleNews:コンビニ 新商品,コンビニ 新商品,今週コンビニ行ったら要チェック！新商品＆得ワザ9選｜8月17日〜22日【随時更新】 - いこーよニュース,https://news.google.com/rss/articles/CBMiUkFVX3lxTFBKcFhXbTJhajhDZDB0OVBGbGZuODZTaklCNzJmeFM2X0VZLXVRRXJXM255Z2R4bWlQdG9MSkR4YlNlb3RFTUVTRGV3UmQ1b2NjR2c?oc=5,"Mon, 17 Aug 2026 07:00:00 GMT",2026-09-01T10:16:42+09:00
GoogleNews:コンビニ 新商品,コンビニ 新商品,【2026年8月第5週】コンビニサンドイッチ・コンビニパンランキング1位は北海道産牛乳のメロンパン！新商品・急上昇商品まとめ - もぐナビ,https://news.google.com/rss/articles/CBMiZkFVX3lxTE9WMFpTUm9BaGdjR25Rc243b2oyX0VhZTdTSE9JUXVoNWU4WTBwUXI0cU5aeC1LNlpFRmc4YmZGdFdOUHQ2VXV6cEc5ZkNZMjkyLWQzbU1QM3hEN3NXU2hueF9zZDFZQQ?oc=5,"Mon, 31 Aug 2026 03:03:50 GMT",2026-09-01T10:16:42+09:00
GoogleNews:コンビニ 新商品,コンビニ 新商品,【8月18日～発売】セブン・ファミマ・ローソン新作スイーツ特集｜「東京ばな奈 もっちりクリームロール ダブルバナナ味」・「かじるホワイトチーズケーキ」など注目デザートまとめ - えん食べ [グルメニュース],https://news.google.com/rss/articles/CBMigwFBVV95cUxNdjAzamptWTN5aTFOb2NMN0NWRC1yZFlCS3oxSDIyTy1DcDNlT1BrOFdET09wbFk1eE5oYXItbms0SmlXcDBXLXlackNHMmtBbUtLazVmejNoS2t6S0ZhMUxUUG1POVVKMDBXWm05dXNsd2tRcFBCUkEyOUgySmJYRVpmWdIBiAFBVV95cUxPZ3RCMldJRmdTV0w3dGJwdFBqc2tnRW14WXY0aHVEWXlHUFA3dTJHWHZRU3hzWTRWdk1NZ1cwT1FuNFBma3dHeTJfNWpoYUFnQXJSQkYzYTNLMzZDRjJwb25UNEhwR1J5SUY1RWw5SEdPRXk5UjBqd2t5bGVobkVrM2Y0ZUpad1VV?oc=5,"Tue, 18 Aug 2026 07:00:00 GMT",2026-09-01T10:16:42+09:00
GoogleNews:コンビニ 新商品,コンビニ 新商品,【2026年8月第5週】コンビニ寿司・コンビニ弁当ランキング1位はCAFE BOX 骨付きチキンビリヤニ！スパイス系新商品続々登場まとめ - もぐナビ,https://news.google.com/rss/articles/CBMiZkFVX3lxTFA2NEpCc29IUFF0ZWUxX0loMmltTXZtaWtfbDRHWUwxRV9hYVFYSnVwWU1PeVUtLTZ5bUFvcG01X1Fkb2Vrcm9rXzB5WXJVZFpCNVhHNmZxNWhQMklJNG1NWkozeDdlQQ?oc=5,"Mon, 31 Aug 2026 02:03:48 GMT",2026-09-01T10:16:42+09:00
GoogleNews:コンビニ 新商品,コンビニ 新商品,ファミリーマートから新登場!! ハマってしまう美味しさ「有名ラーメン店監修の冷しまぜそば」を実食レポ（いぬきち） - エキスパート - Yahoo!ニュース,https://news.google.com/rss/articles/CBMiiAFBVV95cUxQYzhITTQyT19MaFdmRGlFN3RPdGdwYmtfX0tGemRSNnVHbUUzb3U0anNOajZlenZFdk54MDJwUWZrZlVNT05CWm9zR2daVFg0TFBNM0NxaHc3NmpvZGNIOUNTY2doMGU0bkh2dUEyLU9rOWJuTzBoUDV0UUlGVXJkcDJ4ZHdGYUY2?oc=5,"Sun, 30 Aug 2026 06:01:15 GMT",2026-09-01T10:16:42+09:00
GoogleNews:コンビニ 新商品,コンビニ 新商品,【9月1日発売】ファミリーマート 新商品おむすび・お寿司まとめ「青磯海苔 あさり旨煮」「いなり&サラダ巻セット」など - えん食べ [グルメニュース],https://news.google.com/rss/articles/CBMid0FVX3lxTE5oUkYzQThiYURJcElxb1Mtc1hoOHBtSGFHZ2NfRFdyQzQ1eS1rdkJGYnNkNHhFSTlTeXgxRzRzSjRfWUlTaTZoQ2VIcGxzN0Qxd3RxOE44UWtaTGlXTmlmTTRWcW1UUFhLbkN4bEF3SFV0c283ODRZ0gF8QVVfeXFMUHhTdzRVN3N5d0tqOG5EU3J3d00yaEhnaU9qUGY4S0tlekEyVllxckRvWGVreVJ6UncwUHhENm5SWU9NcTVyYkdUY2t6TnY4ZXl1bk5xc3o0Ynl1ZHNIbkFxUDc5MVVQUjdWS2lmNVdycldzcUdkMkc0MXBFVQ?oc=5,"Sat, 29 Aug 2026 10:15:00 GMT",2026-09-01T10:16:42+09:00
GoogleNews:コンビニ 新商品,コンビニ 新商品,【ジョブチューンで合格の名作シリーズに新味登場！】今週のコンビニスイーツランキング３（8月16日） - Yahoo!ニュース,https://news.google.com/rss/articles/CBMiiAFBVV95cUxQcm5UMTlvVUJGeFFvdHNSbm5hSUFQVERpQkRDSGdMTkVhWElrank4cGZ3czVEa1RrYXB3MVIwaVVYb21QLVUxS2VBR3MzY1NiV2VaQmFUeEdxQnBtd19zRmw4WlJXYjc4S20tbVJIelRMeklkMnBkQ2FtaF8tdm9DTGFybzgyMnpp?oc=5,"Sun, 16 Aug 2026 07:00:00 GMT",2026-09-01T10:16:42+09:00
GoogleNews:コンビニ 新商品,コンビニ 新商品,【2026年8月第5週】コンビニおにぎり・コンビニ手巻寿司ランキング1位はローソン盛りすぎ！チャーシューマヨネーズおにぎり！新商品・急上昇商品も登場まとめ - もぐナビ,https://news.google.com/rss/articles/CBMiZkFVX3lxTE9NVVQ1X2lfY0hPODdBM2tzTjVldmRWTW5VT1BSLWJjR0ZyeXZUc2RVck5TUlZVSnY1Y1pSNkFUZ1BGV3JRLWNoQkhHMmt1UWJnOW5tY3FsaUE2QjBidlFsdlhWMVVjUQ?oc=5,"Mon, 31 Aug 2026 02:09:49 GMT",2026-09-01T10:16:42+09:00
GoogleNews:コンビニ 新商品,コンビニ 新商品,日本で人気拡大中のタコスが中華まんに！ 「スパイス香るタコスまん」が新登場！ 「ファミマの中華まん」8月18日（火）から発売 ～ファミペイで中華まん30円引きクーポンがもらえるキャンペーンも開催～｜ニュースリリース - family.co.jp,https://news.google.com/rss/articles/CBMid0FVX3lxTFBMVHZLZTFzbjZJNUdmVGNhYUtEdGQ5M0hDMkRQSlk4dUVtQ2ctYzdtanVoc1BYbWozUE1KT1MtYmZVa1J2bVlvbEZNZUFQVHAyc05SU2x2VHhOSzI4YjB3M0VfVjh0bHdMWTFrRzgyUzVUb3FlcV9V?oc=5,"Tue, 18 Aug 2026 07:00:00 GMT",2026-09-01T10:16:42+09:00
GoogleNews:コンビニ 新商品,コンビニ 新商品,2026年8月11日(火)発売！ローソン研究所おすすめ「今週のお酒注目商品」｜ローソン公式サイト - LAWSON,https://news.google.com/rss/articles/CBMia0FVX3lxTE9WVWZIeldxamF2YUM0VmJTZHFCWkVBWUNkRF9Ha1VWN1RpTTNRUm1YbU9iUVN5UTZ5ejVIU29xRndROWxPV05VN093VDdtSDh5RVNQeDd3OVA3T2dPR0hXbk1tRmNOQml5aXlr?oc=5,"Wed, 12 Aug 2026 07:00:00 GMT",2026-09-01T10:16:42+09:00
GoogleNews:コンビニ 新商品,コンビニ 新商品,【2026年8月第4週】コンビニ惣菜の新商品！ピリ辛焼きイカやネバネバサラダなど夏の惣菜まとめ - もぐナビ,https://news.google.com/rss/articles/CBMiYkFVX3lxTE1wT2l2aV9iamMwUm5DbDNzVzdDRnhlN1NtZXZqZHRNNkRPWnpfd2ZvUWNCbFJNSndDTEttVE9xWDZrc3ZwWEFiNlJJWTN5NmJIbnVkc1dhLWtSUUYyS2piOGNR?oc=5,"Wed, 26 Aug 2026 03:49:51 GMT",2026-09-01T10:16:42+09:00
GoogleNews:コンビニ 新商品,コンビニ 新商品,【動画】メタが期間限定「世界一、不便なコンビニ」を開店 最新AIで乗り越える体験イベント開催 - 産経ニュース,https://news.google.com/rss/articles/CBMidkFVX3lxTE9fMHNiQ1BrNVFLcUx1bHJVQUJseE5jMlBKaFpOT1dYSW9pVGlSNWxXRjNLSjAzZnM3MFdwcWtMRnAxS1JpN29GN1lUM1F0aDlNdmk5ZEQ3X2d1QlVnbi1QcXB0U0Uzckk5dVBZMjgtN2hpanduemc?oc=5,"Fri, 28 Aug 2026 23:30:00 GMT",2026-09-01T10:16:42+09:00
GoogleNews:コンビニ 新商品,コンビニ 新商品,【2026年8月第5週】アイス・コンビニアイスランキング1位はティラミス氷！新商品＆急上昇商品まとめ - もぐナビ,https://news.google.com/rss/articles/CBMiZkFVX3lxTE1TUDI0YnV2VnIyOTBCelRxOUtnazdOdTFCaFV6SjdkLWJJajUtd0lpSXJNdFcwbm16UG5uMnk1VjhBR25SdllMMEdGNGtGZnM1czFLNlVGOWFIT1NTQ0VrTGplSjBjQQ?oc=5,"Sat, 29 Aug 2026 06:06:51 GMT",2026-09-01T10:16:42+09:00
GoogleNews:コンビニ 新商品,コンビニ 新商品,ファミリーマートから新登場!! 最後のひと口まで美味しい「160円の新商品」を実食レビュー（いぬきち） - エキスパート - Yahoo!ニュース,https://news.google.com/rss/articles/CBMiiAFBVV95cUxOYTdKaVB1VGZ3YVBWSHJHZERocE53alhNaldkRWsyRzY0WDdnMHFCLUZMMUpwNmhaQWZPTUVhaG1aX0pNbDY2a2Y4ZjRTZFpUTV9teTBOX1Izc3hvMTBIQ05zYXRBTkFtemZuTVpZRHRUazVHYm1ZY0R3ZEp5RjFLZFNRelZpWHhv?oc=5,"Sun, 16 Aug 2026 07:00:00 GMT",2026-09-01T10:16:42+09:00
GoogleNews:コンビニ 新商品,コンビニ 新商品,【8月11日～発売】セブン・ファミマ・ローソン新作スイーツ特集｜「カカオ香るショコラクレープ（ベルギーチョコ使用）」・「天使のショコラチーズケーキ」など注目デザートまとめ - えん食べ [グルメニュース],https://news.google.com/rss/articles/CBMiYEFVX3lxTE5EMXBCZTZibmxNQjJfTE9KWXoxYUtyX1FHOFhxODdnVWZaRkJiS0Z2dVZ4cHlYMDVzSHAxc0I4eWtfd2lFNXphYTZzaHJDWWV4c3RwSmdJQVEtMmdFVDFEVdIBZkFVX3lxTE94SExjaGhUVWlQNGxyQ3UtWGo3czljZ1FBSVRQR1JZcDhaNW53cm56SU56aFBtcl9lUFJyRWxsbmFXeFpjM1NmSFJoSi0wZlkzdUVGd291NmpKQi15LWVHSU1aV0lSUQ?oc=5,"Tue, 11 Aug 2026 07:00:00 GMT",2026-09-01T10:16:42+09:00
GoogleNews:コンビニ 新商品,コンビニ 新商品,【8月18日発売】ファミリーマート 新商品スイーツまとめ「かじるホワイトチーズケーキ」「日曜劇場『ＶＩＶＡＮＴ』別班饅頭（こしあん）」など - えん食べ [グルメニュース],https://news.google.com/rss/articles/CBMic0FVX3lxTE90TjhrX2xRRTZlSjdnS0x3UTVfTHdFdlI1eUZoNFBpZjRKMjJyYUUwa1BPMzVmR25CUVBEZjhQS1NOZnFVeUM1U2xGTUgxZlFTc05QdXZoZEZwSE82eU00bmM5VTBiZ0RzWW5GM0hia1ctbGvSAXhBVV95cUxNWGpWN2F3eWFybTU5ZVVWYmhFZEk5SzB5R2ZlSlpCLTNic2poLUhyd0N0MGY4ZXVGSDNMd25mTjU0akkwYjNjejdUUDZwSGlxQmpwQUlwbXJFeWlBTEZwTHhRMGV6YVA4UGZReUVBYkZQU1ZRRktSNWM?oc=5,"Sat, 15 Aug 2026 07:00:00 GMT",2026-09-01T10:16:42+09:00
GoogleNews:コンビニ 新商品,コンビニ 新商品,セブンの新商品！濃厚爽やかな味わいが絶品のシュークリームが、まるでチーズケーキみたいな美味しさだった - Yahoo!ニュース,https://news.google.com/rss/articles/CBMiiAFBVV95cUxOUGFxX3Z2Q2FVNVNhVjJIcUI4Q0xBeFJvZkdwNm9yd3F0cTNHQ0VINFMteDFHV0JZVWVxelY4TkFFYUpDZ3NKSGJoN0ZXc19nWElMU0thYWNyTzdRY3JrVUw2eUh6UmZ1OGtZclZBVVpBUi1vTXBNT0Y3Ym1PWlpnS1REZU9NbmJn?oc=5,"Thu, 13 Aug 2026 07:00:00 GMT",2026-09-01T10:16:42+09:00
GoogleNews:コンビニ 新商品,コンビニ 新商品,セブン-イレブンから新登場!! ドハマり確定の組み合わせ「213円の新商品」を実食レビュー（いぬきち） - エキスパート - Yahoo!ニュース,https://news.google.com/rss/articles/CBMiiAFBVV95cUxQRjdLV3hkTW9DU2JmckVQVkxpbG9ncGJYSTFFc0ZnTlFRNllEeWpCY3lpTzd0VGY0ZFhfZlNxTWliSjVyZ2dZcFA3Zk1NMW1xMVNlVWJPbFV4YUxfUWpUSTdubWYwV1UxODl3V0N5R1pWLXNHZVFxMS05bzFRaGdTdVNhUFBWSHRT?oc=5,"Mon, 17 Aug 2026 07:00:00 GMT",2026-09-01T10:16:42+09:00
GoogleNews:コンビニ 新商品,コンビニ 新商品,【これはスゴイ！まさかの仕様に驚嘆！】今週のコンビニスイーツランキング３（7月26日）（キャプテン福田） - エキスパート - Yahoo!ニュース,https://news.google.com/rss/articles/CBMiiAFBVV95cUxQbFRTNzFRRjBULXRGandFdjBqZmlkVFFsRHdBU3hLdktsNHRPNU9PQmVTZHlDeW9lWjVvMTRBNG9IdnE5UGZ5bktzeWpGMTZ6Y2lXaWhBN2xkSUNKcHc2dFVoQUF1bl9oSlNLd05QeEVLQXJ1RXU2WWljNDJRZTR4bDBpQktTa05f?oc=5,"Sun, 26 Jul 2026 07:00:00 GMT",2026-09-01T10:16:42+09:00
GoogleNews:コンビニ 新商品,コンビニ 新商品,【9月1日発売】ファミリーマート 新商品パンまとめ「生フランスパン（カスタード&ホイップ）」「バジル&ベーコンチーズフランス3個入」など - えん食べ [グルメニュース],https://news.google.com/rss/articles/CBMidEFVX3lxTFBoVTZLNjhpd0xLQmRDTDhmTHg2bDF5d3Ezbm1yTFhqN3lRTUlJSUlpQ3p0c3JRbXJlTUd6Q1QwaVIzMWtWV0VNLS1DcjZrMUZzNFV0NF9vNlJDaTFYY0xuMVRRZU9hbGhRN0lPRlJ2OTlNNE960gF6QVVfeXFMUDEzbjEtZjNyZTdnM2xlc1pseEh2Z1AxZER2VzFTREUzZ2lKRTh0c3pJdldUOXQ3NUdwZ1czekFoaHptQVNQZkN1UVczSnRyUWtoZEs3QzZIVDhCT2tGQ0kzbjc2YnVvdExuZW15VzNJQW9nb3luamtqVlE?oc=5,"Sat, 29 Aug 2026 09:00:00 GMT",2026-09-01T10:16:42+09:00
GoogleNews:コンビニ 新商品,コンビニ 新商品,セブン-イレブンから新登場!! 食べ出すと止まらなくなる美味しさ「213円の新商品」を実食レポ（いぬきち） - エキスパート - Yahoo!ニュース,https://news.google.com/rss/articles/CBMiiAFBVV95cUxOSl9mNS1rQ2ZwdEZNVWlIa09Ca2dpbjRUSzRkMnlyNUg4YnQyeFF5dnV5ZEsxUWFXUUltUmZSVXFYM1U3OVJPY2ljY2R5UXp6MmVJbTBBOFctczk2X2lZSS1vN2NuYzY5UnBuZjZkS0NiNHlBOW5SNi13Qlo4T2ZUX3hxUWRkT0w5?oc=5,"Wed, 12 Aug 2026 07:00:00 GMT",2026-09-01T10:16:42+09:00
GoogleNews:コンビニ 新商品,コンビニ 新商品,【2026年8月下旬】コンビニ惣菜の新商品！明太子チーズ焼きや冷製レバー煮など個性派おつまみまとめ - もぐナビ,https://news.google.com/rss/articles/CBMiYkFVX3lxTE44Z0JvSDNFX3B1VnhncDNNa1hVcUNsQl94Q19NdlB2a0gwMmhCbFNUTnl5TTBUNUNkdVdOWExkaGdHY3ozeTVhZ2ROWVBVOGhBa3BjS0tIbUJTcGtDNE1VaVR3?oc=5,"Wed, 19 Aug 2026 07:00:00 GMT",2026-09-01T10:16:42+09:00
GoogleNews:コンビニ 新商品,コンビニ 新商品,"累計販売数2,000万食を突破！ファミマの『超も～っちりパン』シリーズに “サクサク”の常識を覆すクロワッサンなど、いつものパンとひと味違う 驚きの“超も～っちり”食感の2商品が7月14日から発売！｜ニュースリリース - family.co.jp",https://news.google.com/rss/articles/CBMid0FVX3lxTE9vNUFGVVh4dDAzc0xwS0dnMVcwMERkT2pjeFlJb1huZ2NiNFk4UkV5NVZBd0NrTlR4WW1RVFZYNmMwOHFGM2VTckhtV1dRQUt3NVJwb1F0UTlEOEptU0VBeFpDQWVGZVR3MlVpY1BWNVZVV2RYTHVN?oc=5,"Fri, 10 Jul 2026 07:00:00 GMT",2026-09-01T10:16:42+09:00
GoogleNews:コンビニ 新商品,コンビニ 新商品,【8月25日～発売】セブン-イレブン 新商品スイーツまとめ「ダルゴナコーヒー＆とろけるミルクプリン」「まぜまぜスイーツ 抹茶ラテ わらびもち入り」など - えん食べ [グルメニュース],https://news.google.com/rss/articles/CBMidEFVX3lxTFBGSXFmaGZVbGNJYjZMd25JTnB1TDVycDAwcHltMmZlXzlQQ1h5NUZob18tU25nbDlXbzVEdElic0ZuV3VQLVpnUXVyUmpRblJPZC1TUVNmUHJQTTdDNENEdmdSenJHNjktckNZNXhGTjlINUhn0gF6QVVfeXFMUC1FQm81TFN0d29HeHJ5U1piNnNsZnl6YU5JQ2hqU2x1OFhNQkNZSWJwd0RCOUUxNnR2R1Bkam4tM3dDdDZfZUhwRDI1ejRvUWFUYm1hTGxKTktCUjBhbHJWQzlfZHVDZWFPT3gwZG5zU0FPNnZDUmJmWXc?oc=5,"Wed, 19 Aug 2026 07:00:00 GMT",2026-09-01T10:16:42+09:00
GoogleNews:コンビニ 新商品,コンビニ 新商品,【8月25日発売】コンビニアイス新商品まとめ「7プレミアム カリッと ピスタチオチョコバー」「赤城 たべる牧場パフェカフェモカ」など - ｄメニューニュース,https://news.google.com/rss/articles/CBMic0FVX3lxTFBrUEFXQXNaeVZVOWdFV2hLejlIMmc5N21uTmVWcmxaRG9lT2x2RDBnVkVWN0M4R3czVWE0RHhWekJ0U1NSRUF0cEhmb3lXWHVQclVtbG40VG5iSERRLURQWnpfLXZwbUtkZzRjUFEyb0tUeW_SAXhBVV95cUxPajRrVHZmR2d5NHlyelVCMDVMUldzQWlJdGFOMHRGTFQ5eXMtd3NTbkktUTZ6eXhrWFRMc2xVR2FUYUthZjZxUWQ0ZG5FQmpzQnNhSmFZR3RSelZqMUc5Q3lyRF9TVURyMDZ5aDdHSjBoNUc5SjFaRnI?oc=5,"Tue, 25 Aug 2026 07:00:00 GMT",2026-09-01T10:16:42+09:00
GoogleNews:コンビニ 新商品,コンビニ 新商品,【2026年8月第2週】コンビニスイーツの新商品！つぶあんぱんやとろけるわらび餅など夏の甘いおやつまとめ - もぐナビ,https://news.google.com/rss/articles/CBMiYkFVX3lxTE5xMkJlQ0ExcVdUVVU3b0EwcEpDUUhEZUJuWlhQX09rQWh4V0JJdUlLZklQTC1wOUREeGxSSi1GNnd4dzM4U19EbE12ZFpCMTBCMUJHVXlocl8zcG1obFFCdlF3?oc=5,"Thu, 13 Aug 2026 07:00:00 GMT",2026-09-01T10:16:42+09:00
GoogleNews:コンビニ 新商品,コンビニ 新商品,【8月18日～発売】セブン-イレブン 新商品スイーツまとめ「7プレミアム ミルクレープ・クレームブリュレ」「紅茶＆オレンジゼリー マンゴー果肉入り」など - えん食べ [グルメニュース],https://news.google.com/rss/articles/CBMidEFVX3lxTE10VHo5RDJoNms0NU43ekpjUDQ3V1hHSkVxMFY2UmszMVJ2Q2RCeVhzWkZkdDNEcS15WU9JX09OamFiQzZzQTFLMzBKaEdUdW1BNmVoZTljcXVSQldVdUFvdUdwcE5XRmVlWnNyeDZ3N0NLRzk10gF6QVVfeXFMT1lqZm1VcDJvWjE0R0dnRmd1YnJISGRNWnlhODQ3X3ZxSjFFYnplZGtMWVgxVW1hSG5ZNkFIS3V3N2JzbklWd3pFMkhBdnh0S3lWYm05cDJFcmtxT3Y5T3lycmJTMm1mWmQ1UkNnMWhXNF80SUtFcVdJcVE?oc=5,"Wed, 12 Aug 2026 07:00:00 GMT",2026-09-01T10:16:42+09:00
GoogleNews:食　新商品,食　新商品,【新商品】“ふにっと濃厚”な新食感ソフトキャンディ『ミルクと練乳』が2026年9月14日(月)発売開始！ - PR TIMES,https://news.google.com/rss/articles/CBMiakFVX3lxTE9KU3RDaG1Wa0d1VmtSalZzemRZd0piUjVsazU0NkhqZml3WEJuMzRMZll0Zlh4SmE3Sm5tTjM1N3p6SE4zYzkzT25ycFFhLWVWbEEyaHFQOTRUNGNZaWJDdEp0Q211aUNuTUE?oc=5,"Tue, 01 Sep 2026 01:00:03 GMT",2026-09-01T10:16:44+09:00
GoogleNews:食　新商品,食　新商品,【9/3はグミの日】2026秋注目の新作グミまとめ！セブン限定ピュレグミ新作&ファミマも - いこーよニュース,https://news.google.com/rss/articles/CBMiUkFVX3lxTFBpd3pSYzVZRXFxNld2WUdiLTlkQmMzTWpBMXZNem1LeWU1eWJvOW91RU4zclRPRlJHcjRqYTZnTUVtNlFkUm16WDkxcEJadXVrckE?oc=5,"Tue, 01 Sep 2026 00:00:20 GMT",2026-09-01T10:16:44+09:00
GoogleNews:食　新商品,食　新商品,日本アクセス「新商品グランプリ2026年秋冬」消費者が選んだトレンド賞 パッケージ賞 ネーミング賞をチェック！ 背徳ブースターにバキサク食感...審査員のコメントも◎（tokyochips） - ｄメニューニュース,https://news.google.com/rss/articles/CBMifkFVX3lxTE5Uc1BNZk9vaXNQbGNkSjJyQ3ZQMVEwQlFTZ2tmSGNRbFNJcHo2cGVRUjdHQVVuODktbFgxU0M4VTdGVmd6clc1UG9ZSmY5Z1BqVGFPbE9LamV4UngxR3FDX3hyeTNGZzZYdjJRT0xTTk5Va2VyTDNsSmVBRHFGQQ?oc=5,"Mon, 31 Aug 2026 13:54:00 GMT",2026-09-01T10:16:44+09:00
GoogleNews:食　新商品,食　新商品,日本アクセス「新商品グランプリ 2026年秋冬」結果発表、グランプリはカルビーポテトの冷凍食品「ごちそうミニハッシュ」 - 食品産業新聞社ニュースWEB,https://news.google.com/rss/articles/CBMiTkFVX3lxTFBSLXB6b3Jva2puZ0VzTVlvdDZRclNybTl6d1lWemwzMzFLbWk1MGVsTk9qOG16VzdPclc4RVVtMEhrYmRHTXFRekhNUC1Edw?oc=5,"Mon, 31 Aug 2026 07:27:56 GMT",2026-09-01T10:16:44+09:00
GoogleNews:食　新商品,食　新商品,ケンタッキー新作「月見」シリーズ全5種類を紹介 また注文したくなるおいしさ（進撃のグルメ） - エキスパート - Yahoo!ニュース,https://news.google.com/rss/articles/CBMiiAFBVV95cUxQUWZiQmFqTWFUaHI4S2R5ejA3RWltaHhydlN6bVhGNld5NXpfMlNTLXg0T1BldkZtM0hXVWp6QnFnaFhIZ3pEdDBMWVBUd1JMMHFMMW5FelMyaWxnYnhsVDI1blRycVNSVy00dk53MzRqWkQzWW9RSXhYam5EUnJxX2IzakZQODlY?oc=5,"Mon, 31 Aug 2026 22:41:24 GMT",2026-09-01T10:16:44+09:00
GoogleNews:食　新商品,食　新商品,1年ぶりの新商品！ ≫サクサク食感で、ほろりとほどける。『ガレット ジャンドゥーヤ』が、9月1日(火)【COCORIS】から新発売！ - フーズチャネル,https://news.google.com/rss/articles/CBMiVkFVX3lxTFBReEFkQnh4Tk1jTkZKVDJXOU1sdVdlVzBieDJsdTlNSFlwQmVseGhQbXFES2dPTkgtOTgyQWJkQVZBeVRiOHhxdUhGYXhGcjg4UldHRlpR?oc=5,"Thu, 27 Aug 2026 10:49:00 GMT",2026-09-01T10:16:44+09:00
GoogleNews:食　新商品,食　新商品,新食感ドーナツ？！ザクッ！サクッ！ドーナツが新登場 - PR TIMES,https://news.google.com/rss/articles/CBMiakFVX3lxTE5SbUx6TE5JVUh5b0pqbXVBMlAwcEVUZjV3Q3dvQjJVNmsxcFVyZ2RzMzZRY2ZSUzhmN05heF92RTNpUldBX1lCX1hZdnpGaVhhOHViRHNCOE4yUXlpMGFVNk1hckNIVHk3WlE?oc=5,"Mon, 31 Aug 2026 02:00:02 GMT",2026-09-01T10:16:44+09:00
GoogleNews:食　新商品,食　新商品,セブン-イレブンから新登場!! 間違いのない美味しさ「429円の新商品」を実食レポ（いぬきち） - エキスパート - Yahoo!ニュース,https://news.google.com/rss/articles/CBMiiAFBVV95cUxQSmNhOUxrbkpuZnkxbnh0eTNuTkVYaUhheE5OQ3Y2N1hTeUNCWDh6S1c1Q2twMGlsVnU0aTItbHBaRW5uM2tJaXIzUEQteVBJQnpqVjlob1hHWHByaVhOUUpCQ0JlZnMwMXkzbjlFejRPVlJuMFpfSVFaWU1oWGwyUU50NWNRX0lW?oc=5,"Mon, 31 Aug 2026 19:31:09 GMT",2026-09-01T10:16:44+09:00
GoogleNews:食　新商品,食　新商品,【タカキベーカリー】個食・即食ニーズに対応、石窯パンから新商品「石窯パン 個食シリーズ」第二弾を9月1日発売 ～3月発売商品で見えた新たな需要を受け、季節素材の個食パンを展開～ - PR TIMES,https://news.google.com/rss/articles/CBMiakFVX3lxTE5ES1RYdEhoWE5XdlhkeVJGbjJjVEVaVUJRdDBQbV9LWlBCM3QtMXBGSUhfd0dUX0JxTlc3Z2N5Wm5VMnBJR2g1OFVORFlkVEpEcnlfaF9aeFRxNEpGb1JWckNTTGY2dElLNWc?oc=5,"Mon, 31 Aug 2026 02:30:01 GMT",2026-09-01T10:16:44+09:00
GoogleNews:食　新商品,食　新商品,モス新作「470円スイーツ」が登場 注文してみた感想（進撃のグルメ） - エキスパート - Yahoo!ニュース,https://news.google.com/rss/articles/CBMiiAFBVV95cUxNa0pmN1JmSVBnQXhiWXdkcVFpNVVjamQ3YW5IQldjYTBqWW9uc05zWVZ5MG5hTnFCX2tFSkMtbklIZmZpM09CZ0ZTaVc1clBRdTN1VEgzSTlPa2V6Q1FVMEdwczd4Nmh1bjR0TndGM2tubmVPNGNiX09oaTMyR2xkUDQ3VDdnMlE5?oc=5,"Fri, 28 Aug 2026 22:41:33 GMT",2026-09-01T10:16:44+09:00
GoogleNews:食　新商品,食　新商品,【辛うま新作カップ麺】夏のどん兵衛は和風×激辛！味の決め手「特製辛鰹粉」とは!?マニアが2杯を実食検証（MonoMax Web） - Yahoo!ニュース,https://news.google.com/rss/articles/CBMif0FVX3lxTE5NOWk0VENiOTJxRnNBMktLVGF4azdmQjhDaGFZTkZkYTQ2eTNZR3hSSFpYMTlSclMtcl95ajdhN0MtV1NvQjBibnI1b0VYQkpXeXZaNkRveVNHYllrR3RKYTc2RkhZS1o0elB3M2pjT2JYY1dEU0JxX1hZWllmRzA?oc=5,"Sun, 30 Aug 2026 03:00:30 GMT",2026-09-01T10:16:44+09:00
GoogleNews:食　新商品,食　新商品,エキナカ地域フェア「山形庄内MEGURIP」 追加ラインナップ公開山形・庄内エリアの“食の恵み”を感じられる新商品を期間限定で販売します！ - PR TIMES,https://news.google.com/rss/articles/CBMiakFVX3lxTE95akFRWTc4NzMyNWNnUHVfWmlYVXJFOU5mbnRVNHNwUGNrRnZXQUJtdk5GVlNlQkNOTWtKeGNKbXBudk11RHFqYjVHOUhXckpDR0NsemYtdWlyZXZOTDlTQmtxUEN3S1QzMlE?oc=5,"Thu, 27 Aug 2026 05:10:01 GMT",2026-09-01T10:16:44+09:00
GoogleNews:食　新商品,食　新商品,チョコのパリパリ食感と濃厚バニラがたまらない！ハーゲンダッツの「バニラチョコレートサンデー」が2026年も期間限定で登場 - 旅とおでかけ 鉄道チャンネル,https://news.google.com/rss/articles/CBMiTEFVX3lxTE93cVZmd09FU21YQXpLYV9ROURjaERqaWtsSHgyZWpMWW4xMjM0VDczSDIyNnlUazlxaUFFMnE1elFEY1JtR0xYbGsyeTE?oc=5,"Mon, 31 Aug 2026 02:44:34 GMT",2026-09-01T10:16:44+09:00
GoogleNews:食　新商品,食　新商品,【マクドナルド・新メニュー2026】「月見ファミリー」4種を食べ比べ！ 「月見バーガー」「炙り牛すき焼き風月見」「チーズチーズ倍月見」「北海道産バターとあんことおもちの月見パイ」を実食レポート！｜るるぶ&more. - るるぶWeb,https://news.google.com/rss/articles/CBMiUEFVX3lxTFBIZVZUT0RMWFdUTF9yVzlTemdpalE4aGZZcHhzdWN0Q21OWWt3WW9zQkF4UkJNaEdsNmRHYUlmZTJwakE3NzBEUWJ6cm1zOGdr?oc=5,"Mon, 31 Aug 2026 02:04:34 GMT",2026-09-01T10:16:44+09:00
GoogleNews:食　新商品,食　新商品,【ロッテ】安納芋のねっとりした甘さを満喫！ 新作「チョコパイプレミアム」を実食（南森エレナ） - エキスパート - Yahoo!ニュース,https://news.google.com/rss/articles/CBMiiAFBVV95cUxPendvMlRtMXd0d0dMaTNSd1ROalFWVTRqYjFDUHpJbDR1MEVpRXZQZmM2aTNPakxRTVp0MWdmVWFTZURjTG5fQ1A4WVUyb3owYlhld2tiaThWY1VrUWpNWmd6Ukgzcld2MkxrbU44ay1ya0o3dmVwei1KMWI4bjJ6VkNmMDNCbkdj?oc=5,"Sun, 30 Aug 2026 02:01:29 GMT",2026-09-01T10:16:44+09:00
GoogleNews:食　新商品,食　新商品,『フジパンPREMIUM』から極上の食感を楽しむ新商品が２品発売生クリーム仕立てのしっとり食感と加水率約90%のもっちり食感！ - フーズチャネル,https://news.google.com/rss/articles/CBMiVkFVX3lxTE0zUGZkN2tuV1lxTDJkU3VhZ3l6TTJOVkJjbV9fdmg2eGhrbnVTYzRxcExLR2dLektPaXBncTc2blhQVHAtcmd2UDdTbGxBRC1uUkxLejl3?oc=5,"Wed, 26 Aug 2026 04:00:34 GMT",2026-09-01T10:16:44+09:00
GoogleNews:食　新商品,食　新商品,モスバーガーで「470円の新商品」を注文してみた 一度飲んだらやみつきのおいしさ（進撃のグルメ） - エキスパート - Yahoo!ニュース,https://news.google.com/rss/articles/CBMiiAFBVV95cUxQQV84S2Q4dlZvTDZUS1F5OUl0SnlUVVlJNEJvdGhfWVp0SGRRRm9qUEZXRW1tQ2l6V3RaaUxiWEZLVngwWmdYQS0wWE5STzlTclFJZzNVZjBLTzR5bVNJWjRzTUp1Xzc5eUNTeVVKNFc5SDUtZkpReXcxRVdoTjhMVWo1dUVhLW5S?oc=5,"Fri, 28 Aug 2026 02:53:01 GMT",2026-09-01T10:16:44+09:00
GoogleNews:食　新商品,食　新商品,コンビニ先行発売「話題の新商品」を食べたら、個人的に中途半端だった（進撃のグルメ） - エキスパート - Yahoo!ニュース,https://news.google.com/rss/articles/CBMiiAFBVV95cUxPR2Rja0xwbGFPcktFTlVDQzAwdkVwa3RsZ2lRbmllN1ZSWG5JaGFoQmV5NEpiNUpITUxMWFc4anhiUG02aVdhbVhpbzF3bWFoWkRyYmUyNkFsMEhjYVNINW54cF85YjZCTEJWV1dOdi1XbHdDSXVTUHQ3REFJY1lOdTNzVk42TWND?oc=5,"Tue, 25 Aug 2026 12:58:58 GMT",2026-09-01T10:16:44+09:00
GoogleNews:食　新商品,食　新商品,伊藤ハム米久ＨＤが秋冬新商品を発表 内食需要に対応。新たな食体験提供へ - 静岡新聞DIGITAL,https://news.google.com/rss/articles/CBMiTkFVX3lxTE1QTlFvWkVONzhPUUh6OU80NXAxYWI0am1mQi1LNHlhSjRTNU5xOTJ6aXF2blZibTBhWF9yQ2hIUmdSNV9xRXlFOHQyRVNDQQ?oc=5,"Fri, 28 Aug 2026 19:00:00 GMT",2026-09-01T10:16:44+09:00
GoogleNews:食　新商品,食　新商品,話題になってる、セブンの「冷やしコショウそば」ベストな食べ方を検証します！ - BuzzFeed,https://news.google.com/rss/articles/CBMiekFVX3lxTE16d1Vfd0xuQndmVUtPeVduQndpX3VaX1pESzRZX1RILU5HeUxOS0piY1N1QkF0YWU1WjZNQTNPdnd0UVdITVlNVHlRdUoyc1pPRTd5RmIxLU05V29DNU9KbVY5aW9NUHREVGx1NjhGR1NQWDMwRGFYdENR?oc=5,"Mon, 31 Aug 2026 03:01:02 GMT",2026-09-01T10:16:44+09:00
GoogleNews:食　新商品,食　新商品,【2026年9月】注目お弁当最新情報特集！ほっかほっか亭「熊本応援！九州うまかもん弁当」ほか・ほっともっと・ワタミの宅食の新作をまとめて紹介 - えん食べ [グルメニュース],https://news.google.com/rss/articles/CBMic0FVX3lxTE5LRXQ2Y3pxXzlJMjR2dExWampqZU9MOGxRU1NMX0FGSFpZMGZmR2M4NXh2c080RFhrcHJEOXBhU3lLYzZpdUhSWHVZaGNnUjNPcDJXLXBKQWRVSTlwdmRqYm1wRDgxY2hMSTZfUC1IUm5ROFXSAXhBVV95cUxPNldNQkNsTW5PYm15WVU5WHRwUUYwWDhucVhZS21TbFgxTHVVbXRBNnRiVnVfZjdTZFJLdkxVX0s5elZzX3pyY2pDWEVSY1VwaVhHMzVBa2NZcC02SEpTckt1WkoweDBRRExYTEk2T1o5SlU4VGxWN04?oc=5,"Mon, 31 Aug 2026 11:00:00 GMT",2026-09-01T10:16:44+09:00
GoogleNews:食　新商品,食　新商品,セブン-イレブンが話題の新商品（230円）を8月19日に発売 食べた正直な感想（進撃のグルメ） - エキスパート - Yahoo!ニュース,https://news.google.com/rss/articles/CBMiiAFBVV95cUxQVmJEVk5IMFZ1dGJGT0M0RVJXOERyN08tZk4yOXE2T3lidmZjR2dEX1VmNmJTdGhBNVp2U0Z3VG9ZVmhORVlOYk5sNDBjcFp1WkpKSjE4X05FMm1oeWcwaFZZZzN6WkJLMDBNWDhMcWFBVGpPT05FTWFWTTBSd3FoSWRpVEIwaEpZ?oc=5,"Wed, 19 Aug 2026 07:00:00 GMT",2026-09-01T10:16:44+09:00
GoogleNews:食　新商品,食　新商品,『フジパンPREMIUM』から極上の食感を楽しむ新商品が２品発売生クリーム仕立てのしっとり食感と加水率約90%のもっちり食感！ - PR TIMES,https://news.google.com/rss/articles/CBMiakFVX3lxTE9nY3JVQlNRb2dOaEMtVHZzUlFSSXBCeUNJU1VYMWZydnNzVEpUT3FLLW4tbEpyZ1haWUJYUEcwV1FKZ1E0OXZrY3ZjNEpyYWtLWUZTSzZ3YWdJUkJPWkxlaUFMbEExMF9LcWc?oc=5,"Tue, 25 Aug 2026 02:00:02 GMT",2026-09-01T10:16:44+09:00
GoogleNews:食　新商品,食　新商品,【今週発売】バンダイ食玩新商品全11種まとめ!「ちいかわ キャラパキ」やガンダム「GフレームFA」新作注目ラインアップ(2026年8月31日発売) - au Webポータル,https://news.google.com/rss/articles/CBMieEFVX3lxTE4xV05UX1BBZEVNbFlfMm1MU19FZEhUQlptRzNvT1lVcjNIa05VSkhLRnB5UUlTVGp5UUpvMXl2djBwX0tHS3dldm1hd0Vwb1JDLXN5YTBQWWtEbUJ2RUtyZkUwUDRkWXR0NjZhcmUzYlRiZ2VQaENNNA?oc=5,"Sun, 30 Aug 2026 07:53:12 GMT",2026-09-01T10:16:44+09:00
GoogleNews:食　新商品,食　新商品,"【サミットストア】ベーカリーに""新食感ドーナツ""が登場! 9月の新商品は、栗・安納芋など「秋の味覚」も続々 - マイナビニュース",https://news.google.com/rss/articles/CBMiXEFVX3lxTE9lQXVDMV9MZ0tNNTJiNmpRenBVMVhMVEhJUVRPWXFpQ0YxZXNNZWpveHNMUXF1eUl1SGstSnpzS19Jb0ItLUZWOXpXTUdSczMyZ0dna1ZLaUhKQ2RQ?oc=5,"Mon, 31 Aug 2026 02:49:18 GMT",2026-09-01T10:16:44+09:00
GoogleNews:食　新商品,食　新商品,【周南】棒アイスで新たな食感 クラキチが新商品発売 - 新周南新聞社,https://news.google.com/rss/articles/CBMidkFVX3lxTE1wQjlUU3h4b1pMNXNQVzUzcHpFUUNRQVVPT1kycTNHTE52WEVNbUE5d3p1NHZwUEtVN0p5THF1UGhwMXc2NmVzMFhOU3VoY2hhc0F1bnNWRlNYak1ObVB0MTljN3NlSXA0cV80MnFRdEJHc2N3bWc?oc=5,"Wed, 26 Aug 2026 02:28:51 GMT",2026-09-01T10:16:44+09:00
GoogleNews:食　新商品,食　新商品,新商品「MoMi」がWeb動画公開／エバラ食品 - フードウイークリーWEB,https://news.google.com/rss/articles/CBMiUEFVX3lxTE5SQ0xVcG5yZUZTNWIyekRlMGRDa0VqNU1vekRVQ1NkaGFUNUZRZFZBTjlsb3FyeVAwcFQxNWFJSjZVQ1lQU2liU245QXJ6VVZG?oc=5,"Mon, 31 Aug 2026 00:59:11 GMT",2026-09-01T10:16:44+09:00
GoogleNews:食　新商品,食　新商品,【新商品】“あさげ”だからできた！減塩なのに、だしが効いててちゃんとおいしい「生みそタイプみそ汁 あさげ減塩徳用 10食入」リニューアル＆「フリーズドライあさげ 減塩 8袋入」新発売 - PR TIMES,https://news.google.com/rss/articles/CBMiakFVX3lxTE05S00wbTNZQkFIaVluTEN4WmlZREcyaDl5QW1JQ20tdDl1ZXRQalFfNGJuWFBpZGxFRm1hN2E1SnpqaUVTb0U1Y0k0ZlpFM1dGN3g0bWZFY3RHSk9xZ1NhanRjbmp1UTFHVHc?oc=5,"Fri, 21 Aug 2026 07:00:00 GMT",2026-09-01T10:16:44+09:00
GoogleNews:食　新商品,食　新商品,【ファミマ】200円以下で買える、お得な新商品を実食レビュー（進撃のグルメ） - エキスパート - Yahoo!ニュース,https://news.google.com/rss/articles/CBMiiAFBVV95cUxPenpKQ3VhWEJfNjdnTVZIdE03M1dEUXZtMmw2bmx1bE0zbG9kZ1VDaEFnOHdHdlMxQk5ldTR0Mkx5R01TdVhBbXYyNWJkMjJ3WFN2NE84OElTMjYydjJxT3B6WWNCSldIbFQ2dmtELW10V2ctY0pFazJwRGZHNzEwTkNjZkVzbmJn?oc=5,"Sat, 15 Aug 2026 07:00:00 GMT",2026-09-01T10:16:44+09:00
GoogleNews:食　新商品,食　新商品,ビアードパパに話題の新商品「月見シュー」が次回登場 1年前に食べた感想（進撃のグルメ） - エキスパート - Yahoo!ニュース,https://news.google.com/rss/articles/CBMiiAFBVV95cUxPMVQyM19tVVk0X05MTW12NHVkdlR6VHk0VHRBSGZ2QUhERnZ4Tm9vTTJXSVhRckxmdjEtZ3lxWldLcWU3TEpONDYyNFBsZDNXX0plRTYyOXRHWVEtRXVNampITjFkaTcyb3U1am43UFVmRC13cUVXUnktNjlZOHNFUVN3THRoQjVN?oc=5,"Fri, 21 Aug 2026 07:00:00 GMT",2026-09-01T10:16:44+09:00
GoogleNews:食　新商品,食　新商品,【今週発売】バンダイ食玩新商品全11種まとめ!「ちいかわ キャラパキ」やガンダム「GフレームFA」新作注目ラインアップ(2026年8月31日発売) - ｄメニューニュース,https://news.google.com/rss/articles/CBMic0FVX3lxTFBmWTZHWW9JY0t6ZC1Gc0ZQc3FCNTRndko1OGl2M0lNV2pMRTZwNzdWYzNFWHVNZGlWcDVJZUtxb3BlMmNBeTBidkZGT2RBQ1Q5MVUzM2lUeEU3Tk45akM5NWd2d283eXo0UW5ETFc0T2xnQkHSAXhBVV95cUxPMFNWVGRPSWlJd3Z3TkdyelVFaUVDZDJnUnVsT0JFRFhZdVAtYXFZcmRIYW9rcUhIUWFSM1RKTVNmQ3M5UGhWdzVsRzBqcHplcXhDY2dhR1hXa2tqcWJ1Tmg4SUtlYllHWGEwSU1CUlNaZnNuUTlzWDk?oc=5,"Sun, 30 Aug 2026 08:05:47 GMT",2026-09-01T10:16:44+09:00
GoogleNews:食　新商品,食　新商品,かつや新作979円「合い盛り丼」を実食！カツ×ローストポーク（進撃のグルメ） - エキスパート - Yahoo!ニュース,https://news.google.com/rss/articles/CBMiiAFBVV95cUxPYnVBTGlMcVhiVlFvUENKeXRhWFlPRjVJcFVhOGdMRHdVQS1WWWpqWi1WUEhhaUUzVVdERnFEUkZxVDFuQW0xQzJHQzEzMG5ZVUZRS3k0TmlDM0s1ZVctUGlVN3dRZjd6LVdLUVV6UmlKYk51Q3NpZUtlX1NIcFc1T0VOQVF2QUZf?oc=5,"Mon, 17 Aug 2026 07:00:00 GMT",2026-09-01T10:16:44+09:00
GoogleNews:食　新商品,食　新商品,スタバ新作「芳醇巨峰フローズンティー」を実食 果肉とゼリーに驚き！上品な大人の味わい（進撃のグルメ） - エキスパート - Yahoo!ニュース,https://news.google.com/rss/articles/CBMiiAFBVV95cUxPRERLTzBLQWd4ZXRhV3QyY2p4NVR2TXAzM0puQ3B0SHA3R2RtaTdBVmhleE9kZTJ0M2JabXdGbldHWE9YeklyaGZXY1p0N2czV3hXc3oxM0VQTlFJcENwaWpiTU9PaG0xbkM0VTg1cm5OY2JCOXFSWVV1bVdnMEstZms1OFA0cmRL?oc=5,"Mon, 17 Aug 2026 07:00:00 GMT",2026-09-01T10:16:44+09:00
GoogleNews:食　新商品,食　新商品,熱湯5分で“ふっくら食感”の炊きたてを再現できるカップご飯！新商品「日清ふっくら釜炊き ごはん」に注目 - ウォーカープラス,https://news.google.com/rss/articles/CBMiVkFVX3lxTE1tNExhV3UtS1NCY1VPRWIyXzQ0bXBSdjBWV2NqZGJHdkZPRmdmYkpzYjZuWDJJVVZiRGZrc19GWXBhTnAwdDE0NnJac2xRYkpDQndfVVdB0gFbQVVfeXFMTWpnSmdUZ2xuclh5X0JxOTNnVVJzMndtUUdGbC1nQzgtZnRBb0FuNkJNbE4xY2tYV0pJN2ZpbzZzR2w5cFpNT0RUWmJ2Zl90UUNGYUxISTRUVUVvQQ?oc=5,"Thu, 27 Aug 2026 07:00:00 GMT",2026-09-01T10:16:44+09:00
GoogleNews:食　新商品,食　新商品,【スタバ新作】スターバックスの新商品7種類を紹介 また注文したくなるおいしさ（進撃のグルメ） - エキスパート - Yahoo!ニュース,https://news.google.com/rss/articles/CBMiiAFBVV95cUxQS3hLZTJoaFV0RGtFM3o2NXZheGpEQTFmaW9kTEpDeDlja0o3NnZKaTMzU2huNDljS1lYM1VpR1hjM3E4eGd6WU9yT1BBamJNTkd6T0ZDMm85UXJMWGx4V3RaVWVkZmdyV0RTSFhleWRWa3BiT28yVEhXczhyb19wMWdaZUZIeTlJ?oc=5,"Mon, 10 Aug 2026 07:00:00 GMT",2026-09-01T10:16:44+09:00
GoogleNews:食　新商品,食　新商品,【今週発売】バンダイ食玩新商品全12種まとめ!「ポケモンキッズ」や「サンリオ」刺繍缶バッジ新作のほかジョジョ「にふぉるめーしょん」など注目ラインアップ(2026年8月24日発売) - マイナビニュース,https://news.google.com/rss/articles/CBMiXkFVX3lxTE1iWlhoOUFQU2ZBZ095U2c5YTZWeXJtSzlzelFsYURYNWtyTFVMYm5uQU5HOVE5Qnp5T3Y1elZrVjhQTGxtd0VYc0NnMVAzUUdjX0pWYzRENTkwdDdQblE?oc=5,"Sun, 23 Aug 2026 07:39:24 GMT",2026-09-01T10:16:44+09:00
GoogleNews:食　新商品,食　新商品,ひかり味噌 2026年秋冬新商品発売 気分やシーンで選べるアソートタイプのスープ春雨『おいしさ選べるスープはるさめ 10食』に、人気の「麻辣湯」フレーバーが仲間入り！ - PR TIMES,https://news.google.com/rss/articles/CBMiakFVX3lxTE9zYkJnejJFRlFNVkwxSlRhNWtYQXpCTFhiWlJqN1JDMXZmVEkxN2hSS2RrenhscXpzNFl3OERMOUhFYXJfLXc4cnZTTloxUjI2Uk9VZEUzckZudmdTTHI2QzdsQUZYbms3d2c?oc=5,"Wed, 22 Jul 2026 07:00:00 GMT",2026-09-01T10:16:44+09:00
GoogleNews:食　新商品,食　新商品,【新商品】あのヨーグレットが“もっちり食感のグミ”に進化して新発売 - PR TIMES,https://news.google.com/rss/articles/CBMiakFVX3lxTE1zMGh5bzZ2SGc5b25xX2swWjJIaFo3dUdqQmprRmVubmRTYjZGOWt5TGtKd2xNQzJKdTdzU0RSVHNaMnNvMXlETGNPc0VnSEJYamFLVU5JUk5iYUpVX3l0VTBXNVl4MjVnZ1E?oc=5,"Tue, 18 Aug 2026 07:00:00 GMT",2026-09-01T10:16:44+09:00
GoogleNews:食　新商品,食　新商品,「またデブになるやん」ケンタッキー、“ザクゴロ食感の新チキン”登場！ 「これは食べないとだ！！」 - au Webポータル,https://news.google.com/rss/articles/CBMieEFVX3lxTFBuTVdLZkhJQUxKZ0ctLVloWkxKUkVMTUNhNnQtcFNTTzVoQ2VIMW5iVkZ5VV8yZ1B1YW1sUTljRm5pczQ2Rlpma2VtZzkydXk3VjVHRU9jZ2FxeWxFbU41WlJtUEVqN2JQTmJYR0ZQZV9MMGlGN1FyaQ?oc=5,"Fri, 28 Aug 2026 03:03:35 GMT",2026-09-01T10:16:44+09:00
GoogleNews:食　新商品,食　新商品,地域発！食と工芸の新たな価値を発掘！ 第7回「埼玉県新商品AWARD2026」エントリー受付開始！！ - PR TIMES,https://news.google.com/rss/articles/CBMiakFVX3lxTE1PMGRFVlpFaGF0WFFCYkcwandhTUYzdnhnWnZzWElqQ2w0N3BMa2xtcktlMHduVXdjSzlWQTZIWHhQWk52ZWdGcWc3X0JyR0YtYVNxR0RKeG1kR3lDNEJxYU1TNVVFT2pkMUE?oc=5,"Tue, 04 Aug 2026 07:00:00 GMT",2026-09-01T10:16:44+09:00
GoogleNews:食　新商品,食　新商品,シュークリーム専門店「ビアードパパ」で「300円の新商品」を実食 また買いたくなるおいしさ（進撃のグルメ） - エキスパート - Yahoo!ニュース,https://news.google.com/rss/articles/CBMiiAFBVV95cUxORGRCblR5cnFrNExPQWVRQ0szMVNVRDRNRngzeUhKXzRYWGp3T2pHcmNyRkVqOF92bHNYYmVBYWhhXzU2SDdqbkxLdFUtQ3E0MFJITFNaYzBiRjNXX25OaUZDT1hKeENZOUdQWlNjOHFnQUJsZVh3OXd6YXE4T1doM2tjU1JIWkdC?oc=5,"Sun, 09 Aug 2026 07:00:00 GMT",2026-09-01T10:16:44+09:00
GoogleNews:食　新商品,食　新商品,【the kindest 2026年春夏 新商品】子育て家族の“新生活の食の壁”に寄り添う乳幼児食を発売 - PR TIMES,https://news.google.com/rss/articles/CBMiakFVX3lxTE1OQUZhS2ljZlNpVzI3SFRPUU5tUXVpUzJTWmFKb0xRQWNkdnpiQWxDR0lpMVd5MUdsUHlzRXBUU053TXNrLU9ya0JJQ2FDdTJsTm13S3V2R2pBTXJVTG9IZDJpSHc4Q2g2clE?oc=5,"Fri, 27 Mar 2026 07:00:00 GMT",2026-09-01T10:16:44+09:00
GoogleNews:食　新商品,食　新商品,【新商品】あのヨーグレットが“もっちり食感のグミ”に進化して新発売 - 信濃毎日新聞デジタル,https://news.google.com/rss/articles/CBMiZEFVX3lxTFBfVmxtZVhrcFlXaFJEaG1QeWx2S0lDS2ZhX3pFUEl5UWg5Ml90c1I1LWlNWUhsT0RLeHZ0aG0xRWU2WUk2WXY4bTIwaEp6RFV4aDdBclVJNjkxMHhTMjVqcThNakY?oc=5,"Tue, 18 Aug 2026 07:00:00 GMT",2026-09-01T10:16:44+09:00
GoogleNews:食　新商品,食　新商品,ファミリーマート「358円の新商品」を実食 お得な「大盛りサンドイッチ」が登場（進撃のグルメ） - エキスパート - Yahoo!ニュース,https://news.google.com/rss/articles/CBMiiAFBVV95cUxNWnRkZVQ0X0tTS1pxR2Qxbl9SYW1qcG5kUTRPc0xhU3JpMWZzWUpSZUlsWkpHd3RkbDNJcHEzYkxRd1h4c1NUWTZnVFVFWGtQZUNYMWphdnZtSUpzU3pJN3FDQkVEVUNETzFGeXdjb294SWgtQ2QyNl9UVFA3cENXUzYwM3ljaVNl?oc=5,"Sat, 08 Aug 2026 07:00:00 GMT",2026-09-01T10:16:44+09:00
GoogleNews:食　新商品,食　新商品,中谷食品、総合フードフェア開催 いち早く秋冬新商品 今すぐ使える夏向けも - 日本食糧新聞・電子版,https://news.google.com/rss/articles/CBMiZEFVX3lxTFAyZ3JKZmpHcTNKWC1qeHdwc3QxeE1PUDkyX29KRU9OeHdZTDJXbFRhWDN3UTFPVHQweTRKbERwLWY1dFFZek50TEs0MnJ2VW5XYVpaem5CaXRDWFlZUklVRFU2bjU?oc=5,"Thu, 23 Jul 2026 15:07:48 GMT",2026-09-01T10:16:44+09:00
GoogleNews:食　新商品,食　新商品,伊予高生「ちんみーず」、松前産珍味で新商品 防災食「ザクザクバー」など夏祭りで販売 - 愛媛新聞,https://news.google.com/rss/articles/CBMiYEFVX3lxTE5tUGswVUFLdzZnQzNiUTVYenFuRlpNRl81RFI3Q0gyc0t4THA4cXlLbEJYbjFHdGRJZ0lEY05UMnFaSElKcU15a29QUDVHdldYOFpaajRYVzJReTcyaHlJaQ?oc=5,"Tue, 04 Aug 2026 07:00:00 GMT",2026-09-01T10:16:44+09:00
GoogleNews:食　新商品,食　新商品,【漁村の食文化を伝える(株)漁村女性グループめばる】郷土料理『ごまだし』に続く新商品『漁師のかっこみ飯』をシーフードショーで初披露 - フーズチャネル,https://news.google.com/rss/articles/CBMiVkFVX3lxTE04WTF2aHRJM1R1eUF5RkVWMkpuaW05Wmx4N3hJTXllbm56LUp3ZFo4VjlYLW9LRHUxWjFNOV96YjRob29wS2hZY1BSRFg5TW1lM0EtNl9n?oc=5,"Sat, 15 Aug 2026 07:00:00 GMT",2026-09-01T10:16:44+09:00
GoogleNews:食　新商品,食　新商品,＜ 待望の新商品＞ ブリュレのような“サクッシャリッ”食感！フレンチトーストの味わいをタルトに閉じ込めた『フレンチトーストタルト』を【Ivorish(アイボリッシュ)】より6月21日（日）から新発売！ - PR TIMES,https://news.google.com/rss/articles/CBMiakFVX3lxTE8tdHZua3Z3b3NwV25uWWhzbWJIMmJtWE8ybDN3Y2pJcTV3TDdyMllyenVaTTAyN0RsWlkzMzJsNjlGNTlaVEVUN2pJMFFTLVFoZ1dQZnhGMkpmalJsOVFfa2J0QnBjTDlmQXc?oc=5,"Thu, 18 Jun 2026 07:00:00 GMT",2026-09-01T10:16:44+09:00
GoogleNews:食　新商品,食　新商品,帝国ホテル「ANoTHER IMPERIAL HOTEL」広島県の食と工芸を集めた新商品を9月2日（水）より販売開始 - 47NEWS,https://news.google.com/rss/articles/CBMiS0FVX3lxTE5LS1ZJRy00bElIdmZHQmhhdEh1WUlHOXdoVU5CNE5LYnp0LTJaQms5WUdobkRMZTFWV3ZrcnAtQTRiV3pjNGxUQjk4NA?oc=5,"Mon, 17 Aug 2026 07:00:00 GMT",2026-09-01T10:16:44+09:00
GoogleNews:食　トレンド,食　トレンド,次の食トレンドと注目商品が集う、「おいしい博覧会2026秋冬」を10月15日(木) 開催 - PR TIMES,https://news.google.com/rss/articles/CBMiakFVX3lxTE1yOWJZVWFuVmZCamlwV0RZaHhSYk13U0FqcEp2ci1qaXdsQm9qYkZCNEFta1hGT2hGRy1TY21Lb01sLTdIV1NFM2U2eWRycnh4eGVIc1ZiZVRDY1VzdlhLc0Z1UDRNRllGd0E?oc=5,"Fri, 21 Aug 2026 07:00:00 GMT",2026-09-01T10:16:46+09:00
GoogleNews:食　トレンド,食　トレンド,人気食品メーカーに聞く、ひんやりグルメの最新トレンド - at-living.press,https://news.google.com/rss/articles/CBMiS0FVX3lxTE44UlFiLWgxQWZwcTJnVDBFU2Q4V3FmMjYxRi12cno3THZFUF9vZk1DZHdleXBiUFJXaENTZGcySjJwc0FKZWoxQTNHQQ?oc=5,"Sun, 30 Aug 2026 09:02:36 GMT",2026-09-01T10:16:46+09:00
GoogleNews:食　トレンド,食　トレンド,日本アクセス「新商品グランプリ2026年秋冬」消費者が選んだトレンド賞 パッケージ賞 ネーミング賞をチェック！ 背徳ブースターにバキサク食感...審査員のコメントも◎（tokyochips） - ｄメニューニュース,https://news.google.com/rss/articles/CBMigwFBVV95cUxNX0IxWGtEdDNnVzZXWlNPamtOSGxkdlJkWmtwY25rMXpZQkhrM1AyZ3pGTDZtM05haTg2bEpabVpWSGZrdllhMWktajJ3WUQzWWhFbDZTNDExbUd3cUFXcERCRVJkWU92MGlpbXdVcHpodmZaWXdXYUdFNzFLVXdNbFh2aw?oc=5,"Mon, 31 Aug 2026 13:54:00 GMT",2026-09-01T10:16:46+09:00
GoogleNews:食　トレンド,食　トレンド,画像1 / 4＞2026年の食のトレンドは「Swicy」！アジア最大級の食品・飲料展「FOODEX JAPAN」が発表した3つのキーワード - ウォーカープラス,https://news.google.com/rss/articles/CBMibkFVX3lxTE41RVpBQnNiQzF5Z3V4N3JGSE1Fc0tLSU9nTWdaekRTTmQzZE1xd0FZYm9JeWlESUEzMjhXaVg3ckxFYS1WbGZUd1ZUNmFXZzVTMzJDM1FiTzdMaU1vRTh0VHFfaVJmQTdZdkI3X3VR?oc=5,"Wed, 26 Aug 2026 14:15:30 GMT",2026-09-01T10:16:46+09:00
GoogleNews:食　トレンド,食　トレンド,8/3 定量×定性で読み解く「食」トレンドの現在地と未来 ― 生活者の「潜在ニーズ」と「欲望の変化」から導く“次のヒットの兆し” - クロス・マーケティング,https://news.google.com/rss/articles/CBMiVEFVX3lxTE96WmlUMFdId2NCLW1rMnF4ZHdwZFlqenczOXZKZC1CRF9wVFdiNzB5OGdNaHpDUEY5X19PSVhLMEZtM3ZydU5KTzVwUnZlSVdJam5mbQ?oc=5,"Mon, 03 Aug 2026 07:00:00 GMT",2026-09-01T10:16:46+09:00
GoogleNews:食　トレンド,食　トレンド,2026年上半期「食トレンドランキング」＆下半期「食トレンド予測」を『デリッシュキッチン』が発表！ - PR TIMES,https://news.google.com/rss/articles/CBMiakFVX3lxTE9venRmem0wY3ptejR1TkFHUERqbGdlWTV0SmFxcjlnN3ZoTnR3ZW1OUWs2TkVUclc1TGN2QTdNOWhHUWtOblc5NGViMmprSk9PQlBZTFB6M2hlRDQwcDJrUFJ4NmNURXloYXc?oc=5,"Thu, 18 Jun 2026 07:00:00 GMT",2026-09-01T10:16:46+09:00
GoogleNews:食　トレンド,食　トレンド,次の食トレンドを予測、「おいしい博覧会2026秋冬」10月15日開催 - Koubo,https://news.google.com/rss/articles/CBMiRkFVX3lxTE9kZDcxWjFPNjFDYy1UU0hqcFl2MEVSVG4wN3lYVktoaHF3cUx3WGxvcHZjVl81MTl4YXBpQ1hjUzNvek1WaHc?oc=5,"Sat, 22 Aug 2026 07:00:00 GMT",2026-09-01T10:16:46+09:00
GoogleNews:食　トレンド,食　トレンド,月刊「食品 新製品トレンド」2026年7月号 ロングセラーが劇的アップデート 食感も味もコンセプトも新次元へ！ - 日本食糧新聞・電子版,https://news.google.com/rss/articles/CBMiaEFVX3lxTFBwbmlJR3F1Nk1LZWxRTUI2VWw5YkJvdng3aTdrZGlveGNuQXlQQkNvV1Q5RzMyczV5RlpGaVFITVpnWDFPaHdZTnE3aGtYVzJrcER5UWN1dXlOQVF3dTk2T2V0VUZDNG9r?oc=5,"Tue, 21 Jul 2026 07:00:00 GMT",2026-09-01T10:16:46+09:00
GoogleNews:食　トレンド,食　トレンド,【トレンド発信】2026年秋冬『新商品グランプリ』結果発表！ - PR TIMES,https://news.google.com/rss/articles/CBMiakFVX3lxTE9aNUlsczU0WWhUOWc0S1pPd3RmalZfVW5CQ3BlZWFpcDFsckpLdm5Neml1Z1lXTXhHbUpkaVVzUGVKbWNYcjVNOTNqQ0FYV2lNSzN6X2lVR0dnRTRiZ1d0TEJuZ0cxME83cXc?oc=5,"Thu, 27 Aug 2026 09:06:11 GMT",2026-09-01T10:16:46+09:00
GoogleNews:食　トレンド,食　トレンド,【ミヨシ油脂】「2026年食のトレンド予測・ハンバーグ編」発表、リピート購入を促すのは「ジューシー食感」、購買層に合わせたソースの味選びもポイント… - フーズチャネル,https://news.google.com/rss/articles/CBMiVkFVX3lxTE5DeWtGOExRa2p6UmpXLVRHbUhEUEc0d3RscE04YVBmdUxtTTJaU25aSTEwYVpwS2JPS0JhcEVBRGUxbXkzZkhkc183MWlKUWUxeGlVVlNn?oc=5,"Tue, 18 Aug 2026 06:52:02 GMT",2026-09-01T10:16:46+09:00
GoogleNews:食　トレンド,食　トレンド,今年の食トレンドは甘くて、辛い！？日本最速！「スワイシー」な味わいの「スワイシーブルダック炒め麺BIGカップ」を8月18日（火）より先行発売 - PR TIMES,https://news.google.com/rss/articles/CBMiakFVX3lxTE42SDNVT2k5LW42VGNwbG9XeHFTSDJVYzE0cGFQSk5KZ05yUFpFM0loTnV4aFFUR3haQ2pjWVM4NTkxNEJxR0I5bTF6WTV0Q2o1RVlGcWZ4STh2N3EwVzRtTWYxT1NrVE5TUmc?oc=5,"Wed, 12 Aug 2026 07:00:00 GMT",2026-09-01T10:16:46+09:00
GoogleNews:食　トレンド,食　トレンド,クックパッド「食トレンド大賞2025・食トレンド予測2026」を発表 - PR TIMES,https://news.google.com/rss/articles/CBMiakFVX3lxTE8xdHRCeHliOFlnUm9LZmt3d2MxdlVORDNfYjFLc0NoV1lNZmlXdVVzVDEyWkpTVDRsYVMzN1g3NVJETEZYV0hLbTB1Wkk0R2laQURDWTR1WG5aS081OEk5azBjcG1keFhrM2c?oc=5,"Wed, 26 Nov 2025 08:00:00 GMT",2026-09-01T10:16:46+09:00
GoogleNews:食　トレンド,食　トレンド,猛暑の夏、「軽め」と「刺激」の二極化が加速？味の素㈱、「2026年夏猛暑食トレンド」を発表暑さと気分で切り替える『夏のオン⇔オフ スイッチメシ』とは？ - PR TIMES,https://news.google.com/rss/articles/CBMiakFVX3lxTE0zUFpEeUVOVUxmVlJlU1NCMzJTUUlUZHYtREhtS3Y1bG8tNlJPUUJfV0R5b05USjJsS3k4Um1XQjlSWW8xeXhvekozdFY0QXBYZ2JqUkFMd1cyUm5BRE5RUkphdDdIR2RJUVE?oc=5,"Fri, 15 May 2026 07:00:00 GMT",2026-09-01T10:16:46+09:00
GoogleNews:食　トレンド,食　トレンド,「2026年上半期トレンド料理ワード」から読み解く食品系SNS運用のためのマーケティングセミナー アーカイブ動画の配布開始 - PR TIMES,https://news.google.com/rss/articles/CBMiakFVX3lxTE56QUJ5M01LYmdPODBRLVRmOUM5TXdYNzZwQUtUXzdXUDU4SldHTzB1MmJBWXVEOXdhNDM2X212MmctdUdOSk5Gcmx0MGhQOFZfdm5WWU96UE9xSFFCRWZxSkU0aFJma2ZJU3c?oc=5,"Tue, 16 Jun 2026 07:00:00 GMT",2026-09-01T10:16:46+09:00
GoogleNews:食　トレンド,食　トレンド,大賞は「麻辣湯」！ゆる腸活から魔改造レシピまで2026年上半期トレンド料理ワード大賞＆注目5選を発表～キーワードは「味わうだけでなく楽しむ食のエンタメ化」～ | アイランド株式会社のプレスリリース - PR TIMES,https://news.google.com/rss/articles/CBMiakFVX3lxTE10M3RuQWJsYUhZRXZTZWk4eFBZbHBwNmdvdGU2anhBaFdFUlRqaEN1T1huTzFfSWxMc1hoMnlJUWVTLUg5NHVyZzd5YkJqd0lDT29EMlFNVTlybUczRHJLRmdUc2tVdUNaWVE?oc=5,"Thu, 04 Jun 2026 07:00:00 GMT",2026-09-01T10:16:46+09:00
GoogleNews:食　トレンド,食　トレンド,内食・外食データが導く2026年夏の最適解！今年の夏はお家で「辛酸冷・麺」と外食で「酸辛香グルメ」 - PR TIMES,https://news.google.com/rss/articles/CBMiakFVX3lxTFBaZXlTN0RJaEktZW5aaGZZMzg3alJCcWl5T2tHS1EyUENlRjA4QVJ1U085QWd6blItNnVUbk9OVEY0eTNmYVlsc0RTVkM1bVRua2FaWFhoNXVyQUFzbTVfazNvajd0bFFmQmc?oc=5,"Tue, 21 Jul 2026 07:00:00 GMT",2026-09-01T10:16:46+09:00
GoogleNews:食　トレンド,食　トレンド,FOODEX JAPANで見つける、2026年の食のトレンドの兆し！甘辛の新味覚 “Swicy（スウィーシー）”スナックやまるでヨーグルトな進化系こんにゃく、氷の要らないかき氷機まで | 一般社団法人日本能率協会のプレスリリース - PR TIMES,https://news.google.com/rss/articles/CBMiakFVX3lxTE9xS0pZRFd0aVJub3F2THNBeHpIZEpNckVlVXAxMmJBclFhWnVjZ1BGYV94ckNlSjJpWkpmMi1aeUZ2UndXSXR5THUxWVAzMlNtM3hTem9jeGNMRDhOU0o2RXVNU1Q0MkRrQWc?oc=5,"Thu, 12 Mar 2026 07:00:00 GMT",2026-09-01T10:16:46+09:00
GoogleNews:食　トレンド,食　トレンド,2025年 食のトレンドを振り返り ― 「自由」と「ノスタルジー」がキーワード - PR TIMES,https://news.google.com/rss/articles/CBMiakFVX3lxTE0xMFpZQ0lPbjJ6MVFsdDJRYnh2WTBZSTgxRGJlY2NrWDVLejhMQnUwazRmTTI1dXlUcWhKNmRBSi02V3U0XzY5LTRNSEMwSEtZN3pPMUVfQ1MzV0xwUy01Z3Y5cy1PUnlPUEE?oc=5,"Fri, 12 Dec 2025 08:00:00 GMT",2026-09-01T10:16:46+09:00
GoogleNews:食　トレンド,食　トレンド,クックパッド食トレンド大賞2025『今年の顔』を発表 - PR TIMES,https://news.google.com/rss/articles/CBMiakFVX3lxTFBNZV9FUC0taGRnV0N5bGtaQUpBWFF6dXM5bVptWmZpTm9nRUFJZlhVZTZYdGpyc3JmSk9OMHM0MTB3TUtKX1J4OC1Nc00tZHdUQU8xLWVic042bG50ZjhmN3hKWENGY2FDUHc?oc=5,"Wed, 26 Nov 2025 08:00:00 GMT",2026-09-01T10:16:46+09:00
GoogleNews:食　トレンド,食　トレンド,2026食トレンド「コンボケア」をバーで最速実装 オーセンティックバーが提案する新習慣 「ゼブラ飲みキャンペーン」2026年7月1日開始 | 株式会社ティグリス - アットプレス,https://news.google.com/rss/articles/CBMiTkFVX3lxTE5EeVVlUVdOeGFMSW1ROVd1enhTQnBEZ3dyWFVaSEp4MFdpVUszb1pkREVjeC1xYXhUUDZqYTViSWpldm1TMjZieUE4c0pidw?oc=5,"Mon, 15 Jun 2026 07:00:00 GMT",2026-09-01T10:16:46+09:00
GoogleNews:食　トレンド,食　トレンド,定量×定性で読み解く「食」トレンドの現在地と未来 生活者の潜在ニーズと欲望の変化から導く次のヒットの兆し - PR TIMES,https://news.google.com/rss/articles/CBMiakFVX3lxTE94a2ZWLWYzUVkxTm1OeVhsajUtTDhLSGxBZnNVVEJIcmJyTmVrODRvZUg3eTU3WExBT0d6NTFqZE1mbkZXQmRFZ2lrWWNBVmI1d3c3YUF0VGFUb29fX1RocVRLM0ZCaTVBR2c?oc=5,"Thu, 23 Jul 2026 07:00:00 GMT",2026-09-01T10:16:46+09:00
GoogleNews:食　トレンド,食　トレンド,クックパッド「食トレンド大賞2025・食トレンド予測2026」発表会レポート｜食トレンド大賞は「ワンプレートせいろ」 - PR TIMES,https://news.google.com/rss/articles/CBMiakFVX3lxTFBPUFRjaUZ2WHBhZXI0cVJ1VlNnS2VqMjNNaVJwZ3Zxd2l5eDBQa1p0UnQxNlNuMThIemxRRF9OSzFmMlBiVms3SlY1SkQtMmlhc1BzZFo2OWZEXzhvTHZHcWN1RXBIdU1RMXc?oc=5,"Thu, 04 Dec 2025 08:00:00 GMT",2026-09-01T10:16:46+09:00
GoogleNews:食　トレンド,食　トレンド,2026年「猛暑グルメ™」は「酸辛香グルメ™」 - 株式会社ぐるなび,https://news.google.com/rss/articles/CBMiZEFVX3lxTE1lVzVlOXZoUXgwYm5qZmJwX3VBX0EzNXBxWTY0MWpFU096VWVWeUNVTjNzcURTRmNFU0NNb2FtdjJfd2tKZzA1Ujd4cGhRR0ZyN1lra1lpYzRtTWstb0lfQ2JWRFQ?oc=5,"Thu, 04 Jun 2026 07:00:00 GMT",2026-09-01T10:16:46+09:00
GoogleNews:食　トレンド,食　トレンド,ファミリーマートから新登場!! SNSを中心に人気が広がる食トレンド「話題のカップ麺」を実食レポ（いぬきち） - エキスパート - Yahoo!ニュース,https://news.google.com/rss/articles/CBMiiAFBVV95cUxOWGlHWV9xOW81S2lndnA2LVdvNmlqTTFQV3Z5aS1aTW5zeTRvUGpoQVdYZ1p5ekk2QUE3aUpjSlRVS05tWGdIdGhlcEN4RGxwOUFzY3JXTE44NWpCTmpwTEdvWk1tOUVNdF84dDhMZ0d3VDJ0cTNHTTlZVzE5d2FQYXZ5TXVOaS1N?oc=5,"Fri, 21 Aug 2026 07:00:00 GMT",2026-09-01T10:16:46+09:00
GoogleNews:食　トレンド,食　トレンド,【ファミマ】最新食トレンド「スワイシー」ってどんな味?「スワイシーブルダック炒め麺BIGカップ」先行発売 - マイナビニュース,https://news.google.com/rss/articles/CBMiXEFVX3lxTE5DUTFKLW82RUt3Yk1TT1BvUW50c1A1SElKYWZfaENNRWQ1N0Q3TkxPdENncXFGYmFRVG1XUHZ3blpaWEZ0OEt1VE9GTE9HcDBKRkJtVlFENmhJZ0g2?oc=5,"Mon, 17 Aug 2026 07:00:00 GMT",2026-09-01T10:16:46+09:00
GoogleNews:食　トレンド,食　トレンド,"2026年上半期""食トレンド""ランキング1位は「冷凍ストック」! 下半期は「直パケレシピ」「ネオ厚揚げ」「ドリンク調味料レシピ」がブームに? - マイナビニュース",https://news.google.com/rss/articles/CBMiXEFVX3lxTFBYWlg5ZG9SQ2JDZk1LMVhjR0U0N3Z3NFhIVnQ0OE1ienowM25nV3hRbjRGZ2t1Y3BwbzhUUS1Yc0JtZkkwaW92czlNMGhGWUFzV3ZsUXk3WS1IbEc3?oc=5,"Fri, 19 Jun 2026 07:00:00 GMT",2026-09-01T10:16:46+09:00
GoogleNews:食　トレンド,食　トレンド,三井物産流通G、食のトレンド一貫提案 フードショー手応え - 日刊工業新聞,https://news.google.com/rss/articles/CBMib0FVX3lxTE95azFSUk1Ib2VmaExsVEZYeEVOTTB0M05zZnJCQnZfWmp4SnhXNUI1YzhyYjY2U2ZsT3ZaN3RxdlFkQll1ek9uY2RWZlgxSWVwWlB4dlMwZFZtZS1FRFBybi1iOUFMLXBGNGhYcEk2VQ?oc=5,"Wed, 29 Jul 2026 07:00:00 GMT",2026-09-01T10:16:46+09:00
GoogleNews:食　トレンド,食　トレンド,【ミヨシ油脂】「2026年食のトレンド予測」第４弾、「餃子・焼売編」発表、餃子におけるリピート需要獲得のカギは「ジューシーさ」と「パリパリ食感」 - PR TIMES,https://news.google.com/rss/articles/CBMiakFVX3lxTE1kSTdEbHZpMEpsajUxZmw2NzE2UE5jc0NzN1dfMzVjUXM0WFJ6NzBqU3hOSnRnZERmXzlRSHVrSXhGLTU2M2JvbUgzM0JOT1N3OEJSbjhEMi1Oc1QyUnRGVUtHLW1JOG41Umc?oc=5,"Wed, 20 May 2026 07:00:00 GMT",2026-09-01T10:16:46+09:00
GoogleNews:食　トレンド,食　トレンド,「2026夏の猛暑食トレンド」予測を「味の素」が発表！ 「麻辣湯」レシピ検索が右肩上がり、エスニックブームが猛暑の食卓を変える?! - HugKum,https://news.google.com/rss/articles/CBMiQkFVX3lxTFBBQ2hwSE5BRm1zU0hnSU5KbnQ1ak1qRnJoU1hQTUJScEpxOWctcEFJX3lSTnhmbEQ3SDhiVXdxLXJCQQ?oc=5,"Sun, 31 May 2026 02:03:52 GMT",2026-09-01T10:16:46+09:00
GoogleNews:食　トレンド,食　トレンド,「クラシル」が2025年の食トレンド分析結果を発表 「時短・手軽・健康」がより強く求められた一年に - PR TIMES,https://news.google.com/rss/articles/CBMiakFVX3lxTE9SaHFIRHo0eWpCZHFTWVR3THZGc2tLa2k0dkl4TDRtRjdGOTZSR3B4cy1VUTNwZ0xyaDBfOE95M19EcUFhVm5Pd0puSWp1dnIweDJfN3lwY3c5NzZnTUo2RFMwdmo4Wm5fR1E?oc=5,"Tue, 16 Dec 2025 08:00:00 GMT",2026-09-01T10:16:46+09:00
GoogleNews:食　トレンド,食　トレンド,海外市場の現場で集めた食トレンド10年分を学習した食の特化型AI「FOODIAL AI」を正式ローンチ。生成AIでは辿り着けない具体性のある回答を商品開発のヒントに！ - PR TIMES,https://news.google.com/rss/articles/CBMiakFVX3lxTE5mNG91cDNkLXVjSkJKWkJ6MldhN0lmWVNlNjJQVzFXLUJfb3FNQjJwVEtPVVphVnNINEIxQjF2R3dESTVJUU1veWZXa3ZvSnZHY0M0QmNadzNCVWxDVnU5dVkyTVZqa1JCaFE?oc=5,"Wed, 25 Feb 2026 08:00:00 GMT",2026-09-01T10:16:46+09:00
GoogleNews:食　トレンド,食　トレンド,2026年「食トレンド予測」を『デリッシュキッチン』が発表！次にくるのは「AIフード」「進化系こんにゃく」「指定野菜 ブロッコリー」？！ - PR TIMES,https://news.google.com/rss/articles/CBMiakFVX3lxTE5GUEFXS2tySk1sUHc3NFI1b2NuT0g2ZnBHT2xzcXU0NTNSUnRqRFd1d1F3U05LWVB1dm1tQ2FSNElJNEtxbE5hejdraFQzNGJfX0paNFJnWldaTjQtZlJ2SW52MTFxcXctZWc?oc=5,"Thu, 27 Nov 2025 08:00:00 GMT",2026-09-01T10:16:46+09:00
GoogleNews:食　トレンド,食　トレンド,食のトレンドは「手軽＋日々の健康」がキーワード！手軽に健康を意識した料理で自分を労わる、新たな食のスタイルに注目 - TOKYO MX,https://news.google.com/rss/articles/CBMibkFVX3lxTE12cm81bEFYRVg0ZnhOdnU5U2Rtd3FVSkpDWGF2cngtbXc0Z1FNdTNualRNeEVHQkJDYlZqSm1DWjVIOFptRVJhRGpxbEN6cF8zWGF0SGVsXzhFdGh5ZVhlZ2pDclY4ZUVHb3p1VXlB?oc=5,"Thu, 29 Jan 2026 08:00:00 GMT",2026-09-01T10:16:46+09:00
GoogleNews:食　トレンド,食　トレンド,ヨーカドーの冷食ポッポが好調 2カ月で50万食爆売れのなぜ - 日経クロストレンド,https://news.google.com/rss/articles/CBMiZkFVX3lxTE91VEFCc0J5aDVVNnZMOVVTcy12VXhELWJCWDRuc19CekhoVjQ1SHlpZldhX21Kb2RHYVNIcndsMkw1RjhaMzg4elhzOXZDY21aTEtmSWZCWnp2b3FLejE5S04zT1lmdw?oc=5,"Mon, 29 Jun 2026 07:00:00 GMT",2026-09-01T10:16:46+09:00
GoogleNews:食　トレンド,食　トレンド,【食のトレンド｜2025年振り返り・2026年予測】来年は、節約冷凍テク・深まる健康志向・海外グルメの内食化で家庭の食卓が進化 - フーズチャネル,https://news.google.com/rss/articles/CBMiVkFVX3lxTE1XWGVVYmxiSXE0SVp2OXkwXzE5d05SUzF4VW82WTczWG82MzV3b3F5UzI2T05pU002S1d5dHQ2d2NUVTYwNmZBc2V4SUo2dGRUMFdvcFd3?oc=5,"Fri, 28 Nov 2025 08:00:00 GMT",2026-09-01T10:16:46+09:00
GoogleNews:食　トレンド,食　トレンド,クックパッド食トレンド大賞2025『今年の顔』授賞式を開催 - PR TIMES,https://news.google.com/rss/articles/CBMiakFVX3lxTFB5Rk0tTmRWZTZQM2pKS2M5Q052ckxqWVMtNkNQa0V5d3NiR0lJcDF3VFVmNmprd1lUMFBSMkNRWDQ4NDJqSTVvaUt4TkI5SXlUWExlNndsVmpfdklDUHR6Q1lST3IybE0yQ0E?oc=5,"Fri, 05 Dec 2025 08:00:00 GMT",2026-09-01T10:16:46+09:00
GoogleNews:食　トレンド,食　トレンド,【味の素】今夏「猛暑食トレンド」 調理工程・味わい軽い 「オフ飯」＆刺激的・満足感「オン飯」のスイッチ - オトナンサー,https://news.google.com/rss/articles/CBMiSkFVX3lxTE5Da3JHUGd5M1h1bHVwZlFkeUJhOEFZX1NCVzZWV3R3Q3R1MjFsZjI2WDJsMUprWW9SWGp4R3JfcW5jQWpCb3VsenVB?oc=5,"Sun, 17 May 2026 07:00:00 GMT",2026-09-01T10:16:46+09:00
GoogleNews:食　トレンド,食　トレンド,世界の食トレンド最前線「FOODEX JAPAN」で見えた次の一手 - テレ朝NEWS,https://news.google.com/rss/articles/CBMickFVX3lxTE94YlpRdHh3SmQ0QVNPTVBUZWlNcVpHOVdSWnNtdlBjMDFBdHlRaGc5aUJkc2tSb2R2R0RwZkdmRXpSb185UWlFRmttaTNkUkoxbkM0ODdsTEVlTTJ5TUp6S2E4ZnRuU1ZSMTU4ZkZvYmE3Zw?oc=5,"Sat, 18 Apr 2026 07:00:00 GMT",2026-09-01T10:16:46+09:00
GoogleNews:食　トレンド,食　トレンド,2026年上半期「食トレンドランキング」＆下半期「食トレンド予測」を『デリッシュキッチン』が発表！ - Infoseek,https://news.google.com/rss/articles/CBMickFVX3lxTFBQR211aTRxeWo5NUVscjdGcHBQc1BFTEpkSUlqQlB3OVFiamJBamt5dzlOdVBDZEo0T2IzTnRyZk1SNlhxaWhFdHpiMFZLOGV6aUFOdW5XTmJIaUZHUjZwY0FtbGtxQTl6QUpYSF95blVvZw?oc=5,"Fri, 19 Jun 2026 07:00:00 GMT",2026-09-01T10:16:46+09:00
GoogleNews:食　トレンド,食　トレンド,【無料レポート】デジタル・トレンド白書2025 – 食トレンド編｜ダウンロードページ - 株式会社ヴァリューズ,https://news.google.com/rss/articles/CBMiV0FVX3lxTE5PUy1LeDE3R2UxLXAzUnJ6OVZPRzlYSlZ5d1ZQZUFGUmlxc2drbFdSS3EyRDY0OWFibERmdGhseEU3WUkyLW5zeXNFVWRzVW9nQ29HS2kwWQ?oc=5,"Thu, 27 Nov 2025 08:00:00 GMT",2026-09-01T10:16:46+09:00
GoogleNews:食　トレンド,食　トレンド,【味の素】2026年夏の食トレンド「オン・オフを切り替えるスイッチメシ」とは? - 猛暑を乗り切る異国料理や火や油を使わないメニューを提案 - マイナビニュース,https://news.google.com/rss/articles/CBMiXEFVX3lxTE02WmtKU25PelVTdE5uLVJ6clpfOFkySm9ycXh3WXRNTjA1aUFISExpdkpEWGdoaGlNSHlHTGd1bDEtWTlxY3ZPcDR6Q3FqTjVjYlpmalhnRGxjMGVz?oc=5,"Mon, 18 May 2026 07:00:00 GMT",2026-09-01T10:16:46+09:00
GoogleNews:食　トレンド,食　トレンド,１回の食事で様々な食感「サクもち」や「パリとろ」がトレンド “ハイブリット食感”の食事に注目！ - Yahoo!ニュース,https://news.google.com/rss/articles/CBMif0FVX3lxTE5lTWNEUVhpOEUyd1BSWm1vbXhiSjdVVWF6YUNTVkg0bFRUMXhsSmFWNG5SN0FfVy1MamlMX3lsVXlMUXU4U1l6d1JPNTRKUmlNaXNMQ1pVaU5ueFVpSEFTTnUzSkdzY3BBY1lhcHJhUjFWc0VOajJOd29TeXM2bUE?oc=5,"Wed, 15 Jul 2026 07:00:00 GMT",2026-09-01T10:16:46+09:00
GoogleNews:食　トレンド,食　トレンド,トレンドトラッカー：ゼリースティック、「食は薬」の概念、グリコのインサイト - FoodNavigator.com,https://news.google.com/rss/articles/CBMiggFBVV95cUxQaVVtZVhVWjlNdDBqdEFTa2tWbWpaU0lNRmJBQ2xFTW5rSUxWdGZ5bFFtQWU0MFNfN0xnS3QwaVpTSl9VV3NIc1pobmhPaTZkQk1McjNMQXdrblN2ZkpuX1RZcUppS09XaEFmNWhaanhNWE9pRTc5dUQ5Y0FkZHJpMC1n?oc=5,"Sat, 13 Jun 2026 07:00:00 GMT",2026-09-01T10:16:46+09:00
GoogleNews:食　トレンド,食　トレンド,ブロッコリー指定野菜化で激変する食卓と2026年最新食トレンド - forbesjapan.com,https://news.google.com/rss/articles/CBMiWkFVX3lxTE1ZMzBkcXBsTlBMMnhNVGEwMmVEdkpPOGN0d2s5MlFJMGNXaFpldWVFSXlMWG11Q3JmN0N5d0l3Y3B6ODlrODYzN2lXeFhvcVU0S1NrTHA0SzdpQQ?oc=5,"Thu, 02 Jul 2026 07:00:00 GMT",2026-09-01T10:16:46+09:00
GoogleNews:食　トレンド,食　トレンド,【食のトレンド｜2025年振り返り・2026年予測】来年は、節約冷凍テク・深まる健康志向・海外グルメの内食化で家庭の食卓が進化 - PR TIMES,https://news.google.com/rss/articles/CBMiakFVX3lxTE9Ec3lPNmVIeUNtNnZ6SmxYbldQTTlKUk85VC1Nem1Va3RFWkV4Y2x6ZU9sMWVMNmUwM3psTldwMW9CS0ZrMnFGOE5PZ0pQRGlYQzRGLU1PQ3daNFJrSG1RbXdMZV8xYXZySFE?oc=5,"Fri, 28 Nov 2025 08:00:00 GMT",2026-09-01T10:16:46+09:00
GoogleNews:食　トレンド,食　トレンド,中国で大ブーム！食べて健康になる薬食同源（やくしょくどうげん）と最新トレンド - 株式会社ヴァリューズ,https://news.google.com/rss/articles/CBMiV0FVX3lxTFBMcGQtVDAybXNXVTFQY3VEY1l5Y3Q5d040WEFjQnRBVXVDVnRLRTF5UlhubDdJZUhINlotQmFkLUZJMDlITEtjNy1MY2tnaGdreEw0VnljVQ?oc=5,"Fri, 19 Jun 2026 07:00:00 GMT",2026-09-01T10:16:46+09:00
GoogleNews:食　トレンド,食　トレンド,夏の相棒「そうめん」も“生”がトレンド？モチモチ食感がクセに 個性豊かなアレンジ術も【Nスタ】 - TBS NEWS DIG,https://news.google.com/rss/articles/CBMiV0FVX3lxTE9ydzk4VzFzM0hSSDRFWHNvNURhR0VHbkdDYXc4cHFKbmMzYXU2N2tyQnJ0VGN1cXY2ZllkSmhiQ1RjS1NjTjNGaVVXZWZ4WXdsOWt3TUE4WQ?oc=5,"Mon, 18 May 2026 07:00:00 GMT",2026-09-01T10:16:46+09:00
GoogleNews:食　トレンド,食　トレンド,ミシュランが示す「2026年の食」7大トレンド なぜいま世界は“日本の価値”に注目するのか - AMP[アンプ],https://news.google.com/rss/articles/CBMiWEFVX3lxTE45R25nY2tpQVV2U3VpRms0WXlXRVFVVmxqaDR5QmFHNHlteWs2S1lOZlg0amVLaVV1TWFMaWh5TjBYNkw2ckZ4eXIxVEJMNG1pektPeUtOYUM?oc=5,"Wed, 18 Feb 2026 08:00:00 GMT",2026-09-01T10:16:46+09:00
GoogleNews:食　トレンド,食　トレンド,今年の食トレンドは甘くて、辛い！？日本最速！「スワイシー」な味わいの「スワイシーブルダック炒め麺BIGカップ」を8月18日（火）より先行発売 - イザ！,https://news.google.com/rss/articles/CBMiekFVX3lxTE1qLWZsa0ZPVi1kMmtKc3hXVmx4UTBYamVsOEpBRHQteVhqR1VJZDZWMkpVWVhack5rdk81YXhUQmdTeWZYa2NWUGFkNnNzc2xyWjhBR1pYQUJBZGNLLWVkcjBuYnBqa0dtS2JyU1R6Zmp2a3JVU21YRm5B?oc=5,"Wed, 12 Aug 2026 07:00:00 GMT",2026-09-01T10:16:46+09:00
GoogleNews:食　トレンド,食　トレンド,"【2026年上半期トレンド調査】""平成ブーム""がさらに加速。Z世代116名が選ぶ美容・キャラクター・食・楽曲・カルチャーの5部門トレンドを発表 - PR TIMES",https://news.google.com/rss/articles/CBMiakFVX3lxTE9jbkt3QzVybzBvVy1IY2syVGRwMWI2WVJhRFZpSExUVXZDZnl0emFvWU9CWFlWcXJIWGh5b2FfUlQwZmR3cl9uQWNoQnFwNURaZWZvakpIY3lRTDlOckx1U1NIOG9SMHNpZ0E?oc=5,"Tue, 14 Jul 2026 07:00:00 GMT",2026-09-01T10:16:46+09:00
GoogleNews:食　トレンド,食　トレンド,今年の食トレンドは甘くて、辛い！？日本最速！「スワイシー」な味わいの「スワイシーブルダック炒め麺BIGカップ」を8月1 - ニコニコニュース,https://news.google.com/rss/articles/CBMiVEFVX3lxTE12VEhrRUM1OVZ4cW5MMERlMjNDd2NvRUhGTXpVZmdJTFctYmltSDJrS1g4VElWOGtnekpFRTVZNS1DRm9rNHlyTHZQZ0wyRXppTWNJNw?oc=5,"Wed, 12 Aug 2026 07:00:00 GMT",2026-09-01T10:16:46+09:00
GoogleNews:食　トレンド,食　トレンド,"小さな贅沢がたくさん…2026年トレンドグルメ「豆皿定食」ナゼ人気？【THE TIME,】 - TBS NEWS DIG",https://news.google.com/rss/articles/CBMiV0FVX3lxTE5mUmxFa3RmeWk2MWtUTHZ6TmdITXVOdXV0dk0wVFNtdWJ5d2cyUjYzQlhHQzlZTmh1Q1AzcElKM3RwWldycC1rMnFZZ0MxQ3hDMXRCQ3FROA?oc=5,"Tue, 19 May 2026 07:00:00 GMT",2026-09-01T10:16:46+09:00
GoogleNews:食　トレンド,食　トレンド,「アサイー」継続、「ハイボール」は高級化へ。経営者が予測する2026年の食トレンドとメニュー戦略 - 飲食店ドットコム,https://news.google.com/rss/articles/CBMiY0FVX3lxTE1Ub0t6Y2JmNkk0R2hyRU5IVTloV1VaRXNXLWJTSkxjOExyYjRCTjBKbVpzSExZby1iR3czVXl3MmJsclFtcWYzS29QTkFJWXVvcW1SWThFOVVKSjRDYVRLUk9kQQ?oc=5,"Thu, 08 Jan 2026 08:00:00 GMT",2026-09-01T10:16:46+09:00
GoogleNews:食　トレンド,食　トレンド,【ファミマ】最新食トレンド「スワイシー」ってどんな味?「スワイシーブルダック炒め麺BIGカップ」先行発売 - au Webポータル,https://news.google.com/rss/articles/CBMieEFVX3lxTFBEOXR4cGNPbVhyTWUweXF2NGQzWWJEQWQ3RXZRZUt1T1NISl9NdUlwWHlIOHhBeDlTeVQyYUdoOUd6eHBQRDQtcl83UGlITE4yU2ZITm15dWRsdGhpYXlfWDI3cEVENmRsRHRCVGtBR2Z1TkUtOExHZQ?oc=5,"Mon, 17 Aug 2026 07:00:00 GMT",2026-09-01T10:16:46+09:00
GoogleNews:食　トレンド,食　トレンド,ミツカンも参入、「背徳市場」が急拡大 健康志向と真逆の新トレンド - 日経クロストレンド,https://news.google.com/rss/articles/CBMib0FVX3lxTE5qTTR4ZW9Gb1RvMGxGRU5UNTFlYzd0a21hREdOM2t6Q19GYVdkOXNPNk13dXdPR05QWjFFR1pwY1JEazJ1bUdRc1ZDMDhwZFp2R0RXWDBDLVN0X1l1TWx6UzdGMC1VR3R3c0wxUzJxMA?oc=5,"Thu, 11 Jun 2026 07:00:00 GMT",2026-09-01T10:16:46+09:00
GoogleNews:食　トレンド,食　トレンド,【おにぎりトレンド予測2026】2026年、おにぎりは「世界に広がり、価格で役割が分かれ、一個で食事を完結させる食」へ進化する - PR TIMES,https://news.google.com/rss/articles/CBMiakFVX3lxTE9NNHlfMnRBSkJ4NjFsSnVoaUE0bGRaS3hLa2JmTkl0QXNOZDZ2Z2tmbnF4TzRVcGxYSUtSUHg0eWJRalRma0drMm5WcXhtWVpteHlGaDVQNEc4blJWNEMtUUV4MVNXdDI0OVE?oc=5,"Tue, 27 Jan 2026 08:00:00 GMT",2026-09-01T10:16:46+09:00
GoogleNews:食　トレンド,食　トレンド,【トレンド発信】2026年春夏『新商品グランプリ』結果発表！ - PR TIMES,https://news.google.com/rss/articles/CBMiakFVX3lxTE5ReVQwY3VhOEU4a1AwSDFFbzNiS25LTGROVXd1Tk1idVZ4NFJ0V1RTNldrbXhIUkVBSktlY1VuUFFiQUJtanREUnlrY2R0YXFDSUxOSjRzRGhSM1d5SWZGczU1Nk5ybldnWUE?oc=5,"Mon, 09 Mar 2026 07:00:00 GMT",2026-09-01T10:16:46+09:00
GoogleNews:食　トレンド,食　トレンド,Ｚ世代が選ぶ2026年注目トレンド「SHIBUYA109 lab.トレンド予測2026」 - PR TIMES,https://news.google.com/rss/articles/CBMiakFVX3lxTFB2RkYwSTZzLVdBMWhDVkRjYkhsVE10TjR5RGlLcGs1ZE4tcnhWSVJMZHRFVGxqRG9uSlo3LUdHSjdkcVJmdGcyU1k4SzlOM21LZnFOYmdkd2JWUWhaem5FNjFDQUR3Ym5rSmc?oc=5,"Tue, 09 Dec 2025 08:00:00 GMT",2026-09-01T10:16:46+09:00
GoogleNews:食　トレンド,食　トレンド,タコス検索2.4倍、ドンタコス193％ 外食発ブームの正体 - 日経クロストレンド,https://news.google.com/rss/articles/CBMib0FVX3lxTE9NSnlMNU95VHhjMjIyejYyQ3c2MjdpcEItQVpaSURIczBJd0JGMUlCQjhlUmpKRi1DZXdFenNXTnJYcmFtRTVReTFnNndFSFBONllUN3Q4TUR2SmF5ZFM4X2daSVB5ODcwWEFudlpBRQ?oc=5,"Tue, 07 Jul 2026 07:00:00 GMT",2026-09-01T10:16:46+09:00
GoogleNews:食　トレンド,食　トレンド,食の最新トレンドは「スウィーシー」アジア最大級の食の展示会開幕 “氷のいらない”かき氷機も【Nスタ解説】 - TBS NEWS DIG,https://news.google.com/rss/articles/CBMiV0FVX3lxTE1iZVVTUTRTd1Bfay1IMEJBUWNFajQ4ZmZ5M1dHcmEyY05mMkx4ZTV6OUpBTE93VmJXYnJ2RHc0eWZmSkh1WEllT1RVVXQzeGp4LV9jNEJGMA?oc=5,"Tue, 10 Mar 2026 07:00:00 GMT",2026-09-01T10:16:46+09:00
GoogleNews:健康　栄養,健康　栄養,常葉大学健康栄養学科 講演会「食の安全の落とし穴～AI時代の食のリスクを議論する～」開催のお知らせ - アットエス,https://news.google.com/rss/articles/CBMiVEFVX3lxTE1JaWNfbTVESmEzSkpuOVRGVWc4NEhwbHFRZC1NdVJ0d2hzOFZUU2JubVFNQnRoTnpOM2o5N3FEeDVzNjAzNmVDUXo0THZOSmdXYmdjMg?oc=5,"Sat, 29 Aug 2026 04:29:24 GMT",2026-09-01T10:16:48+09:00
GoogleNews:健康　栄養,健康　栄養,【健康栄養学科】本学学生が『食育アドベンチャーランド』にボランティアとして参加しました - 相模女子大学,https://news.google.com/rss/articles/CBMiWEFVX3lxTFA3eEtrbjNoc0xpdktFeFd6czlkX3N4UWUxZlFZbjMtR3JtU29vVTBYb2RHcjQ0cURnR3FHN29hTmVoNlltcWkwb25Tdjh6X1dQTVl3YmxDOTg?oc=5,"Fri, 21 Aug 2026 02:59:31 GMT",2026-09-01T10:16:48+09:00
GoogleNews:健康　栄養,健康　栄養,《医師・歯科医師・薬剤師向け》 無料オンラインセミナー9/13(日)朝10時開催 『Precision Nutrition時代における 腸内環境研究と健康医療への展開』 國澤 純 先生 (国立研究開発法人 医薬基盤・健康・栄養研究所 / 副所長) - アットプレス,https://news.google.com/rss/articles/CBMiTkFVX3lxTE1nemxEbm5lcHRfNFdQM1d5VjNIVDh0Y0FtTjk1WDlkYjRyM3NCSTFCWDUwZ1l2RHlIQzhJZ3cyUHlpdERfMlBpdUYwUlpXdw?oc=5,"Fri, 28 Aug 2026 03:00:00 GMT",2026-09-01T10:16:48+09:00
GoogleNews:健康　栄養,健康　栄養,第28回ダノン健康栄養フォーラム開催 テーマは「更年期とホルモン変動」 - ウェルネスデイリーニュース,https://news.google.com/rss/articles/CBMiVkFVX3lxTE1rTnhLdWJrTWJDZGFfeXlqV3Znd0tFaHNaaFVGcmVVT3liaGZGbk5WUC1Nb2ZKNTRLX25qNDFMOUI0TjlCcVNKNVRFVEROMVN5ZmxmTGln?oc=5,"Wed, 26 Aug 2026 07:02:58 GMT",2026-09-01T10:16:48+09:00
GoogleNews:健康　栄養,健康　栄養,ご挨拶（国立健康・栄養研究所 所長） - nibn.go.jp,https://news.google.com/rss/articles/CBMiakFVX3lxTFA2OXVaZ1ozZm1uTUc2ZHpDSmxjNTRaYVlDdmlfcDZ2akZBR08ycTBNMEtwTVBHZ2E0X0U5ZUxHM2ozRVJSc01NQ2NRbXg3Y2tvZF8yTkk1WFI3bnZwUnRwUC1VSTRlX1RLeXc?oc=5,"Tue, 31 Mar 2026 18:07:57 GMT",2026-09-01T10:16:48+09:00
GoogleNews:健康　栄養,健康　栄養,味の素「アミノバイタル」と商標ライセンス契約／サントリービバレッジ&フード - フードウイークリーWEB,https://news.google.com/rss/articles/CBMiT0FVX3lxTE13c3hZZ3JFWHJQNFRVSTdFRHQ1S3JnMHZ3S0oxN3FPSGhuNUVROF9LLVpJS1gtdmVjb01mTm1WTzZGczRyNXA0MXpScENnLTQ?oc=5,"Mon, 31 Aug 2026 08:07:50 GMT",2026-09-01T10:16:48+09:00
GoogleNews:健康　栄養,健康　栄養,令和3年度ひょうご栄養・食生活実態調査結果 - pref.hyogo.lg.jp,https://news.google.com/rss/articles/CBMifkFVX3lxTE55Z3hQcG9Ia01YWXQxNDhoSHpNX2lBQjFPREtFaEdxaVQyZk9zaGZYZXhmdVJxSlYxZkRzQjNSXzB1TjMtcG1RX3VTSU5xSHJpT3FnUk9ZNVZPT2cyTUJhZ1J4SWl1WDhHVlBkeG01NDZVTkFNTWw1U2hUWWEzQQ?oc=5,"Mon, 22 Dec 2025 08:00:00 GMT",2026-09-01T10:16:48+09:00
GoogleNews:健康　栄養,健康　栄養,地域・職域の取組（栄養・健康増進）について - pref.saitama.lg.jp,https://news.google.com/rss/articles/CBMifEFVX3lxTE5tSVZtcFdDTEd3SFRJclBJZ0txb25RVTZ1SFpfeUF5bXRTT0dxSzBDeUFoYmhmSFdNblU4UUxGNWxnUnNHWTlyS211dHpUWDloYlFlNmRHU0hKbGxpc1FhTUhyNjhhRExRNGtLeDFUaXktTGh1Q2FoTjFCczU?oc=5,"Wed, 19 Aug 2026 07:00:00 GMT",2026-09-01T10:16:48+09:00
GoogleNews:健康　栄養,健康　栄養,和光市中央公民館で開催された「夏フェス2026」に本学プラスちゃんくらぶと健康栄養学科 伊藤ゼミが参加しました - jumonji-u.ac.jp,https://news.google.com/rss/articles/CBMiWkFVX3lxTE1nVDEtNnVId2hMMjkwRUtIeHI0Z1FJeldpdzRLUVF4SmRUVjJOTjhXazdKd3U2VUIwVnRmYk1PUG56YW5GRmQya2xHV2NILUdxWkNnOHdGZEhaQQ?oc=5,"Mon, 24 Aug 2026 00:15:16 GMT",2026-09-01T10:16:48+09:00
GoogleNews:健康　栄養,健康　栄養,測ってみよう！生活習慣・健康状態見える化チャレンジ - pref.kagawa.lg.jp,https://news.google.com/rss/articles/CBMigAFBVV95cUxPRlBQYTF4ekFYeU1jZUpqNFNGR3QweFNoSWtxZ3NfbzNqT0k2UzRSNzcwU2JQUTdaQ3hlWVI1QmlWdEJlSVRMWno1YmtVY3hpd1BFMExIWDRLN2tuRGlaajFQY1RFSGpoQWs4Z1JZRURVWXNPZjhpbHYtV2FZQ2c2eA?oc=5,"Mon, 17 Aug 2026 07:00:00 GMT",2026-09-01T10:16:48+09:00
GoogleNews:健康　栄養,健康　栄養,高齢者の健康寿命延伸に新知見 抑うつ症状の「タイプ」が要介護・死亡リスクに影響か－「鶴ヶ谷プロジェクト」約18年の追跡研究より－ - tohoku.ac.jp,https://news.google.com/rss/articles/CBMifkFVX3lxTE9XNi1OMHlsTTctNXNtVndTZnhveU5VcW5VLXFfSUNVMHlVbjZjb2otajBkaXpIa084azVRSHNwY3VUZTRLcDlxZ1haQTJFYWtQWHNoTWxBNjNnN3V3WVE1Tnd2OEI0ZGR3OFdRMF96bzZxbEFhc2hkTjR1TlQzZw?oc=5,"Tue, 19 May 2026 07:00:00 GMT",2026-09-01T10:16:48+09:00
GoogleNews:健康　栄養,健康　栄養,「令和8年度スポーツ栄養のための人材育成研修会」を開催します！ - pref.gunma.jp,https://news.google.com/rss/articles/CBMiYEFVX3lxTE52T0c0VlBGZGt4SWxoUFFya0tfUEh0dFNFOGtSR3hvT3IwdTVvQlkyWm1wWW5YdzZFLVZpT19icG5nX0g1M000SzJmSnJhOEt5dFpWMHJyVnRrdFN5azRPbA?oc=5,"Tue, 14 Jul 2026 02:04:19 GMT",2026-09-01T10:16:48+09:00
GoogleNews:健康　栄養,健康　栄養,野菜摂取強化事業 - 札幌市,https://news.google.com/rss/articles/CBMickFVX3lxTFB1U0NxUTJab2hOR0JmTENYWWMwbkpDODZ3ZGRlcVVwZWM4YzJRX2RhZ0hDdEVkWFA4SzZfcmU2aXFrMzBJMERjVjc0LTlhTlhETkNLOTExc1F4RUE0YThJd21jalFZUG9OZUtkV1JRTFBuUQ?oc=5,"Mon, 17 Aug 2026 07:00:00 GMT",2026-09-01T10:16:48+09:00
GoogleNews:健康　栄養,健康　栄養,国立研究開発法人医薬基盤・健康・栄養研究所 国立健康・栄養研究所セミナーを開催します - PR TIMES,https://news.google.com/rss/articles/CBMiakFVX3lxTE1oUk55UjRXMDhOLUpMcmxQTXRLcmVWcXFrU2RVTE8xNWtLSU9TM1NSRFp5aFVEakJpSnJmUTAyQkhCZGNKMDR6U2ZXREdlOVF4NHc4b2tuMmpGTE8tcWRPVDJPQUE5M2xtSWc?oc=5,"Thu, 26 Mar 2026 07:00:00 GMT",2026-09-01T10:16:48+09:00
GoogleNews:健康　栄養,健康　栄養,クドゥスの健康家族フェスティバル、 栄養教育と衛生はスタントを防ぐ鍵です - VOI.ID,https://news.google.com/rss/articles/CBMiS0FVX3lxTE1LMjdQY1pOVml3MjR1UWtDNnZCQTVaQkNSLThjdURUcVVQREVJYTY4cUhEZk9yU0YyS2NDMmhjNzAtbGc5R2RVS2ZOMA?oc=5,"Mon, 31 Aug 2026 07:47:07 GMT",2026-09-01T10:16:48+09:00
GoogleNews:健康　栄養,健康　栄養,企業の誘致 - city.suita.osaka.jp,https://news.google.com/rss/articles/CBMiakFVX3lxTE5zZHdRMFZCMzJOMkN1WEhUcWM5aUNqOUpBaGtIbnliWmpMeWNnWGNPVXBwejh0cGhYOGdGNXFuWmhTby1aVkpXNUxoUEt2aDNfMUVuRUotXzdQRWw2UmF6OERLcFpjT0dkQ1E?oc=5,"Wed, 08 Jul 2026 07:00:00 GMT",2026-09-01T10:16:48+09:00
GoogleNews:健康　栄養,健康　栄養,【生活デザイン学科・健康栄養学科】産学連携プロジェクトでデリア食品株式会社を訪問しました - 相模女子大学,https://news.google.com/rss/articles/CBMiWEFVX3lxTE5rN0xPXzRZWlFrWnNfTVVldk5JeGt0azl4TnVjT0dJbzRqVU1tdWVJdHpSbjVQNWJmYzd4aFppS1EwMWdMOXZaX1Utbm1XYVplMEFaeEZpcXE?oc=5,"Wed, 22 Jul 2026 07:00:00 GMT",2026-09-01T10:16:48+09:00
GoogleNews:健康　栄養,健康　栄養,同じ食事内容でも吸収されるエネルギーは異なる？ | 国立研究開発法人医薬基盤・健康・栄養研究所のプレスリリース - PR TIMES,https://news.google.com/rss/articles/CBMiakFVX3lxTE16S1ZOLWxwaDZUWlQ5dTdxekdDUi1ySnJGYzFXT25HbU13WHkzWC1rempFQW5iTk82d19UWVd6MDVMSmgtbERJTG9MZlA2OF82RHdUYm1Hc19SUzc0b3I0N0xjblZDQzdzLXc?oc=5,"Mon, 02 Mar 2026 08:00:00 GMT",2026-09-01T10:16:48+09:00
GoogleNews:健康　栄養,健康　栄養,【授業レポート】健康栄養学科『キャリアデザイン入門』で株式会社LEOCに勤務する卒業生が特別講義を行いました - jumonji-u.ac.jp,https://news.google.com/rss/articles/CBMiYEFVX3lxTE9tQUpHNS1memIwVU9wY0FZd3dnekNsSzhNNVRjYjk3Z0kwb19lMWE3eEI2TVotSGg4V3h0bFF2b2pjY18xVEgxclhfRXBUQ0RkVmM2X1Z2ZFhEdWhxMHNXWQ?oc=5,"Thu, 23 Jul 2026 09:16:40 GMT",2026-09-01T10:16:48+09:00
GoogleNews:健康　栄養,健康　栄養,学年を超えて広がるつながり！健康栄養学科が「1・2年生交流会」を開催しました - jumonji-u.ac.jp,https://news.google.com/rss/articles/CBMiX0FVX3lxTE9Sc2djUnBWMGJoa29kUTBsM3h3OVJIWkhyVWtZc1BrQnI4NkhSdGdWdjFEN3VsRUwyMnZTb1NXdHVLUUNxbEZ2TTVIZmpvenFEYV9CblVveVM2aDdyR1hr?oc=5,"Tue, 16 Jun 2026 12:17:11 GMT",2026-09-01T10:16:48+09:00
GoogleNews:健康　栄養,健康　栄養,第28回ダノン健康栄養フォーラム 更年期とホルモン変動をテーマに無料開催【日本栄養士会共催】 - アットプレス,https://news.google.com/rss/articles/CBMiT0FVX3lxTFBDYXJaYk5UZ21DbkdDYUhyOThnSWc2dV80WDlhNzl5c2Q1Y2p3cGZBRnMxd0gxczFmQzQyQ3hGZFhucm03TmYwM2psb0tXSXM?oc=5,"Fri, 10 Jul 2026 07:00:00 GMT",2026-09-01T10:16:48+09:00
GoogleNews:健康　栄養,健康　栄養,水分補給、コーヒーや緑茶でも大丈夫？ 西九州大健康栄養学科・福山隆志学科長に聞く 利尿作用あるが…専門家の答えは - saga-s.co.jp,https://news.google.com/rss/articles/CBMiVkFVX3lxTE8yaXBIYndYblZxVS1mM21RNEc4VU5nWjN4T05oQ2JZY20wUHJJQUE3Vms4cVR5bF8zVzVDN3ZHcmR4d2hIenRKZmhhdEV4OV9PQ2lwRXNB?oc=5,"Sun, 12 Jul 2026 07:00:00 GMT",2026-09-01T10:16:48+09:00
GoogleNews:健康　栄養,健康　栄養,「ゼリア新薬」の「健康・栄養ドリンク」のランキング情報 - もぐナビ,https://news.google.com/rss/articles/CBMiT0FVX3lxTE1EWWFMM0VreWRHd2E4cnN0dkh5VkZYakdPY214QnVrc3E1cExMVW44UFh3aDRJeWFTVEF6ZUxaUUdJT2RiMExHZjZKOUNvbjQ?oc=5,"Sun, 30 Aug 2026 05:49:11 GMT",2026-09-01T10:16:48+09:00
GoogleNews:健康　栄養,健康　栄養,"就労者は非就労者に比べ、栄養素充足スコアが低いことを確認-成人3,520人の健康栄養調査データより- - PR TIMES",https://news.google.com/rss/articles/CBMiakFVX3lxTE1IOEVGTVRwc1ZvRW52MFM5SWptZmFHZnhxazRJQlkyMnJOZVMxMTREUDRxTklFUHk1TWlIUkgwdGY0elRLTkJMNENvVUEzQzhTdUVPZldhV0RFTFRiQkVUZndWZW5oSF9NVHc?oc=5,"Tue, 19 May 2026 07:00:00 GMT",2026-09-01T10:16:48+09:00
GoogleNews:健康　栄養,健康　栄養,健康栄養学科が「色彩検定協会 奨励賞」を受賞しました - jumonji-u.ac.jp,https://news.google.com/rss/articles/CBMiZkFVX3lxTFA1YkdscmtNYU1ENElvdW5vc0ZNUGRod1hsUWlqLXJ0NjAzZ3U4LWxWbTFSaXZlN3Z4NFV5YUw0TEloUTVsRGxIS0xwOVB4dTNHOG9IWEY5ZTQwdGlsTHl1bngzVTAwQQ?oc=5,"Thu, 23 Apr 2026 01:15:09 GMT",2026-09-01T10:16:48+09:00
GoogleNews:健康　栄養,健康　栄養,国立健康・栄養研究所の畑本陽一先生をお招きし、講義を行っていただきました | イベント | スポーツ健康科学部 - ritsumei.ac.jp,https://news.google.com/rss/articles/CBMibkFVX3lxTE5nRFNsU2NUTGNLMHlVYTZTNHRnVnNPTGNKcXM0enA5SFp3bURtXzF6OExWZE9wRDN3aHh4MXFmbzlXM1RoaFN0cjNoaVNNWHdvSWZYVVRPOFB1T2M5LXZZSDQ3bG9lS1pfM1VsZ3pR?oc=5,"Mon, 11 May 2026 07:00:00 GMT",2026-09-01T10:16:48+09:00
GoogleNews:健康　栄養,健康　栄養,"「糖尿病が強く疑われる人」は推計1,100万人―「国民健康・栄養調査」｜ニュース - dm-net.co.jp",https://news.google.com/rss/articles/CBMiWEFVX3lxTE5ON3AyQkN2cUpncXphRlNPSzltRGhvWmp5c0ExdUNvZEdmMW0xR2xrci1PS2pMc2taOHAzN1lVeVYwajBGOHZUWmJKc2lPRmFFWl9aZGxzVmg?oc=5,"Fri, 16 Jan 2026 08:00:00 GMT",2026-09-01T10:16:48+09:00
GoogleNews:健康　栄養,健康　栄養,【村上】食品の健康・栄養に関する表示等について - pref.niigata.lg.jp,https://news.google.com/rss/articles/CBMieEFVX3lxTE9rNDJsV2xjejVHS2VFSUk2bDhNVFZ4ajBpSmtIaUxIbllxQkVvMFZnUVM3UEdHYlRwX1g3UGU3N2hJSGZFeTd1elhibEhWNEU0bW51b0hVcGtfYzNLQVNXR01EYnRDaTFvSkpMSzRHbGpEOFFQb0JhRg?oc=5,"Tue, 06 Jan 2026 08:00:00 GMT",2026-09-01T10:16:48+09:00
GoogleNews:健康　栄養,健康　栄養,【5/31（日）オープンキャンパス】健康栄養学科で体験！本格麻婆豆腐＆杏仁豆腐づくり - jumonji-u.ac.jp,https://news.google.com/rss/articles/CBMiYkFVX3lxTFBIN2x0X3pMZHNVTTJEUXZ3dWFBd0lXQXBZT0pnSUxheXd2ZkNPbk1DSW4wWXhrSFZtZS16aEJOTzV3enZlTHBmM1ZITXBlTEVtOXpidUZPbVZCcTgxTHllaHJR?oc=5,"Tue, 12 May 2026 04:28:37 GMT",2026-09-01T10:16:48+09:00
GoogleNews:健康　栄養,健康　栄養,園田学園大学 スポーツ栄養学研究室と - jumonji-u.ac.jp,https://news.google.com/rss/articles/CBMiWkFVX3lxTFA1YlFsNHVfVHYzcEQ1MkQ1WkVvRzZ2TXFRd1NySHBGRUhfZURVY2haeHJLb29RNHdqYTdIZFBBaDVwYjFnMWZGSnVRTmI0TWlBb2VibU5FVDRGUQ?oc=5,"Wed, 08 Apr 2026 07:00:00 GMT",2026-09-01T10:16:48+09:00
GoogleNews:健康　栄養,健康　栄養,国立健康・栄養研究所の畑本陽一先生をお招きし、講義を行っていただきました！ | ニュース一覧 | スポーツ健康科学研究科 - ritsumei.ac.jp,https://news.google.com/rss/articles/CBMiZEFVX3lxTE43OVpGUGNadDZhTXdWR2hzeUtQcjZzT0JTOWVEeVhuaEJhSDJLTkQ4cFNSaTlLX2lxUDFuX2c1b2RNQlNIUDA1VHdOZzcwbFZLVzQ4VlNSVDJCTDF4N2pGVFN5R2s?oc=5,"Tue, 30 Jun 2026 07:59:58 GMT",2026-09-01T10:16:48+09:00
GoogleNews:健康　栄養,健康　栄養,健康栄養学科学生が「栄養士実力認定試験 成績優良者」として表彰されました - jumonji-u.ac.jp,https://news.google.com/rss/articles/CBMiVkFVX3lxTE9vSUlMbno1Z2VhMS1wV211b25PY2ZBaHNTdy12WHZnbkhWRldmNlpGZ3R4WlVqeG5EX1ZuczZrRndQa05IT2RjWlJsX0xvUXNBZlpHcUlB?oc=5,"Fri, 24 Apr 2026 07:00:00 GMT",2026-09-01T10:16:48+09:00
GoogleNews:健康　栄養,健康　栄養,栄養・健康づくり - pref.saitama.lg.jp,https://news.google.com/rss/articles/CBMiXkFVX3lxTE0zR2ludm11UHBkalBpMzQ4TzRKVzBsZTNkM2RvcHlQaFhSdHpCUjBER3dlMEdvbm91eWtOMGRQQlI0eHl6aG56MHJ0aS1TalpFT1ZvTlpwb1oxQ1l2T1E?oc=5,"Fri, 06 Feb 2026 08:00:00 GMT",2026-09-01T10:16:48+09:00
GoogleNews:健康　栄養,健康　栄養,「健康と食、栄養に関する調査」結果を公開 - kokubu.co.jp,https://news.google.com/rss/articles/CBMiaEFVX3lxTFBzRnI2RmFzVWpvdmNYMzJ5czY3LVJ5ZGpQVG5ZN2gyQ3NUMklBakF5VDdlRnJGdmtlTi1VSS13T2dyOXBXN3BSc1FQV1FGSVFsWWotWnRvRWplamdPVEFnRVAxX3BNcTNC?oc=5,"Fri, 19 Dec 2025 08:00:00 GMT",2026-09-01T10:16:48+09:00
GoogleNews:健康　栄養,健康　栄養,「第17回浄見寺地元まつり」に健康栄養学部と学生ボランティア21名が参加しました／教育・研究 湘南 - bunkyo.ac.jp,https://news.google.com/rss/articles/CBMiakFVX3lxTE9WdHpfc2VKbF9DeGVBcktPMFRwYTYwa2F4eTRZRnN5eTJaODdTQVVETmRlb19xRFVpa0RtQUZZa2FicmhnbWZfU2NWMU4wTFZiZUw5YThLTnVqYUhJSWF1aUFkM0dfM0VKS3c?oc=5,"Thu, 23 Apr 2026 04:51:24 GMT",2026-09-01T10:16:48+09:00
GoogleNews:健康　栄養,健康　栄養,北海道食環境整備推進セミナーを開催します - pref.hokkaido.lg.jp,https://news.google.com/rss/articles/CBMiZ0FVX3lxTE1fWjh0S3AyaDQzQjI4MUNfUGJQNGw2X1lKdEdmcGVrcFQyVUhHaTdxaWpOcWpkS1lRSjQwVl9hVEZCVmx0TnJrRzBIc2hjbndzLUZTald4NHY3WENTbHYzUS1lUnAyQ00?oc=5,"Mon, 19 Jan 2026 08:00:00 GMT",2026-09-01T10:16:48+09:00
GoogleNews:健康　栄養,健康　栄養,【健康栄養学科】学科の魅力がぎゅっと詰まった！学生デザインのクリアファイル完成しました - jumonji-u.ac.jp,https://news.google.com/rss/articles/CBMiVkFVX3lxTE5VWXJDeG1Wc3pWRnNKVm9sTk54T0tGdmd0bjNGU2JjZjZRMmZUUWh2aGxZTVFUM3dNN0Vna2dUSFV6SFVscU16UGRkSUNnVEJlWHdHNEdR?oc=5,"Mon, 23 Mar 2026 07:00:00 GMT",2026-09-01T10:16:48+09:00
GoogleNews:健康　栄養,健康　栄養,同じ食事内容でも摂取エネルギーが減る「消化可能エネルギー」とは？ 食物繊維やナッツ類で低下するエネルギー吸収の実態 医薬基盤・健康・栄養研究所 - sndj-web.jp,https://news.google.com/rss/articles/CBMiS0FVX3lxTFBzdW54bHdiUV93VnA0WkptZVpVQWJ2SXFCM1oyNzhKZGV4Z1FKVHR2aWtBZU50LWF3azJSclVmVEhIdkVmWUpTTjJJUQ?oc=5,"Sun, 19 Apr 2026 07:00:00 GMT",2026-09-01T10:16:48+09:00
GoogleNews:健康　栄養,健康　栄養,食塩摂取量は平均9.6gとなり過去12年間で最低 令和6年「国民健康・栄養調査」②【栄養、身体活動、睡眠、飲酒、喫煙の状況】 - sndj-web.jp,https://news.google.com/rss/articles/CBMiS0FVX3lxTE1OTHdZbzE4SGRpdmtjZGVCZ1RQY1ZDVDVQQlBQN20zWG9QRTRLQkRnQWZPWnBZeHI0QWxyRlNKWlhPamp3aGhUNTlFQQ?oc=5,"Sat, 24 Jan 2026 08:00:00 GMT",2026-09-01T10:16:48+09:00
GoogleNews:健康　栄養,健康　栄養,-障がい者を対象に食と健康の意識調査を実施- - PR TIMES,https://news.google.com/rss/articles/CBMiakFVX3lxTE1LSWxtNVVJYW9QbG9GVHkwYkQ3SU1fS1VCTnJZeDVHRDM5aElEWlctVVVjMGFGMWdDOTNYZFpiMUlVZkprcUlUd1E2MkZMa19BWFBUTTNOOWdJQmFCNmE1R1g1eXB4a1VYVFE?oc=5,"Wed, 17 Jun 2026 07:00:00 GMT",2026-09-01T10:16:48+09:00
GoogleNews:健康　栄養,健康　栄養,【講座】日本栄養大学との共同プロジェクト！食と健康のプランニングセミナー開催 - city.sakado.lg.jp,https://news.google.com/rss/articles/CBMiYEFVX3lxTE5hUzQwTmUxeHRFNUVtWDNTTWFGSmVZamM2cXRqVV8xSzJXWEVxbS1pVHRvR3VFZ2ZKTjJlcHBUaDNEZGlKQnZQQlg1ZnNJMXA2WElNQS15QjcweC04R29Beg?oc=5,"Fri, 24 Apr 2026 07:00:00 GMT",2026-09-01T10:16:48+09:00
GoogleNews:健康　栄養,健康　栄養,同じ食事内容でも吸収されるエネルギーは異なる？ ～食事や健康状態で変わる「消化可能エネルギー」の最新レビュー～ - tohoku.ac.jp,https://news.google.com/rss/articles/CBMidkFVX3lxTE02dzZrYXN6UjRKaWk5RGFKc0RndXJuSlZ0RTZQdmc4dWllT0g3a2Myci1oZTROUTRmSDRycUptRUExaUFHdVpMN1hRcGd2Rl92ZWp2SldqQktjbkdrQlEycnp0NHRncXNHWF82M0FJVGpEdG45TVE?oc=5,"Mon, 02 Mar 2026 08:00:00 GMT",2026-09-01T10:16:48+09:00
GoogleNews:健康　栄養,健康　栄養,健康メディカル学部 健康栄養学科の学生がレシピコンテストで優秀賞を受賞しました。 | ニュース - 2025年度 | ニュース - 帝京平成大学,https://news.google.com/rss/articles/CBMiU0FVX3lxTFBfVVo5X3d1dHdZVjBxTWdQSWhGUENGdHBNeUpRaHpJV0FBbjA2YWg5Y0Y2eWF6U0VHQUVfNjBHbWhKLVZkVFJQNjNpNGNhRk9JTEN3?oc=5,"Thu, 27 Nov 2025 08:00:00 GMT",2026-09-01T10:16:48+09:00
GoogleNews:健康　栄養,健康　栄養,歯列状態がフレイル重症度と関連し、食事の質がその関連を部分的に緩和 米国国民健康栄養調査 - sndj-web.jp,https://news.google.com/rss/articles/CBMiS0FVX3lxTE5QWHNSa3E5NjAyNTdKZkNVSnZqNVhuaHhYQ2dqOW54S2wtQUtJSTNtdVE4YkkxT182SW5zMnVZSlhPcDlTbncxbGhOcw?oc=5,"Fri, 22 May 2026 07:00:00 GMT",2026-09-01T10:16:48+09:00
GoogleNews:健康　栄養,健康　栄養,食品関連事業者の減塩を支援 『食品関連事業者のための製品の減塩ガイド』を公開 国立健康・栄養研究所 - sndj-web.jp,https://news.google.com/rss/articles/CBMiS0FVX3lxTE1vVWVhQVAzRHpkc2JhVXh6NUV0T21LZEc2WDFxN2dJSnliVnNrcXBudlJhV1pEVkNLRmpTdExzS1lKMEJhTXhFQXR3NA?oc=5,"Sun, 18 Jan 2026 08:00:00 GMT",2026-09-01T10:16:48+09:00
GoogleNews:健康　栄養,健康　栄養,【活動レポート】B.LEAGUE Hope×日本生命 地域を元気に！バスケACTION「日本生命×愛知学院大学 健康栄養学科～べジチェックを活用した栄養教育～」を実施 - 名古屋ダイヤモンドドルフィンズ,https://news.google.com/rss/articles/CBMiaEFVX3lxTFBGSV9oZHVCVnZqeVcxNy03V2tSYmVJaFdTQlltNVg0NVRFWGZlZ2FVWGd1aUpzcVlpUkJ0b3piRnhraDJZbkJLZ0t1eDIxS0dtemJxVXc2Smd6VS12dEdtRXBCd2M0SFpO?oc=5,"Wed, 18 Mar 2026 07:00:00 GMT",2026-09-01T10:16:48+09:00
GoogleNews:健康　栄養,健康　栄養,北九州市 減塩ガイドブック 第4版 - city.kitakyushu.lg.jp,https://news.google.com/rss/articles/CBMiZ0FVX3lxTE1ta3BURkZEY3IycmhvOUdsQzU1UnVudnJLTURaa1dCbTJrTldUS1otczJIWWNaMmZFZUFBRE1HVnh5Wjg4S01TaDh0UkVfV1BRQjhkbEczUUhSRE9NbkRDSWNiMGs4cGs?oc=5,"Mon, 06 Jul 2026 07:00:00 GMT",2026-09-01T10:16:48+09:00
GoogleNews:健康　栄養,健康　栄養,健康栄養学科１年生が「精進料理」を学ぶ特別実習を実施｜ニュース - agu.ac.jp,https://news.google.com/rss/articles/CBMiYEFVX3lxTFBuRy1RWXlxLVZsTzdIdjNxNkI5WXlOcENhUjdvLVBlYzRMbi1Pd29abHFHZEo2d1Z1anllVElIdFpOd3lpdFhPRExmY09NUWRZS2hzQW9pX1BjZ1VEUFN4MQ?oc=5,"Mon, 02 Mar 2026 00:26:26 GMT",2026-09-01T10:16:48+09:00
GoogleNews:健康　栄養,健康　栄養,体力の変化や生活習慣を見直すきっかけに『くすのき健康栄養フェア2026』を開催 - Digital PR Platform,https://news.google.com/rss/articles/CBMiQ0FVX3lxTE93cTN6VXJWbVBUVzY3bWRTWDRnbVZXMWl0TXNWaHVmUnpoVnNZZ3N6bkxKaEhxR3pNOFJXZG5IaFhhNzg?oc=5,"Fri, 08 May 2026 07:00:00 GMT",2026-09-01T10:16:48+09:00
GoogleNews:健康　栄養,健康　栄養,【日本学国際研究所】紀伊國屋書店新宿本店「相模女子大学日本学国際研究所と学ぶ・知る・考える」vol.9『戦後日本人は何をどのように食べてきたのか？～国民健康・栄養調査結果から考える～』を開催します | 大学からのお知らせ | 相模女子大学・相模女子大学短期大学部 - 相模女子大学,https://news.google.com/rss/articles/CBMiWEFVX3lxTE9FT0Y3dW5EejMzTWhLQVJkYzdVUkgxWHRocmU0WF9tUTZhRzdBbjVJbHRzcm9Pc18yQUd0N3hZQ0V6U01FanprS2lKYWIyVnl0VHgtSFRZQXE?oc=5,"Mon, 22 Dec 2025 08:00:00 GMT",2026-09-01T10:16:48+09:00
GoogleNews:健康　栄養,健康　栄養,アスリートたちの健康とパフォーマンスの向上を目指しスポーツ栄養学の礎を築く『大学時報』SNDJ鈴木志保子理事長インタビューを公開 - sndj-web.jp,https://news.google.com/rss/articles/CBMiS0FVX3lxTE9ZTDhTdUFpbGhrQUhEdUY3dXlkRnBHdUswLWNBdFo2MmlIdy1fa1ZxZG8tYzNrOFc2NTR1aUdQUXFFWjdObXUzalowdw?oc=5,"Fri, 13 Feb 2026 08:00:00 GMT",2026-09-01T10:16:48+09:00
GoogleNews:健康　栄養,健康　栄養,【健康栄養科学科】臨地実習報告会を実施しました！ - 福山大学,https://news.google.com/rss/articles/CBMiW0FVX3lxTFByWTRiZVFQeTFQNThiS2VuOGpnRUJyZlZhOE5WOEJDb3RCejBYZ0RTU1hrV2xIbl8teWJ2Y3k4QnN0U0c2TjcwZEFNQTRnN2hOckw2Zy1xM1VrOGc?oc=5,"Fri, 13 Feb 2026 08:00:00 GMT",2026-09-01T10:16:48+09:00
GoogleNews:健康　栄養,健康　栄養,【健康栄養科学科】栄養士・管理栄養士の養成施設に勤務する教員のための会長顕彰の受賞 - 福山大学,https://news.google.com/rss/articles/CBMiZ0FVX3lxTE5DN180bXVRRHViWVc5THNnTWVwU2s1WldENjlMdUVrcl9TYWZObllNSlhMTlBLdEZpXzVzN0lBTGIwS2xvQVNMdjBpWDcwaXNKelhXMzNhRm5sM0FjMkt3NmxDNUJmYzg?oc=5,"Tue, 06 Jan 2026 08:00:00 GMT",2026-09-01T10:16:48+09:00
GoogleNews:健康　栄養,健康　栄養,熱中症の初期症状に「個別認証型」の経口補水液を 日健栄協が呼びかけ - 健康メディア.com,https://news.google.com/rss/articles/CBMiZEFVX3lxTFBlSHFHUVVKNlBoVWQ1LVl6WEpnOVZQZVdoejZUNERiTDR3UnJRVTN4QVhXTUVsVXNqUUhaWnlocVZCZUZDbDFPWjdiSHVCMlRBaGRRdU85LVNBTElSRU9wNXV5eU8?oc=5,"Wed, 22 Apr 2026 07:00:00 GMT",2026-09-01T10:16:48+09:00
GoogleNews:健康　栄養,健康　栄養,シミュレーションによりヨーグルト※１の適量摂取※２に関連する ２ 型糖尿病と医療費の変化を試算 - nibn.go.jp,https://news.google.com/rss/articles/CBMiW0FVX3lxTFBSMEV5V0VNMDA1MlowbTdzZ3ctNWdCd0NEUHZWaUxKSndFZmRvVDJrd3RsTEZHeURNc3Z6U2NKWUFENDVKRUlYVVV3ZVdPLTNvUmVtTVItbzFNVFk?oc=5,"Mon, 29 Sep 2025 07:00:00 GMT",2026-09-01T10:16:48+09:00
GoogleNews:健康　栄養,健康　栄養,栄養サプリ、取り過ぎ注意 日本人「2割」が過剰、健康リスクも - 毎日新聞,https://news.google.com/rss/articles/CBMiaEFVX3lxTE94dFJPTWpzSXRLYXhtSmtQYWZhYkswU192MW91QlFFSUhJQ1JuMm9DeXZOSTRwUjNkMHM5T3BqMjFVSk94V3Z5cFBELUd6eDZ4d1VLY3F1MzdhTE5oZ0dVODEtOXIzUWtQ?oc=5,"Tue, 07 Apr 2026 07:00:00 GMT",2026-09-01T10:16:48+09:00
GoogleNews:健康　栄養,健康　栄養,食物栄養学科の髙田 健人 准教授が「診療報酬改定2026」WEB研修会で講師を務めます - jumonji-u.ac.jp,https://news.google.com/rss/articles/CBMiVEFVX3lxTFBsbVIzZERaZVREdi1UTVdUc1FaQkltSXJWeGFOcWw5MDkzYlpkTmhZT2FBSXV5M0Y2MzFXdXVnVE1iY0xPbF91WEFGTmVpWS1CaFFoYw?oc=5,"Thu, 12 Mar 2026 07:00:00 GMT",2026-09-01T10:16:48+09:00
GoogleNews:健康　栄養,健康　栄養,健康栄養学科の学生が「フルーツを使ったカフェメニューコンテスト」で優秀賞を受賞！学生考案レシピが期間限定でメニュー化・販売中 | TOPICS - jumonji-u.ac.jp,https://news.google.com/rss/articles/CBMiVkFVX3lxTE9HSjI2WTFmZ3phRWsxT2xjamRqMWdxazBIX2JEMk90TWNPaGhoWkZtYTZPRVBBZjlrODVfa2V5ZDVZRE9STEtlSFFnb0xJOVZmMDUyXy13?oc=5,"Thu, 19 Feb 2026 08:00:00 GMT",2026-09-01T10:16:48+09:00
GoogleNews:健康　栄養,健康　栄養,歯科医院での栄養指導と口腔健康管理で、食生活の多様性と口腔機能が改善する 国内高齢者対象縦断研究 - sndj-web.jp,https://news.google.com/rss/articles/CBMiS0FVX3lxTFAxSzc3RTFzX2VNVXg3SFJQR1JyMmdNU3ZTSDlxYjlJd25JQ2djUFk5bE1WQ3J6cHFBc2NFUG1EQXlKOGEwdkRTU0dfOA?oc=5,"Tue, 28 Apr 2026 07:00:00 GMT",2026-09-01T10:16:48+09:00
GoogleNews:健康　栄養,健康　栄養,健康運動指導士認定試験結果報告【合格率76.9％！！】 - jumonji-u.ac.jp,https://news.google.com/rss/articles/CBMiVEFVX3lxTE9XOUdyY2ozZmgtVFVMOVJ4Vncxc3ZGZEM4N2xWdlZpajRCc3AtQ3NxeFlfRERuRmFYQjhFX1RDajVObkZJdnlhSTV3V0x2MENmYzBQZQ?oc=5,"Fri, 01 May 2026 07:00:00 GMT",2026-09-01T10:16:48+09:00
GoogleNews:健康　トレンド,健康　トレンド,「座りっぱなし」「長時間労働」… 腎機能低下につながりやすい要注意習慣 - 日経Gooday,https://news.google.com/rss/articles/CBMijAFBVV95cUxOcGlZeGxFVnYtU25kZDBoQm9QRi03d3ZMaExIZjdibTJKOF82cTNVaDdYMjdaSEpFR0J5c1ZVN29kampCeENRN3ctV1NPempndU5hVkkzaDVZNDJOMGtKam56RGtFb0RtbE53N3VOZWlKS0VONjFqeVBKMHd4MzRaNmZkQUpFbTJuVkFEUA?oc=5,"Mon, 31 Aug 2026 15:00:00 GMT",2026-09-01T10:16:50+09:00
GoogleNews:健康　トレンド,健康　トレンド,“心地よく整える健康”が新基準に！ 2026年下半期の「FYTTEヘルスケアトレンド2026」発表！ - PR TIMES,https://news.google.com/rss/articles/CBMiakFVX3lxTE0wSzAzQnRrdjVDWXFPaDh5bkZhcXNRWDJwUWJqeDdDWEQ5bjluNEhLbDhXMW9mbVh4UkFuY20xN29kX3pSNThIeGdQQU9YSml0MjhMUDI1V1A4cTBxSFVFSGdqWF9vT3ZiZFE?oc=5,"Wed, 01 Jul 2026 07:00:00 GMT",2026-09-01T10:16:50+09:00
GoogleNews:健康　トレンド,健康　トレンド,カルビー江原社長「最大市場の北米に資源集中」 健康トレンドに勝算 - 日本経済新聞,https://news.google.com/rss/articles/CBMibEFVX3lxTFBEZ29Pd1RXd2RxWnZJM1pValR4VUpidzFpRXF6RlIxUURsUmdhNFVKTDJmbExtU3VHY051Wm0zaVVVeXVlOGRuTG9sZGVYWFhiV01nNmw2R0hHR3RMSmhqcENlZThsZ1p1S3JVOA?oc=5,"Tue, 05 May 2026 07:00:00 GMT",2026-09-01T10:16:50+09:00
GoogleNews:健康　トレンド,健康　トレンド,豆乳カテゴリー、健康志向を背景に金額PI・数量PIともに2ケタ増 - ダイヤモンド・チェーンストアオンライン,https://news.google.com/rss/articles/CBMiaEFVX3lxTE1OWXNXa2pSQ3J0S3NQTExRRC1ZSWp2MDBaUi1pRlVvVk1UVk1VaWQzSTVITFZXU3FkaktERmJCV1RhZlRQQlZkOFh2cmM0TGNnTzhjWXVOczMwa0ZLX1FhR1B4dmVGQjk10gFuQVVfeXFMTTJrM2lDUlJCZ2lOTnJyemxPTl9EOUpBU2tELWpMRlIyRTMtdGtXOEYzUWZOVEhaR2Q3d2ZQYjlWTzIxLXJrSTdtMWt0NHMyVlY2ejA3c25JWDdnRmk0TUtreVF2VnFuMDR3ck1NSUE?oc=5,"Mon, 26 Jan 2026 08:00:00 GMT",2026-09-01T10:16:50+09:00
GoogleNews:健康　トレンド,健康　トレンド,【今日のトレンド】【熱中症アラートの歌】夏の健康を守るために（フル）｜#熱中症 #夏 #健康 #歌にしてみた Alicja Szemplińska (tto3BDuPsP) - Mshale,https://news.google.com/rss/articles/CBMiW0FVX3lxTE5MdHhqcjNkXzJtNnVpaTRkSkthZ1dDeVZFZ25KWnJ2UVFJbW1mNG9KejhjR3BoVC1kN3NTWjJZa1ROa1V3Zm5oeEJiUDZUMzR6dkpKVlF6QnJWeFE?oc=5,"Sun, 30 Aug 2026 09:20:31 GMT",2026-09-01T10:16:50+09:00
GoogleNews:健康　トレンド,健康　トレンド,画像8 / 9＞アフターコロナの健康トレンドは「睡眠サポート」「見た目ケア」「手軽さ」「食物繊維」。約1242万件の購買データから分析 - ウォーカープラス,https://news.google.com/rss/articles/CBMibkFVX3lxTE9jR2IwUUxFSXJVdFRVOGVBZmNRZE5PV0twazV0Y01QdU9uSWt6dC1sQ09odEExRE1WUzlhX0w1c2hicXEtOXFBZmlIUG5YaEhxdDlrMXJQZEVNQUJuYUp3Mi00RTU3UU42V3NuZXZB?oc=5,"Fri, 21 Aug 2026 13:36:01 GMT",2026-09-01T10:16:50+09:00
GoogleNews:健康　トレンド,健康　トレンド,筋膜が今、健康トレンドの中心に──その正体と科学的根拠 - forbesjapan.com,https://news.google.com/rss/articles/CBMiWEFVX3lxTE94enRfbkpnVU1pbE9OOVJWakdLQk1saDUtZ0ljLU5YbVgzWHhoUUU5eHJxRlMzTUV3T2JQMEVQaVdrY29uZ2Rxb3NoRDhwOUNoam1GQ0JXNWM?oc=5,"Thu, 30 Apr 2026 07:00:00 GMT",2026-09-01T10:16:50+09:00
GoogleNews:健康　トレンド,健康　トレンド,「24時間の健康管理」へと「トレンド」が「変化」した最新「ウエアラブルデバイス」6選【本当に売れているモノ＆売れ続けているモノ】 - Yahoo!ニュース,https://news.google.com/rss/articles/CBMif0FVX3lxTE1tN0FoSmZhSjRiVjJDd09sd2p0cF9qelNqMVRrRXM4ZUl1dllRaDRKam1HdndkRWlyZXJ6Y002WVFKOFZwNlZseWpkeDhJUFNhdy0zX3Y2OUtVSTNMWmJDdE9SbjZqcW5vVmRwVm0xSkp1WEc4NVhySVMzdy1zbVk?oc=5,"Wed, 06 May 2026 07:00:00 GMT",2026-09-01T10:16:50+09:00
GoogleNews:健康　トレンド,健康　トレンド,【健康経営セミナー】【FiNC Technologies×GPS-Business 共催】Z世代に選ばれる企業とは？ 新卒採用×健康経営の最新トレンド ～2026年9月3日 開催！ - PR TIMES,https://news.google.com/rss/articles/CBMiakFVX3lxTFBHVEdCVWpUQ2h2WGJWWTNnbHVsNERuaXJhaW9fdXhlYVl5X25OR0I3eGo4ZmVsYnBfTTQ0V1llMkNuWGptdFV6akozdDlkQjVvQ2REeERLb2F5TlZGTmd2c1JoTG1RTHJ6Qmc?oc=5,"Wed, 19 Aug 2026 07:00:00 GMT",2026-09-01T10:16:50+09:00
GoogleNews:健康　トレンド,健康　トレンド,腎機能の指標「血清クレアチニン検査」が企業健診で必須に その理由とは - 日経Gooday,https://news.google.com/rss/articles/CBMicEFVX3lxTE0tZEpoeE90T011LUE1TmlNNjZaMnVzaUw3VElCdUJpei15Z05rbXN1QzYtbTQ4Rl9PTlFnMW10MUFpTnM0WFZybGNDVW5sNGczNHZtU2x3TGdNNVRXY3haYXlWQzNpVmFLXzVNZnN2LVI?oc=5,"Sun, 23 Aug 2026 15:00:00 GMT",2026-09-01T10:16:50+09:00
GoogleNews:健康　トレンド,健康　トレンド,ミツカン参入の背徳市場が首位 ECに効く6月記事ランキング - 日経クロストレンド,https://news.google.com/rss/articles/CBMiZkFVX3lxTE1TM0d4MUFZQlVkOVZqeGxtaS1jYUNpZEhQRWxTbGZoTjF0X2I1S3ZzY2UxdHJwV1NjZ09wakNOb29PUEFscDJ1QzF1LTdZUWJyS1pzbWw2Q0xFcmRxbkxLMW9IZ0l0dw?oc=5,"Fri, 03 Jul 2026 07:00:00 GMT",2026-09-01T10:16:50+09:00
GoogleNews:健康　トレンド,健康　トレンド,「紅茶」の健康効果 飲み続けて生活習慣病を予防、腸内細菌叢も改善 - 日経Gooday,https://news.google.com/rss/articles/CBMicEFVX3lxTE5TalVyUWZTclNsR3Fza3BkZmtrNUlZdkFjT2xsaXpnMmtMaXhhZkJPRHdRczBIQThLQ0I4UDZsRHVrWmVFMnhSYjVPR1RnTkZMRkhOZVJ2eEwzQnRNNmRZcHBDeGUtNFotV0dfdkwzN2s?oc=5,"Mon, 06 Jul 2026 07:00:00 GMT",2026-09-01T10:16:50+09:00
GoogleNews:健康　トレンド,健康　トレンド,【速報】「からだにいいこと大賞2026」の開催が決定！健康トレンドを牽引する祭典が今年も始動、まもなくエントリー開始 - PR TIMES,https://news.google.com/rss/articles/CBMiakFVX3lxTE5IVWYzVm40VGhMaF9wWHVTRVFSVFc3NEhBZzM3REpsU3IyRk9qbmFIRWw0NG5Ed3c2ZlRvRXhhajQ1NURtazZXbF8wcUxFWngyeFdWWWhNQk81MXNjcXB0M0RvMUVVazlMRUE?oc=5,"Fri, 22 May 2026 07:00:00 GMT",2026-09-01T10:16:50+09:00
GoogleNews:健康　トレンド,健康　トレンド,【速報】今年の健康トレンド総決算！「からだにいいこと大賞2025」受賞結果発表＆オンライン授賞式レポート - PR TIMES,https://news.google.com/rss/articles/CBMiakFVX3lxTE9HWHN2OFBrblJ3UnMtRW5OZ1kzRnpQTzA2bEI3WGxESXBrdVJXTUFYdXkzYmpjemRTUmplT014T0MyOFVRcldKNVNrMFE5YVZjT0hndlVTX3ptUzk5MlFLTVFrcXpQQWNpZ3c?oc=5,"Tue, 16 Dec 2025 08:00:00 GMT",2026-09-01T10:16:50+09:00
GoogleNews:健康　トレンド,健康　トレンド,舌の筋力低下を防ぐ！ 舌圧を鍛える舌トレーニング、姿勢も改善 - 日経Gooday,https://news.google.com/rss/articles/CBMicEFVX3lxTE5wRnVxS1liNzQtdXVrVjVVS3dkMmxoZk5zVUR4UHZLWVhvOXc3OUxTdzJXZTlRWmFNMzd5dGUyMEgxVFdIRm50NDRJS3VIbm03UTV3SWVvZWhvUWRzYTFhSDBvN21IV2szcUUtMjB3UG4?oc=5,"Tue, 21 Apr 2026 07:00:00 GMT",2026-09-01T10:16:50+09:00
GoogleNews:健康　トレンド,健康　トレンド,健康・美容の最新トレンドが今年も集結「からだにいいこと大賞2026」本日よりエントリー開始！“あなたの愛用＆NEXTアイテムを教えてプレゼントキャンペーン”も同時開催中 - PR TIMES,https://news.google.com/rss/articles/CBMiakFVX3lxTE5zcDVlZVRmcXBnTjlyY0VqdG9FTllFZ0dJSl9pYklIYlMyVlpna2wwc3M5SmtmZFhkd1UzQnBFVzQyN3ZLczJpQVZsU3RTNDVYMmdjUUxWR2xWNWhkcnVXXzlwX2hsTGpOS1E?oc=5,"Mon, 01 Jun 2026 07:00:00 GMT",2026-09-01T10:16:50+09:00
GoogleNews:健康　トレンド,健康　トレンド,1日ひとつ「ヤセ行動」を選ぶだけ！ 大学病院で考案 “我慢しない”ダイエット - 日経Gooday,https://news.google.com/rss/articles/CBMicEFVX3lxTE84QjRnQWN4SDlaUklZNWdNWkRYY1QtNDUwRVR4bVJDOXNYaVpqZVpWTW1xRlNSQVU3cUJyOUpSenNlMGFadWNSOGdWT1RoSVA1Mnl0WDBHYUJJV0RJYXZOdWJsTUFFZHV2UTl6ZVF4dHU?oc=5,"Tue, 28 Jul 2026 07:00:00 GMT",2026-09-01T10:16:50+09:00
GoogleNews:健康　トレンド,健康　トレンド,「おならサラダ」は本当に健康にいい？ 栄養士が解説 - ELLE,https://news.google.com/rss/articles/CBMirwFBVV95cUxNd2lQZnBoZ2M3ay0wX2ZudjNGOE9QQlJkeHJldGhPd085WkNwUnpzRTdSTXdSbjNlWTlCZFR0LXJOOTVJTElrWWxoaVVrSnk4Q2dLX01fUzk1bS1WQV9weEMwMEg2YnZnVHVXMmdodVFBOC1WaFNxOWRMbm1WMW5jUHM5TktjbXl5QkpLa3pPV1hnMHZDZ0VPRExPMFJXRWExRUh0R0g5NC1pZWtFR0hZ?oc=5,"Mon, 29 Jun 2026 07:00:00 GMT",2026-09-01T10:16:50+09:00
GoogleNews:健康　トレンド,健康　トレンド,今年の「食と健康」のトレンドは？『あすけんトレンド大賞2025・あすけんトレンド予測2026』を発表 〜90億件超の食事記録データから見えた2025年のトレンドは「パーソナルカスタムフード」〜 - PR TIMES,https://news.google.com/rss/articles/CBMiakFVX3lxTFBoaXdSb1NNMGdfbTRqbkpGQnFVeEgwakhCSEsyR21rMGxpMXVrVkRneTFvaTcxQUVMMDRjbldRV0w1VnhNby1rQTZ0ZUo1Z2Z3MDYzUTV2YWVhcTJiX081cEUyM1RtdWxmVmc?oc=5,"Wed, 26 Nov 2025 08:00:00 GMT",2026-09-01T10:16:50+09:00
GoogleNews:健康　トレンド,健康　トレンド,2025年の健康トレンドを凝縮！過去最多567商品から選ばれた『からだにいいこと大賞2025』全受賞商品を一挙公開 - PR TIMES,https://news.google.com/rss/articles/CBMiakFVX3lxTFBkNGFvd0hsWmhlemFYMDFUbkRoNHo4YjJ6NDFsdENxYjV4OHptMm5oT0NtSmhNMmJGOEtSbk5xQU9VUFpuY3piNGpMRjdJWG5ia1dFVlJBVEpDTngweFhsZlpoaUNCNWNqd3c?oc=5,"Fri, 26 Dec 2025 08:00:00 GMT",2026-09-01T10:16:50+09:00
GoogleNews:健康　トレンド,健康　トレンド,TPCマーケティングリサーチ株式会社、健康食品市場トレンドレポートについて調査結果を発表 - ドリームニュース,https://news.google.com/rss/articles/CBMiU0FVX3lxTE96Y3VIMGVjQ1l5elhZU0ZkbTV5VmluaGt0UDc3UkpySXhZSnozN2gxdmFRRTJ4ZGxKX21ybFFLNk02c2VqYnhUSl9jU1JZY1dFcVVv?oc=5,"Tue, 16 Jun 2026 07:00:00 GMT",2026-09-01T10:16:50+09:00
GoogleNews:健康　トレンド,健康　トレンド,食のトレンドは「手軽＋日々の健康」がキーワード！手軽に健康を意識した料理で自分を労わる、新たな食のスタイルに注目 - TOKYO MX,https://news.google.com/rss/articles/CBMiZEFVX3lxTE10a2NWbHI1OGxKUGJCbm1YR2J1eWI3UHBlMDBHbFBzekhQbW5mRGpVVlFSX3dsOFYzNzdrQUNRdmVOUjFiT3ZYZmhpalRxaUJxb3d0UDJpLXJQa2tWOHkzM0doZTg?oc=5,"Thu, 29 Jan 2026 08:00:00 GMT",2026-09-01T10:16:50+09:00
GoogleNews:健康　トレンド,健康　トレンド,健康トレンド2026！注目の健康食品・サプリメントビジネス - PR TIMES,https://news.google.com/rss/articles/CBMiakFVX3lxTE5wTlg4MDNuZXEycnpCX2dGTTdZMk9NYVpiRnYxRVlxcEhsV2RJU1YwVVgyQnEwOU90ZkhsV21RNDhlRUZvZUZhODVoQWZ6V0NSNi1QbjEwckNLY3VPcW8tSF96MGp4S0FFeGc?oc=5,"Thu, 19 Mar 2026 07:00:00 GMT",2026-09-01T10:16:50+09:00
GoogleNews:健康　トレンド,健康　トレンド,CES2026における「女性の健康」トレンド - newspicks.com,https://news.google.com/rss/articles/CBMiU0FVX3lxTFA0LWFVOERtZHBvMXE5MEZ6Mm8tNXE4c2xzMVg0bWtNNmFvc1hIc1U2V3FIczk1YlB3UFJxUnVHY29saGVpUmZ2SnRhX2VrWWhXa2F3?oc=5,"Sun, 11 Jan 2026 08:00:00 GMT",2026-09-01T10:16:50+09:00
GoogleNews:健康　トレンド,健康　トレンド,スマートホームから健康住宅へ：スマートホームのトレンドは変化しつつある。 - Vietnam.vn,https://news.google.com/rss/articles/CBMimgFBVV95cUxQRFFfUXptSnJNczlWRVdTanhCaE1CYWFBNThwTDBrSUF6d2ZBSDFnRVo0YTVRSENRTGV5UWg2NVF2aVZndTJDZGIxQkdubnZnLUkwODduNDZnbTlvMXVRWE8tRENiYnNxWjZQaHpfTHQ0S1VRQWJUVm5XN1d1ZThKYWNYWW5DNE5iMEJEZXJkc203VVFRWFNsZlhB?oc=5,"Tue, 11 Aug 2026 07:00:00 GMT",2026-09-01T10:16:50+09:00
GoogleNews:健康　トレンド,健康　トレンド,『あすけんトレンド大賞2025・あすけんトレンド予測2026』を発表しました - 株式会社asken (あすけん）,https://news.google.com/rss/articles/CBMiZkFVX3lxTE9xbVp2WkRQSUYwdWVjWGZRdEZFUWdTZjB4QVdMcnVnQ0NqUnJCUFRHbjhqblVUSnVMRE5aMk9WdWdDci1IalpVUkpQQXB3MlJKcnBicWVFMzlPenhUMllfdVhMcXlJZw?oc=5,"Wed, 26 Nov 2025 08:00:00 GMT",2026-09-01T10:16:50+09:00
GoogleNews:健康　トレンド,健康　トレンド,物価高への不安は「収入・資産不安」より強く、女性は10代‐20代から健康不安が高い｜2026年トレンド調査 - PR TIMES,https://news.google.com/rss/articles/CBMiakFVX3lxTFBseEpuYVRDRG1aX29MUGxMenhqUXZXeXBBZjlSa2NkSWhBdDE3RUdFMl9YbEhpNnVzc2VhdU1Ib0hTUXM0VW1PbUZaOExmR21BZG9kX09SMHVtdHhQeXk2TUgyb1lVMjg5ZlE?oc=5,"Fri, 09 Jan 2026 08:00:00 GMT",2026-09-01T10:16:50+09:00
GoogleNews:健康　トレンド,健康　トレンド,腸内健康の新トレンド「ファイバーレイヤリング」って、なんだ？ - TABI LABO,https://news.google.com/rss/articles/CBMiU0FVX3lxTE1NNi15RU9MQ3BxaGcwYmZPZHR0aWhBZnh5elJ5ZDNNcVpqUWJMWTJhZFBSYXd2dno2dW5ibXNiRWtYWGJ5cVQ4ZnB6VGMtSXk3eHNZ?oc=5,"Wed, 08 Apr 2026 07:00:00 GMT",2026-09-01T10:16:50+09:00
GoogleNews:健康　トレンド,健康　トレンド,私たちの一生を支える「漢方薬」 そのエビデンスと強みとは - 日経Gooday,https://news.google.com/rss/articles/CBMicEFVX3lxTE5BUUMyTlhIclBfMDBSLVJsZ1dOSDNQV2c0aGNFaG4zajFpRzZiOWs2U245OG9OZHl3ZnY0VU9ydDY5dTh0b2ZiZUI1azVPaFhzTmtpRkNqQktOVGNRall1WnJpWFY4YW51aV9ZZG9Edlk?oc=5,"Thu, 25 Jun 2026 07:00:00 GMT",2026-09-01T10:16:50+09:00
GoogleNews:健康　トレンド,健康　トレンド,TPCマーケティングリサーチ株式会社、『2026年 健康食品市場トレンドレポート』について、調査のポイントをインタビューした記事を公開 - Excite エキサイト,https://news.google.com/rss/articles/CBMiakFVX3lxTFB5Y05TendzbFlYTGlFLTJYdlBVU28wV0ZaOEJaSTdGYTlPMnZYdzlWVWJYMk9DQTRDcWZRRVlFOW9QTUtxUGxVM1Y5WkMtWHN6NHdaTjNLY2w2UnloQzg3WjZaZDFSRUc3U0E?oc=5,"Wed, 19 Aug 2026 07:00:00 GMT",2026-09-01T10:16:50+09:00
GoogleNews:健康　トレンド,健康　トレンド,「1日1万歩」の必要はない！ 日本式ウォーキングが世界的な健康トレンドに - marieclairejapon.com,https://news.google.com/rss/articles/CBMiWkFVX3lxTE9DLWxHaUVHT2dJZGg0cU9MbmY0M3diRDUxeVM1QWlydkNHcDg3c2t3bkVtQ2N4azgyQnpybTBCbGl2bTZkeTRxbmhzcEE1MzBKZXpnZGFrdEJPdw?oc=5,"Wed, 07 Jan 2026 08:00:00 GMT",2026-09-01T10:16:50+09:00
GoogleNews:健康　トレンド,健康　トレンド,心と体を整える大人の癒やし旅 国内ウェルネス・リゾート9：医療・健康トレンドピックアップ：日経Gooday（グッデイ） - 日経Gooday,https://news.google.com/rss/articles/CBMicEFVX3lxTFBRTWNkMXJQMVZ6Q1lGeVl4UDU5OW9QUUI5cmJkdGhUZDNUM2wyTjBGMG5kTlZyaHppdUctazNxQlJUQWRKVzJkNlR3QjVlSEZQdnpDanV4a3NIS3dyTExleEN3ZHBLMTJCTWRJY0FhV2Y?oc=5,"Wed, 15 Apr 2026 07:00:00 GMT",2026-09-01T10:16:50+09:00
GoogleNews:健康　トレンド,健康　トレンド,健康・機能性市場トレンド2025 秋・冬 - ダイヤモンド・チェーンストアオンライン,https://news.google.com/rss/articles/CBMiaEFVX3lxTFBFcEhtbl9kYmYxYk1kZjQ1Sjg3NVdZaENmQmhIQmlwWXVBMGpJUHA5YnJfWlN6bDZSUU5SV19IMWxoRmFYeGdETmUtT0JoLVBtXy1yLS1sQWxtcV9FNEVJUGxKM3Q4QWNN0gFuQVVfeXFMUHc1OVFLaTFkM2tCTmtZRDFHdG5XcC1VUVMzNG5oRDRNcFlfTFUwWmR2ekh4TXBEWG1JWEJUcVR4RUM3bnRTR2l6alVaeVA1VV9kYmpfaHRIbDNBemtFSnE1SGlHdnlkWUV1Y3AzMGc?oc=5,"Fri, 24 Oct 2025 07:00:00 GMT",2026-09-01T10:16:50+09:00
GoogleNews:健康　トレンド,健康　トレンド,"｢健康のために冷凍食品を食べる人｣が激増中…7年で売り上げが11倍に跳ねた驚異的な""神冷食""の中身 - president.jp",https://news.google.com/rss/articles/CBMiT0FVX3lxTE5abFdORktMMU1DX09TMzVRc2hDWVlfd1lReEJFMDBzT29ZSzNWVDJIVGd6bThJNTFVU0ZzTUIxMlZ2OUx6Y0FibFpnS0JNYkk?oc=5,"Fri, 15 May 2026 07:00:00 GMT",2026-09-01T10:16:50+09:00
GoogleNews:健康　トレンド,健康　トレンド,トレンド トラッカー：日本FFCの普及状況、韓国の健康補助食品生産状況 - NutraIngredients.com,https://news.google.com/rss/articles/CBMihgFBVV95cUxOdmxKWmI3SW53d2FvTnlFVHpfdTBVeGg2T2xFZzVfclpNQkNYclJKRXVrbjdVR3ZhajZ0bWxfam5vN2o4ZHA3cU52Tml5cHRVWFZlbWpYSDlLSlR5ZmJHZGt0UlJaUlhvQ3RkMkx4QUI0Z0dqSGhzZm5qSG02OWlCRmhhN0FIdw?oc=5,"Mon, 27 Jul 2026 07:00:00 GMT",2026-09-01T10:16:50+09:00
GoogleNews:健康　トレンド,健康　トレンド,女性の健康投資市場を形成する6つの重要トレンド - forbesjapan.com,https://news.google.com/rss/articles/CBMiWEFVX3lxTE9vNmVHR05adG5oeElQNjJhT3lFMERIMzNOUWR0czRqUWZuTTA2bGc1VGZqZldXb1dOUEtaOTNoNENDZjk2ekI1OU5oOXkxWjIyc3JuM21UeTY?oc=5,"Thu, 15 Jan 2026 08:00:00 GMT",2026-09-01T10:16:50+09:00
GoogleNews:健康　トレンド,健康　トレンド,女性ヘルスケア白書 市場動向予測2026 〜健康トレンド・業界動向・女性ニーズ〜 - ウーマンズラボ,https://news.google.com/rss/articles/CBMiRkFVX3lxTE8yQ1BXMXpwVDZsTS1YLTZ4WWVTZF9UQ3ZfSTdGb2FoZE5ZdXFENlpIS21QcFE1T1lYVzlmOWE0RkN0TlRpZkE?oc=5,"Thu, 16 Apr 2026 07:00:00 GMT",2026-09-01T10:16:50+09:00
GoogleNews:健康　トレンド,健康　トレンド,インフルかかりやすい人5つのタイプが明らかに 2026年新株の特徴は - 日経Gooday,https://news.google.com/rss/articles/CBMicEFVX3lxTE43RXd1N0RIUW5qLXZDTExnMUlRcnBUX1g0eXNJc2lscjNwaDhhNUNhVDFZZk9pWkxMSG41ems3SkZxYV9UeEtEWnhPUjhMTEtQRUNpR2dkVWRibnhDalVQUHQwdXVod1N0UkEzLWxBaDg?oc=5,"Wed, 07 Jan 2026 08:00:00 GMT",2026-09-01T10:16:50+09:00
GoogleNews:健康　トレンド,健康　トレンド,韓国流通業界、紫色の「ウベ」商品で新トレンド狙う…視覚と健康感で人気（KOREA WAVE） - Yahoo!ニュース,https://news.google.com/rss/articles/CBMif0FVX3lxTE45SmIwRDZpdzNzdDdkTnViTTlxdUxsejhobzJvQzRCV05GeGowUHBKZVV0SEFTaHpvWE9GVklGSDB6UXJoLU1LRlpseHRTWXlxSHdOMlVoNU1iLW55djNQSWEtbXRtLXFQT09Pc29NdXNSZ29SemdYdWZoNC1UUEU?oc=5,"Tue, 28 Apr 2026 07:00:00 GMT",2026-09-01T10:16:50+09:00
GoogleNews:健康　トレンド,健康　トレンド,【最新トレンド調査】健康を考える飲食品〜中国、台湾、タイ、アメリカ、イギリス - 株式会社ヴァリューズ,https://news.google.com/rss/articles/CBMiV0FVX3lxTE9lRjZuSW5SU0RXR2JzU3d3ek91SF9ZM28xeG1UMVpGQWIxNXlwY2dXWXNnSkVyX3Z6Xy0xcmN2d3Mwb29rZnNFWnJsRW0zQ0pSR01TbVJaVQ?oc=5,"Fri, 28 Nov 2025 08:00:00 GMT",2026-09-01T10:16:50+09:00
GoogleNews:健康　トレンド,健康　トレンド,ミンテル 2026年: 世界のビューティ＆パーソナルケアトレンド予測を発表－医療・美容領域の接近とメンタルヘルスをサポートする美容品、「不完全」で人間らしい美への回帰 - Mintel,https://news.google.com/rss/articles/CBMiiAFBVV95cUxOZDVhVGpKMk12ZnJzN196TWJOTUxMTVhwR2kyQ0VHYm1pN01XMDR1US1tb1hGREcyMGhFeElLdjNwVjRHdVN4QnViR3JJOVRhRUZpWklkNlBGSUhiYjR3RDM1dTl2N21FVGpIa25KOUJjdGdHSEM0Yl8zRkdDbUR5TU1xcV92c1Y5?oc=5,"Thu, 09 Oct 2025 07:00:00 GMT",2026-09-01T10:16:50+09:00
GoogleNews:健康　トレンド,健康　トレンド,新春特集第1部：重大トレンド解説2026＝健康寿命の延伸 エピゲノム年齢で提案 - 日本食糧新聞・電子版,https://news.google.com/rss/articles/CBMiakFVX3lxTFBUdUwxX25iY0VDczl6bkV1WlRTLXZTaGttS20wWkxUQnd2bEFrZ19JOFRFekl1Nk5UZ09pVGRTS2M0QWxNMVB0TW1vc0FxVWJ1OFhaRjg3N25ZMEh0cjJFVGpSV2ZtOFJJQUE?oc=5,"Thu, 01 Jan 2026 08:00:00 GMT",2026-09-01T10:16:50+09:00
GoogleNews:健康　トレンド,健康　トレンド,健康な社会づくりを目指すミラノ・コルティナ2026とイタリアのAI／サイバー政策：海外医療技術トレンド（128）（1/3 ページ） - MONOist,https://news.google.com/rss/articles/CBMib0FVX3lxTE5ac1ZPTVdMZXEwRjIzNDFLMjk2U0JFR1lucjFSeDBSWi1jOWllMndZRVJEQ0tYUFJVZWhRQk1uVXRucXlOU2ZPWmVrMjBWeld3TzZEUGIweEQtMEREMVRMNDVXQkRieHFQYmNoMjIxVQ?oc=5,"Fri, 13 Feb 2026 08:00:00 GMT",2026-09-01T10:16:50+09:00
GoogleNews:健康　トレンド,健康　トレンド,24時間リカバリーウェア「ReD（レッド）」 マイベストアワード2025トレンド健康グッズ部門 最優秀賞受賞 - 株式会社MTG,https://news.google.com/rss/articles/CBMia0FVX3lxTFBiTS1RT01fcWotcDhVLXJkYURYU3hYMmFSODk2RHhVdmc5UTVzMUdWUFp2aXJpNUVkaXJYMWhNaDBJWDl0cHpCdlZVZUc0QzE5U0xYMjRnWXR4N2JSMDlPNXNLb2dwRVltVU1n?oc=5,"Fri, 28 Nov 2025 03:02:19 GMT",2026-09-01T10:16:50+09:00
GoogleNews:健康　トレンド,健康　トレンド,ファバ「青ラベル」2600万個販売 トゥレジュール「SLOW TLJ」の売上30%↑低糖高タンパクを武器に健康パン市場攻略 - 매일경제,https://news.google.com/rss/articles/CBMiU0FVX3lxTFBNMi04QmprNC1XbndYMmJyQzZBSmJ5TFozOHZLRmJ1VWxrdFJ4SEtvLWRGMmU3dDU5V3BHQ0pnaDAySm5xN2JMZVVJd2x2SU4zQi13?oc=5,"Sat, 09 May 2026 07:00:00 GMT",2026-09-01T10:16:50+09:00
GoogleNews:健康　トレンド,健康　トレンド,女性の健康食品トレンドと、市場ニーズの変化を捉えた企業の開発トレンド2026 - ウーマンズラボ,https://news.google.com/rss/articles/CBMiTkFVX3lxTE9iSmtMSkhKazNJM042LUpNM3Q1RXlxM0JtQmF1bE5kUWJDN1ZuVXZNcC1mLUVNRktkakQ2Zmt3N3JFdHlRV3RIWHUtMVY4QQ?oc=5,"Wed, 01 Oct 2025 20:12:54 GMT",2026-09-01T10:16:50+09:00
GoogleNews:健康　トレンド,健康　トレンド,TPCマーケティングリサーチ株式会社、『2026年 - ニコニコニュース,https://news.google.com/rss/articles/CBMiVEFVX3lxTFBLUjNHbkYxb1lFTVZJOVF1LU1QN2JNYlppcFppV0h4cENZRkRiM2U5WUxsNmtNRDY0OXVZX0RjWW5fZC1maEpQOUJnaG9kcHM0b3FBSQ?oc=5,"Wed, 19 Aug 2026 07:00:00 GMT",2026-09-01T10:16:50+09:00
GoogleNews:健康　トレンド,健康　トレンド,栄養士・管理栄養士200人に聞いた！2026年トレンド食材予想TOP３は「発酵食品」「冷凍野菜」「サステナブル食材」キーワードは健康×時短×環境 - PR TIMES,https://news.google.com/rss/articles/CBMiakFVX3lxTE0wdTFzOHM2a1ZhaXE2TjY5Q2F1Ry00cWFkcXZWQ0dzTDhMTXR3a1FyVWl0SWNQUS1yRkFmU1RkRXYtMTl0RzVrdEhBZzlWdllxaHNNMDZkZExpTHRPTVc3VHBZSUhtdVJjc0E?oc=5,"Thu, 04 Dec 2025 08:00:00 GMT",2026-09-01T10:16:50+09:00
GoogleNews:健康　トレンド,健康　トレンド,サントリー「NOPE」、コーラ以上の糖度でヒット 開発者3つの英断 - 日経クロストレンド,https://news.google.com/rss/articles/CBMiZkFVX3lxTFA4WXl5d25sNlVVYlZSSnJBOUZwbWZzeUVHdHFzX19IaG93YmoyLW10UkczMTdnNmdaTEhYU2JqeTI0cWMyQnVPUC1oUURLVExhSzl0TF9iR0JpS0JSVWgyWTh0X0JTUQ?oc=5,"Mon, 06 Jul 2026 07:00:00 GMT",2026-09-01T10:16:50+09:00
GoogleNews:健康　トレンド,健康　トレンド,9日(土)15時までの注文で母の日に届く、今から選べる母の日ギフトTOP10をランキング形式でご紹介。母の日ギフトのトレンドは「健康・癒し・実用性」。ギフトラッピングが無料「母の日キャンペーン」開催中 - PR TIMES,https://news.google.com/rss/articles/CBMiakFVX3lxTE5TbHpxajlkMGx0VWgwa1FidlhOSU5CYkhaeUxmVDFsXzNiWFJLTENUa0hkVmVFc1piTEdpOXJxbTlDRzI5c2NtSmkxbkxVbmZtSWFCYWVwbHMtcWp1M2tSQUFnNXFKQ3hqdlE?oc=5,"Fri, 08 May 2026 07:00:00 GMT",2026-09-01T10:16:50+09:00
GoogleNews:健康　トレンド,健康　トレンド,【母の日検索トレンド発表】母の日関連の人気検索キーワード、2026年の傾向・トレンドを紐解く。2026年は「健康・癒し・実用性」。「母の日検索キーワードランキング TOP15 2026年4月版」を発表 - PR TIMES,https://news.google.com/rss/articles/CBMiakFVX3lxTE1WSm1yUlM0MUFubDNSRllDZ1BBVzlweEl6THVOdVphU3lvSGhuZXhTYlowUEVLZTh4Ul9YaWZ6NWJjS1lzSXNpbmg5TC1zUEI2UEg2TFVBQkxNN044dW9yRjR1YUNPUHNoYmc?oc=5,"Sun, 03 May 2026 07:00:00 GMT",2026-09-01T10:16:50+09:00
GoogleNews:健康　トレンド,健康　トレンド,トマトジュースが健康志向の高まりで人気 豊富な抗酸化成分【経済トレンド】 - 47NEWS,https://news.google.com/rss/articles/CBMiS0FVX3lxTE5CT250Y2JTSnVqRlFJTk1tek1fYUxQNDV3aXFjTEJjRllJUGlLRXJ5SHRzWkRtRHJVc1QtczN1Mm9qWTlZemlOQmdfMA?oc=5,"Thu, 12 Feb 2026 08:00:00 GMT",2026-09-01T10:16:50+09:00
GoogleNews:健康　トレンド,健康　トレンド,血糖値の次は「ストレスホルモンの見える化」が健康トレンドになる？ - Gizmodo,https://news.google.com/rss/articles/CBMiZEFVX3lxTFBiWkszRHdpU2gwSG80T2xuY005SWx1cjd2eXBCbDBNUnVmOWNJSEJaS2dUWE1RWE1PQTV1THludnR3MHRUX2J6dmhNcTF3VjBXaW5oNHN3OXVURmlRR1lOZWhzV1A?oc=5,"Thu, 06 Aug 2026 07:00:00 GMT",2026-09-01T10:16:50+09:00
GoogleNews:健康　トレンド,健康　トレンド,「もうちょっと父の日も頑張ってもらいたい」健康を気遣う商品に…疲れを癒やすケアグッズ 今年の父の日ギフトのトレンドは？ - 日テレNEWS NNN,https://news.google.com/rss/articles/CBMihwFBVV95cUxPaUsyNkhHWEdhcWdKNEs0S1NPLVl4WThQMkJuT0FQZ01tMEttRjZJallHZW1rVHo3UExXWEpib1YydFJjNTRKSWRFUEJTVW93MTR0c2hrWTJJc1lORFh3UlkzVE1YczgzaXl4Y0RwTGFzOUJFVDFIbFZyWHFKZ1kyT3BJNmpEbnM?oc=5,"Thu, 18 Jun 2026 07:00:00 GMT",2026-09-01T10:16:50+09:00
GoogleNews:健康　トレンド,健康　トレンド,コカ・コーラのCEOは健康的な食事のトレンドに注目しているが、それはプロテインではない - Business Insider Japan,https://news.google.com/rss/articles/CBMingFBVV95cUxQX083ZzFWRGdzY2htZkV3ODcwRFQ2UWlUM2hsNk9TNlZIM2VFQnZVLTB3WWljU0VGa3huaUJvcWhNZG8teFVqMDhJMXVHVE4zQ2tNRzRmT1BfMFlQelRwN1c1cUZxRTFmbE9LZ0lVTGNhUnFreXVPNkdHQXlPTWpqV0NCeG5qQ3RLN2FPN2lPalZZNnd0T3gyZlhfbUJKUQ?oc=5,"Mon, 26 Jan 2026 08:00:00 GMT",2026-09-01T10:16:50+09:00
GoogleNews:健康　調査,健康　調査,水俣病対策に111億4千万円、環境省が概算要求 健康調査の開始、見通し立たず - 西日本新聞me,https://news.google.com/rss/articles/CBMiVkFVX3lxTE9WeTJjZVA5UmtUdnlleXVWQXlCaGFSWW05aVJSTDNyWnY2UndJNlpFS3lBeWxQRmE0S3dmcjhlNUhDVlEtWmh5YzBDMmxuNVBIeFlOWG1n?oc=5,"Fri, 28 Aug 2026 06:15:00 GMT",2026-09-01T10:16:52+09:00
GoogleNews:健康　調査,健康　調査,「健康経営銘柄2027」・「健康経営優良法人2027」の申請受付を開始しました - meti.go.jp,https://news.google.com/rss/articles/CBMiY0FVX3lxTE9wQjg2SC1uZjR3WDE0RUxOckpqMFM4cTlOazRUUXIzYmxheTNZT3YyVDlZem54SWNoZi1LRnZLWTlGajhTU21zVnRSUkJQM1BqYUo4T2g0V0lFYjl1Yl80T2RNVQ?oc=5,"Mon, 17 Aug 2026 07:00:00 GMT",2026-09-01T10:16:52+09:00
GoogleNews:健康　調査,健康　調査,厚生労働省 老人保健事業推進費等補助金 老人保健健康増進等事業 - nttdata-strategy.com,https://news.google.com/rss/articles/CBMiZ0FVX3lxTE9sYXZFMndYY0l2R3FObUhZeVBzYzFDN21WZDlKVk1OeHptM2F2NEw5S3RfdXVORy1abURKLXJHakR1X25meEZTN1JrR2l1MGFvN0xPVmY4cFBqR1BISl90V1pqWVNtRVk?oc=5,"Mon, 17 Aug 2026 07:00:00 GMT",2026-09-01T10:16:52+09:00
GoogleNews:健康　調査,健康　調査,水俣病対策に111億4千万円、環境省が概算要求 健康調査の開始、見通し立たず - 47NEWS,https://news.google.com/rss/articles/CBMiS0FVX3lxTE9hT0w1VTd4T0Jjd09UVDZCOGtHcng3ZUxpT0NOZ1IzNFMta19ZRFpwQ1NnZnFPVHJzN3J1ektNdmthMDJFakRhUFBBQQ?oc=5,"Fri, 28 Aug 2026 06:15:00 GMT",2026-09-01T10:16:52+09:00
GoogleNews:健康　調査,健康　調査,能登半島地震の被災者7346世帯の健康調査結果 仮設住宅居住者で心理的ストレス「高度リスク」が増加 - TBS NEWS DIG,https://news.google.com/rss/articles/CBMiX0FVX3lxTE1uVWZuOUVOdkZhaGI3X1RwMGllY3ZvS2pNQ0ZyMmExbVVUOHBscTZoSDRNSEdkbVhrVVBaYXlLRkhmX1pwSWtsbF9HRkZuM21vaUNJVXZseFRJR1BMU0hN?oc=5,"Tue, 18 Aug 2026 12:27:14 GMT",2026-09-01T10:16:52+09:00
GoogleNews:健康　調査,健康　調査,健康診査・がん検診など - city.tsubame.niigata.jp,https://news.google.com/rss/articles/CBMiekFVX3lxTE9QaVlXdXRaZ1hvdW5hWG9CV3FxWDdQejRGNmtFTFkxY0lkUEZmUE5hOG5nd3c3NHUzMTZPdkJRTXJfT0didTJ3TktJbXhkYVNEUE5lSExhWGJJSFE0YW5MdHp5aDlwbm9tZ2dIVzRtRzdFZFotbmdFSkt3?oc=5,"Mon, 17 Aug 2026 07:00:00 GMT",2026-09-01T10:16:52+09:00
GoogleNews:健康　調査,健康　調査,水俣病対策に111億4千万円、環境省が概算要求 健康調査の開始、見通し立たず - au Webポータル,https://news.google.com/rss/articles/CBMieEFVX3lxTE84ci1SUW40bUpodUROV1NMakZ6elVjRXZwbTBqNW8ycFg1M3ppemFqNWNNUFhCSC1qLWdRZmx3eXVHWWhvd3M0NG9XXzhsZDVFekdoQUx5Z3NuRU1IWUNsYzMyV2dkTzVPMFVKdFFqS2lwandoMU5Xdg?oc=5,"Sat, 29 Aug 2026 08:04:26 GMT",2026-09-01T10:16:52+09:00
GoogleNews:健康　調査,健康　調査,水俣病の健康調査、環境省研究班「実施し得る」今年度実施に向け結論 - 朝日新聞,https://news.google.com/rss/articles/CBMiZ0FVX3lxTE9XNDRSdjVnLVQ1b2tNT1RkYzVMMUZwSW5yWkhGTU9QT05wQ1lab1F4WVF2RzZzbWFScndLZ1cwX1BseVhfcEFoRl9qM0xURVJXSG51TzhOT2pxekxEcWkxbDVMeGNiVTA?oc=5,"Wed, 22 Apr 2026 07:00:00 GMT",2026-09-01T10:16:52+09:00
GoogleNews:健康　調査,健康　調査,能登半島地震の被災者7346世帯の健康調査結果 仮設住宅居住者で心理的ストレス「高度リスク」が増加 (MRO北陸放送) - Yahoo!ニュース,https://news.google.com/rss/articles/CBMijgFBVV95cUxNcWlHaDB4ejFKMnhyOGxiWUJ4dE9NTUxyM3p1U2pZSUtlNGhDc0lqR2ZoanV6VjRpTDJTV3hja0RYTDFLR2ZYSTZpZFVDeWR1RzlfWk1VY0d0Ung1dDk0aGpZaUk3bXRyNWJ3aXdOQnk0MTdLOWNBOWZPT2Z3OGFzTkY4LW1qYlNONGRsMkRR?oc=5,"Tue, 18 Aug 2026 09:36:18 GMT",2026-09-01T10:16:52+09:00
GoogleNews:健康　調査,健康　調査,令和7年度「県民健康調査」こころの健康度・生活習慣に関する調査 ここから調査のお知らせ - town.okuma.fukushima.jp,https://news.google.com/rss/articles/CBMic0FVX3lxTE8yZmp2ODZWUmdpLXFHM18wYjJ1QnBYMUU0dHBOTkpVNmVmaHEzajg3WFRaLWhXZHlmZ0JMb01aM1IwM19odkVQR0dVZ3N6bEVfMGIxY1NmSDJqbVdQM2U2WmZ3VlFWbG1reXczdktSODZlUlk?oc=5,"Mon, 26 Jan 2026 08:00:00 GMT",2026-09-01T10:16:52+09:00
GoogleNews:健康　調査,健康　調査,健康上の問題による日常生活への影響の経年変化～国民生活基礎調査（2025年）からみた高齢層と若年層 - nli-research.co.jp,https://news.google.com/rss/articles/CBMib0FVX3lxTE81X0VwaGdZLUdkQkFhd1E3aHZaZ2JqazNhRVg3dUZoX05aRUpGOWlKT0tpTjBmaTAyQXVldjlfTnN6LXZteXFLTEtnRXI5cTZYMUhhNk5wYWVxUV9fRUNnR3I4RzRyZnhzM0J6Vloya9IBf0FVX3lxTE1FUlk2LWx5NkxIeFBkT0xBN2xFNC12djMxUmlIU3FFTm9FakRhV2hoVTRxVmwwa0ZQcDN4dmwyY1ZtcHlacFk5cmtXY0xxTnNMWTFFelE3NlFLU2hVN0JYQmFqa2IyVUdJZjBKYUNSenlVSm5KSi15ckRmQW5pQk0?oc=5,"Thu, 13 Aug 2026 07:00:00 GMT",2026-09-01T10:16:52+09:00
GoogleNews:健康　調査,健康　調査,令和7年度健康食品試買調査結果|3月 - metro.tokyo.lg.jp,https://news.google.com/rss/articles/CBMidEFVX3lxTE1oNWRiOFlRQWp0V2JhTEdIQmtFbUVYaDloQ19UNm82d05lQlNCNVBoU1FxalcxcDBQd2tPTG41ODl1RVMyaWxyZXZEWkdSSUpzdFFHOXpTcmxzbDRXa0kyUlZDbDFlWmZLbTNHRmdkS01uWVpt?oc=5,"Mon, 23 Mar 2026 07:00:00 GMT",2026-09-01T10:16:52+09:00
GoogleNews:健康　調査,健康　調査,甲状腺検査の利益めぐり応酬〜福島「県民健康調査」検討委員会 - OurPlanet-TV,https://news.google.com/rss/articles/CBMiS0FVX3lxTFBKUFlOSmZ4bTB2VU5BYzdkaFNCQUFZQ1U4Z09vM0J4WmVMUklLYWVMTWNHYTNBbnUwQW5MMlVsV1ZrM3gxZldDRVhkWQ?oc=5,"Wed, 25 Mar 2026 07:00:00 GMT",2026-09-01T10:16:52+09:00
GoogleNews:健康　調査,健康　調査,奄美市健康体験交流施設再整備活用プロジェクト - city.amami.lg.jp,https://news.google.com/rss/articles/CBMiZ0FVX3lxTE1IVkp0ODNuMzRNOF95YVh4aVczVHpPVjYzN281c3F5QjhVbTI5ZjdmRWVUcmMySVR4ZFpHSlI5eE5XaXdqVGhmZko3dWRlRTdoSnI3MHpQSHlucEFlT1E1cTJKbnR4Ymc?oc=5,"Wed, 01 Jul 2026 07:00:00 GMT",2026-09-01T10:16:52+09:00
GoogleNews:健康　調査,健康　調査,水俣病の健康調査、協力者確保に課題 患者団体「即刻中止すべきだ」 - 朝日新聞,https://news.google.com/rss/articles/CBMiZ0FVX3lxTE5JdHZ0Q1MxRXA1X2NyOVU5VkZhN2xzNHBtZjFKMWtueHJXblNsT19LdTBCRlJFZHVJMFNkcDVWc3BBQ1pRZTRFNVZWVXJUVEE5em5KeWhCaUg3aU5qYnJlNlVIN3Ayb3c?oc=5,"Thu, 26 Feb 2026 08:00:00 GMT",2026-09-01T10:16:52+09:00
GoogleNews:健康　調査,健康　調査,能登半島地震の被災者7346世帯の健康調査結果 仮設住宅居住者で心理的ストレス「高度リスク」が増加 - TBS NEWS DIG,https://news.google.com/rss/articles/CBMiYEFVX3lxTE50VnIzblBpUWdrVzhDQy1rQUR1NmJDZ3R2ZFd1U2Vlc3NUMzJkZTJ3MDdtYUhubll0d1FVQmE5MFhhOUxrbzVsbHRjZmI2cTNjWmd4ZWpfR0FRNk5oWW9nZQ?oc=5,"Tue, 18 Aug 2026 07:00:00 GMT",2026-09-01T10:16:52+09:00
GoogleNews:健康　調査,健康　調査,能登半島地震の被災者7346世帯の健康調査結果 仮設住宅居住者で心理的ストレス「高度リスク」が増加 - TBS NEWS DIG,https://news.google.com/rss/articles/CBMiV0FVX3lxTE83ZDdyWk1kTFBPSXdFQjJYbExfOVNrSDhLUDBITTNGYnFzeUdMTzVXejdlbkFwcVA4dkdfRUxvcHgtdHk5TGdZcDBzRmNPdVZaQnFqbXlSdw?oc=5,"Tue, 18 Aug 2026 09:35:00 GMT",2026-09-01T10:16:52+09:00
GoogleNews:健康　調査,健康　調査,仮設住宅の被災者、心の健康リスク高まる？ 石川県が2度目の調査 [石川県] [能登半島地震] - 朝日新聞,https://news.google.com/rss/articles/CBMiZ0FVX3lxTFBfcllQd0dNNkViY3RNOHdfbGc5cGsyazlTTjNXR1BMSmJ3UU0xbVlxT0RsU1UybGtjcmU1V0JzZzJLRExWNlRsdDQ1ejJwbGpuZ3c1SUtvT09EVGpvaHJ5UGFfM25mdFE?oc=5,"Wed, 19 Aug 2026 07:00:00 GMT",2026-09-01T10:16:52+09:00
GoogleNews:健康　調査,健康　調査,「しびれは悪化の一方」やまぬ救済の訴え 健康調査の実効性は? - 毎日新聞,https://news.google.com/rss/articles/CBMiaEFVX3lxTFBoSEZZMzVDQTRUTURpX2d2aUdHYXljN0l4T3I0dkI2OGUzVzhSMHNmSm5NbUFJSGN3NVc2bTE3Ql9SWkllMDl4c3cxTU5CQThOa0Z0aW82RTdHM0EyMWRPLXEwTjI0T1Nl?oc=5,"Fri, 01 May 2026 07:00:00 GMT",2026-09-01T10:16:52+09:00
GoogleNews:健康　調査,健康　調査,被災者の１割に健康リスク 能登地震と豪雨、石川県が調査 - 山陽新聞,https://news.google.com/rss/articles/CBMiUkFVX3lxTE1SdktrZ05sWWQtdmUwdXdsMTQ2SVh5TndtOE0yM25sbHBzb3FjQ29IZXI1NWM1LXV4c2RYWVpLdldVZGNzRlJrUzV2X3MxcVhMUXc?oc=5,"Tue, 18 Aug 2026 07:00:00 GMT",2026-09-01T10:16:52+09:00
GoogleNews:健康　調査,健康　調査,保健省は、バリア地区の健康診断所で匿名調査を実施した。 - Vietnam.vn,https://news.google.com/rss/articles/CBMikAFBVV95cUxQVUZKWW5DRG15Sk4tdjIyODV3ZWw0NUdWRklCa3dOamFWb3NLMUdBejRIdVlwVW9OMXJ3SDVzbTZkRzM1SWt6d3JKNWVlOUJ5RHRGZ3V4LVdPLXo3Wl9XcHZhd2dTZk5YNjdjTlh6eUlZQTRwcTVCajMxMUNqNTBmT0h5UjNpV3M3eHUydThNMlo?oc=5,"Sat, 29 Aug 2026 20:11:34 GMT",2026-09-01T10:16:52+09:00
GoogleNews:健康　調査,健康　調査,世界肝炎デー 2026 in SAGA にて健康一番プロジェクト「健康調査イベント」×「ロマンディスコ」開催 - PR TIMES,https://news.google.com/rss/articles/CBMiakFVX3lxTE5aa0cyTS1ndlNmcGl5Wk1yVlQ1YldZbjQwVkwzUDRlenFxUDViTTVOMXdGTmNiUm42b21NZXhDZ1c0V1pFNkk4aUhscGRSNGdBWFFLZVI2LWhmWlVTZzRjV181NlYxamV2N1E?oc=5,"Thu, 06 Aug 2026 07:00:00 GMT",2026-09-01T10:16:52+09:00
GoogleNews:健康　調査,健康　調査,水俣病の健康調査、1000人規模に 26年度から実施予定 - 毎日新聞,https://news.google.com/rss/articles/CBMiaEFVX3lxTFBIOGRNUnVqYXdkM2daVk9VSEQ1ZTF0a3dSNGx5bFQtMktxbFEyem5kSnYzd19PMXMyQXduNVBxQW9hWTZIWTg0LS1ZMHhUd0NnbDNwc29SSzV6NnY3WWY3WThVOEpNQlBn?oc=5,"Wed, 22 Apr 2026 07:00:00 GMT",2026-09-01T10:16:52+09:00
GoogleNews:健康　調査,健康　調査,各種検診（特定健診・がん検診等） - city.satte.lg.jp,https://news.google.com/rss/articles/CBMib0FVX3lxTE5NeXVzRHJaYU8xSmpYNWRzZEVOdzJGZHp1NEx4ejBHZU9DWndlUWZFRWNOZFdFMk9Ca3BBMm9UOXg3ZW5yRXZxLUNiOS1QOGJSNDNHSHhTYXN1bnFITzg0MzdFQU1Tc04xaU9Ub1dPQQ?oc=5,"Fri, 01 May 2026 07:00:00 GMT",2026-09-01T10:16:52+09:00
GoogleNews:健康　調査,健康　調査,能登半島地震と奥能登豪雨の被災者 仮設住宅生活で心理的ストレスのリスク上昇 石川県が健康調査 - 日テレNEWS NNN,https://news.google.com/rss/articles/CBMihwFBVV95cUxOWXFSRUw0UHBSUjhwQ00tY2lIeXhLQUZabnpHZ085VGFRV0V2aFBtczY4ek1xeUtLc0I5Wm1VeWl2TDhyV0pqTUh6NDhaMXVZQnJjQS1MU0xjNWYtR255ODlWWW1JRmZDaWlYaUFHc0RndFBsRXRYNVJOeThpTFJPd2FMYWtBVDQ?oc=5,"Tue, 18 Aug 2026 07:00:00 GMT",2026-09-01T10:16:52+09:00
GoogleNews:健康　調査,健康　調査,［水俣病公式確認70年］「住民健康調査」科学重視の国、救済求める被害者団体の間に深い溝…新たな線引き懸念 - 新潟日報,https://news.google.com/rss/articles/CBMiXkFVX3lxTFAwMVdVdWdqcXpIQk1NYnlhLUctWk10TE1EVjFpcGk1MUJRSC1vSlVwRm1RU1RteTFRcDdoUHhoakNwNDA1NW5SWUhyMzFYcGUycmJiR3k0SXFrU3g4Z3c?oc=5,"Mon, 08 Jun 2026 07:00:00 GMT",2026-09-01T10:16:52+09:00
GoogleNews:健康　調査,健康　調査,能登半島地震の被災者7346世帯の健康調査結果 仮設住宅居住者で心理的ストレス「高度リスク」が増加 - ｄメニューニュース,https://news.google.com/rss/articles/CBMib0FVX3lxTE5oMksxeGtkWlJPNWY2QThNbVp6c2F3Y1VoVm9JMXJpMzFJSTYtMjBrMGJyVi1DXzJTWUU3VzMyMm5kMlRnd1hpM2xEcFB4OWlmZ2ZCY1dpcEY3UEpDZkZzWGtEQXBSUVNsNEM0MjZEd9IBdEFVX3lxTE9YeUdrWV9XOUhWVlRFQ29qNDJIU3NyRTNfTjRFRVZfSTdnVEcyTVcxanVSVFJHVjJreVNMak1FczJ3NjNHZTVyeFJsem9xemhwajg1UWpGcElLNUg5VnZNci1LRjM2U0JmWk91WFFvMWNFbHRK?oc=5,"Tue, 18 Aug 2026 07:00:00 GMT",2026-09-01T10:16:52+09:00
GoogleNews:健康　調査,健康　調査,被災者の心と体　健康調査の結果がまとまる - ｄメニューニュース,https://news.google.com/rss/articles/CBMifEFVX3lxTE5lcjJBeVNRRVRnckZ1RWE1WHpNdGpiN1k4cHNZOTBaVk56NWRQZ3lKazhVeHc1QXMtVmhuVmxEVjBHT04yaTE1UFZqZjUxUVUweHgtS296VzZXd1NtNmpnS2Q5ak9VNUlyWHRMcWtxcDE1cUh3bGpTODJUOVTSAYIBQVVfeXFMT0N0aW9zYmtCTldfeWI5TkpJSGM2NjZjNXV1LU9kdHBXcTNNWUw4bVVOWjUxOWxFVFpnWHBwTHdKTDhsUTdZUzFmdWdZd1UyNm9RUkFjRGIyTnpzaUJLWFB3NGpqX1Bpb0wxZEQyNFJRa21KamEyUDVVT2pwNDVUdUtOUQ?oc=5,"Wed, 19 Aug 2026 07:00:00 GMT",2026-09-01T10:16:52+09:00
GoogleNews:健康　調査,健康　調査,-第3回 食と健康の意識調査を実施- | 一般社団法人 日本最適化栄養食協会のプレスリリース - PR TIMES,https://news.google.com/rss/articles/CBMiakFVX3lxTE1hSjJxUktvSUgyT1M3RVlQZFBIMk9JdEVadzgzUk9laENxeUstNGRlc1Z6eTN0M3EzN25BT1o4TmdJaGk2bkx2S21rVmRQdmhnZ3FHXzZRZXhQbDM3cE01a0pqelJ5QjQ2d3c?oc=5,"Wed, 17 Jun 2026 07:00:00 GMT",2026-09-01T10:16:52+09:00
GoogleNews:健康　調査,健康　調査,水俣病住民健康調査に患者団体が反発「全容解明調査と言えず」 - NHKニュース,https://news.google.com/rss/articles/CBMiWEFVX3lxTE8yYWZMOE9MOGYyNEVXQTF0SlNaamYyMkFPWmc0ZHdVa2ZuUUlyNUx5ZDN4MXBTMGp0N3FzaTdWWlFZVHhoanR2cmFEM3J2V0p2Mkh1Qm1kNGs?oc=5,"Wed, 25 Feb 2026 08:00:00 GMT",2026-09-01T10:16:52+09:00
GoogleNews:健康　調査,健康　調査,子供の2型糖尿病、有病率は想定を上回る可能性～全米小児健康調査｜ニュース - dm-net.co.jp,https://news.google.com/rss/articles/CBMiWEFVX3lxTE9yVVhOcVNRUkpfQnlNMUNiQXljWll2YkdoYUs1TFZOYUVjeWpXaDNNdk04aWY1NFB4SDg3clI4RVoxMi1GeDhjTjdpNGRJNlppZkFlU3Zjaks?oc=5,"Thu, 25 Jun 2026 07:00:00 GMT",2026-09-01T10:16:52+09:00
GoogleNews:健康　調査,健康　調査,火山灰、桜島で健康調査 今秋にも国際チーム [鹿児島県] - 朝日新聞,https://news.google.com/rss/articles/CBMibkFVX3lxTE16ekdhZWpzT3VGcmpySFItMUs1YmVobkVNSjU1TUhMLVNDV3hKb0VnTjh1U1Y3dFQwNU5EMGpyTVhvWkdUVWxfaWlNdUF3UVdSbXpjYndrMGFzY1lqVWNSS0ozWTVpMmI0MTVjNlBB?oc=5,"Fri, 03 Jul 2026 10:52:53 GMT",2026-09-01T10:16:52+09:00
GoogleNews:健康　調査,健康　調査,目的、手法…国と隔たり 被害者側「実態把握できない」【水俣病70年第３部 健康調査の行方①】 - 熊本日日新聞社,https://news.google.com/rss/articles/CBMiT0FVX3lxTE1yZlBPeTZiQTB6TW95YkphZWJsYk9SelhVQUVVZG9wMS1nTXNfQ1p2T1Btalp0OHZTSUZhYWxJYkYxZFFKQ25pUzEzVGlUcDQ?oc=5,"Wed, 03 Jun 2026 07:00:00 GMT",2026-09-01T10:16:52+09:00
GoogleNews:健康　調査,健康　調査,Sansan、女性のライフスタイル調査を実施美容・健康意識は高い一方、 リフレッシュや人とのつながりは不足～現代女性の「隠れたギャップ」が明らかに - Sansan株式会社,https://news.google.com/rss/articles/CBMiWkFVX3lxTE5adUpCS0ZadjZHV0hNd2dYZXBFTFN4LUZLWFVvTUdKRW53UlFkdDB2N2JsMmhFVjJpbndTaVNFdkJQWFAzeHZIdVZQWUJtN3BCaGNDdHlMQVB2Zw?oc=5,"Wed, 27 May 2026 07:00:00 GMT",2026-09-01T10:16:52+09:00
GoogleNews:健康　調査,健康　調査,環境省が水俣病の健康調査を本格化へ 先行調査で「不満少ない」と結論付けるも 被害者団体側は「実態解明に繋がらない」と批判 - TBS NEWS DIG,https://news.google.com/rss/articles/CBMiZ0FVX3lxTFBtYU5xeW11VTJ6RF9fUF85dW1hZjJhY0NxN29YOXFMRVJURVkyUVFXemFrYkNOVDMtdXNIYmNDTnllS3Zsd0w5S1VZQlE3cjVGUi0xRmo4bW1ITm42WEFiWl9vNWZvTU0?oc=5,"Thu, 23 Apr 2026 07:00:00 GMT",2026-09-01T10:16:52+09:00
GoogleNews:健康　調査,健康　調査,環境省、水俣病健康調査の試行開始 法施行16年、手法には異論も - 毎日新聞,https://news.google.com/rss/articles/CBMiaEFVX3lxTE5aMVloeWI3RU80QXhWQ1RmRWh3RXdVWVVCNzQ5el9Md2p0TUlYWUJkYTNGdjV0Ujhmc3ZTdzROS3k5ZDhzZ1d0OWRCVHRFLUYteHJqNmdSMzZVRmRjaXlkMnMzR3FQSG9r?oc=5,"Thu, 20 Nov 2025 08:00:00 GMT",2026-09-01T10:16:52+09:00
GoogleNews:健康　調査,健康　調査,東京都の学校保健統計調査 - kyoiku.metro.tokyo.lg.jp,https://news.google.com/rss/articles/CBMihwFBVV95cUxNRDdtVW1jRlRveXRCd3NsNDM5Z3BvNk9PMHdXRGNrTGJkTGhLOUVmbEJhQ0kwTWNULVozYWJpMG9yaTdJYVhUYjNvZ1N3eWpiTkFkS1Y1c0pOWlhyUWIwUDc1UGJnVGFiMDZnU05WMFVWOGIxQUwwNlZSY093UWxDakt4emlhRWM?oc=5,"Fri, 27 Mar 2026 07:00:00 GMT",2026-09-01T10:16:52+09:00
GoogleNews:健康　調査,健康　調査,パートナーシップ証明制度と性的マイノリティの精神的健康との関連を調査 | 医療・健康 - TSUKUBA JOURNAL - tsukuba.ac.jp,https://news.google.com/rss/articles/CBMieEFVX3lxTE1zc1VQc0xpbmcxTlU4emxTT0cwdHowX0w4N2xyRVBiNUJhTGhwU3hsQkdwbW9jZzczZmRnR3hLQ3IxR1RQYVI0NlVLMUdQN1kxWDhrSzlmY3Qwb3h6WVFDZXNiUUVtLUt0RTVPLVZEMDRPR2VjSTFvYg?oc=5,"Tue, 19 May 2026 07:00:00 GMT",2026-09-01T10:16:52+09:00
GoogleNews:健康　調査,健康　調査,健康福祉常任委員会が県内調査を実施しました（令和8年4月24日） - pref.gunma.jp,https://news.google.com/rss/articles/CBMiXEFVX3lxTE1tWXVHdFJod3BuOGFYcENxbVdPRWdWOEdZY1JQOWdrYUJBdnpXSmh6eVZILS1YS05ibXdidjJkN2UtYVZCMXQtX3Jzc1ZEVDVUMzhFdWstdUl1c2Fo?oc=5,"Fri, 24 Apr 2026 07:00:00 GMT",2026-09-01T10:16:52+09:00
GoogleNews:健康　調査,健康　調査,被害者側「誰も望まぬ」調査を準備 水俣病で環境省 遠い全容解明 - 朝日新聞,https://news.google.com/rss/articles/CBMiZ0FVX3lxTE8zRmdoTEJya0x4aV9pT2NMZUdQQ2Y0OC1objM4Y3h3cl9hVll1R21UbEFoMUN5RXNJUll4anU5bkRJVThDZU9tTk1pb0k0YlJYOFctMElXRlhFb01TX1BaRWVMUjd2cjQ?oc=5,"Thu, 25 Dec 2025 08:00:00 GMT",2026-09-01T10:16:52+09:00
GoogleNews:健康　調査,健康　調査,水俣病健康調査、来年度から本格調査に入る方針…「１日最大４人」環境省が被害者団体に説明：地域ニュース - 読売新聞,https://news.google.com/rss/articles/CBMickFVX3lxTE10N1JjcWZPTzljekl1OUxZRTlCVTBvN0kzNFhYdV85alFnLWxiR3FXV0l3UUJXX2lTSlFVU3JIQkJDYWphdmpvY3hSSlhONm5oTVZfX0Y3dE1ZZl8yZFZVSjMyTlUzMTlQbTR5SDVEMXBVdw?oc=5,"Thu, 26 Feb 2026 08:00:00 GMT",2026-09-01T10:16:52+09:00
GoogleNews:健康　調査,健康　調査,がん検診のご案内 - city.nagoya.jp,https://news.google.com/rss/articles/CBMijwFBVV95cUxQM2I4a0pQQzhyTVNGOWg2MEtBOWJWSFdzSHJhanVqX2FNQ0l3VkZWOUgySFpGaHcyOVZaOE82eUZ3Ti1taXhOVjNicGdJQ2dEV20tWm5MdF9sbWtoQ3J6SDR3NnpBeGpiVW5oN0xULXJJUWJYdTkyV1ZFMU1HQTN2RklrcmNZRTg5RVBUam5zaw?oc=5,"Wed, 27 May 2026 07:00:00 GMT",2026-09-01T10:16:52+09:00
GoogleNews:健康　調査,健康　調査,「安心して産み育てられる」 県民健康調査の知見報告、福島医大シンポ:震災関連 - 福島民友新聞社,https://news.google.com/rss/articles/CBMiaEFVX3lxTE82RUJCRlFjamZieS1naFVQQmRnNjdMZzB4MEl0RjlfR1FocjhXNVhER3lkWjhpRGlURnBkWW9yR0VZLVUydzNsbXphQnpGeXZMLWhDYW1YN2hFcGJUeTJYOUFfblZYMzEx?oc=5,"Fri, 13 Mar 2026 07:00:00 GMT",2026-09-01T10:16:52+09:00
GoogleNews:健康　調査,健康　調査,安全・健康・コミュニティに関する調査報告書(令和7年調査) - city.atsugi.kanagawa.jp,https://news.google.com/rss/articles/CBMifkFVX3lxTE1YNmZINTNvVTNudVYxOFVISjhwVElPTDdMUnBwMUV4cnRsLVdMODFxVm16TzU2Q3pScTF6cTRMOC1WWW9INXZ0Z1Y5Wldwb2Z3VjZaUl9hVjV6OWhXdnRzME9fdnZhOFZQU2dnRmpETDluWU5PMmJib0lDQ0Uzdw?oc=5,"Wed, 18 Feb 2026 08:00:00 GMT",2026-09-01T10:16:52+09:00
GoogleNews:健康　調査,健康　調査,仮設住宅やみなし仮設の住民、ストレス悪化 石川県が能登半島地震・奥能登豪雨被災者の健康調査 - chunichi.co.jp,https://news.google.com/rss/articles/CBMiVEFVX3lxTE1wU2F1eEJ5XzBQbW1MZ29uWDVxUC14S29rLU1jS25yRkpwbFA3bHdSNlJNQ0hXbnFVaTJGbFZfQ2RMeXZIQzVaTDVTZGRnQTJpZ1pkbA?oc=5,"Wed, 19 Aug 2026 07:00:00 GMT",2026-09-01T10:16:52+09:00
GoogleNews:健康　調査,健康　調査,アルコールを控えるでも､糖分を控えるでもない…1200人･15年調査で衝撃の結果｢最も死亡率が低い人の傾向｣ - president.jp,https://news.google.com/rss/articles/CBMiWEFVX3lxTFBicXRjN1JRRGNEanhXOFNKdGF5UTdtdEo0VmVmTEhhSkZQV3hPQkNUNG5DM0pScnZTSnhGS3ZjM1JkVVVkTVBJcnlHQk0wSlZZa2ZNSUdqUEY?oc=5,"Sat, 21 Mar 2026 07:00:00 GMT",2026-09-01T10:16:52+09:00
GoogleNews:健康　調査,健康　調査,「健康経営優良法人2026」認定法人が決定しました - meti.go.jp,https://news.google.com/rss/articles/CBMic0FVX3lxTE9IYjZmWTEya3R0bDhBWmFIVGJuNlZqM0ZtVEh5NVpQQnRDWFR1RDZVd0JWdElqdEl4XzNUdktnb2FLblE0NnJxaVY5R0ZETUhxRllyeTk3UnhoS1lCNXZUOVA1NGNTNk96c2NndzFoMV9iZFU?oc=5,"Mon, 09 Mar 2026 07:00:00 GMT",2026-09-01T10:16:52+09:00
GoogleNews:健康　調査,健康　調査,「健康経営銘柄2026」に44社を選定しました - meti.go.jp,https://news.google.com/rss/articles/CBMic0FVX3lxTE11MnBRZ2QxZk8xMFZwYi13OUZMYXRDSUNudkRSX0NzUV9ZOEdsV1dqMkZTbDhFTnVjQVBIRk1YY2VXQkMxSmhMTTVHSE5pOWZOZHdZMnF4Mk81eDZvSzd2MjR2bVdRX1Y1YWpxYk52amZucXc?oc=5,"Mon, 09 Mar 2026 07:00:00 GMT",2026-09-01T10:16:52+09:00
GoogleNews:健康　調査,健康　調査,社説：水俣病の住民健康調査 救済が目的ではないのか - 毎日新聞,https://news.google.com/rss/articles/CBMiaEFVX3lxTFBjaTlTOGtmRkJMelc4WjQtVTZXNE1KNE1HWmlCeDlfWGJqOWlYUy1ZMGRaUW1xTEZpVFpfUEJMcDZsTUtLQngzaTNOUHdGWExQUWFITDVGandWZVpyNXZoTFhsQ1RLcnYx?oc=5,"Tue, 23 Dec 2025 08:00:00 GMT",2026-09-01T10:16:52+09:00
GoogleNews:健康　調査,健康　調査,PFASによる健康被害の調査を市民団体が県に要請（沖縄テレビOTV） - Yahoo!ニュース,https://news.google.com/rss/articles/CBMif0FVX3lxTE1RXy1iUEJxbGhoRElxemd5ZGJMLU9mSV9zSDRldzBNclJJMm1ReVpvU2Zvbm5NMW9FRGt3VUpydk5oNWVSbzZyVmFKVExrdTdvWGZVZk9kb2IxTVhHa2hwZDlPMTVieEs0NENqcnJhdlhuZmlONExmT2g4NVdRZGM?oc=5,"Sat, 20 Jun 2026 07:00:00 GMT",2026-09-01T10:16:52+09:00
GoogleNews:健康　調査,健康　調査,若者が健康に暮らすには…1人暮らし月27万円必要 岐阜で調査 - 毎日新聞,https://news.google.com/rss/articles/CBMiaEFVX3lxTE93MWZ4RWVCcUx5QTd0ZmJsUUxyTjVoeF95SS1POVFOX3N6bjhyenBaOFJGWk9vb2VsMjVYM0J1UVNyM04wMW5JSHdwUG5ZVEp3aTJtdkhOeldUYXVRclFzLXJ5Y2RCMG82?oc=5,"Mon, 18 May 2026 07:00:00 GMT",2026-09-01T10:16:52+09:00
GoogleNews:健康　調査,健康　調査,語る・水俣病：公式確認70年 健康調査、国が一蹴 空白20年超 多くの人他界 元熊本知事・潮谷義子さん（87） - 毎日新聞,https://news.google.com/rss/articles/CBMiaEFVX3lxTE5SdWc2Q1F2ajdDaUFwVmp4SzcyTU96eUtoYnROZEFjN0g1R3BHRjJOeTBvV1ZvXzl4Mk84VmxZX1ZmYWxUY2dWNEE3Q045NlR0NG1kTFhRUnNBb0ExUmFKcURlZHp1a3Rm?oc=5,"Tue, 28 Apr 2026 07:00:00 GMT",2026-09-01T10:16:52+09:00
GoogleNews:健康　調査,健康　調査,健康食品市場に関する調査を実施（2026年） - yano.co.jp,https://news.google.com/rss/articles/CBMiZkFVX3lxTE9yV05CTDhjQjZrSHJiVGRRWUp3V3pLZkRsODFteWF4YWM3UTNWQjFoX0dGUVhjM2lTSndqcFFyNUwyRWFDM1R3ZDZONGE1djJXQWRRbzBJdUxzbVVEbE9ZTlRlVlU0Zw?oc=5,"Mon, 09 Feb 2026 08:00:00 GMT",2026-09-01T10:16:52+09:00
GoogleNews:健康　調査,健康　調査,令和7年度「市役所からはじめる健康づくり」に関するアンケート調査結果を報告します - city.asahi.lg.jp,https://news.google.com/rss/articles/CBMiWkFVX3lxTE5hc1BMc2F3cDFIbzUwOHNCVEtQb1VvUm5RdG5Sb3VOSVN1VVl3TlJEV0xOU3NxazU1b0hZMXJLUzB4NXkxb3dPbjA5bEwxOXR0cm9PY2oyaHpXQQ?oc=5,"Tue, 20 Jan 2026 08:00:00 GMT",2026-09-01T10:16:52+09:00
GoogleNews:健康　調査,健康　調査,【「女性の健康週間」に合わせ、実態調査を実施】更年期症状を有する中〜高年女性のうち中等度以上の症状を有する者の約７割は医療機関含め誰にも相談していないことが明らかに - PR TIMES,https://news.google.com/rss/articles/CBMiakFVX3lxTE8yUE9WRXRtMUF2cFl0MlF0bmhjRkl3enpFVzhXT3ZXNFMzcmtPY05ESU5TZDNfNkRXczN3dF9yTHM0dWgtZ1BPcERBczMtdG84aXBnZ0tBZUpHNDZwZUJpRzNlbkpxTkFzeHc?oc=5,"Fri, 27 Feb 2026 08:00:00 GMT",2026-09-01T10:16:52+09:00
GoogleNews:健康　調査,健康　調査,住まいにおける幸福や心身の健康に関する調査報告書 | 株式会社LIXIL住宅研究所のプレスリリース - PR TIMES,https://news.google.com/rss/articles/CBMiakFVX3lxTFBrU0NrOV85Q3A1MXRGbGR4ckVjeFBEYkhZeWVXR01iVXY2UDNETndZMlZxUlVKa1lBMlQ3bVlpeHVDOHQwNUZxQWREQkQ4OHdoUGR0SWNNdUJNbzlFQ3U1WnJhNVA2aDAwMEE?oc=5,"Fri, 15 May 2026 07:00:00 GMT",2026-09-01T10:16:52+09:00
GoogleNews:健康　課題　政府,健康　課題　政府,女性特有の健康課題 対応可能な医療機関公表など方向性確認 - NHKニュース,https://news.google.com/rss/articles/CBMiX0FVX3lxTE5tazVKcVFEekdmZnltWmtjenh4clFWUF9yNkNweG90MDE0Y3NVQUN2ZXkyQngxaVVxX0FrQjQyX3Q5V25ST1BWTV9iNmd5XzA1SlUtLUlmaGpudUpURmln?oc=5,"Mon, 25 May 2026 07:00:00 GMT",2026-09-01T10:16:55+09:00
GoogleNews:健康　課題　政府,健康　課題　政府,女性の健康課題への対応を要望 自民・特別委、骨太などへ提言 | 日刊薬業 - 医薬品産業の総合情報サイト - 日刊薬業,https://news.google.com/rss/articles/CBMiSEFVX3lxTFBwVVNYZTdrWmRmWVg4V3JxZXpLUElyd3lvLXFFNUZ2ajFjcTRtQ2VkbnhNc2xzU3NQWG91bWx6QU9fTTRLWUJ4bA?oc=5,"Tue, 16 Jun 2026 07:00:00 GMT",2026-09-01T10:16:55+09:00
GoogleNews:健康　課題　政府,健康　課題　政府,女性の健康課題巡る経済損失は３兆円超、解決目指す「フェムテック」広がる…トイレにナプキン・体調予測 - 読売新聞,https://news.google.com/rss/articles/CBMibkFVX3lxTFAySV9aTXpoVUhRbmp1MExITHk0WE5zZWVQUi0wSGZ5SFpmV0hlRGNrV1I0X0xuNklXY3lxQ2FTTTRCS01JTXUtbjhYajdtZ1RrSmdMVzVHTkhfTGw2dU1NcG1HRWEyRTNDVWtjUllB?oc=5,"Sat, 25 Jul 2026 07:00:00 GMT",2026-09-01T10:16:55+09:00
GoogleNews:健康　課題　政府,健康　課題　政府,女性の健康問題、診療アクセスしやすく 政府が新会議 - 日本経済新聞,https://news.google.com/rss/articles/CBMibEFVX3lxTE5UVFZ0cFBheC0yOEd5WWZfSVVoSndPR2tiajZjSGpJSHlOeDZybUh5YTAtRTJlLWNVS1RfMlJ1c2xBdi1RazdRSURLWXh4S19JN1VUWU12TVdKLURvQzhPTXVpMlBBYnA4TERWRw?oc=5,"Wed, 24 Dec 2025 08:00:00 GMT",2026-09-01T10:16:55+09:00
GoogleNews:健康　課題　政府,健康　課題　政府,更年期世代の女性を適切な医療へ 対応機関、ポータルサイトに掲載（共同通信） - Yahoo!ニュース,https://news.google.com/rss/articles/CBMif0FVX3lxTE01QmxHUlFCUEN2c3R3Y3JkemJQdnp3Wnp3VkdwRHRWWGFlME9rbTVGOWRLNlRXT3BfLUszaUlRYy1DQWVUTndtXzBTc0ZUYnlqWlJDYm5EZnlZbTZBR2U2dFNDUUlPd3JMd1NDYWpwRWJrd2ktalcxa3hZMm8zV1k?oc=5,"Mon, 25 May 2026 07:00:00 GMT",2026-09-01T10:16:55+09:00
GoogleNews:健康　課題　政府,健康　課題　政府,二つの政府レベル、喫緊の課題は一つ：医療情報における混乱を防ぐこと。 - Vietnam.vn,https://news.google.com/rss/articles/CBMioAFBVV95cUxQREhCNEwzODl5WUgxMjIxU1FvYUJ4MHBEc1Y0NFNKeE82c3BJMkp4UGE5enhNQWNwc1RGdHpzUmhDRHNER2poeFlYLXNRVlFzVndnLVdjMG8tdW8tZlcxem9WNkVmdWtDdmtGcUFNZ3BrZXJBUkxlVXpZQ0RqbENEM1oyejVyMXNhOXpUNUk0NmRqVU5TZE9Tek1salFvNmJ2?oc=5,"Thu, 27 Aug 2026 07:00:00 GMT",2026-09-01T10:16:55+09:00
GoogleNews:健康　課題　政府,健康　課題　政府,政府、健康寿命延伸へ有識者に聞き取り 骨太方針や成長戦略に反映 5月にも論点整理 - 産経ニュース,https://news.google.com/rss/articles/CBMidkFVX3lxTFBKa2g5QVBndzZyMTdCTmZrTDhoOVgwbFRZWncwbUwwZWJOYWwwZ3ZYaFhvUTZ5eWxQZTZwcjJTelhxdGh5ZFZJZzk3VXdXNzdRSHM1WEZmM1VpUDduZzFvaXd3aGN1Z1RqLWFwX2NFWWFEUG5Za0E?oc=5,"Mon, 09 Mar 2026 07:00:00 GMT",2026-09-01T10:16:55+09:00
GoogleNews:健康　課題　政府,健康　課題　政府,「国際女性の日」に当たっての高市内閣総理大臣メッセージ - 首相官邸,https://news.google.com/rss/articles/CBMib0FVX3lxTFBTM0JQUklrb09YeGp6T2lhUDJzV00td3lsMjlWblBVSEVmQ0pYTjRxUDdpVjI5b1JCVWtaS2RZWEczb3NLWmV5U09nZTdieEQ1c3RPb0pVdmxvMktySFJEWnoybW04S3J3MDEtQzlZZw?oc=5,"Sun, 08 Mar 2026 08:00:00 GMT",2026-09-01T10:16:55+09:00
GoogleNews:健康　課題　政府,健康　課題　政府,子どもの「スマホ依存」深刻 学校で健康問題やトラブルが 「政府の責任で何とか…」頭を抱える養護教諭 - 東京新聞,https://news.google.com/rss/articles/CBMiU0FVX3lxTE02RWR1TnFHVnA2VkwxN3NsRFBtZklWcVRRd2VMaFNUTlNZNU1HbTBEeElZdUd1bjVNX0d2UkZsUE92WlQ3djV0ZUxSRURxUlVIdFVF?oc=5,"Sat, 18 Apr 2026 07:00:00 GMT",2026-09-01T10:16:55+09:00
GoogleNews:健康　課題　政府,健康　課題　政府,健康寿命と平均寿命の「10年のギャップ」に挑む。マレーシア政府公認プロジェクトと、日本の整形外科専門医がサステナブルな「エシカル・ツバメの巣」の共同臨床検証を開始 - Newscast.jp,https://news.google.com/rss/articles/CBMiR0FVX3lxTE0wdHB2VnBYeHR6V3p5c3otbE9HZkFmcFhrNldvZFZzWjdYT1k0TUxtOThhUWl5c1pPVFo1ZlVuVlNXVjBYQk5z?oc=5,"Thu, 06 Aug 2026 07:00:00 GMT",2026-09-01T10:16:55+09:00
GoogleNews:健康　課題　政府,健康　課題　政府,働き手の健康課題を放置→年間4.6兆円の損失に 経産省が「健康経営」を国家戦略に据える理由 - ログミーBusiness,https://news.google.com/rss/articles/CBMiS0FVX3lxTE1TUXJ3TGhFcUU4dDdudmtvWkM2MjBtZGFaOEZJbUpaQl9GYTZULTdtOElqQ3ZZVkhWdVloVTNnUmZfNHhSbFdQNUpzOA?oc=5,"Tue, 18 Nov 2025 02:34:24 GMT",2026-09-01T10:16:55+09:00
GoogleNews:健康　課題　政府,健康　課題　政府,調査会新設、女性健康課題に貢献 日薬連、政権の動向に反応 | 日刊薬業 - 医薬品産業の総合情報サイト - 日刊薬業,https://news.google.com/rss/articles/CBMiSEFVX3lxTFBxNEsyT2REc09HTGpkNFBIc01YOEEwNmV6UmNIaE12UWhiNXNhR1FfQW9yb3AtWTRMeGpYVmNraXpVSVpfbUxldw?oc=5,"Fri, 15 May 2026 07:00:00 GMT",2026-09-01T10:16:55+09:00
GoogleNews:健康　課題　政府,健康　課題　政府,佐藤啓官房副長官、女性の健康課題「医療提供体制を確保」 - 日本経済新聞,https://news.google.com/rss/articles/CBMibEFVX3lxTE0wRjV2RUxrZWNINlRxWmVpczBsMGFaR0dZcGVlbi12YkZMT2p4N1U5VzF5LVJCRVV1LVlxUU94TTdRUDRmWENScFlWOEhuLXVuYmItNE4yMTMzRUlvTTdiZVRtRGpMNXptOEtFVQ?oc=5,"Thu, 25 Dec 2025 08:00:00 GMT",2026-09-01T10:16:55+09:00
GoogleNews:健康　課題　政府,健康　課題　政府,政府 予防医療に注力 健康寿命を延ばす環境整備へ - NHKニュース,https://news.google.com/rss/articles/CBMiX0FVX3lxTE5BN0Ffb016dHZoWGhCQWFYSnlTdjFVNzl2SUJ4bVBFWlhGN1VlaXpWWTZaZXhoemxrV0M2NDdCWVNTVDExSDY1UHRBNlIxSkxWVGpNMXF3OUxtazNZb3VB?oc=5,"Sun, 04 Jan 2026 08:00:00 GMT",2026-09-01T10:16:55+09:00
GoogleNews:健康　課題　政府,健康　課題　政府,「私も更年期が早くて…」 高市総理“女性のヘルスケア中高年期編ガイダンス”に共感 政府としても取り組み進める考え示す - TBS NEWS DIG,https://news.google.com/rss/articles/CBMidEFVX3lxTFB6X2Q3Q2tSQU05WDg5XzJ4ZDZtWXFJNWkwdXFETGVXaDlYUUNyM1h2WnowUkxidWotSGhNaXNqZWw2RVNBRXowckw0VmJkazBrU1d4aEg4NFJkdnRrUkdjVElkMDAtZlR1QTlkOFJpS3BOdmN1?oc=5,"Thu, 23 Jul 2026 07:00:00 GMT",2026-09-01T10:16:55+09:00
GoogleNews:健康　課題　政府,健康　課題　政府,検討始まった「サプリ規制の在り方」 健康被害問題受けた「さらなる検討課題」、定義なき時代に終止符か - ウェルネスデイリーニュース,https://news.google.com/rss/articles/CBMiVkFVX3lxTFBxUHIwTVRQNWNUNG5vUHgwaThUeHNnb1dKN3V3UUdoWFFQQVhaOXhhRGllQ2RqZG1VaUtzblRWcGduSzBndXhsbXY0NGw2SC1DTWxsZ3N3?oc=5,"Thu, 18 Dec 2025 08:00:00 GMT",2026-09-01T10:16:55+09:00
GoogleNews:健康　課題　政府,健康　課題　政府,「健康経営」推進企業を補助金審査で優遇 政府、「骨太」反映へ論点整理案を提示 - 産経ニュース,https://news.google.com/rss/articles/CBMidkFVX3lxTFB6MlkwVjV2Mm50d1RVUzJmNjVtY0M0WTF6dURhOXo3UTRuUU83WDRSZ2NxRVpxV25mRWtBS2F6WHZ0cl9zZVpNOVd1TjIzMXVxSGF3dDRtM0wxcGZwTHRFMkltNzFOSVA2NERoSm05Q19UOEI2Ync?oc=5,"Thu, 23 Apr 2026 07:00:00 GMT",2026-09-01T10:16:55+09:00
GoogleNews:健康　課題　政府,健康　課題　政府,令和7年10月24日 第２１９回国会における高市内閣総理大臣所信表明演説 | 総理の演説・記者会見など - 首相官邸,https://news.google.com/rss/articles/CBMieEFVX3lxTE56SXR0b1hvMS1BX2dvSVdyVEpLdTR1OGx6MWpTT0tCRjFOcXF6LVNESmhtSDVDSVczN2c1b1pnNGNyckpEazRrQ1cxQnpnN1BaVVFUUEJ1akNLVE8yRVhrRUVEOXhfbnVNYjBSM0dUT1FVQmJKTUlqZA?oc=5,"Fri, 24 Oct 2025 07:00:00 GMT",2026-09-01T10:16:55+09:00
GoogleNews:健康　課題　政府,健康　課題　政府,男性の更年期障害など健康課題、経済損失は1・2兆円超 国は研究に本腰 国際男性デー ととのえるココロとカラダ - 産経ニュース,https://news.google.com/rss/articles/CBMidkFVX3lxTE1vSG4yMDlqZzlLTHFxV2otZDlNMHdQUVlvRndhN05WN3dzZzVEZ2w2eGlIdlVublpTVmVkdzNmblFENnRpRkZWM3lRTmtOaTBmc3o1WFNQOVZVZDl3WlVDanJRbmNnUzJzSTVaWUlrbnpDZlYtd2c?oc=5,"Sat, 25 Oct 2025 07:00:00 GMT",2026-09-01T10:16:55+09:00
GoogleNews:健康　課題　政府,健康　課題　政府,政府、企業の「健康投資」促進 健康寿命の延伸へ5月に論点整理 - 日本経済新聞,https://news.google.com/rss/articles/CBMibEFVX3lxTE9aN21Qb2taT05mU21ielFRbXQxdDQ1MnB1ZTJic0x1SVpwdkdSNWlpaDI1MG9kdUxfV0Q2TjVfcERlNE1Eb1B6TkVid2ZQMmVtTndPZV9VUm9FVDRFczh5MWpyOXhjcUZOeXl0cA?oc=5,"Mon, 09 Mar 2026 07:00:00 GMT",2026-09-01T10:16:55+09:00
GoogleNews:健康　課題　政府,健康　課題　政府,女性特有の健康課題の理解促進 - pref.shizuoka.jp,https://news.google.com/rss/articles/CBMikgFBVV95cUxNYTVQRER4RTNWanBLSk41WDFLSXVYaUZHOFNhcFE3VkFtRkFPY08xNTBHLXlPVWRUbllMZm9QRUxvZjRzaklwRWpta0FBZGM3aW9Fbnk2dUxVU1pPT2tMeUlQanUwNkZSc0ZkS3hWNWVpZGdiRUhOVGVqTlhuQWhnb05qMjktc2lPNFFPcXJibHhRdw?oc=5,"Thu, 03 Jul 2025 07:00:00 GMT",2026-09-01T10:16:55+09:00
GoogleNews:健康　課題　政府,健康　課題　政府,不妊や更年期、女性の健康課題の研究を本格化、政府が司令塔創設へ - 朝日新聞,https://news.google.com/rss/articles/CBMiZkFVX3lxTE03OHdkTlE4bjZwQzNLb2V2VlRwSXNFbEFJVzhpdHJpa2d2dnlJMW9LTlZIVS1kZ0EwSlNRTmpEVlVPXzB6aVQzcDVNRFdhTUREUzhpWVpON2V0cFFRNUk5cjM2X09Edw?oc=5,"Fri, 31 Mar 2023 07:00:00 GMT",2026-09-01T10:16:55+09:00
GoogleNews:健康　課題　政府,健康　課題　政府,女性活躍推進へ健康課題の解決を - 公明党,https://news.google.com/rss/articles/CBMiVEFVX3lxTE5uLUFBQWQ5UE9QbTR1X2MzLXZibmUtV2x2V0F2TnRJZXdDdDhHblExZDZLYzJORTA5TEMtMU5ZTGZwVGZmQXBtTHNRRXBtYVdHMU9CZA?oc=5,"Mon, 08 Jul 2024 07:00:00 GMT",2026-09-01T10:16:55+09:00
GoogleNews:健康　課題　政府,健康　課題　政府,〈累計10万DL突破〉政府採択の次世代健康支援アプリが”頑張らない”ヘルスケアを実現。買い物データを自動で栄養素に変換する独自技術に上場企業も熱視線 - FUNDINNO,https://news.google.com/rss/articles/CBMiSEFVX3lxTE5TV01nTnVvaWE3WUg2dVpkUnhtNzA5Y1ZXdk1ZMG9FWm1MWGVqWXowZTRSUmI1b2FuUHFlRElRUXdFUUQxQmJoUQ?oc=5,"Mon, 29 Sep 2025 01:52:25 GMT",2026-09-01T10:16:55+09:00
GoogleNews:健康　課題　政府,健康　課題　政府,女性の健康課題 解決へ - 公明党,https://news.google.com/rss/articles/CBMiVEFVX3lxTFBaR1oydmMyaDg1TzYxUDdDUGxkSmZZQjA2WHVRcmJoN3VQMno4UWRiM2VhNW4xY1I5cjZpM1FFMklYSmJ2N1RrY2xtTVBoRjQyWkl1VA?oc=5,"Sat, 05 Oct 2024 07:00:00 GMT",2026-09-01T10:16:55+09:00
GoogleNews:健康　課題　政府,健康　課題　政府,「女性の健康」特化のセンター、国が開設 経済損失への懸念も背景に - 朝日新聞,https://news.google.com/rss/articles/CBMiZ0FVX3lxTE1udEZtejV3N0VVNnJfbHY2OTY1bFRGRnhSWk1vcnVld3drQXFLWnM5VjdYY09UQ0YyMGJNTWoyNVhvbjFiZW9TRGg0UUwzZ3M3dFhLT3hXUHZINTNzVzlhNDlCNVVHMk0?oc=5,"Tue, 01 Oct 2024 07:00:00 GMT",2026-09-01T10:16:55+09:00
GoogleNews:健康　課題　政府,健康　課題　政府,日本企業の技術も活用 健康課題に取り組むユニットエイド幹部が来日｜with Planet - 朝日新聞,https://news.google.com/rss/articles/CBMiXkFVX3lxTE5VT2h1cFk1NkttcjF1LUlhU2I1ZWpxdkFJazBSNDdWSXhmWldBdVRlN0pZMEpubVQ5RkFRdjBpaEtBZTNNUkg1OVU2TENSTktmTjVEeHhtMHB3OV9HV1E?oc=5,"Fri, 27 Jun 2025 07:00:00 GMT",2026-09-01T10:16:55+09:00
GoogleNews:健康　課題　政府,健康　課題　政府,女性の健康課題、沖縄県内の年間経済損失額が335億円に りゅうぎん総合研究所が試算 - 沖縄タイムス社,https://news.google.com/rss/articles/CBMiXkFVX3lxTE5vSkNxVjd5Mk52VUpLOWZIanVmNFhzQ2I4dEtaSnJwT1VWTW5BWHJ0YkU4WnZUMnR6SW9lUGQ2a0lwSDZhY1lFeXhzUXlVVlozUHF3MHNLNm80OXM5RGc?oc=5,"Sat, 08 Mar 2025 08:00:00 GMT",2026-09-01T10:16:55+09:00
GoogleNews:健康　課題　政府,健康　課題　政府,女性の健康課題、経済損失3.4兆円 経産省試算 更年期などで離職・休職重く 睡眠改善・体調把握に補助 - 日本経済新聞,https://news.google.com/rss/articles/CBMibEFVX3lxTE9xVW9TMlhHaFA0bjVvdWgzQUtGSWlRMkRoeDdRTS1OaHZWWWQzWWw2QnU3SHVxejk1Zk4zY0IzOGhTMGF2dndvT3VHeXpESjRBWTdTWllrbmU0VHlpZVRRZ0YyU2tMRFhBUHdPWQ?oc=5,"Tue, 20 Feb 2024 08:00:00 GMT",2026-09-01T10:16:55+09:00
GoogleNews:健康　課題　政府,健康　課題　政府,世界の健康課題に、官・民連携でもっと存在感を - 日経ビジネス電子版,https://news.google.com/rss/articles/CBMiZ0FVX3lxTE5rejhCcFdHX0JzOHU4TkFoNV9vZXptcG9waGtxWDBVSm9jWU5OOUZTRmVqRHI1N3dISV81V0U1VTZQcEtMX2VxaXZvc0VXTlY3Q1VpVkhFTHJSbVhQd1pPLXVJdHFjaXc?oc=5,"Mon, 20 Jun 2022 07:00:00 GMT",2026-09-01T10:16:55+09:00
GoogleNews:健康　課題　政府,健康　課題　政府,女性の健康課題巡る経済損失は３兆円超、解決目指す「フェムテック」広がる…トイレにナプキン・体調予測 - 読売新聞,https://news.google.com/rss/articles/CBMif0FVX3lxTE1TRS1TWjRUaEZxNC1EY2o2TngtWGIzSjdjeDZVazc2TXUydnVfbWloM3VxNnA2cEZ0YU4xbHJDR0ZGcFNYN0djTzNDZzlJVzM2cW5yYjZBVlg0c1cxazQxOW1EYjNPMnRFa3pzQzVvZHRZaUV5VXh0bHg1UXF1cVk?oc=5,"Sat, 25 Jul 2026 07:00:00 GMT",2026-09-01T10:16:55+09:00
GoogleNews:健康　課題　政府,健康　課題　政府,健康な社会づくりを目指すミラノ・コルティナ2026とイタリアのAI／サイバー政策：海外医療技術トレンド（128）（2/3 ページ） - MONOist,https://news.google.com/rss/articles/CBMickFVX3lxTE85ZmMzeGU1WVM0M1VELThaai11ZU04YU1qQkJJcGZfT19zX3JqSEFraUlBb1VuVE8zY0xUa3NXUWtMZmxNQVVjVXlEZEItMTVobFZ4VV9RZEZ3MVZnZDVGc2VBOXVxT1dTTjk1Q0xOdVRZQQ?oc=5,"Fri, 13 Feb 2026 08:00:00 GMT",2026-09-01T10:16:55+09:00
GoogleNews:健康　課題　政府,健康　課題　政府,大塚製薬・働く女性の健康意識調査～「女性の健康課題」（PMS/更年期）がキャリアに影響を及ぼす 個人の対処だけに任せず企業ゴトとして捉えることが求められる｜2022年3月8日｜ニュースリリース - otsuka.co.jp,https://news.google.com/rss/articles/CBMidEFVX3lxTE5YWmRvcFBqSGVpOUpsSEcxNzJ0TnRVTGtWbmF1SVptQVMxNVFwY21vUEw3MzB1enRsY09RYkRxRTlITTdhbkVxUEsxVDFBSDJuUDhhRXVsYWtvbElzc1hXOFhySkF4MDNuTWV3V3V1YUhhSm9G?oc=5,"Tue, 08 Mar 2022 08:00:00 GMT",2026-09-01T10:16:55+09:00
GoogleNews:健康　課題　政府,健康　課題　政府,働く女性がライフステージで向き合う健康課題とフェムテックへの期待 - jri.co.jp,https://news.google.com/rss/articles/CBMiUkFVX3lxTE5KdlhaU0dGM3JGQVFtUUxfMDduNXZ0WFR2djZBemhQbHNCVEFaczZDRkxzSEw1NkNkVFI2UVZpcEF1NVhFS2toa3Nld0FuNmpZeUE?oc=5,"Wed, 09 Nov 2022 08:00:00 GMT",2026-09-01T10:16:55+09:00
GoogleNews:健康　課題　政府,健康　課題　政府,【政策提言】共同声明「地球と人の健康を同時に守る～気候危機を健康・経済・成長の『機会』に変える日本型プラネタリーヘルス戦略～」（2026年6月24日） - hgpi.org,https://news.google.com/rss/articles/CBMiVkFVX3lxTE1yWG43RDA2UzY3LUI3RVZOc0F5cGJ3X1RCVVpfQlMzVkp2ZEZmYmJWRDdPbUNUWEhSUFpJSXkxdGNWenpVT09MdTB6MkpzdVZOY1ZtWnpB?oc=5,"Wed, 24 Jun 2026 07:00:00 GMT",2026-09-01T10:16:55+09:00
GoogleNews:健康　課題　政府,健康　課題　政府,超高齢社会が迫る中、注目される予防医療（シンガポール） | 地域・分析レポート - 海外ビジネス情報 - jetro.go.jp,https://news.google.com/rss/articles/CBMidEFVX3lxTE5sckxWcUN5bjFzRE1NanNjZUtyQi1wMWN3OG14UVRfRGVfQVMtckVJXzNUa292REZIVFdJN28yMGFqWDFoOV9URWlsN2otaDQyZjZVWmppVWV0bG80ZmJIS0hpWUFsY042LVF2Y2J3VlEwaE5r?oc=5,"Wed, 02 Aug 2023 07:00:00 GMT",2026-09-01T10:16:55+09:00
GoogleNews:健康　課題　政府,健康　課題　政府,SDGs目標3「すべての人に健康と福祉を」の取り組み事例｜世界・日本・企業別 - 国際協力NGOワールド・ビジョン・ジャパン,https://news.google.com/rss/articles/CBMiZ0FVX3lxTE9XZUd0azZMWDRpek4tTWNpUUtlandIWWswOHVBX2JoUUQxM0h5M1dmVUVoLVFSdHhzRXdlU1dYNnhrZERqeG84TlE2RU85YTVzVzE5bDEzWkNGSDJtZmxnZl9WWDNiUEk?oc=5,"Tue, 25 Mar 2025 07:00:00 GMT",2026-09-01T10:16:55+09:00
GoogleNews:健康　課題　政府,健康　課題　政府,女性特有の健康課題、歯科健診はどうなる？～労働安全衛生法に基づく一般健康診断の検査項目等に関する検討会 中間とりまとめ～ 産業保健新聞｜ドクタートラスト運営 - 産業保健新聞,https://news.google.com/rss/articles/CBMiS0FVX3lxTE5IWjJ2TlhaeE5wbWxRUVBXNGhRWkNmX012V01HNGVZeV81dDVpdDlqYnE2WTFXbzJ5TXQzMUVsSjdlWGdEU2s3SXgzMA?oc=5,"Fri, 24 Jan 2025 08:00:00 GMT",2026-09-01T10:16:55+09:00
GoogleNews:健康　課題　政府,健康　課題　政府,ベトナム×ヘルスケア 第1回：DXを見据えた健康ビジネスの展望と課題 - mri.co.jp,https://news.google.com/rss/articles/CBMiZEFVX3lxTE9Icm9lcjRNaUNHWXhTa0trenRMRmhmTHRsLTlPNEJjM1F1YzVWa3I1cG56SkhIQmZNQVYxdTFiRGNub0JGVmJqT0U1TUNnNGhWRjZkZkZyeUtSOE9ncFNpcU1ncDc?oc=5,"Mon, 13 Jun 2022 07:00:00 GMT",2026-09-01T10:16:55+09:00
GoogleNews:健康　課題　政府,健康　課題　政府,【主張】健康課題の多様化に対処｜主張 - 労働新聞社,https://news.google.com/rss/articles/CBMiTkFVX3lxTE1NektFc09SYVhWTEdLZlFpaUJ1cHN3dFFGcm1JbVl6S1p3WC1tM3Z0NVBUS3FaYVhtWGYzeGRVSWRoZTJhTHZEZzlkSHRwUQ?oc=5,"Thu, 27 Oct 2022 07:00:00 GMT",2026-09-01T10:16:55+09:00
GoogleNews:健康　課題　政府,健康　課題　政府,女性活躍で日本成長と首相 健康課題解決へ支援強化 - 静岡新聞DIGITAL,https://news.google.com/rss/articles/CBMiTkFVX3lxTE95Z3luWEczVUJZb3JPb3BPRXg3N05CUFpQdS1wN3pLQWF4ZWpnd2t2dVZobW5pcDM0SkZ2QWpBMkp3akZGWTZqYlZ4REJkQQ?oc=5,"Sun, 08 Mar 2026 08:00:00 GMT",2026-09-01T10:16:55+09:00
GoogleNews:健康　課題　政府,健康　課題　政府,タイ・バンコクで健康増進施策に関する日泰の官民共催セミナーを開催 - mri.co.jp,https://news.google.com/rss/articles/CBMiWkFVX3lxTE9BNWNEak04TXdpRm9CdVItd1ZnRHhSZDBtazdvOW84NV9SdWtfa0UxQnJTb0czdlFyaXM0bW16UDFFdy03TUJuZGhXMG90WVpkNlhIU0Z6Vktqdw?oc=5,"Fri, 27 Jun 2025 07:00:00 GMT",2026-09-01T10:16:55+09:00
GoogleNews:健康　課題　政府,健康　課題　政府,この記事の主なポイント - medical.nikkeibp.co.jp,https://news.google.com/rss/articles/CBMiZ0FVX3lxTFBoYUVURlNLbGxhOGw0YW1RQUxvWi1TaFB0Zm5qZmtiY2hqNVUxU3VYWW1nRkVrZ2h1OEV4bXJKdmVBaFdxZldwZzdNeHpHcjg1bmZUUnZTVXhHcnU5NFcwRHlLZWNKa2M?oc=5,"Mon, 19 Aug 2024 03:17:57 GMT",2026-09-01T10:16:55+09:00
GoogleNews:健康　課題　政府,健康　課題　政府,フェムテックが切り拓く女性の健康課題解決とビジネスの可能性 デジタルヘルスケアの新潮流【後編】 - PwC,https://news.google.com/rss/articles/CBMigAFBVV95cUxNZTAwd3RBdjRHZ1YzamxHMHZjUFRzZDNiNXo4X2IyVkpMc1A0eDhrakpFUUNXcVJfRWhPUXdPWEF6NXozX1k2YmEyMjczaTh5MjNaelJid0xVSjdnQk5yR0Ytakh4UHpUUjhDVDdwWW9lSW1UbUE1eGc4X0tnY2VLVw?oc=5,"Wed, 09 Oct 2024 07:00:00 GMT",2026-09-01T10:16:55+09:00
GoogleNews:健康　課題　政府,健康　課題　政府,地球の健康は、みんなの問題。グローバルヘルスをZ世代と話します｜with Planet - 朝日新聞,https://news.google.com/rss/articles/CBMiXkFVX3lxTFBsZzlpam1Qb0tabFNNeG1mc2M3WklkaGdLa2ZjY28yMEVlR0xraDQyTDlXbWhGcVNoVjg2anNUeWdLY3lhMVNDSXZYM0tTRnZielc3TFNtN043RkZfMFE?oc=5,"Fri, 21 Apr 2023 07:00:00 GMT",2026-09-01T10:16:55+09:00
GoogleNews:健康　課題　政府,健康　課題　政府,(土曜特集)女性の健康課題解決へ 「総合センター」オープン センター長 小宮ひろみ氏に聞く 2024.10.5付 - 公明新聞電子版プラス,https://news.google.com/rss/articles/CBMibkFVX3lxTE1oaElmT3FsMkkwOWlzQmlOVXRBeldLazdSWm9feEhBN3dBakJPdUlKVW93a3dyQTRudEpXYktMWFRWWi1nSmhKbG9jQklDSDg3MkFBMWg4MUZxZXdxY0t3NmV0VHl2M1ZKMkdkUTR3?oc=5,"Sat, 05 Oct 2024 07:00:00 GMT",2026-09-01T10:16:55+09:00
GoogleNews:健康　課題　政府,健康　課題　政府,【開催報告】プラネタリーヘルス専門家会合「健康な地球・健康な人々：アジア太平洋地域における気候変動と健康をきっかけとした新たな協力体制の構築に向けて」（2023年11月2日） - hgpi.org,https://news.google.com/rss/articles/CBMiV0FVX3lxTE5WaF9yaU0zQVhfY0NpMTJOaTJrQTlZMmRHU01iR1VxWWlRd0N5V193TlpVSzNjMmZpNmFBOXRRNTdPM3BZcFM1ZVd3QWFndkZqRnZwYm9nTQ?oc=5,"Fri, 10 Nov 2023 08:00:00 GMT",2026-09-01T10:16:55+09:00
GoogleNews:健康　課題　政府,健康　課題　政府,克服に向けて 健康、そして人道的課題 - Indo-Pacific Defense FORUM,https://news.google.com/rss/articles/CBMingJBVV95cUxOS2RCQnMzaHVNSlZNc2JoR096MEM3cUxCTUhuVlcwTTN2U3Y0TF9GNS03VHIwRjJOTWZoNmxlejNmOFh2aGtncWtVTnVQa1BEQ1UtVkNHMUcyNmw2czJ0czNEdEFKUlVZZXkyeHdkVUVVTElEY3lwdUp4WVVKVjZnMzNaQ2hic2M2bnEyVVhGTkZycUhYUnJwNzBVZXdaTkZhb0J2dDJLdFZIaFBwMkdBVVY3YTU4SVFOYlJVSDVJMTRhQTl1NzdlRFJoMUVNbklsbU9CWGxPTVNXZkFxN3c3MWRVaXhaVGowaWRqNHlTaXpZWG9rUWpQQldGWFJxc2FxNTNZeHgwcEowOURuRTNkMUQ1WTI0aDl6WUJ6VV9n?oc=5,"Mon, 28 Apr 2025 07:00:00 GMT",2026-09-01T10:16:55+09:00
GoogleNews:健康　課題　政府,健康　課題　政府,高齢者の7割「物価上昇に不安」 働きたくても健康問題に壁【高齢社会白書】 - pt-ot-st.net,https://news.google.com/rss/articles/CBMiY0FVX3lxTE43MGxtTF8xTlRaZ1VPWEpKSWphanJQczV4NFNZblVYNjBTY09PLUstaFBSdlpES0U4SWpYV2hEM19pT09DVWpXazVjTWRuS19PbmpkUGhfbVZtYnFlalJSTG9law?oc=5,"Wed, 25 Jun 2025 07:00:00 GMT",2026-09-01T10:16:55+09:00
GoogleNews:健康　課題　政府,健康　課題　政府,フェムテック ～女性の健康課題を解決する新たな分野～｜トピックス - 時事メディカル,https://news.google.com/rss/articles/CBMiVkFVX3lxTE5yTUx0THZOVmdueHBSc3NteHVkRHl6RjFPbXY2NlRaSXRzcEFTTEJyY0VtZU9MT0ZQWUpXN1FqQlBVX0Jrdk1Ka1pLZXBmVmR2aGZhM3JR?oc=5,"Thu, 29 Jun 2023 07:00:00 GMT",2026-09-01T10:16:55+09:00
GoogleNews:健康　課題　政府,健康　課題　政府,女性の健康課題、欧州ではどう捉えている？ フェムテック関連サミットレポート - Business Insider Japan,https://news.google.com/rss/articles/CBMickFVX3lxTE1SckNxbS1QQ24wM1hpTmE5Z1pGN2NJOEwzRGdkUS1oYjVNNmxvVEhYd1dEUlpQbUdkWVNJVEsyRzV0Vmx5VFFSbHdpNmxmU0dySHhDTnQ2ZkV3SGJucl9rSEI1OTRPdWFDM3M3WlNsY0VoUQ?oc=5,"Wed, 08 May 2024 07:00:00 GMT",2026-09-01T10:16:55+09:00
GoogleNews:健康　課題　政府,健康　課題　政府,世界の健康のために日本は何ができる？ Z世代が政治家に提言｜with Planet - 朝日新聞,https://news.google.com/rss/articles/CBMiXkFVX3lxTE1WMVJLcXg4aF94cnY1MnVKNWg3S3RYMHlybFFaVkc5NXUzYktXdFNQY05EQnp4UFp4QWJiVjhwTUd5cmxLQk56bDY2T1NwVU5lZEp2aU1KRVNOeTFneXc?oc=5,"Thu, 06 Jun 2024 07:00:00 GMT",2026-09-01T10:16:55+09:00
GoogleNews:健康　課題　政府,健康　課題　政府,フェムテックとは？ 女性特有の健康課題に挑むテクノロジーに注目 - 日経ビジネス電子版,https://news.google.com/rss/articles/CBMiZ0FVX3lxTE5xVXVzUHVRd05pamFicmNYWWdQZGhYSUVieXRTNmQ0QnY2Q2I5eW83VEY5YWxkSkxoRVhyb0tTZFE2alJ0M1JlZVFaZzI1RG1xSnExX09ObWZiMVItZktVV2pxNDhGMjA?oc=5,"Tue, 19 Oct 2021 07:00:00 GMT",2026-09-01T10:16:55+09:00
GoogleNews:健康　課題　政府,健康　課題　政府,インドの健康課題を解決するヘルスワーカー養成｜Beyond Health｜ビヨンドヘルス - 日経BP,https://news.google.com/rss/articles/CBMieEFVX3lxTFBlc29CT0s2VVhkLTRxVnM4c0o0Qy1XQlA3dk1Jek4taDFyU1lpbW1XMXJKUzZqTV9JU0YwRDlOTWNNUTRmWXVhY1M1c0lDTGkwVllFcW1xbFVlNll5Z0hEU2IySTZWV3p4SGgyVEcxQ3NVdFFnUURZYw?oc=5,"Fri, 17 Apr 2020 07:00:00 GMT",2026-09-01T10:16:55+09:00
GoogleNews:健康　課題　政府,健康　課題　政府,ヘルスハブの衝撃 ～シンガポールで展開される究極の健康情報ポータルとは～ | 柏村 祐 | 第一ライフ資産運用経済研究所 - 第一ライフ資産運用経済研究所,https://news.google.com/rss/articles/CBMiV0FVX3lxTFBJNTdFNUZueUJENURjMGxqeWZuWjZlcTdTQmVXRTlBTmp2TzJEbnU4dVZDVGZpOHNaVnhPM1RXZ1RGb2FpZ0owY0pYR01YNXBuRV9CQm5mMA?oc=5,"Wed, 09 Aug 2023 07:00:00 GMT",2026-09-01T10:16:55+09:00
GoogleNews:健康　課題　政府,健康　課題　政府,若い世代の生涯にわたる健康めざす「プレコンセプションケア」 - 公明党,https://news.google.com/rss/articles/CBMiVEFVX3lxTE53QlR3bFNIRThoTkN3bWxfWi13UnFMWVlpLWVwZDN0Y3ROSjlMRHM2cXVpLUJ0dlhpdU5XOWRLc1RNNGp2QXliY2dFOGg4MnlOYUhDVA?oc=5,"Fri, 08 Aug 2025 07:00:00 GMT",2026-09-01T10:16:55+09:00
GoogleNews:健康　課題　政府,健康　課題　政府,【お知らせ】グリーン保健医療システムの構築に向けた大きな一歩：世界保健機関（WHO）執行理事会における日本政府代表団による「気候変動と健康に関する変革的行動のためのアライアンス（ATACH）」への正式な関心表明を支持（2024年2月16日） - hgpi.org,https://news.google.com/rss/articles/CBMiUkFVX3lxTFAtQ1hTcC1RT3pqVEpHYUdlVmgta1lvZ1Q5ZUlUcmYzYzJQN3ZqM3dwOERZeV9EQmo3Wk55NzdnMTlYQVNnUU1Hd05odDdWRFFyZnc?oc=5,"Fri, 16 Feb 2024 08:00:00 GMT",2026-09-01T10:16:55+09:00
GoogleNews:健康　課題　政府,健康　課題　政府,健康経営に悩んだら導入を目的化せずに労働生産性第一で考える - 日経ビジネス電子版,https://news.google.com/rss/articles/CBMiZ0FVX3lxTE1DQmE5aG8tbjg3YXZKWUp5NGtmOUZRaXBnUDVmR01BOUdDWnV6WU50QWJaejk1Qnd4TzNRU3hOc3JiTERJak9VSFY1QlhJbVlQVHhxeGFoU2FjLTROOGNOQlZULUtraWs?oc=5,"Thu, 28 Nov 2024 08:00:00 GMT",2026-09-01T10:16:55+09:00
GoogleNews:健康　課題　政府,健康　課題　政府,グローバルヘルスにおける日本の国際協力 | January 2023 | Highlighting Japan - 政府広報オンライン,https://news.google.com/rss/articles/CBMiiAFBVV95cUxNZlEtR19sYk5Xbm5wcmxGVnJ6aW1LN29hMlR4MjFvaHBOWV9RSGFMaWtyckRCbG5iNDc0d1ZXSEFtU29obGtjVmIxVXlwZlBKWDVxaWlTYUhTRXFyUVlFTUNjUmdsZnFFM1dOT09EX2hORi1nZVdYS3ZteEdVdWNlajVzRW8tbDJq?oc=5,"Tue, 24 Jan 2023 15:09:28 GMT",2026-09-01T10:16:55+09:00
GoogleNews:健康　課題　政府,健康　課題　政府,日本は世界の健康課題を解決できる。その潜在力を発揮するために必要なこと - DIAMOND ハーバード・ビジネス・レビュー,https://news.google.com/rss/articles/CBMiWkFVX3lxTE96di01V2VOLWQ0czZoZGRpM1NnYmdONWhValRNSy03V1Z3ZjdNTkY5SUlpTmFIZnNWMW9pTllkcFVjTlVkbEdyN0FpQzIzUmJjeHQ4VGtHdmtKUQ?oc=5,"Fri, 17 Mar 2023 07:00:00 GMT",2026-09-01T10:16:55+09:00
GoogleNews:所得　食,所得　食,米低所得層に広がる「食の困難」、消費者心理悪化の要因か＝ＮＹ連銀調査 - Reuters,https://news.google.com/rss/articles/CBMiekFVX3lxTE1SU2g4T0prWExnNk83MG01dzByeHFwZWNpcUVnanJNSTQ2REtuM2ZUaEdoM0RFYVNTNlVXYnRvVlVHdms1YlUyOUplWnptTmxydERqbzBSbnQ4NVV3SmNjYkxfbTZjNE0xVXdQQWUxZ3ZZZ3FKUG5ET0hn?oc=5,"Wed, 27 May 2026 07:00:00 GMT",2026-09-01T10:16:57+09:00
GoogleNews:所得　食,所得　食,低所得者のペットフード支援、NYで初めてマムダニ市長が実現。動物保護団体は「前進」と歓迎 - ハフポスト,https://news.google.com/rss/articles/CBMilAFBVV95cUxOLXNYMjljY014MENiT2dlcEpKQm9DTmozRm5SM1pmWUQ4VDlWRzNhUzNGUXM1TldqYjJPSUIxcE9IMmE3MVV2UUxUX2FkRmdPYWljSzM0VThyZ2lWTVFLZmIzbVNtNENnUFpRc2V0bWY5dXl1OWVDYjZRUS00bV9fOTgxRjhFZHQwT0EzZ2FnZVZBWnBn?oc=5,"Tue, 07 Jul 2026 07:00:00 GMT",2026-09-01T10:16:57+09:00
GoogleNews:所得　食,所得　食,"高所得者層ほど肉とスパゲッティを好む､では低所得者層は…データでわかった""収入差""による食生活の格差【2025年12月BEST】 - president.jp",https://news.google.com/rss/articles/CBMiWEFVX3lxTE5xWmlrdXZ3QUlBMkM2b09LbnNIVnppN2VvTnJNVW5KRnN6UFN5bXo2N1F3VTVVc1FROFhIZVJwaHdXUkpjclhXT0dDWkowVktkdzdESUlJOEQ?oc=5,"Sat, 10 Jan 2026 08:00:00 GMT",2026-09-01T10:16:57+09:00
GoogleNews:所得　食,所得　食,"高所得者層ほど肉とスパゲッティを好む､では低所得者層は…データでわかった""収入差""による食生活の格差【2025年12月BEST】 (PRESIDENT Online) - newspicks.com",https://news.google.com/rss/articles/CBMiWEFVX3lxTE9neE1jNWpUU19xdnpRaS1GM3Fpdi1nVXZFUUx0azVpd0g3OWRWZnV0M2kzajdQYWdaOERZNlhVZjc3cXZKMzBLQWxQeHFzLXBHcWRwTDNtQXU?oc=5,"Fri, 09 Jan 2026 08:00:00 GMT",2026-09-01T10:16:57+09:00
GoogleNews:所得　食,所得　食,247. 低・中所得国における急激に変化する食の選択 - jircas.go.jp,https://news.google.com/rss/articles/CBMia0FVX3lxTE5JY05Gc0RrSFlrNjdLOFQ5bFQ3STI2QjZaTUk4ZDBuWml3YkZQSExfeGlFenpCZTB3M3JkWWNFVk13UHdnekkxYXhnanZtOTdUTTZLRW5DMi10WWFnWTBtd3Uxc05WQWoyZk84?oc=5,"Fri, 05 Mar 2021 08:00:00 GMT",2026-09-01T10:16:57+09:00
GoogleNews:所得　食,所得　食,農業者向けの「直接支払制度」とは？ - mri.co.jp,https://news.google.com/rss/articles/CBMiYkFVX3lxTE9GcFlGNzZCWjFlLXRocU15N1lxNE5ibGJNMWRZSWZFaFdkeUFUbEZ4bGMyeXBqY284MjFNQmRzVkZPZGc2MlRSdDNpQWhVb0Ffa1hwOXVJYXdvbFk3NFNXTFNB?oc=5,"Thu, 28 Nov 2024 08:00:00 GMT",2026-09-01T10:16:57+09:00
GoogleNews:所得　食,所得　食,JICA草の根技術協力事業「参加型フードバリューチェーンの構築を通じた所得向上」インドネシア・バリ島現地活動報告 - waseda.jp,https://news.google.com/rss/articles/CBMiYkFVX3lxTFBkeXBqZ25kaG0tdExlcU5CcWJJeFg4cWtTMFV6UmdmWG5qbE9xOWtGenNXMHNXVlpHb0ROR3YzWVY1LWxmV01mVUx6c28wdVdsVld1d1JaRGZvSnJkSjQtTW9B?oc=5,"Fri, 17 Apr 2026 07:00:00 GMT",2026-09-01T10:16:57+09:00
GoogleNews:所得　食,所得　食,物価高騰×給食なし――二重苦の夏休み 低所得のひとり親家庭で、子どもの食事”減”の危機 『夏休み 子どもの食を守る支援プロジェクト』始動 | 特定非営利活動法人グッドネーバーズ・ジャパンのプレスリリース - PR TIMES,https://news.google.com/rss/articles/CBMiakFVX3lxTE5jSWR2VDBrSWNXMjVQRG51UzR2Y3pEN292a1EyMHZMeTUtMmdPOFhmQUpqT1N4NlMwQnlzdzNsNWNfSEhvM0wxTHNOZUtEVUhrVjhSalREbTEzeUdKQVkwRUJ4UEFqanF6MFE?oc=5,"Wed, 16 Jul 2025 07:00:00 GMT",2026-09-01T10:16:57+09:00
GoogleNews:所得　食,所得　食,世帯所得で違いがはっきり 不健康な食習慣と飲酒習慣 - ダイヤモンド・オンライン,https://news.google.com/rss/articles/CBMiS0FVX3lxTE05eDhxWi1QM0xSY3F1dG9LSEtQVTVtbXhoeHF1aTdNd1pyY25XM1U5NzRxNFdMR0F2YjJvcjNZa3ZIWTlTQ1NLNjZsTdIBTkFVX3lxTE5mc1o3UUp5aFduSW1ReENRWmE0ZmRjMVJTS3JMUUpXV1JRT1NvVnRQNzRXWE56bUplWmM4MnUzNFBKb0hoMGZxZmc1clZDQQ?oc=5,"Fri, 29 Jan 2016 08:00:00 GMT",2026-09-01T10:16:57+09:00
GoogleNews:所得　食,所得　食,低所得者ほど米・パン摂取 厚労省調査、野菜・肉類は少なく - 日本経済新聞,https://news.google.com/rss/articles/CBMibEFVX3lxTE5HTjhKTXNaMFFOVjB4TERoOFlpZ0pLYjQ4VWhzTG9GQWhBeWhuWDVLZXFFUWI4OXhJUlg5RGhFS2w0eEpYZFhGVExOQ0d3eE1qZXRfcnVqZnVnQzgwYXFib01peFUzdFpoQ3ROQw?oc=5,"Thu, 10 Dec 2015 08:00:00 GMT",2026-09-01T10:16:57+09:00
GoogleNews:所得　食,所得　食,子どもの3人に1人「1日2食以下」 低所得のひとり親家庭 給食のない夏休み【Nスタ解説】 - TBS NEWS DIG,https://news.google.com/rss/articles/CBMidEFVX3lxTE43U1lVNW9YbEc2c2YybEhBTEdlMUFnREN5WTZib3p5NnJOZ2hQM3BuYzlKZjZQNlhuM1F5NHJRQmdqbHJFaldOeTF1enNubVhMZkgwejc4ZnhNbUdqU0hIbVYyNkUtTWFlOHE0VWZ0UDEzNFkx?oc=5,"Wed, 25 Jun 2025 07:00:00 GMT",2026-09-01T10:16:57+09:00
GoogleNews:所得　食,所得　食,食事療養標準負担額を引上げ、住民税非課税世帯は20円・低所得Ⅰは10円（2024年1月19日） - 社会保険研究所,https://news.google.com/rss/articles/CBMiU0FVX3lxTE1WNkstcW5TVjBoSFpZTFVUYzR6M3dlQUNqd3UwdzJmYmwxY1FUTlBvLUZqT0xzUlhLM0tBWXRDWFFfNjdpMWhZVzdzcFJjcVBab1R3?oc=5,"Mon, 22 Jan 2024 08:00:00 GMT",2026-09-01T10:16:57+09:00
GoogleNews:所得　食,所得　食,給食のない夏休み、貧困家庭を圧迫 子どもの空腹救う「食」のバトン、想定超える需要 - 朝日新聞,https://news.google.com/rss/articles/CBMiVkFVX3lxTE82aFltd1ZhVlBBYnptTmZla2NPQWZDbUJsR0Y1OExlU0VUbXo0bGVUczJRSXdGcmhFMHMtX1Q1dWgxRmJjdVE1eDFkM2pYeWpOT0RWcGZB?oc=5,"Tue, 19 Aug 2025 07:00:00 GMT",2026-09-01T10:16:57+09:00
GoogleNews:所得　食,所得　食,"高所得者層ほど肉とスパゲッティを好む､では低所得者層は…データでわかった""収入差""による食生活の格差 - president.jp",https://news.google.com/rss/articles/CBMiWEFVX3lxTE5GSEYxWmRqaVVsODFOMXJDY1QxV3hkSEMxMXB5X0xPZXhwd0FVWm1YdGItdTRURzNZWk5SLVpGaU5mMEZGZ3kzWmZsYVpBckdvVXptOS1TTEw?oc=5,"Thu, 04 Dec 2025 08:00:00 GMT",2026-09-01T10:16:57+09:00
GoogleNews:所得　食,所得　食,461. 先進国における食生活のシフトによる地球・人類の健康の改善 - jircas.go.jp,https://news.google.com/rss/articles/CBMiZEFVX3lxTE1vS2JTbUM2M3RQdlRuRkxRZmx1Q1ozNUZQd09XY3oyaHFES1BKczRuN1U4c1hjcWd1V0gtb1BNcVd3dHZQUkVubnJkaGt1QTFsYUhUb0M1MmlybEJGYjVRWW1JTkw?oc=5,"Thu, 20 Jan 2022 08:00:00 GMT",2026-09-01T10:16:57+09:00
GoogleNews:所得　食,所得　食,「230円の社食も高い」 当事者が語る、“今起きている”貧困の実態 フルタイム就労でも低収入、食を諦める母――困窮する親子の暮らしとは？ 【ひとり親家庭の声】 - PR TIMES,https://news.google.com/rss/articles/CBMiakFVX3lxTE5ka1NTZmVfSmVhQ2FjeU53TVM5WmdOV2JoNWFsaE5fOEg2dWJPNGE2Q1FFNEJ5SXV3S1B0Szdldk5LZ21BNnFGdFo3VkxPeE1kUklpVXFfZjhoTndRSVQzb2R1WG9LdHQ1a1E?oc=5,"Thu, 22 May 2025 07:00:00 GMT",2026-09-01T10:16:57+09:00
GoogleNews:所得　食,所得　食,"画像 | 高所得者層ほど肉とスパゲッティを好む､では低所得者層は…データでわかった""収入差""による食生活の格差 - president.jp",https://news.google.com/rss/articles/CBMiVEFVX3lxTE5JNk1zbFZia0xMekJ5TzdScGNlOWxia0QySjBpaVJrc0JIcy1YUXZ0X0swMUI3cnlzQldUUmJibE5kcmtUeXFCbTJ5R3R3TnFWcDJwUw?oc=5,"Thu, 04 Dec 2025 11:55:02 GMT",2026-09-01T10:16:57+09:00
GoogleNews:所得　食,所得　食,1日1食の子どもも・・・ 学校給食のない長期休みに、困窮家庭で一層深刻化する食生活の実態とは？ 【フードバンクを利用するひとり親家庭への調査】 - PR TIMES,https://news.google.com/rss/articles/CBMiakFVX3lxTE1GNm8yRl9teVBkbVdEWDNiX3pmUUVzZWI2WC1yNUhZOWtRNUNyU2pmQmwxdTNZUlEzbmhFV0swQkxKbnhMLU04d0NpRHBxYWZBMFAtVllCanlHWGZkLWJidHlZREVBMVY2Y2c?oc=5,"Tue, 25 Jun 2024 07:00:00 GMT",2026-09-01T10:16:57+09:00
GoogleNews:所得　食,所得　食,【休日に3倍増える「1日2食以下」の子どもたち】続く物価高、「食」が奪われていく家庭の実態を調査：フードバンク利用のひとり親家庭アンケート | 特定非営利活動法人グッドネーバーズ・ジャパンのプレスリリース - PR TIMES,https://news.google.com/rss/articles/CBMiakFVX3lxTFA4bFZCOGNYOVEybzl3NS16T1lKTUJ6emVVY2d3eXhrR1hTeURLRnZwMm9Renh4dmREcllzZlhjNENET1I2RW1SVDN0TktIOFhzVm5JSEg5alY0UXJreFp0TzI3X0NHWko2MUE?oc=5,"Tue, 14 Apr 2026 07:00:00 GMT",2026-09-01T10:16:57+09:00
GoogleNews:所得　食,所得　食,コメ農家が赤字でもコメを作り続ける理由食料安全保障と農業のキホンの「キ」（4） | 食料安全保障と農業のキホンの「キ」 - mri.co.jp,https://news.google.com/rss/articles/CBMiYkFVX3lxTE16Q1k4SG9USnItdkJaanNHcEQxM2k3WVpuNWhVSGhVLTh2UE81TUluUkxVLThoT1ZvT01WQ1E4aUgxVTQxOU5GalBEcDNkYWV0MkJlZmh6T0VxWHNYT29GQjZR?oc=5,"Wed, 12 Jul 2023 07:00:00 GMT",2026-09-01T10:16:57+09:00
GoogleNews:所得　食,所得　食,所得が低い人ほど食事の栄養バランスが悪いことが判明 :ニュース - almediaweb.jp,https://news.google.com/rss/articles/CBMiXkFVX3lxTE9MMWtqUlk0dEFvMVQyTkVxOFZ5NXg4QUg4YlExZ1ZTeTJuSU1idkp4QnFQQ0N5dFBwTFk4eDZOT1gxWFZNTXVvWHdiMXJqSTlRVVluYi1UbjFMZWgyQnc?oc=5,"Mon, 25 Jan 2016 08:00:00 GMT",2026-09-01T10:16:57+09:00
GoogleNews:所得　食,所得　食,JICA草の根技術協力事業「参加型フードバリューチェーンの構築を通じた所得向上」インドネシア・バリ島現地活動報告（vol.2） - waseda.jp,https://news.google.com/rss/articles/CBMiYkFVX3lxTE1kcDdGUW9BelhTMkg5SFg5RlB4ejN5SGlseTdXemJySnpiNU9kUVZxV3Y5ZklXMWNwWENhdlJlNXNxSUdSTUt0OUxrRlZyOE1sODVJUmVWOVRTSkxBX2s2M3JB?oc=5,"Wed, 01 Jul 2026 07:00:00 GMT",2026-09-01T10:16:57+09:00
GoogleNews:所得　食,所得　食,“食の砂漠”をなくす。LA発、低所得者に新鮮な野菜を届けるアプリ「tangelo」 - IDEAS FOR GOOD,https://news.google.com/rss/articles/CBMiVkFVX3lxTE9IeVRfTk05bFFmVy1VNXVzTWpZbjNMZjBSMDR5X2k5aGY2Z1NfX29RcXFWbFg4TGYtOEhHbGRNaGdNUnUwUmp5a0ozM2NkV1FJRmVyNHNB?oc=5,"Fri, 02 Oct 2020 07:00:00 GMT",2026-09-01T10:16:57+09:00
GoogleNews:所得　食,所得　食,低所得層のマクドナルド離れが深刻に 広がるファストフード格差の真相 | 安さによる集客が困難に - クーリエ・ジャポン,https://news.google.com/rss/articles/CBMiU0FVX3lxTE5mazhCYy1xMElpVGZUZ0VUUG5WM3htblVoNWg2U01Qb1ZFWHA4eVFRcm1YWDVvamxpTnl1ckhPZElxMU9vdE1HWXRMWTFycHV3YVhZ?oc=5,"Tue, 09 Dec 2025 08:00:00 GMT",2026-09-01T10:16:57+09:00
GoogleNews:所得　食,所得　食,“やせ薬”が流行する米国で低所得層へ拡大した機能性食品市場 ファイゲンバーム裕香 - 毎日新聞,https://news.google.com/rss/articles/CBMif0FVX3lxTE9Id29fSy1qUVJvUEJOU2VYMG5Bc2VaSDFvdXpWejdFSk9wYllUMzVlZEpWR1VwUzRlbXI1QW9JOE0zQnBVR2RDbXpRQTVwS2JhdUlVbkhzZHZrTnZYcmNlaTZHODRsbXNDUTZJakkwU3RFNEpkaGFGM2FKNENIXzA?oc=5,"Mon, 20 Apr 2026 07:00:00 GMT",2026-09-01T10:16:57+09:00
GoogleNews:所得　食,所得　食,低所得が「食」「育児」直撃―子どもの貧困の実相（上） - nippon.com,https://news.google.com/rss/articles/CBMiVEFVX3lxTFBFSzY5cGpHTi1SMGlwNlpEbWJmZlJIWExPbjZlcFpTSEczUmFkVWZRMDUzVkdPME1TUERELThFVXNMOUVqWjljZ3NERldFWDVRVVJ6Ug?oc=5,"Wed, 16 Oct 2019 07:00:00 GMT",2026-09-01T10:16:57+09:00
GoogleNews:所得　食,所得　食,"米、肉・魚、野菜の購入「経済的に困難」9割 物価上昇で 食事量・栄養足りず「子どもの成長への影響心配」【フードバンクを利用するひとり親家庭2,000名超による回答】 - PR TIMES",https://news.google.com/rss/articles/CBMiakFVX3lxTE4zV1dOZ2dtM1JwNmlrS0hqTUNhUmV1ZEdwQVM1b0RnSjRrbkd0TTV1UWMxTE5kUlFUOE9CdjgwakI4b0dMMTVKMURkVTdpU1JhcWZZT1ZXYjRucUtTd1JaRF9vYWp5a3QwNVE?oc=5,"Tue, 25 Mar 2025 07:00:00 GMT",2026-09-01T10:16:57+09:00
GoogleNews:所得　食,所得　食,食を通じてひとり親家庭を支える、食品支援ボランティア募集【近畿・九州】 ～低所得のひとり親家庭に向けたフードバンク「グッドごはん」～ | 特定非営利活動法人グッドネーバーズ・ジャパンのプレスリリース - PR TIMES,https://news.google.com/rss/articles/CBMiakFVX3lxTE1fbGU5V2sxbVNGWEFhUzcxNDd4STJ3UmJDblZQOXZXY0xGQkJJNE1idVdHVW1MOW9xRHREbHkwWDl2by1NT3AyV1hPVXVmMW9rSHBVWmJQRWJaSmVFVUJYSGdfLXhLWmxUUVE?oc=5,"Thu, 27 Mar 2025 07:00:00 GMT",2026-09-01T10:16:57+09:00
GoogleNews:所得　食,所得　食,夏休み 子どもに昼食提供/愛知 みよし市 全国初 １食３５０円で | しんぶん赤旗 - jcp.or.jp,https://news.google.com/rss/articles/CBMidEFVX3lxTE9nQ3d1d1U3NVh3ZHVCV3NVUGFkSGlYTXAxbTZGSzJLY19LOW91Unh2M2IyNzBPTXhvb2d6VWpiUHRZT2ZfSFBxdHlZSXFOQnZBcXl2ZmtfUlFOMXlES0F2cEptM1VONXB2OW9DQkdmR1M1SFJx?oc=5,"Fri, 29 May 2026 07:00:00 GMT",2026-09-01T10:16:57+09:00
GoogleNews:所得　食,所得　食,低所得世帯の食事は「主食頼み」、満腹より栄養に注目を - ダイヤモンド・オンライン,https://news.google.com/rss/articles/CBMiTEFVX3lxTE9ndGRlVF9rbEhNR0Nfa2VQZmhyZUJhamF5Qkt0SklYSGh0ZWpOV2FPOWZjVDk3Z3dFM3lWTXJSZ0htZHA5dy1DOFpKeG_SAU9BVV95cUxQOTlxUzBRTTBkR2RtcXRPeTllYmpYNWlpRFJicW9SWUcyT1F4Vm40LU9oLWxGWDB4QzltdTNydGxmX2I5MkVQMHpMTEtMZ1lB?oc=5,"Fri, 26 May 2017 07:00:00 GMT",2026-09-01T10:16:57+09:00
GoogleNews:所得　食,所得　食,高所得国での非喫煙者の肺がん、よく料理する人ほどリスク高い？｜CareNet.com - carenet.com,https://news.google.com/rss/articles/CBMiX0FVX3lxTE8xTGg4QXNUUi1JTlQwSXgxZkhldWM3MEM0enpSUlZjZ2VxcXNCYmkzZEY5TDV6VG1ZbW16SzFXSWpvcGFsd2wxR2phUFh6SFBtSFQ3QW5vM21XYTgwQlln?oc=5,"Wed, 02 Jul 2025 07:00:00 GMT",2026-09-01T10:16:57+09:00
GoogleNews:所得　食,所得　食,平成30年 国民健康・栄養調査（2）身体状況、および所得と生活習慣の関連 - sndj-web.jp,https://news.google.com/rss/articles/CBMiS0FVX3lxTE1Hcl9GZnRfUnhVUWk2MVRjZEo1bUpoSlBLZWNwTGFtNTkxcHlTa2g2OENGZVN1WjZLMmNhZUF3bnNfUkozUnYxUHpGSQ?oc=5,"Tue, 21 Jan 2020 08:00:00 GMT",2026-09-01T10:16:57+09:00
GoogleNews:所得　食,所得　食,バフェットは毎日コーラ5杯、大谷翔平は徹底した食事管理…成功者の「食生活」を真似する人が陥る危険な錯覚 - Yahoo!ニュース,https://news.google.com/rss/articles/CBMif0FVX3lxTE5vaWZpUll3bEhrQXpNREJDTWY1TFB5TDRUTE5vYTBOc3FZZnRyMlJOSlFpWmFVQ2w2Q29wOEtpQ3M2LWFXWUdfNDNhWDVxcEZPSjRZUFUyNnNCUW9GVkFXanpvSU5OanFOdnUxdEJPZlFmY2xtY2tfelQ1bENTWGM?oc=5,"Fri, 14 Aug 2026 07:00:00 GMT",2026-09-01T10:16:57+09:00
GoogleNews:所得　食,所得　食,給食のない夏休み 「1日2食以下」の子どもは低所得ひとり親家庭の3人に1人 コメの価格高騰で「お腹が満たせなく」 - TBS NEWS DIG,https://news.google.com/rss/articles/CBMiV0FVX3lxTE9RRG55ZkdMWmYtZmtDVDk2dTBJSWQ2WF80bHl2R1JEWHNZRTV1d2IwQTQ5WDVIT0xYQnd3V29mdzZWNW54Zm80RzRlYlFHdmtfbHpMQ3BVQQ?oc=5,"Wed, 25 Jun 2025 07:00:00 GMT",2026-09-01T10:16:57+09:00
GoogleNews:所得　食,所得　食,価格保障と所得補償を/高知 食と農を考えるつどい/紙参院議員と白川予定候補迎え - jcp.or.jp,https://news.google.com/rss/articles/CBMidkFVX3lxTE5iTjdhUmNkR1ItNUJBMXR6M3lCX1Y1VnUzSFh2Z3otZlMzcjFOOHVSS3dROTRpQjFRLWEzUElPeUlxbDA1Yng2cXJqcHRRVThzMkU3QWxLbzEwdndUUG9FcU5ENkV4MzVkdE43algxUFNxQ3NRS0E?oc=5,"Tue, 15 Apr 2025 07:00:00 GMT",2026-09-01T10:16:57+09:00
GoogleNews:所得　食,所得　食,【新型コロナ】ひとり親家庭への収入と食への影響を5月と9月に調査。子どもに食べさせるため食事を減らす親が増加 - PR TIMES,https://news.google.com/rss/articles/CBMiakFVX3lxTE9BcWM5cE80V1RwaXJIZjAtZ2dFT3lYTjlkS2ROMzRmLW1hOHY5QUlUZW1WVndKU3B0MTgyM1JEZjFQY1NDT3g1c0JPeFFMU2lMY3A1QlQ1UVkwYTV6dktJei1xQTdsQXBUZ3c?oc=5,"Tue, 20 Oct 2020 07:00:00 GMT",2026-09-01T10:16:57+09:00
GoogleNews:所得　食,所得　食,廃棄される食品で低所得者層を支援 マレーシア政府が推進するフードバンク活動 (2ページ目) | 未来コトハジメ - 日経BP,https://news.google.com/rss/articles/CBMickFVX3lxTE9DTXZhck9IX1cxYWJTSzFvUm5hZlF5TDViQjFQdUZfQklmR1pCbXFLSjNGbS1BUFBjeXN4ZWpDbUE2UzlkTVNCNExqckZNLXcwQl9yU2VGeXRoSVBvdVNnaHZ1ZVJSejNzNllhVV93LTJjZw?oc=5,"Tue, 20 Jul 2021 07:00:00 GMT",2026-09-01T10:16:57+09:00
GoogleNews:所得　食,所得　食,入院時の食事に係る患者負担を2025年度から「20円」アップ、ただし低所得者では「10円増」「据え置き」の配慮―厚労省 - GemMed,https://news.google.com/rss/articles/CBMiSEFVX3lxTE9jR2NNSDNneUpSOWwtLVdBSUdEZU91UnJ6bEl5OWlGeklJdExXZUlEbl85OVJzaHRnMUd5YXlZNkg4Y19sdmN3eQ?oc=5,"Mon, 06 Jan 2025 08:00:00 GMT",2026-09-01T10:16:57+09:00
GoogleNews:所得　食,所得　食,出店により“都市に豊かな食生活を届け”、“産地の所得向上”に。都市型八百屋「旬八青果店」が連続出店します！ - PR TIMES,https://news.google.com/rss/articles/CBMiakFVX3lxTE9SNVY4R3p3QmROT0tYOUM5VGpuM0RxU3oxNWhNSUxVYkw2T0pXbDJnTENyVFh5SFpMQ0NIeGwxOWo3b2gzU3F2d2RzbXc3X2hkcjJWbDdFNjhmeHZqMEstSE5KalNhV0cwd1E?oc=5,"Fri, 01 Mar 2024 08:00:00 GMT",2026-09-01T10:16:57+09:00
GoogleNews:所得　食,所得　食,【新型コロナ】ひとり親家庭の収入と食、子どもへの影響を東京と大阪で調査。 - PR TIMES,https://news.google.com/rss/articles/CBMiakFVX3lxTE9aTmQ4dWJZV2NlUGNLSzRxLVh0eDlKbHVRQWtJZXNOUHU5QnEwQXRwQ2FuV0pYTThfdlJoVW5VQ2poX2xxVkxheXFSTFE2Mk54d0l2c2RGRFQ5TWtQLXo4ZTZBYWhaZ2pCaVE?oc=5,"Thu, 24 Dec 2020 08:00:00 GMT",2026-09-01T10:16:57+09:00
GoogleNews:所得　食,所得　食,入院時の食費、1食当たり30円アップへ - medical.nikkeibp.co.jp,https://news.google.com/rss/articles/CBMif0FVX3lxTE9Ra0tVdkNLcUZYU0RvQ3NQU01mTWZkRFoxdF9sQU5NcFlkR3RZMEQ2ZjlpdW8zdFpWN25BMHlTR1JxY2hDc2ZuZExBdU83cEt0X1BLTHJhS1BxUlFHRWdMTWphekFUT0doRTI1VDdUVm04TWVlWEV4aW9mM0g1M1U?oc=5,"Mon, 11 Dec 2023 08:00:00 GMT",2026-09-01T10:16:57+09:00
GoogleNews:所得　食,所得　食,"所得の割に食にこだわる｢エンゲル係数の高い県民｣が不思議と好む､米でも麺でもない割高な""粉もの料理"" - president.jp",https://news.google.com/rss/articles/CBMiV0FVX3lxTE1hR2NxX1NmY0trT1p6azdmQS00TGVPcmkyQWF5bEo2aTRrOUk2OUZPYk1uUGM5YWZTY0ZvODFRMXJDel9jZjhKNWU4QjN1WDd1cUlrNzEzWQ?oc=5,"Tue, 12 Jul 2022 07:00:00 GMT",2026-09-01T10:16:57+09:00
GoogleNews:所得　食,所得　食,世帯収入、200万円未満が2.5ポイント増 「衣.食」の確保難しく、病院受診も抑制＜2022年度沖縄子ども調査＞ - 琉球新報デジタル,https://news.google.com/rss/articles/CBMiW0FVX3lxTE95ZU1zOGMyZ0IxWUpxRVgwb2FJNWFaaEVwS3pkcmlXaUNyYUt2YjBfdHpDOGhZWUpjcVYxdnNLVHkyU3JTOVF4ZmcxMlZsZUFpVXFQaElzVHdXNjg?oc=5,"Fri, 09 Jun 2023 07:00:00 GMT",2026-09-01T10:16:57+09:00
GoogleNews:所得　食,所得　食,戸別所得補償復活を/食健連署名 野党４党の共同へ - jcp.or.jp,https://news.google.com/rss/articles/CBMidkFVX3lxTE9rTkpFZkY1dWtQaW8xdTRtbm9nSjdEcEVCSG1Pa2FNTklHeWMxT1hEbzQ5NHFxRlFIdS1ONlBGRDhxSVR3UmZ5TXJDZU8tR29lZUdJZkRrMVNmMXluQUkyMDZuZjJ2c1FTM3NJTHoyekZ3Z245eVE?oc=5,"Sun, 18 Sep 2016 07:00:00 GMT",2026-09-01T10:16:57+09:00
GoogleNews:所得　食,所得　食,栄養改善と収入向上を試みる、ラオスにおける「昆虫食」のあるべき姿 - JBpress,https://news.google.com/rss/articles/CBMiVkFVX3lxTE0yeFFVRlNLdmxZX0RJRW0zSUh5a1pzdjhhRjlYZVoxS040blotTGt0TXBOUmtFMk15YTlFcjRJYzZwbk9HMDVzQ0R6Yk5YbjdTYlJDWHFB?oc=5,"Wed, 14 Jun 2023 07:00:00 GMT",2026-09-01T10:16:57+09:00
GoogleNews:所得　食,所得　食,タイ、所得による食生活の格差が顕著～タイの「食」に関する海外調査 （冷凍食品・コンビニ利用実態編）～ - PR TIMES,https://news.google.com/rss/articles/CBMiakFVX3lxTFBWei1ZTFp5M1hMZTB3dXZVOEc1bmpieUNRSnpZczFHNjFxUURlNF9lWTNqNmpuYkVLMEo1WkxEejlERnpGN2N3M0lZNE5pNjBOVFJYUzcxWDNDUUhpNEpjRXdjVFZWY1hFQXc?oc=5,"Tue, 03 Aug 2021 07:00:00 GMT",2026-09-01T10:16:57+09:00
GoogleNews:所得　食,所得　食,所得と野菜を食べる量の悲しい関係、野菜マーケットはいまや「局地戦」へ 味の社会学（第6回）(1/4) - JBpress,https://news.google.com/rss/articles/CBMiVkFVX3lxTFBBV0hOaUtlZVFvZU5PVUFsTWlpeURXY0YyRlFqaW96dGVnd2hHNUVBU3ZkN0kzRG1JcTl3QVhiRk1VbnRTVlV0NzN1djNFdEVrSUJtVE13?oc=5,"Wed, 26 Feb 2014 08:00:00 GMT",2026-09-01T10:16:57+09:00
GoogleNews:所得　食,所得　食,所得に比べ幸福度低い韓国人…１日２食は「ひとり」、隣人も「信頼できない」 : 文化 - ハンギョレ新聞,https://news.google.com/rss/articles/CBMiXEFVX3lxTE90bkszTFFaUGlJTmtEVGlKbkVyV053UkgwUEJqanVLSlF3NU1UM2tpRVZ6Sm05QlhrSkNqMTNqeDFPa3UxZ1FYazNiUkNtUEhIVmd4MmpuaUIwZExS?oc=5,"Tue, 25 Mar 2025 07:00:00 GMT",2026-09-01T10:16:57+09:00
GoogleNews:所得　食,所得　食,令和の百姓一揆 「食と農と命を大事にする国へ」 農家の所得補償求め、トラクター先頭に4500人が都内をデモ行進 - chosyu-journal.jp,https://news.google.com/rss/articles/CBMiVEFVX3lxTFBaTVBSSFVSZnlPNk1nTEk4NHVhWS00QVExZDlWS3gwVmxqSXFJTURYUTdhRVBremFFbUQyQ0M3RkFSdmZ1RjR0NnJ0NDVPYUYwTDVfVQ?oc=5,"Wed, 09 Apr 2025 07:00:00 GMT",2026-09-01T10:16:57+09:00
GoogleNews:所得　食,所得　食,所得が高くなると健康投資が増える？－高血圧診断が食生活に与える影響をもとに 小西萌 助教 （2011年4月当時） - waseda.jp,https://news.google.com/rss/articles/CBMiYkFVX3lxTE9iMmUzSWpFcVdOOXdqM0dXbGJJZEJEc0p5QzVkNjNyR0FwWk1qb3ZGTjFnSklWQ2hsdkU2U1pkNkNtYVVnRG0tRnNyNFhMZ2dRLXlWa1lvYU9ISGtuNFYwcWFB?oc=5,"Sun, 17 Apr 2011 07:00:00 GMT",2026-09-01T10:16:57+09:00
GoogleNews:所得　食,所得　食,明石家さんま、食生活を共演者が告白「高額所得者やのに…」 健康の秘訣も明かす - ENCOUNT,https://news.google.com/rss/articles/CBMiT0FVX3lxTE9MRGs5MU9IWk0xTm4yRFl0QVlDdFRYQVBjNzNxTVVSQV9DTnlEWGJYYlJCT1Z4NDBhQzRWNkZMUE5TWDBmQU5lN252U2d2Nlk?oc=5,"Sun, 26 Oct 2025 07:00:00 GMT",2026-09-01T10:16:57+09:00
GoogleNews:所得　食,所得　食,「健康的な食品」の価格は「不健康な食品」の2倍以上！英国の調査で発覚 - womenshealthmag.com,https://news.google.com/rss/articles/CBMisgFBVV95cUxNUkJVYUFTc1VhMUw3WHdpdmM2MXc4YjhaMW14N2VxOHV4TVZROVhWZGp1ODE0QWRHVlhpbS1hWnloZnJNUXdFelhzN2hyLW1xdkdpTGg1NkFJa0dhTTVSc2MtRzhTZlo4VGppWUMyS0VpZzVnSWZUM1hNc0hzUkdISGlyckFRc0o3X21MWkZMY2VRa1cwY3RtUVJqUk1TbHliLUVfaGZVMGNtMXpha0JmV2Rn?oc=5,"Fri, 21 Feb 2025 08:00:00 GMT",2026-09-01T10:16:57+09:00
GoogleNews:所得　食,所得　食,【動画あり】世界一の経済大国アメリカに広がる「食の砂漠」 生鮮食品入手できない貧困層 - 東京新聞,https://news.google.com/rss/articles/CBMiUkFVX3lxTE9zc3J3anEwVTljRUdFclZNMnFSV0IwUEZMM2pJUjBkVXpxYlFnZl9TS21VdzBRX1hEU2RsOVNhXzZqTC1YY2xLc0xKdEpvWVBSc3c?oc=5,"Thu, 24 Dec 2020 08:00:00 GMT",2026-09-01T10:16:57+09:00
GoogleNews:所得　食,所得　食,「貧困による食格差」が生む子どもの肥満やいじめ - 毎日新聞,https://news.google.com/rss/articles/CBMifEFVX3lxTE5wdWF3dUVPai1EQ2g0RVYwcGQxN04zV2NQZ2lUdjRiTzM0ejI4WUJiamRtTGtiLXNqTFRqdGpuY3NnWE9EWTRld0lLdjgxY0ZvNkVNb1NsWHdfZlU1Y25VMlc0SjFuZUppRUptTlhWUk9pWWVHNzVaeXVVdFY?oc=5,"Mon, 28 Jan 2019 08:00:00 GMT",2026-09-01T10:16:57+09:00
GoogleNews:所得　食,所得　食,68カ国の12〜15歳18万人の調査で、食料不安とファストフード摂取量に有意な関連 - sndj-web.jp,https://news.google.com/rss/articles/CBMiS0FVX3lxTFB0M19BaFAyQjhRTWpfWmZQci01N1NHTUtkVTVnMTBCQ0paQVZWTG1TalZSLV9DakItN2l1b0hGWnBkNWkyODlIRk1pdw?oc=5,"Fri, 14 May 2021 07:00:00 GMT",2026-09-01T10:16:57+09:00
GoogleNews:所得　食,所得　食,「1日4ドルで作れる」低所得者向け料理本、米国で大ヒット - ナショナルジオグラフィック日本版,https://news.google.com/rss/articles/CBMiakFVX3lxTE8zVmQwT1VyZDNsOVpnS3JZS01UdEFQaTQxMWpDY0xtbjNqV19XdVpfNlBaWExaakZnRjZuTktDYnpBVXNkR2dUTlFHVVhFbHd5ajd4eFM3Z2Z4ZXhqMXMxRXNsaVVaa2pWdkE?oc=5,"Tue, 26 Aug 2014 07:00:00 GMT",2026-09-01T10:16:57+09:00
GoogleNews:所得　食,所得　食,ネスレ、低所得国のベビーフードに大量の砂糖添加 - swissinfo.ch,https://news.google.com/rss/articles/CBMioANBVV95cUxOWDJFM0xjRmdzRTVTOG1oMEdTYnlMVG52cEU5LUNBWnFHUl8tLTA2bkhNZFZQYUpfbUxVOVpiVzh5NWE2NzJBaWZCS0hXaEZLc0VadlFBaUVVSnQ3aVRYNUs3MkhuVnJWNk1ENmRSU2pXZlVFQWZVZnZLaEx4aVNCODdmWEJoV3MtRGpqYW9nM09aYm9BZVJ5d2ZNNHBFdXp5NWplN1lfN085clpKTXd3MXItUy1mSGlKSURJY0MyVGhaQjYzemNJb3ppakdQWW10cE9TRUctZFo1eFFvSnlRZEkwT0dFd2Z6czhRR0hoYTJJSlVyZEZDSWRmbC1oMUhIbXlqenhSV00teUVFb1VLLTFXcExkMkxiTk5BRmhTRjI3UDFNRUJxekc1MW9zT1h4RjJmWUhzUWNHN0RVZTRIMmM1RTBEOGRyUDNrQ0hZYXVsZWYwb1haVzBBVXAwcW1fV2k3elhmeUNweGJnUl9kMXJyVm1GUDFyMmozdjRYU3FqaFByTlV5TDBFQlBJUVIweW00Ynl0R0hxNTJJNVBDaQ?oc=5,"Fri, 31 May 2024 07:00:00 GMT",2026-09-01T10:16:57+09:00
GoogleNews:所得　食,所得　食,預金残高は6268円、あと1週間は収入ゼロ 物価高で1日2食に 通路の電灯を頼りに料理 - 沖縄タイムス社,https://news.google.com/rss/articles/CBMiXkFVX3lxTFBiOV9yYldpTDE3eVhUNHVaVE1qS3JQT1NOUWxhTFdreGdFSjZ1bHRPQWpHNWcwTy1qQVkzb21VVUprOU5GeXBIMy1UaERrcm1lbjl6VEFITTVHZWExVlE?oc=5,"Thu, 09 Mar 2023 08:00:00 GMT",2026-09-01T10:16:57+09:00
GoogleNews:所得　食,所得　食,猛暑でもエアコンを使えない、食費は1食110円以下…物価高が招く子育て世帯の困窮 - 現代ビジネス,https://news.google.com/rss/articles/CBMiWEFVX3lxTE5QYmYtRVZSMHhFSmh5VTBKZEJYRHpsUm1laWFKWmxLUVNRSy1UUFpPSXg4allKNEVPTWZRZ3NTT0FjRGE2cHpXeFd1bXY1SU5lU3lnMjV0YUw?oc=5,"Wed, 19 Jul 2023 07:00:00 GMT",2026-09-01T10:16:57+09:00
GoogleNews:所得　食,所得　食,米国のファストフード依存調査、成人３６．６％が常時摂取(1/3) - CNN.co.jp,https://news.google.com/rss/articles/CBMiVEFVX3lxTE5GQlJBOHE4VDJpY3RJb2JUdnhrSnBUdTY5b2J1MGhMU0ZuV3ROYUhNY29XbHFLT1pGYzVxZmVUQXVubUoxYmlCZWVYbWNvM0lyS2tSdg?oc=5,"Sat, 13 Oct 2018 07:00:00 GMT",2026-09-01T10:16:57+09:00
GoogleNews:所得　暮らし,所得　暮らし,東京23区の暮らしが極めて苛酷になったわけ 「経済的豊かさ」は東京が全国で圧倒的な最下位だ（中原圭介） - エキスパート - Yahoo!ニュース,https://news.google.com/rss/articles/CBMiiAFBVV95cUxPN29LS2lMa09tREJYRjQ0Q2NzZzhMMWxHeVpTNGpiNi1Fam1ob0JfenNxTkVyaWZtc004MmVzQjJ4YlNnb1Z3ZFNYdGlUdXVKbGZOUlpvbURXUFl6SkRUWlFpSi02ak9nSDB3Tm9NTGNXN2NkRDJkcGcwblhvSG93WkpIQXQyUk4t?oc=5,"Fri, 05 Jun 2026 07:00:00 GMT",2026-09-01T10:16:59+09:00
GoogleNews:所得　暮らし,所得　暮らし,物価高・増えない手取りに追い詰められる暮らし――ひとり親家庭アンケート 生活は“工夫”ではなく“犠牲”の段階へ【当事者の声】 - PR TIMES,https://news.google.com/rss/articles/CBMiakFVX3lxTE1tcnNsSlNiZkxJWnM3OUxXNGRlT2xMOEhJMDUwcERDZ0FCS01yNEpzUHlvVWFPNTNGTlBpOC1ZX20yc0x2LUdwWXlkNVMtYTNxZUYxMnI2eGdzLW1vWExRWHZMNmlWTjRvNGc?oc=5,"Tue, 24 Mar 2026 07:00:00 GMT",2026-09-01T10:16:59+09:00
GoogleNews:所得　暮らし,所得　暮らし,宮崎県民所得が過去最高269万円に！それでも暮らしが楽にならない理由｜ほんみや宮崎 - ほんみや宮崎,https://news.google.com/rss/articles/CBMikwFBVV95cUxQUnRjNEFWTGcya0R4eko1bkJSZTR5Q1lpVVREUzkzNHc2N3E4SjVod0EtakdoaXJ2VEoxelBPV3VFV0hDUGYyZVA2SURnM19Tb3d0V3BWQjFuX2F3WEx2MUZqNnROVGxpSW41R3hRejdKOHU5TEtrQ1ZicW5Pa2FBR1Yyd3R1RzgyY29ZOXhFWHR0Wlk?oc=5,"Thu, 12 Mar 2026 07:00:00 GMT",2026-09-01T10:16:59+09:00
GoogleNews:所得　暮らし,所得　暮らし,ディスカッションペーパー25-03「中間層の暮らし向きは案外良くない」 - jil.go.jp,https://news.google.com/rss/articles/CBMiakFVX3lxTE45WlM5TWFnbnN4U0ZnQzdVTkRxdFJINGtaWlhhV0pQaWY0ZFRvRTQ0N2tZUmNYMFNTeExEcVRKdFVOUWNwOEhMZEpZc0hINmYyZ0VxV0NxWmc5TWJnUFBacFA1TnBvc2hCLWc?oc=5,"Wed, 19 Mar 2025 07:00:00 GMT",2026-09-01T10:16:59+09:00
GoogleNews:所得　暮らし,所得　暮らし,物価高から国民の暮らしを守る令和6年度補正・7年度予算 あらゆる政策総動員で可処分所得を増やす | お知らせ | ニュース - jimin.jp,https://news.google.com/rss/articles/CBMiXkFVX3lxTE5qSkFyUlMycENWTDZQbEpLNzZCNnlFVDU3LWM2UDJwQ0ZRWDJFQ3lIdV8zWlk0QldyOEQ4OHBFVmZpUGtEWTJxa0FPX3ZJNDdoVWw3MXl3cEJ6Y1R4SHc?oc=5,"Wed, 30 Apr 2025 07:00:00 GMT",2026-09-01T10:16:59+09:00
GoogleNews:所得　暮らし,所得　暮らし,暮らし守る定額減税・給付 - 公明党,https://news.google.com/rss/articles/CBMiVEFVX3lxTE5VSGxLdUZUNmJMOENqSnY3a0RBWURBMUc4elZfN0Y2YjRwZ2FtTmNyY2ZpSkNzVEpGZENYR3dwWTlRN2RaS01iWjdWalRzM0g4ZnRmbw?oc=5,"Thu, 28 Dec 2023 08:00:00 GMT",2026-09-01T10:16:59+09:00
GoogleNews:所得　暮らし,所得　暮らし,千代田区ホームページ - 【千代田区独自事業】暮らしを支える直接支援を実施！【所得制限なし】物価高騰対策として区民にギフトカードを配付（令和7年6月2日配信） - city.chiyoda.lg.jp,https://news.google.com/rss/articles/CBMihwFBVV95cUxQVFZobXVXdWJ6djhLa3JmMnVDR092XzBHakRCYkg5XzRvTExuSVMzblpmT19FSjhTNm40X1lqOEUweUFSUHU3MmRNamxzamdYZjhjRWhNUXZMSUVaRFVTWlRnNVplYzJ6RHg5aC0tcXROeHVpR3p2c3BsYmN2cnVqeEZtcjhjemM?oc=5,"Mon, 02 Jun 2025 07:00:00 GMT",2026-09-01T10:16:59+09:00
GoogleNews:所得　暮らし,所得　暮らし,都市は誰のものか 都心に中低所得層が暮らすパリの「空間の再分配」 - 朝日新聞,https://news.google.com/rss/articles/CBMiZ0FVX3lxTFB1dHgzdFY3WktDT2g5SE1zMmxrX1I0eDNja0RjVzNydWhBUzRFd0lYNjhPZFVsazNEVEdhekFwa1Nja3RnYVR2NGNQUXNNY1N5aU9Ybzdycm00YVpHSHJ1a2FGbG11ejg?oc=5,"Fri, 10 Jul 2026 07:00:00 GMT",2026-09-01T10:16:59+09:00
GoogleNews:所得　暮らし,所得　暮らし,物価高騰、暮らしの危機打開へ――経済政策を転換する緊急要求 - jcp.or.jp,https://news.google.com/rss/articles/CBMiVkFVX3lxTE9IOFVBVHhWUm9IY2drNDBBLWY1ZElJeXAyUXY0bmlfUVFfU0h4U3JUdFlONkZDaTJXVzBoVnVDT2trei1PcHFUQm1XQjQyWXBJTDNYOFJn?oc=5,"Tue, 14 Jul 2026 07:45:21 GMT",2026-09-01T10:16:59+09:00
GoogleNews:所得　暮らし,所得　暮らし,年金受給者は確定申告が不要？確定申告で得する可能性がある8つのケース - aeonbank.co.jp,https://news.google.com/rss/articles/CBMif0FVX3lxTE5QdTFhbnJlYjNiM2oxRF9MUU1YZXZjSDFtZ29xcUZrT29fMXBRTjJnNkp2WnlLaWFMWnRCTHpEMko0WlgybzY0eHBvbjlSRXlqd1Q5N2hYTjlrb3AtOTZDUDZqMlZ1cG16a2YwdEZJb2pONmpQTm9QVVJUU1ZKdmc?oc=5,"Wed, 13 Dec 2023 08:00:00 GMT",2026-09-01T10:16:59+09:00
GoogleNews:所得　暮らし,所得　暮らし,【東京】「所得を上げ、負担を減らし、生活者の暮らしを良くしたい」玉木代表が秋葉原駅前で演説 - 新・国民民主党,https://news.google.com/rss/articles/CBMiW0FVX3lxTFBpbkpqazFBT21ObXdxLWFuWDZOaE1XQ1Myd0ZXX29ST2dVZXJMWmJRUGN4cDdCa1A1ckpjekdHc0JoclA5R2EzYnM2amZiVmVsZzNET0NVLWZiblk?oc=5,"Fri, 28 Jul 2023 07:00:00 GMT",2026-09-01T10:16:59+09:00
GoogleNews:所得　暮らし,所得　暮らし,"「お正月どころではない」――年末年始、8割が家計苦・物価高が拍車 低所得のひとり親家庭に迫る困窮【2,000人超調査】 - PR TIMES",https://news.google.com/rss/articles/CBMiakFVX3lxTE9ZTGVna1pSOENZclQ0QWViY3M0TkE3T25hQWpoNTFuUWVHTGQ3NGk2ak5zbWZIVDBsd0NHcFFESjZ1U0xobXZtOFc3NmFIbFlidHo1dDVaUk5kZ0dacnp5d0ljWS1vb2NBMHc?oc=5,"Thu, 04 Dec 2025 08:00:00 GMT",2026-09-01T10:16:59+09:00
GoogleNews:所得　暮らし,所得　暮らし,1. 強い経済で、笑顔あふれる暮らしを。｜政権公約2026｜「日本列島を、強く豊かに。」 2026年 第51回 衆議院選挙 - jimin.jp,https://news.google.com/rss/articles/CBMihgFBVV95cUxNNVBEM2Jla0xLd0prdm04ajNzYmdEV2JudldQRzZfa0dBSEFUM0NDS29yel9OTUprYWFxZGkxVWI1WnBhRGFmMW5hNlp3NXg4M2FQZmZEb0RZNXZVaFk4bExXcWthRFd0UzlWNkUyang5QWd3VXctRU1IUHlrWDgtTVJaZXByZw?oc=5,"Fri, 13 Feb 2026 10:00:21 GMT",2026-09-01T10:16:59+09:00
GoogleNews:所得　暮らし,所得　暮らし,調査シリーズNo.228「暮らしと意識に関するNHK・JILPT共同調査」 - jil.go.jp,https://news.google.com/rss/articles/CBMiZEFVX3lxTE5rOC1sVmxmbEh1cC0ySFFtcUh5Nl9xbFNkMmZJUVNySlk4SVZQYTFsMGFOaDhZc0dqalk5TEdCRkZjcDVjdXpMWkgwdUJfVkNVTkgwMi1QLWwzT2llMmpVRDkzN3E?oc=5,"Fri, 31 Mar 2023 07:00:00 GMT",2026-09-01T10:16:59+09:00
GoogleNews:所得　暮らし,所得　暮らし,現役世代の手取りを増やす「金融所得課税」による世代間格差の是正と暮らしへの影響（高橋成壽） - エキスパート - Yahoo!ニュース,https://news.google.com/rss/articles/CBMiiAFBVV95cUxQZktYX3FQV1ByNzN5ZHdfNEdMSU0zS0szSy04emhDVDhjNm1LbkktaUpKQm9xSkFsVDd1ekxWTkM1NWtfM09fNkhSei1DN1NQeFNkVkpXS1hXN3BKb2Flb05iMERmUTFyMW9GYTJfdk55SDdaN2tkZkJKYnFMekRtOXh5eFk4S1c2?oc=5,"Mon, 24 Nov 2025 08:00:00 GMT",2026-09-01T10:16:59+09:00
GoogleNews:所得　暮らし,所得　暮らし,（６月からスタート）暮らし守る定額減税／１人４万円の負担減に #公明新聞電子版 2024年05月07日付 - 公明党,https://news.google.com/rss/articles/CBMi6wJBVV95cUxOaW5PdXZKVVJhc3IzWmFlN19pa053T1J5SWJQVGRFMWhOMXhoNHA2SzJRWklVaWpVZ2xXWnI1VlJDYkp6d2J4LWNrb3JIUUF6alp5WTkzM3hBZkxpSEVNOGdhNG1wNjhQUHJYT21tVW5yZkhwdG9PY2xzSUluT2NFMHhHWUtuOWt5em1nbm96bGM2Z19BTjRDNGVvWE51T0NwRkUwZzhibkVDemJHUVNMRTVMZ0hrOW1jNlIxU0ZWdGR3UWxIREhPaGJ0MTE5RnVPb0I5LVlmbE5EX21VTmM0T2RzTFM0WkxPcFhyVVRJRmpQcXpTWnNDUWNJTHhmUlU1Rm1nN3lwTzRzYi1SWUlrQTgtZkFGNDNEXzJwbEtRNWVHTWdHa2dQa2p6VzZtOThDaDd5eXpHSkZhUEhZQXJrd3J6NmdiWkg5ODRSQUVZV2IydmFxU1gteTMzVmk1OGR2bmtza096bV8zQlk?oc=5,"Thu, 16 May 2024 07:00:00 GMT",2026-09-01T10:16:59+09:00
GoogleNews:所得　暮らし,所得　暮らし,4月から暮らし・身近な制度こう変わる 値上げ続々、共同親権も開始 - 朝日新聞,https://news.google.com/rss/articles/CBMiZ0FVX3lxTFBUbVFxTVJYeWJveWdYM1BTTjU5QnMwSWlSTUdDN1VfOE5fVHNrbWVkaGUyU1ZyRHE3WEJ0RmpKZmhDanF6RnJUbWhKTEUyalNVU002Sm5Yamp0OU14RVdvdTRoYW9NOGM?oc=5,"Sat, 28 Mar 2026 07:00:00 GMT",2026-09-01T10:16:59+09:00
GoogleNews:所得　暮らし,所得　暮らし,暮らしを守る定額減税・給付 - 公明党,https://news.google.com/rss/articles/CBMiVEFVX3lxTE1sOHVfdUtaTlh0UnBxd0hzNDZrYnIxMzNJVGtkalY0MHh2UG56Wk5DUUlTVnItMGdpekNkbGhsQ3piY0lkbXZhZW91d2NMSERFaEpYQw?oc=5,"Sun, 14 Jan 2024 08:00:00 GMT",2026-09-01T10:16:59+09:00
GoogleNews:所得　暮らし,所得　暮らし,石破内閣の主な実績｜「日本を動かす 暮らしを豊かに」 2025年 第27回 参議院選挙 - jimin.jp,https://news.google.com/rss/articles/CBMihgFBVV95cUxOODRNLWplckFwbmIyQUNsYnpKS1AyUlJOeVh4bjIzVzM5cWVYalBIVk1mY1RiNjdacWUyQmQtTWJHQkxRdEtQVGpUNGoxdGFRaGtFRU1zdHV5c2FkN0JkY1Btb2pLeE1Ia0dCeDU1cDIwU2hTb3BWdWp6ems5dFZqMm14UjE2QQ?oc=5,"Fri, 25 Jul 2025 09:22:03 GMT",2026-09-01T10:16:59+09:00
GoogleNews:所得　暮らし,所得　暮らし,公明の主張が反映 暮らしに根差す予算・税制 - 公明党,https://news.google.com/rss/articles/CBMiVEFVX3lxTE1hblhPRHlPYzJkQ3dOOTFndWJxNW5fZ3B1WGVkSnJmQXNIWWl6a3FHVFBSUzFxVk5vc2thWGhHUGl3YWdUQ1F0UzRiczlfWTJMdkVXNQ?oc=5,"Mon, 13 Jan 2025 08:00:00 GMT",2026-09-01T10:16:59+09:00
GoogleNews:所得　暮らし,所得　暮らし,"物価上昇でも賃金上がらず困窮 日常的に”減らす・買わない・使わない”ものとは？【低所得のひとり親家庭2,000名超による回答】 - PR TIMES",https://news.google.com/rss/articles/CBMiakFVX3lxTE9zLWpiVzltRFpSaFhLTE9WaTFhRXJFT1lYQnZ3WjNYOWVldnJ0QUVpaXowRjM3ekMzWGNobFczdEJIaEhxVkx4SUZid2ZnRDljZmJNMXJmNDNUT29YeXp0ZWNVVEtEN25WT1E?oc=5,"Wed, 19 Mar 2025 07:00:00 GMT",2026-09-01T10:16:59+09:00
GoogleNews:所得　暮らし,所得　暮らし,基礎控除引き上げを/辰巳氏 暮らし置き去り追及/衆院総務委 - jcp.or.jp,https://news.google.com/rss/articles/CBMidkFVX3lxTE11RUJBNnZjWFg3bXVLRXVhTkpCenlhUTJKQ2kxcXVHekhQUlJvRFczdmp4Tnh1aHAyb214YUEyaTZiSGRCMzUtaGhwQWhkYTFxSjByb3hXdmU5QVRZUG9TRXJtazM5SFo3UzBiUUtZaTRjYmJFcnc?oc=5,"Wed, 26 Feb 2025 08:00:00 GMT",2026-09-01T10:16:59+09:00
GoogleNews:所得　暮らし,所得　暮らし,全世代の暮らしを豊かに - 公明党,https://news.google.com/rss/articles/CBMiVEFVX3lxTE5abHo0SGM2Vl9WMlhBbVRqWnl3ZjI4Q3NqUXliRHlycl94aVhRZVZFLVBfT3Nxd09reDZrcXNJN1ZPUE5SbERydTVlWm9xYmlkZ1lYcA?oc=5,"Sun, 29 Dec 2024 08:00:00 GMT",2026-09-01T10:16:59+09:00
GoogleNews:所得　暮らし,所得　暮らし,【公明の主張が反映 暮らし守る予算・税制】生活支援 - 公明党,https://news.google.com/rss/articles/CBMiVEFVX3lxTE81QmEtcEpsN3QtbC1ieW9SMVNVdGxMclp6Q0pjdzZ6Nzd6dkI0d1NJSnJrd053TWVmTFZoMEIteXA1QVFfM214b0IyOEZtcGl6eWdBdg?oc=5,"Thu, 11 Jan 2024 08:00:00 GMT",2026-09-01T10:16:59+09:00
GoogleNews:所得　暮らし,所得　暮らし,2026年度税制改正 物価配慮、暮らし底上げ 年収の壁 中所得層の基礎控除拡大 - 日本経済新聞,https://news.google.com/rss/articles/CBMibEFVX3lxTFAzMG1wUElYRGNCRE84VmxzQVlRVzNyMmFlRTNtajlHOFNidjFtUjBIS2k5TUN2enlmSHZOME1URTQxN1gyR2ZrWGt1MlA3X29haE9SeW84WlFLQmdGWEQwZ0c1Tk1sSWJJQUpxWQ?oc=5,"Wed, 01 Apr 2026 07:00:00 GMT",2026-09-01T10:16:59+09:00
GoogleNews:所得　暮らし,所得　暮らし,公明の主張が反映 暮らし守る予算・税制 生活支援 減税・ 給付で家計底上げ／政府試算、物価高超す所得増に 公明新聞2024/0 1/11 １面より - 公明党,https://news.google.com/rss/articles/CBMieEFVX3lxTFBMQmRJY0RsZVVGdi13LW40UXdkTUo3NDJvcUNvOVBnUG5EdFUxbHZWUE5zNnoteVNTbnZINERFZFF4ZnhGR0NiUzFBR2FoX0NHYWczY0ZnNEVkUm95emFZRTdiVEp5c3Iwbi1RRzVqWHU1RVRLVDlSUQ?oc=5,"Thu, 11 Jan 2024 08:00:00 GMT",2026-09-01T10:16:59+09:00
GoogleNews:所得　暮らし,所得　暮らし,暮らし守る定額減税と給付 - 公明党,https://news.google.com/rss/articles/CBMigAJBVV95cUxNQ1J5d2NFWUZfaWhZeWxRYjF1WUNnWTFnMWNrS1AyMDMxRExPX3dLOERwZ0dlU1FhWjUyQUQwYWt2S3czS3pwWGU2cWlBS2U2YjVMTnZ4bjZaXzNnVGFvaHhOSnlaRXo4ZUY5aGY5M3hQRHZxNm5CWFowRXgzV3BUQWI5cUhGU3daQ1RDVXNRcm9MMjZwZkFoRElhTy0wVHh6WGYydXVqOU5xM0JiRFg0bU1ULUxSLUhSV0V1VkFnVC1rV1dpZnBhakVrYlVuNUw2MTg3SHkxdDF5MTZ5eDFsajRITkxNbTQtRVZnV1MyWmZpQVd6Wm1HSlJnN2IwSHJF?oc=5,"Thu, 28 Dec 2023 08:00:00 GMT",2026-09-01T10:16:59+09:00
GoogleNews:所得　暮らし,所得　暮らし,【沖縄こども調査】物価高騰 低所得世帯ほど暮らしに直撃 2024年度 - 沖縄タイムス社,https://news.google.com/rss/articles/CBMiXkFVX3lxTE50V3paU3d0ZXlQNE9qb2Z4YV9vbmNUTmR5bEpmX0daS2Y4LXhySGpUellLTmF1MlNPTGxVX0JYZ2Nfcnl5WDE2c3lEcnljV0Jhc2ZweUtOUlBPa1hIcGc?oc=5,"Tue, 27 May 2025 07:00:00 GMT",2026-09-01T10:16:59+09:00
GoogleNews:所得　暮らし,所得　暮らし,2025年 全国業者婦人の実態調査 ②暮らしと健康 - 全国商工団体連合会,https://news.google.com/rss/articles/CBMiXkFVX3lxTFAxdnVkQ2dWSG9pY2xmN2loV3QzWUhxclFmVnA4VHo2LWVOd2hiem9rVFlHTG5aRGo2TmdPTHFKMjltRk9Lbl9Cd3BHNUloU1dyVzVyWEdkWU9HcDNTbkE?oc=5,"Mon, 02 Mar 2026 08:00:00 GMT",2026-09-01T10:16:59+09:00
GoogleNews:所得　暮らし,所得　暮らし,物価高で変わる単身世帯の暮らし 外食減少と調理食品需要の拡大、若年層は“賃貸9割”も年代とともに「持ち家率」上昇 - TBS NEWS DIG,https://news.google.com/rss/articles/CBMiZ0FVX3lxTE55ckpwNHdrSjcySzNMZ3Y0YTFDYVJneEJGUWlFbWRjTEIwRlVDSG42R2xTOEUtbTN0WmlqNFktUFBUeHdodGxXUmlMdzd0cFZRazJzY0pCTnVlbVdxVTh5dFQ1WW5JQjg?oc=5,"Thu, 04 Sep 2025 07:00:00 GMT",2026-09-01T10:16:59+09:00
GoogleNews:所得　暮らし,所得　暮らし,「80歳以上女性」の34.8％が1人暮らし、世帯全体では所得減少し「生活が苦しい」との声は過去5年間で最多―2023年国民生活基礎調査 - GemMed,https://news.google.com/rss/articles/CBMiSEFVX3lxTE15ZHhXOVhFdEQzMFZIQ2RONXI0anBjWXhkZ3FCS0Exalk0TlJyT0RSU2c2QWlMejJvZ2ZLd0lkOUlfbTJvWXRvZQ?oc=5,"Tue, 09 Jul 2024 07:00:00 GMT",2026-09-01T10:16:59+09:00
GoogleNews:所得　暮らし,所得　暮らし,(政府、総合経済対策を決定)一人一人の暮らし豊かに 賃上げ、所得増へ総力 物価高に電気・ガス代支援など 2024.11.23付 - 公明新聞電子版プラス,https://news.google.com/rss/articles/CBMibkFVX3lxTE01YzlqSzVKZ2ZaVGg2N2xQUkd6VjhsYW11Nng3RDdRLVNWTUxfV3pjN3B4NjJNbjl6TmxoRzltalF1NW85cDFKOFpPQlNmTFA1RVVfMnA0NkpHVjNzQzNiNUgyMVI3dFlMNXppX3Z3?oc=5,"Sat, 23 Nov 2024 08:00:00 GMT",2026-09-01T10:16:59+09:00
GoogleNews:所得　暮らし,所得　暮らし,値上げが暮らしを直撃/低所得者ほど被害甚大/給付や消費税減税を - jcp.or.jp,https://news.google.com/rss/articles/CBMidkFVX3lxTE9lQkJYWndaWnQ5bXVJMTNMWklwYkwwWlRhR0t6b1VSRHJjcWJnZjVaUzBTdjNpSDE5SjJsTWNYdlRBOE03cElTYmdCaTA4anZMMXQ0bWk0Tk5BTkR0VkNvLTBhRlZ3NFV5UkxPRDFWS3I4ODlKRWc?oc=5,"Tue, 08 Feb 2022 08:00:00 GMT",2026-09-01T10:16:59+09:00
GoogleNews:所得　暮らし,所得　暮らし,所得再分配が不十分 富裕層の税負担軽い―トランプ政権１年で米専門家 - 時事ドットコム,https://news.google.com/rss/articles/CBMiY0FVX3lxTE91YzI2RjJETkRmRzRoWXpGV1hLWWJpekZBbnRCdUx6MS1ucTNkRkhOQUFQeHlNWWhvVXhDSUJMQWhiSU1TTnJINnAwY3Z4VUZMLUVCcnRMMGducFFETUFWMDN4Yw?oc=5,"Tue, 20 Jan 2026 08:00:00 GMT",2026-09-01T10:16:59+09:00
GoogleNews:所得　暮らし,所得　暮らし,声を聴き暮らしを守る 公明党の実績＝１１ 高等教育の無償 化 奨学金と授業料減免拡充で低所得世帯の進学率を向上 公明新 聞2023/11/10 ３面より - 公明党,https://news.google.com/rss/articles/CBMieEFVX3lxTE9VQjJnOWNBN3d6Znc5X3ZqUk1hMm1SR2lTdG8xX0lLLTExcTlOWF9UZE9LeFBMYk10RHJGZ1ZWMm5QM25PVDBRQ2U5VmVtZThweWprWDBfTThSTi1tdzNrRzBaS2x1Z2djS3dzT2FSWHpnOXRUZE5uRw?oc=5,"Fri, 10 Nov 2023 08:00:00 GMT",2026-09-01T10:16:59+09:00
GoogleNews:所得　暮らし,所得　暮らし,確定申告とふるさと納税｜みんなでつくる！暮らしのマネーメディア みんなのマネ活 - 楽天カード,https://news.google.com/rss/articles/CBMibEFVX3lxTE95aDFjbmxCUXR0eFRxd1YxMlJXeHU1TFVIX3RXRFNkZHE2MzN1emhQaVo0UWZ5cEVHNTlCODk2dUszSVg1Uk9kMlF6eHpqSDFCd2E4dll3eVlWamZCSVFMNkVkZ3FrSUlUTThmSg?oc=5,"Tue, 30 Sep 2025 07:00:00 GMT",2026-09-01T10:16:59+09:00
GoogleNews:所得　暮らし,所得　暮らし,＜社説＞経済対策21兆円 暮らし救済期待できぬ - 東京新聞,https://news.google.com/rss/articles/CBMiU0FVX3lxTFAzUkxFMDc5UTM0ODRtb2Y2aFF1NHdHTWdrd2V0NVhzTlROa05HMDBMcnpjRW5HZjgwakxhT2s4LTZqMGNnb2FYdXVjZ21BQXVIbjFR?oc=5,"Sat, 22 Nov 2025 08:00:00 GMT",2026-09-01T10:16:59+09:00
GoogleNews:所得　暮らし,所得　暮らし,医療費の窓口負担2割の条件は? 判定方法と配慮措置、対策を紹介 - 朝日新聞,https://news.google.com/rss/articles/CBMiWEFVX3lxTE5JcThtUjFtaTdkRlFVTUw3NTluV1p1bE9OTm5VSHJSMExVeVpoOFNodUpYZl9Da1E0ZmpuRUpDcU1ZdnlwTEE3aHFPSjdWTlVqNmowZHZqdTE?oc=5,"Fri, 20 Jan 2023 08:00:00 GMT",2026-09-01T10:16:59+09:00
GoogleNews:所得　暮らし,所得　暮らし,複数の種類で生活必需品の購入を支援し、低所得世帯の不安を和らげる「物価高騰対策臨時くらし応援事業」 - TOKYO MX,https://news.google.com/rss/articles/CBMiZEFVX3lxTE54U0lTa3ZrSS1NRGRxUUxlYjBhc2ZlcnZ6WWhpRW5ydzF3YUVlMFR4R0J0MEwwMWlvZlBnUWlnWGtCSDAxNGY4QTNjN0dqbnRNNjFzYlNlY2VYYktSYUFSQnp6Vm0?oc=5,"Tue, 18 Jun 2024 07:00:00 GMT",2026-09-01T10:16:59+09:00
GoogleNews:所得　暮らし,所得　暮らし,暮らしよくなる？ 2025参院選＞社会保障費 所得の半分近く 負担にあえぐ若者 年金「どれほどもらえるのか」 - 北海道新聞デジタル,https://news.google.com/rss/articles/CBMiWkFVX3lxTFBkdGVtbW1RNm5Sa0gxRjgzNUxCelRoNllLWGpNNnl6TmdrTzlXald4cjIzR3VCV2NCUFZWX2NyRVl4dWo5OGs2eUNUcG1IdEtHN0hjWGlLRVpzQQ?oc=5,"Sat, 12 Jul 2025 07:00:00 GMT",2026-09-01T10:16:59+09:00
GoogleNews:所得　暮らし,所得　暮らし,「経済的ゆとり」1位は福井県 年収だけでは見えない都道府県別の暮らしやすさ - forbesjapan.com,https://news.google.com/rss/articles/CBMiWEFVX3lxTE5Gc1AyMFVEazVqaEF5U2VyZVlJbzlMby1qakRmelJrNFZUb0tBRG5GanpEMW9GcVhGSjZGSzZCX3lmQWlPNzBxZnJnTlJ0NVM3NERiM2RnTzY?oc=5,"Mon, 22 Jun 2026 07:00:00 GMT",2026-09-01T10:16:59+09:00
GoogleNews:所得　暮らし,所得　暮らし,株の配当控除について｜みんなでつくる！暮らしのマネーメディア みんなのマネ活 - 楽天カード,https://news.google.com/rss/articles/CBMic0FVX3lxTFA4X2J1ZEhXQl9TalRyWHV1cW5lR19sZDRwVktFSmtBZEQ4LUdSOHV4OVFyRGQ2U0xOUjZCWjZwZ2ZrOTFYMURqN05pdmxpS3FBR2lnXzlrNC1vUTFDdi1Sc09jOHlhNlQ5ZVhJWUtxd2ZpS0U?oc=5,"Thu, 12 Jun 2025 07:00:00 GMT",2026-09-01T10:16:59+09:00
GoogleNews:所得　暮らし,所得　暮らし,4月から暮らしこう変わる 医療や介護負担増、働き方めぐる見直しも - 朝日新聞,https://news.google.com/rss/articles/CBMiZkFVX3lxTFBnTFRfZnhpOVo0cjY0MTdFLXJNTUFRN1BkSUIzbU5UTFYwSWUzTmtGbFh6cHlJX0EtLXZkby1XRjlhaFlPYmtEVjBOdnl3RXNZNUxfWEZhcUd0NUNjc1M5b0pVckUtdw?oc=5,"Wed, 27 Mar 2024 07:00:00 GMT",2026-09-01T10:16:59+09:00
GoogleNews:所得　暮らし,所得　暮らし,沖縄県知事選挙告示、「辺野古移設」かすむ争点…「税収増の実績」「県民所得倍増」暮らし改善の訴えに力 - Yahoo!ニュース,https://news.google.com/rss/articles/CBMif0FVX3lxTFBaUnJRQWpJT1Z4NUlmbzFOOVJQVTBXWjJzVmhZaFVmZmJLN05JNTc1UFhqNEZJZE9FQkhBMVh0V0NFZ3J2LTNJbzg0ZVJPWE1vdHNiTzkza2J4eUJzUFR0UFBtcGxITGVLNlU2SU5MLUU3dnVjNjdvY2lDRlhsRkE?oc=5,"Thu, 27 Aug 2026 05:30:11 GMT",2026-09-01T10:16:59+09:00
GoogleNews:所得　暮らし,所得　暮らし,海外で所得倍増リタイアのプチ富裕層 コロナ後の運命 - 日経ビジネス電子版,https://news.google.com/rss/articles/CBMiZ0FVX3lxTE82eVQxcExkVnF1YTZ5QVJFWHVaa1B3aEROYkJoSl9vRzZ3WEpEN2FmTFdaSC12dkNSNUJaWHRkdEpGMlExaFlISktVaU8zN0w3OVc2dGNJZ09mMHFFNVRhS18xZW9yUEU?oc=5,"Fri, 01 May 2020 07:00:00 GMT",2026-09-01T10:16:59+09:00
GoogleNews:所得　暮らし,所得　暮らし,贅沢ではないが貧困でもない？ 年金生活者のリアルな実態 - マネーフォワード,https://news.google.com/rss/articles/CBMiV0FVX3lxTE9RbjJyeDBHWHN2dlVTcFRMT01HbmxCdEY3RlJpWmt1U0lISVJRZHNQZ1R3a0JIOG1sQzNPc1ZtRVRoX21ZX1lwMXJESFR1N0hMbVVSbGxpbw?oc=5,"Sat, 18 Jan 2025 08:00:00 GMT",2026-09-01T10:16:59+09:00
GoogleNews:所得　暮らし,所得　暮らし,暮らしに安心 軽減税率 識者に聞く - 公明党,https://news.google.com/rss/articles/CBMiU0FVX3lxTFA1amQyZFdlcTVRWEpkN2NyZS1VYW55LWMzaG1BSmFzLXJyZ3pBVHZUUzFLQi1IWExJVXlOVzY2SHd6eXJ3S2FCWjlEdDROTE9KVkVN?oc=5,"Fri, 17 Jan 2020 08:00:00 GMT",2026-09-01T10:16:59+09:00
GoogleNews:所得　暮らし,所得　暮らし,〈トンポの暮らしを支える／こちら同胞法律・生活センターです！63〉年末調整の仕組みと２０２５年の変更点 | 朝鮮新報 - 조선신보,https://news.google.com/rss/articles/CBMiVEFVX3lxTE4zblpnQWk1VXo3NXgtLXlPOW1sX2RqVzlGekJMWmhtM052WTNkUC1WWUQ1LVV3VzROWHNhMDRnNC1scmxFNnNVU0VkR1RZZjA3ZmRjSA?oc=5,"Fri, 24 Oct 2025 07:00:00 GMT",2026-09-01T10:16:59+09:00
GoogleNews:所得　暮らし,所得　暮らし,暮らしを守る生活保護に都道府県格差は存在するのか - wedge.ismedia.jp,https://news.google.com/rss/articles/CBMiaEFVX3lxTE1KYWFSWlpseEZ2NGhwY0oxZ3VubzFZNEJfdzQ3M3NFd3RwY3JBN2diM3lzZDhSSElISkdPOVdWcEJvbnBUTURQUGlGTVpjTFotSlFqUG40cmdzSGM1M0pzOEpfVUtvalJG?oc=5,"Fri, 27 Jan 2023 08:00:00 GMT",2026-09-01T10:16:59+09:00
GoogleNews:所得　暮らし,所得　暮らし,２０２６長崎県知事選 県民５００人アンケート（２） 暮らし「満足」６５％ - 長崎新聞ホームページ,https://news.google.com/rss/articles/CBMiggFBVV95cUxOcDNhcEc3OHFEZlg2Q2pfdG50ZXVjMjNHbmFTUkJ4bG8tSmx1R0VEX3lxaVhaeGVxb3dNWWIzLVRWcDRHUmZSbExCVkhFQnpRMzR1c0otNk9tOUtwc09zZmJ2Tzk2T0J0RDllZW9pOUx6akVuampnY3YtQ01RenVUaEt3?oc=5,"Sat, 10 Jan 2026 08:00:00 GMT",2026-09-01T10:16:59+09:00
GoogleNews:所得　暮らし,所得　暮らし,暮らし守る定額減税が６月からスタートします。 - 選挙ドットコム,https://news.google.com/rss/articles/CBMiXkFVX3lxTE1NWU1aSlUxZ1ltbmxZQ2Q4dWF4S2hpZHJGaWtuWEJDeFBUdng2cl9wUlZUYXJFc3Rfamk5YUFLcUV4cHZDTW1TM2JSaTdYOEFoQklHdGlLWV9SeEpjYUE?oc=5,"Thu, 09 May 2024 07:00:00 GMT",2026-09-01T10:16:59+09:00
GoogleNews:所得　暮らし,所得　暮らし,暮らしに安心 軽減税率 識者に聞く - 公明党,https://news.google.com/rss/articles/CBMiU0FVX3lxTE5lNG5hWG44N20zVjhrVk9ENEY3cjROd1YtNmt1azlreGxEN3NFbW9EZmNBdVZyODJDcDZXaVhXMC1sTTdfVEJ6b1hxX1ZmbWxZLXAw?oc=5,"Wed, 22 Jan 2020 08:00:00 GMT",2026-09-01T10:16:59+09:00
GoogleNews:所得　暮らし,所得　暮らし,年収500万超でも可処分所得「月8000円」で散髪にも行けず “中間層”を襲う3重の所得低下 | from AERAdot. - ダイヤモンド・オンライン,https://news.google.com/rss/articles/CBMiTEFVX3lxTE4xZm9sMkExYnZudDhDQTFWQVRkUjVBMHNrUFFMNWIya3lxNDU4bjBKYVNoSk1yaHdXUGR1a3QwOWd3YV9OdjJYMmdfMFI?oc=5,"Sat, 24 Sep 2022 07:00:00 GMT",2026-09-01T10:16:59+09:00
GoogleNews:所得　暮らし,所得　暮らし,「地獄の日々が始まる」“給食のない夏休み”前に所得300万円未満「子育て困窮家庭」悲鳴 物価高苦しく“2人前のおかずを5人で”分けるケースも - Yahoo!ニュース,https://news.google.com/rss/articles/CBMif0FVX3lxTE1IVHBmZHV1QlBIQTVpSnZvLWdEamE0bmN2bHAwOUVTa3BpUHpxaS1lZjhUOEEwdFJBR203RDNDOERVZEk4X2ROUWd0U1NWTHRZRy1IZDJTUVdLRlMtSHFVUkdxSlRUM0JHQjVwY0xfalhuMjhGdExVVFp2ZTlFTjg?oc=5,"Thu, 02 Jul 2026 07:00:00 GMT",2026-09-01T10:16:59+09:00
GoogleNews:所得　暮らし,所得　暮らし,神戸市 給付金「定額減税・調整給付」「暮らし支援臨時特別給付金」のお知らせ - 選挙ドットコム,https://news.google.com/rss/articles/CBMiXkFVX3lxTFBGMVh1M1ZXS1o1YkVtNmJScWlQNkhfdWxvb2VucE5mWnp5QnNoZ1R6OFh1LXdiR3NzNTZEUVQxeDRzamhsY1FOUG1idnA4TnJKVDFtd2tnVmNkek5KY1E?oc=5,"Sat, 11 May 2024 07:00:00 GMT",2026-09-01T10:16:59+09:00
GoogleNews:所得　暮らし,所得　暮らし,アジア12都市の暮らし実態、可処分所得トップはシンガポール、中国・ベトナム・タイは「共稼ぎ」が95％以上 ―日本総研 - トラベルボイス｜観光産業ニュース,https://news.google.com/rss/articles/CBMiU0FVX3lxTE4zX0ZGZjRWMHZnc0tDTldSbzltMVA0ZVowc0hNVlpYakY4VngtY2hWZ0FEX00zTlV3Tm9nSTRza1NoNWx3a2ZGVVlLWGxEZXdyMTc0?oc=5,"Wed, 18 May 2016 07:00:00 GMT",2026-09-01T10:16:59+09:00
GoogleNews:所得　暮らし,所得　暮らし,牛乳、価格転嫁難しく 資材費1.5倍 酪農家「所得補償を」＜参院選 暮らしの現場から ＞4 - 琉球新報デジタル,https://news.google.com/rss/articles/CBMiZ0FVX3lxTE1iZ1FHVjAxeGpPUDF0cWxGc1VBVDlNcEtOY1dMbHhqSmxEeHotS3RTd254bjRBck9pV2FlUWRWQVI4ODdvMXc4akdEbHlzZFUzaldRUlZiczNXU1JORDRMeEhESGVzdTQ?oc=5,"Sat, 19 Jul 2025 07:00:00 GMT",2026-09-01T10:16:59+09:00
GoogleNews:所得　暮らし,所得　暮らし,【所得を減らして豊かな暮らしへ】メリットが大きい「住民税非課税世帯」という選択肢 給付金に優遇措置、国民年金保険料免除、国民健康保険料や介護保険料も減額 - マネーポストWEB,https://news.google.com/rss/articles/CBMiR0FVX3lxTFBxNXZnN1prakM1VHctSS1hVG1xS1VGMGk5dHowaU93WTgyZnFUZXgwVWRFSzJFQzNTWEYxX1RuUnZNdDJiaURn?oc=5,"Mon, 04 Nov 2024 08:00:00 GMT",2026-09-01T10:16:59+09:00
GoogleNews:Z世代　意識,Z世代　意識,Z世代の97.6%がMBTIを認知、82.2%が自己理解に効果。Z世代のMBTI診断について独自の調査研究レポートをZ-SOZOKEN（Z世代創造性研究所）（運営：Fiom）が公開。 - PR TIMES,https://news.google.com/rss/articles/CBMiakFVX3lxTFBtSjI1T25IeHFnemNKUXRKVVl2TExGOUpma3ZtLWZlQ0ZkYkhnZl84TlNyQm1HcXJDakY3T2hhOGNURkwyNkxTa2JVbDBPNlNxbldtOENvX3RxNVZtaWlEMnZIVVJiYnVLbGc?oc=5,"Mon, 31 Aug 2026 01:00:02 GMT",2026-09-01T10:17:01+09:00
GoogleNews:Z世代　意識,Z世代　意識,「簡単だよ、大丈夫だよ、すぐ行けるよ」タレント浜川結琳さん 知事選投票呼びかけ Z世代意識、イメージキャラクターに 沖縄 - 琉球新報デジタル,https://news.google.com/rss/articles/CBMiYEFVX3lxTFBXZklYbWRrdXNORjVPNThJdVpFcTdIaVNZVkE5X1lVQ1YtMnkyOW4xczRTVzNDcko1aWdGR1Y1MThodTFCRDFkemxzaTJYaFNWbFF5djVYMjV5bmx6eGV6dQ?oc=5,"Fri, 28 Aug 2026 20:00:00 GMT",2026-09-01T10:17:01+09:00
GoogleNews:Z世代　意識,Z世代　意識,「原則出社」命じる企業とテレワーク社員の意識ギャップ／“推し活依存”自覚するZ世代が2割／シニアの利用が盛んな○○アプリ、ほか (1/3) - ASCII.jp,https://news.google.com/rss/articles/CBMiVEFVX3lxTE9vaHRJODhWVWFhNWU5SzhVQUp3d3U1VldyYTJlSW4wLWMweDNsb3Z5UnFCWHZiSWhUZ0tiRi0taWx1S0Jkd3pYZkpZUXhQbVN3b0lNSg?oc=5,"Mon, 31 Aug 2026 00:55:33 GMT",2026-09-01T10:17:01+09:00
GoogleNews:Z世代　意識,Z世代　意識,Z世代の77%が「宣伝・広告感の強い投稿」をスキップ。刺さるのは面白さ(42%)より世界観(65%)。Z世代に刺さるクリエイティブについての意識調査をZ-SOZOKEN（Z世代創造性研究所）が実施。 | Fiom合同会社のプレスリリース - PR TIMES,https://news.google.com/rss/articles/CBMiakFVX3lxTE1raWZKa2NwajdJc1AwYXJZUWFBbXF1T0lweG9IVVQ5S2FZdlNrLVVZQ2pvNnNyVTZMTGEtZkpXYmZjS3JwTHp3YllWV090U0owVWZscXl1emJGMExobzR6dWJvYTNleUppNmc?oc=5,"Sat, 29 Aug 2026 01:00:01 GMT",2026-09-01T10:17:01+09:00
GoogleNews:Z世代　意識,Z世代　意識,【Z世代トレンドラボ byGMO】Z世代の約7割が「AI就活」 大学生はAIが“頼れる相棒”に、その裏で「罪悪感」も～就職・転職活動中のZ世代意識調査～ - valuepress,https://news.google.com/rss/articles/CBMiW0FVX3lxTE4xVWk5anZzaEo0NXpQUFZJV2twWFR5Tnd2bDEyTFlTT2NrVkJTNnNnR3gxWGRDMmE4LUk1S3NXY2tEOERXM0F0WG5VRUJqVDJwRG14a1hBRVhpMHM?oc=5,"Wed, 26 Aug 2026 01:00:00 GMT",2026-09-01T10:17:01+09:00
GoogleNews:Z世代　意識,Z世代　意識,Z世代の79%が「ご褒美消費」を実践。きっかけは努力・成果の承認(42%)よりストレス・落ち込み(44%)。Z世代のご - ニコニコニュース,https://news.google.com/rss/articles/CBMiVEFVX3lxTE9FSl9FSE9rZHp1MEhYcXlmU1M1a2dpTkVzNXNhTzFkU196NUtYN01WZTVnWUkzS0wyYlc3N0cwVDhCNWs3bUpBdHNveXQ0a21vRFpIVA?oc=5,"Fri, 28 Aug 2026 02:51:31 GMT",2026-09-01T10:17:01+09:00
GoogleNews:Z世代　意識,Z世代　意識,「簡単だよ、大丈夫だよ、すぐ行けるよ」タレント浜川結琳さん 知事選投票呼びかけ Z世代意識、イメージキャラクターに 沖縄 - 47NEWS,https://news.google.com/rss/articles/CBMiS0FVX3lxTE1BbzlpOFlFTDlzREtRRkQwcUhzZHRadlB6ejBDRFJmelluLUxpUGx4anV1S1BrTEtvVVhWQ21ITEoySkxqM1kwZGstVQ?oc=5,"Fri, 28 Aug 2026 20:00:00 GMT",2026-09-01T10:17:01+09:00
GoogleNews:Z世代　意識,Z世代　意識,Z世代の68%が週に数回以上ミームに接触も95%は購買に至らず―Z-SOZOKENが意識調査を発表 - commercepick.com,https://news.google.com/rss/articles/CBMiV0FVX3lxTE9CcjBBOU5pb1NlckJMM0luelNlaWNwTU5XYzVJdGs5N3lBTDJNMVFkamsxb0R6OXVuYzdzZWtTWFBITnl6SmJmYXVQMW9OM1p6QmJ0ZV9FVQ?oc=5,"Mon, 24 Aug 2026 03:25:27 GMT",2026-09-01T10:17:01+09:00
GoogleNews:Z世代　意識,Z世代　意識,若手の6割以上が「人よりもAIと電話する方がラク」と回答〜Z世代の電話とAIに関する意識調査〜 - 自治体通信Online,https://news.google.com/rss/articles/CBMid0FVX3lxTFBZRFlnOEZ4eF9rX3ZkMjJmVHdtVFFkWnlSYVBzNGY0cG15STJYcW1jWVhHSS1pOGZKMXREN0Z2QlFzQ1ZVNXp1ei1PcVROb3RVdTFvZEpvai03dFU5V0hJTk5DNjBJZUoyQmpMcVJWSkZ2WlZrYlc0?oc=5,"Fri, 17 Jul 2026 07:00:00 GMT",2026-09-01T10:17:01+09:00
GoogleNews:Z世代　意識,Z世代　意識,日本と米国のZ世代意識調査：日米のヒトモノについてのイメージ編 - ネオマーケティング,https://news.google.com/rss/articles/CBMihAFBVV95cUxPbTBiNnRlWXdZUTU3NG5VWUZzRGg4YkZmM3ZiVGNMMG1GX3QxQTJGVXM0TnZuMmt2X2lhZlYtejlKZkZnS1RmZFNiLU5Za25rZ3NWNHl4QTNhVnlramlxejB3ZjdNU3NVeHhvX0JsQ2hKc1dhRnBlOXhIYkxUbFozZkNVdFbSAZQBQVVfeXFMT0ttZ0NhWThzWU1DVnREWVBUQzZEYW42TTJ6TExSWmdCUVJnTUE2Zmk2RXIxbTJjb21RM3JmcllYZndxSGJUQ2VzSnNxQnNHbktwTjR1dHpvdjkwcGtUVGdpX2Z1WDFvcndMSTY3SXhVdTlkczMzSGhoeVc0ZWMwcXZKZUk3YzJTZDR0czFMLWJLVUdDRg?oc=5,"Tue, 13 Jan 2026 08:00:00 GMT",2026-09-01T10:17:01+09:00
GoogleNews:Z世代　意識,Z世代　意識,Z世代の49%がGREEN×EXPO 2027を知らず。7千円なら55%が高い・払わない。Z世代のGREEN×EXPO 2027についての意識調査をZ-SOZOKEN（Z世代創造性研究所）が実施。 - PR TIMES,https://news.google.com/rss/articles/CBMiakFVX3lxTFBWeE1VM09HN2ktbHNXZVhpckozTUU3MWoxNnM0RzE0UHZsanVIOHNKVWIwaTlMdVdxMW82bHpzcGMwZ01mR1lqQWdhUzA1UVBmZGRRR01xNzNsSHNBaXFqNml0dFpURl9FRXc?oc=5,"Wed, 26 Aug 2026 01:00:02 GMT",2026-09-01T10:17:01+09:00
GoogleNews:Z世代　意識,Z世代　意識,「原則出社」命じる企業とテレワーク社員の意識ギャップ／“推し活依存”自覚するZ世代が2割／シニアの利用が盛んな○○アプ - ニコニコニュース,https://news.google.com/rss/articles/CBMib0FVX3lxTE5TNW1OT0xmQkFfenFiUjFJUEozY0kwTHdDSWYtZVdTS19FUTRWU2JpY1JCcjZ5b2M5LTVhajJaS0N5alhyODRZaEhidWhLQi1XRzZjaUtZQjJvQWFWQjNiMTRGTmU2OExoV2Fpd0lnNA?oc=5,"Sun, 30 Aug 2026 23:12:07 GMT",2026-09-01T10:17:01+09:00
GoogleNews:Z世代　意識,Z世代　意識,若者の『NO』と言えることに関する意識調査 | アサヒ飲料株式会社のプレスリリース - PR TIMES,https://news.google.com/rss/articles/CBMiakFVX3lxTE9FT2haYlJjcGxKUmJYb0ktSzZEelRkYThYWURFcTdNRjhRdURJSktERElBaXB1bkRLWVFJNlItdnl6Y3hmN2pEbU5OZEd0VkFtRkg5Ung2cjRMVE1hQ3hBWVp5QUs4U18yYXc?oc=5,"Tue, 28 Apr 2026 07:00:00 GMT",2026-09-01T10:17:01+09:00
GoogleNews:Z世代　意識,Z世代　意識,「Z世代の大学生の海外旅行意識・実態調査」結果を発表 - PR TIMES,https://news.google.com/rss/articles/CBMiakFVX3lxTFB5LTBhelVYbkFJYTNmMU1zazJVM0FWQWo5MnBmSXRaemdxQi03dWtmUkpodDduSVVDYVgyU01ESm1DemdjZExMN3MxZWg3QjR0V0ZJTkxWWlRzUzZ5YlJHWW5jZ212NWlZNlE?oc=5,"Fri, 31 Jul 2026 07:00:00 GMT",2026-09-01T10:17:01+09:00
GoogleNews:Z世代　意識,Z世代　意識,Z世代の約4人に1人が副業を「SNS」で探す。副業には「自分を見つめ直す」効果も？Z世代・Y世代の副業に関する意識調査を実施 | 僕と私と株式会社のプレスリリース - PR TIMES,https://news.google.com/rss/articles/CBMiakFVX3lxTFAzdEZPZUlxa292X29pN0h6WjM1Zkh6WkNQUTBNX2pTSXVPcnFMaTgwLXBZdThMMjhOUVFpekFXQ0ZCNEVUX1dtb0RBaGVoZVJzTXUtMDBhRGJIOVpaU0Nsd0dhY2VLZVl5OFE?oc=5,"Thu, 14 May 2026 07:00:00 GMT",2026-09-01T10:17:01+09:00
GoogleNews:Z世代　意識,Z世代　意識,【Z世代の結婚観とお金に関する意識調査2026】 物価高で、結婚願望のあるZ世代の半数以上が結婚観に変化 男女ともに7割以上が「結婚前に家計ルールの話し合い」を希望 - PR TIMES,https://news.google.com/rss/articles/CBMiakFVX3lxTE1DczFvMnZBZ1FfX3lzUkVVd2R5bHJlNW0yMVZTX2F6T2dnSGtERnN4UmNSRG5jTEp4QlZPYzhjYUtyWlU2aVNSdWhSZDFhWUVadnlPb1N5TlRDOVFnUGFzWVFId2R0YmhBQnc?oc=5,"Tue, 02 Jun 2026 07:00:00 GMT",2026-09-01T10:17:01+09:00
GoogleNews:Z世代　意識,Z世代　意識,Z世代の69%が動画広告を即スキップ。没入型広告の成功の鍵は「世界観の破壊」(25%)を避けること。Z世代の没入型広告についての意識調査をZ-SOZOKEN（Z世代創造性研究所）が実施。 | Fiom合同会社のプレスリリース - PR TIMES,https://news.google.com/rss/articles/CBMiakFVX3lxTE0zQ2s2cnViZVBUellWMW04TWFhX3RWWkJKMHF4bXM5TFc2VlV3aFJyTy1BZEFseEF0d2c3RXVyMVhDUkprX0lHUGdzdGNSMkIycG92TlZzMjlvbmtFWklPdmN1VW9iTUpkQnc?oc=5,"Fri, 27 Mar 2026 07:00:00 GMT",2026-09-01T10:17:01+09:00
GoogleNews:Z世代　意識,Z世代　意識,【調査リリース】Z世代における「ブルーカラー・施工管理職」に関する意識調査／6割以上が「就職先としてまったく考えられない」と回答／20代で年収500万円でも「施工管理職を希望する」は0％ - PR TIMES,https://news.google.com/rss/articles/CBMiakFVX3lxTE1BS2g1M1JJX2ZpTVRjY3U2ZDRzSVFZZ0stZUE1MHBpei1BQWNEcXA1YUtId1lnWFNSODRUdk9OUS14YllBdHVrSWo0MzFQUllNTlVCb1VUTUR5REpJaDZJQ2tJVkMyMzFMUUE?oc=5,"Tue, 14 Apr 2026 07:00:00 GMT",2026-09-01T10:17:01+09:00
GoogleNews:Z世代　意識,Z世代　意識,Z世代の3人に1人が職場の飲み会に不参加。参加条件は「会社負担」「2時間以内」などコスパ・タイパ重視か。「飲み会」に関する意識調査を実施 - PR TIMES,https://news.google.com/rss/articles/CBMiakFVX3lxTE80aUstbjVWUmVIT1pnVi1ybHRlYld3YW9DcDRhVHkwQzVxS25yNlVYM3ZfR2lkQnBhNGJMWWhCRnRFSFhOQVJpRlppZUp4MWlqUnFuMHdMVFhPR3NRQ0NKZXFiWEQtRk1hUWc?oc=5,"Fri, 06 Mar 2026 08:00:00 GMT",2026-09-01T10:17:01+09:00
GoogleNews:Z世代　意識,Z世代　意識,Ｚ世代にとってサステナビリティは本当に「意識高い系」なのか（２）－データで見る「責任意識」から「サステナ行動」へ至る経路と構造 - nli-research.co.jp,https://news.google.com/rss/articles/CBMib0FVX3lxTE1pTTJkYzhyWEtvOHpRdDVoUTlfNU5UM3RadVhnZzhsLVN3NmctcnRQYWdqeTl0aDVHY3BDY0E0QU5GeGpkcGtUOWplVDhOY2dqSzU2Rk93WGZRMV9QRnVwc01leGE4d2ZQVHZIZ1RxUdIBf0FVX3lxTE5lZHVaWVdQaHFuZ0ZORXNJenY4NnhnR3NLaWhNTlFqbnVLTjFJelFpc0JnT0U0WTFnd2dIOEF4SnBxTmNYbkxDRTYyYjI3RlhBMzZtcmFSZE5tODBHMmxmVXQxQzY5TThTaHlJTms1VVNXdVRiQzdXVEJDSXphbnc?oc=5,"Tue, 17 Mar 2026 07:00:00 GMT",2026-09-01T10:17:01+09:00
GoogleNews:Z世代　意識,Z世代　意識,【2026年Z世代消費行動調査レポート】Z世代は一括りにできない！3世代に細分化すると消費行動の違いが明らかに！OASIZ「３層から読み解くZ世代新構造」 - PR TIMES,https://news.google.com/rss/articles/CBMiakFVX3lxTE9icVBZb1Z3bHJrdXpGdDA2TDRWcmd3OHZNSjNGR2ZYTTVvTjdPcTlSZ2t4V2pERW5jbUFKNktjQmtubFFTR2owNlpZXzRabE9ObF9zSmwzS0MtY1pBUVBoX2J4SGpFMzhSMFE?oc=5,"Tue, 23 Dec 2025 08:00:00 GMT",2026-09-01T10:17:01+09:00
GoogleNews:Z世代　意識,Z世代　意識,【働き方の意識調査】Z世代は本当に安定志向？ベンチャー若手の“約半数”が描く「自ら選ぶ」キャリア像 - PR TIMES,https://news.google.com/rss/articles/CBMiakFVX3lxTE93UnlsclJMb3VldERDUnhXb1Q0UXdLS0ZtMHRzYU5XVk15NHRpUW9OaWdIZVdxVkhzVEFPQWtabGU0dTRBdUxDTGZaSVBDY1NqU0xkUUxGZEVmU3E0UHlmSHdkNFpFZ3dWS1E?oc=5,"Fri, 13 Feb 2026 08:00:00 GMT",2026-09-01T10:17:01+09:00
GoogleNews:Z世代　意識,Z世代　意識,地方のZ世代「クルマ離れ」意識急速、4年で倍増47% サブスクに関心 - 日本経済新聞,https://news.google.com/rss/articles/CBMibEFVX3lxTE8zbHFnRThJWUdoLXpwVkNUN0w1SkFRNEZKWGFxb1BwRk5MLVpiQTh5N2tBZjNMdUhsUVdoRFc5ZGswektmSnBhTnhNenJ6V2l1TFJuSjBpbTJNckhCeU1qc2xzWW9NNzZ1dV8yMQ?oc=5,"Sun, 28 Jun 2026 07:00:00 GMT",2026-09-01T10:17:01+09:00
GoogleNews:Z世代　意識,Z世代　意識,【調査リリース】Z世代における転職に関する意識調査／就職・転職活動中の80.6%が「転職にいいイメージがある」と回答／「3年は仕事を続けるべき」との考えは、7割強が否定的な受け止め - PR TIMES,https://news.google.com/rss/articles/CBMiakFVX3lxTE5tRlJkOVNTNzM4cEZRLXFxaDlDU09ZNm50aDF0UmpkRUMwbnF1UXc3R2M2Y3F2SnhvS1ZRV2dlOTh5V3RCYmlsSFFtalF1cXp6VkRHeE1ZOUUxU3Rxa25TV1N1SV9pSkhaUmc?oc=5,"Fri, 21 Nov 2025 08:00:00 GMT",2026-09-01T10:17:01+09:00
GoogleNews:Z世代　意識,Z世代　意識,過去1年でZ世代52％が中古購入 - リユース経済新聞,https://news.google.com/rss/articles/CBMiY0FVX3lxTE83ZTl3b09hVFRReDc2YzBHUEZiZ2NsM1FwbUF2TmVDbll5MG1LVG9iNmotbFhNcElPVi1PbU5iN3dYYjBQdzF1dXUxQ2EyeU5VeW8zLXlRVW13WmhDY0Q2U3ZYbw?oc=5,"Fri, 12 Jun 2026 07:00:00 GMT",2026-09-01T10:17:01+09:00
GoogleNews:Z世代　意識,Z世代　意識,Z世代の47%が企業の中途半端な復刻に拒否感。懐かしさ消費の原動力は自己肯定感（36%）。Z世代のノスタルジーマーケティングについての意識調査をZ-SOZOKEN（Z世代創造性研究所）が実施。 | Fiom合同会社のプレスリリース - PR TIMES,https://news.google.com/rss/articles/CBMiakFVX3lxTE9RUUxzazFUY3RORnQ5Z3dIWDI1OFhmc2gydExDTFRWZDdzXzNfeFRUMnFHSVVVTVcxSFNWSEJMSi1qTDRxQ19RdGp5WGgxNVd4aVU0ZnVvRlV6dXFrMDVrd1kxMjZicUd4dVE?oc=5,"Thu, 26 Mar 2026 07:00:00 GMT",2026-09-01T10:17:01+09:00
GoogleNews:Z世代　意識,Z世代　意識,20代の推し活支出が突出して高い理由——「推しのために働く」Z世代のマネー意識（ファイナンシャルフィールド） - Yahoo!ニュース,https://news.google.com/rss/articles/CBMiiAFBVV95cUxNbkJwM3pfQTVVcE5VaTMxNVFXSU9DN19SS0NSWmEzRU1RbzlCS0IwZ2Y0aGtCeV8waHhOb1lraUJKUHByendJSG4wYUhzbHJSNjBVSXdvUXJVX2EzY0JpNjlBdFR0aW85cHBYVEcyS1YwNXBWWXN3Y3E4V2JiNk1tSXVQSmdUMmVu?oc=5,"Sat, 23 May 2026 07:00:00 GMT",2026-09-01T10:17:01+09:00
GoogleNews:Z世代　意識,Z世代　意識,Z世代の約8割に「ストック消費」が定着。「外食」に関する意識調査を実施 - PR TIMES,https://news.google.com/rss/articles/CBMiakFVX3lxTE8zMHVaTjdHTG4zbFNtdnNhSS1fS2w3VkNYQXMyS3hrVGt2MGIwT2V6bTJORHZsWjlsSWl4TFRhdjJKODJsYkhRT1pRdzRnMzloaTYwcG5UQ3BYQjZCQzBOZV9iTF8zNjdjR2c?oc=5,"Wed, 07 Jan 2026 08:00:00 GMT",2026-09-01T10:17:01+09:00
GoogleNews:Z世代　意識,Z世代　意識,【母の日】Z世代の半数以上が母親と「ほぼ毎日」連絡、約2割がインスタの繋がりあり？Z世代の母親に関する意識調査を実施 - PR TIMES,https://news.google.com/rss/articles/CBMiakFVX3lxTE11MUc3RTBFZlFrQ1BMUG5WbFM5SjJ2SEhMdFdkZWFEcWpwamtsdWp2aFFKUDFVVTJHa19HanN6RXhkNTNYX3V6MDZGQ292TEtLNHdxRUVjOVIzRjN0R1NGSDRvNWNJbTRidmc?oc=5,"Thu, 23 Apr 2026 07:00:00 GMT",2026-09-01T10:17:01+09:00
GoogleNews:Z世代　意識,Z世代　意識,大人の8割が知らないZ世代のメンヘラ消費。82%が親や教師には秘密。企業の病みかわアピールを30%が一刀両断。Z世代のメンヘラ消費についての意識調査をZ-SOZOKEN（Z世代創造性研究所）が実施。 - PR TIMES,https://news.google.com/rss/articles/CBMiakFVX3lxTFBmS0FCQXB6NW9CRzc3MjhRd25uU2JWUC1IWXZLQWdxMG1BSl9rWEJTVWRpS3N4bGc0UkFrMVVNUHRJMWpNbnFGQ21FVHR6djJoeEE2ZmJSX1VaYTFZTnV4c0NycTNoM1hvMXc?oc=5,"Wed, 25 Mar 2026 07:00:00 GMT",2026-09-01T10:17:01+09:00
GoogleNews:Z世代　意識,Z世代　意識,Z世代の95%がミーム経由で商品購入・利用に至らず。企業のミーム活用、39%が「下手だとブランドイメージ悪化」。Z世代のミーム化についての意識調査をZ-SOZOKEN（Z世代創造性研究所）が実施。 - Excite エキサイト,https://news.google.com/rss/articles/CBMidEFVX3lxTFBJWDNyQW0zazRfUUMxbEZROTdodWRrekF6ankxemg2bFZNaWo1YlI1YkJ6TjFRQTFvRDBCRmV4VEI0TlFPWlhHd1V0UTVDa0tPLWZneG5GbktTNmJha01SRXBTRFplOV8wS1dURkVTTFZZQVVL?oc=5,"Mon, 24 Aug 2026 13:10:00 GMT",2026-09-01T10:17:01+09:00
GoogleNews:Z世代　意識,Z世代　意識,WAKA、「Z世代・α世代のタイパ意識とデジタルサービス利用実態調査」を実施 - netkeizai.com,https://news.google.com/rss/articles/CBMiVkFVX3lxTE5VYnloQ2FnVmQ2Q3VtdC01TDRETzJZcjN6cGdVaXdsblQxeVlDQTNqWjJaWFh6dE1CcVVwX08tdnlrVzgxeF9iOHoyWmlfdFFqN0dOMFV3?oc=5,"Mon, 20 Jul 2026 07:00:00 GMT",2026-09-01T10:17:01+09:00
GoogleNews:Z世代　意識,Z世代　意識,Z世代はS（ソーシャル）世代に 大学生意識調査2025発表 - AdverTimes.（アドタイ） by 宣伝会議,https://news.google.com/rss/articles/CBMiX0FVX3lxTE43a3p4VDluRmtZZ2pKMUJyMXhJUnl1Mjc3TkhodC1ETkhrM0dLZk9MVl9fQ29IOWU0RldFb2s0d0RSR0NKeGJraUlnUG41bjl5eHBScEJVSHUtNzVVNGdr?oc=5,"Mon, 22 Dec 2025 08:00:00 GMT",2026-09-01T10:17:01+09:00
GoogleNews:Z世代　意識,Z世代　意識,日本のZ世代意識調査：SNSのイメージや消費感度編 - ネオマーケティング,https://news.google.com/rss/articles/CBMie0FVX3lxTFBuVFNQeDFZWDBsXzJzWm9tdGdqSnpUSy1vVHVycUtEY3pPemExVE5pbUh3QU1OQnZMUTRCRkRWMGlnY3JWeHBPOVZhaGlnMjlHRUdTRGU3dmJnVmRJc3paa1ZmMFM0S2lwMFgwUXllek81QkN3SEJnNEQySdIBiwFBVV95cUxQVXNFYjRtOTdva3ljMXc4U0lYcnhjTFVqdE9PaUdkdjRrbFpjeHZ1Q0ZkR2FHd2wzdmpRQnppV2liU0NyUEVhS09zd1ZXbDNPTU9EVlNDVVFVdjJVZXF2SlV5d0VmUVVxTlY0TWRRcldEMmNENXVHLTlpdXE5UFVUcU14emRyMEp5YUln?oc=5,"Fri, 26 Sep 2025 07:00:00 GMT",2026-09-01T10:17:01+09:00
GoogleNews:Z世代　意識,Z世代　意識,Z世代、「新生活への意識・関心」ライフステージで異なる志向 GMO NIKKO調査 - ECのミカタ,https://news.google.com/rss/articles/CBMiWkFVX3lxTE5nNE9DODZNOThMVWVQSDgyekgwZ2xsbmJ3WWV4TFh4aGItOWRhak1pcGNRczM2M19HYUdpUGhYdUtVVlFOYXdtQnQyMmxNOVBnODA4NVM4NUx5Zw?oc=5,"Thu, 14 May 2026 07:00:00 GMT",2026-09-01T10:17:01+09:00
GoogleNews:Z世代　意識,Z世代　意識,“Z世代は飲み会嫌い”は本当か？ 世代を隔てる“配慮”の存在 - 電通報,https://news.google.com/rss/articles/CBMiS0FVX3lxTE5XdjRnVnU0RlBTaWo5amxPSGVNTnFSb3BNM2RZWklGamVHLXl5Yi1UOE5pc252Z01iU2VuamcxanMzbEJ4T2VHVlp1bw?oc=5,"Fri, 19 Dec 2025 08:00:00 GMT",2026-09-01T10:17:01+09:00
GoogleNews:Z世代　意識,Z世代　意識,Z世代が自治体情報で最も信頼するのは「地域のお店・施設の公式アカウント」39%。市長・議員はわずか1%。Z世代の自治体プロモーションについての意識調査をZ-SOZOKEN（Z世代創造性研究所）が実施。 - Excite エキサイト,https://news.google.com/rss/articles/CBMidEFVX3lxTE1YcGphblZsbEltNkc4OE03LWVfQWxRLVhzOUZVbFlXVGxTWkprdlBxYjJ6OUhsUFFUX3Z2UmVfMkpISGxoV0FKSnZtR3JBd3l1TDRKSXJPTTRXT2l5SWUtUkk5V2JYaWc0akxoRGQyZ2tkQUdB?oc=5,"Sun, 23 Aug 2026 01:45:00 GMT",2026-09-01T10:17:01+09:00
GoogleNews:Z世代　意識,Z世代　意識,Z世代の84%が「恋愛したい」、一方34%は交際経験ゼロ。理想の出会いは「学校・職場など自然なコミュニティ」(61%)。Z世代の恋愛についての意識調査をZ-SOZOKEN（Z世代創造性研究所）が実施。 - Excite エキサイト,https://news.google.com/rss/articles/CBMidEFVX3lxTE55UlB1LUMtSkZsMW9vQW1uYzZQa0FxaUdqR0dtNGRPM2dTcGlFdTNZS3ZPQmZPaFllOS1EYW50bVZtWktrUjhQeE1lcU94UG1qUTM4N1JyYWdVMkprOVdxQy1IcHRSTmxocnZEbWtxVlgtSW1N?oc=5,"Sat, 22 Aug 2026 04:15:00 GMT",2026-09-01T10:17:01+09:00
GoogleNews:Z世代　意識,Z世代　意識,Z世代はどう見ている？最新調査から見えてくる企業のSDGs・社会貢献活動の形 - PR TIMES,https://news.google.com/rss/articles/CBMiakFVX3lxTE5GdEZ3Y19KUE5lbm85T0RUWjNtcHR6Yk50dzVpS0dxVXdTZ1B0bDdDR3ZLeDllMXotVG5MUktMdHBSWDFJa0FzQXJxbElheHBwLUt4b0RyWW9tUS04aWtXdHZacGQ2cmd6akE?oc=5,"Thu, 06 Nov 2025 08:00:00 GMT",2026-09-01T10:17:01+09:00
GoogleNews:Z世代　意識,Z世代　意識,Z世代の熱狂を生み出すマーケティングに注目 - nikkinonline.com,https://news.google.com/rss/articles/CBMiYEFVX3lxTFA2Sm5rbU40VFdwVnI1RkJyUmVPS1dfcEpvc2pzU0ZmTGNVdWNuZGZqQnU1WW8zd1dzaElHZ21Ob0lpWWJHeFFjM2lEQjZDUlA0b0NhOThtUkRDUnczaE9ZYQ?oc=5,"Sat, 31 Jan 2026 08:00:00 GMT",2026-09-01T10:17:01+09:00
GoogleNews:Z世代　意識,Z世代　意識,「ライブでの観客の歌声」ネットで沸騰、大声歌唱はありかなしか【Z世代の意識調査】 - 千葉テレビ放送,https://news.google.com/rss/articles/CBMiX0FVX3lxTFBXaS1tS0RvemctTk1Va3NTbzY2cXRZRHF1dDlPcUZNUnVrTFM4WUJ5YVVHRVJOZGVNcTBkOEFXM0pvLTFHSGNPam92Xzg0S1JfMXlKUGtxUTZwN2NIU01V?oc=5,"Sun, 23 Aug 2026 02:06:25 GMT",2026-09-01T10:17:01+09:00
GoogleNews:Z世代　意識,Z世代　意識,Z世代の55%が「生成AIのアドバイスが行動や判断に影響」株式会社マインディアの意識調査で判明 - commercepick.com,https://news.google.com/rss/articles/CBMiVkFVX3lxTE1HWjRXMk93RFNhWUM3OExweHhEd1E5XzVoTEZJTThvemNFLXVmNDdJb1B5SjJrWDhTY244bjV5UV9uc2F2ejRxUU8wb3hvbWRUVkh2ZUl3?oc=5,"Tue, 09 Jun 2026 07:00:00 GMT",2026-09-01T10:17:01+09:00
GoogleNews:Z世代　意識,Z世代　意識,「ライブでの観客の歌声」ネットで沸騰、大声歌唱はありかなしか【Z世代の意識調査】｜概要｜ニュース - ピンズバNEWS,https://news.google.com/rss/articles/CBMiTkFVX3lxTE9HdDJxRWV1NWV1WkNxR2xIVGVSMDRSd193N0lZUVNpUGJOZEZIMWFLVU5wZ2ZEYW9heHZ0ZG9tY3k2a0VvRkpCUXNZT2gxdw?oc=5,"Sat, 22 Aug 2026 23:30:00 GMT",2026-09-01T10:17:01+09:00
GoogleNews:Z世代　意識,Z世代　意識,Z世代の6割超が電話対応に負担感、社会人基礎力の意識調査で明らかに - こどもとIT,https://news.google.com/rss/articles/CBMiZEFVX3lxTE9HUFNYbmpSblFFeTAwQjJLYmR5SWdtekdrRG1CdGkzeUtzSmJOeDkzcVVRdUUyT1lUaEgzMXZqTUM3b3dQYkxaSGpZSXdMNUFRZk5YWmtvM0E1SmlwVlJsWTktMmg?oc=5,"Mon, 09 Feb 2026 08:00:00 GMT",2026-09-01T10:17:01+09:00
GoogleNews:Z世代　意識,Z世代　意識,むしろ、ひとりが楽しい!?Z世代の4割が“ソロ活”経験あり。「ひとり時間の過ごし方」に関する意識調査を実施 - PR TIMES,https://news.google.com/rss/articles/CBMiakFVX3lxTE5qUVhSX25ISTg2a0hEbmZqMk5CWkxOZlNTNUNkc3Q4LV9uOVdVQklLZUVIV3lkQXNpMDEwdVNDTllRbDl3NXhaVzBDLWlIZnE3MzV5TU5td3JKOHc3SDJRVnFCcDVBNTZFZEE?oc=5,"Thu, 30 Oct 2025 07:00:00 GMT",2026-09-01T10:17:01+09:00
GoogleNews:Z世代　意識,Z世代　意識,Z世代に聞いた「ビジネスマナーに対する意識調査」を発表、苦手最多は「電話対応」―manebi - HRzine,https://news.google.com/rss/articles/CBMiSkFVX3lxTFB1RDFIYW5ZRDY2VUZqVjY0TU5MNVNtLXp3czMyVUczTmxBeFBUdDZFdXpZVGxKelVqR04xOGR6V0NTMFBaQVp6R2hB?oc=5,"Thu, 19 Feb 2026 10:27:36 GMT",2026-09-01T10:17:01+09:00
GoogleNews:Z世代　意識,Z世代　意識,Z世代の人権意識に焦点 ひょうご人権シンポジウム、26日に神戸で [兵庫県] - 朝日新聞,https://news.google.com/rss/articles/CBMiZ0FVX3lxTE9qUGlRNGJvWHFwMnYwTXBIOE1qRXpvWEtQRWZHUmthcTZpV0pCOEV0eTdySGFTekhhX1J2WlEydV9IMmRJanZjZW5aZmQ2RTAtbUhjeXpScUxQNlVaTWZma2MyYkc5SkU?oc=5,"Fri, 27 Feb 2026 08:00:00 GMT",2026-09-01T10:17:01+09:00
GoogleNews:Z世代　意識,Z世代　意識,Z世代の45%が「小学生頃」に郷愁 ノスタルジーマーケティングの意識調査でFiom合同会社が発表 - commercepick.com,https://news.google.com/rss/articles/CBMiVkFVX3lxTE9KZDdIN2Vjd0JvYmFfX0Zybnc1QzFZeWU0dDFOaDNsSlptdklFR2NKOS1QOE16N0Q4MEoyQ0NIbmVQazRTR2dqT3EzZ19JeUlEaDQwckx3?oc=5,"Thu, 26 Mar 2026 07:00:00 GMT",2026-09-01T10:17:01+09:00
GoogleNews:Z世代　意識,Z世代　意識,【今月のチャート】健康意識が高まるZ世代、依然としてカフェインは重要な役割を担う - Euromonitor,https://news.google.com/rss/articles/CBMinAFBVV95cUxQdmJkX3dMcjJ5T2NEdmNIWjE4cVotM1pDeXpjb0ZId2IwYmk1UW12QXVObzdteTJ2VHc1cXJja0h4ZkZjTkFoNFFZa2ZlVjlfajNDeU9GSGxMV2R6ZVd1RkEzNFZVT3dYTDd2TXZDM0lkMVNnN0hfNElSRU5fa1RVa1pZdVNMZVZkdmlwc3FlVXJnMXg5TklDTnktQmE?oc=5,"Fri, 24 Apr 2026 07:00:00 GMT",2026-09-01T10:17:01+09:00
GoogleNews:Z世代　意識,Z世代　意識,日本のZ世代意識調査：日米のヒトモノについてのイメージ編 - ネオマーケティング,https://news.google.com/rss/articles/CBMihwFBVV95cUxOVURDSzA0bEY3c0lmek0yLXNrQmI0NC02QUdUOF9RLUFzeVp3aXZkck0tYXZycnBWVjVhYXMzRWxYcEN2NnpXNDFEazNSamxSQlFJSkRJR3Q0bE5PM0I4MnB1NjJLejJQNXEydVZ6eEUySFhmOEU2UzBPazJzN3cyWUdYNjdsY3fSAZcBQVVfeXFMTVBXYVpXQ3ZjOWNLN211bWp2a0FyZ05aRXg4b3huWE5DSFVsb2pQUVpqaWpCM0EyVkhIREk3SlZDZThXMjJBNWdHZXc5ajRRc2RsNjUwREpYVVFMWXpXQWxnUVdUbXNlQ2pIQk11TU9iaTNwNDJuUi05Y3JnWThYRGR1SGFLSlB2V09ucktuRFo5NWFoak9Ecw?oc=5,"Fri, 26 Sep 2025 07:00:00 GMT",2026-09-01T10:17:01+09:00
GoogleNews:Z世代　意識,Z世代　意識,BeRealの魅力は「比較からの解放」。Z世代の50%がリアルな友情の深化を実感、「SNS疲れ」の受け皿に。Z世代のBeRealについての意識調査をZ-SOZOKEN（Z世代創造性研究所）が実施。 - PR TIMES,https://news.google.com/rss/articles/CBMiakFVX3lxTFBZQklLUUFlNTBuRUlUVElPYWdtUWxXXzVrUmxFTURHVjF5ZERmLXdTd0h5M2YyUHp1SC1POFk1Wll3X0JocjlycDNrdUVwNzVBY2RJRW56dThLLTRFbnNQOHJpQUtjS04yYWc?oc=5,"Thu, 13 Nov 2025 08:00:00 GMT",2026-09-01T10:17:01+09:00
GoogleNews:Z世代　意識,Z世代　意識,「Z世代の大学生の海外旅行意識・実態調査」結果を発表 - 時事ドットコム,https://news.google.com/rss/articles/CBMia0FVX3lxTE02RHpGd09sby13aHRRdDBacUdYX2Vua1BTaHFsQmtmOUhzUGV4R19vR3NQQ0ZBMW92eDlkZlFnV05oU2dmM3djdUZmdkdpMTFaazRKNDNMbS0wcjJPcGdJVFE5VS1OeVkzUUpn?oc=5,"Fri, 31 Jul 2026 07:00:00 GMT",2026-09-01T10:17:01+09:00
GoogleNews:Z世代　意識,Z世代　意識,Z世代と上司世代のお金の使い方を比較調査、SNS活用やコスパ意識に年収別ギャップ|SMBCコンシューマーファイナンス - commercepick.com,https://news.google.com/rss/articles/CBMiVkFVX3lxTE5HSE5oSGdvczlNZDVJSFJBTVpyYThzcjFqRjFJRDMzSnp4eXN4WV90SUdSOTd0VkQ5blRzOGk3RWs4Z3pyTGtLU1FENjY2eUVCaDdkaXBR?oc=5,"Thu, 07 May 2026 07:00:00 GMT",2026-09-01T10:17:01+09:00
GoogleNews:Z世代　意識,Z世代　意識,Z世代は節約しながらも趣味やご褒美には積極消費、デロイト トーマツ調査 - こどもとIT,https://news.google.com/rss/articles/CBMiZEFVX3lxTE1CSzhNcjVLZHZpRTkwRWdHSVdxN2EtY2VIYW5PVVRyaHI0SmVCeGhsSHNHNUw0OC1QWjZnSVhvT1pGWndhYWFaMk5LNDNLTVlnZEV0VzdVc3A3SmhvdnV4cnlBczE?oc=5,"Mon, 01 Dec 2025 08:00:00 GMT",2026-09-01T10:17:01+09:00
GoogleNews:Z世代　意識,Z世代　意識,"X世代・Y世代・Z世代の3世代2,050人の働き手を対象にした、仕事での生成AI利用に関する意識調査 - adeccogroup.jp",https://news.google.com/rss/articles/CBMiV0FVX3lxTE01eFhRYmwzNkZPb2VYQmlFXzFnLU5ZZ2VUMml3N3hYR0FYeEN3U2RsSVk5RDVEUjZraEt4QXJyN3VZVHA4V05fZEFqMnNsMkdOemdpaGVHRQ?oc=5,"Thu, 16 Oct 2025 01:19:24 GMT",2026-09-01T10:17:01+09:00
GoogleNews:Z世代　意識,Z世代　意識,「Z世代の大学生の海外旅行意識・実態調査」結果を発表 - Infoseek,https://news.google.com/rss/articles/CBMickFVX3lxTE5wWUwxMi1oaGhJVmFFdU1YNHBUYkhLWUU1ejAtTi1KbC1fTjlMc0x1UEZXdTFKWUg2UGU2Z3VHa2FFWVhMWmlvN2NjcmplR053RnZGX0pLMXVOLWpmX2hndm1GT09peTRvZS1feWV1UE5YQQ?oc=5,"Fri, 31 Jul 2026 07:00:00 GMT",2026-09-01T10:17:01+09:00
GoogleNews:Z世代　意識,Z世代　意識,サステナは“意識”から“習慣”へ──Levi’sが仕掛ける、Z世代のリペア文化再設計 - AMP[アンプ],https://news.google.com/rss/articles/CBMiYEFVX3lxTE94NFF6M0JVZTBmWGp3THNjZ0N0RTh0dU43cmFOX2xCdHJDWUxGcWxGM2N6UGZiOElsc2VfVHdyMGVPZnJoS0o4V2p0clhIdWxITUwxTVEybS00NG5VYmM4NA?oc=5,"Sun, 03 May 2026 07:00:00 GMT",2026-09-01T10:17:01+09:00
GoogleNews:Z世代　意識,Z世代　意識,生成AI時代の「仕事」をめぐる大学生の不安の実情－高い就職率でも揺れ動く、Z世代の「自己成長」意識 - nli-research.co.jp,https://news.google.com/rss/articles/CBMib0FVX3lxTE9abWtpMFA0M0RDSjlHU21CdjNHd0hCVDdYUDFZRmJqWi1kWXdpX2FLNzRBRGFuVGE5R3ZuSE04Zm93M1VHdDRXZm15X3VZWUZLM24tT3JLWmVBSUpwU3g0UEtFS0ZuR3RuMldnTWIwONIBf0FVX3lxTFAtLWRlbG9od05zZDEwWVdUejlEbUdJM0MwVXY1eGpIQTVUS09vWnAtNFFGYkVQRFlBcXdVQVYtWk1YY2xsZUJ0ejRkakQ1TFVtREdYWk1taEtSSkpvaWJwSUFUQTFvNG84eXdBcnlqWFh5ZnBsanNjQmtvSmNUanc?oc=5,"Tue, 27 Jan 2026 08:00:00 GMT",2026-09-01T10:17:01+09:00
GoogleNews:Z世代　意識,Z世代　意識,Z世代社会人の34.1%が職場の飲み会に不参加！「コスパ」「タイパ」重視の参加条件とは - 僕と私と株式会社調査 - commercepick.com,https://news.google.com/rss/articles/CBMiVkFVX3lxTE5sMWxKZmN0ZGZEOWYwNW9CRTNpdUhHOGt4ODF2OFNlYUU3SzdyclVmam1veW40LWd3RElQVC14Z1dxRVUtc2UtMEVwYWcwOVA2S2NqT2t3?oc=5,"Mon, 09 Mar 2026 07:00:00 GMT",2026-09-01T10:17:01+09:00
GoogleNews:Z世代　意識,Z世代　意識,ＳＭＢＣコンシューマーファイナンス調べ 有意義だと感じるお金の使い方 Z世代・若手では“将来のため”、 上司・先輩では“人のため”の優先度が高い結果に | ＳＭＢＣコンシューマーファイナンス株式会社 - アットプレス,https://news.google.com/rss/articles/CBMiTkFVX3lxTE5RRzljUkxpTFpZTDk4eGMtS1VuYi1adWJScWR2d3ZVWUQ1Sk9kTnhaMEtGYS04M210SlJReFVmTksxMmhZZVd0cDNKUTE0Zw?oc=5,"Fri, 01 May 2026 07:00:00 GMT",2026-09-01T10:17:01+09:00
GoogleNews:シニア　意識,シニア　意識,ミドルシニアの働く意識に関する実態調査 - マイナビキャリアリサーチLab,https://news.google.com/rss/articles/CBMiakFVX3lxTFBCcTN3QlE5dllMTjlhSEdNS1A3MUhDSWFsVFkyVkRnV1N6c2lwUDBoRFFmMUdxNm9SeUd5WklzSnFERlRHZ1JDbVFaeXkwRHV3SVNoYndBUXQ5Y1Vlenl1a0tEMzJrbXg1NGc?oc=5,"Fri, 28 Aug 2026 04:01:12 GMT",2026-09-01T10:17:03+09:00
GoogleNews:シニア　意識,シニア　意識,マイナビ「ミドルシニアの働く意識に関する実態調査」を発表 - PR TIMES,https://news.google.com/rss/articles/CBMiakFVX3lxTE9PQ2dSM0NwUmFSYXpvQWw2XzVIeDRzQlVFNmtuV015RklieHN5NHVJTDdveGF6RjJwUDlxdE53ejhzSVpVdmVBY3FobDRTUzdWVll2bzlweVN0UVh3YnFwXzUweEZGNGFMNHc?oc=5,"Fri, 28 Aug 2026 04:00:02 GMT",2026-09-01T10:17:03+09:00
GoogleNews:シニア　意識,シニア　意識,猛暑の外出自粛で高まる筋力低下のリスク》プロが教える「室内スクワット」と手軽な家トレ術（4ページ目 - 週刊女性PRIME,https://news.google.com/rss/articles/CBMiWEFVX3lxTE1KT0JocTkwcTdFNFpUaldRLWlDOWJOQzdUR2dERTBTV3RINE50VFotMWlXRDBuMHRMT0tkeUo0Nkx0VTVaOHZfcFlmYXBYQ1Mta3dpOHY2SlQ?oc=5,"Sun, 30 Aug 2026 02:00:00 GMT",2026-09-01T10:17:03+09:00
GoogleNews:シニア　意識,シニア　意識,転職サービス「doda」、 ミドルシニアの転職意識調査レポート【2026年版】を発表 ～ミドルシニアの5人に1人が「転職検討・活動中」、 転職では入社後の人間関係や能力発揮など「環境への適応」を懸念・重視する傾向に 企業による受け入れ体制の整備が定着・活躍のカギ～ | パ - パーソルキャリア,https://news.google.com/rss/articles/CBMif0FVX3lxTE9pUjdwZVdtOS1xbUNnYnBDb19MSUZJdVZ3MjdnY2cyUkZPdGNYbXpiS3pvbERvWTRCNHJqSVRQellkeFZjcGExcmc4MkJCblk4N1ZwTXhaT0Z6UTExeHJYM2pVVkg1b3dZUkFtY0hWLXpEcnp1Q2FxTVJQU2tQSVk?oc=5,"Thu, 25 Jun 2026 07:00:00 GMT",2026-09-01T10:17:03+09:00
GoogleNews:シニア　意識,シニア　意識,"【シニアの意識調査】自宅で「毎日測定」するシニアが4割超！一方でデータ管理は紙（37.4%）が中心。コスモラボが1,7 - ニコニコニュース",https://news.google.com/rss/articles/CBMiVEFVX3lxTFBfdl83Q2J5T3pya2Ezc2Z0bG16Tms2WlBab1d4cTlZM2lYekl4Y19rdFlkdW9JN19IRUVMMndFbkNrVkRWeWpaTlB6TlB6VGFjc3ZzWQ?oc=5,"Wed, 26 Aug 2026 06:51:40 GMT",2026-09-01T10:17:03+09:00
GoogleNews:シニア　意識,シニア　意識,マイナビ「ミドルシニアの働く意識に関する実態調査」を発表 - Excite エキサイト,https://news.google.com/rss/articles/CBMif0FVX3lxTE5ubG9XRFNMNVN5dExhN1JvQ1QzNmRSXzBjdmxoMzVhUTdhNng4RHBtRnJKZGxmb2lwQUd6NUZMeU9FNl8zVVh3aEh5RG5QS3NweFVEeWdJYzQzWGFYRnlOWWFYZW9EZjJabHhyTndfVmlwMUpzZzZPRUpHQ3hwZVU?oc=5,"Fri, 28 Aug 2026 06:15:00 GMT",2026-09-01T10:17:03+09:00
GoogleNews:シニア　意識,シニア　意識,"【シニアの意識調査】ヘルスケアの訴求は「不調のメカニズム解説」から入るのが正解？ 2,079名調査から掴むシニアの顧客化戦略 - PR TIMES",https://news.google.com/rss/articles/CBMiakFVX3lxTE90RkdzUDF1dlZ3SldlYk43QW1PZksyUzZ6b1ZTSWhTNFgzRkdjR0FxMndzcktvTjN6dVhwd3lBaVpFTklZckNPQVNHcV9DUXNKZXlFa3ZTRXItSWM5NHNkaUlyektmMWxWNXc?oc=5,"Wed, 19 Aug 2026 07:00:00 GMT",2026-09-01T10:17:03+09:00
GoogleNews:シニア　意識,シニア　意識,ミドルシニアの希望退職に対する意識調査 - マイナビキャリアリサーチLab,https://news.google.com/rss/articles/CBMiakFVX3lxTFB3Z21SUW1aRUxucWZHeTEzT05ZTlBlRjQ1RWlld2tTTWl6UjhDREVYeExHQzBreWFlelZobGZ3dDUwT0VhRmhUQnN4UEltOEpPNEhVVWNrWEdmSjVFN3ZmTkdRLTdnU1dUWnc?oc=5,"Thu, 19 Feb 2026 08:00:00 GMT",2026-09-01T10:17:03+09:00
GoogleNews:シニア　意識,シニア　意識,"【シニアの意識調査】1,426名の回答から判明。シニアが腸内検査に求めるのは「3,000円未満」と「手軽さ」。専門性より“生活改善の答え合わせ”を重視。 | コスモヘルス株式会社のプレスリリース - PR TIMES",https://news.google.com/rss/articles/CBMiakFVX3lxTE9OT1VqMXlibHYySHotVVlCRHk2WUFwdEU4c0c0dk04Wk85U0NpWjRMaFRTa2xIZVUza3pFQmdtN18tV3MyaGM1VDdZaUc3S3NycTc4eUd4WnBUcTBldGgwME41OW1Yc0FJYUE?oc=5,"Wed, 13 May 2026 07:00:00 GMT",2026-09-01T10:17:03+09:00
GoogleNews:シニア　意識,シニア　意識,【お金に関する意識・実態調査2026】シニア女性の「お金の使い方」「守り方・増やし方」の満足度は増加傾向 続く物価高で節約意向が高まる一方、年金の補完や趣味・旅行の原資作りに「投資意欲」も拡大 - PR TIMES,https://news.google.com/rss/articles/CBMiakFVX3lxTE1nckJmTy1Sa0h6NDF6UWwwaG91QlU4eGxxZjRfeHR3aFV6U2doMTZWanRaMWJubXBWSGN5b2JiNTZIZmxHYVVnTHJMUm1DdUVPWUZ6OUhYMGUyV1QyWjJEanNmd2ZLbmxISHc?oc=5,"Wed, 05 Aug 2026 07:00:00 GMT",2026-09-01T10:17:03+09:00
GoogleNews:シニア　意識,シニア　意識,【シニアの意識調査】93.0%が食料品の負担増を実感、67.8%が節約行動を変化。物価高に立ち向かう高齢者のリアルな購買行動とは？ - PR TIMES,https://news.google.com/rss/articles/CBMiakFVX3lxTE1PSmxzYUJVbUUyUFhyaUxZYWRnN0tMbm4zRXQySndyZVdIZ2o3V0FrMzJoa3NjaHFYWENuRVc0NEo1M0V0aVlYS2otWXpiM01pZVNNYkdOWjNjek1mWmotd1lpRzRsUDVrZlE?oc=5,"Wed, 20 May 2026 07:00:00 GMT",2026-09-01T10:17:03+09:00
GoogleNews:シニア　意識,シニア　意識,"【シニアの意識調査】「リアル体験×短動画フォロー」が顧客化の鍵。1,291名調査から紐解く、シニアのLTVを高めるOMOマーケティング - PR TIMES",https://news.google.com/rss/articles/CBMiakFVX3lxTFBDUkM4Z3h5TnVVamVkUC1VT1J2ekNNVVF0TWkwZnhYcVhCc0pjU2pCeTlPRnEwMWFKbW1BZDBPODQ4dzNjSF95R1AxXzhuTXpWX3FnbjdVN2owYnlaSzRTUWpOTDhoYXdvV3c?oc=5,"Wed, 05 Aug 2026 07:00:00 GMT",2026-09-01T10:17:03+09:00
GoogleNews:シニア　意識,シニア　意識,【シニアの意識調査】2026年の決意──「今年こそ健康に！」でも、約8割がまだ未定 - PR TIMES,https://news.google.com/rss/articles/CBMiakFVX3lxTE0zbk9sODRJOUJUbFZEUVN6cmFwX3QyalNxUkNBM0ZJTkJ4Nnk1eE9nWGQtNWFmSmxDRDVRUUhxSXlUNldPTVR4Z09FX3YyYXVUQ1hIWE5qamJ0anZObnZSRE1XRWF2b3h0dXc?oc=5,"Wed, 21 Jan 2026 08:00:00 GMT",2026-09-01T10:17:03+09:00
GoogleNews:シニア　意識,シニア　意識,"【シニアの意識調査】シニアの約7割がサプリ継続を「効果を見ながら決めたい」と回答。1,211名調査から見えた、一律の定期縛りが敬遠される理由 - PR TIMES",https://news.google.com/rss/articles/CBMiakFVX3lxTE15dDdfMmRtZjJqSkRWVHhSWklERFpKMm43UzBhSTdvdmVxdDlDRUxxQUZlMW5PZlR6VnEySUhLeGhFTWhma3NXVXdVbUE4aVFFbml5SDliWFRBbUtMV2c2RDM4TkMyM1M0cHc?oc=5,"Wed, 08 Jul 2026 07:00:00 GMT",2026-09-01T10:17:03+09:00
GoogleNews:シニア　意識,シニア　意識,"【シニアの意識調査】運動習慣ありでもジム未経験が44%。入会・継続を阻む最大の壁は「続けられる自信」。コスモラボが1,309名にジム利用の実態を調査 - PR TIMES",https://news.google.com/rss/articles/CBMiakFVX3lxTE5EU1g4RnVTZDI1cmFIZy1GdkhCWjM1Qmx2OHBDMGRjNS1KcHJNVTVycFhpZk1wOHBVMzNkcFJTd2F1TlZtZTFiZ1dWVGRXOWxtSk1ZWFhJV1dJUzFidkxsM0tyczhwSEtIOWc?oc=5,"Wed, 12 Aug 2026 07:00:00 GMT",2026-09-01T10:17:03+09:00
GoogleNews:シニア　意識,シニア　意識,"【シニアの意識調査】約9割が「将来歩けなくなること」に不安。シニア層1,524名が明かす、転倒ケガや歩行変化へのリアルな危機感 - PR TIMES",https://news.google.com/rss/articles/CBMiakFVX3lxTE0xR2pHQUlSNlpxWXZVTGNtRVVTeTBVWndGMkhSNktLbThXV0VUd3lxQnp0REk4WXNucmVQQTRJRnZURXFLWnQ1aFRUamk3cVJlRzVKSVRxb0V4M1JCS25sYmdlZGF2NXc1Ymc?oc=5,"Wed, 15 Jul 2026 07:00:00 GMT",2026-09-01T10:17:03+09:00
GoogleNews:シニア　意識,シニア　意識,"【シニアの意識調査】1,144名に聞く社会参加のホンネ。不参加の理由は無関心ではなく「予定を縛られたくない（31.6%）」「人付き合いの気疲れ（29.9%）」 - PR TIMES",https://news.google.com/rss/articles/CBMiakFVX3lxTE04ZU5ZTDNfbXl5UGVRbDRHZ1I1M3dlaHVmTDcwa1VhQVdtWWpaMHBRNkZ6ZmpMQlBCMUtXSllzY2N2cUxGTi03LWtmMWxJclREZTVkTnRCM3oxWUZaN1lLTnp4T1Y1QS1VNWc?oc=5,"Wed, 01 Jul 2026 07:00:00 GMT",2026-09-01T10:17:03+09:00
GoogleNews:シニア　意識,シニア　意識,【シニアの意識調査】40％が眼科未受診？シニアの目のケア実態を徹底調査 | コスモヘルス株式会社のプレスリリース - PR TIMES,https://news.google.com/rss/articles/CBMiakFVX3lxTE1DNVpBaUE4dmtsWTZ0MHNKXzRXM2VKaWx0MWJ5VVNWX2gyYzdYWHdqNGJPcVl4b2ItQWltUDFuRjNFbzZIa3NmQ1BFVzNDbld1WVlQSTA3eVJKSmlGRGxpb2FsTUJqdU1jYVE?oc=5,"Wed, 11 Mar 2026 07:00:00 GMT",2026-09-01T10:17:03+09:00
GoogleNews:シニア　意識,シニア　意識,"【シニアの意識調査】野菜高騰でも「量を減らして野菜を優先」が約4割。野菜不足による健康不安は9割に上る。コスモラボが1,482名のシニアに実態調査 - PR TIMES",https://news.google.com/rss/articles/CBMiakFVX3lxTFBEX0IwYXQ3V19nVEJZQzY3bjdxZXNGRDg2WmlsYXI3bFJaNEhPNXJxQ3RLYTRRdlFvUG5sUkIteFhrbkViR0VDM1YzbGctYjZtaGpwS1hWN1NRVlV4ZGdSVHEyVFFkU2NiN1E?oc=5,"Wed, 29 Jul 2026 07:00:00 GMT",2026-09-01T10:17:03+09:00
GoogleNews:シニア　意識,シニア　意識,"【シニアの意識調査】病名認知は7割超も、約3割が骨密度検査「未受診」。コスモラボが1,476名のシニアに聞いた骨粗しょう症の実態 | コスモヘルス株式会社のプレスリリース - PR TIMES",https://news.google.com/rss/articles/CBMiakFVX3lxTFBTZWphd2h0UjlEOXFhbFYwMmNhTm9vVl9hZUhWbmhteDdOUUlYQVJoeVFzZmd1MUthRS1VNzd0RXBEWHo4WU9na2h0ZXpVaDk3QUdQVWkyWUhHc21Td29KNXBJMEhrLVZuX3c?oc=5,"Wed, 03 Jun 2026 07:00:00 GMT",2026-09-01T10:17:03+09:00
GoogleNews:シニア　意識,シニア　意識,【シニアの意識調査】ひざ痛経験が約7割──継続改善に課題、最新調査公開 - PR TIMES,https://news.google.com/rss/articles/CBMiakFVX3lxTE1nODJ3dTdzcHpsZlNBT0pkY0w4U2g1aWhQM1NhdVpZNWFoUEJhdmRRYzlkZnhjZm9hU201NEN0T21ReHhwTTV3R2NNQVlrLWRkVGhXWklrVUFrTmluel9GMzFhazRMR0xoWGc?oc=5,"Thu, 26 Feb 2026 08:00:00 GMT",2026-09-01T10:17:03+09:00
GoogleNews:シニア　意識,シニア　意識,【シニアの意識調査】2026年版！シニア663名へのストレス調査：原因1位は「身体の痛み」 。深刻な「不眠」に悩む層へ、今求められるのは“専門的支援”より“お茶会”？ - PR TIMES,https://news.google.com/rss/articles/CBMiakFVX3lxTE9MQlR6QTV4ZG1QcFFVdTY3WllQZ21yTktCMDEwOVlxTUlsMWRRMWtRQkNudk1FeHZFSlM4QWs5MmVuTkFwTnpmZXZFbVFRc3RXcWtxSTBJRU1IVWRlOE45MEJYTUxVZ1dEV0E?oc=5,"Wed, 15 Apr 2026 07:00:00 GMT",2026-09-01T10:17:03+09:00
GoogleNews:シニア　意識,シニア　意識,【シニアの意識調査】改善意欲は80.7% も、約3割は「何もしていない」 。コスモラボが958名のシニアを対象に姿勢（猫背・円背）の実態を大調査 - PR TIMES,https://news.google.com/rss/articles/CBMiakFVX3lxTE1PU3RmTVdHUDZ6U3VlTFRTc05oU2hPeFptblhXVnZYdENwMEljN1hmbkcwTXpUdDJqTU9aOG00WDNQeWJfQWVMWC1pZTFOVC1xV1FKQ0s2cXdtZ19rYmYyZFF3RVVzMVRQR0E?oc=5,"Wed, 27 May 2026 07:00:00 GMT",2026-09-01T10:17:03+09:00
GoogleNews:シニア　意識,シニア　意識,"【シニアの意識調査】シニア通販は「現金決済」の安心感が主役に？ 1,071名の大規模調査で浮き彫りになったシニアの決済・注文インサイト - PR TIMES",https://news.google.com/rss/articles/CBMiakFVX3lxTFBzMVU5QkwtekVqb1BtVFhRY1BzQncwNk4zTG9zLTFpYWMtYjVVZGxUWi0xZVBGSmk3NWxlYUJnTWhCRW5xeDBlWDZXQy1jQU96SDZGbktMbWNIRkNQbXFuVXR1VTlCTmpYd0E?oc=5,"Wed, 17 Jun 2026 07:00:00 GMT",2026-09-01T10:17:03+09:00
GoogleNews:シニア　意識,シニア　意識,【シニアの意識調査】記憶力低下への対策「特に何もしていない」層が約3割。シニア市場の行動化を阻む壁と、求められる“習慣・食・予防”の情報設計とは - PR TIMES,https://news.google.com/rss/articles/CBMiakFVX3lxTE9rMExJTHd5ZlAxQjQ4NS1MWVQxYlQ4TGpYMFRGNVdtbWNaN3JwRlJMUUt5cXo0RUNYVkhJSi1Xb2gxMEZ3UWdmSUhtd1hnc3paaE5TZmduaEd6TWE2YjN2d2ZQM1Nnc0hUZGc?oc=5,"Wed, 06 May 2026 07:00:00 GMT",2026-09-01T10:17:03+09:00
GoogleNews:シニア　意識,シニア　意識,【シニアの意識調査】シニア層が今後お金をかけたい分野は？ | コスモヘルス株式会社のプレスリリース - PR TIMES,https://news.google.com/rss/articles/CBMiakFVX3lxTFAyT2RhX2lxM3FhYkNMdElsZEp5Mm0wLTJaWHBaMzVNOFV2elpXM1ZzV3p1ZmpYV2RNWGpDSzNrZ056eDAzdk4tUG90dDRfNUxIWGI2aWFvM2l0SjZlQk1WcHlRbnFzVS1FYlE?oc=5,"Mon, 05 Jan 2026 08:00:00 GMT",2026-09-01T10:17:03+09:00
GoogleNews:シニア　意識,シニア　意識,"【シニアの意識調査】対症療法より「予防・習慣改善」に商機あり。胃もたれに関する1,961名調査から読み解く、シニアの顧客化インサイト - PR TIMES",https://news.google.com/rss/articles/CBMiakFVX3lxTE1qUm9fWktWM3FJcUFpdUFtZmdCU00zZmptRzNZZjUxLUNZTTNZM29tNTk2c1BhaUEyQlI3ckVwWGlYQ3RNaElCMzBuTy1TOWFHVW1xNTRQRGtDQk9aUGp0RGswNno2b3JzOXc?oc=5,"Wed, 10 Jun 2026 07:00:00 GMT",2026-09-01T10:17:03+09:00
GoogleNews:シニア　意識,シニア　意識,"【60～74歳のシニア1,000名 就業意識調査】在職老齢年金改正でシニアの就業意欲向上へ 制度認知シニアの86.2％が就業継続に前向き、認知有無で28.3ポイント差 - PR TIMES",https://news.google.com/rss/articles/CBMiakFVX3lxTE5HZ3FSRklIeXdhTUxCazlKd0N2SDU1QWRjUG5SWkNNb3NiNnRyLWdNZjdCVjN2NGFGM3ZJRUZsSVlpTUFSdGluSkNjUGlGc01fWXBLQ3JnUXM3a2JXc3A5cUlOTWxpUDlOWHc?oc=5,"Tue, 03 Mar 2026 08:00:00 GMT",2026-09-01T10:17:03+09:00
GoogleNews:シニア　意識,シニア　意識,“今どきシニア” は家族に依存せずにソロ活重視 ―博報堂調査 : 夫婦一緒意識も低下 - nippon.com,https://news.google.com/rss/articles/CBMiV0FVX3lxTFBadk5LYUpVOXBtMFRPYlNzNE04dHZUc2YyaXpUZkFxcTl3bWRsYjR3LVhDY1JiYmtUZWhTeHgyRmQ2ZjdSbzJ3SkhKQ1g3TjFINVhJOFRJSQ?oc=5,"Wed, 08 Jul 2026 07:00:00 GMT",2026-09-01T10:17:03+09:00
GoogleNews:シニア　意識,シニア　意識,【幸福に関する意識・実態調査2026】シニア女性の幸福度は7.75点で、2024年調査の7.84点とほぼ変わらず。 - PR TIMES,https://news.google.com/rss/articles/CBMiakFVX3lxTE55QmVla0NwUHc2VkdOSDAxOUh3Wi1oZVNRMUlUc2JhSHJhbl9CR09DWTd5dlI2eXRlOUJUdGhiWERyZF9HX2ZOSnA5V184WG53eDNFTE1PbWp5SldQVkV5QVh6ZFhkVS00T3c?oc=5,"Wed, 22 Jul 2026 07:00:00 GMT",2026-09-01T10:17:03+09:00
GoogleNews:シニア　意識,シニア　意識,"【シニアの意識調査】「まあ満足」層に潜む巨大な乗り換え需要。スキンケアに関する1,147名調査から掴むシニアコスメの顧客化インサイト - PR TIMES",https://news.google.com/rss/articles/CBMiakFVX3lxTFAxNWFheVE3enRUcTZKQmY2ZVhYbHlfWHRqZ3BqS3ZuZXRTZXhWNndLSUprb3VfcFNyRGlrNE1ZOTVpZVV4NVNVQ1lZZUxmUTFyNlVjdnF3N2RDbHdpYXkwc0RsXzExZGZMWFE?oc=5,"Wed, 22 Jul 2026 07:00:00 GMT",2026-09-01T10:17:03+09:00
GoogleNews:シニア　意識,シニア　意識,【シニアの意識調査】シニアの52.6%が睡眠に悩み 「夜中に目が覚める」が最多、67%が睡眠の可視化に関心 - PR TIMES,https://news.google.com/rss/articles/CBMiakFVX3lxTE5jQnY2Wm5QcTd5cTAyNUdneHR5UU9LOURUeENQd1ZGLWVxWFFTSERkdnV3dDdrdDlhMlJWLXVlbUN2OUVOVVdWRlozUXNaZ0FESDFFUnltRHhBOFlSQVpVVlRiU0tiRHAzS1E?oc=5,"Wed, 25 Mar 2026 07:00:00 GMT",2026-09-01T10:17:03+09:00
GoogleNews:シニア　意識,シニア　意識,【シニアの意識調査】シニアの心を動かすものは？――文化活動が生む、感動・刺激・つながり - PR TIMES,https://news.google.com/rss/articles/CBMiakFVX3lxTFBHa19jYUw1SUZMbW9mYm5EWnNlMHNBZ2xQdEJyV25zRHROTXAwaUdyUk9PNmxJMUNrZHJOSzl5YmNHdFo1dW4zeHF6cXFfR0x4S2xkWjdPTnFrSHNscVl5UDk2QUJuVWJTV1E?oc=5,"Wed, 28 Jan 2026 08:00:00 GMT",2026-09-01T10:17:03+09:00
GoogleNews:シニア　意識,シニア　意識,シニアの生活意識調査2025 - PR TIMES,https://news.google.com/rss/articles/CBMiakFVX3lxTFB1WURlNW1aS2Zmcm4ycE5MTDVITUlWSkhOSXFrTnJGNUY2Zk80Q2ZyNFlsYm1PTmhqS0VERE54ZnM2Zjl1Y0g5RUVsX3VnT2ljT0ZteGIySTFrVkNycEY5OEVJNWdZQkZPNmc?oc=5,"Thu, 20 Nov 2025 08:00:00 GMT",2026-09-01T10:17:03+09:00
GoogleNews:シニア　意識,シニア　意識,【シニアの意識調査】シニアの4割以上が「3か月に1回」歯科受診。受診理由の1位は「予防・定期健診」56.5％となり、口腔ケアは“治療”から“メンテナンス”の時代へ - PR TIMES,https://news.google.com/rss/articles/CBMiakFVX3lxTE1laDRMM3BxRE9WU1dBZUFlc2JXZjFvQ0lMYVprZm1zcllianZUdU9lVXJSaUJIYm9zRzZqczJTZ1VwSmdDMURZQWVWbmFOUGRjU1JYVElRalBaSldVU09UcmlhUGdBOGlma1E?oc=5,"Wed, 22 Apr 2026 07:00:00 GMT",2026-09-01T10:17:03+09:00
GoogleNews:シニア　意識,シニア　意識,シニアのIT利活用には「70歳の壁」がある？ペンシル、最新の消費行動・インターネット通販やAI活用に対するシニアの意識調査を実施 - valuepress,https://news.google.com/rss/articles/CBMiW0FVX3lxTE9HWjhxaGJTdXRQdERfRThyVnc0Z3hPSm52VkdaeWQ4Nzh6SmhoSWQ4cHE1MGZYVV9VS0puZkZoLXl1R1I2T1Izdy1QazRQVVBJN3k1WG5JVUJETGc?oc=5,"Thu, 06 Aug 2026 07:00:00 GMT",2026-09-01T10:17:03+09:00
GoogleNews:シニア　意識,シニア　意識,【シニアの意識調査】シニア層に広がる腰痛の実態――持続支援ニーズが浮き彫りに - PR TIMES,https://news.google.com/rss/articles/CBMiakFVX3lxTE52LTNfc0RsZUtOcy1UaFVnX0dRUG1ubERiVHNYRHVDSlZiMFJ3V1FyWE9fbi1TcE5JVnFKM01WTExoVWl1X3ROR1A0dlczTUQ2bkhBT0Rsa0t2RmRPZnFFeEhmQTE4NG9penc?oc=5,"Wed, 18 Feb 2026 08:00:00 GMT",2026-09-01T10:17:03+09:00
GoogleNews:シニア　意識,シニア　意識,【シニアの意識調査】聞こえにくさを感じても、約8割が対策なし――シニア層の耳の不調実態調査レポート - PR TIMES,https://news.google.com/rss/articles/CBMiakFVX3lxTFBIUHRDTjhxY3VBSE5IQXFVaVBoUDFRNE9sRGNfaDZjN1JzQ0FnXzBwdnRRdnFjR19Edk9uR3ZwaDBVMWwzd0lLUHhHY3pSRzZKSUlFM1NwMGhPazBpeDBuSHhUVXZMbDlBaGc?oc=5,"Wed, 18 Mar 2026 07:00:00 GMT",2026-09-01T10:17:03+09:00
GoogleNews:シニア　意識,シニア　意識,【シニアの意識調査】シニアの80.6%が「昔より疲れが取れにくい」と実感50代以降で広がる“疲労回復ニーズ”を669名に調査 - PR TIMES,https://news.google.com/rss/articles/CBMiakFVX3lxTE9uTUh3WmJGenA0YzU3TFJZWjdkQ3VIYjhxaXdDQzlPQUxCT0dTbjQtaGZYQjJDd3VfX25hbDhkUGlFQl9UTUs0ZTlEN0NCaDRvamxqNFFZdW9WbFFaT18ydUdLV09hWnRFNlE?oc=5,"Wed, 01 Apr 2026 07:00:00 GMT",2026-09-01T10:17:03+09:00
GoogleNews:シニア　意識,シニア　意識,シニア女性の2人に1人が働く時代へ 「お金のため」から「生きがい・社会還元」へと変わるシニアの就労意識とは - Yahoo!ニュース,https://news.google.com/rss/articles/CBMif0FVX3lxTFB4R3pQc0gtY3dOdU82Y1NjYUswRC1ybHVFOXVwQWNDZloxZkYyLVY0cWhld2szamdDY3k5ZVR1ZzhtUXRtM0g5NHFldDFCNVNIYm10Mk5qTkd5RzhRcEdHemRBSXoxckdQRWU0X2ItTXBMZDlGd2M2VURzaW93aFE?oc=5,"Sun, 12 Jul 2026 07:00:00 GMT",2026-09-01T10:17:03+09:00
GoogleNews:シニア　意識,シニア　意識,"【意識調査】働くシニア世代の本音、""人生100年時代""に「どんより」印象7割超え、レポート全文無料公開 - PR TIMES",https://news.google.com/rss/articles/CBMiakFVX3lxTE1uVzZqaHZfVDNEVUU5Skg0eEFQeU5DWl9mTVdJcTA4YnBROU5ZS3ZYcmRzcGZlTFQ2d09RVzU5cDFjc0N6Y1hrSVNoaGFINE5HZmt5S3R1c09YcEx1TkxNTFJnUGZZR0lYR0E?oc=5,"Wed, 24 Dec 2025 08:00:00 GMT",2026-09-01T10:17:03+09:00
GoogleNews:シニア　意識,シニア　意識,【シニアの意識調査】7割が肩こりを自覚、それでも医療には行かない ― シニア886名調査で見えた“セルフケア市場”の可能性 - PR TIMES,https://news.google.com/rss/articles/CBMiakFVX3lxTFAwVTAtZGRpRV81QmZCY1lQejNwTjBJU0ZUWEhCQktFemlCa01WYlMtSUhiWE0xSUFmYVp6LWNaQmp6QmczcVVsMHRPZ3RnQWZFdjM5ck1BTDlPWC1lc200MVFYUnhBc0d0Y1E?oc=5,"Wed, 04 Mar 2026 08:00:00 GMT",2026-09-01T10:17:03+09:00
GoogleNews:シニア　意識,シニア　意識,ミドルシニアのセカンドキャリア戦略－65歳からの働き方を考える - マイナビキャリアリサーチLab,https://news.google.com/rss/articles/CBMiaEFVX3lxTE54cFg3bEs4LWxGRUlzX2JqZlhpNmx2SGlXOVJ5YXBHTGJaWmE3c3BnUjlZMFhVdW1OSzVKc09URTRaWEdtRXFLTU9iX3BNNVhOV051UmJFaFk2cjJKUXZUSUtUa2dkRWFm?oc=5,"Thu, 18 Dec 2025 08:00:00 GMT",2026-09-01T10:17:03+09:00
GoogleNews:シニア　意識,シニア　意識,【シニアの意識調査】人生100年時代の歯のメンテナンス～定期ケア習慣の二極化が浮き彫りに～ - PR TIMES,https://news.google.com/rss/articles/CBMiakFVX3lxTFA2djRTSVlXUzNhOVotUHJwNG9Dd01URURSNUtERlI0Sm5HdXNnMDVlSFRDTm9QV2VjRUc3WS05Yl9mSXVvV1NpdTRyWjNuRDdfdXZhNmdMcHZ1aHpMUy1UWnR1cTlEd0l5bVE?oc=5,"Fri, 31 Oct 2025 07:00:00 GMT",2026-09-01T10:17:03+09:00
GoogleNews:シニア　意識,シニア　意識,KOMEHYO 全国65歳以上のアクティブシニアを対象に 「消費意識調査」を実施。アクティブシニアの7割超が「リユース」を活用！ “タンス資産”を「旅行・美食」へ再投資する、“循環消費”に意欲 - PR TIMES,https://news.google.com/rss/articles/CBMiakFVX3lxTE02UzBucnJrc2pzbTg5ZWJhdmxQNUJfdWZMZHdGWE4zNmt6eS14VGt1a09BUlZ4V0xTaVpmNjBnVmZZYTgyQ09qN0E4NWpVdVBPcG9aQUlSM21IZE1NOHBPNm5pbzFfZS1naXc?oc=5,"Mon, 16 Mar 2026 07:00:00 GMT",2026-09-01T10:17:03+09:00
GoogleNews:シニア　意識,シニア　意識,【シニアの意識調査】シニアの7割がSNS利用―“LINE中心”で生活に定着― - PR TIMES,https://news.google.com/rss/articles/CBMiakFVX3lxTE14UlVYMURsbFJxZDMydXhtd1Nib0hGVEZKbENjMko1VHVxMTAtOHN2ODI2YmtyNjhxdENSR2REQUkybzVQdDg4LVZ3a1JLamY0TVFFTWUtTmNsZGVDOHBLQlhFRV9Ud0p5ZVE?oc=5,"Wed, 04 Feb 2026 08:00:00 GMT",2026-09-01T10:17:03+09:00
GoogleNews:シニア　意識,シニア　意識,【シニアの意識調査】定年後も働くシニアが約4割！就業スタイルは多様化の時代へ - PR TIMES,https://news.google.com/rss/articles/CBMiakFVX3lxTE5LcURrdklaYklJUHRCajYyRFNOVXo3M25Ibzc4RURiQWJFaGlyNmlTNkNJc1Y4eXZoTjlBZ0MwRlFzc3plLU1MWHpQelVlYl93bm1SMVZGcFh6bW1xTlRuMDVaRTZZVmw5RWc?oc=5,"Fri, 24 Oct 2025 07:00:00 GMT",2026-09-01T10:17:03+09:00
GoogleNews:シニア　意識,シニア　意識,"【シニアの意識調査】「リアル体験×短動画フォロー」が顧客化の鍵。1,291名調査から紐解く、シニアのLTVを高めるOMOマーケティング - Infoseek",https://news.google.com/rss/articles/CBMickFVX3lxTE1KMzNoWDRNN3RrMDB6eElaTlk1SlFhUHpqOXhNTGhiRktyaEFVdkg0RW5rSDV1VUI1TGRUclhvTDUyUjBfeU05eGdjZWlaZktSQkRvUGZOZkpISzRlR2V3MUFod0Rudi01WndUWUsxU2JLZw?oc=5,"Wed, 05 Aug 2026 07:00:00 GMT",2026-09-01T10:17:03+09:00
GoogleNews:シニア　意識,シニア　意識,【シニアの意識調査】シニアのアトピー対策に新たなニーズ──高い改善意欲と“効果実感の壁”が浮き彫りに - PR TIMES,https://news.google.com/rss/articles/CBMiakFVX3lxTFBIQlpmUWFqWmIwQmladUpqVEFqV1JNaXpMV1JlWVdlYVhZUm9iZ1pqSUgzcUdsTVVfdVZSdEJlY09vQ29uOUJlWGRIQ2NwbmZ5MkxjSjJHVWpGajNGSnhsaXFldTJWeUNkZ0E?oc=5,"Wed, 08 Apr 2026 07:00:00 GMT",2026-09-01T10:17:03+09:00
GoogleNews:シニア　意識,シニア　意識,【11月23日は勤労感謝の日】シニアの「仕事とお金」に関する意識調査〜 60%が現役就労。なぜシニアは今も働くのか？シニアの働く価値観とは〜 - PR TIMES,https://news.google.com/rss/articles/CBMiakFVX3lxTE5HOU9GbllPLU43U0lnQjdQdVBsWGNMWEZhR3ZyZUl6TGhmRWt5NEhzb0FlRl8tNlY2cmZNaE0zR0VYdEEzc3F0M2F0YWY2c2YzZlNNa3huLWp5dnM0R2F3U3hZYVEtVkdLMlE?oc=5,"Sun, 23 Nov 2025 08:00:00 GMT",2026-09-01T10:17:03+09:00
GoogleNews:シニア　意識,シニア　意識,［シニア］洗髪 頭皮ケアを意識して - 読売新聞,https://news.google.com/rss/articles/CBMiYEFVX3lxTFBuT2VSRF9vLWRxZjVMMHQzbTN0Z253LU1JRXIzeE5ubnRvSW9NWlU0R0laS19TbWFwWUJQek5QbGg4SGZveExJREp0S3BnUmtMa0ZIcS04cnowSjZuX3lvNw?oc=5,"Thu, 12 Mar 2026 07:00:00 GMT",2026-09-01T10:17:03+09:00
GoogleNews:シニア　意識,シニア　意識,【アクティビティに関する意識・実態調査】シニア女性の96.3％が運動や習い事などのアクティビティに意欲的 - PR TIMES,https://news.google.com/rss/articles/CBMiakFVX3lxTFBWSmVxNWkwdzMxMWZnbTQ4bmp3ZF9ZN2lIZ05EQk1yalVENlYtcXRpUE1VLURMcTJaaERRelQ4Y3drQ1BzMHRBSFhBZWdxek5iSUZqZEZOUzZEVDBzbVdORHEtODMxY2pBN1E?oc=5,"Wed, 25 Mar 2026 07:00:00 GMT",2026-09-01T10:17:03+09:00
GoogleNews:シニア　意識,シニア　意識,「住まいの終活に関する意識・実態調査」を実施 - tv-tokyo.co.jp,https://news.google.com/rss/articles/CBMibEFVX3lxTE4wd0VaaWxGZl9VNjJsOU1TRUxtMGYwV0UwbEx5RFBhZG03RDlqNm92Nk9GZVVhX2xxa0QzVW1nZFl1NTM4ZlA0azY2U1ZHNU9hV1RaeUhnRDVmRFluM0RXUUxnUm03MDkwTGhmVw?oc=5,"Thu, 19 Mar 2026 07:00:00 GMT",2026-09-01T10:17:03+09:00
GoogleNews:シニア　意識,シニア　意識,コロナ禍を経て、シニア層の健康意識・行動が大きく改善 NTTドコモ「からだデータ白書2025」公開 50〜60代の歩数は5年で約20％増加し、フレイル予防にも - PR TIMES,https://news.google.com/rss/articles/CBMiakFVX3lxTE5MWWFvMXZIWE1VNFZvYU56T3dOZm1oUGFQNDVBSFpibElwZ19MQTBYRUw2ZmVncjRkMW51TXF3SHdsSWNobkpMdlVRTzdBVE1qM0xCWXdoOHhRcEd1cjJIOF9TTjdqYTFpSkE?oc=5,"Wed, 24 Dec 2025 08:00:00 GMT",2026-09-01T10:17:03+09:00
GoogleNews:シニア　意識,シニア　意識,【シニアの意識調査】シニアが求める花粉症対策―薬に頼りすぎない花粉症対策へのニーズに注目 - PR TIMES,https://news.google.com/rss/articles/CBMiakFVX3lxTE91ZGlBQndnUkpjdFBwVnhPLXFqMnh2S251QUg0eWJGSTFWM3ZrbHY0T1dtVnVsRDlLS0xrMGZEN0ZlSm9wZ3UzelU3blZNMktHMGlXNWp0d2pEeFRES3lXSUZROXUwaFdNREE?oc=5,"Mon, 09 Mar 2026 07:00:00 GMT",2026-09-01T10:17:03+09:00
GoogleNews:シニア　意識,シニア　意識,再雇用者を組織の戦力へ！失速を防ぐ『意識リセット』の秘訣。貢献意欲を引き出す定年前キャリア研修設計 - HRプロ,https://news.google.com/rss/articles/CBMia0FVX3lxTE1SeVNaaUVLRXBvU2g4WWJ0dDRMdldiRHgtdm9mOXJQOUhqTWkxbnpsX1N6ZFVLWFF1ZW94Ul9lNlRhZnowak5kdldybk4wWkljems4Mk5sWmhTSGpCMjNiV3VLUnUyRHl5T1Vn?oc=5,"Fri, 24 Jul 2026 08:41:08 GMT",2026-09-01T10:17:03+09:00
GoogleNews:シニア　意識,シニア　意識,"【シニアの意識調査】野菜高騰でも「量を減らして野菜を優先」が約4割。野菜不足による健康不安は9割に上る。コスモラボが1,482名のシニアに実態調査 - Infoseek",https://news.google.com/rss/articles/CBMickFVX3lxTFB2bGh3VjZLSnREOVhMWGREMXg4QVBibkpTV2VveHNTZDN2YTRxdkRfRDd1UnZOejRRVWY0NkROdFVHMmlLQTdpZ0xzT1FyMGZYSXRORUkzYTZ5TkpxTzJmZzY3VHBBSGY3Y2ppcTgtRDJFQQ?oc=5,"Wed, 29 Jul 2026 07:00:00 GMT",2026-09-01T10:17:03+09:00
GoogleNews:シニア　意識,シニア　意識,【お金に関する意識・実態調査2026】シニア女性の「お金の使い方」「守り方・増やし方」の満足度は増加傾向 続く物価高で節約意向が高まる一方、年金の補完や趣味・旅行の原資作りに「投資意欲」も拡大 - Infoseek,https://news.google.com/rss/articles/CBMickFVX3lxTE5tTzF4Y2FGUnZ6YWxYSElmcEFDRlp6azg3Yk1XWEVmX0tJNy1Mbk9FZktHcEJlUU5wX01CdmZ4dHlaMXBuTU8ySmVQSG9vYTFERVU4V21WdGxEb3ZsSDFLM3hwb01OcHFYT2xfLUhHZlZ5Zw?oc=5,"Wed, 05 Aug 2026 07:00:00 GMT",2026-09-01T10:17:03+09:00
GoogleNews:シニア　意識,シニア　意識,【お金に関する意識・実態調査2026】シニア女性の「お金の使い方」「守り方・増やし方」の満足度は増加傾向 続く物価高で節約意向が高まる一方、年金の補完や趣味・旅行の原資作りに「投資意欲」も拡大 - 時事ドットコム,https://news.google.com/rss/articles/CBMia0FVX3lxTE1NTTNxSjU3MnU5bF9SMG5qeklPYXZQM2NEbmZzNm1PUl9abUV6TjNhRmFScng4QVpvUFVTNUh0YVN1Mjd4bWwxQTR2T3o4ZTlGdkowc2JIZ3lmakxYeUI3RUNFcmFvdE9ybkU0?oc=5,"Wed, 05 Aug 2026 07:00:00 GMT",2026-09-01T10:17:03+09:00
GoogleNews:シニア　意識,シニア　意識,シニアの食生活と健康意識に関する調査 - ネオマーケティング,https://news.google.com/rss/articles/CBMiakFVX3lxTE82TDgtRmJjY0EtZ29ZLXNlVnJEZjVXWlZVRnhQdkhfOFpzbWJENGtxcFJ0ZDZBZ09FUWF2eUxwZ0gxdUxHNjdXem90dk1DTVNub05Yc3ZCVTA0OWt5RmxpNnREb244OGdmUHfSAXpBVV95cUxQZkJ4MHJvR3BGSC01R3NMZUhQU0RESXdzOGJVQlgwVzd3bVF2a04zR2RQZHdReVVvYWlWd1dxdC1iMFRtS2M0dGNHRDBJT19JZHBvbUxTQ2J2OGN0bU1vb1UteFpIcDdWRjN0aVJ6eEFkUnRPMy1uaUxxUQ?oc=5,"Fri, 26 Sep 2025 07:00:00 GMT",2026-09-01T10:17:03+09:00
GoogleNews:AI　買い物,AI　買い物,花王や森永「AIに選ばれるサイト」に チャット経由の買い物増に対応 - 日本経済新聞,https://news.google.com/rss/articles/CBMibEFVX3lxTE5GM1ZCTEtiT01uMXhkWHBpSkxYenpDeGY1VGVRZ1FpdGZUTFNFd0I3M1RlZUd4dUdkSzk4SUZmcXl3cmpfSUpPemJPaEhUQ1ItRGVFYVFHSDRGSk4zOGFSZGtQaG5Tdzc1dk8zQg?oc=5,"Mon, 31 Aug 2026 20:00:00 GMT",2026-09-01T10:17:06+09:00
GoogleNews:AI　買い物,AI　買い物,「AI経由の買い物客」は非AIよりもCVRは6割、購買力は53%高い。アパレル・家電・化粧品が「AIフレンドリー」な理由【最新AI関連データ】（ネットショップ担当者フォーラム） - Yahoo!ニュース,https://news.google.com/rss/articles/CBMif0FVX3lxTE1LOTBVVXV0UUJTSlFETFQzcllkdnBPcTRTVkxWTGI5RjVrLXE1X2M0QkRCR0JKRW9BcUVGbTktUVVETHZyUzhDNnEwUzVRZUxFQV9nSXJhWjZBN2FKSG5LY0Q1Mnp4UHpIb3dlQy1PUkdBU2dteFliVkluTEdiNnc?oc=5,"Thu, 27 Aug 2026 08:31:20 GMT",2026-09-01T10:17:06+09:00
GoogleNews:AI　買い物,AI　買い物,NIQの最新レポート：買い物客の74%が商品の検索にAIを活用、消費者の購買プロセスにおけるAI活用の意味を解説 - Business Wire,https://news.google.com/rss/articles/CBMiZ0FVX3lxTFBTeXhJWEs5ZHF3Y09tVmVhTjNBUy1lZ2JkMndrTjZrXy14aFM0RjZXR2hVYlpXYUl2RmR2YmNfUWdaOV9XZkd5VFJSM1gzTWc2MXNuV0U4SHR6aVNjSFF6alR1UDRjaVU?oc=5,"Thu, 27 Aug 2026 18:33:00 GMT",2026-09-01T10:17:06+09:00
GoogleNews:AI　買い物,AI　買い物,「AIによる購買」2030年までにEC市場の約4分の1を占める可能性 KEARNEY調査 - ECのミカタ,https://news.google.com/rss/articles/CBMiWkFVX3lxTE9ZQndScWh1aGJuZVMydWRaam91MFBTRGhjUUQwbEw5SUtwSlZNOGtPV3lkdEtQTkpzMmRzV20xaDJCSUQzc3I0d016bDhyVmFvLUljUUd6LXlMQQ?oc=5,"Thu, 27 Aug 2026 06:00:00 GMT",2026-09-01T10:17:06+09:00
GoogleNews:AI　買い物,AI　買い物,2030年までにAIショッピング・エージェントがeコマースの約4分の1を占める可能性を示唆【A.T. カーニー】 - PR TIMES,https://news.google.com/rss/articles/CBMiakFVX3lxTE44TWFCNlI4eTZVVGhKQU91RHBZdXk5NV9yeUpSOGtWSWtRNkhwLUUxVDc2MldObEJtaWVJNFg3eDZacHhjUDA5aG9jLW95MjNHYnVsTjROd2NHR3lwQ0pXZVdUVGJCR0FyWnc?oc=5,"Fri, 21 Aug 2026 07:00:00 GMT",2026-09-01T10:17:06+09:00
GoogleNews:AI　買い物,AI　買い物,若者の過半数が買い物決済をAIに一任、エージェンティックコマースの現在地 - forbesjapan.com,https://news.google.com/rss/articles/CBMiWkFVX3lxTE1UdGhxdUNva3VlS1pKZHJOMmppYTVkb1hsWDRKVG9odzY4RmZHSnNCUkdqNFR2Z2JGNmNfcGY4Z3hEeW5LVndGY24zYy1zbk5zX2RXVUlLQVhhdw?oc=5,"Mon, 24 Aug 2026 23:15:00 GMT",2026-09-01T10:17:06+09:00
GoogleNews:AI　買い物,AI　買い物,AIエージェントで「買う」と「売る」はどう変わる？ Yahoo!ショッピングが目指す新たな買い物体験｜LINEヤフー株式会社 - lycorp.co.jp,https://news.google.com/rss/articles/CBMibkFVX3lxTE1hSm9kczFEQWJjajlwR0NreXN6djhHaHFpM3VnbjZualNwelhUNndKN1daZld2Sjd1eTJoYmlYR0FsbzZIQ2Q3YkFPTDJEUHN6WjJGMGx5eEl1SlM3eWdTNGhkd2xyWXMzckQtOS1n?oc=5,"Thu, 20 Aug 2026 00:50:00 GMT",2026-09-01T10:17:06+09:00
GoogleNews:AI　買い物,AI　買い物,【９月特集】AI×消費、女性の買い物はどう変わる？ 激変する購買行動、マーケティングの新常識 - ウーマンズラボ,https://news.google.com/rss/articles/CBMiT0FVX3lxTFBEaFlhcDdNRVpxOGFVcm40QjU5RlhmZ0NJSmdvZldTd21lMHFnTlBaeGFRMEJ4R1NmaDhOa0oxanRNRHhxVlRYVkxHbUFsTVU?oc=5,"Wed, 26 Aug 2026 03:22:33 GMT",2026-09-01T10:17:06+09:00
GoogleNews:AI　買い物,AI　買い物,AIで買い物をする時代の消費行動とは？ 6割がECサイトへの移動に不満、価格の食い違いが摩擦を増幅 - ネットショップ担当者フォーラム,https://news.google.com/rss/articles/CBMiXEFVX3lxTFBFNFQyZXhJTEVSeXE3WG5wd3IyRGJRSk0yTnBpSE1sVGpYWEh4QUd1UUxQNXR5TWhjQ3A1bVJPN2ZuM3RPVDFQYVh4SmdJMjJpTzlxZEk3VGpUV2Nq?oc=5,"Thu, 20 Aug 2026 01:30:00 GMT",2026-09-01T10:17:06+09:00
GoogleNews:AI　買い物,AI　買い物,「あなたはAIエージェントに買い物を任せたいですか」 Visaが調査--消費者の回答は - japan.cnet.com,https://news.google.com/rss/articles/CBMiUkFVX3lxTFB2OGxrNnZiSGZqWXhXQUdMOWd6TFhqUjFVRXN1ZW8zekJWc2tNYkhJcHlFR3pLSUV4a0pHUnhUM05fOE5QMWNGampaSHY4QXIyV1E?oc=5,"Mon, 17 Aug 2026 07:00:00 GMT",2026-09-01T10:17:06+09:00
GoogleNews:AI　買い物,AI　買い物,買物の決め手は“レビュー”から“生成AI”へ 生成AIの信頼度はユーザーレビューを超え、約6割が最終判断も委ねたいと回答―博報堂買物研究所「AIショッパー調査」―｜ニュースリリース｜博報堂 Hakuhodo Inc. - hakuhodo.co.jp,https://news.google.com/rss/articles/CBMiYEFVX3lxTE4teENtNUh5b0w0TXlPS2xyYmFZeXhyTjFmc24tcldLeU9keWxEN2NOZnp5d2dTZUdRMEFCcHVhTW9Td0RzNFpFNURkQnhmOG5qaTlURjF2Vk1XTzRtUEJHcQ?oc=5,"Mon, 01 Jun 2026 07:00:00 GMT",2026-09-01T10:17:06+09:00
GoogleNews:AI　買い物,AI　買い物,Shufoo!がAIお買い物サポート機能「AIイチオシ」を提供開始、チラシ比較の手間を削減 - commercepick.com,https://news.google.com/rss/articles/CBMiV0FVX3lxTE9VeVBsUXE4WkxBRWJPeGUyeXNSS2NmXzJaSkkzRUU3REdSWm5Gc2c5QldycWxpTGdWLTBLTXBmbmZJRmo3Q3pxakxqbzlJUW1GaFQwV2Jtdw?oc=5,"Wed, 26 Aug 2026 02:39:40 GMT",2026-09-01T10:17:06+09:00
GoogleNews:AI　買い物,AI　買い物,Yahoo!ショッピング、AI経由の購入が2割 商品選びに伴走 - 日本経済新聞,https://news.google.com/rss/articles/CBMibEFVX3lxTFAxOHpfdFZlSVlSUjdRT21ZalY2R19SM25YNENFeVZZU3FoV0R0Y0lySnVoalVpYU52eFpOTGVmV3dKc2pWcXo4ZlZ0UGs4UEpTMmFBcHA1S1NVYk8ydkd0OFRoTVgzWXRhMklIZA?oc=5,"Tue, 18 Aug 2026 07:00:00 GMT",2026-09-01T10:17:06+09:00
GoogleNews:AI　買い物,AI　買い物,「AI経由の買い物客」は非AIよりもCVRは6割、購買力は53%高い。アパレル・家電・化粧品が「AIフレンドリー」な理由【最新AI関連データ】 (ネットショップ担当者フォーラム) - Yahoo!ニュース,https://news.google.com/rss/articles/CBMijgFBVV95cUxOWlJMWGZZYlBfLXFvY2xld1hqVTJ1a211UWFKR2wwbXlEQjVvVGlRb3JvMHNqa1lkNEFKcThRSU9oWFBfNkgxNVUtZFhaOHpkQU83OUl5eVctY1dNZjRsRk5kaHlzWGNuT1g1VWQxaWQyRFNIbFlZOGZjUmtnUjFwZkU1b2ZWSlJ2MllQXzR3?oc=5,"Thu, 27 Aug 2026 08:31:20 GMT",2026-09-01T10:17:06+09:00
GoogleNews:AI　買い物,AI　買い物,AIエージェントが迫る買い物サイト淘汰 生き残りのカギ握る「LLMO」 - 日本経済新聞,https://news.google.com/rss/articles/CBMibEFVX3lxTFAtR1FWZkZHX3NlanRJOTJBQS1Sal84d2JPSzZQZ1hNMklIdW9FM0N5NUlBYm5EVkdTQVlNaFA2bXZaY1l1RjA4UFhaX3Y0bmFCbC1Gc1ZJMkdqQ1FrN1Q5RHdaVHhaVE5MU2gwVQ?oc=5,"Mon, 24 Aug 2026 19:00:00 GMT",2026-09-01T10:17:06+09:00
GoogleNews:AI　買い物,AI　買い物,「AIに買い物相談する」4割、タイパ実感75% 50代は検索より重視 - 日本経済新聞,https://news.google.com/rss/articles/CBMibEFVX3lxTFBWdnd2MWkxVkhwRmUyR1JhX0YtTHdWVFZxOHRRdGdWdldSUDVQVjFKT3lkYnVsTGVfcFFIRloxeGRVUlRUenprYVJTd1FDeTdQUG1kM1lJeG9qbTJLeFBFQUhQT2VEblJzR0tvXw?oc=5,"Sat, 22 Aug 2026 07:00:00 GMT",2026-09-01T10:17:06+09:00
GoogleNews:AI　買い物,AI　買い物,AI時代の買い物はどう変わる？ 20～30代の約3人に1人がAIによる自動決済に肯定的、「リアル店舗」の価値は失われない - Yahoo!ニュース,https://news.google.com/rss/articles/CBMif0FVX3lxTFB4RG1Wc1Z1elA5dkJMbmNBSGNDMERnWF8xdjh1c0x2UFUyOGlEaVJDNWJFbEw4cTVDVFY1T3lzU1F2UHlnVkl4ckVTSUdvWDdJSzhUWVQ0aG5CUy0zb2hzWUJBbWd4aU5USTFCejVxTXY1S2tUTHVjN09QUmF2d1U?oc=5,"Thu, 20 Aug 2026 07:00:00 GMT",2026-09-01T10:17:06+09:00
GoogleNews:AI　買い物,AI　買い物,DNP、AI買い物代行での不正購入防ぐ 個人IDとひも付け管理 - 日本経済新聞,https://news.google.com/rss/articles/CBMibEFVX3lxTFBadTJwaGVzdUJIWFJUOTJWN0NmYTZpSjFwb0k5RzJEemlTdU9NU2E5UXIxVHRrSG1ONlBHNmtBd004Vm9EN2VielhmRjJwX2JIaFZuRTB6SGZyMUJjRkFJaVJDaVA1VW1GTHU0Tg?oc=5,"Thu, 23 Jul 2026 07:00:00 GMT",2026-09-01T10:17:06+09:00
GoogleNews:AI　買い物,AI　買い物,Yahoo!ショッピング、「爆買ウルトラSALE」開催 最大21％のポイント還元、対象商品を大幅拡大 - netkeizai.com,https://news.google.com/rss/articles/CBMiVkFVX3lxTE82RFY4dkZIRHNWSTNjYVJfblhuWUFkbU9JbkRVVXgxek04YVRGVGtydTNId1hDWjV2QmxpbWJFa2Y3V0RTTDRvVGVqMEhDbjhjLTFxbGhB?oc=5,"Wed, 26 Aug 2026 08:45:42 GMT",2026-09-01T10:17:06+09:00
GoogleNews:AI　買い物,AI　買い物,AI時代の買い物はどう変わる？ 20～30代の約3人に1人がAIによる自動決済に肯定的、「リアル店舗」の価値は失われない - Yahoo!ニュース,https://news.google.com/rss/articles/CBMijgFBVV95cUxNdXVTbE5EZXZWU1l1dHBVb1UwemFBQXllMzdER1JJaWk0Mk10VWhVRnIxUG5qd202TUNVcG1ZNF9iSmpuOXNRUFZMR2JzWDBNbm5pTkVnYnFmNmRHY3FxNHJEM0RUN28xNU9CYXJuWFVjUHFrcGFuYUJDME9YMUNPRlpPMU5fTUpsV2pnUG1R?oc=5,"Thu, 20 Aug 2026 08:31:25 GMT",2026-09-01T10:17:06+09:00
GoogleNews:AI　買い物,AI　買い物,中国の消費者の約80%が買い物前にAIに尋ね、ブランドは「AIを選ぶ」ために競争している - VOI.ID,https://news.google.com/rss/articles/CBMiSkFVX3lxTE1xaFcxam93S1VDUTZIM3pjLVFBQ0pqZWIyVEkzUmIxajVTa0ZuMkItSlY2ZXBOOWFSUkh3ZkhobzRaWkQtWHhVNk130gFCQVVfeXFMTVpJVWg4TnZHOFU4YnZNNUwzYU0tREZScFNPWFFlWjVMT2dDT001UEVTa1JYdjRFeW1nay1FaDZWVW9R?oc=5,"Sat, 29 Aug 2026 20:26:35 GMT",2026-09-01T10:17:06+09:00
GoogleNews:AI　買い物,AI　買い物,欲しいものが「もう揃ってる」へ 「ヤフショ」AIエージェントの世界 - Impress Watch,https://news.google.com/rss/articles/CBMiZEFVX3lxTE90SGxQa1NydTlJUWE0NXJSemZSY1hTQkllWGJQTDRPTktVRmZUX3pxNEFLT3lnelRidWkxd1ZsOEdwSmx3MGswZy1lcXUyc21GdUN1T19xMDgwdmdDYm54WXpFZFA?oc=5,"Tue, 18 Aug 2026 07:00:00 GMT",2026-09-01T10:17:06+09:00
GoogleNews:AI　買い物,AI　買い物,AIエージェントに買い物は任せても「完全自動購入」は1％ Visa調査、50％が「自分で確認」を重視 - Ledge.ai,https://news.google.com/rss/articles/CBMiZkFVX3lxTFBmejNJTl96UlJlWlVYM0J5enlaVk9LLXRpYW5EUXhVOGRGNGlfMDBkaW0xVE9GLTRBT095RHlXd0tVZGppVHBhVUFkQmR5QU9HcDdqeUhhZi1WYkxNMWFSN29JVURMQQ?oc=5,"Thu, 20 Aug 2026 07:00:00 GMT",2026-09-01T10:17:06+09:00
GoogleNews:AI　買い物,AI　買い物,Yahoo!ショッピング、ユーザー向け・ストア向けの双方でAI活用を強化 - 株式会社インプレス,https://news.google.com/rss/articles/CBMiY0FVX3lxTFBjNUpMaFNyazdVOTQzSm5GMTlMSEZCQjBDN19PWE9RV1docUxIblVWbmd2ZnNsVndlZVE2WUk5VGYweEJGVEYxTFppNlk0MEVXc0ZaRG9qQmwyNzk4YllWQWRaWQ?oc=5,"Tue, 18 Aug 2026 07:00:00 GMT",2026-09-01T10:17:06+09:00
GoogleNews:AI　買い物,AI　買い物,AIで買い物をする時代の消費行動とは？ 6割がECサイトへの移動に不満、価格の食い違いが摩擦を増幅 - Yahoo!ニュース,https://news.google.com/rss/articles/CBMiiAFBVV95cUxNYnh3aXRmUDg0bmtGektaRzRTQTh0Z21Qai01aWloNjZCMW9ENWlrQjV5UjJUcWFhZ2F5ZVlNTUhJckgzTEE2WVphbjBXNTBDdHZFcWQxbU5Qd3p3OVd1SFdDRDR2cDRIZ0l3eFJMYVJ3aENzY0RUSTIxaTBEQnVhdTJNOWhzRC0w?oc=5,"Thu, 20 Aug 2026 07:00:00 GMT",2026-09-01T10:17:06+09:00
GoogleNews:AI　買い物,AI　買い物,AIエージェントが買い物を変える：AppierがAIエージェント・コマース時代に向けたデュアル・マーケティング戦略を提唱 - PR TIMES,https://news.google.com/rss/articles/CBMiakFVX3lxTE5janpYZUo2NlNwSU9IeTZwZlR3RWxnMmg4eGNSR2pTSnAwalFWX1o1bDdTMjhGa2RvTUNIUzhmQklYRWhpaHFKeVU3aHJpcTFhOGhYaDFhSG9iMlo2c2NXUGNHQmJPbGZHQ2c?oc=5,"Tue, 14 Jul 2026 07:00:00 GMT",2026-09-01T10:17:06+09:00
GoogleNews:AI　買い物,AI　買い物,AIで買い物をする時代の消費行動とは？ 6割がECサイトへの移動に不満、価格の食い違いが摩擦を増幅 - Yahoo!ニュース,https://news.google.com/rss/articles/CBMijgFBVV95cUxOc0pfOGtGdms4Rl9lSEJZalZDVTRUb2NTVVluQk9EVEZPTHFsZTZXdVVFODk1aTRqUnpzakFHeVhQM3FmRlgwc1Q4S3RQdHJXVEpnbk1JS3h1S2gzVDE1M0xmVHAtZUViTHMtNkcySmdNd1VrZDhuR3BuVnphNFlGcEVZRGpUMlF1S1JJZ0lB?oc=5,"Thu, 20 Aug 2026 09:31:24 GMT",2026-09-01T10:17:06+09:00
GoogleNews:AI　買い物,AI　買い物,買い物で生成AI利用25% 時短や納得感が向上、博報堂研究所調べ - 日本経済新聞,https://news.google.com/rss/articles/CBMibEFVX3lxTE1FN2J2STdETGdYTjIydzdGcUplaDYyck1weWthNEpKeGYtd2NodUdHQmpTb3ZiZ0NBVVJ1dXhfc2lBUXFqWFhHY1QyZGZZSG93SGM2ci1oV1ZtcVc5Y3pLd0JDQmZNdVowcDF5dw?oc=5,"Tue, 02 Jun 2026 07:00:00 GMT",2026-09-01T10:17:06+09:00
GoogleNews:AI　買い物,AI　買い物,食料品チェーンが自社 AIアシスタント に広告導入。買い物支援ツールの勝算は？ - DIGIDAY［日本版］,https://news.google.com/rss/articles/CBMiiAFBVV95cUxPb24wMUx6WkI3UG5OVEdRWFpFRGJVU3FCRlB5LVhSM2ZuNzktVzF1UHJ5d2NoX3JWMFFfUGFDMVdSeW9HaWpwQWxjYUl1MkQ2THdKWEp4cWtMRXY4MW5yZko3ZUdWelNqZFNSWXZUZ3dqTTYwbF9LNHF6WTFwY0xhdG44TTRQQVY4?oc=5,"Fri, 14 Aug 2026 07:00:00 GMT",2026-09-01T10:17:06+09:00
GoogleNews:AI　買い物,AI　買い物,「買い物にAI」シニア層の6人に1人 デジタル機器の購入が最多 - 日本経済新聞,https://news.google.com/rss/articles/CBMibEFVX3lxTFB3RVljZmhQaHB1d0VuYWppcUcyTndOY2xYS0JWUG1wZVpBTFc3V19WWTY4dTRYcFlLOEtoN1pnRVB6RjJtWUJzV2E4ZHhiZ1pMMTU1eUFRM24tdmxNTjc4S3pYQWs2VXFsWGU0QQ?oc=5,"Mon, 06 Jul 2026 07:00:00 GMT",2026-09-01T10:17:06+09:00
GoogleNews:AI　買い物,AI　買い物,ヤフーショッピング、AI経由の購入が2割に ストアのAI利用率は48% - BigGo ファイナンス,https://news.google.com/rss/articles/CBMidEFVX3lxTFBGTlFLUk1rSnZKTVozQVhMenhaQThvR2JFM29aYlRsYk5IU2FXaFZEd2t3dWRRZU5haTNabG1fc1UyTXBkT2FjOUdOUy1GTUdSY1ZwNkN3cVVnazcwS29helpOSEhYbUFyTDhTZlR1UzZHR0tR?oc=5,"Tue, 18 Aug 2026 07:00:00 GMT",2026-09-01T10:17:06+09:00
GoogleNews:AI　買い物,AI　買い物,AIが買い物を代行する時代、企業はどう選ばれるのか。シンプレクス三浦氏が語るオンチェーンの未来 - Business Insider Japan,https://news.google.com/rss/articles/CBMihgFBVV95cUxQY0toQmJXWTVrdHNlMW4zSmFqUER2T09WQ2Z4MHJTZ3BUU0VOc25CdWNfNnpTLXRyb1p3OHdGZlVUSDcyT3hVVmg4eEFiQS1vaHotVjI2WE02Ym5LcDRFUmc3anhFQUhZZ29OVi1wRTBTU1hscVYweUJBTjFNV3o3Q2dHMVVJdw?oc=5,"Mon, 06 Jul 2026 07:00:00 GMT",2026-09-01T10:17:06+09:00
GoogleNews:AI　買い物,AI　買い物,トライアル、全国に低価格ネットスーパー 買い物代行AIの開発も視野 - 日本経済新聞,https://news.google.com/rss/articles/CBMibEFVX3lxTFBkRDYtVzBaU3NPU3JRWVJLMGxuUkdjbUwzT2VTSXBqTUxWaEtfblF1bThXWExBMEZzb3IxNkZpNHgxOU5wWGRpTFpsb2JFUUprTUpjYlBGQTFvNFlXNGdmS1ZHcFZKVkJvTU01Uw?oc=5,"Mon, 06 Jul 2026 07:00:00 GMT",2026-09-01T10:17:06+09:00
GoogleNews:AI　買い物,AI　買い物,LINEヤフーの「ヤフーショッピング」がAIでコーデ提案など新機能、配送日予想や売り場作りも 出店者向けに施策提案も - 通販新聞社,https://news.google.com/rss/articles/CBMiX0FVX3lxTE8tRHU2TWlhemNSOXF1ZjBZcDd4TnlabEpMT0lyUjdCV3Z0N0d0NmVCNTlmenNZREE0MWZJZkJNZUQwbUZMSTJNWXR0OEE5NDlNX3RuNEw3OEdDRVdzcmw0?oc=5,"Thu, 20 Aug 2026 04:43:31 GMT",2026-09-01T10:17:06+09:00
GoogleNews:AI　買い物,AI　買い物,約3人に1人が「AIに買い物を相談」 最も多く利用するシーンは？ - ITmedia,https://news.google.com/rss/articles/CBMickFVX3lxTFA2dUpzVGMyR3Njc2lpWFVwSmwzSlV4bWR4eXo3MmZISU9IS2p5SmdXN1ppYVNvUGVrTFdHS19tYk4tbUE4emVrd2d6bmM2MWtQMlFNU1lFZGRYLTNVTnk1dWRraEVzMHMyQ21ibjdtYk1SQQ?oc=5,"Mon, 27 Jul 2026 07:00:00 GMT",2026-09-01T10:17:06+09:00
GoogleNews:AI　買い物,AI　買い物,AIが「欲しいものを揃えている」 - Yahoo!ショッピングが進めるECのAIエージェント化 - マイナビニュース,https://news.google.com/rss/articles/CBMiaEFVX3lxTE92ZnFHWHpUay1NbFRnWk80cGplS2tBd1dCUVZyN1RQQXRaNmJkRF8ya1RMUzhfODBhUnRvR0NnNlFiYVZTOFpsdGFBU0hEXzdvbkFYN0puR0JTWkZzdEhxRV9UV21YYXo0?oc=5,"Wed, 19 Aug 2026 07:00:00 GMT",2026-09-01T10:17:06+09:00
GoogleNews:AI　買い物,AI　買い物,LINEヤフー、Yahoo!ショッピングのAI活用状況を公開 新機能やAIによる推奨の仕組みを説明 (1/2)：commercezine - MarkeZine（マーケジン）,https://news.google.com/rss/articles/CBMiT0FVX3lxTE1jTmZvUXctbFBhSDU3OV94Yk1XbEhMUG1ZaEUxeHhmVWhWQjhJc3FDV01rZlBOU0xTMDlVWVgwdEVOMGlCdGR2V01OSGUzSEU?oc=5,"Fri, 21 Aug 2026 07:00:00 GMT",2026-09-01T10:17:06+09:00
GoogleNews:AI　買い物,AI　買い物,LINEヤフー、AIエージェント「Agent i」に写真から商品を探せる「ショッピングレンズ」追加 - netkeizai.com,https://news.google.com/rss/articles/CBMiVkFVX3lxTE14bzlKTUUzcmtHbDJEQ2tlMWY1cTlnck9oU242aFhrMU1hZkRRN295cF85dURRODhObHNFNHc5Z3F6WTNLaGF1WktqVTNWbnYxS1JMenpR?oc=5,"Wed, 19 Aug 2026 03:55:41 GMT",2026-09-01T10:17:06+09:00
GoogleNews:AI　買い物,AI　買い物,【エージェンティック・コマース】オンラインの買い物、AIにどこまで委ねる? 購入判断から決済まで完全に任せられると回答した人の割合は - Visa調査 - マイナビニュース,https://news.google.com/rss/articles/CBMiXEFVX3lxTE9KSkJINWJQTlduZUR4Q0Jtemc4WVZkT0hoX1pYQzEwTVhZdHRaLTNMaUdOdXBHb3QyZWxOV0FBYlFfclBkREYxZ1NlR1FxS0YzQlZlT0tBcjRoY1RT?oc=5,"Mon, 17 Aug 2026 07:00:00 GMT",2026-09-01T10:17:06+09:00
GoogleNews:AI　買い物,AI　買い物,生成AI利用者の約7割が買い物で活用、生成AIで調べた・おすすめされた商品やサービスを実際に購買した経験があるのは、うち約6割（エクスクリエ調べ） | 株式会社クロス・マーケティンググループのプレスリリース - PR TIMES,https://news.google.com/rss/articles/CBMiakFVX3lxTE1FWUJiXzBKV1RGLVQ2eDBwXzc2cUhaajB3SHRfeUIwY0l5OVZGU1IyV2FIcWxFQmNnNy1qTXh5YzdxNUppZVFZTlNlTGFLWUpNUmNLZFlUU3U3TU1XXzRrb2QxRVZhSFRTUkE?oc=5,"Fri, 15 May 2026 07:00:00 GMT",2026-09-01T10:17:06+09:00
GoogleNews:AI　買い物,AI　買い物,AIエージェント「Agent i」の「お買い物」に、写真から商品を探せる「ショッピングレンズ」機能を追加｜LINEヤフー株式会社 - lycorp.co.jp,https://news.google.com/rss/articles/CBMiXEFVX3lxTE83N0c0M3pQcTBiWVpiMEgtVDVBa05WUjF4YjZFT3h6U3c4Rzk3THdUc1Q0d1pfR1ZtcTFoeF9vNEljQnlsd19tWXd5V1RTaG84aXY2RzRab3EzbXNr?oc=5,"Thu, 30 Jul 2026 07:00:00 GMT",2026-09-01T10:17:06+09:00
GoogleNews:AI　買い物,AI　買い物,小売業界、AIショッピングの80億ドル市場争奪戦 顧客データの囲い込みで攻防激化 - BigGo ファイナンス,https://news.google.com/rss/articles/CBMidEFVX3lxTE1VMWIyZ0U1WHR0UjROYUhmU0s4OWFHdzRpZUU3ZVZjamJtNWRtb3c2ZHNwdzZSd3dNNVZxd0ZPOEdmdFVnWGZ2ckg3S2UxZG5hTjIwaE14cnNZMjJ0UVd4ZzFuMk5scjd6dlFUNlJGNWV6VXJv?oc=5,"Fri, 07 Aug 2026 07:00:00 GMT",2026-09-01T10:17:06+09:00
GoogleNews:AI　買い物,AI　買い物,買い物の主役は「人」から「AIエージェントとの協働」へ -- 2030年までにAIエージェントが世界の消費者向け商取引3兆〜5兆ドルを仲介する可能性 | マッキンゼー・アンド・カンパニージャパンのプレスリリース - PR TIMES,https://news.google.com/rss/articles/CBMiakFVX3lxTE1heHBpaEZUNWYwRGNTRHlZbWJkdHhnaDkzSDkzRExZTkV2bTAzWXJ6aTV2dnh4YklqMzlPSmFhd0g0RnhHWTV4R2JfcHJjajlfMW5jMDZaQnBWYVpWMFJKNENxUVVuVzhSMnc?oc=5,"Thu, 09 Jul 2026 07:00:00 GMT",2026-09-01T10:17:06+09:00
GoogleNews:AI　買い物,AI　買い物,【エージェンティック・コマース】「あらゆる買い物をAIに決済まで済ませてほしい」と回答した人の割合は? - au Webポータル,https://news.google.com/rss/articles/CBMieEFVX3lxTE55LXRMaUxMaXd0dmJWdUtxVjFad1pSakxpcUJJUXExUEFHeDZSQ3ZISmpzYU9Zb0VWeDBEcHVVYXBPSGRxQ2J4N1hZajFZLWtFc2RFelFGQ01zWDZJd1NNaVVad0dITGc5bXYwMWJmZllGWkZaYVBqdA?oc=5,"Sat, 22 Aug 2026 13:23:28 GMT",2026-09-01T10:17:06+09:00
GoogleNews:AI　買い物,AI　買い物,買い物の際に信頼するのは「SNS情報よりも生成AIの回答」、20代では7割が購買時にAI活用 - 週刊アスキー,https://news.google.com/rss/articles/CBMiYEFVX3lxTE9jblJLaVdnNXNXM2RXdTNPN2hrQTQ5WnVqYXFCOUVSOUU2R3JBQ1NvY2poUm1UZ1dhS3VhZG5oci1LTk41OGV5MHZvQTVzbFNQbDRWWXRJQURlLWhjNE4yNQ?oc=5,"Sun, 23 Aug 2026 23:00:00 GMT",2026-09-01T10:17:06+09:00
GoogleNews:AI　買い物,AI　買い物,「あなたはAIエージェントに買い物を任せたいですか」 Visaが調査--消費者の回答は (CNET Japan) - newspicks.com,https://news.google.com/rss/articles/CBMiWEFVX3lxTE1VSVpQYnQ5QkhiQWxhV1diXzJxdGJtamZHdzhTOFVYc2RCdDhkZ2pJUl9aYl9ZbWRMOTVaVVhIUEFmMjU2X0NFYWVsUml4ZG5tOGpQNE9zWXY?oc=5,"Mon, 17 Aug 2026 07:00:00 GMT",2026-09-01T10:17:06+09:00
GoogleNews:AI　買い物,AI　買い物,AIに買い物相談する人は4割 50代は検索よりAI重視、タイパ実感75％ - 日経クロストレンド,https://news.google.com/rss/articles/CBMiZkFVX3lxTFBOQjNaZVdPRS1FMHFibVM0bVRQRkQ2emdQM0MwMlJhOERGSWh3MW9rUGVrOGpZVEJqYktqZ3U1bnZVSktRaUlkUktIT2ktallsMmt0TDRDQkQ5VUloSXNLQUNnYklBZw?oc=5,"Fri, 31 Jul 2026 07:00:00 GMT",2026-09-01T10:17:06+09:00
GoogleNews:AI　買い物,AI　買い物,Adyen株が12%急騰、AIショッピングの脅威で加盟店ロイヤルティ強化へ - BigGo ファイナンス,https://news.google.com/rss/articles/CBMidEFVX3lxTFA4bFNGQ2NJVW9ZWUM4WllZblEtSzViSnNMMTRQZncxeUo3OENLQWNaLXJRQ1UtZVg3OFBJZVFkY1ozcmFXZk5mUG9aenVUemVmOWExalNZOXJINGh1N1JrR1E0Skg0SEpZOU9pZE1LaHZYaUFt?oc=5,"Thu, 13 Aug 2026 07:00:00 GMT",2026-09-01T10:17:06+09:00
GoogleNews:AI　買い物,AI　買い物,Yahoo!ショッピング、AIがメモから商品提案「AIお買い物メモ」 - Impress Watch,https://news.google.com/rss/articles/CBMiZEFVX3lxTE5VM2Y1ZS1KelJPYTBIdWRIcTlJSTFfQWpVUDZwbW1ja184VzU0UHA2QlJpR0h2NmJxSnZURmNQYzVqTTU2b3dvaU9obFUtY2RvX0hSOE9kT0ctZWotMVV3aXdTU1A?oc=5,"Tue, 23 Jun 2026 07:00:00 GMT",2026-09-01T10:17:06+09:00
GoogleNews:AI　買い物,AI　買い物,Yahoo!ショッピング、AIが自動で複数の商品を比較し、最適な商品を提案する新機能「AIおまかせ比較」を提供開始 - lycorp.co.jp,https://news.google.com/rss/articles/CBMiXEFVX3lxTE1HZE5iZFFxaUtXOHRTNUxHNFN5UGhIYm9jeG1SaV8xQk5yMHB6dTRSVmlVVHRzZ1ZINU5ZRHljdWdsTnRGZHZMOXZlcnZXVXdQcExTSXFzeDVxZkFF?oc=5,"Wed, 20 May 2026 07:00:00 GMT",2026-09-01T10:17:06+09:00
GoogleNews:AI　買い物,AI　買い物,オンラインショッピングでの商品検索にAIが使われる割合が1年で急増 - Yahoo!ニュース,https://news.google.com/rss/articles/CBMif0FVX3lxTE42RnhmLUJOREFES09abERVMkw3VVJ4WkcwYTBseTYtTURRUEk4YlhhdllLMU9wVnN0VUlnNi03VC1jckIwVHozaFlJUHp2RzluRVhheDRYME9hMGdkSzRxTlVrbTVOcG8wa1c2UG1xaTduQWlwV2luLVV6Uzc0QXM?oc=5,"Tue, 04 Aug 2026 07:00:00 GMT",2026-09-01T10:17:06+09:00
GoogleNews:AI　買い物,AI　買い物,「買い物でAI利用」25% 時短や納得感向上 民間調査 - 日本経済新聞,https://news.google.com/rss/articles/CBMibEFVX3lxTE9TZzlxZEMtaENaUEh5WjY5ejJ0a0h3Ql81UGVmZ0VuTXctLUF5cjdtTDdjRDJEbkQ4blVyUFhBUlZZV1U3OE1VMzhfODh3dm5WVENCOXI2QlFuUWNxTjJlMXY4dzgtMFNzREhfdg?oc=5,"Thu, 11 Jun 2026 07:00:00 GMT",2026-09-01T10:17:06+09:00
GoogleNews:AI　買い物,AI　買い物,AIが「欲しいものを揃えている」 - Yahoo!ショッピングが進めるECのAIエージェント化 - ｄメニューニュース,https://news.google.com/rss/articles/CBMid0FVX3lxTE93X0tmcFcxaFg0RVRJUFA2RkdDNXBoR1FiLTYyRExJdHUyUHo5RzMtanY3NktUQjlJSVkwR1Y3Ym9WQ2gtVzRHU1RCZ0NQd2VYMlVIYnNxZlVKMGRkTzRlc0c5U2hYU1B0Q0lwaXZhdk5hQmlqSjU00gF8QVVfeXFMTTNaU3dqcUg0VVMyRGJRYW9tSTNaaXRVbDBlNktuR19RWkVfZC0zbzlyOFB2QnlxSmVSNmh3UUJHTGlKQzVpUFcxeXRibHNuVVF1YzRlUVBtWTBsdk9BOXlId3M1ZUtYa1Y2VVNaTTh4emlaamNOSlE5X3JEeg?oc=5,"Wed, 19 Aug 2026 07:00:00 GMT",2026-09-01T10:17:06+09:00
GoogleNews:AI　買い物,AI　買い物,Visa、「AIエージェントが本物のECサイトで買い物開始」と発表 - japan.cnet.com,https://news.google.com/rss/articles/CBMiUkFVX3lxTFBvZmZNd2pPT2lhUjhzU3BubHUxLVVCY1kzdHE1NUJTY3poWmpvOXFuckdwZUtsV3pJQ25LSlk4emh0bnNkc3QtTHlmbVJGUGlSdWc?oc=5,"Fri, 03 Jul 2026 07:00:00 GMT",2026-09-01T10:17:06+09:00
GoogleNews:AI　買い物,AI　買い物,買い物にAIを頼る消費者は過半間近 モンデリーズがAIマーケ専任者 - 日経クロストレンド,https://news.google.com/rss/articles/CBMib0FVX3lxTE1OMXh2dGY3eGVRQUs3Q3FjcTFwVlN4LWl0Z0l4dnhCeTNmYlFrUUEwN0lBWTFSZWY1ZmJCZmJSNUd0OVFXQmZNZ0RqSnREeUdKQXIzQ1V5Nm9kSW9oZ1FrengxOFNuck5jakpNUUNpVQ?oc=5,"Thu, 16 Jul 2026 07:00:00 GMT",2026-09-01T10:17:06+09:00
GoogleNews:AI　買い物,AI　買い物,米手芸チェーン店の 生成AI 接客で購入率が2倍に わずか6週間で構築できた理由（DIGIDAY［日本版］） - Yahoo!ニュース,https://news.google.com/rss/articles/CBMif0FVX3lxTE9MMTUydnhBOVlvbFdCVmNkRmxNeVAwTU0wbnlBSURCRFpsOHhlUGI4VGZWRmpGS2lmZTg0cmRGMVU1ZVhrRi1WeENDUUNBcFhjbXltRTgyUnpxRXpIcUNrSXJPRmNqNGdOQXF3M1dobC1GWDlXb0xPTTlENlBUQU0?oc=5,"Wed, 05 Aug 2026 07:00:00 GMT",2026-09-01T10:17:06+09:00
GoogleNews:AI　買い物,AI　買い物,「楽天市場」、AI活用による「楽天スーパーSALE」のお買い物体験を強化 - 楽天グループ株式会社,https://news.google.com/rss/articles/CBMiZkFVX3lxTE13dXhQQzJUSURoZG9kX21xYzhlZk9DQV9hNjlMdXAydy1zNnc0dmxGWThqUlYtaGRLVzlCS2lNVTh3REw1bW9jNFBIQ3JfeUNCbGMydjliLXVLM0ZqWDcyQ3RmejRWUQ?oc=5,"Tue, 02 Jun 2026 07:00:00 GMT",2026-09-01T10:17:06+09:00
GoogleNews:AI　買い物,AI　買い物,AIで買い物をする時代の消費行動とは？ 6割がECサイトへの移動に不満、価格の食い違いが摩擦を増幅 - ｄメニューニュース,https://news.google.com/rss/articles/CBMirwFBVV95cUxQWmx2dDl0Q2NuZ1FDWlRQM1ZDX3NISXZ0bUtpMkRpYnpyOE80NWxCWGpIWDZKeUhNTE0tejh4dnJ6bVdZaVBiZEhNM2YxQ3lxcWU2X2xXY0NxN0VDeDVTc1Q0SzNBdzdwT25naVplZm51WU1ka3lFN1U3blpYOVU2cDQ5TUxobnN4TW5GdmxSZ0ZXajQ5NjljWGNhVmJDVEI3d0dwNGlHeUZJZE1WUW04?oc=5,"Thu, 20 Aug 2026 01:30:00 GMT",2026-09-01T10:17:06+09:00
GoogleNews:AI　買い物,AI　買い物,AI利用者の3割以上が「買い物」でAIに相談…旅行・金融商品で上昇傾向 - 通販通信ECMO,https://news.google.com/rss/articles/CBMiVkFVX3lxTFBoc3ZwMDc2dTNCVWpldThRWXF1UE9yLXZSTmVyN2sxZEJYN2lNaTZZV0U3VlZfT1ozLWRlRFdIaklNaHdIREpNX3JPMjFtbVBJUi1qRTRn?oc=5,"Fri, 24 Jul 2026 07:00:00 GMT",2026-09-01T10:17:06+09:00
GoogleNews:AI　買い物,AI　買い物,CloudflareがAIエージェントの安全な買い物を実現する本人確認と決済基盤の提供を発表（Web担当者Forum） - Yahoo!ニュース,https://news.google.com/rss/articles/CBMif0FVX3lxTE50MkJKOWxvV29IU1ZZc3BvMDZSXzBpVHhLYzgtS2ZxUlNHaFZCakhFaFB1Wm9xMUxYbTJ2d3FwVVIzWjNURDZtalh0SGEwR0lweVJGc3dDR0oyWHo0blVSWnZNYnBsS1FaeDBKODRrOEIzOXJuZ0RvMTliVlFza2M?oc=5,"Thu, 06 Aug 2026 07:00:00 GMT",2026-09-01T10:17:06+09:00
GoogleNews:AI　情報検索,AI　情報検索,横浜ゴムがRAGを活用した生成AIシステムを開発 タイヤ開発の意思決定を高度化：製造ITニュース - MONOist,https://news.google.com/rss/articles/CBMib0FVX3lxTE1WR0t3TGs4NE9lZ20yOVAzWmJzc0pIelNELUFYbWQwbzhIZ2ljb2VtbW4tS203S0dtT2FRVmdnU21IcC1wZUswQVluLURsM3k1MlJ2MU5TZTduLUZZeFVGTWVrS08wRHBzc0xVdjJMbw?oc=5,"Sun, 30 Aug 2026 21:45:00 GMT",2026-09-01T10:17:08+09:00
GoogleNews:AI　情報検索,AI　情報検索,アサヒビール、生成AIで社内情報整理 検索システム来月導入 - 日刊工業新聞,https://news.google.com/rss/articles/CBMib0FVX3lxTE14ZnRlYmJTZnhkOEtTek11QXZFX1NkZ1NXRlY4YUpDdFBOUnFDUDV3M1ZkSlJxMHpSV1pzZjhIc2x5YTdJVFFfNFRqRzNIemNPdC1rOTJpVENiVTBxVEhRVWtOUU1NREhLSUhSMkJHcw?oc=5,"Tue, 25 Aug 2026 21:11:31 GMT",2026-09-01T10:17:08+09:00
GoogleNews:AI　情報検索,AI　情報検索,AI開示情報検索サービス（J-LENS）（β版）のリリースについて | 日本取引所グループ - jpx.co.jp,https://news.google.com/rss/articles/CBMifEFVX3lxTE1EX3FyUzRwUkN6ZFpsV05Edm9lQnpIOWNHZFdGX19xT3NfUEpwRDZEczNHbGFvc1djU3p2eGE1SDU2ZWlCNXRiU3NkaWlKT3dLa0Z2ZnBGaEVVdDFyNFpjZjFtM3dPV1FZWmVINzJ3eVZMbXZsQ3JFZFUxeXI?oc=5,"Tue, 09 Dec 2025 08:00:00 GMT",2026-09-01T10:17:08+09:00
GoogleNews:AI　情報検索,AI　情報検索,AIで情報検索すると従来のウェブ検索に比べて身につく知識が減る可能性がある - GIGAZINE,https://news.google.com/rss/articles/CBMifEFVX3lxTFAyMWtPdmNyS2NWVm54eE9FRHVFU2dzTm9hVUdNaVhySnU1VVBKZ01zb1ZBV1JsRDNfRkJwTmotNUVlZVlydzhHQ0tUMkw0b2oxdkRCS0pYb2JpMTJ5UnFlaWhfZ2dEYVZDcjFoTGFqekVRdnVfM29hSlAzMXY?oc=5,"Sun, 08 Feb 2026 08:00:00 GMT",2026-09-01T10:17:08+09:00
GoogleNews:AI　情報検索,AI　情報検索,「ググる」は死語になる？何でも生成AIに聞く時代に私たちは“調べる力”を失うのか - 東京報道新聞,https://news.google.com/rss/articles/CBMiU0FVX3lxTE5BZktxcFkwdnNzOHM0ZHdOZ3JuQ0p6QkRvZXNJSkxOb04xbGhzUEtqUXdmTlRVNFMtMVZlNGJqRGlsNEhrbnU2QlpfQXVIQjdab0pF?oc=5,"Sat, 15 Aug 2026 07:00:00 GMT",2026-09-01T10:17:08+09:00
GoogleNews:AI　情報検索,AI　情報検索,Naver Cloud、公共機関向けコラボツールにAI検索・文書作成・エージェント機能を搭載 - BigGo ファイナンス,https://news.google.com/rss/articles/CBMidEFVX3lxTE1oeDFpaTFtV21seEljWlAySkpWYldVclVPRm94c1ZpSm42ZktoT3R2MWM2dVA2QkFteGhwUl80ZGRVSGJPZV9zOWp4blQwODVWX2otd2F6a201MHhWVW5hNXJFNmhfcTk3d2ZWMk9ObVRKNUdZ?oc=5,"Tue, 11 Aug 2026 07:00:00 GMT",2026-09-01T10:17:08+09:00
GoogleNews:AI　情報検索,AI　情報検索,医師の調べ物に役立つAI検索ツール、何ができる？ どう使い分ける？ - medical.nikkeibp.co.jp,https://news.google.com/rss/articles/CBMif0FVX3lxTE1McnpneGhtSEVyMk9qaDAzSThMbDM5UUNiMVdwZVFaWHAwc2Mzb0hVOWZrelEtODl2UXl0MlQyd0FuSUdWQmJoLWFaeGFOQVVGdzhDQjZIZGktRXJVc05oM1phRDJvdFNWMUs3eUNhaEs0XzVGSkk1R3RSMXI4Ymc?oc=5,"Wed, 11 Mar 2026 07:00:00 GMT",2026-09-01T10:17:08+09:00
GoogleNews:AI　情報検索,AI　情報検索,【活用5選】グーグルの「AI検索」が手放せなくなってきた - newspicks.com,https://news.google.com/rss/articles/CBMiU0FVX3lxTE9WQXdWWkdsMVRrRkhaek1EbzFzb2JfTXp6clBiSVl1NnJrakc1VW1OVVpNeElFd0NQbndnMENlWkFMdW5KalF5YkliV3I2UUs1QnhR?oc=5,"Sun, 17 May 2026 07:00:00 GMT",2026-09-01T10:17:08+09:00
GoogleNews:AI　情報検索,AI　情報検索,AI利用経験は43%、活用目的は「情報検索・ニュース把握」「学習・自己啓発」「創作・エンタメ」が上位 - ネットショップ担当者フォーラム,https://news.google.com/rss/articles/CBMiXEFVX3lxTE53bVk0TmhZWUhFeEZGcnhaajdaSDJVcVpqeTJsYUoydTVwQ2hCTjJxR0NRclduQno4ZXNXNjZXZW5GanZOR1NwQVMtTTc5U0pxODA1NllPVWZxa1Nr?oc=5,"Thu, 02 Apr 2026 07:00:00 GMT",2026-09-01T10:17:08+09:00
GoogleNews:AI　情報検索,AI　情報検索,"きらやか銀行、行内の情報検索基盤に「Helpfeel」を導入 10,000ページの規程や通達をAIで瞬時に検索・照会可能に - PR TIMES",https://news.google.com/rss/articles/CBMiakFVX3lxTFB1NTQ5QWRPdHNkSGtIWHVVbXdrWjlTR0s2RzBqZjl4VmlFVDFoeV9OVC0ySjNSbF82ZC0wUUVDb1JRalZzLXZHb2NkQjBnWmhBQ2xTNTdqeVpyUGRsUHNuSGNfTXdIWmU4ZEE?oc=5,"Tue, 30 Jun 2026 07:00:00 GMT",2026-09-01T10:17:08+09:00
GoogleNews:AI　情報検索,AI　情報検索,市場調査の「検索・整理・深掘り」をAIで効率化 - 株式会社共同通信社,https://news.google.com/rss/articles/CBMiWkFVX3lxTE1QRHphNHFsOEFoNGZod3FRbnQ0SWFxWVNiMDh6Mm0xMDZZNFJGRWFPaEphOEJjd0xfT080UUoyeFJZMGRPaEhGY05aOTdSQ0U3LWkyeW5UWmJCdw?oc=5,"Fri, 07 Aug 2026 07:00:00 GMT",2026-09-01T10:17:08+09:00
GoogleNews:AI　情報検索,AI　情報検索,テスラ、日本でEVに対話型AI「Grok」 走行中の情報検索しやすく - 日本経済新聞,https://news.google.com/rss/articles/CBMibEFVX3lxTE05akFjT0VVMURDSWI1ZmxKQzZaNmNzVDF1OEJnWXo0NXAxXzh0VnZKdDFVblJHRDdvZ25kWlNGRldpNmpRaUpWYVEwYlVKQzhwUEdmZjBUazFMVkFSY2JUNXp5eXJiS3V2T0hCQQ?oc=5,"Fri, 10 Jul 2026 07:00:00 GMT",2026-09-01T10:17:08+09:00
GoogleNews:AI　情報検索,AI　情報検索,「社内情報をAIに食わせればいい」だけでは足りない、情報検索精度向上の鉄則 - キーマンズネット,https://news.google.com/rss/articles/CBMiZkFVX3lxTFA0enVmZXd0dnNmdUluMzN2TEU0cFA2QmZ4T09HUTQtT0VFb0FvcVIzQ2NTNEZRSng2ZTJFdlNuTDlkUmdqS0Fub3lQNzNnN0liMGhhenFpaVZncXRhRGpYcGJtQjFCdw?oc=5,"Mon, 17 Aug 2026 07:00:00 GMT",2026-09-01T10:17:08+09:00
GoogleNews:AI　情報検索,AI　情報検索,ニュース Google、生成型AIを活用しAI検索機能を改善 - 株式会社インプレス,https://news.google.com/rss/articles/CBMiY0FVX3lxTE40OElXLXc1OHd6M21DNFU1eE1QVUZjRHF5MXp5TjdXZjNGZm04cnFQbWdmTXdtNEhQODFuNUlRVTFmS3VmcjVna3ZzZ1JGdHlsVFBPaFZHUkRVTkxleGNIRjEtcw?oc=5,"Thu, 07 May 2026 07:00:00 GMT",2026-09-01T10:17:08+09:00
GoogleNews:AI　情報検索,AI　情報検索,AI議事録「Rimo Voice」、蓄積した議事録をチャット形式で横断検索できる「AI検索」機能をリリース - PR TIMES,https://news.google.com/rss/articles/CBMiakFVX3lxTFBQYVVMUGo5NDFZeFh3X2V0SmpxaG5OOUZhODAzQ2xfY3lGNUt6dDlmMDE4UGtKQzdMMHB6LTc0NzJYVEhjYnU2ZjRNYlJKUllvVkZwdGg0S19KVmk5dUgwQkJFTnZKellNUWc?oc=5,"Wed, 27 May 2026 07:00:00 GMT",2026-09-01T10:17:08+09:00
GoogleNews:AI　情報検索,AI　情報検索,技術情報検索時間を20分の1にする生成AIアプリ、開発の工夫と体制とは？：モノづくり総合版メルマガ 編集後記 - MONOist,https://news.google.com/rss/articles/CBMib0FVX3lxTE81U2hoSlVLQS1GYzIwU20yR1hyVUdncnRidXVTQVd1TXZ1a19YdjVOY2VxaEVCODBGLTJ4bHZLVS1ZdDk5OWwzcE9IQkMtOVhNaHhhZUlDN2VOcGFkNHRrNi12XzdmYzZWMG9MWHNJUQ?oc=5,"Thu, 14 May 2026 07:00:00 GMT",2026-09-01T10:17:08+09:00
GoogleNews:AI　情報検索,AI　情報検索,AIを活用した音楽権利情報検索 MIPPIA（ミピア）日本語版を正式リリース - PR TIMES,https://news.google.com/rss/articles/CBMiakFVX3lxTFBxdlJ6eC1kd1ppN2k5UkFDeTNtSExESUZfeENIeEtJTF9lVjNJaTI5NXVyWk1Ba3o4U0lnclhsQ0JPQVR3bjMzRk04dTBVQWlwVFlzanR2NndTb0NUTnExaUFXT1lLUjUwSXc?oc=5,"Tue, 23 Jun 2026 07:00:00 GMT",2026-09-01T10:17:08+09:00
GoogleNews:AI　情報検索,AI　情報検索,鍵は「検索できるPDF」 アドビとPFUが語るAI時代の文書活用 - Impress Watch,https://news.google.com/rss/articles/CBMiZEFVX3lxTE5WUEJ4Zk1nQ2JpSnBpREhjTHpXMlhlR0VhY2lKdnV5T0tLblRVYkREckVEdG0tV1NsV3FoSGpkYTZMN0VkWWkzTEVlU0JfR0k0bGx0N3JaWEtFSkw3N3NJaTNiLXc?oc=5,"Mon, 15 Jun 2026 07:00:00 GMT",2026-09-01T10:17:08+09:00
GoogleNews:AI　情報検索,AI　情報検索,150コンテンツの「信頼性の高い」情報を一括検索　KDDIが新AIサービス「Buffmee」提供、1年間は無制限で利用可能 - ITmedia Mobile - ITmedia,https://news.google.com/rss/articles/CBMib0FVX3lxTFBrUFlKUjZ4WVJKRnc4czBkWXlDSjY2WWNQcHBGV1NVVFMxd3hLMGtLRkpGMEFEcV85TVNEMS1adjQyWU13OERIZ1B0UURiTjFZeFFYakNDTEM0UnBmOFZvSTZEcW1lZ0xraUNwOU5jUdIBaEFVX3lxTE9mWWdvVkcxZjQ0aVdSWGZJNjZCZ2VqclZHTjhyanZISFZ0T3FadjZYdUk1MjB0dkExd2ctUlhadFBEaGVIRHNJX29pUFZoa0t3dllIVlkwTi1Ya0tuZS0xdmtUN0FabHJa?oc=5,"Tue, 28 Jul 2026 07:00:00 GMT",2026-09-01T10:17:08+09:00
GoogleNews:AI　情報検索,AI　情報検索,AIで脱属人化を加速！ 日本ペイントGが技術情報検索時間を20分の1に：マテリアルズインフォマティクス最前線（8）（1/3 ページ） - MONOist,https://news.google.com/rss/articles/CBMib0FVX3lxTE5yUjVhc1haTWREeTllMG5XTEE0TlZOel9VM1V5RWtRSjJrdERaUV9hUlV6Mkl5Qm5aOW9BYktmYVV3RTl4bWFOUW1HMV93ZmJVamNaTkxiMFJoTmw5aGNwN0ZVay1qc25EMF9Tb1Y0bw?oc=5,"Thu, 23 Apr 2026 07:00:00 GMT",2026-09-01T10:17:08+09:00
GoogleNews:AI　情報検索,AI　情報検索,DATAFLUCT、自律型AIエージェント「Airlake BI Agent v2」を発表。社内に散在する顧客DBや提案資料を、自然言語で検索・分析・資料化 - PR TIMES,https://news.google.com/rss/articles/CBMiakFVX3lxTE9tdTVKMVZ4Z196QXQ1SXVWOGI0NHFXSlo5VUwzTkx4LVNDN1VoWXN1eEdIaHI0VTR4TnQycXZsZDBaVU90Z0YtQ3dOMUhpbUhMTHZ5YW1PSU5Cb29TZzRZckVPZHR0a3N1TUE?oc=5,"Mon, 06 Jul 2026 07:00:00 GMT",2026-09-01T10:17:08+09:00
GoogleNews:AI　情報検索,AI　情報検索,AIを活用した開示情報活用サービス「J-LENS」シリーズ提供開始 - PR TIMES,https://news.google.com/rss/articles/CBMiakFVX3lxTFBJby1ubUNReWNxUXR0UlprTm8yQi1vbjNXVldVdlZ6dTBuREo3OVEyWE1LM0VCeFNwQTh5MzVhSkVLOGVZdFpobjBCcjd5SDhLTnlDbnU2ZUtyMm1LQkRkbVRRdnFvd1UyTnc?oc=5,"Mon, 29 Jun 2026 07:00:00 GMT",2026-09-01T10:17:08+09:00
GoogleNews:AI　情報検索,AI　情報検索,AIが情報を大量生産する時代に最も希少で価値のあるものとは？検索トラフィックが半減しても生き残るコンテンツ 【生成AI事件簿】ロイターのAI戦略に見る企業におけるAI活用の本質、AIは“速い“が信頼を作り出すのは人間の役割(1/5) - JBpress,https://news.google.com/rss/articles/CBMiVkFVX3lxTE1ta1AzM056MFlrbC1CV0FDLWZhaW54Z0tNMjVzT3JEdVFiXzlhOGw1LTg3akpPR1hoa1JlQkxRWGZfWlFJeTZYdXk0aVpuaXNkZkY4cndB?oc=5,"Tue, 07 Apr 2026 07:00:00 GMT",2026-09-01T10:17:08+09:00
GoogleNews:AI　情報検索,AI　情報検索,"AnySearch、学生・開発者にAI検索を1日2,000回無料提供 大学生やOSS開発者を支援、世界20万人が利用 - Newscast.jp",https://news.google.com/rss/articles/CBMiR0FVX3lxTE1EaFZxTU5ZM1VhN0ZsMEV0N0VIWHV4SGpybTJIai1YMzlvd3NtSzg0cUNfbVNaWkRkbi15T0U1OFczYUlrbUo4?oc=5,"Mon, 27 Jul 2026 07:00:00 GMT",2026-09-01T10:17:08+09:00
GoogleNews:AI　情報検索,AI　情報検索,Naver、対話型AI検索「AIタブ」を投入 ChatGPTに対抗 - BigGo ファイナンス,https://news.google.com/rss/articles/CBMiX0FVX3lxTFBxRVdBTVJERm0yVmFrUDNtZ0pZWlR5RWVWYnFnbkhtSDhha3NtdU5lcU5OWmZTUld5eEdYbWNHMm9EYXVaWl9USHdUbF91YW1EcFhHZUc0Y3JVQzlUTm9j?oc=5,"Tue, 28 Apr 2026 07:03:06 GMT",2026-09-01T10:17:08+09:00
GoogleNews:AI　情報検索,AI　情報検索,生成AI利用者の44%が、検索エンジンの利用が「減った」。購買意欲の高い検索はECモール、情報検索はAIへと分散の傾向【検索行動調査】 - ネットショップ担当者フォーラム,https://news.google.com/rss/articles/CBMiXEFVX3lxTE54VnRwQm9sVTA2OEhjZDdrejV1QURZYnF5bDFkZjhYaDdSMmViYlFnaElNVGFmU1R5ZXZ6d0FZMGlTdEp6aVZ3V2ktRUlvY0IzdFdIZHJjRXpDaEpn?oc=5,"Wed, 10 Dec 2025 08:00:00 GMT",2026-09-01T10:17:08+09:00
GoogleNews:AI　情報検索,AI　情報検索,【AI検索時代のマーケター必携｜無料】「何から手をつければいいか」がわかるLLMO対策チェックリスト（全30項目・優先度つき）を公開 | 株式会社ＥＸＩＤＥＡのプレスリリース - PR TIMES,https://news.google.com/rss/articles/CBMiakFVX3lxTE9IR1J1eGZWUnNkZlcwVktVNEo3WUVnTzJEZUxibW1SU2thWE5wRlkzTlhFM3hOODU1YkdaNVhsM1A5RDhCOF9DZ2JjSkJOZ3A3V1hQVGdKRmE1R1ZpR3l6Z0hGUHVxdXdiNlE?oc=5,"Wed, 25 Mar 2026 07:00:00 GMT",2026-09-01T10:17:08+09:00
GoogleNews:AI　情報検索,AI　情報検索,GoogleがAI新機能｢Spark｣、検索や買い物を代行 30億人の生活自動化 - 日本経済新聞,https://news.google.com/rss/articles/CBMibEFVX3lxTFBxNDRVQ09WNVhMT04xT25ZamhIM3J6azNaWnczdnFVNkhHYkhBQUNRTmtCWUlzY3hqT0VTUDVLdlRYZzMzN3BYS0FmWWhJVnlvc2RpMi1ZVjgzWkxZSkFjNkhOaVh4SHNDV2IycQ?oc=5,"Wed, 20 May 2026 07:00:00 GMT",2026-09-01T10:17:08+09:00
GoogleNews:AI　情報検索,AI　情報検索,グーグル検索のAIモード、検索結果から離脱せずにプレイリスト作成やフライヤーデザイン、買い物が可能に - BigGo ファイナンス,https://news.google.com/rss/articles/CBMidEFVX3lxTE1GLXlWOXU5OWVlSTVXRUR6a3ZIYkxQTTIyTUpob3R5ZWFlTnNPaGl3RXBjTnJpYl83Y05CVGtRRl9xNEhCbW9HNy1jS2UtMFZSX1RfelBUQ1dMdlgyTUlHMXJoVkRzRmlFbHlkclBpeEQ5VTFE?oc=5,"Thu, 16 Jul 2026 07:00:00 GMT",2026-09-01T10:17:08+09:00
GoogleNews:AI　情報検索,AI　情報検索,津波警報の発表中にグーグル検索、AIが「すべて解除」と誤情報 [AIの時代] - 朝日新聞,https://news.google.com/rss/articles/CBMiZ0FVX3lxTFBab0pKWkZNYVNTUUlwTHpUdXdPeFBEMEF4TnctdWQzU3R5eEgwbm5BalBzQW5XMVRqc0RnT3RnS3hvNUVZWkRyMDc2Q18tMlp3QzBoZmYtb1pGb3VnMGJKLUJGZk5vTjg?oc=5,"Wed, 10 Dec 2025 08:00:00 GMT",2026-09-01T10:17:08+09:00
GoogleNews:AI　情報検索,AI　情報検索,Google、AI検索に「優先ソース」機能追加 信頼できる情報を見つけやすく - ケータイ Watch,https://news.google.com/rss/articles/CBMiZ0FVX3lxTFBJajVGVkVjaDgzXy1mbXVybkdMMUZHdnU5eGdBMXpwY2tsWHhZS3BVa0FVRWFQbmtvRDMtOTJmYjR5NjdSOUR5TGhtazhWOW9xOWkxUnlFdk0xQm5HcHVwY2xESkluNGs?oc=5,"Thu, 28 May 2026 07:00:00 GMT",2026-09-01T10:17:08+09:00
GoogleNews:AI　情報検索,AI　情報検索,寄稿：生成 AI で“探せなかった開示情報”を見つけ出す 〜 JPX の AI 開示情報検索サービス J-LENS〜 | Amazon Web Services - Amazon Web Services (AWS),https://news.google.com/rss/articles/CBMigAFBVV95cUxNWHBnVllEWS05X1NveGdhbEN2M3h1b1poeFhiTlZJZGxFWE85R1JZWkNxUXVBcW5HbUVud0tTRkVka0JvV2FacWpQUjNYbXJVc194NlByRWpDQVVSa01rOUkydWRNNVBJb2RWX05RWmtHcWNfTURLSjJiTUpELVB0cA?oc=5,"Tue, 26 May 2026 07:00:00 GMT",2026-09-01T10:17:08+09:00
GoogleNews:AI　情報検索,AI　情報検索,AI Lab、情報検索・推薦システム分野の国際会議「SIGIR 2026」のShort Papers Trackにて論文採択 - cyberagent.co.jp,https://news.google.com/rss/articles/CBMiakFVX3lxTE5uakJPWDhWdm9oeEEzaDRKZHluNURvUEQzeGxwLS03ckdxU0hpZ09Fc2t3VklhX201NV81Y2JpU0hEcjNNSW5IdGc1NFoweDhxUHNydXlqb29yd2hqNjlmZFB0MFR3dVNGYUE?oc=5,"Fri, 15 May 2026 07:00:00 GMT",2026-09-01T10:17:08+09:00
GoogleNews:AI　情報検索,AI　情報検索,Google対Naver「AI検索大戦」…ポータル巨人の生存戦略 - BigGo ファイナンス,https://news.google.com/rss/articles/CBMiX0FVX3lxTFBZbHZSYlZNSmlsOWRZYkVfaG1RUG81NTdSVXdsSkxDX09JbzdES3FWcThQUDFKOXcxemlKTnQ3c2VFdnRMWTBlWXdyUVVHcFJ2c2RuTkpLeXhvRHRBTzdn?oc=5,"Fri, 22 May 2026 07:00:00 GMT",2026-09-01T10:17:08+09:00
GoogleNews:AI　情報検索,AI　情報検索,住宅分野の消費者の生成AIを使ったWebでの情報検索行動の実態を可視化、業界初「生成AI対策/LLMO弱点あぶり出し調査」サービス開始、生成AI時代のWebマーケティング戦略を立案（ニュースリリース） | 大和ハウス工業株式会社のプレスリリース - PR TIMES,https://news.google.com/rss/articles/CBMiakFVX3lxTFA0V0Nqc1ItcEtfcnF6QUV6Q2FYX0pLcFBYTVVId3VWeXBmMUNWVFgtVGhCOWJmbHU4Y0F5V3Q1NzRBSVNVR1MtaWZvRGpzdmxlbFBOdFJvMjFqODZ2WXFMNXVGRjNUSU9wNUE?oc=5,"Wed, 14 Jan 2026 08:00:00 GMT",2026-09-01T10:17:08+09:00
GoogleNews:AI　情報検索,AI　情報検索,AI利用経験は43%、活用目的は「情報検索・ニュース把握」「学習・自己啓発」「創作・エンタメ」が上位 - Yahoo!ニュース,https://news.google.com/rss/articles/CBMif0FVX3lxTE1qNlo0R2d6QnF4Qk1YbnFwakZ2MFFNR0NuZFJjS1VrMEhOM2RVcm0yUkgxb0hkejZzX0Y1NUNObHozRjN0TkQzVmxFX1JXQ2x3YVd0cmJzWVlOaDBJZjJNQkRYQXRiUE1CTndnWS0tSm12U1huMk94T2ZxSHNaUU0?oc=5,"Sun, 26 Apr 2026 07:00:00 GMT",2026-09-01T10:17:08+09:00
GoogleNews:AI　情報検索,AI　情報検索,2026年中国GEOサービス事業者トップ8徹底評価：AI検索時代のブランドポジショニング戦争、勝者は誰か - BigGo ファイナンス,https://news.google.com/rss/articles/CBMidEFVX3lxTE83aFI3ZzU0MVdaMl9mWmZwSnJLWi1BMkdhVDYzbXRLcng1SS1pUXBPV0hUeURBaXFrVkhSYk56aFBpdUU3c0xPVk1OQ1FjNzltRFhzWU45TjBvZEN2eEpha0l3UVVSMTI2bG9LcU91NlEydzZW?oc=5,"Thu, 25 Jun 2026 07:00:00 GMT",2026-09-01T10:17:08+09:00
GoogleNews:AI　情報検索,AI　情報検索,Google検索「AIモード」に個人情報を入力しないで――立教大など、学内に注意喚起 - ITmedia,https://news.google.com/rss/articles/CBMiakFVX3lxTE85RFB2a25hWjBEcXE3TTZ4YXo2cjZ1VV9KTjVqMDFNR3ZSYWpyTUxJYU5ObHdDUmt3MEVwVFBhX3dwNHAyTFJ2MkRUTkdSYzVWTWVqNERnemtIZ055aWpKRkJ1MkNHVU9YT2c?oc=5,"Mon, 20 Apr 2026 07:00:00 GMT",2026-09-01T10:17:08+09:00
GoogleNews:AI　情報検索,AI　情報検索,久世、生成AIで商品情報検索高度化 - LOGISTICS TODAY,https://news.google.com/rss/articles/CBMiSEFVX3lxTE9wOUhsaUdIcWEwMkRtOTZvQXUtWFpwaV9WSV94dS10a0pmQ2dqbVVUUjRIc3p6U0I0ZXZhbldHNWNaNXhMRzlFbw?oc=5,"Wed, 13 May 2026 07:00:00 GMT",2026-09-01T10:17:08+09:00
GoogleNews:AI　情報検索,AI　情報検索,AI利用経験は43%、活用目的は「情報検索・ニュース把握」「学習・自己啓発」「創作・エンタメ」が上位 - Yahoo!ニュース,https://news.google.com/rss/articles/CBMijgFBVV95cUxQRDFFVG9taUZjZFpiTS1fMVgzRHVLNmN3MGRXQktEMl9qbXdqZGpTUnVuNkw3VkJ6bkpXNmF2SmNFOTE5YXlaeTdWTUJlbUdVODFDaHI3Qk9jeE1mRWsxNEtwbXRwMk04aC0zTTBiSmpvMEFYUXNSZ0pSZnB0dVdFSDFPcE15aDdUWW9falBB?oc=5,"Thu, 02 Apr 2026 07:00:00 GMT",2026-09-01T10:17:08+09:00
GoogleNews:AI　情報検索,AI　情報検索,生成AI活用で「社内情報探し」の非効率解消、年間1万4000時間相当を削減 - 日経クロステック Active,https://news.google.com/rss/articles/CBMiZkFVX3lxTE9QV2FialNEN3Y1R1ZVV0V6UzhpT0Q5UUxVUWRzVnpoYXVjOVhCdHNhNHQ2aXk1X2R5Q3BpS1JqSHN5VENkdVlPcDhvTHE1dzJaSUZFWnBxc01oTEYtUWhFejhtRWxKdw?oc=5,"Thu, 14 May 2026 07:00:00 GMT",2026-09-01T10:17:08+09:00
GoogleNews:AI　情報検索,AI　情報検索,モノづくり専門メディアMONOistに生成AIを活用した技術情報検索システムに関する記事が掲載されました - nipponpaint-holdings.com,https://news.google.com/rss/articles/CBMic0FVX3lxTE1WV3lYZVMwMng2VkVSYU1HRUlqWVNqOUZHTVVWcTM2RGJ2RVFWMnhCZVg5YmgtQ05tWldIeUR0UjdnTzk5MTBjYTNnZHpNQWJyMmZfNTlaOGo2OHlWZ2lBMldzdS0wM2ltell2TEFac0FHdE0?oc=5,"Thu, 23 Apr 2026 07:00:00 GMT",2026-09-01T10:17:08+09:00
GoogleNews:AI　情報検索,AI　情報検索,市場調査の「検索・整理・深掘り」をAIで効率化 - Infoseek,https://news.google.com/rss/articles/CBMiZ0FVX3lxTE5lQWxfY1RHVVBVZUxmbmRnXzdlcEEwNjNXRzdNajN4b09hSG5MTDNKS2NpLUMzcDk2WmxtbEtfOXpkZ1BieHJieUxRaHMwTDRkMHdfTUgzMi0tZF80X1RNWjNSRUJnMnM?oc=5,"Fri, 07 Aug 2026 07:00:00 GMT",2026-09-01T10:17:08+09:00
GoogleNews:AI　情報検索,AI　情報検索,日本原子力研究開発機構、「研究開発成果検索・閲覧システム」にAI検索を試験導入 - カレントアウェアネス・ポータル,https://news.google.com/rss/articles/CBMiTEFVX3lxTFAzNTU5SkpvZ2tSaE1iNkRxVFI5bWNsZHlLa1VxdWo4VVdpVG5oengtV1VpOXhMWkY2NURxVWlZMWlDNHRJc3J4aDdtMUQ?oc=5,"Fri, 16 Jan 2026 08:00:00 GMT",2026-09-01T10:17:08+09:00
GoogleNews:AI　情報検索,AI　情報検索,グーグルのAI検索機能に誤情報のリスク--英紙が医療情報の正確性を検証 - ZDNET Japan,https://news.google.com/rss/articles/CBMiU0FVX3lxTE53VUJVa2w5d09CZnhxektJOTdEeU9ja01KUmZuQnd5aXRHVjdHaGJNMzZ1b0VkQ3VFX1BUSnlKTE42WTMzcEd3QTdpR3dhRGRfQ3ZJ?oc=5,"Wed, 07 Jan 2026 08:00:00 GMT",2026-09-01T10:17:08+09:00
GoogleNews:AI　情報検索,AI　情報検索,メック、医学生向け初期研修情報サイトを「メクキャリ」へリブランディング＆リニューアルオープン！AI検索機能を新たに搭載 - PR TIMES,https://news.google.com/rss/articles/CBMiakFVX3lxTE5xcmxCTHozcjdDZkwxT2d5MkVnYk9WVmFUWTlmZm9xblZRT2M3aW5KSThKcXZSUG1FT1lGSUlWWk5sSzhvWVppLTVRU1VDMzlIbmJGbnJ2cTZhTzVaSVFDT3FqejZLSDZfOFE?oc=5,"Fri, 31 Jul 2026 07:00:00 GMT",2026-09-01T10:17:08+09:00
GoogleNews:AI　情報検索,AI　情報検索,市場調査の「検索・整理・深掘り」をAIで効率化 写真1枚 国際ニュース - AFPBB News,https://news.google.com/rss/articles/CBMiUkFVX3lxTFBmand5NTE2RUVOMXRwUjUtOXg2Mm1iNENsQVZCaVZEdUFQaTJrXzN6S2dxSlg4aHRiLTBmTXQxWVVtRlk4dl9hcWwxOERRWDZvd1E?oc=5,"Fri, 07 Aug 2026 07:00:00 GMT",2026-09-01T10:17:08+09:00
GoogleNews:AI　情報検索,AI　情報検索,利用するSNSの上位は「LINE」「YouTube」「Instagram」。情報検索は検索エンジンが8割超、生成AIに質問が約29%に急上昇 - ネットショップ担当者フォーラム,https://news.google.com/rss/articles/CBMiXEFVX3lxTE04QXVhcVBWNEdNbGo0T3U5SFhzcDhsM1hWeVdZOXZ0WGluRHZwUVRiV2QzNmROeDdvMlRhTmJKeGxraXlxLV9fVVJrY1JtUjVyVWp6QlBXdFdzbWcz?oc=5,"Tue, 23 Dec 2025 08:00:00 GMT",2026-09-01T10:17:08+09:00
GoogleNews:AI　情報検索,AI　情報検索,AI利用経験は43%、活用目的は「情報検索・ニュース把握」「学習・自己啓発」「創作・エンタメ」が上位 - Yahoo!ニュース,https://news.google.com/rss/articles/CBMijgFBVV95cUxQa2pobC1hNGNWZkh1bUk4TV8ybTRCaFphcU1DN2swZUhTRFBWRVpRS2JJbS02Q0NzWERzdndYMTNhOXp5ZmNKNllkWEpOMW1nZlV4blIzdWIyOXlUdlR4WHhxazUxUkNrWkVHXzFOdTQzbFZGMXlfOVN5elpJZmEzTGVjOGUtTXgxc2cyQ2lR?oc=5,"Thu, 02 Apr 2026 07:00:00 GMT",2026-09-01T10:17:08+09:00
GoogleNews:AI　情報検索,AI　情報検索,仮想統合データベース「Con:tegration®」に生成AIで文書管理業務の分類や検索を支援する新機能を追加 - holdings.toppan.com,https://news.google.com/rss/articles/CBMieEFVX3lxTE8ycEFrLTRJWWk3VThJZ25fRnVSdTQ3LUdhMi0wcktZdGN3Y2swcGFYYXhSR3Fydy04VGlnUEUzQmFRT2xJcmFYZkpVUkFtRllkaTJoNmpnTjNDenVoa3MyWVFjQ2g0bTVrVERtdHVGYnRSclNSUlMxSw?oc=5,"Tue, 24 Mar 2026 07:00:00 GMT",2026-09-01T10:17:08+09:00
GoogleNews:AI　情報検索,AI　情報検索,エンタープライズサーチ QuickSolution® が検索エージェントを搭載 ～ AIエージェントが社内情報を検索して回答、情報探しの負担を大幅削減 ～ | 住友電工情報システム株式会社 - Digital PR Platform,https://news.google.com/rss/articles/CBMiQ0FVX3lxTE9oYThTMF9TbS01S19vRFdUaGN4TElNUDljV0EwM3pQSHVPM01PdFJPN005SXRCeHlrSFJIZFhIVUUzaFU?oc=5,"Tue, 07 Apr 2026 04:30:28 GMT",2026-09-01T10:17:08+09:00
GoogleNews:AI　情報検索,AI　情報検索,ChatGPT Atlas入門、OpenAIの「AIブラウザ」は検索体験をどう変えるのか | Moz - SEOとインバウンドマーケティングの実践情報 - Web担当者Forum,https://news.google.com/rss/articles/CBMiW0FVX3lxTE5YYU5vUXM3SHNUenh0eXZwTEE0RUVJMUZOb0VieFk4WVFlNFM5Vk1wZU53U09leTRPWm9pZndhaTRXMGViMUI5Rm5uUzZLWDZwaXFXbHNnZFI4dUk?oc=5,"Mon, 18 May 2026 07:00:00 GMT",2026-09-01T10:17:08+09:00
GoogleNews:AI　情報検索,AI　情報検索,AI検索時代の勝者は誰に？ 美容業界で激化する「GEO（生成AI最適化）戦争」 - wwdjapan.com,https://news.google.com/rss/articles/CBMiU0FVX3lxTE03RmtMNWZYMlBoaGxMSkRjRzJaYm12ckh5cXcxTDdqVHlNbnhwZ0FGOUh3Z2x2X1AtVm1uTUE2TTVONzJlc0txWnF1cnI4bGxUa3Bv?oc=5,"Tue, 31 Mar 2026 02:17:14 GMT",2026-09-01T10:17:08+09:00
GoogleNews:AI　情報検索,AI　情報検索,上場企業の開示情報、AI検索サービス開始 JPXが9日から試行 - 日本経済新聞,https://news.google.com/rss/articles/CBMibEFVX3lxTFA4OTlfQlZ6SEsyemRQU0V0TE84VUd4WjVaMjJ1VDlVTGg2OUx6eEM3eHQxZEtmaEU4OGQwMVgtRlBlR0dlcG1mWFNSNzhfdXIxWDhIaEpKQzFUT2Z0cXRSajEzV1VqQkxNZWlaVQ?oc=5,"Tue, 09 Dec 2025 08:00:00 GMT",2026-09-01T10:17:08+09:00
GoogleNews:AI　情報検索,AI　情報検索,Google検索結果からAIの応答を削除する方法 - Vietnam.vn,https://news.google.com/rss/articles/CBMiiwFBVV95cUxQcTdrRzZCSEt0dER2M2lmNFpOUEV3WFZudWp0NkljOC1RSDluUmhIa0dxa0d0dTdiQ2pRdE9Sck5JQlZlNlFHYjBZdHVhUVhXTGEwMHlDYzh0S1JnUVBXY3pwMkpzRjUyY3dNQUJ4Vk51WU9keUNpMU93YmNmSGxLOEZZNmNrZE5EYnJv?oc=5,"Thu, 28 May 2026 07:00:00 GMT",2026-09-01T10:17:08+09:00
GoogleNews:AI　情報検索,AI　情報検索,eBASEで管理するすべてのプライベートデータが、AIで“問いかけるだけ”の検索に対応！ - ASCII.jp,https://news.google.com/rss/articles/CBMiVEFVX3lxTE5Ea29sQkdTN0FMQUNJMHBLZ0tKakFzU2JpVGpfSGFDeTdINkFzdUNadkJ6WXRsdXFXckhWSG1iWTJqYUhnSTJfbG5GQ2R1NDdoNVFfUw?oc=5,"Tue, 26 May 2026 07:00:00 GMT",2026-09-01T10:17:08+09:00
GoogleNews:AI　情報検索,AI　情報検索,一般生活者の利用している生成AIは「ChatGPT」がトップ AIに連携しても良い情報は「ポイントや会員情報」「利用しているサイトやアプリ内での閲覧履歴」「過去の購買履歴」 - MMD研究所,https://news.google.com/rss/articles/CBMiXkFVX3lxTE5ULVczMzNTMHFPdGZsZndzcFNqYVo0QUZUNUtSTG8wV1hxbEpCQ0lyODI5RjJqWHZ0TjVjWE53ejNZclBnSzNfbThEdi1tT2ZDLWwzc3d0QmtWdC0weEE?oc=5,"Wed, 10 Dec 2025 01:03:38 GMT",2026-09-01T10:17:08+09:00
GoogleNews:AI　情報検索,AI　情報検索,利用するSNSの上位は「LINE」「YouTube」「Instagram」。情報検索は検索エンジンが8割超、生成AIに質問が約29%に急上昇 - Yahoo!ニュース,https://news.google.com/rss/articles/CBMijgFBVV95cUxNdlJGQkxvbkZHUmxVUXRXN1Jnb3E3T0RSM1lqY1JCbDNFLWZpWVJMeENFMTJXTHYtM0dTSjV5WkszUWxhN0xTSTZUVjM4VldRRGxpRHBUX0NyREZkRDdOWnJkd0dTNnd3YU1LbXBYdGVfRWFRSlc1ZVdwVE5UQjBkSS1rQ3J1SlM3aGNqcGFR?oc=5,"Tue, 23 Dec 2025 08:00:00 GMT",2026-09-01T10:17:08+09:00
GoogleNews:AI　情報検索,AI　情報検索,ひふみ株式会社、JPX総研のAI開示情報検索サービス「J-LENS」（β版）に生成AIによる高度な技術支援を提供 - PR TIMES,https://news.google.com/rss/articles/CBMiakFVX3lxTE5zNDFlVkExM2EydnB5bGxFVENJY0Y1Yk5sUGJCNEt3VWY0ZzlyNkZXYm9GYXJwTEFZQlJ2akluM2laMWo2Z2Z3VTY2TkltUnJsN0p3T2doS3ZobkVXVEVMYlIzblpvYlpUSWc?oc=5,"Wed, 10 Dec 2025 08:00:00 GMT",2026-09-01T10:17:08+09:00
GoogleNews:AI　情報検索,AI　情報検索,Yahoo! JAPAN、PC版トップでAIアシスタント機能の提供を開始 会話形式で情報検索が可能に：commercezine - MarkeZine（マーケジン）,https://news.google.com/rss/articles/CBMiT0FVX3lxTE1oMVBMRDlXc0tERGJDa1BlUGI3Q0dOMHRVVHVBN2hyTjdkR1NjUGRrckxMNm9RYmlCZlpOOUxWTjJUaS1TTWtlaEotX1NxeEU?oc=5,"Tue, 16 Jun 2026 11:59:52 GMT",2026-09-01T10:17:08+09:00
GoogleNews:SNS　買い物,SNS　買い物,Z世代の「買い物の起点」SNSが4割以上、検索を逆転 TaTap調査 - ECのミカタ,https://news.google.com/rss/articles/CBMiWkFVX3lxTE85MEpDdEhyVEU5STJkS0g4aHp5N1k1M2NrbTR4VmN2VjVZcUVFbE9ZUElwdUZPZVF5RUJmR2h2SFBNQUNPVzR4NWljTkJYUk1iWUw5U1FOM21mUQ?oc=5,"Mon, 24 Aug 2026 05:00:00 GMT",2026-09-01T10:17:10+09:00
GoogleNews:SNS　買い物,SNS　買い物,Z世代の買い物の起点、検索エンジンからSNSへ 「#PRがつくと参考にしない」は13.2%とどまる - AMP[アンプ],https://news.google.com/rss/articles/CBMiVkFVX3lxTE5uUEV5dGkzMzVJdVA4SHdhN3V3LXl1aUN6Z09CT2k2OU4xRVQ1RkdNYjU3VHJWZW9sWGFtSDNCckJ4aHR2SXpzLXh6ejV5eEluZjVWbEdn?oc=5,"Tue, 18 Aug 2026 06:27:45 GMT",2026-09-01T10:17:10+09:00
GoogleNews:SNS　買い物,SNS　買い物,Z世代の買い物の起点、SNS4媒体の合計45.2%が検索エンジン33.6%を逆転。「#PRがつくと参考にしない」はわずか13.2%【TaTap SNS調査】 | 株式会社TaTapのプレスリリース - PR TIMES,https://news.google.com/rss/articles/CBMiakFVX3lxTE5nNWJ1VWxxWkRrSTZWV0stRjFiSl9ObnE4SDlhUFJFaUFWMlcwYUg1Zm9fYXQwcElGSEZycHZ5TjdwSDV6SklFU0VpWHJ3NFQ1QUhkRGlFLWYtTHp2OEFqa1BzVl81MldOZ1E?oc=5,"Tue, 18 Aug 2026 07:00:00 GMT",2026-09-01T10:17:10+09:00
GoogleNews:SNS　買い物,SNS　買い物,人生最大の買い物なのに……なぜSNSで中古マンションを買う人が増えているのか（1/5 ページ） - ITmedia,https://news.google.com/rss/articles/CBMickFVX3lxTFBlTk9xQ0JWRXdpVXE3NFJMd1RRNUc0aTlleGh3dTRfV1h6ek9paVFVbmltbXdYX0dkWFRpS1BsZ29ycDVITWFLNlpIU2d3bUo0aW41QjU1MUlEeVRGN0tHaEVOVmJGOWRCUFhzUThTMDkzUQ?oc=5,"Thu, 23 Jul 2026 07:00:00 GMT",2026-09-01T10:17:10+09:00
GoogleNews:SNS　買い物,SNS　買い物,「武器輸出にNO」 母の日に大企業商品買い控え SNSで拡散 - 毎日新聞,https://news.google.com/rss/articles/CBMiaEFVX3lxTE80R191RVhYOW9BajJ1RFBldGkxZ2NxOHlETHlZMThneGhJMW1tejY2RHlaX0QzUFhJdExvRkt0SVQzRVN4LWNmYkpPMFVRLVFoa0FraTVzQXA4SGNKNlFyRjdwVFZCT081?oc=5,"Sat, 09 May 2026 07:00:00 GMT",2026-09-01T10:17:10+09:00
GoogleNews:SNS　買い物,SNS　買い物,物価高×情報過多で、子育て世帯の買い物は「二段構え」に。SNSで絞り、リアルで決める新しい購買行動。体験後、約9割が購買へ - 毎日キレイ,https://news.google.com/rss/articles/CBMiekFVX3lxTE80TmFoMzRmOHZjMzV5alZ5MThGcWhuMHR6NUJqY2xKQXZRWnExVmRxS0tvd2pNTmR3QkFtU0lyb0V3THRJNEVpbFVXdDZheFk1RmNBSmppMExPS1NEM1VnYkd0MlpISlJCSUNFX1RjeFE1RDBQZ0RTLUl3?oc=5,"Thu, 20 Aug 2026 07:00:00 GMT",2026-09-01T10:17:10+09:00
GoogleNews:SNS　買い物,SNS　買い物,人生最大の買い物なのに……なぜSNSで中古マンションを買う人が増えているのか (ITmedia ビジネスオンライン) - newspicks.com,https://news.google.com/rss/articles/CBMijwFBVV95cUxOWlc4c1BmZ2FwbFVKUktUeXRBdnlqQ2dBeTNTOWJIbElOY1JjUXNiaDYyaU1ZNEtqQTFWNzRWTUVwQmVfckNpaFNWeWRZcVZYNHVyNEhfMC1lcnNXUDlhSXloamE3dzluMEVrOGNLMldLbEM1d0YtSWZiRXk4R0F6dGE5Q2d1bzJVY3Z2VTlxMA?oc=5,"Wed, 22 Jul 2026 07:00:00 GMT",2026-09-01T10:17:10+09:00
GoogleNews:SNS　買い物,SNS　買い物,人生最大の買い物なのに……なぜSNSで中古マンションを買う人が増えているのか - ｄメニューニュース,https://news.google.com/rss/articles/CBMilwFBVV95cUxQMm1MeXJuR1E0YzE1WkZJUkk0WC0zVTM2NEdKRXUzS2hTN0M1ZklmazhQbEpvVEFhZHV4TmwwRTc1VTdlbGRObExkajB1RE5ZdFo3Y3VGYXNyb3I3Wmo0cnNRRlhicTN3VXhfTVVWQlFPNzdsZDRHX0p0S3l5TEdOM1pRUHdhUVIwZ3FqeDk5aFNTeldtRDhN0gGcAUFVX3lxTE9xMDV6UEl2bV85R0VsaVhURzBjMWRWdTdWUGtYS0tvbDc2aWFyT01VODN4U2tES0diaVItRGpKdkxxZjlzUGJ3dkRZVU1ZV2djQkJVZHlkMllPWVRFbTZQUUpTa0dqN0l5c1VoX3lJcEFnYkdqUVhyd1o2UHdTMXZrU2xDR1dFUW9id3UwdTJYWEJiN0lieU9ZS1pGSQ?oc=5,"Thu, 23 Jul 2026 07:00:00 GMT",2026-09-01T10:17:10+09:00
GoogleNews:SNS　買い物,SNS　買い物,Yahoo!ショッピング、SNSを通じて誰でも気軽に始められる「Yahoo!ショッピングアフィリエイト」の提供を開始 - lycorp.co.jp,https://news.google.com/rss/articles/CBMiXEFVX3lxTFBkQWZKZVBxdjd6VkpOdGFRZzZqWk1jSG1HV0dMSDRQUTVQX2hIQXpMQlk5MU1CN2dfQUtpSnRnejhFX1FKU3FxbjBVTGQyd0lfekZVaVo4emIwUDJM?oc=5,"Mon, 26 Jan 2026 08:00:00 GMT",2026-09-01T10:17:10+09:00
GoogleNews:SNS　買い物,SNS　買い物,ヴィレヴァンSNSフォローでお得にお買い物しちゃぉぅぜ！！ - ヴィレッジヴァンガード,https://news.google.com/rss/articles/CBMiWEFVX3lxTFBjTV9uUnpBakZtODY0UDRYSHZUODRpTi05bzJob0ltR196V3lMMnQ4cWp4dXRmekRMNmJTbVlxY3dnVHBWVl9OUFVrb0lXdUp3NUhHeG5RSXk?oc=5,"Thu, 25 Dec 2025 17:34:07 GMT",2026-09-01T10:17:10+09:00
GoogleNews:SNS　買い物,SNS　買い物,ブラックフライデーが映し出す「デジタル社会での買い物」― SNSとAIが変える消費行動の構造（佐藤仁） - エキスパート - Yahoo!ニュース,https://news.google.com/rss/articles/CBMiiAFBVV95cUxOMkh0RWl6RkdMM2wtNENlRzgtMlZhbUJpSFlHQ0JUODNJd1ZPYm4wRm5PN0VqbnZUSUhWekxyY0ZRSWc0cmpaQUh3SmwwUlZic0pDc2ZDekhHMngzdXFjZE5zR2wwMVlYeFIyUTR0T2tRX1E4Zk1VSU1jd0lHclpNYWJlZi1HTEZD?oc=5,"Sun, 30 Nov 2025 08:00:00 GMT",2026-09-01T10:17:10+09:00
GoogleNews:SNS　買い物,SNS　買い物,7人家族・辻希美、コストコで“爆買い” 買い物シーンにSNS「気持ちいい！」「どんどんカゴに入ってく」 - オリコンニュース,https://news.google.com/rss/articles/CBMiVkFVX3lxTE9BamhtdUdxdE1pemhweUdRTVJ0SHhHZE93TGMwekthc25nNmhHTmNxSi1YUVJwYmxoZzRsMk84cVBuanZMTnIzTDZUZ01wQlE1QTU1MFdn?oc=5,"Tue, 19 May 2026 07:00:00 GMT",2026-09-01T10:17:10+09:00
GoogleNews:SNS　買い物,SNS　買い物,CookGo／SNSで見たレシピ、もう探さない。AIレシピアプリ「CookGo」、新たに「献立自動作成」「買い物リスト」機能を追加 - Newscast.jp,https://news.google.com/rss/articles/CBMiR0FVX3lxTFA1cUpLaVZUOWdlNVdpM2dSVnFUTkVhVFFGNkE4X21YVXdNNTRLLU5EcVJBRlcwWGZ6NC15M3h3YVZVcF9hQzdR?oc=5,"Thu, 14 May 2026 07:00:00 GMT",2026-09-01T10:17:10+09:00
GoogleNews:SNS　買い物,SNS　買い物,バッグを入手して満足するはずが…SNSに気になるものを発見してつい…／150万のバッグが欲しい主婦の 夫に内緒の買い物日記（9） - mama.smt.docomo.ne.jp,https://news.google.com/rss/articles/CBMiX0FVX3lxTE82cGFYZk5TZjlqWU9EVGFUZkRsNVE1OUZLdVY1UUJGVVJGTU9jZWJLcDRPMHN6bjNhT0xFS3JnQlVkNV8yb2lLQ1pLSExXcFRGMkN5TGNSaEZ2UFJscEtj?oc=5,"Thu, 23 Jul 2026 07:00:00 GMT",2026-09-01T10:17:10+09:00
GoogleNews:SNS　買い物,SNS　買い物,買い物不要、店内で涼んで 県内コンビニの張り紙 SNSで話題 優しさ巡り 今年の夏も ／新潟 - 毎日新聞,https://news.google.com/rss/articles/CBMiaEFVX3lxTE9yTFQxYW1FMTdEN3g2MnBCa21pMElWLVFaVFNjeGxWM3pYMFREa1I3cC12UGRfWlIyU2gxR3Z0eHVRdm9YZkZsYXNuSzJ2N1d1YkNBcUkwdVdhbHlVeDhpelFvOHdrV2Na?oc=5,"Sun, 07 Jun 2026 07:00:00 GMT",2026-09-01T10:17:10+09:00
GoogleNews:SNS　買い物,SNS　買い物,ノース・ウェスト12歳、顔ピアス風メイク＆ド派手ウィッグで買い物へ「大人びすぎ」SNSで賛否 - ELLEgirl,https://news.google.com/rss/articles/CBMiiAFBVV95cUxOMzdLeUpKLVFVQ2s4aEswSVZaQ01HWlo1ZjNDY1Q4SUF3clJmZzQ5dVV5RDZBSDV5OTE5bjczYS1NS3dZblBnT2pSRVJWNU9nOHo1VlY0MmZfZkZNZWg5cTlUMjdTcDFmdlZKUmdlT1VZQjJoQWc2OGd2RlJFTWhLVnQ2cWJuQ0NB?oc=5,"Thu, 19 Feb 2026 08:00:00 GMT",2026-09-01T10:17:10+09:00
GoogleNews:SNS　買い物,SNS　買い物,Faker「間違えて買いました」―“なにか深い意味が？”とSNSで話題を呼んだ「謎の買い物」、ミスだったことを正直に告白【LCK】 - FISTBUMP,https://news.google.com/rss/articles/CBMiY0FVX3lxTFBZbldKRWpfT0x3NUNsZU1xQkl4Wm1YQmdKUjgxbU9FSzJpRF9ZN2pLNFE0Q00xYWxtZjJUbUpBM2ZHSkQ4cU5iLUlybERkUXZVenlZSjZDckFMMTZOejVXR3hzUQ?oc=5,"Mon, 02 Feb 2026 08:00:00 GMT",2026-09-01T10:17:10+09:00
GoogleNews:SNS　買い物,SNS　買い物,【コストコ】遂にコストコが店内撮影OKに！SNSへの掲載も歓迎（コストコ好き主婦 みんご） - エキスパート - Yahoo!ニュース,https://news.google.com/rss/articles/CBMiiAFBVV95cUxOeXpLd1ZLUlFDQ2plSWRDdUw0ZVdUZXhFdlZOcENId05TWW56RThhaEJGakczOG5FWlY4SFUwR09HTnQzcU5kVFlOcFU4ai0xWHdSUWlPZmRTeC1BaWxkZkI4NlQ2bEQ5X0ZFTnVwQi1zVEk4dzY2M3VKa2RaVHBPUXRfa0cyM3g0?oc=5,"Tue, 06 Jan 2026 08:00:00 GMT",2026-09-01T10:17:10+09:00
GoogleNews:SNS　買い物,SNS　買い物,駅の改札内で「飲食の買い物ができない問題」を解決 千葉県「上総一ノ宮駅」の神対応に注目集まる - LIMO | くらしとお金の経済メディア,https://news.google.com/rss/articles/CBMiV0FVX3lxTE1LQlJjTVNjZWZuYW52c0c2VEV3UnNZbUEtU3ZjU2tnNVJvUW5SRktBREJfQzF6SzN0eHJNS1pfOVJLbTZBZlR3X01xN1N0a2JLWUtOdnBNbw?oc=5,"Sat, 11 Apr 2026 07:00:00 GMT",2026-09-01T10:17:10+09:00
GoogleNews:SNS　買い物,SNS　買い物,【みついショッピングパーク キッズクラブ】“かわいい×ミステリー”SNSで話題『うそ探偵トマント』公式キャラクターに就任！ - PR TIMES,https://news.google.com/rss/articles/CBMiakFVX3lxTE1rcGNCeDJ3dU5jQ3NlSTFmeXR4RGJRcEIwOHdXX0ZSbjJQZHJBTDlUdVltaGtab0tyb1VUajNjTmhjVnNsTE91cUtZZE9WR1pJS0ZRaXhxS2RHMUtrMzFuWENWREpPbHJnbkE?oc=5,"Wed, 01 Oct 2025 07:00:00 GMT",2026-09-01T10:17:10+09:00
GoogleNews:SNS　買い物,SNS　買い物,ヘブンに買い物を頼まれたトキ、その奮闘にＳＮＳ爆笑「完全にモノボケ」 - Lmaga.jp,https://news.google.com/rss/articles/CBMiU0FVX3lxTE5lRktjYlVsYUJhRDBMTUVrQXUtelFuNEdZWGJ4ZzVscUVqbTdhM1k0eHhEZENoWkx6R3JnWVFvN3hDLVhVVmN5MmVhYzNZbVgyZWNz?oc=5,"Mon, 17 Nov 2025 08:00:00 GMT",2026-09-01T10:17:10+09:00
GoogleNews:SNS　買い物,SNS　買い物,駅の改札内で「飲食の買い物ができない問題」を解決 千葉県「上総一ノ宮駅」の神対応に注目集まる - LIMO | くらしとお金の経済メディア,https://news.google.com/rss/articles/CBMiTEFVX3lxTE9CLXJEMnBBRWdZbDFXZUNWNFJfT2dHVGlGZ0JBZnBsYzk5SXFHMXhJM251bDRzN3hoNFFkR24yYnZnUFNFOS1TNFZLcXA?oc=5,"Sat, 11 Apr 2026 07:00:00 GMT",2026-09-01T10:17:10+09:00
GoogleNews:SNS　買い物,SNS　買い物,SNSきっかけの買い物、「インフルエンサーから影響」が最多に 20代の6割近くは「商品知って1週間以内に購入」 - AMP[アンプ],https://news.google.com/rss/articles/CBMiXkFVX3lxTE5DRW40OVRvb1V2ZHRhaXZQa2YtNlZEZmZQZXNzTUJDMGg0N0E4d1dBam1CRi1JLVlJbzlhSUY1LWpUTHBhMmFyUkU1QkVvbjhTZkZYMWEzUUZUVmZZekE?oc=5,"Wed, 20 Aug 2025 07:00:00 GMT",2026-09-01T10:17:10+09:00
GoogleNews:SNS　買い物,SNS　買い物,オンラインショッピングにおけるSNSと購買行動に関する調査結果レポート - commercepick.com,https://news.google.com/rss/articles/CBMiVkFVX3lxTE5jMGhsa2I3bUsyZjdUZGxmTnFrRlhMX3FBMjlfWHV0THloOVFzMlpiVUZ3X3cwXzFhbVpDTzVZaGtyTlV0YzlZTHVsS3BqY3RKSW9hREZn?oc=5,"Thu, 17 Oct 2024 07:00:00 GMT",2026-09-01T10:17:10+09:00
GoogleNews:SNS　買い物,SNS　買い物,Z世代の「買い物は投票」ってどういう意味？ SNSを駆使した購買行動 - 朝日新聞 Business Hub,https://news.google.com/rss/articles/CBMiWkFVX3lxTE8tZXBadDRDR1hTNEVxc2xHWlVEckhZRloxTEVkOGlrMmdKX3VMN2VZNW9LeElqeFJUOXF4R1NMLTRHQ3dCclVCYUVycUNMNEtpeUpxQlMyOHBOZw?oc=5,"Wed, 09 Aug 2023 07:00:00 GMT",2026-09-01T10:17:10+09:00
GoogleNews:SNS　買い物,SNS　買い物,Z世代は選ばない 買い物はSNSの「お薦め」 - 日本経済新聞,https://news.google.com/rss/articles/CBMibEFVX3lxTFBWdm9tWXhCemtzNkZGb040RHhialZPZHo1bTFZU0pnZnkxb1d2YWFiUmMtWUhCMHNibW83MnNMaG83d3J6YXN2Vk9ibnZYcFRERmtaNnF4Q3hZVDkxcXk4UTlQelRiSm5Lb2tvVw?oc=5,"Sun, 16 May 2021 07:00:00 GMT",2026-09-01T10:17:10+09:00
GoogleNews:SNS　買い物,SNS　買い物,「働く女性の商品レビューとSNS活用に関する調査」結果発表：働く女性のレビュー投稿とSNS利用実態を大調査 SNS利用目的1位「情報収集」投稿する人は約4割 レビューを書く人ほどSNS投稿も活発！ - PR TIMES,https://news.google.com/rss/articles/CBMiakFVX3lxTE1ud1RHcU9WUXN5MVdwWno0VGxfRTItRzdfem0zM3F6TkRST1BZLTFaZ3BxbVc3YkVOX2RGSmlKTEg0dllsQ2J2b2JVTEF4VVl3Sy1nRnRDb2VVRkVtX3NPNWVlNloxSmUyOVE?oc=5,"Tue, 10 Sep 2024 07:00:00 GMT",2026-09-01T10:17:10+09:00
GoogleNews:SNS　買い物,SNS　買い物,モデルNiki ドジャース山本由伸と祝勝会に“参加疑惑”広がりSNSザワザワ 過去にはラブラブ買い物デート - smart-flash.jp,https://news.google.com/rss/articles/CBMicEFVX3lxTE5jbFQ4LTRWT3d3cWYtaGI3ZUF4SFgtVHNPSUNhV0VGVGVtNzZFSmMwSWo3TXVvMVJ5Q1lFOGloSFllalFLZUNNa1hxRk5rYmtOeFVtRVE4QXF2b19HZ2twNThjcmJ4R1hoYmVFRVpHZ24?oc=5,"Thu, 06 Nov 2025 08:00:00 GMT",2026-09-01T10:17:10+09:00
GoogleNews:SNS　買い物,SNS　買い物,Qoo10「2024年女性の購買・行動選択白書」発表 2024年、女性たちの購買・行動選択の基準になったものとは？ - PR TIMES,https://news.google.com/rss/articles/CBMiakFVX3lxTE85RFRoOXBrVkNpNW8ycFFEeTVvZkg2NGRhXy1raF9TS0RYbWpKVVc5dXk4VHlyd2ZOcGRBQ3RjOVFxR3hvTFlocWotVzZDdllFY3U2eUlBcUhNS0ZydnJwYVlKWTl2bDhtcFE?oc=5,"Mon, 16 Dec 2024 08:00:00 GMT",2026-09-01T10:17:10+09:00
GoogleNews:SNS　買い物,SNS　買い物,【Z世代の買い物事情】InstagramなどのSNSをきっかけに購買…？ - LIMO | くらしとお金の経済メディア,https://news.google.com/rss/articles/CBMiS0FVX3lxTE90anFHamFtT1VsdkFuTF95RHBRMjltYjRtSU5kNl9kWm5CNE1RNlEzRVpLUVFCU2E5SGxCcEZfeDgzS0tjYU1sQ0VXYw?oc=5,"Sat, 08 Mar 2025 08:00:00 GMT",2026-09-01T10:17:10+09:00
GoogleNews:SNS　買い物,SNS　買い物,買い物メディア「your SELECT.」公式SNSのショート動画が累計1億回再生を突破！本格運用開始から1年で総フォロワー数も13万超 | 株式会社キュービックのプレスリリース - PR TIMES,https://news.google.com/rss/articles/CBMiakFVX3lxTE5hNkNHYk9oeFBhSjZXTTlyNktQQzA3MmdKSzk3WE9vTlctcXpDb0FTVUhBZEowb0JLTkZtbEY5OF83ZTlQdHFOenV0elkxZDd5aWVtTjBVMUpkaGJjeTlfU3B4Z25HX0RaSVE?oc=5,"Tue, 03 Sep 2024 07:00:00 GMT",2026-09-01T10:17:10+09:00
GoogleNews:SNS　買い物,SNS　買い物,SNS、投資サギかも 門別署と町、富川高合同 買い物客に被害防止啓発【日高】 - 北海道ニュースリンク,https://news.google.com/rss/articles/CBMiTEFVX3lxTE5vcTNOZHYzQkJMajZqSV93engwZ0J4Ui00U3J2cXpVQUQ0Y2twd1J0UjBWcWw5cWozQU5GUHNxVGpBcXZEb1hFTm1qeVU?oc=5,"Mon, 21 Oct 2024 07:00:00 GMT",2026-09-01T10:17:10+09:00
GoogleNews:SNS　買い物,SNS　買い物,【主婦層リサーチ】SNS利用と買い物行動についてのアンケートを公開 効果的な主婦向け広告手法が明らかに - PR TIMES,https://news.google.com/rss/articles/CBMiakFVX3lxTFB1UWZ5cVNNbU5mTlFza185OW5KWkR6bFc2MjY3VTNkNkF4ajV0TUFoelZzVXlfc255TWhsVXVpTnVOTFZIUmV2QWxvTkd2YkJCODJGeE5mTW5aeW1hUmsxQ0FzOGZydXBieEE?oc=5,"Wed, 11 Nov 2020 08:00:00 GMT",2026-09-01T10:17:10+09:00
GoogleNews:SNS　買い物,SNS　買い物,オンラインと店頭の架け橋になるのはSNSコンテンツ 買い物の効率化と楽しさが両立する店頭販促が鍵 - 宣伝会議,https://news.google.com/rss/articles/CBMickFVX3lxTE1lbm1Lb0l5WTN0UTVUalJaa0pSaXVBM2tiZXNlenExRzJlalM1Q2hYZllBWmJWWVdtYnRKa2Jib3I5ZFE2V1oyUzJWeENaUXFRSDZvQUdEOEZTczhWWHpTTmpzQVlCeE1NbEt2QldMT1NUZw?oc=5,"Wed, 29 Jan 2025 08:00:00 GMT",2026-09-01T10:17:10+09:00
GoogleNews:SNS　買い物,SNS　買い物,【SNSで話題沸騰】丸くてかわいい野菜の妖精“べじまる”初の公式BOOK！「レジカゴぴったり」のショッピングバッグに描き下ろし漫画10話掲載のミニブックも付いてくる！ | 株式会社 学研ホールディングスのプレスリリース - PR TIMES,https://news.google.com/rss/articles/CBMiakFVX3lxTFA1MGIzMm5QeUJBUlRCcWZCMm45Y1FjSUhTRkczS3lkNmdldGVoaWNHRXhTampDY21IMjhmN0prRjY4WTEyZDBOZHZaYlZuWkdJbmRPRXVCVlk4Vm0xeW81cW5jcUJMQ3hlRnc?oc=5,"Fri, 07 Feb 2025 08:00:00 GMT",2026-09-01T10:17:10+09:00
GoogleNews:SNS　買い物,SNS　買い物,オンラインAI 接客×SNSチャットでECの買い物体験が向上 Appier (エイピア) とピアラが手がけるサービスとは？ - ECのミカタ,https://news.google.com/rss/articles/CBMiVkFVX3lxTFBSaXlpU191cklKZER5bzhZT292MDBISVR5MWxpdEhPV2xpUWVWYm5teEpYWGxVbHFoMXZybktCZnNWM0ZSTzQ3bjFINW5XeVBMYnFkMlRR?oc=5,"Wed, 10 Aug 2022 07:00:00 GMT",2026-09-01T10:17:10+09:00
GoogleNews:SNS　買い物,SNS　買い物,がん治療研究を応援 SNS投稿や買い物で／Support cancer treatment research through socialnet posts and shopping. - TOKYO MX,https://news.google.com/rss/articles/CBMib0FVX3lxTE5lTk9MZEhPaW40SnZUUjUydHZuM1VjQ3YtcDM0OHIwbkZ4OThfeXR0TlFqaXRSbS10Z3hpWE5qcDZNN0xWY1FQb2NwVVcxR0xkeXBXNG1fSHNqaC1URHVLcnpLVHZ6MHJVaWZtVTMtSdIBakFVX3lxTE4yT2NKLXlrN3pyaWZKMXNXM0lSV1VUX2tpS2JrSTZ1LXhzZThBNXhYamJNNC10X2RSN2xrSy16dUhzOXZ6YUdKSmlNVlBybmtzR285ckdsYkhZY3YwbDZkYzBqU2I5SE1XeUE?oc=5,"Mon, 02 Sep 2024 07:00:00 GMT",2026-09-01T10:17:10+09:00
GoogleNews:SNS　買い物,SNS　買い物,Z世代が「いい買い物をした」商品との出会いでSNSが急増、店舗での遭遇率は低下も、購入は店舗がトップ - トラベルボイス｜観光産業ニュース,https://news.google.com/rss/articles/CBMiVEFVX3lxTFBaUDV0cTFubWxBTktxbjk3NkpNTERhRV9iTzdYMHhuczlqbnlCMlo4Y1lrRTRaQ2hSY2VKVEkya2pscUNhTWxsbUFpb0wtY3c1bEZrTQ?oc=5,"Mon, 07 Mar 2022 08:00:00 GMT",2026-09-01T10:17:10+09:00
GoogleNews:SNS　買い物,SNS　買い物,「買い物依存症」「SNS依存症」 “止メラレナイ”はあなたの身近にも潜んでいるかも…？ - abc-magazine.asahi.co.jp,https://news.google.com/rss/articles/CBMiV0FVX3lxTFBHR1lPbktfT0F0WUh0NTNpRER4X2t1bUdIczJEZFoyTWlhMlR2MVc2RDhCTjAzVE91QzJkN29vQkstN3gzcm9mRk91NGs5MzhxSVltMWZ0aw?oc=5,"Tue, 30 Apr 2024 07:00:00 GMT",2026-09-01T10:17:10+09:00
GoogleNews:SNS　買い物,SNS　買い物,「絶対失敗したくない」大学生の買い物はSNS至上主義「公式信頼できない」 - 高校生新聞,https://news.google.com/rss/articles/CBMiW0FVX3lxTFBDeEgtNFprd3k4NjJRcWRQdlo4YVZhZGNuRHRtNnh5QUNWMmthSm9MYmpNRUtUbXpGazI2TjRibkdGUXRkUGN0QjhqSE5KYTVISW5ZLWJyZ3ZLaHc?oc=5,"Thu, 09 Jun 2022 07:00:00 GMT",2026-09-01T10:17:10+09:00
GoogleNews:SNS　買い物,SNS　買い物,スーパー利用者9万人に聞いたお買い物に関する調査 - 株式会社ロイヤリティマーケティング,https://news.google.com/rss/articles/CBMiTkFVX3lxTE5oV3cxYmdxbHFJckp1TXJwS0NBSUFQVGhOd1lCYXdYYzZNRmZTVGFDbGtaTTBBOXNPeEhxSDZmaXJENjN0dkZSOWdHSTJ5dw?oc=5,"Wed, 31 Aug 2022 07:00:00 GMT",2026-09-01T10:17:10+09:00
GoogleNews:SNS　買い物,SNS　買い物,【Z世代の買い物事情】InstagramなどのSNSをきっかけに購買…？ - LIMO | くらしとお金の経済メディア,https://news.google.com/rss/articles/CBMiVkFVX3lxTE51ekd2bE9DdDF0R3JOczctX28xVzZTdE5DSTlvbm5ISGxkQ1B3RVJWcjZScUNySlFKY1pla3dvM01temVoZy1yeWtRdlhSeENoS1d1ZFdn?oc=5,"Sat, 08 Mar 2025 08:00:00 GMT",2026-09-01T10:17:10+09:00
GoogleNews:SNS　買い物,SNS　買い物,大型商業施設利用に関する意識調査、利用目的は「買い物（95%）」「飲食（64%）」、期待するのは「何でも揃って便利なこと」 - PR TIMES,https://news.google.com/rss/articles/CBMiakFVX3lxTFBUeUhhb0JRVThlYXpRVDBzVmZDVXBFN3NLaFpjN1Q4ZVhFWTl6eTQzY2VBeHZTUkxRX2NybmFFNVIxMlFSZVFiUjdvN1pfYnZ6cTVuSUQ3OW1SR0RDZWtuR181VlFQb0hpUlE?oc=5,"Thu, 09 Dec 2021 08:00:00 GMT",2026-09-01T10:17:10+09:00
GoogleNews:SNS　買い物,SNS　買い物,悪質なショッピングサイトやSNSを利用した詐欺にご注意ください - PayPay,https://news.google.com/rss/articles/CBMiVEFVX3lxTFAyclBWUTk4Nm1ITFZidkhrNUVKWTFfZFdoOXFMako1aC1UME9Ib2U3Njk5b3BWY1pYcFBTUGNDNzJIRy1qZ1ZYR3FmNUV1SG1Fc2U4Qw?oc=5,"Mon, 16 Dec 2024 08:00:00 GMT",2026-09-01T10:17:10+09:00
GoogleNews:SNS　買い物,SNS　買い物,｢買い物依存｣｢SNS｣｢お酒｣うつが悪化するNG行為 しがみついてしまうことで良くない状態になる - 東洋経済オンライン,https://news.google.com/rss/articles/CBMiUkFVX3lxTE5vaXdzYl9aMUtnbVJxLXJXVUJVVkc0dWoySkNncWFaQWpTY1ZMSzVQUU1vT3ZmYW1CUlJYMFdmXzBDQ3NCbjBoWlJ4a1RZdGZOaUE?oc=5,"Tue, 18 Oct 2022 07:00:00 GMT",2026-09-01T10:17:10+09:00
GoogleNews:SNS　買い物,SNS　買い物,SNS投稿・拡散や買い物をしてがん治療研究を応援する「#deleteC大作戦」開始！ - STRAIGHT PRESS,https://news.google.com/rss/articles/CBMiU0FVX3lxTE1abEpUUkVBWW5BUUliSGRlaDNhSXVGSEQ3YnY4LWdBV3dCY3U3Wjhvb01tYmNjQmplRzNONEpvZzU5dzdnaWdjYXNOZDBDOUlnSUM0?oc=5,"Wed, 28 Aug 2024 07:00:00 GMT",2026-09-01T10:17:10+09:00
GoogleNews:SNS　買い物,SNS　買い物,買い物メディア「your SELECT.」公式SNSでの動画総再生数1億回突破を記念して紹介したアイテムの中から、いいね数が多かったアイテムBest5をプレゼント！ - PR TIMES,https://news.google.com/rss/articles/CBMiakFVX3lxTFBUWVZ2b2hIcGMwdW9jaVRyY2s3ZFk5ZUhPVnFmdGRvN25WM2lLWUFxTEhKaWtSNnUxNWJGM3o3UmQ0Y1diZHFGWUF4TXI0ckExVWxteTc1NW54bUg0bUxGWWl2RVlTTjVOQmc?oc=5,"Tue, 03 Dec 2024 08:00:00 GMT",2026-09-01T10:17:10+09:00
GoogleNews:SNS　買い物,SNS　買い物,【ＳＮＳ特報班】買い物や自治会 影響懸念 「縮小社会」読者の声 - 宮崎日日新聞,https://news.google.com/rss/articles/CBMicEFVX3lxTFBKNWp6NDZFLWdTTUpvRTJOYmEtZ2pTUFU0YWEyZ3dzWjVPZkRmSElGUmdkZHhhSWR0ZkhzUXpxWUt2QVBlUE1HcGpWdndoWWZoMmpTMXVyejExa2FEX2VYNDU3czVhdlhlQVJqLU9hZmU?oc=5,"Wed, 17 Apr 2024 07:00:00 GMT",2026-09-01T10:17:10+09:00
GoogleNews:SNS　買い物,SNS　買い物,｢買い物依存｣｢SNS｣｢お酒｣うつが悪化するNG行為 しがみついてしまうことで良くない状態になる - 東洋経済オンライン,https://news.google.com/rss/articles/CBMiX0FVX3lxTE0yMVl0eDlnOTVjOEgyM1lueGxIZkJVSFFoOWpQSk1ONmk1R2tocjFFbk1tV3ZzN0tNVTlNVkI2bllWYU5kdXc4em82V2RwWXFTQWVnX1VVUWx5OFV1d1gw?oc=5,"Tue, 18 Oct 2022 07:00:00 GMT",2026-09-01T10:17:10+09:00
GoogleNews:SNS　買い物,SNS　買い物,ドラマ「満タサレズ、止メラレズ」買い物依存、SNS依存に向き合う麻衣＆美穂のKV - ナタリー,https://news.google.com/rss/articles/CBMiTEFVX3lxTFBLaGZsNHdQOHRMVmxHZTNHZ0otTGFqUThyMU9QcURZX0Judk1rM1BXZzUyaDZjMnRORmQxelNxWjVaN2ZKaHpiVlhiTDY?oc=5,"Thu, 06 Jun 2024 07:00:00 GMT",2026-09-01T10:17:10+09:00
GoogleNews:SNS　買い物,SNS　買い物,「買い物しない金曜日」がSNSで拡散。2月28日限定の不買運動でアメリカの消費者が求めるものとは - ハフポスト,https://news.google.com/rss/articles/CBMieEFVX3lxTE1pa1FrWVRQQy1vVXFPMEoyZVVxZkZPWU42OG0tSXJFQ3pvU1BZWXppeGNROHV4a1hmc0ZSYTNhMGIteTBQdjNiT0ttVlFReU9rVFQ2MElRdVJaY3FRbHJ3YUc5Skg1eE14SVZKS1ZvcmR2d0V1cU1iSQ?oc=5,"Fri, 28 Feb 2025 08:00:00 GMT",2026-09-01T10:17:10+09:00
GoogleNews:SNS　買い物,SNS　買い物,そこでは昼ドラ並みのマウント合戦が!? SNSで高級ブランド品を投稿するハッシュタグと出会い…／夫に内緒の買い物日記 - ダ・ヴィンチWeb,https://news.google.com/rss/articles/CBMiT0FVX3lxTFBCSjVEaG9PcTlYRF9uUG5sWEdzNHNYai11anctVF9acDhfdkVHSTE3ckFITXI5SVhXR3BBdUlvNDNaMEpMbFZVWEtZdUNSSjg?oc=5,"Sat, 19 Aug 2023 07:00:00 GMT",2026-09-01T10:17:10+09:00
GoogleNews:SNS　買い物,SNS　買い物,"いいね！で買い物ができるSNS『Pocolo（ポコロ）』が、YouTuberの""JJコンビ""や""関根りさ""参画のVC『iFund』と資本業務提携。""お金で買えない体験""をいいね！で買える新機能リリース - PR TIMES",https://news.google.com/rss/articles/CBMiakFVX3lxTE5xY0tndG9SN2FHWTUxUUZUdG5RYTdiRV9mbWVPTTRxeTlsZ1VXWllrQzRWTDk1eW5wVnNFSzBvTHQwM0JlOTR2elEySXZVZWEzeG9Id0VTSnNxNmpKcVFyVFZNaG5SeTh2SUE?oc=5,"Mon, 30 Nov 2020 08:00:00 GMT",2026-09-01T10:17:10+09:00
GoogleNews:SNS　買い物,SNS　買い物,「宇宙一いい買い物した」SNSで話題、3COINSの花粉対策グッズをまとめたよ～。 - 東京バーゲンマニア,https://news.google.com/rss/articles/CBMiU0FVX3lxTE5KVy0wcEw2U2tPN3JVU2RsQkR2ZEhNVTRrenFaQ0R1QmpnY3lYdmxaRjFXR0pNVGdlUGx3bkZ5LTA3YzdIbTQ4amRiR3RSblJZblpR?oc=5,"Sat, 23 Mar 2024 07:00:00 GMT",2026-09-01T10:17:10+09:00
GoogleNews:SNS　買い物,SNS　買い物,買い物、SNS、アルコール…依存症の人々を描くマンガ「満タサレズ、止メラレズ」がドラマ化 - ナタリー,https://news.google.com/rss/articles/CBMiS0FVX3lxTFAzclVrRVZXdTJaN0lvZFI3ZnZrQjBxR21faFNBY0p6eGVwdjMzTzAzV3pTYWJFUGc1OTRlVHU5amxua2ZZWHFhU0tzVQ?oc=5,"Tue, 30 Apr 2024 07:00:00 GMT",2026-09-01T10:17:10+09:00
GoogleNews:SNS　買い物,SNS　買い物,筧美和子→買い物依存症、鈴木ゆうか→SNS依存症 『満タサレズ、止メラレズ』でW主演 - ENCOUNT,https://news.google.com/rss/articles/CBMiT0FVX3lxTE5VeGtRLUVybGw0VHFmWm4wODBrdkZVa21LLU1oLVV2QlhGdVZvdVpQNktTSWJDXzZQRGY0ckRpN3ZoUEx4Vkh1ZElpSWNTR0k?oc=5,"Tue, 30 Apr 2024 07:00:00 GMT",2026-09-01T10:17:10+09:00
GoogleNews:SNS　買い物,SNS　買い物,SNSで話題”デートも女子会も推せる「ビストロ」へ♡【おしゃれプロのお買い物日記】 - CanCam.jp,https://news.google.com/rss/articles/CBMiSkFVX3lxTE16Z3NzVVRMN3Y2WDN1eFB4Y1l0UkNzbTQ5WGw5NU1YSk1zTGg4QWhHWnJHSndmTkZZU0VjeUU3dW1iUVBkbHM3TjRB?oc=5,"Thu, 09 Mar 2023 08:00:00 GMT",2026-09-01T10:17:10+09:00
GoogleNews:SNS　買い物,SNS　買い物,若い人ほどSNSの投稿を見て買い物する意欲が高い、SNSが与える消費行動への影響調査 - ネットショップ担当者フォーラム,https://news.google.com/rss/articles/CBMiT0FVX3lxTE1OTk0yY0VsRkpYOEQzU1phVjJmQTZlUW1nYlBTLXo4TGhoaTNHZ3RMREgtTVdfVkxNRlp2U29SVklwbWEtdnVIZkV3aFpfSm8?oc=5,"Mon, 17 Nov 2014 06:00:27 GMT",2026-09-01T10:17:10+09:00
GoogleNews:SNS　買い物,SNS　買い物,西友が24時間営業を継続 SNSで買い物分散呼びかけ - テレ朝NEWS,https://news.google.com/rss/articles/CBMickFVX3lxTFBTLWVOTW9qZUY4Y1FGcUJicVVhdzNjb05sazB4ZHRIRlA2c2ZRck1ZdWtzUkhob2NLaG0xSHlBQ3RnZFE5U3hiY2pvQmlmNm9mNGVMSndGSkN1dkIteXV3YWI4Z1RaVVBaaTdjbmlhbDljdw?oc=5,"Sat, 11 Apr 2020 07:00:00 GMT",2026-09-01T10:17:10+09:00
GoogleNews:SNS　買い物,SNS　買い物,筧美和子が買い物依存症、鈴木ゆうかがSNS依存症の女性役に『満タサレズ、止メラレズ』 - マイナビニュース,https://news.google.com/rss/articles/CBMiXEFVX3lxTFBOLXVpRFExS21FZmd3Mnh5VUdtSXBsdG8tdUtEY1FndldBSzBOLTFrQ2F2amVteDlMMWJjY2pobi1JZm1IcURSc1JzbFFCUmRhNkx4QkRlbkxILWlE?oc=5,"Tue, 30 Apr 2024 07:00:00 GMT",2026-09-01T10:17:10+09:00
GoogleNews:物価　家計,物価　家計,家計のインフレ予想「0％」は消失も、「2％」が定着しない理由とは？物価と為替を安定化させる“アンカー”不在となるリスクも - キヤノングローバル戦略研究所,https://news.google.com/rss/articles/CBMiWkFVX3lxTE1FQWpSdlFwcnhoTG53U1pqM2V4MG5VSDJiVURoTGpMY2hGZ2U3dlFhd2tPZHhwYmRxWVBoNzI3cGF6Q0FvVkxXd3JweVdPSVJYd04zMVRMRXp0Zw?oc=5,"Thu, 27 Aug 2026 06:04:47 GMT",2026-09-01T10:17:12+09:00
GoogleNews:物価　家計,物価　家計,家計応援商品券配付事業について(令和8年8月15日更新) - city.hachinohe.aomori.jp,https://news.google.com/rss/articles/CBMilgFBVV95cUxOZzZUdi1yR3J4RTFQSGQ2QWFEMjNrX0x0OE9RZl9UX1FvTlFwY2tmcUFTWVJQdGJIcW5GMGxVWkUzMThCV3pqZXRXc281YmpLM0h3am1QR243NEtqNW82WGpya01XbkxibDBDQ1FUR2pqRjZKUl84S2RjbEp4cGV0cWdOalJ0bHNJcU9iSHBQTWVYbFJlOGc?oc=5,"Sat, 15 Aug 2026 07:00:00 GMT",2026-09-01T10:17:12+09:00
GoogleNews:物価　家計,物価　家計,第2四半期の家計調査：3%台の物価上昇、下位20%世帯の生活費増加と月28万ウォンの赤字 - jp.ajunews.com,https://news.google.com/rss/articles/CBMiW0FVX3lxTE85OEJ3S09VbUJGLU9CMGEyTEFfN0pVTDBISGpKSUp5UjVsWWxLZE4zblgyU0M3RGxZMklqNm0tMU8wWFNhSW1HcXRtZU14SFk0UmRtZWRDUlgtdDQ?oc=5,"Thu, 27 Aug 2026 07:08:00 GMT",2026-09-01T10:17:12+09:00
GoogleNews:物価　家計,物価　家計,家計支出の調査で品目見直し 巨峰→シャイン 煮干し→塩サバ - 朝日新聞,https://news.google.com/rss/articles/CBMiZ0FVX3lxTE5lUGN4SGJmWlRWOFVIa1ZxTjY4OHpkc0p0Z1NoNy02N2szUGxMVUhzUFhBOHdDMlBEalYyd05aeldOZExRUGwxSVp0T1BmQ3lNY1hQdmktTlZLMnNiME15bllUS1hmY2M?oc=5,"Fri, 07 Aug 2026 07:00:00 GMT",2026-09-01T10:17:12+09:00
GoogleNews:物価　家計,物価　家計,1食351円へ下落のカレー物価。エアコン代高騰の夏に、あえて食費を切り詰める「家計防衛」のリアル（LIMO） - Yahoo!ニュース,https://news.google.com/rss/articles/CBMif0FVX3lxTFBabE85bWM0dDZQRXdpT005eG1pV3hGcnFfN2g1Wnd3VV9hNjNZSUk2Q1NtM2t3NnJ6eFBRN1BkV1NDVTNlY25lT2hpdEx6ekJvdXlqT0pHaHpCUl92QTZMdTUzR3VudnR1dkRwR2NMNE9MWmw0S1dqRVRaTFFJblk?oc=5,"Tue, 11 Aug 2026 07:00:00 GMT",2026-09-01T10:17:12+09:00
GoogleNews:物価　家計,物価　家計,【日本のチップフレーション】メモリ高騰が物価に与えるインパクトを試算、「家計の一人負け」傾向強める可能性 - JBpress,https://news.google.com/rss/articles/CBMiVkFVX3lxTFBRNk92bTJmaURMSUFRYU5vVTNHZ1FuNHVDWXE0cVlwOVJoQ1VtZ3Q2VENTdGw5VDFqQkRPX2JfNXNnVWgtdmhrLWNpOW1yWEFDY1dkWnZn?oc=5,"Wed, 05 Aug 2026 07:00:00 GMT",2026-09-01T10:17:12+09:00
GoogleNews:物価　家計,物価　家計,物価高騰が続く中、給食のない夏休みで家計負担が増加 | 一般社団法人全国フードバンク推進協議会のプレスリリース - PR TIMES,https://news.google.com/rss/articles/CBMiakFVX3lxTFBhQkIzVFhyT0xCX3RoZnVyS2d3OTg3YzZkZG9VcjNOWGhZa1dNbzNjTE8zZnVISDVmR3YySXE1eGZXaTBTYThfeV9HYTQtSHdNRVd2LXFlYjByRWVfazRYSmFHaW0tanp1dmc?oc=5,"Mon, 15 Jun 2026 07:00:00 GMT",2026-09-01T10:17:12+09:00
GoogleNews:物価　家計,物価　家計,高砂市家計応援事業（プリペイド型ギフトカード配布事業）について - city.takasago.lg.jp,https://news.google.com/rss/articles/CBMikwFBVV95cUxNMm1LaDVmZnFZNXlBdElGbk9lUV9uS1JRd3pfM0FOREd5WWw3UGlCYjNUZzFxM0E4Z1Q0Ry1nMTVNTjZyMnFlMmQ1QW1fdG01a2dONjVVOHdTa19KOE9tYkZraV9kZWc5Z0xaQjZGSmVJTGFjY3ktSEhrN3NOWS1IX3hxa2ZZZjFMUGx3bmdQeWx5VG8?oc=5,"Thu, 21 May 2026 07:00:00 GMT",2026-09-01T10:17:12+09:00
GoogleNews:物価　家計,物価　家計,エネルギー価格高騰が家計へ及ぼす影響－イラン情勢を踏まえた現状と課題 - nli-research.co.jp,https://news.google.com/rss/articles/CBMib0FVX3lxTE9lSXRzVW01X3BvWWZNNUgzd0ZYeFVMYnFIdldhM01wSDJzTVU0Z3o1YVJ2dzZwN2tLQzNWNWJuQk5sWTdwTXNHbzE5bHZObUZOUVh3dGNLcDRjenM2c0dvVDlxS0t3T2pEQ24tZ29wTdIBf0FVX3lxTE5lQkI0WVRwa0FnWXE2dHNJTVVZYkdFeHozdWdCeDlDLWlLT09sTXhsMXNSV3l1X1VCR2NRaUlydG1wMW9COExvRXdVVFpWbGZFM2RYWTJ5dlZSTExsWU9jR0NheVppQnNoZ1RzZ2dwX19ZSnh6OXB4d25YbHE2ZTA?oc=5,"Wed, 27 May 2026 07:00:00 GMT",2026-09-01T10:17:12+09:00
GoogleNews:物価　家計,物価　家計,金利上昇とインフレがもたらす日本経済および家計への影響と構造転換 | 永濱 利廣 | 第一ライフ資産運用経済研究所 - 第一ライフ資産運用経済研究所,https://news.google.com/rss/articles/CBMiW0FVX3lxTE1mTUR0LTZPV2RDUE1yUnFpdjJlbEtCWFNHYmNkV2hUNTN0ZXhFMHp0dVlHU2FMdlhURkwwOUg2VW9DcmVwTUpyOFIzdmZVdzM5V3MyZmxkZG1RZWs?oc=5,"Thu, 18 Jun 2026 07:00:00 GMT",2026-09-01T10:17:12+09:00
GoogleNews:物価　家計,物価　家計,令和5年消費者物価地域差指数の概況 - pref.ibaraki.jp,https://news.google.com/rss/articles/CBMiiAFBVV95cUxPQ3ZUdWljLXRDRXRqeFRuRFA3RU5LbllrTmpSNjVhcms0NU5Obkt2b01hSTVaa2NIYWtaODNTcFNlR21hWXp2ZElFSTdJeHFROUNkSVdMSll2ZWMwZjlvTElsRXZkLVo4c1hVQk02cnJfSWNLOEZqcDFVOXl4czY1d2QxSFdSeEhi?oc=5,"Sat, 11 Jul 2026 07:00:00 GMT",2026-09-01T10:17:12+09:00
GoogleNews:物価　家計,物価　家計,家計のインフレ感が高まり、日銀の利上げの根拠が強まる - arabnews.jp,https://news.google.com/rss/articles/CBMiZ0FVX3lxTE9NbmJXOVNSR3gyZUh6QjVjeVl0UEptQXVZeVROTmpEaHp6M0hDNHpkYldqQ080aUxIdEFEU1VDdnVOT1VDUmhCYVVZWUZXcFVFMnJ6MVRraVRYcTZLV2QwVHQ1MFE4QkU?oc=5,"Thu, 16 Jul 2026 07:00:00 GMT",2026-09-01T10:17:12+09:00
GoogleNews:物価　家計,物価　家計,物価高騰背景にふるさと納税で「家計応援」お礼品の人気急上昇 大容量・訳あり返礼品が人気 | 黃信維（コウ・シンイ） | ニュース - 風傳媒,https://news.google.com/rss/articles/CBMiUEFVX3lxTE1BRWo1TFNzYWx3aFMtN0M2c0dlZTJSVUhCVlVzR1hvYWJTVnhwSmNOdzRBMm9RYnFrTWw1WTdhWUNoMVhodlZxSE5XeWlkNGJf?oc=5,"Fri, 14 Aug 2026 07:00:00 GMT",2026-09-01T10:17:12+09:00
GoogleNews:物価　家計,物価　家計,家計負担「年間4万円増も」 原油高で忍び寄るさらなる物価上昇 - 毎日新聞,https://news.google.com/rss/articles/CBMiaEFVX3lxTE10YlJHS3dYc1hXZF9xNU5KRlF3M0JZRzA4VUF0NW5ZMUZLMmMxY08xdmFNTkUxREtfbmd5a21JQ1N6Z2JCT0JHZVFaT1BHYTdqTEVxWkdvRmRnN1pUbjNsNmo2Wm45OGFO?oc=5,"Mon, 27 Apr 2026 07:00:00 GMT",2026-09-01T10:17:12+09:00
GoogleNews:物価　家計,物価　家計,暑さが物価を動かす「気候インフレ」－家計圧迫、低所得者層は食料さえ遠のく時代に - Bloomberg.com,https://news.google.com/rss/articles/CBMid0FVX3lxTFB3T2E0bU5QQ2hDQ0hqcTM4WDFEOWVuX09GOVFhaTJZTGtVOTRTVEhZN1FUd0RKa09fb2hQQVdwS1Rka0pZYkZqRWIzSnZKV1dWLWVyODc1aHBObW9qUmtpekRyR0w2ckpGWDJ0ZmRkRHBEWVAxSU9J?oc=5,"Sun, 03 May 2026 07:00:00 GMT",2026-09-01T10:17:12+09:00
GoogleNews:物価　家計,物価　家計,インフレによる「見えない増税」とは－物価高で増す家計負担の仕組み（Bloomberg） - Yahoo!ニュース,https://news.google.com/rss/articles/CBMif0FVX3lxTE50OFVTME5ETE5nbTRLUlVGU21peUc1LTQ4S1Vkb2FFcFNoUHZIR0xZZDUxVVNPT25KdGUzc19GNVFVajJzS1U4czM5ZVRBanlMdXdwV1FtaTZZbVlyYnpmOUxrWWw0MmZGS1RmRy1DNDVFYXlIa0t2Qzgwck53dDg?oc=5,"Fri, 24 Jul 2026 07:00:00 GMT",2026-09-01T10:17:12+09:00
GoogleNews:物価　家計,物価　家計,令和6年消費者物価地域差指数の概況 - pref.ibaraki.jp,https://news.google.com/rss/articles/CBMiiAFBVV95cUxPMDkwa0pzc0ZoZTNlUTdvWlZaeFA2U2M3bmdyS0FyNHJYTHdacjZaYkhzSnJUb0h2QXVuVlg2d3JmcHE3UF9Oc1Y0MXJvOE9WLVZMQzVxd1hCaDgwQTg2aFp2SkF6OEllUGRzbWQ1YTE3cGI2Snh1Z0JsQkV2THpfOXRfY0l2X2R4?oc=5,"Fri, 03 Jul 2026 07:00:00 GMT",2026-09-01T10:17:12+09:00
GoogleNews:物価　家計,物価　家計,【約9割がインフレを痛感】体感インフレ率は平均34％と政府発表と大きく乖離！限界に近づく家計防衛の実態調査 - PR TIMES,https://news.google.com/rss/articles/CBMiakFVX3lxTE0zdTRCVllHSThvNDZtVEI0QW5lWEZCbTNHNm13TUEwcHhFblp1OEVJUml6LVphZGhmX18xWmpoRGpmd3p5VGtZVGs0dVRyaTJSaGdlWjlVWXNJaENpOEVYekxfLUplWFJHZ3c?oc=5,"Fri, 24 Jul 2026 07:00:00 GMT",2026-09-01T10:17:12+09:00
GoogleNews:物価　家計,物価　家計,金利・物価上昇環境における家計の資産形成の論点 - nli-research.co.jp,https://news.google.com/rss/articles/CBMib0FVX3lxTFBBdVBsZDNCYXRueWdxLURjWWw1MXVHMUZlVEpkOTR2TFAxWVVpT0xnRHhJWWZuSTdRWjVFUmVFM0c2b1RXMkxsTXNyQjl5NDFpbHQ0RU5MZHhvM1FVRW8xNS1vV1cxYlVmbjVadXdTVdIBf0FVX3lxTE1DRlUxNFVkTUVtUVYwM2hmQkRTOWZ4TlBvT0dYZnMxZHVyOTBPYTZOLVFaZC1NVDdmTE55U2hWazVwY2ZfWENONjdlQnBudTBOYmFsM19WY1dkZ0RZNktDV2NyNndhMWoyaWNmTWhHdVl2YV82aDJZcGpNc01xTWM?oc=5,"Fri, 03 Apr 2026 07:00:00 GMT",2026-09-01T10:17:12+09:00
GoogleNews:物価　家計,物価　家計,独身男女611人に聞いた…結婚の最大の壁は「物価上昇」 未来の家計に警戒感強く（まいどなニュース） - Yahoo!ニュース,https://news.google.com/rss/articles/CBMif0FVX3lxTE1BeWozaE52a2xkWnlrNXl5RGNOaFNWRngwdDViYXFWaTMzUHgwa2pkRXBiMGQ2UUpTYUxsdXl1U1MzN0tpQkd5SEZFY0Q4bnhHUW02eERMd09kVjc1LUVQQ3pXZjUya25TTXcwMG0tdmRWN1Y1b21nV2c5dkFqdTQ?oc=5,"Wed, 08 Jul 2026 07:00:00 GMT",2026-09-01T10:17:12+09:00
GoogleNews:物価　家計,物価　家計,家計を応援 物価高騰の中でイオングループが食品などを値下げ - khb東日本放送,https://news.google.com/rss/articles/CBMiT0FVX3lxTE5lUTlFNVB3ZDN3ZHVrV3NKWHpxMFdXUEp0aXhVLXd2N2hISnd4b2czc0JSSHZsanlQbHNhMmVSTW51Q1l5cEIxbE1SUlVKbXM?oc=5,"Wed, 20 May 2026 08:41:17 GMT",2026-09-01T10:17:12+09:00
GoogleNews:物価　家計,物価　家計,「物価の安定には時間がかかる」家計圧迫は続く？原油安で景気に追い風も――生活必需品は遅れて値上げか - 日テレNEWS NNN,https://news.google.com/rss/articles/CBMihwFBVV95cUxQenhhNnhOLUVUcXByRkczd0tFNWpPcTFDempPNEZobEg0VklhdDlQWTFaZ1pMSS1TRVdCekFZYVdlck5mZTFBQTRacGdGczh3MlZUT0l4YWlpcHZCUG9tOXYxLTBrUDQwV0g2NVR4SV8zRllKbkttQ1h3V0hHMl9NOC1EREhPM1k?oc=5,"Tue, 16 Jun 2026 07:00:00 GMT",2026-09-01T10:17:12+09:00
GoogleNews:物価　家計,物価　家計,政策金利1％の家計プラス効果は「年1兆円」、高齢世帯は4万円プラスも住宅ローン抱える20・30歳代は4万円の負担増 - ダイヤモンド・オンライン,https://news.google.com/rss/articles/CBMiTEFVX3lxTFA2NDk4WldoMUo1WXVwZlQxRS1SczctQlVZY3lyQTJpVWhETjdqN0U5YTBTM045X05sRWpSWGRKd08wQTVaQmZlcE4wYjLSAU9BVV95cUxOaU92X2hRbmhjT2JsSF9fNWFWc1hMZUdKanpVc2ltejgyblBSZ0FPUDNvSWoxeUNPb0d2cmhfR1FDTjRPQ0JuazdKQ1MxTXFF?oc=5,"Thu, 18 Jun 2026 07:00:00 GMT",2026-09-01T10:17:12+09:00
GoogleNews:物価　家計,物価　家計,6月消費者物価1.6％上昇、3カ月ぶり伸び拡大 値上げの夏と猛暑が家計圧迫 - BigGo ファイナンス,https://news.google.com/rss/articles/CBMidEFVX3lxTE9BMVBwSlU0MnBvSS03UGhBWlRKZDVISTBVTTYtSV9QSEN0bG5FU0Vmdk9UVUZEVHY4eThOYTRTSW1lbHpmSE8yMTRhbkNUMkw0MW1QZ1hmOWNMWHVQMUtfeDFRTTBSZkZVWmpveFNkZEdZRkNf?oc=5,"Thu, 23 Jul 2026 07:00:00 GMT",2026-09-01T10:17:12+09:00
GoogleNews:物価　家計,物価　家計,日銀調査で家計のインフレ期待が過去最高を更新、利上げ路線支持（Bloomberg） - Yahoo!ニュース,https://news.google.com/rss/articles/CBMif0FVX3lxTE9uV3ZGMWxzcFhIdmFFM1RGOEhiTC12ODVhVjdmR0lPcGNwQ1l4OVZSd0RkX3pvLUhtaXZHYldTS2RrbGw3S1lLU3prT2I2ZFpGam8wcERuem5oQXd5WEROdlZyTjVzazEzd200WnJKNWZ4TFpXQVlEUTJTaVBPODQ?oc=5,"Thu, 16 Jul 2026 07:00:00 GMT",2026-09-01T10:17:12+09:00
GoogleNews:物価　家計,物価　家計,賃上げ5%でも家計が苦しい理由、コメ高騰と物価が奪う購買力 - mymo-ibank.com,https://news.google.com/rss/articles/CBMiSEFVX3lxTE93YkV3SU9KdzNyYlEwN3dkaWQ1NnNoR2NZN3BtRXpNZkNpU00zU3BEZ04wRV9xejJub01vWG5hUFNhR2hiS1EwZQ?oc=5,"Fri, 03 Jul 2026 07:00:00 GMT",2026-09-01T10:17:12+09:00
GoogleNews:物価　家計,物価　家計,物価高時代に家計はどう守る？ 「支出・貯蓄・収入」のバランスの見直し（ファイナンシャルフィールド） - Yahoo!ニュース,https://news.google.com/rss/articles/CBMif0FVX3lxTE1LWHdveERubl9TQ05UYjNPMzlIUVJ5S0o5MU1DWXpieDNFYUpOLW5uNHNHcUJRWmxnTlRfcWhlOEI3U3hfX2R3SXNQTmVaNWNuQnNtdDRYdmVrR1RYMHh0QW5iSkdqN1B1cmZyOVpQUWJsS3l1bHlqdUVUbXhPWFE?oc=5,"Tue, 12 May 2026 07:00:00 GMT",2026-09-01T10:17:12+09:00
GoogleNews:物価　家計,物価　家計,身近な家計の悩みも、マクロ経済の動きもこの一冊で。『図解でスッと頭に入る令和の物価高騰』6／12発売 - PR TIMES,https://news.google.com/rss/articles/CBMiakFVX3lxTE9NV01GZzNyWHY1d1NJUTkzWHhlaHprbFR1a19jQnlSWXlCYVo1Z1RJZENaQm9ERUZwZ0hXdTdVbTlScWtKbVlfQmtiWG5VWkI1UDdtc252NmdZZWFFT2lTWHlOODJfb2lLS3c?oc=5,"Thu, 21 May 2026 07:00:00 GMT",2026-09-01T10:17:12+09:00
GoogleNews:物価　家計,物価　家計,物価高騰に苦しむ家計を応援「プレミアム付き商品券」市内各地で販売開始「長崎かんぼこ王国」共通商品券も《長崎》 - 日テレNEWS NNN,https://news.google.com/rss/articles/CBMihwFBVV95cUxQSmJqSlI2U3hlWDNWM1E5M2MzVE5CY3lPRnhJSjFwRTgyOVJpcEVKZWRYeWJKanhaZ1k3SkNOYm9MckZvN2E2cFJCYjN4eUZ1a25MZ2dUNllVR3BiRFZnbHdzRlBDVFdUbDFsOURpUlR2WS1STFdDaTY0NU5jSDd2Ym9VNC1pVkE?oc=5,"Thu, 02 Jul 2026 07:00:00 GMT",2026-09-01T10:17:12+09:00
GoogleNews:物価　家計,物価　家計,【現役記者が解説】スマホ前提の家計支援でよいのか｜成田市デジタルポイントに高齢者から不安の声 - 選挙ドットコム,https://news.google.com/rss/articles/CBMiX0FVX3lxTE5aZTRaa1ltSnRWYjNpdHRtaEd0ZHZFM21UVnpuM1NteV9aakQyVlNJWFJKRDhkajVET1JsRURXSE91SklLclNmczAxUnUxTmhaalkzdTFKLWlFdUszcDJz?oc=5,"Sun, 12 Jul 2026 07:00:00 GMT",2026-09-01T10:17:12+09:00
GoogleNews:物価　家計,物価　家計,"「食料品・飲料」９割、「ガソリン・交通費」７割――家計を圧迫する項目を挙げながらも、「食の安全・おいしさ」や「健康維持」は妥協したくない…――鹿児島「みなみパス」会員に物価高騰の影響を聞いた"" - 南日本新聞",https://news.google.com/rss/articles/CBMiV0FVX3lxTFB1bXZ2ZXhNZFVEU0RzQWgwZHRVNWJmX2s3dnVhTkJaY3FacEJSdm85bUFRWUhyV010eXl5eFBraE5nQS1RajR6aC1YZnk2MGJvZGxPZm1ycw?oc=5,"Wed, 20 May 2026 07:00:00 GMT",2026-09-01T10:17:12+09:00
GoogleNews:物価　家計,物価　家計,新登場！アップサイクル「はちみつ梅」。物価高騰から家計を救う、オフプライスストア・アエナから。 - PR TIMES,https://news.google.com/rss/articles/CBMiakFVX3lxTE9iNzVoc0dyU2tfa2tNRVBqaHdiUWZxbElVeW5ad3hpcnpjSWZocEdDNXVOT0JQajZVd2tBT3BUMHRFejlsTU5fMGVNdGE0enhyUVdxem5icHZWaFk2OGdCTWhFal8wSHZXWEE?oc=5,"Mon, 13 Jul 2026 07:00:00 GMT",2026-09-01T10:17:12+09:00
GoogleNews:物価　家計,物価　家計,「物価高騰対策」としての家計補助 東京都と比べて少ない近隣県、格差に広がる不公平感 - 産経ニュース,https://news.google.com/rss/articles/CBMidkFVX3lxTE5sR0hoRDIwM1VfdEROanBGMUZyR2wxb2tLM2xpZ0VaUXB6NTZuZnQwSDdDOGVhRDhyTzNHSXlyRHF6OG5wYi1ZYkY4a0xNTEM1MUZLYmNuWWNKcUhkMzdOb3F1Slh4dGhMUUpwT1JxcTRRbGZQQlE?oc=5,"Wed, 27 May 2026 07:00:00 GMT",2026-09-01T10:17:12+09:00
GoogleNews:物価　家計,物価　家計,"岐阜県美濃加茂市、物価高騰による家計負担軽減を目的に6,000円相当を給付 デジタルギフトサービス「デジコ」を活用 - AMP[アンプ]",https://news.google.com/rss/articles/CBMiW0FVX3lxTFBQSHFxSHpvWDBFV1JEdUZuQlBTUWNaUm9Ob0l6dm5PQl9NbUdwejI5TllJSzVxcnowTHNUS0s4YlhoRmhVQlFROU5tcDc5ZnZVUVh1OEdJM3Nja0k?oc=5,"Fri, 22 May 2026 07:00:00 GMT",2026-09-01T10:17:12+09:00
GoogleNews:物価　家計,物価　家計,クレーンゲームに並ぶ卵や野菜 物価高騰で「家計応援」も依存には注意 - 北海道新聞デジタル,https://news.google.com/rss/articles/CBMiWkFVX3lxTFBkSTRqcFpWV2c5SzFaUk5NVk5kVGt5aVFpMEFPVTlzR0dTTmQza3NXQnJYeWhzcWswOG53NGdwV2VZWkN2NHRvZEVnRFlrcXZYUWZaNTlPT2FKdw?oc=5,"Fri, 03 Jul 2026 07:00:00 GMT",2026-09-01T10:17:12+09:00
GoogleNews:物価　家計,物価　家計,「5年後」物価予測は過去最高 家計の景況感、改善続く 日銀調査 - 観光経済新聞,https://news.google.com/rss/articles/CBMiVEFVX3lxTE5UQ0xKN3hLNVRCbk00cGo0UmVjcUlJODVkeUVybENtYzZEcjM1WkxZQTVoYWhXWUN5eGtxRjVIaFJEbnZERHJQTnZ4cks5V1JfeHVneQ?oc=5,"Sun, 03 May 2026 07:00:00 GMT",2026-09-01T10:17:12+09:00
GoogleNews:物価　家計,物価　家計,住宅ローン利用者は金利・物価上昇にどう向き合うべきか（２）－家計債務の拡大がもたらす資産形成の後ろ倒しと対応策 - nli-research.co.jp,https://news.google.com/rss/articles/CBMib0FVX3lxTE9vN1NUSHVUMWRWbUJ5N0hWX1A2TXQwMXNmal9LOUJScXNkd3NoZjdHbTVsNDd4TzlvMktHVGFLT1doUU5ERmREUTQtLUstSWVkNTItcDVNT2RFTS1RbGlRSnFYdmNrRjdHWmtpSENlTdIBf0FVX3lxTE1EUE9MU2k3TUNpcEVrd3hYVnA5Y3JSYWNuVG5zQ29remh6bVFYcDkwNUdyWXZ5a2Qxd20yX2NZV29hOGFKbmdPNjhsNnBKZDlwOXRJanZTRkN1enZ1MDZ5NlFyLVczV2g3NmpMMWZPNW5FWWRxWFplbmlGcmdwQTA?oc=5,"Tue, 31 Mar 2026 07:00:00 GMT",2026-09-01T10:17:12+09:00
GoogleNews:物価　家計,物価　家計,現金5000円給付 5月末から「宮の家計応援給付金」宇都宮市－NEWS - tochigi-tv.jp,https://news.google.com/rss/articles/CBMiX0FVX3lxTFBZaGdaeFJCcHpkRE1ZRFJwMnBKS1F5ZF9CTGhzRFg0cGdpeE51cVFWWFROYksySW52UWlTcmJWNlZLTG5NM2N1a21hb2VJRUZaRFhSc3Q2YjhLNDZiU1lr?oc=5,"Thu, 23 Apr 2026 11:40:50 GMT",2026-09-01T10:17:12+09:00
GoogleNews:物価　家計,物価　家計,韓国銀行シン総裁「物価・住宅価格・家計債務の三重苦…適切な時期に利上げ」 - BigGo ファイナンス,https://news.google.com/rss/articles/CBMidEFVX3lxTFB1YVB0MG1qMlpQUTRPYUQtXzZBZkJjNEppOTVhVkhubjRJRmdiOE1oMEs3S2Vsc01Ydm93c2s0eDd3TWtPdk85ald5ZVlNMk9NRHRHNXFrd3VkWHNOQzZQV1d5WnJTUjNYck9QTTVmdmh1MVNC?oc=5,"Wed, 08 Jul 2026 07:00:00 GMT",2026-09-01T10:17:12+09:00
GoogleNews:物価　家計,物価　家計,2月の家計調査 世帯の実質消費支出 前年同月比1.8％減 - NHKニュース,https://news.google.com/rss/articles/CBMiX0FVX3lxTE11R1FQNFZFRHJHOEkyNGlXTi1SVVFQRUJTbTJFWGVBV2FGV1RkQmJoQkpkSDVHUUNwWXctU3otTEdlR3dvZjgxTmZ3NGdKVkpTQklzaWZkU0ZMN3FBX0Jv?oc=5,"Tue, 07 Apr 2026 07:00:00 GMT",2026-09-01T10:17:12+09:00
GoogleNews:物価　家計,物価　家計,永濱利廣氏「原油高騰で2027年の家計負担3.6万円増の試算も」 - 日経ビジネス電子版,https://news.google.com/rss/articles/CBMiZ0FVX3lxTE1JRGVjUFJ3ZkJ4bWh4THVfWXRvMHZwbk1JVDN6ZDdQeWZOaV9BLVdlbUNtWW5HUTdES3BCRWxuUFNoUWxZLWtGZzFjUHZURFVIaTVTYUV0U3BuZkVzS3lQdHJPUHowR2M?oc=5,"Thu, 16 Apr 2026 07:00:00 GMT",2026-09-01T10:17:12+09:00
GoogleNews:物価　家計,物価　家計,住宅ローン利用者は金利・物価上昇にどう向き合うべきか（１）－返済比率制約と家計バランスシートからみた住宅取得の成立構造 - nli-research.co.jp,https://news.google.com/rss/articles/CBMib0FVX3lxTFBCdHlJc2pGRTNJSjhUaW5mX3Q1UlRTeGlUZHhxbG1QTXB6R0lFX0lEN2oxWjJZbEUtMGRsNmc3Q2F0ZU55NW1mN0xYUU9xQXdoNFRZQzd2X0NaSzlMNmh6Zi1MWTJPYXZBOUh2aG9RVdIBf0FVX3lxTFB0eHNDaDZmTmRveVlrZmJGYmdPRlFjYTZaQlRhTlJPaFNBMG9VVjVTYmYxWHhya0hwUmNwSXB4X0k3S3BjXzFCcGtjWUtLVUNnNy1uYjkxRHZnNXNXWDFKVmtuLXZqeXQxU1hZaXhQWXB1RHRTNzNDZkF6VXAxelU?oc=5,"Mon, 30 Mar 2026 07:00:00 GMT",2026-09-01T10:17:12+09:00
GoogleNews:物価　家計,物価　家計,一部に無理をした投資も＝物価高騰下でNISA投資家の状況を調査－家計診断・相談サービス「オカネコ」 - 時事フィナンシャルソリューションズ,https://news.google.com/rss/articles/CBMidkFVX3lxTE51NElFaU9Td1lPSHF6N0NSbU9MZ2M0cEV2czdEeWY0TmZZenFndU00X0JhTXBRTEZXRmxucVdpVlg2SjYyaG0wSXdIR2Rta1VtM0lEdktuNnhrVHBMbU91ZlBLMXZCZHBENEV4WFprZ2tSc0psbXc?oc=5,"Thu, 30 Apr 2026 07:00:00 GMT",2026-09-01T10:17:12+09:00
GoogleNews:物価　家計,物価　家計,世帯年収別にみた家計収支の現状（2025年）－賃上げ３年目、それでも重い物価の壁 - nli-research.co.jp,https://news.google.com/rss/articles/CBMib0FVX3lxTE1PVmp3LXJsa1lla3M3X1lqSzNzdXEtSFh1RlBEZXNrbXlvRlExS2tHSVI2VV9OdmVWQmhIZFY4YlBZQzk2bXVKNUZxaTlPT3NyNnNhNVJLSWpCQXVGckc1MjFlQW9RT2lJdXd1d1hLVdIBf0FVX3lxTE1QdUwwakZEaUVLY1ZRM242QzdMRU1uQXp1MzRHSll3QV9DYUJmS2c0ZHdaX2pJeEhRcjk3TWpoVF9oeXRNb1FfblhQendUeFhibmtkOHVnQTBrM3Vvak04TGVFWlNpa2FPVFB4c2NNSWQ2QnRyUmJDUmNRNE1IcVk?oc=5,"Mon, 30 Mar 2026 07:00:00 GMT",2026-09-01T10:17:12+09:00
GoogleNews:物価　家計,物価　家計,［経済フォーカス 識者の眼］原油高 家計厳しく転嫁困難 インフレ加速回避か - 読売新聞,https://news.google.com/rss/articles/CBMibkFVX3lxTFBPNTRjbnhiQVRfaHMtMFlTX0Q1VnBqVGxPZGhFM0w0OXBwUVphN1U2TGxjUldNQjVLdnhWMl9aeTZzU25MX01ZS1BnZzUybE05QTB5b2llcHNuS3VfMTNwaGFKX21pbEIyZkNMXzNR?oc=5,"Mon, 06 Apr 2026 07:00:00 GMT",2026-09-01T10:17:12+09:00
GoogleNews:物価　家計,物価　家計,原油価格倍増で家計負担は年5万円アップ：低所得層ほど深刻な影響 - nippon.com,https://news.google.com/rss/articles/CBMiV0FVX3lxTE41RmZoZWlYOXY5SUtPQnpDSW04d0FtM2FDT0dqZ2VZUVFvTF8wbWpYbGpOQ0s1NGllQTlqaFNody1NXzNEMU1QblM2dFVwa0lsY0h3ZkU1dw?oc=5,"Fri, 03 Apr 2026 07:00:00 GMT",2026-09-01T10:17:12+09:00
GoogleNews:物価　家計,物価　家計,商店街プレミアム券 家計を支える追い風 県・市の物価高騰対策始動 | 横須賀・三浦 - タウンニュース,https://news.google.com/rss/articles/CBMiZEFVX3lxTE1KaXpnRjlKYVFIN2VsQzQyc25PaW5EVHl3SEpaWHpnamp1a0VKV1N6ZGlZc1Z3WVNGcGZpaXR0T3NTUU54Y3FtT1ltYVpIQnFlQ2luN3F5bWJraXM3cjFJVjVRa3Q?oc=5,"Fri, 01 May 2026 07:00:00 GMT",2026-09-01T10:17:12+09:00
GoogleNews:物価　家計,物価　家計,宮の家計応援給付金＆家計応援キャンペーン！食料品の物価高騰による家計負担の軽減や地域経済を下支... - 選挙ドットコム,https://news.google.com/rss/articles/CBMiX0FVX3lxTFBFeVFmWUlUdFJndlA1bWJveWVBYXRHY0hzVDVIMXhidGlMclEwMTdQcEgwejRtelZydWFiTHhDUzc4N1NRVUNtVTVEYzJhLUxER3BrclczQ0JWRTZUV01v?oc=5,"Thu, 28 May 2026 07:00:00 GMT",2026-09-01T10:17:12+09:00
GoogleNews:物価　家計,物価　家計,中東発の原油高ショックで5月の消費者物価3.1%に急騰…家計は「三重苦」に直面 - BigGo ファイナンス,https://news.google.com/rss/articles/CBMiX0FVX3lxTE52Z29lck5YcmxIenZ1VDZYSmJZWnRvQTJYdzFZUlg1bkhlU0lqaEdTT3QtS3NTZng1TV9fZUNkV2JkSnc4UTIxbVMwX2Z5YkVKWEstN1k0RmdIcEdsUFdn?oc=5,"Tue, 02 Jun 2026 11:04:05 GMT",2026-09-01T10:17:12+09:00
GoogleNews:物価　家計,物価　家計,食料品減税は家計を救うのか？ 近年の物価高騰で「便乗値上げ」の抑制困難に… ４～５兆円規模を確保できる財源も見当たらない！【エコノミスト解説】 - 朝日放送,https://news.google.com/rss/articles/CBMiYkFVX3lxTFAyRlU4MDI3am1OZEttYkswMnJJSnZNUXl0c294YUtMZGl3bXBMOWE3N3F1c3dZSFhhc20wQ3lYVThnaVdtX3BkeFJRMm1ybjVqRGNuOE9DclViWC1OTmQtSHp3?oc=5,"Fri, 01 May 2026 07:00:00 GMT",2026-09-01T10:17:12+09:00
GoogleNews:物価　家計,物価　家計,新登場！アップサイクル「はちみつ梅」。物価高騰から家計を救う、オフプライスストア・アエナから。 - 毎日キレイ,https://news.google.com/rss/articles/CBMiekFVX3lxTE1qcHJEMFRCZFVkQmpUd3h1Vi1od3VPMDFZMjZhUXg5U0lBb042LWxIakRDTjhpOWM0TFhleGZtWDZjaXpxVUhodzVxc3ZsX01YSmVvOUM1c3Q1Mm5kRnJqY1U0cENyZnYxWXExWFpmOEFrZFo3MGJMSXhR?oc=5,"Mon, 13 Jul 2026 07:00:00 GMT",2026-09-01T10:17:12+09:00
GoogleNews:物価　家計,物価　家計,🔷成田市物価高騰対応家計応援全市民対象にスマートフォンなどで利用できるデジタルポイントを給付h... - 選挙ドットコム,https://news.google.com/rss/articles/CBMiX0FVX3lxTE9yUXlHRWg3WjNPdG9zeGhuRTRJNXNlN0RRdlp1QUVHRTBBaTdRSXZrM3JZQU02T08tSm9vQnVIOU9DMVRNRGRfdWZ2MTAxc29VSFNFblZjX3ZPdlRYMVpj?oc=5,"Wed, 06 May 2026 07:00:00 GMT",2026-09-01T10:17:12+09:00
GoogleNews:物価　家計,物価　家計,原油価格高騰「家計の購買力低下」懸念 TDB調査 - ECのミカタ,https://news.google.com/rss/articles/CBMiWkFVX3lxTE5aUndLc2RCa2JvMXpVbmJkdURIeFBFXzUxZXRwR3pmdEF1Z0lSNkpOLUJKeUIzYndxZjllSEswS1NybGdkTHlaTXIwRm0yVEd4N3hhQlhyd2hQUQ?oc=5,"Wed, 25 Mar 2026 07:00:00 GMT",2026-09-01T10:17:12+09:00
GoogleNews:物価　家計,物価　家計,物価や家計管理を親子で学べる無料講座 「杉村太蔵と考える知っておくこと、しておくこと」 西宮市 - kisspress.jp,https://news.google.com/rss/articles/CBMiSEFVX3lxTE1qY2RGa3NPYThBcWNJUE52TnFxZE93Y08yTnNndzZCcFJYVXF0MnQ5UjNSYjBERWswOFBtUkJvdTlTaE1YaExiag?oc=5,"Sun, 03 May 2026 07:00:00 GMT",2026-09-01T10:17:12+09:00
GoogleNews:物価　家計,物価　家計,物価高騰が家計を圧迫し自己破産が急増中…3年連続で増加、14年ぶりの高水準に｜仕事力がアップする経済ノート - nikkan-gendai.com,https://news.google.com/rss/articles/CBMiZ0FVX3lxTFBZWHlnLWRoVl91cXNReHktd3hsdkdIZG9PaG9sLWpJQkk4QU5NWmNSN2hDX0JHVTlxMERJcnRiTy02RlQtU0k0SXNMUFhKSV92WkdNUjJWS3Y1NTZvV2IzMS1vX2M4TzQ?oc=5,"Tue, 31 Mar 2026 07:00:00 GMT",2026-09-01T10:17:12+09:00
GoogleNews:物価　家計,物価　家計,加古川市の物価高騰対策 家計応援ギフト、4月末から発送 5千円分のデジタルクーポンなど|東播 - 神戸新聞,https://news.google.com/rss/articles/CBMibEFVX3lxTFBWWG5EQzAyd3l4R1ItVzBUSXF6bmEyX0pMc3ZRTktwM1p0VXpnLTJteDZBWUg1SldnaWJWbWNhWFp2WUo0dnM1RlVVSW1ld0lZcS1nVlluZTk0d0pEbWQxd2ZYY1NCM0VSRExuLQ?oc=5,"Sat, 25 Apr 2026 07:00:00 GMT",2026-09-01T10:17:12+09:00
GoogleNews:物価　家計,物価　家計,家計を助ける物価高騰対策 「お米券」からデジタル商品券まで多彩に - BCN Retail,https://news.google.com/rss/articles/CBMibEFVX3lxTFBqLU5xMmZJUVlmdS0wdGsxd1FheE1JLWNVdlhpeDFDZDBrX2FNSXVZRzJ1N21Fd0RnS3lEMnk2aUhKX1FuMlJSRVdrZ2Zab2dXd1Vzc0xWTGZXVEdFcTYtMlBZMG5VVkpXdENNUQ?oc=5,"Sat, 28 Mar 2026 07:00:00 GMT",2026-09-01T10:17:12+09:00
GoogleNews:物価　家計,物価　家計,【業務スーパー】『物価高騰きつい・・・』家計に優しいコスパ最強副菜♪ちくわ×豆板醤の簡単アレンジ3選（みみこ） - エキスパート - Yahoo!ニュース,https://news.google.com/rss/articles/CBMiiAFBVV95cUxPcFNWdWtLbUg1NDc2d1B1amlWUlNvWFM2TlpJRFRmTkJxYTBqUkMxUlNqUjRoNFVaZUo3eGlHQjlwOGg5Zlg2YUVXYzVrNnJuUFdkYWZKYUpwV1RiRlBGZjZySWlEWUlrcU9WRGcxQXhwbXhHMnBnT1dDRDJTUDQyWmowMURkZWpM?oc=5,"Thu, 26 Mar 2026 07:00:00 GMT",2026-09-01T10:17:12+09:00
GoogleNews:物価　家計,物価　家計,食品値上げ2万品目超　エンゲル係数28.6%が映す家計の負担増 - 財経新聞,https://news.google.com/rss/articles/CBMiY0FVX3lxTFBaU2xHMVZDU3dNaVBPZVhsOHJZUXZ1YnB5R0w1cVBTcVhFRGlFem41bjd2UGpWeS1ZbzBBVWFLNjZ5Yk1md2lVQXAteEdwbTNZWnlWcER5MkQ4RnN1UUxTNXN6c9IBaEFVX3lxTE1NX25FanFjODU5Qlc3NFlDUm9sZFQ5d2ZiNFMyRVdva0Y3Z1F6MElZOW55b3VXSzNDMDNuaFRONjFiRVdhbERCdzZqWTZIZ0p0QnpBS1BYSk45UW9MbG9GYjktTEdGOU9p?oc=5,"Mon, 16 Mar 2026 07:00:00 GMT",2026-09-01T10:17:12+09:00
GoogleNews:物価　家計,物価　家計,CPI上昇率1.3%に鈍化も、食料・サービスは2.5%高　家計負担の“中身”を解剖 - 財経新聞,https://news.google.com/rss/articles/CBMiY0FVX3lxTFBKcHEzb1pIZjBhVS1OT2FUX0FVWHNOMUtPak9mbG14R3NVSkJtbjZBb09KS3NJektKUjBaVUdlWkhEODlyWS14cGJ3a2p5dmFVN0N0WWpGenFrWG9Pd25NT1Z4c9IBaEFVX3lxTE5UV0VHcGUtQklTM2s4Ty1qUTktdW52NV90bm13cjE1dWpYdUNOUUdNTVlxd19FV3BBdTQyS1VncTREd3hKOE9tX0FKOTItUHZsb0ltLWpkcTdCZFBnNll6WElYZ3BvUUQy?oc=5,"Tue, 24 Mar 2026 07:00:00 GMT",2026-09-01T10:17:12+09:00
GoogleNews:買い物　調査,買い物　調査,2026年度「国内消費者意識・購買行動調査」 ｜デロイト トーマツ グループ - Deloitte,https://news.google.com/rss/articles/CBMikwFBVV95cUxPdzUwSzdMaDFxOGNwVGp1MDlvSVVrdjhCS1VRV29NckpfVDZ2NlFyTlhLZUxQNHJpekRLNDRDSkJvcFNBX0FTc2VrS1p5TUl4VVExUm16RVF1SVNkdDM5NkV5Z3Q1ZWlieVlRUldUOFJiWmJnOU85a3hfOHh0YXUwQTdrRFJZM0FyUDVqSV83OU8tb1U?oc=5,"Wed, 26 Aug 2026 07:00:00 GMT",2026-09-01T10:17:14+09:00
GoogleNews:買い物　調査,買い物　調査,年末セール買い物予定者は34.9%、まとめ買い意向は50.7%に チャネルトークがECサイト問い合わせ意識調査を実施 - commercepick.com,https://news.google.com/rss/articles/CBMiV0FVX3lxTE9tN2lUMms3TjlnQ3k2ZXNURFVtN2xyRmRPU09EbURWdWUwYmZYRENUUWlyY2NfZE9WYm5FMy1kQWdkdlhzQm5GdDBOSGQydkNuMzVVMG9hYw?oc=5,"Thu, 27 Aug 2026 05:08:03 GMT",2026-09-01T10:17:14+09:00
GoogleNews:買い物　調査,買い物　調査,買い物・ショッピングに関する実態・意識調査（2026年7月定点ココロスタイルリサーチ） - クロス・マーケティング,https://news.google.com/rss/articles/CBMiW0FVX3lxTE1EV09vR1RhV1BlcEg3cVFaaDRtVUN4S3BGWTBnMFNNZHQzYXQwUXNldnZKbHVzYl9SYXZsRUtJdlRqcnpYd0JLYUNRTHhELWVuVDdRMjBIeFRaUWs?oc=5,"Thu, 30 Jul 2026 07:00:00 GMT",2026-09-01T10:17:14+09:00
GoogleNews:買い物　調査,買い物　調査,Amazon、「プライムデー」の開催に向けた「今夏のお買い物に関する意識・実態調査」を実施。「ストック」「クオリティ」「リフレッシュ」がこの夏の消費の3大ポイント | アマゾンジャパン合同会社のプレスリリース - PR TIMES,https://news.google.com/rss/articles/CBMiakFVX3lxTE8yb2lTNjdJUFV1bXg2WDliZ0ZncUJkZWFFYXBQOWhMWlFxazlyenk2dE9MMFhGcW41dHZHR0liY3pyQjJCZUoyOUhHcDM2eGFTZjNBZkVZWU9RSy1ER05TV2VZbEozV0xGVkE?oc=5,"Tue, 16 Jun 2026 07:00:00 GMT",2026-09-01T10:17:14+09:00
GoogleNews:買い物　調査,買い物　調査,290万人のレシートデータから見る「買い物動向」調査 2024年～2025年の買い物市場を読み解く - global.toshiba,https://news.google.com/rss/articles/CBMipwFBVV95cUxOX194WHRoelBFNGZraHdQTlhTTTBJRk5EWGFxdDdKNXNZSEYtMVpCYVJjakdwdi1BLWNLLTFsdUVTdE9CV21OLWIyT2xVSmlmNGdOWVkyTVdSQmZmV05pQkpSOEs3YXE1a0kwYTlZcU84RlgzVkxzd2xUakZtWE9wXzhyUGxOWG1QZFFsYkdCSFNFT3c5S21EWTBXVTZWenZjOEdUMEViOA?oc=5,"Mon, 23 Mar 2026 07:00:00 GMT",2026-09-01T10:17:14+09:00
GoogleNews:買い物　調査,買い物　調査,【AI消費トレンド2026】買い物相談が前年比6.4倍 - アライドアーキテクツ株式会社,https://news.google.com/rss/articles/CBMiXEFVX3lxTE5LaHJRQ2c4ZjV5b1NGUXB2enBoNWM0T3Q1RDJpclZBZEhmSldUNlhlcmxaQkZyMk9TUV9GV2Z1M3Z5a1RNRm1Pdk9hZVEteG9oV2QxOHlhQmpiZnpl?oc=5,"Thu, 02 Apr 2026 07:00:00 GMT",2026-09-01T10:17:14+09:00
GoogleNews:買い物　調査,買い物　調査,「生成AIの回答、口コミより信頼できる」 買い物の情報源として……博報堂調査 - ITmedia,https://news.google.com/rss/articles/CBMibEFVX3lxTE1jeGVlV3FUZmlkakhkVlowTUIzckFSTjdPTmJCNTd3c09CemsteHFGMERsREJUNDc3S1Nvc2dORVlvVU5sMjNmNzE0SjlGa1hhdi1DamtvNUZlZjBhWktGX2RtRFk0ZkFwSkU4Sg?oc=5,"Tue, 02 Jun 2026 07:00:00 GMT",2026-09-01T10:17:14+09:00
GoogleNews:買い物　調査,買い物　調査,博報堂生活総合研究所 写真調査サイト『生活図鑑』 第七弾となる｢買い物｣カテゴリーを公開 - hakuhodo.co.jp,https://news.google.com/rss/articles/CBMiV0FVX3lxTFBhVEV4ZUNFUFZGVHlmWXJsQlFqR3F4NnlOMlhMUm1QcnB6VklZb3JmemVRYk5hR1UydTY4VWdQSGVpdHdWRS14ZTcwa3d5VElQX3ozdU9hNA?oc=5,"Wed, 01 Jul 2026 07:00:00 GMT",2026-09-01T10:17:14+09:00
GoogleNews:買い物　調査,買い物　調査,物価高の中、生活者は何にお金をかけるのか？「生活者動向調査」で消費実態と買い物行動の変化を公開 - PR TIMES,https://news.google.com/rss/articles/CBMiakFVX3lxTE9pczktTnhVOGdMc2VYVWwxa3ljWTJ2cGIxQWdycnhUREJhSXEwTnMyZV9hS3dDd183OGlDNXdfZW93NEQyaXBiUkxjT29GNDFiQ0o3eF95OV9oOGZtdDJPTE1wUDUxNHlHWnc?oc=5,"Tue, 04 Aug 2026 07:00:00 GMT",2026-09-01T10:17:14+09:00
GoogleNews:買い物　調査,買い物　調査,年末年始の買い物情報は「店頭POP・店内表示」が最多、全世代で上位に―アルファ調査 - commercepick.com,https://news.google.com/rss/articles/CBMiV0FVX3lxTE02MFplR2NUUjFjdkw2dmdXVy1rNzBfS3ZyNWo2UWxiOEc5eUItcUxSVnE3dUhEX2dMSkF5VWVkWXlrd21xWC1udmxvRUFkT1g4cFVGTEhFRQ?oc=5,"Fri, 21 Aug 2026 01:53:21 GMT",2026-09-01T10:17:14+09:00
GoogleNews:買い物　調査,買い物　調査,共働き夫婦の4割に秘密の買い物経験あり。金額が高いほど、喧嘩も多いと判明。パートナーとお金に関する話ができている夫婦は、関係満足度92%に【500名調査】 | 株式会社Hajimariのプレスリリース - PR TIMES,https://news.google.com/rss/articles/CBMiakFVX3lxTE9Cd295R1RMU0duNXZSMEZZcnA0RFEyTGFwQ0F4U0lqc05rV0YtTW1DY213YlJveTFiX1cxdVhfTjhrTUJKQnJXWW9mWVdCdmJWVlh0VHBDQzJZbEpDbHJKT3FlSXdRUE1fU2c?oc=5,"Mon, 11 May 2026 07:00:00 GMT",2026-09-01T10:17:14+09:00
GoogleNews:買い物　調査,買い物　調査,【マイベスト｜AI時代の買い物に関する調査】約5割がAIで選んで「後悔・失敗したことがある」と回答。後悔理由1位は「AIの情報誤り」 - PR TIMES,https://news.google.com/rss/articles/CBMiakFVX3lxTE50YXJveV9qNlhZYTUxUXdBV0wzMDRDckJ3MjJZX1VPeUJiUHgyaUVZZkY0ZE02NUVjcmVNOXE1azk2QlRUUml0aUl0dU1DQWVCT084Z0RZNHRTZDd6VUJOeEMwU2FaVkExbWc?oc=5,"Mon, 27 Apr 2026 07:00:00 GMT",2026-09-01T10:17:14+09:00
GoogleNews:買い物　調査,買い物　調査,博報堂生活総合研究所 写真調査サイト『生活図鑑』第七弾となる「買い物」カテゴリーを公開 - PR TIMES,https://news.google.com/rss/articles/CBMiakFVX3lxTE5EeC1GV1p6QUlrdmk4VkF4NlBBQkMwZlV2QVBNYzVDWXByNms1TEZjb044U0tLUFhrWHN6UDQ1SkIwLUg2S1g4c0F6U2FtUG1Ic0ZDY2lVbW9RdWQtWmx3SVZmdUVIOUJwcGc?oc=5,"Thu, 02 Jul 2026 07:00:00 GMT",2026-09-01T10:17:14+09:00
GoogleNews:買い物　調査,買い物　調査,Z世代の2025年買い物調査、「ファッション」「推し活・エンタメ」が上位に - PR TIMES,https://news.google.com/rss/articles/CBMiakFVX3lxTE5qQXloMEhYMzdsZC1hQUt4Ymc3OENQUlBja1lIelJEUkJJXzVxSV9DTi1MZlJROFk3VTBoRUdlTFBocHFHOTdTNVZOQXFIcEdta2p4T2htYm9HcGNCQ0trWFJueUJYeEkyZmc?oc=5,"Tue, 23 Dec 2025 08:00:00 GMT",2026-09-01T10:17:14+09:00
GoogleNews:買い物　調査,買い物　調査,IBM–NRF調査：AIが買い物の前段階で消費者の意思決定に影響を与える中、ブランドと小売業者は新たな現実への対応を迫られている - PR TIMES,https://news.google.com/rss/articles/CBMiakFVX3lxTFBZVGZSaTY5RjRuTDBlLUhwcVJZSDM0QnJmT0xueXhFYWpBR25rc1R3NmJCYkE0dEpRWW1iWXFCNW5EbW1DZ2pvb3J1RFNGZXE1SkhCeUpjVnd2VGRNMGktaG0zaTJYaTFvTkE?oc=5,"Mon, 25 May 2026 07:00:00 GMT",2026-09-01T10:17:14+09:00
GoogleNews:買い物　調査,買い物　調査,【2026年 買い物に関する実態調査】 店舗選びの新常識。「安さ・近さ」から「タイパ・体験」の時代へ - PR TIMES,https://news.google.com/rss/articles/CBMiakFVX3lxTFAzVFZFWGpmdGE0Q1dYUWNtSC1LbG5HZDVyRjFCTlhsbTUtYlZhelBVVXMxRll3c3ZVQWw3VnFnZl9rVmh4M2szVG9VWjg4UEpGelZkbUNkeXh0aUxaTlZscFd0TWRnWG5Qc2c?oc=5,"Fri, 24 Apr 2026 07:00:00 GMT",2026-09-01T10:17:14+09:00
GoogleNews:買い物　調査,買い物　調査,【深夜の買い物に関する実態調査】深夜1時は「理性がログアウト」する魔の時間帯。24kgの漂白剤、3kgの牡蠣…「スケール感の麻痺」が招く悲劇とは？ | 株式会社HADOのプレスリリース - PR TIMES,https://news.google.com/rss/articles/CBMiakFVX3lxTFBkUmhCblV0anQtay1GLUJSY19hUXFKcVJ1bWRfMm1YMUNBTzgxcG9vOFJaOGxoa1VBeUtCSFJnc2IycjBJc1Eza2JiNzhSMEpBdzU4WkFUclFDTDdZNDk4VnRVYjh6OFFEVEE?oc=5,"Tue, 07 Apr 2026 07:00:00 GMT",2026-09-01T10:17:14+09:00
GoogleNews:買い物　調査,買い物　調査,応援購入サービス「Makuake」サポーター調査から紐解く、ECにおけるお買い物の新たな価値観「楽しみとしての購買」とは？ 〜「こんなものが欲しかった！」という出会いと作り手・ストーリーへの共感から生まれる、「作業」ではないお買い物体験の実態を解説 - makuake.co.jp,https://news.google.com/rss/articles/CBMiRkFVX3lxTFBKVXR5OWU1dmpBc2hTMDNSdUkyOW1lS2dldVh1eTFsMVozOEtBVjQyczRqaU1zVHZGV2dfSlN0QkswbXlMNlE?oc=5,"Fri, 06 Feb 2026 08:00:00 GMT",2026-09-01T10:17:14+09:00
GoogleNews:買い物　調査,買い物　調査,290万人のレシートデータから見る「買い物動向」調査 1月、全国・地方別のキャンディ売れ筋ランキング - global.toshiba,https://news.google.com/rss/articles/CBMipwFBVV95cUxOQTdhTnltY1pmY3liYW5jenJ0cU9XZDdPN3JVN2lPUFR2MWYwc1JQNGdGTWtYMEx2X19rSHNURV9BSjZhVzZKOTdqLVA3UkNGWkM2U0xYaEpQTUVUMERwQ0YzTjhYVGR5SGJJVGgzSERCRDkyMnc2d3JoZk93WlBfNGJYNjFmdDU3MllBMUswLU15ajhWdTh1UGtUR3YwU2VaX2J2RHpYQQ?oc=5,"Wed, 25 Feb 2026 08:00:00 GMT",2026-09-01T10:17:14+09:00
GoogleNews:買い物　調査,買い物　調査,280万人のレシートデータから見る「買い物動向」調査 12月、全国・地方別の味噌売れ筋ランキング - global.toshiba,https://news.google.com/rss/articles/CBMipwFBVV95cUxObzdXRlVKazBoUFc5TGhjS2Rab2J2bTF0MllnM3hsejYyS3dDWHJzaGJVd0RVS3pXUS1FamxNZTNuUkpFQ2NDSElmaVlYVnBocXFSNms3OHBwSVo3Q2ludTkwNmRNbE1OdG5OWGpXUkM2S2hHb2lQcDdVOUJXU1dSUHRna1RDdWhXMzdBR2VxNUFpQU1WdllvOXNVVjFXYjBrWnNLODZaUQ?oc=5,"Thu, 29 Jan 2026 08:00:00 GMT",2026-09-01T10:17:14+09:00
GoogleNews:買い物　調査,買い物　調査,【マイベスト｜買い物のストレス・選択疲れに関する調査】61.3%が買い物で迷い・不安を実感。情報過多による“選択疲れ”がメンタルに影響。新価値観「メンパ」を意識した買い物が重要。 - PR TIMES,https://news.google.com/rss/articles/CBMiakFVX3lxTE1mcTVmOW5RRExmcHlvaVJYNS1GYnhWckVXaklWcTRLNEU5Q3drMEl6MF9ud3ZiLW5FVGtvaFk5TEx1T2VWX1FGTHY5RnZWRGZ4azN2OHAwVnZhREk0elp3S0Q4VHVfODM4Nnc?oc=5,"Thu, 05 Mar 2026 08:00:00 GMT",2026-09-01T10:17:14+09:00
GoogleNews:買い物　調査,買い物　調査,ボーナス時の買い物に関する意識調査、4人に1人が貯金割合を増やす傾向に―創作品モールあるる調べ - commercepick.com,https://news.google.com/rss/articles/CBMiVkFVX3lxTFBweGFmTzlpSnJxZkY3SVZDRDd3VjhkYXNlM043RF9wemdNMmE2bV9aSUNjOGQ5S3p0b1R2ekJyYXV4bWw4X0hqRi1vdGxKZ09fak5PSXFn?oc=5,"Fri, 26 Jun 2026 07:00:00 GMT",2026-09-01T10:17:14+09:00
GoogleNews:買い物　調査,買い物　調査,mitorizが実施した食品と日用品に関する買い物調査の結果 - commercepick.com,https://news.google.com/rss/articles/CBMiVkFVX3lxTFBLeWxoVTEzTDN5aDZVallZSmk4RmdPNVVOSFlZMmUwc3Q2T3RvZGhxUUVHaXZaNXRRbkVuRGJ4dXlTWnpaOGtnbmF3c1k2a2RrRnJjR2hn?oc=5,"Thu, 04 Dec 2025 08:00:00 GMT",2026-09-01T10:17:14+09:00
GoogleNews:買い物　調査,買い物　調査,2023年の消費傾向 ネット購入品1位はZ世代「服」、Y世代「日用品・消耗品」／Qoo10調査：commercezine - MarkeZine（マーケジン）,https://news.google.com/rss/articles/CBMiT0FVX3lxTE9UQVgyeWl5Qzl0b1lUZVR1ZXBEUDFkM2F2TWR3aUxzWkFwNmR5ellPLTV3ajRPWW1pTFlsWTJ6UlA5OGZTMGJTXzMxanZ2dHc?oc=5,"Wed, 17 Jun 2026 20:40:13 GMT",2026-09-01T10:17:14+09:00
GoogleNews:買い物　調査,買い物　調査,＜Qoo10「2025年買い物における女性の心理白書」＞2025年、女性たちが買い物において重視してきた考え方とは？Qoo10「2025年買い物における女性の心理白書」発表 - PR TIMES,https://news.google.com/rss/articles/CBMiakFVX3lxTE9IY3JKSl8zY2RWWS1pT0xPR0VNNlpPOFRHenJMZUpWRGs0c2VhdE5nOWpqZzJWalpXR01fd2NKUkhsZUs3WGhldHNPZ2c3c0VvWkJxZHBLRkt6T05yQ181OWJ4bF91UmhrRnc?oc=5,"Tue, 20 Jan 2026 08:00:00 GMT",2026-09-01T10:17:14+09:00
GoogleNews:買い物　調査,買い物　調査,物価高で6割以上が今年に入って「買い物レシートを二度見した」経験あり。約4割が「細かく見るようになった」と変化を実感 - PR TIMES,https://news.google.com/rss/articles/CBMiakFVX3lxTE9BcU5Fc2dhNldFLTRLRUlqblBxc0JSOXFHb0hXX3oyaEhWalNWc2xPdTZ2c1RWMjFNbVY4Rjh6VHZaODFHdl9jRGdHZkdqOEVJWGd2Y05kc041NHhtMXFlTW1OODVvY3o1WVE?oc=5,"Thu, 19 Mar 2026 07:00:00 GMT",2026-09-01T10:17:14+09:00
GoogleNews:買い物　調査,買い物　調査,AI時代の新消費モデルは「AICAS」 500人独自調査に見る購買行動の変化 - 日経クロストレンド,https://news.google.com/rss/articles/CBMiZkFVX3lxTE9OS1ZlU3luRy1zVVJ0ME1tSHlwbHI3NjRfOVdZUGNtWHdxSnljRmxOQ195WDdPZHozNGlLMTZkNzkwaGpESlp1QzNGMGhHSzR3YTRwSGxkd281ZndnSWtEZkw2NHBIUQ?oc=5,"Fri, 10 Apr 2026 07:00:00 GMT",2026-09-01T10:17:14+09:00
GoogleNews:買い物　調査,買い物　調査,買い物の決め手は生成AIへ--ユーザーレビューを上回る信頼度、「最終判断も委ねたい」6割 - ZDNET Japan,https://news.google.com/rss/articles/CBMiU0FVX3lxTE04NlUyNU5nU294emhZUE9Mc1I0ekdvUXhLUFZMeVlwalhfcVl4UVVCS2NLTU03ZVo2dzEzUFd3WXZJWXZDMTNOS1YyU191VTI2VlJB?oc=5,"Wed, 03 Jun 2026 07:00:00 GMT",2026-09-01T10:17:14+09:00
GoogleNews:買い物　調査,買い物　調査,「節約しながらもワクワクしたい」 2026年夏、消費者のお買い物意識をアマゾンジャパンが調査：commercezine - MarkeZine（マーケジン）,https://news.google.com/rss/articles/CBMiT0FVX3lxTE5NU1NKc1M3Uy01NENwRUt3U1p2UUJxVEtrbVhQODY3aGJTaGV4WTRzeWdULXVuNUtvMGF2ODRseC1SdGJfbWE0eUpYbDBzMm8?oc=5,"Wed, 17 Jun 2026 07:00:00 GMT",2026-09-01T10:17:14+09:00
GoogleNews:買い物　調査,買い物　調査,生成AI利用者の約7割が買い物で活用！生成AIで調べた・おすすめされた商品やサービスを実際に購買した経験があるのは、うち約6割【エクスクリエ調査】 - 株式会社ヴァリューズ,https://news.google.com/rss/articles/CBMiV0FVX3lxTE82dTdxRGRTd3RqWUtDdWRxdHphZXFwQTFnNHAwQ3Q1MDBLWkpDMmFrMWJtU1p3UXE0bmlnckdIZFdKTWc0ek1kZDc3dFlMMmtfSDFnYUhsUQ?oc=5,"Tue, 19 May 2026 07:00:00 GMT",2026-09-01T10:17:14+09:00
GoogleNews:買い物　調査,買い物　調査,300万人のレシートデータから見る「買い物動向」調査 4月、全国・地方別のアイス売れ筋ランキング - global.toshiba,https://news.google.com/rss/articles/CBMipwFBVV95cUxPb1hFU3d0TVdOOVlKdFVFRGVpNFp4N0tPQjNFT2lVMzE2ZlBKb19rOF9fSUtHV0NDLWtTMUJMNUZ5aGRyYWRzUHBQM0o1dWxvRkdUWEtXU3ktbFBFNDdWTnU2ajd0RnBPaGlicU1icWNLTVJnZ0F3M002dVh2Um5Qdk90OXVGRDdTUWdvMVZ0UjdPODRpUTZLS1dHZXBfXzVqOFFOQVV5Zw?oc=5,"Fri, 22 May 2026 07:00:00 GMT",2026-09-01T10:17:14+09:00
GoogleNews:買い物　調査,買い物　調査,もはや値上げは生活の一部？7割以上が「値上げ慣れ」を実感。約4割が「10円20円の値上げには驚かない」と回答 - PR TIMES,https://news.google.com/rss/articles/CBMiakFVX3lxTE1INlEtOGVxOXVoVUloVUpHcHBuOUlhRm5jeElucThQQlRWWDBzWTNLemNKTHhhV2VQMGl4X2V0T25DeHZyRU5RemdzM3dDU0pXSXR4UmJnVHJ2Q2czWVItVW1NY2RsRWRKSWc?oc=5,"Mon, 01 Jun 2026 07:00:00 GMT",2026-09-01T10:17:14+09:00
GoogleNews:買い物　調査,買い物　調査,AI が“買い物”を代行する時代へ Stripe、エージェンティック コマースへの対応準備に関する調査を実施 - PR TIMES,https://news.google.com/rss/articles/CBMiakFVX3lxTE0zMEF1SXIyUGpudlN5a1ZiSGxBRnJYeWhQVTR1eWJIR0lkc3hzcXl6SV9NUHBHdVV0ZUtMcENnVXRJYXhucjl5OUxBZG5fWmNYSkp4LUw1aGRLTkI4a3hJemw4aUF3bDFCYWc?oc=5,"Wed, 15 Apr 2026 07:00:00 GMT",2026-09-01T10:17:14+09:00
GoogleNews:買い物　調査,買い物　調査,300万人のレシートデータから見る「買い物動向」調査 2025年度売れ筋ランキング - global.toshiba,https://news.google.com/rss/articles/CBMipwFBVV95cUxNUzFaYnBKNjBQcWYyUlljRzc3U1NhNi1DcTdEZVZidS1iSVRUOC0xbzlsSExWZzBKSmt4azJfbFNzWmp0OW90a1k3V3RZYVFncUJzZkFDbDBoNGtZdHRRdUJVV193ejg5MDJ1Uy1IRmpvVEFxNUZzV0pRY2VYd1loOTc5TjF5bHlKTnFVM2dJbDF6SjFpUDBqRlQxSlpURklEbWJZYV9GMA?oc=5,"Tue, 28 Apr 2026 07:00:00 GMT",2026-09-01T10:17:14+09:00
GoogleNews:買い物　調査,買い物　調査,AI時代の買い物、約5割がAIで選んだ商品で「後悔・失敗」を経験 約9割がAI活用後さらに情報収集 - AMP[アンプ],https://news.google.com/rss/articles/CBMiVkFVX3lxTE9xZTFuZDIxYXM5ZnM0Nko2X0lLbFZQSjBjbE5Ib0ZhTUkyNTZKU2VNUk1ha0V2MjI1UWM0aFFmZ056NFZSaGRveTdnaW9yTENwc1U2R1ln?oc=5,"Tue, 05 May 2026 07:00:00 GMT",2026-09-01T10:17:14+09:00
GoogleNews:買い物　調査,買い物　調査,「生成AI利用者」約7割が買い物で活用、うち約6割が購入 エクスクリエ調査 - ECのミカタ,https://news.google.com/rss/articles/CBMiWkFVX3lxTE9nVG13UnVqS2dtZ3Z5MjliYVQtb1ozZEU0NERzcWVSUlpmTTc2V2pzcUJEU0tyRGZUSVl3R0xCeS1BNXhET3plYzBBM1RBeTRzRW1QMlZ3X1ZQQQ?oc=5,"Thu, 21 May 2026 07:00:00 GMT",2026-09-01T10:17:14+09:00
GoogleNews:買い物　調査,買い物　調査,【マイベスト｜AI時代の買い物に関する調査】約5割がAIで選んで「後悔・失敗したことがある」と回答。後悔理由1位は「AIの情報誤り」～9割がAI後にさらに情報収集。5割が本当に自分に合うか確かめたかったと回答～｜株式会社マイベスト - マイベスト,https://news.google.com/rss/articles/CBMiU0FVX3lxTE9wNmNCY1hCUklfWW54SkhwYUhuWVFTdjdQMnIzRWRBWUQwSE5rLU5xZWdGOWlPVlV0Qi0ycUNNbDBOWEpuQmxiUFJQaGxlZXVBamtJ?oc=5,"Sun, 26 Apr 2026 07:00:00 GMT",2026-09-01T10:17:14+09:00
GoogleNews:買い物　調査,買い物　調査,Amazon、今夏のお買い物に関する調査を実施「節約意識高まる中、7割がワクワクする」プライムデー開催に向けた消費者動向を発表 - commercepick.com,https://news.google.com/rss/articles/CBMiVkFVX3lxTE9KWWdHa2VIR0dHRU9nWWNQMmd2c3JWNG1hWnhJeklKcy1yQlEzSVUwVGlLa2ExQ0JUMXRoUFN5SXF2NmE2UXJPT04zYmlvZC0yeE5QRXpR?oc=5,"Tue, 16 Jun 2026 07:00:00 GMT",2026-09-01T10:17:14+09:00
GoogleNews:買い物　調査,買い物　調査,ECサイト利用とそのAI利用の実態調査 - MMD研究所,https://news.google.com/rss/articles/CBMiXkFVX3lxTE5VaDVfTWNrM1VOSUd0SGVUNW05WE1Sc0RDU09PUWVBd3hhMC1lU0dOLXpoblh4TEFBem5EQkdfcExORjhYSkViX0tEbkhqLUEyUmkwQkFMX3BuUWdhY2c?oc=5,"Fri, 12 Dec 2025 01:03:44 GMT",2026-09-01T10:17:14+09:00
GoogleNews:買い物　調査,買い物　調査,Amazon、ブラックフライデーの開催に向けて、「年末のお買い物に関する調査」を実施。「お買い得」「品揃え」「利便性」が3大ポイント - PR TIMES,https://news.google.com/rss/articles/CBMiakFVX3lxTFBfRlVQdk1CY2pvd2pBNlZMdTIxbTl2N3BLNEJYdjRHR1dxUDI5Y2s2SmdUY1pFeHBKY05OOG4xUVJvNXgyUk5QUW00ZU1EcEdSVzBqZVhlcnBlYjdUd2hiaGRRV0M1clVGd0E?oc=5,"Fri, 14 Nov 2025 08:00:00 GMT",2026-09-01T10:17:14+09:00
GoogleNews:買い物　調査,買い物　調査,長引く物価高の影響か、8割の消費者が買い物スタイルの変化を実感！変わった点は「ポイント還元・キャッシュレスの活用」が4割超で最多 - PR TIMES,https://news.google.com/rss/articles/CBMiakFVX3lxTFBVcFR2bGRza3BudnJwbkdWcXBJNVRFOVVoS0N5WWJjLW5ma1ZLYmFkbzdMMXIwUTNIZ2tkdnBpajRaTVN2YXZwT0RHY2g3cnZMYks2UUtKNlBmZnpkSUtnSXBWS0NrVjlTTlE?oc=5,"Thu, 25 Dec 2025 08:00:00 GMT",2026-09-01T10:17:14+09:00
GoogleNews:買い物　調査,買い物　調査,買い物の情報源はチラシや店頭POPが主流も、若年層ほど“口コミ”も重視！日用品の購入は“特売・割引”よりも“ポイントが貯まる”をより意識 - PR TIMES,https://news.google.com/rss/articles/CBMiakFVX3lxTE9OelJBZ1BYVGVvM1RjTldVbU9hWk1SMWpiVEtIY3ZiaDU3bG5LaXdDR0l4YUZPUkJsNEhScXYxLTlDTUVjdGYybDI5X2IxVkpzbk5uNTdWdDJYaEEwVGZidXFVWFk4TU1oTEE?oc=5,"Thu, 04 Dec 2025 08:00:00 GMT",2026-09-01T10:17:14+09:00
GoogleNews:買い物　調査,買い物　調査,生活者意識調査 第5弾 - ネオマーケティング,https://news.google.com/rss/articles/CBMijwFBVV95cUxPLTRxdlRqVkc4Mm96SEU3bVVsaEsxZGNkOXlCWjVWQmdpcjN5S0dqTjZIZmg0UXktMldXLXhXOFRsSXdhVlJ3Q2p2S08xRmJxTDJJbVFVS3N3b0xieDl1Qm1Qbkh2UzYweklRcVQwWl9peUF1TlFsdS16b0FSOGl1NHM5LVdpYWRSQV81OXZBWdIBnwFBVV95cUxPTlp1dmJNN1ZTQzJPZ2t2cEtoU25qZ3VBcldyMUg4Vnc0enl3QWVSZFZnWk9zWkl2b2VIRzZRNGZ2YkJxMGVJZnd3RkZsRGNMVFpmUGIwXy05enpGTDgyN2F3azlWMm1BdHZxQXhUUkNpN3RhRkRheHpqNnlHQ3RfYXRNNTZEcUtjOUR0cnFHNzVLeDBZZ0tKU180d3E5Rzg?oc=5,"Wed, 15 Oct 2025 07:00:00 GMT",2026-09-01T10:17:14+09:00
GoogleNews:買い物　調査,買い物　調査,【ネットショッピングの購買行動に関する調査（2025年）】 Amazonの利用がトップ、ECモールと企業オンラインストアの使い分けが鮮明 ―エクスクリエ調査 | 株式会社クロス・マーケティンググループのプレスリリース - PR TIMES,https://news.google.com/rss/articles/CBMiakFVX3lxTE9NTHdNUjY5S19IeFdPZWJVZmZ3QVcxbHdsQ256b1l1NHJ1N0diVFF3al9XaXd4b0xEZzZoeVZRcU9VQVgxbU9LejVwVXM2WFpoNTZFNHZ3bUlKVjljODh2ankxQzRtam9DeWc?oc=5,"Tue, 28 Oct 2025 07:00:00 GMT",2026-09-01T10:17:14+09:00
GoogleNews:買い物　調査,買い物　調査,生成AIは生活に浸透も「買い物は自分で」が多数派 博報堂ＤＹ調査 - AdverTimes.（アドタイ） by 宣伝会議,https://news.google.com/rss/articles/CBMiX0FVX3lxTE1nLWZIb2NIdXRjLTBOSmFYM3FUYWZmY2FDbTYzdHM5VTUtdjROUFM1QXlhLWllVUtBZHFPUGgwblc0S0tBWkMxREJieDljQTBkVS1ucm52ZTBpamJhcXpR?oc=5,"Wed, 19 Nov 2025 08:00:00 GMT",2026-09-01T10:17:14+09:00
GoogleNews:買い物　調査,買い物　調査,インパクトフィールド、2026年買い物実態調査を実施「タイパ」と「感情価値」重視にシフト - commercepick.com,https://news.google.com/rss/articles/CBMiVkFVX3lxTE1WdzN4LVE4ZDZnZnlkeWstS2w2MDZsMFNJT0RfdUVCOFlzTTRMOFBKNm9fTFFSd1J6a2dYa1BZYTlmWjN4Z3RsSlU1LS1ZVklDNko3UXpn?oc=5,"Fri, 24 Apr 2026 07:00:00 GMT",2026-09-01T10:17:14+09:00
GoogleNews:買い物　調査,買い物　調査,買い物をするときに「迷いや不安を感じる人」6割超 マイベスト調査 - ECのミカタ,https://news.google.com/rss/articles/CBMiWkFVX3lxTFBqZ1lBc0stdU1RVXdUX2t3N2tMSVM4bDJlaW9zQUQtS2d4bHd4MnVWR3dHS190Z0FtMXFMSzhHd0NNYjFYVThjZjhMMTBDUEFXekc0MmJkRW9Jdw?oc=5,"Tue, 10 Mar 2026 07:00:00 GMT",2026-09-01T10:17:14+09:00
GoogleNews:買い物　調査,買い物　調査,DHL調査:5年以内にAIが買い物を代行する時代へ、消費者の29%が容認姿勢を示す - commercepick.com,https://news.google.com/rss/articles/CBMiVkFVX3lxTFB5Q1RROUpvb0JUZzQ0ZkZFZUY3S282blhLYkVDWGZwT3RzMjgxUW5oekRYVURTdjVTa1NsWDdJUnZpRDdoRkMtNXVDbEloeDRCNHdna3Vn?oc=5,"Fri, 12 Jun 2026 07:00:00 GMT",2026-09-01T10:17:14+09:00
GoogleNews:買い物　調査,買い物　調査,「自分へのご褒美」5割超がECで買い物 1位はスイーツ・グルメ スポルアップ調査 - ECのミカタ,https://news.google.com/rss/articles/CBMiWkFVX3lxTE1oNGkzYUZxamdrUl9KMWljY3piQlVVdmktQjF3NTBObFlocHNrQTFlOE92ZzdhS2N6aFc3aFR3MFB6cTdMTmVwVExOcEo1a0VHakRqdjlPQmxWdw?oc=5,"Wed, 24 Jun 2026 07:00:00 GMT",2026-09-01T10:17:14+09:00
GoogleNews:買い物　調査,買い物　調査,レシート意識調査2026:物価高で4割が「細かく見るようになった」、9割以上が紙レシートを受け取る結果に - commercepick.com,https://news.google.com/rss/articles/CBMiVkFVX3lxTFBuWlZUZFhpOERoLWhMSUZGV2dxUUN2dUlYdFN4YkRlTmQwcE56X2FXaGh1UDYzN1UwYkxlLXQ3dDZKbzNfM0lVZXk5ZnBRUXBHQXUtNjV3?oc=5,"Mon, 23 Mar 2026 07:00:00 GMT",2026-09-01T10:17:14+09:00
GoogleNews:買い物　調査,買い物　調査,「ブラックフライデー」の認知度は95.5%！セールでの買い物予定者の約8割が「節約のためのまとめ買い・買い置き」に活用予定 - PR TIMES,https://news.google.com/rss/articles/CBMiakFVX3lxTE1fbld4RHhnQmJraHVFNTF5b0FCYmY4a3ZZSF9tMXdoNlpUbXdsYUtrNkJzd3VYUnQtOWJSMWprQnpsODJrSGhvdjh0VS04VE5wMUkzcEpxeWNkUFJKNmtVVTBCMUlYUC1WcUE?oc=5,"Wed, 22 Oct 2025 07:00:00 GMT",2026-09-01T10:17:14+09:00
GoogleNews:買い物　調査,買い物　調査,【エージェンティック・コマース】オンラインの買い物、AIにどこまで委ねる? - ニコニコニュース,https://news.google.com/rss/articles/CBMidkFVX3lxTE1DVnJWOW9qclVvWUQ3bUJPZ3FhcUlEY3ZPbG8wcHQ3WWxZQUhobl81Q2RQNHlkVjBJcUZHZGp4UHN0R0lFeTRUN3ZzSkJEQXRtVDltMnhJb2lnRTdPLS1rZ3pVTHBndUlORl8xX0dHTE9NTEN0VlE?oc=5,"Mon, 17 Aug 2026 09:54:15 GMT",2026-09-01T10:17:14+09:00
GoogleNews:買い物　調査,買い物　調査,生成AI別の買い物相談回答を比較調査、ラクサス・テクノロジーズがブランドバッグに関する提案傾向を分析 - commercepick.com,https://news.google.com/rss/articles/CBMiVkFVX3lxTFB6U1g0TFNOX2MtYV9LS0ZCb3BVN1hGRTF0QVBoeHpkWkhSOWRBeURQbmNPdTRiamd6ZUhYVmdUZlZSM20tdlNNSXMtWnhvTzY1RFpJSEl3?oc=5,"Tue, 14 Jul 2026 07:00:00 GMT",2026-09-01T10:17:14+09:00
GoogleNews:買い物　調査,買い物　調査,大人気「ハンズマン」関西人は何を買う？商品数は28万超！驚異の品揃え 年間売り上げ“約348億円”のホームセンターで買い物調査 - TVer,https://news.google.com/rss/articles/CBMiS0FVX3lxTE1PeGlza1VhTEhtM3lMQTBqS2hKNlQwV293a1Vfc3BmTXp0b1VaQXBDSDNLZXUxalRNLXpDemxYeTRYWktwY21JM080aw?oc=5,"Wed, 15 Jul 2026 03:36:05 GMT",2026-09-01T10:17:14+09:00
GoogleNews:テクノロジー　健康,テクノロジー　健康,働き方×AI×アロマ NECがテクノロジーで拓く健康経営の未来｜日本電気株式会社のストーリー - PR TIMES,https://news.google.com/rss/articles/CBMiVkFVX3lxTE93Ri1raHVqdEg5anAzQnNDSENQcy1IQXNBODdWbnFyTUZkV3VGYmdJZVg1WWo4OVAtVEFTZnpPZHFQcVpsMnlaM2VvVFpxbE5PeG1EOGx3?oc=5,"Mon, 17 Aug 2026 07:00:00 GMT",2026-09-01T10:17:17+09:00
GoogleNews:テクノロジー　健康,テクノロジー　健康,働き方×AI×アロマ NECがテクノロジーで拓く健康経営の未来: NEC Stories - NEC,https://news.google.com/rss/articles/CBMiXEFVX3lxTE92ZFZucHo4b1FpRzI5VzB3b3lnT0JjazlCX1pjVG1DN2RsTGJ1WlpMMDFmVFlnMGZVZ2FUdVdVbVp2WS1sMnZQR09DdlhqaDBidVh5UGphX0JrRVBF?oc=5,"Tue, 04 Aug 2026 07:00:00 GMT",2026-09-01T10:17:17+09:00
GoogleNews:テクノロジー　健康,テクノロジー　健康,食事・栄養を解析する健康管理アプリ「カロミル」を提供するライフログテクノロジー株式会社を完全子会社化 - 共同通信PRワイヤー,https://news.google.com/rss/articles/CBMiW0FVX3lxTE52SGlCS3E1aGF5MTFqSkRxTGtpUFFVQzlnYzlRMVd6dktYdW1xVEZBdFRZaE1scTM5VmN6VmFjdzNUblc5VGl3ZkxSRmZweTUzNWlIdUpNRDNya1E?oc=5,"Tue, 16 Jun 2026 07:00:00 GMT",2026-09-01T10:17:17+09:00
GoogleNews:テクノロジー　健康,テクノロジー　健康,健康への取り組み - DXC Technology,https://news.google.com/rss/articles/CBMiWEFVX3lxTFBYMElGejdmNVN2ak16S0VxZHlSazNCdy14S2ViS0hVT01HSXJWUE5qSkxzcTVkdEFhc2FzT2Z4SFZJU0ExZHlBRmFqYkdmdkJqYUdJVDZTWmg?oc=5,"Wed, 10 Dec 2025 10:32:39 GMT",2026-09-01T10:17:17+09:00
GoogleNews:テクノロジー　健康,テクノロジー　健康,写真：働き方×AI×アロマ NECがテクノロジーで拓く健康経営の未来 - 沖縄タイムス社,https://news.google.com/rss/articles/CBMiZkFVX3lxTFBCVWdESHFOUFpkSmJIMDd5a0R3TWJDYW5GZXppRkpsRW1DWHR2RjdzWERldjZWYlRXUHlPOGRQaC1ldmFLY19ILTV0cF81cUtvOXlGUHZIcVMteHgyRDUzMDBrVlM5QQ?oc=5,"Mon, 17 Aug 2026 07:00:00 GMT",2026-09-01T10:17:17+09:00
GoogleNews:テクノロジー　健康,テクノロジー　健康,テクノロジーで“健康寿命”を伸ばすAgeTechの最前線 米国で関心が高まる - forbesjapan.com,https://news.google.com/rss/articles/CBMiWEFVX3lxTE8wNE1qZVB4b2xhSzFVLWMyRUtBUWxiNlNLMDFMZ1FNVk5xVThYdkk0WjB1RTMwWTdPY1E0RW85MXI1ZTB0S3lTaC1DdjVYVEtBaHloT0k0aXE?oc=5,"Thu, 15 Jan 2026 08:00:00 GMT",2026-09-01T10:17:17+09:00
GoogleNews:テクノロジー　健康,テクノロジー　健康,パーソルグループ11社、経済産業省と日本健康会議が協同で選定する「健康経営優良法人2026」に認定 - persol-group.co.jp,https://news.google.com/rss/articles/CBMiXEFVX3lxTE9CTHNsUnNGdlpIYTNldTBjdnNEbWVfLTY5aGZCX0Y2WHVPVnVKWUQwb3pyVjZlaHQtbHlneldqMDRuREk3THFiRVAwZXJzZ3ZLR0l3UkhaN1hqQ1E4?oc=5,"Mon, 09 Mar 2026 07:00:00 GMT",2026-09-01T10:17:17+09:00
GoogleNews:テクノロジー　健康,テクノロジー　健康,＜画像5 / 6＞歯の健康は体の健康！テクノロジーを活用してセルフケアをアップデートしよう - ウォーカープラス,https://news.google.com/rss/articles/CBMibkFVX3lxTE16bjlCQXE3b0hTY1ZuQjFlUExzazhNYVIyZ2owdzd2cGhQODN3ajNaQ2dJVTByQWZZeDBiYVlxZWx1Nm8tUFBEX1RmTUlhUEE5NHlpS0VHR01OaFV3bl8zSlF2YXlsZ0J4X2V0TVFn?oc=5,"Mon, 24 Aug 2026 10:38:17 GMT",2026-09-01T10:17:17+09:00
GoogleNews:テクノロジー　健康,テクノロジー　健康,「共創が拓く 健康・医療・介護の未来〜人とテクノロジーが築く安心社会〜」をテーマに国際モダンホスピタルショウ2026が3日間開催 - インナビネット,https://news.google.com/rss/articles/CBMib0FVX3lxTE5vQWZDaF93aHV2cm1PeU41UUhTODZlcEI4cWd5MHJZNFZyZzN5dGlGM2ZieGRXRnl6X2htVms1ODNxUnVxSUhXamZfSm1aQVdqa1JkSDl3WFUwREFmU3JBS1E5M0JBd2dBbkRNNk11NA?oc=5,"Tue, 14 Jul 2026 07:00:00 GMT",2026-09-01T10:17:17+09:00
GoogleNews:テクノロジー　健康,テクノロジー　健康,食事データ×ウェアラブルデータで、 健康行動を価値化する新たなウェルネス体験へ ピクセラ、健康管理アプリ「カロミル」を展開する ライフログテクノロジーと共創に向けた取り... - アットプレス,https://news.google.com/rss/articles/CBMiTkFVX3lxTE5BZkRVbGpERmpDYW53SnpVblF2SXlYWHZKZ2pockw0a0x6c05BT1piRFY3Rno4WmJGZnp3TFV0RWF4TGt2cUt2ODVlU1VoZw?oc=5,"Fri, 08 May 2026 07:00:00 GMT",2026-09-01T10:17:17+09:00
GoogleNews:テクノロジー　健康,テクノロジー　健康,【締切5/13】「2026年度横浜市トライアル助成金」～健康・医療分野、バイオテクノロジーを基盤とする環境・エネルギー分野の研究成果・アイデアの実用化を支援 - スタートアップポートヨコハマ,https://news.google.com/rss/articles/CBMiZ0FVX3lxTFBpd0YtU09ZQ3NrSGNRbjhYaTNCcjRFQ2RrTVh3SUdINjhoZDJINF93aGFqSTFCWEZUTzMzZmJ6REFhU3gyQU5GbVBNLWZFUEZwZU40M0cwLW5hUUQ0LWxhWGtyTl9KN0E?oc=5,"Fri, 08 May 2026 07:00:00 GMT",2026-09-01T10:17:17+09:00
GoogleNews:テクノロジー　健康,テクノロジー　健康,つくば市民の皆様の健康寿命延伸や生活習慣病予防を目指しPHRデータを活用した商品提案・健康支援による食生活改善の実証事業を実施 - PR TIMES,https://news.google.com/rss/articles/CBMiakFVX3lxTE1wLXhtR1VaUFU0YTQxYzh5TkFubWVxZDlxT2JMRDY2Y1ZTSUF2M2NYT2w5cXBfQnh0d3lkQW5YZ0VnMUVta2VFSGJ4TVZoZUpFWk9zRGlxMVAwMElZaXZvNVM0dmozcC10WUE?oc=5,"Fri, 21 Aug 2026 07:00:00 GMT",2026-09-01T10:17:17+09:00
GoogleNews:テクノロジー　健康,テクノロジー　健康,健康に貢献する信念を胸に、新しいテクノロジーに挑む - otsuka.co.jp,https://news.google.com/rss/articles/CBMia0FVX3lxTFBNNGVZOW1tZXRxeFpUNVlvVFBOMkxWbWhtVjI4Sm12ZW5tRmptclhuWTRxVGhMclpKYV9RTV9mcjhxZEszNVFOSk8xdUxPZVk5RVEwSW5kdmlFNlAzTUpmMXBQdm95d2ZUaUUw?oc=5,"Tue, 04 Nov 2025 22:17:22 GMT",2026-09-01T10:17:17+09:00
GoogleNews:テクノロジー　健康,テクノロジー　健康,カロミル×ぼんたぼんた、アンケート調査から生まれた“健康おにぎり”新商品を共同開発 - PR TIMES,https://news.google.com/rss/articles/CBMiakFVX3lxTE5IUnEzOHFIcXN2bE42WHptNERNbUhUTDlrWHVnM1BDdWlJTERFTzNtM0V3dFhDcHlySlB4VFNrQlBkUG5XU2RGbXVpWXBxcWZPVGYzWm5pVklMbUg1OWxGX3kwZlp1aXF3Wnc?oc=5,"Thu, 09 Jul 2026 07:00:00 GMT",2026-09-01T10:17:17+09:00
GoogleNews:テクノロジー　健康,テクノロジー　健康,喫食データ×生成AIでここまで見える多様化する 健康意識層の“リアルな食実態”と商品開発・マーケティング活用 - PR TIMES,https://news.google.com/rss/articles/CBMiakFVX3lxTFBYNUstWTFkbWh1dkFkZmZhRDFiYTF5bW91YjR5TUlXQUk1U2ZOQWZpNGt6U2lfbXFtSEFOVTVJLVRWa2dZRUJ4TTB2c0VMdVVwR0Z0eDRlSl9JeFdJZGRMQndwbzV4WUZhcGc?oc=5,"Thu, 04 Jun 2026 07:00:00 GMT",2026-09-01T10:17:17+09:00
GoogleNews:テクノロジー　健康,テクノロジー　健康,女性活躍推進テクノロジー協議会、新検定「WETC認定女性健康経営カウンセラー検定試験」をリリース - PR TIMES,https://news.google.com/rss/articles/CBMiakFVX3lxTE45ejJIb1RqSEx2X3A2NlZmWUdOeDVUdHNxSUw3TFptWEpvdjlRQlpEcDFCZWp5bjF1MVRsVngtbU5nRDhqNVRLTzl5ZTkwLWttdEtMMXc4WnJyWHFUbDY2Z1lCNmZyVGpaMHc?oc=5,"Fri, 14 Nov 2025 08:00:00 GMT",2026-09-01T10:17:17+09:00
GoogleNews:テクノロジー　健康,テクノロジー　健康,スマートシティ×公共交通・都市DX・未来テクノロジー・人材育成・健康・自治体経営｜調布市70周年の寄稿も掲載──見逃せない最新トピックを一挙公開 - PR TIMES,https://news.google.com/rss/articles/CBMiakFVX3lxTE9sQTl5czhZN3lIX2lDRjdTR0VSWGxLZ0gtc3JMcnEwSmNvdGh5RFBZMzdjajVwcGd1VDl4V185dU5VcmRsckZTdncxVThhR0F4MTRVVkhZNDZiMGFTRkdqMTRWcDZiaXRNb3c?oc=5,"Fri, 05 Dec 2025 08:00:00 GMT",2026-09-01T10:17:17+09:00
GoogleNews:テクノロジー　健康,テクノロジー　健康,ロベルテ、国際スポーツ科学・テクノロジー会議（ICSST 2026）に協賛 - 健康美容EXPO,https://news.google.com/rss/articles/CBMiaEFVX3lxTE80clFTMUZkWUtRbm52NEh1dWJEeFdsa3JIa3BLck41ZGhua29qRkkzWFlOT2gtZ3BheGpfNEJqSW9VckYySEhiRWxVM2s1b2Z5T0hfUkpSZUpTdHZFdTlkTmJPSGN2Q0k5?oc=5,"Wed, 20 May 2026 07:00:00 GMT",2026-09-01T10:17:17+09:00
GoogleNews:テクノロジー　健康,テクノロジー　健康,働く女性の健康サポート フェムテック製品一堂に 月経、妊娠出産、更年期…健康課題をテクノロジーで解決 - 下野新聞社,https://news.google.com/rss/articles/CBMiW0FVX3lxTFBhcXpfU1JhM21pOVBObTc4V3dmc1JqZlZ6aHA2ajR6eWJoSnp4NzFQVTAtOVE1T3dOeDlTVi13Y3lDXzZHNlJpaWpuWmVIajBYcEZnOEVzSG1LOW8?oc=5,"Wed, 26 Nov 2025 08:00:00 GMT",2026-09-01T10:17:17+09:00
GoogleNews:テクノロジー　健康,テクノロジー　健康,【人生100年時代のテクノロジー期待度調査】健康維持と体の変化を補う技術に、いずれも半数以上が期待 - ASCII.jp,https://news.google.com/rss/articles/CBMiVEFVX3lxTE9YMkUtNHZ2NmtRV05GNEtLUGU5YTZudEFsdkZPZEFJOFZLWFFyLXFDWXBaYU1vQW5HVjU2QkJtX01fZ1EtcE8zYWRMcElWbkZ5MXRDOA?oc=5,"Wed, 24 Dec 2025 08:00:00 GMT",2026-09-01T10:17:17+09:00
GoogleNews:テクノロジー　健康,テクノロジー　健康,未来調査2026-2035 先端テクノロジー編｜日経BP【公式】 - 日経BP,https://news.google.com/rss/articles/CBMiWkFVX3lxTE5TLVRKT1VDblFfcUJRb1BsMnB1VnB0QTVVVWtyb01IalFpbHBob0s5R1ZGMzFoaWRVdHRpX3c1Z21TbWhQeFc0ZWxMd0VuTnB1WDBjVUVTZHJFdw?oc=5,"Thu, 02 Oct 2025 16:29:05 GMT",2026-09-01T10:17:17+09:00
GoogleNews:テクノロジー　健康,テクノロジー　健康,Flora、「第10回HRテクノロジー大賞」授賞式に出席 フェムテック×地方の挑戦に注目 - PR TIMES,https://news.google.com/rss/articles/CBMiakFVX3lxTE1JWUJKWmcxQm1QVEpsbXFIa0xUT3Vmdlp3SDNmUzJRSm1vSVR0RkdHbUhER0dhWVdEZkN6eG4temh1TmthVmhudmV6bnRIWUo1Zy1WZkoxcHkzOUxQdDVLcjdJZUg2cGdLQmc?oc=5,"Fri, 17 Oct 2025 07:00:00 GMT",2026-09-01T10:17:17+09:00
GoogleNews:テクノロジー　健康,テクノロジー　健康,『家事負担低減』や『美容・健康』の社会ニーズをうけ「Air Bubble Technology」搭載商品が累計 15 万台を突破 - PR TIMES,https://news.google.com/rss/articles/CBMiakFVX3lxTE1ZbXNNQlZLWVd1RGV4SGpJYjRLU0hvdWN3SlpkU3pxVEp1QW82S2I3YUlQX25qcTZsRTZyR2daTzJQcE9hOXJybV8weUp4dGZtMEs0S25YTl9VU0FFajZPS0UwUDdkdURlTUE?oc=5,"Mon, 27 Oct 2025 07:00:00 GMT",2026-09-01T10:17:17+09:00
GoogleNews:テクノロジー　健康,テクノロジー　健康,信頼、テクノロジー、女性の健康が導く次世代ヘルスケア、アメリカ発のウェルネス最新レポートを公開 - PR TIMES,https://news.google.com/rss/articles/CBMiakFVX3lxTE5ibEc0RUNzMTV1cTRhNElHaXNsZnhBWkJCRGU1MnhObVMwc3NYVW1vb216VWFRZ0ZUWHZaV3BkaEpHZDZPTXFGMFN0MzZUcTBvYXpNRXNTSG13TnR4U0ZITjBoNmRZOTBMcUE?oc=5,"Thu, 09 Oct 2025 07:00:00 GMT",2026-09-01T10:17:17+09:00
GoogleNews:テクノロジー　健康,テクノロジー　健康,株式会社KALOS BEAUTY TECHNOLOGY メディア向け新製品発表、体験会開催のご案内 最新の美容、健康、生活製品の新製品を発表いたします。 - PR TIMES,https://news.google.com/rss/articles/CBMiakFVX3lxTFBHQnNMY3NJLWd0SnlVYVhMMW5DZy1yRGFxeWJEMk1fQmhYQWw1c3Y3MGp1S3lzVWswV3I4bUg1MC1YWXlzRVEtTFJNVlVEeW9PMUFuRjBzUFZsWjFnakhMc0RFX2Y4bXFtLXc?oc=5,"Fri, 07 Nov 2025 08:00:00 GMT",2026-09-01T10:17:17+09:00
GoogleNews:テクノロジー　健康,テクノロジー　健康,"企業向けヘルステクノロジー企業で健康福利サービスを提供する""Judi Health""がSeries Fで総額$400Mを調達 - AT PARTNERS",https://news.google.com/rss/articles/CBMi_gFBVV95cUxNWlhMdnFoNm9zbXd5QkRfUzdGajl4TldsTERfQlotT2dLSHVQUHBfSlA3eWNfZEdHSnIyMzdkUjUtTm1jbml6MF9JdE5uY0RMWGZFUnJjZndBMFFudjVPcFQ0MnltMm5jOHdqVFhtYk5pb05WaWpONjRRMzNFYkRPV0stNVotU0k1TXRjN192YlhSNGZ0U0VsMHpENENuWDE4MW4tdENsaEZCOElQZXE2UnlZWk10SnpIY0d1emwwSVNVSEhuUUo0RDdUd2dRYzM0TVFQWTBvWl9md2lOY0lqai1mTnNlUUVzVFhRSEtEYUpsekZnTXd1WlpCbmt3Zw?oc=5,"Thu, 25 Sep 2025 07:00:00 GMT",2026-09-01T10:17:17+09:00
GoogleNews:テクノロジー　健康,テクノロジー　健康,CTCテクノロジー、「健康経営優良法人2025」に認定（2025年03月18日） | CTC - ctc-g.co.jp,https://news.google.com/rss/articles/CBMiY0FVX3lxTE5mVFV0QUhxSUxiUkhJZzg4eTdXem5qWi1qUnJwVlBlRzloMjRMcDUwQUJHTE10OVE5dFpjUGVOdTdMQVlYWTNlY0M3anYtOTA2VTQ5cjk2T01BQjN4TXF1REd2WQ?oc=5,"Tue, 18 Mar 2025 07:00:00 GMT",2026-09-01T10:17:17+09:00
GoogleNews:テクノロジー　健康,テクノロジー　健康,2026年最新テクノロジートレンド総まとめ。プライバシー、健康、集中力、環境、身体拡張まで網羅する注目のスマートデバイス5選 - internetcom.jp,https://news.google.com/rss/articles/CBMiigFBVV95cUxNR2szMW1kbzgwbW1rTXd5RmNaQUs5Ti1VVzJ0YzVTNXhoWlhUUmtkbXI1M05JNHBaTkVhMzNtaTVVMDBfQjQ2WWpvTGxSYUR0WXl5ZzRzdmF0TnVWX0NnYjBCNDhPbVlMUDZpdVM0ZXVlS3ZjN2VwN3o5NlBQVnVOVU9UbjVlTnRtdHfSAY8BQVVfeXFMUGl6M1NDdVI4V0gxSUk0ZHFKV1lkbFBSd1piYTlGU1R5UVFMcmtSMFBQamh6ZkRNSVZuVVZySEZ6N2Zid1lZV25zZnpteTBIWXdHSmp4Y2lYZ2NVYTl6OGlOblMxOXFaeTgwdVJsaHc4ODY1WGVKUnVBeHp4VTNtazNJejFJTjRrYzBPZWJ1RDA?oc=5,"Sat, 24 Jan 2026 08:00:00 GMT",2026-09-01T10:17:17+09:00
GoogleNews:テクノロジー　健康,テクノロジー　健康,食×テクノロジーで健康を支える - シルタス - MUGENLABO Magazine,https://news.google.com/rss/articles/CBMiX0FVX3lxTFBGaEpDV1h2R3Nfb0tkd3U4QThwMk4wVlVXUTkxd0wwTm9OS2ZtTElteEdfNklIMlhmX1RlcnByams3SEE5UXNyeUFQMFduLU5ocTJ1d0ZrZ1dUOG4xdmZn?oc=5,"Tue, 24 Jun 2025 07:00:00 GMT",2026-09-01T10:17:17+09:00
GoogleNews:テクノロジー　健康,テクノロジー　健康,富士通パートナーとして医療の最前線を支えるエム・オー・エム・テクノロジー、健康優良企業「銀の認定」を取得 - PR TIMES,https://news.google.com/rss/articles/CBMiakFVX3lxTE5qaUpQWUhrZ2lYaXplT2M4Tm1OdTFfSHdlZEI5NEdnQ01rdVdNWUxDOEZyMTFYTlNWWUZFQTNWOVY0MG1GM01UWVdIdmY3VVdsWkJWcDJPOUJfNlk5VXZRTmVmTVd0X3J3ckE?oc=5,"Wed, 30 Jul 2025 07:00:00 GMT",2026-09-01T10:17:17+09:00
GoogleNews:テクノロジー　健康,テクノロジー　健康,セゾンテクノロジーの健康経営は経営のためではない 社員の豊かな人生を願う社長のライフワーク (1/3) - HRzine,https://news.google.com/rss/articles/CBMiTkFVX3lxTFB2MEY2MXJKVjV2U0V1Y3hQdEdHZjlJd29DUHhsbm9qY1VpTHdSLW9JLUlOX1JuOHJQX21aV3FuVVJ3NEZxWTlfcW9Na2JfZw?oc=5,"Wed, 30 Jul 2025 07:00:00 GMT",2026-09-01T10:17:17+09:00
GoogleNews:テクノロジー　健康,テクノロジー　健康,最新の美容・健康テクノロジーが集まる展示会「WELLNESS ＆ BEAUTY TECH 2025」を初開催！ - PR TIMES,https://news.google.com/rss/articles/CBMiakFVX3lxTE1vZlE3Q01pSGN0SGZTT3Myc2hlMFZvVmRuTjMyS3A3dGdBV1Q2cGNtSEFhNnNPVWI0elBNTnN1RzJxRnNrOG1YSjFjN3BlS3ltelljSVNhVEtQN3VwNWZtampTTXRvXzdhd1E?oc=5,"Tue, 15 Apr 2025 07:00:00 GMT",2026-09-01T10:17:17+09:00
GoogleNews:テクノロジー　健康,テクノロジー　健康,テクノロジーは「健康」を変えるか？進む静かなるイノベーション - MITテクノロジーレビュー,https://news.google.com/rss/articles/CBMirwFBVV95cUxOd1ZtbU96UmFMYy1oWXV3TlVvTkpKSWRxRTVhVE1PZjdmQXdNWUV6QVZUa1dod3RxRmFQdjNtdUFFRWRCNDAtaEdjV2RQY2RHWjNNMzd6RFptY1pwd213VC0xbm5tTEhZSm1xTDZVVXRjckVtWGZuZ2dBdXZMRmhRQlhhdE05NDlqak1fb0FvTmE4dXo3SGZ3LUEtRFJNVy1Wemc5djBPVEpkaHBRSTJN?oc=5,"Fri, 24 Aug 2018 07:00:00 GMT",2026-09-01T10:17:17+09:00
GoogleNews:テクノロジー　健康,テクノロジー　健康,健康・医療の問題をテクノロジーで解決する—イノベーション・マネジメント実践演習－ - seijo.ac.jp,https://news.google.com/rss/articles/CBMickFVX3lxTFA4aVNoQmlPaklLbU0wWXFwWVE1QUxKZjlZemlNWXpmWC0wWDhNT2tGR0d3bnNOLTZZbjZObzgzRzNBeGJwZXZuTW5NV3JybVJYRTZnWWk5cmFqUHRfZFpRUVk3TW0ycjUtXzNkU1NhR0lwdw?oc=5,"Wed, 04 Jun 2025 07:00:00 GMT",2026-09-01T10:17:17+09:00
GoogleNews:テクノロジー　健康,テクノロジー　健康,【プレスリリース】政策提言：超高齢社会におけるイノベーション ～テクノロジー・健康・介護・都市計画へのインパクト～（2019年4月15日） - hgpi.org,https://news.google.com/rss/articles/CBMiTkFVX3lxTE84LWYxTDltSVN2M1NJRl9uTEVjNjVKU1pQU3hVNUV0NnlQdk5kQXZkZV9CMmFXek55Mk9lTEU4TWtqaUgwNzByTnRUdG43QQ?oc=5,"Tue, 16 Apr 2019 07:00:00 GMT",2026-09-01T10:17:17+09:00
GoogleNews:テクノロジー　健康,テクノロジー　健康,健康長寿のためのARDD：科学、テクノロジー、投資が再定義する未来 - EurekAlert!,https://news.google.com/rss/articles/CBMidEFVX3lxTE5PdEtabFVoY3A2Q1M4SkQyX2pOZFNaWWIzM1dOREJRR2stU2FrUXdvVTdhUXo5dF9FZ0NsUFdTVXo2QmJkRnpSRWhVZnlzZVRCMEQydzF6WVVSQXFBOFVRWmJDem9HbUVkOWlCX1NBSllVLUpV?oc=5,"Thu, 21 Aug 2025 07:00:00 GMT",2026-09-01T10:17:17+09:00
GoogleNews:テクノロジー　健康,テクノロジー　健康,テクノロジーによるヘルスケアオートメーション（健康の自動化）を目指すドリコス社と資本業務提携 - 株式会社エアトリ,https://news.google.com/rss/articles/CBMiTEFVX3lxTFBMeFEzT1ZIM0hZb1J6NDhSMVJqMFFyZWVOSjcxcGdCaGZUTjBudlBBT0RycFhoOEpWWGZwYzVvVExNUFQ2VGFJVFZodWM?oc=5,"Tue, 25 Jul 2023 07:00:00 GMT",2026-09-01T10:17:17+09:00
GoogleNews:テクノロジー　健康,テクノロジー　健康,高齢者の健康維持や孤立防止に役立つテクノロジー製品 - ZDNET Japan,https://news.google.com/rss/articles/CBMiU0FVX3lxTE9zSG1IVUhycmNqSnh0RWZCYWlOblJxVURZMm81N1paY19SWjNfcFBxaGgzYXFTclpRak1DTmZIWHlnclMzUThnMFpfME5NVXViNGJ3?oc=5,"Fri, 20 Jan 2023 08:00:00 GMT",2026-09-01T10:17:17+09:00
GoogleNews:テクノロジー　健康,テクノロジー　健康,ブリヂストン 女性特有の健康課題をテクノロジーの活用で解決する フェムテックプログラムを導入 - 株式会社ブリヂストン,https://news.google.com/rss/articles/CBMibEFVX3lxTFBLcENCeWdJdzdHczVDc2RwanBWR0lMQ2FJaG8taF9GX3JucjczRVRYc0FtdlQzejhHanRiQXJKSWp3ODdkQ0NOdnZrc2lISkhicnFzZDJTeVZvS1F4ckVDUmlqcW5ETHZPQm05ag?oc=5,"Thu, 27 Apr 2023 07:00:00 GMT",2026-09-01T10:17:17+09:00
GoogleNews:テクノロジー　健康,テクノロジー　健康,『仕事と人生を変える 勝間家電』書評｜テクノロジーで「時間」と「健康」を取り戻す実践的ライフハック - Smart Watch Life,https://news.google.com/rss/articles/CBMiTEFVX3lxTE8zTV9ZaFRMdnA3c1RIS1ZkbElZZzFuTDQyQ3F2bGFGNHN5bkcyQ042VjduZFhJcThHb0tvVFVXdGxtakJWVnBvb1R4WUk?oc=5,"Wed, 22 Oct 2025 07:00:00 GMT",2026-09-01T10:17:17+09:00
GoogleNews:テクノロジー　健康,テクノロジー　健康,日高地方の浦河町で健康教室を実施！ ～地域の元気と交流を促進～ 北海道ハイテクノロジー専門学校 - 滋慶学園グループ,https://news.google.com/rss/articles/CBMiT0FVX3lxTE8xeG0xbFF1OHBlY0xZQmNhWlNpWDFaLWtUb2poS0NuOTdVdmNFVXlxdFg5d3RFeTFWY203Ti1CNWpSR0R5NFdfT0lnV3VBdnM?oc=5,"Tue, 15 Jul 2025 07:00:00 GMT",2026-09-01T10:17:17+09:00
GoogleNews:テクノロジー　健康,テクノロジー　健康,体力テストのデータ活用で子どもたちの健康と体力増進を目指す。宮崎市教育委員会ら三者で連携協定締結 - ソフトバンク,https://news.google.com/rss/articles/CBMiXEFVX3lxTFBRNGZBNnJvdWh5YlZnRmkwR3hES29LRjFJdFJ2QTNkV0JkSGZNUHBHN1VTSlBYMHpwYk5ZUXhCVkxNS1NkZ19ZMWVHYXVPbWJxVk5uRFE5bUNFN3FJ?oc=5,"Mon, 02 Jun 2025 07:00:00 GMT",2026-09-01T10:17:17+09:00
GoogleNews:テクノロジー　健康,テクノロジー　健康,ライフログテクノロジーとハウス食品グループ本社が資本業務提携を締結 | ライフログテクノロジー株式会社のプレスリリース - PR TIMES,https://news.google.com/rss/articles/CBMiakFVX3lxTFBoMXJ6VmUzU3NIMXhDdjIyUzRhdXd4Mkh5SVVFaFBxcTJQV1pIYlRiVGlESGlYcldxbmpyQXdSRGY5U3JwNVlTNzZiWEdoVnZRMk5OdDdkbHU3MlYwRTFxRjU4dUtUS1p4RUE?oc=5,"Wed, 29 Mar 2023 07:00:00 GMT",2026-09-01T10:17:17+09:00
GoogleNews:テクノロジー　健康,テクノロジー　健康,先端テクノロジーを活用し新宿・初台エリアのライフパフォーマンスを向上させる「Wellness Lounge ™ 」をグランドオープン - PR TIMES,https://news.google.com/rss/articles/CBMiakFVX3lxTE1uWTEwc0VVcWF2UGszVktjSTlVNVUxTWh4aF9VVndMODV1QjFCbDRqakpEWEJaaDhwZkJPSUduTHVHNkFtT1hMYUdjancxS1QtbElFRjZBeHBfY2d2QnZUVlhSTHBvamJhV2c?oc=5,"Wed, 23 Apr 2025 07:00:00 GMT",2026-09-01T10:17:17+09:00
GoogleNews:テクノロジー　健康,テクノロジー　健康,女性の健康をテクノロジーで考えるフェムテックイベントに 漢方専門薬局が出展 「WEHealth2025」＠原宿 - アットプレス,https://news.google.com/rss/articles/CBMiTkFVX3lxTE9SOTN6MUZ2RkpUWkVrV0hMQ2FzbXRrQTBvRE15clFkRkdfLWZHZzl1MC1wTEQ4cUp3a2pHZ1ZQNFU0aWpVSWhJM2tEMWtTQQ?oc=5,"Wed, 26 Feb 2025 08:00:00 GMT",2026-09-01T10:17:17+09:00
GoogleNews:テクノロジー　健康,テクノロジー　健康,挑戦者2024：テクノロジーで女性の健康支援―― 杉本亜美奈さん - 毎日新聞,https://news.google.com/rss/articles/CBMif0FVX3lxTE1hQUptVml1QnZUVHkwVGwzNDBEMHI5c3pvbXl3S05kU0ppelNmVmFfVWx0TTA0eE14UDVlbTNpNk1SRGlSZVdKYmhQMTdtSWxxemhJQ3pVYk55YmhOWnp3NG4xN1U2VlNLNHNIcFdTVElITHBUOUh0T2ZCSTUwMjQ?oc=5,"Mon, 11 Mar 2024 07:00:00 GMT",2026-09-01T10:17:17+09:00
GoogleNews:テクノロジー　健康,テクノロジー　健康,小児の時間外の健康支援アプリ『キッズドクター』がテクノロジーを活用した子育て支援サービスの展示会「BabyTech（ベビーテック） TOUCH」に出展 - PR TIMES,https://news.google.com/rss/articles/CBMiakFVX3lxTFB0RkN1T0dLRGZUQmJybVJFLWJBVWVWMENYUWNDay1LYUY1QUNxTEZ5OEZQNTJhNDJkZjIwbWxfWFFHS2RUbU8yV2NIRWhUNlJRRGxDUVJkdUZVTHBEQ18yYXZaZXpncHQtY1E?oc=5,"Thu, 10 Jun 2021 07:00:00 GMT",2026-09-01T10:17:17+09:00
GoogleNews:テクノロジー　健康,テクノロジー　健康,【開催報告】グローバル専門家会合『超高齢社会におけるイノベーション ～テクノロジー・健康・介護・都市計画へのインパクト～』GCOA-HGPI共催ラウンドテーブル（2018年11月2日） - hgpi.org,https://news.google.com/rss/articles/CBMiTEFVX3lxTFA3OVpaR3NJbE5lSEtqSkdLS1Bac1RxWkNyOVZxaVRleEpIODVaMXllMm41aTA0RFVOUVEzaXRWcTQyMzc1VUVXVnd1Um0?oc=5,"Wed, 16 Jan 2019 08:00:00 GMT",2026-09-01T10:17:17+09:00
GoogleNews:テクノロジー　健康,テクノロジー　健康,【協会けんぽ】社員の健康づくりを応援！『FAシンカテクノロジー 株式会社』の取り組みを紹介 - 日刊CJ Monmo Web,https://news.google.com/rss/articles/CBMiXkFVX3lxTE5oVzlPNEV3WXZhNnVKMW1TQVJLT3M2enFnLXdoNzh6eTVfUDBlRU9hVWI2NGNKQVFmMzBaN0JqYmZaSXZmYVJUeTZ1RzJmRW5jNUo4ZXVCZUUxN01WcEE?oc=5,"Thu, 06 May 2021 07:00:00 GMT",2026-09-01T10:17:17+09:00
GoogleNews:テクノロジー　健康,テクノロジー　健康,糖尿病患者の健康行動、テクノロジー利用の自律的動機が鍵 - academia.carenet.com,https://news.google.com/rss/articles/CBMiggFBVV95cUxPc19qX1R6R0JFUDBWLXJyRWxJbktPVDJ3VF8wRGxENG1hQUVQU3dTbVl5MFAxYThQWnlNUE5uTFcxYTJXWS1sUVJiRzNpVmduSC02UWx0anJDV285blcta1g1MFVkMEhHNWEwX1VfUUx1YTViSjljMWc0NTJFY1loTUFB?oc=5,"Wed, 30 Apr 2025 07:00:00 GMT",2026-09-01T10:17:17+09:00
GoogleNews:テクノロジー　健康,テクノロジー　健康,株式会社おいしい健康 「カロミル」を運営するライフログテクノロジー株式会社との業務提携のお知らせ - PR TIMES,https://news.google.com/rss/articles/CBMiakFVX3lxTE16UkIwMWloQ05uSlE2MVFvY1BkOHExNlFELURFU0w2em56SlRXRlBmS1Q4bXc0ZWhCWGVETmlOU3hhQ3J6WkdQUTFlTE9xWk14alNSaThoNE1Pd1U5M1o0U2Y1NnVXbHVzb3c?oc=5,"Mon, 07 Nov 2022 08:00:00 GMT",2026-09-01T10:17:17+09:00
GoogleNews:テクノロジー　健康,テクノロジー　健康,女性特有の健康課題解決へ向けたテクノロジーやサービスの展示会 Femtech Japan 2024/Femcare Japan 2024 に出展 - PR TIMES,https://news.google.com/rss/articles/CBMiakFVX3lxTFBFekhIWW5FaW9pdzI3cmtkZ3RjR1FId24yVlUzek1ueXhJc2pxMUZzUUt4Y2piWmNkZmZmT0JlRnJGQ3RUMXVfdjNqTWQ3cDVtYVJxZFBYLWkwbEpTeWo1S2JNVGVOcWEydGc?oc=5,"Wed, 20 Nov 2024 08:00:00 GMT",2026-09-01T10:17:17+09:00
GoogleNews:テクノロジー　健康,テクノロジー　健康,テクノロジーが人類の健康寿命を延ばす！ iOS健康管理アプリ「ヘルストレーナー」をリリース - PR TIMES,https://news.google.com/rss/articles/CBMiakFVX3lxTE5uZ3o1OHRIekc2aEVxMFhRNFdtYVNMcUZ3aEw2Qzk1X2ZOSnFTNEZfRkJJcFFFNTlZNm1tUEZLcWtmckMxTnRCVWhlWGVuSEdKOGRfdW9mQ0dsNFl6X1MzQjhsNTY1YzVpNnc?oc=5,"Thu, 17 Oct 2024 07:00:00 GMT",2026-09-01T10:17:17+09:00
GoogleNews:テクノロジー　健康,テクノロジー　健康,「京都発 テクノロジー×医療・健康」 社会課題の解決、エコシステム構築へ - TECHBLITZ,https://news.google.com/rss/articles/CBMiakFVX3lxTE5ZMlo2cDFldXJOOWJPZXVWUlZ3RE1vS0I3ODBRZUdDS3NYcTZVMHRCOFRIbEVYUThRSklwVzZOZWpla1Rmeko1Y0dHempEcWpKN3hxY25iWEYycGVFZXNxT19pSlpSNHBYTEE?oc=5,"Wed, 20 Apr 2022 07:00:00 GMT",2026-09-01T10:17:17+09:00
GoogleNews:テクノロジー　健康,テクノロジー　健康,日常を変える「テクノロジーの力」 スマホとスマートウォッチがもたらす健康管理革命 - ニューズウィーク日本版,https://news.google.com/rss/articles/CBMiZkFVX3lxTE1IeDlrd3MwTDNLQlBjdXZWRGxvNjFNY3VKZ21BNGZWOFpCMkI1TjgydWFzdWxIUU80Qm03M2hhUHFZcjh4UU14MUFaVnEwSVd4Tlh6R0xXeGpLV0tLeGZ3RGpVNmJkZw?oc=5,"Thu, 18 Jul 2024 07:00:00 GMT",2026-09-01T10:17:17+09:00
GoogleNews:テクノロジー　健康,テクノロジー　健康,「心を健康に保つテクノロジー」は未来の成長産業／ニコール・ブラッドフォード - Business Insider Japan,https://news.google.com/rss/articles/CBMia0FVX3lxTE0zWlZ0aWc3Y3RGaUJrMVQ0d0ppYldzNUdDQjhzWlhLR1k5R0EzZVZjZV9manI2X3ZOV0dFVy1nN3Q4NFkxQnhLLVFhdHpyWW5sc1JTVFk0U3E4Mk81OWhHZW5zQ2poZ255UVE4?oc=5,"Wed, 16 Dec 2020 08:00:00 GMT",2026-09-01T10:17:17+09:00
GoogleNews:テクノロジー　健康,テクノロジー　健康,アシックス独自の健康増進プログラム「アシックスヘルスケアチェック」が、「第8回HRテクノロジー大賞」で「イノベーション賞」を受賞！ - アシックス コーポレートサイト,https://news.google.com/rss/articles/CBMiX0FVX3lxTE4tbW9Vek5rZE8tQkJWSkd2TmdBZ2FwUGt2Um5ITldqRzRKeGtLZ2ZSSkFZWEhBQ2tLY1F5VS1VZUhnSmR4dDRHRklVcTdzV2JpRW5YNkpfSS1ZblRsQXhr?oc=5,"Tue, 01 Aug 2023 07:00:00 GMT",2026-09-01T10:17:17+09:00
GoogleNews:テクノロジー　健康,テクノロジー　健康,HRテクノロジーの活用で従業員の「幸福度」「働き方」はどう変化するのか - 日本の人事部,https://news.google.com/rss/articles/CBMidkFVX3lxTE03ZHVkR1N2YVQxNXdRbHBhY3ZQR1ZMRnU2NjZOSDRGY0p1a0ZPUGc1Q3JVNE0yb1QzenRMeUR3V0lfRmFpb0FBcFA3b2NtN284YzhBZ2tNU0JzQUt6UzR6UE1rVnQ2b1Z1NTV5dUtzX3VEcHR5QVE?oc=5,"Tue, 28 Jul 2020 07:00:00 GMT",2026-09-01T10:17:17+09:00
GoogleNews:テクノロジー　健康,テクノロジー　健康,「女性の健康課題をテクノロジーの力で解決！」 - tbsradio.jp,https://news.google.com/rss/articles/CBMiUEFVX3lxTE4tNGZrMWpudmZIams0V3V5R3hYeWNObWtrNi1xVUcteE1HMmJaNnNLVTZqOGhwME1XZm9HdkhsTVNUbFVIbEhiU01kYjZ4dzFs?oc=5,"Wed, 15 Dec 2021 08:00:00 GMT",2026-09-01T10:17:17+09:00
GoogleNews:食　政府,食　政府,米価暴落「備蓄米買戻しを」京都食健連が近畿農政局に要請「米農家は不安でいっぱい」 - 京都民報Web,https://news.google.com/rss/articles/CBMib0FVX3lxTE1jWDVFa3ktemdfZ0Izb0kweWpRZ3E1SUtqc3k3QWxjTXpBaXYydXlRLUdOUVNyRHRGS2NmQ2xzYVRBQWxpTXRfNWljckVaVmwza2RzV0xfRlNuV1ZycmdBZWtNOVZHOW82SnJiSUwzWQ?oc=5,"Sat, 22 Aug 2026 09:00:12 GMT",2026-09-01T10:17:19+09:00
GoogleNews:食　政府,食　政府,移民と社会：特定技能「制限」 食の現場困惑（その2止） 上限突破、政府「分かっていた」 - 毎日新聞,https://news.google.com/rss/articles/CBMiaEFVX3lxTE1ob0tQRXFlQWZ4ZUNxbTNFYXpuWnhjZzdNRFBESDhQUVZnRnlKQko0cE9fcDdITDJSajlsM19NbnAwLUNTbUctR2s4NjdyMzYteXhJajFCWFNzdGxyV2VFOFNLVXNwRVNF?oc=5,"Tue, 18 Aug 2026 07:00:00 GMT",2026-09-01T10:17:19+09:00
GoogleNews:食　政府,食　政府,｢政府の人口統制､5Gで操られる…｣《コオロギ昆虫食》給食コロッケから始まった大炎上→倒産したグリラス元社長の告白 - 東洋経済オンライン,https://news.google.com/rss/articles/CBMiW0FVX3lxTE9rdW11c0F5amVtWkhsYVptaGUwUVVaNUtwakV1bXlzSU14YTVoN1h0NUpqU0NqRTFCX2JtcWlENy1xbnV0NHc5ck9BOUdHLWp0MVI2bkl3N0Y2Vkk?oc=5,"Tue, 04 Aug 2026 07:00:00 GMT",2026-09-01T10:17:19+09:00
GoogleNews:食　政府,食　政府,フードテック（後編） - 政府広報オンライン,https://news.google.com/rss/articles/CBMiZ0FVX3lxTE5tWE5aSFR6eGg5c3NNQldKRGxqbGlyUXFXSGRIeldCeW1VdXhvOXZKaWwtd0hUUHFsY1ZCS25BTUVWNTg4VmFnRGE5ZHlwZms1aDlyWkFfMS1QaTR1bjBPWmszc0p2dEk?oc=5,"Thu, 16 Jul 2026 07:00:00 GMT",2026-09-01T10:17:19+09:00
GoogleNews:食　政府,食　政府,25年度食育白書 栄養教諭の地場産物の食指導は目標上回る - 教育新聞,https://news.google.com/rss/articles/CBMiVkFVX3lxTFB2cHVJajEzUWt4MVMxeUtocnhiZkxQTkVIQ20zRi1GbmRlMC11WTRXZTNQNlRpNUVQOTkwNW1FX29OY05ncVpxaWxURG9JUXFLZGNrblFn?oc=5,"Fri, 19 Jun 2026 07:00:00 GMT",2026-09-01T10:17:19+09:00
GoogleNews:食　政府,食　政府,政府の成長戦略のフードテック、食料安全保障、バイオエコノミー、AI・ロボティクス・精密発酵の最前線までを一体的に読み解くイベントを開催 - PR TIMES,https://news.google.com/rss/articles/CBMiakFVX3lxTE5rWkRDbzUyNVdSLWh1b2c5d3h2LXlBckRVY2F5RGdKaFlOUUxSNmZUY2RycDNqY2EwVkVEZjN2Y2xqN2k1R05PdjI5RjFOWHp2YWNQUjBTaEd0bmE2OGc3OFdEQnJ2T0NMOWc?oc=5,"Thu, 07 May 2026 07:00:00 GMT",2026-09-01T10:17:19+09:00
GoogleNews:食　政府,食　政府,政府、フードテックに9.7兆円の官民投資を想定｜植物工場、陸上養殖、食品機械、新規食品の4分野 - Foovo,https://news.google.com/rss/articles/CBMib0FVX3lxTFBSVzNZTEFzTnh2c0hMOENERmtSelZpT0M3a3FvNjh1TmhXQjQwRVNXU1NCRC1nbmtFMXF1OGpxSFgtY1A3OThmdkVSanE1b00tVFozOG82VmdNeW5tVkNnZ2pFcXlkT01JaVlqZnFjcw?oc=5,"Sat, 27 Jun 2026 07:00:00 GMT",2026-09-01T10:17:19+09:00
GoogleNews:食　政府,食　政府,ユネスコ認定食文化遺産発信 ＡＳＥＡＮ日本政府代表部、レセプション開催 - じゃかるた新聞,https://news.google.com/rss/articles/CBMiY0FVX3lxTE02NWc4S2U3X2x3ekQ5UFZqTkdGMDUtSGlxZEt0X0FUMWJCdUVZbE9TV0RIWmxrV05NYzRLdzhKeHN6RFdidm9halFlV0NPV19hS0ZpbGw1SnBZQ1RnSXB3Zl81WQ?oc=5,"Fri, 03 Jul 2026 07:00:00 GMT",2026-09-01T10:17:19+09:00
GoogleNews:食　政府,食　政府,スペイン、今年は観光客1億人到達の見通し…中東情勢や8月の皆既日食も後押しに？ - ニューズウィーク日本版,https://news.google.com/rss/articles/CBMiZ0FVX3lxTE5WbHpKN3hOYnhNQVpHYUI5VU1uMFptMVRrRVV5OExaZFBrZDdoY0otaVl6ejlyUTdEMUZpaDJlaTR5WThIU19lb05LZDFQQUJTQXdWc3dZaDhUdHRodG85TElJcGYyTTg?oc=5,"Tue, 07 Jul 2026 07:00:00 GMT",2026-09-01T10:17:19+09:00
GoogleNews:食　政府,食　政府,政府の成長戦略17分野「フードテック」や食と農林水産業の未来を「協創」する研修型カンファレンス「ONE SUMMIT 2026 in 新潟」を開催 - 新潟日報,https://news.google.com/rss/articles/CBMiXkFVX3lxTE5VckZZT3E4Wi1vcHp0NDFSQXJBQjlFbm1uNHRZbklPUGVyOGsyOEI4dWEyeGNhTHBrQzlQQmM2VTFZMUVYLWsyODVMaVFzd2dRTzNIa01kNDB5bnNrNEE?oc=5,"Mon, 06 Apr 2026 07:00:00 GMT",2026-09-01T10:17:19+09:00
GoogleNews:食　政府,食　政府,物価高で生活苦しい学生たちを応援…「フードバンク霧島」が政府備蓄米50トン、1人10キロずつ無償配布 - 南日本新聞,https://news.google.com/rss/articles/CBMiV0FVX3lxTFBuZ1RnU1M1X3NzdXRDamZtbWNkMlVNYVliT1FSME5tZlRKSFJBRE5CejNMT3k0REk5TkpmQk9OVmVlR2h1ak1YYUJDbTJLVkNtZDFub2dOSQ?oc=5,"Mon, 01 Jun 2026 07:00:00 GMT",2026-09-01T10:17:19+09:00
GoogleNews:食　政府,食　政府,世界22市場の旅行基礎調査を発表、インバウンド地方誘客のカギは「食・自然・体験」 ―日本政府観光局 - トラベルボイス｜観光産業ニュース,https://news.google.com/rss/articles/CBMiVEFVX3lxTE9ZaG12R1JGdzJiaTFfdzJsZmRFMUN1WkVtaFFkOVhNZ1gxRkx4OWluU0R0Q1VLRUJWUTRveW15YmFWenJXdzdmS3p6MG94Y2xZa1RoXw?oc=5,"Tue, 28 Apr 2026 07:00:00 GMT",2026-09-01T10:17:19+09:00
GoogleNews:食　政府,食　政府,過去最大規模「FOOMA JAPAN」開催へ、政府成長戦略「フードテック」の実装焦点 - MONOist,https://news.google.com/rss/articles/CBMib0FVX3lxTE85OU5Uc3U0U3R6UkM1TW1BWmNLUnZ6Q2p6Yk1lOFpLQ1cya1pweGFzTUp3QTRUMTE1ZWdPMDNjcUpoamt4QW1sQ0xva1hoLVY4X2JQd19XcUV0bmxtUzN1WjFkYkRnUTlZNENvcmNrVQ?oc=5,"Fri, 03 Apr 2026 07:00:00 GMT",2026-09-01T10:17:19+09:00
GoogleNews:食　政府,食　政府,帰国便はインドネシア政府専用機で驚きました！ - FlyTeam,https://news.google.com/rss/articles/CBMiZ0FVX3lxTE9HdEl2ODNTdnZDSHBiY2JLZ3NIZVBDMk42Y0g5Vmc0Zm5SU1ZPSWFLR3VkV3MwTTdQSkw4cm03UVBMZ01DT2pQVDcxZ0IzNFJBYmJhejZWdmRfNlJ4d2x5eE5sVTJlNTA?oc=5,"Tue, 19 May 2026 00:24:59 GMT",2026-09-01T10:17:19+09:00
GoogleNews:食　政府,食　政府,｢政府の人口統制､5Gで操られる…｣《コオロギ昆虫食》給食コロッケから始まった大炎上→倒産したグリラス元社長の告白 - 東洋経済オンライン,https://news.google.com/rss/articles/CBMiUkFVX3lxTE0ySDlyUjNIdlJiYTRIbnkwWmxfM2RNVmVRb3pSNmVOQ2dlTXh0Q0ZtS3NRRkh5V3RvOHoydUdNUl9lTU9RZ014ajIweWwxSGp2M1E?oc=5,"Tue, 04 Aug 2026 07:00:00 GMT",2026-09-01T10:17:19+09:00
GoogleNews:食　政府,食　政府,政府、17の戦略分野で先行技術を指定｜フードテック4分野では植物工場・陸上養殖を先行検討 - Foovo,https://news.google.com/rss/articles/CBMib0FVX3lxTE5HYmN5ZkpqVlpxOWtjd29xZmxnSDFINFRrT2pQemhwVzVBOXBCV0RCS1FOTmNaQTJYajZURGplSjc0TDVtUFBFSS1jNzZlYUpIQlVPMllTUnFSc1NtMF9QYmg2Y05TSGg4WXR3UThOcw?oc=5,"Mon, 06 Apr 2026 07:00:00 GMT",2026-09-01T10:17:19+09:00
GoogleNews:食　政府,食　政府,日本政府「成長戦略17分野」のフードテックで農業課題を解決するAGRIST、北米市場展開に向けて投資家や現地企業パートナーシップ構築を加速 - PR TIMES,https://news.google.com/rss/articles/CBMiakFVX3lxTE9oOGgwR29oLWFETTNWRkhOV0dTOWV1WGt4Z3AtRWpjZ1dWNWRCX1VlbEtjMWZzakpHZWJTYkpsdWQ5d28wS0dtQnhHY0VWSkRqc0laN2ppSVZpRXpON3F1S0FIZGRwT0cyREE?oc=5,"Wed, 08 Apr 2026 07:00:00 GMT",2026-09-01T10:17:19+09:00
GoogleNews:食　政府,食　政府,【お知らせ】2025年10月こども食堂へ政府備蓄米の無償交付の追加支援について - musubie.org,https://news.google.com/rss/articles/CBMiTEFVX3lxTE51eFhFZEt0LWpWOHp5UHQ0X2FBRlB1TmFGLTZSazRMU05WcVdDQ3dCTVVJZlZra1AydDdUZFJFMGFrUkJtOEdNVWcxZkI?oc=5,"Wed, 08 Oct 2025 07:00:00 GMT",2026-09-01T10:17:19+09:00
GoogleNews:食　政府,食　政府,政府、フードテックWGを設置 17の戦略分野で成長戦略の検討体制固める - Foovo,https://news.google.com/rss/articles/CBMib0FVX3lxTE1UZUI3U1RjV0w2MTY0S3F5QU03T2tqZzY3QXlFeVRaMnF5UXBNVmlZU2RROV9sdXdXU1h3MHBVY3VEcDRTdXpLWVlkMEI4ZjN5ZGdJMTgxbHhGNDBTbmFkRzdzYi1ZWFVHNlZRWjNWSQ?oc=5,"Fri, 26 Dec 2025 08:00:00 GMT",2026-09-01T10:17:19+09:00
GoogleNews:食　政府,食　政府,日本政府、フードテックを国家戦略分野に指定｜官民連携で供給力を抜本的強化 - Foovo,https://news.google.com/rss/articles/CBMibEFVX3lxTFBZTUh6VldEdzJiQmw1VVMySTlMSGIxTGVDRWR6V1BmMDdyZUhPUGtTMmVsN1FVSVduM05ZNGNuelMyaXFiYURHTjJuQ3VVbk01bThiLTBQa3FUeXFTNU5aMVZablZrV0FYYU9tcw?oc=5,"Fri, 07 Nov 2025 08:00:00 GMT",2026-09-01T10:17:19+09:00
GoogleNews:食　政府,食　政府,“食”の適正価格へ - 公明党,https://news.google.com/rss/articles/CBMiVEFVX3lxTE9nX2FIc3FzanIyS0ZXMDNIazd6Q2JOOFhrdXRMbEJLY0trUFBrem1CUFJBM2V6LVREek5xVzZwc2E1bkZNRVFXcXFSdVMwSkNhTjA3eg?oc=5,"Tue, 28 Oct 2025 07:00:00 GMT",2026-09-01T10:17:19+09:00
GoogleNews:食　政府,食　政府,米政府職員がフードバンクに長蛇の列 長引く閉鎖で給与出ず、生活困窮 - CNN.co.jp,https://news.google.com/rss/articles/CBMiUEFVX3lxTE5wVmNSQjF4ZURmUXVabmNpVXQ2QXB5TVluYjNseFBkTl94WmZOaGF3T3IwT3NMcUk3cFd5U2xoaGlpdzdta0FmX0VQVHNrclpH?oc=5,"Wed, 22 Oct 2025 07:00:00 GMT",2026-09-01T10:17:19+09:00
GoogleNews:食　政府,食　政府,オーストラリア政府観光局、「食べログ」と「クックパッド」と連携～食文化を包括的に発信 - MarkeZine（マーケジン）,https://news.google.com/rss/articles/CBMiT0FVX3lxTE52Z2FIU2YzMElldkxtc2ZOdlZvblFkb0M2bXRwc0d0ZXFoTGk3bHRzb3FYNmVZWllKbk5PX2xjamEtTlhhZERjdzF5UXAzdXc?oc=5,"Sun, 22 Feb 2026 16:52:48 GMT",2026-09-01T10:17:19+09:00
GoogleNews:食　政府,食　政府,音楽から食・文学へ拡大する韓流…韓国政府の報告書が示す新潮流 - AFPBB News,https://news.google.com/rss/articles/CBMiUkFVX3lxTE9QTnNoWkw2MTNqVlc0YUw1U2xXZEtTN19OTWwzeVB4RnlGWjNGS01fZUJoTzBDVHNoZkI3dXRvclBLS1Rza3R6N3o1bl92Nm5PcnfSAVRBVV95cUxPcXowWm1Yb2FBQlYwbkJtMGdpelpldmxvNk1pZW5yTlVYT2gyY3duQm5nSnFMUTlsVkVrZXdTU3BhVV9QaWlBV3luVFVvQ2xtbGF5Vms?oc=5,"Thu, 26 Feb 2026 23:02:20 GMT",2026-09-01T10:17:19+09:00
GoogleNews:食　政府,食　政府,「食の危機管理」を政府一丸で対応食料供給困難事態対策法案 | お知らせ | ニュース - jimin.jp,https://news.google.com/rss/articles/CBMiXkFVX3lxTE1nZFlRZ2RBMHdWVXo0SnZpT3UwVElOUHpNY3RaN1RYXzdIamthdEE5QUZNQmRZNVJOd2ltbWJyZi00LWJMVUpzcXFxY0JyWjVUYXhZWnVteHlmVDFycUE?oc=5,"Thu, 21 Mar 2024 07:00:00 GMT",2026-09-01T10:17:19+09:00
GoogleNews:食　政府,食　政府,“食”の適正価格へ 政府の「フードGメン」が始動 公明推進 2025.10.28付 - 公明新聞電子版プラス,https://news.google.com/rss/articles/CBMibkFVX3lxTE1EM0pYVkVwYThla0FFZlcyWFZZYWN1QmNSNTNnUmR0dzNLM2dpcTQwckNCQWhiTWpvVTQwbVNOWlJFbUtDNTVfdC0yVzBVTU55LUo0X05iRlFhdDRMRm9mWndOUHM1WEpjTjA3NUt3?oc=5,"Tue, 28 Oct 2025 07:00:00 GMT",2026-09-01T10:17:19+09:00
GoogleNews:食　政府,食　政府,政府「農山漁村の宝」 三本松高「食堂プロジェクト」選定 食育推進、地域連携を評価 - shikoku-np.co.jp,https://news.google.com/rss/articles/CBMiiAFBVV95cUxQTUE4MDU0NkhaZ3BJTjdEbHJQcy1yQjR3N21ldjJXV3BzNW1WT1FyYTVvVlhQTFEtb015cjQ5SlI1M0ZJcTlLLV9zN1YyN2FrMGI1NFRBdUFHbThpdE9zRGVqYjlpbXhXTzBCVFJ2TGdDMU85c2xxU190MmNtaVNpRjYzZlluNXZf?oc=5,"Tue, 13 Jan 2026 08:00:00 GMT",2026-09-01T10:17:19+09:00
GoogleNews:食　政府,食　政府,アメリカ政府が新しい栄養摂取ガイドラインを発表…タンパク質、脂肪を摂り、糖分を避ける - Business Insider Japan,https://news.google.com/rss/articles/CBMiiAFBVV95cUxQcC16Sm1oemxSeTVNb2d4R21hanhNcDhaMUhwdzBVa21Zd0FEWktwZnRCNFZaRmlxOGdMRHBfdHRfRi14RWRRbDh4MjVJczZfWFEzcXptTDJsU2dZYk92SDFaRGs2WXI1WGtsNVEtQXVVU1ptYkRaMnE1ZldsdzVRM2VVRkpQWG0t?oc=5,"Sat, 17 Jan 2026 08:00:00 GMT",2026-09-01T10:17:19+09:00
GoogleNews:食　政府,食　政府,音楽から食・文学へ拡大する韓流…韓国政府の報告書が示す新潮流（KOREA WAVE） - Yahoo!ニュース,https://news.google.com/rss/articles/CBMif0FVX3lxTE1SYkZsVklKNHc5eFIweno5TDludmlJbmxaMjdablcyZ19zSGpNNjVPVFFtNnpEX1hIUGpyck8wQ2hTZEhxbG9LdzZGR0hfbG5IclpXUXpzdVhDcjJkb2RyemxYMjB5cmN5NE1rNmlmRjQxcVhxdWhRS2lFMmc1ZjA?oc=5,"Fri, 27 Feb 2026 08:00:00 GMT",2026-09-01T10:17:19+09:00
GoogleNews:食　政府,食　政府,「新スタミナ食」ヤギ肉…韓国政府、韓豚・韓牛のように育てる - 中央日報,https://news.google.com/rss/articles/CBMid0FVX3lxTE5oX1Rxa1lValU1Ykp2MXB2bWhEbUlzcjFxUUFmNmxlQmdHazF1Xy1qQzF3Y191OHJ1MUduMVR4Y24wN21IclZqd3I5cXRscE51WDRneS1jSEJjVFdhcmlqMVNVSC1QRlU3aHVXUnpESkRSY3dKV0hZ?oc=5,"Wed, 25 Feb 2026 08:00:00 GMT",2026-09-01T10:17:19+09:00
GoogleNews:食　政府,食　政府,イタリア政府、培養肉を禁止する法案を支持　食文化の保護が理由 - bbc.com,https://news.google.com/rss/articles/CBMiTkFVX3lxTE8xdDJTZVp3T0J5ekdRT0J4WFlldTF0WGFsS0IwbjRJYUhIMm9VaWNFVjdMU2E0M3lTal9mY0MwMGd6QTVWcDNfLTIwa2hzQdIBU0FVX3lxTE5FU2l4SE9Pa0JjdkZLSzBBRk10TzUwZnlfYWFkUE5KSFVHalJLbW12TTBzY3pTajh4UERwV29fekFVQU5JV0NyemhHc2hUNzZEa2FZ?oc=5,"Thu, 30 Mar 2023 07:00:00 GMT",2026-09-01T10:17:19+09:00
GoogleNews:食　政府,食　政府,政府備蓄米の売渡し拡大 中食・外食・給食向けにQ&Aで詳細を提示 - ウェルネスデイリーニュース,https://news.google.com/rss/articles/CBMiVkFVX3lxTE9MREllM1hESEtyd1lTSlFYellQTXVaTU8zWXp1SVFGZTl0bmxYWm1YZFFXaVUtSU9IcEJ4Wk9iMWVxQVRORzVzcmEtMENMa2k4NUNNbzFB?oc=5,"Fri, 20 Jun 2025 07:00:00 GMT",2026-09-01T10:17:19+09:00
GoogleNews:食　政府,食　政府,【お知らせ】こども食堂へ政府備蓄米の無償交付の追加支援について - musubie.org,https://news.google.com/rss/articles/CBMiTEFVX3lxTE9CTDZFUkVpeERnd0VSZUlJeWVCT1Z5OE00cVJtQm9Zak8yQ2VXTThOT0V3QV9DaFI5M3dtMUp5cEZtV0o4Q01OSzVmXzQ?oc=5,"Thu, 10 Jul 2025 07:00:00 GMT",2026-09-01T10:17:19+09:00
GoogleNews:食　政府,食　政府,山海の恵みを届ける台東食ブランド発信！台東県政府「FOODEX JAPAN台東パビリオン出展記者会見」 - Dtimes,https://news.google.com/rss/articles/CBMiRkFVX3lxTE9LTzNZdEd4ZlBkSmViSWFrXzByOGg5bFRZT3YtWTU1NDRBXzMxT3M5bEhaVHNQMEJLRXhuaWJ6Q1k1QThqemc?oc=5,"Fri, 27 Feb 2026 08:00:00 GMT",2026-09-01T10:17:19+09:00
GoogleNews:食　政府,食　政府,「農林水産省 政府備蓄米の無償交付の制度」説明会のお知らせ - PR TIMES,https://news.google.com/rss/articles/CBMiakFVX3lxTFBmQTh5ZVBEQVIyd1d1YnZVbHlIUTZ2QUFQcUVqVl9Bc2owdVFPemtMRVRaaUNGSldHS0lDTXRiUEdGS2c0N2FndVNxRnZScElTTGVqdG9nalBJVTdXcXIyYXE3ZHVaWXBwZ0E?oc=5,"Mon, 07 Oct 2024 07:00:00 GMT",2026-09-01T10:17:19+09:00
GoogleNews:食　政府,食　政府,政府備蓄米 フードバンクに - jcp.or.jp,https://news.google.com/rss/articles/CBMidkFVX3lxTFAyQXFCQ3hPZWxTTXl6TUZmd2lJV2Zlejl2REZRQ1BVd2R5TU1MbjY1alVFSHpoMENBRkRNaGpJY296QmpFWVN2UTdPamRicTZHMlJ6cklUVG5FS0tLT1dxblVQeVRJQl9rbXRCZUFUekhGQ1RDekE?oc=5,"Tue, 07 Jan 2025 08:00:00 GMT",2026-09-01T10:17:19+09:00
GoogleNews:食　政府,食　政府,政府が経産省の食品輸出事業者を支援する「日本の食輸出1万者支援プログラム」とは？ 中小企業庁、農水省、JETROなどが連携（ネットショップ担当者フォーラム） - Yahoo!ニュース,https://news.google.com/rss/articles/CBMif0FVX3lxTFBoOG5ITWZUSHFyb0Uyc2Vha3ZoZzMxSFFsX0t4Y0gwajZUc3FrNmY2VXRxN2FILXZaMGdMZk5jX0hOSWJobWZTNGx0NUs1THFjRl8wSm1xNTAtcXdwWE9ENGlyYlZ4SFdJYURjWU8tUEVUOUV1VUFIdzgtVnU1UGs?oc=5,"Sun, 26 Apr 2026 07:00:00 GMT",2026-09-01T10:17:19+09:00
GoogleNews:食　政府,食　政府,食支援と食品ロスの削減に貢献する「ファミマフードドライブ」日本政府公式SNS「JapanGov」にて紹介 - PR TIMES,https://news.google.com/rss/articles/CBMiakFVX3lxTE9pSzlMS2xaUmpzdlB4VU1ibGpDZDM4V2dIX1pZWTFvcHc1Zmtxbjc5YVl2WTJZaVFkWEd4TkFYck94MVhqMEQ5RmZVS0NJV1RSOVZVb0VYTldIUWF5aS1HTEdFZGVKV3dibXc?oc=5,"Tue, 30 Jul 2024 07:00:00 GMT",2026-09-01T10:17:19+09:00
GoogleNews:食　政府,食　政府,シンガポール政府観光局が、食文化を通して新たな旅を提案 西武鉄道のレストラン車両「52席の至福」で味わう「予想外の体験。シンガポール」 - PR TIMES,https://news.google.com/rss/articles/CBMiakFVX3lxTE9aQ252SFZ3VWFReWQ2a2VIcEFNM1piQ20xQUVQcFoyaTNKcF9vUTJGQURDUEhyQXhNQzFIS2stTWNqaFlObGFXeENLTzdMT2NpVzY3S1VJTGcyS194NTZCUW9veUFVMjRRRHc?oc=5,"Mon, 09 Dec 2024 08:00:00 GMT",2026-09-01T10:17:19+09:00
GoogleNews:食　政府,食　政府,公明スポット 子ども食堂・宅食支援 政府備蓄米の無償交付の申請窓口 を全国に拡大／９月２日から、受け付け通年で 公明新聞2024/08/31 - 公明党,https://news.google.com/rss/articles/CBMieEFVX3lxTE5yWFNMeEVvZWZfTS1XRENlNXV4bFZaSWdnbDVKMERNb05PdVNZSzFYSXh1azY5aHRGNGZkYzRaRHE0dkVwQXpFd3ZtSE9zN1lCNmIzYlNzdUR2Q0hUODlDODlCZTRxOXZUYXU3WjlPTF9BY2pZS0JTdw?oc=5,"Sat, 31 Aug 2024 07:00:00 GMT",2026-09-01T10:17:19+09:00
GoogleNews:食　政府,食　政府,マカオ政府観光局「2025 マカオ国際美食都市カーニバル」を開催～21 カ国・34 のユネスコ食文化創造都市が集結する美食の祭典～ - PR TIMES,https://news.google.com/rss/articles/CBMiakFVX3lxTE9FRU5wb3ZDN3lWTm1WbDNERkVHcW12Y3N3Mi1tQ09JMjdONE1QNW5uQ3EwN1gxc3o1bjZmOFFvNTgwWk1GZjNBd0xzWnlEMGRpV2tSYTlqWGdGOXZfN2g0c3lvSTJjaWsyRmc?oc=5,"Tue, 08 Jul 2025 07:00:00 GMT",2026-09-01T10:17:19+09:00
GoogleNews:食　政府,食　政府,子ども食堂・宅食支援 政府備蓄米の無償交付の申請窓口 を全国に拡大／９月２日から、受け付け通年で - 公明党,https://news.google.com/rss/articles/CBMi8wJBVV95cUxNTkV6VE9wcG9rS1dpU1R1QW5zM2ZzSHVCOVdXVlhfN2lkZzhsYUlMS1lpbnNTOUUtbmxRQ2RHend6ekg1Y3pJU09GUmhiWkI2S3ZIYlo4eEZFSlNqV3d1dGp2a1E0YV9ZbFhRMTJrVTVHclN4WEpQV3h5c3ctYmVfa3hDUmJIU0N1bDBYQmlSZnk5RUJtMW9VMm9ta2JoZDdSWFQ2cTNqQ1NVX3VnUnpIZjdvSi1GaWc0VWJZZ2o3bTRBS1IyQUtKVE80RThMOHphTTBSR0lOQndPWm9BS3RKLWYwem16UUtrOGE0Z1gxcU1FN3VUNDhlUUJOc1ZLSWVKTFBzNDhGOGZjS2ctQkNyQ3o3VWQ5SXAzdk9fZ3Z3dkRJZUpEVXoxSXFreFpxNG5sdy1IclpCUDRMVHpNVk1UNWppUmlxVGdBNGxWVlJLdWtiZTctT1JVcHVUanVGeGRWRlNaM0hwZFczQTRxcWw0UzRLYw?oc=5,"Sat, 31 Aug 2024 07:00:00 GMT",2026-09-01T10:17:19+09:00
GoogleNews:食　政府,食　政府,全国の子育て家庭約1.2万世帯に届ける「夏休み給食便 ～政府備蓄米でこどもたちを支える～」実施決定 - PR TIMES,https://news.google.com/rss/articles/CBMiakFVX3lxTFBLVEJOdm1GWnhqQVE2eFRVQ1UxcUVEbTdVWTVsWmFIRVVtZTFSLWp6c1BYQ2lFNElEeXBhakdBcFJpek1TRTJIdDZZQzdjeGw2dlBQanFTZ3U1d1VFbFZiZnctZ09tUWt6YVE?oc=5,"Wed, 02 Jul 2025 07:00:00 GMT",2026-09-01T10:17:19+09:00
GoogleNews:食　政府,食　政府,チェコ政府観光局がチェコの「食」に特化した パンフレットを制作 知られざる美食の国チェコで2023年に開催される 食のイベントを紹介 - アットプレス,https://news.google.com/rss/articles/CBMiTkFVX3lxTE1ja2lvSWh4TUJNX0dQcXRNQ0ZJNmJIX0tEWEpnV2dlZDVQWGhTenRkUVNVQlRXVVBkeklSNTY2X2NnNS1qV3N2NXlNV2VnUQ?oc=5,"Tue, 28 Feb 2023 08:00:00 GMT",2026-09-01T10:17:19+09:00
GoogleNews:食　政府,食　政府,飲食業界が団結、「政府に声届けたい」。日本飲食団体連合（食団連）が本格始動 - 飲食店ドットコム,https://news.google.com/rss/articles/CBMiXEFVX3lxTE1FMlZRZEpVS3dUWmFGZkZsZW1XeXd0SFVqSzNnSENQcEZRZDdkQTNyS3JiQVFYcjZxUmlRbEFTTUkxc2VyR3VJWXZIRzJzdUs3M0dSbHI1RXI0UDds?oc=5,"Mon, 24 Jan 2022 08:00:00 GMT",2026-09-01T10:17:19+09:00
GoogleNews:食　政府,食　政府,英政府、ジャンクフードのネット広告と日中テレビCMを禁止 2025年から - forbesjapan.com,https://news.google.com/rss/articles/CBMiWEFVX3lxTFBJamtuWmVqMGVMdDlvUHY1dnZsU3BYTnVjSEFUN3FjNGR0SVAwMVBSZEdhdnYxWDcyYlhVSzVkTVMySzdJLTlTbEZlRnNQMlI0Q3lBenJMMEc?oc=5,"Mon, 16 Sep 2024 07:00:00 GMT",2026-09-01T10:17:19+09:00
GoogleNews:食　政府,食　政府,【実食】ようやく買えた10キロ4000円の「政府備蓄米」。私は「まぁ食べられる」と思ったけど、家族からは不評…“おいしく消費”する方法はありますか？ - Infoseek,https://news.google.com/rss/articles/CBMiakFVX3lxTFBrNzJPZEZvUFVTMndXZWhmMmpZeTNvUUlZeTRCMERtc3FySTdhZDJGRlh5Y0JJREwybWxwUEw2cWhGdUNKYnIteEFISUlsQi1PNndKMjJoNnBoQ0tHeWtIY182cUNMMGlYTkE?oc=5,"Sat, 13 Sep 2025 07:00:00 GMT",2026-09-01T10:17:19+09:00
GoogleNews:食　政府,食　政府,仏政府が後援｢食のランキング｣のスゴい仕組み アルゴリズムに基づき1000軒をランキング化 - 東洋経済オンライン,https://news.google.com/rss/articles/CBMiX0FVX3lxTE1IR0gxWTcwbzdYZDZOTUlielVEMGRHZV8tbm5adE5YcHBKWkN2LVprdUxZWnNrMGdNRy1MZkE4emlQN1g5SlZjZVNSUUxybHJkVlphNlBVT1lmOVQ4Qy04?oc=5,"Wed, 28 Dec 2022 08:00:00 GMT",2026-09-01T10:17:19+09:00
GoogleNews:食　政府,食　政府,米国政府が食生活指針を改定、2歳以上の糖類摂取量の上限を据え置き - 独立行政法人 農畜産業振興機構,https://news.google.com/rss/articles/CBMiXkFVX3lxTFBiaExFb1hJS0Nkb21ad3ZUUm1hQlU5dWVyNVdSSEVlSWlPYWRpeFZEcGVJdUdBeDZvTl9NOVppWVlXdFJWTGhScHZOTThEdnpRSkU5ZVhlUjVhNkdQUXc?oc=5,"Fri, 15 Jan 2021 08:00:00 GMT",2026-09-01T10:17:19+09:00
GoogleNews:食　政府,食　政府,シンガポール政府観光局、現地在住日本人と「食」でライブ動画配信、人気料理を食べ比べ - トラベルボイス｜観光産業ニュース,https://news.google.com/rss/articles/CBMiVEFVX3lxTE1zZ1ZNRFl6WUJZMlNiNE9KR1dQOU5PSHc5Y21td0F3UVZ0cWs2VGM4WXhoMVRQc0RQNzdxTjNxQ0haRE9mU2ZRRWdsbDhTenNnTEEwUA?oc=5,"Mon, 13 Jul 2020 07:00:00 GMT",2026-09-01T10:17:19+09:00
GoogleNews:食　政府,食　政府,【朗報】こども宅食に提供される政府備蓄米が最大４倍に！最大年1.2トンを子ども達に配れるように！【政策実現】 - komazaki.net,https://news.google.com/rss/articles/CBMiYkFVX3lxTE43NVo3NW83d3hCcWhyckRGOW1RRzhFQlcyWXZpWGVOYzNPWC04b056MEJhR09nLTltNDljcW5pVGJuNk1xNkVla3ljUnNOZHlrR29QNzBSMExNMVRwQzhtV1h3?oc=5,"Sat, 12 Jun 2021 07:00:00 GMT",2026-09-01T10:17:19+09:00
GoogleNews:食　政府,食　政府,「食のサプライチェーン」関連銘柄は、政府の「骨太の方針」にも関わる“国策テーマ株”！ 新型コロナの影響が残る中、食料の安定供給を支える5銘柄を紹介！ - ダイヤモンド・オンライン,https://news.google.com/rss/articles/CBMiUkFVX3lxTE0zWDJxRFFDS2FJX3p6bHlUc2tsaDhJcXlEZjRHbnpjbG5xNVBVQWdmbU1QQVBNdDFjRG9VZk5wdzVDRUNNOVFxME5kS2ZmT3NnaVE?oc=5,"Wed, 22 Jul 2020 07:00:00 GMT",2026-09-01T10:17:19+09:00
GoogleNews:食　政府,食　政府,シンガポール政府観光局、エアトリ、成城石井、MrFuji from Japanとのコラボレーションによる「食」をテーマとした2023年夏のキャンペーン施策を8月より実施 - PR TIMES,https://news.google.com/rss/articles/CBMiakFVX3lxTE5teVpkM21wTlhhbW1WMTRQbDE3OEZXV3JIQTE4VTZ1VE1XVnBGYU9MY2lja0YzTXdzMFNRQzVjSW5vWkxJRDV3WGNZM0NBS1M5eUxoNllEc2YyNE5pelBTZlRrS0g1XzJaMGc?oc=5,"Tue, 01 Aug 2023 07:00:00 GMT",2026-09-01T10:17:19+09:00
GoogleNews:食　政府,食　政府,政府備蓄米を「子ども食堂」や「こども宅食」に活用 県内は２団体が提供受ける - 信濃毎日新聞デジタル,https://news.google.com/rss/articles/CBMiZ0FVX3lxTE5sc0x5MHlMelNhTkh2SG91THRwMlE2ZUx3bXVOQUFUZmltTmxKYzUzY3NyWjE0VnY3WVpjZGJxTHJUdVVhTjZoR0xaS3hKckdpeWZwdjhpUlFBaUVndmxZTXEycXlTTU0?oc=5,"Sat, 27 Mar 2021 07:00:00 GMT",2026-09-01T10:17:19+09:00
GoogleNews:食　政府,食　政府,【全国の自治体に朗報！】こども宅食予算事業継続と政府備蓄米提供が決定 - komazaki.net,https://news.google.com/rss/articles/CBMiYkFVX3lxTFBNcHRWVHNYUGJXUG1iY3lsZmpNUjJYUEpEdlZlS21kU2VrU0VnVTByZlRqZm5GZ2dIQVRySUNxNng2NkNnNXBhdEVkOGEzNmpJbFJPUERteVBOQkxpWkRtaDBB?oc=5,"Mon, 01 Feb 2021 08:00:00 GMT",2026-09-01T10:17:19+09:00
GoogleNews:食　政府,食　政府,「食のサプライチェーン」関連銘柄は、政府の「骨太 の方針」にも関わる“国策テーマ株”！ 新型コロナの影 響が残る中、食料の安定供給を支える5銘柄を紹介！ - 「お宝銘柄」発掘術！ (Diamond Online) - newspicks.com,https://news.google.com/rss/articles/CBMiS0FVX3lxTE53VklNX3ZfM1BabVVyaW9MR2RzVXlmcDdtam1odldadVNVZDhjTURZV2Q2OFZ4ak5zUG52LWVUQTd1aThqZ0twcUVHYw?oc=5,"Wed, 22 Jul 2020 07:00:00 GMT",2026-09-01T10:17:19+09:00
GoogleNews:食　政府,食　政府,【成城石井・実食レポ】タイ国政府観光庁協力「タイフードフェア」の本格惣菜＆デザートでタイ旅行気分を！！ - るるぶWeb,https://news.google.com/rss/articles/CBMiUEFVX3lxTE5nc0FqR0c2MkJMRUloRDRBbm5NbUdYdFBGMTI2Rnp5UWJIOXpScmoxU1FZc0tGdTI3dlNSejFObzdYWm5CRFZoOUo3LXdDYUVf?oc=5,"Wed, 15 May 2024 07:00:00 GMT",2026-09-01T10:17:19+09:00
GoogleNews:食　政府,食　政府,河野太郎氏 政府専用機内、機内食まで公開「へ！」「これはすごい」「結果残して」の声 天皇、皇后両陛下に随行しモンゴル訪問 - デイリースポーツ,https://news.google.com/rss/articles/CBMiakFVX3lxTE1kUTNCMVRmTzh0Ujl0d0w2M0lUQ0pwa2lrSUJTWWtXM1Z1R0oyTTFtbE5KZGE5MUtuZzFsYlZzczhNcUhzU2JJbWluV3lOU3htQ2JDQ0lBWkFIZlJGUzM3Q3U4R25OT1lRbVE?oc=5,"Mon, 07 Jul 2025 07:00:00 GMT",2026-09-01T10:17:19+09:00
GoogleNews:食　政府,食　政府,「こども宅食」が政府の第二次補正予算に入りました！ - komazaki.net,https://news.google.com/rss/articles/CBMiYkFVX3lxTE1ZT1UwTmR4QXpXM2FXOXVLNThkVF9vR19XOW91QjI5b1dxVW5yS3ZaVURySW05RWNkZV9meTdNNEU5VFdrNVpsNzY0Z2Vsc3FwZVlVTlMwTzdvQ2lMdHBRaGdR?oc=5,"Fri, 29 May 2020 07:00:00 GMT",2026-09-01T10:17:19+09:00
GoogleNews:食　政府,食　政府,英政府、ファストフード業界にカロリー削減要求 肥満対策で - CNN.co.jp,https://news.google.com/rss/articles/CBMiV0FVX3lxTE9VUW5iS3MtMUdUY1RFanZWMWlWT2N1bFJmWk1ObllJSU01NWdxN2RiZHgzVzJWOW93RVd0bF9JcmVHMUhORmhkZG5PbFc0UHlLZERjaC02VQ?oc=5,"Tue, 22 Aug 2017 07:00:00 GMT",2026-09-01T10:17:19+09:00
