source,query,title,link,published,collected_jst
GoogleNews:コンビニ 新商品,コンビニ 新商品,【コンビニ新商品】9月1日発売の気になる商品を実食！スイーツライターのおすすめは…？（なかべぇ） - エキスパート - Yahoo!ニュース,https://news.google.com/rss/articles/CBMiiAFBVV95cUxQY1hqSEZzSGFJY2JLaUZwRjdPY2lXazBhYXpzZGp2MFZUT2otbzZvMGNGRUpDa0VWLWFTZ2tPS3Y2c2o2U3V3UWVHTEh1Z19ITFItRlhOU3ZfTjB5bUM1c3J6STNmSDJDeTBFSDV5U0s2RHpQeHV3OXRaLTkyYUdHaUhTcVlSS2tq?oc=5,"Tue, 01 Sep 2026 05:54:07 GMT",2026-09-03T09:12:47+09:00
GoogleNews:コンビニ 新商品,コンビニ 新商品,【これはハマります！食べ出すと止まらなくなる美味しさ！】ファミマの新商品に歓喜！（キャプテン福田） - エキスパート - Yahoo!ニュース,https://news.google.com/rss/articles/CBMiiAFBVV95cUxQRFJ2a2pXYnhQVHdZM0xzeFk5VXB3UWpSWmJvS3N6cERFZU9DdlJkdzJ4NTBiVjdkbHlmTjZHZTNFMGZuWjEwTVV5Nm5xT2JnY2pGcjI2c0N4TUxWdjk2dTVzUHhnUk9INEtXbzlmeFN0SHlINkFrTko0T3IzWkhBLXZMTkxBME1O?oc=5,"Wed, 02 Sep 2026 20:55:13 GMT",2026-09-03T09:12:47+09:00
GoogleNews:コンビニ 新商品,コンビニ 新商品,【2026年9月第1週】コンビニ惣菜の新商品！ねぎ塩チキンサラダやサラダチキンなど注目アイテムまとめ - mognavi.jp,https://news.google.com/rss/articles/CBMiYkFVX3lxTE54TDJmb3R6MHA4LTU4eXEtODZmazVkUElKd2dDekV5ajhaOFRDM2NuTGM5a1Y5ckJxR1AtcHVWOUJtSUFzMHk3aXpOZ3E2OEh5czZ2djNZMU0tSDUtdC00ZUt3?oc=5,"Wed, 02 Sep 2026 04:13:16 GMT",2026-09-03T09:12:47+09:00
GoogleNews:コンビニ 新商品,コンビニ 新商品,2026年8月コンビニ新作グルメが豪華すぎ！セブン「レモンもこ」・ファミマ東京ばな奈 - いこーよニュース,https://news.google.com/rss/articles/CBMiUkFVX3lxTE1INXBUYmJDdHkxb1VfZmRCRnVzYVpiRnRlY3k4WVhZWnQtNDZoU3FDNXpoS21NcklfeDlCSzBkb2NOejMtY1lxQ3pldHdNOTZVbWc?oc=5,"Tue, 18 Aug 2026 07:00:00 GMT",2026-09-03T09:12:47+09:00
GoogleNews:コンビニ 新商品,コンビニ 新商品,「新商品発売〜コンビニレストラン」ジェジュン、東京の大豪邸に住んでいるのに...自動販売機のお釣りをチェック - 매일경제,https://news.google.com/rss/articles/CBMiY0FVX3lxTE4tVUtrSHlnd1M1N2FvVjVnazlXSlE4cWd6VlhyeklUejBseldfLVZXR25FeXRUVlp3LVlLaXJueUdod3RpazZvbURBaXVMRzRZMWJPYkdlM3QyNURVNHJRMFpYYw?oc=5,"Wed, 02 Sep 2026 08:40:31 GMT",2026-09-03T09:12:47+09:00
GoogleNews:コンビニ 新商品,コンビニ 新商品,【2026年9月第1週】コンビニホットスナックの新商品！ファミマ黒豚まんやセブンからあげなどまとめ - mognavi.jp,https://news.google.com/rss/articles/CBMiYkFVX3lxTE5MeWNzNmhGYTVuQ1EzSFF4X2twM1pHNmpOdnZYdm5IenNRWXJPMHpLQVFrOUNYeW4tRGtiVjJ6V2h6dnNoS1RTM2lwMzVzODZXbC1MNGJabEIyM0pvb3ZRRXFn?oc=5,"Wed, 02 Sep 2026 06:45:16 GMT",2026-09-03T09:12:47+09:00
GoogleNews:コンビニ 新商品,コンビニ 新商品,【これで321円！しかもめっちゃ美味しい！】ファミマのお得な新商品に感謝感激！（キャプテン福田） - エキスパート - Yahoo!ニュース,https://news.google.com/rss/articles/CBMiiAFBVV95cUxQWldTQ20yNW1XY2RZTUVJT0pfU3lfZmdzS1dNbThuUll5bVRaLUlGZ0s0ZFpEcTBmaGszQVhGWVc3RDFidGotbDNLd3BTWGhPU1lVV2RraFpPdFFsYWdtNW1sWDUzd2xYMXNFRzZReWdQbTQ4QWRTUEhJY25ISzBlVXdjQzZwaDZs?oc=5,"Wed, 02 Sep 2026 15:35:13 GMT",2026-09-03T09:12:47+09:00
GoogleNews:コンビニ 新商品,コンビニ 新商品,【9/3はグミの日】2026秋注目の新作グミまとめ！セブン限定ピュレグミ新作&ファミマも - いこーよニュース,https://news.google.com/rss/articles/CBMiUkFVX3lxTFBpd3pSYzVZRXFxNld2WUdiLTlkQmMzTWpBMXZNem1LeWU1eWJvOW91RU4zclRPRlJHcjRqYTZnTUVtNlFkUm16WDkxcEJadXVrckE?oc=5,"Tue, 01 Sep 2026 09:11:21 GMT",2026-09-03T09:12:47+09:00
GoogleNews:コンビニ 新商品,コンビニ 新商品,【2026年9月第1週】コンビニ麺・コンビニパスタの新商品！ナスのトマトグラタンや吉田のうどんなどまとめ - mognavi.jp,https://news.google.com/rss/articles/CBMiYkFVX3lxTE8tQU5nWERnT3FqZEhlUjFpcElyZWI2SWNsaFNkVllZejViSl9lNURsRjg2TUFPY3doS2lLcXZWYXNIVEFiQzFxTklXTWxqUC1hZGV6QkFaVkxZdjJYOU1TdzB3?oc=5,"Wed, 02 Sep 2026 02:50:11 GMT",2026-09-03T09:12:47+09:00
GoogleNews:コンビニ 新商品,コンビニ 新商品,【大当たり出ました！これは感動級！】今週のコンビニスイーツランキング３（8月30日）（キャプテン福田） - エキスパート - Yahoo!ニュース,https://news.google.com/rss/articles/CBMiiAFBVV95cUxPNkpzYU01N19aZkt2M1FwRUlXQ2xrSEtQNTBHR09RX2Y1RkdiLWpVQS1TZnNlUDJ5SmxQdWFjcTNaMEJ3ZURwTFBrQUZWZ0tTd2VaS0ctZTlpMkMtMm1yTFJkcV9WdGRKbXZQczJWMUVYYzZXcFppWFhrRnV0MFpMdjJKYnVKbmVy?oc=5,"Sun, 30 Aug 2026 12:55:15 GMT",2026-09-03T09:12:47+09:00
GoogleNews:コンビニ 新商品,コンビニ 新商品,【2026年9月第1週】コンビニサンドイッチ・コンビニパンの新商品！たんぱく質チキンやたれチキンカツサンドなどまとめ - mognavi.jp,https://news.google.com/rss/articles/CBMiYkFVX3lxTFBXUmtsdFZYT29yalA2ZzlFV0hIRVNUYmFwbUNlSk1PQmQtYm5sTUhxNVF1NlV4VTZKQ2g5SmY0WkVXMHdnS1Z1N0kwMlRHOUFOeDYzajJxRzhrVjBoNkxWcDln?oc=5,"Wed, 02 Sep 2026 02:20:11 GMT",2026-09-03T09:12:47+09:00
GoogleNews:コンビニ 新商品,コンビニ 新商品,【4個で170円！食べ出すと止まらなくなる美味しさ！】セブン‐イレブンの新商品にハマった！（キャプテン福田） - エキスパート - Yahoo!ニュース,https://news.google.com/rss/articles/CBMiiAFBVV95cUxQUTcwUjhrWkR6dmNWMk9FbnY4dVdhNFNwcnZmZFVER3RkX2EtWWNtYUVObDJsTTZYYUw3anhZRE52al9CbFFDX2FVUHVldFpHYkdTa1hhMHA1UTNMN1FGVGl1czdXQ1FVb3g4RGJ4dVVWNGI4a0Q5TE5FOUNmcFQwczNlUm16Sk5P?oc=5,"Tue, 01 Sep 2026 15:35:19 GMT",2026-09-03T09:12:47+09:00
GoogleNews:コンビニ 新商品,コンビニ 新商品,セブン-イレブンから新登場!! 昔ながらの味わい「429円のコンビニ麺」を実食レビュー（いぬきち） - エキスパート - Yahoo!ニュース,https://news.google.com/rss/articles/CBMiiAFBVV95cUxOa1lobzI3VldKNVJnTDVJdjFFem1PV0xKOHI2Vy01bG03bmUwWW1oaTZLUEh4MTdfb3o0QUpfZnRuZGU4WUR5cm92SFZWOUNmRTJ2MG1yVFVYb3BKc3h1el9DMlk3T2VUb1FMQi1kbVlEVmgycm1BQlhwbGhjeHRGc2FOVUhSQkVE?oc=5,"Wed, 02 Sep 2026 08:01:27 GMT",2026-09-03T09:12:47+09:00
GoogleNews:コンビニ 新商品,コンビニ 新商品,【これはスゴイ！マジで美味すぎる！】ファミマで話題のコラボスイーツ2選！（キャプテン福田） - エキスパート - Yahoo!ニュース,https://news.google.com/rss/articles/CBMiiAFBVV95cUxQaW9YekVoYUZnUHVEM1RwWTRhNGJnd0VUS08wMkJFTnRuUGF6ZVZITEVxOEFfcF9HUllNc2RBTU0tLXFVMjI5N2g3N0hxOXF2SlhxUmtxV1pGQjhrcnVob1QtLUx3NG4zbFhCZGpleDdURUd1M3BGN1hycHN0S0NsSFdKN3pGLVVf?oc=5,"Sat, 29 Aug 2026 07:45:18 GMT",2026-09-03T09:12:47+09:00
GoogleNews:コンビニ 新商品,コンビニ 新商品,【これはスゴイ！名作スイーツが1.45倍の爆盛りに！】ファミマの新商品に驚嘆！（キャプテン福田） - エキスパート - Yahoo!ニュース,https://news.google.com/rss/articles/CBMiiAFBVV95cUxPTmhnRzRxZkFaYTN4cEdoSmpvSjAzYzBCWXVDdHZpYWR2WlJDeGViYTQtQ1ZQeWJSOVoxVXdHQ3N5OEE0QjJLMUVNTEdmUjhwcDhGc056VDFjT2F5RHhCMFFjUkdhMkx3elNILXhMS2g3RW9RT25TYnN1eE1XeE9zNmVHVmdIS3Fq?oc=5,"Fri, 28 Aug 2026 20:55:12 GMT",2026-09-03T09:12:47+09:00
GoogleNews:コンビニ 新商品,コンビニ 新商品,セブン-イレブンから新登場!! 税込496円で美味しい「おすすめのお弁当」を実食レポ（いぬきち） - エキスパート - Yahoo!ニュース,https://news.google.com/rss/articles/CBMiiAFBVV95cUxQV2NvWWJPdHlwR1lFbFdwUTVIbExrdi1vU1pmU3VwSGRFXzF3Zm9FejZoREppakFPTTJ3ZnB0c2V2ZzQxSExQWlZya3FvbVYzOWQ4NzRLdjdIWFFqcnAzMXAtekNLM2ZYUG9fVkJOUTVRZmJMLTJRNFdUS2ZjZkVsaGJFdklCVWZ0?oc=5,"Tue, 01 Sep 2026 03:01:36 GMT",2026-09-03T09:12:47+09:00
GoogleNews:コンビニ 新商品,コンビニ 新商品,【実食】約20倍になった「パイの実」をファミリーマートで買ってみた（進撃のグルメ） - エキスパート - Yahoo!ニュース,https://news.google.com/rss/articles/CBMiiAFBVV95cUxQdERfYWVmZ00zbmU1c3NYRjhkdFNUY2FkZFFpTV9rSkF4OVozMWw4VDFFOXBfdzZ5Z0hfZl9od0RxS1NISG1EWmJQQTlYa3puOGthaGVDN1hLZmZPOUIzNXRLeHRQZkE5dVZiT25hbjVGSzNrcllyUzVrNGp5UUlNYkppX1kwcnZ0?oc=5,"Tue, 01 Sep 2026 07:33:08 GMT",2026-09-03T09:12:47+09:00
GoogleNews:コンビニ 新商品,コンビニ 新商品,【また今日も買ってしまった！マジで美味しい！】セブン‐イレブンの絶品アイス2選！（キャプテン福田） - エキスパート - Yahoo!ニュース,https://news.google.com/rss/articles/CBMiiAFBVV95cUxNV0VBdGhaT1N6aWpJaTA1UURuck1tSDZqUmllT0swbFUwcklDQzRUaG10eXhyYkc0Wmpaa2N4NEZrNGF0aUdqd3Q0SEJGclNXazQtOWpSQ3NldWJrSkh1T2NacXRVNlJIMHliU2FocXVOS21pSXozZ0pzWDNSc2RrVHlvTmZkVkNi?oc=5,"Mon, 31 Aug 2026 07:45:24 GMT",2026-09-03T09:12:47+09:00
GoogleNews:コンビニ 新商品,コンビニ 新商品,セブン-イレブンから新登場!! 『G系ラーメンの上だけ！』って一体!?「537円の新商品」を実食レポ（いぬきち） - エキスパート - Yahoo!ニュース,https://news.google.com/rss/articles/CBMiiAFBVV95cUxObU12bER3RzZkUE9kUmVGYlp3WDNxbmJCTWpYVk1nYTlISThvYmpwTUx2MGRacGx4cTJqekN3Mm9oWVc2QTF3YmFPbW1IcFI4R0NHeXZYY3Y2Yl9oMC12WVdXR0Z5ZGRobHlXc2pGUDI1R3lSY0VaMWgyaTVjSVRYN0dlSVphX3Et?oc=5,"Fri, 28 Aug 2026 18:01:21 GMT",2026-09-03T09:12:47+09:00
GoogleNews:コンビニ 新商品,コンビニ 新商品,セブン-イレブンから新登場!! 1個約13円で爆売れの予感!?「149円の新商品」を実食レビュー（いぬきち） - エキスパート - Yahoo!ニュース,https://news.google.com/rss/articles/CBMiiAFBVV95cUxQblhJWHRtamVVa2dMWWQyc2Rsbzd3VTVKZzlzS1Z0Q1AtUXVTWXBaejJDdzVRbDY5WEZvVU1WdWNub3JOSExsLUhBMkotM3ZrVVhQNkFJU1pzVzBkRnkzNHF1end2c0FXUjJwZFlBc05TRjBxb1RTY0xBTExZMlI2TmhTSDhSRWhB?oc=5,"Sun, 30 Aug 2026 22:01:07 GMT",2026-09-03T09:12:47+09:00
GoogleNews:コンビニ 新商品,コンビニ 新商品,セブン-イレブンから新登場!! たっぷり野菜でしっかり美味しい「429円の新商品」を実食レビュー（いぬきち） - エキスパート - Yahoo!ニュース,https://news.google.com/rss/articles/CBMiiAFBVV95cUxOM2FwNzlqRXgzMGZac2IwenZod1dkX2M5TTFPSHlkMVpSTThKTk14Z1BINGF6Zk10STNkdVllOFEtZ0g0SmpQOVF6WTRYYlloeTVnRm13bTYxMFZVUWtUNFFpME5nMWFzbU9ibkhlUUU3ZnFpTEdoRnR2cE5DT3owTkRNSGFHWUhW?oc=5,"Sun, 30 Aug 2026 00:01:34 GMT",2026-09-03T09:12:47+09:00
GoogleNews:コンビニ 新商品,コンビニ 新商品,セブン-イレブンから新登場!! さっぱりとした味わいでドハマり確定「話題のスイーツ」を実食レポ（いぬきち） - エキスパート - Yahoo!ニュース,https://news.google.com/rss/articles/CBMiiAFBVV95cUxNQkZvQWliT2UxOUxSTUM4VGVIQmRaOXJFa09uTUxVYmhIOUtqc3ZnTjRjVFRRQ1R1eXFLZ1dBSjJxRU9idUNYaWtKLXNPUWJnMm1TMmxaeEtDMzd4MU01OUEyM3d6ZUlBaGZoOHljaThSWHNjVndVNm1yZjVrUjdwLTdHeklNSTE4?oc=5,"Sat, 29 Aug 2026 14:01:01 GMT",2026-09-03T09:12:47+09:00
GoogleNews:コンビニ 新商品,コンビニ 新商品,ファミリーマートから新登場!! ハマってしまう美味しさ「有名ラーメン店監修の冷しまぜそば」を実食レポ（いぬきち） - エキスパート - Yahoo!ニュース,https://news.google.com/rss/articles/CBMiiAFBVV95cUxQYzhITTQyT19MaFdmRGlFN3RPdGdwYmtfX0tGemRSNnVHbUUzb3U0anNOajZlenZFdk54MDJwUWZrZlVNT05CWm9zR2daVFg0TFBNM0NxaHc3NmpvZGNIOUNTY2doMGU0bkh2dUEyLU9rOWJuTzBoUDV0UUlGVXJkcDJ4ZHdGYUY2?oc=5,"Sun, 30 Aug 2026 06:01:15 GMT",2026-09-03T09:12:47+09:00
GoogleNews:コンビニ 新商品,コンビニ 新商品,【2026年9月】今週発売! ファミマの新商品5選まとめてご紹介 - マイナビニュース,https://news.google.com/rss/articles/CBMiXEFVX3lxTFBqWHpYYzBtYlE1aWxpZktXalVQSmgxc2EzcGNZR0JrZTNjVk5iaHMzYTVzSHRzcDJLRmtjTjdPSTRhM2s2WlNseGVRcWY4NnNuUkR1ZkhTem5SUTE4?oc=5,"Mon, 31 Aug 2026 00:55:33 GMT",2026-09-03T09:12:47+09:00
GoogleNews:コンビニ 新商品,コンビニ 新商品,セブン-イレブンから新登場!! ご飯がどんどん進んでしまう「699円のお弁当」を実食レビュー（いぬきち） - エキスパート - Yahoo!ニュース,https://news.google.com/rss/articles/CBMiiAFBVV95cUxPOEtFb0xmVDJldGozcFpON0l6UTZCWjVkaWpzRWhnMnV2bElZVnNtZE10N3YyNWFDdVJlekFXUDJNcDI3WTJwaUg4VldfSnFCQ1pWemlFMXROekU3STRQV2NkVEVQanBBaGh5QnhiOVhHYnB3TWhZeU9uTWt5VHhMdk5ZR2J4WWVZ?oc=5,"Sun, 30 Aug 2026 03:01:20 GMT",2026-09-03T09:12:47+09:00
GoogleNews:コンビニ 新商品,コンビニ 新商品,モスバーガーの新商品5種類を紹介 また注文したくなるおいしさ（進撃のグルメ） - エキスパート - Yahoo!ニュース,https://news.google.com/rss/articles/CBMiiAFBVV95cUxQZmFXR3BFbUc1ZDBpb24za2IxWlRxX09xdHBKM1lGeUVxbUpSaUl5RW1PRXBKUDhLQzZkcDVTdzk2aWswZWgzN1ppWnlwOXEzSmVEQXlnb0tfNkhMTVZlOVJscVpxeEJlRVFZOERhZ1hNLXNEV1FCV0JvSDdWeWFpYmpzUXh1OE1o?oc=5,"Sat, 29 Aug 2026 09:45:13 GMT",2026-09-03T09:12:47+09:00
GoogleNews:コンビニ 新商品,コンビニ 新商品,【これはスゴイ！マジで美味しくてビックリ！】今週のコンビニパンランキング３（8月24日）（キャプテン福田） - エキスパート - Yahoo!ニュース,https://news.google.com/rss/articles/CBMiiAFBVV95cUxOclNrbm9LamNMalBrRFM0TzRzYUZKN09KVk1qUWd6clNFZkRNeHlFNkxpbzUtaURycHFGakU2aWNUM2YtUkw1aERfTU9sdzVldmpNZHN3aXdFd01PSjNyb0NYdklLM1lBQzd3MTNud3M1QXhSM0RRNUlpbHY5Q2RHU3VRN2owaktk?oc=5,"Sun, 23 Aug 2026 20:59:46 GMT",2026-09-03T09:12:47+09:00
GoogleNews:コンビニ 新商品,コンビニ 新商品,【2026年8月第5週】コンビニ麺・コンビニパスタランキング1位はトマトグラタン！新商品・久しぶりランクインも見逃せないまとめ - mognavi.jp,https://news.google.com/rss/articles/CBMiZkFVX3lxTFB4WXNnVFE2R1kwM2pCZC0waFlEeDRYQjdTU3hOd1BjQ2lsZHM2aWs4ZWxhdmswWXMyY05lcll0RHY4aEVkMkMtc0pIbU43MHI3TUg3bXpiYmtsUjBDUHdrUWNVT3RTZw?oc=5,"Mon, 31 Aug 2026 05:03:55 GMT",2026-09-03T09:12:47+09:00
GoogleNews:コンビニ 新商品,コンビニ 新商品,セブン-イレブンから新登場!! 1個約54円で爆売れの予感!?「159円の新商品」を実食レビュー（いぬきち） - エキスパート - Yahoo!ニュース,https://news.google.com/rss/articles/CBMiiAFBVV95cUxNUG56QnZhbG1oTFl1QXE4TkR3Nzd1TW9KRGtUVWw4c0xQVUpSWFh1VG5HSmdjLS16REQzbGUtWVF5X2lQYnNESHFtTmNkTzVISGxUcGZ2dUxUUzI5b0d0QnVmaFR4MWY1QmFuX2FzNzRQbDI3TURzX3hCLXpwWU9DSXBvcjl2NzNS?oc=5,"Sun, 23 Aug 2026 07:00:00 GMT",2026-09-03T09:12:47+09:00
GoogleNews:コンビニ 新商品,コンビニ 新商品,【2026年8月第5週】コンビニ寿司・コンビニ弁当ランキング1位はCAFE BOX 骨付きチキンビリヤニ！スパイス系新商品続々登場まとめ - mognavi.jp,https://news.google.com/rss/articles/CBMiZkFVX3lxTFA2NEpCc29IUFF0ZWUxX0loMmltTXZtaWtfbDRHWUwxRV9hYVFYSnVwWU1PeVUtLTZ5bUFvcG01X1Fkb2Vrcm9rXzB5WXJVZFpCNVhHNmZxNWhQMklJNG1NWkozeDdlQQ?oc=5,"Mon, 31 Aug 2026 02:03:48 GMT",2026-09-03T09:12:47+09:00
GoogleNews:コンビニ 新商品,コンビニ 新商品,【9月1日発売】ファミリーマート 新商品お菓子・アイスまとめ「つぶもっちグミ シャインマスカット」「ヨーグレットBIG」など - えん食べ [グルメニュース],https://news.google.com/rss/articles/CBMidkFVX3lxTFBNZmtDcnNPWFRMaUVLVEs1VkM4czhHck5ac2szVEpyR3hqRmVEemRGWWxHTHl2Yzk3ZkVhUk5YMmQxSGgtUUNVd2lwb2JRQnM2MlN4VXlUa3JIQTFScTBGS1phNXRHY1FvZDdfUlEyY3ltbms0QmfSAXtBVV95cUxQNlc4NE1NcHZnNWlGd3VYRGZMQkNONkFqQTdNMGFaSzVKY3VQS2lrMzd1WVEtS1FBeUc3Zy1vRmNHZjJJVDJuWHoxakEzdjdMc1dzXzVjMmp0TjJJYjJjSHZVU0JSQWdhaXdnOUFGckJCUDIzSDMya3djcWs?oc=5,"Mon, 31 Aug 2026 10:05:00 GMT",2026-09-03T09:12:47+09:00
GoogleNews:コンビニ 新商品,コンビニ 新商品,ファミリーマートから新登場!! 2個じゃ足りません!!ドハマり確定「168円の新商品」を実食レビュー（いぬきち） - エキスパート - Yahoo!ニュース,https://news.google.com/rss/articles/CBMiiAFBVV95cUxPQTB1Y1pqY2lrRmgzdUJiWlpKdmZ4N1AxM29EU3BzUldYUkNpeDREVDBDcDB2N0l2MW5aRFRBYVdvUGEyOGNWTDdpZzFwV0t5THpTWmhUcEIzSkM3bjJnTHhTZUJhSVViaTRPUE1XOEwzbTg5RUtJeHhLb3QyalVVTUZEa0tNRGYx?oc=5,"Mon, 24 Aug 2026 22:01:25 GMT",2026-09-03T09:12:47+09:00
GoogleNews:コンビニ 新商品,コンビニ 新商品,【8月25日発売】コンビニアイス新商品まとめ「7プレミアム カリッと ピスタチオチョコバー」「赤城 たべる牧場パフェカフェモカ」など - えん食べ [グルメニュース],https://news.google.com/rss/articles/CBMieEFVX3lxTE1mTFlRRGxNbDhmQVZxWkpieEtEYmNBU0RXc3o2U1lVSDlKYVBUTzVmclZ4N21oa0JWcXBKUm9hQzJkRUE4VGlZNmNKSDVKMFJjTkVQN21TaDBSU0d6c3JfWlF0ZmRzZVpYcXhFUk1hamgxSVlmLUtjR9IBfkFVX3lxTE9jQmZhRFR0ZTlYMld6RUNySUFYb3NxNzlvMEx1ZDZtZ1lPdWQ5N3hSbnJDbDYwZThHSDJBR3plQ2FDakxxOVY2Q2dERjZXVGVmRDVGcU8tQmlfZnpSSkJCSjIwc3JqSm1QNTQ1ZnN5RnRHVmxQSHRzcFppd2d2UQ?oc=5,"Tue, 25 Aug 2026 09:00:00 GMT",2026-09-03T09:12:47+09:00
GoogleNews:コンビニ 新商品,コンビニ 新商品,【8月18日発売】ファミリーマート 新商品スイーツまとめ「かじるホワイトチーズケーキ」「日曜劇場『ＶＩＶＡＮＴ』別班饅頭（こしあん）」など - えん食べ [グルメニュース],https://news.google.com/rss/articles/CBMic0FVX3lxTE90TjhrX2xRRTZlSjdnS0x3UTVfTHdFdlI1eUZoNFBpZjRKMjJyYUUwa1BPMzVmR25CUVBEZjhQS1NOZnFVeUM1U2xGTUgxZlFTc05QdXZoZEZwSE82eU00bmM5VTBiZ0RzWW5GM0hia1ctbGvSAXhBVV95cUxNWGpWN2F3eWFybTU5ZVVWYmhFZEk5SzB5R2ZlSlpCLTNic2poLUhyd0N0MGY4ZXVGSDNMd25mTjU0akkwYjNjejdUUDZwSGlxQmpwQUlwbXJFeWlBTEZwTHhRMGV6YVA4UGZReUVBYkZQU1ZRRktSNWM?oc=5,"Sat, 15 Aug 2026 07:00:00 GMT",2026-09-03T09:12:47+09:00
GoogleNews:コンビニ 新商品,コンビニ 新商品,最新カップ麺【今週の新商品】和スパイスどん兵衛！？さらに麺欲ハンターや名店監修の新展開など注目の新作まとめ！ - 本日の一杯,https://news.google.com/rss/articles/CBMiYkFVX3lxTE1Jc2VraXFCWGplWURYMHBiRzlSblI2dm54NXZvOGo1U0owVHdVN0F4LVZPUmY0QjJYNWpwOTNiWm95ZjB6eGJQNGtTRFk5UVFoM3FsUEFkUENaOEdrdnhhQ0pn?oc=5,"Tue, 01 Sep 2026 09:00:00 GMT",2026-09-03T09:12:47+09:00
GoogleNews:コンビニ 新商品,コンビニ 新商品,ファミリーマートから新登場!! 最後のひと口まで美味しい「160円の新商品」を実食レビュー（いぬきち） - エキスパート - Yahoo!ニュース,https://news.google.com/rss/articles/CBMiiAFBVV95cUxOYTdKaVB1VGZ3YVBWSHJHZERocE53alhNaldkRWsyRzY0WDdnMHFCLUZMMUpwNmhaQWZPTUVhaG1aX0pNbDY2a2Y4ZjRTZFpUTV9teTBOX1Izc3hvMTBIQ05zYXRBTkFtemZuTVpZRHRUazVHYm1ZY0R3ZEp5RjFLZFNRelZpWHhv?oc=5,"Sun, 16 Aug 2026 07:00:00 GMT",2026-09-03T09:12:47+09:00
GoogleNews:コンビニ 新商品,コンビニ 新商品,【これはスゴイ！まさかの仕様に驚嘆！】今週のコンビニスイーツランキング３（7月26日）（キャプテン福田） - エキスパート - Yahoo!ニュース,https://news.google.com/rss/articles/CBMiiAFBVV95cUxQbFRTNzFRRjBULXRGandFdjBqZmlkVFFsRHdBU3hLdktsNHRPNU9PQmVTZHlDeW9lWjVvMTRBNG9IdnE5UGZ5bktzeWpGMTZ6Y2lXaWhBN2xkSUNKcHc2dFVoQUF1bl9oSlNLd05QeEVLQXJ1RXU2WWljNDJRZTR4bDBpQktTa05f?oc=5,"Sun, 26 Jul 2026 13:00:46 GMT",2026-09-03T09:12:47+09:00
GoogleNews:コンビニ 新商品,コンビニ 新商品,セブン-イレブンから新登場!! ドハマり確定の組み合わせ「213円の新商品」を実食レビュー（いぬきち） - エキスパート - Yahoo!ニュース,https://news.google.com/rss/articles/CBMiiAFBVV95cUxQRjdLV3hkTW9DU2JmckVQVkxpbG9ncGJYSTFFc0ZnTlFRNllEeWpCY3lpTzd0VGY0ZFhfZlNxTWliSjVyZ2dZcFA3Zk1NMW1xMVNlVWJPbFV4YUxfUWpUSTdubWYwV1UxODl3V0N5R1pWLXNHZVFxMS05bzFRaGdTdVNhUFBWSHRT?oc=5,"Mon, 17 Aug 2026 07:00:00 GMT",2026-09-03T09:12:47+09:00
GoogleNews:コンビニ 新商品,コンビニ 新商品,"累計販売数2,000万食を突破！ファミマの『超も～っちりパン』シリーズに “サクサク”の常識を覆すクロワッサンなど、いつものパンとひと味違う 驚きの“超も～っちり”食感の2商品が7月14日から発売！｜ニュースリリース - family.co.jp",https://news.google.com/rss/articles/CBMid0FVX3lxTE9vNUFGVVh4dDAzc0xwS0dnMVcwMERkT2pjeFlJb1huZ2NiNFk4UkV5NVZBd0NrTlR4WW1RVFZYNmMwOHFGM2VTckhtV1dRQUt3NVJwb1F0UTlEOEptU0VBeFpDQWVGZVR3MlVpY1BWNVZVV2RYTHVN?oc=5,"Fri, 10 Jul 2026 07:00:00 GMT",2026-09-03T09:12:47+09:00
GoogleNews:コンビニ 新商品,コンビニ 新商品,肉厚な実とピリッとした辛さ！伝統野菜の「ぼたんこしょう」使ったコンビニ商品を発表…地元の高校生も協力【長野】 - 日テレNEWS NNN,https://news.google.com/rss/articles/CBMihwFBVV95cUxQR0poM3R4NjJVMllOVl9JZ2NQMkxfX0h5NW1zd2QyQks5QWZ0TUNQMGtaZjI2VjkzU1I4NDZfVG5HNnlTM01heE5hXzhBUDc5ZHROdmIyS002SU9nUkhtbHo2OWV4c243VjYtclloNzZPTXN3eFdwUXhac0YxSS1kbkV6eURobU0?oc=5,"Tue, 18 Aug 2026 07:00:00 GMT",2026-09-03T09:12:47+09:00
GoogleNews:コンビニ 新商品,コンビニ 新商品,2026年8月11日(火)発売！ローソン研究所おすすめ「今週のお酒注目商品」｜ローソン公式サイト - lawson.co.jp,https://news.google.com/rss/articles/CBMia0FVX3lxTE9WVWZIeldxamF2YUM0VmJTZHFCWkVBWUNkRF9Ha1VWN1RpTTNRUm1YbU9iUVN5UTZ5ejVIU29xRndROWxPV05VN093VDdtSDh5RVNQeDd3OVA3T2dPR0hXbk1tRmNOQml5aXlr?oc=5,"Thu, 06 Aug 2026 07:00:00 GMT",2026-09-03T09:12:47+09:00
GoogleNews:コンビニ 新商品,コンビニ 新商品,セブン-イレブンから新登場!! 食べ出すと止まらなくなる美味しさ「213円の新商品」を実食レポ（いぬきち） - エキスパート - Yahoo!ニュース,https://news.google.com/rss/articles/CBMiiAFBVV95cUxOSl9mNS1rQ2ZwdEZNVWlIa09Ca2dpbjRUSzRkMnlyNUg4YnQyeFF5dnV5ZEsxUWFXUUltUmZSVXFYM1U3OVJPY2ljY2R5UXp6MmVJbTBBOFctczk2X2lZSS1vN2NuYzY5UnBuZjZkS0NiNHlBOW5SNi13Qlo4T2ZUX3hxUWRkT0w5?oc=5,"Wed, 12 Aug 2026 07:00:00 GMT",2026-09-03T09:12:47+09:00
GoogleNews:コンビニ 新商品,コンビニ 新商品,【8月25日発売】ファミリーマート 新商品スイーツまとめ「もちむにシュー（ミルククリーム）」「北海道かぼちゃのモンブランプリン」など - えん食べ [グルメニュース],https://news.google.com/rss/articles/CBMic0FVX3lxTE00LUZ3Q1FIZ3V5Y3lPazlDYTFyVVlJaG1zVWk1Nmc4UmJjYndqZ083R3ZqXzEtUXFxdVJxdUpQZlZ6ZV9yVFBEbnctWThnTFdMUTg3NzBab3lvRUVLMmlCdTJkUjdpbWVTdi1PaHRBM01idUnSAXhBVV95cUxNem03YlRKVkQwUmd3S1dOWG5za3hQX2w4YTNUcnlxQTNia0NEaFJqaFVtdWo5QXRIZENXbUlpUzY2dG4zWWt1TTJKVUJhWC1NdllfSEpVYl9hVGtfSHdCOGd1WGxFbXJQQjI5XzJSTzdfLVBQX2QxZUI?oc=5,"Mon, 24 Aug 2026 07:00:00 GMT",2026-09-03T09:12:47+09:00
GoogleNews:コンビニ 新商品,コンビニ 新商品,今週コンビニ行ったら要チェック！新商品＆得ワザ9選｜8月17日〜22日【随時更新】 - いこーよニュース,https://news.google.com/rss/articles/CBMiW0FVX3lxTE9FRWEwQlAwaDNTSW14aXUxelFBMkZBTzhGVGdBLTJlVnRSODRmX09rVjRidUdnRmVpaV9WUmJUYm04bHRDNnpnNTE0cUd2OTlodDVBWXNMMm5IZnM?oc=5,"Mon, 17 Aug 2026 07:00:00 GMT",2026-09-03T09:12:47+09:00
GoogleNews:コンビニ 新商品,コンビニ 新商品,【2026年8月下旬】コンビニスイーツの新商品！もち食感ロールやパリパリショコラシフォンなど話題作まとめ - mognavi.jp,https://news.google.com/rss/articles/CBMiYkFVX3lxTE1sR1RkblVwYzdLYmVRbDJQc2EyOTlUbjQydmVDX0ZxNUxsME5xVklwWk50UWdfVTVXSWxsM0RtUTN2VWNGSFk5WWVUcHEwb3VJLVQzMnpIU1NpR25SOFBMejF3?oc=5,"Wed, 19 Aug 2026 07:00:00 GMT",2026-09-03T09:12:47+09:00
GoogleNews:コンビニ 新商品,コンビニ 新商品,【2026年8月下旬】コンビニ惣菜の新商品！明太子チーズ焼きや冷製レバー煮など個性派おつまみまとめ - mognavi.jp,https://news.google.com/rss/articles/CBMiYkFVX3lxTE44Z0JvSDNFX3B1VnhncDNNa1hVcUNsQl94Q19NdlB2a0gwMmhCbFNUTnl5TTBUNUNkdVdOWExkaGdHY3ozeTVhZ2ROWVBVOGhBa3BjS0tIbUJTcGtDNE1VaVR3?oc=5,"Wed, 19 Aug 2026 07:00:00 GMT",2026-09-03T09:12:47+09:00
GoogleNews:コンビニ 新商品,コンビニ 新商品,「Afternoon Tea」監修、過去最多の全28種類を同時展開！ 紅茶が華やかに香る「アフタヌーンティー」フェアを 6月16日（火）から開催 ～累計販売数4億本突破の飲料シリーズから初のお酒が新登場～｜ニュースリリース - family.co.jp,https://news.google.com/rss/articles/CBMid0FVX3lxTE51WjNIZUhHZS1MaDNDTmxmYy1LOWR4ZWZ1NWw3MWowSzhHbzc0ODBUbnRRNjlOYnZqRkdJRWlmVEszMW42dHlFeEJlZ1dUc0hWd1F1RmlpZ2Z1VE9wcExsckpZMUpxblNabTdCZGFtYUlEXzBvME0w?oc=5,"Thu, 11 Jun 2026 07:00:00 GMT",2026-09-03T09:12:47+09:00
GoogleNews:コンビニ 新商品,コンビニ 新商品,【2026年8月第5週】コンビニドーナツランキング1位はきなこドーナツ！新商品・急上昇まとめ - mognavi.jp,https://news.google.com/rss/articles/CBMiZkFVX3lxTE5kaFBDYmtISnVFLS1lckFaeXVQUUJRSHR6Q1Rvb3dBbVBHUC01ZVhONm5JU05naTRGUktEZDRPMWJkUm4wSzVFMDhSejRjTGtzSkpnVzFKa240MFA3cGdocTN3Y3ZiQQ?oc=5,"Fri, 28 Aug 2026 05:09:17 GMT",2026-09-03T09:12:47+09:00
GoogleNews:コンビニ 新商品,コンビニ 新商品,【2026年8月第2週】コンビニスイーツの新商品！つぶあんぱんやとろけるわらび餅など夏の甘いおやつまとめ - mognavi.jp,https://news.google.com/rss/articles/CBMiYkFVX3lxTE5xMkJlQ0ExcVdUVVU3b0EwcEpDUUhEZUJuWlhQX09rQWh4V0JJdUlLZklQTC1wOUREeGxSSi1GNnd4dzM4U19EbE12ZFpCMTBCMUJHVXlocl8zcG1obFFCdlF3?oc=5,"Thu, 13 Aug 2026 07:00:00 GMT",2026-09-03T09:12:47+09:00
GoogleNews:コンビニ 新商品,コンビニ 新商品,【7月21日～発売】セブン・ファミマ・ローソン新作スイーツ特集｜「ドバイチョコ風サンド」「マンゴーパフェ」など注目デザートまとめ - えん食べ [グルメニュース],https://news.google.com/rss/articles/CBMigAFBVV95cUxOZVlyMUZ4U056Q0FIaVNzODBVUF9yS3RmLXRPNEVXTVl4MjFVQVdTblVJYzR0b3NkQ3JsaUphWE5HOWVJSXROZl9GUGR3ZGRRaHIxeGNzSGJZaUR2czQxaEZVMlNneVl4UDkxTFZrSWtZcEtUcjlIRms2X2ZkT2dxddIBhgFBVV95cUxPS2JrNlktUXdFdXllZld1WjQtZ0N4VVprNU10Q2F5eURUTF9ndjZyYmR4cEg0MWs4TC15clJPUHlsUmU1enhvMFZGaFlfOW1FeDdCem8xMEhxeXhCWWVGeTRsZlFNeVpYZ0JDRkVmRGNJMXZlaDdPaVpoQXRTeUVLRk1GZGU5Zw?oc=5,"Tue, 21 Jul 2026 07:00:00 GMT",2026-09-03T09:12:47+09:00
GoogleNews:コンビニ 新商品,コンビニ 新商品,【8月18日～発売】セブン-イレブン 新商品スイーツまとめ「7プレミアム ミルクレープ・クレームブリュレ」「紅茶＆オレンジゼリー マンゴー果肉入り」など - えん食べ [グルメニュース],https://news.google.com/rss/articles/CBMidEFVX3lxTE10VHo5RDJoNms0NU43ekpjUDQ3V1hHSkVxMFY2UmszMVJ2Q2RCeVhzWkZkdDNEcS15WU9JX09OamFiQzZzQTFLMzBKaEdUdW1BNmVoZTljcXVSQldVdUFvdUdwcE5XRmVlWnNyeDZ3N0NLRzk10gF6QVVfeXFMT1lqZm1VcDJvWjE0R0dnRmd1YnJISGRNWnlhODQ3X3ZxSjFFYnplZGtMWVgxVW1hSG5ZNkFIS3V3N2JzbklWd3pFMkhBdnh0S3lWYm05cDJFcmtxT3Y5T3lycmJTMm1mWmQ1UkNnMWhXNF80SUtFcVdJcVE?oc=5,"Wed, 12 Aug 2026 07:00:00 GMT",2026-09-03T09:12:47+09:00
GoogleNews:コンビニ 新商品,コンビニ 新商品,【2026年8月第4週】コンビニスイーツの新商品！ダルゴナコーヒープリンやコーヒーわらび餅など話題作まとめ - mognavi.jp,https://news.google.com/rss/articles/CBMiYkFVX3lxTE5rZHU1YXM0MFR3YzdjS1dFTWx6U1EtV3IxVXFEcEVjYkhhb0o4SGx4WUlGNFIxQjFCUjBqOVgtTkh1czh4X0dYSVFuWnktQlV4cE9zMGZKRTFFTFVibUd6T0VR?oc=5,"Wed, 26 Aug 2026 06:15:12 GMT",2026-09-03T09:12:47+09:00
GoogleNews:コンビニ 新商品,コンビニ 新商品,【6月30日～発売】セブン・ファミマ・ローソン新作スイーツ特集｜「濃厚レアチーズケーキ」や「もっちりクリームロール（コーヒー）」など注目デザートまとめ - えん食べ [グルメニュース],https://news.google.com/rss/articles/CBMigAFBVV95cUxPZWhaM1Q4TVNrNHJoLUdwUTBwb2gzUExtVWt6amhwZDkyMUxYSWtwR1Q2Mlc5bmxVX0VPbi0xRFdfaVpqUW5lZV9fYjAxRWJuT2pOY1lNemdJYkxfa3QtLU10R05XdHpYMURRdXhVWEM5V09NdEZ0M01mTUk2MGEyUdIBhgFBVV95cUxQOHJZcGFJVDZ0cVg5eVVFbHpIOTd4RXNiRzN3aW1fZWFXc1lNVUh3cGpwODZpR0NETE9wbHhoZ2VLbzl2LVg1czdVVVNiel9wX1VSMHJFTDN2ZnBHWmxMOTZGT201VzdRcFJHTkUwSmRjVFp4eDNral9Rb2lSMHFKdEVZaVk5UQ?oc=5,"Tue, 30 Jun 2026 07:00:00 GMT",2026-09-03T09:12:47+09:00
GoogleNews:コンビニ 新商品,コンビニ 新商品,【7月14日～発売】セブン・ファミマ・ローソン新作スイーツ特集｜プレミアムロールケーキ 白桃＆黄桃・宇治抹茶クレープなど注目デザートまとめ - えん食べ [グルメニュース],https://news.google.com/rss/articles/CBMigAFBVV95cUxPdHpOU0oyMTlZMFZaZHBhMTNZUlctNnJ4VGdkSERFM0RRMnVUWmFXOFVadkxOYTJBOElQd29VWjJBQ19yd0RLbTBRRDh3S3VkaXVYdEhLdDVUT1BZNmhNRmt2cTBpb2FiYXRJTUtfNlZQVmxWTU01M1RyQTJBbEFnSNIBhgFBVV95cUxPMVdwWkJLTUFBamZzUEhNbkF2VzduQUJiMEMyLW0xYWROVUZubWxJT2ItY3NKV1JCSUUtdnVXRVBxYlZiQ2U5UTVlc05hUExPN3VoZkVqY1NzLUZmODZBQklxeW9JS2JTbDFUaUxra1JZOVBQX1dqaUYyQWw5T2tiYnJDWVExdw?oc=5,"Tue, 14 Jul 2026 07:00:00 GMT",2026-09-03T09:12:47+09:00
GoogleNews:コンビニ 新商品,コンビニ 新商品,【これはハマります！美味しくてビックリ！】ファミマの新商品に歓喜！（キャプテン福田） - エキスパート - Yahoo!ニュース,https://news.google.com/rss/articles/CBMiiAFBVV95cUxQa3FhYkFEdHJtZjRDZDI0NTRFLUhtVFlhSnpSSk9rQ0VITFNHODV4MC0wdERLMkswa3dIS3gwNnEyZTNvQWt4RG5YQ2NIVXdfXy10aWY2SXNPTDkzZlNtUEoyRTVIRlk5WWxjRXdOVVp5UFdlOFJoNDFxY3FLb3c1NTEyc1Y3LVhC?oc=5,"Wed, 05 Aug 2026 07:00:00 GMT",2026-09-03T09:12:47+09:00
GoogleNews:コンビニ 新商品,コンビニ 新商品,2026年7月28日(火)発売！ローソン研究所おすすめ「今週の注目商品」｜ローソン公式サイト - lawson.co.jp,https://news.google.com/rss/articles/CBMia0FVX3lxTFBsTHBkU2tmaVZuN1ZjRmtEN3gxZmJldzFqUjF0X01QRDRWT2ROUGtQcTF2aGQwSXpIZkRSSkRUU0luekVUeks5eVc1VDZTa0NEcjZFR3dhVWZ5eTFydGlLUGhwc0ZJWXktazdB?oc=5,"Fri, 24 Jul 2026 07:08:15 GMT",2026-09-03T09:12:47+09:00
GoogleNews:コンビニ 新商品,コンビニ 新商品,JR東日本のエキナカコンビニ「NewDays」店舗で「岩下の新生姜と野沢菜おにぎりセット」を6月16日から期間限定で発売。 - 岩下食品,https://news.google.com/rss/articles/CBMiVkFVX3lxTE0zbG0zYVpWT3VaekREMktHSktfYUQtNWhkYkttSUVRYklWTVVQWGFmc1REc2JkYnpmdl80UlJoQkE1UENOT2tweE9SVHhKLTVxLUJGZ0x3?oc=5,"Fri, 19 Jun 2026 07:00:00 GMT",2026-09-03T09:12:47+09:00
GoogleNews:コンビニ 新商品,コンビニ 新商品,【2026年8月下旬】コンビニ寿司・コンビニ弁当の新商品！味しみロースかつ丼や焼肉＆唐揚げごはんなどまとめ - mognavi.jp,https://news.google.com/rss/articles/CBMiYkFVX3lxTE82MEVscE0wc25DU0d1SlFSdlRSRXQtUjFfaUllNE1zX3JhZjBCZHdXUUhiZHN5dVpkcVVlTnlXVnE3dFdqTjdKV3Juc3V1RFRiWTBfWXlrOU9ONVZkcm5GbnFR?oc=5,"Wed, 19 Aug 2026 07:00:00 GMT",2026-09-03T09:12:47+09:00
GoogleNews:コンビニ 新商品,コンビニ 新商品,【2026年8月第1週】コンビニスイーツの新商品！もっちりホットクや塩バニラスイーツなどまとめ - mognavi.jp,https://news.google.com/rss/articles/CBMiYkFVX3lxTE9FWURxOGJQOUtscmpDM2JmUWZEN28zaWhVclVuMlA5bzg0ZzBESDB5ZTdCSDFRclZORS10WUdVWUIyQV81Y2hqUzB6NWFaa3ZydGs1LUFQTVZyMV8wNmtESER3?oc=5,"Wed, 05 Aug 2026 07:00:00 GMT",2026-09-03T09:12:47+09:00
GoogleNews:コンビニ 新商品,コンビニ 新商品,【2026年8月下旬】コンビニ麺・コンビニパスタの新商品！トマトと生ハムのバジルパスタサラダや辛子明太子焼ビーフンなどまとめ - mognavi.jp,https://news.google.com/rss/articles/CBMiYkFVX3lxTE50ejlrRDg1Y2FyWWtLc1JFM1F6cWlMVU1EV3NDeGpoTV9vNmhpbkE2TV9VejI5ckJUVTlfSXpUQnk3TWV2WWlBV3Y3akdxUkpRR3BFZjEtTk92VXhZRlplWWp3?oc=5,"Wed, 19 Aug 2026 07:00:00 GMT",2026-09-03T09:12:47+09:00
GoogleNews:食　新商品,食　新商品,アカシエ監修の新食感スイーツ「ラスクマドレーヌ」、羽田空港で販売 - AIRLINE web,https://news.google.com/rss/articles/CBMiTkFVX3lxTE1mNWVYQklpMEo4bE1kbV9XLXAwMzdzMkFxWTV4U3hVcDlOZGt5TUVmUWpxSEMtSzYwT1B4VzZLdXQ2dWJFUXVBZFE4U0QwQQ?oc=5,"Wed, 02 Sep 2026 22:20:35 GMT",2026-09-03T09:12:49+09:00
GoogleNews:食　新商品,食　新商品,長期保存食の新商品・リニューアル品を2026年10月より順次出荷 - アットプレス,https://news.google.com/rss/articles/CBMiTkFVX3lxTE1malNLNzJ6X3VIMG55NEdNRXZYT2ZlMHFxMWlZRFQ1WnRMalh0Tl8yYlhXZmdjcmx1b0FtN0VnWGtkTXhsQW1mc191djg1QQ?oc=5,"Tue, 01 Sep 2026 06:00:00 GMT",2026-09-03T09:12:49+09:00
GoogleNews:食　新商品,食　新商品,マクドナルド新作「570円バーガー」を食べた正直な感想（進撃のグルメ） - エキスパート - Yahoo!ニュース,https://news.google.com/rss/articles/CBMiiAFBVV95cUxQYzc4THl5SXRfbnNuT1N0T0M0ckRyUTdLTzJkWFd5bXhzUVlsLVpiSmN3R2pCaVBJUmoyOUlHRDF4dXBhNHJFUW9Vdm50NHVNdmZqT190aUpVbHhzTWdGOWVtMEJIOUpnMkIySTU4bEItV1c4RzNpcjZ1T0pSYVZDclk3dWZYZDlv?oc=5,"Wed, 02 Sep 2026 04:09:43 GMT",2026-09-03T09:12:49+09:00
GoogleNews:食　新商品,食　新商品,【タカキベーカリー】個食・即食ニーズに対応、石窯パンから新商品「石窯パン 個食シリーズ」第二弾を9月1日発売 ～3月発売商品で見えた新たな需要を受け、季節素材の個食パンを展開～ - PR TIMES,https://news.google.com/rss/articles/CBMiakFVX3lxTE5ES1RYdEhoWE5XdlhkeVJGbjJjVEVaVUJRdDBQbV9LWlBCM3QtMXBGSUhfd0dUX0JxTlc3Z2N5Wm5VMnBJR2g1OFVORFlkVEpEcnlfaF9aeFRxNEpGb1JWckNTTGY2dElLNWc?oc=5,"Mon, 31 Aug 2026 02:30:01 GMT",2026-09-03T09:12:49+09:00
GoogleNews:食　新商品,食　新商品,【新商品】ごはんにかけるのは・・・ごはん！？老舗ごまメーカー 和田萬の新発想「食べるお米ふりかけ」 - ニコニコニュース,https://news.google.com/rss/articles/CBMiaEFVX3lxTE1aX0RXcXJ3bnZ1aVRMWHRYSnJTOFV3MDBROHFCdlFVVDVTUk8wMWFxYmRSdXNUZ0VLRGN2WXVjN1ZCQmc4bFQtby1CYU1pSXhWV3lISVNhdFUydzh0OUM0cU1rVmd1ZW0w?oc=5,"Wed, 02 Sep 2026 15:21:37 GMT",2026-09-03T09:12:49+09:00
GoogleNews:食　新商品,食　新商品,【マクドナルド・新メニュー2026】「月見ファミリー」4種を食べ比べ！ 「月見バーガー」「炙り牛すき焼き風月見」「チーズチーズ倍月見」「北海道産バターとあんことおもちの月見パイ」を実食レポート！｜るるぶ&more. - rurubu.jp,https://news.google.com/rss/articles/CBMiUEFVX3lxTFBIZVZUT0RMWFdUTF9yVzlTemdpalE4aGZZcHhzdWN0Q21OWWt3WW9zQkF4UkJNaEdsNmRHYUlmZTJwakE3NzBEUWJ6cm1zOGdr?oc=5,"Mon, 31 Aug 2026 02:04:34 GMT",2026-09-03T09:12:49+09:00
GoogleNews:食　新商品,食　新商品,味の素「クノール サクサク de コパン」発売1年で1300万食突破 新作濃厚クラムチャウダー発売へ - Storm.mg,https://news.google.com/rss/articles/CBMiUEFVX3lxTE1uWHlTSDBnNS1tVThNNzAzLWZDVmNkemxWZXZQOXhORTVVSUpkX1pTY2tGRkhGcDhLNkZYMWJlbmI3OTRuY2Exd013eENIbzJR?oc=5,"Wed, 02 Sep 2026 07:54:00 GMT",2026-09-03T09:12:49+09:00
GoogleNews:食　新商品,食　新商品,累計20万食突破！「味噌とんちゃん屋」毎年恒例の冷麺フェアが猛暑と反響を受け9月末まで延長！新作「地獄台湾冷麺」も登場！ - PR TIMES,https://news.google.com/rss/articles/CBMiakFVX3lxTE1Cd0o4R2ZsQXJXN1ctQ3c4WEVpSXNDNzVsdDRUNHBURUp6d0VhZzcwTU1ZbldNMmY3cDd5QUlCa0hxMmhWYndMQ2dRTDlTbDJFRkxka0RxR210eFVCOUlXdzRYVjkyYzZRR3c?oc=5,"Tue, 01 Sep 2026 02:00:02 GMT",2026-09-03T09:12:49+09:00
GoogleNews:食　新商品,食　新商品,累計10万食突破！「飛騨牛焼肉 牛ざんまい」の冷麺フェアが猛暑と反響を受け9月末まで延長！新作「地獄台湾冷麺」も登場！ - PR TIMES,https://news.google.com/rss/articles/CBMiakFVX3lxTE1GbFRQNmVTY0hJcWJSandZRVBVc1U2OGxiM1VZM1FpTlhlS0YxazRBc2lqN01zWmxkMFBRUWJmTGtOTG55SHVxcFg4Zk9sb1QxcndtV0xZNkIyVUd1LWswRFc3ZGNEbFRmMXc?oc=5,"Tue, 01 Sep 2026 02:00:02 GMT",2026-09-03T09:12:49+09:00
GoogleNews:食　新商品,食　新商品,ケンタッキー新作「月見」シリーズ全5種類を紹介 また注文したくなるおいしさ（進撃のグルメ） - エキスパート - Yahoo!ニュース,https://news.google.com/rss/articles/CBMiiAFBVV95cUxQUWZiQmFqTWFUaHI4S2R5ejA3RWltaHhydlN6bVhGNld5NXpfMlNTLXg0T1BldkZtM0hXVWp6QnFnaFhIZ3pEdDBMWVBUd1JMMHFMMW5FelMyaWxnYnhsVDI1blRycVNSVy00dk53MzRqWkQzWW9RSXhYam5EUnJxX2IzakZQODlY?oc=5,"Mon, 31 Aug 2026 22:41:24 GMT",2026-09-03T09:12:49+09:00
GoogleNews:食　新商品,食　新商品,【コストコタイムズ】新作「麻婆豆腐」を実食！ひと口食べて「あれ？」味は意外と控えめ（コストコハッカー） - エキスパート - Yahoo!ニュース,https://news.google.com/rss/articles/CBMiiAFBVV95cUxOcEM0aEJkNXBmak1sd0N1dWltbHIwa1JmQ05sSkxWUURTZ2VaeGlCVlJ5ZmVTekdnNVJ1OHZvOGJQY3ZjRlJUaGliNmVrQ3h2MUJvdHJKOEZ4YnRhZzdPMEVGOWFYV21vcXBOd2tCaVRzOFdpZ1ZrazdEbmFuY2p6dEJvWXVSMXVB?oc=5,"Tue, 01 Sep 2026 20:01:29 GMT",2026-09-03T09:12:49+09:00
GoogleNews:食　新商品,食　新商品,これはクレイジーなのか？ケンタッキーの新作「クレイジーディップチキン」を実食！よかった点と気になる点（あかし） - エキスパート - Yahoo!ニュース,https://news.google.com/rss/articles/CBMiiAFBVV95cUxNZ3NVeERBLVNUcUp4eWNJbGJheVFlOHpVQ3pnY1RUTVplanJELURyLWo5ZlFnN0U1TDJONlcxY2Y4QVJtZXh6N3JZUWE5VmdBT1NYYWluNDF3dzZUd0V3dEFkeGxaTkgwdFNUeHpwa2d6dzZCVnBpenF5MHNhTWVEU0JPbFJSVUg1?oc=5,"Wed, 02 Sep 2026 04:47:03 GMT",2026-09-03T09:12:49+09:00
GoogleNews:食　新商品,食　新商品,学び食新サービス 「スタミタス」 を学習塾に導入:共同通信PRワイヤー - 福島民友新聞社,https://news.google.com/rss/articles/CBMibEFVX3lxTE9MY1MwR0JMOWhHUDdGck5xVmZYV1VObS1ES0dhQ0VTeFRLQnN2bWtlS3hVXzRnWFZFWXN6a0NqcEtIMUc2bjFlTzh5M0xtXzg1Yzk3bTh5UGNzR2pyV0FrVlFsVW5la2QyQ1A3aQ?oc=5,"Tue, 01 Sep 2026 05:10:00 GMT",2026-09-03T09:12:49+09:00
GoogleNews:食　新商品,食　新商品,1年ぶりの新商品！ ≫サクサク食感で、ほろりとほどける。『ガレット ジャンドゥーヤ』が、9月1日(火)【COCORIS】から新発売！ - CLASSY.[クラッシィ],https://news.google.com/rss/articles/CBMiWEFVX3lxTE96MHVMa284V1JKYUduZllhRmp2eWgtRUpUQWNlVHozTmZuckI2ZUt1N2s5TDdYNXpKTFpiOVpueWk4YnV0a3VHbXpJSW1TQ1ZrbWxtZndtZ2Q?oc=5,"Mon, 31 Aug 2026 18:06:34 GMT",2026-09-03T09:12:49+09:00
GoogleNews:食　新商品,食　新商品,日本アクセス「新商品グランプリ 2026年秋冬」結果発表、グランプリはカルビーポテトの冷凍食品「ごちそうミニハッシュ」 - 食品産業新聞社ニュースWEB,https://news.google.com/rss/articles/CBMiTkFVX3lxTFBSLXB6b3Jva2puZ0VzTVlvdDZRclNybTl6d1lWemwzMzFLbWk1MGVsTk9qOG16VzdPclc4RVVtMEhrYmRHTXFRekhNUC1Edw?oc=5,"Mon, 31 Aug 2026 07:27:56 GMT",2026-09-03T09:12:49+09:00
GoogleNews:食　新商品,食　新商品,新進「ゆず香るぽん酢おろし」新商品グランプリでW受賞 常温化で売場拡大へ - Infoseek,https://news.google.com/rss/articles/CBMiYkFVX3lxTFBIRmR2ZGQwRWlDUzQ4eUtqVlliSTRuYWZSMks5VDdINmxQaTZHd24yek1XLVdsdERpQkZwY0wwZFZVNzBzRFdya0xUY1RGeFRHM2ZacUtvcFp1bkQ2X2trZlZR?oc=5,"Wed, 02 Sep 2026 01:02:51 GMT",2026-09-03T09:12:49+09:00
GoogleNews:食　新商品,食　新商品,【今週発売】バンダイ食玩新商品全11種まとめ!「ちいかわ キャラパキ」やガンダム「GフレームFA」新作注目ラインアップ(2026年8月31日発売) - マイナビニュース,https://news.google.com/rss/articles/CBMiXkFVX3lxTFBMRVo2X2M4bG9DcHdhYVRaSEI0OWtUTWtBaHFCU3FZRklYaWQxSHVWek51OFpwRVZRMExlRWdhVWlRcHJ4M05kRmUwUERwNVQyVTE5ZGtNajhxdzhSZkE?oc=5,"Sun, 30 Aug 2026 07:32:31 GMT",2026-09-03T09:12:49+09:00
GoogleNews:食　新商品,食　新商品,【2026秋】ジェイアール名古屋タカシマヤ限定！「ぴよりんコラボ弁当」第3弾が登場！秋の味覚満載の全7種｜グルメとフード - 旅とおでかけ 鉄道チャンネル,https://news.google.com/rss/articles/CBMiTEFVX3lxTE5RNU05MmJTTkVXN0R2ZDViMmZpaXplYlNzLVNGRTgtS3Y1SlliVkQ4M3pxb09CQXNFbGZNTlFZVmdneVV2RHdtc1lkZ2g?oc=5,"Tue, 01 Sep 2026 06:27:14 GMT",2026-09-03T09:12:49+09:00
GoogleNews:食　新商品,食　新商品,『フジパンPREMIUM』から極上の食感を楽しむ新商品が２品発売生クリーム仕立てのしっとり食感と加水率約90%のもっちり食感！ - PR TIMES,https://news.google.com/rss/articles/CBMiakFVX3lxTE9nY3JVQlNRb2dOaEMtVHZzUlFSSXBCeUNJU1VYMWZydnNzVEpUT3FLLW4tbEpyZ1haWUJYUEcwV1FKZ1E0OXZrY3ZjNEpyYWtLWUZTSzZ3YWdJUkJPWkxlaUFMbEExMF9LcWc?oc=5,"Tue, 25 Aug 2026 07:00:00 GMT",2026-09-03T09:12:49+09:00
GoogleNews:食　新商品,食　新商品,【新商品】“ふにっと濃厚”な新食感ソフトキャンディ『ミルクと練乳』が2026年9月14日(月)発売開始！ - 毎日キレイ,https://news.google.com/rss/articles/CBMiekFVX3lxTFBRSFU2cGl2dGp0QWN1djZQNExzMVJhSFMwSmdEekViSTZacTFmeVoySXNGaUdLODNJaDczRTZNQlBZblVlcTN3SkExaXJOUFloZVdMVEZTMnVZOTZPU0hfSnJ0VmRlbVFhcUxKYlYxSmktSFpQSHhicDdn?oc=5,"Tue, 01 Sep 2026 04:19:28 GMT",2026-09-03T09:12:49+09:00
GoogleNews:食　新商品,食　新商品,伊藤ハム米久ＨＤが秋冬新商品を発表 内食需要に対応。新たな食体験提供へ - 静岡新聞DIGITAL,https://news.google.com/rss/articles/CBMiTkFVX3lxTE1QTlFvWkVONzhPUUh6OU80NXAxYWI0am1mQi1LNHlhSjRTNU5xOTJ6aXF2blZibTBhWF9yQ2hIUmdSNV9xRXlFOHQyRVNDQQ?oc=5,"Fri, 28 Aug 2026 19:00:00 GMT",2026-09-03T09:12:49+09:00
GoogleNews:食　新商品,食　新商品,かつや新作979円「合い盛り丼」を実食！カツ×ローストポーク（進撃のグルメ） - エキスパート - Yahoo!ニュース,https://news.google.com/rss/articles/CBMiiAFBVV95cUxPYnVBTGlMcVhiVlFvUENKeXRhWFlPRjVJcFVhOGdMRHdVQS1WWWpqWi1WUEhhaUUzVVdERnFEUkZxVDFuQW0xQzJHQzEzMG5ZVUZRS3k0TmlDM0s1ZVctUGlVN3dRZjd6LVdLUVV6UmlKYk51Q3NpZUtlX1NIcFc1T0VOQVF2QUZf?oc=5,"Mon, 17 Aug 2026 07:00:00 GMT",2026-09-03T09:12:49+09:00
GoogleNews:食　新商品,食　新商品,新商品「MoMi」がWeb動画公開／エバラ食品 - フードウイークリーWEB,https://news.google.com/rss/articles/CBMiUEFVX3lxTE5SQ0xVcG5yZUZTNWIyekRlMGRDa0VqNU1vekRVQ1NkaGFUNUZRZFZBTjlsb3FyeVAwcFQxNWFJSjZVQ1lQU2liU245QXJ6VVZG?oc=5,"Mon, 31 Aug 2026 00:59:11 GMT",2026-09-03T09:12:49+09:00
GoogleNews:食　新商品,食　新商品,【新商品】“あさげ”だからできた！減塩なのに、だしが効いててちゃんとおいしい「生みそタイプみそ汁 あさげ減塩徳用 10食入」リニューアル＆「フリーズドライあさげ 減塩 8袋入」新発売 - PR TIMES,https://news.google.com/rss/articles/CBMiakFVX3lxTE05S00wbTNZQkFIaVluTEN4WmlZREcyaDl5QW1JQ20tdDl1ZXRQalFfNGJuWFBpZGxFRm1hN2E1SnpqaUVTb0U1Y0k0ZlpFM1dGN3g0bWZFY3RHSk9xZ1NhanRjbmp1UTFHVHc?oc=5,"Fri, 21 Aug 2026 07:00:00 GMT",2026-09-03T09:12:49+09:00
GoogleNews:食　新商品,食　新商品,ファミリーマート「358円の新商品」を実食 お得な「大盛りサンドイッチ」が登場（進撃のグルメ） - エキスパート - Yahoo!ニュース,https://news.google.com/rss/articles/CBMiiAFBVV95cUxNWnRkZVQ0X0tTS1pxR2Qxbl9SYW1qcG5kUTRPc0xhU3JpMWZzWUpSZUlsWkpHd3RkbDNJcHEzYkxRd1h4c1NUWTZnVFVFWGtQZUNYMWphdnZtSUpzU3pJN3FDQkVEVUNETzFGeXdjb294SWgtQ2QyNl9UVFA3cENXUzYwM3ljaVNl?oc=5,"Sat, 08 Aug 2026 07:00:00 GMT",2026-09-03T09:12:49+09:00
GoogleNews:食　新商品,食　新商品,マクドナルドに「490円の新商品」が登場 注文してみた感想（進撃のグルメ） - エキスパート - Yahoo!ニュース,https://news.google.com/rss/articles/CBMiiAFBVV95cUxNOXZoRDF0Qm5mcEtDUlVzREJQTjBEOXh1SzJueDVvVWY4VXlLZ25TTkVuby1SY0E3YzZwcGlsbGwwUm9LRU93Q1dTR0tCV2VYTTBtNFJIemVyMWFydHBhNGE4UHZ3V05jU0kyVFBCZnFJeDRSOHdRc1ZHLXhnZEs5T3M1b2xINEp4?oc=5,"Wed, 19 Aug 2026 07:00:00 GMT",2026-09-03T09:12:49+09:00
GoogleNews:食　新商品,食　新商品,【スタバ新作】スターバックスの新商品7種類を紹介 また注文したくなるおいしさ（進撃のグルメ） - エキスパート - Yahoo!ニュース,https://news.google.com/rss/articles/CBMiiAFBVV95cUxQS3hLZTJoaFV0RGtFM3o2NXZheGpEQTFmaW9kTEpDeDlja0o3NnZKaTMzU2huNDljS1lYM1VpR1hjM3E4eGd6WU9yT1BBamJNTkd6T0ZDMm85UXJMWGx4V3RaVWVkZmdyV0RTSFhleWRWa3BiT28yVEhXczhyb19wMWdaZUZIeTlJ?oc=5,"Mon, 10 Aug 2026 07:00:00 GMT",2026-09-03T09:12:49+09:00
GoogleNews:食　新商品,食　新商品,コストコ、新作スイーツ大反響「これ好き」「ホールでいけちゃいます」「ふわふわたっぷり」「しゅわしゅわ食感」 - au Webポータル,https://news.google.com/rss/articles/CBMibkFVX3lxTE5pRWNEcmRZY3dtNElSTUtKWDRYc01DbmFFQ00tSG56VWFIVzBLVmZGRkFNcG9xMGNYSVF2OXg1Z1hNYTFMVlFTZXRxZlR1OGw2WTI3cF9MRmpwU2JaZ3ZITjhSZUhNOGVzQUtWZFl3?oc=5,"Tue, 01 Sep 2026 07:51:01 GMT",2026-09-03T09:12:49+09:00
GoogleNews:食　新商品,食　新商品,【周南】棒アイスで新たな食感 クラキチが新商品発売 - shinshunan.co.jp,https://news.google.com/rss/articles/CBMidkFVX3lxTE1wQjlUU3h4b1pMNXNQVzUzcHpFUUNRQVVPT1kycTNHTE52WEVNbUE5d3p1NHZwUEtVN0p5THF1UGhwMXc2NmVzMFhOU3VoY2hhc0F1bnNWRlNYak1ObVB0MTljN3NlSXA0cV80MnFRdEJHc2N3bWc?oc=5,"Wed, 26 Aug 2026 02:28:51 GMT",2026-09-03T09:12:49+09:00
GoogleNews:食　新商品,食　新商品,【今週発売】バンダイ食玩新商品全12種まとめ!「ポケモンキッズ」や「サンリオ」刺繍缶バッジ新作のほかジョジョ「にふぉるめーしょん」など注目ラインアップ(2026年8月24日発売) - マイナビニュース,https://news.google.com/rss/articles/CBMiXkFVX3lxTE1iWlhoOUFQU2ZBZ095U2c5YTZWeXJtSzlzelFsYURYNWtyTFVMYm5uQU5HOVE5Qnp5T3Y1elZrVjhQTGxtd0VYc0NnMVAzUUdjX0pWYzRENTkwdDdQblE?oc=5,"Sun, 23 Aug 2026 07:39:24 GMT",2026-09-03T09:12:49+09:00
GoogleNews:食　新商品,食　新商品,日本アクセス「新商品グランプリ2026年秋冬」消費者が選んだトレンド賞 パッケージ賞 ネーミング賞をチェック！ 背徳ブースターにバキサク食感...審査員のコメントも◎ - 千葉テレビ放送,https://news.google.com/rss/articles/CBMiX0FVX3lxTE5LZ3FSZkJHY1B3MzUzUV85V1ZYYzQySWRsZk10LWlmSFhYX1AtTWxxSFNYVTAwUWI3RDczUV9VR3FreXFtNGJuM01OQUNTU0hTX2dQY25zMjhKeXV6TVNz?oc=5,"Mon, 31 Aug 2026 14:03:18 GMT",2026-09-03T09:12:49+09:00
GoogleNews:食　新商品,食　新商品,【the kindest 2026年春夏 新商品】子育て家族の“新生活の食の壁”に寄り添う乳幼児食を発売 - PR TIMES,https://news.google.com/rss/articles/CBMiakFVX3lxTE1OQUZhS2ljZlNpVzI3SFRPUU5tUXVpUzJTWmFKb0xRQWNkdnpiQWxDR0lpMVd5MUdsUHlzRXBUU053TXNrLU9ya0JJQ2FDdTJsTm13S3V2R2pBTXJVTG9IZDJpSHc4Q2g2clE?oc=5,"Fri, 27 Mar 2026 07:00:00 GMT",2026-09-03T09:12:49+09:00
GoogleNews:食　新商品,食　新商品,シュークリーム専門店「ビアードパパ」で「300円の新商品」を実食 また買いたくなるおいしさ（進撃のグルメ） - エキスパート - Yahoo!ニュース,https://news.google.com/rss/articles/CBMiiAFBVV95cUxORGRCblR5cnFrNExPQWVRQ0szMVNVRDRNRngzeUhKXzRYWGp3T2pHcmNyRkVqOF92bHNYYmVBYWhhXzU2SDdqbkxLdFUtQ3E0MFJITFNaYzBiRjNXX25OaUZDT1hKeENZOUdQWlNjOHFnQUJsZVh3OXd6YXE4T1doM2tjU1JIWkdC?oc=5,"Sun, 09 Aug 2026 07:00:00 GMT",2026-09-03T09:12:49+09:00
GoogleNews:食　新商品,食　新商品,"【モスバーガー】累計1,410万食の「月見」シリーズ、今年は""黄金チーズ""の新作が登場! - マイナビニュース",https://news.google.com/rss/articles/CBMiXEFVX3lxTE5HYUdpdnRhMEx3c2Jpc0tCVWtjWXBueTMwVUtjV0pQNXBSNnozVHRsYnNBSmQzNWVzdi16RnBuR3RWd1dxX0YxVG9vSmRqcmpTMS0xb1hDT0FObm4y?oc=5,"Thu, 27 Aug 2026 04:25:37 GMT",2026-09-03T09:12:49+09:00
GoogleNews:食　新商品,食　新商品,タレント・ギャル曽根さんが登壇！ 1食で1日分の食物繊維の1/2がとれる 具沢山の食べるスープ 「あじかんごぼう RESET SOUP」新商品発表会を開催 - Newscast.jp,https://news.google.com/rss/articles/CBMiR0FVX3lxTE15LVJDRmdIU2s5U25YSFhBSEdhbTV1WlNENlZIbS1IdXZuQjF2aTQ2QkZNaDBzOHhsN1REaUJFZHdjdERfYTBF?oc=5,"Thu, 20 Aug 2026 00:30:00 GMT",2026-09-03T09:12:49+09:00
GoogleNews:食　新商品,食　新商品,中谷食品、総合フードフェア開催 いち早く秋冬新商品 今すぐ使える夏向けも - 日本食糧新聞・電子版,https://news.google.com/rss/articles/CBMiZEFVX3lxTFAyZ3JKZmpHcTNKWC1qeHdwc3QxeE1PUDkyX29KRU9OeHdZTDJXbFRhWDN3UTFPVHQweTRKbERwLWY1dFFZek50TEs0MnJ2VW5XYVpaem5CaXRDWFlZUklVRFU2bjU?oc=5,"Thu, 23 Jul 2026 15:07:48 GMT",2026-09-03T09:12:49+09:00
GoogleNews:食　新商品,食　新商品,bibigoから電子レンジ調理で手軽に食べられる新作マンドゥ登場、全14品の新商品・リニューアル品を発売 - CLASSY.[クラッシィ],https://news.google.com/rss/articles/CBMiV0FVX3lxTE1Dc2tZYUljRDR3LUVfWk82cUp1OExHa0Ixa0YxZEZ3ek5zVmdKZldKRklRRjNHY0tlUU1RRzZPa010V1pzOFlkbGltWnotZEpvd29Ya3R1NA?oc=5,"Thu, 27 Aug 2026 09:21:09 GMT",2026-09-03T09:12:49+09:00
GoogleNews:食　新商品,食　新商品,今年の食トレンドは甘くて、辛い！？日本最速！「スワイシー」な味わいの「スワイシーブルダック炒め麺BIGカップ」を8月18日（火）より先行発売 - PR TIMES,https://news.google.com/rss/articles/CBMiakFVX3lxTE42SDNVT2k5LW42VGNwbG9XeHFTSDJVYzE0cGFQSk5KZ05yUFpFM0loTnV4aFFUR3haQ2pjWVM4NTkxNEJxR0I5bTF6WTV0Q2o1RVlGcWZ4STh2N3EwVzRtTWYxT1NrVE5TUmc?oc=5,"Wed, 12 Aug 2026 07:00:00 GMT",2026-09-03T09:12:49+09:00
GoogleNews:食　新商品,食　新商品,【実食】マクドナルドの新商品に「チョコボール」を追加トッピングしてみた結果（進撃のグルメ） - エキスパート - Yahoo!ニュース,https://news.google.com/rss/articles/CBMiiAFBVV95cUxONVJYR19TdGU5aUpSN1lWSnY2TU9fSy1ZV1NsYlVzVE13LVRQNlBKa0ZUZXBTUTVraDFQek03Vl90SGJrcklXeW5ZQWVUWnpuU0VHSnJSX2xMeUNYTFp2THo1d1RyTTdsZXIwVUZNMEdYSmxKRFZtVm5MLUs4Y0g2NEo4czg5dXF5?oc=5,"Fri, 17 Jul 2026 07:00:00 GMT",2026-09-03T09:12:49+09:00
GoogleNews:食　新商品,食　新商品,『フジパンPREMIUM』から極上の食感を楽しむ新商品が２品発売生クリーム仕立てのしっとり食感と加水率約90%のもっちり食感！ - Infoseek,https://news.google.com/rss/articles/CBMickFVX3lxTFBCVmhjZEtUeWZ0WHRyZkpHV0Z3WFJWb3VsZ2NyRlk0VkJDSVZ3S1h6QjFTb1o3S0FQUVVEeERnNTFhSTNIY3RnbEhxaEFqak1hNnZOcm9sT0o4cXM4Tkd5M0J2MFlwYWJDNXFwd0UwTVptQQ?oc=5,"Tue, 25 Aug 2026 14:10:02 GMT",2026-09-03T09:12:49+09:00
GoogleNews:食　新商品,食　新商品,＜ 待望の新商品＞ ブリュレのような“サクッシャリッ”食感！フレンチトーストの味わいをタルトに閉じ込めた『フレンチトーストタルト』を【Ivorish(アイボリッシュ)】より6月21日（日）から新発売！ - PR TIMES,https://news.google.com/rss/articles/CBMiakFVX3lxTE8tdHZua3Z3b3NwV25uWWhzbWJIMmJtWE8ybDN3Y2pJcTV3TDdyMllyenVaTTAyN0RsWlkzMzJsNjlGNTlaVEVUN2pJMFFTLVFoZ1dQZnhGMkpmalJsOVFfa2J0QnBjTDlmQXc?oc=5,"Thu, 18 Jun 2026 07:00:00 GMT",2026-09-03T09:12:49+09:00
GoogleNews:食　新商品,食　新商品,“やわカタW食感”の2層構造ハードグミシリーズに新商品が登場！カンロ 「カンロ ザ・ストロンググミ マスカットソーダ」2026年7月21日(火)新発売 - PR TIMES,https://news.google.com/rss/articles/CBMiakFVX3lxTE1reS14dDNUMm8weTV4eGViQW1UUDFBMTRLQ3NXckpBZDlNV3k0UlJVS08wa0VfS29oZl9jLXVoTkxVc2pybHFnTzZWUmdwM29XeE5zYkNqalVDcDFCWjh3N19WYjE3SzNvN2c?oc=5,"Wed, 15 Jul 2026 07:00:00 GMT",2026-09-03T09:12:49+09:00
GoogleNews:食　新商品,食　新商品,月刊「食品 新製品トレンド」2026年7月号 ロングセラーが劇的アップデート 食感も味もコンセプトも新次元へ！ - 日本食糧新聞・電子版,https://news.google.com/rss/articles/CBMiaEFVX3lxTFBwbmlJR3F1Nk1LZWxRTUI2VWw5YkJvdng3aTdrZGlveGNuQXlQQkNvV1Q5RzMyczV5RlpGaVFITVpnWDFPaHdZTnE3aGtYVzJrcER5UWN1dXlOQVF3dTk2T2V0VUZDNG9r?oc=5,"Tue, 21 Jul 2026 07:00:00 GMT",2026-09-03T09:12:49+09:00
GoogleNews:食　新商品,食　新商品,【漁村の食文化を伝える(株)漁村女性グループめばる】郷土料理『ごまだし』に続く新商品『漁師のかっこみ飯』をシーフードショーで初披露 - フーズチャネル,https://news.google.com/rss/articles/CBMiVkFVX3lxTE04WTF2aHRJM1R1eUF5RkVWMkpuaW05Wmx4N3hJTXllbm56LUp3ZFo4VjlYLW9LRHUxWjFNOV96YjRob29wS2hZY1BSRFg5TW1lM0EtNl9n?oc=5,"Sat, 15 Aug 2026 07:00:00 GMT",2026-09-03T09:12:49+09:00
GoogleNews:食　新商品,食　新商品,帝国ホテル「ANoTHER IMPERIAL HOTEL」広島県の食と工芸を集めた新商品を9月2日（水）より販売開始 - 株式会社共同通信社,https://news.google.com/rss/articles/CBMiWkFVX3lxTE4tejg1czNmUnhBVEVrSzBvMUlGSWR0bTNKOVlBTHFOR1g2VFVqWnMzV2s5Vkd6VlJNWHhucWdCbnlkMDFId0JCTDhITWhSVGdkYlgzMDg0U2lEZw?oc=5,"Mon, 17 Aug 2026 01:00:00 GMT",2026-09-03T09:12:49+09:00
GoogleNews:食　新商品,食　新商品,伊予高生「ちんみーず」、松前産珍味で新商品 防災食「ザクザクバー」など夏祭りで販売 - 愛媛新聞,https://news.google.com/rss/articles/CBMiYEFVX3lxTE5tUGswVUFLdzZnQzNiUTVYenFuRlpNRl81RFI3Q0gyc0t4THA4cXlLbEJYbjFHdGRJZ0lEY05UMnFaSElKcU15a29QUDVHdldYOFpaajRYVzJReTcyaHlJaQ?oc=5,"Tue, 04 Aug 2026 07:00:00 GMT",2026-09-03T09:12:49+09:00
GoogleNews:食　新商品,食　新商品,【新商品】あのヨーグレットが“もっちり食感のグミ”に進化して新発売 - Infoseek,https://news.google.com/rss/articles/CBMickFVX3lxTE1kTjB3cXRfVjdvdUNYVjA2YWxHLUNxY1dwYmxXSS1SS1U3cVZfUGdGVTlUaGQzNDdOekl3b2Q3S3ZBSHZlblcwMDMwRC0tWndYMzdocGFsN2lTeklrbDRUSmlhemV5bWt0M2NoZUNXckkwdw?oc=5,"Tue, 18 Aug 2026 07:00:00 GMT",2026-09-03T09:12:49+09:00
GoogleNews:食　新商品,食　新商品,日本食研、新ブランド「食研町食堂」誕生 - 日本食糧新聞・電子版,https://news.google.com/rss/articles/CBMiaEFVX3lxTFA3UlBfY0hqT0FMUlVqVGhsU0FPbFZBeEYtZkFET0VXbGpuWThIVVdWeDEwZGxUdFl1TG1XOWxhLWo3TUE3dUp4bkZpS2k2ZWd2MUxNbjl6NW5qdGotWndOWmFOcE9qTDUw?oc=5,"Tue, 16 Jun 2026 15:10:36 GMT",2026-09-03T09:12:49+09:00
GoogleNews:食　新商品,食　新商品,【埼玉県】「食のサーキュラーエコノミー」で支援した新商品 「いぶり彩香（さいか）」が発売開始！ - PR TIMES,https://news.google.com/rss/articles/CBMiakFVX3lxTE5pckFMNlczemU1TFo4VVQ5dnlZTUktNDhEMWJsMkR0NkpQZTJQY3dfMVRjUUQwQ3RsNlRvbzBBME84Wm4yMXQwaEZUX2sxdlQwajVkV1Z1LTFaZEQzUkdHSnZNX3FTdndnN3c?oc=5,"Thu, 18 Jun 2026 07:00:00 GMT",2026-09-03T09:12:49+09:00
GoogleNews:食　トレンド,食　トレンド,次の食トレンドと注目商品が集う、「おいしい博覧会2026秋冬」を10月15日(木) 開催 - PR TIMES,https://news.google.com/rss/articles/CBMiakFVX3lxTE1yOWJZVWFuVmZCamlwV0RZaHhSYk13U0FqcEp2ci1qaXdsQm9qYkZCNEFta1hGT2hGRy1TY21Lb01sLTdIV1NFM2U2eWRycnh4eGVIc1ZiZVRDY1VzdlhLc0Z1UDRNRllGd0E?oc=5,"Fri, 21 Aug 2026 07:00:00 GMT",2026-09-03T09:12:52+09:00
GoogleNews:食　トレンド,食　トレンド,人気食品メーカーに聞く、ひんやりグルメの最新トレンド - at-living.press,https://news.google.com/rss/articles/CBMiS0FVX3lxTE44UlFiLWgxQWZwcTJnVDBFU2Q4V3FmMjYxRi12cno3THZFUF9vZk1DZHdleXBiUFJXaENTZGcySjJwc0FKZWoxQTNHQQ?oc=5,"Sun, 30 Aug 2026 09:02:36 GMT",2026-09-03T09:12:52+09:00
GoogleNews:食　トレンド,食　トレンド,"2026年上半期「食トレンドランキング」＆下半期「食トレンド予測」を『デリッシュキッチン』が発表！｜every, Inc. - 株式会社エブリー",https://news.google.com/rss/articles/CBMiS0FVX3lxTE5oU2N6d1d0SVRyOGFKSFZFYmRHdDl3b01HNjVhcEUzZWJOZU55eXNXbnluR2xjVjlTdG5qR0QxanY1V1AwOG9JZ0h1QQ?oc=5,"Thu, 18 Jun 2026 07:00:00 GMT",2026-09-03T09:12:52+09:00
GoogleNews:食　トレンド,食　トレンド,【ミヨシ油脂】「2026年食のトレンド予測・ハンバーグ編」発表、リピート購入を促すのは「ジューシー食感」、購買層に合わせたソースの味選びもポイント… - フーズチャネル,https://news.google.com/rss/articles/CBMiVkFVX3lxTE5DeWtGOExRa2p6UmpXLVRHbUhEUEc0d3RscE04YVBmdUxtTTJaU25aSTEwYVpwS2JPS0JhcEVBRGUxbXkzZkhkc183MWlKUWUxeGlVVlNn?oc=5,"Tue, 18 Aug 2026 06:52:02 GMT",2026-09-03T09:12:52+09:00
GoogleNews:食　トレンド,食　トレンド,8/3 定量×定性で読み解く「食」トレンドの現在地と未来 ― 生活者の「潜在ニーズ」と「欲望の変化」から導く“次のヒットの兆し” - クロス・マーケティング,https://news.google.com/rss/articles/CBMiVEFVX3lxTE96WmlUMFdId2NCLW1rMnF4ZHdwZFlqenczOXZKZC1CRF9wVFdiNzB5OGdNaHpDUEY5X19PSVhLMEZtM3ZydU5KTzVwUnZlSVdJam5mbQ?oc=5,"Mon, 03 Aug 2026 07:00:00 GMT",2026-09-03T09:12:52+09:00
GoogleNews:食　トレンド,食　トレンド,【ファミマ】最新食トレンド「スワイシー」ってどんな味?「スワイシーブルダック炒め麺BIGカップ」先行発売 - ニコニコニュース,https://news.google.com/rss/articles/CBMiVEFVX3lxTE1ZY2xIS3MxVFMtV3dsVTBHc0Z3b01mWTRDUmNOalV1dy1hM0w5UUx4NS1fMlI3QUxwNkNRNVhKVlAxZ2pnaHNmVWtGcDhNSS1YYktyZQ?oc=5,"Mon, 17 Aug 2026 07:00:00 GMT",2026-09-03T09:12:52+09:00
GoogleNews:食　トレンド,食　トレンド,2026食トレンド「コンボケア」をバーで最速実装 オーセンティックバーが提案する新習慣 「ゼブラ飲みキャンペーン」2026年7月1日開始 | 株式会社ティグリス - アットプレス,https://news.google.com/rss/articles/CBMiTkFVX3lxTE5EeVVlUVdOeGFMSW1ROVd1enhTQnBEZ3dyWFVaSEp4MFdpVUszb1pkREVjeC1xYXhUUDZqYTViSWpldm1TMjZieUE4c0pidw?oc=5,"Mon, 15 Jun 2026 07:00:00 GMT",2026-09-03T09:12:52+09:00
GoogleNews:食　トレンド,食　トレンド,「2026年上半期トレンド料理ワード」から読み解く食品系SNS運用のためのマーケティングセミナー アーカイブ動画の配布開始 - PR TIMES,https://news.google.com/rss/articles/CBMiakFVX3lxTE56QUJ5M01LYmdPODBRLVRmOUM5TXdYNzZwQUtUXzdXUDU4SldHTzB1MmJBWXVEOXdhNDM2X212MmctdUdOSk5Gcmx0MGhQOFZfdm5WWU96UE9xSFFCRWZxSkU0aFJma2ZJU3c?oc=5,"Tue, 16 Jun 2026 07:00:00 GMT",2026-09-03T09:12:52+09:00
GoogleNews:食　トレンド,食　トレンド,猛暑の夏、「軽め」と「刺激」の二極化が加速？味の素㈱、「2026年夏猛暑食トレンド」を発表暑さと気分で切り替える『夏のオン⇔オフ スイッチメシ』とは？ - PR TIMES,https://news.google.com/rss/articles/CBMiakFVX3lxTE0zUFpEeUVOVUxmVlJlU1NCMzJTUUlUZHYtREhtS3Y1bG8tNlJPUUJfV0R5b05USjJsS3k4Um1XQjlSWW8xeXhvekozdFY0QXBYZ2JqUkFMd1cyUm5BRE5RUkphdDdIR2RJUVE?oc=5,"Fri, 15 May 2026 07:00:00 GMT",2026-09-03T09:12:52+09:00
GoogleNews:食　トレンド,食　トレンド,大賞は「麻辣湯」！ゆる腸活から魔改造レシピまで2026年上半期トレンド料理ワード大賞＆注目5選を発表～キーワードは「味わうだけでなく楽しむ食のエンタメ化」～ | アイランド株式会社のプレスリリース - PR TIMES,https://news.google.com/rss/articles/CBMiakFVX3lxTE10M3RuQWJsYUhZRXZTZWk4eFBZbHBwNmdvdGU2anhBaFdFUlRqaEN1T1huTzFfSWxMc1hoMnlJUWVTLUg5NHVyZzd5YkJqd0lDT29EMlFNVTlybUczRHJLRmdUc2tVdUNaWVE?oc=5,"Thu, 04 Jun 2026 07:00:00 GMT",2026-09-03T09:12:52+09:00
GoogleNews:食　トレンド,食　トレンド,2026年「猛暑グルメ™」は「酸辛香グルメ™」 - 株式会社ぐるなび,https://news.google.com/rss/articles/CBMiZEFVX3lxTE1lVzVlOXZoUXgwYm5qZmJwX3VBX0EzNXBxWTY0MWpFU096VWVWeUNVTjNzcURTRmNFU0NNb2FtdjJfd2tKZzA1Ujd4cGhRR0ZyN1lra1lpYzRtTWstb0lfQ2JWRFQ?oc=5,"Thu, 04 Jun 2026 07:00:00 GMT",2026-09-03T09:12:52+09:00
GoogleNews:食　トレンド,食　トレンド,"2026年上半期""食トレンド""ランキング1位は「冷凍ストック」! 下半期は「直パケレシピ」「ネオ厚揚げ」「ドリンク調味料レシピ」がブームに? - マイナビニュース",https://news.google.com/rss/articles/CBMiXEFVX3lxTFBYWlg5ZG9SQ2JDZk1LMVhjR0U0N3Z3NFhIVnQ0OE1ienowM25nV3hRbjRGZ2t1Y3BwbzhUUS1Yc0JtZkkwaW92czlNMGhGWUFzV3ZsUXk3WS1IbEc3?oc=5,"Fri, 19 Jun 2026 07:00:00 GMT",2026-09-03T09:12:52+09:00
GoogleNews:食　トレンド,食　トレンド,三井物産流通G、食のトレンド一貫提案 フードショー手応え - 日刊工業新聞,https://news.google.com/rss/articles/CBMib0FVX3lxTE95azFSUk1Ib2VmaExsVEZYeEVOTTB0M05zZnJCQnZfWmp4SnhXNUI1YzhyYjY2U2ZsT3ZaN3RxdlFkQll1ek9uY2RWZlgxSWVwWlB4dlMwZFZtZS1FRFBybi1iOUFMLXBGNGhYcEk2VQ?oc=5,"Wed, 29 Jul 2026 07:00:00 GMT",2026-09-03T09:12:52+09:00
GoogleNews:食　トレンド,食　トレンド,【ミヨシ油脂】「2026年食のトレンド予測」第４弾、「餃子・焼売編」発表、餃子におけるリピート需要獲得のカギは「ジューシーさ」と「パリパリ食感」 - PR TIMES,https://news.google.com/rss/articles/CBMiakFVX3lxTE1kSTdEbHZpMEpsajUxZmw2NzE2UE5jc0NzN1dfMzVjUXM0WFJ6NzBqU3hOSnRnZERmXzlRSHVrSXhGLTU2M2JvbUgzM0JOT1N3OEJSbjhEMi1Oc1QyUnRGVUtHLW1JOG41Umc?oc=5,"Wed, 20 May 2026 07:00:00 GMT",2026-09-03T09:12:52+09:00
GoogleNews:食　トレンド,食　トレンド,ヨーカドーの冷食ポッポが好調 2カ月で50万食爆売れのなぜ - 日経クロストレンド,https://news.google.com/rss/articles/CBMiZkFVX3lxTE91VEFCc0J5aDVVNnZMOVVTcy12VXhELWJCWDRuc19CekhoVjQ1SHlpZldhX21Kb2RHYVNIcndsMkw1RjhaMzg4elhzOXZDY21aTEtmSWZCWnp2b3FLejE5S04zT1lmdw?oc=5,"Mon, 29 Jun 2026 07:00:00 GMT",2026-09-03T09:12:52+09:00
GoogleNews:食　トレンド,食　トレンド,月刊「食品 新製品トレンド」2026年6月号 進化する菓子が大盛り上がり！ 多彩なコラボで物価高に打ち勝て - 日本食糧新聞・電子版,https://news.google.com/rss/articles/CBMiaEFVX3lxTFBNR01lZ3pPeDN4VlYtQlFZVnZaSXZqUUN6T0t4ZUMwMVBHQUgwU1dIX1hSQnhvdGZHazF2NGtldDZyOHd4OEh1bjZrcHpCaWM1b0N6YnhoQms5M2hURkp5YTdITDgtYXZu?oc=5,"Mon, 22 Jun 2026 07:00:00 GMT",2026-09-03T09:12:52+09:00
GoogleNews:食　トレンド,食　トレンド,１回の食事で様々な食感「サクもち」や「パリとろ」がトレンド “ハイブリット食感”の食事に注目！ - Yahoo!ニュース,https://news.google.com/rss/articles/CBMif0FVX3lxTE5lTWNEUVhpOEUyd1BSWm1vbXhiSjdVVWF6YUNTVkg0bFRUMXhsSmFWNG5SN0FfVy1MamlMX3lsVXlMUXU4U1l6d1JPNTRKUmlNaXNMQ1pVaU5ueFVpSEFTTnUzSkdzY3BBY1lhcHJhUjFWc0VOajJOd29TeXM2bUE?oc=5,"Wed, 15 Jul 2026 07:00:00 GMT",2026-09-03T09:12:52+09:00
GoogleNews:食　トレンド,食　トレンド,ブロッコリー指定野菜化で激変する食卓と2026年最新食トレンド - Forbes JAPAN,https://news.google.com/rss/articles/CBMiWkFVX3lxTE1ZMzBkcXBsTlBMMnhNVGEwMmVEdkpPOGN0d2s5MlFJMGNXaFpldWVFSXlMWG11Q3JmN0N5d0l3Y3B6ODlrODYzN2lXeFhvcVU0S1NrTHA0SzdpQQ?oc=5,"Thu, 02 Jul 2026 07:00:00 GMT",2026-09-03T09:12:52+09:00
GoogleNews:食　トレンド,食　トレンド,ミツカン参入の背徳市場が首位 ECに効く6月記事ランキング - 日経クロストレンド,https://news.google.com/rss/articles/CBMiZkFVX3lxTE1TM0d4MUFZQlVkOVZqeGxtaS1jYUNpZEhQRWxTbGZoTjF0X2I1S3ZzY2UxdHJwV1NjZ09wakNOb29PUEFscDJ1QzF1LTdZUWJyS1pzbWw2Q0xFcmRxbkxLMW9IZ0l0dw?oc=5,"Fri, 03 Jul 2026 07:00:00 GMT",2026-09-03T09:12:52+09:00
GoogleNews:食　トレンド,食　トレンド,【味の素】今夏「猛暑食トレンド」 調理工程・味わい軽い 「オフ飯」＆刺激的・満足感「オン飯」のスイッチ - オトナンサー,https://news.google.com/rss/articles/CBMiSkFVX3lxTE5Da3JHUGd5M1h1bHVwZlFkeUJhOEFZX1NCVzZWV3R3Q3R1MjFsZjI2WDJsMUprWW9SWGp4R3JfcW5jQWpCb3VsenVB?oc=5,"Sun, 17 May 2026 07:00:00 GMT",2026-09-03T09:12:52+09:00
GoogleNews:食　トレンド,食　トレンド,トレンドトラッカー：ゼリースティック、「食は薬」の概念、グリコのインサイト - FoodNavigator.com,https://news.google.com/rss/articles/CBMiggFBVV95cUxQaVVtZVhVWjlNdDBqdEFTa2tWbWpaU0lNRmJBQ2xFTW5rSUxWdGZ5bFFtQWU0MFNfN0xnS3QwaVpTSl9VV3NIc1pobmhPaTZkQk1McjNMQXdrblN2ZkpuX1RZcUppS09XaEFmNWhaanhNWE9pRTc5dUQ5Y0FkZHJpMC1n?oc=5,"Sat, 13 Jun 2026 07:00:00 GMT",2026-09-03T09:12:52+09:00
GoogleNews:食　トレンド,食　トレンド,中国で大ブーム！食べて健康になる薬食同源（やくしょくどうげん）と最新トレンド - manamina.valuesccg.com,https://news.google.com/rss/articles/CBMiV0FVX3lxTFBMcGQtVDAybXNXVTFQY3VEY1l5Y3Q5d040WEFjQnRBVXVDVnRLRTF5UlhubDdJZUhINlotQmFkLUZJMDlITEtjNy1MY2tnaGdreEw0VnljVQ?oc=5,"Fri, 19 Jun 2026 07:00:00 GMT",2026-09-03T09:12:52+09:00
GoogleNews:食　トレンド,食　トレンド,【味の素】2026年夏の食トレンド「オン・オフを切り替えるスイッチメシ」とは? - 猛暑を乗り切る異国料理や火や油を使わないメニューを提案 - マイナビニュース,https://news.google.com/rss/articles/CBMiXEFVX3lxTE02WmtKU25PelVTdE5uLVJ6clpfOFkySm9ycXh3WXRNTjA1aUFISExpdkpEWGdoaGlNSHlHTGd1bDEtWTlxY3ZPcDR6Q3FqTjVjYlpmalhnRGxjMGVz?oc=5,"Mon, 18 May 2026 07:00:00 GMT",2026-09-03T09:12:52+09:00
GoogleNews:食　トレンド,食　トレンド,"【2026年上半期トレンド調査】""平成ブーム""がさらに加速。Z世代116名が選ぶ美容・キャラクター・食・楽曲・カルチャーの5部門トレンドを発表 - PR TIMES",https://news.google.com/rss/articles/CBMiakFVX3lxTE9jbkt3QzVybzBvVy1IY2syVGRwMWI2WVJhRFZpSExUVXZDZnl0emFvWU9CWFlWcXJIWGh5b2FfUlQwZmR3cl9uQWNoQnFwNURaZWZvakpIY3lRTDlOckx1U1NIOG9SMHNpZ0E?oc=5,"Tue, 14 Jul 2026 07:00:00 GMT",2026-09-03T09:12:52+09:00
GoogleNews:食　トレンド,食　トレンド,定量×定性で読み解く「食」トレンドの現在地と未来 生活者の潜在ニーズと欲望の変化から導く次のヒットの兆し - Infoseek,https://news.google.com/rss/articles/CBMickFVX3lxTE43a3g4cENrRVJlM2xJQ3VmYzBTUnB1YVNVd2JEWktzMlRhdTlqSjROcTJGa014UXA2bXdhQUFZQU53ckxYWmJ3TVRmdjN2Nm1td2hZUHZyWmRWNlpPYldEYS1VT1BTRjNZeGdmc2FMZ2FXdw?oc=5,"Thu, 23 Jul 2026 07:00:00 GMT",2026-09-03T09:12:52+09:00
GoogleNews:食　トレンド,食　トレンド,夏の相棒「そうめん」も“生”がトレンド？モチモチ食感がクセに 個性豊かなアレンジ術も【Nスタ】 - TBS NEWS DIG,https://news.google.com/rss/articles/CBMiV0FVX3lxTE9ydzk4VzFzM0hSSDRFWHNvNURhR0VHbkdDYXc4cHFKbmMzYXU2N2tyQnJ0VGN1cXY2ZllkSmhiQ1RjS1NjTjNGaVVXZWZ4WXdsOWt3TUE4WQ?oc=5,"Mon, 18 May 2026 07:00:00 GMT",2026-09-03T09:12:52+09:00
GoogleNews:食　トレンド,食　トレンド,外食・中食マーケットトレンド無料オンデマンドウェブセミナー2026年7月 - npdjapan.com,https://news.google.com/rss/articles/CBMiZEFVX3lxTFBVang1QnMzeVpCN2JDN29qZWx1aEFGejVDZlM3UldwOHlGazRBV2wzMlkyaXl2OW5GSWpuVnRRT1NEeG92V214eHo3Mzh4VXNsU0N3SEg4Smo5bEJpTm9qN2xwSHc?oc=5,"Mon, 29 Jun 2026 07:00:00 GMT",2026-09-03T09:12:52+09:00
GoogleNews:食　トレンド,食　トレンド,世界の食トレンド最前線「FOODEX JAPAN」で見えた次の一手 - テレ朝NEWS,https://news.google.com/rss/articles/CBMickFVX3lxTE94YlpRdHh3SmQ0QVNPTVBUZWlNcVpHOVdSWnNtdlBjMDFBdHlRaGc5aUJkc2tSb2R2R0RwZkdmRXpSb185UWlFRmttaTNkUkoxbkM0ODdsTEVlTTJ5TUp6S2E4ZnRuU1ZSMTU4ZkZvYmE3Zw?oc=5,"Sat, 18 Apr 2026 07:00:00 GMT",2026-09-03T09:12:52+09:00
GoogleNews:食　トレンド,食　トレンド,味の素 猛暑には「オン⇔オフ スイッチ飯」を 「麻辣混ぜそば」「氷点下そうめん」提案（食品新聞） - Yahoo!ニュース,https://news.google.com/rss/articles/CBMif0FVX3lxTE9QeDM4QWJFUkVZMHVKSmJjWWJaX0Q4a3Q2Wm5VbFQ4ck9SaFdaYmpTTW1xTm9hLWFFT0VyRFdldGdEa1M1aGdIMlBibXpTUkRoYVVOUDRjZjhRd1J3NnVfc3VFUXhsM0pmOGEyckVVZEdybG1YZjVGUWVkMDZOZVE?oc=5,"Wed, 20 May 2026 07:00:00 GMT",2026-09-03T09:12:52+09:00
GoogleNews:食　トレンド,食　トレンド,スイーツのプロが今気になるトピックスをお届け！スイーツにまつわる8つのキーワード【2026】 - ELLE,https://news.google.com/rss/articles/CBMibEFVX3lxTE1CbF9WdUR2SDZZZHktWXhnY1lDNkdzZ2dRNW51b0g3ODVVSXpFVHdjQVUwaTdMQ2xvOHBTRDNkMWdVcWY2T3g1YWZoTHpCUFBfNFl0R2M3cGhHbjJOc0tYZ2tUa3h6MVJ5d1JUbQ?oc=5,"Wed, 22 Jul 2026 07:00:00 GMT",2026-09-03T09:12:52+09:00
GoogleNews:食　トレンド,食　トレンド,【松屋フーズ】松屋が「TikTok上半期トレンド大賞2026」にて「ヒットアイテム部門賞」を受賞！ 開店当初からの快進撃を経て“食×エンタメ×コマース”の新たなヒットモデルを確立 - PR TIMES,https://news.google.com/rss/articles/CBMiakFVX3lxTFBaUEJJTWY1SFBFUTNlMG1maXZtYmkxVFBXMUxkNkJIbVhJQ01BOTlSYklfVHZsYjlOalhwWHUtRGhEdk9wZE5zZzZ1R0lSdWlRcTdmN2JCMlBYQ0tuUEd0VGx1cTg2TWJaOVE?oc=5,"Fri, 17 Jul 2026 07:00:00 GMT",2026-09-03T09:12:52+09:00
GoogleNews:食　トレンド,食　トレンド,【セブン-イレブン】韓国トレンド菓子パン『餅っと食感クロッチ 黒蜜きなこ』を正直レビュー（木南きなこ） - エキスパート - Yahoo!ニュース,https://news.google.com/rss/articles/CBMiiAFBVV95cUxOajc5cFY4aUt1elU3dXR1RnBCSFpRYURGN090enppNHFTU1JNV0prYTVsbERYc3QtZC1TbTlPZ1VqRXV6QW9VR2Z0MS1ydnR2VDJrTDZXTUE5LVFHRUNxdmZuNjNKQkpueU8tM0hURjY5T0NUNFMyeWhZM1dsRGktWmxaYlhYM2dT?oc=5,"Thu, 11 Jun 2026 07:00:00 GMT",2026-09-03T09:12:52+09:00
GoogleNews:食　トレンド,食　トレンド,「具なしのクレープ」なぜバズる？トレンドに見る「映え疲れ」 - 現代ビジネス,https://news.google.com/rss/articles/CBMiT0FVX3lxTFAwRkw1UlR6dVFMcTJJX0VHNF9HMEFoYllWUVpQcEdHazRCUGxBOF9Gdm9RbWRmZW5jbGwyNTFZcW4zQlJCUGtKMHRPcXo1MEk?oc=5,"Tue, 02 Jun 2026 07:00:00 GMT",2026-09-03T09:12:52+09:00
GoogleNews:食　トレンド,食　トレンド,夏の相棒「そうめん」も“生”がトレンド？モチモチ食感がクセに 個性豊かなアレンジ術も【Nスタ】 - TBS NEWS DIG,https://news.google.com/rss/articles/CBMiYEFVX3lxTE14cFZCRlJrYlpnNHU4c2w4TGVVcGktS1llZEh1cjlkLUd4WTlRVG5QRG16bkh4NE1rQ1BfbzZyeTJQMWJSMEZhNGRlNnBORDkxNjhoTUZmY1hxQUpDcW44Ng?oc=5,"Mon, 18 May 2026 07:00:00 GMT",2026-09-03T09:12:52+09:00
GoogleNews:食　トレンド,食　トレンド,【韓国トレンド】食べ物からライフスタイルまで…今押さえておきたい最新の「流行りもの」ぜんぶ見せ！ - vivi.tv,https://news.google.com/rss/articles/CBMiRkFVX3lxTE1PWUZMOTc5QnZMekJ1NVE3VUJleGFyN0Z5d2QzM215TDQ4dFhmLTNHS04wZmI4N2Y1bmxaZlJvVVp2MUhNcUE?oc=5,"Fri, 05 Jun 2026 07:00:00 GMT",2026-09-03T09:12:52+09:00
GoogleNews:食　トレンド,食　トレンド,αZ世代が選ぶ「2026年上半期トレンド」が発表 「ドバイチョコ」「たまごっち」などがランクイン - AMP[アンプ],https://news.google.com/rss/articles/CBMiYkFVX3lxTE9abHJmRmRpejBjVGdxa3dfNU9LUTRmS0pHeEtYbE5OUkNqc0Z4clZ6bm45WS1YNERKV0Y5ak44UkdtMnVhVDlYXzhNeU9MNGdDT2pqMVNZZUlCUmJmT3A3Rzl3?oc=5,"Thu, 04 Jun 2026 07:00:00 GMT",2026-09-03T09:12:52+09:00
GoogleNews:食　トレンド,食　トレンド,クックパッド、食のトレンド情報を提供する 「たべみるニュース」、月額880円で検索サービスも：commercezine - MarkeZine,https://news.google.com/rss/articles/CBMiT0FVX3lxTFBqUEpGUDJkMDllZW9TX3M3cnVGWmJic0RpTldlUEpVYXJPNzF1czhSS3BobC1lWjBKN2xjcU0tMlp2bnRKc0hyWVBTWGMybms?oc=5,"Wed, 17 Jun 2026 10:37:40 GMT",2026-09-03T09:12:52+09:00
GoogleNews:食　トレンド,食　トレンド,「M!LK」「モナキ」「ベロベロバーアイス」「メロジョイ」「めじるしアクセサリー」…かわいいトレンド大賞 2026年上期発表 - マイナビニュース,https://news.google.com/rss/articles/CBMiXEFVX3lxTFBSc3JqQ3hEYXZIdktqcG90V3VFUkdpWXAwMjZ4bk1lSW5DUkdzUV9SY1ZZSDRpVzFCS01zTVU4OGQwVlQ3d2R0X2lpTWpwdjNrRHp1dmRndjVWMzVZ?oc=5,"Fri, 26 Jun 2026 07:00:00 GMT",2026-09-03T09:12:52+09:00
GoogleNews:食　トレンド,食　トレンド,牛ひき肉と白米だけ。Z世代男性に広がる「ボーイ・キブル」 - TABI LABO,https://news.google.com/rss/articles/CBMibEFVX3lxTFB0VVlHNVc5Tjl6ektILS1mT2RJb1ZWd3M5Tm9lYVBvdGZuWGxXWVdReTNTMF9CWFlaMkNMb3dqVGFxOUlVRXd0RTcySl9xc1lfRUd3U0hIN2Q5d0xRU2ppWFJ0V2VYLWgyQVJWMQ?oc=5,"Wed, 15 Apr 2026 07:00:00 GMT",2026-09-03T09:12:52+09:00
GoogleNews:食　トレンド,食　トレンド,【トレンドのも～っちり食感】ファミマの新作パン「きなこ＆クロワッサン」を実食。100円台の極上スイーツが激ウマだった - Yahoo!ニュース,https://news.google.com/rss/articles/CBMif0FVX3lxTE1lS01mWFZSeWdBYmc2bUhuZWZmS29iSE9TV3lCc2RsSk1ZNldMV1N4NlhEcE9ZaDVBbllydlpxZ1Q3N2tuTE9ENjB1czJQUEc0U29QSXo0eGRfTDVsTTRJQmdERS1sLXUwTzRrbmtQYWRNUjBKa3hIbnc2MGdtcnM?oc=5,"Fri, 17 Jul 2026 07:00:00 GMT",2026-09-03T09:12:52+09:00
GoogleNews:食　トレンド,食　トレンド,【ミヨシ油脂】「2026年食のトレンド予測・ハンバーグ編」発表、リピート購入を促すのは「ジューシー食感」、購買層に合わせたソースの味選びもポイント - PR TIMES,https://news.google.com/rss/articles/CBMiakFVX3lxTE1zcHZRVTQzeHByV3BRaGgwZWk3eVAzVmdUalA0NzFwaEpHa1ZlUnFERE12dERFM0F3LTVvOVhrMDh2MzFRWDJYVm1QZG42ZkxBVGxFSTBpTlZLVGdaSDhpMDNsMU5IY0VKdkE?oc=5,"Fri, 27 Mar 2026 07:00:00 GMT",2026-09-03T09:12:52+09:00
GoogleNews:食　トレンド,食　トレンド,日ハムのシャウエッセン「夜味」 夜の食シーン開拓までの想起設計 - 日経クロストレンド,https://news.google.com/rss/articles/CBMiZkFVX3lxTE0tMWFCNW02akhHRzZzQldvcWNqeF9zWHVlMWZkamFEWXNrV29wZy1tdU1fejRCc2RBSDlwODRuRjBwS0c3TUFWNk1kVTRrdEJNVUVuSF8yaHNUbEwySVBwNEM3eDQ2UQ?oc=5,"Thu, 28 May 2026 07:00:00 GMT",2026-09-03T09:12:52+09:00
GoogleNews:食　トレンド,食　トレンド,夏のトレンド予測10選！ 猛暑対策は“着る冷却”へ？ 新定番グルメは「辛酸冷・麺」【楽天市場調べ】（Web担当者Forum） - Yahoo!ニュース,https://news.google.com/rss/articles/CBMif0FVX3lxTFBUX3ExTHZwc0FteFY2OEs2b2dnTzlLaDZfVzgtWEs0ZTN6VXoxbXptbS03VV9NdUYxRjZZRGZVaUlZTWhDUjlXSzA3NWJJV0hrcnVURFRIRUNrZjVOVGhFeGI4eDh6STVycUJWMkR2QXpRNDYyNjlDNUpUSmIyS2c?oc=5,"Mon, 08 Jun 2026 07:00:00 GMT",2026-09-03T09:12:52+09:00
GoogleNews:食　トレンド,食　トレンド,最新トレンドパン『クロッチ』実食！クロワッサン×お餅の“パリパリ×もちもち”が新食感（あかし） - エキスパート - Yahoo!ニュース,https://news.google.com/rss/articles/CBMiiAFBVV95cUxNZ0pwUU9IelZkT25FTFd5MkhTRWttUElBX183Q21uVzdwQXAxUEM1cTg3S1hNZEhDRkNWOVcxY2V3dXloVktqcktCMF9MbWcwaDRrblFQUzVfTkkzbDVxWXV5c0tnVk1IZVc5VlhNZjBwNWJjcWJrR3ZEUW5wVXdyd0l0c25FTmhv?oc=5,"Mon, 20 Apr 2026 07:00:00 GMT",2026-09-03T09:12:52+09:00
GoogleNews:食　トレンド,食　トレンド,味の素、「２０２６年夏猛暑食トレンド」を発表、軽めと刺激を切り替える新食スタイルを提案 - kabu-ir.com,https://news.google.com/rss/articles/CBMiVEFVX3lxTE95RFY4eTNHZmZ4MWJZOElHaEZlSF9vMnE5VkhKcnNnYlFwVlRzZ3BTcVRXRkRsTUhTeFJxYzlyRVR0a1hLbnZucnN3ckRqNzk1bTBXTg?oc=5,"Fri, 15 May 2026 07:00:00 GMT",2026-09-03T09:12:52+09:00
GoogleNews:食　トレンド,食　トレンド,胃もたれを自認し始めるのは30代？ 調査で分かった食の「生活元年」 - 日経クロストレンド,https://news.google.com/rss/articles/CBMiZkFVX3lxTE9aNk16a25LWk16ZDIyc3JDVUwtQTFQV2pnQ2Q5M0Zqd2lMNXlpUlcxRklFWmpCa21za1E4S1ZWTmJZdG55RDkyQkp3aFZjLTQ5OExPVjBYUGlia2xQbWlHVUhLb3QtQQ?oc=5,"Wed, 13 May 2026 07:00:00 GMT",2026-09-03T09:12:52+09:00
GoogleNews:食　トレンド,食　トレンド,「中途半端は売れない」米国市場の現実 日本発フードテックが挑戦 - 日経クロストレンド,https://news.google.com/rss/articles/CBMiakFVX3lxTFBzeV9yXy15SzBuODRQZWRvMmtiT1k3TjhlVDNqYTczUkVQMnF5NWZEY2ZPTmphcGc5aFhqdzRqdXU1M0ZlZHd5ZGZNczg5YlVRcHI2cTNuN1dvdzFvYkFRWFJGaFlVTW5LN2c?oc=5,"Wed, 10 Jun 2026 07:00:00 GMT",2026-09-03T09:12:52+09:00
GoogleNews:食　トレンド,食　トレンド,グミのパッケージ42個を比較 食感表現は斬新過ぎるほど好まれない - 日経クロストレンド,https://news.google.com/rss/articles/CBMiZkFVX3lxTE1CR3RMRTBzdGZVMmRRTEFHZS02dXkyV1E4QlYtVUJ0dWNrYkJtb1Y0Q0l0NXVaNm5uemxnS1c5bm5PREFSU2ZDX1IxanVlSU04NUdfQmQ4RnAtNkhwaWZ4enU1TUpmdw?oc=5,"Wed, 03 Jun 2026 07:00:00 GMT",2026-09-03T09:12:52+09:00
GoogleNews:食　トレンド,食　トレンド,韓国フードが席巻!? 「αZ世代が選ぶ2026年上半期トレンドランキング」発表 - マイナビウーマン,https://news.google.com/rss/articles/CBMiXkFVX3lxTE0wMl9sTDd3aXp3b2dlbWd2RUFYNjNUYVV0Y2FVTDNqaDVwMW9oMW1XNUo5NnMzbTU0aVdLZWNiTFNNVGlPZVUyUEN2QkVySGp5UXRlRmp5N0RBVGQ4SUE?oc=5,"Tue, 09 Jun 2026 07:00:00 GMT",2026-09-03T09:12:52+09:00
GoogleNews:食　トレンド,食　トレンド,カーボン削り出し「たこ焼き器」 外はカリッ、中はふわ、究極の食感 - 日経クロストレンド,https://news.google.com/rss/articles/CBMiakFVX3lxTE5YSUhIZU02bDdENmk4bmN0c05aekJQWEVKbGtCSmVHTnlxampZNVhrUEFIei02WnA2MWJ1XzFlSkF0N0RsTTRvODhnUjJzVV9wZEtMLTdqNDd5a1RhVDh4eDcwOXZvc1N2bVE?oc=5,"Thu, 14 May 2026 07:00:00 GMT",2026-09-03T09:12:52+09:00
GoogleNews:食　トレンド,食　トレンド,猛暑の夏、「軽め」と「刺激」の二極化が加速？味の素(株)、「2026年夏猛暑食トレンド」を発表暑さと気分で切り替える『夏のオン⇔オフ スイッチメシ』とは？ - 毎日キレイ,https://news.google.com/rss/articles/CBMiekFVX3lxTE5kM1hSemtuSnVQazRmQUFYeWVpN2VHUUVXakszOTNwV1dZUC0wTkQyZm9ETkVpU2JmbTlWSjNaOWRZS3dvcXdjaXo4YXJxX3R0c05TdV9UeWgwUnVPOXZYQXpVcEZDbVU2ZmctWjloZlhrSzA0VzgzTUp3?oc=5,"Fri, 15 May 2026 07:00:00 GMT",2026-09-03T09:12:52+09:00
GoogleNews:食　トレンド,食　トレンド,【2026年夏】韓国トレンドグルメ part.2｜＠BAILA（バイラ） - BAILA（バイラ）,https://news.google.com/rss/articles/CBMiX0FVX3lxTE9WcHAzeTk0T3ZkTW9ldkZMY1FXaWRBdzlKbHNBRVpxREhKQ3JpU3E4ZnROMGxEWTloRFhBUG9uNkIzODVzREc1MDZSbXU5Rkp3TDZlRjQ3Vnd3T2xwQ1pN?oc=5,"Sun, 05 Jul 2026 07:00:00 GMT",2026-09-03T09:12:52+09:00
GoogleNews:食　トレンド,食　トレンド,ミスドが台湾スイーツを“独自改造” もっちゅりんに続く“食感系ドーナツ” - 日経クロストレンド,https://news.google.com/rss/articles/CBMiakFVX3lxTFBpSjhUc3g0QVg4QzlkZC1qT2RvUElwMGxrSnV1TFBzeElUN0p1RXBXc2F3a2VhVGYySVZ6Ry1lc1VKSjVMMmJSWnZtX2txRm1jQVU1WkJaZmhLeFlBcVVnNUttMV9QOXVfWFE?oc=5,"Wed, 13 May 2026 07:00:00 GMT",2026-09-03T09:12:52+09:00
GoogleNews:食　トレンド,食　トレンド,サントリー「NOPE」ヒットの裏にも キャンセル界隈が買ったモノ12選 - 日経クロストレンド,https://news.google.com/rss/articles/CBMiZkFVX3lxTE1oTWRYVmFQUVkzU3FCYXd6bEtVODhnVGRqUU0wU2NNWERZVkd3Z051YlAtSlFWNE5TMUQ4MUgxb3lYYUNrR1d0TEl5eTI0TjdRc1JxZkthNzRTVURib3dSMEdyYmZ0UQ?oc=5,"Mon, 11 May 2026 07:00:00 GMT",2026-09-03T09:12:52+09:00
GoogleNews:食　トレンド,食　トレンド,クロス・マーケティング「食に関する調査2026」外食頻度や値上げ感じる食品ランキング、トレンド食品の認知度を発表 - commercepick.com,https://news.google.com/rss/articles/CBMiVkFVX3lxTE1TQzR1QW9tSEY4LWEtblJVTERGYk9SZV95S0ZBTzBXQVY1OEJMYzB5R1ZiY3ZBaGd1TVdZV2N2a29weGlvUnJzUkQwM2N1WEZRcXBISzlR?oc=5,"Fri, 22 May 2026 07:00:00 GMT",2026-09-03T09:12:52+09:00
GoogleNews:食　トレンド,食　トレンド,【2026年夏】韓国トレンドグルメ part.1｜＠BAILA（バイラ） - BAILA（バイラ）,https://news.google.com/rss/articles/CBMiX0FVX3lxTE9FaXlzcFgwcmpoNnZucVA3cU9kSC1sVzRtYXJvWVFVaXR4RmRlNmhxN0tTTzNMLTNMWkF6aFBYamE0aGE2S1dxUm83U1RoZUhSdllJZDdGdXozWEpLbWww?oc=5,"Sat, 04 Jul 2026 07:00:00 GMT",2026-09-03T09:12:52+09:00
GoogleNews:食　トレンド,食　トレンド,【激うまカップ麺】感動級の最新“カップ焼きそば”ベスト3「1位は世界的トレンド!?スワイシー味」グルメライターが実食レポ - MonoMax web,https://news.google.com/rss/articles/CBMiS0FVX3lxTE9sQk1uQzBoUGYtSXp1Znk3OVRnWlE1ejkzeU5seHZjWWd1VkkyUllrZFo5ZUNUYWNLNGtZc2piV1REUlFkVE1uaVc2OA?oc=5,"Wed, 27 May 2026 07:00:00 GMT",2026-09-03T09:12:52+09:00
GoogleNews:食　トレンド,食　トレンド,タイ料理が上位3位を独占 日本エスニック協会「この夏流行するエスニック食」ランキング - タイランドハイパーリンクス,https://news.google.com/rss/articles/CBMiVEFVX3lxTFBRSlA0Y01vZkgxRGJCQjZFNl85ZkRRaEdMX1BzZG9tMDVVd04tZ19CUnpZU0ZZZlZ4dXNjeUdMblExdkozUHJwbXJSSWU3dE9Fbk52dg?oc=5,"Fri, 29 May 2026 07:00:00 GMT",2026-09-03T09:12:52+09:00
GoogleNews:健康　栄養,健康　栄養,【健康栄養学科】本学学生が『食育アドベンチャーランド』にボランティアとして参加しました - 相模女子大学,https://news.google.com/rss/articles/CBMiWEFVX3lxTFA3eEtrbjNoc0xpdktFeFd6czlkX3N4UWUxZlFZbjMtR3JtU29vVTBYb2RHcjQ0cURnR3FHN29hTmVoNlltcWkwb25Tdjh6X1dQTVl3YmxDOTg?oc=5,"Fri, 21 Aug 2026 02:59:31 GMT",2026-09-03T09:12:54+09:00
GoogleNews:健康　栄養,健康　栄養,常葉大学健康栄養学科 講演会「食の安全の落とし穴～AI時代の食のリスクを議論する～」開催のお知らせ - at-s.com,https://news.google.com/rss/articles/CBMiVEFVX3lxTE1JaWNfbTVESmEzSkpuOVRGVWc4NEhwbHFRZC1NdVJ0d2hzOFZUU2JubVFNQnRoTnpOM2o5N3FEeDVzNjAzNmVDUXo0THZOSmdXYmdjMg?oc=5,"Sat, 29 Aug 2026 04:29:24 GMT",2026-09-03T09:12:54+09:00
GoogleNews:健康　栄養,健康　栄養,令和3年度ひょうご栄養・食生活実態調査結果 - pref.hyogo.lg.jp,https://news.google.com/rss/articles/CBMifkFVX3lxTE55Z3hQcG9Ia01YWXQxNDhoSHpNX2lBQjFPREtFaEdxaVQyZk9zaGZYZXhmdVJxSlYxZkRzQjNSXzB1TjMtcG1RX3VTSU5xSHJpT3FnUk9ZNVZPT2cyTUJhZ1J4SWl1WDhHVlBkeG01NDZVTkFNTWw1U2hUWWEzQQ?oc=5,"Mon, 22 Dec 2025 08:00:00 GMT",2026-09-03T09:12:54+09:00
GoogleNews:健康　栄養,健康　栄養,地域・職域の取組（栄養・健康増進）について - pref.saitama.lg.jp,https://news.google.com/rss/articles/CBMifEFVX3lxTE5tSVZtcFdDTEd3SFRJclBJZ0txb25RVTZ1SFpfeUF5bXRTT0dxSzBDeUFoYmhmSFdNblU4UUxGNWxnUnNHWTlyS211dHpUWDloYlFlNmRHU0hKbGxpc1FhTUhyNjhhRExRNGtLeDFUaXktTGh1Q2FoTjFCczU?oc=5,"Wed, 19 Aug 2026 07:00:00 GMT",2026-09-03T09:12:54+09:00
GoogleNews:健康　栄養,健康　栄養,「令和8年度スポーツ栄養のための人材育成研修会」を開催します！ - pref.gunma.jp,https://news.google.com/rss/articles/CBMiYEFVX3lxTE52T0c0VlBGZGt4SWxoUFFya0tfUEh0dFNFOGtSR3hvT3IwdTVvQlkyWm1wWW5YdzZFLVZpT19icG5nX0g1M000SzJmSnJhOEt5dFpWMHJyVnRrdFN5azRPbA?oc=5,"Tue, 14 Jul 2026 02:04:19 GMT",2026-09-03T09:12:54+09:00
GoogleNews:健康　栄養,健康　栄養,国立研究開発法人医薬基盤・健康・栄養研究所 国立健康・栄養研究所セミナーを開催します - PR TIMES,https://news.google.com/rss/articles/CBMiakFVX3lxTE1oUk55UjRXMDhOLUpMcmxQTXRLcmVWcXFrU2RVTE8xNWtLSU9TM1NSRFp5aFVEakJpSnJmUTAyQkhCZGNKMDR6U2ZXREdlOVF4NHc4b2tuMmpGTE8tcWRPVDJPQUE5M2xtSWc?oc=5,"Thu, 26 Mar 2026 07:00:00 GMT",2026-09-03T09:12:54+09:00
GoogleNews:健康　栄養,健康　栄養,野菜摂取強化事業 - 札幌市,https://news.google.com/rss/articles/CBMickFVX3lxTFB1U0NxUTJab2hOR0JmTENYWWMwbkpDODZ3ZGRlcVVwZWM4YzJRX2RhZ0hDdEVkWFA4SzZfcmU2aXFrMzBJMERjVjc0LTlhTlhETkNLOTExc1F4RUE0YThJd21jalFZUG9OZUtkV1JRTFBuUQ?oc=5,"Mon, 17 Aug 2026 07:00:00 GMT",2026-09-03T09:12:54+09:00
GoogleNews:健康　栄養,健康　栄養,企業の誘致 - city.suita.osaka.jp,https://news.google.com/rss/articles/CBMiakFVX3lxTE5zZHdRMFZCMzJOMkN1WEhUcWM5aUNqOUpBaGtIbnliWmpMeWNnWGNPVXBwejh0cGhYOGdGNXFuWmhTby1aVkpXNUxoUEt2aDNfMUVuRUotXzdQRWw2UmF6OERLcFpjT0dkQ1E?oc=5,"Wed, 08 Jul 2026 07:00:00 GMT",2026-09-03T09:12:54+09:00
GoogleNews:健康　栄養,健康　栄養,味の素「アミノバイタル」と商標ライセンス契約／サントリービバレッジ&フード - フードウイークリーWEB,https://news.google.com/rss/articles/CBMiT0FVX3lxTE13c3hZZ3JFWHJQNFRVSTdFRHQ1S3JnMHZ3S0oxN3FPSGhuNUVROF9LLVpJS1gtdmVjb01mTm1WTzZGczRyNXA0MXpScENnLTQ?oc=5,"Mon, 31 Aug 2026 08:07:50 GMT",2026-09-03T09:12:54+09:00
GoogleNews:健康　栄養,健康　栄養,【授業レポート】健康栄養学科『キャリアデザイン入門』で株式会社LEOCに勤務する卒業生が特別講義を行いました - jumonji-u.ac.jp,https://news.google.com/rss/articles/CBMiYEFVX3lxTE9tQUpHNS1memIwVU9wY0FZd3dnekNsSzhNNVRjYjk3Z0kwb19lMWE3eEI2TVotSGg4V3h0bFF2b2pjY18xVEgxclhfRXBUQ0RkVmM2X1Z2ZFhEdWhxMHNXWQ?oc=5,"Thu, 23 Jul 2026 09:16:40 GMT",2026-09-03T09:12:54+09:00
GoogleNews:健康　栄養,健康　栄養,国民健康・栄養調査（神戸市） - city.kobe.lg.jp,https://news.google.com/rss/articles/CBMiXEFVX3lxTE1wcWs1ZG9maG1vX1YzelBjWHY5dVdkb3JGeVdYNFJxc2d6b0h6MTQ0ZDNIbV8ydjZfcmNZb1ZrOUhnV3R4YTZ0QzJqTC1KbkF3QlN4QjAxaW9hcnpm?oc=5,"Wed, 08 Oct 2025 07:00:00 GMT",2026-09-03T09:12:54+09:00
GoogleNews:健康　栄養,健康　栄養,【村上】食品の健康・栄養に関する表示等について - pref.niigata.lg.jp,https://news.google.com/rss/articles/CBMieEFVX3lxTE9rNDJsV2xjejVHS2VFSUk2bDhNVFZ4ajBpSmtIaUxIbllxQkVvMFZnUVM3UEdHYlRwX1g3UGU3N2hJSGZFeTd1elhibEhWNEU0bW51b0hVcGtfYzNLQVNXR01EYnRDaTFvSkpMSzRHbGpEOFFQb0JhRg?oc=5,"Tue, 06 Jan 2026 08:00:00 GMT",2026-09-03T09:12:54+09:00
GoogleNews:健康　栄養,健康　栄養,第１回健都チャレンジ・ アワードの受賞式を開催しました - nibn.go.jp,https://news.google.com/rss/articles/CBMiaEFVX3lxTE8yRkJxdERpUDFDVUV4REo5ZHpOSmZVVjFUSzNZdHZlYU5XazB1Q0ZIUzJ1MDQtYVNMbG03WEhSdmZzQTFaT1ViS0tJVkJyTHpjbjFmQi1welkzZk9FN3VQNFM5ZUloNmh6?oc=5,"Mon, 25 May 2026 07:00:00 GMT",2026-09-03T09:12:54+09:00
GoogleNews:健康　栄養,健康　栄養,"「糖尿病が強く疑われる人」は推計1,100万人―「国民健康・栄養調査」｜ニュース - dm-net.co.jp",https://news.google.com/rss/articles/CBMiWEFVX3lxTE5ON3AyQkN2cUpncXphRlNPSzltRGhvWmp5c0ExdUNvZEdmMW0xR2xrci1PS2pMc2taOHAzN1lVeVYwajBGOHZUWmJKc2lPRmFFWl9aZGxzVmg?oc=5,"Fri, 16 Jan 2026 08:00:00 GMT",2026-09-03T09:12:54+09:00
GoogleNews:健康　栄養,健康　栄養,国立健康・栄養研究所の畑本陽一先生をお招きし、講義を行っていただきました！ | ニュース一覧 | スポーツ健康科学研究科 - ritsumei.ac.jp,https://news.google.com/rss/articles/CBMiZEFVX3lxTE43OVpGUGNadDZhTXdWR2hzeUtQcjZzT0JTOWVEeVhuaEJhSDJLTkQ4cFNSaTlLX2lxUDFuX2c1b2RNQlNIUDA1VHdOZzcwbFZLVzQ4VlNSVDJCTDF4N2pGVFN5R2s?oc=5,"Tue, 30 Jun 2026 07:59:58 GMT",2026-09-03T09:12:54+09:00
GoogleNews:健康　栄養,健康　栄養,同じ食事内容でも吸収されるエネルギーは異なる？ | 国立研究開発法人医薬基盤・健康・栄養研究所のプレスリリース - PR TIMES,https://news.google.com/rss/articles/CBMiakFVX3lxTE16S1ZOLWxwaDZUWlQ5dTdxekdDUi1ySnJGYzFXT25HbU13WHkzWC1rempFQW5iTk82d19UWVd6MDVMSmgtbERJTG9MZlA2OF82RHdUYm1Hc19SUzc0b3I0N0xjblZDQzdzLXc?oc=5,"Mon, 02 Mar 2026 08:00:00 GMT",2026-09-03T09:12:54+09:00
GoogleNews:健康　栄養,健康　栄養,学年を超えて広がるつながり！健康栄養学科が「1・2年生交流会」を開催しました - jumonji-u.ac.jp,https://news.google.com/rss/articles/CBMiX0FVX3lxTE9Sc2djUnBWMGJoa29kUTBsM3h3OVJIWkhyVWtZc1BrQnI4NkhSdGdWdjFEN3VsRUwyMnZTb1NXdHVLUUNxbEZ2TTVIZmpvenFEYV9CblVveVM2aDdyR1hr?oc=5,"Tue, 16 Jun 2026 12:17:11 GMT",2026-09-03T09:12:54+09:00
GoogleNews:健康　栄養,健康　栄養,国立健康・栄養研究所の畑本陽一先生をお招きし、講義を行っていただきました！ | ニュース | スポーツ健康科学研究科 - ritsumei.ac.jp,https://news.google.com/rss/articles/CBMickFVX3lxTFBId0dmd1o5c25lc3JYUnFtNXl0dDFUMDNtbm04NlBmb2NxX0xUT3FLNWRNb05NTmxuRU85ZGVhV2cxa1IxSUJhbm9JR2g5bXNwV04xWWw0OE80aDdFeW5VME9IUXVpRTBIWnYyQnVZclliQQ?oc=5,"Mon, 25 May 2026 01:06:52 GMT",2026-09-03T09:12:54+09:00
GoogleNews:健康　栄養,健康　栄養,"就労者は非就労者に比べ、栄養素充足スコアが低いことを確認-成人3,520人の健康栄養調査データより- - PR TIMES",https://news.google.com/rss/articles/CBMiakFVX3lxTE1IOEVGTVRwc1ZvRW52MFM5SWptZmFHZnhxazRJQlkyMnJOZVMxMTREUDRxTklFUHk1TWlIUkgwdGY0elRLTkJMNENvVUEzQzhTdUVPZldhV0RFTFRiQkVUZndWZW5oSF9NVHc?oc=5,"Tue, 19 May 2026 07:00:00 GMT",2026-09-03T09:12:54+09:00
GoogleNews:健康　栄養,健康　栄養,健康栄養学科学生が「栄養士実力認定試験 成績優良者」として表彰されました - jumonji-u.ac.jp,https://news.google.com/rss/articles/CBMiVkFVX3lxTE9vSUlMbno1Z2VhMS1wV211b25PY2ZBaHNTdy12WHZnbkhWRldmNlpGZ3R4WlVqeG5EX1ZuczZrRndQa05IT2RjWlJsX0xvUXNBZlpHcUlB?oc=5,"Fri, 24 Apr 2026 07:00:00 GMT",2026-09-03T09:12:54+09:00
GoogleNews:健康　栄養,健康　栄養,栄養・健康づくり - pref.saitama.lg.jp,https://news.google.com/rss/articles/CBMiXkFVX3lxTE0zR2ludm11UHBkalBpMzQ4TzRKVzBsZTNkM2RvcHlQaFhSdHpCUjBER3dlMEdvbm91eWtOMGRQQlI0eHl6aG56MHJ0aS1TalpFT1ZvTlpwb1oxQ1l2T1E?oc=5,"Fri, 06 Feb 2026 08:00:00 GMT",2026-09-03T09:12:54+09:00
GoogleNews:健康　栄養,健康　栄養,「第17回浄見寺地元まつり」に健康栄養学部と学生ボランティア21名が参加しました／教育・研究 湘南 - bunkyo.ac.jp,https://news.google.com/rss/articles/CBMiakFVX3lxTE9WdHpfc2VKbF9DeGVBcktPMFRwYTYwa2F4eTRZRnN5eTJaODdTQVVETmRlb19xRFVpa0RtQUZZa2FicmhnbWZfU2NWMU4wTFZiZUw5YThLTnVqYUhJSWF1aUFkM0dfM0VKS3c?oc=5,"Thu, 23 Apr 2026 04:51:24 GMT",2026-09-03T09:12:54+09:00
GoogleNews:健康　栄養,健康　栄養,「健康と食、栄養に関する調査」結果を公開 - 国分グループ本社株式会社,https://news.google.com/rss/articles/CBMiaEFVX3lxTFBzRnI2RmFzVWpvdmNYMzJ5czY3LVJ5ZGpQVG5ZN2gyQ3NUMklBakF5VDdlRnJGdmtlTi1VSS13T2dyOXBXN3BSc1FQV1FGSVFsWWotWnRvRWplamdPVEFnRVAxX3BNcTNC?oc=5,"Fri, 19 Dec 2025 08:00:00 GMT",2026-09-03T09:12:54+09:00
GoogleNews:健康　栄養,健康　栄養,北海道食環境整備推進セミナーを開催します - pref.hokkaido.lg.jp,https://news.google.com/rss/articles/CBMiZ0FVX3lxTE1fWjh0S3AyaDQzQjI4MUNfUGJQNGw2X1lKdEdmcGVrcFQyVUhHaTdxaWpOcWpkS1lRSjQwVl9hVEZCVmx0TnJrRzBIc2hjbndzLUZTald4NHY3WENTbHYzUS1lUnAyQ00?oc=5,"Mon, 19 Jan 2026 08:00:00 GMT",2026-09-03T09:12:54+09:00
GoogleNews:健康　栄養,健康　栄養,【健康栄養学科】学科の魅力がぎゅっと詰まった！学生デザインのクリアファイル完成しました - jumonji-u.ac.jp,https://news.google.com/rss/articles/CBMiVkFVX3lxTE5VWXJDeG1Wc3pWRnNKVm9sTk54T0tGdmd0bjNGU2JjZjZRMmZUUWh2aGxZTVFUM3dNN0Vna2dUSFV6SFVscU16UGRkSUNnVEJlWHdHNEdR?oc=5,"Mon, 23 Mar 2026 07:00:00 GMT",2026-09-03T09:12:54+09:00
GoogleNews:健康　栄養,健康　栄養,同じ食事内容でも摂取エネルギーが減る「消化可能エネルギー」とは？ 食物繊維やナッツ類で低下するエネルギー吸収の実態 医薬基盤・健康・栄養研究所 - sndj-web.jp,https://news.google.com/rss/articles/CBMiS0FVX3lxTFBzdW54bHdiUV93VnA0WkptZVpVQWJ2SXFCM1oyNzhKZGV4Z1FKVHR2aWtBZU50LWF3azJSclVmVEhIdkVmWUpTTjJJUQ?oc=5,"Sun, 19 Apr 2026 07:00:00 GMT",2026-09-03T09:12:54+09:00
GoogleNews:健康　栄養,健康　栄養,食塩摂取量は平均9.6gとなり過去12年間で最低 令和6年「国民健康・栄養調査」②【栄養、身体活動、睡眠、飲酒、喫煙の状況】 - sndj-web.jp,https://news.google.com/rss/articles/CBMiS0FVX3lxTE1OTHdZbzE4SGRpdmtjZGVCZ1RQY1ZDVDVQQlBQN20zWG9QRTRLQkRnQWZPWnBZeHI0QWxyRlNKWlhPamp3aGhUNTlFQQ?oc=5,"Sat, 24 Jan 2026 08:00:00 GMT",2026-09-03T09:12:54+09:00
GoogleNews:健康　栄養,健康　栄養,《医師・歯科医師・薬剤師向け》無料オンラインセミナー9/13(日)朝10時開催 『Precision Nutrition時代における腸内環境研究と健康医療への展開』國澤 純 先生(国立研究開発法人 医薬基盤・健康・栄養研究所 / 副所長) - osaka.style,https://news.google.com/rss/articles/CBMiV0FVX3lxTE9WQWoyXzJiQ2xoYXA4T2xjZ2tyN2JIU29ja2U2ZlZMOTUwVTBoS1FyMTRHOTVFWjJCdVJXcGxyRFduSVFYZ2tadlo4SGVZOFI0LU5Hd2hOOA?oc=5,"Fri, 28 Aug 2026 03:31:32 GMT",2026-09-03T09:12:54+09:00
GoogleNews:健康　栄養,健康　栄養,【講座】日本栄養大学との共同プロジェクト！食と健康のプランニングセミナー開催 - city.sakado.lg.jp,https://news.google.com/rss/articles/CBMiYEFVX3lxTE5hUzQwTmUxeHRFNUVtWDNTTWFGSmVZamM2cXRqVV8xSzJXWEVxbS1pVHRvR3VFZ2ZKTjJlcHBUaDNEZGlKQnZQQlg1ZnNJMXA2WElNQS15QjcweC04R29Beg?oc=5,"Fri, 24 Apr 2026 07:00:00 GMT",2026-09-03T09:12:54+09:00
GoogleNews:健康　栄養,健康　栄養,健康メディカル学部 健康栄養学科の学生がレシピコンテストで優秀賞を受賞しました。 | ニュース - 2025年度 | ニュース - 帝京平成大学,https://news.google.com/rss/articles/CBMiU0FVX3lxTFBfVVo5X3d1dHdZVjBxTWdQSWhGUENGdHBNeUpRaHpJV0FBbjA2YWg5Y0Y2eWF6U0VHQUVfNjBHbWhKLVZkVFJQNjNpNGNhRk9JTEN3?oc=5,"Thu, 27 Nov 2025 08:00:00 GMT",2026-09-03T09:12:54+09:00
GoogleNews:健康　栄養,健康　栄養,歯列状態がフレイル重症度と関連し、食事の質がその関連を部分的に緩和 米国国民健康栄養調査 - sndj-web.jp,https://news.google.com/rss/articles/CBMiS0FVX3lxTE5QWHNSa3E5NjAyNTdKZkNVSnZqNVhuaHhYQ2dqOW54S2wtQUtJSTNtdVE4YkkxT182SW5zMnVZSlhPcDlTbncxbGhOcw?oc=5,"Fri, 22 May 2026 07:00:00 GMT",2026-09-03T09:12:54+09:00
GoogleNews:健康　栄養,健康　栄養,【活動レポート】B.LEAGUE Hope×日本生命 地域を元気に！バスケACTION「日本生命×愛知学院大学 健康栄養学科～べジチェックを活用した栄養教育～」を実施 - nagoya-dolphins.jp,https://news.google.com/rss/articles/CBMiaEFVX3lxTFBGSV9oZHVCVnZqeVcxNy03V2tSYmVJaFdTQlltNVg0NVRFWGZlZ2FVWGd1aUpzcVlpUkJ0b3piRnhraDJZbkJLZ0t1eDIxS0dtemJxVXc2Smd6VS12dEdtRXBCd2M0SFpO?oc=5,"Wed, 18 Mar 2026 07:00:00 GMT",2026-09-03T09:12:54+09:00
GoogleNews:健康　栄養,健康　栄養,北九州市 減塩ガイドブック 第4版 - city.kitakyushu.lg.jp,https://news.google.com/rss/articles/CBMiZ0FVX3lxTE1ta3BURkZEY3IycmhvOUdsQzU1UnVudnJLTURaa1dCbTJrTldUS1otczJIWWNaMmZFZUFBRE1HVnh5Wjg4S01TaDh0UkVfV1BRQjhkbEczUUhSRE9NbkRDSWNiMGs4cGs?oc=5,"Mon, 06 Jul 2026 07:00:00 GMT",2026-09-03T09:12:54+09:00
GoogleNews:健康　栄養,健康　栄養,体力の変化や生活習慣を見直すきっかけに『くすのき健康栄養フェア2026』を開催 - Digital PR Platform,https://news.google.com/rss/articles/CBMiQ0FVX3lxTE93cTN6VXJWbVBUVzY3bWRTWDRnbVZXMWl0TXNWaHVmUnpoVnNZZ3N6bkxKaEhxR3pNOFJXZG5IaFhhNzg?oc=5,"Fri, 08 May 2026 07:00:00 GMT",2026-09-03T09:12:54+09:00
GoogleNews:健康　栄養,健康　栄養,【日本学国際研究所】紀伊國屋書店新宿本店「相模女子大学日本学国際研究所と学ぶ・知る・考える」vol.9『戦後日本人は何をどのように食べてきたのか？～国民健康・栄養調査結果から考える～』を開催します | 大学からのお知らせ | 相模女子大学・相模女子大学短期大学部 - 相模女子大学,https://news.google.com/rss/articles/CBMiWEFVX3lxTE9FT0Y3dW5EejMzTWhLQVJkYzdVUkgxWHRocmU0WF9tUTZhRzdBbjVJbHRzcm9Pc18yQUd0N3hZQ0V6U01FanprS2lKYWIyVnl0VHgtSFRZQXE?oc=5,"Mon, 22 Dec 2025 08:00:00 GMT",2026-09-03T09:12:54+09:00
GoogleNews:健康　栄養,健康　栄養,【健康栄養科学科】臨地実習報告会を実施しました！ - 福山大学,https://news.google.com/rss/articles/CBMiW0FVX3lxTFByWTRiZVFQeTFQNThiS2VuOGpnRUJyZlZhOE5WOEJDb3RCejBYZ0RTU1hrV2xIbl8teWJ2Y3k4QnN0U0c2TjcwZEFNQTRnN2hOckw2Zy1xM1VrOGc?oc=5,"Fri, 13 Feb 2026 08:00:00 GMT",2026-09-03T09:12:54+09:00
GoogleNews:健康　栄養,健康　栄養,熱中症の初期症状に「個別認証型」の経口補水液を 日健栄協が呼びかけ - 健康メディア.com,https://news.google.com/rss/articles/CBMiZEFVX3lxTFBlSHFHUVVKNlBoVWQ1LVl6WEpnOVZQZVdoejZUNERiTDR3UnJRVTN4QVhXTUVsVXNqUUhaWnlocVZCZUZDbDFPWjdiSHVCMlRBaGRRdU85LVNBTElSRU9wNXV5eU8?oc=5,"Wed, 22 Apr 2026 07:00:00 GMT",2026-09-03T09:12:54+09:00
GoogleNews:健康　栄養,健康　栄養,食事・栄養を解析する健康管理アプリ「カロミル」を提供するライフログテクノロジー株式会社を完全子会社化 - 共同通信PRワイヤー,https://news.google.com/rss/articles/CBMiW0FVX3lxTE52SGlCS3E1aGF5MTFqSkRxTGtpUFFVQzlnYzlRMVd6dktYdW1xVEZBdFRZaE1scTM5VmN6VmFjdzNUblc5VGl3ZkxSRmZweTUzNWlIdUpNRDNya1E?oc=5,"Tue, 16 Jun 2026 07:00:00 GMT",2026-09-03T09:12:54+09:00
GoogleNews:健康　栄養,健康　栄養,シミュレーションによりヨーグルト※１の適量摂取※２に関連する ２ 型糖尿病と医療費の変化を試算 - nibn.go.jp,https://news.google.com/rss/articles/CBMiW0FVX3lxTFBSMEV5V0VNMDA1MlowbTdzZ3ctNWdCd0NEUHZWaUxKSndFZmRvVDJrd3RsTEZHeURNc3Z6U2NKWUFENDVKRUlYVVV3ZVdPLTNvUmVtTVItbzFNVFk?oc=5,"Mon, 29 Sep 2025 07:00:00 GMT",2026-09-03T09:12:54+09:00
GoogleNews:健康　栄養,健康　栄養,食物栄養学科の髙田 健人 准教授が「診療報酬改定2026」WEB研修会で講師を務めます - jumonji-u.ac.jp,https://news.google.com/rss/articles/CBMiVEFVX3lxTFBsbVIzZERaZVREdi1UTVdUc1FaQkltSXJWeGFOcWw5MDkzYlpkTmhZT2FBSXV5M0Y2MzFXdXVnVE1iY0xPbF91WEFGTmVpWS1CaFFoYw?oc=5,"Thu, 12 Mar 2026 07:00:00 GMT",2026-09-03T09:12:54+09:00
GoogleNews:健康　栄養,健康　栄養,健康栄養学科の学生が「フルーツを使ったカフェメニューコンテスト」で優秀賞を受賞！学生考案レシピが期間限定でメニュー化・販売中 | TOPICS - jumonji-u.ac.jp,https://news.google.com/rss/articles/CBMiVkFVX3lxTE9HSjI2WTFmZ3phRWsxT2xjamRqMWdxazBIX2JEMk90TWNPaGhoWkZtYTZPRVBBZjlrODVfa2V5ZDVZRE9STEtlSFFnb0xJOVZmMDUyXy13?oc=5,"Thu, 19 Feb 2026 08:00:00 GMT",2026-09-03T09:12:54+09:00
GoogleNews:健康　栄養,健康　栄養,"キリングループ 栄養ポリシー | 健康 | KIRIN - キリンホールディングス株式会社 - Kirin Holdings Company, Limited",https://news.google.com/rss/articles/CBMikgFBVV95cUxQYzhKemNuNEtjTHNHOEFvOE1ySmJoejJuaXpPVW9Mc04wUGxqS2xLZ0xsdEluX1RfRjI0Z0JLSmpBZ3daV2QyM3JsM2RxYWlnNGc1VWVOMDhZZHJQMF9JQVJMVzNkYXJSbUtFbm5POHlEbzNLNUI1YjQ3eTJXbjQ1bkVJVUhFTnFlWVk2NkJLYzR4QQ?oc=5,"Thu, 26 Feb 2026 01:02:33 GMT",2026-09-03T09:12:54+09:00
GoogleNews:健康　栄養,健康　栄養,素材情報DB、届出資料に活用可能？ 【機能性表示食品】HFNet、安全性情報に限り利用歓迎 - ウェルネスデイリーニュース,https://news.google.com/rss/articles/CBMiVkFVX3lxTE5Ld3I3QzhEUkhHZE1Dbk9RRkw2dURXZ1ZsY05YVlFod3p0TWhuVHdfdnR0LWZJQnR2S0dQRnRrbXJnSjVPRXNFVlRzYVgzVWwxa0FueEh3?oc=5,"Thu, 28 May 2026 07:00:00 GMT",2026-09-03T09:12:54+09:00
GoogleNews:健康　栄養,健康　栄養,スポーツ健康科学部 - ritsumei.ac.jp,https://news.google.com/rss/articles/CBMibkFVX3lxTE5YcVR2UVFwZWJyRjR1My1sWHBiVVZDR2FnR1BwcnNBZmlhOGFaRk11WjlYQkJ6UDl4UngxSVVMQ3NpVTEycG80bjJteC1pbUNYcHVjMHBEZktLUjc3bnp3V0hZaDhEUGpaZ202THZR?oc=5,"Thu, 18 Jun 2026 07:00:00 GMT",2026-09-03T09:12:54+09:00
GoogleNews:健康　栄養,健康　栄養,日本栄養評議会、6月18日に勉強会開催 品質・安全性確保や健康食品のリスクマネジメントを学ぶ - ウェルネスデイリーニュース,https://news.google.com/rss/articles/CBMiVkFVX3lxTE1sMWZLMGJUam5fb2t3aXpPQjJkaVRjdkhIYXR3eUxiYjkxQXhPcmtDZnlEMzRPV1BEV3dqQi1FcC1xcEM1RVZlZjNwV1RfN0M2SENIUWdR?oc=5,"Wed, 27 May 2026 07:00:00 GMT",2026-09-03T09:12:54+09:00
GoogleNews:健康　栄養,健康　栄養,健康運動指導士認定試験結果報告【合格率76.9％！！】 - jumonji-u.ac.jp,https://news.google.com/rss/articles/CBMiVEFVX3lxTE9XOUdyY2ozZmgtVFVMOVJ4Vncxc3ZGZEM4N2xWdlZpajRCc3AtQ3NxeFlfRERuRmFYQjhFX1RDajVObkZJdnlhSTV3V0x2MENmYzBQZQ?oc=5,"Fri, 01 May 2026 07:00:00 GMT",2026-09-03T09:12:54+09:00
GoogleNews:健康　栄養,健康　栄養,韓国の成人4人に1人の割合は肥満、糖尿病など心臓代謝の危険要因を伴う「代謝異常脂肪肝疾患」を患っていることが分かった。疾病管理庁の国立保健研究院は去る2016~2021年の国民健康栄養調査に参加した1.. - 매일경제,https://news.google.com/rss/articles/CBMiUkFVX3lxTE1VSlJTY0xTR3E5UFdST1J2U3poaWZKS2ZPOGoybVhzb1B5UHRURVlHY2xoek05M2VuX3p0aFNaRHFxeHVKZDhPSmVnSEVpR3ZDNFE?oc=5,"Wed, 19 Aug 2026 07:00:00 GMT",2026-09-03T09:12:54+09:00
GoogleNews:健康　栄養,健康　栄養,あなたも栄養不足かも？“達人”たちのアドバイスは - NHKニュース,https://news.google.com/rss/articles/CBMiX0FVX3lxTE5yWWFlc1htb0JSYjFBVF9hNlNlZ0hJYVV0NGlzd1RYX3cyWGpfYWZvbE8tRjBNR1BUd3VRbm95a1d2eDJTMUN4TFlDMGwybDVGaktTTlZtNW1oS3BDeExz?oc=5,"Tue, 24 Feb 2026 08:00:00 GMT",2026-09-03T09:12:54+09:00
GoogleNews:健康　栄養,健康　栄養,"「“ありがとう”の5月に見直す生活習慣」高血圧有病者は約4,300万人、喫煙率は依然約14.8% ～母の日・高血圧の日・世界禁煙デーに考える家族の健康～ - tv-tokyo.co.jp",https://news.google.com/rss/articles/CBMibkFVX3lxTFBpWVd3WXhhRWZraG0xZVVjNG85OXM5WlhLbjcyWmN0eEpNRFV6TW9DVDNwMjFSOG9KeE1FTXFNcXVaMldPbWhvWUVkcFRYZzJKVUdtVVhkM3RuUVE4US1ibndkbGZ1clhyWVBmQ3RB?oc=5,"Tue, 12 May 2026 07:00:00 GMT",2026-09-03T09:12:54+09:00
GoogleNews:健康　栄養,健康　栄養,スポーツ健康科学部 - ritsumei.ac.jp,https://news.google.com/rss/articles/CBMibkFVX3lxTE9kVzBTMGM0RHgtdVhmb0RDcXBJcDZQV19STVVlMnpqd2tXU01jQjJvcmNEemNObjA1Y2JmUkFGOTlHb0d1aGVCWXNxVWlFa0Nsd2paVGVRV1NwSDhtZ2RVcjRqdG9sRE93aUtkSlhn?oc=5,"Tue, 06 Jan 2026 08:00:00 GMT",2026-09-03T09:12:54+09:00
GoogleNews:健康　栄養,健康　栄養,B.LEAGUE Hope×日本生命 地域を元気に！バスケACTION「日本生命×愛知学院大学 健康栄養学科～べジチェックを活用した栄養教育～」を実施 | 名古屋ダイヤモンドドルフィンズ株式会社のプレスリリース - PR TIMES,https://news.google.com/rss/articles/CBMiakFVX3lxTE9LMzEzZXNIZlRwcUhuMGo5WHVERjRscnBaZ1lFZy0ycS1FUnZHU3NfR0twNUMzckVrYjZwTWoxUklTSkt6c3FGOTZRMVJYSjdLNGJkXy1LM3YtaWpaQjBZTy01QUZkMlJGcEE?oc=5,"Tue, 24 Mar 2026 07:00:00 GMT",2026-09-03T09:12:54+09:00
GoogleNews:健康　栄養,健康　栄養,パーソナライズ栄養食で新たな健康習慣を「TYPEFOOD（タイプフード）」東京都一部のセブン‐イレブン85店舗で販売開始！ - PR TIMES,https://news.google.com/rss/articles/CBMiakFVX3lxTFBpeDY4bGJ3ZWJPZzR6WEJyTWV5OS1Oem9idHRRSnc2ZVU1Q2F3X1ZGRnJ1N253eTFkUWw2Y3RpWE9xNkVJYTNKbzdhQU1RcW1LY21WazMxY0hkaG9BbElqOW9MZ0ZxZjFHVEE?oc=5,"Mon, 16 Mar 2026 07:00:00 GMT",2026-09-03T09:12:54+09:00
GoogleNews:健康　栄養,健康　栄養,【健康栄養科学科】福山ローズファイターズ選手を栄養でサポート！ - 福山大学,https://news.google.com/rss/articles/CBMiX0FVX3lxTFBac2tNV0tjUWpzcFVaZExHMlMtQThoX184TXo4aU5pVGM5eUxEeWNfMS16eHFuRnA2TlRSNm16Y2ZLbTg2VzRWcm5Sb0VJN3JYZWZkQXNnekVOQmRFUktr?oc=5,"Mon, 29 Sep 2025 07:00:00 GMT",2026-09-03T09:12:54+09:00
GoogleNews:健康　栄養,健康　栄養,【新潟医療福祉大学】昨年度は58組86名が参加！健康栄養学科「第3回高校生レシピコンテスト」開催決定！テーマは“大切な人へのランチ” - NSGグループ,https://news.google.com/rss/articles/CBMic0FVX3lxTE5CWjBGbU1id2U1aUVtaGY3dVFtMEZ2dmhabGxINTRWTUtOWjRzekotTENFbU5hc080eGFSdExtXzFPOWdEbUJseG9KOWtaTEw1ei1TREg3QkhsWDFKd2ZCX1NmcU1kOHFwMGpjQTRHZnJhQ1U?oc=5,"Wed, 15 Apr 2026 07:00:00 GMT",2026-09-03T09:12:54+09:00
GoogleNews:健康　栄養,健康　栄養,"糖尿病が強く疑われる者1,100万人 令和6年「国民健康・栄養調査」から読み解く生活習慣病と地域差｜ニュース - 保健指導リソースガイド",https://news.google.com/rss/articles/CBMiaEFVX3lxTE1qMGg2RUprWXRfaUl1cGRzbU96WmJ0ZE9DcG0wa2Q4em9oaDdabFJ6VVRUWDZGa2FZcEJISHQ2aW1xMkR5MFBjdXcwUDl5MTdkWVY4VEJORmM0bjN0aDBSd0xEd3N3X0xU?oc=5,"Wed, 07 Jan 2026 08:00:00 GMT",2026-09-03T09:12:54+09:00
GoogleNews:健康　栄養,健康　栄養,東南アジアの栄養補助食品市場規模、シェア、レポート、2032年 - Fortune Business Insights,https://news.google.com/rss/articles/CBMi0gJBVV95cUxOWDVtVDlBazUxVEtIYW1ZTTZVbFJMZGYwS1U3S1p0YVd1dlYxN2FQY1A1cUVyVzlnejJic0piekw3dWszeml0TWdTMHZNV2RvdGlTSjQ1X25PTW01WHJIUGFZSWRSX0s3b3cxMXZWaVdoYUdOREpEZ2FJUDFnS2xwWnpBeFR5RUY3X1AyUUZJWGlLRHcxYnFVQzFUMmlFd0RyREJXcTBQcUdaTEF5RHBTMHNCSXNTdkphN1V1RkZQRUI3NXVTaTY5ZmFOTzVESVp1YmxpeW1jX3N6bHlEd0dCelpMSi1valZTR0ZCcHhkSFhBaENFWDl2S0NzNG9POUlhNGQya242SFpOTnV5V19KUWdhVDcxMEdSQ0haci1tdVUweFpJVF9rdXItSDZJNHEzUUgxYmRteHNtRzVZQ0RpS2xZdEI0djJDOV9mSDNCX2Rudw?oc=5,"Mon, 17 Aug 2026 07:00:00 GMT",2026-09-03T09:12:54+09:00
GoogleNews:健康　栄養,健康　栄養,国民の健康に重要な公共データ2つを連携し、多様な方式で研究する道が開かれた。 個人の健康行動および栄養と疾病との関係、死亡間の関連性分析など個人オーダーメード型「精密医療」の端緒になる研究だ。 - 매일경제,https://news.google.com/rss/articles/CBMiS0FVX3lxTE5uZEpMNm9ZOWp1Q2hKdjNXV01uSWxYOXBDQ25TOVhfM0FQRjhsTU1kTzFSay1kcW9wMWszRGMtdG80bjBtMzBCUFhoaw?oc=5,"Mon, 10 Aug 2026 07:00:00 GMT",2026-09-03T09:12:54+09:00
GoogleNews:健康　栄養,健康　栄養,国民栄養調査で食生活の課題鮮明 野菜不足・食塩過多・地域差が明確に浮上 - ウェルネスデイリーニュース,https://news.google.com/rss/articles/CBMiVkFVX3lxTE9CU3hPdGlEc3ZkNVJHX3p1alUyeER3T0NWTGJCLS01eUxUTUNkVDBwWVU1OXlvMWRjSl9QNHFFQ2htS25FbkRWQW1VeGJCV1d3a01SSFZR?oc=5,"Fri, 05 Dec 2025 08:00:00 GMT",2026-09-03T09:12:54+09:00
GoogleNews:健康　栄養,健康　栄養,AI献立・栄養管理アプリ『おいしい健康』「家庭のためのAI」を加速、LLM画像解析機能をリリース〜食費推定AIはNHK首都圏ネットワークで紹介〜 - PR TIMES,https://news.google.com/rss/articles/CBMiakFVX3lxTE1nSWRVbENvTExrTl9mNERZWFgtbzRob1Y1a0Q1dDVQaUE2cjRLMWlvYUpyUjhyWDB1N2haUERua2JXTUNGU1BmUlE1WDhHX0FkOXB0MXB2SHFucHVYSWFQaHFacDQ2YTQ2NVE?oc=5,"Thu, 23 Apr 2026 07:00:00 GMT",2026-09-03T09:12:54+09:00
GoogleNews:健康　栄養,健康　栄養,「砂糖入り飲料」と「ミルク」 日本の研究で見えた体格との関連｜ニュース - dm-net.co.jp,https://news.google.com/rss/articles/CBMiWEFVX3lxTE14M2I2OEhuWUEzNjNGblM4ZzFOXzNqcTQxM3Q5STRINFhrbnVoY3BPZzA2c2dzRTNPUV81NENYeXZnREYtbS00MzFPVGVCZ2VXdEF0bmNpaU8?oc=5,"Fri, 13 Feb 2026 08:00:00 GMT",2026-09-03T09:12:54+09:00
GoogleNews:健康　トレンド,健康　トレンド,「座りっぱなし」「長時間労働」… 腎機能低下につながりやすい要注意習慣 - 日経Gooday,https://news.google.com/rss/articles/CBMijAFBVV95cUxOcGlZeGxFVnYtU25kZDBoQm9QRi03d3ZMaExIZjdibTJKOF82cTNVaDdYMjdaSEpFR0J5c1ZVN29kampCeENRN3ctV1NPempndU5hVkkzaDVZNDJOMGtKam56RGtFb0RtbE53N3VOZWlKS0VONjFqeVBKMHd4MzRaNmZkQUpFbTJuVkFEUA?oc=5,"Mon, 31 Aug 2026 15:00:00 GMT",2026-09-03T09:12:56+09:00
GoogleNews:健康　トレンド,健康　トレンド,ランナーに優しいカフェが韓国で急増している。これは韓国における新たな健康トレンドだ。 - Vietnam.vn,https://news.google.com/rss/articles/CBMiuAFBVV95cUxPNmlCaS13S01nNGhobHhjNTRNSktNS3NaWVJyQkNTZ3d4UFM2SnhfSFFnSlZ0dzcyMXplZ1FmZkhZSEFwTDRFT2Q5MUE3b2FRa19hVVEzcDA0cXpNY3c3TkpnR0l3QlpIYjBJMkE1UXlKOWRfN0x3RFVPdHZ1YksxWDZXdFUxU1d6VkZoaDJSZkhCZVZVdWxUS1U5Y3Uwak5SYWF2WERqUTN0OU5pWVhTd2U4aWgwVE5G?oc=5,"Wed, 02 Sep 2026 04:30:15 GMT",2026-09-03T09:12:56+09:00
GoogleNews:健康　トレンド,健康　トレンド,画像8 / 9＞アフターコロナの健康トレンドは「睡眠サポート」「見た目ケア」「手軽さ」「食物繊維」。約1242万件の購買データから分析 - ウォーカープラス,https://news.google.com/rss/articles/CBMibkFVX3lxTE9jR2IwUUxFSXJVdFRVOGVBZmNRZE5PV0twazV0Y01QdU9uSWt6dC1sQ09odEExRE1WUzlhX0w1c2hicXEtOXFBZmlIUG5YaEhxdDlrMXJQZEVNQUJuYUp3Mi00RTU3UU42V3NuZXZB?oc=5,"Mon, 31 Aug 2026 12:40:45 GMT",2026-09-03T09:12:56+09:00
GoogleNews:健康　トレンド,健康　トレンド,TPCマーケティングリサーチ株式会社、『2026年 健康食品市場トレンドレポート』について、調査のポイントをインタビューした記事を公開 - Excite エキサイト,https://news.google.com/rss/articles/CBMiakFVX3lxTFB5Y05TendzbFlYTGlFLTJYdlBVU28wV0ZaOEJaSTdGYTlPMnZYdzlWVWJYMk9DQTRDcWZRRVlFOW9QTUtxUGxVM1Y5WkMtWHN6NHdaTjNLY2w2UnloQzg3WjZaZDFSRUc3U0E?oc=5,"Wed, 19 Aug 2026 07:00:00 GMT",2026-09-03T09:12:56+09:00
GoogleNews:健康　トレンド,健康　トレンド,健康・美容の最新トレンドが今年も集結「からだにいいこと大賞2026」本日よりエントリー開始！“あなたの愛用＆NEXTアイテムを教えてプレゼントキャンペーン”も同時開催中 - PR TIMES,https://news.google.com/rss/articles/CBMiakFVX3lxTE5zcDVlZVRmcXBnTjlyY0VqdG9FTllFZ0dJSl9pYklIYlMyVlpna2wwc3M5SmtmZFhkd1UzQnBFVzQyN3ZLczJpQVZsU3RTNDVYMmdjUUxWR2xWNWhkcnVXXzlwX2hsTGpOS1E?oc=5,"Mon, 01 Jun 2026 07:00:00 GMT",2026-09-03T09:12:56+09:00
GoogleNews:健康　トレンド,健康　トレンド,「おならサラダ」は本当に健康にいい？ 栄養士が解説 - ELLE,https://news.google.com/rss/articles/CBMirwFBVV95cUxNd2lQZnBoZ2M3ay0wX2ZudjNGOE9QQlJkeHJldGhPd085WkNwUnpzRTdSTXdSbjNlWTlCZFR0LXJOOTVJTElrWWxoaVVrSnk4Q2dLX01fUzk1bS1WQV9weEMwMEg2YnZnVHVXMmdodVFBOC1WaFNxOWRMbm1WMW5jUHM5TktjbXl5QkpLa3pPV1hnMHZDZ0VPRExPMFJXRWExRUh0R0g5NC1pZWtFR0hZ?oc=5,"Mon, 29 Jun 2026 07:00:00 GMT",2026-09-03T09:12:56+09:00
GoogleNews:健康　トレンド,健康　トレンド,いま話題の「インテーク」とは？健康管理の新トレンドを解説 - 日本のトレンド (August 2026) | NewsDrop JP Emily Deschanel (czhKslndfj) - Mshale,https://news.google.com/rss/articles/CBMiW0FVX3lxTE53QmhzcENUVU8xbVkyc2oza3N6NW05YnJyemxLNS1uekhrM2lhQzZ0UW5UMzFJSkdMRWpvNU5rU1BDOVhSWUlPUk80QjlDNEJuMlY0QjZ3aXEtNGc?oc=5,"Sun, 16 Aug 2026 10:09:50 GMT",2026-09-03T09:12:56+09:00
GoogleNews:健康　トレンド,健康　トレンド,「24時間の健康管理」へと「トレンド」が「変化」した最新「ウエアラブルデバイス」6選【本当に売れているモノ＆売れ続けているモノ】 - Yahoo!ニュース,https://news.google.com/rss/articles/CBMif0FVX3lxTE1tN0FoSmZhSjRiVjJDd09sd2p0cF9qelNqMVRrRXM4ZUl1dllRaDRKam1HdndkRWlyZXJ6Y002WVFKOFZwNlZseWpkeDhJUFNhdy0zX3Y2OUtVSTNMWmJDdE9SbjZqcW5vVmRwVm0xSkp1WEc4NVhySVMzdy1zbVk?oc=5,"Wed, 06 May 2026 07:00:00 GMT",2026-09-03T09:12:56+09:00
GoogleNews:健康　トレンド,健康　トレンド,筋膜が今、健康トレンドの中心に──その正体と科学的根拠 - Forbes JAPAN,https://news.google.com/rss/articles/CBMiWEFVX3lxTE94enRfbkpnVU1pbE9OOVJWakdLQk1saDUtZ0ljLU5YbVgzWHhoUUU5eHJxRlMzTUV3T2JQMEVQaVdrY29uZ2Rxb3NoRDhwOUNoam1GQ0JXNWM?oc=5,"Thu, 30 Apr 2026 07:00:00 GMT",2026-09-03T09:12:56+09:00
GoogleNews:健康　トレンド,健康　トレンド,トレンド トラッカー：日本FFCの普及状況、韓国の健康補助食品生産状況 - NutraIngredients.com,https://news.google.com/rss/articles/CBMihgFBVV95cUxOdmxKWmI3SW53d2FvTnlFVHpfdTBVeGg2T2xFZzVfclpNQkNYclJKRXVrbjdVR3ZhajZ0bWxfam5vN2o4ZHA3cU52Tml5cHRVWFZlbWpYSDlLSlR5ZmJHZGt0UlJaUlhvQ3RkMkx4QUI0Z0dqSGhzZm5qSG02OWlCRmhhN0FIdw?oc=5,"Mon, 27 Jul 2026 07:00:00 GMT",2026-09-03T09:12:56+09:00
GoogleNews:健康　トレンド,健康　トレンド,「紅茶」の健康効果 飲み続けて生活習慣病を予防、腸内細菌叢も改善 - 日経Gooday,https://news.google.com/rss/articles/CBMicEFVX3lxTE5TalVyUWZTclNsR3Fza3BkZmtrNUlZdkFjT2xsaXpnMmtMaXhhZkJPRHdRczBIQThLQ0I4UDZsRHVrWmVFMnhSYjVPR1RnTkZMRkhOZVJ2eEwzQnRNNmRZcHBDeGUtNFotV0dfdkwzN2s?oc=5,"Mon, 06 Jul 2026 07:00:00 GMT",2026-09-03T09:12:56+09:00
GoogleNews:健康　トレンド,健康　トレンド,腸内健康の新トレンド「ファイバーレイヤリング」って、なんだ？ - TABI LABO,https://news.google.com/rss/articles/CBMiU0FVX3lxTE1NNi15RU9MQ3BxaGcwYmZPZHR0aWhBZnh5elJ5ZDNNcVpqUWJMWTJhZFBSYXd2dno2dW5ibXNiRWtYWGJ5cVQ4ZnB6VGMtSXk3eHNZ?oc=5,"Wed, 08 Apr 2026 07:00:00 GMT",2026-09-03T09:12:56+09:00
GoogleNews:健康　トレンド,健康　トレンド,サントリー「NOPE」、コーラ以上の糖度でヒット 開発者3つの英断 - 日経クロストレンド,https://news.google.com/rss/articles/CBMiZkFVX3lxTFA4WXl5d25sNlVVYlZSSnJBOUZwbWZzeUVHdHFzX19IaG93YmoyLW10UkczMTdnNmdaTEhYU2JqeTI0cWMyQnVPUC1oUURLVExhSzl0TF9iR0JpS0JSVWgyWTh0X0JTUQ?oc=5,"Mon, 06 Jul 2026 07:00:00 GMT",2026-09-03T09:12:56+09:00
GoogleNews:健康　トレンド,健康　トレンド,韓国流通業界、紫色の「ウベ」商品で新トレンド狙う…視覚と健康感で人気（KOREA WAVE） - Yahoo!ニュース,https://news.google.com/rss/articles/CBMif0FVX3lxTE45SmIwRDZpdzNzdDdkTnViTTlxdUxsejhobzJvQzRCV05GeGowUHBKZVV0SEFTaHpvWE9GVklGSDB6UXJoLU1LRlpseHRTWXlxSHdOMlVoNU1iLW55djNQSWEtbXRtLXFQT09Pc29NdXNSZ29SemdYdWZoNC1UUEU?oc=5,"Tue, 28 Apr 2026 07:00:00 GMT",2026-09-03T09:12:56+09:00
GoogleNews:健康　トレンド,健康　トレンド,舌の筋力低下を防ぐ！ 舌圧を鍛える舌トレーニング、姿勢も改善 - 日経Gooday,https://news.google.com/rss/articles/CBMicEFVX3lxTE5wRnVxS1liNzQtdXVrVjVVS3dkMmxoZk5zVUR4UHZLWVhvOXc3OUxTdzJXZTlRWmFNMzd5dGUyMEgxVFdIRm50NDRJS3VIbm03UTV3SWVvZWhvUWRzYTFhSDBvN21IV2szcUUtMjB3UG4?oc=5,"Tue, 21 Apr 2026 07:00:00 GMT",2026-09-03T09:12:56+09:00
GoogleNews:健康　トレンド,健康　トレンド,私たちの一生を支える「漢方薬」 そのエビデンスと強みとは - 日経Gooday,https://news.google.com/rss/articles/CBMicEFVX3lxTE5BUUMyTlhIclBfMDBSLVJsZ1dOSDNQV2c0aGNFaG4zajFpRzZiOWs2U245OG9OZHl3ZnY0VU9ydDY5dTh0b2ZiZUI1azVPaFhzTmtpRkNqQktOVGNRall1WnJpWFY4YW51aV9ZZG9Edlk?oc=5,"Thu, 25 Jun 2026 07:00:00 GMT",2026-09-03T09:12:56+09:00
GoogleNews:健康　トレンド,健康　トレンド,心と体を整える大人の癒やし旅 国内ウェルネス・リゾート9：医療・健康トレンドピックアップ：日経Gooday（グッデイ） - 日経Gooday,https://news.google.com/rss/articles/CBMicEFVX3lxTFBRTWNkMXJQMVZ6Q1lGeVl4UDU5OW9QUUI5cmJkdGhUZDNUM2wyTjBGMG5kTlZyaHppdUctazNxQlJUQWRKVzJkNlR3QjVlSEZQdnpDanV4a3NIS3dyTExleEN3ZHBLMTJCTWRJY0FhV2Y?oc=5,"Wed, 15 Apr 2026 07:00:00 GMT",2026-09-03T09:12:56+09:00
GoogleNews:健康　トレンド,健康　トレンド,「クリーンネイル(Clean Nail)」が新しいビューティートレンドとして浮上している。 華やかなカラーと立体装飾で飾ったネイルアートの代わりに、爪本来の健康さを生かした自然なスタイルが人気を集め - 매일경제,https://news.google.com/rss/articles/CBMiU0FVX3lxTE81cURXcFpjWnZjSDlOQV96Y0Z0N2U5d0lzZXJZb0xnLWtLNGlqUzNfdERibEx5aTlkMk9kNVA5WVJDcHBKUnZGQ3luR3B1M25XYnBr?oc=5,"Sat, 04 Jul 2026 07:00:00 GMT",2026-09-03T09:12:56+09:00
GoogleNews:健康　トレンド,健康　トレンド,「もうちょっと父の日も頑張ってもらいたい」健康を気遣う商品に…疲れを癒やすケアグッズ 今年の父の日ギフトのトレンドは？ - 日テレNEWS NNN,https://news.google.com/rss/articles/CBMihwFBVV95cUxPaUsyNkhHWEdhcWdKNEs0S1NPLVl4WThQMkJuT0FQZ01tMEttRjZJallHZW1rVHo3UExXWEpib1YydFJjNTRKSWRFUEJTVW93MTR0c2hrWTJJc1lORFh3UlkzVE1YczgzaXl4Y0RwTGFzOUJFVDFIbFZyWHFKZ1kyT3BJNmpEbnM?oc=5,"Thu, 18 Jun 2026 07:00:00 GMT",2026-09-03T09:12:56+09:00
GoogleNews:健康　トレンド,健康　トレンド,女性ヘルスケア白書 市場動向予測2026 〜健康トレンド・業界動向・女性ニーズ〜 - ウーマンズラボ,https://news.google.com/rss/articles/CBMiRkFVX3lxTE8yQ1BXMXpwVDZsTS1YLTZ4WWVTZF9UQ3ZfSTdGb2FoZE5ZdXFENlpIS21QcFE1T1lYVzlmOWE0RkN0TlRpZkE?oc=5,"Thu, 16 Apr 2026 07:00:00 GMT",2026-09-03T09:12:56+09:00
GoogleNews:健康　トレンド,健康　トレンド,楽天インサイト、20代の生活意識調査を発表「和好み化」「投資志向」「健康意識」の3つのトレンドが顕著に - commercepick.com,https://news.google.com/rss/articles/CBMiVkFVX3lxTFBxcXl1MW1ndjRxaFJqWU1zNkwwMnUtQldwYUFNWlpMOC1Mb1JqZVNtcmc1UE9PUkxqQjZwSWN5OVlCVUdlZWZwOVkwc1MyNW1wa3ozZDhn?oc=5,"Mon, 18 May 2026 07:00:00 GMT",2026-09-03T09:12:56+09:00
GoogleNews:健康　トレンド,健康　トレンド,健康トレンド2026！注目の健康食品・サプリメントビジネス - PR TIMES,https://news.google.com/rss/articles/CBMiakFVX3lxTE5wTlg4MDNuZXEycnpCX2dGTTdZMk9NYVpiRnYxRVlxcEhsV2RJU1YwVVgyQnEwOU90ZkhsV21RNDhlRUZvZUZhODVoQWZ6V0NSNi1QbjEwckNLY3VPcW8tSF96MGp4S0FFeGc?oc=5,"Thu, 19 Mar 2026 07:00:00 GMT",2026-09-03T09:12:56+09:00
GoogleNews:健康　トレンド,健康　トレンド,TPCマーケティングリサーチ株式会社、健康食品市場トレンドレポートについて調査結果を発表 - Excite エキサイト,https://news.google.com/rss/articles/CBMiakFVX3lxTFAweUhjQVg4QVlNUU9fclpoRmJacnlyb0k5QWx5VVc2UUN5dmdqZDRkZHlYTVFZT3ZvRHR3cmJVc1AzUmVMam1yZ3U0N1V0NW4xMi1salk2MW55Y1JOY0VDVnhqNDVraHNDMmc?oc=5,"Tue, 16 Jun 2026 07:00:00 GMT",2026-09-03T09:12:56+09:00
GoogleNews:健康　トレンド,健康　トレンド,韓国流通業界、紫色の「ウベ」商品で新トレンド狙う…視覚と健康感で人気 - AFPBB News,https://news.google.com/rss/articles/CBMiUkFVX3lxTFBfSGxMOXlpTnl3WW01VVBtZkQ5eld0X1JsdFd3NkxMaXR0N1d0N09yanhOeDd2MGhpMDU1YmpXblAwM2llbDJrYms3TGVSbDh2WnfSAVRBVV95cUxNOFZtMkJOVFpzYkk2OWRpMll2bnNuZUhyMTdJZTU0dENsTHNOTHN1bGMyUkFoRE5NeEhoOXJhUm9BSDVTSm9EWWJ4SmNJOXlYcEJmVkk?oc=5,"Tue, 28 Apr 2026 03:37:20 GMT",2026-09-03T09:12:56+09:00
GoogleNews:健康　トレンド,健康　トレンド,エレコム社員が選んだ最強デバイス｜“健康志向×スペパ”が新トレンドに - ASCII.jp,https://news.google.com/rss/articles/CBMiVEFVX3lxTE5XQTduNFluZFRXMmloWWJaTmlDNm5CV1FuZ1BKUWl4WnR0U1d3cV9IM3B6RGFaa1BSYnlsdzRUcmltcmIyUUhXOVprVVd0bXlSMVlFLQ?oc=5,"Wed, 22 Apr 2026 07:00:00 GMT",2026-09-03T09:12:56+09:00
GoogleNews:健康　トレンド,健康　トレンド,「マイナ保険証」トレンド入り、拾った保険証で100回以上受診にネット「証明された」「だからと言って」 - スポニチ Sponichi Annex,https://news.google.com/rss/articles/CBMilgFBVV95cUxQTEdvQ01kMkFuTHgtOGVoN3pkTE5fdFIzWDJsV24za2NHTWpBQjA1bkJReU5oZlZHLVd4NkZ5M3plQk9jVmJSTktMUHlNT3JWZlVNekJiYWdzeTVSN3ZiVnBYRlFzZFJaSDNLOHJBVzVWQlVRdXBRa21vUTNwdV9oVktIOTZnSTdpUy1JMFQ1Zm1SaWtHS3c?oc=5,"Thu, 23 Apr 2026 07:00:00 GMT",2026-09-03T09:12:56+09:00
GoogleNews:健康　トレンド,健康　トレンド,ファーンランのトレンドがますます人気が高まり、健康的なライフスタイルと環境への配慮を組み合わせる - VOI.ID,https://news.google.com/rss/articles/CBMiSkFVX3lxTE9NeXpJRGRza0ZybEE2OUJqaVYzc2NHNldXT2NfdGtOS2lEdlZCOGQ4UmlOQzZURGx5QnhMR0NQYlprc1lkcUpvWE9B0gFCQVVfeXFMUFFiM0JMa1ZQOFRnU1hrRzU0ank1ZFFmdnctSjBQdlZTTTYwOW5xMkdGa1MzTzk2dW9vR2cyODRVUDFR?oc=5,"Mon, 22 Jun 2026 14:29:25 GMT",2026-09-03T09:12:56+09:00
GoogleNews:健康　トレンド,健康　トレンド,【速報】今年の健康トレンド総決算！「からだにいいこと大賞2025」受賞結果発表＆オンライン授賞式レポート - PR TIMES,https://news.google.com/rss/articles/CBMiakFVX3lxTE9HWHN2OFBrblJ3UnMtRW5OZ1kzRnpQTzA2bEI3WGxESXBrdVJXTUFYdXkzYmpjemRTUmplT014T0MyOFVRcldKNVNrMFE5YVZjT0hndlVTX3ptUzk5MlFLTVFrcXpQQWNpZ3c?oc=5,"Tue, 16 Dec 2025 08:00:00 GMT",2026-09-03T09:12:56+09:00
GoogleNews:健康　トレンド,健康　トレンド,今年の「食と健康」のトレンドは？『あすけんトレンド大賞2025・あすけんトレンド予測2026』を発表 〜90億件超の食事記録データから見えた2025年のトレンドは「パーソナルカスタムフード」〜 - PR TIMES,https://news.google.com/rss/articles/CBMiakFVX3lxTFBoaXdSb1NNMGdfbTRqbkpGQnFVeEgwakhCSEsyR21rMGxpMXVrVkRneTFvaTcxQUVMMDRjbldRV0w1VnhNby1rQTZ0ZUo1Z2Z3MDYzUTV2YWVhcTJiX081cEUyM1RtdWxmVmc?oc=5,"Wed, 26 Nov 2025 08:00:00 GMT",2026-09-03T09:12:56+09:00
GoogleNews:健康　トレンド,健康　トレンド,2025年の健康トレンドを凝縮！過去最多567商品から選ばれた『からだにいいこと大賞2025』全受賞商品を一挙公開 - PR TIMES,https://news.google.com/rss/articles/CBMiakFVX3lxTFBkNGFvd0hsWmhlemFYMDFUbkRoNHo4YjJ6NDFsdENxYjV4OHptMm5oT0NtSmhNMmJGOEtSbk5xQU9VUFpuY3piNGpMRjdJWG5ia1dFVlJBVEpDTngweFhsZlpoaUNCNWNqd3c?oc=5,"Fri, 26 Dec 2025 08:00:00 GMT",2026-09-03T09:12:56+09:00
GoogleNews:健康　トレンド,健康　トレンド,CES2026における「女性の健康」トレンド - newspicks.com,https://news.google.com/rss/articles/CBMiU0FVX3lxTFA0LWFVOERtZHBvMXE5MEZ6Mm8tNXE4c2xzMVg0bWtNNmFvc1hIc1U2V3FIczk1YlB3UFJxUnVHY29saGVpUmZ2SnRhX2VrWWhXa2F3?oc=5,"Sun, 11 Jan 2026 08:00:00 GMT",2026-09-03T09:12:56+09:00
GoogleNews:健康　トレンド,健康　トレンド,食のトレンドは「手軽＋日々の健康」がキーワード！手軽に健康を意識した料理で自分を労わる、新たな食のスタイルに注目 - TOKYO MX,https://news.google.com/rss/articles/CBMiZEFVX3lxTE10a2NWbHI1OGxKUGJCbm1YR2J1eWI3UHBlMDBHbFBzekhQbW5mRGpVVlFSX3dsOFYzNzdrQUNRdmVOUjFiT3ZYZmhpalRxaUJxb3d0UDJpLXJQa2tWOHkzM0doZTg?oc=5,"Thu, 29 Jan 2026 08:00:00 GMT",2026-09-03T09:12:56+09:00
GoogleNews:健康　トレンド,健康　トレンド,『あすけんトレンド大賞2025・あすけんトレンド予測2026』を発表しました - 株式会社asken (あすけん）,https://news.google.com/rss/articles/CBMiZkFVX3lxTE9xbVp2WkRQSUYwdWVjWGZRdEZFUWdTZjB4QVdMcnVnQ0NqUnJCUFRHbjhqblVUSnVMRE5aMk9WdWdDci1IalpVUkpQQXB3MlJKcnBicWVFMzlPenhUMllfdVhMcXlJZw?oc=5,"Wed, 26 Nov 2025 08:00:00 GMT",2026-09-03T09:12:56+09:00
GoogleNews:健康　トレンド,健康　トレンド,「1日1万歩」の必要はない！ 日本式ウォーキングが世界的な健康トレンドに - marie claire [マリ・クレール],https://news.google.com/rss/articles/CBMiWkFVX3lxTE9DLWxHaUVHT2dJZGg0cU9MbmY0M3diRDUxeVM1QWlydkNHcDg3c2t3bkVtQ2N4azgyQnpybTBCbGl2bTZkeTRxbmhzcEE1MzBKZXpnZGFrdEJPdw?oc=5,"Wed, 07 Jan 2026 08:00:00 GMT",2026-09-03T09:12:56+09:00
GoogleNews:健康　トレンド,健康　トレンド,広がる健康無関心層、その未来と攻略可能性を予測する - 電通報,https://news.google.com/rss/articles/CBMiS0FVX3lxTE8tN1FpVlhWd2VkRUdRQmtPalFkYmJsTVhrU3E2QTNrM0x5bW1zLWhoS2psR2t5NGFDSXcyaU03cng1VXlXbnlfM2VyRQ?oc=5,"Tue, 22 Oct 2024 07:00:00 GMT",2026-09-03T09:12:56+09:00
GoogleNews:健康　トレンド,健康　トレンド,女性の健康食品トレンドと、市場ニーズの変化を捉えた企業の開発トレンド2026 - ウーマンズラボ,https://news.google.com/rss/articles/CBMiTkFVX3lxTE9iSmtMSkhKazNJM042LUpNM3Q1RXlxM0JtQmF1bE5kUWJDN1ZuVXZNcC1mLUVNRktkakQ2Zmt3N3JFdHlRV3RIWHUtMVY4QQ?oc=5,"Wed, 01 Oct 2025 20:12:54 GMT",2026-09-03T09:12:56+09:00
GoogleNews:健康　トレンド,健康　トレンド,ミンテル 2026年: 世界のビューティ＆パーソナルケアトレンド予測を発表－医療・美容領域の接近とメンタルヘルスをサポートする美容品、「不完全」で人間らしい美への回帰 - Mintel,https://news.google.com/rss/articles/CBMiiAFBVV95cUxOZDVhVGpKMk12ZnJzN196TWJOTUxMTVhwR2kyQ0VHYm1pN01XMDR1US1tb1hGREcyMGhFeElLdjNwVjRHdVN4QnViR3JJOVRhRUZpWklkNlBGSUhiYjR3RDM1dTl2N21FVGpIa25KOUJjdGdHSEM0Yl8zRkdDbUR5TU1xcV92c1Y5?oc=5,"Thu, 09 Oct 2025 07:00:00 GMT",2026-09-03T09:12:56+09:00
GoogleNews:健康　トレンド,健康　トレンド,コカ・コーラのCEOは健康的な食事のトレンドに注目しているが、それはプロテインではない - Business Insider Japan,https://news.google.com/rss/articles/CBMingFBVV95cUxQX083ZzFWRGdzY2htZkV3ODcwRFQ2UWlUM2hsNk9TNlZIM2VFQnZVLTB3WWljU0VGa3huaUJvcWhNZG8teFVqMDhJMXVHVE4zQ2tNRzRmT1BfMFlQelRwN1c1cUZxRTFmbE9LZ0lVTGNhUnFreXVPNkdHQXlPTWpqV0NCeG5qQ3RLN2FPN2lPalZZNnd0T3gyZlhfbUJKUQ?oc=5,"Mon, 26 Jan 2026 08:00:00 GMT",2026-09-03T09:12:56+09:00
GoogleNews:健康　トレンド,健康　トレンド,流行りのルックスマックスのトレンドを知る、注意して精神的健康障害を引き起こすことができます - VOI.ID,https://news.google.com/rss/articles/CBMiSkFVX3lxTFBVRzBaNDdYejRBNWFXRjF2MDR1THFtb2Y4Yndfd3pIN3N5cEJ6bklQdzd2X0kxeVpYQjV2Y0RVbFlMeXM0M2R3bnpn0gFCQVVfeXFMTVU4VXdpVG9rTnA0SHdDZkJWVzRFYTYtdzVSNlVXMDl5QnEzRzRoWmdqbzJyVHNqQXlqRzBkdFg5RThB?oc=5,"Tue, 10 Mar 2026 21:12:33 GMT",2026-09-03T09:12:56+09:00
GoogleNews:健康　トレンド,健康　トレンド,24時間リカバリーウェア「ReD（レッド）」 マイベストアワード2025トレンド健康グッズ部門 最優秀賞受賞 - 株式会社MTG,https://news.google.com/rss/articles/CBMia0FVX3lxTFBiTS1RT01fcWotcDhVLXJkYURYU3hYMmFSODk2RHhVdmc5UTVzMUdWUFp2aXJpNUVkaXJYMWhNaDBJWDl0cHpCdlZVZUc0QzE5U0xYMjRnWXR4N2JSMDlPNXNLb2dwRVltVU1n?oc=5,"Fri, 28 Nov 2025 03:02:19 GMT",2026-09-03T09:12:56+09:00
GoogleNews:健康　トレンド,健康　トレンド,新春特集第1部：重大トレンド解説2026＝健康寿命の延伸 エピゲノム年齢で提案 - 日本食糧新聞・電子版,https://news.google.com/rss/articles/CBMiakFVX3lxTFBUdUwxX25iY0VDczl6bkV1WlRTLXZTaGttS20wWkxUQnd2bEFrZ19JOFRFekl1Nk5UZ09pVGRTS2M0QWxNMVB0TW1vc0FxVWJ1OFhaRjg3N25ZMEh0cjJFVGpSV2ZtOFJJQUE?oc=5,"Thu, 01 Jan 2026 08:00:00 GMT",2026-09-03T09:12:56+09:00
GoogleNews:健康　トレンド,健康　トレンド,栄養士・管理栄養士200人に聞いた！2026年トレンド食材予想TOP３は「発酵食品」「冷凍野菜」「サステナブル食材」キーワードは健康×時短×環境 - PR TIMES,https://news.google.com/rss/articles/CBMiakFVX3lxTE0wdTFzOHM2a1ZhaXE2TjY5Q2F1Ry00cWFkcXZWQ0dzTDhMTXR3a1FyVWl0SWNQUS1yRkFmU1RkRXYtMTl0RzVrdEhBZzlWdllxaHNNMDZkZExpTHRPTVc3VHBZSUhtdVJjc0E?oc=5,"Thu, 04 Dec 2025 08:00:00 GMT",2026-09-03T09:12:56+09:00
GoogleNews:健康　トレンド,健康　トレンド,2026年のウェルネス業界を変革する5つの潮流 - Forbes JAPAN,https://news.google.com/rss/articles/CBMiWEFVX3lxTE5sNlZ6bldGbG9OV0ZUdElOLXo5dnBXblhZTHc5NHlaLTE5OXkyZlRNckR5RDFDalpsRWl1cmhPcFY5RGlvdUtYTVZyNEhDR1JhMTVCdjBxQkM?oc=5,"Fri, 09 Jan 2026 08:00:00 GMT",2026-09-03T09:12:56+09:00
GoogleNews:健康　トレンド,健康　トレンド,トマトジュースが健康志向の高まりで人気 豊富な抗酸化成分【経済トレンド】 - 47NEWS,https://news.google.com/rss/articles/CBMiS0FVX3lxTE5CT250Y2JTSnVqRlFJTk1tek1fYUxQNDV3aXFjTEJjRllJUGlLRXJ5SHRzWkRtRHJVc1QtczN1Mm9qWTlZemlOQmdfMA?oc=5,"Thu, 12 Feb 2026 08:00:00 GMT",2026-09-03T09:12:56+09:00
GoogleNews:健康　トレンド,健康　トレンド,2026上半期の美容トレンド発表、外部環境の過酷化や美容・健康行動の変化が影響 - ウーマンズラボ,https://news.google.com/rss/articles/CBMiTkFVX3lxTE4xQUg5WlVuUlExVVBwTW9aaFVFb3FHY1RMeXRaTHFwZlRhV0t3c1dFS2JhMy1Qb2lsc21iTnJCMHJGcTU2cVRNV3ZtVGtWQQ?oc=5,"Mon, 15 Dec 2025 08:00:00 GMT",2026-09-03T09:12:56+09:00
GoogleNews:健康　トレンド,健康　トレンド,“食べてキレイになる”韓国発ニュートレンド！ 美容と健康を楽しむニューウェイブ Kフードをさきどり体験！ 『ニューウェイブ K-FOOD試食会2025』大阪コリアタウンで開催 - アットプレス,https://news.google.com/rss/articles/CBMiTkFVX3lxTE9DVnprT0xFZlZXN0ZVdG9mYmxTWkJoVlRUQV95bFF4cUMwU2JBOXhJZU9HTURZcURWelBhazkzdkg4TGVqa040bi1rSUdZUQ?oc=5,"Tue, 14 Oct 2025 07:00:00 GMT",2026-09-03T09:12:56+09:00
GoogleNews:健康　トレンド,健康　トレンド,26年は「健康ゴルフ飯」がトレンド入り!? リソルの管理栄養士ランチとミズノ×サッポロの「スポーツノンアル」 - golfdigest-minna.jp,https://news.google.com/rss/articles/CBMiV0FVX3lxTE5Hdmx4ZGEzUzRhcTJhdWsxWkRMNm1BVl9uVEx3VmZtV0wySmotU0xwTDlMZWZoc3dubGpobHJfdVNMcnZ4Q1o1b0ZBNnBVa0daY19XaTJZWQ?oc=5,"Sun, 18 Jan 2026 08:00:00 GMT",2026-09-03T09:12:56+09:00
GoogleNews:健康　トレンド,健康　トレンド,英国発！ 2026年健康トレンド…３つのキーワードとは？ - Onlineジャーニー,https://news.google.com/rss/articles/CBMiakFVX3lxTE10d0Qtb19yWVN0aGJ1TmU1aW5oNHBVdUViM0pnOHk0aEtHakJuMkhoVjVhcW9BSlJ1TGZoMkFubkpMeFhFWEp3emlfdkZRN09qTEZKQkhwZTVTSVA0ZUxaUkhqdVVvN2tmTmc?oc=5,"Mon, 12 Jan 2026 08:00:00 GMT",2026-09-03T09:12:56+09:00
GoogleNews:健康　トレンド,健康　トレンド,24 時間リカバリーウェア「ReD（レッド）」マイベストアワード2025 トレンド健康グッズ部⾨ 最優秀賞受賞 - PR TIMES,https://news.google.com/rss/articles/CBMiakFVX3lxTE5BbFZ0SWkzVldfbEl2cXAyQ3JTYWtlaHJNM2VKdnFzMVduZHlPZ0lsSU1sSEVyeVMxdERncFNLOUVVU3JzbEhlVGRiRUVUTUpZdDJYbHpmOWd4WEN2UVpNZG0zVmFfUDhmN3c?oc=5,"Fri, 28 Nov 2025 08:00:00 GMT",2026-09-03T09:12:56+09:00
GoogleNews:健康　トレンド,健康　トレンド,コーヒーと健康の関係…骨折リスク、認知症リスク、死亡リスク - 日経Gooday,https://news.google.com/rss/articles/CBMicEFVX3lxTE9UcF9LNnpkMzJKRlI3QVVCcGl2QkFmMnlXRjBUODNrdHduTUdqM1pWUUFDM2lHbzBsdlNvU1NNbXdxaFZjcWJDSkdJZ2RXbzlzRk5zZFk2MFhTY2JkUjJOUVY2clhaUkY3U0U1dHdlZjQ?oc=5,"Tue, 14 Oct 2025 07:00:00 GMT",2026-09-03T09:12:56+09:00
GoogleNews:健康　トレンド,健康　トレンド,【出展社リスト公開】健康博覧会2026 約400社の出展企業情報を一挙公開！ 事前チェックで効率的な商談を実現 - PR TIMES,https://news.google.com/rss/articles/CBMiakFVX3lxTE1FNTI5WGg1STUxenZKdVdPQ1JEMTYtcngxd2prQ1NoZjU5amsxbXJ4QXdMQVozRWRvc3ljLUZmWFFNUGdMWTFTN1ZwVWQtRlk5bkFsOXB6Rk8tdEZqejBXN1lKc2NqUVJrWlE?oc=5,"Thu, 15 Jan 2026 08:00:00 GMT",2026-09-03T09:12:56+09:00
GoogleNews:健康　トレンド,健康　トレンド,ポイントは食物繊維！ 今注目の健康トレンド、ファイバーマキシングとは？ - ELLE,https://news.google.com/rss/articles/CBMimAFBVV95cUxOTFJvbThRd1dYbUlmNFhiXzNZN1hiNUVpTXJFQ2pMQ29qNmszZzR3UW5aQ3NDT3Q0bzlOWWZLREE5QXRDV3pDZ1BTLVJhaEl0MGJDbzhzVWRjNjFnLXJKaDgtZklBOVdVeDAtbnZ0MmNFdXFyVEpHVFdzTmVYSVJmTkVvZXVHdGE2dWItVHZxUmIybUlsNFVpTw?oc=5,"Thu, 25 Sep 2025 07:00:00 GMT",2026-09-03T09:12:56+09:00
GoogleNews:健康　トレンド,健康　トレンド,海外発・最新美容トレンドをキャッチ！ NY、ソウルから、北欧、南米まで - ELLE,https://news.google.com/rss/articles/CBMikAFBVV95cUxPTENrZFIyOWpWOFBsVjdFcF9ocFh6NzZhSnV1Ul9yTDlPTFV3OU5QYUw2M011Wm5DaFRDNmFySFhLWjhMY011aDg1ZzFJeDZhc2xwZXJzZnI1R3pmUkZXeEZsMzZCdEpCMjQtc2t6Zl8yQkpXaFZfbVRBRHhNdnBxc3dxVklvTzFwTmpzdV92NVA?oc=5,"Thu, 29 Jan 2026 08:00:00 GMT",2026-09-03T09:12:56+09:00
GoogleNews:健康　トレンド,健康　トレンド,パナソニック美容・健康家電 マーケ大改革 - 日経クロストレンド,https://news.google.com/rss/articles/CBMiXkFVX3lxTE5TRXVFMnRoQmZncTcwY2J2XzhpeC1DUlpJdmg5ZU54VHBuZHBMZGJZZTM4Y2oybmV0c2NtWFpuc0JNWkxxYUh2a1p3V21Za1k3T0hqa1JmOUZGSGlrSWc?oc=5,"Fri, 17 Oct 2025 18:14:26 GMT",2026-09-03T09:12:56+09:00
GoogleNews:健康　トレンド,健康　トレンド,ペットも進む高齢化⁉ 治療から予防、健康増進……ペットのヘルスケアトレンドを読み解く - 電通報,https://news.google.com/rss/articles/CBMiS0FVX3lxTE12ODQ5RVJma2tIVElaa2c5UGhxQ01XNzVFbHRhcVBHSUtONWpmcnFWVDZweXljQTJVZlhuLTM4THpoU1FXVXd6SHpDOA?oc=5,"Tue, 25 Mar 2025 07:00:00 GMT",2026-09-03T09:12:56+09:00
GoogleNews:健康　トレンド,健康　トレンド,40代以降でも「乱視」は進む 理由はゆがみの軸の変化にあった - 日経Gooday,https://news.google.com/rss/articles/CBMicEFVX3lxTE1zaGJmeEh2TVhlaU45TncxcW02RVZNWWIxandFU1ZRaE9zQkJac19kWEFQdkhIcXpIWVZaYkxkbmU1MUdyNkZ2V2c1RlloLWpqS1NoNXNBRUcwSVFaNDgyemtfTkRXTzg4b2lNazl6cng?oc=5,"Mon, 26 Jan 2026 08:00:00 GMT",2026-09-03T09:12:56+09:00
GoogleNews:健康　トレンド,健康　トレンド,“食べてキレイになる”韓国発ニュートレンド！ 美容と健康を楽しむニューウェイブ Kフードをさきどり体験！ 『ニューウェイブ K-FOOD試食会2025』大阪コリアタウンで開催 - Newscast.jp,https://news.google.com/rss/articles/CBMiT0FVX3lxTE00b3hpTlNBZFZHWmdPZWRfYWxtZ2R1NlJqUlhkWmsxd3RIVXBfNG9sM2dtdXJSQVpNNms5akxwRmhnbE94NjVLYWdKS1dMMTg?oc=5,"Tue, 14 Oct 2025 07:00:00 GMT",2026-09-03T09:12:56+09:00
GoogleNews:健康　トレンド,健康　トレンド,"中国動物健康市場規模, シェア, トレンドレポート 2035 - Spherical Insights",https://news.google.com/rss/articles/CBMie0FVX3lxTFBNUXdCdGo4RDVZNTRjTkdlYmYzbWc4VVB0NEtCNUZ1dW1fbWo0bTUtNWctT3JrZUdITUdSdlA3TE9hLTVjY2dRZFlHcGdMeU9CdzUtUDkwTk91VjFJd0tja1RCenhfelJaX2Y4Q0ZFYU81TGpmc1BlQ2xOcw?oc=5,"Sat, 14 Feb 2026 02:23:27 GMT",2026-09-03T09:12:56+09:00
GoogleNews:健康　調査,健康　調査,水俣病対策に111億4千万円、環境省が概算要求 健康調査の開始、見通し立たず - 西日本新聞me,https://news.google.com/rss/articles/CBMiVkFVX3lxTE9WeTJjZVA5UmtUdnlleXVWQXlCaGFSWW05aVJSTDNyWnY2UndJNlpFS3lBeWxQRmE0S3dmcjhlNUhDVlEtWmh5YzBDMmxuNVBIeFlOWG1n?oc=5,"Fri, 28 Aug 2026 06:15:00 GMT",2026-09-03T09:12:58+09:00
GoogleNews:健康　調査,健康　調査,「健康経営銘柄2027」・「健康経営優良法人2027」の申請受付を開始しました - meti.go.jp,https://news.google.com/rss/articles/CBMiY0FVX3lxTE9wQjg2SC1uZjR3WDE0RUxOckpqMFM4cTlOazRUUXIzYmxheTNZT3YyVDlZem54SWNoZi1LRnZLWTlGajhTU21zVnRSUkJQM1BqYUo4T2g0V0lFYjl1Yl80T2RNVQ?oc=5,"Mon, 17 Aug 2026 07:00:00 GMT",2026-09-03T09:12:58+09:00
GoogleNews:健康　調査,健康　調査,北海道の喫煙の状況 - pref.hokkaido.lg.jp,https://news.google.com/rss/articles/CBMigwFBVV95cUxNdFpfN1FUNXFwUm40T0toUGZxS2VSci0wV2p0WDdNbTg0VnNZa2tCdVlDQ3YyMGI1alVMWU40NVRjeks2dlZwT2dqOVJPU190VW94THUzV0xjU2haNUhONFRBa3F4ekwxUzI3Zk9Ia2wwV2dLUmVkRlJJT2tHWXBpbEpNWQ?oc=5,"Wed, 19 Aug 2026 07:00:00 GMT",2026-09-03T09:12:58+09:00
GoogleNews:健康　調査,健康　調査,健康診査・がん検診など - city.tsubame.niigata.jp,https://news.google.com/rss/articles/CBMiekFVX3lxTE9QaVlXdXRaZ1hvdW5hWG9CV3FxWDdQejRGNmtFTFkxY0lkUEZmUE5hOG5nd3c3NHUzMTZPdkJRTXJfT0didTJ3TktJbXhkYVNEUE5lSExhWGJJSFE0YW5MdHp5aDlwbm9tZ2dIVzRtRzdFZFotbmdFSkt3?oc=5,"Mon, 17 Aug 2026 07:00:00 GMT",2026-09-03T09:12:58+09:00
GoogleNews:健康　調査,健康　調査,能登半島地震の被災者7346世帯の健康調査結果 仮設住宅居住者で心理的ストレス「高度リスク」が増加 - TBS NEWS DIG,https://news.google.com/rss/articles/CBMiZ0FVX3lxTE10eHllaDdqTm5GaXNjSUFOcVQydldmWURUcUE1VGk3ZFBvcXdqdlNUWTUxUmJHcm9MaWZtTmZ1UGJVNjNSTmJaZ1R1bHFJS3BxdTFHTmlEcmgxY2JvVG5XY3JiZjNUbjQ?oc=5,"Tue, 18 Aug 2026 07:00:00 GMT",2026-09-03T09:12:58+09:00
GoogleNews:健康　調査,健康　調査,能登半島地震の被災者7346世帯の健康調査結果 仮設住宅居住者で心理的ストレス「高度リスク」が増加 (MRO北陸放送) - Yahoo!ニュース,https://news.google.com/rss/articles/CBMijgFBVV95cUxNcWlHaDB4ejFKMnhyOGxiWUJ4dE9NTUxyM3p1U2pZSUtlNGhDc0lqR2ZoanV6VjRpTDJTV3hja0RYTDFLR2ZYSTZpZFVDeWR1RzlfWk1VY0d0Ung1dDk0aGpZaUk3bXRyNWJ3aXdOQnk0MTdLOWNBOWZPT2Z3OGFzTkY4LW1qYlNONGRsMkRR?oc=5,"Tue, 18 Aug 2026 09:36:18 GMT",2026-09-03T09:12:58+09:00
GoogleNews:健康　調査,健康　調査,水俣病対策に111億4千万円、環境省が概算要求 健康調査の開始、見通し立たず - 47NEWS,https://news.google.com/rss/articles/CBMiS0FVX3lxTE9hT0w1VTd4T0Jjd09UVDZCOGtHcng3ZUxpT0NOZ1IzNFMta19ZRFpwQ1NnZnFPVHJzN3J1ektNdmthMDJFakRhUFBBQQ?oc=5,"Fri, 28 Aug 2026 06:15:00 GMT",2026-09-03T09:12:58+09:00
GoogleNews:健康　調査,健康　調査,水俣病対策に111億4千万円、環境省が概算要求 健康調査の開始、見通し立たず - au Webポータル,https://news.google.com/rss/articles/CBMieEFVX3lxTE84ci1SUW40bUpodUROV1NMakZ6elVjRXZwbTBqNW8ycFg1M3ppemFqNWNNUFhCSC1qLWdRZmx3eXVHWWhvd3M0NG9XXzhsZDVFekdoQUx5Z3NuRU1IWUNsYzMyV2dkTzVPMFVKdFFqS2lwandoMU5Xdg?oc=5,"Sat, 29 Aug 2026 08:04:26 GMT",2026-09-03T09:12:58+09:00
GoogleNews:健康　調査,健康　調査,健康上の問題による日常生活への影響の経年変化～国民生活基礎調査（2025年）からみた高齢層と若年層 - nli-research.co.jp,https://news.google.com/rss/articles/CBMib0FVX3lxTE81X0VwaGdZLUdkQkFhd1E3aHZaZ2JqazNhRVg3dUZoX05aRUpGOWlKT0tpTjBmaTAyQXVldjlfTnN6LXZteXFLTEtnRXI5cTZYMUhhNk5wYWVxUV9fRUNnR3I4RzRyZnhzM0J6Vloya9IBf0FVX3lxTE1FUlk2LWx5NkxIeFBkT0xBN2xFNC12djMxUmlIU3FFTm9FakRhV2hoVTRxVmwwa0ZQcDN4dmwyY1ZtcHlacFk5cmtXY0xxTnNMWTFFelE3NlFLU2hVN0JYQmFqa2IyVUdJZjBKYUNSenlVSm5KSi15ckRmQW5pQk0?oc=5,"Thu, 13 Aug 2026 07:00:00 GMT",2026-09-03T09:12:58+09:00
GoogleNews:健康　調査,健康　調査,能登地震と豪雨、被災者1割に健康リスク 県調査 - 産経ニュース,https://news.google.com/rss/articles/CBMidkFVX3lxTE14R3BiTVV1YUpMNnZpVjFsN2FTdW9TR1RRcC02UV84Zm9tUWQ1RWF0S2NQNEZtVXFQWWxndERQZjlJSFNWcUpMb1ZhbHNsYWdZTXZscEJ1ZjYtT2dOVFFoNkNYLWpJYS1GNS1WSDIzZVhNczBzMUE?oc=5,"Tue, 18 Aug 2026 07:00:00 GMT",2026-09-03T09:12:58+09:00
GoogleNews:健康　調査,健康　調査,能登半島地震と奥能登豪雨の被災者 仮設住宅生活で心理的ストレスのリスク上昇 石川県が健康調査 - 日テレNEWS NNN,https://news.google.com/rss/articles/CBMif0FVX3lxTE1FMlFiNDYxXy13eWNoZ1RsdU51QkNISmY0a0h5VmRqUWVvOEZ6NE1nSldDX0FSRGFwVHZUa2VfU09FZkI0REc5TGQ1YV8yYjVMTTBXWm4yemFGWnJTS1pEZ0hkOGkxNjBtWnhfR3Y1dVhpWFIzaV82MWxEOUU2OUE?oc=5,"Tue, 18 Aug 2026 07:00:00 GMT",2026-09-03T09:12:58+09:00
GoogleNews:健康　調査,健康　調査,被災者の心と体　健康調査の結果がまとまる - ｄメニューニュース,https://news.google.com/rss/articles/CBMifEFVX3lxTE5lcjJBeVNRRVRnckZ1RWE1WHpNdGpiN1k4cHNZOTBaVk56NWRQZ3lKazhVeHc1QXMtVmhuVmxEVjBHT04yaTE1UFZqZjUxUVUweHgtS296VzZXd1NtNmpnS2Q5ak9VNUlyWHRMcWtxcDE1cUh3bGpTODJUOVTSAYIBQVVfeXFMT0N0aW9zYmtCTldfeWI5TkpJSGM2NjZjNXV1LU9kdHBXcTNNWUw4bVVOWjUxOWxFVFpnWHBwTHdKTDhsUTdZUzFmdWdZd1UyNm9RUkFjRGIyTnpzaUJLWFB3NGpqX1Bpb0wxZEQyNFJRa21KamEyUDVVT2pwNDVUdUtOUQ?oc=5,"Wed, 19 Aug 2026 07:00:00 GMT",2026-09-03T09:12:58+09:00
GoogleNews:健康　調査,健康　調査,仮設住宅やみなし仮設の住民、ストレス悪化 石川県が能登半島地震・奥能登豪雨被災者の健康調査 - 中日新聞Web,https://news.google.com/rss/articles/CBMiVEFVX3lxTE1wU2F1eEJ5XzBQbW1MZ29uWDVxUC14S29rLU1jS25yRkpwbFA3bHdSNlJNQ0hXbnFVaTJGbFZfQ2RMeXZIQzVaTDVTZGRnQTJpZ1pkbA?oc=5,"Wed, 19 Aug 2026 07:00:00 GMT",2026-09-03T09:12:58+09:00
GoogleNews:健康　調査,健康　調査,奄美市健康体験交流施設再整備活用プロジェクト - city.amami.lg.jp,https://news.google.com/rss/articles/CBMiZ0FVX3lxTE1IVkp0ODNuMzRNOF95YVh4aVczVHpPVjYzN281c3F5QjhVbTI5ZjdmRWVUcmMySVR4ZFpHSlI5eE5XaXdqVGhmZko3dWRlRTdoSnI3MHpQSHlucEFlT1E1cTJKbnR4Ymc?oc=5,"Wed, 01 Jul 2026 07:00:00 GMT",2026-09-03T09:12:58+09:00
GoogleNews:健康　調査,健康　調査,小学校に入学する前の健康診断 （就学時健康診断） - city.moka.lg.jp,https://news.google.com/rss/articles/CBMigwFBVV95cUxOMTZ2eFVEdUFqcGxHWFNsLTNidjltRlJiRW1LRnljdkZvTDl4bmxqeGRSU0lxNmVIclpZeWVDNWwxcWY2S2NCeXVUUnF4elM3TFdpamZ2WEZGUFBkQnUyOWFXRmxxdnhuOG1tRUJ3eFlyQUxULXJOZXNBaXlwMHVqSTZLNA?oc=5,"Tue, 28 Jul 2026 07:00:00 GMT",2026-09-03T09:12:58+09:00
GoogleNews:健康　調査,健康　調査,能登半島地震の被災者7346世帯の健康調査結果 仮設住宅居住者で心理的ストレス「高度リスク」が増加 - TBS NEWS DIG,https://news.google.com/rss/articles/CBMiYEFVX3lxTE50VnIzblBpUWdrVzhDQy1rQUR1NmJDZ3R2ZFd1U2Vlc3NUMzJkZTJ3MDdtYUhubll0d1FVQmE5MFhhOUxrbzVsbHRjZmI2cTNjWmd4ZWpfR0FRNk5oWW9nZQ?oc=5,"Tue, 18 Aug 2026 07:00:00 GMT",2026-09-03T09:12:58+09:00
GoogleNews:健康　調査,健康　調査,各種健康診査・がん検診 - city.fukaya.saitama.jp,https://news.google.com/rss/articles/CBMiugFBVV95cUxQT2oxZkZfbW5TdHJPSFpXblhWenRYOC1GdjNSN1RTQ040WkZTeTMwanpPZXZIc1RubUsxRFR2cXZQbEJzSFFUQzE3Y20tc3hYNWtzWGtYb2VqWWdEX3FEbWxacEJPNHFLUDdqVU9NUFVTMFZsUHNDbkNhOFpaaTNNWVZyRW9fT0tNZEQ4bWN4cGNKUlJWNFNIaFpBR0k3M0k0OVhMNTVsRC1oNEJyZko1cnNDWlU5ZTJlZUE?oc=5,"Mon, 15 Jun 2026 07:00:00 GMT",2026-09-03T09:12:58+09:00
GoogleNews:健康　調査,健康　調査,能登半島地震の被災者7346世帯の健康調査結果 仮設住宅居住者で心理的ストレス「高度リスク」が増加 - TBS NEWS DIG,https://news.google.com/rss/articles/CBMiV0FVX3lxTE83ZDdyWk1kTFBPSXdFQjJYbExfOVNrSDhLUDBITTNGYnFzeUdMTzVXejdlbkFwcVA4dkdfRUxvcHgtdHk5TGdZcDBzRmNPdVZaQnFqbXlSdw?oc=5,"Tue, 18 Aug 2026 09:35:00 GMT",2026-09-03T09:12:58+09:00
GoogleNews:健康　調査,健康　調査,イタイイタイ病「要観察者」認定なし 調査対象の47人中 患者・要観察者ともにゼロ 富山 - TBS NEWS DIG,https://news.google.com/rss/articles/CBMiZ0FVX3lxTE9PTDVBNFRfOG05VHFCWjRtSW9fZHhKMmRUcHNORF9GLThBTHpVMGZpYlN4d0M0SEYtVldrZ1VNWTdJUzBDaGJSV1haVmI4aWNmak5yeE5PdnpZNUR4akwtdGpJR3J2TU0?oc=5,"Sun, 09 Aug 2026 07:00:00 GMT",2026-09-03T09:12:58+09:00
GoogleNews:健康　調査,健康　調査,［水俣病公式確認70年］「住民健康調査」科学重視の国、救済求める被害者団体の間に深い溝…新たな線引き懸念 - 新潟日報,https://news.google.com/rss/articles/CBMiXkFVX3lxTFAwMVdVdWdqcXpIQk1NYnlhLUctWk10TE1EVjFpcGk1MUJRSC1vSlVwRm1RU1RteTFRcDdoUHhoakNwNDA1NW5SWUhyMzFYcGUycmJiR3k0SXFrU3g4Z3c?oc=5,"Mon, 08 Jun 2026 07:00:00 GMT",2026-09-03T09:12:58+09:00
GoogleNews:健康　調査,健康　調査,調査会新設、女性健康課題に貢献 日薬連、政権の動向に反応 | 日刊薬業 - 医薬品産業の総合情報サイト - 日刊薬業,https://news.google.com/rss/articles/CBMiSEFVX3lxTFBxNEsyT2REc09HTGpkNFBIc01YOEEwNmV6UmNIaE12UWhiNXNhR1FfQW9yb3AtWTRMeGpYVmNraXpVSVpfbUxldw?oc=5,"Fri, 15 May 2026 07:00:00 GMT",2026-09-03T09:12:58+09:00
GoogleNews:健康　調査,健康　調査,子供の2型糖尿病、有病率は想定を上回る可能性～全米小児健康調査｜ニュース - dm-net.co.jp,https://news.google.com/rss/articles/CBMiWEFVX3lxTE9yVVhOcVNRUkpfQnlNMUNiQXljWll2YkdoYUs1TFZOYUVjeWpXaDNNdk04aWY1NFB4SDg3clI4RVoxMi1GeDhjTjdpNGRJNlppZkFlU3Zjaks?oc=5,"Thu, 25 Jun 2026 07:00:00 GMT",2026-09-03T09:12:58+09:00
GoogleNews:健康　調査,健康　調査,-第3回 食と健康の意識調査を実施- | 一般社団法人 日本最適化栄養食協会のプレスリリース - PR TIMES,https://news.google.com/rss/articles/CBMiakFVX3lxTE1hSjJxUktvSUgyT1M3RVlQZFBIMk9JdEVadzgzUk9laENxeUstNGRlc1Z6eTN0M3EzN25BT1o4TmdJaGk2bkx2S21rVmRQdmhnZ3FHXzZRZXhQbDM3cE01a0pqelJ5QjQ2d3c?oc=5,"Wed, 17 Jun 2026 07:00:00 GMT",2026-09-03T09:12:58+09:00
GoogleNews:健康　調査,健康　調査,火山灰、桜島で健康調査 今秋にも国際チーム [鹿児島県] - 朝日新聞,https://news.google.com/rss/articles/CBMibkFVX3lxTE16ekdhZWpzT3VGcmpySFItMUs1YmVobkVNSjU1TUhMLVNDV3hKb0VnTjh1U1Y3dFQwNU5EMGpyTVhvWkdUVWxfaWlNdUF3UVdSbXpjYndrMGFzY1lqVWNSS0ozWTVpMmI0MTVjNlBB?oc=5,"Fri, 03 Jul 2026 10:52:53 GMT",2026-09-03T09:12:58+09:00
GoogleNews:健康　調査,健康　調査,「しびれは悪化の一方」やまぬ救済の訴え 健康調査の実効性は? - 毎日新聞,https://news.google.com/rss/articles/CBMiaEFVX3lxTFBoSEZZMzVDQTRUTURpX2d2aUdHYXljN0l4T3I0dkI2OGUzVzhSMHNmSm5NbUFJSGN3NVc2bTE3Ql9SWkllMDl4c3cxTU5CQThOa0Z0aW82RTdHM0EyMWRPLXEwTjI0T1Nl?oc=5,"Fri, 01 May 2026 07:00:00 GMT",2026-09-03T09:12:58+09:00
GoogleNews:健康　調査,健康　調査,一般生活者480名を対象に『AI健康相談・AI医療に対する意識調査』を実施 - PR TIMES,https://news.google.com/rss/articles/CBMiakFVX3lxTFBPNktiR3hqMFptcUhoOU5UV0JFdXRlZ3pSeF9JYWhHM3ZhSy1hUi04a0kyMWo3ZFpOSzlIRzZqLVJFRjJZY1ZSQk9lT1JpQXN0TWJRRTM4V2xvSnZQYnVfWjZkQlhFMzlBZkE?oc=5,"Thu, 14 May 2026 07:00:00 GMT",2026-09-03T09:12:58+09:00
GoogleNews:健康　調査,健康　調査,「精神的健康」調査で日本が最下位、韓国はワースト2位＝韓国ネット「納得」「もっと支援を」 - ｄメニューニュース,https://news.google.com/rss/articles/CBMiigFBVV95cUxPcVFDUFluanB0eFBJcnRISzhiRUtNb3MwNXJneGJzZDEyOGhBdl8xcjE5WTVaMTBYZlh4NVdPYkpPY1JybG40M3cxenJ5RzFRRWl2azBQQ3JaMjRxQnR0MF95alNadmp5RUV0c09wQkk0NC1WVDVQYWVQVGp6aVBMMXhSS25KOTlyUWfSAY8BQVVfeXFMTUxHT3lNNTBuU3BhVHpxdHg1VG9hNG9ST2tVMnYzUW5EV1d2N3g5S1FPLU9zb2g3T1lsRGNFUG9maUlTMnlHYzF5R2hHZm4zQThSQWQ0MGlSbGVxbU5MbHgtenhMNEgyUG01REN5UGFuc2ZacDJBRExhMHZWU2dyMUZndnZ3anBZNE91ZWhKTjg?oc=5,"Wed, 29 Jul 2026 13:44:43 GMT",2026-09-03T09:12:58+09:00
GoogleNews:健康　調査,健康　調査,がん検診のご案内 - city.nagoya.jp,https://news.google.com/rss/articles/CBMijwFBVV95cUxQM2I4a0pQQzhyTVNGOWg2MEtBOWJWSFdzSHJhanVqX2FNQ0l3VkZWOUgySFpGaHcyOVZaOE82eUZ3Ti1taXhOVjNicGdJQ2dEV20tWm5MdF9sbWtoQ3J6SDR3NnpBeGpiVW5oN0xULXJJUWJYdTkyV1ZFMU1HQTN2RklrcmNZRTg5RVBUam5zaw?oc=5,"Wed, 27 May 2026 07:00:00 GMT",2026-09-03T09:12:58+09:00
GoogleNews:健康　調査,健康　調査,［医療ルネサンス］長寿県の秘訣＜３＞大学が長期的な健康調査 - 読売新聞,https://news.google.com/rss/articles/CBMivAFBVV95cUxPVXZJMXdQQmcxWEU4Z1dCUXh0WHpfZTlBMzZOOFJiT3A0dEh0X3hVV0N6Q3BTMldrR3BaOEUwa2tyNkJFZFVBSFJPbnNnMFV3RlE0THEyVjZqS2x4S1dvdDIycURKaUNMeXFVdjJwQXBhWURFR0ZmcldDSXY0azBENjl1cWRlaXdTSmlWSGRtNDN2V1J1M1psUzZ1bDU1QUkyY2xjalNXYWNQc3pXQVlTdXVqWklCQ2taZkpXdw?oc=5,"Tue, 14 Jul 2026 07:00:00 GMT",2026-09-03T09:12:58+09:00
GoogleNews:健康　調査,健康　調査,パートナーシップ証明制度と性的マイノリティの精神的健康との関連を調査 | 医療・健康 - TSUKUBA JOURNAL - tsukuba.ac.jp,https://news.google.com/rss/articles/CBMieEFVX3lxTE1zc1VQc0xpbmcxTlU4emxTT0cwdHowX0w4N2xyRVBiNUJhTGhwU3hsQkdwbW9jZzczZmRnR3hLQ3IxR1RQYVI0NlVLMUdQN1kxWDhrSzlmY3Qwb3h6WVFDZXNiUUVtLUt0RTVPLVZEMDRPR2VjSTFvYg?oc=5,"Tue, 19 May 2026 07:00:00 GMT",2026-09-03T09:12:58+09:00
GoogleNews:健康　調査,健康　調査,瀬野川水系における有機フッ素化合物（PFOS・PFOA)に関する調査結果及び対応について - city.higashihiroshima.lg.jp,https://news.google.com/rss/articles/CBMigwFBVV95cUxOY0tjczdUWEp2VjhGM1ZFUktXY0llUFlhTzE4d283Y2RkTjNwcGlDTlNoNGtDeHJCeUxNRy0yaU5QZmtuSmNULUZvQ0RFYUxWZmU0eTVVdWktQUNIcVdYVll4X0ExZUpMd1k2SDBRU1M2MmI1Rm0yMEdYVlVpRThITGZ1WQ?oc=5,"Thu, 09 Jul 2026 07:00:00 GMT",2026-09-03T09:12:58+09:00
GoogleNews:健康　調査,健康　調査,住民約1000人の健康調査を20年以上続けている「岩木健康増進プロジェクト」を青森県 宮下宗一郎 知事が視察 長年蓄積した調査結果を活用しながら企業誘致を目指す考え示す - TBS NEWS DIG,https://news.google.com/rss/articles/CBMiV0FVX3lxTFBXNmtsNnMyRlZEdy11QmgxV0lSUElYV1V2ZFI2SGoxaWgyOUlyTnRBYXJneGhCWXZncEh0X25VQjFjWF9mX2xnZVVEYk9nZlpCWmpCUEVCYw?oc=5,"Wed, 03 Jun 2026 07:00:00 GMT",2026-09-03T09:12:58+09:00
GoogleNews:健康　調査,健康　調査,若者が健康に暮らすには…1人暮らし月27万円必要 岐阜で調査 - 毎日新聞,https://news.google.com/rss/articles/CBMiaEFVX3lxTE93MWZ4RWVCcUx5QTd0ZmJsUUxyTjVoeF95SS1POVFOX3N6bjhyenBaOFJGWk9vb2VsMjVYM0J1UVNyM04wMW5JSHdwUG5ZVEp3aTJtdkhOeldUYXVRclFzLXJ5Y2RCMG82?oc=5,"Mon, 18 May 2026 07:00:00 GMT",2026-09-03T09:12:58+09:00
GoogleNews:健康　調査,健康　調査,令和7年度厚生労働省 老人保健健康増進等事業・社会福祉推進事業・障害者総合福祉推進事業 - nri.com,https://news.google.com/rss/articles/CBMiZkFVX3lxTFBGaHRmaE5sejd4eDdKMUhWSVhDTE9zaW5GQzlRZk5SbGRBaVBRYXFpb1FNY3JnRjVFdENmdFNJQWQyVlpIVmIyNTlPSGtPMVhvOXZQV01kY2REM21LdjdYQUZyOXhqQQ?oc=5,"Thu, 30 Apr 2026 07:00:00 GMT",2026-09-03T09:12:58+09:00
GoogleNews:健康　調査,健康　調査,環境省が水俣病の健康調査を本格化へ 先行調査で「不満少ない」と結論付けるも 被害者団体側は「実態解明に繋がらない」と批判 - TBS NEWS DIG,https://news.google.com/rss/articles/CBMiZ0FVX3lxTFBtYU5xeW11VTJ6RF9fUF85dW1hZjJhY0NxN29YOXFMRVJURVkyUVFXemFrYkNOVDMtdXNIYmNDTnllS3Zsd0w5S1VZQlE3cjVGUi0xRmo4bW1ITm42WEFiWl9vNWZvTU0?oc=5,"Thu, 23 Apr 2026 07:00:00 GMT",2026-09-03T09:12:58+09:00
GoogleNews:健康　調査,健康　調査,甲状腺検査の利益めぐり応酬〜福島「県民健康調査」検討委員会 - OurPlanet-TV,https://news.google.com/rss/articles/CBMiS0FVX3lxTFBKUFlOSmZ4bTB2VU5BYzdkaFNCQUFZQ1U4Z09vM0J4WmVMUklLYWVMTWNHYTNBbnUwQW5MMlVsV1ZrM3gxZldDRVhkWQ?oc=5,"Wed, 25 Mar 2026 07:00:00 GMT",2026-09-03T09:12:58+09:00
GoogleNews:健康　調査,健康　調査,令和7年度健康食品試買調査結果|3月 - metro.tokyo.lg.jp,https://news.google.com/rss/articles/CBMidEFVX3lxTE1oNWRiOFlRQWp0V2JhTEdIQmtFbUVYaDloQ19UNm82d05lQlNCNVBoU1FxalcxcDBQd2tPTG41ODl1RVMyaWxyZXZEWkdSSUpzdFFHOXpTcmxzbDRXa0kyUlZDbDFlWmZLbTNHRmdkS01uWVpt?oc=5,"Mon, 23 Mar 2026 07:00:00 GMT",2026-09-03T09:12:58+09:00
GoogleNews:健康　調査,健康　調査,健康福祉常任委員会が県内調査を実施しました（令和8年4月24日） - pref.gunma.jp,https://news.google.com/rss/articles/CBMiXEFVX3lxTE1tWXVHdFJod3BuOGFYcENxbVdPRWdWOEdZY1JQOWdrYUJBdnpXSmh6eVZILS1YS05ibXdidjJkN2UtYVZCMXQtX3Jzc1ZEVDVUMzhFdWstdUl1c2Fo?oc=5,"Fri, 24 Apr 2026 07:00:00 GMT",2026-09-03T09:12:58+09:00
GoogleNews:健康　調査,健康　調査,PFAS問題で署名提出 基準見直し要望、市民団体（共同通信） - Yahoo!ニュース,https://news.google.com/rss/articles/CBMif0FVX3lxTFBxWUcwTmNpTkdqZ1JLS2tlbVJZQ2ZJWkZ2LVpuZ2xSZ0g1V3hxNTNZTGhLVE41N1JDSGdLNDVIRHBjRGhleGFUVWZOaV9TU056SjJpbkg5eXI4UEkwYkw3SWM4LV9LMS1DUzM2dUs4MU5sNFhERDFUdElXUjQwRVE?oc=5,"Mon, 13 Jul 2026 07:00:00 GMT",2026-09-03T09:12:58+09:00
GoogleNews:健康　調査,健康　調査,「本当にこれでいいのか」 長い時間と多額費用【水俣病70年第3部 健康調査の行方⑤】 - 熊本日日新聞社,https://news.google.com/rss/articles/CBMiT0FVX3lxTFBsNmtUWDc3UDBwWE14WmttMzhvNU1CcWpXbUxKekxUZXhOTmI1cTQ5VlllQ3pyMUxXVnBxSkdvTjdERzBRZEdiTEswRWgyU2s?oc=5,"Sun, 07 Jun 2026 07:00:00 GMT",2026-09-03T09:12:58+09:00
GoogleNews:健康　調査,健康　調査,住まいにおける幸福や心身の健康に関する調査報告書 | 株式会社LIXIL住宅研究所のプレスリリース - PR TIMES,https://news.google.com/rss/articles/CBMiakFVX3lxTFBrU0NrOV85Q3A1MXRGbGR4ckVjeFBEYkhZeWVXR01iVXY2UDNETndZMlZxUlVKa1lBMlQ3bVlpeHVDOHQwNUZxQWREQkQ4OHdoUGR0SWNNdUJNbzlFQ3U1WnJhNVA2aDAwMEE?oc=5,"Fri, 15 May 2026 07:00:00 GMT",2026-09-03T09:12:58+09:00
GoogleNews:健康　調査,健康　調査,語る・水俣病：公式確認70年 健康調査、国が一蹴 空白20年超 多くの人他界 元熊本知事・潮谷義子さん（87） - 毎日新聞,https://news.google.com/rss/articles/CBMiaEFVX3lxTE5SdWc2Q1F2ajdDaUFwVmp4SzcyTU96eUtoYnROZEFjN0g1R3BHRjJOeTBvV1ZvXzl4Mk84VmxZX1ZmYWxUY2dWNEE3Q045NlR0NG1kTFhRUnNBb0ExUmFKcURlZHp1a3Rm?oc=5,"Tue, 28 Apr 2026 07:00:00 GMT",2026-09-03T09:12:58+09:00
GoogleNews:健康　調査,健康　調査,健康食品・サプリメントに関する調査（2026年） - クロス・マーケティング,https://news.google.com/rss/articles/CBMibkFVX3lxTE9Kc3JsZmlMMXA0WUIzVTV6RkUteW1GN3FzQXZZRUU1NDFKLW0xaGR1Y0lvNVBicFR0dTNkT3pSeDdxR1VLN1hCLS1fLUFqWFVPb0FlcE9GNEpkNEw4WUVDWVYzZEhVSVNLVXVZSElB?oc=5,"Wed, 17 Jun 2026 07:00:00 GMT",2026-09-03T09:12:58+09:00
GoogleNews:健康　調査,健康　調査,［医療ルネサンス］長寿県の秘訣＜３＞大学が長期的な健康調査 - 読売新聞,https://news.google.com/rss/articles/CBMilgFBVV95cUxNUG5RSHRxM29YNHlIX3VyT3RmaFhwV3ZGS1Z6Q1BUWFhSRElUMVpGQlctRkVDaTR2S0M0NlFMaE01M2dacU5Qamt5Y2Fua29EOWJBUkRadEZKSWQ1cWFGUi15OEozb1Nab251cm1TOFlRYmZISHh2NzBsZ3RUNDZzTkF1dVRZT1p1LWJBQVBXdTQ3b292bnc?oc=5,"Mon, 13 Jul 2026 07:00:00 GMT",2026-09-03T09:12:58+09:00
GoogleNews:健康　調査,健康　調査,Sansan、女性のライフスタイル調査を実施。美容・健康意識は高い一方、リフレッシュや人とのつながりは不足 - PR TIMES,https://news.google.com/rss/articles/CBMiakFVX3lxTE5yR0hla3IyWDNwSGdrcWtRZ19ZRENjdnB6WjFPeF8wXzVuYjM4akppS1RmakEwVmE0cjl5OWx6ZWY5cVM1TC1LcW43WlduLVhuaHJPcWFCUy1oMFVERzF4WUlENklxUWgzLVE?oc=5,"Wed, 27 May 2026 07:00:00 GMT",2026-09-03T09:12:58+09:00
GoogleNews:健康　調査,健康　調査,水俣病健康調査が救済に向けた「手がかり」、環境相が発言 認定基準見直しは否定、患者らと懇談 - 西日本新聞me,https://news.google.com/rss/articles/CBMiVkFVX3lxTE5wUG9JRE9vdE9zcWRmWTJXTWdwQ2J3TEF5dHVuR21wNWxuN0c0VXBvZnM2WVhVWFV0bTMtN2hRSjB6cDVZODl1U284X3JfOFRUcXlqSUJB?oc=5,"Fri, 01 May 2026 07:00:00 GMT",2026-09-03T09:12:58+09:00
GoogleNews:健康　調査,健康　調査,（水俣病７０年）埋まらぬ溝、健康調査で国追及 患者・被害者団体、環境相と懇談 - 朝日新聞,https://news.google.com/rss/articles/CBMiXEFVX3lxTFBqdW9mRGNMY1FIc2x5T2E1MTFoYWIwR3hHTnI0UVgyS0wxVlRyNmdTcWx3T3ZYd2N2cThuUlhaeGRfLXFmS3QxYm91YkRoRTl0VVpobEUySTVkYXM5?oc=5,"Fri, 01 May 2026 07:00:00 GMT",2026-09-03T09:12:58+09:00
GoogleNews:健康　調査,健康　調査,特定健康診査・後期高齢者医療健康診査 - city.ibaraki.osaka.jp,https://news.google.com/rss/articles/CBMiogFBVV95cUxPdFNJYkdPSjJrR0ZnbjZSV3hOZUthSUVIeU9YV0JORkd5RnFBb000dXZNNDVvNXBBanZ5cXpGb1hGTXdOYXctbUVoYjVadGZlY2I1bU1xS0RBY1h1YnlKMkpoNDY0YlgxY29tckQ3aU11LURyWndiZjNzc0pKVnpLd1FCOHdMSnBjd2pfWmx4LVhZVXV6Mm9DeU9TYjIzQi1HeHc?oc=5,"Wed, 01 Apr 2026 07:00:00 GMT",2026-09-03T09:12:58+09:00
GoogleNews:健康　調査,健康　調査,環境省、水俣病健康調査千人規模に 複数年で実施も 個人の被害判断せず - 熊本日日新聞社,https://news.google.com/rss/articles/CBMiT0FVX3lxTE9lY1pqdWJSWTdCTUVTTExINUY4WUZvb29JNzM1VW1HVlBXVWRoOUNudThuNEJDbFRyQkt3WXpxa0I4RXVGcmR3Y1U2VXM1SlE?oc=5,"Wed, 22 Apr 2026 07:00:00 GMT",2026-09-03T09:12:58+09:00
GoogleNews:健康　調査,健康　調査,英政府、50万人分の健康情報出品経緯を調査 中国アリババ巡り - ロイター,https://news.google.com/rss/articles/CBMijAFBVV95cUxPSmMteWdmY0stMU14VEtPT3lSX2JpWk9YWkNpTGpWRnFPNDh1VFl3SGxCUWg2TTZ1aUF6akhPdDV3TmpadnRYUmU4Z2VpaFZTSUF1QmdwSlVNN2NUZXNfQW1fOUNGSzJyeVc3ZV92bFVIQVRUMEFFSTNwMEs2aVJ3aWNGYTBnTE5KOXBRTw?oc=5,"Thu, 23 Apr 2026 07:00:00 GMT",2026-09-03T09:12:58+09:00
GoogleNews:健康　調査,健康　調査,世界肝炎デー 2026 in SAGA にて健康一番プロジェクト「健康調査イベント」×「ロマンディスコ」開催 - エンタメラッシュ,https://news.google.com/rss/articles/CBMiQ0FVX3lxTFBnSGtCZGNUWjdYTmtSeHMtb2pmQVlGWmk5clJVZWtVc3RGX0xSMUpLM3dQVE8xMFRIS3VUS3MtUzNTVkHSAUhBVV95cUxPR1Jpc05xdXB2em50cW9SMDN6WThPUWxpOEt2STFNMWllQWdfa1VVZVoyMTN6Snp4TXZQcDZfaFNmRkQ5Qm5PTWw?oc=5,"Thu, 06 Aug 2026 07:00:00 GMT",2026-09-03T09:12:58+09:00
GoogleNews:健康　調査,健康　調査,水俣病の健康調査、千人規模に 環境省、26年度から実施予定（共同通信） - Yahoo!ニュース,https://news.google.com/rss/articles/CBMif0FVX3lxTFA4cEFNNjYzUVBLNmtWa3R3dUFpZG5UcXlpNFlKcF9QWFZsR3ZzRkZHZXM4R3lZTS1TRmtDRU5SQzVBS3VhYmJvVHpibHRmU1dCWndmOUs4alBXSi1UWWpfcEpUNE54WlZOQ0hGYmpqcVBBbnkzYmM3N01qTGZwczQ?oc=5,"Wed, 22 Apr 2026 07:00:00 GMT",2026-09-03T09:12:58+09:00
GoogleNews:健康　調査,健康　調査,令和8年度 3歳児健康診査 - city.hachinohe.aomori.jp,https://news.google.com/rss/articles/CBMikAFBVV95cUxPVEtuLWZ3aVV4SFBHbk16SmdZUXc4S1VPU01qNGljNmFxZGlCYXloR29yWGxZeEo3NWdUOWUxWDRMS0JTVm52WE5UMXBmNFJKOTFUSHozREN2UHkwWnRWTVJUOEYyVnVxSl9XRm9aMzdtekRqX3FkbnJzSHk3cHpSeWJvNGI4cl9wZmktakI4UzY?oc=5,"Wed, 01 Apr 2026 07:00:00 GMT",2026-09-03T09:12:58+09:00
GoogleNews:健康　調査,健康　調査,2026年 最新・健康・美容意識調査 コロナ禍を経て「自己流ケア」から「プロへの相談」へ健康意識が高度化 体質データに基づく「個別最適化（パーソナライズ）ケア」への渇望が顕著に - PR TIMES,https://news.google.com/rss/articles/CBMiakFVX3lxTE9jWWY1NVFwRGVaNnR4WUYzQ0Q1N1o2UUo0VzNUTjV4TVotYmNBR3RyelpLbEtDRnZSR2xjY3AwZlY0WDdhaUxOcUJ6ZTl5ZERLcFRMOGlzNUg0YTBtOU40X3d1SU8yY3pYS1E?oc=5,"Tue, 21 Apr 2026 07:00:00 GMT",2026-09-03T09:12:58+09:00
GoogleNews:健康　調査,健康　調査,［水俣病公式確認70年］医学的解明進まぬ胎児性患者、行政に症状見過ごされ…「感覚障害」長年の焦点に - 新潟日報,https://news.google.com/rss/articles/CBMiXkFVX3lxTE5EX2ZtblJLQWZnQ3cyWWpLN0dLWlhCZlVJVjExSDZvcVM1OURLRUkzb0wyYWR5MExfb2tLaFFvU252UlZ2MWQ0czdWRmlkS25IMDF6X0xKSXRCd0lYZGc?oc=5,"Wed, 10 Jun 2026 07:00:00 GMT",2026-09-03T09:12:58+09:00
GoogleNews:健康　調査,健康　調査,環境相との懇談に批判相次ぐ 水俣病被害者団体 認定制度、健康調査、議論は平行線 - 熊本日日新聞社,https://news.google.com/rss/articles/CBMiT0FVX3lxTFA4WnFCcmgxc0h0cTI5alBETlUwUDFTMExfbkZDYmthZUxOOFZ3TE02d2FQb3lVWU1tY2pjRXczYXNSc0x3c2JwR2swR3ZXWGM?oc=5,"Thu, 30 Apr 2026 07:00:00 GMT",2026-09-03T09:12:58+09:00
GoogleNews:健康　調査,健康　調査,水俣病健康調査、今年度から１０００人規模の本格調査へ…先行調査「本格的な疫学調査として実施し得る」：地域ニュース - 読売新聞,https://news.google.com/rss/articles/CBMickFVX3lxTE1QR081NnV1dVN3UXZrMmtwUkVXRFhEZ2dsaW1VdTJUazY0RUdyX015bUVSS3pmRXNvdVAxc0RmN3E0U2VJV2ZKR1JqUFM5QmdNQzBSQlYxV0NRckZja0M5VklWczMyclNKa29UY3VJQkdzUQ?oc=5,"Thu, 23 Apr 2026 07:00:00 GMT",2026-09-03T09:12:58+09:00
GoogleNews:健康　調査,健康　調査,水俣病の健康調査 環境省が今年度から1000人規模で実施へ - KAB 熊本朝日放送,https://news.google.com/rss/articles/CBMiVkFVX3lxTE85VGEwR3JvMEZFaGlaa0hmN09Oc1hsZEs3MUtBSkpXaVVSRHpPcl9TTDFTaFY5cG0yb3UyRFZvMjJlRFUxaF9hWGZySkdMQUthSFhCVDNR?oc=5,"Thu, 23 Apr 2026 10:11:04 GMT",2026-09-03T09:12:58+09:00
GoogleNews:健康　調査,健康　調査,水俣病の健康調査、千人規模に 環境省、26年度から実施予定 - 47NEWS,https://news.google.com/rss/articles/CBMiS0FVX3lxTE5BVjhvMHYzOC1lTlpTbDhjc2NPbmJaVFpyOTQ1M0l0OHFLV0FfYmRHRWdGN2hzZUZKclM5N25OLVlKS3lSUGNHSXBaYw?oc=5,"Wed, 22 Apr 2026 07:00:00 GMT",2026-09-03T09:12:58+09:00
GoogleNews:健康　課題　政府,健康　課題　政府,女性の健康課題への対応を要望 自民・特別委、骨太などへ提言 | 日刊薬業 - 医薬品産業の総合情報サイト - 日刊薬業,https://news.google.com/rss/articles/CBMiSEFVX3lxTFBwVVNYZTdrWmRmWVg4V3JxZXpLUElyd3lvLXFFNUZ2ajFjcTRtQ2VkbnhNc2xzU3NQWG91bWx6QU9fTTRLWUJ4bA?oc=5,"Tue, 16 Jun 2026 07:00:00 GMT",2026-09-03T09:13:00+09:00
GoogleNews:健康　課題　政府,健康　課題　政府,女性の健康問題、診療アクセスしやすく 政府が新会議 - 日本経済新聞,https://news.google.com/rss/articles/CBMibEFVX3lxTE5UVFZ0cFBheC0yOEd5WWZfSVVoSndPR2tiajZjSGpJSHlOeDZybUh5YTAtRTJlLWNVS1RfMlJ1c2xBdi1RazdRSURLWXh4S19JN1VUWU12TVdKLURvQzhPTXVpMlBBYnA4TERWRw?oc=5,"Wed, 24 Dec 2025 08:00:00 GMT",2026-09-03T09:13:00+09:00
GoogleNews:健康　課題　政府,健康　課題　政府,女性の健康課題巡る経済損失は３兆円超、解決目指す「フェムテック」広がる…トイレにナプキン・体調予測 - 読売新聞,https://news.google.com/rss/articles/CBMibkFVX3lxTFAySV9aTXpoVUhRbmp1MExITHk0WE5zZWVQUi0wSGZ5SFpmV0hlRGNrV1I0X0xuNklXY3lxQ2FTTTRCS01JTXUtbjhYajdtZ1RrSmdMVzVHTkhfTGw2dU1NcG1HRWEyRTNDVWtjUllB?oc=5,"Sat, 25 Jul 2026 07:00:00 GMT",2026-09-03T09:13:00+09:00
GoogleNews:健康　課題　政府,健康　課題　政府,更年期世代の女性を適切な医療へ 対応機関、ポータルサイトに掲載（共同通信） - Yahoo!ニュース,https://news.google.com/rss/articles/CBMif0FVX3lxTE01QmxHUlFCUEN2c3R3Y3JkemJQdnp3Wnp3VkdwRHRWWGFlME9rbTVGOWRLNlRXT3BfLUszaUlRYy1DQWVUTndtXzBTc0ZUYnlqWlJDYm5EZnlZbTZBR2U2dFNDUUlPd3JMd1NDYWpwRWJrd2ktalcxa3hZMm8zV1k?oc=5,"Mon, 25 May 2026 07:00:00 GMT",2026-09-03T09:13:00+09:00
GoogleNews:健康　課題　政府,健康　課題　政府,健康寿命を延ばす“攻めの予防医療”骨太の方針に反映へ（2026年5月25日掲載）｜日テレNEWS NNN - 日テレNEWS NNN,https://news.google.com/rss/articles/CBMifkFVX3lxTE1Ycm8yT3dsV2JFTG9VTlZpbDdTNl9ZQl9KaVVuQjJEVlNBbUt1dnNhOVNwb0RuN003VmtrWnp3VVJEWjVmY212blktY0JGWWRWTUlWTEUwZjBDUC1jX0N4WkczSFIzalp3dlc1dV9ZLTQ0UlMtaUg0U2VuNzdUdw?oc=5,"Mon, 25 May 2026 07:00:00 GMT",2026-09-03T09:13:00+09:00
GoogleNews:健康　課題　政府,健康　課題　政府,政府 予防医療に注力 健康寿命を延ばす環境整備へ - NHKニュース,https://news.google.com/rss/articles/CBMiX0FVX3lxTE5BN0Ffb016dHZoWGhCQWFYSnlTdjFVNzl2SUJ4bVBFWlhGN1VlaXpWWTZaZXhoemxrV0M2NDdCWVNTVDExSDY1UHRBNlIxSkxWVGpNMXF3OUxtazNZb3VB?oc=5,"Sun, 04 Jan 2026 08:00:00 GMT",2026-09-03T09:13:00+09:00
GoogleNews:健康　課題　政府,健康　課題　政府,女性活躍推進の強化 - 政府広報オンライン,https://news.google.com/rss/articles/CBMiZ0FVX3lxTE1vSmZnZGFxVXRMUkYzc2hYY2tsdndBc1F4TktHRmFfVmlNeWl1TjRUS2Z1Tm1zYW9lNjBLM2RBWDNsNF9ENmpjTXpwOEw5RHFvbDA4UFgzOXhaSktiTExDd2p5RGxrTkk?oc=5,"Mon, 22 Dec 2025 08:00:00 GMT",2026-09-03T09:13:00+09:00
GoogleNews:健康　課題　政府,健康　課題　政府,政府、健康寿命延伸へ有識者に聞き取り 骨太方針や成長戦略に反映 5月にも論点整理 - 産経ニュース,https://news.google.com/rss/articles/CBMidkFVX3lxTFBKa2g5QVBndzZyMTdCTmZrTDhoOVgwbFRZWncwbUwwZWJOYWwwZ3ZYaFhvUTZ5eWxQZTZwcjJTelhxdGh5ZFZJZzk3VXdXNzdRSHM1WEZmM1VpUDduZzFvaXd3aGN1Z1RqLWFwX2NFWWFEUG5Za0E?oc=5,"Mon, 09 Mar 2026 07:00:00 GMT",2026-09-03T09:13:00+09:00
GoogleNews:健康　課題　政府,健康　課題　政府,更年期世代の女性を適切な医療へ 対応機関、ポータルサイトに掲載 - 静岡新聞DIGITAL,https://news.google.com/rss/articles/CBMiTkFVX3lxTE9CcEF6N0NCbkdxQ1VVQ2t6RExna1pRclJKZV9IbDZFNDJQUWRjazdNM2ozRjU4ajYtMW5tdU90SlRJRmlUM3lWbC12Y3ZYUQ?oc=5,"Mon, 25 May 2026 07:00:00 GMT",2026-09-03T09:13:00+09:00
GoogleNews:健康　課題　政府,健康　課題　政府,高市政権初「女性版骨太の方針」政府が近く決定へ 3つの重点分野「健康」「成長戦略分野」「地域」 - TBS NEWS DIG,https://news.google.com/rss/articles/CBMidEFVX3lxTFBKTDcyTUVpd1ZRcVZxU2ZrNEotUjIxdmtyVWt5bmZtcnl4YjR0dC1xTXJDWV9MOGM5VVhQX3h2NnN5N1NTZEJEbmRBN0ZRdE1IVV9nV19sWDFaMExadXN0NjRoQk9aMWJTTVppckFWZjRrNlhU?oc=5,"Sat, 20 Jun 2026 07:00:00 GMT",2026-09-03T09:13:00+09:00
GoogleNews:健康　課題　政府,健康　課題　政府,二つの政府レベル、喫緊の課題は一つ：医療情報における混乱を防ぐこと。 - Vietnam.vn,https://news.google.com/rss/articles/CBMioAFBVV95cUxQREhCNEwzODl5WUgxMjIxU1FvYUJ4MHBEc1Y0NFNKeE82c3BJMkp4UGE5enhNQWNwc1RGdHpzUmhDRHNER2poeFlYLXNRVlFzVndnLVdjMG8tdW8tZlcxem9WNkVmdWtDdmtGcUFNZ3BrZXJBUkxlVXpZQ0RqbENEM1oyejVyMXNhOXpUNUk0NmRqVU5TZE9Tek1salFvNmJ2?oc=5,"Thu, 27 Aug 2026 07:00:00 GMT",2026-09-03T09:13:00+09:00
GoogleNews:健康　課題　政府,健康　課題　政府,オーストラリア クイーンズランド州政府とJASHIE運営チーム （ミズノ株式会社・一般財団法人未来医療推進機構、JA NETWORK） スポーツおよび健康分野のイノベーションの促進に向け連携強化 - ミズノ株式会社,https://news.google.com/rss/articles/CBMiY0FVX3lxTFBiVnRzQVpuWTJVQnp1RVdtS3VXQXpNM2tjMG0zck9qZmViZmUxLXdwOVFjZ2FUUFh2RHZxdWpVZnlfekwzcnhOaWF5bnVscVE0Q3JBWXNpV0Zkd1BGSkJuc2hhVQ?oc=5,"Wed, 18 Mar 2026 07:00:00 GMT",2026-09-03T09:13:00+09:00
GoogleNews:健康　課題　政府,健康　課題　政府,佐藤啓官房副長官、女性の健康課題「医療提供体制を確保」 - 日本経済新聞,https://news.google.com/rss/articles/CBMibEFVX3lxTE0wRjV2RUxrZWNINlRxWmVpczBsMGFaR0dZcGVlbi12YkZMT2p4N1U5VzF5LVJCRVV1LVlxUU94TTdRUDRmWENScFlWOEhuLXVuYmItNE4yMTMzRUlvTTdiZVRtRGpMNXptOEtFVQ?oc=5,"Thu, 25 Dec 2025 08:00:00 GMT",2026-09-03T09:13:00+09:00
GoogleNews:健康　課題　政府,健康　課題　政府,エチオピアの都市部青少年、月経衛生や意図しない妊娠が主要な健康課題 - CareNet.com,https://news.google.com/rss/articles/CBMiggFBVV95cUxOVFNrdFl4cThrZzlRMGZlVk5hbGRLeGNWQmJFUjltTTQyeEdsWlBDYmNGY3VpY25lT2U4d29vbXUwZUdxYXFDWHQ4WGhCZ3V1Q01BblUyWmRuaGM5Zl90T1ZjeTg5MkhJUHVsUElpbVBUZGllU05jNXJ2Uk10QzlEbTZB?oc=5,"Wed, 11 Feb 2026 08:00:00 GMT",2026-09-03T09:13:00+09:00
GoogleNews:健康　課題　政府,健康　課題　政府,「健康経営」推進企業を補助金審査で優遇 政府、「骨太」反映へ論点整理案を提示 - 産経ニュース,https://news.google.com/rss/articles/CBMidkFVX3lxTFB6MlkwVjV2Mm50d1RVUzJmNjVtY0M0WTF6dURhOXo3UTRuUU83WDRSZ2NxRVpxV25mRWtBS2F6WHZ0cl9zZVpNOVd1TjIzMXVxSGF3dDRtM0wxcGZwTHRFMkltNzFOSVA2NERoSm05Q19UOEI2Ync?oc=5,"Thu, 23 Apr 2026 07:00:00 GMT",2026-09-03T09:13:00+09:00
GoogleNews:健康　課題　政府,健康　課題　政府,女性の健康、診療体制整備 政府、更年期障害や月経に対応（共同通信） - Yahoo!ニュース,https://news.google.com/rss/articles/CBMif0FVX3lxTE5WcWtfYTRXSkF1ZFA4LTI4bGZ3eElzZzR6Q2FFdVQ1enlpdmhraHE0V2ZCZkZqb2RXN1hxdW5tVzVVUVJ6WXljZG94OV9FdlYtek00aWVXWXhQQWdycXlnQ082b1FXb1RnWFE2YlR0MkZQQklIZE1paGtLWUdPZHc?oc=5,"Thu, 25 Dec 2025 08:00:00 GMT",2026-09-03T09:13:00+09:00
GoogleNews:健康　課題　政府,健康　課題　政府,女性特有の健康課題の理解促進 - pref.shizuoka.jp,https://news.google.com/rss/articles/CBMikgFBVV95cUxNYTVQRER4RTNWanBLSk41WDFLSXVYaUZHOFNhcFE3VkFtRkFPY08xNTBHLXlPVWRUbllMZm9QRUxvZjRzaklwRWpta0FBZGM3aW9Fbnk2dUxVU1pPT2tMeUlQanUwNkZSc0ZkS3hWNWVpZGdiRUhOVGVqTlhuQWhnb05qMjktc2lPNFFPcXJibHhRdw?oc=5,"Thu, 03 Jul 2025 07:00:00 GMT",2026-09-03T09:13:00+09:00
GoogleNews:健康　課題　政府,健康　課題　政府,女性活躍で日本成長と首相 健康課題解決へ支援強化 - 静岡新聞DIGITAL,https://news.google.com/rss/articles/CBMiTkFVX3lxTE95Z3luWEczVUJZb3JPb3BPRXg3N05CUFpQdS1wN3pLQWF4ZWpnd2t2dVZobW5pcDM0SkZ2QWpBMkp3akZGWTZqYlZ4REJkQQ?oc=5,"Sun, 08 Mar 2026 08:00:00 GMT",2026-09-03T09:13:00+09:00
GoogleNews:健康　課題　政府,健康　課題　政府,男性の更年期障害など健康課題、経済損失は1・2兆円超 国は研究に本腰 国際男性デー ととのえるココロとカラダ - 産経ニュース,https://news.google.com/rss/articles/CBMidkFVX3lxTE1vSG4yMDlqZzlLTHFxV2otZDlNMHdQUVlvRndhN05WN3dzZzVEZ2w2eGlIdlVublpTVmVkdzNmblFENnRpRkZWM3lRTmtOaTBmc3o1WFNQOVZVZDl3WlVDanJRbmNnUzJzSTVaWUlrbnpDZlYtd2c?oc=5,"Sat, 25 Oct 2025 07:00:00 GMT",2026-09-03T09:13:00+09:00
GoogleNews:健康　課題　政府,健康　課題　政府,不妊や更年期、女性の健康課題の研究を本格化、政府が司令塔創設へ - 朝日新聞,https://news.google.com/rss/articles/CBMiZkFVX3lxTE03OHdkTlE4bjZwQzNLb2V2VlRwSXNFbEFJVzhpdHJpa2d2dnlJMW9LTlZIVS1kZ0EwSlNRTmpEVlVPXzB6aVQzcDVNRFdhTUREUzhpWVpON2V0cFFRNUk5cjM2X09Edw?oc=5,"Fri, 31 Mar 2023 07:00:00 GMT",2026-09-03T09:13:00+09:00
GoogleNews:健康　課題　政府,健康　課題　政府,女性活躍推進へ健康課題の解決を - komei.or.jp,https://news.google.com/rss/articles/CBMiVEFVX3lxTE5uLUFBQWQ5UE9QbTR1X2MzLXZibmUtV2x2V0F2TnRJZXdDdDhHblExZDZLYzJORTA5TEMtMU5ZTGZwVGZmQXBtTHNRRXBtYVdHMU9CZA?oc=5,"Mon, 08 Jul 2024 07:00:00 GMT",2026-09-03T09:13:00+09:00
GoogleNews:健康　課題　政府,健康　課題　政府,女性の健康課題 解決へ - komei.or.jp,https://news.google.com/rss/articles/CBMiVEFVX3lxTFBaR1oydmMyaDg1TzYxUDdDUGxkSmZZQjA2WHVRcmJoN3VQMno4UWRiM2VhNW4xY1I5cjZpM1FFMklYSmJ2N1RrY2xtTVBoRjQyWkl1VA?oc=5,"Sat, 05 Oct 2024 07:00:00 GMT",2026-09-03T09:13:00+09:00
GoogleNews:健康　課題　政府,健康　課題　政府,「女性の健康」特化のセンター、国が開設 経済損失への懸念も背景に - 朝日新聞,https://news.google.com/rss/articles/CBMiZ0FVX3lxTE1udEZtejV3N0VVNnJfbHY2OTY1bFRGRnhSWk1vcnVld3drQXFLWnM5VjdYY09UQ0YyMGJNTWoyNVhvbjFiZW9TRGg0UUwzZ3M3dFhLT3hXUHZINTNzVzlhNDlCNVVHMk0?oc=5,"Tue, 01 Oct 2024 07:00:00 GMT",2026-09-03T09:13:00+09:00
GoogleNews:健康　課題　政府,健康　課題　政府,日本企業の技術も活用 健康課題に取り組むユニットエイド幹部が来日｜with Planet - 朝日新聞,https://news.google.com/rss/articles/CBMiXkFVX3lxTE5VT2h1cFk1NkttcjF1LUlhU2I1ZWpxdkFJazBSNDdWSXhmWldBdVRlN0pZMEpubVQ5RkFRdjBpaEtBZTNNUkg1OVU2TENSTktmTjVEeHhtMHB3OV9HV1E?oc=5,"Fri, 27 Jun 2025 07:00:00 GMT",2026-09-03T09:13:00+09:00
GoogleNews:健康　課題　政府,健康　課題　政府,女性の健康課題、沖縄県内の年間経済損失額が335億円に りゅうぎん総合研究所が試算 - 沖縄タイムス社,https://news.google.com/rss/articles/CBMiXkFVX3lxTE5vSkNxVjd5Mk52VUpLOWZIanVmNFhzQ2I4dEtaSnJwT1VWTW5BWHJ0YkU4WnZUMnR6SW9lUGQ2a0lwSDZhY1lFeXhzUXlVVlozUHF3MHNLNm80OXM5RGc?oc=5,"Sat, 08 Mar 2025 08:00:00 GMT",2026-09-03T09:13:00+09:00
GoogleNews:健康　課題　政府,健康　課題　政府,女性の健康課題、経済損失3.4兆円 経産省試算 更年期などで離職・休職重く 睡眠改善・体調把握に補助 - 日本経済新聞,https://news.google.com/rss/articles/CBMibEFVX3lxTE9xVW9TMlhHaFA0bjVvdWgzQUtGSWlRMkRoeDdRTS1OaHZWWWQzWWw2QnU3SHVxejk1Zk4zY0IzOGhTMGF2dndvT3VHeXpESjRBWTdTWllrbmU0VHlpZVRRZ0YyU2tMRFhBUHdPWQ?oc=5,"Tue, 20 Feb 2024 08:00:00 GMT",2026-09-03T09:13:00+09:00
GoogleNews:健康　課題　政府,健康　課題　政府,労働者の健康保持増進措置のあり方 (2026年6月25日 No.3734) - keidanren.or.jp,https://news.google.com/rss/articles/CBMia0FVX3lxTFAxckp3dW1IbFRQUXVnMkw3R1RJVDdfeHdBM00xMWFqdkI3Yy1wTTdfNTdsa0Y3Nmt5TXk3YW5GYUpZeUNCdTJFUnRPQVVBbzRHcVZYVlBVNlBPekU3RzA1X2xneF96WGcxMmVj?oc=5,"Thu, 25 Jun 2026 07:00:00 GMT",2026-09-03T09:13:00+09:00
GoogleNews:健康　課題　政府,健康　課題　政府,世界の健康課題に、官・民連携でもっと存在感を - 日経ビジネス電子版,https://news.google.com/rss/articles/CBMiZ0FVX3lxTE5rejhCcFdHX0JzOHU4TkFoNV9vZXptcG9waGtxWDBVSm9jWU5OOUZTRmVqRHI1N3dISV81V0U1VTZQcEtMX2VxaXZvc0VXTlY3Q1VpVkhFTHJSbVhQd1pPLXVJdHFjaXc?oc=5,"Mon, 20 Jun 2022 07:00:00 GMT",2026-09-03T09:13:00+09:00
GoogleNews:健康　課題　政府,健康　課題　政府,女性の健康課題巡る経済損失は３兆円超、解決目指す「フェムテック」広がる…トイレにナプキン・体調予測 - 読売新聞,https://news.google.com/rss/articles/CBMif0FVX3lxTE1TRS1TWjRUaEZxNC1EY2o2TngtWGIzSjdjeDZVazc2TXUydnVfbWloM3VxNnA2cEZ0YU4xbHJDR0ZGcFNYN0djTzNDZzlJVzM2cW5yYjZBVlg0c1cxazQxOW1EYjNPMnRFa3pzQzVvZHRZaUV5VXh0bHg1UXF1cVk?oc=5,"Sat, 25 Jul 2026 07:00:00 GMT",2026-09-03T09:13:00+09:00
GoogleNews:健康　課題　政府,健康　課題　政府,大塚製薬・働く女性の健康意識調査～「女性の健康課題」（PMS/更年期）がキャリアに影響を及ぼす 個人の対処だけに任せず企業ゴトとして捉えることが求められる｜2022年3月8日｜ニュースリリース - otsuka.co.jp,https://news.google.com/rss/articles/CBMidEFVX3lxTE5YWmRvcFBqSGVpOUpsSEcxNzJ0TnRVTGtWbmF1SVptQVMxNVFwY21vUEw3MzB1enRsY09RYkRxRTlITTdhbkVxUEsxVDFBSDJuUDhhRXVsYWtvbElzc1hXOFhySkF4MDNuTWV3V3V1YUhhSm9G?oc=5,"Tue, 08 Mar 2022 08:00:00 GMT",2026-09-03T09:13:00+09:00
GoogleNews:健康　課題　政府,健康　課題　政府,女性の笑顔は社会の宝〜「フェムテック・健康経営展」開催 女性特有の健康上の悩みを共有〜 | お知らせ | ニュース - jimin.jp,https://news.google.com/rss/articles/CBMiXkFVX3lxTE5tSVVoanpCbGo4VWtCQm1UQVdia3Uzd3N0d2Ewb2x6SUZzQ3p4djRIWDctNGljcHRiTGFnclFrMmY3V1hpRzdpUG05aXQ2YWstRnVrZ21jczhQNEdYeVE?oc=5,"Mon, 11 Mar 2024 07:00:00 GMT",2026-09-03T09:13:00+09:00
GoogleNews:健康　課題　政府,健康　課題　政府,政府・自治体・地方のフェムテック最前線 - newspicks.com,https://news.google.com/rss/articles/CBMiU0FVX3lxTE96YkowLUJnTDNwTnZUQ09VeUFUOE95dXdfSURrQ2tmdW1lR09kWC1VWVoxMnNGUVR3a2dVbzh0QVNEaks1N1NfazM2YVZEcDBHc1BB?oc=5,"Sun, 03 Nov 2024 07:00:00 GMT",2026-09-03T09:13:00+09:00
GoogleNews:健康　課題　政府,健康　課題　政府,女性特有の健康課題、歯科健診はどうなる？～労働安全衛生法に基づく一般健康診断の検査項目等に関する検討会 中間とりまとめ～ 産業保健新聞｜ドクタートラスト運営 - ailesplus.com,https://news.google.com/rss/articles/CBMiS0FVX3lxTE5IWjJ2TlhaeE5wbWxRUVBXNGhRWkNmX012V01HNGVZeV81dDVpdDlqYnE2WTFXbzJ5TXQzMUVsSjdlWGdEU2s3SXgzMA?oc=5,"Fri, 24 Jan 2025 08:00:00 GMT",2026-09-03T09:13:00+09:00
GoogleNews:健康　課題　政府,健康　課題　政府,ベトナム×ヘルスケア 第1回：DXを見据えた健康ビジネスの展望と課題 - mri.co.jp,https://news.google.com/rss/articles/CBMiZEFVX3lxTE9Icm9lcjRNaUNHWXhTa0trenRMRmhmTHRsLTlPNEJjM1F1YzVWa3I1cG56SkhIQmZNQVYxdTFiRGNub0JGVmJqT0U1TUNnNGhWRjZkZkZyeUtSOE9ncFNpcU1ncDc?oc=5,"Mon, 13 Jun 2022 07:00:00 GMT",2026-09-03T09:13:00+09:00
GoogleNews:健康　課題　政府,健康　課題　政府,女性活躍から10年、法令対応は「義務」から「戦略」へ 「個の力」を最大化し、イノベーションを生む土台の作り方 - ウーマンズラボ,https://news.google.com/rss/articles/CBMiVEFVX3lxTE9TYVl4a0J3OVp0OXMtdGNIT2VqUllmWXJ6Z3pnTnUzNng3TlBhbFhjc0MzdllobmdBNHZHVmxrYXlyWXVCZHNiQndQSDd6QmZndUZWUA?oc=5,"Tue, 27 Jan 2026 08:00:00 GMT",2026-09-03T09:13:00+09:00
GoogleNews:健康　課題　政府,健康　課題　政府,【主張】健康課題の多様化に対処｜主張 - rodo.co.jp,https://news.google.com/rss/articles/CBMiTkFVX3lxTE1NektFc09SYVhWTEdLZlFpaUJ1cHN3dFFGcm1JbVl6S1p3WC1tM3Z0NVBUS3FaYVhtWGYzeGRVSWRoZTJhTHZEZzlkSHRwUQ?oc=5,"Thu, 27 Oct 2022 07:00:00 GMT",2026-09-03T09:13:00+09:00
GoogleNews:健康　課題　政府,健康　課題　政府,女性の健康課題、欧州ではどう捉えている？ フェムテック関連サミットレポート - Business Insider Japan,https://news.google.com/rss/articles/CBMickFVX3lxTE1SckNxbS1QQ24wM1hpTmE5Z1pGN2NJOEwzRGdkUS1oYjVNNmxvVEhYd1dEUlpQbUdkWVNJVEsyRzV0Vmx5VFFSbHdpNmxmU0dySHhDTnQ2ZkV3SGJucl9rSEI1OTRPdWFDM3M3WlNsY0VoUQ?oc=5,"Wed, 08 May 2024 07:00:00 GMT",2026-09-03T09:13:00+09:00
GoogleNews:健康　課題　政府,健康　課題　政府,タイ・バンコクで健康増進施策に関する日泰の官民共催セミナーを開催 - mri.co.jp,https://news.google.com/rss/articles/CBMiWkFVX3lxTE9BNWNEak04TXdpRm9CdVItd1ZnRHhSZDBtazdvOW84NV9SdWtfa0UxQnJTb0czdlFyaXM0bW16UDFFdy03TUJuZGhXMG90WVpkNlhIU0Z6Vktqdw?oc=5,"Fri, 27 Jun 2025 07:00:00 GMT",2026-09-03T09:13:00+09:00
GoogleNews:健康　課題　政府,健康　課題　政府,地球の健康は、みんなの問題。グローバルヘルスをZ世代と話します｜with Planet - 朝日新聞,https://news.google.com/rss/articles/CBMiXkFVX3lxTFBsZzlpam1Qb0tabFNNeG1mc2M3WklkaGdLa2ZjY28yMEVlR0xraDQyTDlXbWhGcVNoVjg2anNUeWdLY3lhMVNDSXZYM0tTRnZielc3TFNtN043RkZfMFE?oc=5,"Fri, 21 Apr 2023 07:00:00 GMT",2026-09-03T09:13:00+09:00
GoogleNews:健康　課題　政府,健康　課題　政府,【開催報告】プラネタリーヘルス専門家会合「健康な地球・健康な人々：アジア太平洋地域における気候変動と健康をきっかけとした新たな協力体制の構築に向けて」（2023年11月2日） - 日本医療政策機構,https://news.google.com/rss/articles/CBMiV0FVX3lxTE5WaF9yaU0zQVhfY0NpMTJOaTJrQTlZMmRHU01iR1VxWWlRd0N5V193TlpVSzNjMmZpNmFBOXRRNTdPM3BZcFM1ZVd3QWFndkZqRnZwYm9nTQ?oc=5,"Fri, 10 Nov 2023 08:00:00 GMT",2026-09-03T09:13:00+09:00
GoogleNews:健康　課題　政府,健康　課題　政府,高齢者の7割「物価上昇に不安」 働きたくても健康問題に壁【高齢社会白書】 - PT-OT-ST.NET,https://news.google.com/rss/articles/CBMiY0FVX3lxTE43MGxtTF8xTlRaZ1VPWEpKSWphanJQczV4NFNZblVYNjBTY09PLUstaFBSdlpES0U4SWpYV2hEM19pT09DVWpXazVjTWRuS19PbmpkUGhfbVZtYnFlalJSTG9law?oc=5,"Wed, 25 Jun 2025 07:00:00 GMT",2026-09-03T09:13:00+09:00
GoogleNews:健康　課題　政府,健康　課題　政府,ヘルスハブの衝撃 ～シンガポールで展開される究極の健康情報ポータルとは～ | 柏村 祐 | 第一ライフ資産運用経済研究所 - 第一ライフ資産運用経済研究所,https://news.google.com/rss/articles/CBMiV0FVX3lxTFBJNTdFNUZueUJENURjMGxqeWZuWjZlcTdTQmVXRTlBTmp2TzJEbnU4dVZDVGZpOHNaVnhPM1RXZ1RGb2FpZ0owY0pYR01YNXBuRV9CQm5mMA?oc=5,"Wed, 09 Aug 2023 07:00:00 GMT",2026-09-03T09:13:00+09:00
GoogleNews:健康　課題　政府,健康　課題　政府,フェムテック ～女性の健康課題を解決する新たな分野～｜トピックス - 時事メディカル,https://news.google.com/rss/articles/CBMiVkFVX3lxTE5yTUx0THZOVmdueHBSc3NteHVkRHl6RjFPbXY2NlRaSXRzcEFTTEJyY0VtZU9MT0ZQWUpXN1FqQlBVX0Jrdk1Ka1pLZXBmVmR2aGZhM3JR?oc=5,"Thu, 29 Jun 2023 07:00:00 GMT",2026-09-03T09:13:00+09:00
GoogleNews:健康　課題　政府,健康　課題　政府,アフリカの健康危機、どう伝える？ TICADを前に討論｜with Planet - 朝日新聞,https://news.google.com/rss/articles/CBMiXkFVX3lxTE5hQnhFY3VhbEVCUTlLSHZ2MExjWGVWelVPTVkzb3pCc1dvaW10amJyWXBSNEVxR3RjVzg2ZllDVGw3ZG1CejJsMnRtbmNEY25VZ3diSUh3NVpNeUJXVVE?oc=5,"Tue, 25 Mar 2025 07:00:00 GMT",2026-09-03T09:13:00+09:00
GoogleNews:健康　課題　政府,健康　課題　政府,世界の健康のために日本は何ができる？ Z世代が政治家に提言｜with Planet - 朝日新聞,https://news.google.com/rss/articles/CBMiXkFVX3lxTE1WMVJLcXg4aF94cnY1MnVKNWg3S3RYMHlybFFaVkc5NXUzYktXdFNQY05EQnp4UFp4QWJiVjhwTUd5cmxLQk56bDY2T1NwVU5lZEp2aU1KRVNOeTFneXc?oc=5,"Thu, 06 Jun 2024 07:00:00 GMT",2026-09-03T09:13:00+09:00
GoogleNews:健康　課題　政府,健康　課題　政府,若い世代の生涯にわたる健康めざす「プレコンセプションケア」 - komei.or.jp,https://news.google.com/rss/articles/CBMiVEFVX3lxTE53QlR3bFNIRThoTkN3bWxfWi13UnFMWVlpLWVwZDN0Y3ROSjlMRHM2cXVpLUJ0dlhpdU5XOWRLc1RNNGp2QXliY2dFOGg4MnlOYUhDVA?oc=5,"Fri, 08 Aug 2025 07:00:00 GMT",2026-09-03T09:13:00+09:00
GoogleNews:健康　課題　政府,健康　課題　政府,健康経営に悩んだら導入を目的化せずに労働生産性第一で考える - 日経ビジネス電子版,https://news.google.com/rss/articles/CBMiZ0FVX3lxTE1DQmE5aG8tbjg3YXZKWUp5NGtmOUZRaXBnUDVmR01BOUdDWnV6WU50QWJaejk1Qnd4TzNRU3hOc3JiTERJak9VSFY1QlhJbVlQVHhxeGFoU2FjLTROOGNOQlZULUtraWs?oc=5,"Thu, 28 Nov 2024 08:00:00 GMT",2026-09-03T09:13:00+09:00
GoogleNews:健康　課題　政府,健康　課題　政府,グローバルヘルスにおける日本の国際協力 | January 2023 | Highlighting Japan - 政府広報オンライン,https://news.google.com/rss/articles/CBMiiAFBVV95cUxNZlEtR19sYk5Xbm5wcmxGVnJ6aW1LN29hMlR4MjFvaHBOWV9RSGFMaWtyckRCbG5iNDc0d1ZXSEFtU29obGtjVmIxVXlwZlBKWDVxaWlTYUhTRXFyUVlFTUNjUmdsZnFFM1dOT09EX2hORi1nZVdYS3ZteEdVdWNlajVzRW8tbDJq?oc=5,"Tue, 24 Jan 2023 15:09:28 GMT",2026-09-03T09:13:00+09:00
GoogleNews:健康　課題　政府,健康　課題　政府,【Weekly News】女性の健康支援モデル事業に４自治体、大学発ベンチャー過去最多6220社に ほか - ウーマンズラボ,https://news.google.com/rss/articles/CBMiVEFVX3lxTE5BUHl3bWNIVGJCakNWSE1sbDZxVFdESkJMZXh6ZmtpUzc3VkU1S0h6YkU5dnBGb1Z3N29pZmJuT0hWSFhEWkF4UnM0MFRUdmdzRGlINA?oc=5,"Mon, 15 Jun 2026 07:00:00 GMT",2026-09-03T09:13:00+09:00
GoogleNews:健康　課題　政府,健康　課題　政府,第221回国会における高市早苗内閣総理大臣施政方針演説 | 政策 | ニュース - jimin.jp,https://news.google.com/rss/articles/CBMiV0FVX3lxTE9Yc1ZFTm94Zld0bER5ODVTVXV6T21ad281S0R3dGJZS1dLYXZRMVBwaTRiZU9WcjVKT3FBRzlDZnpzVndoUFpIdXdWSnJralhzY2RvbEFTNA?oc=5,"Fri, 20 Feb 2026 08:00:00 GMT",2026-09-03T09:13:00+09:00
GoogleNews:健康　課題　政府,健康　課題　政府,【政策提言】環境と医療の融合で実現する持続可能な健康長寿社会～プラネタリーヘルスの視点を取り入れた第3期健康・医療戦略への提言～（2024年12月20日） - 日本医療政策機構,https://news.google.com/rss/articles/CBMiVEFVX3lxTE9FdHRTZXBnZGJMT1lTMUhyTzdCRzFjVkQ4WmRxa3NvMG5oeHdTRWZBRzdfX3hfZWVlY3FicW1OLS05MXItaGZzelQyZ3lhNnVCNUlFcQ?oc=5,"Fri, 20 Dec 2024 08:00:00 GMT",2026-09-03T09:13:00+09:00
GoogleNews:健康　課題　政府,健康　課題　政府,不妊治療と仕事との両立のために - mhlw.go.jp,https://news.google.com/rss/articles/CBMiWEFVX3lxTE1jX2VFTEJJbHV0ZUdNMmlSVE52UlhVQTVSX0dQTGYtRGE1VGhibXVlcXRLY1RncVJOUG00d1FfbndxeW1xVjRJUVJyR2JuX2sydThiczZUODI?oc=5,"Fri, 23 Oct 2020 12:01:29 GMT",2026-09-03T09:13:00+09:00
GoogleNews:健康　課題　政府,健康　課題　政府,日本の健康課題に対応した栄養評価システムを（株）明治が開発 既存システムとの比較で妥当性を確認 - sndj-web.jp,https://news.google.com/rss/articles/CBMiS0FVX3lxTE56VnljY0Y3dEszZjY4cnp1Si0xSWdiV1VNaHBnTm1peFZNQ3BFQVRoUFNXWXMwWEFsaU5Ma01xaUtIaXZ4cnV3TmdLTQ?oc=5,"Thu, 30 May 2024 07:00:00 GMT",2026-09-03T09:13:00+09:00
GoogleNews:健康　課題　政府,健康　課題　政府,2024年のグローバルヘルスを考える。気候変動と人間の健康のいま｜with Planet - 朝日新聞,https://news.google.com/rss/articles/CBMiXkFVX3lxTFBRZlBKM1pJSDFYY3p4Ul85b21zMlZWVHR1dGRWQ1I5TW9Vcnl1YVNkODg1a1BOVUNpOXZNdzFTSEh4OGh6OWZ3T1FKbzU5bmowZmUzYzhkTHdnTUNPa1E?oc=5,"Mon, 22 Jan 2024 08:00:00 GMT",2026-09-03T09:13:00+09:00
GoogleNews:健康　課題　政府,健康　課題　政府,「女性特有／男性特有の健康課題を解決」がテーマの「第２回 ジェンダード・イノベーションEXPO2024（東京ビッグサイト）」、出展検討説明会を開催します！ - PR TIMES,https://news.google.com/rss/articles/CBMiakFVX3lxTE5sNUxvM2JOOGk1VktFdjkzNEx0djZ0X3V0MkNzS3hKSXE0S3ZrNGZCdmJRU1ZfWUl1TFpHamM1RVRLTTRHZ211eWhJQ3NvajhoX2pTT05QLXIyaHFlSlprV0FrYm5FS2NNcEE?oc=5,"Wed, 18 Oct 2023 07:00:00 GMT",2026-09-03T09:13:00+09:00
GoogleNews:健康　課題　政府,健康　課題　政府,誰一人取り残さない 日本の栄養政策 - mhlw.go.jp,https://news.google.com/rss/articles/CBMiUkFVX3lxTE1KZDVaanNacXFURV9pS1dqOFNhNms4Yk9qRmkxUklrRHFQM0VkNkNlZmtMTnNYRVJaR3RCY2FJbTc1YVJEMk1FZzBESW9ma0ROemc?oc=5,"Wed, 17 Nov 2021 13:26:26 GMT",2026-09-03T09:13:00+09:00
GoogleNews:健康　課題　政府,健康　課題　政府,利用率は４．５％に届かず…「マイナ保険証」の課題は～健康保険証は２０２４年で廃止予定 - RKB毎日放送,https://news.google.com/rss/articles/CBMiV0FVX3lxTE9aNG5PX0tzdzA2SFZiaWw1aGU3MlJUMUI2VDB5dGZHTmRzNmstX3dlNW5FdzJkUGtVV3ZiVkRlVlRYWDVGT0hSMXZKNW1qVFljN0g3Si1ZRQ?oc=5,"Fri, 12 Jan 2024 08:00:00 GMT",2026-09-03T09:13:00+09:00
GoogleNews:健康　課題　政府,健康　課題　政府,政府がヘロインを配るスイス 薬物依存を健康問題と考える発想 - 朝日新聞GLOBE＋,https://news.google.com/rss/articles/CBMiUkFVX3lxTE8tMEdTQ2JqZ25MaXU2RmFtbVRFMHREWEhNTmpHWGlRNGZqaS1YQ29YV3puaFo4VGxFNWxFXzNKUThnblNkcllTREdidDNYcEFrb2c?oc=5,"Mon, 03 Dec 2018 08:00:00 GMT",2026-09-03T09:13:00+09:00
GoogleNews:健康　課題　政府,健康　課題　政府,機能性表示食品制度、残る課題は 市民団体「廃止含め抜本的改善を」 - 朝日新聞,https://news.google.com/rss/articles/CBMiZ0FVX3lxTE1nTElQVjF4VkhDdWpUWHljY1RfWFhmakJQUXR3YWt3RjNoX2lUdVJJUUJMcGpHLUREMjlaczlJbUw2WFNTYnRVTUdIcWJNRUpnM0JSWnJHTl9UQVZhbG0tWWtodVhtUWc?oc=5,"Wed, 12 Jun 2024 07:00:00 GMT",2026-09-03T09:13:00+09:00
GoogleNews:所得　食,所得　食,バフェットは毎日コーラ5杯、大谷翔平は徹底した食事管理…成功者の「食生活」を真似する人が陥る危険な錯覚 - Yahoo!ニュース,https://news.google.com/rss/articles/CBMif0FVX3lxTE5vaWZpUll3bEhrQXpNREJDTWY1TFB5TDRUTE5vYTBOc3FZZnRyMlJOSlFpWmFVQ2w2Q29wOEtpQ3M2LWFXWUdfNDNhWDVxcEZPSjRZUFUyNnNCUW9GVkFXanpvSU5OanFOdnUxdEJPZlFmY2xtY2tfelQ1bENTWGM?oc=5,"Fri, 14 Aug 2026 07:00:00 GMT",2026-09-03T09:13:02+09:00
GoogleNews:所得　食,所得　食,JICA草の根技術協力事業「参加型フードバリューチェーンの構築を通じた所得向上」インドネシア・バリ島現地活動報告 - waseda.jp,https://news.google.com/rss/articles/CBMiYkFVX3lxTFBkeXBqZ25kaG0tdExlcU5CcWJJeFg4cWtTMFV6UmdmWG5qbE9xOWtGenNXMHNXVlpHb0ROR3YzWVY1LWxmV01mVUx6c28wdVdsVld1d1JaRGZvSnJkSjQtTW9B?oc=5,"Fri, 17 Apr 2026 07:00:00 GMT",2026-09-03T09:13:02+09:00
GoogleNews:所得　食,所得　食,【休日に3倍増える「1日2食以下」の子どもたち】続く物価高、「食」が奪われていく家庭の実態を調査：フードバンク利用のひとり親家庭アンケート | 特定非営利活動法人グッドネーバーズ・ジャパンのプレスリリース - PR TIMES,https://news.google.com/rss/articles/CBMiakFVX3lxTFA4bFZCOGNYOVEybzl3NS16T1lKTUJ6emVVY2d3eXhrR1hTeURLRnZwMm9Renh4dmREcllzZlhjNENET1I2RW1SVDN0TktIOFhzVm5JSEg5alY0UXJreFp0TzI3X0NHWko2MUE?oc=5,"Tue, 14 Apr 2026 07:00:00 GMT",2026-09-03T09:13:02+09:00
GoogleNews:所得　食,所得　食,夏休み 子どもに昼食提供/愛知 みよし市 全国初 １食３５０円で | しんぶん赤旗 - jcp.or.jp,https://news.google.com/rss/articles/CBMidEFVX3lxTE9nQ3d1d1U3NVh3ZHVCV3NVUGFkSGlYTXAxbTZGSzJLY19LOW91Unh2M2IyNzBPTXhvb2d6VWpiUHRZT2ZfSFBxdHlZSXFOQnZBcXl2ZmtfUlFOMXlES0F2cEptM1VONXB2OW9DQkdmR1M1SFJx?oc=5,"Fri, 29 May 2026 07:00:00 GMT",2026-09-03T09:13:02+09:00
GoogleNews:所得　食,所得　食,"高所得者層ほど肉とスパゲッティを好む､では低所得者層は…データでわかった""収入差""による食生活の格差【2025年12月BEST】 - PRESIDENT Online（プレジデントオンライン）",https://news.google.com/rss/articles/CBMiWEFVX3lxTE5xWmlrdXZ3QUlBMkM2b09LbnNIVnppN2VvTnJNVW5KRnN6UFN5bXo2N1F3VTVVc1FROFhIZVJwaHdXUkpjclhXT0dDWkowVktkdzdESUlJOEQ?oc=5,"Sat, 10 Jan 2026 08:00:00 GMT",2026-09-03T09:13:02+09:00
GoogleNews:所得　食,所得　食,給食のない夏、“食の支援”が必要な子どもたちのために。【ひとり親家庭への食品支援ボランティア募集】 - SDGs fan,https://news.google.com/rss/articles/CBMibEFVX3lxTE12RTZHdGktbnJCaVI4bmRWSmk2cVlfSmdESHYwSEVWalJ4RTc2VWxER2lRY0MycW1UWEsyblZINk50WEJrOVFfTkw5R1p4cDlIX3NaNWFNOWtSVnRFMDZkSV9oanBndURIQzd0WA?oc=5,"Tue, 14 Jul 2026 07:00:00 GMT",2026-09-03T09:13:02+09:00
GoogleNews:所得　食,所得　食,低所得者のペットフード支援、NYで初めてマムダニ市長が実現。動物保護団体は「前進」と歓迎 - ハフポスト,https://news.google.com/rss/articles/CBMilAFBVV95cUxOLXNYMjljY014MENiT2dlcEpKQm9DTmozRm5SM1pmWUQ4VDlWRzNhUzNGUXM1TldqYjJPSUIxcE9IMmE3MVV2UUxUX2FkRmdPYWljSzM0VThyZ2lWTVFLZmIzbVNtNENnUFpRc2V0bWY5dXl1OWVDYjZRUS00bV9fOTgxRjhFZHQwT0EzZ2FnZVZBWnBn?oc=5,"Tue, 07 Jul 2026 07:00:00 GMT",2026-09-03T09:13:02+09:00
GoogleNews:所得　食,所得　食,低所得層のマクドナルド離れが深刻に 広がるファストフード格差の真相 | 安さによる集客が困難に - クーリエ・ジャポン,https://news.google.com/rss/articles/CBMiU0FVX3lxTE5mazhCYy1xMElpVGZUZ0VUUG5WM3htblVoNWg2U01Qb1ZFWHA4eVFRcm1YWDVvamxpTnl1ckhPZElxMU9vdE1HWXRMWTFycHV3YVhZ?oc=5,"Tue, 09 Dec 2025 08:00:00 GMT",2026-09-03T09:13:02+09:00
GoogleNews:所得　食,所得　食,"高所得者層ほど肉とスパゲッティを好む､では低所得者層は…データでわかった""収入差""による食生活の格差 - PRESIDENT Online（プレジデントオンライン）",https://news.google.com/rss/articles/CBMiWEFVX3lxTE5GSEYxWmRqaVVsODFOMXJDY1QxV3hkSEMxMXB5X0xPZXhwd0FVWm1YdGItdTRURzNZWk5SLVpGaU5mMEZGZ3kzWmZsYVpBckdvVXptOS1TTEw?oc=5,"Thu, 04 Dec 2025 08:00:00 GMT",2026-09-03T09:13:02+09:00
GoogleNews:所得　食,所得　食,247. 低・中所得国における急激に変化する食の選択 - jircas.go.jp,https://news.google.com/rss/articles/CBMia0FVX3lxTE5JY05Gc0RrSFlrNjdLOFQ5bFQ3STI2QjZaTUk4ZDBuWml3YkZQSExfeGlFenpCZTB3M3JkWWNFVk13UHdnekkxYXhnanZtOTdUTTZLRW5DMi10WWFnWTBtd3Uxc05WQWoyZk84?oc=5,"Fri, 05 Mar 2021 08:00:00 GMT",2026-09-03T09:13:02+09:00
GoogleNews:所得　食,所得　食,後期高齢者医療の食事療養標準負担額及び生活療養標準負担額の変更について - city.osaka-izumi.lg.jp,https://news.google.com/rss/articles/CBMingFBVV95cUxOY2FVT3NGanJKbGx6THdfRWZvVjNWZ3BkSHF3a0hscUQtVlZUMzFEbHU2RVdWZ09LVkhDLWhXZFpQYjJyYndRUU9XaV8xOThYakVuNXRjM1U0ODRPUFhTODNtOTJuODlERkc1TldIeEFBaVRNVFZ6VUhCckhzOUMtSG4xTlZacVVIYXZNMWc5UWFRaXFZUEtaSXYzZ2Z0dw?oc=5,"Mon, 01 Jun 2026 07:00:00 GMT",2026-09-03T09:13:02+09:00
GoogleNews:所得　食,所得　食,マクドナルドなどのファストフード業界で値上げにより急速に低所得者層の客離れが起きているという指摘 - GIGAZINE,https://news.google.com/rss/articles/CBMiZkFVX3lxTFAwOXRxLWdtZ0RPTnRKcTRWVkhQUWZ2dXNwN2xXSG8tdnRXT3hsRDM4ajZ0X2lQYzQ2VE9uS0QxYmhVaVYwV0pfY1VkaFhEOGplM3BFX1JZU1dIMUVRX1V4SVhkVkFMQQ?oc=5,"Fri, 28 Nov 2025 08:00:00 GMT",2026-09-03T09:13:02+09:00
GoogleNews:所得　食,所得　食,農業者向けの「直接支払制度」とは？ - mri.co.jp,https://news.google.com/rss/articles/CBMiYkFVX3lxTE9GcFlGNzZCWjFlLXRocU15N1lxNE5ibGJNMWRZSWZFaFdkeUFUbEZ4bGMyeXBqY284MjFNQmRzVkZPZGc2MlRSdDNpQWhVb0Ffa1hwOXVJYXdvbFk3NFNXTFNB?oc=5,"Thu, 28 Nov 2024 08:00:00 GMT",2026-09-03T09:13:02+09:00
GoogleNews:所得　食,所得　食,世帯所得で違いがはっきり 不健康な食習慣と飲酒習慣 - ダイヤモンド・オンライン,https://news.google.com/rss/articles/CBMiS0FVX3lxTE05eDhxWi1QM0xSY3F1dG9LSEtQVTVtbXhoeHF1aTdNd1pyY25XM1U5NzRxNFdMR0F2YjJvcjNZa3ZIWTlTQ1NLNjZsTdIBTkFVX3lxTE5mc1o3UUp5aFduSW1ReENRWmE0ZmRjMVJTS3JMUUpXV1JRT1NvVnRQNzRXWE56bUplWmM4MnUzNFBKb0hoMGZxZmc1clZDQQ?oc=5,"Fri, 29 Jan 2016 08:00:00 GMT",2026-09-03T09:13:02+09:00
GoogleNews:所得　食,所得　食,低所得者ほど米・パン摂取 厚労省調査、野菜・肉類は少なく - 日本経済新聞,https://news.google.com/rss/articles/CBMibEFVX3lxTE5HTjhKTXNaMFFOVjB4TERoOFlpZ0pLYjQ4VWhzTG9GQWhBeWhuWDVLZXFFUWI4OXhJUlg5RGhFS2w0eEpYZFhGVExOQ0d3eE1qZXRfcnVqZnVnQzgwYXFib01peFUzdFpoQ3ROQw?oc=5,"Thu, 10 Dec 2015 08:00:00 GMT",2026-09-03T09:13:02+09:00
GoogleNews:所得　食,所得　食,"画像 | 高所得者層ほど肉とスパゲッティを好む､では低所得者層は…データでわかった""収入差""による食生活の格差 - PRESIDENT Online（プレジデントオンライン）",https://news.google.com/rss/articles/CBMiVEFVX3lxTE5JNk1zbFZia0xMekJ5TzdScGNlOWxia0QySjBpaVJrc0JIcy1YUXZ0X0swMUI3cnlzQldUUmJibE5kcmtUeXFCbTJ5R3R3TnFWcDJwUw?oc=5,"Thu, 04 Dec 2025 11:55:02 GMT",2026-09-03T09:13:02+09:00
GoogleNews:所得　食,所得　食,461. 先進国における食生活のシフトによる地球・人類の健康の改善 - jircas.go.jp,https://news.google.com/rss/articles/CBMiZEFVX3lxTE1vS2JTbUM2M3RQdlRuRkxRZmx1Q1ozNUZQd09XY3oyaHFES1BKczRuN1U4c1hjcWd1V0gtb1BNcVd3dHZQUkVubnJkaGt1QTFsYUhUb0M1MmlybEJGYjVRWW1JTkw?oc=5,"Thu, 20 Jan 2022 08:00:00 GMT",2026-09-03T09:13:02+09:00
GoogleNews:所得　食,所得　食,「230円の社食も高い」 当事者が語る、“今起きている”貧困の実態 フルタイム就労でも低収入、食を諦める母――困窮する親子の暮らしとは？ 【ひとり親家庭の声】 - PR TIMES,https://news.google.com/rss/articles/CBMiakFVX3lxTE5ka1NTZmVfSmVhQ2FjeU53TVM5WmdOV2JoNWFsaE5fOEg2dWJPNGE2Q1FFNEJ5SXV3S1B0Szdldk5LZ21BNnFGdFo3VkxPeE1kUklpVXFfZjhoTndRSVQzb2R1WG9LdHQ1a1E?oc=5,"Thu, 22 May 2025 07:00:00 GMT",2026-09-03T09:13:02+09:00
GoogleNews:所得　食,所得　食,食材料費(副食費)の免除及び補足給付事業について - city.osaka-izumi.lg.jp,https://news.google.com/rss/articles/CBMiqgFBVV95cUxPQVMyY0RrcnRrNUh6bkpSZnJPLW5qcUU5YXgzXzBnR0NhQlZ0emk4ZkFvZUlSeW9CQlZvSThiMDBWOW5OZ2VRWVdtc1g2dUYxWHVQczQzbDdmcnQ1ZDctdGRfd01LZFdLdmVsUmdTNUZSOWV4REhsd0dmZFRTWVU2UGxvSmFoSFdVVExzZURlN29JeGl3UXJlT1JhU0RQeTh4dnVxdVI0ZmVWQQ?oc=5,"Fri, 28 Nov 2025 08:00:00 GMT",2026-09-03T09:13:02+09:00
GoogleNews:所得　食,所得　食,1日1食の子どもも・・・ 学校給食のない長期休みに、困窮家庭で一層深刻化する食生活の実態とは？ 【フードバンクを利用するひとり親家庭への調査】 - PR TIMES,https://news.google.com/rss/articles/CBMiakFVX3lxTE1GNm8yRl9teVBkbVdEWDNiX3pmUUVzZWI2WC1yNUhZOWtRNUNyU2pmQmwxdTNZUlEzbmhFV0swQkxKbnhMLU04d0NpRHBxYWZBMFAtVllCanlHWGZkLWJidHlZREVBMVY2Y2c?oc=5,"Tue, 25 Jun 2024 07:00:00 GMT",2026-09-03T09:13:02+09:00
GoogleNews:所得　食,所得　食,コメ農家が赤字でもコメを作り続ける理由食料安全保障と農業のキホンの「キ」（4） | 食料安全保障と農業のキホンの「キ」 - mri.co.jp,https://news.google.com/rss/articles/CBMiYkFVX3lxTE16Q1k4SG9USnItdkJaanNHcEQxM2k3WVpuNWhVSGhVLTh2UE81TUluUkxVLThoT1ZvT01WQ1E4aUgxVTQxOU5GalBEcDNkYWV0MkJlZmh6T0VxWHNYT29GQjZR?oc=5,"Wed, 12 Jul 2023 07:00:00 GMT",2026-09-03T09:13:02+09:00
GoogleNews:所得　食,所得　食,JICA草の根技術協力事業「参加型フードバリューチェーンの構築を通じた所得向上」インドネシア・バリ島現地活動報告（vol.2） - waseda.jp,https://news.google.com/rss/articles/CBMiYkFVX3lxTE1kcDdGUW9BelhTMkg5SFg5RlB4ejN5SGlseTdXemJySnpiNU9kUVZxV3Y5ZklXMWNwWENhdlJlNXNxSUdSTUt0OUxrRlZyOE1sODVJUmVWOVRTSkxBX2s2M3JB?oc=5,"Wed, 01 Jul 2026 07:00:00 GMT",2026-09-03T09:13:02+09:00
GoogleNews:所得　食,所得　食,“食の砂漠”をなくす。LA発、低所得者に新鮮な野菜を届けるアプリ「tangelo」 - IDEAS FOR GOOD,https://news.google.com/rss/articles/CBMiVkFVX3lxTE9IeVRfTk05bFFmVy1VNXVzTWpZbjNMZjBSMDR5X2k5aGY2Z1NfX29RcXFWbFg4TGYtOEhHbGRNaGdNUnUwUmp5a0ozM2NkV1FJRmVyNHNB?oc=5,"Fri, 02 Oct 2020 07:00:00 GMT",2026-09-03T09:13:02+09:00
GoogleNews:所得　食,所得　食,所得が低い人ほど食事の栄養バランスが悪いことが判明 :ニュース - almediaweb.jp,https://news.google.com/rss/articles/CBMiXkFVX3lxTE9MMWtqUlk0dEFvMVQyTkVxOFZ5NXg4QUg4YlExZ1ZTeTJuSU1idkp4QnFQQ0N5dFBwTFk4eDZOT1gxWFZNTXVvWHdiMXJqSTlRVVluYi1UbjFMZWgyQnc?oc=5,"Mon, 25 Jan 2016 08:00:00 GMT",2026-09-03T09:13:02+09:00
GoogleNews:所得　食,所得　食,"米、肉・魚、野菜の購入「経済的に困難」9割 物価上昇で 食事量・栄養足りず「子どもの成長への影響心配」【フードバンクを利用するひとり親家庭2,000名超による回答】 - PR TIMES",https://news.google.com/rss/articles/CBMiakFVX3lxTE4zV1dOZ2dtM1JwNmlrS0hqTUNhUmV1ZEdwQVM1b0RnSjRrbkd0TTV1UWMxTE5kUlFUOE9CdjgwakI4b0dMMTVKMURkVTdpU1JhcWZZT1ZXYjRucUtTd1JaRF9vYWp5a3QwNVE?oc=5,"Tue, 25 Mar 2025 07:00:00 GMT",2026-09-03T09:13:02+09:00
GoogleNews:所得　食,所得　食,低所得が「食」「育児」直撃―子どもの貧困の実相（上） - nippon.com,https://news.google.com/rss/articles/CBMiVEFVX3lxTFBFSzY5cGpHTi1SMGlwNlpEbWJmZlJIWExPbjZlcFpTSEczUmFkVWZRMDUzVkdPME1TUERELThFVXNMOUVqWjljZ3NERldFWDVRVVJ6Ug?oc=5,"Wed, 16 Oct 2019 07:00:00 GMT",2026-09-03T09:13:02+09:00
GoogleNews:所得　食,所得　食,子どもの3人に1人「1日2食以下」 低所得のひとり親家庭 給食のない夏休み【Nスタ解説】 - TBS NEWS DIG,https://news.google.com/rss/articles/CBMiV0FVX3lxTE9YSUtLMkJscnlxaGNuVVpWRmZ1U21SUkJ4UE55UTU0MWlsblA2NmZXcXFoSU9iZjMxV1hEck9FTzZrV2Jwd09JNG10QllUZUh2T1ZhWVhaQQ?oc=5,"Wed, 25 Jun 2025 07:00:00 GMT",2026-09-03T09:13:02+09:00
GoogleNews:所得　食,所得　食,食を通じてひとり親家庭を支える、食品支援ボランティア募集【近畿・九州】 ～低所得のひとり親家庭に向けたフードバンク「グッドごはん」～ | 特定非営利活動法人グッドネーバーズ・ジャパンのプレスリリース - PR TIMES,https://news.google.com/rss/articles/CBMiakFVX3lxTE1fbGU5V2sxbVNGWEFhUzcxNDd4STJ3UmJDblZQOXZXY0xGQkJJNE1idVdHVW1MOW9xRHREbHkwWDl2by1NT3AyV1hPVXVmMW9rSHBVWmJQRWJaSmVFVUJYSGdfLXhLWmxUUVE?oc=5,"Thu, 27 Mar 2025 07:00:00 GMT",2026-09-03T09:13:02+09:00
GoogleNews:所得　食,所得　食,入院時の食事に係る患者負担を2025年度から「20円引き上げ」、ただし低所得者では負担増に配慮を―社保審・医療保険部会 - GemMed,https://news.google.com/rss/articles/CBMiSEFVX3lxTFBpX0RxVmpnREZ6ZFVXSjQ4Q0lkZ1ZpVllOVERLUW9Kdjl6MjVGdGJHcTRiOWJFQ3dZanJ1Qkl4UG5kNE5GWW53OA?oc=5,"Fri, 27 Dec 2024 08:00:00 GMT",2026-09-03T09:13:02+09:00
GoogleNews:所得　食,所得　食,高所得国での非喫煙者の肺がん、よく料理する人ほどリスク高い？｜CareNet.com - CareNet.com,https://news.google.com/rss/articles/CBMiX0FVX3lxTE8xTGg4QXNUUi1JTlQwSXgxZkhldWM3MEM0enpSUlZjZ2VxcXNCYmkzZEY5TDV6VG1ZbW16SzFXSWpvcGFsd2wxR2phUFh6SFBtSFQ3QW5vM21XYTgwQlln?oc=5,"Wed, 02 Jul 2025 07:00:00 GMT",2026-09-03T09:13:02+09:00
GoogleNews:所得　食,所得　食,給食のない夏休み 「1日2食以下」の子どもは低所得ひとり親家庭の3人に1人 コメの価格高騰で「お腹が満たせなく」 - TBS NEWS DIG,https://news.google.com/rss/articles/CBMiV0FVX3lxTE9RRG55ZkdMWmYtZmtDVDk2dTBJSWQ2WF80bHl2R1JEWHNZRTV1d2IwQTQ5WDVIT0xYQnd3V29mdzZWNW54Zm80RzRlYlFHdmtfbHpMQ3BVQQ?oc=5,"Wed, 25 Jun 2025 07:00:00 GMT",2026-09-03T09:13:02+09:00
GoogleNews:所得　食,所得　食,〝食〞で保険外収入増 自社調理の強み活用 らぽーる上尾 - koureisha-jutaku.com,https://news.google.com/rss/articles/CBMiXEFVX3lxTFA1c0ctNWtwUmp5ZnRuQ1RxNzdJSUdzZ1VUWUg2NU13bmVvcGJBSndRUWR0TWpvS2EtdFpmS0NMQWx6eWsxY3otd2hwaXQ1NTgwZ3NKOUhJUC1EZTB5?oc=5,"Wed, 11 Jun 2025 07:00:00 GMT",2026-09-03T09:13:02+09:00
GoogleNews:所得　食,所得　食,家計厳しく「子どもが食べることを遠慮」 給食のない長期休み、1日2食以下の子どもが増加――物価上昇、米の価格高騰が追い打ちに 【フードバンクを利用するひとり親家庭への調査】 - PR TIMES,https://news.google.com/rss/articles/CBMiakFVX3lxTFB2SFZ0TWZuODJFenlQd1o2Y0Y1cHFFRU0yTC0zaHZzTmZLS0dVeUNMZFMwRHQxVkh6SzZWWlU2dnl4cVoxc2k4RFpCZGxqd0VXS0JKZGZMMS12cUJ2NVF6Wko4TWhoWkthVmc?oc=5,"Wed, 25 Jun 2025 07:00:00 GMT",2026-09-03T09:13:02+09:00
GoogleNews:所得　食,所得　食,入院時の食事基準額、1食40円の引上げを提案─厚労省 - メディカルサポネット,https://news.google.com/rss/articles/CBMib0FVX3lxTE5ZZHNVM1RXa3FTM1pDbGdTQ3dIckMxNU1wWVExUXdXVWlkcDREMVZmZmE0SEJma0h2c0tHd0lYS3RvSXNCVEs2S1B4ZmE0dm1UQXpQcTNjODRZcHhaS0l3YVNtdnBkakQ0bzQ4a1NYdw?oc=5,"Thu, 04 Dec 2025 08:00:00 GMT",2026-09-03T09:13:02+09:00
GoogleNews:所得　食,所得　食,価格保障と所得補償を/高知 食と農を考えるつどい/紙参院議員と白川予定候補迎え - jcp.or.jp,https://news.google.com/rss/articles/CBMidkFVX3lxTE5iTjdhUmNkR1ItNUJBMXR6M3lCX1Y1VnUzSFh2Z3otZlMzcjFOOHVSS3dROTRpQjFRLWEzUElPeUlxbDA1Yng2cXJqcHRRVThzMkU3QWxLbzEwdndUUG9FcU5ENkV4MzVkdE43algxUFNxQ3NRS0E?oc=5,"Tue, 15 Apr 2025 07:00:00 GMT",2026-09-03T09:13:02+09:00
GoogleNews:所得　食,所得　食,【新型コロナ】ひとり親家庭への収入と食への影響を5月と9月に調査。子どもに食べさせるため食事を減らす親が増加 - PR TIMES,https://news.google.com/rss/articles/CBMiakFVX3lxTE9BcWM5cE80V1RwaXJIZjAtZ2dFT3lYTjlkS2ROMzRmLW1hOHY5QUlUZW1WVndKU3B0MTgyM1JEZjFQY1NDT3g1c0JPeFFMU2lMY3A1QlQ1UVkwYTV6dktJei1xQTdsQXBUZ3c?oc=5,"Tue, 20 Oct 2020 07:00:00 GMT",2026-09-03T09:13:02+09:00
GoogleNews:所得　食,所得　食,【ひとり親家庭対象アンケート】週41時間以上働いても、子どもに1日2食しか食べさせられない - PR TIMES,https://news.google.com/rss/articles/CBMiakFVX3lxTE81OG5oQTc5d3BGX2NncU02dmMtUnlUak9JeVdHb19obm9zaERYZjUxb3VuYUQzTWlKbEdLSDhCbnNIQjVnT3libkVibk52ZW44dUdGcGVaT254bFFHU1ZhSHZ3ZEVTSG1qbWc?oc=5,"Thu, 27 Apr 2023 07:00:00 GMT",2026-09-03T09:13:02+09:00
GoogleNews:所得　食,所得　食,高GI食、心血管疾患・死亡リスク増大と関連／NEJM｜CareNet.com - CareNet.com,https://news.google.com/rss/articles/CBMiX0FVX3lxTE1JRS10UnlDN2M2Z29CSEJ4WnlkR2tfcDFvdEVxQndOYjUzb0xZdEdnOWFoRVYtbG85YU9wTUp0cnBfeVZiU3dGZU5jSnd6QU42LTF1TjZrOERGZ2puOTVv?oc=5,"Fri, 05 Mar 2021 08:00:00 GMT",2026-09-03T09:13:02+09:00
GoogleNews:所得　食,所得　食,「夏休みの空腹と孤独をなくす」困窮する子どもたちに食品を贈る夏の特別プロジェクト始動 - PR TIMES,https://news.google.com/rss/articles/CBMiakFVX3lxTE1nY004T1RuMEd6VEU1V3JPOVBHeVNRMjMyQ29HU1FPdVlWcEVPdzJMaXVlTThGYmd1WTZyMzZvREVkVk10TV91QnNGQnZLTUNVS3k1ajVISmNjdGRuaEFJSjZiZkNIREk1Q3c?oc=5,"Tue, 21 Jul 2026 07:00:00 GMT",2026-09-03T09:13:02+09:00
GoogleNews:所得　食,所得　食,入院時の食費、1食当たり30円アップへ - 日経メディカル,https://news.google.com/rss/articles/CBMif0FVX3lxTE9Ra0tVdkNLcUZYU0RvQ3NQU01mTWZkRFoxdF9sQU5NcFlkR3RZMEQ2ZjlpdW8zdFpWN25BMHlTR1JxY2hDc2ZuZExBdU83cEt0X1BLTHJhS1BxUlFHRWdMTWphekFUT0doRTI1VDdUVm04TWVlWEV4aW9mM0g1M1U?oc=5,"Mon, 11 Dec 2023 08:00:00 GMT",2026-09-03T09:13:02+09:00
GoogleNews:所得　食,所得　食,「食料がない時には、土手の可食草をおかずにした」 ―困窮するひとり親家庭の収入と実情：子どもの教育、体験、食事・・・あらゆるものを断念 | 特定非営利活動法人グッドネーバーズ・ジャパンのプレスリリース - PR TIMES,https://news.google.com/rss/articles/CBMiakFVX3lxTE5XNk1adGV3c3BsNXlRVS02MHlycGx3ZnNuX0JyQXpUT1oyNkw3YlhTenlUZWZHbG9ZYXBwZ3RBYmpvaVFsdzcyWkZFc2RIbHFVY2plN2V0Tld0c0FBem5TVnBTUnBZM0QxaFE?oc=5,"Tue, 08 Aug 2023 07:00:00 GMT",2026-09-03T09:13:02+09:00
GoogleNews:所得　食,所得　食,新型コロナによる経済活動の停滞がひとり親を直撃。75%が減収、「一日一食」「4月、5月の収入ゼロ」 - PR TIMES,https://news.google.com/rss/articles/CBMiakFVX3lxTE5MV0lMMmVfekdDY0xFcGctaHZYSThyTTVwR25PcGxpcEpPaVFFYk1tZTdpbEhvbncxOHg2VURBVnVyR1Q4OXFfeGxfX3ZMRjBxNFo2MzVQMzNVRFYtTU0xbm9nX25veDFOSXc?oc=5,"Mon, 25 May 2020 07:00:00 GMT",2026-09-03T09:13:02+09:00
GoogleNews:所得　食,所得　食,2026年4月「食事補助」42年ぶりの改正へ。8割以上が“実質収入”と認識、74.3%が企業選びで重視——福利厚生が採用競争の重要指標に | 株式会社KOMPEITOのプレスリリース - PR TIMES,https://news.google.com/rss/articles/CBMiakFVX3lxTE5hc0tmTXhvTnFYTXFaS3c0aDFnYnNLMDh4MWtodVNhc1R0YW9meWhYWWNTMXI4QUZTMmwwNEplQ1Q3MnMxaWJJOTlFR21va2VaSm82eFkzVWdCWVFyM21EUDlhQ2NkT0UzVVE?oc=5,"Mon, 30 Mar 2026 07:00:00 GMT",2026-09-03T09:13:02+09:00
GoogleNews:所得　食,所得　食,低所得が糖尿病リスクに 1.2〜1.4倍の格差 ストレスや就労困難が原因か？｜ニュース - dm-net.co.jp,https://news.google.com/rss/articles/CBMiWEFVX3lxTE5iOTJPS0dTUlo5RU9mdVJyWmw5T2IzSUF3dU4xOEVnOFJ2Ri1rWC1WLWVjUnNkZmkxbUFWZVZYRHBaYzZQQ2c0TDg1X1FNQ3RmY0FpWkZnVi0?oc=5,"Wed, 13 Feb 2019 08:00:00 GMT",2026-09-03T09:13:02+09:00
GoogleNews:所得　食,所得　食,世帯収入、200万円未満が2.5ポイント増 「衣.食」の確保難しく、病院受診も抑制＜2022年度沖縄子ども調査＞ - 琉球新報デジタル,https://news.google.com/rss/articles/CBMiW0FVX3lxTE95ZU1zOGMyZ0IxWUpxRVgwb2FJNWFaaEVwS3pkcmlXaUNyYUt2YjBfdHpDOGhZWUpjcVYxdnNLVHkyU3JTOVF4ZmcxMlZsZUFpVXFQaElzVHdXNjg?oc=5,"Fri, 09 Jun 2023 07:00:00 GMT",2026-09-03T09:13:02+09:00
GoogleNews:所得　食,所得　食,アングル：米ファストフード業界、アプリ利用の割引で低所得層つなぎとめ - ロイター,https://news.google.com/rss/articles/CBMiekFVX3lxTE5UMUV1TjZrTFJmMTF2NzFzODZ4RlF5RGwyNmMxazhtQVlNSWVuRUNEc1dIc2xYWlRQVUh6U0xYSGVSLUJDZlVScEM4cXgxZ2IxVHBGQjlvQlQ2UmNBd0FzLWpsRktBalFRRHlHYzM0bk45dGtlaFo4SnZ3?oc=5,"Sat, 30 Mar 2024 07:00:00 GMT",2026-09-03T09:13:02+09:00
GoogleNews:所得　食,所得　食,栄養改善と収入向上を試みる、ラオスにおける「昆虫食」のあるべき姿 - JBpress,https://news.google.com/rss/articles/CBMiVkFVX3lxTE0yeFFVRlNLdmxZX0RJRW0zSUh5a1pzdjhhRjlYZVoxS040blotTGt0TXBOUmtFMk15YTlFcjRJYzZwbk9HMDVzQ0R6Yk5YbjdTYlJDWHFB?oc=5,"Wed, 14 Jun 2023 07:00:00 GMT",2026-09-03T09:13:02+09:00
GoogleNews:所得　食,所得　食,最貧国、栄養失調と肥満も問題　超加工食品などで＝英医学誌 - BBC,https://news.google.com/rss/articles/CBMiTkFVX3lxTFBvMWlZejdCZWw4RzNReWdZcVpQTHhWa0NBMlBWWHVTVkt2QUFaR3I3LXhrbHR4OXJ6dzBKVGQwbEMyQXcxek1ic0FtckpLQdIBU0FVX3lxTFBWN0xmam40NGRpV0hCWTdSak9Dc1c5Ym9rWXVqekc2eFdDZXFkcm5vcDdnTldEWXRTTmgtbEVaTElYcHF0dGJPS3BsSDgzMkxIUTRF?oc=5,"Mon, 16 Dec 2019 08:00:00 GMT",2026-09-03T09:13:02+09:00
GoogleNews:所得　食,所得　食,所得に比べ幸福度低い韓国人…１日２食は「ひとり」、隣人も「信頼できない」 : 文化 - ハンギョレ新聞,https://news.google.com/rss/articles/CBMiXEFVX3lxTE90bkszTFFaUGlJTmtEVGlKbkVyV053UkgwUEJqanVLSlF3NU1UM2tpRVZ6Sm05QlhrSkNqMTNqeDFPa3UxZ1FYazNiUkNtUEhIVmd4MmpuaUIwZExS?oc=5,"Tue, 25 Mar 2025 07:00:00 GMT",2026-09-03T09:13:02+09:00
GoogleNews:所得　食,所得　食,タイ、所得による食生活の格差が顕著～タイの「食」に関する海外調査 （冷凍食品・コンビニ利用実態編）～ - PR TIMES,https://news.google.com/rss/articles/CBMiakFVX3lxTFBWei1ZTFp5M1hMZTB3dXZVOEc1bmpieUNRSnpZczFHNjFxUURlNF9lWTNqNmpuYkVLMEo1WkxEejlERnpGN2N3M0lZNE5pNjBOVFJYUzcxWDNDUUhpNEpjRXdjVFZWY1hFQXc?oc=5,"Tue, 03 Aug 2021 07:00:00 GMT",2026-09-03T09:13:02+09:00
GoogleNews:所得　食,所得　食,廃棄される食品で低所得者層を支援 マレーシア政府が推進するフードバンク活動 | 未来コトハジメ - 日経BP,https://news.google.com/rss/articles/CBMibEFVX3lxTE1lUERBNE01bTZ3Nm9TZzYyWlk5U1ZjSnFJNnpUR25zV2J5WVBxWFRGYlhSR1lQOEZURzhnSW9XRUhKY3QzbWxMODhNZFRiRW4tQnU3N1pEVkZlTXpvUWJGUE11Mld4MDROcFB6Mg?oc=5,"Tue, 20 Jul 2021 07:00:00 GMT",2026-09-03T09:13:02+09:00
GoogleNews:所得　食,所得　食,所得と野菜を食べる量の悲しい関係、野菜マーケットはいまや「局地戦」へ 味の社会学（第6回）(1/4) - JBpress,https://news.google.com/rss/articles/CBMiVkFVX3lxTFBBV0hOaUtlZVFvZU5PVUFsTWlpeURXY0YyRlFqaW96dGVnd2hHNUVBU3ZkN0kzRG1JcTl3QVhiRk1VbnRTVlV0NzN1djNFdEVrSUJtVE13?oc=5,"Wed, 26 Feb 2014 08:00:00 GMT",2026-09-03T09:13:02+09:00
GoogleNews:所得　食,所得　食,【サンタさんは忙しいから来ないと言ってます】ひとり親家庭の収入や食への影響を調査 - PR TIMES,https://news.google.com/rss/articles/CBMiakFVX3lxTE1ZdFI1b1hhQzlTZEVVcXNGdmdndnBKQ19oNUNoVm9md0hPMkNQWXFiQmhEdDBvZGtzMi1qNGx0cXNBYzZiTTZfbEdlSC1iMmliQm5NYUZXOVVfT0FHZnk0TlJNVlhWZjB0RVE?oc=5,"Fri, 24 Dec 2021 08:00:00 GMT",2026-09-03T09:13:02+09:00
GoogleNews:所得　食,所得　食,所得が高くなると健康投資が増える？－高血圧診断が食生活に与える影響をもとに 小西萌 助教 （2011年4月当時） - waseda.jp,https://news.google.com/rss/articles/CBMiYkFVX3lxTE9iMmUzSWpFcVdOOXdqM0dXbGJJZEJEc0p5QzVkNjNyR0FwWk1qb3ZGTjFnSklWQ2hsdkU2U1pkNkNtYVVnRG0tRnNyNFhMZ2dRLXlWa1lvYU9ISGtuNFYwcWFB?oc=5,"Sun, 17 Apr 2011 07:00:00 GMT",2026-09-03T09:13:02+09:00
GoogleNews:所得　食,所得　食,"所得の割に食にこだわる｢エンゲル係数の高い県民｣が不思議と好む､米でも麺でもない割高な""粉もの料理"" - PRESIDENT Online（プレジデントオンライン）",https://news.google.com/rss/articles/CBMiV0FVX3lxTFBWa3c5VVpnbXVaUHRwX0tvMVVMRWwyUzdkcXB2bHR0TUI0S0pjQ21JLTQxUGoxTU5VX244MUgxbDJHdUJFalNZVkNSSkdQRjZackVJZ1hxYw?oc=5,"Tue, 12 Jul 2022 07:00:00 GMT",2026-09-03T09:13:02+09:00
GoogleNews:所得　食,所得　食,農家をどう支えるか…いま注目「直接支払制度」ってどんな仕組み？ コメの生産量と価格のジレンマに効く？ - 東京新聞,https://news.google.com/rss/articles/CBMiU0FVX3lxTE13bXphY3EzS01ISmY3dnNRZ1l4T0FoeGJ2ZzRIQlhldlpqV1dreFV6RUFCUXVLZllSeFlFRWlmakJIODl1R25wcDFRQjd0RVYtUEZB?oc=5,"Wed, 16 Jul 2025 07:00:00 GMT",2026-09-03T09:13:02+09:00
GoogleNews:所得　食,所得　食,【全国共通おこめ券発掘プロジェクト】お米を低所得のひとり親家庭の食卓へ - PR TIMES,https://news.google.com/rss/articles/CBMiakFVX3lxTE5JcHhNSmVNVi12TmNIVWl3ZFFhZFU3TUQ5OGR0dWFWZFdmTDZoR0NaQk9sbjZxXzBCaWNQdHRHTWpackxmWGlFZldjVzJtRWpWVG1yZVFlR3czaXEyMTlZLUltX3hRMFZGWVE?oc=5,"Wed, 07 Dec 2022 08:00:00 GMT",2026-09-03T09:13:02+09:00
GoogleNews:所得　食,所得　食,障害者アーティストの所得支援を目指すアートビリティとimperfectが協業し、パッケージデザインに障害者アーティストの作品を使用した「アート＆カカオ」第2弾を発売 - PR TIMES,https://news.google.com/rss/articles/CBMiakFVX3lxTE1DOFhIRDFhTEVTRFAzUUtvQzNxRE9yY1RPMVlsbnpPVEhxYkJpcElVMVVKb3NuZE4wcmJjZmVPWUhaZjRvYkRGamUybDFSYkNxY3lzcjhMLUNDbGs1U3JvUmxZb2p3TkhmOXc?oc=5,"Tue, 29 Nov 2022 08:00:00 GMT",2026-09-03T09:13:02+09:00
GoogleNews:所得　食,所得　食,「食」から見たアメリカ社会、分断を克服できるか - Wedge ONLINE(ウェッジ・オンライン),https://news.google.com/rss/articles/CBMiXEFVX3lxTE9fVTVIRHBXNTE2SDA1UlI4SHRDVlMtSmQ2VFpReGFGVFRXTzhhN1JBREtkc2k0QVN4WWZ5ZWV4NmZBSFJCVllyMUM2dG1VTnNMOTVjdVRnOW1KQ2Z2?oc=5,"Fri, 24 May 2019 07:00:00 GMT",2026-09-03T09:13:02+09:00
GoogleNews:所得　食,所得　食,低所得者のペットフード支援、NYで初めてマムダニ市長が実現。動物保護団体は「前進」と歓迎 - ｄメニューニュース,https://news.google.com/rss/articles/CBMiqwFBVV95cUxQLVdfdy0wTXBWTGhKWDRRbXI1RWpncENOdHM0VllsNWpTSGVkUDcweWtybVFBQWVIekFtVElub1ozMThJTFBfWWdKUmV3YzRLWHhwR1N5eUJDRk41ekFsTWdxVFJPeS01aTZhcGNwWWN4cWFMR3JsbzR0ZE5aVHpnak5SU0hpdk4zZjNMV3k2bk5pdjk4ZXBXTDlIOHBZaEF4NmVuUXVFRDlaLTjSAacBQVVfeXFMTUlFM0V0SEhUNUhWbElMdUwwaUxnR3lCaERDSDRKbWRWTU9SY01fZjVjNmVIeTRTTGU0bjk5R3hiY3liUURFYklhRDM4MVl3OHY3Sjk2Q2FQUG8xMEY0cG5fVUpITWJBaGZNSFplMHk1RWhENnZhMG1uYTM2aXp4S3BjNHFZTkwzUGFmVElNdkJCYkFLMGY5Z3pHRC1wQzJYWE1nb3Job28?oc=5,"Tue, 07 Jul 2026 07:00:00 GMT",2026-09-03T09:13:02+09:00
GoogleNews:所得　暮らし,所得　暮らし,物価高騰、暮らしの危機打開へ――経済政策を転換する緊急要求 - jcp.or.jp,https://news.google.com/rss/articles/CBMiVkFVX3lxTE9IOFVBVHhWUm9IY2drNDBBLWY1ZElJeXAyUXY0bmlfUVFfU0h4U3JUdFlONkZDaTJXVzBoVnVDT2trei1PcHFUQm1XQjQyWXBJTDNYOFJn?oc=5,"Tue, 14 Jul 2026 07:45:21 GMT",2026-09-03T09:13:04+09:00
GoogleNews:所得　暮らし,所得　暮らし,物価高・増えない手取りに追い詰められる暮らし――ひとり親家庭アンケート 生活は“工夫”ではなく“犠牲”の段階へ【当事者の声】 - PR TIMES,https://news.google.com/rss/articles/CBMiakFVX3lxTE1tcnNsSlNiZkxJWnM3OUxXNGRlT2xMOEhJMDUwcERDZ0FCS01yNEpzUHlvVWFPNTNGTlBpOC1ZX20yc0x2LUdwWXlkNVMtYTNxZUYxMnI2eGdzLW1vWExRWHZMNmlWTjRvNGc?oc=5,"Tue, 24 Mar 2026 07:00:00 GMT",2026-09-03T09:13:04+09:00
GoogleNews:所得　暮らし,所得　暮らし,“なんとなく豊か”では、暮らしは豊かにならない。〜南風原町の経済を、数字から考える〜 - 選挙ドットコム,https://news.google.com/rss/articles/CBMiX0FVX3lxTFB0SEhoeUQzeDdMSmlKY2JWTmZIM0hzWmhobWozcnhael9vc3VPaVRhbVBYM2FZN0Focjlfa2NqQnlXLVVLSzh2cXFVUkxVRTJvNjJmc01pQmh1VDF1bUc0?oc=5,"Sat, 09 May 2026 07:00:00 GMT",2026-09-03T09:13:04+09:00
GoogleNews:所得　暮らし,所得　暮らし,宮崎県民所得が過去最高269万円に！それでも暮らしが楽にならない理由｜ほんみや宮崎 - miyazakihonto.com,https://news.google.com/rss/articles/CBMikwFBVV95cUxQUnRjNEFWTGcya0R4eko1bkJSZTR5Q1lpVVREUzkzNHc2N3E4SjVod0EtakdoaXJ2VEoxelBPV3VFV0hDUGYyZVA2SURnM19Tb3d0V3BWQjFuX2F3WEx2MUZqNnROVGxpSW41R3hRejdKOHU5TEtrQ1ZicW5Pa2FBR1Yyd3R1RzgyY29ZOXhFWHR0Wlk?oc=5,"Thu, 12 Mar 2026 07:00:00 GMT",2026-09-03T09:13:04+09:00
GoogleNews:所得　暮らし,所得　暮らし,ディスカッションペーパー25-03「中間層の暮らし向きは案外良くない」 - jil.go.jp,https://news.google.com/rss/articles/CBMiakFVX3lxTE45WlM5TWFnbnN4U0ZnQzdVTkRxdFJINGtaWlhhV0pQaWY0ZFRvRTQ0N2tZUmNYMFNTeExEcVRKdFVOUWNwOEhMZEpZc0hINmYyZ0VxV0NxWmc5TWJnUFBacFA1TnBvc2hCLWc?oc=5,"Wed, 19 Mar 2025 07:00:00 GMT",2026-09-03T09:13:04+09:00
GoogleNews:所得　暮らし,所得　暮らし,物価高から国民の暮らしを守る令和6年度補正・7年度予算 あらゆる政策総動員で可処分所得を増やす | お知らせ | ニュース - jimin.jp,https://news.google.com/rss/articles/CBMiXkFVX3lxTE5qSkFyUlMycENWTDZQbEpLNzZCNnlFVDU3LWM2UDJwQ0ZRWDJFQ3lIdV8zWlk0QldyOEQ4OHBFVmZpUGtEWTJxa0FPX3ZJNDdoVWw3MXl3cEJ6Y1R4SHc?oc=5,"Wed, 30 Apr 2025 07:00:00 GMT",2026-09-03T09:13:04+09:00
GoogleNews:所得　暮らし,所得　暮らし,暮らし守る定額減税・給付 - komei.or.jp,https://news.google.com/rss/articles/CBMiVEFVX3lxTE5VSGxLdUZUNmJMOENqSnY3a0RBWURBMUc4elZfN0Y2YjRwZ2FtTmNyY2ZpSkNzVEpGZENYR3dwWTlRN2RaS01iWjdWalRzM0g4ZnRmbw?oc=5,"Thu, 28 Dec 2023 08:00:00 GMT",2026-09-03T09:13:04+09:00
GoogleNews:所得　暮らし,所得　暮らし,＜社説＞経済対策21兆円 暮らし救済期待できぬ - 東京新聞,https://news.google.com/rss/articles/CBMiU0FVX3lxTFAzUkxFMDc5UTM0ODRtb2Y2aFF1NHdHTWdrd2V0NVhzTlROa05HMDBMcnpjRW5HZjgwakxhT2s4LTZqMGNnb2FYdXVjZ21BQXVIbjFR?oc=5,"Sat, 22 Nov 2025 08:00:00 GMT",2026-09-03T09:13:04+09:00
GoogleNews:所得　暮らし,所得　暮らし,年金受給者は確定申告が不要？確定申告で得する可能性がある8つのケース - aeonbank.co.jp,https://news.google.com/rss/articles/CBMif0FVX3lxTE5QdTFhbnJlYjNiM2oxRF9MUU1YZXZjSDFtZ29xcUZrT29fMXBRTjJnNkp2WnlLaWFMWnRCTHpEMko0WlgybzY0eHBvbjlSRXlqd1Q5N2hYTjlrb3AtOTZDUDZqMlZ1cG16a2YwdEZJb2pONmpQTm9QVVJUU1ZKdmc?oc=5,"Wed, 13 Dec 2023 08:00:00 GMT",2026-09-03T09:13:04+09:00
GoogleNews:所得　暮らし,所得　暮らし,【東京】「所得を上げ、負担を減らし、生活者の暮らしを良くしたい」玉木代表が秋葉原駅前で演説 - 新・国民民主党,https://news.google.com/rss/articles/CBMiW0FVX3lxTFBpbkpqazFBT21ObXdxLWFuWDZOaE1XQ1Myd0ZXX29ST2dVZXJMWmJRUGN4cDdCa1A1ckpjekdHc0JoclA5R2EzYnM2amZiVmVsZzNET0NVLWZiblk?oc=5,"Fri, 28 Jul 2023 07:00:00 GMT",2026-09-03T09:13:04+09:00
GoogleNews:所得　暮らし,所得　暮らし,2026年度税制改正 物価配慮、暮らし底上げ 年収の壁 中所得層の基礎控除拡大 - 日本経済新聞,https://news.google.com/rss/articles/CBMibEFVX3lxTFAzMG1wUElYRGNCRE84VmxzQVlRVzNyMmFlRTNtajlHOFNidjFtUjBIS2k5TUN2enlmSHZOME1URTQxN1gyR2ZrWGt1MlA3X29haE9SeW84WlFLQmdGWEQwZ0c1Tk1sSWJJQUpxWQ?oc=5,"Wed, 01 Apr 2026 07:00:00 GMT",2026-09-03T09:13:04+09:00
GoogleNews:所得　暮らし,所得　暮らし,調査シリーズNo.228「暮らしと意識に関するNHK・JILPT共同調査」 - jil.go.jp,https://news.google.com/rss/articles/CBMiZEFVX3lxTE5rOC1sVmxmbEh1cC0ySFFtcUh5Nl9xbFNkMmZJUVNySlk4SVZQYTFsMGFOaDhZc0dqalk5TEdCRkZjcDVjdXpMWkgwdUJfVkNVTkgwMi1QLWwzT2llMmpVRDkzN3E?oc=5,"Fri, 31 Mar 2023 07:00:00 GMT",2026-09-03T09:13:04+09:00
GoogleNews:所得　暮らし,所得　暮らし,（６月からスタート）暮らし守る定額減税／１人４万円の負担減に #公明新聞電子版 2024年05月07日付 - komei.or.jp,https://news.google.com/rss/articles/CBMi6wJBVV95cUxOaW5PdXZKVVJhc3IzWmFlN19pa053T1J5SWJQVGRFMWhOMXhoNHA2SzJRWklVaWpVZ2xXWnI1VlJDYkp6d2J4LWNrb3JIUUF6alp5WTkzM3hBZkxpSEVNOGdhNG1wNjhQUHJYT21tVW5yZkhwdG9PY2xzSUluT2NFMHhHWUtuOWt5em1nbm96bGM2Z19BTjRDNGVvWE51T0NwRkUwZzhibkVDemJHUVNMRTVMZ0hrOW1jNlIxU0ZWdGR3UWxIREhPaGJ0MTE5RnVPb0I5LVlmbE5EX21VTmM0T2RzTFM0WkxPcFhyVVRJRmpQcXpTWnNDUWNJTHhmUlU1Rm1nN3lwTzRzYi1SWUlrQTgtZkFGNDNEXzJwbEtRNWVHTWdHa2dQa2p6VzZtOThDaDd5eXpHSkZhUEhZQXJrd3J6NmdiWkg5ODRSQUVZV2IydmFxU1gteTMzVmk1OGR2bmtza096bV8zQlk?oc=5,"Thu, 16 May 2024 07:00:00 GMT",2026-09-03T09:13:04+09:00
GoogleNews:所得　暮らし,所得　暮らし,"物価上昇でも賃金上がらず困窮 日常的に”減らす・買わない・使わない”ものとは？【低所得のひとり親家庭2,000名超による回答】 - PR TIMES",https://news.google.com/rss/articles/CBMiakFVX3lxTE9zLWpiVzltRFpSaFhLTE9WaTFhRXJFT1lYQnZ3WjNYOWVldnJ0QUVpaXowRjM3ekMzWGNobFczdEJIaEhxVkx4SUZid2ZnRDljZmJNMXJmNDNUT29YeXp0ZWNVVEtEN25WT1E?oc=5,"Wed, 19 Mar 2025 07:00:00 GMT",2026-09-03T09:13:04+09:00
GoogleNews:所得　暮らし,所得　暮らし,公明の主張が反映 暮らしに根差す予算・税制 - komei.or.jp,https://news.google.com/rss/articles/CBMiVEFVX3lxTE1hblhPRHlPYzJkQ3dOOTFndWJxNW5fZ3B1WGVkSnJmQXNIWWl6a3FHVFBSUzFxVk5vc2thWGhHUGl3YWdUQ1F0UzRiczlfWTJMdkVXNQ?oc=5,"Mon, 13 Jan 2025 08:00:00 GMT",2026-09-03T09:13:04+09:00
GoogleNews:所得　暮らし,所得　暮らし,全世代の暮らしを豊かに - komei.or.jp,https://news.google.com/rss/articles/CBMiVEFVX3lxTE5abHo0SGM2Vl9WMlhBbVRqWnl3ZjI4Q3NqUXliRHlycl94aVhRZVZFLVBfT3Nxd09reDZrcXNJN1ZPUE5SbERydTVlWm9xYmlkZ1lYcA?oc=5,"Sun, 29 Dec 2024 08:00:00 GMT",2026-09-03T09:13:04+09:00
GoogleNews:所得　暮らし,所得　暮らし,公明の主張が反映 暮らし守る予算・税制 生活支援 減税・ 給付で家計底上げ／政府試算、物価高超す所得増に 公明新聞2024/0 1/11 １面より - komei.or.jp,https://news.google.com/rss/articles/CBMieEFVX3lxTFBMQmRJY0RsZVVGdi13LW40UXdkTUo3NDJvcUNvOVBnUG5EdFUxbHZWUE5zNnoteVNTbnZINERFZFF4ZnhGR0NiUzFBR2FoX0NHYWczY0ZnNEVkUm95emFZRTdiVEp5c3Iwbi1RRzVqWHU1RVRLVDlSUQ?oc=5,"Thu, 11 Jan 2024 08:00:00 GMT",2026-09-03T09:13:04+09:00
GoogleNews:所得　暮らし,所得　暮らし,暮らし守る定額減税と給付 - komei.or.jp,https://news.google.com/rss/articles/CBMigAJBVV95cUxNQ1J5d2NFWUZfaWhZeWxRYjF1WUNnWTFnMWNrS1AyMDMxRExPX3dLOERwZ0dlU1FhWjUyQUQwYWt2S3czS3pwWGU2cWlBS2U2YjVMTnZ4bjZaXzNnVGFvaHhOSnlaRXo4ZUY5aGY5M3hQRHZxNm5CWFowRXgzV3BUQWI5cUhGU3daQ1RDVXNRcm9MMjZwZkFoRElhTy0wVHh6WGYydXVqOU5xM0JiRFg0bU1ULUxSLUhSV0V1VkFnVC1rV1dpZnBhakVrYlVuNUw2MTg3SHkxdDF5MTZ5eDFsajRITkxNbTQtRVZnV1MyWmZpQVd6Wm1HSlJnN2IwSHJF?oc=5,"Thu, 28 Dec 2023 08:00:00 GMT",2026-09-03T09:13:04+09:00
GoogleNews:所得　暮らし,所得　暮らし,Action 1 強い経済、伸びる賃金｜参院選公約2025｜「日本を動かす 暮らしを豊かに」 2025年 第27回 参議院選挙 - jimin.jp,https://news.google.com/rss/articles/CBMiggFBVV95cUxPQm9zdEVMSUhLQ0l6WnlSbmtxNU8xcV92dVRmZS1vU2tJT203S25aVXJzWC1wanhjQkdYcVNPcjE4Z04tNTVsUTR4OGdFMDlvQW0tc0pnVDVQcG9OT0pBWDhOQUwycE5SOGJRNUp5LWtFbktRWHZZN2xHMFZlME5CWEdB?oc=5,"Fri, 25 Jul 2025 16:43:58 GMT",2026-09-03T09:13:04+09:00
GoogleNews:所得　暮らし,所得　暮らし,２０２６（令和８）年度税制改正についての提言 - 立憲民主党,https://news.google.com/rss/articles/CBMiakFVX3lxTE9TYld2WmltaWZaUjFRSFZ2LWdEeGRnQnEwSGo1MENQSzlPN3ZZT3E1b3FIZk5WLUQ4ajM1Z0wtTXc3dWlONVA1LVNnMmR6VUhCMWhieERGRjgzbFVrTmlqZEdYWXRGbkxQdGc?oc=5,"Fri, 05 Dec 2025 08:00:00 GMT",2026-09-03T09:13:04+09:00
GoogleNews:所得　暮らし,所得　暮らし,“葛飾区で語る会” 減税、幅広い所得層で - komei.or.jp,https://news.google.com/rss/articles/CBMiVEFVX3lxTFBhVWpIbGJWdG4yZy1OY2dROUZ2WHRDZDhCMFJDdHEtaEFyYVFoT28wVENVNHpmTE00bU1WLXNtR0RET1huLTRPWU9sbzNEZDlHQ2NNZQ?oc=5,"Mon, 07 Apr 2025 07:00:00 GMT",2026-09-03T09:13:04+09:00
GoogleNews:所得　暮らし,所得　暮らし,“物価高から暮らしと職場を守る”要望書 を小山市長に提出 : ブログ : - komei.or.jp,https://news.google.com/rss/articles/CBMi3AJBVV95cUxPbWZBbXppVHc5b3IxQWhaSFg2cWk2VzFNdWtBLVJ4ZVRKOGxkZVNjX1VVaG9TU0k2TVBqdG1ZaWhzbTJkRzNpcDZXLUlUWHRCZGlwVXNJSktTVzIzNUxOb1NNb2VSdkVhNzliNEluU1FFZDVFVlJpY2FrUmhBM2lQRk9kZ0l3Nnhhd252Qk9PT1hnem9fQ0l5MVVxQXFhWUI5T3FScHZHNlNyRjZOMnM5NEdLVHRsdjhwLUc0dmplcjhER0sxcG5lb05oalZ4Wk51TEhiRHFPdjM4VFZ2N3BrWE5KTjNleHBoOWhZZF84c2ZZQy0xVVNxTkp0SjR0bm9yNWFfWmhWTzJGRVRCREd1SVlHY05ObUR0dGptSlhaUWdCc1owVElPT0RKLVFMbWlSTlY4ZC1FVjc0QWhpWkczcXNQNVU4Ymt4N08wUDBEbW5MX3ItbkZ2Y3lpME8?oc=5,"Sun, 28 Dec 2025 08:00:00 GMT",2026-09-03T09:13:04+09:00
GoogleNews:所得　暮らし,所得　暮らし,値上げが暮らしを直撃/低所得者ほど被害甚大/給付や消費税減税を - jcp.or.jp,https://news.google.com/rss/articles/CBMidkFVX3lxTE9lQkJYWndaWnQ5bXVJMTNMWklwYkwwWlRhR0t6b1VSRHJjcWJnZjVaUzBTdjNpSDE5SjJsTWNYdlRBOE03cElTYmdCaTA4anZMMXQ0bWk0Tk5BTkR0VkNvLTBhRlZ3NFV5UkxPRDFWS3I4ODlKRWc?oc=5,"Tue, 08 Feb 2022 08:00:00 GMT",2026-09-03T09:13:04+09:00
GoogleNews:所得　暮らし,所得　暮らし,「80歳以上女性」の34.8％が1人暮らし、世帯全体では所得減少し「生活が苦しい」との声は過去5年間で最多―2023年国民生活基礎調査 - GemMed,https://news.google.com/rss/articles/CBMiSEFVX3lxTE15ZHhXOVhFdEQzMFZIQ2RONXI0anBjWXhkZ3FCS0Exalk0TlJyT0RSU2c2QWlMejJvZ2ZLd0lkOUlfbTJvWXRvZQ?oc=5,"Tue, 09 Jul 2024 07:00:00 GMT",2026-09-03T09:13:04+09:00
GoogleNews:所得　暮らし,所得　暮らし,軍拡増税法などが可決・成立/「憲法反し暮らし壊す」/参院財金委 小池氏が反対討論 | しんぶん赤旗 - jcp.or.jp,https://news.google.com/rss/articles/CBMidEFVX3lxTE9pN2xHcWRHNXdBakQxaVdycUw5ZjRrYUFsT195U19kMWI2WEJPdEZvSkE1bVpUNGNjbHp4WlB6ZTNabXdObzBBWnVoaXk0RjN2Wm13REk4U0ZwWE41clR0S1F0QjBPWHBvbEZSLTlQMThILTdl?oc=5,"Wed, 01 Apr 2026 07:00:00 GMT",2026-09-03T09:13:04+09:00
GoogleNews:所得　暮らし,所得　暮らし,“政治学習のために” 国民の暮らし守る公明党 - komei.or.jp,https://news.google.com/rss/articles/CBMiVEFVX3lxTE94MEVVOVRSR2tHUUMwTWtvV1M5VkhUd0ZfZmhMN01QbnJNM25TcHd6YkhCNmwtY2piempGZ1ZfZlNYNDB4eU0wcnZvSXdaSjM2cHNhMA?oc=5,"Mon, 17 Mar 2025 07:00:00 GMT",2026-09-03T09:13:04+09:00
GoogleNews:所得　暮らし,所得　暮らし,【沖縄こども調査】物価高騰 低所得世帯ほど暮らしに直撃 2024年度 - 沖縄タイムス社,https://news.google.com/rss/articles/CBMiXkFVX3lxTE50V3paU3d0ZXlQNE9qb2Z4YV9vbmNUTmR5bEpmX0daS2Y4LXhySGpUellLTmF1MlNPTGxVX0JYZ2Nfcnl5WDE2c3lEcnljV0Jhc2ZweUtOUlBPa1hIcGc?oc=5,"Tue, 27 May 2025 07:00:00 GMT",2026-09-03T09:13:04+09:00
GoogleNews:所得　暮らし,所得　暮らし,物価高 暮らし守る施策急げ : ブログ : 高槻市議会議員 吉田あきひろのごきんじょニュース - komei.or.jp,https://news.google.com/rss/articles/CBMijwJBVV95cUxQVWEwOHZOMFZ1czBtajl4R0ZnQ19MTkd1MHhSdk1vZlNfRzkwR2FTQkNSQXBfaFZFZk5KOVZYSG9ZaE9nM25HSWlRby0tLTVWbHJaUUUzdzBldUR2LUNUc2FLQm9VcGRTS2IwVEZDX3YtUmlZbnoyNGhXSDZIUjhtbDFfWVR0eXYteU9tQ1pFTTl0YlprZVpGUk1NUTg0VmN0cHRJMVdiV1BGTl9vWUduY1M0dmxQOGVlZUg3RHItejlhc3JiT1ctSnhfSFE0Q1gxajV2TVROVzBBUVJzb1lhRzh1cmp5NEZQREFkVnk4U2puUjljSjFPVHRjbk1aU2NoWnRMMnhmLTVycmhDR3ZJ?oc=5,"Fri, 08 Nov 2024 08:00:00 GMT",2026-09-03T09:13:04+09:00
GoogleNews:所得　暮らし,所得　暮らし,2025年 全国業者婦人の実態調査 ②暮らしと健康 - 全国商工団体連合会,https://news.google.com/rss/articles/CBMiXkFVX3lxTFAxdnVkQ2dWSG9pY2xmN2loV3QzWUhxclFmVnA4VHo2LWVOd2hiem9rVFlHTG5aRGo2TmdPTHFKMjltRk9Lbl9Cd3BHNUloU1dyVzVyWEdkWU9HcDNTbkE?oc=5,"Mon, 02 Mar 2026 08:00:00 GMT",2026-09-03T09:13:04+09:00
GoogleNews:所得　暮らし,所得　暮らし,物価高で変わる単身世帯の暮らし 外食減少と調理食品需要の拡大、若年層は“賃貸9割”も年代とともに「持ち家率」上昇 - TBS NEWS DIG,https://news.google.com/rss/articles/CBMiZ0FVX3lxTE55ckpwNHdrSjcySzNMZ3Y0YTFDYVJneEJGUWlFbWRjTEIwRlVDSG42R2xTOEUtbTN0WmlqNFktUFBUeHdodGxXUmlMdzd0cFZRazJzY0pCTnVlbVdxVTh5dFQ1WW5JQjg?oc=5,"Thu, 04 Sep 2025 07:00:00 GMT",2026-09-03T09:13:04+09:00
GoogleNews:所得　暮らし,所得　暮らし,(政府、総合経済対策を決定)一人一人の暮らし豊かに 賃上げ、所得増へ総力 物価高に電気・ガス代支援など 2024.11.23付 - 公明新聞電子版プラス,https://news.google.com/rss/articles/CBMibkFVX3lxTE01YzlqSzVKZ2ZaVGg2N2xQUkd6VjhsYW11Nng3RDdRLVNWTUxfV3pjN3B4NjJNbjl6TmxoRzltalF1NW85cDFKOFpPQlNmTFA1RVVfMnA0NkpHVjNzQzNiNUgyMVI3dFlMNXppX3Z3?oc=5,"Sat, 23 Nov 2024 08:00:00 GMT",2026-09-03T09:13:04+09:00
GoogleNews:所得　暮らし,所得　暮らし,確定申告とふるさと納税｜みんなでつくる！暮らしのマネーメディア みんなのマネ活 - 楽天カード,https://news.google.com/rss/articles/CBMibEFVX3lxTE95aDFjbmxCUXR0eFRxd1YxMlJXeHU1TFVIX3RXRFNkZHE2MzN1emhQaVo0UWZ5cEVHNTlCODk2dUszSVg1Uk9kMlF6eHpqSDFCd2E4dll3eVlWamZCSVFMNkVkZ3FrSUlUTThmSg?oc=5,"Tue, 30 Sep 2025 07:00:00 GMT",2026-09-03T09:13:04+09:00
GoogleNews:所得　暮らし,所得　暮らし,4月から暮らしこう変わる 医療や介護負担増、働き方めぐる見直しも - 朝日新聞,https://news.google.com/rss/articles/CBMiZkFVX3lxTFBnTFRfZnhpOVo0cjY0MTdFLXJNTUFRN1BkSUIzbU5UTFYwSWUzTmtGbFh6cHlJX0EtLXZkby1XRjlhaFlPYmtEVjBOdnl3RXNZNUxfWEZhcUd0NUNjc1M5b0pVckUtdw?oc=5,"Wed, 27 Mar 2024 07:00:00 GMT",2026-09-03T09:13:04+09:00
GoogleNews:所得　暮らし,所得　暮らし,暮らしに安心 軽減税率 識者に聞く - komei.or.jp,https://news.google.com/rss/articles/CBMiU0FVX3lxTFA1amQyZFdlcTVRWEpkN2NyZS1VYW55LWMzaG1BSmFzLXJyZ3pBVHZUUzFLQi1IWExJVXlOVzY2SHd6eXJ3S2FCWjlEdDROTE9KVkVN?oc=5,"Fri, 17 Jan 2020 08:00:00 GMT",2026-09-03T09:13:04+09:00
GoogleNews:所得　暮らし,所得　暮らし,【日本のいま②所得編】平均所得536万円という数字と「実感」のズレ なぜ多くの人が豊かさを実感できないのか - TBS NEWS DIG,https://news.google.com/rss/articles/CBMiZ0FVX3lxTE43dENpb1BEbWEzNEZCaEItVUNKTnRxV2thY3ZSeDRXd0lqTHNJRUpvUlhEXzBOd3NoTjN1NDB1ZEhxeDJoSHl2d3FaY0pLV1BUOVVtbkhYeHB0VVc1S1V0dWVLY3BrNHc?oc=5,"Fri, 08 Aug 2025 07:00:00 GMT",2026-09-03T09:13:04+09:00
GoogleNews:所得　暮らし,所得　暮らし,アジア12都市の暮らし実態、可処分所得トップはシンガポール、中国・ベトナム・タイは「共稼ぎ」が95％以上 ―日本総研 - トラベルボイス,https://news.google.com/rss/articles/CBMiU0FVX3lxTE4zX0ZGZjRWMHZnc0tDTldSbzltMVA0ZVowc0hNVlpYakY4VngtY2hWZ0FEX00zTlV3Tm9nSTRza1NoNWx3a2ZGVVlLWGxEZXdyMTc0?oc=5,"Wed, 18 May 2016 07:00:00 GMT",2026-09-03T09:13:04+09:00
GoogleNews:所得　暮らし,所得　暮らし,「経済的ゆとり」1位は福井県 年収だけでは見えない都道府県別の暮らしやすさ - Forbes JAPAN,https://news.google.com/rss/articles/CBMiWEFVX3lxTE5Gc1AyMFVEazVqaEF5U2VyZVlJbzlMby1qakRmelJrNFZUb0tBRG5GanpEMW9GcVhGSjZGSzZCX3lmQWlPNzBxZnJnTlJ0NVM3NERiM2RnTzY?oc=5,"Mon, 22 Jun 2026 07:00:00 GMT",2026-09-03T09:13:04+09:00
GoogleNews:所得　暮らし,所得　暮らし,贅沢ではないが貧困でもない？ 年金生活者のリアルな実態 - マネーフォワード,https://news.google.com/rss/articles/CBMiV0FVX3lxTE9RbjJyeDBHWHN2dlVTcFRMT01HbmxCdEY3RlJpWmt1U0lISVJRZHNQZ1R3a0JIOG1sQzNPc1ZtRVRoX21ZX1lwMXJESFR1N0hMbVVSbGxpbw?oc=5,"Sat, 18 Jan 2025 08:00:00 GMT",2026-09-03T09:13:04+09:00
GoogleNews:所得　暮らし,所得　暮らし,暮らしに安心 軽減税率 識者に聞く - komei.or.jp,https://news.google.com/rss/articles/CBMiU0FVX3lxTE5lNG5hWG44N20zVjhrVk9ENEY3cjROd1YtNmt1azlreGxEN3NFbW9EZmNBdVZyODJDcDZXaVhXMC1sTTdfVEJ6b1hxX1ZmbWxZLXAw?oc=5,"Wed, 22 Jan 2020 08:00:00 GMT",2026-09-03T09:13:04+09:00
GoogleNews:所得　暮らし,所得　暮らし,暮らしを守る生活保護に都道府県格差は存在するのか - Wedge ONLINE(ウェッジ・オンライン),https://news.google.com/rss/articles/CBMiaEFVX3lxTE1KYWFSWlpseEZ2NGhwY0oxZ3VubzFZNEJfdzQ3M3NFd3RwY3JBN2diM3lzZDhSSElISkdPOVdWcEJvbnBUTURQUGlGTVpjTFotSlFqUG40cmdzSGM1M0pzOEpfVUtvalJG?oc=5,"Fri, 27 Jan 2023 08:00:00 GMT",2026-09-03T09:13:04+09:00
GoogleNews:所得　暮らし,所得　暮らし,75歳以上の実質可処分所得は「438万円」、日本の課題は経済格差よりも“所得水準が低い”こと - ダイヤモンド・オンライン,https://news.google.com/rss/articles/CBMiTEFVX3lxTE9OeHd0cmZiNy0yd3VGQURfajNVZ21fai1LX1VMLU0wbnd1ZlBxWndjR253RXlnSFdRbUhQUWIwTDk5dmNrS2ctMjZ4eW3SAU9BVV95cUxNaFpvTGEzWmNTUklfYkM5SnNxeGo0cXVHclpfUDRNS1FrZWpobHlyZWlxM2FONWd5WHJmQXdWLXZUcWtCMVV0elNwNlBjb1hv?oc=5,"Wed, 03 Sep 2025 07:00:00 GMT",2026-09-03T09:13:04+09:00
GoogleNews:所得　暮らし,所得　暮らし,年収500万超でも可処分所得「月8000円」で散髪にも行けず “中間層”を襲う3重の所得低下 | from AERAdot. - ダイヤモンド・オンライン,https://news.google.com/rss/articles/CBMiTEFVX3lxTE4xZm9sMkExYnZudDhDQTFWQVRkUjVBMHNrUFFMNWIya3lxNDU4bjBKYVNoSk1yaHdXUGR1a3QwOWd3YV9OdjJYMmdfMFI?oc=5,"Sat, 24 Sep 2022 07:00:00 GMT",2026-09-03T09:13:04+09:00
GoogleNews:所得　暮らし,所得　暮らし,沖縄県知事選挙告示、「辺野古移設」かすむ争点…「税収増の実績」「県民所得倍増」暮らし改善の訴えに力 (読売新聞オンライン) - Yahoo!ニュース,https://news.google.com/rss/articles/CBMijgFBVV95cUxOZUx5VVJxZ1FjaURZdm5kQUZ2R0g2ZUtjUFBNZXFUNFJ0OERfckVRUWJjV2lFWHZmTUMtLU9VVzVmOTRBakNUbTVDVnB5SXpMN0JyejBRRFNXbWFlUEw4Zk9uNVpJU1c0QVpuQmZfMm11a25tSzlJcHFvckR3ZWtrU2xyLWhwZGlkTVBfM3hn?oc=5,"Thu, 27 Aug 2026 05:30:11 GMT",2026-09-03T09:13:04+09:00
GoogleNews:所得　暮らし,所得　暮らし,あなたは大丈夫？市県民税が本来より高額に…年金暮らし男性の国保が税控除されず - 神戸新聞,https://news.google.com/rss/articles/CBMia0FVX3lxTE4tY29Wd280UDJ1QzZnMHpib3dVX3FhNXVxLUJBcjhMamh6ZXNfV2M2V3VrRTdkVEczTENkXzREc2E3OVlWdXBrVWxQQUNUTWk0WF9vZ3c4dDZGTmdpeE9YZnBRX1VPN2k4aC1N?oc=5,"Sat, 26 Jun 2021 07:00:00 GMT",2026-09-03T09:13:04+09:00
GoogleNews:所得　暮らし,所得　暮らし,くらしナビ・環境：省エネ補助、恩恵は高所得者に 「エネルギー貧困」専門家に聞く 伊川萌黄同志社大助教 - 毎日新聞,https://news.google.com/rss/articles/CBMiaEFVX3lxTFBaRUo0Y0t3SV9ZeXI4RlMxV1FUczhGN0VNVHh1X21kX0lneno2QUF2RDNWTjhXbXZtR2Rtb1p5ZG5nbXJad2V0UTZtdTVwemRoaHdMRWdVdDJ0c2VNbHRXejM3WVhGM0o3?oc=5,"Tue, 31 Dec 2024 08:00:00 GMT",2026-09-03T09:13:04+09:00
GoogleNews:所得　暮らし,所得　暮らし,【所得を減らして豊かな暮らしへ】メリットが大きい「住民税非課税世帯」という選択肢 給付金に優遇措置、国民年金保険料免除、国民健康保険料や介護保険料も減額 - マネーポストWEB,https://news.google.com/rss/articles/CBMiR0FVX3lxTFBxNXZnN1prakM1VHctSS1hVG1xS1VGMGk5dHowaU93WTgyZnFUZXgwVWRFSzJFQzNTWEYxX1RuUnZNdDJiaURn?oc=5,"Mon, 04 Nov 2024 08:00:00 GMT",2026-09-03T09:13:04+09:00
GoogleNews:所得　暮らし,所得　暮らし,定額減税に子育て支援… 税制改正、暮らしに関わる改正点を解説 - 毎日新聞,https://news.google.com/rss/articles/CBMiaEFVX3lxTFBKU2VJMk9qeXFxb3VLTnNwRlgxc3hKMWF0V1J4VFFZUGZUZkp6M3dKdzN3bVVKbi1PRXFzTHp6R1lKcm9yZFRSTXAtUER5al9sR3F2YWhHM19NU3dMd1ZUU0pEWlQ3eVIx?oc=5,"Thu, 14 Dec 2023 08:00:00 GMT",2026-09-03T09:13:04+09:00
GoogleNews:所得　暮らし,所得　暮らし,牛乳、価格転嫁難しく 資材費1.5倍 酪農家「所得補償を」＜参院選 暮らしの現場から ＞4 - 琉球新報デジタル,https://news.google.com/rss/articles/CBMiZ0FVX3lxTE1iZ1FHVjAxeGpPUDF0cWxGc1VBVDlNcEtOY1dMbHhqSmxEeHotS3RTd254bjRBck9pV2FlUWRWQVI4ODdvMXc4akdEbHlzZFUzaldRUlZiczNXU1JORDRMeEhESGVzdTQ?oc=5,"Sat, 19 Jul 2025 07:00:00 GMT",2026-09-03T09:13:04+09:00
GoogleNews:所得　暮らし,所得　暮らし,社説：高市新政権 物価高と積極財政 暮らし再建の道筋見えぬ - 毎日新聞,https://news.google.com/rss/articles/CBMiaEFVX3lxTFBiR2VWeGZZNl9henJwTHZKZ0E3QnB4SldYLWN1S3htUXlydC1oLXZkUXo5Nm9RLXJxQjlNWDFvdTlWN1ZDWEUxc1M0Tk1KQ3d0bzJBVGZfSUhxUm1GUFk5aHEwM3d0S2Qy?oc=5,"Mon, 27 Oct 2025 07:00:00 GMT",2026-09-03T09:13:04+09:00
GoogleNews:所得　暮らし,所得　暮らし,26年度予算決定、暮らしに影響 教育無償化、子育てに力点（共同通信） - Yahoo!ニュース,https://news.google.com/rss/articles/CBMif0FVX3lxTE1HN0F0VkFKakYwWmVTYXFnZDVtMGpxNDBZS0g3Yk1mNEhhSWxyaFlWREdTR0Q0SGl6UGtXSXNEZWowQUNrVVNEWWFQT2RELTB2S0UtZWQ3MFV2d0doSnJKSEIyOHJpUEtEcDQ0c1ZPOFk1RTVzVjVQZndtNmdqSVU?oc=5,"Fri, 26 Dec 2025 08:00:00 GMT",2026-09-03T09:13:04+09:00
GoogleNews:所得　暮らし,所得　暮らし,結婚したくない…「東京の中年女性」が“おひとり様”を望む納得のワケとは？ - ダイヤモンド・オンライン,https://news.google.com/rss/articles/CBMiTEFVX3lxTE1xNG1HTi1sZDIyN1N1VUUya0RBaTBvRDVRM0JMejJuQ1BYWWVfU1JIMWRBTHZCZjgxVHZaSmZ1V0puamFnNGxpamJ1TC3SAU9BVV95cUxNMm9KQU1sUHJwWFJxMDg4THR6R2NORGVSUzFpOG5Vb1JiNmJpejUyWjVRQXNmZk5zNGRmWFlkeE90UXNkMWJ1TGRMRnFTNTRn?oc=5,"Mon, 10 Jun 2024 07:00:00 GMT",2026-09-03T09:13:04+09:00
GoogleNews:所得　暮らし,所得　暮らし,年金受給者の暮らしをサポート【年金生活者支援給付金】どんな人が対象で、いくらもらえるのか？基準額は月額5620円（2026年度）（LIMO） - Yahoo!ニュース,https://news.google.com/rss/articles/CBMif0FVX3lxTFAzMGhNMWptbGtxUE53YnozYWR5aEtBWDRLWVNLaHBpR2FQMEdWaUlCRkdrVGN6WkVmRzJPMkRfQ08xZWt6aXAzUnlmSkxfX19Ybkl6SmtqWUVoby1BUkNLbjFjYTNBWThTS0ZNbmFoOUF3SUlFRzE5V3JnUXp5UjA?oc=5,"Mon, 27 Jul 2026 07:00:00 GMT",2026-09-03T09:13:04+09:00
GoogleNews:所得　暮らし,所得　暮らし,富裕層への課税強化、格差是正も期待されるのに進まないのはなぜ？ 世界の潮流に逆行する日本の聖域とは - 東京新聞,https://news.google.com/rss/articles/CBMiU0FVX3lxTE1ybi1QeVcxdHM2RHNWQlpTMVJwQlNGYVNBRlBPQzEyVFlxdXVSaWNrR2IxMjFCQXVNdWVDNFJwVVNqT2NDcmNZVW9Db1M5MkZBSGJn?oc=5,"Wed, 23 Oct 2024 07:00:00 GMT",2026-09-03T09:13:04+09:00
GoogleNews:所得　暮らし,所得　暮らし,「アベノミクス」は低所得層の暮らしをどう変えたか 生活保護1254世帯調査でわかった残酷な実態 - ダイヤモンド・オンライン,https://news.google.com/rss/articles/CBMiS0FVX3lxTE54Qk90eUdEYnE2bzhISnphb2d1bGhsRWNtRjZoSGg1d28zMlJ0eWhCaFlrZ0NmWHo4dU9CV0czZXU4VWpQRkwxdmVGY9IBTkFVX3lxTE9MNV80WUhqdjVQQXVBX1hHbjQzeDdheVNpOXQ4V3IwX2FNNUNIX3RJRVdBTThmTWNCMnZ0TENuWjlCYTJLNzhZcDk0MXZ4QQ?oc=5,"Fri, 05 Dec 2014 08:00:00 GMT",2026-09-03T09:13:04+09:00
GoogleNews:所得　暮らし,所得　暮らし,東京23区の暮らしが極めて苛酷になったわけ ～「経済的豊かさ」は東京が全国で圧倒的な最下位だ～（中原圭介） - エキスパート - Yahoo!ニュース,https://news.google.com/rss/articles/CBMiiAFBVV95cUxNQ0MzSTgya0JUY0loNzgzSXhyQzZNRXh3LXRqT05wM3NBWW9hcXNianI5RjhQSzI2dWFlQm55T1JLM183dVkwNWhSNTlWdnlZMXB4bXZhMlBIbnREbTVUTndPTGdUNkhIN1FaTFdURktlaFVDRURyaEJfWDB3YkgyTU1IVFFCd2pO?oc=5,"Wed, 23 Oct 2024 07:00:00 GMT",2026-09-03T09:13:04+09:00
GoogleNews:所得　暮らし,所得　暮らし,単身世帯と核家族世帯と三世代…世帯構成別の平均世帯所得金額をさぐる(2024年公開版)（不破雷蔵） - エキスパート - Yahoo!ニュース,https://news.google.com/rss/articles/CBMiiAFBVV95cUxPcWl4eS1VMTZ1UHctTjlIWXRpTjVTZHJoUjZnb3VjSmJxaF8xN09YQlplU2FvSEVkeGprYlJHeHhrX2t4MHVrSXN0T0ZsSGJ5cjBzMXgtY2pkby0tclFjdk01SkFjaVpteWJVVm8xd1dQUkxDX3N4YjdUZmU2Z2JfU25uZmN6MV8y?oc=5,"Fri, 26 Jul 2024 07:00:00 GMT",2026-09-03T09:13:04+09:00
GoogleNews:所得　暮らし,所得　暮らし,沖縄知事選：観光客過去最高、所得は全国最低…島の暮らしを良くするには - 毎日新聞,https://news.google.com/rss/articles/CBMiaEFVX3lxTE5pc1BXSDk3cFczSWtOel8wdl9BWk80U3hYdW5peXJFZ3p6cEx2R1hHWXhEZlluX0c4aHp3TV9NNFFuVlhqcno4X3VpNUplYlBabG1sNlduWlZmQm1kdkVLcXhYWnRWZ0Jr?oc=5,"Fri, 28 Sep 2018 07:00:00 GMT",2026-09-03T09:13:04+09:00
GoogleNews:所得　暮らし,所得　暮らし,＜くらしとお金の相談室＞ 高齢者医療費 私も２割に？ - 中日新聞Web,https://news.google.com/rss/articles/CBMiU0FVX3lxTE9lNjhER2pmNDRLU3liMS1JN09qbXk2QUpNNTlIeHJzY1Q5WFpHbV9NZTZEcmN0VHRLeXBMbjVBT2p4dlFyTDJITVRPT1BOb01tcTBN?oc=5,"Thu, 24 Jun 2021 07:00:00 GMT",2026-09-03T09:13:04+09:00
GoogleNews:Z世代　意識,Z世代　意識,Z世代の79%が「ご褒美消費」を実践。きっかけは努力・成果の承認(42%)よりストレス・落ち込み(44%)。Z世代のご褒美消費についての意識調査をZ-SOZOKEN（Z世代創造性研究所）が実施。 | Fiom合同会社のプレスリリース - PR TIMES,https://news.google.com/rss/articles/CBMiakFVX3lxTE9ubTd1cm5fcFh6RzNrTHlFVWlTXzQ2RmxxSzAtMldHblVEaFBfb3FCWlNGaE5sN3ZZSlhJV0dFUFFyMlhqTnM2bnhuMk83TW9mQW10SHNCM0NrMmlhX1lfZXg1WHp1eVRjUmc?oc=5,"Fri, 28 Aug 2026 01:00:02 GMT",2026-09-03T09:13:06+09:00
GoogleNews:Z世代　意識,Z世代　意識,「原則出社」命じる企業とテレワーク社員の意識ギャップ／“推し活依存”自覚するZ世代が2割／シニアの利用が盛んな○○アプリ、ほか (1/3) - ASCII.jp,https://news.google.com/rss/articles/CBMiVEFVX3lxTE9vaHRJODhWVWFhNWU5SzhVQUp3d3U1VldyYTJlSW4wLWMweDNsb3Z5UnFCWHZiSWhUZ0tiRi0taWx1S0Jkd3pYZkpZUXhQbVN3b0lNSg?oc=5,"Mon, 31 Aug 2026 00:55:33 GMT",2026-09-03T09:13:06+09:00
GoogleNews:Z世代　意識,Z世代　意識,「簡単だよ、大丈夫だよ、すぐ行けるよ」タレント浜川結琳さん 知事選投票呼びかけ Z世代意識、イメージキャラクターに 沖縄 - 琉球新報デジタル,https://news.google.com/rss/articles/CBMiYEFVX3lxTFBXZklYbWRrdXNORjVPNThJdVpFcTdIaVNZVkE5X1lVQ1YtMnkyOW4xczRTVzNDcko1aWdGR1Y1MThodTFCRDFkemxzaTJYaFNWbFF5djVYMjV5bmx6eGV6dQ?oc=5,"Fri, 28 Aug 2026 20:00:00 GMT",2026-09-03T09:13:06+09:00
GoogleNews:Z世代　意識,Z世代　意識,Z世代の77%が「宣伝・広告感の強い投稿」をスキップ。刺さるのは面白さ(42%)より世界観(65%)。Z世代に刺さるク - ニコニコニュース,https://news.google.com/rss/articles/CBMiVEFVX3lxTE82WmlXSDg3QUFkUXVNX0lfZlA4UUVDZER6NVdJWndHQmFmRDY4WmtQclZMYzRnWk5Yd3ZJaG9rTE5FTUU2TG5YZ2RwS0Zkc2s1ZklWMw?oc=5,"Sat, 29 Aug 2026 02:15:26 GMT",2026-09-03T09:13:06+09:00
GoogleNews:Z世代　意識,Z世代　意識,Z世代の68%が週に数回以上ミームに接触も95%は購買に至らず―Z-SOZOKENが意識調査を発表 - commercepick.com,https://news.google.com/rss/articles/CBMiV0FVX3lxTE9CcjBBOU5pb1NlckJMM0luelNlaWNwTU5XYzVJdGs5N3lBTDJNMVFkamsxb0R6OXVuYzdzZWtTWFBITnl6SmJmYXVQMW9OM1p6QmJ0ZV9FVQ?oc=5,"Mon, 24 Aug 2026 03:25:27 GMT",2026-09-03T09:13:06+09:00
GoogleNews:Z世代　意識,Z世代　意識,「簡単だよ、大丈夫だよ、すぐ行けるよ」タレント浜川結琳さん 知事選投票呼びかけ Z世代意識、イメージキャラクターに 沖縄 - 47NEWS,https://news.google.com/rss/articles/CBMiS0FVX3lxTE1BbzlpOFlFTDlzREtRRkQwcUhzZHRadlB6ejBDRFJmelluLUxpUGx4anV1S1BrTEtvVVhWQ21ITEoySkxqM1kwZGstVQ?oc=5,"Fri, 28 Aug 2026 20:00:00 GMT",2026-09-03T09:13:06+09:00
GoogleNews:Z世代　意識,Z世代　意識,画像6 / 11＞Z世代の意識調査。オンライン会議の議事録作成関は6割以上が「不満」。“AIによる書き起こしツール”に期待の声も - ウォーカープラス,https://news.google.com/rss/articles/CBMibkFVX3lxTE55dTF1bW5DUjFZRGpQSzBUWHlQZHdHSXFidmRNVW9DeUlhUHRwaVV5OTZSNHJVdEtzNFMzU01Gdl80dFRoWkNkWmVTNy1PenBqVk0xOTVEVWM2MHE0WXV6al9vRmRMaGQ5VjBaTmd3?oc=5,"Thu, 27 Aug 2026 04:37:28 GMT",2026-09-03T09:13:06+09:00
GoogleNews:Z世代　意識,Z世代　意識,20代の推し活支出が突出して高い理由——「推しのために働く」Z世代のマネー意識（ファイナンシャルフィールド） - Yahoo!ニュース,https://news.google.com/rss/articles/CBMiiAFBVV95cUxNbkJwM3pfQTVVcE5VaTMxNVFXSU9DN19SS0NSWmEzRU1RbzlCS0IwZ2Y0aGtCeV8waHhOb1lraUJKUHByendJSG4wYUhzbHJSNjBVSXdvUXJVX2EzY0JpNjlBdFR0aW85cHBYVEcyS1YwNXBWWXN3Y3E4V2JiNk1tSXVQSmdUMmVu?oc=5,"Sat, 23 May 2026 07:00:00 GMT",2026-09-03T09:13:06+09:00
GoogleNews:Z世代　意識,Z世代　意識,Z世代の49%がGREEN×EXPO 2027を知らず。7千円なら55%が高い・払わない。Z世代のGREEN×EXPO 2027についての意識調査をZ-SOZOKEN（Z世代創造性研究所）が実施。 - PR TIMES,https://news.google.com/rss/articles/CBMiakFVX3lxTFBWeE1VM09HN2ktbHNXZVhpckozTUU3MWoxNnM0RzE0UHZsanVIOHNKVWIwaTlMdVdxMW82bHpzcGMwZ01mR1lqQWdhUzA1UVBmZGRRR01xNzNsSHNBaXFqNml0dFpURl9FRXc?oc=5,"Wed, 26 Aug 2026 01:00:02 GMT",2026-09-03T09:13:06+09:00
GoogleNews:Z世代　意識,Z世代　意識,「Z世代の大学生の海外旅行意識・実態調査」結果を発表 - PR TIMES,https://news.google.com/rss/articles/CBMiakFVX3lxTFB5LTBhelVYbkFJYTNmMU1zazJVM0FWQWo5MnBmSXRaemdxQi03dWtmUkpodDduSVVDYVgyU01ESm1DemdjZExMN3MxZWg3QjR0V0ZJTkxWWlRzUzZ5YlJHWW5jZ212NWlZNlE?oc=5,"Fri, 31 Jul 2026 07:00:00 GMT",2026-09-03T09:13:06+09:00
GoogleNews:Z世代　意識,Z世代　意識,【Z世代の結婚観とお金に関する意識調査2026】 物価高で、結婚願望のあるZ世代の半数以上が結婚観に変化 男女ともに7割以上が「結婚前に家計ルールの話し合い」を希望 - PR TIMES,https://news.google.com/rss/articles/CBMiakFVX3lxTE1DczFvMnZBZ1FfX3lzUkVVd2R5bHJlNW0yMVZTX2F6T2dnSGtERnN4UmNSRG5jTEp4QlZPYzhjYUtyWlU2aVNSdWhSZDFhWUVadnlPb1N5TlRDOVFnUGFzWVFId2R0YmhBQnc?oc=5,"Tue, 02 Jun 2026 07:00:00 GMT",2026-09-03T09:13:06+09:00
GoogleNews:Z世代　意識,Z世代　意識,Z世代の約4人に1人が副業を「SNS」で探す。副業には「自分を見つめ直す」効果も？Z世代・Y世代の副業に関する意識調査を実施 | 僕と私と株式会社のプレスリリース - PR TIMES,https://news.google.com/rss/articles/CBMiakFVX3lxTFAzdEZPZUlxa292X29pN0h6WjM1Zkh6WkNQUTBNX2pTSXVPcnFMaTgwLXBZdThMMjhOUVFpekFXQ0ZCNEVUX1dtb0RBaGVoZVJzTXUtMDBhRGJIOVpaU0Nsd0dhY2VLZVl5OFE?oc=5,"Thu, 14 May 2026 07:00:00 GMT",2026-09-03T09:13:06+09:00
GoogleNews:Z世代　意識,Z世代　意識,Z世代の69%が動画広告を即スキップ。没入型広告の成功の鍵は「世界観の破壊」(25%)を避けること。Z世代の没入型広告についての意識調査をZ-SOZOKEN（Z世代創造性研究所）が実施。 | Fiom合同会社のプレスリリース - PR TIMES,https://news.google.com/rss/articles/CBMiakFVX3lxTE0zQ2s2cnViZVBUellWMW04TWFhX3RWWkJKMHF4bXM5TFc2VlV3aFJyTy1BZEFseEF0d2c3RXVyMVhDUkprX0lHUGdzdGNSMkIycG92TlZzMjlvbmtFWklPdmN1VW9iTUpkQnc?oc=5,"Fri, 27 Mar 2026 07:00:00 GMT",2026-09-03T09:13:06+09:00
GoogleNews:Z世代　意識,Z世代　意識,【調査リリース】Z世代における「ブルーカラー・施工管理職」に関する意識調査／6割以上が「就職先としてまったく考えられない」と回答／20代で年収500万円でも「施工管理職を希望する」は0％ - PR TIMES,https://news.google.com/rss/articles/CBMiakFVX3lxTE1BS2g1M1JJX2ZpTVRjY3U2ZDRzSVFZZ0stZUE1MHBpei1BQWNEcXA1YUtId1lnWFNSODRUdk9OUS14YllBdHVrSWo0MzFQUllNTlVCb1VUTUR5REpJaDZJQ2tJVkMyMzFMUUE?oc=5,"Tue, 14 Apr 2026 07:00:00 GMT",2026-09-03T09:13:06+09:00
GoogleNews:Z世代　意識,Z世代　意識,Z世代の3人に1人が職場の飲み会に不参加。参加条件は「会社負担」「2時間以内」などコスパ・タイパ重視か。「飲み会」に関する意識調査を実施 - PR TIMES,https://news.google.com/rss/articles/CBMiakFVX3lxTE80aUstbjVWUmVIT1pnVi1ybHRlYld3YW9DcDRhVHkwQzVxS25yNlVYM3ZfR2lkQnBhNGJMWWhCRnRFSFhOQVJpRlppZUp4MWlqUnFuMHdMVFhPR3NRQ0NKZXFiWEQtRk1hUWc?oc=5,"Fri, 06 Mar 2026 08:00:00 GMT",2026-09-03T09:13:06+09:00
GoogleNews:Z世代　意識,Z世代　意識,【働き方の意識調査】Z世代は本当に安定志向？ベンチャー若手の“約半数”が描く「自ら選ぶ」キャリア像 - PR TIMES,https://news.google.com/rss/articles/CBMiakFVX3lxTE93UnlsclJMb3VldERDUnhXb1Q0UXdLS0ZtMHRzYU5XVk15NHRpUW9OaWdIZVdxVkhzVEFPQWtabGU0dTRBdUxDTGZaSVBDY1NqU0xkUUxGZEVmU3E0UHlmSHdkNFpFZ3dWS1E?oc=5,"Fri, 13 Feb 2026 08:00:00 GMT",2026-09-03T09:13:06+09:00
GoogleNews:Z世代　意識,Z世代　意識,Z世代の47%が企業の中途半端な復刻に拒否感。懐かしさ消費の原動力は自己肯定感（36%）。Z世代のノスタルジーマーケティングについての意識調査をZ-SOZOKEN（Z世代創造性研究所）が実施。 | Fiom合同会社のプレスリリース - PR TIMES,https://news.google.com/rss/articles/CBMiakFVX3lxTE9RUUxzazFUY3RORnQ5Z3dIWDI1OFhmc2gydExDTFRWZDdzXzNfeFRUMnFHSVVVTVcxSFNWSEJMSi1qTDRxQ19RdGp5WGgxNVd4aVU0ZnVvRlV6dXFrMDVrd1kxMjZicUd4dVE?oc=5,"Thu, 26 Mar 2026 07:00:00 GMT",2026-09-03T09:13:06+09:00
GoogleNews:Z世代　意識,Z世代　意識,Z世代の約8割に「ストック消費」が定着。「外食」に関する意識調査を実施 - PR TIMES,https://news.google.com/rss/articles/CBMiakFVX3lxTE8zMHVaTjdHTG4zbFNtdnNhSS1fS2w3VkNYQXMyS3hrVGt2MGIwT2V6bTJORHZsWjlsSWl4TFRhdjJKODJsYkhRT1pRdzRnMzloaTYwcG5UQ3BYQjZCQzBOZV9iTF8zNjdjR2c?oc=5,"Wed, 07 Jan 2026 08:00:00 GMT",2026-09-03T09:13:06+09:00
GoogleNews:Z世代　意識,Z世代　意識,【母の日】Z世代の半数以上が母親と「ほぼ毎日」連絡、約2割がインスタの繋がりあり？Z世代の母親に関する意識調査を実施 - PR TIMES,https://news.google.com/rss/articles/CBMiakFVX3lxTE11MUc3RTBFZlFrQ1BMUG5WbFM5SjJ2SEhMdFdkZWFEcWpwamtsdWp2aFFKUDFVVTJHa19HanN6RXhkNTNYX3V6MDZGQ292TEtLNHdxRUVjOVIzRjN0R1NGSDRvNWNJbTRidmc?oc=5,"Thu, 23 Apr 2026 07:00:00 GMT",2026-09-03T09:13:06+09:00
GoogleNews:Z世代　意識,Z世代　意識,大人の8割が知らないZ世代のメンヘラ消費。82%が親や教師には秘密。企業の病みかわアピールを30%が一刀両断。Z世代のメンヘラ消費についての意識調査をZ-SOZOKEN（Z世代創造性研究所）が実施。 - PR TIMES,https://news.google.com/rss/articles/CBMiakFVX3lxTFBmS0FCQXB6NW9CRzc3MjhRd25uU2JWUC1IWXZLQWdxMG1BSl9rWEJTVWRpS3N4bGc0UkFrMVVNUHRJMWpNbnFGQ21FVHR6djJoeEE2ZmJSX1VaYTFZTnV4c0NycTNoM1hvMXc?oc=5,"Wed, 25 Mar 2026 07:00:00 GMT",2026-09-03T09:13:06+09:00
GoogleNews:Z世代　意識,Z世代　意識,【Z世代の情報収集】生成AI普及の裏で高まる企業のテキストコンテンツへの“AI不信”。動画ニーズの裏で7割が効率視聴を選ぶ情報収集の「タイパ意識」の実態 - PR TIMES,https://news.google.com/rss/articles/CBMiakFVX3lxTFAxdG9LXzhNUE1qSl9WOXJ5TnhmX3BMTkh4RXMxa1I3LUN3R3d6RVpmd0VUdy1lbFZVakdLNEk0NVJsSktuMlR1ZEtIRVo3NFNUNXZjTVV0ZGpMdm9PdDEwRE9xdlJvM2VmNGc?oc=5,"Mon, 13 Jul 2026 07:00:00 GMT",2026-09-03T09:13:06+09:00
GoogleNews:Z世代　意識,Z世代　意識,日本のZ世代意識調査：SNSのイメージや消費感度編 - ネオマーケティング,https://news.google.com/rss/articles/CBMie0FVX3lxTFBuVFNQeDFZWDBsXzJzWm9tdGdqSnpUSy1vVHVycUtEY3pPemExVE5pbUh3QU1OQnZMUTRCRkRWMGlnY3JWeHBPOVZhaGlnMjlHRUdTRGU3dmJnVmRJc3paa1ZmMFM0S2lwMFgwUXllek81QkN3SEJnNEQySdIBiwFBVV95cUxQVXNFYjRtOTdva3ljMXc4U0lYcnhjTFVqdE9PaUdkdjRrbFpjeHZ1Q0ZkR2FHd2wzdmpRQnppV2liU0NyUEVhS09zd1ZXbDNPTU9EVlNDVVFVdjJVZXF2SlV5d0VmUVVxTlY0TWRRcldEMmNENXVHLTlpdXE5UFVUcU14emRyMEp5YUln?oc=5,"Fri, 26 Sep 2025 07:00:00 GMT",2026-09-03T09:13:06+09:00
GoogleNews:Z世代　意識,Z世代　意識,WAKA、「Z世代・α世代のタイパ意識とデジタルサービス利用実態調査」を実施 - 日本ネット経済新聞,https://news.google.com/rss/articles/CBMiVkFVX3lxTE5VYnloQ2FnVmQ2Q3VtdC01TDRETzJZcjN6cGdVaXdsblQxeVlDQTNqWjJaWFh6dE1CcVVwX08tdnlrVzgxeF9iOHoyWmlfdFFqN0dOMFV3?oc=5,"Mon, 20 Jul 2026 07:00:00 GMT",2026-09-03T09:13:06+09:00
GoogleNews:Z世代　意識,Z世代　意識,“Z世代は飲み会嫌い”は本当か？ 世代を隔てる“配慮”の存在 - 電通報,https://news.google.com/rss/articles/CBMiS0FVX3lxTE5XdjRnVnU0RlBTaWo5amxPSGVNTnFSb3BNM2RZWklGamVHLXl5Yi1UOE5pc252Z01iU2VuamcxanMzbEJ4T2VHVlp1bw?oc=5,"Fri, 19 Dec 2025 08:00:00 GMT",2026-09-03T09:13:06+09:00
GoogleNews:Z世代　意識,Z世代　意識,Z世代の84%が「恋愛したい」、一方34%は交際経験ゼロ。理想の出会いは「学校・職場など自然なコミュニティ」(61%)。Z世代の恋愛についての意識調査をZ-SOZOKEN（Z世代創造性研究所）が実施。 - Excite エキサイト,https://news.google.com/rss/articles/CBMidEFVX3lxTE55UlB1LUMtSkZsMW9vQW1uYzZQa0FxaUdqR0dtNGRPM2dTcGlFdTNZS3ZPQmZPaFllOS1EYW50bVZtWktrUjhQeE1lcU94UG1qUTM4N1JyYWdVMkprOVdxQy1IcHRSTmxocnZEbWtxVlgtSW1N?oc=5,"Sat, 22 Aug 2026 04:15:00 GMT",2026-09-03T09:13:06+09:00
GoogleNews:Z世代　意識,Z世代　意識,Z世代の55%が「生成AIのアドバイスが行動や判断に影響」株式会社マインディアの意識調査で判明 - commercepick.com,https://news.google.com/rss/articles/CBMiVkFVX3lxTE1HWjRXMk93RFNhWUM3OExweHhEd1E5XzVoTEZJTThvemNFLXVmNDdJb1B5SjJrWDhTY244bjV5UV9uc2F2ejRxUU8wb3hvbWRUVkh2ZUl3?oc=5,"Tue, 09 Jun 2026 07:00:00 GMT",2026-09-03T09:13:06+09:00
GoogleNews:Z世代　意識,Z世代　意識,Z世代が自治体情報で最も信頼するのは「地域のお店・施設の公式アカウント」39%。市長・議員はわずか1%。Z世代の自治体 - ニコニコニュース,https://news.google.com/rss/articles/CBMiVEFVX3lxTE82djBkRTRHTV9vTWFLYXBBdEJzd3JBTWZMQmthTF9CbkZYS0RET1IzR1Q3bldvVWw5anZ5cWM0RzFYc244ckNpU0Q5bnpnUk1mRmZaNw?oc=5,"Sun, 23 Aug 2026 01:30:21 GMT",2026-09-03T09:13:06+09:00
GoogleNews:Z世代　意識,Z世代　意識,むしろ、ひとりが楽しい!?Z世代の4割が“ソロ活”経験あり。「ひとり時間の過ごし方」に関する意識調査を実施 - PR TIMES,https://news.google.com/rss/articles/CBMiakFVX3lxTE5qUVhSX25ISTg2a0hEbmZqMk5CWkxOZlNTNUNkc3Q4LV9uOVdVQklLZUVIV3lkQXNpMDEwdVNDTllRbDl3NXhaVzBDLWlIZnE3MzV5TU5td3JKOHc3SDJRVnFCcDVBNTZFZEE?oc=5,"Thu, 30 Oct 2025 07:00:00 GMT",2026-09-03T09:13:06+09:00
GoogleNews:Z世代　意識,Z世代　意識,Z世代のアイドル文化は「パフォーマンス」重視へ。「ビジュアル」7%、「疑似恋愛」5%と旧来の価値観と乖離。Z世代のアイドル文化についての意識調査をZ-SOZOKEN（Z世代創造性研究所）が実施。 - PR TIMES,https://news.google.com/rss/articles/CBMiakFVX3lxTFB5Wm5XQzNndGJDVklrUHpKTDd0ZlNadWNQR1lMdkNfYmJTVVJ0NlhuOUtFdGJaOG9NOFFNSlkzWjk4NW5nSC1fLTdaNzlVY0RlMGd6aVJ3a1hXdVU1QlhOZGFZbmYyU2FJeXc?oc=5,"Fri, 07 Nov 2025 08:00:00 GMT",2026-09-03T09:13:06+09:00
GoogleNews:Z世代　意識,Z世代　意識,Z世代の45%が「小学生頃」に郷愁 ノスタルジーマーケティングの意識調査でFiom合同会社が発表 - commercepick.com,https://news.google.com/rss/articles/CBMiVkFVX3lxTE9KZDdIN2Vjd0JvYmFfX0Zybnc1QzFZeWU0dDFOaDNsSlptdklFR2NKOS1QOE16N0Q4MEoyQ0NIbmVQazRTR2dqT3EzZ19JeUlEaDQwckx3?oc=5,"Thu, 26 Mar 2026 07:00:00 GMT",2026-09-03T09:13:06+09:00
GoogleNews:Z世代　意識,Z世代　意識,【今月のチャート】健康意識が高まるZ世代、依然としてカフェインは重要な役割を担う - Euromonitor,https://news.google.com/rss/articles/CBMinAFBVV95cUxQdmJkX3dMcjJ5T2NEdmNIWjE4cVotM1pDeXpjb0ZId2IwYmk1UW12QXVObzdteTJ2VHc1cXJja0h4ZkZjTkFoNFFZa2ZlVjlfajNDeU9GSGxMV2R6ZVd1RkEzNFZVT3dYTDd2TXZDM0lkMVNnN0hfNElSRU5fa1RVa1pZdVNMZVZkdmlwc3FlVXJnMXg5TklDTnktQmE?oc=5,"Fri, 24 Apr 2026 07:00:00 GMT",2026-09-03T09:13:06+09:00
GoogleNews:Z世代　意識,Z世代　意識,「ライブでの観客の歌声」ネットで沸騰、大声歌唱はありかなしか【Z世代の意識調査】｜概要｜ニュース - ピンズバNEWS,https://news.google.com/rss/articles/CBMiTkFVX3lxTE9HdDJxRWV1NWV1WkNxR2xIVGVSMDRSd193N0lZUVNpUGJOZEZIMWFLVU5wZ2ZEYW9heHZ0ZG9tY3k2a0VvRkpCUXNZT2gxdw?oc=5,"Sat, 22 Aug 2026 23:30:00 GMT",2026-09-03T09:13:06+09:00
GoogleNews:Z世代　意識,Z世代　意識,Z世代の人権意識に焦点 ひょうご人権シンポジウム、26日に神戸で [兵庫県] - 朝日新聞,https://news.google.com/rss/articles/CBMiZ0FVX3lxTE9qUGlRNGJvWHFwMnYwTXBIOE1qRXpvWEtQRWZHUmthcTZpV0pCOEV0eTdySGFTekhhX1J2WlEydV9IMmRJanZjZW5aZmQ2RTAtbUhjeXpScUxQNlVaTWZma2MyYkc5SkU?oc=5,"Fri, 27 Feb 2026 08:00:00 GMT",2026-09-03T09:13:06+09:00
GoogleNews:Z世代　意識,Z世代　意識,Z世代は節約しながらも趣味やご褒美には積極消費、デロイト トーマツ調査 - こどもとIT,https://news.google.com/rss/articles/CBMiZEFVX3lxTE1CSzhNcjVLZHZpRTkwRWdHSVdxN2EtY2VIYW5PVVRyaHI0SmVCeGhsSHNHNUw0OC1QWjZnSVhvT1pGWndhYWFaMk5LNDNLTVlnZEV0VzdVc3A3SmhvdnV4cnlBczE?oc=5,"Mon, 01 Dec 2025 08:00:00 GMT",2026-09-03T09:13:06+09:00
GoogleNews:Z世代　意識,Z世代　意識,Z世代と上司世代のお金の使い方を比較調査、SNS活用やコスパ意識に年収別ギャップ|SMBCコンシューマーファイナンス - commercepick.com,https://news.google.com/rss/articles/CBMiVkFVX3lxTE5HSE5oSGdvczlNZDVJSFJBTVpyYThzcjFqRjFJRDMzSnp4eXN4WV90SUdSOTd0VkQ5blRzOGk3RWs4Z3pyTGtLU1FENjY2eUVCaDdkaXBR?oc=5,"Thu, 07 May 2026 07:00:00 GMT",2026-09-03T09:13:06+09:00
GoogleNews:Z世代　意識,Z世代　意識,"X世代・Y世代・Z世代の3世代2,050人の働き手を対象にした、仕事での生成AI利用に関する意識調査 - adeccogroup.jp",https://news.google.com/rss/articles/CBMiV0FVX3lxTE01eFhRYmwzNkZPb2VYQmlFXzFnLU5ZZ2VUMml3N3hYR0FYeEN3U2RsSVk5RDVEUjZraEt4QXJyN3VZVHA4V05fZEFqMnNsMkdOemdpaGVHRQ?oc=5,"Thu, 16 Oct 2025 01:19:24 GMT",2026-09-03T09:13:06+09:00
GoogleNews:Z世代　意識,Z世代　意識,サステナは“意識”から“習慣”へ──Levi’sが仕掛ける、Z世代のリペア文化再設計 - AMP[アンプ],https://news.google.com/rss/articles/CBMiYEFVX3lxTE94NFF6M0JVZTBmWGp3THNjZ0N0RTh0dU43cmFOX2xCdHJDWUxGcWxGM2N6UGZiOElsc2VfVHdyMGVPZnJoS0o4V2p0clhIdWxITUwxTVEybS00NG5VYmM4NA?oc=5,"Sun, 03 May 2026 07:00:00 GMT",2026-09-03T09:13:06+09:00
GoogleNews:Z世代　意識,Z世代　意識,Z世代はS（ソーシャル）世代に 大学生意識調査2025発表 - advertimes.com,https://news.google.com/rss/articles/CBMiX0FVX3lxTE43a3p4VDluRmtZZ2pKMUJyMXhJUnl1Mjc3TkhodC1ETkhrM0dLZk9MVl9fQ29IOWU0RldFb2s0d0RSR0NKeGJraUlnUG41bjl5eHBScEJVSHUtNzVVNGdr?oc=5,"Mon, 22 Dec 2025 08:00:00 GMT",2026-09-03T09:13:06+09:00
GoogleNews:Z世代　意識,Z世代　意識,ＳＭＢＣコンシューマーファイナンス調べ 有意義だと感じるお金の使い方 Z世代・若手では“将来のため”、 上司・先輩では“人のため”の優先度が高い結果に | ＳＭＢＣコンシューマーファイナンス株式会社 - アットプレス,https://news.google.com/rss/articles/CBMiTkFVX3lxTE5RRzljUkxpTFpZTDk4eGMtS1VuYi1adWJScWR2d3ZVWUQ1Sk9kTnhaMEtGYS04M210SlJReFVmTksxMmhZZVd0cDNKUTE0Zw?oc=5,"Fri, 01 May 2026 07:00:00 GMT",2026-09-03T09:13:06+09:00
GoogleNews:Z世代　意識,Z世代　意識,日本と米国のZ世代意識調査：SNSのイメージや消費感度編 - ネオマーケティング,https://news.google.com/rss/articles/CBMigAFBVV95cUxPVzNwZC1lT2RxSjhQbXhQWGZuUFpRTWpoYVdrTGhZamtwdHVTc2xjMWZKbTU4WlJQc3FnT0x0U3luMkNEWUNVb01pNG1mSzhKbG1QbFhEVVcwM2Y1Q24tdk5rQlhlaEd4N01tX3FBc2xCNFNHb0pZbmN2YUtVbjJWcNIBkAFBVV95cUxNeEhpdGZ6WXMxRllOdndYWE1xTl9mNDU1SGh2b0swbXhQYS1iZmFTcWtVRkFpWGpGblMzWWhSNnNmNmZzMGpiUnlFN3pBQ1hxdHpRX2thR3BueVhpbTNPeFB4YjdtR2tTem1CSDBYVHJDSFJGNXpLa3lPdnl1dDdXdGJ5b2N5ZU1pYkkwZlVEX1M?oc=5,"Fri, 26 Sep 2025 07:00:00 GMT",2026-09-03T09:13:06+09:00
GoogleNews:Z世代　意識,Z世代　意識,Z世代の健康不安トップは「がん」。イプソス、世代別の意識調査を発表 - TABI LABO,https://news.google.com/rss/articles/CBMiWkFVX3lxTE94RnVremx0OVkzX0dxOERTLXpmN19KTmRKOTNldUZwTEY4MUpRQVA0dmROZEQ2b3N0c1gwMzFKdFh5S1hVVG1HSU5mQTk4d2xfOGFaaE4zVENLdw?oc=5,"Tue, 02 Dec 2025 08:00:00 GMT",2026-09-03T09:13:06+09:00
GoogleNews:Z世代　意識,Z世代　意識,Z世代の「海外旅行離れ」は国際意識の低下を招くのか？ - 電通報,https://news.google.com/rss/articles/CBMiS0FVX3lxTE9ENm1OWlpsY1dqN3hjZFlmV3ZPdVVXWEhocXpKZjZVcDlmWkFjbmt3dl81OXJRbEtLUF9BREMwWTNBUlBwYWpjcWktcw?oc=5,"Thu, 02 Oct 2025 07:00:00 GMT",2026-09-03T09:13:06+09:00
GoogleNews:Z世代　意識,Z世代　意識,Z世代の「意識的なアンボッシング」から学ぶリーダーシップの新潮流 - Forbes JAPAN,https://news.google.com/rss/articles/CBMiWEFVX3lxTFAtQXVwUXRxclFFOTVKVFliRHJoYTFWd2pyWWlHT1UwbGxZQ3JUNW0zVWJsVW1ScmVVM2EyX2pSNm1FMHVJU29wSm13amxIMWZqdVg1UnNYQzA?oc=5,"Sat, 03 Jan 2026 08:00:00 GMT",2026-09-03T09:13:06+09:00
GoogleNews:Z世代　意識,Z世代　意識,日本と米国のZ世代意識調査：SDGs編 - ネオマーケティング,https://news.google.com/rss/articles/CBMiekFVX3lxTE9jWEdVVG1hMEJGQ3k4MGJVdVNxcE1PUVFSeXhkRG14MjBRWE9xQi1aUE9EU3kzUllYd1FZbzVVNWtzeWV2YndLRTVqcUVzRGJKdFBQcXhRT1VIZ1Y3N3g0NFJ1WGlBQW5DSW1ackltODBTaGpERnQ0dUtB0gGKAUFVX3lxTE42akZNR2libjJKTy1sN1hRM0hoR2IzNGZCd25BRDJVMExxbUxCZmRBaWl5eThvQWFrWlZkb1FvSVZEQ1F2OTFPUXdlWGROdXVlR2xTMks5UjZBSWFqRm5TNFpyYTlyZXRqaGtXejItMVc1TzhxWjYzVl9mOUFIa3kwQzUweW9mUkNnUQ?oc=5,"Thu, 18 Sep 2025 07:00:00 GMT",2026-09-03T09:13:06+09:00
GoogleNews:Z世代　意識,Z世代　意識,忘年会に参加したいZ世代、警戒する上司世代。Job総研が忘年会に関する意識調査を発表 - TABI LABO,https://news.google.com/rss/articles/CBMiYkFVX3lxTE45VVJSaGFRcXprX29XajloRW9mQlEyRW53czB3MEkzWEhhRGtfRS00ejFEdENmVzdJWjJPU3RsWlE5YnI3ckU0anFIZ1RoNTktZTRYdzhaNE1jejdzaWtDMlJ3?oc=5,"Thu, 27 Nov 2025 08:00:00 GMT",2026-09-03T09:13:06+09:00
GoogleNews:Z世代　意識,Z世代　意識,「意識的な脱管理職」時代：Z世代が求める新しいリーダーシップ像 - Forbes JAPAN,https://news.google.com/rss/articles/CBMiWEFVX3lxTE9WeDFsSnZqcE1CY1Z1QWZUU3lHZlJwR3RYNEpuazBMRmJVRFdpT09qZHJEcjREc1pXdFdmbWNfYzZTUHljYlR4emNEa05MVmxJUTFSWUdjNUg?oc=5,"Wed, 04 Feb 2026 08:00:00 GMT",2026-09-03T09:13:06+09:00
GoogleNews:Z世代　意識,Z世代　意識,ＳＭＢＣコンシューマーファイナンス調べ 有意義だと感じるお金の使い方 Z世代・若手では“将来のため”、 上司・先輩では“人のため”の優先度が高い結果に - Newscast.jp,https://news.google.com/rss/articles/CBMiT0FVX3lxTFBsRjRNdUk2SkpuNFdMZE9kcFJfdngyQzJxSjN5NVZCczBOa1hwOHJyRTRVX2NmT0FDWEdzZVo5cVhJT2VlNUV6SHRDTEtGcDQ?oc=5,"Fri, 01 May 2026 07:00:00 GMT",2026-09-03T09:13:06+09:00
GoogleNews:Z世代　意識,Z世代　意識,Z世代クルマ離れ加速、都内67.6%・地方47.6%が自覚…KINTO調査 - レスポンス（Response.jp）,https://news.google.com/rss/articles/CBMiX0FVX3lxTFByWW1BS2l6NWwwNDZ4R2RwcV9uY0xBckstSlU5aWFPY2M0cm5GUm42RTRtTVhKajNELXlMOEFaQTNsXzA3QXAtVWl1VURBZHV6SzVIeHJpVGlRSmdvcHY0?oc=5,"Thu, 26 Mar 2026 07:00:00 GMT",2026-09-03T09:13:06+09:00
GoogleNews:Z世代　意識,Z世代　意識,Z世代の時間の使い方に関する意識調査 - PR TIMES,https://news.google.com/rss/articles/CBMiakFVX3lxTE9QZm90YmZ5UkVGTjUyNk9qclRKMHVTY3U5NVQ0MHlzekpJaGFsUjBjQzdORlF0SkxPa21NQlJzeTRPcEJncEM3azJBbHQzazZlX0I0YTR5b3pYbTMzZVBJVVhtaTBBRjQ1RVE?oc=5,"Wed, 25 Sep 2024 07:00:00 GMT",2026-09-03T09:13:06+09:00
GoogleNews:Z世代　意識,Z世代　意識,"X世代・Y世代・Z世代の3世代2,050人の働き手を対象にした、仕事での生成AI利用に関する意識調査 - adeccogroup.jp",https://news.google.com/rss/articles/CBMiWkFVX3lxTFB4MEFDMjlPb0pHU3dzZ3Qyc19NY0tVc1hoQ2V4WjFKd09Qdi1YMXpHQWE5Z19kSFpzdy1LSFdUSGxzLWMzdGRGQ2tHaXplNXdCdmZ5Nk1UcFc5Zw?oc=5,"Mon, 29 Sep 2025 07:00:00 GMT",2026-09-03T09:13:06+09:00
GoogleNews:Z世代　意識,Z世代　意識,Z世代の“不安と自己意識”を笑いに変えるアイコンとして話題、レイチェル・セノットを知るための5つのトリビア『Shiva Baby シヴァ・ベイビー』 - banger.jp,https://news.google.com/rss/articles/CBMiSkFVX3lxTE0tZDhSdWh4MUo5UHAxUU03NTdZdEFUMmw4U1dhMnluTUF5cDJGVEI1SmFrRTBCMEJ6WlBJNHh4NEk5bnEycUtraHFR?oc=5,"Fri, 06 Mar 2026 08:00:00 GMT",2026-09-03T09:13:06+09:00
GoogleNews:Z世代　意識,Z世代　意識,Z世代はセルフケア意識高め、バズった投稿は信じる傾向 - Forbes JAPAN,https://news.google.com/rss/articles/CBMiWEFVX3lxTE10azNwR2w3Z0E4clBLZ0JqSi1RUmwxS2tIZUd2X2Vzc3JVazZaU0RhUHhyZnVXZW5SZ3VBLVI0aVItdnJscHJoM01TbmwwNlhXakJVOVhLeDU?oc=5,"Fri, 10 Oct 2025 07:00:00 GMT",2026-09-03T09:13:06+09:00
GoogleNews:Z世代　意識,Z世代　意識,敬老の日にちなみ、Jiffcyが「高齢者とZ世代のコミュニケーション」に関する意識調査を発表 - PR TIMES,https://news.google.com/rss/articles/CBMiakFVX3lxTE5XVFNXakRuMDVWNnU5cjAyWEJMUXJNeVRGaEhXTmIyRVdKYU5wZkN1aG5mdjZab0wzRVZ3Z29MQmczb2dfMUsyREwtT1hDSGZyd0N3dUhFa3Q2bVhiaEhXS1p4VDFfd0pXTWc?oc=5,"Mon, 15 Sep 2025 07:00:00 GMT",2026-09-03T09:13:06+09:00
GoogleNews:Z世代　意識,Z世代　意識,Z世代の子どものマイカー購入、親の約8割が費用サポート…KINTO調査 - レスポンス（Response.jp）,https://news.google.com/rss/articles/CBMiX0FVX3lxTFBFTWtoeUFSQ21QYlNpdTUxdmVpR2xSSGowRTI3ZktscmhzNW1IUnB5MlFXbmV6ZTJacGttb3BzcG1NZVV6Z1F0S1pmNk0zaDhsbWFlaU50MTQ5UHE5WGg0?oc=5,"Thu, 22 Jan 2026 08:00:00 GMT",2026-09-03T09:13:06+09:00
GoogleNews:Z世代　意識,Z世代　意識,“若者の恋愛離れ”の正体 調査で見えた恋愛至上主義世代との意識差 - 日経クロストレンド,https://news.google.com/rss/articles/CBMiZkFVX3lxTE1GVWl2Qmp6ZldtTG50MXBQNm5LaDhEY0hiVnlLNkNPdjZZeEZFUnM3YWdDT3F1bThmeTJOSGJaUk96TnNzcnAySDJ6QUxjTDM5SXZJVkJLNzdSU3doQW9ZYU9tRnNiZw?oc=5,"Mon, 22 Dec 2025 08:00:00 GMT",2026-09-03T09:13:06+09:00
GoogleNews:Z世代　意識,Z世代　意識,Z世代600人に広告意識を調査 6割が「個人情報活用を許容」も4割が「不快感」 - アドクロ,https://news.google.com/rss/articles/CBMiTkFVX3lxTE1Gd3VwOENjQ3NtSHNKbUhKREdhcHluaG5CcVpscXdCZmdJRnNLblFYRXJkR3Fua0YzVlhDRUtrMHJrajBaTmtpbmJuZ1VXZw?oc=5,"Mon, 10 Nov 2025 08:00:00 GMT",2026-09-03T09:13:06+09:00
GoogleNews:Z世代　意識,Z世代　意識,【Z世代の就活×環境の意識調査】7割以上が環境に悪影響のある企業を回避。就活条件と環境意識の両立とは？ - PR TIMES,https://news.google.com/rss/articles/CBMiakFVX3lxTE5MUFFTeGpuYnoyS1ZZXzdMZTEzZUV4RWQtUTBPQldCR2ZrUFc2YWZ1V1JmYnhCUFZkekdNQllXQTNvMDJIWXN2aU9yMk1ZSzI2WjFwaHB4OTBybU9xVW15UWt1UFFmQVFfWHc?oc=5,"Wed, 26 Feb 2025 08:00:00 GMT",2026-09-03T09:13:06+09:00
GoogleNews:Z世代　意識,Z世代　意識,Z世代の保険加入率は54%、X世代と大きな差。僕と私と株式会社が意識調査を発表 - TABI LABO,https://news.google.com/rss/articles/CBMiXkFVX3lxTE9zU1U4ZnVmLTk2MVBEWmx4TlN1bW41alN2cmpSTEROMWtweTJnMWt3YzNqbEtIbG14SjFvOHhURFN3UUprZld6Q0Q0WWZ4bVFubWU2clMwRUxTeUNJX3c?oc=5,"Fri, 03 Oct 2025 07:00:00 GMT",2026-09-03T09:13:06+09:00
GoogleNews:Z世代　意識,Z世代　意識,Z世代と親世代、すれ違う価値観とキャリア観…意識調査から読み解く「親子ギャップ」 - LIMO | くらしとお金の経済メディア,https://news.google.com/rss/articles/CBMiVkFVX3lxTFAxaXdmVWRzdmxqTFRNd0xYdW1CM25VUExIWDZONG4zN1dKdWRjUkE4SWhOeDVFTllDQUZtUGYwRnhxdm01Vnp3UmRqbTM3anp2dEdhdmVB?oc=5,"Sun, 09 Nov 2025 08:00:00 GMT",2026-09-03T09:13:06+09:00
GoogleNews:Z世代　意識,Z世代　意識,【調査リリース】「情報源としてのメディア」に関するZ世代の意識調査／就職・転職の情報源として「Webメディア」一強、「テレビ」「新聞」の影響力はほぼ皆無 - PR TIMES,https://news.google.com/rss/articles/CBMiakFVX3lxTE5ITUp5UmdPbExRWXZpc0RIdTB3M2NUNW1GLTA3d2Z0NzFRN2NzYm9Vd0liWk55cGt5d3hqSDhNelgzNDNhQWxUbVF2ZXBHNUR2ZkZQMEtUUi02YlZMMnl1SXJEb09sMXNPaFE?oc=5,"Tue, 04 Mar 2025 08:00:00 GMT",2026-09-03T09:13:06+09:00
GoogleNews:シニア　意識,シニア　意識,"【シニアの意識調査】スマホ所有率99.3%も「操作不安」は7割超。コスモラボが1,716名にスマートフォン利用の実態を調査 - PR TIMES",https://news.google.com/rss/articles/CBMiakFVX3lxTE1YRmxPNElMWHhVSHlLRGU4cHFBMEZCR2FnUUpaSUNQMlYxaVZXdzRrQ05xN0hiQ3FCc3dDVE1NajVMWUR1bFZmRTFwTUpIakMybS1ZWE5TNVliSFdoX2JqdFdMZ0xVZWhMVGc?oc=5,"Wed, 02 Sep 2026 01:30:02 GMT",2026-09-03T09:13:09+09:00
GoogleNews:シニア　意識,シニア　意識,ミドルシニアの働く意識に関する実態調査 - マイナビキャリアリサーチLab,https://news.google.com/rss/articles/CBMiakFVX3lxTFBCcTN3QlE5dllMTjlhSEdNS1A3MUhDSWFsVFkyVkRnV1N6c2lwUDBoRFFmMUdxNm9SeUd5WklzSnFERlRHZ1JDbVFaeXkwRHV3SVNoYndBUXQ5Y1Vlenl1a0tEMzJrbXg1NGc?oc=5,"Fri, 28 Aug 2026 04:01:12 GMT",2026-09-03T09:13:09+09:00
GoogleNews:シニア　意識,シニア　意識,転職サービス「doda」、 ミドルシニアの転職意識調査レポート【2026年版】を発表 ～ミドルシニアの5人に1人が「転職検討・活動中」、 転職では入社後の人間関係や能力発揮など「環境への適応」を懸念・重視する傾向に 企業による受け入れ体制の整備が定着・活躍のカギ～ | パ - パーソルキャリア,https://news.google.com/rss/articles/CBMif0FVX3lxTE9pUjdwZVdtOS1xbUNnYnBDb19MSUZJdVZ3MjdnY2cyUkZPdGNYbXpiS3pvbERvWTRCNHJqSVRQellkeFZjcGExcmc4MkJCblk4N1ZwTXhaT0Z6UTExeHJYM2pVVkg1b3dZUkFtY0hWLXpEcnp1Q2FxTVJQU2tQSVk?oc=5,"Thu, 25 Jun 2026 07:00:00 GMT",2026-09-03T09:13:09+09:00
GoogleNews:シニア　意識,シニア　意識,マイナビ「ミドルシニアの働く意識に関する実態調査」を発表 - Infoseek,https://news.google.com/rss/articles/CBMickFVX3lxTE9zMVBXSUJoVGxhTEtCSGVEdGgweEpzUnBackR2UktKUUJPaFZkc1BiNTJVY2xOMkNRdkE5WDl4TnRrOGdYZDZNNlE0QldtMzNDUlJsSEl4Zmswb1lMZE9BY1ZZNjFCUkphcHZlajh6VWx1dw?oc=5,"Fri, 28 Aug 2026 22:10:00 GMT",2026-09-03T09:13:09+09:00
GoogleNews:シニア　意識,シニア　意識,"【シニアの意識調査】ヘルスケアの訴求は「不調のメカニズム解説」から入るのが正解？ 2,079名調査から掴むシニアの顧客化戦略 - 朝日新聞",https://news.google.com/rss/articles/CBMiW0FVX3lxTE9CeVFDWWViWktDN1FGNWJ3czU2b3pTN0dqNS1HVGtTWjFrd2MzVlpPbjh2azFJVmt5bXFyTEZZVjB6Z2l0U09XbFpKSkZqZkdVX0JLSm5PZVdlWWs?oc=5,"Wed, 19 Aug 2026 07:00:00 GMT",2026-09-03T09:13:09+09:00
GoogleNews:シニア　意識,シニア　意識,"【シニアの意識調査】自宅で「毎日測定」するシニアが4割超！一方でデータ管理は紙（37.4%）が中心。コスモラボが1,762名に『健康測定』の実態を調査 - Infoseek",https://news.google.com/rss/articles/CBMickFVX3lxTE9qTTQweHlXWnVxRHBSZnVYRGRrUm1hU0RlMU5sWWlIU0F5S2lUN29xUlRUR0tKblpfMmRmTXhqc3V4NFd4NDNNb0h1Vk1wR3pVa2lWWURDcUZqNW1kRXFDUHFqOTQ4MUI1NFAweUcwSENfZw?oc=5,"Wed, 26 Aug 2026 01:30:00 GMT",2026-09-03T09:13:09+09:00
GoogleNews:シニア　意識,シニア　意識,"【シニアの意識調査】1,426名の回答から判明。シニアが腸内検査に求めるのは「3,000円未満」と「手軽さ」。専門性より“生活改善の答え合わせ”を重視。 | コスモヘルス株式会社のプレスリリース - PR TIMES",https://news.google.com/rss/articles/CBMiakFVX3lxTE9OT1VqMXlibHYySHotVVlCRHk2WUFwdEU4c0c0dk04Wk85U0NpWjRMaFRTa2xIZVUza3pFQmdtN18tV3MyaGM1VDdZaUc3S3NycTc4eUd4WnBUcTBldGgwME41OW1Yc0FJYUE?oc=5,"Wed, 13 May 2026 07:00:00 GMT",2026-09-03T09:13:09+09:00
GoogleNews:シニア　意識,シニア　意識,【お金に関する意識・実態調査2026】シニア女性の「お金の使い方」「守り方・増やし方」の満足度は増加傾向 続く物価高で節約意向が高まる一方、年金の補完や趣味・旅行の原資作りに「投資意欲」も拡大 - PR TIMES,https://news.google.com/rss/articles/CBMiakFVX3lxTE1nckJmTy1Sa0h6NDF6UWwwaG91QlU4eGxxZjRfeHR3aFV6U2doMTZWanRaMWJubXBWSGN5b2JiNTZIZmxHYVVnTHJMUm1DdUVPWUZ6OUhYMGUyV1QyWjJEanNmd2ZLbmxISHc?oc=5,"Wed, 05 Aug 2026 07:00:00 GMT",2026-09-03T09:13:09+09:00
GoogleNews:シニア　意識,シニア　意識,"【シニアの意識調査】シニアの約7割がサプリ継続を「効果を見ながら決めたい」と回答。1,211名調査から見えた、一律の定期縛りが敬遠される理由 - PR TIMES",https://news.google.com/rss/articles/CBMiakFVX3lxTE15dDdfMmRtZjJqSkRWVHhSWklERFpKMm43UzBhSTdvdmVxdDlDRUxxQUZlMW5PZlR6VnEySUhLeGhFTWhma3NXVXdVbUE4aVFFbml5SDliWFRBbUtMV2c2RDM4TkMyM1M0cHc?oc=5,"Wed, 08 Jul 2026 07:00:00 GMT",2026-09-03T09:13:09+09:00
GoogleNews:シニア　意識,シニア　意識,"【シニアの意識調査】「リアル体験×短動画フォロー」が顧客化の鍵。1,291名調査から紐解く、シニアのLTVを高めるOMOマーケティング - PR TIMES",https://news.google.com/rss/articles/CBMiakFVX3lxTFBDUkM4Z3h5TnVVamVkUC1VT1J2ekNNVVF0TWkwZnhYcVhCc0pjU2pCeTlPRnEwMWFKbW1BZDBPODQ4dzNjSF95R1AxXzhuTXpWX3FnbjdVN2owYnlaSzRTUWpOTDhoYXdvV3c?oc=5,"Wed, 05 Aug 2026 07:00:00 GMT",2026-09-03T09:13:09+09:00
GoogleNews:シニア　意識,シニア　意識,"【シニアの意識調査】運動習慣ありでもジム未経験が44%。入会・継続を阻む最大の壁は「続けられる自信」。コスモラボが1,309名にジム利用の実態を調査 - PR TIMES",https://news.google.com/rss/articles/CBMiakFVX3lxTE5EU1g4RnVTZDI1cmFIZy1GdkhCWjM1Qmx2OHBDMGRjNS1KcHJNVTVycFhpZk1wOHBVMzNkcFJTd2F1TlZtZTFiZ1dWVGRXOWxtSk1ZWFhJV1dJUzFidkxsM0tyczhwSEtIOWc?oc=5,"Wed, 12 Aug 2026 07:00:00 GMT",2026-09-03T09:13:09+09:00
GoogleNews:シニア　意識,シニア　意識,【シニアの意識調査】40％が眼科未受診？シニアの目のケア実態を徹底調査 | コスモヘルス株式会社のプレスリリース - PR TIMES,https://news.google.com/rss/articles/CBMiakFVX3lxTE1DNVpBaUE4dmtsWTZ0MHNKXzRXM2VKaWx0MWJ5VVNWX2gyYzdYWHdqNGJPcVl4b2ItQWltUDFuRjNFbzZIa3NmQ1BFVzNDbld1WVlQSTA3eVJKSmlGRGxpb2FsTUJqdU1jYVE?oc=5,"Wed, 11 Mar 2026 07:00:00 GMT",2026-09-03T09:13:09+09:00
GoogleNews:シニア　意識,シニア　意識,"【シニアの意識調査】野菜高騰でも「量を減らして野菜を優先」が約4割。野菜不足による健康不安は9割に上る。コスモラボが1,482名のシニアに実態調査 - PR TIMES",https://news.google.com/rss/articles/CBMiakFVX3lxTFBEX0IwYXQ3V19nVEJZQzY3bjdxZXNGRDg2WmlsYXI3bFJaNEhPNXJxQ3RLYTRRdlFvUG5sUkIteFhrbkViR0VDM1YzbGctYjZtaGpwS1hWN1NRVlV4ZGdSVHEyVFFkU2NiN1E?oc=5,"Wed, 29 Jul 2026 07:00:00 GMT",2026-09-03T09:13:09+09:00
GoogleNews:シニア　意識,シニア　意識,"【シニアの意識調査】病名認知は7割超も、約3割が骨密度検査「未受診」。コスモラボが1,476名のシニアに聞いた骨粗しょう症の実態 | コスモヘルス株式会社のプレスリリース - PR TIMES",https://news.google.com/rss/articles/CBMiakFVX3lxTFBTZWphd2h0UjlEOXFhbFYwMmNhTm9vVl9hZUhWbmhteDdOUUlYQVJoeVFzZmd1MUthRS1VNzd0RXBEWHo4WU9na2h0ZXpVaDk3QUdQVWkyWUhHc21Td29KNXBJMEhrLVZuX3c?oc=5,"Wed, 03 Jun 2026 07:00:00 GMT",2026-09-03T09:13:09+09:00
GoogleNews:シニア　意識,シニア　意識,【シニアの意識調査】ひざ痛経験が約7割──継続改善に課題、最新調査公開 - PR TIMES,https://news.google.com/rss/articles/CBMiakFVX3lxTE1nODJ3dTdzcHpsZlNBT0pkY0w4U2g1aWhQM1NhdVpZNWFoUEJhdmRRYzlkZnhjZm9hU201NEN0T21ReHhwTTV3R2NNQVlrLWRkVGhXWklrVUFrTmluel9GMzFhazRMR0xoWGc?oc=5,"Thu, 26 Feb 2026 08:00:00 GMT",2026-09-03T09:13:09+09:00
GoogleNews:シニア　意識,シニア　意識,【シニアの意識調査】2026年版！シニア663名へのストレス調査：原因1位は「身体の痛み」 。深刻な「不眠」に悩む層へ、今求められるのは“専門的支援”より“お茶会”？ - PR TIMES,https://news.google.com/rss/articles/CBMiakFVX3lxTE9MQlR6QTV4ZG1QcFFVdTY3WllQZ21yTktCMDEwOVlxTUlsMWRRMWtRQkNudk1FeHZFSlM4QWs5MmVuTkFwTnpmZXZFbVFRc3RXcWtxSTBJRU1IVWRlOE45MEJYTUxVZ1dEV0E?oc=5,"Wed, 15 Apr 2026 07:00:00 GMT",2026-09-03T09:13:09+09:00
GoogleNews:シニア　意識,シニア　意識,【シニアの意識調査】シニア層が今後お金をかけたい分野は？ | コスモヘルス株式会社のプレスリリース - PR TIMES,https://news.google.com/rss/articles/CBMiakFVX3lxTFAyT2RhX2lxM3FhYkNMdElsZEp5Mm0wLTJaWHBaMzVNOFV2elpXM1ZzV3p1ZmpYV2RNWGpDSzNrZ056eDAzdk4tUG90dDRfNUxIWGI2aWFvM2l0SjZlQk1WcHlRbnFzVS1FYlE?oc=5,"Mon, 05 Jan 2026 08:00:00 GMT",2026-09-03T09:13:09+09:00
GoogleNews:シニア　意識,シニア　意識,"【シニアの意識調査】対症療法より「予防・習慣改善」に商機あり。胃もたれに関する1,961名調査から読み解く、シニアの顧客化インサイト - PR TIMES",https://news.google.com/rss/articles/CBMiakFVX3lxTE1qUm9fWktWM3FJcUFpdUFtZmdCU00zZmptRzNZZjUxLUNZTTNZM29tNTk2c1BhaUEyQlI3ckVwWGlYQ3RNaElCMzBuTy1TOWFHVW1xNTRQRGtDQk9aUGp0RGswNno2b3JzOXc?oc=5,"Wed, 10 Jun 2026 07:00:00 GMT",2026-09-03T09:13:09+09:00
GoogleNews:シニア　意識,シニア　意識,【シニアの意識調査】記憶力低下への対策「特に何もしていない」層が約3割。シニア市場の行動化を阻む壁と、求められる“習慣・食・予防”の情報設計とは - PR TIMES,https://news.google.com/rss/articles/CBMiakFVX3lxTE9rMExJTHd5ZlAxQjQ4NS1MWVQxYlQ4TGpYMFRGNVdtbWNaN3JwRlJMUUt5cXo0RUNYVkhJSi1Xb2gxMEZ3UWdmSUhtd1hnc3paaE5TZmduaEd6TWE2YjN2d2ZQM1Nnc0hUZGc?oc=5,"Wed, 06 May 2026 07:00:00 GMT",2026-09-03T09:13:09+09:00
GoogleNews:シニア　意識,シニア　意識,【幸福に関する意識・実態調査2026】シニア女性の幸福度は7.75点で、2024年調査の7.84点とほぼ変わらず。 - PR TIMES,https://news.google.com/rss/articles/CBMiakFVX3lxTE55QmVla0NwUHc2VkdOSDAxOUh3Wi1oZVNRMUlUc2JhSHJhbl9CR09DWTd5dlI2eXRlOUJUdGhiWERyZF9HX2ZOSnA5V184WG53eDNFTE1PbWp5SldQVkV5QVh6ZFhkVS00T3c?oc=5,"Wed, 22 Jul 2026 07:00:00 GMT",2026-09-03T09:13:09+09:00
GoogleNews:シニア　意識,シニア　意識,"【シニアの意識調査】「まあ満足」層に潜む巨大な乗り換え需要。スキンケアに関する1,147名調査から掴むシニアコスメの顧客化インサイト - PR TIMES",https://news.google.com/rss/articles/CBMiakFVX3lxTFAxNWFheVE3enRUcTZKQmY2ZVhYbHlfWHRqZ3BqS3ZuZXRTZXhWNndLSUprb3VfcFNyRGlrNE1ZOTVpZVV4NVNVQ1lZZUxmUTFyNlVjdnF3N2RDbHdpYXkwc0RsXzExZGZMWFE?oc=5,"Wed, 22 Jul 2026 07:00:00 GMT",2026-09-03T09:13:09+09:00
GoogleNews:シニア　意識,シニア　意識,シニアの生活意識調査2025 - PR TIMES,https://news.google.com/rss/articles/CBMiakFVX3lxTFB1WURlNW1aS2Zmcm4ycE5MTDVITUlWSkhOSXFrTnJGNUY2Zk80Q2ZyNFlsYm1PTmhqS0VERE54ZnM2Zjl1Y0g5RUVsX3VnT2ljT0ZteGIySTFrVkNycEY5OEVJNWdZQkZPNmc?oc=5,"Thu, 20 Nov 2025 08:00:00 GMT",2026-09-03T09:13:09+09:00
GoogleNews:シニア　意識,シニア　意識,【シニアの意識調査】シニアの心を動かすものは？――文化活動が生む、感動・刺激・つながり - PR TIMES,https://news.google.com/rss/articles/CBMiakFVX3lxTFBHa19jYUw1SUZMbW9mYm5EWnNlMHNBZ2xQdEJyV25zRHROTXAwaUdyUk9PNmxJMUNrZHJOSzl5YmNHdFo1dW4zeHF6cXFfR0x4S2xkWjdPTnFrSHNscVl5UDk2QUJuVWJTV1E?oc=5,"Wed, 28 Jan 2026 08:00:00 GMT",2026-09-03T09:13:09+09:00
GoogleNews:シニア　意識,シニア　意識,【シニアの意識調査】聞こえにくさを感じても、約8割が対策なし――シニア層の耳の不調実態調査レポート - PR TIMES,https://news.google.com/rss/articles/CBMiakFVX3lxTFBIUHRDTjhxY3VBSE5IQXFVaVBoUDFRNE9sRGNfaDZjN1JzQ0FnXzBwdnRRdnFjR19Edk9uR3ZwaDBVMWwzd0lLUHhHY3pSRzZKSUlFM1NwMGhPazBpeDBuSHhUVXZMbDlBaGc?oc=5,"Wed, 18 Mar 2026 07:00:00 GMT",2026-09-03T09:13:09+09:00
GoogleNews:シニア　意識,シニア　意識,【シニアの意識調査】シニアの4割以上が「3か月に1回」歯科受診。受診理由の1位は「予防・定期健診」56.5％となり、口腔ケアは“治療”から“メンテナンス”の時代へ - PR TIMES,https://news.google.com/rss/articles/CBMiakFVX3lxTE1laDRMM3BxRE9WU1dBZUFlc2JXZjFvQ0lMYVprZm1zcllianZUdU9lVXJSaUJIYm9zRzZqczJTZ1VwSmdDMURZQWVWbmFOUGRjU1JYVElRalBaSldVU09UcmlhUGdBOGlma1E?oc=5,"Wed, 22 Apr 2026 07:00:00 GMT",2026-09-03T09:13:09+09:00
GoogleNews:シニア　意識,シニア　意識,【シニアの意識調査】シニアの80.6%が「昔より疲れが取れにくい」と実感50代以降で広がる“疲労回復ニーズ”を669名に調査 - PR TIMES,https://news.google.com/rss/articles/CBMiakFVX3lxTE9uTUh3WmJGenA0YzU3TFJZWjdkQ3VIYjhxaXdDQzlPQUxCT0dTbjQtaGZYQjJDd3VfX25hbDhkUGlFQl9UTUs0ZTlEN0NCaDRvamxqNFFZdW9WbFFaT18ydUdLV09hWnRFNlE?oc=5,"Wed, 01 Apr 2026 07:00:00 GMT",2026-09-03T09:13:09+09:00
GoogleNews:シニア　意識,シニア　意識,マイナビ「ミドルシニアの希望退職に関する意識調査」を発表 | 株式会社マイナビのプレスリリース - PR TIMES,https://news.google.com/rss/articles/CBMiakFVX3lxTFA0QmZkM2o4M2hKQWdHdHhGYzM1N1ZZbFZBWWduTDgyZmVCMjFlcVB0aVhOSUFfOC1YdXBXbGtkWTBNQnJIYlUwSS1zRTFOak5lTGp6ZWZGODBjSHdKNEdOaDU4QVUyOHAzRUE?oc=5,"Thu, 19 Feb 2026 08:00:00 GMT",2026-09-03T09:13:09+09:00
GoogleNews:シニア　意識,シニア　意識,【シニアの意識調査】むくみの原因1位は「長時間の座り・立ち仕事」。58.1％が求めるのは「家で簡単にできるマッサージ」。生活習慣に潜むニーズを可視化。 - PR TIMES,https://news.google.com/rss/articles/CBMiakFVX3lxTE5sZEVYXzZtWmpZeWNDenFBT3poY0ZBQXEyM1hISDBUSHpGOG96UkR5Q1BkUG1ORVJBQ2Y0dlZ3MHJhVWVZM3hVTV9sQmdGdUJzcHFxU0t0bVNEYzJXcURHVDFvTVgyQ21jb1E?oc=5,"Wed, 29 Apr 2026 07:00:00 GMT",2026-09-03T09:13:09+09:00
GoogleNews:シニア　意識,シニア　意識,【シニアの意識調査】人生100年時代の歯のメンテナンス～定期ケア習慣の二極化が浮き彫りに～ - PR TIMES,https://news.google.com/rss/articles/CBMiakFVX3lxTFA2djRTSVlXUzNhOVotUHJwNG9Dd01URURSNUtERlI0Sm5HdXNnMDVlSFRDTm9QV2VjRUc3WS05Yl9mSXVvV1NpdTRyWjNuRDdfdXZhNmdMcHZ1aHpMUy1UWnR1cTlEd0l5bVE?oc=5,"Fri, 31 Oct 2025 07:00:00 GMT",2026-09-03T09:13:09+09:00
GoogleNews:シニア　意識,シニア　意識,【シニアの意識調査】7割が肩こりを自覚、それでも医療には行かない ― シニア886名調査で見えた“セルフケア市場”の可能性 - PR TIMES,https://news.google.com/rss/articles/CBMiakFVX3lxTFAwVTAtZGRpRV81QmZCY1lQejNwTjBJU0ZUWEhCQktFemlCa01WYlMtSUhiWE0xSUFmYVp6LWNaQmp6QmczcVVsMHRPZ3RnQWZFdjM5ck1BTDlPWC1lc200MVFYUnhBc0d0Y1E?oc=5,"Wed, 04 Mar 2026 08:00:00 GMT",2026-09-03T09:13:09+09:00
GoogleNews:シニア　意識,シニア　意識,KOMEHYO 全国65歳以上のアクティブシニアを対象に 「消費意識調査」を実施。アクティブシニアの7割超が「リユース」を活用！ “タンス資産”を「旅行・美食」へ再投資する、“循環消費”に意欲 - PR TIMES,https://news.google.com/rss/articles/CBMiakFVX3lxTE02UzBucnJrc2pzbTg5ZWJhdmxQNUJfdWZMZHdGWE4zNmt6eS14VGt1a09BUlZ4V0xTaVpmNjBnVmZZYTgyQ09qN0E4NWpVdVBPcG9aQUlSM21IZE1NOHBPNm5pbzFfZS1naXc?oc=5,"Mon, 16 Mar 2026 07:00:00 GMT",2026-09-03T09:13:09+09:00
GoogleNews:シニア　意識,シニア　意識,【シニアの意識調査】シニアの7割がSNS利用―“LINE中心”で生活に定着― - PR TIMES,https://news.google.com/rss/articles/CBMiakFVX3lxTE14UlVYMURsbFJxZDMydXhtd1Nib0hGVEZKbENjMko1VHVxMTAtOHN2ODI2YmtyNjhxdENSR2REQUkybzVQdDg4LVZ3a1JLamY0TVFFTWUtTmNsZGVDOHBLQlhFRV9Ud0p5ZVE?oc=5,"Wed, 04 Feb 2026 08:00:00 GMT",2026-09-03T09:13:09+09:00
GoogleNews:シニア　意識,シニア　意識,【シニアの意識調査】定年後も働くシニアが約4割！就業スタイルは多様化の時代へ - PR TIMES,https://news.google.com/rss/articles/CBMiakFVX3lxTE5LcURrdklaYklJUHRCajYyRFNOVXo3M25Ibzc4RURiQWJFaGlyNmlTNkNJc1Y4eXZoTjlBZ0MwRlFzc3plLU1MWHpQelVlYl93bm1SMVZGcFh6bW1xTlRuMDVaRTZZVmw5RWc?oc=5,"Fri, 24 Oct 2025 07:00:00 GMT",2026-09-03T09:13:09+09:00
GoogleNews:シニア　意識,シニア　意識,【シニアの意識調査】シニアのアトピー対策に新たなニーズ──高い改善意欲と“効果実感の壁”が浮き彫りに - PR TIMES,https://news.google.com/rss/articles/CBMiakFVX3lxTFBIQlpmUWFqWmIwQmladUpqVEFqV1JNaXpMV1JlWVdlYVhZUm9iZ1pqSUgzcUdsTVVfdVZSdEJlY09vQ29uOUJlWGRIQ2NwbmZ5MkxjSjJHVWpGajNGSnhsaXFldTJWeUNkZ0E?oc=5,"Wed, 08 Apr 2026 07:00:00 GMT",2026-09-03T09:13:09+09:00
GoogleNews:シニア　意識,シニア　意識,「住まいの終活に関する意識・実態調査」を実施 - tv-tokyo.co.jp,https://news.google.com/rss/articles/CBMibEFVX3lxTE4wd0VaaWxGZl9VNjJsOU1TRUxtMGYwV0UwbEx5RFBhZG03RDlqNm92Nk9GZVVhX2xxa0QzVW1nZFl1NTM4ZlA0azY2U1ZHNU9hV1RaeUhnRDVmRFluM0RXUUxnUm03MDkwTGhmVw?oc=5,"Thu, 19 Mar 2026 07:00:00 GMT",2026-09-03T09:13:09+09:00
GoogleNews:シニア　意識,シニア　意識,コロナ禍を経て、シニア層の健康意識・行動が大きく改善 NTTドコモ「からだデータ白書2025」公開 50〜60代の歩数は5年で約20％増加し、フレイル予防にも - PR TIMES,https://news.google.com/rss/articles/CBMiakFVX3lxTE5MWWFvMXZIWE1VNFZvYU56T3dOZm1oUGFQNDVBSFpibElwZ19MQTBYRUw2ZmVncjRkMW51TXF3SHdsSWNobkpMdlVRTzdBVE1qM0xCWXdoOHhRcEd1cjJIOF9TTjdqYTFpSkE?oc=5,"Wed, 24 Dec 2025 08:00:00 GMT",2026-09-03T09:13:09+09:00
GoogleNews:シニア　意識,シニア　意識,【シニアの意識調査】シニアが求める花粉症対策―薬に頼りすぎない花粉症対策へのニーズに注目 - PR TIMES,https://news.google.com/rss/articles/CBMiakFVX3lxTE91ZGlBQndnUkpjdFBwVnhPLXFqMnh2S251QUg0eWJGSTFWM3ZrbHY0T1dtVnVsRDlLS0xrMGZEN0ZlSm9wZ3UzelU3blZNMktHMGlXNWp0d2pEeFRES3lXSUZROXUwaFdNREE?oc=5,"Mon, 09 Mar 2026 07:00:00 GMT",2026-09-03T09:13:09+09:00
GoogleNews:シニア　意識,シニア　意識,【50・60代の生成AI意識調査】7割超が「専門知識が必要」と回答、それでも74.6%が将来的な重要性を認識 - PR TIMES,https://news.google.com/rss/articles/CBMiakFVX3lxTE5RamJzWEpoazNpckJ1bFJWZlpVTW5QejV0MDJEY2NzWHdLXzhJNnE0OFF6ZHFuR1hVdGFxMnNHdmtmTS1QMXBqaVFQZy1GdHdfb0ZtZWI1RlJBd0hzMTM4X1R4WUI0TnZiYmc?oc=5,"Tue, 07 Apr 2026 03:11:09 GMT",2026-09-03T09:13:09+09:00
GoogleNews:シニア　意識,シニア　意識,【シニアの意識調査】シニアの4人に3人が不安。調査で見えた、次世代防犯ニーズとは | コスモヘルス株式会社のプレスリリース - PR TIMES,https://news.google.com/rss/articles/CBMiakFVX3lxTFAyalo3UmFtTUZrWmFzUW9hNTdWRDJEci1IOHJyZEJPT2JCZ2hMbTNxOWhNMlVnMk1TLTIwRHNFR1lxZFpKRVQxUGswMVNDVW9pRHl1QjViQW5zZWhuYUd4TDloSlVBc0ZzSGc?oc=5,"Wed, 14 Jan 2026 08:00:00 GMT",2026-09-03T09:13:09+09:00
GoogleNews:シニア　意識,シニア　意識,シニアの食生活と健康意識に関する調査 - ネオマーケティング,https://news.google.com/rss/articles/CBMiakFVX3lxTE82TDgtRmJjY0EtZ29ZLXNlVnJEZjVXWlZVRnhQdkhfOFpzbWJENGtxcFJ0ZDZBZ09FUWF2eUxwZ0gxdUxHNjdXem90dk1DTVNub05Yc3ZCVTA0OWt5RmxpNnREb244OGdmUHfSAXpBVV95cUxQZkJ4MHJvR3BGSC01R3NMZUhQU0RESXdzOGJVQlgwVzd3bVF2a04zR2RQZHdReVVvYWlWd1dxdC1iMFRtS2M0dGNHRDBJT19JZHBvbUxTQ2J2OGN0bU1vb1UteFpIcDdWRjN0aVJ6eEFkUnRPMy1uaUxxUQ?oc=5,"Fri, 26 Sep 2025 07:00:00 GMT",2026-09-03T09:13:09+09:00
GoogleNews:シニア　意識,シニア　意識,まもなく＜在職老齢年金制度＞改正で支給停止調整額が引き上げに。そこで60歳から74歳1000名に就業意識を調査した結果「制度を認知している」シニアの就業継続意識は「制度を知らない」人に比べてなんと…（婦人公論.jp） - Yahoo!ニュース,https://news.google.com/rss/articles/CBMif0FVX3lxTE9TY25sWm96V0JxSXhpWUFsYm1aTHR1MTZzWFBWaUdYem5NMmlaLTVSMVBXcEtERGVJYVQ3eXN3WWVMMTB3WmFEakxCZGFtXzR1V1NiNGVkaHp1NFJxS0xyOTZjYVNIVDZDemhTaGNYNlFJVmduUDgzaXFSLVUtNkE?oc=5,"Thu, 05 Mar 2026 08:00:00 GMT",2026-09-03T09:13:09+09:00
GoogleNews:シニア　意識,シニア　意識,アクティブシニアの消費意識 7割超がリユースを活用 コメ兵調査 - 繊研新聞,https://news.google.com/rss/articles/CBMiW0FVX3lxTE0tY18wNFFsOWpSMXRJOG1nT1RHTHNWcjUzTmpNSzc2bzhWLXhFdzZPYXVEdHlJT0g5ajRjQ3I3TEpLVWRPREtkazc4d2NtT1dXeTRoT3lVM05iTUk?oc=5,"Thu, 09 Apr 2026 07:00:00 GMT",2026-09-03T09:13:09+09:00
GoogleNews:シニア　意識,シニア　意識,【シニアの意識調査】74%が栄養バランスを最優先――食の価値観に見る“新しいシニア像” - PR TIMES,https://news.google.com/rss/articles/CBMiakFVX3lxTE9xMmEybkdKbUJtWXJNczFqVjk1c2YyRUlaNDg3dW96UjA0ZGM4YmZaYXM4WUlSRkxhNV9HUVBqLXVPeWdHLVFhV3N3OGwtanc0YWhCQ3VSMlFlczc2V24yRGdQVkh2Q2N3Q2c?oc=5,"Fri, 14 Nov 2025 08:00:00 GMT",2026-09-03T09:13:09+09:00
GoogleNews:シニア　意識,シニア　意識,シニアの健康管理、意識が高くても5割弱が挫折する「継続の壁」を突破する方法とは？ - PR TIMES,https://news.google.com/rss/articles/CBMiakFVX3lxTE5xbWM0V1JwZWRwMFBrUkg1aTZvM1pnYkFwRUR5ZjRvNnJsaVJnUDVZd3ZoTEFod0tCWHdqb2JvM0V5VVZmbDlObVRJMmdnbW1zS2tRS2FJUkRBR0lOTGJHRkZ2aTF5RWRpUlE?oc=5,"Fri, 28 Nov 2025 08:00:00 GMT",2026-09-03T09:13:09+09:00
GoogleNews:シニア　意識,シニア　意識,【お金に関する意識・実態調査2026】シニア女性の「お金の使い方」「守り方・増やし方」の満足度は増加傾向 続く物価高で節約意向が高まる一方、年金の補完や趣味・旅行の原資作りに「投資意欲」も拡大 - 時事ドットコム,https://news.google.com/rss/articles/CBMia0FVX3lxTE1NTTNxSjU3MnU5bF9SMG5qeklPYXZQM2NEbmZzNm1PUl9abUV6TjNhRmFScng4QVpvUFVTNUh0YVN1Mjd4bWwxQTR2T3o4ZTlGdkowc2JIZ3lmakxYeUI3RUNFcmFvdE9ybkU0?oc=5,"Wed, 05 Aug 2026 07:00:00 GMT",2026-09-03T09:13:09+09:00
GoogleNews:シニア　意識,シニア　意識,【お金に関する意識・実態調査2026】シニア女性の「お金の使い方」「守り方・増やし方」の満足度は増加傾向 続く物価高で節約意向が高まる一方、年金の補完や趣味・旅行の原資作りに「投資意欲」も拡大 - Infoseek,https://news.google.com/rss/articles/CBMickFVX3lxTE5tTzF4Y2FGUnZ6YWxYSElmcEFDRlp6azg3Yk1XWEVmX0tJNy1Mbk9FZktHcEJlUU5wX01CdmZ4dHlaMXBuTU8ySmVQSG9vYTFERVU4V21WdGxEb3ZsSDFLM3hwb01OcHFYT2xfLUhHZlZ5Zw?oc=5,"Wed, 05 Aug 2026 07:00:00 GMT",2026-09-03T09:13:09+09:00
GoogleNews:シニア　意識,シニア　意識,「年齢より機能重視」「プレイヤーとして何ができるか」ミドルシニアを取り巻く採用市場の意識変化に、エージェントはどう対応するべきか？ - HRog,https://news.google.com/rss/articles/CBMiSkFVX3lxTE52WnZ2YUdtMVFiN3NIVXRsTzBLa0s0eHVjaVZmdzBZeWxRbFFtdWdzUEpGV1ZJMGNSaEpCNU9LdHVud25nd1NMWXpR?oc=5,"Wed, 11 Mar 2026 07:00:00 GMT",2026-09-03T09:13:09+09:00
GoogleNews:シニア　意識,シニア　意識,「転職経験のあるミドルシニア世代の転職に関する意識調査」結果概要 - 共同通信PRワイヤー,https://news.google.com/rss/articles/CBMiW0FVX3lxTE04MG00QzlyOFpsVktZMVFQNXhYcUpHWmNPNWlvZnlqbnNHdTNkOC1WWFhqbzNjUDkxU2Nnd3BEU25sZG5XUXpiaENNZmRsV0MxUlFOSzBMMnZKZlk?oc=5,"Mon, 15 Dec 2025 08:00:00 GMT",2026-09-03T09:13:09+09:00
GoogleNews:シニア　意識,シニア　意識,まもなく＜在職老齢年金制度＞改正で支給停止調整額が引き上げに。そこで60歳から74歳1000名に就業意識を調査した結果「制度を認知している」シニアの就業継続意識は「制度を知らない」人に比べてなんと… - 婦人公論.jp,https://news.google.com/rss/articles/CBMiT0FVX3lxTE80VTFNNVFmNmRVM25hWVUxNUVxR3FSaXp2N1ZHZUJ1bDJMNkxpa0VYeUw0VGl4WGprZnphWkQyUkNERDd3SlNlUk1jNW5nMTQ?oc=5,"Thu, 05 Mar 2026 08:00:00 GMT",2026-09-03T09:13:09+09:00
GoogleNews:シニア　意識,シニア　意識,「アクティブシニアの買物意識と行動 2025」を発行 | 株式会社プラネットのプレスリリース - PR TIMES,https://news.google.com/rss/articles/CBMiakFVX3lxTE80dlBvM01qckNabXRlRjIwYWdPRkZ2ZXRGT3hJY3Fiam9hU1hXdmpvOWtNZThHM0JXVlQtQWdPYnNsZFVZQXZEMFFBSmRnTjNldEdBbVVkRkQ5ME5ZYlZ6UktoM3pHTWtpOHc?oc=5,"Thu, 09 Oct 2025 07:00:00 GMT",2026-09-03T09:13:09+09:00
GoogleNews:シニア　意識,シニア　意識,【デジタルデバイスに関する意識・実態調査2025】シニア女性のスマホ利用率98.9％。ネットショッピング・ポイ活・AI検索が加速。 - PR TIMES,https://news.google.com/rss/articles/CBMiakFVX3lxTE0tb1VSYzlLQlNkeFFoZkEyVmFhbkw5Ul9tTE8zS1NXRkFpenIxZUVkWkVsOUZlcFplSnV5LUNFUzl4UmdiMjhTaTFNekxYcF84bDlrcG1UeENJYWRPMk9sRGZtTGhqTWpla0E?oc=5,"Wed, 26 Nov 2025 08:00:00 GMT",2026-09-03T09:13:09+09:00
GoogleNews:シニア　意識,シニア　意識,家族に頼らず、自分で選ぶ。 変わり始めた、シニアの住意識 - biz-s.jp,https://news.google.com/rss/articles/CBMia0FVX3lxTE5kUExSWld6UHlHeTNJR0xPRFdDWnA0ZTg5UGRhMUxyOUZBTG91eTlHVGxqc1dVQTF3RnRnYjAtVklCTzJqdVVDTjkzek5GR3FIQmpIWWZsVUdkajhZWHJ2eXNmZ2dDeGt2WlQw?oc=5,"Mon, 10 Nov 2025 08:00:00 GMT",2026-09-03T09:13:09+09:00
GoogleNews:シニア　意識,シニア　意識,ミドル・シニア層の5割以上がショート動画を日常視聴、ベクトルが意識調査を実施 - commercepick.com,https://news.google.com/rss/articles/CBMiVkFVX3lxTE8wVU5sTWxyOWlOam1vNDdoN1BZeVlzV1ZYWkpQX09DeGRCZmhUZXpTc1drYk9Lbm1ib2VvSFhCR3hHNjNwaVROTFBOSkstYXVmNldFc1hR?oc=5,"Tue, 21 Jul 2026 07:00:00 GMT",2026-09-03T09:13:09+09:00
GoogleNews:シニア　意識,シニア　意識,電通シニアラボ、「令和シニア・プレシニアの生き方調査」を実施 - dentsu.co.jp,https://news.google.com/rss/articles/CBMia0FVX3lxTE9zMzdjLVhOSVVxRTM5bGV3N2J2U24yeXBIdVlhSG9nM2JLQlgwUnVlcDRLckx1TlVQSm13OWItd1FVWXlqaDBBcUpsTUlPUjhEUGdoYnlua2hKZkpvSExIRVZtWVRLOHFQNnNj?oc=5,"Wed, 24 Sep 2025 07:00:00 GMT",2026-09-03T09:13:09+09:00
GoogleNews:シニア　意識,シニア　意識,ボルボが提唱する、シニアドライバーが意識すべき安全運転のためのポイント10！ ～ ボルボ・カー・ジャパン、高齢ドライバーの安全運転に関するメディア向けセミナー開催 - Motor Fan,https://news.google.com/rss/articles/CBMiTkFVX3lxTFA1VGhyb1FndThnMmRQUVUydlFYU1JvaktsOWJwTVE0ZVpkZGlhSmJwU3FlQXhpMFF4dUhTZUc3ZTVnRDZmem1EWWdtN3Fidw?oc=5,"Sat, 13 Dec 2025 08:00:00 GMT",2026-09-03T09:13:09+09:00
GoogleNews:シニア　意識,シニア　意識,シニア向け住宅と介護サービスへの意識に関するアンケート調査 - 認知症ねっと,https://news.google.com/rss/articles/CBMiU0FVX3lxTE1lWjhiaVBaWmhKU2RUS09BcEFSSXV3VjlYdEFza2x2NldBMTBDbGtpcGxHUTJGTGdaYkZDNENsN3ZBVjNoN19ZMVNSVDZtOGNMQ0tr?oc=5,"Tue, 04 Nov 2025 08:00:00 GMT",2026-09-03T09:13:09+09:00
GoogleNews:シニア　意識,シニア　意識,シニア世代の意識調査「現在の楽しみ、1位は旅行」「生まれ変わっても今の夫と結婚したい」女性60％、男性71％と男女差も - 介護ポストセブン,https://news.google.com/rss/articles/CBMiSkFVX3lxTE1FejZXR2RBRENsbmtvX18xWjNMSEVxUWpDSFE4V1MxS1NMTlBMb3RuWWlwNFBUSHJ5cnpmaFdfWHc1dXdhQko5d1N3?oc=5,"Fri, 16 Jan 2026 08:00:00 GMT",2026-09-03T09:13:09+09:00
GoogleNews:シニア　意識,シニア　意識,【お金に関する意識・実態調査2026】シニア女性の「お金の使い方」「守り方・増やし方」の満足度は増加傾向 続く物価高で - ニコニコニュース,https://news.google.com/rss/articles/CBMiVEFVX3lxTE9pWG9Bd3Q3UXFLM0VGMWJjMGRrVWlHVlEycG1hXzh0RlpUZjdsT1NzYmVlVXE5UUdyUDNIdi1xSi1rQWFnVUJaZWRWSGNxOFNsWEFRbA?oc=5,"Wed, 05 Aug 2026 07:00:00 GMT",2026-09-03T09:13:09+09:00
GoogleNews:シニア　意識,シニア　意識,シニア・ミドルシニア世代×電子コミックの距離感をひもとく意識調査｜ニュースリリース - NTTソルマーレ株式会社,https://news.google.com/rss/articles/CBMiXkFVX3lxTE9Ib251Vm9GcXpCX0NQNG5zZDgzdTVQcnJsU2t5R21pUjd2ZHNVeXB2R1VoWVVYRWJXOWZXMmVMODNCWkU3S0RuN3B0UHJHdWd3dkZuWlo2aHJNRjRXY1E?oc=5,"Wed, 01 Oct 2025 07:00:00 GMT",2026-09-03T09:13:09+09:00
GoogleNews:シニア　意識,シニア　意識,充実の未来を手に入れるため 現役世代が知っておきたいこと 周りと比べるのではなく､自身の人生観を大切に - PRESIDENT Online（プレジデントオンライン）,https://news.google.com/rss/articles/CBMiT0FVX3lxTE4zOGlRVEFVdndlS3FBZmVPSm9Cbnl1Y2hWZTUxbnF5RWxGWGxQZFVOOHZ2TXNianlYLVBhbDhhZlR5T1Fzb1VpZV9zOEhVLUE?oc=5,"Fri, 10 Apr 2026 07:00:00 GMT",2026-09-03T09:13:09+09:00
GoogleNews:AI　買い物,AI　買い物,アンソロピック、年末商戦を前に小売業向けAIショッピングエージェントを展開 - BigGo ファイナンス,https://news.google.com/rss/articles/CBMidEFVX3lxTE00eGQ1c1ZaUHpPWjlMblJ2NVBiUWtzVXQ1Ul9MRnRpbkFUMld1MmVqWU5pR3pyVXJDMGpyVXJsbEdyTGFJcldBMjVNU01UY3R6d1E3N3R5R2thdC00OXlyMDNyNUI4UVZtQUJDVVAtdXpkQmxE?oc=5,"Wed, 02 Sep 2026 16:37:26 GMT",2026-09-03T09:13:11+09:00
GoogleNews:AI　買い物,AI　買い物,Yahoo!ショッピング、AIが服選びを支援 コーディネートやサイズ比較を提案 - 日本ネット経済新聞,https://news.google.com/rss/articles/CBMiVkFVX3lxTE91dDlYbE44VjF2QzVNNWdDa1lTclNEUkpXRXI2dEQxb3pjR2xyZDBKR09tUzl3RW5yU0dKcGpnLXZTOEM4TjdOQWFhaXkwb3MwNGF6ZzRn?oc=5,"Wed, 02 Sep 2026 02:02:33 GMT",2026-09-03T09:13:11+09:00
GoogleNews:AI　買い物,AI　買い物,Yahoo!ショッピング、AIがファッションコーディネートを提案する「AIおまかせコーディネート」を先行提供開始 - コマースピック,https://news.google.com/rss/articles/CBMiV0FVX3lxTFBVM0R5Z1M4X0tlZ2VXam9tMVhudFJNUEdnMTJIem50MTFMSXFwcjdlMmUxOXVYS0g3ZnFrTVp1MVdBYzNtUmJEcmdwYjJNNm1oMkZHaXZ6SQ?oc=5,"Wed, 02 Sep 2026 03:12:19 GMT",2026-09-03T09:13:11+09:00
GoogleNews:AI　買い物,AI　買い物,【Yahoo!ショッピング】生成AIを活用した「AIおまかせコーディネート」を一部ストアで先行提供開始 - Excite エキサイト,https://news.google.com/rss/articles/CBMid0FVX3lxTE9DQ3dKeFVzdUV5aTV6ZTEwQnlvdmFxazQ4WTBLU1R2eHBRTDM1Zm12WGxUcXkzV0p5RE9lOVdSTUpaT3VqNjJzWXdXZFBKZktFckNIUDF1MVhfeXQ1dllVbzhfWm1SeVNHR1hMS3BvWVFoaWhLREtZ?oc=5,"Wed, 02 Sep 2026 13:10:00 GMT",2026-09-03T09:13:11+09:00
GoogleNews:AI　買い物,AI　買い物,2030年までにAIショッピング・エージェントがeコマースの約4分の1を占める可能性を示唆【A.T. カーニー】 - PR TIMES,https://news.google.com/rss/articles/CBMiakFVX3lxTE44TWFCNlI4eTZVVGhKQU91RHBZdXk5NV9yeUpSOGtWSWtRNkhwLUUxVDc2MldObEJtaWVJNFg3eDZacHhjUDA5aG9jLW95MjNHYnVsTjROd2NHR3lwQ0pXZVdUVGJCR0FyWnc?oc=5,"Fri, 21 Aug 2026 07:00:00 GMT",2026-09-03T09:13:11+09:00
GoogleNews:AI　買い物,AI　買い物,新学期の買い物が示す小売AIの次のフェーズ - unite.ai,https://news.google.com/rss/articles/CBMie0FVX3lxTE5MQVZJdnctMTF0QVBQdGhEVnpXWFhUU05iT2g3VGYzZjNrNUVRalJKWmt0VWhYY0NNbmJrSXRvdUVJOE5QNkMxQ3FuTDcyWjFiV1ZrT3pGbkpfMF9WVnM2MFA4QjJXdExULTFfdjZkcngwUm1aLXNkNzhGSQ?oc=5,"Mon, 31 Aug 2026 15:52:23 GMT",2026-09-03T09:13:11+09:00
GoogleNews:AI　買い物,AI　買い物,「AI経由の買い物客」は非AIよりもCVRは6割、購買力は53%高い。アパレル・家電・化粧品が「AIフレンドリー」な理由【最新AI関連データ】（ネットショップ担当者フォーラム） - Yahoo!ニュース,https://news.google.com/rss/articles/CBMif0FVX3lxTE1LOTBVVXV0UUJTSlFETFQzcllkdnBPcTRTVkxWTGI5RjVrLXE1X2M0QkRCR0JKRW9BcUVGbTktUVVETHZyUzhDNnEwUzVRZUxFQV9nSXJhWjZBN2FKSG5LY0Q1Mnp4UHpIb3dlQy1PUkdBU2dteFliVkluTEdiNnc?oc=5,"Thu, 27 Aug 2026 08:31:20 GMT",2026-09-03T09:13:11+09:00
GoogleNews:AI　買い物,AI　買い物,Yahoo!ショッピング、「爆買ウルトラSALE」開催 「AIお買い物メモ」がサポート - ECのミカタ,https://news.google.com/rss/articles/CBMiVkFVX3lxTE9ldUw2MG5ESkVxdWVwZnZneWl5UzNPXzBHeUNxY21kNF81RnpPQnIyMnozMFJqd1lqRWZiUzhEQnVEZEt0YndWakVtOHR6cFpWcDVQcjF3?oc=5,"Thu, 27 Aug 2026 04:18:01 GMT",2026-09-03T09:13:11+09:00
GoogleNews:AI　買い物,AI　買い物,NIQの最新レポート：買い物客の74%が商品の検索にAIを活用、消費者の購買プロセスにおけるAI活用の意味を解説 - Business Wire,https://news.google.com/rss/articles/CBMiZ0FVX3lxTFBTeXhJWEs5ZHF3Y09tVmVhTjNBUy1lZ2JkMndrTjZrXy14aFM0RjZXR2hVYlpXYUl2RmR2YmNfUWdaOV9XZkd5VFJSM1gzTWc2MXNuV0U4SHR6aVNjSFF6alR1UDRjaVU?oc=5,"Thu, 27 Aug 2026 18:33:00 GMT",2026-09-03T09:13:11+09:00
GoogleNews:AI　買い物,AI　買い物,買物の決め手は“レビュー”から“生成AI”へ 生成AIの信頼度はユーザーレビューを超え、約6割が最終判断も委ねたいと回答―博報堂買物研究所「AIショッパー調査」―｜ニュースリリース｜博報堂 Hakuhodo Inc. - hakuhodo.co.jp,https://news.google.com/rss/articles/CBMiYEFVX3lxTE4teENtNUh5b0w0TXlPS2xyYmFZeXhyTjFmc24tcldLeU9keWxEN2NOZnp5d2dTZUdRMEFCcHVhTW9Td0RzNFpFNURkQnhmOG5qaTlURjF2Vk1XTzRtUEJHcQ?oc=5,"Mon, 01 Jun 2026 07:00:00 GMT",2026-09-03T09:13:11+09:00
GoogleNews:AI　買い物,AI　買い物,AIで買い物をする時代の消費行動とは？ 6割がECサイトへの移動に不満、価格の食い違いが摩擦を増幅 - netshop.impress.co.jp,https://news.google.com/rss/articles/CBMiXEFVX3lxTFBFNFQyZXhJTEVSeXE3WG5wd3IyRGJRSk0yTnBpSE1sVGpYWEh4QUd1UUxQNXR5TWhjQ3A1bVJPN2ZuM3RPVDFQYVh4SmdJMjJpTzlxZEk3VGpUV2Nq?oc=5,"Thu, 20 Aug 2026 01:30:00 GMT",2026-09-03T09:13:11+09:00
GoogleNews:AI　買い物,AI　買い物,「あなたはAIエージェントに買い物を任せたいですか」 Visaが調査--消費者の回答は - CNET Japan,https://news.google.com/rss/articles/CBMiUkFVX3lxTFB2OGxrNnZiSGZqWXhXQUdMOWd6TFhqUjFVRXN1ZW8zekJWc2tNYkhJcHlFR3pLSUV4a0pHUnhUM05fOE5QMWNGampaSHY4QXIyV1E?oc=5,"Mon, 17 Aug 2026 07:00:00 GMT",2026-09-03T09:13:11+09:00
GoogleNews:AI　買い物,AI　買い物,Stripeのアナ・スピシュ氏：システムプロンプトが引き起こしたAIショッピングエージェントの暴走 - BigGo ファイナンス,https://news.google.com/rss/articles/CBMiWkFVX3lxTFBCZkVDanFXdVBSUWIwWUlSOHdYaS16ekp1czl4Rk5UUHFNRkIybWtMakVqMExQWldFUWhGSU9yVld3RzNzMFh4ZlZQT296dmJQZWJmUUJFWjZUUQ?oc=5,"Tue, 01 Sep 2026 18:08:00 GMT",2026-09-03T09:13:11+09:00
GoogleNews:AI　買い物,AI　買い物,「AI経由の買い物客」は非AIよりもCVRは6割、購買力は53%高い。アパレル・家電・化粧品が「AIフレンドリー」な理由【最新AI関連データ】 (ネットショップ担当者フォーラム) - Yahoo!ニュース,https://news.google.com/rss/articles/CBMijgFBVV95cUxOWlJMWGZZYlBfLXFvY2xld1hqVTJ1a211UWFKR2wwbXlEQjVvVGlRb3JvMHNqa1lkNEFKcThRSU9oWFBfNkgxNVUtZFhaOHpkQU83OUl5eVctY1dNZjRsRk5kaHlzWGNuT1g1VWQxaWQyRFNIbFlZOGZjUmtnUjFwZkU1b2ZWSlJ2MllQXzR3?oc=5,"Thu, 27 Aug 2026 08:31:20 GMT",2026-09-03T09:13:11+09:00
GoogleNews:AI　買い物,AI　買い物,AIエージェントが買い物を変える：AppierがAIエージェント・コマース時代に向けたデュアル・マーケティング戦略を提唱 - PR TIMES,https://news.google.com/rss/articles/CBMiakFVX3lxTE5janpYZUo2NlNwSU9IeTZwZlR3RWxnMmg4eGNSR2pTSnAwalFWX1o1bDdTMjhGa2RvTUNIUzhmQklYRWhpaHFKeVU3aHJpcTFhOGhYaDFhSG9iMlo2c2NXUGNHQmJPbGZHQ2c?oc=5,"Tue, 14 Jul 2026 07:00:00 GMT",2026-09-03T09:13:11+09:00
GoogleNews:AI　買い物,AI　買い物,Yahoo!ショッピング、ユーザー向け・ストア向けの双方でAI活用を強化 - ai.watch.impress.co.jp,https://news.google.com/rss/articles/CBMiY0FVX3lxTFBjNUpMaFNyazdVOTQzSm5GMTlMSEZCQjBDN19PWE9RV1docUxIblVWbmd2ZnNsVndlZVE2WUk5VGYweEJGVEYxTFppNlk0MEVXc0ZaRG9qQmwyNzk4YllWQWRaWQ?oc=5,"Tue, 18 Aug 2026 07:00:00 GMT",2026-09-03T09:13:11+09:00
GoogleNews:AI　買い物,AI　買い物,AI時代の買い物はどう変わる？ 20～30代の約3人に1人がAIによる自動決済に肯定的、「リアル店舗」の価値は失われない - Yahoo!ニュース,https://news.google.com/rss/articles/CBMiiAFBVV95cUxOMWtSd3lTRi1wODFBUmk5UHltWDdaM2lKTEFhenJkSEFIeWZTR3hOb1NaaTRHTVF6cGN4YXdfMUJrQWpoUFY0a19SOG9MaEc5Y29FY1FtMkRLajZkeVRpWHl2VzNPeHJXNzVJWUhEQWNtMEo1S3MyTi1YU3pjTkpmLUxXX3Y3eHkx?oc=5,"Thu, 20 Aug 2026 08:31:25 GMT",2026-09-03T09:13:11+09:00
GoogleNews:AI　買い物,AI　買い物,AI時代の買い物はどう変わる？ 20～30代の約3人に1人がAIによる自動決済に肯定的、「リアル店舗」の価値は失われない - Yahoo!ニュース,https://news.google.com/rss/articles/CBMijgFBVV95cUxNWDJtY25raEtYTEEwUU1nVnF1eEM2UHp5QmNteEVMUHo1OXZrd0ZLRGMyZXBsSW1ScEpMUk1NLUhKMy1fSnkwWWhYSlM2WDFITEFNazIwNlJ6cnFfa0RIWlA1S1IyTHFjSkNOOFpja3QzWTd1eGlQTFNMVzhMaWpBLXlCQUN1RDNXODFnRlh3?oc=5,"Thu, 20 Aug 2026 08:31:25 GMT",2026-09-03T09:13:11+09:00
GoogleNews:AI　買い物,AI　買い物,AIで買い物をする時代の消費行動とは？ 6割がECサイトへの移動に不満、価格の食い違いが摩擦を増幅 - Yahoo!ニュース,https://news.google.com/rss/articles/CBMijgFBVV95cUxQeHBSdUNxTzNCYWMzZDBPSWxnTWk3TWtSNXRjTWF2MDYyN0xyWnh2bHQwVElIX2JaNVdTV0Y2MnJHMnpDSUJYeTF3N1N6VjVoWHFTZFlvR1ZmOTF5T0oxZkxPRnFYd2xrenlKRlBhTkZuZDVKSGZVX0p4aWZOSUJULVlMM1ZBeFNhTVVPLUVB?oc=5,"Thu, 20 Aug 2026 09:31:24 GMT",2026-09-03T09:13:11+09:00
GoogleNews:AI　買い物,AI　買い物,食料品チェーンが自社 AIアシスタント に広告導入。買い物支援ツールの勝算は？ - DIGIDAY［日本版］,https://news.google.com/rss/articles/CBMiiAFBVV95cUxPb24wMUx6WkI3UG5OVEdRWFpFRGJVU3FCRlB5LVhSM2ZuNzktVzF1UHJ5d2NoX3JWMFFfUGFDMVdSeW9HaWpwQWxjYUl1MkQ2THdKWEp4cWtMRXY4MW5yZko3ZUdWelNqZFNSWXZUZ3dqTTYwbF9LNHF6WTFwY0xhdG44TTRQQVY4?oc=5,"Fri, 14 Aug 2026 07:00:00 GMT",2026-09-03T09:13:11+09:00
GoogleNews:AI　買い物,AI　買い物,AIが「欲しいものを揃えている」 - Yahoo!ショッピングが進めるECのAIエージェント化 - マイナビニュース,https://news.google.com/rss/articles/CBMiaEFVX3lxTE92ZnFHWHpUay1NbFRnWk80cGplS2tBd1dCUVZyN1RQQXRaNmJkRF8ya1RMUzhfODBhUnRvR0NnNlFiYVZTOFpsdGFBU0hEXzdvbkFYN0puR0JTWkZzdEhxRV9UV21YYXo0?oc=5,"Wed, 19 Aug 2026 07:00:00 GMT",2026-09-03T09:13:11+09:00
GoogleNews:AI　買い物,AI　買い物,ヤフーショッピング、AI経由の購入が2割に ストアのAI利用率は48% - BigGo ファイナンス,https://news.google.com/rss/articles/CBMidEFVX3lxTFBGTlFLUk1rSnZKTVozQVhMenhaQThvR2JFM29aYlRsYk5IU2FXaFZEd2t3dWRRZU5haTNabG1fc1UyTXBkT2FjOUdOUy1GTUdSY1ZwNkN3cVVnazcwS29helpOSEhYbUFyTDhTZlR1UzZHR0tR?oc=5,"Tue, 18 Aug 2026 07:00:00 GMT",2026-09-03T09:13:11+09:00
GoogleNews:AI　買い物,AI　買い物,「あなたはAIエージェントに買い物を任せたいですか」 Visaが調査--消費者の回答は - Yahoo!ニュース,https://news.google.com/rss/articles/CBMijgFBVV95cUxPWHowRE9HTzcwYmJWMnNCUXNsTnNjMUM5Y0tfSXNsbFE4ZnVrTWJOX3RUSDF3WjROUW1QRm5pN3NhVmhSU1hHUHgwOG40eDU1UlFjb0l1cWRnbm8tOHJIVUswVFhYV1JzWXBzNHNWci1YaWtDOVdXOXpUTUlQVHlrMjI0RW9oRmkyTE1xTmNR?oc=5,"Mon, 17 Aug 2026 07:00:00 GMT",2026-09-03T09:13:11+09:00
GoogleNews:AI　買い物,AI　買い物,LINEヤフーの「ヤフーショッピング」がAIでコーデ提案など新機能、配送日予想や売り場作りも 出店者向けに施策提案も - tsuhanshimbun.com,https://news.google.com/rss/articles/CBMiX0FVX3lxTE8tRHU2TWlhemNSOXF1ZjBZcDd4TnlabEpMT0lyUjdCV3Z0N0d0NmVCNTlmenNZREE0MWZJZkJNZUQwbUZMSTJNWXR0OEE5NDlNX3RuNEw3OEdDRVdzcmw0?oc=5,"Thu, 20 Aug 2026 04:43:31 GMT",2026-09-03T09:13:11+09:00
GoogleNews:AI　買い物,AI　買い物,約3人に1人が「AIに買い物を相談」 最も多く利用するシーンは？ - ITmedia,https://news.google.com/rss/articles/CBMickFVX3lxTFA2dUpzVGMyR3Njc2lpWFVwSmwzSlV4bWR4eXo3MmZISU9IS2p5SmdXN1ppYVNvUGVrTFdHS19tYk4tbUE4emVrd2d6bmM2MWtQMlFNU1lFZGRYLTNVTnk1dWRraEVzMHMyQ21ibjdtYk1SQQ?oc=5,"Mon, 27 Jul 2026 07:00:00 GMT",2026-09-03T09:13:11+09:00
GoogleNews:AI　買い物,AI　買い物,LINEヤフー、AIエージェント「Agent i」に写真から商品を探せる「ショッピングレンズ」追加 - 日本ネット経済新聞,https://news.google.com/rss/articles/CBMiVkFVX3lxTE14bzlKTUUzcmtHbDJEQ2tlMWY1cTlnck9oU242aFhrMU1hZkRRN295cF85dURRODhObHNFNHc5Z3F6WTNLaGF1WktqVTNWbnYxS1JMenpR?oc=5,"Wed, 19 Aug 2026 03:55:41 GMT",2026-09-03T09:13:11+09:00
GoogleNews:AI　買い物,AI　買い物,【エージェンティック・コマース】「あらゆる買い物をAIに決済まで済ませてほしい」と回答した人の割合は? (マイナビニュース) - newspicks.com,https://news.google.com/rss/articles/CBMiWEFVX3lxTE4zWURVUUlfS204MWdIUEk4Y3JqSXhsZy1iYTJyQTVsLUg3S3Rod2gwYlNUNDJnNVRwR3pzMlhYTElaREFxaDFUOFlKX0Y2TXF3RmZuMmJicGE?oc=5,"Fri, 21 Aug 2026 07:00:00 GMT",2026-09-03T09:13:11+09:00
GoogleNews:AI　買い物,AI　買い物,LINEヤフー、Yahoo!ショッピングのAI活用状況を公開 新機能やAIによる推奨の仕組みを説明 (1/2)：commercezine - MarkeZine,https://news.google.com/rss/articles/CBMiT0FVX3lxTE1jTmZvUXctbFBhSDU3OV94Yk1XbEhMUG1ZaEUxeHhmVWhWQjhJc3FDV01rZlBOU0xTMDlVWVgwdEVOMGlCdGR2V01OSGUzSEU?oc=5,"Fri, 21 Aug 2026 07:00:00 GMT",2026-09-03T09:13:11+09:00
GoogleNews:AI　買い物,AI　買い物,【エージェンティック・コマース】オンラインの買い物、AIにどこまで委ねる? 購入判断から決済まで完全に任せられると回答した人の割合は - Visa調査 - マイナビニュース,https://news.google.com/rss/articles/CBMiXEFVX3lxTE9KSkJINWJQTlduZUR4Q0Jtemc4WVZkT0hoX1pYQzEwTVhZdHRaLTNMaUdOdXBHb3QyZWxOV0FBYlFfclBkREYxZ1NlR1FxS0YzQlZlT0tBcjRoY1RT?oc=5,"Mon, 17 Aug 2026 07:00:00 GMT",2026-09-03T09:13:11+09:00
GoogleNews:AI　買い物,AI　買い物,Yahoo!ショッピング、AIが自動で複数の商品を比較し、最適な商品を提案する新機能「AIおまかせ比較」を提供開始 - lycorp.co.jp,https://news.google.com/rss/articles/CBMiXEFVX3lxTE1HZE5iZFFxaUtXOHRTNUxHNFN5UGhIYm9jeG1SaV8xQk5yMHB6dTRSVmlVVHRzZ1ZINU5ZRHljdWdsTnRGZHZMOXZlcnZXVXdQcExTSXFzeDVxZkFF?oc=5,"Wed, 20 May 2026 07:00:00 GMT",2026-09-03T09:13:11+09:00
GoogleNews:AI　買い物,AI　買い物,AIが「買い物代行」するのはまだ先？ AIが「相談相手」として浸透する時代にEC事業者が押さえておくべきポイント - Yahoo!ニュース,https://news.google.com/rss/articles/CBMif0FVX3lxTE5HdGlwY3IwUFZmTkV4Y1ZzY2JEaXhZbmxlczRpZF9nN21LSzJQTlJvSDc1c0VVckREZFpVMHZvak1STlEzcV9xMFRpVEtoWXNHa09seTRZTHNuYTVRMTQ4dW0zVXhIbWMzUjFoUFU5WEZQWHVHdzloMmVpcW5UMXc?oc=5,"Sun, 26 Apr 2026 07:00:00 GMT",2026-09-03T09:13:11+09:00
GoogleNews:AI　買い物,AI　買い物,Adyen株が12%急騰、AIショッピングの脅威で加盟店ロイヤルティ強化へ - BigGo ファイナンス,https://news.google.com/rss/articles/CBMidEFVX3lxTFA4bFNGQ2NJVW9ZWUM4WllZblEtSzViSnNMMTRQZncxeUo3OENLQWNaLXJRQ1UtZVg3OFBJZVFkY1ozcmFXZk5mUG9aenVUemVmOWExalNZOXJINGh1N1JrR1E0Skg0SEpZOU9pZE1LaHZYaUFt?oc=5,"Thu, 13 Aug 2026 07:00:00 GMT",2026-09-03T09:13:11+09:00
GoogleNews:AI　買い物,AI　買い物,「買い物でAI利用」25% 時短や納得感向上 民間調査 - 日本経済新聞,https://news.google.com/rss/articles/CBMibEFVX3lxTE9TZzlxZEMtaENaUEh5WjY5ejJ0a0h3Ql81UGVmZ0VuTXctLUF5cjdtTDdjRDJEbkQ4blVyUFhBUlZZV1U3OE1VMzhfODh3dm5WVENCOXI2QlFuUWNxTjJlMXY4dzgtMFNzREhfdg?oc=5,"Thu, 11 Jun 2026 07:00:00 GMT",2026-09-03T09:13:11+09:00
GoogleNews:AI　買い物,AI　買い物,Visa、「AIエージェントが本物のECサイトで買い物開始」と発表 - CNET Japan,https://news.google.com/rss/articles/CBMiUkFVX3lxTFBvZmZNd2pPT2lhUjhzU3BubHUxLVVCY1kzdHE1NUJTY3poWmpvOXFuckdwZUtsV3pJQ25LSlk4emh0bnNkc3QtTHlmbVJGUGlSdWc?oc=5,"Fri, 03 Jul 2026 07:00:00 GMT",2026-09-03T09:13:11+09:00
GoogleNews:AI　買い物,AI　買い物,小売業界、AIショッピングの80億ドル市場争奪戦 顧客データの囲い込みで攻防激化 - BigGo ファイナンス,https://news.google.com/rss/articles/CBMidEFVX3lxTE1VMWIyZ0U1WHR0UjROYUhmU0s4OWFHdzRpZUU3ZVZjamJtNWRtb3c2ZHNwdzZSd3dNNVZxd0ZPOEdmdFVnWGZ2ckg3S2UxZG5hTjIwaE14cnNZMjJ0UVd4ZzFuMk5scjd6dlFUNlJGNWV6VXJv?oc=5,"Fri, 07 Aug 2026 07:00:00 GMT",2026-09-03T09:13:11+09:00
GoogleNews:AI　買い物,AI　買い物,買い物にAIを頼る消費者は過半間近 モンデリーズがAIマーケ専任者 - 日経クロストレンド,https://news.google.com/rss/articles/CBMib0FVX3lxTE1OMXh2dGY3eGVRQUs3Q3FjcTFwVlN4LWl0Z0l4dnhCeTNmYlFrUUEwN0lBWTFSZWY1ZmJCZmJSNUd0OVFXQmZNZ0RqSnREeUdKQXIzQ1V5Nm9kSW9oZ1FrengxOFNuck5jakpNUUNpVQ?oc=5,"Thu, 16 Jul 2026 07:00:00 GMT",2026-09-03T09:13:11+09:00
GoogleNews:AI　買い物,AI　買い物,買い物の決め手はクチコミより生成AI？ 「最終判断もAIに任せたい」が6割【博報堂調べ】（Web担当者Forum） - Yahoo!ニュース,https://news.google.com/rss/articles/CBMif0FVX3lxTE1BRjdVWjJXZE5ibUpfWWJlNVNIbFlqa3Fodmc2RWo1MWpHaU85VEExWi1vdHdlTVpRNHBPaWZlSGoxTlFJbENZNVR6SkItZFhnYWRTbmNKblJvZG1wYWhiYkRWaEM1UVYyX0hqdUZNZGZqQk4wZ2xHZ2lpOFlUbXM?oc=5,"Tue, 09 Jun 2026 07:00:00 GMT",2026-09-03T09:13:11+09:00
GoogleNews:AI　買い物,AI　買い物,生成AI利用者の約7割が買い物で活用、生成AIで調べた・おすすめされた商品やサービスを実際に購買した経験があるのは、うち約6割（エクスクリエ調べ） | 株式会社クロス・マーケティンググループのプレスリリース - PR TIMES,https://news.google.com/rss/articles/CBMiakFVX3lxTE1FWUJiXzBKV1RGLVQ2eDBwXzc2cUhaajB3SHRfeUIwY0l5OVZGU1IyV2FIcWxFQmNnNy1qTXh5YzdxNUppZVFZTlNlTGFLWUpNUmNLZFlUU3U3TU1XXzRrb2QxRVZhSFRTUkE?oc=5,"Fri, 15 May 2026 07:00:00 GMT",2026-09-03T09:13:11+09:00
GoogleNews:AI　買い物,AI　買い物,AIが「欲しいものを揃えている」 - Yahoo!ショッピングが進めるECのAIエージェント化 - ｄメニューニュース,https://news.google.com/rss/articles/CBMid0FVX3lxTE93X0tmcFcxaFg0RVRJUFA2RkdDNXBoR1FiLTYyRExJdHUyUHo5RzMtanY3NktUQjlJSVkwR1Y3Ym9WQ2gtVzRHU1RCZ0NQd2VYMlVIYnNxZlVKMGRkTzRlc0c5U2hYU1B0Q0lwaXZhdk5hQmlqSjU00gF8QVVfeXFMTTNaU3dqcUg0VVMyRGJRYW9tSTNaaXRVbDBlNktuR19RWkVfZC0zbzlyOFB2QnlxSmVSNmh3UUJHTGlKQzVpUFcxeXRibHNuVVF1YzRlUVBtWTBsdk9BOXlId3M1ZUtYa1Y2VVNaTTh4emlaamNOSlE5X3JEeg?oc=5,"Wed, 19 Aug 2026 07:00:00 GMT",2026-09-03T09:13:11+09:00
GoogleNews:AI　買い物,AI　買い物,AI が“買い物”を代行する時代へ Stripe、エージェンティック コマースへの対応準備に関する調査を実施 - PR TIMES,https://news.google.com/rss/articles/CBMiakFVX3lxTE0zMEF1SXIyUGpudlN5a1ZiSGxBRnJYeWhQVTR1eWJIR0lkc3hzcXl6SV9NUHBHdVV0ZUtMcENnVXRJYXhucjl5OUxBZG5fWmNYSkp4LUw1aGRLTkI4a3hJemw4aUF3bDFCYWc?oc=5,"Wed, 15 Apr 2026 07:00:00 GMT",2026-09-03T09:13:11+09:00
GoogleNews:AI　買い物,AI　買い物,【マイベスト｜AI時代の買い物に関する調査】約5割がAIで選んで「後悔・失敗したことがある」と回答。後悔理由1位は「AIの情報誤り」 - PR TIMES,https://news.google.com/rss/articles/CBMiakFVX3lxTE50YXJveV9qNlhZYTUxUXdBV0wzMDRDckJ3MjJZX1VPeUJiUHgyaUVZZkY0ZE02NUVjcmVNOXE1azk2QlRUUml0aUl0dU1DQWVCT084Z0RZNHRTZDd6VUJOeEMwU2FaVkExbWc?oc=5,"Mon, 27 Apr 2026 07:00:00 GMT",2026-09-03T09:13:11+09:00
GoogleNews:AI　買い物,AI　買い物,AI利用者の3割以上が「買い物」でAIに相談…旅行・金融商品で上昇傾向 - 通販通信ECMO,https://news.google.com/rss/articles/CBMiVkFVX3lxTFBoc3ZwMDc2dTNCVWpldThRWXF1UE9yLXZSTmVyN2sxZEJYN2lNaTZZV0U3VlZfT1ozLWRlRFdIaklNaHdIREpNX3JPMjFtbVBJUi1qRTRn?oc=5,"Fri, 24 Jul 2026 07:00:00 GMT",2026-09-03T09:13:11+09:00
GoogleNews:AI　買い物,AI　買い物,Visaの最新調査で発覚！買い物AIで「全自動購入まで任せる」人はたった1%！最後のポチりは自分で - DXマガジン,https://news.google.com/rss/articles/CBMiTEFVX3lxTE5DUThla3NjVkhfeko5VWtWb0stZUJHOUZQOFZMS2xPT3hsZ2R0c0cyeXRNdzcxQ0VLbUoyMnhrSjhyZjBiWnRnc0QxbWo?oc=5,"Fri, 21 Aug 2026 07:37:22 GMT",2026-09-03T09:13:11+09:00
GoogleNews:AI　買い物,AI　買い物,【AI消費トレンド2026】買い物相談が前年比6.4倍 - aainc.co.jp,https://news.google.com/rss/articles/CBMiXEFVX3lxTE5LaHJRQ2c4ZjV5b1NGUXB2enBoNWM0T3Q1RDJpclZBZEhmSldUNlhlcmxaQkZyMk9TUV9GV2Z1M3Z5a1RNRm1Pdk9hZVEteG9oV2QxOHlhQmpiZnpl?oc=5,"Thu, 02 Apr 2026 07:00:00 GMT",2026-09-03T09:13:11+09:00
GoogleNews:AI　買い物,AI　買い物,AIショッピングアプリ『PLUG』、300万ダウンロード突破 - PR TIMES,https://news.google.com/rss/articles/CBMiakFVX3lxTFA0ZnRLdlNtQVhlU3liODhfX2t1SVViYUNNS3VGUE5fandUb2tiX1pEdG9Da0NrakFwdDBPM2MxLTJuajFNdTVZeldJOGpwVk1peXNEQUs4NENuRTNXaFJ3QzBNRnhnQktPMWc?oc=5,"Wed, 20 May 2026 07:00:00 GMT",2026-09-03T09:13:11+09:00
GoogleNews:AI　買い物,AI　買い物,【第11回】先端生活者の調査で見えてきた「生成AI×買物」の利用動向｜The H Magazine - hakuhodo.co.jp,https://news.google.com/rss/articles/CBMiVkFVX3lxTE8wYnRBOHBVOVJqZVFVSVVYOTJBOGZ0QnpBQU5nd0dWbEM3Y1dJaFVvZllPb3NXSmpJSVhzWFQ5d2FnXzhoR3h1TjdHWU1lZUJGUjZqLVdn?oc=5,"Tue, 12 May 2026 07:00:00 GMT",2026-09-03T09:13:11+09:00
GoogleNews:AI　買い物,AI　買い物,LINEヤフー、ユーザー向けのAIエージェント「Agent i」の「お買い物」に写真から商品を探せる「ショッピングレンズ」機能を追加 - Yahoo!ニュース,https://news.google.com/rss/articles/CBMif0FVX3lxTE5WcmMtcTlzamFfMzF5M3FwYUpSUDZKZ19TSG9jSHItVElJeE9KOG9Xa1dybWE2TEFGUVotV2N5ZDdMRlRsbC1NT2RRdDJ6UHVma2RuS283VUJScl9INHpaV3RKOVdqTEdUSUhXcVE3UzBSVkJxekxkY09Wby1MVk0?oc=5,"Fri, 31 Jul 2026 07:00:00 GMT",2026-09-03T09:13:11+09:00
GoogleNews:AI　買い物,AI　買い物,【調査リリース】生成AIを活用した購買行動調査｜株式会社マインディア - PR TIMES,https://news.google.com/rss/articles/CBMiakFVX3lxTE8zS3pKblhVSFVkOGZ5ZGVjeFJRc1dLek4zLUVEOVl6QmloY1NqV3NacEdGaWhTMFhYSUJiLVNNYUNSOElpVV9TV3lrYTktZHIzcmFMUXZKdnpIVVdCVENjSEhrTnFCYUV6dEE?oc=5,"Thu, 23 Jul 2026 07:00:00 GMT",2026-09-03T09:13:11+09:00
GoogleNews:AI　買い物,AI　買い物,ウォルマート、AIショッピング支援「Sparky」で外部AI入口を積極活用、アマゾンとは対照的な小売戦略へ - BigGo ファイナンス,https://news.google.com/rss/articles/CBMidEFVX3lxTE5EUGJqbHlQWko3cWlTVDlRRzNmVGFLVy1rWjlJX2pLMm1xdDZQOEQtdUpZRC1aVUNkVmVKRnFTZmd5Zlp2ZVFSTnpiS1g0N2FUUUtrcnZ0WG1kODJ3amxPeVNBTm1pQlV4TEUxck8tdGNWT0xC?oc=5,"Mon, 29 Jun 2026 07:00:00 GMT",2026-09-03T09:13:11+09:00
GoogleNews:AI　買い物,AI　買い物,生成AI活用で「買物時間は短くなり納得感が高まる」。買物情報源としての信頼は「生成AIの回答」が51.7% - Yahoo!ニュース,https://news.google.com/rss/articles/CBMif0FVX3lxTE5PRUhIYVJHczd0SHdFbWNsUmtseDdNWkxqTGhxNWF1LTVoYzl0bnRqa1diTE1mNWtNZHZBcEtpMTNSQ1Q4UWVWZHZsMFJiUUJYcElxbnZuREFfVXlGdmlzV1FNcDU3ZHVKbU0yUzVEMl9qSzY2QUpSVUs0bl9qZzA?oc=5,"Thu, 25 Jun 2026 07:00:00 GMT",2026-09-03T09:13:11+09:00
GoogleNews:AI　買い物,AI　買い物,【試行錯誤】「AIで買い物」を実験したロレアルは、何を見たか - newspicks.com,https://news.google.com/rss/articles/CBMiU0FVX3lxTE9hZHRvZkdmOW1LZG01TUQ4UHlrMFhhdzZzbm9mV05UTGFMYVk2N0Ytd2ZPS0JGVzJXaUhTSFRCaURGTm9iM1hJejVsczVVMEZYMWVV?oc=5,"Mon, 27 Jul 2026 07:00:00 GMT",2026-09-03T09:13:11+09:00
GoogleNews:AI　買い物,AI　買い物,LINEヤフー「Yahoo!ショッピング」、商品をメモ→AIが候補を提案→購入検討まで支援する「AIお買い物メモ」をリリース - netshop.impress.co.jp,https://news.google.com/rss/articles/CBMiXEFVX3lxTE5INU9ldHdWTXA1Rkw3dVRjbmVJZEFQb3laZUs4SUdfNkotakdPbnpSbF80bnAweGZ5QlJXTU5qQU4xaU12VEo3b2tWUDN4MGEtT1BmMUNGaERHR3Vx?oc=5,"Thu, 25 Jun 2026 07:00:00 GMT",2026-09-03T09:13:11+09:00
GoogleNews:AI　買い物,AI　買い物,CloudflareがAIエージェントの安全な買い物を実現する本人確認と決済基盤の提供を発表（Web担当者Forum） - Yahoo!ニュース,https://news.google.com/rss/articles/CBMif0FVX3lxTE50MkJKOWxvV29IU1ZZc3BvMDZSXzBpVHhLYzgtS2ZxUlNHaFZCakhFaFB1Wm9xMUxYbTJ2d3FwVVIzWjNURDZtalh0SGEwR0lweVJGc3dDR0oyWHo0blVSWnZNYnBsS1FaeDBKODRrOEIzOXJuZ0RvMTliVlFza2M?oc=5,"Thu, 06 Aug 2026 07:00:00 GMT",2026-09-03T09:13:11+09:00
GoogleNews:AI　買い物,AI　買い物,生成AI利用者の約7割が買い物で活用！生成AIで調べた・おすすめされた商品やサービスを実際に購買した経験があるのは、うち約6割【エクスクリエ調査】 - manamina.valuesccg.com,https://news.google.com/rss/articles/CBMiV0FVX3lxTE82dTdxRGRTd3RqWUtDdWRxdHphZXFwQTFnNHAwQ3Q1MDBLWkpDMmFrMWJtU1p3UXE0bmlnckdIZFdKTWc0ek1kZDc3dFlMMmtfSDFnYUhsUQ?oc=5,"Tue, 19 May 2026 07:00:00 GMT",2026-09-03T09:13:11+09:00
GoogleNews:AI　買い物,AI　買い物,Amazon、2026年第２四半期決算：売上高20％増、AIショッピングと高速配送が拡大 - コマースピック,https://news.google.com/rss/articles/CBMiV0FVX3lxTE1qZTRzTFdaamxNazduUlN6RWV6RGRWLU9YWENjYS1Jd1NIR0NKNWFnc05mU0NUT0tXWHBvSDM1RHBGem5DdlpadklvMmJxdE1YaHEzcXdJYw?oc=5,"Fri, 14 Aug 2026 07:00:00 GMT",2026-09-03T09:13:11+09:00
GoogleNews:AI　買い物,AI　買い物,ウォルマート、買い物客が長年求めてきたもの…Apple Payをついに導入 - Business Insider Japan,https://news.google.com/rss/articles/CBMirwFBVV95cUxQTDZZa0RHMkwyU0ZWM0ExMWdvS3hBN0RQRXd1emlhSGJuY3R6LXBYWXBTd05xR0RBak00ZDZQWmUyM0JmeFhqUnBEVUVYS3lBUElWZmN3OGx6VVlWb19GVFVXeGtUdlp0VzJkWTZ4Y0RQY1JwM29ZbnlYNndMd2JaQzlDeDczbjRsN1pJNmwzbnVaMGlQcHJ1Z3FTOWZlNF9WV0dneVZnZ2JOek5oM0xN?oc=5,"Mon, 24 Aug 2026 02:00:00 GMT",2026-09-03T09:13:11+09:00
GoogleNews:AI　買い物,AI　買い物,Amazonの「AIショッピング」機能や知見を自社ECに導入できるようになる？ 「Agentic Shopping Assistant」の特長＋米国のEC実施企業の導入事例 | 海外のEC事情・戦略・マーケティング情報ウォッチ - netshop.impress.co.jp,https://news.google.com/rss/articles/CBMiXEFVX3lxTE5PVGN4ZkVsNm0wQk5WZWNIWWJNLUhJQXdQOEZKekdQLXlHRjhHTkx3LWQ1N3B5TkZ6QkNXb0tvNHhJc183Z2ZGWnFqdVExT1dubDB6RVZSSzdUNmZY?oc=5,"Thu, 11 Jun 2026 07:00:00 GMT",2026-09-03T09:13:11+09:00
GoogleNews:AI　買い物,AI　買い物,GoogleがAI新機能｢Spark｣、検索や買い物を代行 30億人の生活自動化 - 日本経済新聞,https://news.google.com/rss/articles/CBMibEFVX3lxTFBxNDRVQ09WNVhMT04xT25ZamhIM3J6azNaWnczdnFVNkhHYkhBQUNRTmtCWUlzY3hqT0VTUDVLdlRYZzMzN3BYS0FmWWhJVnlvc2RpMi1ZVjgzWkxZSkFjNkhOaVh4SHNDV2IycQ?oc=5,"Wed, 20 May 2026 07:00:00 GMT",2026-09-03T09:13:11+09:00
GoogleNews:AI　買い物,AI　買い物,左右対称で典型的な「AIっぽいきれいな顔」は買い物客を遠ざけてしまう可能性 - GIGAZINE,https://news.google.com/rss/articles/CBMifEFVX3lxTE9kUTJnZ2FOZ1pWVHR1TF9jQVQxVEduWnl1bk9xZDFFVHplOW5CaEFtV182YVBnVFVXWEdDamR3cDVpOVprXzRMcURQXzVmVkVkLUlwZGRRWjF6UXpwZlExUWVhdWs5WGFWaGhqeGJmWTkxSEtDTWJHOENhZ0c?oc=5,"Fri, 14 Aug 2026 07:00:00 GMT",2026-09-03T09:13:11+09:00
GoogleNews:AI　買い物,AI　買い物,買い物は「ググる」から「AIに聞く」時代へ？ 20代の約7割が活用、SNSを上回った“意外な信頼度” - DXマガジン,https://news.google.com/rss/articles/CBMiTEFVX3lxTFBRR0pDVmN2RUx4S05maXBjeEpYTEs1UnJqLWFBN1V5OUJGbXVEUDZqUHdvUGhsc1hNSlFZMHNiVXoyNm9leGZxdFZJRkU?oc=5,"Mon, 17 Aug 2026 22:42:07 GMT",2026-09-03T09:13:11+09:00
GoogleNews:AI　情報検索,AI　情報検索,横浜ゴムがRAGを活用した生成AIシステムを開発 タイヤ開発の意思決定を高度化：製造ITニュース - MONOist,https://news.google.com/rss/articles/CBMib0FVX3lxTE1WR0t3TGs4NE9lZ20yOVAzWmJzc0pIelNELUFYbWQwbzhIZ2ljb2VtbW4tS203S0dtT2FRVmdnU21IcC1wZUswQVluLURsM3k1MlJ2MU5TZTduLUZZeFVGTWVrS08wRHBzc0xVdjJMbw?oc=5,"Sun, 30 Aug 2026 21:45:00 GMT",2026-09-03T09:13:13+09:00
GoogleNews:AI　情報検索,AI　情報検索,AI開示情報検索サービス（J-LENS）（β版）のリリースについて | 日本取引所グループ - jpx.co.jp,https://news.google.com/rss/articles/CBMifEFVX3lxTE1EX3FyUzRwUkN6ZFpsV05Edm9lQnpIOWNHZFdGX19xT3NfUEpwRDZEczNHbGFvc1djU3p2eGE1SDU2ZWlCNXRiU3NkaWlKT3dLa0Z2ZnBGaEVVdDFyNFpjZjFtM3dPV1FZWmVINzJ3eVZMbXZsQ3JFZFUxeXI?oc=5,"Tue, 09 Dec 2025 08:00:00 GMT",2026-09-03T09:13:13+09:00
GoogleNews:AI　情報検索,AI　情報検索,アサヒビール、生成AIで社内情報整理 検索システム来月導入 - 日刊工業新聞,https://news.google.com/rss/articles/CBMib0FVX3lxTE14ZnRlYmJTZnhkOEtTek11QXZFX1NkZ1NXRlY4YUpDdFBOUnFDUDV3M1ZkSlJxMHpSV1pzZjhIc2x5YTdJVFFfNFRqRzNIemNPdC1rOTJpVENiVTBxVEhRVWtOUU1NREhLSUhSMkJHcw?oc=5,"Tue, 25 Aug 2026 21:11:31 GMT",2026-09-03T09:13:13+09:00
GoogleNews:AI　情報検索,AI　情報検索,AIで情報検索すると従来のウェブ検索に比べて身につく知識が減る可能性がある - GIGAZINE,https://news.google.com/rss/articles/CBMifEFVX3lxTFAyMWtPdmNyS2NWVm54eE9FRHVFU2dzTm9hVUdNaVhySnU1VVBKZ01zb1ZBV1JsRDNfRkJwTmotNUVlZVlydzhHQ0tUMkw0b2oxdkRCS0pYb2JpMTJ5UnFlaWhfZ2dEYVZDcjFoTGFqekVRdnVfM29hSlAzMXY?oc=5,"Sun, 08 Feb 2026 08:00:00 GMT",2026-09-03T09:13:13+09:00
GoogleNews:AI　情報検索,AI　情報検索,医師の調べ物に役立つAI検索ツール、何ができる？ どう使い分ける？ - 日経メディカル,https://news.google.com/rss/articles/CBMif0FVX3lxTE1McnpneGhtSEVyMk9qaDAzSThMbDM5UUNiMVdwZVFaWHAwc2Mzb0hVOWZrelEtODl2UXl0MlQyd0FuSUdWQmJoLWFaeGFOQVVGdzhDQjZIZGktRXJVc05oM1phRDJvdFNWMUs3eUNhaEs0XzVGSkk1R3RSMXI4Ymc?oc=5,"Wed, 11 Mar 2026 07:00:00 GMT",2026-09-03T09:13:13+09:00
GoogleNews:AI　情報検索,AI　情報検索,AI利用経験は43%、活用目的は「情報検索・ニュース把握」「学習・自己啓発」「創作・エンタメ」が上位 - netshop.impress.co.jp,https://news.google.com/rss/articles/CBMiXEFVX3lxTE53bVk0TmhZWUhFeEZGcnhaajdaSDJVcVpqeTJsYUoydTVwQ2hCTjJxR0NRclduQno4ZXNXNjZXZW5GanZOR1NwQVMtTTc5U0pxODA1NllPVWZxa1Nr?oc=5,"Thu, 02 Apr 2026 07:00:00 GMT",2026-09-03T09:13:13+09:00
GoogleNews:AI　情報検索,AI　情報検索,「ググる」は死語になる？何でも生成AIに聞く時代に私たちは“調べる力”を失うのか - 東京報道新聞,https://news.google.com/rss/articles/CBMiU0FVX3lxTE5BZktxcFkwdnNzOHM0ZHdOZ3JuQ0p6QkRvZXNJSkxOb04xbGhzUEtqUXdmTlRVNFMtMVZlNGJqRGlsNEhrbnU2QlpfQXVIQjdab0pF?oc=5,"Sat, 15 Aug 2026 07:00:00 GMT",2026-09-03T09:13:13+09:00
GoogleNews:AI　情報検索,AI　情報検索,"きらやか銀行、行内の情報検索基盤に「Helpfeel」を導入 10,000ページの規程や通達をAIで瞬時に検索・照会可能に - PR TIMES",https://news.google.com/rss/articles/CBMiakFVX3lxTFB1NTQ5QWRPdHNkSGtIWHVVbXdrWjlTR0s2RzBqZjl4VmlFVDFoeV9OVC0ySjNSbF82ZC0wUUVDb1JRalZzLXZHb2NkQjBnWmhBQ2xTNTdqeVpyUGRsUHNuSGNfTXdIWmU4ZEE?oc=5,"Tue, 30 Jun 2026 07:00:00 GMT",2026-09-03T09:13:13+09:00
GoogleNews:AI　情報検索,AI　情報検索,Naver、対話型AI検索「AIタブ」を投入 ChatGPTに対抗 - BigGo ファイナンス,https://news.google.com/rss/articles/CBMiX0FVX3lxTFBxRVdBTVJERm0yVmFrUDNtZ0pZWlR5RWVWYnFnbkhtSDhha3NtdU5lcU5OWmZTUld5eEdYbWNHMm9EYXVaWl9USHdUbF91YW1EcFhHZUc0Y3JVQzlUTm9j?oc=5,"Tue, 28 Apr 2026 07:03:06 GMT",2026-09-03T09:13:13+09:00
GoogleNews:AI　情報検索,AI　情報検索,生成AI利用者の44%が、検索エンジンの利用が「減った」。購買意欲の高い検索はECモール、情報検索はAIへと分散の傾向【検索行動調査】（ネットショップ担当者フォーラム） - Yahoo!ニュース,https://news.google.com/rss/articles/CBMif0FVX3lxTE9IZXo4SmIzYjdpN0c1OEtYbTF1Y1VCYTc2SXZVb0NfNDRkYU82SUw3bEdRUU5jTHRIS3llUllLYXJ6TTNqVHZjSWIxZFdqQnlmSVA4VGlaWk0wVTliTGVJdmxoMS0xeTkyZHJRaTZtOXRNX0E5X29mSldERV93ZGc?oc=5,"Sat, 13 Dec 2025 08:00:00 GMT",2026-09-03T09:13:13+09:00
GoogleNews:AI　情報検索,AI　情報検索,技術情報検索時間を20分の1にする生成AIアプリ、開発の工夫と体制とは？：モノづくり総合版メルマガ 編集後記 - MONOist,https://news.google.com/rss/articles/CBMib0FVX3lxTE81U2hoSlVLQS1GYzIwU20yR1hyVUdncnRidXVTQVd1TXZ1a19YdjVOY2VxaEVCODBGLTJ4bHZLVS1ZdDk5OWwzcE9IQkMtOVhNaHhhZUlDN2VOcGFkNHRrNi12XzdmYzZWMG9MWHNJUQ?oc=5,"Thu, 14 May 2026 07:00:00 GMT",2026-09-03T09:13:13+09:00
GoogleNews:AI　情報検索,AI　情報検索,AIを活用した開示情報活用サービス「J-LENS」シリーズ提供開始 | 日本取引所グループ - jpx.co.jp,https://news.google.com/rss/articles/CBMifEFVX3lxTFBCT3F3czRfZ0dIcGhfb1BmTTgzXzlyYm5JWUk3WklHSVB5MG00WHVhenhuOEFVZGNyWW9IajJtdHNoWUo5RUtYQVVEa1ZyZktsZ1ZFcFE1LTNXdHdxTDNGa1BLbWRqRUQ2OTZCZGZIdmdyNUE5ZWZ5SXJtRno?oc=5,"Mon, 29 Jun 2026 07:00:00 GMT",2026-09-03T09:13:13+09:00
GoogleNews:AI　情報検索,AI　情報検索,ニュース Google、生成型AIを活用しAI検索機能を改善 - ai.watch.impress.co.jp,https://news.google.com/rss/articles/CBMiY0FVX3lxTE40OElXLXc1OHd6M21DNFU1eE1QVUZjRHF5MXp5TjdXZjNGZm04cnFQbWdmTXdtNEhQODFuNUlRVTFmS3VmcjVna3ZzZ1JGdHlsVFBPaFZHUkRVTkxleGNIRjEtcw?oc=5,"Thu, 07 May 2026 07:00:00 GMT",2026-09-03T09:13:13+09:00
GoogleNews:AI　情報検索,AI　情報検索,令和8年熊本地震に伴い、被災者の「お金の困りごと」を情報面から支援 肥後銀行へAIナレッジ検索システム「Helpfeel」無償提供 - PR TIMES,https://news.google.com/rss/articles/CBMiakFVX3lxTE9sNTlVUi0zQWx2dFM5bk01UjlzaUZWRVFwZF9TTnJkajhqUTFXcUVCM1NTREdoMW1wRXlmM0ZOYk5wSUJDbDN5OUlaRDVnZnUwYWhJbGM0U0k4bk1vOTFSZDFid2g4elZEV1E?oc=5,"Tue, 18 Aug 2026 07:00:00 GMT",2026-09-03T09:13:13+09:00
GoogleNews:AI　情報検索,AI　情報検索,Google対Naver「AI検索大戦」…ポータル巨人の生存戦略 - BigGo ファイナンス,https://news.google.com/rss/articles/CBMiX0FVX3lxTFBZbHZSYlZNSmlsOWRZYkVfaG1RUG81NTdSVXdsSkxDX09JbzdES3FWcThQUDFKOXcxemlKTnQ3c2VFdnRMWTBlWXdyUVVHcFJ2c2RuTkpLeXhvRHRBTzdn?oc=5,"Fri, 22 May 2026 07:00:00 GMT",2026-09-03T09:13:13+09:00
GoogleNews:AI　情報検索,AI　情報検索,AIで脱属人化を加速！ 日本ペイントGが技術情報検索時間を20分の1に：マテリアルズインフォマティクス最前線（8）（1/3 ページ） - MONOist,https://news.google.com/rss/articles/CBMib0FVX3lxTE5yUjVhc1haTWREeTllMG5XTEE0TlZOel9VM1V5RWtRSjJrdERaUV9hUlV6Mkl5Qm5aOW9BYktmYVV3RTl4bWFOUW1HMV93ZmJVamNaTkxiMFJoTmw5aGNwN0ZVay1qc25EMF9Tb1Y0bw?oc=5,"Thu, 23 Apr 2026 07:00:00 GMT",2026-09-03T09:13:13+09:00
GoogleNews:AI　情報検索,AI　情報検索,AIを活用した音楽権利情報検索 MIPPIA（ミピア）日本語版を正式リリース - PR TIMES,https://news.google.com/rss/articles/CBMiakFVX3lxTFBxdlJ6eC1kd1ppN2k5UkFDeTNtSExESUZfeENIeEtJTF9lVjNJaTI5NXVyWk1Ba3o4U0lnclhsQ0JPQVR3bjMzRk04dTBVQWlwVFlzanR2NndTb0NUTnExaUFXT1lLUjUwSXc?oc=5,"Tue, 23 Jun 2026 07:00:00 GMT",2026-09-03T09:13:13+09:00
GoogleNews:AI　情報検索,AI　情報検索,AI議事録「Rimo Voice」、蓄積した議事録をチャット形式で横断検索できる「AI検索」機能をリリース - PR TIMES,https://news.google.com/rss/articles/CBMiakFVX3lxTFBQYVVMUGo5NDFZeFh3X2V0SmpxaG5OOUZhODAzQ2xfY3lGNUt6dDlmMDE4UGtKQzdMMHB6LTc0NzJYVEhjYnU2ZjRNYlJKUllvVkZwdGg0S19KVmk5dUgwQkJFTnZKellNUWc?oc=5,"Wed, 27 May 2026 07:00:00 GMT",2026-09-03T09:13:13+09:00
GoogleNews:AI　情報検索,AI　情報検索,DATAFLUCT、自律型AIエージェント「Airlake BI Agent v2」を発表。社内に散在する顧客DBや提案資料を、自然言語で検索・分析・資料化 - PR TIMES,https://news.google.com/rss/articles/CBMiakFVX3lxTE9tdTVKMVZ4Z196QXQ1SXVWOGI0NHFXSlo5VUwzTkx4LVNDN1VoWXN1eEdIaHI0VTR4TnQycXZsZDBaVU90Z0YtQ3dOMUhpbUhMTHZ5YW1PSU5Cb29TZzRZckVPZHR0a3N1TUE?oc=5,"Mon, 06 Jul 2026 07:00:00 GMT",2026-09-03T09:13:13+09:00
GoogleNews:AI　情報検索,AI　情報検索,テスラ、日本でEVに対話型AI「Grok」 走行中の情報検索しやすく - 日本経済新聞,https://news.google.com/rss/articles/CBMibEFVX3lxTE05akFjT0VVMURDSWI1ZmxKQzZaNmNzVDF1OEJnWXo0NXAxXzh0VnZKdDFVblJHRDdvZ25kWlNGRldpNmpRaUpWYVEwYlVKQzhwUEdmZjBUazFMVkFSY2JUNXp5eXJiS3V2T0hCQQ?oc=5,"Fri, 10 Jul 2026 07:00:00 GMT",2026-09-03T09:13:13+09:00
GoogleNews:AI　情報検索,AI　情報検索,鍵は「検索できるPDF」 アドビとPFUが語るAI時代の文書活用 - Impress Watch,https://news.google.com/rss/articles/CBMiZEFVX3lxTE5WUEJ4Zk1nQ2JpSnBpREhjTHpXMlhlR0VhY2lKdnV5T0tLblRVYkREckVEdG0tV1NsV3FoSGpkYTZMN0VkWWkzTEVlU0JfR0k0bGx0N3JaWEtFSkw3N3NJaTNiLXc?oc=5,"Mon, 15 Jun 2026 07:00:00 GMT",2026-09-03T09:13:13+09:00
GoogleNews:AI　情報検索,AI　情報検索,"AnySearch、学生・開発者にAI検索を1日2,000回無料提供 大学生やOSS開発者を支援、世界20万人が利用 - Newscast.jp",https://news.google.com/rss/articles/CBMiR0FVX3lxTE1EaFZxTU5ZM1VhN0ZsMEV0N0VIWHV4SGpybTJIai1YMzlvd3NtSzg0cUNfbVNaWkRkbi15T0U1OFczYUlrbUo4?oc=5,"Mon, 27 Jul 2026 07:00:00 GMT",2026-09-03T09:13:13+09:00
GoogleNews:AI　情報検索,AI　情報検索,2026年中国GEOサービス事業者トップ8徹底評価：AI検索時代のブランドポジショニング戦争、勝者は誰か - BigGo ファイナンス,https://news.google.com/rss/articles/CBMidEFVX3lxTE83aFI3ZzU0MVdaMl9mWmZwSnJLWi1BMkdhVDYzbXRLcng1SS1pUXBPV0hUeURBaXFrVkhSYk56aFBpdUU3c0xPVk1OQ1FjNzltRFhzWU45TjBvZEN2eEpha0l3UVVSMTI2bG9LcU91NlEydzZW?oc=5,"Thu, 25 Jun 2026 07:00:00 GMT",2026-09-03T09:13:13+09:00
GoogleNews:AI　情報検索,AI　情報検索,住宅分野の消費者の生成AIを使ったWebでの情報検索行動の実態を可視化、業界初「生成AI対策/LLMO弱点あぶり出し調査」サービス開始、生成AI時代のWebマーケティング戦略を立案（ニュースリリース） | 大和ハウス工業株式会社のプレスリリース - PR TIMES,https://news.google.com/rss/articles/CBMiakFVX3lxTFA0V0Nqc1ItcEtfcnF6QUV6Q2FYX0pLcFBYTVVId3VWeXBmMUNWVFgtVGhCOWJmbHU4Y0F5V3Q1NzRBSVNVR1MtaWZvRGpzdmxlbFBOdFJvMjFqODZ2WXFMNXVGRjNUSU9wNUE?oc=5,"Wed, 14 Jan 2026 08:00:00 GMT",2026-09-03T09:13:13+09:00
GoogleNews:AI　情報検索,AI　情報検索,寄稿：生成 AI で“探せなかった開示情報”を見つけ出す 〜 JPX の AI 開示情報検索サービス J-LENS〜 | Amazon Web Services - Amazon Web Services,https://news.google.com/rss/articles/CBMigAFBVV95cUxNWHBnVllEWS05X1NveGdhbEN2M3h1b1poeFhiTlZJZGxFWE85R1JZWkNxUXVBcW5HbUVud0tTRkVka0JvV2FacWpQUjNYbXJVc194NlByRWpDQVVSa01rOUkydWRNNVBJb2RWX05RWmtHcWNfTURLSjJiTUpELVB0cA?oc=5,"Tue, 26 May 2026 07:00:00 GMT",2026-09-03T09:13:13+09:00
GoogleNews:AI　情報検索,AI　情報検索,Google、AI検索に「優先ソース」機能追加 信頼できる情報を見つけやすく - ケータイ Watch,https://news.google.com/rss/articles/CBMiZ0FVX3lxTFBJajVGVkVjaDgzXy1mbXVybkdMMUZHdnU5eGdBMXpwY2tsWHhZS3BVa0FVRWFQbmtvRDMtOTJmYjR5NjdSOUR5TGhtazhWOW9xOWkxUnlFdk0xQm5HcHVwY2xESkluNGs?oc=5,"Thu, 28 May 2026 07:00:00 GMT",2026-09-03T09:13:13+09:00
GoogleNews:AI　情報検索,AI　情報検索,AI利用経験は43%、活用目的は「情報検索・ニュース把握」「学習・自己啓発」「創作・エンタメ」が上位 - Yahoo!ニュース,https://news.google.com/rss/articles/CBMif0FVX3lxTE1qNlo0R2d6QnF4Qk1YbnFwakZ2MFFNR0NuZFJjS1VrMEhOM2RVcm0yUkgxb0hkejZzX0Y1NUNObHozRjN0TkQzVmxFX1JXQ2x3YVd0cmJzWVlOaDBJZjJNQkRYQXRiUE1CTndnWS0tSm12U1huMk94T2ZxSHNaUU0?oc=5,"Sun, 26 Apr 2026 07:00:00 GMT",2026-09-03T09:13:13+09:00
GoogleNews:AI　情報検索,AI　情報検索,ゼロクリックで完結する情報検索 - dir.co.jp,https://news.google.com/rss/articles/CBMif0FVX3lxTE1qTFBnZUQtdmZMUXZqQThtS2s5OE51OERGd1Q4cDNEM3pWVnBFSG5DTDhQcWhHMXRyX2hxalJnTDFXbGpXdUxEWGhQUlRzYTZtM1ZYM1dHMHlXQUdnNV9XNDEwVU84dFVFcWRwSDNCcHR5M25QR0lHa1J6dnRJTFk?oc=5,"Fri, 10 Oct 2025 07:00:00 GMT",2026-09-03T09:13:13+09:00
GoogleNews:AI　情報検索,AI　情報検索,AI利用経験は43%、活用目的は「情報検索・ニュース把握」「学習・自己啓発」「創作・エンタメ」が上位 - Yahoo!ニュース,https://news.google.com/rss/articles/CBMijgFBVV95cUxQRDFFVG9taUZjZFpiTS1fMVgzRHVLNmN3MGRXQktEMl9qbXdqZGpTUnVuNkw3VkJ6bkpXNmF2SmNFOTE5YXlaeTdWTUJlbUdVODFDaHI3Qk9jeE1mRWsxNEtwbXRwMk04aC0zTTBiSmpvMEFYUXNSZ0pSZnB0dVdFSDFPcE15aDdUWW9falBB?oc=5,"Thu, 02 Apr 2026 07:00:00 GMT",2026-09-03T09:13:13+09:00
GoogleNews:AI　情報検索,AI　情報検索,グーグルのAI検索機能に誤情報のリスク--英紙が医療情報の正確性を検証 - ZDNET Japan,https://news.google.com/rss/articles/CBMiU0FVX3lxTE53VUJVa2w5d09CZnhxektJOTdEeU9ja01KUmZuQnd5aXRHVjdHaGJNMzZ1b0VkQ3VFX1BUSnlKTE42WTMzcEd3QTdpR3dhRGRfQ3ZJ?oc=5,"Wed, 07 Jan 2026 08:00:00 GMT",2026-09-03T09:13:13+09:00
GoogleNews:AI　情報検索,AI　情報検索,モノづくり専門メディアMONOistに生成AIを活用した技術情報検索システムに関する記事が掲載されました - nipponpaint-holdings.com,https://news.google.com/rss/articles/CBMic0FVX3lxTE1WV3lYZVMwMng2VkVSYU1HRUlqWVNqOUZHTVVWcTM2RGJ2RVFWMnhCZVg5YmgtQ05tWldIeUR0UjdnTzk5MTBjYTNnZHpNQWJyMmZfNTlaOGo2OHlWZ2lBMldzdS0wM2ltell2TEFac0FHdE0?oc=5,"Thu, 23 Apr 2026 07:00:00 GMT",2026-09-03T09:13:13+09:00
GoogleNews:AI　情報検索,AI　情報検索,利用するSNSの上位は「LINE」「YouTube」「Instagram」。情報検索は検索エンジンが8割超、生成AIに質問が約29%に急上昇 - netshop.impress.co.jp,https://news.google.com/rss/articles/CBMiXEFVX3lxTE04QXVhcVBWNEdNbGo0T3U5SFhzcDhsM1hWeVdZOXZ0WGluRHZwUVRiV2QzNmROeDdvMlRhTmJKeGxraXlxLV9fVVJrY1JtUjVyVWp6QlBXdFdzbWcz?oc=5,"Tue, 23 Dec 2025 08:00:00 GMT",2026-09-03T09:13:13+09:00
GoogleNews:AI　情報検索,AI　情報検索,市場調査の「検索・整理・深掘り」をAIで効率化 - 宮崎日日新聞,https://news.google.com/rss/articles/CBMicEFVX3lxTE03ZWRPcG5zdlhvVUZrbXo4SmFMakFrbXRYZWpNOVNuQXBHWDg3bEc0OG1ZaEdKWG9tM3NvNFBVZlJaSVI0OEVFbkFNaU51M21hRHo4SkFTOXF3R0dnRERNcV9oNFFhZC02R1FoMkctNHQ?oc=5,"Fri, 07 Aug 2026 07:00:00 GMT",2026-09-03T09:13:13+09:00
GoogleNews:AI　情報検索,AI　情報検索,仮想統合データベース「Con:tegration®」に生成AIで文書管理業務の分類や検索を支援する新機能を追加 - holdings.toppan.com,https://news.google.com/rss/articles/CBMieEFVX3lxTE8ycEFrLTRJWWk3VThJZ25fRnVSdTQ3LUdhMi0wcktZdGN3Y2swcGFYYXhSR3Fydy04VGlnUEUzQmFRT2xJcmFYZkpVUkFtRllkaTJoNmpnTjNDenVoa3MyWVFjQ2g0bTVrVERtdHVGYnRSclNSUlMxSw?oc=5,"Tue, 24 Mar 2026 07:00:00 GMT",2026-09-03T09:13:13+09:00
GoogleNews:AI　情報検索,AI　情報検索,Google検索「AIモード」に個人情報を入力しないで――立教大など、学内に注意喚起 - ITmedia,https://news.google.com/rss/articles/CBMiakFVX3lxTE85RFB2a25hWjBEcXE3TTZ4YXo2cjZ1VV9KTjVqMDFNR3ZSYWpyTUxJYU5ObHdDUmt3MEVwVFBhX3dwNHAyTFJ2MkRUTkdSYzVWTWVqNERnemtIZ055aWpKRkJ1MkNHVU9YT2c?oc=5,"Mon, 20 Apr 2026 07:00:00 GMT",2026-09-03T09:13:13+09:00
GoogleNews:AI　情報検索,AI　情報検索,エンタープライズサーチ QuickSolution® が検索エージェントを搭載 ～ AIエージェントが社内情報を検索して回答、情報探しの負担を大幅削減 ～ | 住友電工情報システム株式会社 - Digital PR Platform,https://news.google.com/rss/articles/CBMiQ0FVX3lxTE9oYThTMF9TbS01S19vRFdUaGN4TElNUDljV0EwM3pQSHVPM01PdFJPN005SXRCeHlrSFJIZFhIVUUzaFU?oc=5,"Tue, 07 Apr 2026 04:30:28 GMT",2026-09-03T09:13:13+09:00
GoogleNews:AI　情報検索,AI　情報検索,ChatGPT Atlas入門、OpenAIの「AIブラウザ」は検索体験をどう変えるのか | Moz - SEOとインバウンドマーケティングの実践情報 - Web担当者Forum,https://news.google.com/rss/articles/CBMiW0FVX3lxTE5YYU5vUXM3SHNUenh0eXZwTEE0RUVJMUZOb0VieFk4WVFlNFM5Vk1wZU53U09leTRPWm9pZndhaTRXMGViMUI5Rm5uUzZLWDZwaXFXbHNnZFI4dUk?oc=5,"Mon, 18 May 2026 07:00:00 GMT",2026-09-03T09:13:13+09:00
GoogleNews:AI　情報検索,AI　情報検索,市場調査の「検索・整理・深掘り」をAIで効率化 写真1枚 国際ニュース - AFPBB News,https://news.google.com/rss/articles/CBMiUkFVX3lxTFBmand5NTE2RUVOMXRwUjUtOXg2Mm1iNENsQVZCaVZEdUFQaTJrXzN6S2dxSlg4aHRiLTBmTXQxWVVtRlk4dl9hcWwxOERRWDZvd1E?oc=5,"Fri, 07 Aug 2026 07:00:00 GMT",2026-09-03T09:13:13+09:00
GoogleNews:AI　情報検索,AI　情報検索,【調査結果】生成AI利用者の44%が「検索離れ」、半数がAI回答のみで情報取得 - シードの検索行動実態調査 - コマースピック,https://news.google.com/rss/articles/CBMiVkFVX3lxTFB4cENVVE9KOVBVaDZ2OTNFWE5NNjRpUkVuWWFWSWtDeFJnMURvTUN3NHhrRElDN2JMOGtEbFNMcVY5VEN3eEYwTWtlbzV0THFzZWRnbjRn?oc=5,"Tue, 09 Dec 2025 08:00:00 GMT",2026-09-03T09:13:13+09:00
GoogleNews:AI　情報検索,AI　情報検索,生成AI、情報検索で圧倒的存在感 前年比20ポイント急上昇 JTB総研調べ - 観光経済新聞,https://news.google.com/rss/articles/CBMiVEFVX3lxTE90bHdPNUl2Rm80aUhNZUpHeF9jZnFYdi05QzlvVTZmSGhSaFdQZkxGb290OXJzdmFNU045UzBkUlRsV05FVXBkUUlSM1J5Vi1JVE42QQ?oc=5,"Tue, 30 Dec 2025 08:00:00 GMT",2026-09-03T09:13:13+09:00
GoogleNews:AI　情報検索,AI　情報検索,Z世代、AI検索で有効回答なしの場合75%がGoogle検索に切り替え。情報の補填は「企業の公式ホームページを見る」が最多 - netshop.impress.co.jp,https://news.google.com/rss/articles/CBMiUkFVX3lxTFBQUGxmTHVuQ3daMUtNenBXeElFNHhZbm1pREhWUUY0UHliVjVOaXlDRzFTWl9PRXlqa0Z3aU9TNjN1TkJCcmtvUm9HU1FTODNhVVE?oc=5,"Wed, 19 Nov 2025 08:00:00 GMT",2026-09-03T09:13:13+09:00
GoogleNews:AI　情報検索,AI　情報検索,ひふみ株式会社、JPX総研のAI開示情報検索サービス「J-LENS」（β版）に生成AIによる高度な技術支援を提供 - PR TIMES,https://news.google.com/rss/articles/CBMiakFVX3lxTE5zNDFlVkExM2EydnB5bGxFVENJY0Y1Yk5sUGJCNEt3VWY0ZzlyNkZXYm9GYXJwTEFZQlJ2akluM2laMWo2Z2Z3VTY2TkltUnJsN0p3T2doS3ZobkVXVEVMYlIzblpvYlpUSWc?oc=5,"Wed, 10 Dec 2025 08:00:00 GMT",2026-09-03T09:13:13+09:00
GoogleNews:AI　情報検索,AI　情報検索,RAG（検索拡張生成）にまつわる「あるある」の沼から抜け出すための３つのチューニングポイント：現場のRAG活用術第1回 - ブレインパッド,https://news.google.com/rss/articles/CBMibEFVX3lxTE5zSzJmMDVQZXk2NWhRMXVaZFRiLVhJN3p2Y2pMTDhTcFVrbGN6bHliQVNTUDNwUzdWckpCdmcwSmotV21rallYNnRNaGNKR3ZmbTBnMkpMUTF1X1VYaUxJSFBWOGlnU3djNkd1Uw?oc=5,"Tue, 06 Jan 2026 08:00:00 GMT",2026-09-03T09:13:13+09:00
GoogleNews:AI　情報検索,AI　情報検索,【「AI検索最適化」対策方法を探る】ベースは従来のSEO、「一次情報拡充」が必須＜対策チェックリスト付＞ - 日本ネット経済新聞,https://news.google.com/rss/articles/CBMiVkFVX3lxTE1laTR3UFplcHlxelRoR0p4WmVmT0FpY1ZwLTh0MXVSSnFtWU16U2oxdkNYY2tNelA0NllzVUljaWpTY01DVVBRcHowUkhpVXNTZEFkZ0dB?oc=5,"Mon, 29 Sep 2025 23:05:41 GMT",2026-09-03T09:13:13+09:00
GoogleNews:AI　情報検索,AI　情報検索,三菱UFJ信託銀行、営業店における情報検索に生成AIアシスタントを本格導入 - デジタルクロス,https://news.google.com/rss/articles/CBMiY0FVX3lxTFA2TDdtUmxvVVlKMGZ2aEViYzA2VHIwUXg3ZzBCZE0zQldWWmxxRUNGc1JqRHJEZFRaQXl0MkdNSWwtdWVOVzVwMlg3M2RUaE90M240VG50SFNpY1U4MVRjRE5mWQ?oc=5,"Mon, 22 Sep 2025 07:00:00 GMT",2026-09-03T09:13:13+09:00
GoogleNews:AI　情報検索,AI　情報検索,Google検索結果からAIの応答を削除する方法 - Vietnam.vn,https://news.google.com/rss/articles/CBMiiwFBVV95cUxQcTdrRzZCSEt0dER2M2lmNFpOUEV3WFZudWp0NkljOC1RSDluUmhIa0dxa0d0dTdiQ2pRdE9Sck5JQlZlNlFHYjBZdHVhUVhXTGEwMHlDYzh0S1JnUVBXY3pwMkpzRjUyY3dNQUJ4Vk51WU9keUNpMU93YmNmSGxLOEZZNmNrZE5EYnJv?oc=5,"Thu, 28 May 2026 07:00:00 GMT",2026-09-03T09:13:13+09:00
GoogleNews:AI　情報検索,AI　情報検索,【イベントレポート】WeWork が生んだオープンイノベーション ＪＰＸ総研 AI企業情報検索サービス「J-LENS」リリース発表会を開催 - Digital PR Platform,https://news.google.com/rss/articles/CBMiQ0FVX3lxTE9qM3dhRFIxYkc2NUJSSlU5amkzekx5RXpUdnowTUpsQVFaZHJNeTNiNzVJeWVyQXc0aDdYMVlQMWdvaTA?oc=5,"Fri, 09 Jan 2026 08:00:00 GMT",2026-09-03T09:13:13+09:00
GoogleNews:AI　情報検索,AI　情報検索,メック株式会社の事例：Amazon Bedrock AgentCore で研究業務を効率化 – AI エージェントによる情報検索と更新の自動化 - Amazon Web Services,https://news.google.com/rss/articles/CBMiYkFVX3lxTE9iYWJsaWRzTGtGX05HOXJKOFpZUVVVcXJMcGlyN1o5ZzEtZjRlczdOQ255YlUwREhxajNLWGNSaXBDbTIxRXFhd1Z1dkJCbDlZNlBwN2NFMU9YWnQ5YUJ1dHdB?oc=5,"Thu, 19 Feb 2026 08:00:00 GMT",2026-09-03T09:13:13+09:00
GoogleNews:AI　情報検索,AI　情報検索,Perplexity、AI特許検索エージェント「Perplexity Patents」を発表──自然言語で特許・技術情報を横断検索 - Ledge.ai,https://news.google.com/rss/articles/CBMic0FVX3lxTFBMeEotZXduNFVhMXhQb0pUTFFHaWI4d0xFQ2V4elM4OUM5X2FhZS16ODR5RXZnS0dBVjFKeFVmOVVKZTVuUDZRanVGQUNENE9aeTl2YVZkaGJ5NTczQk8tTXpQWnBNMzdlY1d5LWtiZG5YZzA?oc=5,"Thu, 30 Oct 2025 07:00:00 GMT",2026-09-03T09:13:13+09:00
GoogleNews:AI　情報検索,AI　情報検索,KDDI、閉域網内で情報検索と回答を生成するAIサービスを開始 - ZDNET Japan,https://news.google.com/rss/articles/CBMiU0FVX3lxTE9mZ2d0NjdTajlGbVprbDJxYlNyc05ZRmFzb1RSN1JZN3pmZWNtSXp4U0lEZXJvLWYwWDhGUk8wQ3lwSVh6cGNmNmZXbXpkdWk4dHZn?oc=5,"Wed, 17 Sep 2025 07:00:00 GMT",2026-09-03T09:13:13+09:00
GoogleNews:AI　情報検索,AI　情報検索,【イベントレポート】WeWork が生んだオープンイノベーション ＪＰＸ総研 AI企業情報検索サービス「J-LENS」リリース発表会を開催 - 沖縄タイムス社,https://news.google.com/rss/articles/CBMiXkFVX3lxTFBhazF6NzRjV1BmUzItWEQ3QnVwR2Y3THdhdHZKV2NoWGlOQ2hBd05BMC1IQlNlSGZZTkdqU2tCOFZNR1JadVI5Z3Jwc0J3Z2lYLVpNUjBQTUZsVkZFcWc?oc=5,"Fri, 09 Jan 2026 08:00:00 GMT",2026-09-03T09:13:13+09:00
GoogleNews:AI　情報検索,AI　情報検索,住友電工情報システムのQuickSolution®、MCPによるAIエージェントの情報検索拡張 - ニュースメディアVOIX,https://news.google.com/rss/articles/CBMia0FVX3lxTE1nVHZtNUJCZVg1eXVJMzhhQzV3Y2J2TUgwYjdNZFg3OHA2ZWwyQ0N1Z3BCdnB2YXpTUWJyWGgxQV9OTU5TSnF0UnY5dzF6UXlteW5rSHMwLWJyQmZqTVF1bXlSR0dTX2t4b3R3?oc=5,"Tue, 07 Jul 2026 07:00:00 GMT",2026-09-03T09:13:13+09:00
GoogleNews:AI　情報検索,AI　情報検索,生成AIによる高精度な情報検索と回答で、職員の自己解決を支援。 - ジチタイワークスWEB,https://news.google.com/rss/articles/CBMiTEFVX3lxTE5YOU9mYzNMUzBJYmR1NTYtNy1lcFdHd21wVnJkUGtYd3J1cVU5WWVzNEVhNjdpLUtRWV9KRWN3eUFLeURVZ2JxX0ltMmk?oc=5,"Mon, 16 Jun 2025 07:00:00 GMT",2026-09-03T09:13:13+09:00
GoogleNews:AI　情報検索,AI　情報検索,Wikipedia 検索サイトのAI概要の影響で８%の流入を失っている（10/29） - LALALA USA,https://news.google.com/rss/articles/CBMiTEFVX3lxTE9SUHNiYXJJWHhVMlFGZHZId25ZVXRCMEpKNWNKb3hmaDJYYTI1UllvZ2Q0dnNiYUkwSGZ3Mk1PdTVwQjkyeDZId0k4bTg?oc=5,"Wed, 29 Oct 2025 07:00:00 GMT",2026-09-03T09:13:13+09:00
GoogleNews:AI　情報検索,AI　情報検索,Wikipedia、検索サイトのAI概要などの影響で「8％もの流入を失っている」と述べる - Gadget Gate,https://news.google.com/rss/articles/CBMiUkFVX3lxTE5wZzN0ekcxdzJ4SjFEdHkwMTJ5bDBrTHM4VThYT1hFb2dJeE54NHRBN0d3cHlsMmNHZjRGOXd1bmhONGFqV21LdTl5R2J0TzNLeEE?oc=5,"Mon, 20 Oct 2025 07:00:00 GMT",2026-09-03T09:13:13+09:00
GoogleNews:AI　情報検索,AI　情報検索,ChatGPTを「情報検索」に使うだけの人は仕事ができない。では、優秀な人の“賢い使い方”とは？ - ダイヤモンド・オンライン,https://news.google.com/rss/articles/CBMiTEFVX3lxTE1VQUxlaWZyX3Z6NUhvRENOaDloa0UzVzd5LWhZd0xDOWwybUc3RXRUNXFNUFFKekdYTGZral9QdDd0dGZQY0pkMUtuYlbSAU9BVV95cUxOZnoyYjE2YzlKYVRuWUFwb0xKODJ0VU4tUG11eDVIdE5NSG1hcDA2bTFOX1RqT3JSbnlBZG1mOVJrd2JlSkotOGFqYWJTQVZz?oc=5,"Mon, 01 Sep 2025 07:00:00 GMT",2026-09-03T09:13:13+09:00
GoogleNews:AI　情報検索,AI　情報検索,資生堂ジャパン、店頭活動の効率化とお客さま満足向上を目指し、生成AI活用した独自のチャットボットを導入 ～パーソナルビューティーパートナーの情報検索端末を進化～ | 株式会社資生堂のプレスリリース - PR TIMES,https://news.google.com/rss/articles/CBMiakFVX3lxTE1RUHRPMndVQW9TUlpxUk92clhkTlJPOHdIUl9mcWNxUmp6VEo1T2ktMXhxWkVudzg1OGtBMTVIdGhsSTlQVUhaVG9GN0pkcWI1NWpuVjRDWEtRVGxGNEw3OEdyQ0otOUd2T0E?oc=5,"Mon, 29 Sep 2025 07:00:00 GMT",2026-09-03T09:13:13+09:00
GoogleNews:AI　情報検索,AI　情報検索,資生堂、接客用タブレットで生成AIチャットボットを活用、自然言語で商品情報を検索 - it.impress.co.jp,https://news.google.com/rss/articles/CBMiU0FVX3lxTE8zQVV3RmpYb2xiMEdIdDNtYmdiVGVXUV9Ra1VZWS0wWFU4Z2hYWlVWeFo3N3U5ODNFYmRIRmtWRHhhLUk3LVkyVEd2TWZRR1FhQ1Z3?oc=5,"Mon, 29 Sep 2025 07:00:00 GMT",2026-09-03T09:13:13+09:00
GoogleNews:AI　情報検索,AI　情報検索,セキュアな環境でAIを活用した迅速な社内文書検索を実現する「KDDI Conata Data Agent」を提供開始 - PR TIMES,https://news.google.com/rss/articles/CBMiakFVX3lxTFA3bUQwUnlMV0NtN0p4UFJ5Tm80aFBrX1RhcTU3VUlOQ2pOU094T0J5U0VtVWdTRFJMWExMczZpVjRkU3lxRl83eGhHNzJFZUNkZ1F5ZDMxUXZtRXdpZHpqU3loVnZBMmJ4TWc?oc=5,"Wed, 17 Sep 2025 07:00:00 GMT",2026-09-03T09:13:13+09:00
GoogleNews:SNS　買い物,SNS　買い物,Z世代の買い物の起点、SNS4媒体の合計45.2%が検索エンジン33.6%を逆転。「#PRがつくと参考にしない」はわずか13.2%【TaTap SNS調査】 | 株式会社TaTapのプレスリリース - PR TIMES,https://news.google.com/rss/articles/CBMiakFVX3lxTE5nNWJ1VWxxWkRrSTZWV0stRjFiSl9ObnE4SDlhUFJFaUFWMlcwYUg1Zm9fYXQwcElGSEZycHZ5TjdwSDV6SklFU0VpWHJ3NFQ1QUhkRGlFLWYtTHp2OEFqa1BzVl81MldOZ1E?oc=5,"Tue, 18 Aug 2026 07:00:00 GMT",2026-09-03T09:13:15+09:00
GoogleNews:SNS　買い物,SNS　買い物,「deleteC大作戦2026 inサミット」～サミットでのお買い物で、がんを治せる病気に！～ - ニコニコニュース,https://news.google.com/rss/articles/CBMie0FVX3lxTE9NbHlxZS1iR20yQjliRHRBbWJrU1lPcUVaSUlxalMtLWhLRk5IREJrdGJsMDNTeC1NWnRWZmhqY2JzUXFGNWs2UWYxVF93elNHeG1lTDNLazlCOW55SVR2ZTVteWticFVCVzlnaW9sSHVpeDRzc2ZlM05vZw?oc=5,"Tue, 01 Sep 2026 08:30:25 GMT",2026-09-03T09:13:15+09:00
GoogleNews:SNS　買い物,SNS　買い物,Z世代の買い物の起点、検索エンジンからSNSへ 「#PRがつくと参考にしない」は13.2%とどまる - AMP[アンプ],https://news.google.com/rss/articles/CBMiVkFVX3lxTE5uUEV5dGkzMzVJdVA4SHdhN3V3LXl1aUN6Z09CT2k2OU4xRVQ1RkdNYjU3VHJWZW9sWGFtSDNCckJ4aHR2SXpzLXh6ejV5eEluZjVWbEdn?oc=5,"Tue, 18 Aug 2026 06:27:45 GMT",2026-09-03T09:13:15+09:00
GoogleNews:SNS　買い物,SNS　買い物,人生最大の買い物なのに……なぜSNSで中古マンションを買う人が増えているのか (ITmedia ビジネスオンライン) - newspicks.com,https://news.google.com/rss/articles/CBMijwFBVV95cUxOWlc4c1BmZ2FwbFVKUktUeXRBdnlqQ2dBeTNTOWJIbElOY1JjUXNiaDYyaU1ZNEtqQTFWNzRWTUVwQmVfckNpaFNWeWRZcVZYNHVyNEhfMC1lcnNXUDlhSXloamE3dzluMEVrOGNLMldLbEM1d0YtSWZiRXk4R0F6dGE5Q2d1bzJVY3Z2VTlxMA?oc=5,"Wed, 22 Jul 2026 07:00:00 GMT",2026-09-03T09:13:15+09:00
GoogleNews:SNS　買い物,SNS　買い物,Yahoo!ショッピング、SNSを通じて誰でも気軽に始められる「Yahoo!ショッピングアフィリエイト」の提供を開始 - lycorp.co.jp,https://news.google.com/rss/articles/CBMiXEFVX3lxTFBkQWZKZVBxdjd6VkpOdGFRZzZqWk1jSG1HV0dMSDRQUTVQX2hIQXpMQlk5MU1CN2dfQUtpSnRnejhFX1FKU3FxbjBVTGQyd0lfekZVaVo4emIwUDJM?oc=5,"Mon, 26 Jan 2026 08:00:00 GMT",2026-09-03T09:13:15+09:00
GoogleNews:SNS　買い物,SNS　買い物,人生最大の買い物なのに……なぜSNSで中古マンションを買う人が増えているのか - ｄメニューニュース,https://news.google.com/rss/articles/CBMioAFBVV95cUxPSVhMTmpuMWhsbXFiOE5Wdjg4V0ZfTko2SVpjOFRyS0FxWldqXzI5OTEyRnlzQ3FrZWJXZl9KUzFTN090anNIekZSeDRVQW9CWlFmYk9Bbl90VTBTeFhLM3VFTDBCVzlMQ1hJdnl1UWhjOWx1ai0yMWprVlo1MlVpM0V6UGpzZEVhNzlNMXJJLWlKXy14ZUc2WDJrMDN3RDl00gGcAUFVX3lxTE9xMDV6UEl2bV85R0VsaVhURzBjMWRWdTdWUGtYS0tvbDc2aWFyT01VODN4U2tES0diaVItRGpKdkxxZjlzUGJ3dkRZVU1ZV2djQkJVZHlkMllPWVRFbTZQUUpTa0dqN0l5c1VoX3lJcEFnYkdqUVhyd1o2UHdTMXZrU2xDR1dFUW9id3UwdTJYWEJiN0lieU9ZS1pGSQ?oc=5,"Thu, 23 Jul 2026 07:00:00 GMT",2026-09-03T09:13:15+09:00
GoogleNews:SNS　買い物,SNS　買い物,ヴィレヴァンSNSフォローでお得にお買い物しちゃぉぅぜ！！ - ヴィレッジヴァンガード,https://news.google.com/rss/articles/CBMiWEFVX3lxTFBjTV9uUnpBakZtODY0UDRYSHZUODRpTi05bzJob0ltR196V3lMMnQ4cWp4dXRmekRMNmJTbVlxY3dnVHBWVl9OUFVrb0lXdUp3NUhHeG5RSXk?oc=5,"Thu, 25 Dec 2025 17:34:07 GMT",2026-09-03T09:13:15+09:00
GoogleNews:SNS　買い物,SNS　買い物,7人家族・辻希美、コストコで“爆買い” 買い物シーンにSNS「気持ちいい！」「どんどんカゴに入ってく」 - オリコンニュース,https://news.google.com/rss/articles/CBMiT0FVX3lxTE1qYWp2blp0bUw0YTVSWTNaMzVvU0UxNGhtdGtISGo2eVFBRkFfaEsxR01Oajdqbm9SaFh2TW5IS3hxbVIzOFNFd2pZSVVic2s?oc=5,"Tue, 19 May 2026 07:00:00 GMT",2026-09-03T09:13:15+09:00
GoogleNews:SNS　買い物,SNS　買い物,ブラックフライデーが映し出す「デジタル社会での買い物」― SNSとAIが変える消費行動の構造（佐藤仁） - エキスパート - Yahoo!ニュース,https://news.google.com/rss/articles/CBMiiAFBVV95cUxOMkh0RWl6RkdMM2wtNENlRzgtMlZhbUJpSFlHQ0JUODNJd1ZPYm4wRm5PN0VqbnZUSUhWekxyY0ZRSWc0cmpaQUh3SmwwUlZic0pDc2ZDekhHMngzdXFjZE5zR2wwMVlYeFIyUTR0T2tRX1E4Zk1VSU1jd0lHclpNYWJlZi1HTEZD?oc=5,"Sun, 30 Nov 2025 08:00:00 GMT",2026-09-03T09:13:15+09:00
GoogleNews:SNS　買い物,SNS　買い物,Yahoo!ショッピング、アフィリエイトサービス提供 SNSで誰でも手軽に報酬獲得できる - 日本ネット経済新聞,https://news.google.com/rss/articles/CBMiVkFVX3lxTE1rNE5NTEwzUkdiZ1NuemtwSUhuUzRBYTBuY3dtZmRGSlU3Y3BTbTZoNUc4clItN0Q4dDhfUjlYQ3U5Q3Jmam1vOFpybm5UMHM1UC1lR3Vn?oc=5,"Tue, 27 Jan 2026 04:02:22 GMT",2026-09-03T09:13:15+09:00
GoogleNews:SNS　買い物,SNS　買い物,約4割が「SNS」で見かけた商品の購入経験あり インフルエンサーの紹介で… - Sirabee,https://news.google.com/rss/articles/CBMiVkFVX3lxTE5rYW9QVE5IX3kxSlZ6UDFlbl9pV0ZWd2x6Ni12dmJtN1Fvc21INVNVU2V2UUs4WEZtX0wwYlNrSXlhM1dBS3ZIRkVWLWtQZERheGNDOHVB?oc=5,"Sun, 19 Oct 2025 07:00:00 GMT",2026-09-03T09:13:15+09:00
GoogleNews:SNS　買い物,SNS　買い物,Faker「間違えて買いました」―“なにか深い意味が？”とSNSで話題を呼んだ「謎の買い物」、ミスだったことを正直に告白【LCK】 - FISTBUMP,https://news.google.com/rss/articles/CBMiY0FVX3lxTFBZbldKRWpfT0x3NUNsZU1xQkl4Wm1YQmdKUjgxbU9FSzJpRF9ZN2pLNFE0Q00xYWxtZjJUbUpBM2ZHSkQ4cU5iLUlybERkUXZVenlZSjZDckFMMTZOejVXR3hzUQ?oc=5,"Mon, 02 Feb 2026 08:00:00 GMT",2026-09-03T09:13:15+09:00
GoogleNews:SNS　買い物,SNS　買い物,黒柳徹子 ハワイで買い物をする様子にファン「パワフルすぎる！」「いつもアクティブ！」「わっか～い！」 - ABEMA,https://news.google.com/rss/articles/CBMiXEFVX3lxTE5GM3dGWWpiT2xwNllHZW5TZDdnUTE3Zl95RUZ3V2cxN3pBY2IyWnVIYkFzMTBJNHBYMHZmYkZOQTg2VzduM1B4UlFmMmtvNG40NTZaYkxIV3BHb0xE?oc=5,"Sat, 06 Dec 2025 08:00:00 GMT",2026-09-03T09:13:15+09:00
GoogleNews:SNS　買い物,SNS　買い物,物価高×情報過多で、子育て世帯の買い物は「二段構え」に。SNSで絞り、リアルで決める新しい購買行動。体験後、約9割が購 - ニコニコニュース,https://news.google.com/rss/articles/CBMiaEFVX3lxTE5FRlhyaVY4TWpPOXJBR0RodmdiUXh4dldiNGtZV1ljLTM0VDV3LUJCQW5ORk1mSG1uVDYzMzNURUxZWHNvMFBHY2NZUzMwazNKODJxSEgzUmxkZjVsTkFDQVc4dVYzZUpF?oc=5,"Thu, 20 Aug 2026 07:00:00 GMT",2026-09-03T09:13:15+09:00
GoogleNews:SNS　買い物,SNS　買い物,ヘブンに買い物を頼まれたトキ、その奮闘にＳＮＳ爆笑「完全にモノボケ」 - lmaga.jp,https://news.google.com/rss/articles/CBMiU0FVX3lxTE5lRktjYlVsYUJhRDBMTUVrQXUtelFuNEdZWGJ4ZzVscUVqbTdhM1k0eHhEZENoWkx6R3JnWVFvN3hDLVhVVmN5MmVhYzNZbVgyZWNz?oc=5,"Mon, 17 Nov 2025 08:00:00 GMT",2026-09-03T09:13:15+09:00
GoogleNews:SNS　買い物,SNS　買い物,LINEヤフー、「Yahoo!ショッピングアフィリエイト」を刷新。SNS経由の集客・取扱高拡大を促進（ネットショップ担当者フォーラム） - Yahoo!ニュース,https://news.google.com/rss/articles/CBMif0FVX3lxTFByZnlRM0hvTE1zRFNVSEt5bnhSR01haDQ2RWNPdmYxdkljZUVvekZZSUNjVTRiRXJteHdPRGtvXzlOdF9tdmc1Z2RiOEJodnFTUWpwcDlHekFJZDhlU0FPQ2N1WHVveENkaV9LaDluX2hOczZoNHpBSmk2UFZUUUE?oc=5,"Wed, 28 Jan 2026 08:00:00 GMT",2026-09-03T09:13:15+09:00
GoogleNews:SNS　買い物,SNS　買い物,Z世代は選ばない 買い物はSNSの「お薦め」 - 日本経済新聞,https://news.google.com/rss/articles/CBMibEFVX3lxTFBWdm9tWXhCemtzNkZGb040RHhialZPZHo1bTFZU0pnZnkxb1d2YWFiUmMtWUhCMHNibW83MnNMaG83d3J6YXN2Vk9ibnZYcFRERmtaNnF4Q3hZVDkxcXk4UTlQelRiSm5Lb2tvVw?oc=5,"Sun, 16 May 2021 07:00:00 GMT",2026-09-03T09:13:15+09:00
GoogleNews:SNS　買い物,SNS　買い物,SNSきっかけの買い物、「インフルエンサーから影響」が最多に 20代の6割近くは「商品知って1週間以内に購入」 - AMP[アンプ],https://news.google.com/rss/articles/CBMiXkFVX3lxTE5DRW40OVRvb1V2ZHRhaXZQa2YtNlZEZmZQZXNzTUJDMGg0N0E4d1dBam1CRi1JLVlJbzlhSUY1LWpUTHBhMmFyUkU1QkVvbjhTZkZYMWEzUUZUVmZZekE?oc=5,"Wed, 20 Aug 2025 07:00:00 GMT",2026-09-03T09:13:15+09:00
GoogleNews:SNS　買い物,SNS　買い物,【コストコ】遂にコストコが店内撮影OKに！SNSへの掲載も歓迎（コストコ好き主婦 みんご） - エキスパート - Yahoo!ニュース,https://news.google.com/rss/articles/CBMiiAFBVV95cUxOeXpLd1ZLUlFDQ2plSWRDdUw0ZVdUZXhFdlZOcENId05TWW56RThhaEJGakczOG5FWlY4SFUwR09HTnQzcU5kVFlOcFU4ai0xWHdSUWlPZmRTeC1BaWxkZkI4NlQ2bEQ5X0ZFTnVwQi1zVEk4dzY2M3VKa2RaVHBPUXRfa0cyM3g0?oc=5,"Tue, 06 Jan 2026 08:00:00 GMT",2026-09-03T09:13:15+09:00
GoogleNews:SNS　買い物,SNS　買い物,「働く女性の商品レビューとSNS活用に関する調査」結果発表：働く女性のレビュー投稿とSNS利用実態を大調査 SNS利用目的1位「情報収集」投稿する人は約4割 レビューを書く人ほどSNS投稿も活発！ - PR TIMES,https://news.google.com/rss/articles/CBMiakFVX3lxTE1ud1RHcU9WUXN5MVdwWno0VGxfRTItRzdfem0zM3F6TkRST1BZLTFaZ3BxbVc3YkVOX2RGSmlKTEg0dllsQ2J2b2JVTEF4VVl3Sy1nRnRDb2VVRkVtX3NPNWVlNloxSmUyOVE?oc=5,"Tue, 10 Sep 2024 07:00:00 GMT",2026-09-03T09:13:15+09:00
GoogleNews:SNS　買い物,SNS　買い物,【Z世代の買い物事情】InstagramなどのSNSをきっかけに購買…？ - LIMO | くらしとお金の経済メディア,https://news.google.com/rss/articles/CBMiS0FVX3lxTE90anFHamFtT1VsdkFuTF95RHBRMjltYjRtSU5kNl9kWm5CNE1RNlEzRVpLUVFCU2E5SGxCcEZfeDgzS0tjYU1sQ0VXYw?oc=5,"Sat, 08 Mar 2025 08:00:00 GMT",2026-09-03T09:13:15+09:00
GoogleNews:SNS　買い物,SNS　買い物,Qoo10「2024年女性の購買・行動選択白書」発表 2024年、女性たちの購買・行動選択の基準になったものとは？ - PR TIMES,https://news.google.com/rss/articles/CBMiakFVX3lxTE85RFRoOXBrVkNpNW8ycFFEeTVvZkg2NGRhXy1raF9TS0RYbWpKVVc5dXk4VHlyd2ZOcGRBQ3RjOVFxR3hvTFlocWotVzZDdllFY3U2eUlBcUhNS0ZydnJwYVlKWTl2bDhtcFE?oc=5,"Mon, 16 Dec 2024 08:00:00 GMT",2026-09-03T09:13:15+09:00
GoogleNews:SNS　買い物,SNS　買い物,買い物メディア「your SELECT.」公式SNSのショート動画が累計1億回再生を突破！本格運用開始から1年で総フォロワー数も13万超 | 株式会社キュービックのプレスリリース - PR TIMES,https://news.google.com/rss/articles/CBMiakFVX3lxTE5hNkNHYk9oeFBhSjZXTTlyNktQQzA3MmdKSzk3WE9vTlctcXpDb0FTVUhBZEowb0JLTkZtbEY5OF83ZTlQdHFOenV0elkxZDd5aWVtTjBVMUpkaGJjeTlfU3B4Z25HX0RaSVE?oc=5,"Tue, 03 Sep 2024 07:00:00 GMT",2026-09-03T09:13:15+09:00
GoogleNews:SNS　買い物,SNS　買い物,オンラインAI 接客×SNSチャットでECの買い物体験が向上 Appier (エイピア) とピアラが手がけるサービスとは？ - ECのミカタ,https://news.google.com/rss/articles/CBMiVkFVX3lxTFBSaXlpU191cklKZER5bzhZT292MDBISVR5MWxpdEhPV2xpUWVWYm5teEpYWGxVbHFoMXZybktCZnNWM0ZSTzQ3bjFINW5XeVBMYnFkMlRR?oc=5,"Wed, 10 Aug 2022 07:00:00 GMT",2026-09-03T09:13:15+09:00
GoogleNews:SNS　買い物,SNS　買い物,オンラインと店頭の架け橋になるのはSNSコンテンツ 買い物の効率化と楽しさが両立する店頭販促が鍵 - 宣伝会議,https://news.google.com/rss/articles/CBMickFVX3lxTE1lbm1Lb0l5WTN0UTVUalJaa0pSaXVBM2tiZXNlenExRzJlalM1Q2hYZllBWmJWWVdtYnRKa2Jib3I5ZFE2V1oyUzJWeENaUXFRSDZvQUdEOEZTczhWWHpTTmpzQVlCeE1NbEt2QldMT1NUZw?oc=5,"Tue, 28 Jan 2025 08:00:00 GMT",2026-09-03T09:13:15+09:00
GoogleNews:SNS　買い物,SNS　買い物,「スマートフォンメディア＆おでかけ 定点調査2025」可処分時間の奪い合いは継続、おでかけに検索エンジン、買い物にポイントが影響 - PR TIMES,https://news.google.com/rss/articles/CBMiakFVX3lxTE1QRW5iZHZHVS0tVHlhU1E0RzRBOWI4VFJGOEF6UXBOZWpZemRQX0VUUUN2Vzg0RE5iRHY4cGFyNU9ZdFZud2g3dXhScXpLLVFDVUd2SERSR3ludlJTMURZcnRVZm00SVJBamc?oc=5,"Thu, 07 Aug 2025 07:00:00 GMT",2026-09-03T09:13:15+09:00
GoogleNews:SNS　買い物,SNS　買い物,「買い物依存症」「SNS依存症」 “止メラレナイ”はあなたの身近にも潜んでいるかも…？ - ABCマガジン,https://news.google.com/rss/articles/CBMiV0FVX3lxTFBHR1lPbktfT0F0WUh0NTNpRER4X2t1bUdIczJEZFoyTWlhMlR2MVc2RDhCTjAzVE91QzJkN29vQkstN3gzcm9mRk91NGs5MzhxSVltMWZ0aw?oc=5,"Tue, 30 Apr 2024 07:00:00 GMT",2026-09-03T09:13:15+09:00
GoogleNews:SNS　買い物,SNS　買い物,「絶対失敗したくない」大学生の買い物はSNS至上主義「公式信頼できない」 - 高校生新聞,https://news.google.com/rss/articles/CBMiW0FVX3lxTFBDeEgtNFprd3k4NjJRcWRQdlo4YVZhZGNuRHRtNnh5QUNWMmthSm9MYmpNRUtUbXpGazI2TjRibkdGUXRkUGN0QjhqSE5KYTVISW5ZLWJyZ3ZLaHc?oc=5,"Thu, 09 Jun 2022 07:00:00 GMT",2026-09-03T09:13:15+09:00
GoogleNews:SNS　買い物,SNS　買い物,スーパー利用者9万人に聞いたお買い物に関する調査 - 株式会社ロイヤリティマーケティング,https://news.google.com/rss/articles/CBMiTkFVX3lxTE5oV3cxYmdxbHFJckp1TXJwS0NBSUFQVGhOd1lCYXdYYzZNRmZTVGFDbGtaTTBBOXNPeEhxSDZmaXJENjN0dkZSOWdHSTJ5dw?oc=5,"Wed, 31 Aug 2022 07:00:00 GMT",2026-09-03T09:13:15+09:00
GoogleNews:SNS　買い物,SNS　買い物,大型商業施設利用に関する意識調査、利用目的は「買い物（95%）」「飲食（64%）」、期待するのは「何でも揃って便利なこと」 - PR TIMES,https://news.google.com/rss/articles/CBMiakFVX3lxTFBUeUhhb0JRVThlYXpRVDBzVmZDVXBFN3NLaFpjN1Q4ZVhFWTl6eTQzY2VBeHZTUkxRX2NybmFFNVIxMlFSZVFiUjdvN1pfYnZ6cTVuSUQ3OW1SR0RDZWtuR181VlFQb0hpUlE?oc=5,"Thu, 09 Dec 2021 08:00:00 GMT",2026-09-03T09:13:15+09:00
GoogleNews:SNS　買い物,SNS　買い物,【Z世代の買い物事情】InstagramなどのSNSをきっかけに購買…？ - LIMO | くらしとお金の経済メディア,https://news.google.com/rss/articles/CBMiVkFVX3lxTE51ekd2bE9DdDF0R3JOczctX28xVzZTdE5DSTlvbm5ISGxkQ1B3RVJWcjZScUNySlFKY1pla3dvM01temVoZy1yeWtRdlhSeENoS1d1ZFdn?oc=5,"Sat, 08 Mar 2025 08:00:00 GMT",2026-09-03T09:13:15+09:00
GoogleNews:SNS　買い物,SNS　買い物,CookGo／SNSで見たレシピ、もう探さない。AIレシピアプリ「CookGo」、新たに「献立自動作成」「買い物リスト」機能を追加 - アットプレス,https://news.google.com/rss/articles/CBMiT0FVX3lxTFAwZHBhUk5oUHhLM19vUXdHZHBOQXRvZHMwNXY0c0huclFPTHRKaHd2T1JOdmxTZkl2QTh0VlhidUJURlotZXFfVDdqVFNKYVU?oc=5,"Thu, 14 May 2026 07:00:00 GMT",2026-09-03T09:13:15+09:00
GoogleNews:SNS　買い物,SNS　買い物,悪質なショッピングサイトやSNSを利用した詐欺にご注意ください - PayPay,https://news.google.com/rss/articles/CBMiVEFVX3lxTFAyclBWUTk4Nm1ITFZidkhrNUVKWTFfZFdoOXFMako1aC1UME9Ib2U3Njk5b3BWY1pYcFBTUGNDNzJIRy1qZ1ZYR3FmNUV1SG1Fc2U4Qw?oc=5,"Mon, 16 Dec 2024 08:00:00 GMT",2026-09-03T09:13:15+09:00
GoogleNews:SNS　買い物,SNS　買い物,｢買い物依存｣｢SNS｣｢お酒｣うつが悪化するNG行為 しがみついてしまうことで良くない状態になる - 東洋経済オンライン,https://news.google.com/rss/articles/CBMiUkFVX3lxTE5vaXdzYl9aMUtnbVJxLXJXVUJVVkc0dWoySkNncWFaQWpTY1ZMSzVQUU1vT3ZmYW1CUlJYMFdmXzBDQ3NCbjBoWlJ4a1RZdGZOaUE?oc=5,"Tue, 18 Oct 2022 07:00:00 GMT",2026-09-03T09:13:15+09:00
GoogleNews:SNS　買い物,SNS　買い物,SNS投稿・拡散や買い物をしてがん治療研究を応援する「#deleteC大作戦」開始！ - STRAIGHT PRESS,https://news.google.com/rss/articles/CBMiU0FVX3lxTE1abEpUUkVBWW5BUUliSGRlaDNhSXVGSEQ3YnY4LWdBV3dCY3U3Wjhvb01tYmNjQmplRzNONEpvZzU5dzdnaWdjYXNOZDBDOUlnSUM0?oc=5,"Wed, 28 Aug 2024 07:00:00 GMT",2026-09-03T09:13:15+09:00
GoogleNews:SNS　買い物,SNS　買い物,"ママ1,000人に大調査！「ママと子どものファッションアイテムのお買い物意識調査」を公開 - PR TIMES",https://news.google.com/rss/articles/CBMiakFVX3lxTE0tX0w2SVZkazRMZFdJcE1nZHhkcmxJeVpCMENRcGE1M2dsYkJGUE1QUnhTN1d0a2RXMVR6MVZQcGx5VFBwa0N0aEFrMWgyNlF3TmVPUUdQdUZGa051QWFMT1M1SVdMdU1ic2c?oc=5,"Mon, 24 Mar 2025 07:00:00 GMT",2026-09-03T09:13:15+09:00
GoogleNews:SNS　買い物,SNS　買い物,【ＳＮＳ特報班】買い物や自治会 影響懸念 「縮小社会」読者の声 - 宮崎日日新聞,https://news.google.com/rss/articles/CBMicEFVX3lxTFBKNWp6NDZFLWdTTUpvRTJOYmEtZ2pTUFU0YWEyZ3dzWjVPZkRmSElGUmdkZHhhSWR0ZkhzUXpxWUt2QVBlUE1HcGpWdndoWWZoMmpTMXVyejExa2FEX2VYNDU3czVhdlhlQVJqLU9hZmU?oc=5,"Wed, 17 Apr 2024 07:00:00 GMT",2026-09-03T09:13:15+09:00
GoogleNews:SNS　買い物,SNS　買い物,買い物メディア「your SELECT.」公式SNSでの動画総再生数1億回突破を記念して紹介したアイテムの中から、いいね数が多かったアイテムBest5をプレゼント！ - PR TIMES,https://news.google.com/rss/articles/CBMiakFVX3lxTFBUWVZ2b2hIcGMwdW9jaVRyY2s3ZFk5ZUhPVnFmdGRvN25WM2lLWUFxTEhKaWtSNnUxNWJGM3o3UmQ0Y1diZHFGWUF4TXI0ckExVWxteTc1NW54bUg0bUxGWWl2RVlTTjVOQmc?oc=5,"Tue, 03 Dec 2024 08:00:00 GMT",2026-09-03T09:13:15+09:00
GoogleNews:SNS　買い物,SNS　買い物,｢買い物依存｣｢SNS｣｢お酒｣うつが悪化するNG行為 しがみついてしまうことで良くない状態になる - 東洋経済オンライン,https://news.google.com/rss/articles/CBMiX0FVX3lxTE0yMVl0eDlnOTVjOEgyM1lueGxIZkJVSFFoOWpQSk1ONmk1R2tocjFFbk1tV3ZzN0tNVTlNVkI2bllWYU5kdXc4em82V2RwWXFTQWVnX1VVUWx5OFV1d1gw?oc=5,"Tue, 18 Oct 2022 07:00:00 GMT",2026-09-03T09:13:15+09:00
GoogleNews:SNS　買い物,SNS　買い物,ドラマ「満タサレズ、止メラレズ」買い物依存、SNS依存に向き合う麻衣＆美穂のKV - ナタリー,https://news.google.com/rss/articles/CBMiTEFVX3lxTFBLaGZsNHdQOHRMVmxHZTNHZ0otTGFqUThyMU9QcURZX0Judk1rM1BXZzUyaDZjMnRORmQxelNxWjVaN2ZKaHpiVlhiTDY?oc=5,"Thu, 06 Jun 2024 07:00:00 GMT",2026-09-03T09:13:15+09:00
GoogleNews:SNS　買い物,SNS　買い物,"いいね！で買い物ができるSNS『Pocolo（ポコロ）』が、YouTuberの""JJコンビ""や""関根りさ""参画のVC『iFund』と資本業務提携。""お金で買えない体験""をいいね！で買える新機能リリース - PR TIMES",https://news.google.com/rss/articles/CBMiakFVX3lxTE5xY0tndG9SN2FHWTUxUUZUdG5RYTdiRV9mbWVPTTRxeTlsZ1VXWllrQzRWTDk1eW5wVnNFSzBvTHQwM0JlOTR2elEySXZVZWEzeG9Id0VTSnNxNmpKcVFyVFZNaG5SeTh2SUE?oc=5,"Mon, 30 Nov 2020 08:00:00 GMT",2026-09-03T09:13:15+09:00
GoogleNews:SNS　買い物,SNS　買い物,「買い物しない金曜日」がSNSで拡散。2月28日限定の不買運動でアメリカの消費者が求めるものとは - ハフポスト,https://news.google.com/rss/articles/CBMieEFVX3lxTE1pa1FrWVRQQy1vVXFPMEoyZVVxZkZPWU42OG0tSXJFQ3pvU1BZWXppeGNROHV4a1hmc0ZSYTNhMGIteTBQdjNiT0ttVlFReU9rVFQ2MElRdVJaY3FRbHJ3YUc5Skg1eE14SVZKS1ZvcmR2d0V1cU1iSQ?oc=5,"Fri, 28 Feb 2025 08:00:00 GMT",2026-09-03T09:13:15+09:00
GoogleNews:SNS　買い物,SNS　買い物,そこでは昼ドラ並みのマウント合戦が!? SNSで高級ブランド品を投稿するハッシュタグと出会い…／夫に内緒の買い物日記 - ダ・ヴィンチWeb,https://news.google.com/rss/articles/CBMiT0FVX3lxTFBCSjVEaG9PcTlYRF9uUG5sWEdzNHNYai11anctVF9acDhfdkVHSTE3ckFITXI5SVhXR3BBdUlvNDNaMEpMbFZVWEtZdUNSSjg?oc=5,"Sat, 19 Aug 2023 07:00:00 GMT",2026-09-03T09:13:15+09:00
GoogleNews:SNS　買い物,SNS　買い物,「10年かけて」“買い物の失敗”？巻きすを購入→引き出しを開けてショック「めっちゃわかります」「うちはとんかつソース」など共感の声 - ABEMA TIMES,https://news.google.com/rss/articles/CBMiVEFVX3lxTE9xVlZ4N2xOMy10OUFkXzdhYlNBSU9pWEo0VlFoSHJFWXU5ZHk1RVVOZzUwQmJsVTZ5aTNRX0hTZG9JWmc1dXBMeUh1bkQxdG4zRTYxeQ?oc=5,"Fri, 17 Apr 2026 07:00:00 GMT",2026-09-03T09:13:15+09:00
GoogleNews:SNS　買い物,SNS　買い物,「宇宙一いい買い物した」SNSで話題、3COINSの花粉対策グッズをまとめたよ～。 - 東京バーゲンマニア,https://news.google.com/rss/articles/CBMiU0FVX3lxTE5KVy0wcEw2U2tPN3JVU2RsQkR2ZEhNVTRrenFaQ0R1QmpnY3lYdmxaRjFXR0pNVGdlUGx3bkZ5LTA3YzdIbTQ4amRiR3RSblJZblpR?oc=5,"Sat, 23 Mar 2024 07:00:00 GMT",2026-09-03T09:13:15+09:00
GoogleNews:SNS　買い物,SNS　買い物,取引手数料完全無料SNSとショッピングの複合アプリ「売買（Buy Buy）」をリリース - PR TIMES,https://news.google.com/rss/articles/CBMiakFVX3lxTE1aZkFVczBvMUJuWVhlSGRGeE5BWnoxa3FmSDIzNU15MDg2SUFCTTJWZThkc3E3WmFYRUItd0xXMjZMSEFoQlJFX1U4Q3htY0xXNV9xZVdPRnJldHFVeTAzQU0zS2R0UjFrOGc?oc=5,"Thu, 17 Dec 2020 08:00:00 GMT",2026-09-03T09:13:15+09:00
GoogleNews:SNS　買い物,SNS　買い物,筧美和子→買い物依存症、鈴木ゆうか→SNS依存症 『満タサレズ、止メラレズ』でW主演 - ENCOUNT,https://news.google.com/rss/articles/CBMiT0FVX3lxTE5VeGtRLUVybGw0VHFmWm4wODBrdkZVa21LLU1oLVV2QlhGdVZvdVpQNktTSWJDXzZQRGY0ckRpN3ZoUEx4Vkh1ZElpSWNTR0k?oc=5,"Tue, 30 Apr 2024 07:00:00 GMT",2026-09-03T09:13:15+09:00
GoogleNews:SNS　買い物,SNS　買い物,手にはシャネルの高級バッグ 五輪メダリストがオフショット投稿「いいお買い物ができたよ～！」 ＳＮＳ「コーデすごく似合ってる」 - Yahoo!ニュース,https://news.google.com/rss/articles/CBMif0FVX3lxTE5PdU9abGliNVJKRzVPS0xDRU4zU2V4b0EyR1pfMHhSRTBDSWRIWVBJU1ExclNDRTNtbXNXR2xEWUFlVDBUVGt6UU5SUWpXbFQ4TVdPOHdFcS12QjF4YmJ1S0tjWlBldFctdExtUWhjeTZYdmlVc0pORndIek9UTHM?oc=5,"Sat, 13 Jun 2026 07:00:00 GMT",2026-09-03T09:13:15+09:00
GoogleNews:SNS　買い物,SNS　買い物,SNSで話題”デートも女子会も推せる「ビストロ」へ♡【おしゃれプロのお買い物日記】 - CanCam.jp,https://news.google.com/rss/articles/CBMiSkFVX3lxTE16Z3NzVVRMN3Y2WDN1eFB4Y1l0UkNzbTQ5WGw5NU1YSk1zTGg4QWhHWnJHSndmTkZZU0VjeUU3dW1iUVBkbHM3TjRB?oc=5,"Thu, 09 Mar 2023 08:00:00 GMT",2026-09-03T09:13:15+09:00
GoogleNews:SNS　買い物,SNS　買い物,「お客さん、レジ通しました？」スーパーの買い物かごに入った2匹の子ヤギが、SNSで話題！「ちっちゃくて可愛い！」「これだけ観て生きていきたい…」 - ABEMA TIMES,https://news.google.com/rss/articles/CBMiVEFVX3lxTE9EMXRnU2ZlSU43SHptcGtaQmJxc3U1SzE1UTUxdkxCcVBzSnZ3UnA3Q1R1czZJMU9pclQzZUYxQ3F4bV9yRFpKTlRKOFpRV3E2dGlsMw?oc=5,"Sun, 02 Feb 2025 08:00:00 GMT",2026-09-03T09:13:15+09:00
GoogleNews:SNS　買い物,SNS　買い物,西友が24時間営業を継続 SNSで買い物分散呼びかけ - テレ朝NEWS,https://news.google.com/rss/articles/CBMickFVX3lxTFBTLWVOTW9qZUY4Y1FGcUJicVVhdzNjb05sazB4ZHRIRlA2c2ZRck1ZdWtzUkhob2NLaG0xSHlBQ3RnZFE5U3hiY2pvQmlmNm9mNGVMSndGSkN1dkIteXV3YWI4Z1RaVVBaaTdjbmlhbDljdw?oc=5,"Sat, 11 Apr 2020 07:00:00 GMT",2026-09-03T09:13:15+09:00
GoogleNews:SNS　買い物,SNS　買い物,SNSで話題。予約困難な「ラグ作り体験」が超楽しかった♡【おしゃれプロのお買い物日記】 - CanCam.jp,https://news.google.com/rss/articles/CBMiSkFVX3lxTE5mZ19HZTZJTE9RVkhVS1FhclEtMklkRzNLQW8wdk51UzV2N1Y3QmZpU1Y0emFBRjRzWkJZTUMtY2tSaFhqczc3eWJ3?oc=5,"Sun, 27 Mar 2022 07:00:00 GMT",2026-09-03T09:13:15+09:00
GoogleNews:SNS　買い物,SNS　買い物,SNSでも大人気！「RosyMonster」のアニマルブローチにうっとり！【おしゃれプロのお買い物日記】 - CanCam.jp,https://news.google.com/rss/articles/CBMiSkFVX3lxTFBTc2JhNlBMaTZ0bmVwalNKQUpYZUg4X3psQUVjbjJHVW9vaDVtRzgwNnd4LXNoVWdIY1VkQ25sMnVUTGUxRmo4dS1n?oc=5,"Mon, 19 Dec 2022 08:00:00 GMT",2026-09-03T09:13:15+09:00
GoogleNews:SNS　買い物,SNS　買い物,【動画】SNS総フォロワー数210万超え！ YAMATOと都内の人気セレクトショップでお買い物 - ELLE,https://news.google.com/rss/articles/CBMifkFVX3lxTE9DeXBvOF90dW5malR3X0RDYXBtSEw3XzlxV2N1MnREWjVvejdRajVmQlFxdVFVVklTUUwwaG1tOUhWeWdfUjZ2MUUxUE9tU2xzOF9wNzIzZ0dKdEd5UnNmWXhpLUl0Q1ktQmJqVlRqRUpIdnF0eXNyWTU4bkVOQQ?oc=5,"Wed, 13 Apr 2022 07:00:00 GMT",2026-09-03T09:13:15+09:00
GoogleNews:SNS　買い物,SNS　買い物,【旅レポ】SNS映え間違いなし！ バンコクの巨大ショッピングモール＆宝石箱のような屋台、そしてエメラルドな寺院 - トラベル Watch,https://news.google.com/rss/articles/CBMidEFVX3lxTE5RTUJiM29nZmxSQmdnVGt6dVFHZWRIckJodnJUZHRPSk9PMXBtcmx5N0dlQzYxRUZvelFhQ1RkMEFDUU9xaDEtbmx2Z3EwaXZzV3lKY3dpc3hWUGdZNmMwMkdHOVlhaWtFYlVOZ0JKbFNScHBu?oc=5,"Thu, 13 Jun 2019 07:00:00 GMT",2026-09-03T09:13:15+09:00
GoogleNews:SNS　買い物,SNS　買い物,筧美和子が買い物依存症、鈴木ゆうかがSNS依存症の女性役に『満タサレズ、止メラレズ』 - マイナビニュース,https://news.google.com/rss/articles/CBMiXEFVX3lxTFBOLXVpRFExS21FZmd3Mnh5VUdtSXBsdG8tdUtEY1FndldBSzBOLTFrQ2F2amVteDlMMWJjY2pobi1JZm1IcURSc1JzbFFCUmRhNkx4QkRlbkxILWlE?oc=5,"Tue, 30 Apr 2024 07:00:00 GMT",2026-09-03T09:13:15+09:00
GoogleNews:SNS　買い物,SNS　買い物,福原遥コストコでルンルンお買い物ショットにＳＮＳ「彼女ってぐらい距離感ちかい」「癒し源」 - デイリースポーツ,https://news.google.com/rss/articles/CBMiakFVX3lxTFBoUkxONmtJVGRPMEQwX25NZjg3dG1LVWdETTRUXzRVd1hhWmlUeUxTRmh4bDl2ektBaGR4WHphdTZSNDY3RV9uRHZfNUpxM0lETnlBS29nSEhGa19zdXJjR0h3NnZ1Q2dwbFE?oc=5,"Tue, 28 Nov 2023 08:00:00 GMT",2026-09-03T09:13:15+09:00
GoogleNews:SNS　買い物,SNS　買い物,SNSで話題。神戸の「アメリカンビストロ」でブランチを満喫！【おしゃれプロのお買い物日記】 - CanCam.jp,https://news.google.com/rss/articles/CBMiSkFVX3lxTE1xWHpFdVJ1RklEZUNtX2JLeDFPMEJVckdYc25WbGhDUXItM1lrVEpHenlIb1hTMndFbk5BaHVMcklJN2dVVTFGUnN3?oc=5,"Mon, 15 Aug 2022 07:00:00 GMT",2026-09-03T09:13:15+09:00
GoogleNews:SNS　買い物,SNS　買い物,「通勤とか買い物にちょうどよさそう」オシャレ系特定小型原付『ウォンキー』にSNSでは反響 - レスポンス（Response.jp）,https://news.google.com/rss/articles/CBMiX0FVX3lxTE0yQTZUdF9NdEVOTi1rX0JZVnFiS2hJRkJqNmRpenI1aEhiN1pfb1pyUTlMNGlSRmxWQWRva0EwRXBwTTZjd3BXeWxpVEJnVWw4RGo2V3dNSV9heUlob3dR?oc=5,"Wed, 23 Apr 2025 07:00:00 GMT",2026-09-03T09:13:15+09:00
GoogleNews:SNS　買い物,SNS　買い物,"いいね！で買い物ができるSNS『Pocolo（ポコロ）』が、YouTuberの""JJコンビ""や""関根りさ""参画のVC『iFund』と資本業務提携。""お金で買えない体験""をいいね！で買える新機能リリース - Excite エキサイト",https://news.google.com/rss/articles/CBMic0FVX3lxTE83bnJ4LUx1TlFLM0dhbkdqaC1ncTN4R3BveFpwajd4Qmd5T1BMUUgxU1p5RmE0eFFoMmQxZUNIQWZUNm9LekVIdHVwSGRxZVdEa1Q4X2h0ZXJtd0dMQ3JUeUdSTFlWX0xrNzBvSDVoaTYxZWc?oc=5,"Mon, 30 Nov 2020 08:00:00 GMT",2026-09-03T09:13:15+09:00
GoogleNews:物価　家計,物価　家計,家計のインフレ予想「0％」は消失も、「2％」が定着しない理由とは？物価と為替を安定化させる“アンカー”不在となるリスクも - ダイヤモンド・オンライン,https://news.google.com/rss/articles/CBMiTEFVX3lxTFBiaFRyTE9FRW10ZHRHY3BhOUo0VG9FNlo3UU5DM29TTkp0bmZJYzBsRTJaVFJIQlZOMjNheGYxb3lfMVhWdjRGTzM3UEzSAU9BVV95cUxPclRJay1ybktuWm5ZZDdMSWJUUldnZVFBSzlsZGI1bG5BRnJaYWJNWGlLWVBQNHJiOUNfT25ESXZsMGVDTXpnR0VDREVZbU5N?oc=5,"Tue, 18 Aug 2026 07:00:00 GMT",2026-09-03T09:13:17+09:00
GoogleNews:物価　家計,物価　家計,第2四半期の家計調査：3%台の物価上昇、下位20%世帯の生活費増加と月28万ウォンの赤字 - jp.ajunews.com,https://news.google.com/rss/articles/CBMiW0FVX3lxTE85OEJ3S09VbUJGLU9CMGEyTEFfN0pVTDBISGpKSUp5UjVsWWxLZE4zblgyU0M3RGxZMklqNm0tMU8wWFNhSW1HcXRtZU14SFk0UmRtZWRDUlgtdDQ?oc=5,"Thu, 27 Aug 2026 07:08:00 GMT",2026-09-03T09:13:17+09:00
GoogleNews:物価　家計,物価　家計,家計支出の調査で品目見直し 巨峰→シャイン 煮干し→塩サバ - 朝日新聞,https://news.google.com/rss/articles/CBMiZ0FVX3lxTE5lUGN4SGJmWlRWOFVIa1ZxTjY4OHpkc0p0Z1NoNy02N2szUGxMVUhzUFhBOHdDMlBEalYyd05aeldOZExRUGwxSVp0T1BmQ3lNY1hQdmktTlZLMnNiME15bllUS1hmY2M?oc=5,"Fri, 07 Aug 2026 07:00:00 GMT",2026-09-03T09:13:17+09:00
GoogleNews:物価　家計,物価　家計,物価高騰が続く中、給食のない夏休みで家計負担が増加 | 一般社団法人全国フードバンク推進協議会のプレスリリース - PR TIMES,https://news.google.com/rss/articles/CBMiakFVX3lxTFBhQkIzVFhyT0xCX3RoZnVyS2d3OTg3YzZkZG9VcjNOWGhZa1dNbzNjTE8zZnVISDVmR3YySXE1eGZXaTBTYThfeV9HYTQtSHdNRVd2LXFlYjByRWVfazRYSmFHaW0tanp1dmc?oc=5,"Mon, 15 Jun 2026 07:00:00 GMT",2026-09-03T09:13:17+09:00
GoogleNews:物価　家計,物価　家計,インフレによる「見えない増税」とは－物価高で増す家計負担の仕組み（Bloomberg） - Yahoo!ニュース,https://news.google.com/rss/articles/CBMif0FVX3lxTE50OFVTME5ETE5nbTRLUlVGU21peUc1LTQ4S1Vkb2FFcFNoUHZIR0xZZDUxVVNPT25KdGUzc19GNVFVajJzS1U4czM5ZVRBanlMdXdwV1FtaTZZbVlyYnpmOUxrWWw0MmZGS1RmRy1DNDVFYXlIa0t2Qzgwck53dDg?oc=5,"Fri, 24 Jul 2026 07:00:00 GMT",2026-09-03T09:13:17+09:00
GoogleNews:物価　家計,物価　家計,金利上昇とインフレがもたらす日本経済および家計への影響と構造転換 | 永濱 利廣 | 第一ライフ資産運用経済研究所 - 第一ライフ資産運用経済研究所,https://news.google.com/rss/articles/CBMiW0FVX3lxTE1mTUR0LTZPV2RDUE1yUnFpdjJlbEtCWFNHYmNkV2hUNTN0ZXhFMHp0dVlHU2FMdlhURkwwOUg2VW9DcmVwTUpyOFIzdmZVdzM5V3MyZmxkZG1RZWs?oc=5,"Thu, 18 Jun 2026 07:00:00 GMT",2026-09-03T09:13:17+09:00
GoogleNews:物価　家計,物価　家計,令和5年消費者物価地域差指数の概況 - pref.ibaraki.jp,https://news.google.com/rss/articles/CBMiiAFBVV95cUxPQ3ZUdWljLXRDRXRqeFRuRFA3RU5LbllrTmpSNjVhcms0NU5Obkt2b01hSTVaa2NIYWtaODNTcFNlR21hWXp2ZElFSTdJeHFROUNkSVdMSll2ZWMwZjlvTElsRXZkLVo4c1hVQk02cnJfSWNLOEZqcDFVOXl4czY1d2QxSFdSeEhi?oc=5,"Sat, 11 Jul 2026 07:00:00 GMT",2026-09-03T09:13:17+09:00
GoogleNews:物価　家計,物価　家計,家計のインフレ感が高まり、日銀の利上げの根拠が強まる - arabnews.jp,https://news.google.com/rss/articles/CBMiZ0FVX3lxTE9NbmJXOVNSR3gyZUh6QjVjeVl0UEptQXVZeVROTmpEaHp6M0hDNHpkYldqQ080aUxIdEFEU1VDdnVOT1VDUmhCYVVZWUZXcFVFMnJ6MVRraVRYcTZLV2QwVHQ1MFE4QkU?oc=5,"Thu, 16 Jul 2026 07:00:00 GMT",2026-09-03T09:13:17+09:00
GoogleNews:物価　家計,物価　家計,【日本のチップフレーション】メモリ高騰が物価に与えるインパクトを試算、「家計の一人負け」傾向強める可能性 - JBpress,https://news.google.com/rss/articles/CBMiVkFVX3lxTFBRNk92bTJmaURMSUFRYU5vVTNHZ1FuNHVDWXE0cVlwOVJoQ1VtZ3Q2VENTdGw5VDFqQkRPX2JfNXNnVWgtdmhrLWNpOW1yWEFDY1dkWnZn?oc=5,"Wed, 05 Aug 2026 07:00:00 GMT",2026-09-03T09:13:17+09:00
GoogleNews:物価　家計,物価　家計,家計負担「年間4万円増も」 原油高で忍び寄るさらなる物価上昇 - 毎日新聞,https://news.google.com/rss/articles/CBMiaEFVX3lxTE10YlJHS3dYc1hXZF9xNU5KRlF3M0JZRzA4VUF0NW5ZMUZLMmMxY08xdmFNTkUxREtfbmd5a21JQ1N6Z2JCT0JHZVFaT1BHYTdqTEVxWkdvRmRnN1pUbjNsNmo2Wm45OGFO?oc=5,"Mon, 27 Apr 2026 07:00:00 GMT",2026-09-03T09:13:17+09:00
GoogleNews:物価　家計,物価　家計,暑さが物価を動かす「気候インフレ」－家計圧迫、低所得者層は食料さえ遠のく時代に - Bloomberg.com,https://news.google.com/rss/articles/CBMid0FVX3lxTFB3T2E0bU5QQ2hDQ0hqcTM4WDFEOWVuX09GOVFhaTJZTGtVOTRTVEhZN1FUd0RKa09fb2hQQVdwS1Rka0pZYkZqRWIzSnZKV1dWLWVyODc1aHBObW9qUmtpekRyR0w2ckpGWDJ0ZmRkRHBEWVAxSU9J?oc=5,"Sun, 03 May 2026 07:00:00 GMT",2026-09-03T09:13:17+09:00
GoogleNews:物価　家計,物価　家計,「物価の安定には時間がかかる」家計圧迫は続く？原油安で景気に追い風も――生活必需品は遅れて値上げか - 日テレNEWS NNN,https://news.google.com/rss/articles/CBMihwFBVV95cUxQenhhNnhOLUVUcXByRkczd0tFNWpPcTFDempPNEZobEg0VklhdDlQWTFaZ1pMSS1TRVdCekFZYVdlck5mZTFBQTRacGdGczh3MlZUT0l4YWlpcHZCUG9tOXYxLTBrUDQwV0g2NVR4SV8zRllKbkttQ1h3V0hHMl9NOC1EREhPM1k?oc=5,"Tue, 16 Jun 2026 07:00:00 GMT",2026-09-03T09:13:17+09:00
GoogleNews:物価　家計,物価　家計,6月消費者物価1.6％上昇、3カ月ぶり伸び拡大 値上げの夏と猛暑が家計圧迫 - BigGo ファイナンス,https://news.google.com/rss/articles/CBMidEFVX3lxTE9BMVBwSlU0MnBvSS03UGhBWlRKZDVISTBVTTYtSV9QSEN0bG5FU0Vmdk9UVUZEVHY4eThOYTRTSW1lbHpmSE8yMTRhbkNUMkw0MW1QZ1hmOWNMWHVQMUtfeDFRTTBSZkZVWmpveFNkZEdZRkNf?oc=5,"Thu, 23 Jul 2026 07:00:00 GMT",2026-09-03T09:13:17+09:00
GoogleNews:物価　家計,物価　家計,令和6年消費者物価地域差指数の概況 - pref.ibaraki.jp,https://news.google.com/rss/articles/CBMiiAFBVV95cUxPMDkwa0pzc0ZoZTNlUTdvWlZaeFA2U2M3bmdyS0FyNHJYTHdacjZaYkhzSnJUb0h2QXVuVlg2d3JmcHE3UF9Oc1Y0MXJvOE9WLVZMQzVxd1hCaDgwQTg2aFp2SkF6OEllUGRzbWQ1YTE3cGI2Snh1Z0JsQkV2THpfOXRfY0l2X2R4?oc=5,"Fri, 03 Jul 2026 07:00:00 GMT",2026-09-03T09:13:17+09:00
GoogleNews:物価　家計,物価　家計,1食351円へ下落のカレー物価。エアコン代高騰の夏に、あえて食費を切り詰める「家計防衛」のリアル（LIMO） - Yahoo!ニュース,https://news.google.com/rss/articles/CBMif0FVX3lxTFBabE85bWM0dDZQRXdpT005eG1pV3hGcnFfN2g1Wnd3VV9hNjNZSUk2Q1NtM2t3NnJ6eFBRN1BkV1NDVTNlY25lT2hpdEx6ekJvdXlqT0pHaHpCUl92QTZMdTUzR3VudnR1dkRwR2NMNE9MWmw0S1dqRVRaTFFJblk?oc=5,"Tue, 11 Aug 2026 07:00:00 GMT",2026-09-03T09:13:17+09:00
GoogleNews:物価　家計,物価　家計,政策金利1％の家計プラス効果は「年1兆円」、高齢世帯は4万円プラスも住宅ローン抱える20・30歳代は4万円の負担増 - ダイヤモンド・オンライン,https://news.google.com/rss/articles/CBMiTEFVX3lxTFA2NDk4WldoMUo1WXVwZlQxRS1SczctQlVZY3lyQTJpVWhETjdqN0U5YTBTM045X05sRWpSWGRKd08wQTVaQmZlcE4wYjLSAU9BVV95cUxOaU92X2hRbmhjT2JsSF9fNWFWc1hMZUdKanpVc2ltejgyblBSZ0FPUDNvSWoxeUNPb0d2cmhfR1FDTjRPQ0JuazdKQ1MxTXFF?oc=5,"Thu, 18 Jun 2026 07:00:00 GMT",2026-09-03T09:13:17+09:00
GoogleNews:物価　家計,物価　家計,インフレによる「見えない増税」とは－物価高で増す家計負担の仕組み(Bloomberg) - Yahoo!ファイナンス,https://news.google.com/rss/articles/CBMihwFBVV95cUxPZEdBcXlpRF9XZkRVNk1DeEQtVl95Q0VibUpfZ3hETzk3LWJOTFdpYTJNUGV0akI3dkNnbEV3a3pFX01fMmtWM2l6akU1Wmtxc0o1eUNjOGJjSkNzMWhsUzZ3T0RtNkxiSzNjR2FqaVp6c1FtcGlQMGpmLTE0QTFtNTFBblE4V28?oc=5,"Fri, 24 Jul 2026 07:00:00 GMT",2026-09-03T09:13:17+09:00
GoogleNews:物価　家計,物価　家計,独身男女611人に聞いた…結婚の最大の壁は「物価上昇」 未来の家計に警戒感強く（まいどなニュース） - Yahoo!ニュース,https://news.google.com/rss/articles/CBMif0FVX3lxTE1BeWozaE52a2xkWnlrNXl5RGNOaFNWRngwdDViYXFWaTMzUHgwa2pkRXBiMGQ2UUpTYUxsdXl1U1MzN0tpQkd5SEZFY0Q4bnhHUW02eERMd09kVjc1LUVQQ3pXZjUya25TTXcwMG0tdmRWN1Y1b21nV2c5dkFqdTQ?oc=5,"Wed, 08 Jul 2026 07:00:00 GMT",2026-09-03T09:13:17+09:00
GoogleNews:物価　家計,物価　家計,日銀調査で家計のインフレ期待が過去最高を更新、利上げ路線支持（Bloomberg） - Yahoo!ニュース,https://news.google.com/rss/articles/CBMif0FVX3lxTE9uV3ZGMWxzcFhIdmFFM1RGOEhiTC12ODVhVjdmR0lPcGNwQ1l4OVZSd0RkX3pvLUhtaXZHYldTS2RrbGw3S1lLU3prT2I2ZFpGam8wcERuem5oQXd5WEROdlZyTjVzazEzd200WnJKNWZ4TFpXQVlEUTJTaVBPODQ?oc=5,"Thu, 16 Jul 2026 07:00:00 GMT",2026-09-03T09:13:17+09:00
GoogleNews:物価　家計,物価　家計,物価高時代に家計はどう守る？ 「支出・貯蓄・収入」のバランスの見直し（ファイナンシャルフィールド） - Yahoo!ニュース,https://news.google.com/rss/articles/CBMif0FVX3lxTE1LWHdveERubl9TQ05UYjNPMzlIUVJ5S0o5MU1DWXpieDNFYUpOLW5uNHNHcUJRWmxnTlRfcWhlOEI3U3hfX2R3SXNQTmVaNWNuQnNtdDRYdmVrR1RYMHh0QW5iSkdqN1B1cmZyOVpQUWJsS3l1bHlqdUVUbXhPWFE?oc=5,"Tue, 12 May 2026 07:00:00 GMT",2026-09-03T09:13:17+09:00
GoogleNews:物価　家計,物価　家計,賃上げ5%でも家計が苦しい理由、コメ高騰と物価が奪う購買力 - mymo-ibank.com,https://news.google.com/rss/articles/CBMiSEFVX3lxTE93YkV3SU9KdzNyYlEwN3dkaWQ1NnNoR2NZN3BtRXpNZkNpU00zU3BEZ04wRV9xejJub01vWG5hUFNhR2hiS1EwZQ?oc=5,"Fri, 03 Jul 2026 07:00:00 GMT",2026-09-03T09:13:17+09:00
GoogleNews:物価　家計,物価　家計,物価高騰に苦しむ家計を応援「プレミアム付き商品券」市内各地で販売開始「長崎かんぼこ王国」共通商品券も《長崎》 - 日テレNEWS NNN,https://news.google.com/rss/articles/CBMihwFBVV95cUxQSmJqSlI2U3hlWDNWM1E5M2MzVE5CY3lPRnhJSjFwRTgyOVJpcEVKZWRYeWJKanhaZ1k3SkNOYm9MckZvN2E2cFJCYjN4eUZ1a25MZ2dUNllVR3BiRFZnbHdzRlBDVFdUbDFsOURpUlR2WS1STFdDaTY0NU5jSDd2Ym9VNC1pVkE?oc=5,"Thu, 02 Jul 2026 07:00:00 GMT",2026-09-03T09:13:17+09:00
GoogleNews:物価　家計,物価　家計,新登場！アップサイクル「はちみつ梅」。物価高騰から家計を救う、オフプライスストア・アエナから。 - PR TIMES,https://news.google.com/rss/articles/CBMiakFVX3lxTE9iNzVoc0dyU2tfa2tNRVBqaHdiUWZxbElVeW5ad3hpcnpjSWZocEdDNXVOT0JQajZVd2tBT3BUMHRFejlsTU5fMGVNdGE0enhyUVdxem5icHZWaFk2OGdCTWhFal8wSHZXWEE?oc=5,"Mon, 13 Jul 2026 07:00:00 GMT",2026-09-03T09:13:17+09:00
GoogleNews:物価　家計,物価　家計,クレーンゲームに並ぶ卵や野菜 物価高騰で「家計応援」も依存には注意 - 北海道新聞デジタル,https://news.google.com/rss/articles/CBMiWkFVX3lxTFBkSTRqcFpWV2c5SzFaUk5NVk5kVGt5aVFpMEFPVTlzR0dTTmQza3NXQnJYeWhzcWswOG53NGdwV2VZWkN2NHRvZEVnRFlrcXZYUWZaNTlPT2FKdw?oc=5,"Fri, 03 Jul 2026 07:00:00 GMT",2026-09-03T09:13:17+09:00
GoogleNews:物価　家計,物価　家計,「どんなに物価が高騰しても変更はしません」節約に励む世帯年収500万円・59歳女性が強くこだわるもの - allabout.co.jp,https://news.google.com/rss/articles/CBMiTEFVX3lxTE5aMFdIeEtWbGhzUmt0RW1NZVJIeVlOWkFmTDFDc1ZoSUpyaEVUdnp6dUktREdBeXMydDJMVkxlOWVDWWVBcFpvWEEwNXI?oc=5,"Thu, 18 Jun 2026 07:00:00 GMT",2026-09-03T09:13:17+09:00
GoogleNews:物価　家計,物価　家計,"岐阜県美濃加茂市、物価高騰による家計負担軽減を目的に6,000円相当を給付 デジタルギフトサービス「デジコ」を活用 - AMP[アンプ]",https://news.google.com/rss/articles/CBMiW0FVX3lxTFBQSHFxSHpvWDBFV1JEdUZuQlBTUWNaUm9Ob0l6dm5PQl9NbUdwejI5TllJSzVxcnowTHNUS0s4YlhoRmhVQlFROU5tcDc5ZnZVUVh1OEdJM3Nja0k?oc=5,"Fri, 22 May 2026 07:00:00 GMT",2026-09-03T09:13:17+09:00
GoogleNews:物価　家計,物価　家計,「5年後」物価予測は過去最高 家計の景況感、改善続く 日銀調査 - 観光経済新聞,https://news.google.com/rss/articles/CBMiVEFVX3lxTE5UQ0xKN3hLNVRCbk00cGo0UmVjcUlJODVkeUVybENtYzZEcjM1WkxZQTVoYWhXWUN5eGtxRjVIaFJEbnZERHJQTnZ4cks5V1JfeHVneQ?oc=5,"Sun, 03 May 2026 07:00:00 GMT",2026-09-03T09:13:17+09:00
GoogleNews:物価　家計,物価　家計,住宅ローン利用者は金利・物価上昇にどう向き合うべきか（２）－家計債務の拡大がもたらす資産形成の後ろ倒しと対応策 - nli-research.co.jp,https://news.google.com/rss/articles/CBMib0FVX3lxTE9vN1NUSHVUMWRWbUJ5N0hWX1A2TXQwMXNmal9LOUJScXNkd3NoZjdHbTVsNDd4TzlvMktHVGFLT1doUU5ERmREUTQtLUstSWVkNTItcDVNT2RFTS1RbGlRSnFYdmNrRjdHWmtpSENlTdIBf0FVX3lxTE1EUE9MU2k3TUNpcEVrd3hYVnA5Y3JSYWNuVG5zQ29remh6bVFYcDkwNUdyWXZ5a2Qxd20yX2NZV29hOGFKbmdPNjhsNnBKZDlwOXRJanZTRkN1enZ1MDZ5NlFyLVczV2g3NmpMMWZPNW5FWWRxWFplbmlGcmdwQTA?oc=5,"Tue, 31 Mar 2026 07:00:00 GMT",2026-09-03T09:13:17+09:00
GoogleNews:物価　家計,物価　家計,韓国銀行シン総裁「物価・住宅価格・家計債務の三重苦…適切な時期に利上げ」 - BigGo ファイナンス,https://news.google.com/rss/articles/CBMidEFVX3lxTFB1YVB0MG1qMlpQUTRPYUQtXzZBZkJjNEppOTVhVkhubjRJRmdiOE1oMEs3S2Vsc01Ydm93c2s0eDd3TWtPdk85ald5ZVlNMk9NRHRHNXFrd3VkWHNOQzZQV1d5WnJTUjNYck9QTTVmdmh1MVNC?oc=5,"Wed, 08 Jul 2026 07:00:00 GMT",2026-09-03T09:13:17+09:00
GoogleNews:物価　家計,物価　家計,住宅ローン利用者は金利・物価上昇にどう向き合うべきか（１）－返済比率制約と家計バランスシートからみた住宅取得の成立構造 - nli-research.co.jp,https://news.google.com/rss/articles/CBMib0FVX3lxTFBCdHlJc2pGRTNJSjhUaW5mX3Q1UlRTeGlUZHhxbG1QTXB6R0lFX0lEN2oxWjJZbEUtMGRsNmc3Q2F0ZU55NW1mN0xYUU9xQXdoNFRZQzd2X0NaSzlMNmh6Zi1MWTJPYXZBOUh2aG9RVdIBf0FVX3lxTFB0eHNDaDZmTmRveVlrZmJGYmdPRlFjYTZaQlRhTlJPaFNBMG9VVjVTYmYxWHhya0hwUmNwSXB4X0k3S3BjXzFCcGtjWUtLVUNnNy1uYjkxRHZnNXNXWDFKVmtuLXZqeXQxU1hZaXhQWXB1RHRTNzNDZkF6VXAxelU?oc=5,"Mon, 30 Mar 2026 07:00:00 GMT",2026-09-03T09:13:17+09:00
GoogleNews:物価　家計,物価　家計,一部に無理をした投資も＝物価高騰下でNISA投資家の状況を調査－家計診断・相談サービス「オカネコ」 - 時事フィナンシャルソリューションズ,https://news.google.com/rss/articles/CBMidkFVX3lxTE51NElFaU9Td1lPSHF6N0NSbU9MZ2M0cEV2czdEeWY0TmZZenFndU00X0JhTXBRTEZXRmxucVdpVlg2SjYyaG0wSXdIR2Rta1VtM0lEdktuNnhrVHBMbU91ZlBLMXZCZHBENEV4WFprZ2tSc0psbXc?oc=5,"Thu, 30 Apr 2026 07:00:00 GMT",2026-09-03T09:13:17+09:00
GoogleNews:物価　家計,物価　家計,［経済フォーカス 識者の眼］原油高 家計厳しく転嫁困難 インフレ加速回避か - 読売新聞,https://news.google.com/rss/articles/CBMibkFVX3lxTFBPNTRjbnhiQVRfaHMtMFlTX0Q1VnBqVGxPZGhFM0w0OXBwUVphN1U2TGxjUldNQjVLdnhWMl9aeTZzU25MX01ZS1BnZzUybE05QTB5b2llcHNuS3VfMTNwaGFKX21pbEIyZkNMXzNR?oc=5,"Mon, 06 Apr 2026 07:00:00 GMT",2026-09-03T09:13:17+09:00
GoogleNews:物価　家計,物価　家計,家計を応援 物価高騰の中でイオングループが食品などを値下げ（khb東日本放送） - Yahoo!ニュース,https://news.google.com/rss/articles/CBMif0FVX3lxTE9MTU9rdjVKYzlxR2E5MXJTMnBtS2xxT1lwVTZ2Vi04d3BtVHAxamE5Uy1XNlRUNXR4ZU53Zk85NFRIZ012bVZCbHBRRmpoSlFBTHJsSmQ2M0VnYTd2OHZuZmFwT3hCcTZFaFM0YXMxZTVONWlqMHFGaHhRTEw0VXc?oc=5,"Wed, 20 May 2026 07:00:00 GMT",2026-09-03T09:13:17+09:00
GoogleNews:物価　家計,物価　家計,商店街プレミアム券 家計を支える追い風 県・市の物価高騰対策始動 | 横須賀・三浦 - タウンニュース,https://news.google.com/rss/articles/CBMiZEFVX3lxTE1KaXpnRjlKYVFIN2VsQzQyc25PaW5EVHl3SEpaWHpnamp1a0VKV1N6ZGlZc1Z3WVNGcGZpaXR0T3NTUU54Y3FtT1ltYVpIQnFlQ2luN3F5bWJraXM3cjFJVjVRa3Q?oc=5,"Fri, 01 May 2026 07:00:00 GMT",2026-09-03T09:13:17+09:00
GoogleNews:物価　家計,物価　家計,🔷成田市物価高騰対応家計応援全市民対象にスマートフォンなどで利用できるデジタルポイントを給付h... - 選挙ドットコム,https://news.google.com/rss/articles/CBMiX0FVX3lxTE9yUXlHRWg3WjNPdG9zeGhuRTRJNXNlN0RRdlp1QUVHRTBBaTdRSXZrM3JZQU02T08tSm9vQnVIOU9DMVRNRGRfdWZ2MTAxc29VSFNFblZjX3ZPdlRYMVpj?oc=5,"Wed, 06 May 2026 07:00:00 GMT",2026-09-03T09:13:17+09:00
GoogleNews:物価　家計,物価　家計,中東発の原油高ショックで5月の消費者物価3.1%に急騰…家計は「三重苦」に直面 - BigGo ファイナンス,https://news.google.com/rss/articles/CBMiX0FVX3lxTE52Z29lck5YcmxIenZ1VDZYSmJZWnRvQTJYdzFZUlg1bkhlU0lqaEdTT3QtS3NTZng1TV9fZUNkV2JkSnc4UTIxbVMwX2Z5YkVKWEstN1k0RmdIcEdsUFdn?oc=5,"Tue, 02 Jun 2026 11:04:05 GMT",2026-09-03T09:13:17+09:00
GoogleNews:物価　家計,物価　家計,原油価格高騰「家計の購買力低下」懸念 TDB調査 - ECのミカタ,https://news.google.com/rss/articles/CBMiWkFVX3lxTE5aUndLc2RCa2JvMXpVbmJkdURIeFBFXzUxZXRwR3pmdEF1Z0lSNkpOLUJKeUIzYndxZjllSEswS1NybGdkTHlaTXIwRm0yVEd4N3hhQlhyd2hQUQ?oc=5,"Wed, 25 Mar 2026 07:00:00 GMT",2026-09-03T09:13:17+09:00
GoogleNews:物価　家計,物価　家計,加古川市の「家計応援ギフト配付事業」に、デジタルギフトサービス「デジコ」が採用 - 神戸新聞,https://news.google.com/rss/articles/CBMicEFVX3lxTFA4eU1ZSnJvMUQ5aGZjQlVYWVBkSnM1Y3FuZ0pnbklFRE5FSE5Nc1BXbU0tRmpURUZPM01iVUdUa0hlYlZINmxCLTBJU3VVMGVZSlN6aGRoVEV1QXBfSUI0ODJwVEFmOE9kUXhobmFVdmc?oc=5,"Thu, 30 Apr 2026 07:00:00 GMT",2026-09-03T09:13:17+09:00
GoogleNews:物価　家計,物価　家計,物価高騰が家計を圧迫し自己破産が急増中…3年連続で増加、14年ぶりの高水準に｜仕事力がアップする経済ノート - 日刊ゲンダイDIGITAL,https://news.google.com/rss/articles/CBMiZ0FVX3lxTFBZWHlnLWRoVl91cXNReHktd3hsdkdIZG9PaG9sLWpJQkk4QU5NWmNSN2hDX0JHVTlxMERJcnRiTy02RlQtU0k0SXNMUFhKSV92WkdNUjJWS3Y1NTZvV2IzMS1vX2M4TzQ?oc=5,"Tue, 31 Mar 2026 07:00:00 GMT",2026-09-03T09:13:17+09:00
GoogleNews:物価　家計,物価　家計,家計を助ける物価高騰対策 「お米券」からデジタル商品券まで多彩に - BCN Retail,https://news.google.com/rss/articles/CBMibEFVX3lxTFBqLU5xMmZJUVlmdS0wdGsxd1FheE1JLWNVdlhpeDFDZDBrX2FNSXVZRzJ1N21Fd0RnS3lEMnk2aUhKX1FuMlJSRVdrZ2Zab2dXd1Vzc0xWTGZXVEdFcTYtMlBZMG5VVkpXdENNUQ?oc=5,"Sat, 28 Mar 2026 07:00:00 GMT",2026-09-03T09:13:17+09:00
GoogleNews:物価　家計,物価　家計,【業務スーパー】『物価高騰きつい・・・』家計に優しいコスパ最強副菜♪ちくわ×豆板醤の簡単アレンジ3選（みみこ） - エキスパート - Yahoo!ニュース,https://news.google.com/rss/articles/CBMiiAFBVV95cUxPcFNWdWtLbUg1NDc2d1B1amlWUlNvWFM2TlpJRFRmTkJxYTBqUkMxUlNqUjRoNFVaZUo3eGlHQjlwOGg5Zlg2YUVXYzVrNnJuUFdkYWZKYUpwV1RiRlBGZjZySWlEWUlrcU9WRGcxQXhwbXhHMnBnT1dDRDJTUDQyWmowMURkZWpM?oc=5,"Thu, 26 Mar 2026 07:00:00 GMT",2026-09-03T09:13:17+09:00
GoogleNews:物価　家計,物価　家計,食品値上げ2万品目超　エンゲル係数28.6%が映す家計の負担増 - 財経新聞,https://news.google.com/rss/articles/CBMiY0FVX3lxTFBaU2xHMVZDU3dNaVBPZVhsOHJZUXZ1YnB5R0w1cVBTcVhFRGlFem41bjd2UGpWeS1ZbzBBVWFLNjZ5Yk1md2lVQXAteEdwbTNZWnlWcER5MkQ4RnN1UUxTNXN6c9IBaEFVX3lxTE1NX25FanFjODU5Qlc3NFlDUm9sZFQ5d2ZiNFMyRVdva0Y3Z1F6MElZOW55b3VXSzNDMDNuaFRONjFiRVdhbERCdzZqWTZIZ0p0QnpBS1BYSk45UW9MbG9GYjktTEdGOU9p?oc=5,"Mon, 16 Mar 2026 07:00:00 GMT",2026-09-03T09:13:17+09:00
GoogleNews:物価　家計,物価　家計,「物価が上がるので、悲しいですが第2子は諦めました」世帯年収500万円・35歳女性のリアルな収支内訳 - allabout.co.jp,https://news.google.com/rss/articles/CBMiTEFVX3lxTE5aRW1GRWFzVFVDZDl1Z0JUWTM4eUhEVlM0ckFpVkdUZDJLMmdCckFGUF9SM1BkWXpNVE5SeENqRF9HZ0hWeUR6eTY5YUE?oc=5,"Wed, 25 Mar 2026 07:00:00 GMT",2026-09-03T09:13:17+09:00
GoogleNews:物価　家計,物価　家計,家計は物価上昇にいかに対応しているのか？ - jcer.or.jp,https://news.google.com/rss/articles/CBMiaEFVX3lxTE1OcVlIZXJlVm94VlJZNmdBVFZxbjd1azRXMV9pbWNoc1dDbjdVRXBrVC13eUVydXVUZVNYUF9aVDRNeGVUTDdBR3FtUGllYjdyRHVBQnVEeGR0enNwY0dwa2c4cUxwQkxk?oc=5,"Tue, 02 Dec 2025 08:00:00 GMT",2026-09-03T09:13:17+09:00
GoogleNews:物価　家計,物価　家計,四万十町家計応援商品券の配布について - town.shimanto.lg.jp,https://news.google.com/rss/articles/CBMibEFVX3lxTE1JVWo2N0oyMGFUT0M4aXBYd3M2Mm8xWVRFaGQzVXV0d24xeEVVZHdfLUtjM1pWRWN3V2ZsYU9RMHQzTkI4cHIyRjUwa0JJaUdkVXViTklXUFlCeVF5SmlEZnVUaTRnbHpzYW9PdQ?oc=5,"Thu, 29 Jan 2026 04:01:56 GMT",2026-09-03T09:13:17+09:00
GoogleNews:物価　家計,物価　家計,令和6年全国家計構造調査における茨城県の状況 - pref.ibaraki.jp,https://news.google.com/rss/articles/CBMikgFBVV95cUxOb1RxLXpfcjB4ZDhDTVEwRF9ydkFOYnR3dllJQjdhOTMwZUlMSEFmc3NpTFlYX1ZSYVgyWUZYaC0wVmZsZ3hDVU1LNXFhUXhaYVpJOHU2R1d3V1VKQUxFTHpQUkJFOWhXY3BoeWRMNDlYb1VxdHphVEZ2R3RMZTZPRGJxb1dCSlNvd2tFeTZPWkJ2QQ?oc=5,"Fri, 26 Dec 2025 08:00:00 GMT",2026-09-03T09:13:17+09:00
GoogleNews:物価　家計,物価　家計,企業と家計の物価見通しのかい離 - 住友商事グローバルリサーチ株式会社,https://news.google.com/rss/articles/CBMiYEFVX3lxTE9rMnB5ajBHVzM4ZkxCYjk0dVVvMnNHVldvUktiTENDTFRMQjlJamRRd2hlclFnWU1STTM4YjdhRVpUVTdYcjdRcWc2eDg5elhIZUVOamtyQlBHcnVEZXd5ZQ?oc=5,"Thu, 26 Feb 2026 08:00:00 GMT",2026-09-03T09:13:17+09:00
GoogleNews:物価　家計,物価　家計,「おかずは5品から3品、2品に」家計簿から見える物価高騰 8.9兆円の対策に専門家が警告「100％違う」【報道特集】 - TBS NEWS DIG,https://news.google.com/rss/articles/CBMiV0FVX3lxTE1jMGZBUk1sOElxaGVNVjY3ZUdBQ2ZyVUUxOGJCazBDNnp6WVN1TER0UXVjVEtJWlBmbjJzdGpSd0dBVHNrVVh0ZzJVUk9qNUdNS1ZickxnQQ?oc=5,"Sat, 20 Dec 2025 08:00:00 GMT",2026-09-03T09:13:17+09:00
GoogleNews:物価　家計,物価　家計,2026年、物価上昇に負けない家計管理 住宅ローン「2馬力」注意点も - 日本経済新聞,https://news.google.com/rss/articles/CBMibEFVX3lxTE14Um8tVldNNzFPZ0pwbE1qU3ExLTNnMHhSNGdQSF8tUGlVSDM4OG5OSGpqRUhwSmhHN0hmalpVSkYtQ2JXU0xPMUpZUEVUUDFCSWJ5eVJBN2EzeUVqdU1QVXlMLW1KQkxYSGlWMQ?oc=5,"Fri, 02 Jan 2026 08:00:00 GMT",2026-09-03T09:13:17+09:00
GoogleNews:物価　家計,物価　家計,ホルムズ海峡封鎖「原油109ドルで家計負担3.6万円増」第一生命・永濱氏 - 日経ビジネス電子版,https://news.google.com/rss/articles/CBMiZ0FVX3lxTE1OamQtOWRwTlo5TzlybXNMblBuVzEweE9oWjJENC14aDdHMTlRdHd1V2hyQXVvNk01UHkzbk15R3gyWW1qUmRocVNZQnVBc3plWEl3VFliaW93OUh6TEYtNWVtYjdCQWc?oc=5,"Fri, 06 Mar 2026 08:00:00 GMT",2026-09-03T09:13:17+09:00
GoogleNews:物価　家計,物価　家計,【第２弾】物価高による家計への影響を調査 - PR TIMES,https://news.google.com/rss/articles/CBMiakFVX3lxTE1FdFNnZlFpMjI1SmVnRm5zbzB0bjRrQ05JdjlrS1l0WURwd2tRdDNzS01wTXBlWTFnbTM1WFFHa1puOEszM3g4Rl92ZjhQTnUtd0lVanNUSkprbUFqYV9teVVtVVJYdGl6MFE?oc=5,"Thu, 06 Mar 2025 08:00:00 GMT",2026-09-03T09:13:17+09:00
GoogleNews:物価　家計,物価　家計,年収の壁に物価連動案、2年ごと見直し 家計負担緩和も 政府・与党 - 毎日新聞,https://news.google.com/rss/articles/CBMiaEFVX3lxTE1KdHpnY0dlemhTRkNKdk15YWlpajI4MDVjMENzQUszNkhVcjdfVEcxczNDRGk5M0hBYlZiclJ0MVZtRlg5VDl5Z0RPYlBqdzZDRFpPQVpxbnI0d3lSNERWa0VhaENBR0hM?oc=5,"Wed, 10 Dec 2025 08:00:00 GMT",2026-09-03T09:13:17+09:00
GoogleNews:物価　家計,物価　家計,食品消費税ゼロ、物価抑制効果は「1年間」だけ 家計の苦しさはそう簡単に変わらない - JBpress,https://news.google.com/rss/articles/CBMiVkFVX3lxTE51RFdGcUxXUE5iZ2NHbVh0anZBcnM5NDZNNlV4V1F6ai1DOFNLN2o0d3NUcmRlMG0zNC1UNGtjZTJSekxVajVJendCOGg4VDkxbWdBdERR?oc=5,"Fri, 27 Feb 2026 08:00:00 GMT",2026-09-03T09:13:17+09:00
GoogleNews:物価　家計,物価　家計,「おかずは5品から3品、2品に」家計簿から見える物価高騰 8.9兆円の対策に専門家が警告「100％違う」【報道特集】 - TBS NEWS DIG,https://news.google.com/rss/articles/CBMiYEFVX3lxTFBmRTRpZFFsRnc0X2dtMndleVNUc0dlV0hsalprY2lnWk53VkRBSG1KUWZ5dElvNkJHbFdiRjZXMVNTX1E3bjJQMG5IcVVidmhwT2FuVy10b1Q1cm1PYlF3VQ?oc=5,"Sat, 20 Dec 2025 08:00:00 GMT",2026-09-03T09:13:17+09:00
GoogleNews:物価　家計,物価　家計,物価高騰で家計悪化 県内生活保護世帯の9割が苦境 子どもの教育支援求める声も - QAB 琉球朝日放送,https://news.google.com/rss/articles/CBMiWkFVX3lxTE9ycnlSY1gtMDNmbjJwdTV3MlJXdHlwQzU3TDNxcm9YZDd1SlgzVFdkNm50U3VHaWZiUTRWeDBlbUNXM3ItUDRpM2xsOVV0REFFdmptMHZ6VGN2QQ?oc=5,"Thu, 11 Dec 2025 08:00:00 GMT",2026-09-03T09:13:17+09:00
GoogleNews:物価　家計,物価　家計,ガソリン暫定税率が廃止になると、私たちの家計への影響は？ 専門家は“物価上昇の抑制”につながるとの見解も - TOKYO MX,https://news.google.com/rss/articles/CBMibkFVX3lxTE5JNWRaTXM2SDNsMGNIbWJ5djRSeEpBWndicEJPSmZnQm5KWEhZZmpXQTEtY0V6djlMSnRTcGVhZjhpVndGN2ZqV2hYY1RzckVyMWFGcGEzUTlDa2cxSTlBSE92TW9EQklnaDJTbVJB?oc=5,"Mon, 27 Oct 2025 07:00:00 GMT",2026-09-03T09:13:17+09:00
GoogleNews:物価　家計,物価　家計,消費者物価、10月は3.0％上昇 2カ月連続伸び率拡大 家計圧迫 - 毎日新聞,https://news.google.com/rss/articles/CBMiaEFVX3lxTE12Q2RfeEVqUTd6aXd5V08yWVpUMTRlRmNNMThQV09ESEZHZEZsRk5ob1JRNHdKODdpWGZiSFR4UHZmM29pWmxpQmtDUzUwYWdFQ0ZkLUdvN3FRNUJDNm44M3NzSFdWQ0dU?oc=5,"Fri, 21 Nov 2025 08:00:00 GMT",2026-09-03T09:13:17+09:00
GoogleNews:物価　家計,物価　家計,どうなる？2026年の物価と家計負担 - 日経CNBC online,https://news.google.com/rss/articles/CBMiVEFVX3lxTE5GeEdDUlp6VUNhYnctYjR3STc3aGg4OU44eENKMmw0SVgtdG8xc0FiT0dyZDEwd25Zam81WXdXNndxd2EzN2RDRGl3UXJfRnEzX2I0Vg?oc=5,"Fri, 30 Jan 2026 08:00:00 GMT",2026-09-03T09:13:17+09:00
GoogleNews:物価　家計,物価　家計,中国、11月物価0.7%上昇 食品値上がりで強まる家計の節約 - 日本経済新聞,https://news.google.com/rss/articles/CBMibEFVX3lxTFBDZVB2UlpqdXFxRWNHTkVPbXl0TmU5X2ZjNHZpbWtQbm5HUDkxSGNiOS1TQlFLUXFxUFl4cW1USVpKbHc2cVJ6QVduQ2VKZFA3bEpXMnlia21VM0ZsSkd4dVJTQVJoSFU3Y2xESA?oc=5,"Wed, 10 Dec 2025 08:00:00 GMT",2026-09-03T09:13:17+09:00
GoogleNews:物価　家計,物価　家計,11月の物価、3.0％上昇 食料品高止まり、家計圧迫（共同通信） - Yahoo!ニュース,https://news.google.com/rss/articles/CBMif0FVX3lxTE5pQ0xjY2pDSUhzQVNHRkZVeGhHOVZ1YzlPR2VJaUx1SVUwT3YxRG0yT004Z3poc3ItVmtzb1hIVFljYUJrZlNRaEhkZTQ2T2FaTkZLX1lUdjBqa0FYRGxteVFuZ0Y3eVFCYWFfRDFnLVJvelVoeW5sYS1zOTBTZmc?oc=5,"Fri, 19 Dec 2025 08:00:00 GMT",2026-09-03T09:13:17+09:00
GoogleNews:買い物　調査,買い物　調査,【買い物のタイパ調査】「遠い」けど「安い」スーパー、足を運ぶ人が7割から4割に減る境界線とは？ - 共同通信PRワイヤー,https://news.google.com/rss/articles/CBMiW0FVX3lxTE1BWGlROXRXY01BbEc1RExoUWc2V05EV3NlaTd3aFluSmlNVEVDOUdZV2RlLUdQOHdJRDZhSmhrNGFTRVV2NFZUTlpER2pRai1CSHFXWWl5WnFFTTg?oc=5,"Wed, 02 Sep 2026 01:00:00 GMT",2026-09-03T09:13:20+09:00
GoogleNews:買い物　調査,買い物　調査,2026年度「国内消費者意識・購買行動調査」 ｜デロイト トーマツ グループ - Deloitte,https://news.google.com/rss/articles/CBMikwFBVV95cUxPdzUwSzdMaDFxOGNwVGp1MDlvSVVrdjhCS1VRV29NckpfVDZ2NlFyTlhLZUxQNHJpekRLNDRDSkJvcFNBX0FTc2VrS1p5TUl4VVExUm16RVF1SVNkdDM5NkV5Z3Q1ZWlieVlRUldUOFJiWmJnOU85a3hfOHh0YXUwQTdrRFJZM0FyUDVqSV83OU8tb1U?oc=5,"Wed, 26 Aug 2026 07:00:00 GMT",2026-09-03T09:13:20+09:00
GoogleNews:買い物　調査,買い物　調査,【買い物のタイパ調査】「遠い」けど「安い」スーパー、足を運ぶ人が7割から4割に減る境界線とは？ - 千葉テレビ放送,https://news.google.com/rss/articles/CBMiZEFVX3lxTE9oUk1qdnRzZkJZb0ZxMng3bGlLaENwUWZRcXlGSnBKWGwzdVc1Z3dpUTR4d3FqblJPUnpUcU1iSGdhOTBOejFOZWZlTmdSNW42N2tnb2QyNDlWNzFaaWdGODIycXE?oc=5,"Wed, 02 Sep 2026 01:03:23 GMT",2026-09-03T09:13:20+09:00
GoogleNews:買い物　調査,買い物　調査,年末セール買い物予定者は34.9%、まとめ買い意向は50.7%に チャネルトークがECサイト問い合わせ意識調査を実施 - コマースピック,https://news.google.com/rss/articles/CBMiV0FVX3lxTE9tN2lUMms3TjlnQ3k2ZXNURFVtN2xyRmRPU09EbURWdWUwYmZYRENUUWlyY2NfZE9WYm5FMy1kQWdkdlhzQm5GdDBOSGQydkNuMzVVMG9hYw?oc=5,"Thu, 27 Aug 2026 05:08:03 GMT",2026-09-03T09:13:20+09:00
GoogleNews:買い物　調査,買い物　調査,物価高の中、生活者は何にお金をかけるのか？「生活者動向調査」で消費実態と買い物行動の変化を公開 - PR TIMES,https://news.google.com/rss/articles/CBMiakFVX3lxTE9pczktTnhVOGdMc2VYVWwxa3ljWTJ2cGIxQWdycnhUREJhSXEwTnMyZV9hS3dDd183OGlDNXdfZW93NEQyaXBiUkxjT29GNDFiQ0o3eF95OV9oOGZtdDJPTE1wUDUxNHlHWnc?oc=5,"Tue, 04 Aug 2026 07:00:00 GMT",2026-09-03T09:13:20+09:00
GoogleNews:買い物　調査,買い物　調査,「生成AIの回答、口コミより信頼できる」 買い物の情報源として……博報堂調査 - ITmedia,https://news.google.com/rss/articles/CBMibEFVX3lxTE1jeGVlV3FUZmlkakhkVlowTUIzckFSTjdPTmJCNTd3c09CemsteHFGMERsREJUNDc3S1Nvc2dORVlvVU5sMjNmNzE0SjlGa1hhdi1DamtvNUZlZjBhWktGX2RtRFk0ZkFwSkU4Sg?oc=5,"Tue, 02 Jun 2026 07:00:00 GMT",2026-09-03T09:13:20+09:00
GoogleNews:買い物　調査,買い物　調査,博報堂生活総合研究所 写真調査サイト『生活図鑑』 第七弾となる｢買い物｣カテゴリーを公開 - hakuhodo.co.jp,https://news.google.com/rss/articles/CBMiV0FVX3lxTFBhVEV4ZUNFUFZGVHlmWXJsQlFqR3F4NnlOMlhMUm1QcnB6VklZb3JmemVRYk5hR1UydTY4VWdQSGVpdHdWRS14ZTcwa3d5VElQX3ozdU9hNA?oc=5,"Wed, 01 Jul 2026 07:00:00 GMT",2026-09-03T09:13:20+09:00
GoogleNews:買い物　調査,買い物　調査,Z世代の2025年買い物調査、「ファッション」「推し活・エンタメ」が上位に - PR TIMES,https://news.google.com/rss/articles/CBMiakFVX3lxTE5qQXloMEhYMzdsZC1hQUt4Ymc3OENQUlBja1lIelJEUkJJXzVxSV9DTi1MZlJROFk3VTBoRUdlTFBocHFHOTdTNVZOQXFIcEdta2p4T2htYm9HcGNCQ0trWFJueUJYeEkyZmc?oc=5,"Tue, 23 Dec 2025 08:00:00 GMT",2026-09-03T09:13:20+09:00
GoogleNews:買い物　調査,買い物　調査,【2026年 買い物に関する実態調査】 店舗選びの新常識。「安さ・近さ」から「タイパ・体験」の時代へ - PR TIMES,https://news.google.com/rss/articles/CBMiakFVX3lxTFAzVFZFWGpmdGE0Q1dYUWNtSC1LbG5HZDVyRjFCTlhsbTUtYlZhelBVVXMxRll3c3ZVQWw3VnFnZl9rVmh4M2szVG9VWjg4UEpGelZkbUNkeXh0aUxaTlZscFd0TWRnWG5Qc2c?oc=5,"Fri, 24 Apr 2026 07:00:00 GMT",2026-09-03T09:13:20+09:00
GoogleNews:買い物　調査,買い物　調査,博報堂生活総合研究所 写真調査サイト『生活図鑑』第七弾となる「買い物」カテゴリーを公開 - PR TIMES,https://news.google.com/rss/articles/CBMiakFVX3lxTE5EeC1GV1p6QUlrdmk4VkF4NlBBQkMwZlV2QVBNYzVDWXByNms1TEZjb044U0tLUFhrWHN6UDQ1SkIwLUg2S1g4c0F6U2FtUG1Ic0ZDY2lVbW9RdWQtWmx3SVZmdUVIOUJwcGc?oc=5,"Thu, 02 Jul 2026 07:00:00 GMT",2026-09-03T09:13:20+09:00
GoogleNews:買い物　調査,買い物　調査,IBM–NRF調査：AIが買い物の前段階で消費者の意思決定に影響を与える中、ブランドと小売業者は新たな現実への対応を迫られている - PR TIMES,https://news.google.com/rss/articles/CBMiakFVX3lxTFBZVGZSaTY5RjRuTDBlLUhwcVJZSDM0QnJmT0xueXhFYWpBR25rc1R3NmJCYkE0dEpRWW1iWXFCNW5EbW1DZ2pvb3J1RFNGZXE1SkhCeUpjVnd2VGRNMGktaG0zaTJYaTFvTkE?oc=5,"Mon, 25 May 2026 07:00:00 GMT",2026-09-03T09:13:20+09:00
GoogleNews:買い物　調査,買い物　調査,【深夜の買い物に関する実態調査】深夜1時は「理性がログアウト」する魔の時間帯。24kgの漂白剤、3kgの牡蠣…「スケール感の麻痺」が招く悲劇とは？ | 株式会社HADOのプレスリリース - PR TIMES,https://news.google.com/rss/articles/CBMiakFVX3lxTFBkUmhCblV0anQtay1GLUJSY19hUXFKcVJ1bWRfMm1YMUNBTzgxcG9vOFJaOGxoa1VBeUtCSFJnc2IycjBJc1Eza2JiNzhSMEpBdzU4WkFUclFDTDdZNDk4VnRVYjh6OFFEVEE?oc=5,"Tue, 07 Apr 2026 07:00:00 GMT",2026-09-03T09:13:20+09:00
GoogleNews:買い物　調査,買い物　調査,290万人のレシートデータから見る「買い物動向」調査 1月、全国・地方別のキャンディ売れ筋ランキング - global.toshiba,https://news.google.com/rss/articles/CBMipwFBVV95cUxOQTdhTnltY1pmY3liYW5jenJ0cU9XZDdPN3JVN2lPUFR2MWYwc1JQNGdGTWtYMEx2X19rSHNURV9BSjZhVzZKOTdqLVA3UkNGWkM2U0xYaEpQTUVUMERwQ0YzTjhYVGR5SGJJVGgzSERCRDkyMnc2d3JoZk93WlBfNGJYNjFmdDU3MllBMUswLU15ajhWdTh1UGtUR3YwU2VaX2J2RHpYQQ?oc=5,"Wed, 25 Feb 2026 08:00:00 GMT",2026-09-03T09:13:20+09:00
GoogleNews:買い物　調査,買い物　調査,280万人のレシートデータから見る「買い物動向」調査 12月、全国・地方別の味噌売れ筋ランキング - global.toshiba,https://news.google.com/rss/articles/CBMipwFBVV95cUxObzdXRlVKazBoUFc5TGhjS2Rab2J2bTF0MllnM3hsejYyS3dDWHJzaGJVd0RVS3pXUS1FamxNZTNuUkpFQ2NDSElmaVlYVnBocXFSNms3OHBwSVo3Q2ludTkwNmRNbE1OdG5OWGpXUkM2S2hHb2lQcDdVOUJXU1dSUHRna1RDdWhXMzdBR2VxNUFpQU1WdllvOXNVVjFXYjBrWnNLODZaUQ?oc=5,"Thu, 29 Jan 2026 08:00:00 GMT",2026-09-03T09:13:20+09:00
GoogleNews:買い物　調査,買い物　調査,290万人のレシートデータから見る「買い物動向」調査 2024年～2025年の買い物市場を読み解く - PR TIMES,https://news.google.com/rss/articles/CBMiakFVX3lxTE81dXdPXzVwWTZCWGl6UXhnYldQemRqNmdzUmpJMHVFZTRKN3VTelFQNXFwYkc3TENxeUs4OUs4eDJINGVYQ1lxN0tQUnhQdVVCNDNaUzhMLUFBWG93andfcy1IcmVxOTZrNVE?oc=5,"Mon, 23 Mar 2026 07:00:00 GMT",2026-09-03T09:13:20+09:00
GoogleNews:買い物　調査,買い物　調査,ボーナス時の買い物に関する意識調査、4人に1人が貯金割合を増やす傾向に―創作品モールあるる調べ - コマースピック,https://news.google.com/rss/articles/CBMiVkFVX3lxTFBweGFmTzlpSnJxZkY3SVZDRDd3VjhkYXNlM043RF9wemdNMmE2bV9aSUNjOGQ5S3p0b1R2ekJyYXV4bWw4X0hqRi1vdGxKZ09fak5PSXFn?oc=5,"Fri, 26 Jun 2026 07:00:00 GMT",2026-09-03T09:13:20+09:00
GoogleNews:買い物　調査,買い物　調査,mitorizが実施した食品と日用品に関する買い物調査の結果 - コマースピック,https://news.google.com/rss/articles/CBMiVkFVX3lxTFBLeWxoVTEzTDN5aDZVallZSmk4RmdPNVVOSFlZMmUwc3Q2T3RvZGhxUUVHaXZaNXRRbkVuRGJ4dXlTWnpaOGtnbmF3c1k2a2RrRnJjR2hn?oc=5,"Thu, 04 Dec 2025 08:00:00 GMT",2026-09-03T09:13:20+09:00
GoogleNews:買い物　調査,買い物　調査,物価高で6割以上が今年に入って「買い物レシートを二度見した」経験あり。約4割が「細かく見るようになった」と変化を実感 - PR TIMES,https://news.google.com/rss/articles/CBMiakFVX3lxTE9BcU5Fc2dhNldFLTRLRUlqblBxc0JSOXFHb0hXX3oyaEhWalNWc2xPdTZ2c1RWMjFNbVY4Rjh6VHZaODFHdl9jRGdHZkdqOEVJWGd2Y05kc041NHhtMXFlTW1OODVvY3o1WVE?oc=5,"Thu, 19 Mar 2026 07:00:00 GMT",2026-09-03T09:13:20+09:00
GoogleNews:買い物　調査,買い物　調査,＜Qoo10「2025年買い物における女性の心理白書」＞2025年、女性たちが買い物において重視してきた考え方とは？Qoo10「2025年買い物における女性の心理白書」発表 - PR TIMES,https://news.google.com/rss/articles/CBMiakFVX3lxTE9IY3JKSl8zY2RWWS1pT0xPR0VNNlpPOFRHenJMZUpWRGs0c2VhdE5nOWpqZzJWalpXR01fd2NKUkhsZUs3WGhldHNPZ2c3c0VvWkJxZHBLRkt6T05yQ181OWJ4bF91UmhrRnc?oc=5,"Tue, 20 Jan 2026 08:00:00 GMT",2026-09-03T09:13:20+09:00
GoogleNews:買い物　調査,買い物　調査,もはや値上げは生活の一部？7割以上が「値上げ慣れ」を実感。約4割が「10円20円の値上げには驚かない」と回答 - PR TIMES,https://news.google.com/rss/articles/CBMiakFVX3lxTE1INlEtOGVxOXVoVUloVUpHcHBuOUlhRm5jeElucThQQlRWWDBzWTNLemNKTHhhV2VQMGl4X2V0T25DeHZyRU5RemdzM3dDU0pXSXR4UmJnVHJ2Q2czWVItVW1NY2RsRWRKSWc?oc=5,"Mon, 01 Jun 2026 07:00:00 GMT",2026-09-03T09:13:20+09:00
GoogleNews:買い物　調査,買い物　調査,300万人のレシートデータから見る「買い物動向」調査 2025年度売れ筋ランキング - global.toshiba,https://news.google.com/rss/articles/CBMipwFBVV95cUxNUzFaYnBKNjBQcWYyUlljRzc3U1NhNi1DcTdEZVZidS1iSVRUOC0xbzlsSExWZzBKSmt4azJfbFNzWmp0OW90a1k3V3RZYVFncUJzZkFDbDBoNGtZdHRRdUJVV193ejg5MDJ1Uy1IRmpvVEFxNUZzV0pRY2VYd1loOTc5TjF5bHlKTnFVM2dJbDF6SjFpUDBqRlQxSlpURklEbWJZYV9GMA?oc=5,"Tue, 28 Apr 2026 07:00:00 GMT",2026-09-03T09:13:20+09:00
GoogleNews:買い物　調査,買い物　調査,「生成AI利用者」約7割が買い物で活用、うち約6割が購入 エクスクリエ調査 - ECのミカタ,https://news.google.com/rss/articles/CBMiWkFVX3lxTE9nVG13UnVqS2dtZ3Z5MjliYVQtb1ozZEU0NERzcWVSUlpmTTc2V2pzcUJEU0tyRGZUSVl3R0xCeS1BNXhET3plYzBBM1RBeTRzRW1QMlZ3X1ZQQQ?oc=5,"Thu, 21 May 2026 07:00:00 GMT",2026-09-03T09:13:20+09:00
GoogleNews:買い物　調査,買い物　調査,AI時代の買い物、約5割がAIで選んだ商品で「後悔・失敗」を経験 約9割がAI活用後さらに情報収集 - AMP[アンプ],https://news.google.com/rss/articles/CBMiVkFVX3lxTE9xZTFuZDIxYXM5ZnM0Nko2X0lLbFZQSjBjbE5Ib0ZhTUkyNTZKU2VNUk1ha0V2MjI1UWM0aFFmZ056NFZSaGRveTdnaW9yTENwc1U2R1ln?oc=5,"Tue, 05 May 2026 07:00:00 GMT",2026-09-03T09:13:20+09:00
GoogleNews:買い物　調査,買い物　調査,Amazon、今夏のお買い物に関する調査を実施「節約意識高まる中、7割がワクワクする」プライムデー開催に向けた消費者動向を発表 - コマースピック,https://news.google.com/rss/articles/CBMiVkFVX3lxTE9KWWdHa2VIR0dHRU9nWWNQMmd2c3JWNG1hWnhJeklKcy1yQlEzSVUwVGlLa2ExQ0JUMXRoUFN5SXF2NmE2UXJPT04zYmlvZC0yeE5QRXpR?oc=5,"Tue, 16 Jun 2026 07:00:00 GMT",2026-09-03T09:13:20+09:00
GoogleNews:買い物　調査,買い物　調査,【マイベスト｜買い物のストレス・選択疲れに関する調査】 61.3%が買い物で迷い・不安を実感。情報過多による“選択疲れ”がメンタルに影響。新価値観「メンパ」を意識した買い物が重要。｜株式会社マイベスト - マイベスト,https://news.google.com/rss/articles/CBMiU0FVX3lxTE0tLTZWaXpuUVk4VHUxYmdURFdNSHU1Y0NCWER6d1pkVFpXLXp0ZFRiUV83ZFFhbjQ3cF9hTjlscWpNWVNRYjhzQU5GakdxSGtSa01Z?oc=5,"Wed, 04 Mar 2026 08:00:00 GMT",2026-09-03T09:13:20+09:00
GoogleNews:買い物　調査,買い物　調査,Amazon、ブラックフライデーの開催に向けて、「年末のお買い物に関する調査」を実施。「お買い得」「品揃え」「利便性」が3大ポイント - PR TIMES,https://news.google.com/rss/articles/CBMiakFVX3lxTFBfRlVQdk1CY2pvd2pBNlZMdTIxbTl2N3BLNEJYdjRHR1dxUDI5Y2s2SmdUY1pFeHBKY05OOG4xUVJvNXgyUk5QUW00ZU1EcEdSVzBqZVhlcnBlYjdUd2hiaGRRV0M1clVGd0E?oc=5,"Fri, 14 Nov 2025 08:00:00 GMT",2026-09-03T09:13:20+09:00
GoogleNews:買い物　調査,買い物　調査,ECサイト利用とそのAI利用の実態調査 - MMD研究所,https://news.google.com/rss/articles/CBMiXkFVX3lxTE5VaDVfTWNrM1VOSUd0SGVUNW05WE1Sc0RDU09PUWVBd3hhMC1lU0dOLXpoblh4TEFBem5EQkdfcExORjhYSkViX0tEbkhqLUEyUmkwQkFMX3BuUWdhY2c?oc=5,"Fri, 12 Dec 2025 01:03:44 GMT",2026-09-03T09:13:20+09:00
GoogleNews:買い物　調査,買い物　調査,買い物の情報源はチラシや店頭POPが主流も、若年層ほど“口コミ”も重視！日用品の購入は“特売・割引”よりも“ポイントが貯まる”をより意識 - PR TIMES,https://news.google.com/rss/articles/CBMiakFVX3lxTE9OelJBZ1BYVGVvM1RjTldVbU9hWk1SMWpiVEtIY3ZiaDU3bG5LaXdDR0l4YUZPUkJsNEhScXYxLTlDTUVjdGYybDI5X2IxVkpzbk5uNTdWdDJYaEEwVGZidXFVWFk4TU1oTEE?oc=5,"Thu, 04 Dec 2025 08:00:00 GMT",2026-09-03T09:13:20+09:00
GoogleNews:買い物　調査,買い物　調査,買い物客の8割が求める「自分だけの割引」、小売業はどう対応すべきか：スマートリテール（1/2 ページ） - MONOist,https://news.google.com/rss/articles/CBMib0FVX3lxTE9ZUlZ6Yy1lRlZpRlRzV25GYVBvUGN6U0l0d1BtNDA4WHVZY2RiRktJMUl2MG14TFpEUmFoSTU2ZG9SdV9LT2d3Vm9fenFiM1lvN2VJXzBJUWFoTmZYUFJ4THhCYlFhamlsQU5mc0lGSQ?oc=5,"Thu, 19 Feb 2026 08:00:00 GMT",2026-09-03T09:13:20+09:00
GoogleNews:買い物　調査,買い物　調査,生活者意識調査 第5弾 - ネオマーケティング,https://news.google.com/rss/articles/CBMijwFBVV95cUxPLTRxdlRqVkc4Mm96SEU3bVVsaEsxZGNkOXlCWjVWQmdpcjN5S0dqTjZIZmg0UXktMldXLXhXOFRsSXdhVlJ3Q2p2S08xRmJxTDJJbVFVS3N3b0xieDl1Qm1Qbkh2UzYweklRcVQwWl9peUF1TlFsdS16b0FSOGl1NHM5LVdpYWRSQV81OXZBWdIBnwFBVV95cUxPTlp1dmJNN1ZTQzJPZ2t2cEtoU25qZ3VBcldyMUg4Vnc0enl3QWVSZFZnWk9zWkl2b2VIRzZRNGZ2YkJxMGVJZnd3RkZsRGNMVFpmUGIwXy05enpGTDgyN2F3azlWMm1BdHZxQXhUUkNpN3RhRkRheHpqNnlHQ3RfYXRNNTZEcUtjOUR0cnFHNzVLeDBZZ0tKU180d3E5Rzg?oc=5,"Wed, 15 Oct 2025 07:00:00 GMT",2026-09-03T09:13:20+09:00
GoogleNews:買い物　調査,買い物　調査,買い物をするときに「迷いや不安を感じる人」6割超 マイベスト調査 - ECのミカタ,https://news.google.com/rss/articles/CBMiWkFVX3lxTFBqZ1lBc0stdU1RVXdUX2t3N2tMSVM4bDJlaW9zQUQtS2d4bHd4MnVWR3dHS190Z0FtMXFMSzhHd0NNYjFYVThjZjhMMTBDUEFXekc0MmJkRW9Jdw?oc=5,"Tue, 10 Mar 2026 07:00:00 GMT",2026-09-03T09:13:20+09:00
GoogleNews:買い物　調査,買い物　調査,【ネットショッピングの購買行動に関する調査（2025年）】 Amazonの利用がトップ、ECモールと企業オンラインストアの使い分けが鮮明 ―エクスクリエ調査 | 株式会社クロス・マーケティンググループのプレスリリース - PR TIMES,https://news.google.com/rss/articles/CBMiakFVX3lxTE9NTHdNUjY5S19IeFdPZWJVZmZ3QVcxbHdsQ256b1l1NHJ1N0diVFF3al9XaXd4b0xEZzZoeVZRcU9VQVgxbU9LejVwVXM2WFpoNTZFNHZ3bUlKVjljODh2ankxQzRtam9DeWc?oc=5,"Tue, 28 Oct 2025 07:00:00 GMT",2026-09-03T09:13:20+09:00
GoogleNews:買い物　調査,買い物　調査,DHL調査:5年以内にAIが買い物を代行する時代へ、消費者の29%が容認姿勢を示す - コマースピック,https://news.google.com/rss/articles/CBMiVkFVX3lxTFB5Q1RROUpvb0JUZzQ0ZkZFZUY3S282blhLYkVDWGZwT3RzMjgxUW5oekRYVURTdjVTa1NsWDdJUnZpRDdoRkMtNXVDbEloeDRCNHdna3Vn?oc=5,"Fri, 12 Jun 2026 07:00:00 GMT",2026-09-03T09:13:20+09:00
GoogleNews:買い物　調査,買い物　調査,長引く物価高の長期化で8割の消費者が買い物スタイルの変化を実感！変わった点は「ポイント還元・キャッシュレスの活用」が最多に【mitoriz調査】 - manamina.valuesccg.com,https://news.google.com/rss/articles/CBMiV0FVX3lxTFBzc01GMGNNVUd1SVdmWXlZNkdXbE9hUS1ucnJlMjhUa3Fjcmwwb1ZlN1ZjdXlqTllnQ1JnakFZOUcwVEFZY2RveGt3OUlVallRbHJzdFkwQQ?oc=5,"Wed, 07 Jan 2026 08:00:00 GMT",2026-09-03T09:13:20+09:00
GoogleNews:買い物　調査,買い物　調査,"子育て世代1,000人への調査で判明 商業施設を訪れる理由トップは「購入したい商品がある」 - アットプレス",https://news.google.com/rss/articles/CBMiTkFVX3lxTFBhQmhmcEdfZk5LRVZuUkJORTE3T1dDLUFnUWplUk5Rb1lsdEl4cmpHVTV3MHlFVU5ESHEyeW9lNlBlNmN1MmdkcHhPQW5oQQ?oc=5,"Wed, 12 Nov 2025 08:00:00 GMT",2026-09-03T09:13:20+09:00
GoogleNews:買い物　調査,買い物　調査,マカフィー、最新の「オンラインショッピングに関する調査」発表 - PR TIMES,https://news.google.com/rss/articles/CBMiakFVX3lxTE5uZkVqakJpeDFEUGpNcnFsM1ZEakJySWJPQ1FFZUNyeFVORjFhem9fTmt2SHNMSjUzSk9sTV8tV1FJRnF3LU96bnhaVzdiTk5neWIwYzQ4aHhJOGNVdURPdjRubGZaRlVxc0E?oc=5,"Wed, 24 Jun 2026 07:00:00 GMT",2026-09-03T09:13:20+09:00
GoogleNews:買い物　調査,買い物　調査,大人気「ハンズマン」関西人は何を買う？商品数は28万超！驚異の品揃え 年間売り上げ“約348億円”のホームセンターで買い物調査 - TVer,https://news.google.com/rss/articles/CBMiS0FVX3lxTE1PeGlza1VhTEhtM3lMQTBqS2hKNlQwV293a1Vfc3BmTXp0b1VaQXBDSDNLZXUxalRNLXpDemxYeTRYWktwY21JM080aw?oc=5,"Wed, 15 Jul 2026 03:36:05 GMT",2026-09-03T09:13:20+09:00
GoogleNews:買い物　調査,買い物　調査,290万人のレシートデータから見る「買い物動向」調査 1月、全国・地方別のキャンディ売れ筋ランキング - PR TIMES,https://news.google.com/rss/articles/CBMiakFVX3lxTE9oc1FuXzllb05NdDlTV0VmakVvSTgyV09KSmpmME1peHIzMG82cUhWeldJMXVma0ZyTlBraVdzT1J0eHFLZkJKRW15SW9Vb3VHWk12elVrZHdlbGZzdXhpWi1sc0VlelZ6ckE?oc=5,"Wed, 25 Feb 2026 08:00:00 GMT",2026-09-03T09:13:20+09:00
GoogleNews:買い物　調査,買い物　調査,買い物は「コスパ」、家事は「タイパ」、休息は「メンパ」を重視 日本インフォメーション調査 - ECのミカタ,https://news.google.com/rss/articles/CBMiWkFVX3lxTFAxY012cE1JVThvRUpEUUdnZC1namlsaVdVelZmZENGVXFBMF8ya0RhRDVYb1JiNEYtZXlIOUNpdVZ5UklSb282VzMweGVrQTNUZjBPV3JjUjVvdw?oc=5,"Wed, 01 Apr 2026 07:00:00 GMT",2026-09-03T09:13:20+09:00
GoogleNews:買い物　調査,買い物　調査,買い物で口コミを参考にするは94%。信頼できる投稿は「具体性」「写真・動画付き」。ネガティブ投稿への企業返信をチェックするは67%【口コミ影響力調査】 - netshop.impress.co.jp,https://news.google.com/rss/articles/CBMiXEFVX3lxTFBKQzVjSmpVc0V2VjBJY3JQY2djT04wU2tlLUUtc1M1bmtXcHVnRDA1TGFKb1BweUl2NklPNF9KSTNWSU1tY085c1FKUU9aZW4yWDIwR3hRVGpCTGJi?oc=5,"Tue, 23 Dec 2025 08:00:00 GMT",2026-09-03T09:13:20+09:00
GoogleNews:買い物　調査,買い物　調査,物価高で8割超が買い物スタイル変化、衝動買いは「お菓子類」が6割弱 - mitoriz調査 - コマースピック,https://news.google.com/rss/articles/CBMiVkFVX3lxTE5acUFwdjQwT3V6QUZvU0RGM3RDc2RBZUFWSW1uT2UwanJpNVNZY19nLWdIR0Fjd1dDSDFlczNHOFhzYlhMaWFWUW1ETDhKdGU3aGVDX0Rn?oc=5,"Thu, 25 Dec 2025 08:00:00 GMT",2026-09-03T09:13:20+09:00
GoogleNews:買い物　調査,買い物　調査,「Amazonプライムデー」先行セール開幕 Apple製品も登場 特別価格で販売【きょうから3日間開催】 - オリコンニュース,https://news.google.com/rss/articles/CBMiWkFVX3lxTE5Scm5wTTVudTM0Q1h1VWlxODQ1SDJLQ0h3UWc1b3UtdDFQRmdDQkxpcnd1cjZKRm41YXZPOU1rX3FCVlp0YlJtYVFMVXJ5dldOX0R4R043eHE1Zw?oc=5,"Tue, 07 Jul 2026 04:23:03 GMT",2026-09-03T09:13:20+09:00
GoogleNews:買い物　調査,買い物　調査,ネットショッピングでの支払い方法の調査レポート｜クレジットカードなどオンライン決済の利用動向【OREND（オレンド）独自レポート】 - PR TIMES,https://news.google.com/rss/articles/CBMiakFVX3lxTFBtZElIOEUxWXlrVzh0UnMxeWtKVU9NZkw4Wmo0WjE1TXRGWEhVcXRWazhjVGZwbENRc2FRbEtfbGN3M1hYdEw5MjRqQnljMC1wME1QMXJyVEYycjJNc2tpc0hIbHEwdWNmVEE?oc=5,"Fri, 07 Nov 2025 08:00:00 GMT",2026-09-03T09:13:20+09:00
GoogleNews:買い物　調査,買い物　調査,買い物・ショッピングに関する実態・意識調査（2025年7月定点ココロスタイルリサーチ） - クロス・マーケティング,https://news.google.com/rss/articles/CBMiW0FVX3lxTE1PTlFvUTd0Z242UG5nQkFxQVdpR3dTLUxQMUNZOURPaTZkUmd6R2RKckJSX3BBR3ZlQ1VTYm1zby1JZVpvbEJkaXZvUWJ1bHY5TkZxbWp2SHFEQU0?oc=5,"Wed, 23 Jul 2025 07:00:00 GMT",2026-09-03T09:13:20+09:00
GoogleNews:買い物　調査,買い物　調査,50～79歳女性の買い物意識調査。お金をかけたいものは「国内旅行」47%、「スキンケア」42%、「洋服」40%。ストレス発散、ご褒美などの心理的動機が増加 - netshop.impress.co.jp,https://news.google.com/rss/articles/CBMiUkFVX3lxTE5JdDM3TV85MFRjUGtKNTJUem42TmtQNU5fd1VnaWE3STNfTFNpdmtHX3JYVGczWURwak0wM2JyUC1PTnZrRVpFeDl0N00tREJBRkE?oc=5,"Wed, 15 Oct 2025 21:32:54 GMT",2026-09-03T09:13:20+09:00
GoogleNews:買い物　調査,買い物　調査,ECサイトの遅延・エラー発生時、6割以上が“静かに離脱”。別のECサイトで買い物は4割超【トラブル時の消費者調査】 - Yahoo!ニュース,https://news.google.com/rss/articles/CBMif0FVX3lxTFAyUml1RU9hOG1ZNE5tYTNlR2dFX251cDlseXFfaXhmZHR4MGp5SmFHUmFxWGRBb0xiNi14dWtwdnZqcUFOcWU1LUplM2dKZm5UdnJjZWdsMVEwQnRjUkNhclhKLUtreUlxODkyOEtwWmk3TlhMYk5BaEktc1hWRVU?oc=5,"Fri, 26 Dec 2025 08:00:00 GMT",2026-09-03T09:13:20+09:00
GoogleNews:買い物　調査,買い物　調査,コストコに関する意識調査、7割が「興味あり」も会員制度がハードルに―くふうカンパニー調べ - コマースピック,https://news.google.com/rss/articles/CBMiVkFVX3lxTE1XNUJnb2QwSHdJM3VudzN5M1hNbnRhdGdDWWJzNXBjeWthbnlnQVYxQXpKdGl0RUdMczhhZlFTdXp6RUZqbmtKSWtKaEpyRTdiYThwMVp3?oc=5,"Mon, 19 Jan 2026 08:00:00 GMT",2026-09-03T09:13:20+09:00
GoogleNews:買い物　調査,買い物　調査,"Amazonの年末買い物調査：節約意識高まる中でも品揃えとこだわりが重要、ギフト予算は平均11,102円で昨年比15%増 - コマースピック",https://news.google.com/rss/articles/CBMiVkFVX3lxTFBZcDVLdFBndmdaMjEzZW54bEFtV3ctbUhjekNIZk5ydHdCYkpuVms0RTc3U2xyT3hNVzlldEtMVXZFSnZyc2tZUGNRLXBaNGgxT3V6Umd3?oc=5,"Fri, 14 Nov 2025 08:00:00 GMT",2026-09-03T09:13:20+09:00
GoogleNews:買い物　調査,買い物　調査,日本の購買行動調査―購買行動から読み解く生活者の類型 - PwC,https://news.google.com/rss/articles/CBMikAFBVV95cUxNUk1IUFVhWk5FdENMM04yYzJ3N0FzaVdhX1VPUVpOVzcyUXhpTXdBNmhTeGZDcFplOFd0TURiODVuU2cxb1pmaVQ3WXB3YVFYWkFYRW1kNVVMa1hXd3pydDYxOWRPUjRBYzQ5OXAyaTZRQ0VPVjJPLXpGajl1RTJOejU5UFdScEZOY0ZiWldzcHg?oc=5,"Tue, 26 Aug 2025 07:00:00 GMT",2026-09-03T09:13:20+09:00
GoogleNews:買い物　調査,買い物　調査,共働き女性の約9割が「時間に余裕がない」と回答、創作品モールあるるが時短買い物に関する調査結果を発表 - コマースピック,https://news.google.com/rss/articles/CBMiVkFVX3lxTE9FMkQ2UEJqX2g1WW9jbjdTUW93UVpIY05ELUxkNHlBblBCMDdmeGFoWUlnZlAybXRoNU5CeTVQaS1heDdNV3JiU3VUeFJySnI5czg4Rnd3?oc=5,"Wed, 24 Dec 2025 08:00:00 GMT",2026-09-03T09:13:20+09:00
GoogleNews:テクノロジー　健康,テクノロジー　健康,働き方×AI×アロマ NECがテクノロジーで拓く健康経営の未来 | PR TIMES STORY | 生活情報 | くらし - 南日本新聞,https://news.google.com/rss/articles/CBMib0FVX3lxTE9zYVQ5aWZQdEwweWo2NVd3bVI1djBQbmZGdnpUTmtOYmI3bENsSXYtYnkwVmc3c1JfRFJ3cGtRcy11R0s0SDFQbkFZSjhrNVpxbDBvUUhXZkFEV2RxUEFQUVFJSXhBamo3ZnhKaWo4dw?oc=5,"Wed, 02 Sep 2026 14:55:30 GMT",2026-09-03T09:13:22+09:00
GoogleNews:テクノロジー　健康,テクノロジー　健康,＜画像5 / 6＞歯の健康は体の健康！テクノロジーを活用してセルフケアをアップデートしよう - ウォーカープラス,https://news.google.com/rss/articles/CBMibkFVX3lxTE16bjlCQXE3b0hTY1ZuQjFlUExzazhNYVIyZ2owdzd2cGhQODN3ajNaQ2dJVTByQWZZeDBiYVlxZWx1Nm8tUFBEX1RmTUlhUEE5NHlpS0VHR01OaFV3bl8zSlF2YXlsZ0J4X2V0TVFn?oc=5,"Tue, 01 Sep 2026 21:43:44 GMT",2026-09-03T09:13:22+09:00
GoogleNews:テクノロジー　健康,テクノロジー　健康,つくば市民の皆様の健康寿命延伸や生活習慣病予防を目指しPHRデータを活用した商品提案・健康支援による食生活改善の実証事業を実施 - PR TIMES,https://news.google.com/rss/articles/CBMiakFVX3lxTE1wLXhtR1VaUFU0YTQxYzh5TkFubWVxZDlxT2JMRDY2Y1ZTSUF2M2NYT2w5cXBfQnh0d3lkQW5YZ0VnMUVta2VFSGJ4TVZoZUpFWk9zRGlxMVAwMElZaXZvNVM0dmozcC10WUE?oc=5,"Fri, 21 Aug 2026 07:00:00 GMT",2026-09-03T09:13:22+09:00
GoogleNews:テクノロジー　健康,テクノロジー　健康,食事データ×ウェアラブルデータで、 健康行動を価値化する新たなウェルネス体験へ ピクセラ、健康管理アプリ「カロミル」を展開する ライフログテクノロジーと共創に向けた取り... - アットプレス,https://news.google.com/rss/articles/CBMiTkFVX3lxTE5BZkRVbGpERmpDYW53SnpVblF2SXlYWHZKZ2pockw0a0x6c05BT1piRFY3Rno4WmJGZnp3TFV0RWF4TGt2cUt2ODVlU1VoZw?oc=5,"Fri, 08 May 2026 07:00:00 GMT",2026-09-03T09:13:22+09:00
GoogleNews:テクノロジー　健康,テクノロジー　健康,【締切5/13】「2026年度横浜市トライアル助成金」～健康・医療分野、バイオテクノロジーを基盤とする環境・エネルギー分野の研究成果・アイデアの実用化を支援 - スタートアップポートヨコハマ,https://news.google.com/rss/articles/CBMiZ0FVX3lxTFBpd0YtU09ZQ3NrSGNRbjhYaTNCcjRFQ2RrTVh3SUdINjhoZDJINF93aGFqSTFCWEZUTzMzZmJ6REFhU3gyQU5GbVBNLWZFUEZwZU40M0cwLW5hUUQ0LWxhWGtyTl9KN0E?oc=5,"Fri, 08 May 2026 07:00:00 GMT",2026-09-03T09:13:22+09:00
GoogleNews:テクノロジー　健康,テクノロジー　健康,カロミル×ぼんたぼんた、アンケート調査から生まれた“健康おにぎり”新商品を共同開発 - PR TIMES,https://news.google.com/rss/articles/CBMiakFVX3lxTE5IUnEzOHFIcXN2bE42WHptNERNbUhUTDlrWHVnM1BDdWlJTERFTzNtM0V3dFhDcHlySlB4VFNrQlBkUG5XU2RGbXVpWXBxcWZPVGYzWm5pVklMbUg1OWxGX3kwZlp1aXF3Wnc?oc=5,"Thu, 09 Jul 2026 07:00:00 GMT",2026-09-03T09:13:22+09:00
GoogleNews:テクノロジー　健康,テクノロジー　健康,喫食データ×生成AIでここまで見える多様化する 健康意識層の“リアルな食実態”と商品開発・マーケティング活用 - PR TIMES,https://news.google.com/rss/articles/CBMiakFVX3lxTFBYNUstWTFkbWh1dkFkZmZhRDFiYTF5bW91YjR5TUlXQUk1U2ZOQWZpNGt6U2lfbXFtSEFOVTVJLVRWa2dZRUJ4TTB2c0VMdVVwR0Z0eDRlSl9JeFdJZGRMQndwbzV4WUZhcGc?oc=5,"Thu, 04 Jun 2026 07:00:00 GMT",2026-09-03T09:13:22+09:00
GoogleNews:テクノロジー　健康,テクノロジー　健康,テクノロジーで“健康寿命”を伸ばすAgeTechの最前線 米国で関心が高まる - Forbes JAPAN,https://news.google.com/rss/articles/CBMiWEFVX3lxTE8wNE1qZVB4b2xhSzFVLWMyRUtBUWxiNlNLMDFMZ1FNVk5xVThYdkk0WjB1RTMwWTdPY1E0RW85MXI1ZTB0S3lTaC1DdjVYVEtBaHloT0k0aXE?oc=5,"Thu, 15 Jan 2026 08:00:00 GMT",2026-09-03T09:13:22+09:00
GoogleNews:テクノロジー　健康,テクノロジー　健康,健康に貢献する信念を胸に、新しいテクノロジーに挑む - otsuka.co.jp,https://news.google.com/rss/articles/CBMia0FVX3lxTFBNNGVZOW1tZXRxeFpUNVlvVFBOMkxWbWhtVjI4Sm12ZW5tRmptclhuWTRxVGhMclpKYV9RTV9mcjhxZEszNVFOSk8xdUxPZVk5RVEwSW5kdmlFNlAzTUpmMXBQdm95d2ZUaUUw?oc=5,"Tue, 04 Nov 2025 22:17:22 GMT",2026-09-03T09:13:22+09:00
GoogleNews:テクノロジー　健康,テクノロジー　健康,未来調査2026-2035 先端テクノロジー編｜日経BP【公式】 - 日経BP,https://news.google.com/rss/articles/CBMiWkFVX3lxTE5TLVRKT1VDblFfcUJRb1BsMnB1VnB0QTVVVWtyb01IalFpbHBob0s5R1ZGMzFoaWRVdHRpX3c1Z21TbWhQeFc0ZWxMd0VuTnB1WDBjVUVTZHJFdw?oc=5,"Thu, 02 Oct 2025 16:29:05 GMT",2026-09-03T09:13:22+09:00
GoogleNews:テクノロジー　健康,テクノロジー　健康,【人生100年時代のテクノロジー期待度調査】健康維持と体の変化を補う技術に、いずれも半数以上が期待 - ASCII.jp,https://news.google.com/rss/articles/CBMiVEFVX3lxTE9YMkUtNHZ2NmtRV05GNEtLUGU5YTZudEFsdkZPZEFJOFZLWFFyLXFDWXBaYU1vQW5HVjU2QkJtX01fZ1EtcE8zYWRMcElWbkZ5MXRDOA?oc=5,"Wed, 24 Dec 2025 08:00:00 GMT",2026-09-03T09:13:22+09:00
GoogleNews:テクノロジー　健康,テクノロジー　健康,食×テクノロジーで健康を支える - シルタス - MUGENLABO Magazine,https://news.google.com/rss/articles/CBMiX0FVX3lxTFBGaEpDV1h2R3Nfb0tkd3U4QThwMk4wVlVXUTkxd0wwTm9OS2ZtTElteEdfNklIMlhmX1RlcnByams3SEE5UXNyeUFQMFduLU5ocTJ1d0ZrZ1dUOG4xdmZn?oc=5,"Tue, 24 Jun 2025 07:00:00 GMT",2026-09-03T09:13:22+09:00
GoogleNews:テクノロジー　健康,テクノロジー　健康,女性活躍推進テクノロジー協議会、新検定「WETC認定女性健康経営カウンセラー検定試験」をリリース - PR TIMES,https://news.google.com/rss/articles/CBMiakFVX3lxTE45ejJIb1RqSEx2X3A2NlZmWUdOeDVUdHNxSUw3TFptWEpvdjlRQlpEcDFCZWp5bjF1MVRsVngtbU5nRDhqNVRLTzl5ZTkwLWttdEtMMXc4WnJyWHFUbDY2Z1lCNmZyVGpaMHc?oc=5,"Fri, 14 Nov 2025 08:00:00 GMT",2026-09-03T09:13:22+09:00
GoogleNews:テクノロジー　健康,テクノロジー　健康,スマートシティ×公共交通・都市DX・未来テクノロジー・人材育成・健康・自治体経営｜調布市70周年の寄稿も掲載──見逃せない最新トピックを一挙公開 - PR TIMES,https://news.google.com/rss/articles/CBMiakFVX3lxTE9sQTl5czhZN3lIX2lDRjdTR0VSWGxLZ0gtc3JMcnEwSmNvdGh5RFBZMzdjajVwcGd1VDl4V185dU5VcmRsckZTdncxVThhR0F4MTRVVkhZNDZiMGFTRkdqMTRWcDZiaXRNb3c?oc=5,"Fri, 05 Dec 2025 08:00:00 GMT",2026-09-03T09:13:22+09:00
GoogleNews:テクノロジー　健康,テクノロジー　健康,Flora、「第10回HRテクノロジー大賞」授賞式に出席 フェムテック×地方の挑戦に注目 - PR TIMES,https://news.google.com/rss/articles/CBMiakFVX3lxTE1JWUJKWmcxQm1QVEpsbXFIa0xUT3Vmdlp3SDNmUzJRSm1vSVR0RkdHbUhER0dhWVdEZkN6eG4temh1TmthVmhudmV6bnRIWUo1Zy1WZkoxcHkzOUxQdDVLcjdJZUg2cGdLQmc?oc=5,"Fri, 17 Oct 2025 07:00:00 GMT",2026-09-03T09:13:22+09:00
GoogleNews:テクノロジー　健康,テクノロジー　健康,富士通パートナーとして医療の最前線を支えるエム・オー・エム・テクノロジー、健康優良企業「銀の認定」を取得 - PR TIMES,https://news.google.com/rss/articles/CBMiakFVX3lxTE5qaUpQWUhrZ2lYaXplT2M4Tm1OdTFfSHdlZEI5NEdnQ01rdVdNWUxDOEZyMTFYTlNWWUZFQTNWOVY0MG1GM01UWVdIdmY3VVdsWkJWcDJPOUJfNlk5VXZRTmVmTVd0X3J3ckE?oc=5,"Wed, 30 Jul 2025 07:00:00 GMT",2026-09-03T09:13:22+09:00
GoogleNews:テクノロジー　健康,テクノロジー　健康,セゾンテクノロジーの健康経営は経営のためではない 社員の豊かな人生を願う社長のライフワーク (1/3) - HRzine,https://news.google.com/rss/articles/CBMiTkFVX3lxTFB2MEY2MXJKVjV2U0V1Y3hQdEdHZjlJd29DUHhsbm9qY1VpTHdSLW9JLUlOX1JuOHJQX21aV3FuVVJ3NEZxWTlfcW9Na2JfZw?oc=5,"Wed, 30 Jul 2025 07:00:00 GMT",2026-09-03T09:13:22+09:00
GoogleNews:テクノロジー　健康,テクノロジー　健康,最新の美容・健康テクノロジーが集まる展示会「WELLNESS ＆ BEAUTY TECH 2025」を初開催！ - PR TIMES,https://news.google.com/rss/articles/CBMiakFVX3lxTE1vZlE3Q01pSGN0SGZTT3Myc2hlMFZvVmRuTjMyS3A3dGdBV1Q2cGNtSEFhNnNPVWI0elBNTnN1RzJxRnNrOG1YSjFjN3BlS3ltelljSVNhVEtQN3VwNWZtampTTXRvXzdhd1E?oc=5,"Tue, 15 Apr 2025 07:00:00 GMT",2026-09-03T09:13:22+09:00
GoogleNews:テクノロジー　健康,テクノロジー　健康,【プレスリリース】政策提言：超高齢社会におけるイノベーション ～テクノロジー・健康・介護・都市計画へのインパクト～（2019年4月15日） - 日本医療政策機構,https://news.google.com/rss/articles/CBMiTkFVX3lxTE84LWYxTDltSVN2M1NJRl9uTEVjNjVKU1pQU3hVNUV0NnlQdk5kQXZkZV9CMmFXek55Mk9lTEU4TWtqaUgwNzByTnRUdG43QQ?oc=5,"Tue, 16 Apr 2019 07:00:00 GMT",2026-09-03T09:13:22+09:00
GoogleNews:テクノロジー　健康,テクノロジー　健康,信頼、テクノロジー、女性の健康が導く次世代ヘルスケア、アメリカ発のウェルネス最新レポートを公開 - PR TIMES,https://news.google.com/rss/articles/CBMiakFVX3lxTE5ibEc0RUNzMTV1cTRhNElHaXNsZnhBWkJCRGU1MnhObVMwc3NYVW1vb216VWFRZ0ZUWHZaV3BkaEpHZDZPTXFGMFN0MzZUcTBvYXpNRXNTSG13TnR4U0ZITjBoNmRZOTBMcUE?oc=5,"Thu, 09 Oct 2025 07:00:00 GMT",2026-09-03T09:13:22+09:00
GoogleNews:テクノロジー　健康,テクノロジー　健康,健康・医療の問題をテクノロジーで解決する—イノベーション・マネジメント実践演習－ - seijo.ac.jp,https://news.google.com/rss/articles/CBMickFVX3lxTFA4aVNoQmlPaklLbU0wWXFwWVE1QUxKZjlZemlNWXpmWC0wWDhNT2tGR0d3bnNOLTZZbjZObzgzRzNBeGJwZXZuTW5NV3JybVJYRTZnWWk5cmFqUHRfZFpRUVk3TW0ycjUtXzNkU1NhR0lwdw?oc=5,"Wed, 04 Jun 2025 07:00:00 GMT",2026-09-03T09:13:22+09:00
GoogleNews:テクノロジー　健康,テクノロジー　健康,テクノロジーによるヘルスケアオートメーション（健康の自動化）を目指すドリコス社と資本業務提携 - 株式会社エアトリ,https://news.google.com/rss/articles/CBMiTEFVX3lxTFBMeFEzT1ZIM0hZb1J6NDhSMVJqMFFyZWVOSjcxcGdCaGZUTjBudlBBT0RycFhoOEpWWGZwYzVvVExNUFQ2VGFJVFZodWM?oc=5,"Tue, 25 Jul 2023 07:00:00 GMT",2026-09-03T09:13:22+09:00
GoogleNews:テクノロジー　健康,テクノロジー　健康,健康長寿のためのARDD：科学、テクノロジー、投資が再定義する未来 - EurekAlert!,https://news.google.com/rss/articles/CBMidEFVX3lxTE5PdEtabFVoY3A2Q1M4SkQyX2pOZFNaWWIzM1dOREJRR2stU2FrUXdvVTdhUXo5dF9FZ0NsUFdTVXo2QmJkRnpSRWhVZnlzZVRCMEQydzF6WVVSQXFBOFVRWmJDem9HbUVkOWlCX1NBSllVLUpV?oc=5,"Thu, 21 Aug 2025 07:00:00 GMT",2026-09-03T09:13:22+09:00
GoogleNews:テクノロジー　健康,テクノロジー　健康,ブリヂストン 女性特有の健康課題をテクノロジーの活用で解決する フェムテックプログラムを導入 - 株式会社ブリヂストン,https://news.google.com/rss/articles/CBMibEFVX3lxTFBLcENCeWdJdzdHczVDc2RwanBWR0lMQ2FJaG8taF9GX3JucjczRVRYc0FtdlQzejhHanRiQXJKSWp3ODdkQ0NOdnZrc2lISkhicnFzZDJTeVZvS1F4ckVDUmlqcW5ETHZPQm05ag?oc=5,"Thu, 27 Apr 2023 07:00:00 GMT",2026-09-03T09:13:22+09:00
GoogleNews:テクノロジー　健康,テクノロジー　健康,株式会社KALOS BEAUTY TECHNOLOGY メディア向け新製品発表、体験会開催のご案内 最新の美容、健康、生活製品の新製品を発表いたします。 - PR TIMES,https://news.google.com/rss/articles/CBMiakFVX3lxTFBHQnNMY3NJLWd0SnlVYVhMMW5DZy1yRGFxeWJEMk1fQmhYQWw1c3Y3MGp1S3lzVWswV3I4bUg1MC1YWXlzRVEtTFJNVlVEeW9PMUFuRjBzUFZsWjFnakhMc0RFX2Y4bXFtLXc?oc=5,"Fri, 07 Nov 2025 08:00:00 GMT",2026-09-03T09:13:22+09:00
GoogleNews:テクノロジー　健康,テクノロジー　健康,日高地方の浦河町で健康教室を実施！ ～地域の元気と交流を促進～ 北海道ハイテクノロジー専門学校 - 滋慶学園グループ,https://news.google.com/rss/articles/CBMiT0FVX3lxTE8xeG0xbFF1OHBlY0xZQmNhWlNpWDFaLWtUb2poS0NuOTdVdmNFVXlxdFg5d3RFeTFWY203Ti1CNWpSR0R5NFdfT0lnV3VBdnM?oc=5,"Tue, 15 Jul 2025 07:00:00 GMT",2026-09-03T09:13:22+09:00
GoogleNews:テクノロジー　健康,テクノロジー　健康,体力テストのデータ活用で子どもたちの健康と体力増進を目指す。宮崎市教育委員会ら三者で連携協定締結 - ソフトバンク,https://news.google.com/rss/articles/CBMiXEFVX3lxTFBRNGZBNnJvdWh5YlZnRmkwR3hES29LRjFJdFJ2QTNkV0JkSGZNUHBHN1VTSlBYMHpwYk5ZUXhCVkxNS1NkZ19ZMWVHYXVPbWJxVk5uRFE5bUNFN3FJ?oc=5,"Mon, 02 Jun 2025 07:00:00 GMT",2026-09-03T09:13:22+09:00
GoogleNews:テクノロジー　健康,テクノロジー　健康,挑戦者2024：テクノロジーで女性の健康支援―― 杉本亜美奈さん - 週刊エコノミスト Online,https://news.google.com/rss/articles/CBMif0FVX3lxTE1hQUptVml1QnZUVHkwVGwzNDBEMHI5c3pvbXl3S05kU0ppelNmVmFfVWx0TTA0eE14UDVlbTNpNk1SRGlSZVdKYmhQMTdtSWxxemhJQ3pVYk55YmhOWnp3NG4xN1U2VlNLNHNIcFdTVElITHBUOUh0T2ZCSTUwMjQ?oc=5,"Mon, 11 Mar 2024 07:00:00 GMT",2026-09-03T09:13:22+09:00
GoogleNews:テクノロジー　健康,テクノロジー　健康,ライフログテクノロジーとハウス食品グループ本社が資本業務提携を締結 | ライフログテクノロジー株式会社のプレスリリース - PR TIMES,https://news.google.com/rss/articles/CBMiakFVX3lxTFBoMXJ6VmUzU3NIMXhDdjIyUzRhdXd4Mkh5SVVFaFBxcTJQV1pIYlRiVGlESGlYcldxbmpyQXdSRGY5U3JwNVlTNzZiWEdoVnZRMk5OdDdkbHU3MlYwRTFxRjU4dUtUS1p4RUE?oc=5,"Wed, 29 Mar 2023 07:00:00 GMT",2026-09-03T09:13:22+09:00
GoogleNews:テクノロジー　健康,テクノロジー　健康,先端テクノロジーを活用し新宿・初台エリアのライフパフォーマンスを向上させる「Wellness Lounge ™ 」をグランドオープン - PR TIMES,https://news.google.com/rss/articles/CBMiakFVX3lxTE1uWTEwc0VVcWF2UGszVktjSTlVNVUxTWh4aF9VVndMODV1QjFCbDRqakpEWEJaaDhwZkJPSUduTHVHNkFtT1hMYUdjancxS1QtbElFRjZBeHBfY2d2QnZUVlhSTHBvamJhV2c?oc=5,"Wed, 23 Apr 2025 07:00:00 GMT",2026-09-03T09:13:22+09:00
GoogleNews:テクノロジー　健康,テクノロジー　健康,【開催報告】グローバル専門家会合『超高齢社会におけるイノベーション ～テクノロジー・健康・介護・都市計画へのインパクト～』GCOA-HGPI共催ラウンドテーブル（2018年11月2日） - 日本医療政策機構,https://news.google.com/rss/articles/CBMiTEFVX3lxTFA3OVpaR3NJbE5lSEtqSkdLS1Bac1RxWkNyOVZxaVRleEpIODVaMXllMm41aTA0RFVOUVEzaXRWcTQyMzc1VUVXVnd1Um0?oc=5,"Wed, 16 Jan 2019 08:00:00 GMT",2026-09-03T09:13:22+09:00
GoogleNews:テクノロジー　健康,テクノロジー　健康,小児の時間外の健康支援アプリ『キッズドクター』がテクノロジーを活用した子育て支援サービスの展示会「BabyTech（ベビーテック） TOUCH」に出展 - PR TIMES,https://news.google.com/rss/articles/CBMiakFVX3lxTFB0RkN1T0dLRGZUQmJybVJFLWJBVWVWMENYUWNDay1LYUY1QUNxTEZ5OEZQNTJhNDJkZjIwbWxfWFFHS2RUbU8yV2NIRWhUNlJRRGxDUVJkdUZVTHBEQ18yYXZaZXpncHQtY1E?oc=5,"Thu, 10 Jun 2021 07:00:00 GMT",2026-09-03T09:13:22+09:00
GoogleNews:テクノロジー　健康,テクノロジー　健康,美容、健康チェック、食事診断ヘルスケア領域に広がる先端テクノロジー - ダイヤモンド・オンライン,https://news.google.com/rss/articles/CBMiTEFVX3lxTE4ySnZsVG51ZTU3T05veG15WXc5T3R4Z1QzbUV4aHpVVTBjQmxEY3ZKbGJfSzRoNkRmNzNHXzdvM1VMN1lId1hvOEIxQ00?oc=5,"Mon, 25 Feb 2019 08:00:00 GMT",2026-09-03T09:13:22+09:00
GoogleNews:テクノロジー　健康,テクノロジー　健康,【協会けんぽ】社員の健康づくりを応援！『FAシンカテクノロジー 株式会社』の取り組みを紹介 - 日刊CJ Monmo Web,https://news.google.com/rss/articles/CBMiXkFVX3lxTE5oVzlPNEV3WXZhNnVKMW1TQVJLT3M2enFnLXdoNzh6eTVfUDBlRU9hVWI2NGNKQVFmMzBaN0JqYmZaSXZmYVJUeTZ1RzJmRW5jNUo4ZXVCZUUxN01WcEE?oc=5,"Thu, 06 May 2021 07:00:00 GMT",2026-09-03T09:13:22+09:00
GoogleNews:テクノロジー　健康,テクノロジー　健康,女性特有の健康課題解決へ向けたテクノロジーやサービスの展示会 Femtech Japan 2024/Femcare Japan 2024 に出展 - PR TIMES,https://news.google.com/rss/articles/CBMiakFVX3lxTFBFekhIWW5FaW9pdzI3cmtkZ3RjR1FId24yVlUzek1ueXhJc2pxMUZzUUt4Y2piWmNkZmZmT0JlRnJGQ3RUMXVfdjNqTWQ3cDVtYVJxZFBYLWkwbEpTeWo1S2JNVGVOcWEydGc?oc=5,"Wed, 20 Nov 2024 08:00:00 GMT",2026-09-03T09:13:22+09:00
GoogleNews:テクノロジー　健康,テクノロジー　健康,テクノロジーが人類の健康寿命を延ばす！ iOS健康管理アプリ「ヘルストレーナー」をリリース - PR TIMES,https://news.google.com/rss/articles/CBMiakFVX3lxTE5uZ3o1OHRIekc2aEVxMFhRNFdtYVNMcUZ3aEw2Qzk1X2ZOSnFTNEZfRkJJcFFFNTlZNm1tUEZLcWtmckMxTnRCVWhlWGVuSEdKOGRfdW9mQ0dsNFl6X1MzQjhsNTY1YzVpNnc?oc=5,"Thu, 17 Oct 2024 07:00:00 GMT",2026-09-03T09:13:22+09:00
GoogleNews:テクノロジー　健康,テクノロジー　健康,「京都発 テクノロジー×医療・健康」 社会課題の解決、エコシステム構築へ - TECHBLITZ,https://news.google.com/rss/articles/CBMiakFVX3lxTE5ZMlo2cDFldXJOOWJPZXVWUlZ3RE1vS0I3ODBRZUdDS3NYcTZVMHRCOFRIbEVYUThRSklwVzZOZWpla1Rmeko1Y0dHempEcWpKN3hxY25iWEYycGVFZXNxT19pSlpSNHBYTEE?oc=5,"Wed, 20 Apr 2022 07:00:00 GMT",2026-09-03T09:13:22+09:00
GoogleNews:テクノロジー　健康,テクノロジー　健康,パーソルクロステクノロジー、医療機関への厚生労働省立ち入り検査に対応する『セキュリティ健康診断サービス』の提供開始 - PR TIMES,https://news.google.com/rss/articles/CBMiakFVX3lxTFBaN1hpRHB2UkptcldUT0d1eV9veGN0amptZ2l2ZjdDZVZXQW4zcnI2YTZRVHJpRGlBYzZObTVBYWY5XzNwN1BlMmlTYTlCV2s2T3V5bDJidmliQkhmTnRxWEVLb191NlNyZUE?oc=5,"Tue, 06 Aug 2024 07:00:00 GMT",2026-09-03T09:13:22+09:00
GoogleNews:テクノロジー　健康,テクノロジー　健康,HRテクノロジーの活用で従業員の「幸福度」「働き方」はどう変化するのか - 日本の人事部,https://news.google.com/rss/articles/CBMidkFVX3lxTE03ZHVkR1N2YVQxNXdRbHBhY3ZQR1ZMRnU2NjZOSDRGY0p1a0ZPUGc1Q3JVNE0yb1QzenRMeUR3V0lfRmFpb0FBcFA3b2NtN284YzhBZ2tNU0JzQUt6UzR6UE1rVnQ2b1Z1NTV5dUtzX3VEcHR5QVE?oc=5,"Tue, 28 Jul 2020 07:00:00 GMT",2026-09-03T09:13:22+09:00
GoogleNews:テクノロジー　健康,テクノロジー　健康,圧倒的なデータ蓄積と分析精度の健康管理アプリで注目！ AIでヘルスケア領域に革新を起こす、棚橋繁行の挑戦 - sogyotecho.jp,https://news.google.com/rss/articles/CBMibkFVX3lxTFBuVWRkMWFUMkc0aDBEbzZQaHlWMmpmTHZHUDNsaDVFTEhxYWl5Rm41VGhQdk0tZWlZNjlOckdkLWI3aGVOa0Q3Uzc5andBT0dMbENXTVk5X2pURllHWk4zOFo0d1BiVURsTWE5Zlp3?oc=5,"Wed, 10 May 2023 07:00:00 GMT",2026-09-03T09:13:22+09:00
GoogleNews:テクノロジー　健康,テクノロジー　健康,「女性の健康課題をテクノロジーの力で解決！」 - tbsradio.jp,https://news.google.com/rss/articles/CBMiUEFVX3lxTE4tNGZrMWpudmZIams0V3V5R3hYeWNObWtrNi1xVUcteE1HMmJaNnNLVTZqOGhwME1XZm9HdkhsTVNUbFVIbEhiU01kYjZ4dzFs?oc=5,"Wed, 15 Dec 2021 08:00:00 GMT",2026-09-03T09:13:22+09:00
GoogleNews:テクノロジー　健康,テクノロジー　健康,日常を変える「テクノロジーの力」 スマホとスマートウォッチがもたらす健康管理革命 - ニューズウィーク日本版,https://news.google.com/rss/articles/CBMiZkFVX3lxTE1IeDlrd3MwTDNLQlBjdXZWRGxvNjFNY3VKZ21BNGZWOFpCMkI1TjgydWFzdWxIUU80Qm03M2hhUHFZcjh4UU14MUFaVnEwSVd4Tlh6R0xXeGpLV0tLeGZ3RGpVNmJkZw?oc=5,"Thu, 18 Jul 2024 07:00:00 GMT",2026-09-03T09:13:22+09:00
GoogleNews:テクノロジー　健康,テクノロジー　健康,世界的健康ブームは「トイレテック」と「脳テック」 “自称健康マニアアナ”が見た世界最先端テクノロジー⑤ - TBS NEWS DIG,https://news.google.com/rss/articles/CBMiVkFVX3lxTE1DMGRURnlYTjJhdzN3b2dlN3FXUjlNWEl1Rko0RTlVU2h6bUNXM1A1WjZ2cjRXSmZTQWFkVTE1V3k3VTFWU2tOMHUybkRGNkRMRG94WmlB?oc=5,"Sun, 22 Jan 2023 08:00:00 GMT",2026-09-03T09:13:22+09:00
GoogleNews:テクノロジー　健康,テクノロジー　健康,女性の健康をテクノロジーで考えるフェムテックイベントに 漢方専門薬局が出展 「WEHealth2025」＠原宿 - Newscast.jp,https://news.google.com/rss/articles/CBMiR0FVX3lxTFBoRXhMSTdoY2V4cnAtUTF2dGpxNUxUZHpHZE5UWThwM1dEc09IYTB1U0toYkUwbXdIMnpCckxLTTJpYm44SzBv?oc=5,"Wed, 26 Feb 2025 08:00:00 GMT",2026-09-03T09:13:22+09:00
GoogleNews:テクノロジー　健康,テクノロジー　健康,2026年最新テクノロジートレンド総まとめ。プライバシー、健康、集中力、環境、身体拡張まで網羅する注目のスマートデバイス5選 - internetcom.jp,https://news.google.com/rss/articles/CBMiigFBVV95cUxNR2szMW1kbzgwbW1rTXd5RmNaQUs5Ti1VVzJ0YzVTNXhoWlhUUmtkbXI1M05JNHBaTkVhMzNtaTVVMDBfQjQ2WWpvTGxSYUR0WXl5ZzRzdmF0TnVWX0NnYjBCNDhPbVlMUDZpdVM0ZXVlS3ZjN2VwN3o5NlBQVnVOVU9UbjVlTnRtdHfSAY8BQVVfeXFMUGl6M1NDdVI4V0gxSUk0ZHFKV1lkbFBSd1piYTlGU1R5UVFMcmtSMFBQamh6ZkRNSVZuVVZySEZ6N2Zid1lZV25zZnpteTBIWXdHSmp4Y2lYZ2NVYTl6OGlOblMxOXFaeTgwdVJsaHc4ODY1WGVKUnVBeHp4VTNtazNJejFJTjRrYzBPZWJ1RDA?oc=5,"Sat, 24 Jan 2026 08:00:00 GMT",2026-09-03T09:13:22+09:00
GoogleNews:テクノロジー　健康,テクノロジー　健康,TISの健康活動サポートアプリ「ASTARI」とライフログテクノロジーのヘルスケアアプリ「カロミル」がキャッシュレス決済による食事の自動記録を実現 - PR TIMES,https://news.google.com/rss/articles/CBMiakFVX3lxTE04YXZxUHphVGcyczlLUXZBVWFDaF9tOS1VaFo5c2M5OHU4SUF0MkNGVzhpSXdycDlqek1tLXJCTVhlNWtJOFdMWDhSYmJmMjhsNDl6RmUzOEJjWGlWTmNHRjBWdkJSNk5FUWc?oc=5,"Wed, 24 Mar 2021 07:00:00 GMT",2026-09-03T09:13:22+09:00
GoogleNews:テクノロジー　健康,テクノロジー　健康,JMDCとライフログテクノロジー、食事データを含めたライフログデータの活用に向けた業務提携を締結 - PR TIMES,https://news.google.com/rss/articles/CBMiakFVX3lxTE9vdUE0RFYwMFZiN1F1LWo1aURwSmNVb1RLcVZRV2l0d2ZlQXBYMU5LVWRZSHFUTV9VVnBuMV8yeW5JTGVSQ2E3bmlkcllCRjVDZC00VEpMVHliV1BKUGVJcXphNk8yRmc3Vnc?oc=5,"Tue, 07 Mar 2023 08:00:00 GMT",2026-09-03T09:13:22+09:00
GoogleNews:テクノロジー　健康,テクノロジー　健康,女性特有の健康課題やニーズをテクノロジーで解決【フェムテックトレンドレポート】 - TECHBLITZ,https://news.google.com/rss/articles/CBMiX0FVX3lxTE1xT3lMTVZCSGtQUjE0TU1fU24tSDg4NWFYVTRreGR2MmFoTGlIQnBPRk1WYnk4Q1JTc1pTUE1rVzlwbkl1azBwNUNoeVl5RERfV0JpVXRKWVBwZ0FxSkZZ?oc=5,"Tue, 29 Nov 2022 08:00:00 GMT",2026-09-03T09:13:22+09:00
GoogleNews:テクノロジー　健康,テクノロジー　健康,国際サービス貿易交易会、健康衛生分野に見る最新テクノロジー - 新華網日本語,https://news.google.com/rss/articles/CBMiWEFVX3lxTFBkNVE2TkpubVp2T2gxOGlWOHRnbHFBMUlyRzQ4REFsYnQyZUZFdG83OFVXN3c3QkVwQXZpdHcxdmZNYkNoc3kwVGVINzFzUjQ1UlJDNy05T3g?oc=5,"Mon, 06 Sep 2021 07:00:00 GMT",2026-09-03T09:13:22+09:00
GoogleNews:テクノロジー　健康,テクノロジー　健康,可視化で“睡眠負債”を解消！葉山社長が全社員に促すデータドリブンな健康改善─セゾンテクノロジー - it.impress.co.jp,https://news.google.com/rss/articles/CBMiU0FVX3lxTE1GYUNvMndndnJaYTRPQ1RsMGh1TVNaZWstU096X3lhRUNFV240T3NZa2xPX19fcl9ScEUxWmY4UlJlSUV3X3g0MDB3WHJpa1Z6RjZr?oc=5,"Mon, 21 Oct 2024 07:00:00 GMT",2026-09-03T09:13:22+09:00
GoogleNews:テクノロジー　健康,テクノロジー　健康,体表温度測定対応！最先端の健康管理テクノロジーを搭載したスマートウォッチ『HUAWEI WATCH 3』を発売 - PR TIMES,https://news.google.com/rss/articles/CBMiakFVX3lxTE9zQkxDSjNwWHNYYnpwM3prR3RqODYzeS1CbTQ2R01XUjNaSlVnLVRZcnltUzROYVpNUW1saW9wbXczTFZndmd1cVZqRVpsMW5hR0tsR05hNndjWGw1aDRqLWMySVEtQ0hOUkE?oc=5,"Tue, 13 Jul 2021 07:00:00 GMT",2026-09-03T09:13:22+09:00
GoogleNews:テクノロジー　健康,テクノロジー　健康,ヘルステックで変える未来の健康管理の在り方 ─テクノロジー活用で見直すセルフケアとは─ | AMP[アンプ] - 人生の豊かさを生む瞬間を情報でつくりだす新世代向けビジネスメディア - AMP[アンプ],https://news.google.com/rss/articles/CBMiVkFVX3lxTE9hMnpIT1FfR085N3BPcVpUUlZ2cjZQWVVkUVZXUmo0Q1kxTGQyS19zSnVMSzkwWFYwWWN4eVMwUzVPZ2NEckxJaTRpbzFYaGlMRFNaRlJn?oc=5,"Tue, 02 Nov 2021 07:00:00 GMT",2026-09-03T09:13:22+09:00
GoogleNews:テクノロジー　健康,テクノロジー　健康,セゾンテクノロジー、社員の健康向上を支援する一環として、スリープテックを試験導入 専門医の受診も支援 - Biz/Zine,https://news.google.com/rss/articles/CBMiTEFVX3lxTE9lb2JhRUhLUURJUzN4MFJPRk55YlJNcXJaNGtTcHg1LU14Yll6NUxiSzNTd0FDY0REUzNWczlkamZZZGJuaFE4ZlRPVVQ?oc=5,"Wed, 24 Jul 2024 07:00:00 GMT",2026-09-03T09:13:22+09:00
GoogleNews:テクノロジー　健康,テクノロジー　健康,三菱地所の健康管理アプリ「ヘルスカンパニー」に「カロミルコネクト」の導入が決定 - PR TIMES,https://news.google.com/rss/articles/CBMiakFVX3lxTE50WnV4QzlKWlE2MF9CTE05R21OSlBtNmtqa0NkUlJxbmprVTl6UjFUU0VHcHRya25TUjlLODltYzZZLVloNUFucWNWVUMyRmNfTkNFYm9Fc25MUlFDOEx4UlJyNTVIS1ZIUVE?oc=5,"Mon, 14 Nov 2022 08:00:00 GMT",2026-09-03T09:13:22+09:00
GoogleNews:テクノロジー　健康,テクノロジー　健康,ペットにも新腸活フードで免疫力サポート！ 日本ヒルズ・コルゲートが アクティブバイオーム＋テクノロジー採用の犬猫用フードを新発売 - Newscast.jp,https://news.google.com/rss/articles/CBMiR0FVX3lxTE4wcG9CbDVMWWlSSFpRVkY5aEtCbWVDNmRocGN2WmZfOEY5RHN5M29oZEx1MXM2aEtfb0ZNUWlRWFFFWkkzNm5J?oc=5,"Tue, 28 Sep 2021 07:00:00 GMT",2026-09-03T09:13:22+09:00
GoogleNews:テクノロジー　健康,テクノロジー　健康,米国で注目される新市場「ペットテック」 愛犬の健康状態からエサの量まで可視化する、テクノロジーの進化 - ログミーBusiness,https://news.google.com/rss/articles/CBMiUEFVX3lxTE5QSzduemdFanctZmRDWTk4RVFLSWk2YVdQWGc5Q3NRNHBUSUNDSTBRUVNzRzBYX1huN0VhLUJycFJMMmgzS0Nnb1ZmdDN4ZDhr?oc=5,"Mon, 10 Apr 2023 07:00:00 GMT",2026-09-03T09:13:22+09:00
GoogleNews:テクノロジー　健康,テクノロジー　健康,カロミルAPIが国立長寿医療研究センターの高齢者向け健康管理アプリを使った研究への採用が決定 - PR TIMES,https://news.google.com/rss/articles/CBMiakFVX3lxTE5GZUFNUE1UaDRpclNkTm0zbVFXWnd2TWY1WVpNUm4tcHBfNUVpQlBEVjR0MXlIdVNfUGxJdDRKRm8ydXBOMEpJeGQ5c2xMbmZBYkUwblg2UE1MS0pUMG9TMldWbkxYallnMEE?oc=5,"Mon, 17 Oct 2022 07:00:00 GMT",2026-09-03T09:13:22+09:00
GoogleNews:テクノロジー　健康,テクノロジー　健康,テクノロジーで健康の悩みや問題を解決する - 宣伝会議,https://news.google.com/rss/articles/CBMiZ0FVX3lxTE1uMDNnemFZMHRReTh1NTZIUUk0YS1ydi1XbEdqZkpDRERCVE1sWENxVHVUTTRVRmhiUnNDS3Q3MkQ0bklxVW5wQ3hMd1FmdU1vaXg3ank0LWJyQlJyam9aN0dDTzJIR0U?oc=5,"Thu, 09 Jan 2020 08:00:00 GMT",2026-09-03T09:13:22+09:00
GoogleNews:食　政府,食　政府,フードテック（後編） - 政府広報オンライン,https://news.google.com/rss/articles/CBMiZ0FVX3lxTE5tWE5aSFR6eGg5c3NNQldKRGxqbGlyUXFXSGRIeldCeW1VdXhvOXZKaWwtd0hUUHFsY1ZCS25BTUVWNTg4VmFnRGE5ZHlwZms1aDlyWkFfMS1QaTR1bjBPWmszc0p2dEk?oc=5,"Thu, 16 Jul 2026 07:00:00 GMT",2026-09-03T09:13:24+09:00
GoogleNews:食　政府,食　政府,米価暴落「備蓄米買戻しを」京都食健連が近畿農政局に要請「米農家は不安でいっぱい」 - 京都民報Web,https://news.google.com/rss/articles/CBMib0FVX3lxTE1jWDVFa3ktemdfZ0Izb0kweWpRZ3E1SUtqc3k3QWxjTXpBaXYydXlRLUdOUVNyRHRGS2NmQ2xzYVRBQWxpTXRfNWljckVaVmwza2RzV0xfRlNuV1ZycmdBZWtNOVZHOW82SnJiSUwzWQ?oc=5,"Sat, 22 Aug 2026 09:00:12 GMT",2026-09-03T09:13:24+09:00
GoogleNews:食　政府,食　政府,移民と社会：特定技能「制限」 食の現場困惑（その2止） 上限突破、政府「分かっていた」 - 毎日新聞,https://news.google.com/rss/articles/CBMiaEFVX3lxTE1ob0tQRXFlQWZ4ZUNxbTNFYXpuWnhjZzdNRFBESDhQUVZnRnlKQko0cE9fcDdITDJSajlsM19NbnAwLUNTbUctR2s4NjdyMzYteXhJajFCWFNzdGxyV2VFOFNLVXNwRVNF?oc=5,"Tue, 18 Aug 2026 07:00:00 GMT",2026-09-03T09:13:24+09:00
GoogleNews:食　政府,食　政府,｢政府の人口統制､5Gで操られる…｣《コオロギ昆虫食》給食コロッケから始まった大炎上→倒産したグリラス元社長の告白 - 東洋経済オンライン,https://news.google.com/rss/articles/CBMiW0FVX3lxTE9rdW11c0F5amVtWkhsYVptaGUwUVVaNUtwakV1bXlzSU14YTVoN1h0NUpqU0NqRTFCX2JtcWlENy1xbnV0NHc5ck9BOUdHLWp0MVI2bkl3N0Y2Vkk?oc=5,"Tue, 04 Aug 2026 07:00:00 GMT",2026-09-03T09:13:24+09:00
GoogleNews:食　政府,食　政府,25年度食育白書 栄養教諭の地場産物の食指導は目標上回る - 教育新聞,https://news.google.com/rss/articles/CBMiVkFVX3lxTFB2cHVJajEzUWt4MVMxeUtocnhiZkxQTkVIQ20zRi1GbmRlMC11WTRXZTNQNlRpNUVQOTkwNW1FX29OY05ncVpxaWxURG9JUXFLZGNrblFn?oc=5,"Fri, 19 Jun 2026 07:00:00 GMT",2026-09-03T09:13:24+09:00
GoogleNews:食　政府,食　政府,政府の成長戦略17分野「フードテック」や食と農林水産業の未来を「協創」する研修型カンファレンス「ONE SUMMIT 2026 in 新潟」を開催 - 新潟日報,https://news.google.com/rss/articles/CBMiXkFVX3lxTE5VckZZT3E4Wi1vcHp0NDFSQXJBQjlFbm1uNHRZbklPUGVyOGsyOEI4dWEyeGNhTHBrQzlQQmM2VTFZMUVYLWsyODVMaVFzd2dRTzNIa01kNDB5bnNrNEE?oc=5,"Mon, 06 Apr 2026 07:00:00 GMT",2026-09-03T09:13:24+09:00
GoogleNews:食　政府,食　政府,ユネスコ認定食文化遺産発信 ＡＳＥＡＮ日本政府代表部、レセプション開催 - じゃかるた新聞,https://news.google.com/rss/articles/CBMiY0FVX3lxTE02NWc4S2U3X2x3ekQ5UFZqTkdGMDUtSGlxZEt0X0FUMWJCdUVZbE9TV0RIWmxrV05NYzRLdzhKeHN6RFdidm9halFlV0NPV19hS0ZpbGw1SnBZQ1RnSXB3Zl81WQ?oc=5,"Fri, 03 Jul 2026 07:00:00 GMT",2026-09-03T09:13:24+09:00
GoogleNews:食　政府,食　政府,スペイン、今年は観光客1億人到達の見通し…中東情勢や8月の皆既日食も後押しに？ - ニューズウィーク日本版,https://news.google.com/rss/articles/CBMiZ0FVX3lxTE5WbHpKN3hOYnhNQVpHYUI5VU1uMFptMVRrRVV5OExaZFBrZDdoY0otaVl6ejlyUTdEMUZpaDJlaTR5WThIU19lb05LZDFQQUJTQXdWc3dZaDhUdHRodG85TElJcGYyTTg?oc=5,"Tue, 07 Jul 2026 07:00:00 GMT",2026-09-03T09:13:24+09:00
GoogleNews:食　政府,食　政府,【お知らせ】2025年10月こども食堂へ政府備蓄米の無償交付の追加支援について - musubie.org,https://news.google.com/rss/articles/CBMiTEFVX3lxTE51eFhFZEt0LWpWOHp5UHQ0X2FBRlB1TmFGLTZSazRMU05WcVdDQ3dCTVVJZlZra1AydDdUZFJFMGFrUkJtOEdNVWcxZkI?oc=5,"Wed, 08 Oct 2025 07:00:00 GMT",2026-09-03T09:13:24+09:00
GoogleNews:食　政府,食　政府,物価高で生活苦しい学生たちを応援…「フードバンク霧島」が政府備蓄米50トン、1人10キロずつ無償配布 - 南日本新聞,https://news.google.com/rss/articles/CBMiV0FVX3lxTFBuZ1RnU1M1X3NzdXRDamZtbWNkMlVNYVliT1FSME5tZlRKSFJBRE5CejNMT3k0REk5TkpmQk9OVmVlR2h1ak1YYUJDbTJLVkNtZDFub2dOSQ?oc=5,"Mon, 01 Jun 2026 07:00:00 GMT",2026-09-03T09:13:24+09:00
GoogleNews:食　政府,食　政府,政府、フードテックWGを設置 17の戦略分野で成長戦略の検討体制固める - Foovo,https://news.google.com/rss/articles/CBMib0FVX3lxTE1UZUI3U1RjV0w2MTY0S3F5QU03T2tqZzY3QXlFeVRaMnF5UXBNVmlZU2RROV9sdXdXU1h3MHBVY3VEcDRTdXpLWVlkMEI4ZjN5ZGdJMTgxbHhGNDBTbmFkRzdzYi1ZWFVHNlZRWjNWSQ?oc=5,"Fri, 26 Dec 2025 08:00:00 GMT",2026-09-03T09:13:24+09:00
GoogleNews:食　政府,食　政府,オーストラリア政府観光局、「食べログ」と「クックパッド」と連携～食文化を包括的に発信 - MarkeZine,https://news.google.com/rss/articles/CBMiT0FVX3lxTE52Z2FIU2YzMElldkxtc2ZOdlZvblFkb0M2bXRwc0d0ZXFoTGk3bHRzb3FYNmVZWllKbk5PX2xjamEtTlhhZERjdzF5UXAzdXc?oc=5,"Sun, 22 Feb 2026 16:52:48 GMT",2026-09-03T09:13:24+09:00
GoogleNews:食　政府,食　政府,音楽から食・文学へ拡大する韓流…韓国政府の報告書が示す新潮流 - AFPBB News,https://news.google.com/rss/articles/CBMiUkFVX3lxTE9QTnNoWkw2MTNqVlc0YUw1U2xXZEtTN19OTWwzeVB4RnlGWjNGS01fZUJoTzBDVHNoZkI3dXRvclBLS1Rza3R6N3o1bl92Nm5PcnfSAVRBVV95cUxPcXowWm1Yb2FBQlYwbkJtMGdpelpldmxvNk1pZW5yTlVYT2gyY3duQm5nSnFMUTlsVkVrZXdTU3BhVV9QaWlBV3luVFVvQ2xtbGF5Vms?oc=5,"Thu, 26 Feb 2026 23:02:20 GMT",2026-09-03T09:13:24+09:00
GoogleNews:食　政府,食　政府,米政府職員がフードバンクに長蛇の列 長引く閉鎖で給与出ず、生活困窮 - CNN.co.jp,https://news.google.com/rss/articles/CBMiUEFVX3lxTE5wVmNSQjF4ZURmUXVabmNpVXQ2QXB5TVluYjNseFBkTl94WmZOaGF3T3IwT3NMcUk3cFd5U2xoaGlpdzdta0FmX0VQVHNrclpH?oc=5,"Wed, 22 Oct 2025 07:00:00 GMT",2026-09-03T09:13:24+09:00
GoogleNews:食　政府,食　政府,政府「農山漁村の宝」 三本松高「食堂プロジェクト」選定 食育推進、地域連携を評価 - 四国新聞,https://news.google.com/rss/articles/CBMiiAFBVV95cUxQTUE4MDU0NkhaZ3BJTjdEbHJQcy1yQjR3N21ldjJXV3BzNW1WT1FyYTVvVlhQTFEtb015cjQ5SlI1M0ZJcTlLLV9zN1YyN2FrMGI1NFRBdUFHbThpdE9zRGVqYjlpbXhXTzBCVFJ2TGdDMU85c2xxU190MmNtaVNpRjYzZlluNXZf?oc=5,"Tue, 13 Jan 2026 08:00:00 GMT",2026-09-03T09:13:24+09:00
GoogleNews:食　政府,食　政府,“食”の適正価格へ 政府の「フードGメン」が始動 公明推進 2025.10.28付 - 公明新聞電子版プラス,https://news.google.com/rss/articles/CBMibkFVX3lxTE1EM0pYVkVwYThla0FFZlcyWFZZYWN1QmNSNTNnUmR0dzNLM2dpcTQwckNCQWhiTWpvVTQwbVNOWlJFbUtDNTVfdC0yVzBVTU55LUo0X05iRlFhdDRMRm9mWndOUHM1WEpjTjA3NUt3?oc=5,"Tue, 28 Oct 2025 07:00:00 GMT",2026-09-03T09:13:24+09:00
GoogleNews:食　政府,食　政府,音楽から食・文学へ拡大する韓流…韓国政府の報告書が示す新潮流（KOREA WAVE） - Yahoo!ニュース,https://news.google.com/rss/articles/CBMif0FVX3lxTE1SYkZsVklKNHc5eFIweno5TDludmlJbmxaMjdablcyZ19zSGpNNjVPVFFtNnpEX1hIUGpyck8wQ2hTZEhxbG9LdzZGR0hfbG5IclpXUXpzdVhDcjJkb2RyemxYMjB5cmN5NE1rNmlmRjQxcVhxdWhRS2lFMmc1ZjA?oc=5,"Fri, 27 Feb 2026 08:00:00 GMT",2026-09-03T09:13:24+09:00
GoogleNews:食　政府,食　政府,日本政府「成長戦略17分野」のフードテックで農業課題を解決するAGRIST、北米市場展開に向けて投資家や現地企業パートナーシップ構築を加速 - PR TIMES,https://news.google.com/rss/articles/CBMiakFVX3lxTE9oOGgwR29oLWFETTNWRkhOV0dTOWV1WGt4Z3AtRWpjZ1dWNWRCX1VlbEtjMWZzakpHZWJTYkpsdWQ5d28wS0dtQnhHY0VWSkRqc0laN2ppSVZpRXpON3F1S0FIZGRwT0cyREE?oc=5,"Wed, 08 Apr 2026 07:00:00 GMT",2026-09-03T09:13:24+09:00
GoogleNews:食　政府,食　政府,「新スタミナ食」ヤギ肉…韓国政府、韓豚・韓牛のように育てる - 中央日報,https://news.google.com/rss/articles/CBMid0FVX3lxTE5oX1Rxa1lValU1Ykp2MXB2bWhEbUlzcjFxUUFmNmxlQmdHazF1Xy1qQzF3Y191OHJ1MUduMVR4Y24wN21IclZqd3I5cXRscE51WDRneS1jSEJjVFdhcmlqMVNVSC1QRlU3aHVXUnpESkRSY3dKV0hZ?oc=5,"Wed, 25 Feb 2026 08:00:00 GMT",2026-09-03T09:13:24+09:00
GoogleNews:食　政府,食　政府,帰国便はインドネシア政府専用機で驚きました！ - FlyTeam,https://news.google.com/rss/articles/CBMiZ0FVX3lxTE9HdEl2ODNTdnZDSHBiY2JLZ3NIZVBDMk42Y0g5Vmc0Zm5SU1ZPSWFLR3VkV3MwTTdQSkw4cm03UVBMZ01DT2pQVDcxZ0IzNFJBYmJhejZWdmRfNlJ4d2x5eE5sVTJlNTA?oc=5,"Tue, 19 May 2026 07:00:00 GMT",2026-09-03T09:13:24+09:00
GoogleNews:食　政府,食　政府,フードテックが経済成長を牽引する分野となるには | MRIオピニオン（2026年6月号） | ナレッジ・コラム - mri.co.jp,https://news.google.com/rss/articles/CBMiakFVX3lxTE5LR2xMbWZXaDE0TjlPZjVEZ3h5clQxZG5GT2VuMnZLTWxnTWRRRkxFeENSQVBHYk9DSHZxMWlvNkRuVVNxYjJSeG51RWk4a1BQRWtpdXYyd2VWLS1uQjJxVHpXSWRFRVlmTVE?oc=5,"Mon, 01 Jun 2026 07:00:00 GMT",2026-09-03T09:13:24+09:00
GoogleNews:食　政府,食　政府,フードテック（前編） - 政府広報オンライン,https://news.google.com/rss/articles/CBMiZ0FVX3lxTFBTQnl5NkdUQ3BFZU1hOEdSWXo2WXIwUFVSRXBKYTIyTk9MdGNRQWRjTWpzNC1VeE8tejU5WGZLa2VoTXc4U1ZkMGJUUjFmcW4tZHE0QzZWOVg0ZW1rb0M2alFlTnRnaDA?oc=5,"Thu, 09 Jul 2026 07:00:00 GMT",2026-09-03T09:13:24+09:00
GoogleNews:食　政府,食　政府,イタリア政府、培養肉を禁止する法案を支持　食文化の保護が理由 - BBC,https://news.google.com/rss/articles/CBMiTkFVX3lxTE8xdDJTZVp3T0J5ekdRT0J4WFlldTF0WGFsS0IwbjRJYUhIMm9VaWNFVjdMU2E0M3lTal9mY0MwMGd6QTVWcDNfLTIwa2hzQdIBU0FVX3lxTE5FU2l4SE9Pa0JjdkZLSzBBRk10TzUwZnlfYWFkUE5KSFVHalJLbW12TTBzY3pTajh4UERwV29fekFVQU5JV0NyemhHc2hUNzZEa2FZ?oc=5,"Thu, 30 Mar 2023 07:00:00 GMT",2026-09-03T09:13:24+09:00
GoogleNews:食　政府,食　政府,【お知らせ】こども食堂へ政府備蓄米の無償交付の追加支援について - musubie.org,https://news.google.com/rss/articles/CBMiTEFVX3lxTE9CTDZFUkVpeERnd0VSZUlJeWVCT1Z5OE00cVJtQm9Zak8yQ2VXTThOT0V3QV9DaFI5M3dtMUp5cEZtV0o4Q01OSzVmXzQ?oc=5,"Thu, 10 Jul 2025 07:00:00 GMT",2026-09-03T09:13:24+09:00
GoogleNews:食　政府,食　政府,「農林水産省 政府備蓄米の無償交付の制度」説明会のお知らせ - PR TIMES,https://news.google.com/rss/articles/CBMiakFVX3lxTFBmQTh5ZVBEQVIyd1d1YnZVbHlIUTZ2QUFQcUVqVl9Bc2owdVFPemtMRVRaaUNGSldHS0lDTXRiUEdGS2c0N2FndVNxRnZScElTTGVqdG9nalBJVTdXcXIyYXE3ZHVaWXBwZ0E?oc=5,"Mon, 07 Oct 2024 07:00:00 GMT",2026-09-03T09:13:24+09:00
GoogleNews:食　政府,食　政府,政府備蓄米 フードバンクに - jcp.or.jp,https://news.google.com/rss/articles/CBMidkFVX3lxTFAyQXFCQ3hPZWxTTXl6TUZmd2lJV2Zlejl2REZRQ1BVd2R5TU1MbjY1alVFSHpoMENBRkRNaGpJY296QmpFWVN2UTdPamRicTZHMlJ6cklUVG5FS0tLT1dxblVQeVRJQl9rbXRCZUFUekhGQ1RDekE?oc=5,"Tue, 07 Jan 2025 08:00:00 GMT",2026-09-03T09:13:24+09:00
GoogleNews:食　政府,食　政府,インバウンドの「食」による消費額、2030年まで約3倍の4.5兆円を目標に設定、農泊推進や海外向け発信を強化、農水省の基本計画で指針 - トラベルボイス,https://news.google.com/rss/articles/CBMiVEFVX3lxTE5tbGVPa2JzdG81QkN3c29kUmY5cDVnNXg4MzJMVE5yWEJteElyamdocFlURnRQQXF3VnU4UHZMREdYVEZXbFB2b2c3WVRPQ3FsaTBGUA?oc=5,"Thu, 12 Jun 2025 07:00:00 GMT",2026-09-03T09:13:24+09:00
GoogleNews:食　政府,食　政府,「世界一幸せな国」が贈る、至福のディナー！フィンランドが世界を史上初の公式試食会へ招待 - PR TIMES,https://news.google.com/rss/articles/CBMiakFVX3lxTE41QmgweHRfU0Y1ZDlzXzAxS0ZsUGwwWFJ1anFvT0tfTmIyVTdoLXp4Y1JZLWcwLVRFaEVYTktsRVpJeDh0QXZ1clBPNU9UT1RaeU9JM09tV2JvTXZkMGpIeFdWSDZMMjlyQ3c?oc=5,"Mon, 18 May 2026 07:00:00 GMT",2026-09-03T09:13:24+09:00
GoogleNews:食　政府,食　政府,世界韓食産業 ２０２７年までに３００兆ウォン規模に - Korea.net,https://news.google.com/rss/articles/CBMidkFVX3lxTFBLUkIxYmhLY1pfRzZiMzd1UWRETVBGWDRaTEdzeDFHdGhvVFlpV2JqcXlsNG15elJSWm9fcWwzdXlweWJTUkxGTlM4UUkxLXBtclR0bDM5TE5xcS1nczV3YzFBMFVUeGxUTTdMWUhQNHVsUDJybEE?oc=5,"Mon, 05 Feb 2024 08:00:00 GMT",2026-09-03T09:13:24+09:00
GoogleNews:食　政府,食　政府,シンガポール政府観光局が、食文化を通して新たな旅を提案 西武鉄道のレストラン車両「52席の至福」で味わう「予想外の体験。シンガポール」 - PR TIMES,https://news.google.com/rss/articles/CBMiakFVX3lxTE9aQ252SFZ3VWFReWQ2a2VIcEFNM1piQ20xQUVQcFoyaTNKcF9vUTJGQURDUEhyQXhNQzFIS2stTWNqaFlObGFXeENLTzdMT2NpVzY3S1VJTGcyS194NTZCUW9veUFVMjRRRHc?oc=5,"Mon, 09 Dec 2024 08:00:00 GMT",2026-09-03T09:13:24+09:00
GoogleNews:食　政府,食　政府,公明スポット 子ども食堂・宅食支援 政府備蓄米の無償交付の申請窓口 を全国に拡大／９月２日から、受け付け通年で 公明新聞2024/08/31 - komei.or.jp,https://news.google.com/rss/articles/CBMieEFVX3lxTE5yWFNMeEVvZWZfTS1XRENlNXV4bFZaSWdnbDVKMERNb05PdVNZSzFYSXh1azY5aHRGNGZkYzRaRHE0dkVwQXpFd3ZtSE9zN1lCNmIzYlNzdUR2Q0hUODlDODlCZTRxOXZUYXU3WjlPTF9BY2pZS0JTdw?oc=5,"Sat, 31 Aug 2024 07:00:00 GMT",2026-09-03T09:13:24+09:00
GoogleNews:食　政府,食　政府,マカオ政府観光局「2025 マカオ国際美食都市カーニバル」を開催～21 カ国・34 のユネスコ食文化創造都市が集結する美食の祭典～ - PR TIMES,https://news.google.com/rss/articles/CBMiakFVX3lxTE9FRU5wb3ZDN3lWTm1WbDNERkVHcW12Y3N3Mi1tQ09JMjdONE1QNW5uQ3EwN1gxc3o1bjZmOFFvNTgwWk1GZjNBd0xzWnlEMGRpV2tSYTlqWGdGOXZfN2g0c3lvSTJjaWsyRmc?oc=5,"Tue, 08 Jul 2025 07:00:00 GMT",2026-09-03T09:13:24+09:00
GoogleNews:食　政府,食　政府,子ども食堂・宅食支援 政府備蓄米の無償交付の申請窓口 を全国に拡大／９月２日から、受け付け通年で - komei.or.jp,https://news.google.com/rss/articles/CBMi8wJBVV95cUxNTkV6VE9wcG9rS1dpU1R1QW5zM2ZzSHVCOVdXVlhfN2lkZzhsYUlMS1lpbnNTOUUtbmxRQ2RHend6ekg1Y3pJU09GUmhiWkI2S3ZIYlo4eEZFSlNqV3d1dGp2a1E0YV9ZbFhRMTJrVTVHclN4WEpQV3h5c3ctYmVfa3hDUmJIU0N1bDBYQmlSZnk5RUJtMW9VMm9ta2JoZDdSWFQ2cTNqQ1NVX3VnUnpIZjdvSi1GaWc0VWJZZ2o3bTRBS1IyQUtKVE80RThMOHphTTBSR0lOQndPWm9BS3RKLWYwem16UUtrOGE0Z1gxcU1FN3VUNDhlUUJOc1ZLSWVKTFBzNDhGOGZjS2ctQkNyQ3o3VWQ5SXAzdk9fZ3Z3dkRJZUpEVXoxSXFreFpxNG5sdy1IclpCUDRMVHpNVk1UNWppUmlxVGdBNGxWVlJLdWtiZTctT1JVcHVUanVGeGRWRlNaM0hwZFczQTRxcWw0UzRLYw?oc=5,"Sat, 31 Aug 2024 07:00:00 GMT",2026-09-03T09:13:24+09:00
GoogleNews:食　政府,食　政府,香港政府観光局、新キャンペーン「テイスト香港」で美食のまちをアピール、旅行会社向けに販促サポートも（PR） - トラベルボイス,https://news.google.com/rss/articles/CBMiVEFVX3lxTFAzMENVVEJiZlZTSW9uOS0xcmJiTG1GQzE5RDNZV3lfbExCYjE4U3pVbzRqYjFOSzA5dmd2VFE5dGZEMDlwbzd6cmo2QzlLcVRaMlVxZg?oc=5,"Thu, 23 Apr 2026 07:00:00 GMT",2026-09-03T09:13:24+09:00
GoogleNews:食　政府,食　政府,植物性食品が未来をつくる デンマーク政府のプラントベースシフト政策 - ELEMINIST(エレミニスト),https://news.google.com/rss/articles/CBMiSkFVX3lxTFBrZzJFdUtvcFFZcTJTNi1WSzItRkhDVm9VZk9KZ0xkdm5MNFQ3YU80LTQ2ckhCMHBIemdGUUk1QVY0MDVqbi05Smd3?oc=5,"Tue, 16 Jul 2024 07:00:00 GMT",2026-09-03T09:13:24+09:00
GoogleNews:食　政府,食　政府,政府が経産省の食品輸出事業者を支援する「日本の食輸出1万者支援プログラム」とは？ 中小企業庁、農水省、JETROなどが連携 - netshop.impress.co.jp,https://news.google.com/rss/articles/CBMiXEFVX3lxTE5RUnZSY05GdUtZenQ3S2s2bjcxZk5hNjUtN28yVEE4clNIVkhlbHJWYUQtWGh0RFRpNmRobGpMZGtsZnB2S2dtbDduS1FvRVhxT083VEV4SGM5OW1h?oc=5,"Wed, 15 Apr 2026 07:00:00 GMT",2026-09-03T09:13:24+09:00
GoogleNews:食　政府,食　政府,2025年のフードテックを振り返る：国内の細胞性食品が前進、精密発酵は市場投入拡大、日本政府もフードテックを重点分野に - Foovo,https://news.google.com/rss/articles/CBMiX0FVX3lxTE1TVVZMcDBtQ3dTSXQ2Zk9mSEowUnJpTU13aFQyVjJfbFp6Sm9WMlE1Y0M1QktSTEJOUjlSOGZKTm5reXc2b0tyOTN3S3N1Rzh5RXBrc3V5M1RpNHpVTGVF?oc=5,"Mon, 29 Dec 2025 08:00:00 GMT",2026-09-03T09:13:24+09:00
GoogleNews:食　政府,食　政府,世界初、培養肉がデリバリーでオーダー可能 シンガポール政府のフードテック推進で実現 | 未来コトハジメ - 日経BP,https://news.google.com/rss/articles/CBMibEFVX3lxTE5DaGVHa2FqNG0xaTBJQjFTOHlNWVRNdkVGdWxhSEZCM3RzQ2VocmdtWllTVVcxQ0ZBRVNTQjBNemlEOW1LV3NvT2tuVU1icldSTWM4d25OYWhnZGRBc3BfNll4OHJFRGNFS3JiUg?oc=5,"Tue, 17 May 2022 07:00:00 GMT",2026-09-03T09:13:24+09:00
GoogleNews:食　政府,食　政府,全国の子育て家庭約1.2万世帯に届ける「夏休み給食便 ～政府備蓄米でこどもたちを支える～」実施決定 - PR TIMES,https://news.google.com/rss/articles/CBMiakFVX3lxTFBLVEJOdm1GWnhqQVE2eFRVQ1UxcUVEbTdVWTVsWmFIRVVtZTFSLWp6c1BYQ2lFNElEeXBhakdBcFJpek1TRTJIdDZZQzdjeGw2dlBQanFTZ3U1d1VFbFZiZnctZ09tUWt6YVE?oc=5,"Wed, 02 Jul 2025 07:00:00 GMT",2026-09-03T09:13:24+09:00
GoogleNews:食　政府,食　政府,シンガポール政府観光局、キヤノンMJと共同企画「Canonと巡る、おいしいシンガポール」キャンペーンを開始 - PR TIMES,https://news.google.com/rss/articles/CBMiakFVX3lxTE1fS3k3Rmw5elM5a0RPekRCM1RhSldXQUJYZ21vRXMzVFdXVnJXQ2VQZldhcnBoQ1VpRUU4QzJscjZlbTdEM2UyUEc4ZlF2U19EWHJLTzZ6cW1CeHdjS0RVWUJDSXdiUVNwWmc?oc=5,"Tue, 13 Jan 2026 08:00:00 GMT",2026-09-03T09:13:24+09:00
GoogleNews:食　政府,食　政府,「コオロギ事業に6兆円」昆虫食めぐり“血税が使われている”と拡散した情報は誤り。実際の予算額は？ - BuzzFeed,https://news.google.com/rss/articles/CBMihwFBVV95cUxQNzZlNWlTLXpxOWRtSmUyWlFMRFJnZ1F1aXhfY1l0b0kzUXVwRDdrMnlyUXQzcUZLQ3gwWHh2T0dQV1hGRlloYkFiT0YzaFlsOHVLZVVReHBtampKS25Dc3htV2FjNi1BSzUtRnBSV3p2R0xwQmx5NUROdFcwUDdzMXFDbV85cjA?oc=5,"Thu, 02 Mar 2023 08:00:00 GMT",2026-09-03T09:13:24+09:00
GoogleNews:食　政府,食　政府,飲食業界が団結、「政府に声届けたい」。日本飲食団体連合（食団連）が本格始動 - 飲食店ドットコム,https://news.google.com/rss/articles/CBMiXEFVX3lxTE1FMlZRZEpVS3dUWmFGZkZsZW1XeXd0SFVqSzNnSENQcEZRZDdkQTNyS3JiQVFYcjZxUmlRbEFTTUkxc2VyR3VJWXZIRzJzdUs3M0dSbHI1RXI0UDds?oc=5,"Mon, 24 Jan 2022 08:00:00 GMT",2026-09-03T09:13:24+09:00
GoogleNews:食　政府,食　政府,米国政府が食生活指針を改定、2歳以上の糖類摂取量の上限を据え置き - 独立行政法人 農畜産業振興機構,https://news.google.com/rss/articles/CBMiXkFVX3lxTFBiaExFb1hJS0Nkb21ad3ZUUm1hQlU5dWVyNVdSSEVlSWlPYWRpeFZEcGVJdUdBeDZvTl9NOVppWVlXdFJWTGhScHZOTThEdnpRSkU5ZVhlUjVhNkdQUXc?oc=5,"Fri, 15 Jan 2021 08:00:00 GMT",2026-09-03T09:13:24+09:00
GoogleNews:食　政府,食　政府,英政府、ジャンクフードのネット広告と日中テレビCMを禁止 2025年から - Forbes JAPAN,https://news.google.com/rss/articles/CBMiWEFVX3lxTFBJamtuWmVqMGVMdDlvUHY1dnZsU3BYTnVjSEFUN3FjNGR0SVAwMVBSZEdhdnYxWDcyYlhVSzVkTVMySzdJLTlTbEZlRnNQMlI0Q3lBenJMMEc?oc=5,"Mon, 16 Sep 2024 07:00:00 GMT",2026-09-03T09:13:24+09:00
GoogleNews:食　政府,食　政府,仏政府が後援｢食のランキング｣のスゴい仕組み アルゴリズムに基づき1000軒をランキング化 - 東洋経済オンライン,https://news.google.com/rss/articles/CBMiX0FVX3lxTE1IR0gxWTcwbzdYZDZOTUlielVEMGRHZV8tbm5adE5YcHBKWkN2LVprdUxZWnNrMGdNRy1MZkE4emlQN1g5SlZjZVNSUUxybHJkVlphNlBVT1lmOVQ4Qy04?oc=5,"Wed, 28 Dec 2022 08:00:00 GMT",2026-09-03T09:13:24+09:00
GoogleNews:食　政府,食　政府,シンガポール政府観光局、現地在住日本人と「食」でライブ動画配信、人気料理を食べ比べ - トラベルボイス,https://news.google.com/rss/articles/CBMiVEFVX3lxTE1zZ1ZNRFl6WUJZMlNiNE9KR1dQOU5PSHc5Y21td0F3UVZ0cWs2VGM4WXhoMVRQc0RQNzdxTjNxQ0haRE9mU2ZRRWdsbDhTenNnTEEwUA?oc=5,"Mon, 13 Jul 2020 07:00:00 GMT",2026-09-03T09:13:24+09:00
GoogleNews:食　政府,食　政府,参政党チラシを大垣でポスティング (チラシ内容の昆虫食・コオロギ食、私は反対です) - 選挙ドットコム,https://news.google.com/rss/articles/CBMiXkFVX3lxTE1DNTBlVWdsX2FKUFJzWUVLQVZJVHNtaXlYeFg2N2I3Z2ZDM0pDMEdVZGFRcEpPcXdDVmdObE9WVjlyTmozUkdzajRZZV9yeXFreXJGTmNISlVUc0JWOFE?oc=5,"Mon, 08 Jan 2024 08:00:00 GMT",2026-09-03T09:13:24+09:00
GoogleNews:食　政府,食　政府,政府備蓄米のこども宅食無償提供の上限引き上げなど要望 自民党議員連盟 - JAcom 農業協同組合新聞,https://news.google.com/rss/articles/CBMiWEFVX3lxTE9lNWxRNElmdWROUEExUjlvVnVhY3ZCRDhSc0pQUzhnLXBiVVN2TVZsNFJUdHR5LW5aRHdDS2dVTkZ2amduM3Zrb0xJRE55OGlVNlk0TTBfYjg?oc=5,"Thu, 21 Apr 2022 07:00:00 GMT",2026-09-03T09:13:24+09:00
GoogleNews:食　政府,食　政府,チェコ政府観光局がチェコの「食」に特化した パンフレットを制作 知られざる美食の国チェコで2023年に開催される 食のイベントを紹介 - Newscast.jp,https://news.google.com/rss/articles/CBMiR0FVX3lxTFB0WkhabU1xYk90N0xQY0MyVkxLb0wxS0lsVUFLakRqT2doRHBGbjJNU240Ry1UOGxwblFxN3lWVU5mTkdOLWdV?oc=5,"Tue, 28 Feb 2023 08:00:00 GMT",2026-09-03T09:13:24+09:00
GoogleNews:食　政府,食　政府,仏政府が後援｢食のランキング｣のスゴい仕組み アルゴリズムに基づき1000軒をランキング化 4ページ目 | ビジネス - 東洋経済オンライン,https://news.google.com/rss/articles/CBMiW0FVX3lxTE10TTRJT3RNMURmR0JEZWdzM09YV0tIc0ZzVmU2LWFsSF9ab1ZDLTNuWm5TbnNFZ1pXRzZHUklQWFNnUzNDZC1vMElMWGcyMHJ3cVFFcDVqUzRDWnM?oc=5,"Wed, 28 Dec 2022 08:00:00 GMT",2026-09-03T09:13:24+09:00
GoogleNews:食　政府,食　政府,「食のサプライチェーン」関連銘柄は、政府の「骨太の方針」にも関わる“国策テーマ株”！ 新型コロナの影響が残る中、食料の安定供給を支える5銘柄を紹介！ - ダイヤモンド・オンライン,https://news.google.com/rss/articles/CBMiUkFVX3lxTE0zWDJxRFFDS2FJX3p6bHlUc2tsaDhJcXlEZjRHbnpjbG5xNVBVQWdmbU1QQVBNdDFjRG9VZk5wdzVDRUNNOVFxME5kS2ZmT3NnaVE?oc=5,"Wed, 22 Jul 2020 07:00:00 GMT",2026-09-03T09:13:24+09:00
GoogleNews:食　政府,食　政府,政府備蓄米を「子ども食堂」や「こども宅食」に活用 県内は２団体が提供受ける - 信濃毎日新聞デジタル,https://news.google.com/rss/articles/CBMiZ0FVX3lxTE5sc0x5MHlMelNhTkh2SG91THRwMlE2ZUx3bXVOQUFUZmltTmxKYzUzY3NyWjE0VnY3WVpjZGJxTHJUdVVhTjZoR0xaS3hKckdpeWZwdjhpUlFBaUVndmxZTXEycXlTTU0?oc=5,"Sat, 27 Mar 2021 07:00:00 GMT",2026-09-03T09:13:24+09:00
GoogleNews:食　政府,食　政府,【全国の自治体に朗報！】こども宅食予算事業継続と政府備蓄米提供が決定 - komazaki.net,https://news.google.com/rss/articles/CBMiYkFVX3lxTFBNcHRWVHNYUGJXUG1iY3lsZmpNUjJYUEpEdlZlS21kU2VrU0VnVTByZlRqZm5GZ2dIQVRySUNxNng2NkNnNXBhdEVkOGEzNmpJbFJPUERteVBOQkxpWkRtaDBB?oc=5,"Mon, 01 Feb 2021 08:00:00 GMT",2026-09-03T09:13:24+09:00
GoogleNews:食　政府,食　政府,仏政府が後援｢食のランキング｣のスゴい仕組み アルゴリズムに基づき1000軒をランキング化 - 東洋経済オンライン,https://news.google.com/rss/articles/CBMiUkFVX3lxTFA4cHdsUGZMbjctdXVZa25MV3Jad1pjLUZqVlVLM1R1NG84Y3ZoMmkwVi1KRnhITHFSQTVaLV9SdkdSUXFWN0JBcWVjM0hXVHpZQkE?oc=5,"Wed, 28 Dec 2022 08:00:00 GMT",2026-09-03T09:13:24+09:00
GoogleNews:食　政府,食　政府,「食のサプライチェーン」関連銘柄は、政府の「骨太 の方針」にも関わる“国策テーマ株”！ 新型コロナの影 響が残る中、食料の安定供給を支える5銘柄を紹介！ - 「お宝銘柄」発掘術！ (Diamond Online) - newspicks.com,https://news.google.com/rss/articles/CBMiS0FVX3lxTE53VklNX3ZfM1BabVVyaW9MR2RzVXlmcDdtam1odldadVNVZDhjTURZV2Q2OFZ4ak5zUG52LWVUQTd1aThqZ0twcUVHYw?oc=5,"Wed, 22 Jul 2020 07:00:00 GMT",2026-09-03T09:13:24+09:00
GoogleNews:食　政府,食　政府,英政府、ファストフード業界にカロリー削減要求 肥満対策で - CNN.co.jp,https://news.google.com/rss/articles/CBMiV0FVX3lxTE9VUW5iS3MtMUdUY1RFanZWMWlWT2N1bFJmWk1ObllJSU01NWdxN2RiZHgzVzJWOW93RVd0bF9JcmVHMUhORmhkZG5PbFc0UHlLZERjaC02VQ?oc=5,"Tue, 22 Aug 2017 07:00:00 GMT",2026-09-03T09:13:24+09:00
GoogleNews:食　政府,食　政府,「こども宅食」が政府の第二次補正予算に入りました！ - komazaki.net,https://news.google.com/rss/articles/CBMiYkFVX3lxTE1ZT1UwTmR4QXpXM2FXOXVLNThkVF9vR19XOW91QjI5b1dxVW5yS3ZaVURySW05RWNkZV9meTdNNEU5VFdrNVpsNzY0Z2Vsc3FwZVlVTlMwTzdvQ2lMdHBRaGdR?oc=5,"Fri, 29 May 2020 07:00:00 GMT",2026-09-03T09:13:24+09:00
GoogleNews:食　政府,食　政府,【成城石井・実食レポ】タイ国政府観光庁協力「タイフードフェア」の本格惣菜＆デザートでタイ旅行気分を！！ - rurubu.jp,https://news.google.com/rss/articles/CBMiUEFVX3lxTE5nc0FqR0c2MkJMRUloRDRBbm5NbUdYdFBGMTI2Rnp5UWJIOXpScmoxU1FZc0tGdTI3dlNSejFObzdYWm5CRFZoOUo3LXdDYUVf?oc=5,"Wed, 15 May 2024 07:00:00 GMT",2026-09-03T09:13:24+09:00
GoogleNews:食　政府,食　政府,画像 | ｢政府の人口統制､5Gで操られる…｣《コオロギ昆虫食》給食コロッケから始まった大炎上→倒産したグリラス元社長の告白 - 東洋経済オンライン,https://news.google.com/rss/articles/CBMiXkFVX3lxTE1QZXFpQk56WUdiR1VMaUdwRGFzSm82OWE3VUloX0ZFLXk1a1ZIRmM1YlIzVUYyN2RZRzMtbl9KNEEtWFloaENhckJGVGIwRkYwUnNBZklzS3hhYnNoUVE?oc=5,"Tue, 04 Aug 2026 00:16:21 GMT",2026-09-03T09:13:24+09:00
