source,query,title,link,published,collected_jst
GoogleNews:コンビニ 新商品,コンビニ 新商品,セブン-イレブンから新登場！何度も食べたくなる美味しさ「181円の新商品」を実食レビュー（いぬきち） - エキスパート - Yahoo!ニュース,https://news.google.com/rss/articles/CBMiiAFBVV95cUxNdWZYYU5aT3hJOHJPTGw3VmF5WWJqQ3dqbnJvRFNzWXFZUm0tYlFfb0FmczFYVDZvMDMxaEZJM0x4RnpiRTlfWC1FS2pVMFU2QklLaWs0dHNZSXVKT0FOeVIzVUxXblhtUVJpRVRBYlV0TDZYeU5XTFJsTXdZU0JLX2wwbzFvb0ND?oc=5,"Thu, 08 Oct 2026 22:01:25 GMT",2026-10-09T11:06:49+09:00
GoogleNews:コンビニ 新商品,コンビニ 新商品,【これは美味すぎる！もう1個食べたくなる！】ローソンの名店監修新商品にハマった！（キャプテン福田） - エキスパート - Yahoo!ニュース,https://news.google.com/rss/articles/CBMiiAFBVV95cUxOSHZPYi1ZMTZteGFVX3BwMFEyd3VnYjBZaUlNZnBPMHMwelJtNG9yV0kyX0hVU1J5WE9DdEhSbF85YlJQekxWR2FudjVlNFZjcmdyV1B6dFdqbzMzYW1XRW9hMmgxcjFZVFBhVU9XWnBkd3hfTHpURDBjNnluT3g3X3hteXRjVGtn?oc=5,"Thu, 08 Oct 2026 20:55:12 GMT",2026-10-09T11:06:49+09:00
GoogleNews:コンビニ 新商品,コンビニ 新商品,セブン-イレブンから新登場!!【チョコ尽くしの美味しいコラボ】「感動級のスイーツ（248円）」を実食（いぬきち） - エキスパート - Yahoo!ニュース,https://news.google.com/rss/articles/CBMiiAFBVV95cUxPajNBREp1cTRqdUk2ZDRXbjBSQmxXQXFpWWY4YW5IWFprelZmY3B4REtOYnlrd0dYUHRQQzZ6SmFTSERWNS1DNXV6YzhsNmZVYnJIQTR0Zm9JMlZscHc3SXJ1YlFxWEg2Y1Nfd1loYnUyRHRZXzkwTkhrNl8wWlFzNEVwVG8yRTJw?oc=5,"Sun, 04 Oct 2026 15:01:04 GMT",2026-10-09T11:06:49+09:00
GoogleNews:コンビニ 新商品,コンビニ 新商品,【10個全部で257円！食べ出すと止まらなくなる美味しさ！】ローソンの新商品にハマった！（キャプテン福田） - エキスパート - Yahoo!ニュース,https://news.google.com/rss/articles/CBMiiAFBVV95cUxOQ1QwVHpiT0tPMTlYdmttVklDSGR1amktQUxoekN4VzdqQ0g1cVE2SVNHSy1tVGljZHZCbkY0WUxpUGJNRzlXYktPRXlpMHNOZnRWZ3FYQmpPV29XQThPNVo4WC0tNENCTVRFQjU5S1ZxYWVxZXRNOTNMQ1M0RDZYSk15MzVjVHBW?oc=5,"Thu, 08 Oct 2026 15:35:21 GMT",2026-10-09T11:06:49+09:00
GoogleNews:コンビニ 新商品,コンビニ 新商品,ファミマと世界的パティシエが共同開発した、皿盛りデザートみたいな新商品クレープを正直レビュー - Yahoo!ニュース,https://news.google.com/rss/articles/CBMiiAFBVV95cUxPR08tT2p4bDVyLVUzUkRReGlodDlYRHgxREdNR3cwUUoyY0FNUUo2TGUtZlVYVmRjM2NvQjVsZk5zX1oxQTlSaWJ6cjVnREM5Tmx1UkNIaFlUVEdiVVRJek9KVjhvRHZJQndVU1VnQjZEeHU0SHlYQUx4eVY1RUlNelY5NTA5YVMx?oc=5,"Thu, 08 Oct 2026 07:01:14 GMT",2026-10-09T11:06:49+09:00
GoogleNews:コンビニ 新商品,コンビニ 新商品,ファミリーマートから新登場!!【これは反則級】イメージを超える食感？「158円の新商品」を実食レポ（いぬきち） - エキスパート - Yahoo!ニュース,https://news.google.com/rss/articles/CBMiiAFBVV95cUxNX0hWOVRSbTdxeDF2Zm52RUFJZEs0c1pWMmx2dV9FLUNhcTZHcldRWk5QMm9aMnFyNVMyOFJuZEZsbGppemppV3RlTFE1Uko2VG9hSXZvdXFuVU8xMDdCVzJDZGhuYUN0ajEySG8xZFZObVRTNGE4WndJVlBUMzdpeFBtZ09EODh0?oc=5,"Mon, 05 Oct 2026 00:30:48 GMT",2026-10-09T11:06:49+09:00
GoogleNews:コンビニ 新商品,コンビニ 新商品,"【コンビニ秋の新商品】同じ559円でも全然違う？ローソンの""きのこ推し""3品、あなたはどれを選びますか（LIMO） - Yahoo!ニュース",https://news.google.com/rss/articles/CBMif0FVX3lxTE5Pd3dWVUVlYlZvSlJscVFEZjhmRldiUnc3bUtpLTczQ29mNElKRTh4YWNRSVZ5bHZtVnc1UnZtMk9Ga0x0U0ZVNDZRbzBLdTRpa1A3SmY4VDNKVjJVUnRIV2pUamhtR2VLbjZmWjAtT2Z1Smx4clUzQ2hPTkd5VlU?oc=5,"Thu, 08 Oct 2026 06:21:00 GMT",2026-10-09T11:06:49+09:00
GoogleNews:コンビニ 新商品,コンビニ 新商品,【これはハマります！マジで美味すぎる！】今週のコンビニスイーツランキング３（10月4日）（キャプテン福田） - エキスパート - Yahoo!ニュース,https://news.google.com/rss/articles/CBMiiAFBVV95cUxPU2UxekYtRzA0bElCeTI2X001b0Vvc0VkTklfblg2Z2wyWms4NzhPWlB0anMyM21hc01ZZDU0Y19PUUMxZDc5NFBHa2NZUkh5RTNGZFRIV0ZIWGVCMXR1U0tUYlNMVmxaUEloSnNxNU1LRmhfSDN3QkpUZUREZEpsUmlCNTE2UG00?oc=5,"Sun, 04 Oct 2026 12:58:12 GMT",2026-10-09T11:06:49+09:00
GoogleNews:コンビニ 新商品,コンビニ 新商品,セブンイレブンの2026年新作秋スイーツ！429円モンブランをコンビニスイーツブロガーが食べてみた - Yahoo!ニュース,https://news.google.com/rss/articles/CBMiiAFBVV95cUxQSUhtSVlaekZjLV9JX2dFS0t1aU9xc1dmRzBmbzc1RmpHejc3RGxlTi1KWTBLVHloTEJ3VXBnSG5wWW1vcWNOUWZDYXpHak5SdW5tM0NibUhra3FSUHFrSDZzY2Z6cXdPTkRxMHRKeENkYTFYb3VnMlFYVUFwNTdMUTBrZHlIWVNR?oc=5,"Tue, 06 Oct 2026 10:01:24 GMT",2026-10-09T11:06:49+09:00
GoogleNews:コンビニ 新商品,コンビニ 新商品,セブン-イレブンから新登場！パッケージ通りには食べられない？「375円のカップ麺」を実食レビュー（いぬきち） - エキスパート - Yahoo!ニュース,https://news.google.com/rss/articles/CBMiiAFBVV95cUxNamtUa3Y1cDVJOFNJd3A3dkUtbVM1TW1OZTN2UFR0cldOMWd3OTBsaGcybDBPWGozOE5GY3VOMjR2X1JaaDhxU0MtdTVocU5uTTgycWZJSW9rM0M1V3ZCYS1FeHdNZzl4N3drcTEzWjI3cHI2SjdRVWEtWUZMM3k0WFMyODNLQm9Z?oc=5,"Thu, 08 Oct 2026 18:01:09 GMT",2026-10-09T11:06:49+09:00
GoogleNews:コンビニ 新商品,コンビニ 新商品,ファミリーマートから新登場！税込430円で美味しい「おすすめのパスタ」を実食レビュー（いぬきち） - エキスパート - Yahoo!ニュース,https://news.google.com/rss/articles/CBMiiAFBVV95cUxPcUFlWUJ1WjZMNzYzbnUtMkxsRmVUMDRBZG5LbzVtaU5scnBfTnc3dWtWeHVEM1pXTmJCMzZ0WjZzdlJUWVhUTUN0OHkxZ2ZrZ1VUNXE5UklTRS15c2Y3ajFENzIzcXBnMXphRjNGc0lPTDlkOXFOZ1dnMURLaFBHanlzdkY2NnJi?oc=5,"Thu, 08 Oct 2026 12:01:02 GMT",2026-10-09T11:06:49+09:00
GoogleNews:コンビニ 新商品,コンビニ 新商品,セブン-イレブンから新登場!!【激熱注意!?】間違いのない美味しさ「537円の新商品」を実食レビュー（いぬきち） - エキスパート - Yahoo!ニュース,https://news.google.com/rss/articles/CBMiiAFBVV95cUxOZnBJVWlBSFhtcEtyd1Nwb0g1OHhqMHdNaFg5ZmZrT2p5QV9HdXBaS3dCQi1QdmEtS0JGY3ZFakljb1BwY0d6eXltWGRITjAzQXRjODdUTXEtNU5tV2RBX1hEc2NERmNnTlBtcmJPM2h2dDB5NjJnRzJGeFVZR2JfOHBjNUYtclR0?oc=5,"Mon, 05 Oct 2026 18:01:31 GMT",2026-10-09T11:06:49+09:00
GoogleNews:コンビニ 新商品,コンビニ 新商品,セブン-イレブンから新登場！【北海道フェア】シンプルながら美味しい「170円の新商品」を実食レポ（いぬきち） - エキスパート - Yahoo!ニュース,https://news.google.com/rss/articles/CBMiiAFBVV95cUxQZmMwdHYzeTk0WjJxQlpDUTlIVHN0VlJVR2pGVF83RjZtYmEyd1pVRUgwaG9CYm1DZVpWMzUySENxVTltUzVhQW9oWG10VHl3QVJsMEpqLTk3emI5cFd6UTVUOWxyeXhoZjlBczJ6YTQ0ZDJHeFcweHRjakNWX0RZTG1YZGRzU1oz?oc=5,"Thu, 08 Oct 2026 00:01:24 GMT",2026-10-09T11:06:49+09:00
GoogleNews:コンビニ 新商品,コンビニ 新商品,【セブン-イレブン新商品】1個じゃ足りません!!ドハマり確定「話題のスイーツ（237円）」を実食レポ（いぬきち） - エキスパート - Yahoo!ニュース,https://news.google.com/rss/articles/CBMiiAFBVV95cUxPd21tLXBfTTRVYVRZWGtqZFZoQmNIaklTNmZEeERIaWtkcVZ0ZkdfWU5JUTZFN0MwYUJIVVhpOEZKYXRFRy1qMXZPNTdsR1RoSF80cXRleFBQVklmY2hxenE5amMxeEM2VXREakdPN3djTHdDX0oxYmhxMXF1aUVMcm9MbjRVRnJV?oc=5,"Fri, 02 Oct 2026 15:00:55 GMT",2026-10-09T11:06:49+09:00
GoogleNews:コンビニ 新商品,コンビニ 新商品,【3個で116円！これはおやつにピッタリ！】セブン‐イレブンのお得な新商品に歓喜！（キャプテン福田） - エキスパート - Yahoo!ニュース,https://news.google.com/rss/articles/CBMiiAFBVV95cUxPQ2pGM3FJd3BuQjExUG04X1RpcHNORTB5VHVxSWgyTzY4Z09xLVRDR21HUGt3Rm92WFlGSjljZmtKSDJFaWxjbXpVY2VRenFZLTZHb0FhR2dhc0luN0pSN293SkFJOURIZU83d000ZmJta0h2QWFHZ3RYcHgtYjdjNDUyNmZJQTBC?oc=5,"Wed, 07 Oct 2026 15:35:19 GMT",2026-10-09T11:06:49+09:00
GoogleNews:コンビニ 新商品,コンビニ 新商品,【これはハマります！甘すぎるけど美味すぎる！】ファミマの大増量新商品に驚嘆！（キャプテン福田） - エキスパート - Yahoo!ニュース,https://news.google.com/rss/articles/CBMiiAFBVV95cUxPbnZSS0RVQ19HQVRrZWlDYWxrVzNTcnBZOU5Id0tQbGhrN0g5UDdzSUFSWlc4ekJDb3VCLVdQNThpckszbEVsQVRWYmw4bTFLRWp5aV9oR0pNelpqbnFCZGdGTFR3aDBJQTFyMDhsSnpKV1FZWWZPNVBCYVJxNlpVVmV0Rm9uY3Nr?oc=5,"Wed, 07 Oct 2026 20:55:14 GMT",2026-10-09T11:06:49+09:00
GoogleNews:コンビニ 新商品,コンビニ 新商品,セブン-イレブンから新登場!!【朝食にも◎】シンプルながら美味しい「181円の新商品」を実食レビュー（いぬきち） - エキスパート - Yahoo!ニュース,https://news.google.com/rss/articles/CBMiiAFBVV95cUxPWVRhOUN3dW9pTDFMQnNjNXVYTk9PMXNRMGlQaWVVdExlRzBEWW9VWXIzTHUtY3p0ZWE3cFRwU0VVR2xIV3JVV1hqWXBzMUF2Ym5kUnBHdnZiSkhVeENxNGUyaS1lMld0bGtxX3A1X3RHQ0hOcEFsa2p4bk81SXI0SUxjYndLVWdt?oc=5,"Sun, 04 Oct 2026 22:31:03 GMT",2026-10-09T11:06:49+09:00
GoogleNews:コンビニ 新商品,コンビニ 新商品,ファミリーマートから10ヶ月ぶりに登場!!【前回買えなかった人必見】「268円のスイーツ」を実食レポ（いぬきち） - エキスパート - Yahoo!ニュース,https://news.google.com/rss/articles/CBMiiAFBVV95cUxObm1SOVZUQjY1bWNBZ3dsQmVyaWRvbXlsaTNCd3E1cG9QcVpodndGSTFrQlE0aEtCR2w5MnFDOXlKT0dSSUhYUklkV3Z1Um1CbE9CYU1JanpwUmlXUmxQSW9DOC1zeGFiaFIzU091LTkzUkNTQ2U4NE8tQTQzTEpTRDRxLURfNmFj?oc=5,"Mon, 05 Oct 2026 15:01:28 GMT",2026-10-09T11:06:49+09:00
GoogleNews:コンビニ 新商品,コンビニ 新商品,セブン-イレブンから新登場!!【一度食べたらハマる】と話題「138円の新商品」を実食レビュー（いぬきち） - エキスパート - Yahoo!ニュース,https://news.google.com/rss/articles/CBMiiAFBVV95cUxPRGhxbGpnOTU2SGdHRDFOQlVtaWh4TG9WX1M3U0E4ZkJRVG16M2hGWHJfWEF5Uk9sWG93RG8weVlYUEZBWFhBVUdybE9lQTB2TDc4TW9Samp4WlowWUFrMEdjVllGRl9hb29xMGN1bElVMWs4b3lFVnNhUzNJWlFkS2JkcUJGWERz?oc=5,"Mon, 28 Sep 2026 07:00:00 GMT",2026-10-09T11:06:49+09:00
GoogleNews:コンビニ 新商品,コンビニ 新商品,【ファミマ新商品】人気ラーメンYouTuberが手掛ける看板メニューが商品化「話題のラーメン」を実食（いぬきち） - エキスパート - Yahoo!ニュース,https://news.google.com/rss/articles/CBMiiAFBVV95cUxNQTlRUUR1Q0Vwb0ZleTlkMFl3Sm1LdFB2M05fZnM0Zk00NFE4UzhYZGw2ZkZWbnA5YUhpZzE4ZVA1T2R2c3JuMDJPaHZRZWgxeEUtdFIzSmcyY1RIZjdzV01ObWVUMzUtejZJUVY2S3c3UThsRV9YLVdvWWRrZXVrUENRbGdQdVNO?oc=5,"Sun, 04 Oct 2026 06:31:07 GMT",2026-10-09T11:06:49+09:00
GoogleNews:コンビニ 新商品,コンビニ 新商品,ファミリーマートから新登場!! ガチで美味しい監修商品「298円のスイーツ」を実食レビュー（いぬきち） - エキスパート - Yahoo!ニュース,https://news.google.com/rss/articles/CBMiiAFBVV95cUxQVlBhcEUwdzhVVFFrellzTUNtRDl1Q2lRbGQ3Y0p2aWFfS1c3Z3ZPQlRvblQyWGM4UjBFWWE0dE56Nk5aY1o2Slp3Q3NKYUw0VlM2VGRzT1ROVUl3VDJGSnoxVnlfX3RscC1BOXNYYzlZRE15Z2h4akRtWDdjMXl0ZEhoNVZHUzBM?oc=5,"Tue, 06 Oct 2026 15:00:48 GMT",2026-10-09T11:06:49+09:00
GoogleNews:コンビニ 新商品,コンビニ 新商品,【想像を超えて来た！美味しくてビックリ！】セブン‐イレブンのチョコづくし新商品にハマった！（キャプテン福田） - エキスパート - Yahoo!ニュース,https://news.google.com/rss/articles/CBMiiAFBVV95cUxOU0VOaGZpUFRhODRwazdXNml5d3NsOWZZTS1GSlcyWldLSDhPTFdkUnY2b3Awd21tLWlhNEVFNF9lbTdtc3JFY1JITUQ1SnVMV0ZXeTREaENsUWdGLTN0b3hvTmdrTks1SHdNXzVZRWx5bjBMekd4cVcwLXBFVEY4OUVSZmRxYkRZ?oc=5,"Mon, 05 Oct 2026 20:55:10 GMT",2026-10-09T11:06:49+09:00
GoogleNews:コンビニ 新商品,コンビニ 新商品,セブン-イレブンから3ヶ月ぶりに登場!! 税込537円で美味しい「おすすめのお弁当」を実食レポ（いぬきち） - エキスパート - Yahoo!ニュース,https://news.google.com/rss/articles/CBMiiAFBVV95cUxOaUNnU2p5ZWdSTlVQMEstUUZJanZMR19lTUp5N2JVQnd3QzVoRjVEQVRDYUppZTljWjlOUWxJRE9lekZwNmphWDhSektfLV9kak5NRDk1Y1NXOFg4MnQ1VFJ5NHlDT3V5Wll6dkFWU0xyLXpyNUd0WGl3N0ltOGVqQklweDlRMU03?oc=5,"Tue, 06 Oct 2026 03:01:20 GMT",2026-10-09T11:06:49+09:00
GoogleNews:コンビニ 新商品,コンビニ 新商品,セブン-イレブンから新登場！間違いのない美味しさ「170円のおすすめ商品」を実食レビュー（いぬきち） - エキスパート - Yahoo!ニュース,https://news.google.com/rss/articles/CBMiiAFBVV95cUxNTjg4X1FPcjdkM1FiRjF3SU0tNVlZVEZzU2VZbTlYN0s0blozSTdwYlF6U2tBY0I5Ry13SVRuZjExNVdxaF81bmxxR0RJUTJrUFJwVVk3dVFoaG4yelhsY24wNWZtZWdQS1RrbTQxUGhTWldiTnpOTC1LWHhPUkpqcnd5QVFuZjhf?oc=5,"Wed, 07 Oct 2026 22:01:20 GMT",2026-10-09T11:06:49+09:00
GoogleNews:コンビニ 新商品,コンビニ 新商品,【AIが考えたスイーツ？！斬新な味わいに驚嘆！】ローソンで話題の新商品を実食レビュー！（キャプテン福田） - エキスパート - Yahoo!ニュース,https://news.google.com/rss/articles/CBMiiAFBVV95cUxQYTFJLWhBMHRpTXJBQ1UwVVVUcTJ1NkdTeGpfcllueUJNbFBlUFI2M0h4VF9Jbm1UdTBzeU9NdWlIM0RhS2plMlpnSVFyYW12UTkzTUkyTVJUYkdVYW1ORTVkdXpXekczNXlYSER1dmc0WjRkV1pUSDV6U2tRVHdWVEtrcWx3SDJI?oc=5,"Sun, 04 Oct 2026 07:45:33 GMT",2026-10-09T11:06:49+09:00
GoogleNews:コンビニ 新商品,コンビニ 新商品,「ファミマの名店コラボ新作が熱い！」人気のラーメンYouTuber＆熊本の名店＆スイーツ界の巨匠が大集結（LIMO） - Yahoo!ニュース,https://news.google.com/rss/articles/CBMif0FVX3lxTE1HVlJJNENuUklZQjQ0d1lpOHFNWVFZaEI1OFhqVjBIN2llVTIwVENQWE5uMHhEQ0VMYVM2UXN5Z0k5NktPQldiQW5IdnctaGZMazNHcnp1Zy1TNllmMTU3cnR5N05yUUlMc1ljTWJaTWw3cWljVEJDa3FDQlJNazA?oc=5,"Tue, 06 Oct 2026 03:21:09 GMT",2026-10-09T11:06:49+09:00
GoogleNews:コンビニ 新商品,コンビニ 新商品,【サンドイッチの革新！常識を覆した！】セブン‐イレブンの新商品に歓喜！（キャプテン福田） - エキスパート - Yahoo!ニュース,https://news.google.com/rss/articles/CBMiiAFBVV95cUxOUjRHSGpyenl1WXRnYi1PZzlGcHItbHgwa3ctdndSOWpUQUJTOERWc3hiUE5aZ0tmYU9HOFk1aVlPS1pqemtHM0VUVWNqSnZ4elhSOHVwU1VUWi1yS3BKeGNZTG5JV0hZN1UycHFxTVV4a1RXZ3l3SndFTVJOcGtzOWxOa1BzTENq?oc=5,"Wed, 30 Sep 2026 20:55:14 GMT",2026-10-09T11:06:49+09:00
GoogleNews:コンビニ 新商品,コンビニ 新商品,【これが何と138円！何度も食べたくなる美味しさ！】セブン‐イレブンのお得な新商品に歓喜！（キャプテン福田） - エキスパート - Yahoo!ニュース,https://news.google.com/rss/articles/CBMiiAFBVV95cUxNUzQyQno0eTBfT2dpajI5TDdyVjdMWEE0N1hlQ0laMTlEVDd4TS1WR1hERUF3VVZpbWNrTFE5UzhnUUE3OTlEOVdlUjdqQ2Z4UEpiRDdjZTctalkzaWJkOEIzY1NBdXVSZjJ1Q2R2MUp3ZVpjcXRlTmdXc2xzbWNVSVhYeF96b3Jv?oc=5,"Mon, 05 Oct 2026 15:35:39 GMT",2026-10-09T11:06:49+09:00
GoogleNews:コンビニ 新商品,コンビニ 新商品,セブン-イレブンから新登場【1食330kcal】感動の美味しさ「581円の新商品」を実食レビュー（いぬきち） - エキスパート - Yahoo!ニュース,https://news.google.com/rss/articles/CBMiiAFBVV95cUxORWRWd1VScV9yTkVYUFNpMFRoUndSZnBoY1FyV29JSmFUV3NrZi05VUJ3aWFqaGxkRERsOGxVTkNqZTZZUnpOTGVPekpndEVvN3h0NUFjclRTSHpTaUp6Ync0dEVqXzFlT1dtVkdETHRubUZoR2dKNWRYZUE0LVpUbjhja01ncXBN?oc=5,"Wed, 07 Oct 2026 03:01:00 GMT",2026-10-09T11:06:49+09:00
GoogleNews:コンビニ 新商品,コンビニ 新商品,セブン-イレブンから新登場!! 何度も食べたくなる美味しさ「224円のおすすめ商品」を実食レビュー（いぬきち） - エキスパート - Yahoo!ニュース,https://news.google.com/rss/articles/CBMiiAFBVV95cUxNdzBOaTlfWXR5TG10MWJvMzZIQXhkUGlLUlNzX2x5X1JsQXFpZXFPZWJ0eVVsd1ZGQkYteGI0UERHbGRPdGc3Sk10MTQzWlNjczJpZkViV0RSa245Sl9vMU5ZNjVKSGtreHNLYWxkTXZlMWpFNnBBTUpiZFhhUVpPaGptdGM2ZTRI?oc=5,"Tue, 06 Oct 2026 00:00:51 GMT",2026-10-09T11:06:49+09:00
GoogleNews:コンビニ 新商品,コンビニ 新商品,【サンリオ】コンビニ新商品！アクリルブローチ開封レポ！推しのハローキティは出るか？タカラトミー - Yahoo!ニュース,https://news.google.com/rss/articles/CBMiiAFBVV95cUxPVklVQzlITmZTRDZXSUo2akY0dHBzS1JMTURURnFFQ1JUWjFCS0tVQmo4TzZ1LThwNmhjX05sUEdZX2pVWE9CTzZfLUpRNEdINWZ3eHVUTXlFUkFJWHFKYVA0aFN2RktRRzQ3dHAxdENZdmNNN1VFRVBDMkJ3eC1UU0pMdUdfWUZi?oc=5,"Wed, 07 Oct 2026 02:07:25 GMT",2026-10-09T11:06:49+09:00
GoogleNews:コンビニ 新商品,コンビニ 新商品,ファミマがクリームを8年ぶりに刷新、新商品とリニューアルの6品発売 - 激流オンライン,https://news.google.com/rss/articles/CBMiUkFVX3lxTE9OQXlZREN3RlpZRjZWZDY5aUltdzFDWHRnMFZnQ2lySjFUZVpGNDNrVVEtc0JTVEJpNy1ia0tKWVBralA3akdiUm9Gd2huM1NsYkE?oc=5,"Thu, 08 Oct 2026 08:45:04 GMT",2026-10-09T11:06:49+09:00
GoogleNews:コンビニ 新商品,コンビニ 新商品,セブン-イレブンから新登場!!【朝食にピッタリ】やっぱり美味しい「321円のおすすめ商品」を実食レポ（いぬきち） - エキスパート - Yahoo!ニュース,https://news.google.com/rss/articles/CBMiiAFBVV95cUxOSTRYLWx0dEdHRlFyQWdkeFVPZFcxNkNaek9wTFc2Q2l4TEZsOHNOcWg1NFJ2dzZ1aDF2Q0ctSmw4YWEtUHU4amxhLUlPeFJTSFRLVTgtTHBKZXNhRFhwMzJJQVdBTTBGWXlsdURtZ29Pd3VFN0M4U25pSWJhUlYtc0p3SV81RWZL?oc=5,"Mon, 05 Oct 2026 22:00:53 GMT",2026-10-09T11:06:49+09:00
GoogleNews:コンビニ 新商品,コンビニ 新商品,セブン-イレブンから新登場!!【味変は何にする？】間違いのない美味しさ「321円の新商品」を実食レポ（いぬきち） - エキスパート - Yahoo!ニュース,https://news.google.com/rss/articles/CBMiiAFBVV95cUxOaTlRUmhjRVFFcWl1SzBPVG5xT2pYLXJ3NU80NGhrelk5MTNITWtObzhoWmNQRlFRMEFxcmFPR24wWG11WG9OeWotblBzTWtPSVFxY2JhVjk0NUM5UDl1V3ZWcG82TFNSTE0tTzl2WTdZbXBnQ3FLbkNtaDU4UWExRXNFMUtsbHcx?oc=5,"Sun, 04 Oct 2026 18:01:15 GMT",2026-10-09T11:06:49+09:00
GoogleNews:コンビニ 新商品,コンビニ 新商品,【ファミマ新商品】『令和8年熊本地震復興応援』人気チェーン店監修「598円のラーメン」を実食レポ（いぬきち） - エキスパート - Yahoo!ニュース,https://news.google.com/rss/articles/CBMiiAFBVV95cUxQaWFrRVpWYjlJMWtJdnVKamtXa2p5NGU0Qk1ISFpua0JwVGM4cURMOVFrTU50bkZORFYtQkY5RnlLem5IQlZIVGo5bXoycTlEOFFpa2k1X2R4dWRack54UUE4ZUcyM0VVeUJCdGRad29tMjNRRGVyS2xYLWgtR1lqTmlxVnZFcXY4?oc=5,"Mon, 05 Oct 2026 06:45:54 GMT",2026-10-09T11:06:49+09:00
GoogleNews:コンビニ 新商品,コンビニ 新商品,【コンビニで買える】サンリオ新商品「ぬいピン」が可愛すぎる～！3個開封レビュー♪ - ウレぴあ総研,https://news.google.com/rss/articles/CBMiUkFVX3lxTFAwWVJTRWh3V0xUMHJDU3duaEJ6Z2FkUVc0Mlc3dEFyRUZuVmw4ZS16Q3hDU2xaTi1vaVE4VU9yNDlzcDNWcGdKNkFGNFJGd2FwcGc?oc=5,"Thu, 08 Oct 2026 11:26:00 GMT",2026-10-09T11:06:49+09:00
GoogleNews:コンビニ 新商品,コンビニ 新商品,【10月6日発売】ファミリーマート 新商品スイーツまとめ「ラブポーションサーティワン風タルト」「かじる濃厚ガトーショコラ」など - えん食べ [グルメニュース],https://news.google.com/rss/articles/CBMic0FVX3lxTE91emdsZktaYUNneFEtTDMwYkxaZXRGNkxkZXMyYWNMSGt4RW5aVWF2UkxrQzRpVGhXaF9YelNSZkJKS2UxaDZnLXFZaGFxZ0w5T2Q2Nnk3S082T1lGN3h3N2R4emxqRmsxeU1LS2JvY0JEQzDSAXhBVV95cUxNem9yMXpVNEg5SzV4MWRCbC12MHQ2ZXVOY2J3QlFxb2ozMUVlZ1FldjF3emwtTUtTRUZXcUZoZ3U4c245dlZJcld2d1dITkt2ZWFUY2lDRkNxZm9iWmwwSDF3a2pjUTdxdzFXV0ZXT04xaUUzeW5oSlQ?oc=5,"Mon, 05 Oct 2026 15:36:57 GMT",2026-10-09T11:06:49+09:00
GoogleNews:コンビニ 新商品,コンビニ 新商品,セブン-イレブンから新登場!! ハマってしまうおいしさ「話題の新商品（税込138円）」を実食レビュー（いぬきち） - エキスパート - Yahoo!ニュース,https://news.google.com/rss/articles/CBMiiAFBVV95cUxQMHlXZldPaVBnWmozT0Njc09YTVd3eG1xR0ZMWFlSRUlWY0JTVEhsa21tcVRjNWh0N2c2aHloMVlHN1RTVUV5UXNDTHN2Nzl2UHVDbjNXamsyeE8tdHNzQTdMQVBhaHYybGpORnZaYThjT1l6RlMxdWdxZkxWVmdPNjI2WGd0UzlP?oc=5,"Wed, 30 Sep 2026 07:00:00 GMT",2026-10-09T11:06:49+09:00
GoogleNews:コンビニ 新商品,コンビニ 新商品,【これはスゴイ！マジで美味すぎます！】今週のコンビニパンランキング３（10月6日）（キャプテン福田） - エキスパート - Yahoo!ニュース,https://news.google.com/rss/articles/CBMiiAFBVV95cUxPMVdkdmFrQlVEbUF4TUs3QjhvV3ZvU2NLSDRZUGdWUHdJbzJYQ2ZWQ3pOMFZiTkJoYThLSFFGUmhGdDZvWWV4RUpaVTNOenhpd1RnX2htNmpscHU1MG90ME5BSEhGbW1ieDZjdEprTTd3VDJfdUlrRkpBWmdvSXBjT2N1dFI2QnJD?oc=5,"Sun, 04 Oct 2026 21:13:28 GMT",2026-10-09T11:06:49+09:00
GoogleNews:コンビニ 新商品,コンビニ 新商品,【これはスゴイ！チョコクリームがめっちゃ美味しい！】ローソンの贅沢スイーツに歓喜！（キャプテン福田） - エキスパート - Yahoo!ニュース,https://news.google.com/rss/articles/CBMiiAFBVV95cUxOTzVIajJWcnVHZUJxOHgtWlFrWFBnbjVJckpRYXBNbEt5Qm11cDl4SzNkSDFtWUZkRHZSNk5kLXhTMENpU0xMVkpTYVhLaXUtUVdlVjdTVEwxd1pONHRzWE5RY29jVGhwWFdDcmRneXljWTZ3dTJYaExPTFd2Ym5EZ0t2TDlFMlFQ?oc=5,"Tue, 06 Oct 2026 12:55:12 GMT",2026-10-09T11:06:49+09:00
GoogleNews:コンビニ 新商品,コンビニ 新商品,【2026年10月上旬】アイス・コンビニアイスの新商品！爽 生チョコinバニラ・パピコ チョココーヒー・PARMストロベリーなど秋の新作まとめ - もぐナビ,https://news.google.com/rss/articles/CBMiYkFVX3lxTE5DQ1JZY0s4NUtNVTdkSmRhNDEtZlJsSkdlTUxkTDluSERKeFhrMjNWUEJLQW85dDB5TU9JR25HcWgyYjBEYWlWSmhGNXlaWUcyT3hwa3NpNkNuTDFacFRBRGFn?oc=5,"Thu, 08 Oct 2026 07:21:10 GMT",2026-10-09T11:06:49+09:00
GoogleNews:コンビニ 新商品,コンビニ 新商品,【2026年10月第1週】コンビニ惣菜の新商品！からっキュウや冷製レバー煮、焼き鳥など旬の一品まとめ - もぐナビ,https://news.google.com/rss/articles/CBMiYkFVX3lxTFBSdTB0S1FKLWdZZkpMX25wMlM0OXh6aTRtZGVWMm5FY0xZc04taVlDLTNmRWJRcGZMWjdtaUlfa3JTRXdHZ0ZZMm9pcXZ2a2FJd2ZORnFFcUpzNjE4RW5Cbm1B?oc=5,"Wed, 07 Oct 2026 03:45:54 GMT",2026-10-09T11:06:49+09:00
GoogleNews:コンビニ 新商品,コンビニ 新商品,【2026年10月第1週】コンビニスイーツの新商品！どらもっちやチョコバナナクレープなど秋スイーツまとめ - もぐナビ,https://news.google.com/rss/articles/CBMiYkFVX3lxTE50clZWcFV3OXpjb2JCQVNxdDhleGJJMHZ6MTRNa3JSblM3OUxoVEJOUG5YNzB5bkJwOUtjN1EwY2RDUG96dkF4Tlh0ak9TTDV1dUx1UDZheUw3YndyVHoyN3p3?oc=5,"Wed, 07 Oct 2026 06:15:55 GMT",2026-10-09T11:06:49+09:00
GoogleNews:コンビニ 新商品,コンビニ 新商品,【2026年10月上旬】いも・くり・かぼちゃの新商品！かぼちゃグラタンやメープルスイートポテトなど秋スイーツまとめ - もぐナビ,https://news.google.com/rss/articles/CBMiYkFVX3lxTE5lNXh2cXl1N3dZUG9rYjR1cFRsZmc2M3BoSmhfVDJ1U1ZESkV1Mi1FVTVyVTVPMmZ3QlVnX3EyaWVIR0RkSENZLS0yRHJwNGFsWlhxYUJLVkVhak5rMFdfTWFB?oc=5,"Thu, 08 Oct 2026 10:51:10 GMT",2026-10-09T11:06:49+09:00
GoogleNews:コンビニ 新商品,コンビニ 新商品,【9月29日～発売】セブン-イレブン 新商品スイーツまとめ「紅はるかのさつまいもこ」「ショコラづくしのもちっと生どら焼」など - えん食べ [グルメニュース],https://news.google.com/rss/articles/CBMieEFVX3lxTE5qRVNJd2ZlRWpucWItdzNRMjZnNUNHZUZJNXgzNGZ0bWpfZHc5T3lVQjZPNEZpSEhCZFdJYnB4dVdMcTBXQi1OMzFyeU1TWlNDYi0tMjlKay1hUjlELTcwRjhqSmwzaXV1UHJ0Ump5VVJyTWQ2U2xSZdIBfkFVX3lxTE80c0hIN0tLMEVFRVlfaVB5eWVJMkVFcm1XU1YtMHYtV3RUaTVfQnFaVDBRRlktOEVlOTE3LUZLYlJjMFlTb3BlbjhWS0RtbG11dlRZa2FjZmFSM205NFVTaHVaYmc4S1B5U3RNaUpqQ202cDVuZ09TeW1SS3laUQ?oc=5,"Tue, 29 Sep 2026 07:00:00 GMT",2026-10-09T11:06:49+09:00
GoogleNews:コンビニ 新商品,コンビニ 新商品,【2026年10月上旬】抹茶味の新商品！三層仕立て抹茶デニッシュドーナツや抹茶あんバタースコーンサンドなど話題作まとめ - もぐナビ,https://news.google.com/rss/articles/CBMiYkFVX3lxTFBjZkJ6UlFpRTVYT1Vkc2RlS3BzMzlqem5xclo4OEhSa2JKQmtTUGowQTFzcHltVmcxcG5NLWJGSll0N0lKdUVaWl9RbXpqQmZKNmVxM21ZN2diVnctQWsxQm5n?oc=5,"Thu, 08 Oct 2026 10:21:10 GMT",2026-10-09T11:06:49+09:00
GoogleNews:コンビニ 新商品,コンビニ 新商品,【2026年10月第1週】コンビニおにぎり・コンビニ手巻寿司の新商品！焼つくねおむすびや香り箱の寿司など話題作まとめ - もぐナビ,https://news.google.com/rss/articles/CBMiYkFVX3lxTFBWT1VhY0tLSW5kRHFKNmtVRVNrQVFGclJHOGJhcmtXMTNBOVd5b0w3RU0zVXBaakcyeEZnalVCd2RGdS0wUi14NEIySnM1Q09ScHpaZEVoa2R3X2JfN1dVanJB?oc=5,"Wed, 07 Oct 2026 01:15:54 GMT",2026-10-09T11:06:49+09:00
GoogleNews:コンビニ 新商品,コンビニ 新商品,マクドナルドに「190円の新商品」が登場 注文してみた感想（進撃のグルメ） - エキスパート - Yahoo!ニュース,https://news.google.com/rss/articles/CBMiiAFBVV95cUxQTVJvc01UMUtiRnViUjhFeUctV0xpa1AxV1ZxZWhKRk1wbHFOdkFrQW1WSXFHeVhiS2dWRlhmOUl3TC01QWZ2R0hESHlQeTNieE9jM3VtWm0xN1hFbVVsQld1c1UzUEowc05LNjcxenVHXzBLQzZEOE55S2x1Yjg5YnVfSTdvb21z?oc=5,"Tue, 06 Oct 2026 21:39:23 GMT",2026-10-09T11:06:49+09:00
GoogleNews:コンビニ 新商品,コンビニ 新商品,セブン-イレブンの人気商品！無性に食べたくなってしまう「354円のカップ麺」を実食レポ（いぬきち） - エキスパート - Yahoo!ニュース,https://news.google.com/rss/articles/CBMiiAFBVV95cUxNNHJlTVdoRWh1SGN4UjRuM2UxX3VpX2t5djNZZGQzeHRIUEFVVzNRX01WZllxS2haaUVVM2E1ZWJfNE1MX0lfbnJheXIwaHpQQnFMbWNfQWpqY3cwcFRYb1VRN0dFc29mSHlCcGVBM0RORDlIMWNTTTM0RGRpN1l5MVlhd1lTYXM1?oc=5,"Wed, 07 Oct 2026 08:01:18 GMT",2026-10-09T11:06:49+09:00
GoogleNews:コンビニ 新商品,コンビニ 新商品,9/22(火)スタート！今回の新チャレンジは？ - LAWSON,https://news.google.com/rss/articles/CBMia0FVX3lxTE5Hb1JZczQ0eTZ5c05IVnpkS2daSUZETWZxbVloRTV1RGExaThJY0xrT2o3X2lFa1BFQ1lCMjdRcU5IaVRhbzNvODgxT1gyZTNnSUFyQnp3WElhaVlGakhMamd5UXU5aEo4NW1V?oc=5,"Tue, 22 Sep 2026 07:00:00 GMT",2026-10-09T11:06:49+09:00
GoogleNews:コンビニ 新商品,コンビニ 新商品,セブン沖縄限定の新商品3選！ポーク玉子おむすびやブルーシールウベ味など10月6日発売 【写真付き】トランジットカフェ監修ピンクレモネード946も登場。沖縄エリア限定、2026年10月6日以降順次発売のセブン-イレブン新商品を価格・発売日つきで紹介 | 概要 - LIMO | くらしとお金の経済メディア,https://news.google.com/rss/articles/CBMiTEFVX3lxTFBERGFYcVlwaXREY25VLS1RbUk1aG9zMzNaYjlscnd4NVRhdlJXSnlWY0RacXlELVpYX1BOSW9wS0JvY0M4LUMtWjQxT1g?oc=5,"Tue, 06 Oct 2026 03:07:00 GMT",2026-10-09T11:06:49+09:00
GoogleNews:コンビニ 新商品,コンビニ 新商品,【セブン2026年秋の新商品】ワンコインランチにおすすめの3品！「海苔コロ弁当（麦飯）」はコロッケやだし巻玉子が載った満足な一品です 【写真付き】2026年10月6日〜7日発売。税込500円以内の3品を価格・カロリー・発売地域で比較 | 概要 - LIMO | くらしとお金の経済メディア,https://news.google.com/rss/articles/CBMiTEFVX3lxTFB4QnZxWmFKTmpmUkJETUQ5ZlBwNmowSmNkLURTMk5WbmRLQ21YUGdvd0ZIckNWeTlvSk1nSVJlSHhGVDZjWm93cWRCVWI?oc=5,"Thu, 08 Oct 2026 03:17:00 GMT",2026-10-09T11:06:49+09:00
GoogleNews:コンビニ 新商品,コンビニ 新商品,2026年9月22日(火)発売！ローソン研究所おすすめ「今週の注目商品」｜ローソン公式サイト - LAWSON,https://news.google.com/rss/articles/CBMia0FVX3lxTE9TMWx5WDZ2T1d4S1Y2aGFsU1VqTTNzRXZUdWRBdTNMLUMweHM4NGMxRDdEdTFCNTZiUkozS2ZiZ3pBTFZ0cVBaUnVEVmtzX0FJX1R0blNhdkJJNkxBcGc0UmVKa25tNDM1Yk5Z?oc=5,"Fri, 18 Sep 2026 07:00:00 GMT",2026-10-09T11:06:49+09:00
GoogleNews:コンビニ 新商品,コンビニ 新商品,ローソン新商品「きのこごはん弁当」「海老と舞茸かき揚げの天丼」など秋のきのこ3品。214円とお手頃価格の商品も - LIMO | くらしとお金の経済メディア,https://news.google.com/rss/articles/CBMiTEFVX3lxTE85WDd3TTZKc2RseGd0ZjhPczJLSnhUOXNucXZZc0txeDVfNU9RUlZ5eGNHeXJnbXVmcjJrTngwSUhnbGc2Y0tJWnM0eDI?oc=5,"Wed, 07 Oct 2026 06:17:00 GMT",2026-10-09T11:06:49+09:00
GoogleNews:コンビニ 新商品,コンビニ 新商品,【セブン2026年秋の新商品】札幌の名店コラボ3選！黒ラーメンやご当地サラダも 【写真付き】セブン-イレブンから札幌の名店とコラボした「ラーメンサラダ」「ソースカツ」「札幌ブラック醤油ラーメン」が登場。各商品の特徴や発売地域、価格情報をまとめてご紹介します。 | 概要 - LIMO | くらしとお金の経済メディア,https://news.google.com/rss/articles/CBMiTEFVX3lxTE9GTHg4bWV3ckgwVjVQT3NlNURLbUl1elE2NWxDZTU4VXZSSUplZmp2VE1XeThKV0YtNjlweUNvUC1xWUNkeGVpSnVYMFI?oc=5,"Wed, 07 Oct 2026 01:57:00 GMT",2026-10-09T11:06:49+09:00
GoogleNews:コンビニ 新商品,コンビニ 新商品,【2026年10月第1週】コンビニ麺・コンビニパスタの新商品！パリパリ麺サラダや明太マヨスパゲティなどまとめ - もぐナビ,https://news.google.com/rss/articles/CBMiYkFVX3lxTE9LTk51cFdqeXh4aVlSMWdVNGREdmhYTENfbjk1QWZnWUVLTklvN2NyU2lQSlJsQldidnNCVzc0UUJIZ0E4djlPVlNwSEVHZXdvMnROU3NKcGFQY1BjTlVrZkpR?oc=5,"Wed, 07 Oct 2026 02:45:54 GMT",2026-10-09T11:06:49+09:00
GoogleNews:コンビニ 新商品,コンビニ 新商品,【2026年10月第1週】コンビニサンドイッチ・コンビニパンの新商品！照焼チキンとたまごサンドやタルタル海老カツサンドなどまとめ - もぐナビ,https://news.google.com/rss/articles/CBMiYkFVX3lxTFBxVGhNR3BnMVNpbmEtZThLTlpXWGVYOUdvTUpGd29qOU9wRWE5YVhjdE5rVmppTzRqWUMycGRFTGZEd1o2UUNxWXQ2S1hxdjFlNUJhdENxLUFfdTlhTWJQTWR3?oc=5,"Wed, 07 Oct 2026 02:20:54 GMT",2026-10-09T11:06:49+09:00
GoogleNews:コンビニ 新商品,コンビニ 新商品,2026年8月コンビニ新作グルメが豪華すぎ！セブン「レモンもこ」・ファミマ東京ばな奈 - いこーよニュース,https://news.google.com/rss/articles/CBMiUkFVX3lxTE1INXBUYmJDdHkxb1VfZmRCRnVzYVpiRnRlY3k4WVhZWnQtNDZoU3FDNXpoS21NcklfeDlCSzBkb2NOejMtY1lxQ3pldHdNOTZVbWc?oc=5,"Fri, 14 Aug 2026 07:00:00 GMT",2026-10-09T11:06:49+09:00
GoogleNews:コンビニ 新商品,コンビニ 新商品,【2026年10月第2週】コンビニドリンク・コンビニカップ飲料の新商品！ほうじ茶ラテやルイボスティーなど秋の新作まとめ - もぐナビ,https://news.google.com/rss/articles/CBMiYkFVX3lxTE90Ni1sSWxYUEdtd3BnNW02VEZEZ2xpTjg3Z1Z3SFpPYm9WekdCTExna1VXaUx0TVl2M3RlVVlHSTBnbmlEeUlaVS1oc0tqZ181aHd4VTZPd1RtZFFnRXdoQjJ3?oc=5,"Wed, 07 Oct 2026 07:15:55 GMT",2026-10-09T11:06:49+09:00
GoogleNews:コンビニ 新商品,コンビニ 新商品,【2026年10月第1週】コンビニスープ・コンビニ味噌汁の新商品！野菜たっぷりコンソメ・タンメン・辛味噌スープなどまとめ - もぐナビ,https://news.google.com/rss/articles/CBMiYkFVX3lxTFA1OTJrcGVDby1lN1daaV9fQ2dXZmhwZ2RpVWk5eVRLY21GYUxFeUFzSmdUS1lHQXdIZlJQR1ZCQW5JN3h0dGpmSHhHV3Zsa0t2UXo5eVRDem9rTjFPRDNvQmJn?oc=5,"Wed, 07 Oct 2026 05:06:49 GMT",2026-10-09T11:06:49+09:00
GoogleNews:食　新商品,食　新商品,スターバックス「730円の新商品」を飲んだら、個人的に薄かった（進撃のグルメ） - エキスパート - Yahoo!ニュース,https://news.google.com/rss/articles/CBMiiAFBVV95cUxPVW1wa21KVUhhRldmODItVGk5MnNLRENQekN5cUp5S1I0TEpzdzk5bnVwcmZGVkVQakswZmZmRjU4NXQwM3oxVzhsRkpuM0ExZFptSDR3VGhYM2NwTUVVSjQ3MTFJUTdQUnE0NGhVbnpvd2I0bV83aExMOE4wXzI1MkJYbmxQYnUw?oc=5,"Thu, 08 Oct 2026 23:51:32 GMT",2026-10-09T11:06:52+09:00
GoogleNews:食　新商品,食　新商品,全国の日本マクドナルド店舗(一部の店舗は除く) - マクドナルド,https://news.google.com/rss/articles/CBMiYkFVX3lxTE14bEtUa2lSeEtzNXVBdGc0VF9fWHV6YTdGbVgtUktwdTRQRzNqYklTTFR3Mmo2T3pqNjRiR1VGbXllVkNtakpDWC13Rno1Ry0zb1YzSWY5QXp3SGJmX01QRkpR?oc=5,"Thu, 08 Oct 2026 04:54:54 GMT",2026-10-09T11:06:52+09:00
GoogleNews:食　新商品,食　新商品,北海道発「チーズワンダー」から【新商品】ふわふわザクザク食感の ひとくちチーズケーキ「ワンダーケーキ」が登場！10月14日(水)20時～数量限定オンライン販売 - PR TIMES,https://news.google.com/rss/articles/CBMiakFVX3lxTE1hM1NMUHFzRzV5ekh3dE9EbzQwYTI5R2llaV8zVEgtWUM5ano0aWVTbTRDSDc2MjFMMFVLQXcxa2NuS2JNU2NlWFd0eUNyazhLMTdQMTR5OFg0cXFzSlJDVW9wdVpfTnJYWXc?oc=5,"Wed, 07 Oct 2026 00:00:02 GMT",2026-10-09T11:06:52+09:00
GoogleNews:食　新商品,食　新商品,【WeekenDどう】食欲の秋注目の新作スイーツ 賞味期限10分！モンブランに新食感プリンはいかが？ - FNNプライムオンライン,https://news.google.com/rss/articles/CBMiTkFVX3lxTE9rS3BxSVEyRmduQzhGZXU4MklwTTlJTkFEVzF3ZDZVUG04Q2dIMXVPVENTV29td015ZE1nMWt0elJaUzVweFBXQWs1Vk15dw?oc=5,"Thu, 08 Oct 2026 08:00:00 GMT",2026-10-09T11:06:52+09:00
GoogleNews:食　新商品,食　新商品,【ゴンチャ新作】もちっと＆とろ～り新食感「おいもパール」が初登場！濃密な甘みを楽しむ「紅はるか ミルクティー」10月8日から期間限定販売 - めざましmedia,https://news.google.com/rss/articles/CBMiU0FVX3lxTE1SUTJRZWRqSGphQXJIN1ZoNDd3UTNOWVpLYnZuOTBJVHBzbWVfS0NtN2tRNFhxaWdSdFNzSi1LS0NZX05EcjBudG5WTjBrOGgzZEVv?oc=5,"Tue, 06 Oct 2026 09:04:00 GMT",2026-10-09T11:06:52+09:00
GoogleNews:食　新商品,食　新商品,【ファミリーマート】『オトナ★ファミチキ第2弾』やみつき必至「話題の新商品（258円）」を実食レポ（いぬきち） - エキスパート - Yahoo!ニュース,https://news.google.com/rss/articles/CBMiiAFBVV95cUxNR2M1MGFmRUtKN1Y4aVpyOF95cGRTb1IwdGJzWUVsNEtQU211TUcycmNOMGx1M24tMnhZOXdLQ1BrNTVnOUVPWmNFU3VienY3ZHNKQUJBc3FLeTQzdkVzR1pNN25BZVhIWlVZVUxfNmJOYTV1dEg2VUc5YTRzT3dZbEhKNThMWDZU?oc=5,"Fri, 09 Oct 2026 00:01:32 GMT",2026-10-09T11:06:52+09:00
GoogleNews:食　新商品,食　新商品,マクドナルド新作「180円スイーツ」を食べた正直な感想（進撃のグルメ） - エキスパート - Yahoo!ニュース,https://news.google.com/rss/articles/CBMiiAFBVV95cUxQSWUyT0p3ekctWlRTeFBrRVJpa2JRQ1ExYzJvMnptaGxUaUpCT3VvaWIyV2FuRHN0c2UydFU0REFBYW1Td1llUklwZmFsUnlpdG1DeEFDTnhRRzZEc3VDVGotaVp4dmU1aUtnUnlqVDQxd2xBajJEaHQzeVN0bVN2UEN1WmdyMUtQ?oc=5,"Thu, 08 Oct 2026 01:14:39 GMT",2026-10-09T11:06:52+09:00
GoogleNews:食　新商品,食　新商品,苺のつぶつぶ入り！森永「苺のダース」実食。ミルキーな2層仕立ての新作（チョコレート大事典ケイ） - エキスパート - Yahoo!ニュース,https://news.google.com/rss/articles/CBMiiAFBVV95cUxOZGZmTnVHbGZweGU5WWUxV21tb3dwYV92dTlzTGQzTWotVTNEVmc5ek1yeWhKcl9LRW0xVzF3WTZqSVdWdlhVMUthSmRiaVE2YkllRUlVU2dJUG5KNzg2aGF5RzdzckZ3N1REazZROS1LVUtSVGdxdnlmQ0UzT1RYbTROSXpSTFRI?oc=5,"Thu, 08 Oct 2026 10:55:26 GMT",2026-10-09T11:06:52+09:00
GoogleNews:食　新商品,食　新商品,速報！【コストコ】「すごいの出た」「旨すぎる！」早くも話題のフードコート新作メニューとは（舞） - エキスパート - Yahoo!ニュース,https://news.google.com/rss/articles/CBMiiAFBVV95cUxOaWZhT1VwdlVKYS1jQmdQYW95QlFHS2ViRVlHUldtZEN6NlJxZTB0aWJLZUFPMkM4OTJ0emFpUkpncEpoQUtwV2RrMW9nZVhFbC1BamRuRHg0UjV3cmpzNl9YalZScVVxRUE3cU44YlpSZHVDQkN4bUd2aVdZb2dodHFGZWp2OXFB?oc=5,"Wed, 07 Oct 2026 08:30:59 GMT",2026-10-09T11:06:52+09:00
GoogleNews:食　新商品,食　新商品,【コストコ】今買うべき15選！「値引き品ラッシュ＆話題のフードコート新メニュー」購入品紹介（舞） - エキスパート - Yahoo!ニュース,https://news.google.com/rss/articles/CBMiiAFBVV95cUxNOUlkNTBORWZES1dkYVRFekZza3pwLXlrZ0h5U21GNUppZ2FrT2NtRlp2ZjZzWUpTNTgyR2dnaUpyMHhVNDFBMGtoZ0RER3dJdk1uQVgwc2REUjMyZlpyZmcxMHRjRjIxbHdTOWUxamV5czZhNzdBTDREUGF4R1RaZnU4UWpTSEtn?oc=5,"Thu, 08 Oct 2026 00:55:17 GMT",2026-10-09T11:06:52+09:00
GoogleNews:食　新商品,食　新商品,丸亀製麺で「1080円の新メニュー」を食べた感想（進撃のグルメ） - エキスパート - Yahoo!ニュース,https://news.google.com/rss/articles/CBMiiAFBVV95cUxNa2ItMW50UUlBSnRZZkNkRjQxZXp6Wl9EYzVVTHBtalZ6LXJ4SGZDb25LSDBfVW9EM0ZINnkwdTFaNlZnWkZyTi00Z3A4MF92RFIxT0pFZXFycnBCTV9VNFI4VEx2Zmpha0xPWmZKZjYyYmlCWWRHSm9tZXQ2STZxb0hKQ0t4ZWo3?oc=5,"Tue, 06 Oct 2026 15:53:02 GMT",2026-10-09T11:06:52+09:00
GoogleNews:食　新商品,食　新商品,【ビアードパパ】2026年10月の新商品3種類 また食べたくなるおいしさ（進撃のグルメ） - エキスパート - Yahoo!ニュース,https://news.google.com/rss/articles/CBMiiAFBVV95cUxPWDNFOWt3QWFvakF3UVZBTDlBZTdrcm5jQ0tHMGhLWHZZNTZYZm9HbVpRUlNEY2J4SHdNN2NPZFhIZ2VhcUdtNzE4UkdOZ3h4dmZ4dllsSGdRN293azFJY25NTGNxLUlGZ2NrWHppSzZsUkN1dzZERmctNGlZRmRpYTFsUzc1bXlI?oc=5,"Mon, 05 Oct 2026 06:15:47 GMT",2026-10-09T11:06:52+09:00
GoogleNews:食　新商品,食　新商品,【マクドナルド・ケンタッキー・モスバーガー・ほっともっと】人気スイーツ5種類を紹介（進撃のグルメ） - エキスパート - Yahoo!ニュース,https://news.google.com/rss/articles/CBMiiAFBVV95cUxNUnluNXJzUWN6SmNPZkNBRTQ2b2Q3bTQ3eXFPd3RZNTU2QkNqQ2VVQzhYemJ5TTUxNlR0ZW5OdjBXOUtmeEI1NG9mUzFkbDFnY1p2dmNyUFk2ZFQ1SlVCNzAyOHZta191emlQY1h6am1lZTVzNWZCLUViS0hjc1d4aGxMSHpqTU5i?oc=5,"Mon, 05 Oct 2026 13:38:11 GMT",2026-10-09T11:06:52+09:00
GoogleNews:食　新商品,食　新商品,【丸亀製麺】人気メニューが定番化、2026年10月6日（火）より仲間入り！（進撃のグルメ） - エキスパート - Yahoo!ニュース,https://news.google.com/rss/articles/CBMiiAFBVV95cUxOVm1YYUE2bHp0Z1ZnVG1yR1lVV0NfZVNFQlNEZjFzNlVGZEl5TEg3azlPTFQ4TE5lMTNfengxM25UaGlLZFZkZ09TYnZ1YkhrVnJhZElLTVo5RkpOTkpiRi1zSVlLVy1lcll4SzVkRmtVQ0N2YWFYZXVRZURVMV9XQkFkRVlxS3FY?oc=5,"Mon, 05 Oct 2026 08:32:47 GMT",2026-10-09T11:06:52+09:00
GoogleNews:食　新商品,食　新商品,松屋「568店舗限定メニュー」を食べた正直な感想（進撃のグルメ） - エキスパート - Yahoo!ニュース,https://news.google.com/rss/articles/CBMiiAFBVV95cUxPQ08zS3BFdkZLTVo0MWdUMUpyQ1Z1bFRRV2ZWWWNOWkN0d25MekZacFh0ejh1OUdJOVA2QVRYSWkzYk0xOWRRX182elhRZzh6ejlaUU0wUGlyRFkyNVlWeDVOUXVkaVdEYXFnaFN2YlB4QzlUUlMyczNMeE5KMFd3M2VoNUpyX0lT?oc=5,"Tue, 06 Oct 2026 03:52:25 GMT",2026-10-09T11:06:52+09:00
GoogleNews:食　新商品,食　新商品,松のや「惣菜フェア」がさらにお得になった！今回はクーポン不要「半額以下で激安」「最大790円引き」 - Yahoo!ニュース,https://news.google.com/rss/articles/CBMiiAFBVV95cUxNQ2hWT1A4QjVWbnlXOTlsN2dydDRJRlZoaUFKdU9PS0tDa0VEQnlmbmZEbEJYd2NieGFCQlpKYndkalNSaGY0Z2xCekpaZVVfSnVQemxic3RnMmFNS3RTeXBFcHBfXzVycndsem9Ha3RTQ1pIazNudUtzZXRyTGVJcTRqcnRnR1RI?oc=5,"Wed, 07 Oct 2026 05:22:44 GMT",2026-10-09T11:06:52+09:00
GoogleNews:食　新商品,食　新商品,ファミリーマート限定「399円アイス」を食べた正直な感想（進撃のグルメ） - エキスパート - Yahoo!ニュース,https://news.google.com/rss/articles/CBMiiAFBVV95cUxQd1dEZnZvbWxCRmVJd2EtUXF4NkJHMDUzbC1yYl9jRmpfaUlzdGRiSTRQRUtCMVhDVkEyTFpKZVpPMFB5ZHVTYVh3SkFMTmtJN1ptdFpFN2NFdFItMEJEbE9FSzNpdVRPNHp6R2hOZEpJaFg3VklQbEdTZGlWRlQwZHFKNjB3OENF?oc=5,"Tue, 06 Oct 2026 04:38:54 GMT",2026-10-09T11:06:52+09:00
GoogleNews:食　新商品,食　新商品,【マクドナルドより安い！】ほっともっとの新作スイーツを実食レビュー（進撃のグルメ） - エキスパート - Yahoo!ニュース,https://news.google.com/rss/articles/CBMiiAFBVV95cUxQUl9HX0t6UmhDa0YxOElpZ1hGdmtsOXdyNVdya3E5ZlBHSjFMTnh5aC1DcEZHOXAzdWZWM3pkSDNJdkI2d3g5T2l1UkxhWXhZOXZCdURfaGZaMURhSldkcWZhTWJ2eDM3MWVjLTI1OFFyZ2pidnhvYjVyWW9fMkhWX0xJRUp1YjFa?oc=5,"Fri, 02 Oct 2026 00:08:13 GMT",2026-10-09T11:06:52+09:00
GoogleNews:食　新商品,食　新商品,2027年春夏向け新商品4品 11月2日発売【食行動の変化に応え、新たな食シーンを共創する】 - フーズチャネル,https://news.google.com/rss/articles/CBMiVkFVX3lxTFBFbzVIOE5nSnd4LVFVTHE3em5MN1g3UzFoYzZ3WmZWenJlOXowdWZaSzFxLWowUW1oMVBXQjRteDROUF9FZzdiVFpsYlhYMVg5V1NDeU5n?oc=5,"Fri, 02 Oct 2026 19:28:07 GMT",2026-10-09T11:06:52+09:00
GoogleNews:食　新商品,食　新商品,ビアードパパ「340円の新商品」を食べた正直な感想（進撃のグルメ） - エキスパート - Yahoo!ニュース,https://news.google.com/rss/articles/CBMiiAFBVV95cUxQMVVpbEFEZjFidW5Ua0laVy04dUhERm10OEMtRG9NWGVfZW1BZjR3TlIxa0RCa1pHYzFsQXpfRDBaQVpSWU92TWN5d05aN01MSktEQ0llNEdBU0VzbzBiVi1DLTNCTmJZMEc1bzlGcmpWWmJIOXpOWTNGdWNLNUYyaThoUEtqS3Qx?oc=5,"Sat, 03 Oct 2026 09:31:58 GMT",2026-10-09T11:06:52+09:00
GoogleNews:食　新商品,食　新商品,軽やか食感のココナツ菓子 ココウェル - 神戸新聞,https://news.google.com/rss/articles/CBMif0FVX3lxTE14R1g0SjJhX0QyQ29WUEsyY3B1Zll1a1hseUNSblQ5bjkwa3IyMVdMRmRrcC1uS1FGT0p5RFlFTllJY3ZiSzdyS1k3TldIbFBFaFdySk1GazlRVU5PU0toUTZaNmZCSGlEaUthNzFJa3VJWE51eHk1VENWUEVhVlE?oc=5,"Wed, 07 Oct 2026 04:31:00 GMT",2026-10-09T11:06:52+09:00
GoogleNews:食　新商品,食　新商品,"松屋の「2027年福袋」が10月3日発売！牛めしの具6食など14種26食で6,390円、1食約246円にルンバやApple Watchが当たる懸賞付き｜グルメとフード - 旅とおでかけ 鉄道チャンネル",https://news.google.com/rss/articles/CBMiTEFVX3lxTE1fdlVFaXhpYV93TXk3VGx2UXpRNXNKZlNWV19SX3hTR0haQ040a3JrQm43WDBIalB0OW1abUJic1FqZWJPSFV0NEZkTGE?oc=5,"Sun, 04 Oct 2026 13:30:04 GMT",2026-10-09T11:06:52+09:00
GoogleNews:食　新商品,食　新商品,いなばペットフード 2026年秋の犬用ペットフード新商品を全国発売！ - PR TIMES,https://news.google.com/rss/articles/CBMiakFVX3lxTFBjSmc1T1BYWTI2U1o2d1lEeTlIbld3c1h1QXAxRUxwSVhLMWxKYWt0Ty1YWDAtbkh2WXF2cHE3Y2lDbnoxRXEya2MwOUtEdVFUQmRXT0hJZExSWDJQQUJRWExTYVVZeXFMVUE?oc=5,"Fri, 25 Sep 2026 07:00:00 GMT",2026-10-09T11:06:52+09:00
GoogleNews:食　新商品,食　新商品,冷凍「オレアイダ」 食感重視の“衣系ポテト” 新商品「サクサククランチ」 (食品新聞) - Yahoo!ニュース,https://news.google.com/rss/articles/CBMijgFBVV95cUxNMElUMUpnZ3AxWGszVGZYaXdFT1Myd0pUdnpnUXVCOU9uOEZLcEU2TjFPUGJtcTFub2xuNTRHQi12WmNMSURRTG1ZSVl2Wi1UZUg3a1hCUGVhQ1NnT2ZnZ3lWb2t3V1h3ODBibkc1M0hXWDJBOGF5QU1WRk1wZ2JIblZ0amtobzJiUmEzcXhB?oc=5,"Wed, 30 Sep 2026 13:17:30 GMT",2026-10-09T11:06:52+09:00
GoogleNews:食　新商品,食　新商品,いなばペットフード 2026年秋の猫用ペットフード新商品を全国発売！ - PR TIMES,https://news.google.com/rss/articles/CBMiakFVX3lxTE1oR05MWURIVHh6MzJiY0Q4X2ViQ0ZxQy11X1ZFcDhwTi1RWjZZRF8wc0FOWVF5bmJKcDk4QnpHbDNpZ1dZUS1qcXI5TWRiR01hRFhOemZsQURxR1piQU1JaWpralNpYlNUQnc?oc=5,"Thu, 24 Sep 2026 07:00:00 GMT",2026-10-09T11:06:52+09:00
GoogleNews:食　新商品,食　新商品,いなば食品 2026年秋の新商品を全国発売！ - PR TIMES,https://news.google.com/rss/articles/CBMiakFVX3lxTE5IT2ltSkVFa09zOElFdmtmemxRaENPckVxbnRtM29Obzhnajk3U1NVNS1jRjkyVktXRTdOZk13Z04ybmNmSFdEWFR1WlRhaWZoM2I1MzFGQjFlLXpVTm9yTHpnS1RKdWhOakE?oc=5,"Mon, 28 Sep 2026 07:00:00 GMT",2026-10-09T11:06:52+09:00
GoogleNews:食　新商品,食　新商品,いなばペットフード 猫ちゃん用缶詰の新商品「CIAO 香り立つ」を発売！ - PR TIMES,https://news.google.com/rss/articles/CBMiakFVX3lxTE5xSDBFTHhnbndObEpZQ3VHSEZfZUZiSWNJY1lGbkVIYjl6a3VhcXQzUmRRbFNQZEVlUjdMY09FdUJlWkVPZURyald6RmVqUlM1UlhsQVdEcFBadzZHcnBkOTFGdEh6RWNHQ3c?oc=5,"Wed, 30 Sep 2026 07:00:00 GMT",2026-10-09T11:06:52+09:00
GoogleNews:食　新商品,食　新商品,【七宝麻辣湯監修】ピザハットが新食体験「麻辣湯ピザ」を新発売！春雨・豚肉・キクラゲ・四川花椒や2種類の花椒油を使用した“シビ辛”ソースとチーズを合わせた驚きの一枚 - ピザハット,https://news.google.com/rss/articles/CBMiSkFVX3lxTE5WbEVTQUJQRFR0VGozUTd3WkU2T3kyaGo3cVJwdDZpdXl5S0w0bnJraVZZU18teXAtODRXRHNoXzVUQjU2eHRCSGlR?oc=5,"Thu, 01 Oct 2026 01:13:21 GMT",2026-10-09T11:06:52+09:00
GoogleNews:食　新商品,食　新商品,全国味噌特集：新商品＝個食、健康を訴求 - 日本食糧新聞・電子版,https://news.google.com/rss/articles/CBMiZ0FVX3lxTFBYdEVLUEpJQ3d2SEphRGxFTmJuMGV5TW1SMEVFTGg0Wml2aUU2SE1fNXRDOWFqVERfV3ZqNDRIdVlGVzUzUVdDUXc5X1lpRGwwMUdMdnIyMU5ZNXU0NFVmSkRhdllJUWM?oc=5,"Fri, 25 Sep 2026 07:00:00 GMT",2026-10-09T11:06:52+09:00
GoogleNews:食　新商品,食　新商品,〔新商品〕幼児食向けレンジ調味料＝ピジョン【時事通信速報】 - 日本食糧新聞・電子版,https://news.google.com/rss/articles/CBMiU0FVX3lxTE1DMmZQVGt5T3drV2ZHSUhmUnBKSi1UTzJRTzM2bGk1bmhITjlGQU01WHpqVEhRaTVqSVF4bjB0VDN1N2NqNzE2MFZqZHpsUDBzUWxv?oc=5,"Thu, 01 Oct 2026 06:50:21 GMT",2026-10-09T11:06:52+09:00
GoogleNews:食　新商品,食　新商品,【セブン】新作「焼きいもスフレ」を実食！食べてみたら、お芋感が想像以上だった（進撃のグルメ） - エキスパート - Yahoo!ニュース,https://news.google.com/rss/articles/CBMiiAFBVV95cUxObHdYNzdmcURCUXNhYWlZV1h3Y0RFcnp0NUlrR0l1NlFQZ3UzdWY5a182QUZpN0dwRlFXTTNvbU1fYlRFZmJyQ2dZeWRiSGpOSk5iSHFOUkRUQTJ3LXZaQUZGdEo5UGJEbDZ2LW5GRmxBakJjbHRTbWJMc20yRVQ1WTJzcFVMQ2NW?oc=5,"Thu, 24 Sep 2026 07:00:00 GMT",2026-10-09T11:06:52+09:00
GoogleNews:食　新商品,食　新商品,冷凍「オレアイダ」 食感重視の“衣系ポテト” 新商品「サクサククランチ」 - 食品新聞 WEB版,https://news.google.com/rss/articles/CBMiZEFVX3lxTE5kbkFQWXJESUhhMnQyRl93cVVzU1NnOWRnLXJpa3VidEEzVUp6X281OGRXVlduSU5GUklnVlRiRmpwRUN0VWdvLVlFeHp6Q2tlYWhIRndRbnAzSXM5YS1mVzRrWFA?oc=5,"Wed, 30 Sep 2026 04:35:13 GMT",2026-10-09T11:06:52+09:00
GoogleNews:食　新商品,食　新商品,4種の異なる食感のドライ粒で、飽きずに夢中なおいしさを楽しめる猫フード 『銀のスプーン ザクッと食感ブレンド』新発売 - ユニ・チャーム,https://news.google.com/rss/articles/CBMibEFVX3lxTE5lY2RnWHNTTnplaU1QMExBeUVQajFoSXlva0syMVdnRy1nN0NzV1B3VEhPOWJweHoxVWdicFpfTjY2c2tYTXZ5TEJPZXlyVmxLOWJGZWtQT1d4S0VsTFJReEJJOXh0QTFWRVdKNg?oc=5,"Tue, 18 Aug 2026 07:00:00 GMT",2026-10-09T11:06:52+09:00
GoogleNews:食　新商品,食　新商品,マクドナルドに「370円の新商品」が登場 注文してみた感想（進撃のグルメ） - エキスパート - Yahoo!ニュース,https://news.google.com/rss/articles/CBMiiAFBVV95cUxNeXBGcEZHcmVGcXRmNV9lcjdad2NHWjhzcGs4TWFvWTFjVEV2azd4c2VTeF9mMG1KRlVMU1RtSnBxck5ySVdjOG5iTnozWi1IRkw0eEVYdjVIUVVCRVU4NmVDUHBlZGJXaURmVkllZnNsdzNrTVZ5cFNsQ3BTOUFZS3JwSzBvbEx5?oc=5,"Wed, 16 Sep 2026 07:00:00 GMT",2026-10-09T11:06:52+09:00
GoogleNews:食　新商品,食　新商品,日本最大規模の食の発表会で決定！「新商品グランプリ2026年春夏」のグランプリは「リケンのノンオイル かけちゃえ エスニック」 - ウォーカープラス,https://news.google.com/rss/articles/CBMiVkFVX3lxTFBkY0NaYzZVa0owRWJ2UGlXbkhFNktDaDl2dklHMjlCbl9aSWNZazVwRlNHNmJtbXN5cnMyWEtvYXpvbXRSc3hlN0o4WXROcXByZjRnWVdR0gFbQVVfeXFMTV81RG5BVjRhMlRIYU5xd1hNdGJWUjJOT3oxSUF5aUZmb1JqMGN4clNHeGdCT3FaNXpIZzgzUjAwb1JxNk5IU1VMeThFenIyaWd1c0wyanhoZ3F1aw?oc=5,"Fri, 18 Sep 2026 07:00:00 GMT",2026-10-09T11:06:52+09:00
GoogleNews:食　新商品,食　新商品,【飲んだ感想！大人な味わい？】セブン-イレブン限定のコンビニドリンクを実食レビュー！（進撃のグルメ） - エキスパート - Yahoo!ニュース,https://news.google.com/rss/articles/CBMiiAFBVV95cUxQUENMZ0d2VUZqZWNndlh6eXhzNVZpR1N5VjhoUzZBb2p5c1B4Ry1NSHFZQkZ2MnRaT3VMNmgyWDVUZktpbWJzX1FEU2hGTUM2RWs3WEdhX1plVjdtaTFCT1BpdUp6YXNQNjYzelVIaEZLV2N6eVJ4ZC1URENLRy0zZl81aW9jLXd6?oc=5,"Thu, 24 Sep 2026 07:00:00 GMT",2026-10-09T11:06:52+09:00
GoogleNews:食　新商品,食　新商品,湖池屋、揚げたてポテト食感の新商品「金のポテト」 中食需要開拓 - 日本経済新聞,https://news.google.com/rss/articles/CBMibEFVX3lxTE95eURoR25qS280X2NqZS1uXzdSUm02dVZOaDhEVzk4U1NEcktPWGdONG9wR0dvN200Z25jVy1lNFFJQVAtZFkwd3Nya21Ia0ltY3otNmY0RC1EZDNhNWNfQU9ZMDBNdVBfSDFGSA?oc=5,"Thu, 17 Sep 2026 07:00:00 GMT",2026-10-09T11:06:52+09:00
GoogleNews:食　新商品,食　新商品,全国の日本マクドナルド店舗(一部の店舗は除く) - マクドナルド,https://news.google.com/rss/articles/CBMiYkFVX3lxTE56UVM3NjJqdzdxT3R2YUk2MTdBYWdmeEo5bTBnVngybHBCSzQ0Z1A2eWdfa3NubEF2UUpkSHVfUFNIdDBlSnJ0ZjRtSmVhZWRsRVhaUWdDSnp0eTBBRU5MakFn?oc=5,"Tue, 15 Sep 2026 07:00:00 GMT",2026-10-09T11:06:52+09:00
GoogleNews:食　新商品,食　新商品,こしあんとアイスだけ！セブン-イレブン限定の新商品を実食レビュー（進撃のグルメ） - エキスパート - Yahoo!ニュース,https://news.google.com/rss/articles/CBMiiAFBVV95cUxPWFAwcUUta2djZnJFSzREMUF2RlVoTHgxYURtbWRrTXlpdmpWbWNNaTFPMjJSSW5CZU41REhXY0Q5ZXlIMWIyVk9CczVKb2dpUWlKRThDSWVKaWY3RkZtLUxFdTlWUXZCX3lLalpyV3F6YkN0X0xHX1p6TXg1V2txXzVJcWxIRFVN?oc=5,"Tue, 15 Sep 2026 07:00:00 GMT",2026-10-09T11:06:52+09:00
GoogleNews:食　新商品,食　新商品,セブン-イレブンから新登場!! やみつきになってしまう食感「159円の新商品」を実食レビュー（いぬきち） - エキスパート - Yahoo!ニュース,https://news.google.com/rss/articles/CBMiiAFBVV95cUxONENVZGRGYkh2NVpMTDZiRVhTdVpwVFhUejkzTUZyQmNPVVlobnNTRVhTLU1HLWlELUlmUHd6NGJNR0VWWmItazNVNmFMbjB0QzBjTV9zNUlfd0tNR3lLUS1UaDF3ZDEydF8ycTlYQ05oX1k1NHpCWTdwT04zbk1tOGJRdmZ5SWhz?oc=5,"Wed, 23 Sep 2026 07:00:00 GMT",2026-10-09T11:06:52+09:00
GoogleNews:食　新商品,食　新商品,長期保存食の新商品・リニューアル品を2026年10月より順次出荷 | アルファー食品株式会社 - アットプレス,https://news.google.com/rss/articles/CBMiTkFVX3lxTE1malNLNzJ6X3VIMG55NEdNRXZYT2ZlMHFxMWlZRFQ1WnRMalh0Tl8yYlhXZmdjcmx1b0FtN0VnWGtkTXhsQW1mc191djg1QQ?oc=5,"Tue, 01 Sep 2026 07:00:00 GMT",2026-10-09T11:06:52+09:00
GoogleNews:食　新商品,食　新商品,つぶつぶ食感！からあげクン つぶつぶコーン味が発売！今なら1個増量中！ - LAWSON,https://news.google.com/rss/articles/CBMibkFVX3lxTFBQSnV6LW9qdXZod2w4Q20tVDVJaGVhYUVySllxczNza3d0STFfU0hSNE1KTTZVLWJVWHp2TjNWaWNTQ2Q2VXVVS0E0VGhmSmZ5R1BEQkFxTXMwbHlsLXgxYXNaTS1pbUtEZTRNd3BR?oc=5,"Tue, 15 Sep 2026 07:00:00 GMT",2026-10-09T11:06:52+09:00
GoogleNews:食　新商品,食　新商品,ULTORA、タンパク食ブランドに進化 食事から摂れる新商品拡充 (日本ネット経済新聞) - Yahoo!ニュース,https://news.google.com/rss/articles/CBMijgFBVV95cUxQREx2czZ3TnNtYlJTaGpwTVBZUzdLbDBWUUJaZDB1RXhKWDV3Uktyc1JiT0ZuYlplRFdMdnMxLW9Ec1BMQ0pyRm5QWXBPRXRSVmxCTEpsQjg5VjVJS0h4WV9YRDM0cU5MU0hEdlVVaU5CMFUxSXNYdjNNaUxoT1FhNTl4WXJGUjlTUlI0ck13?oc=5,"Fri, 18 Sep 2026 00:40:37 GMT",2026-10-09T11:06:52+09:00
GoogleNews:食　新商品,食　新商品,すき家の新商品5種類を紹介 また食べたくなるおいしさ（進撃のグルメ） - エキスパート - Yahoo!ニュース,https://news.google.com/rss/articles/CBMiiAFBVV95cUxQM0ZNQlVUak9nY1VDV2VROVdZRUN5T1VfM0l0WmF6R2xvREhDRWZndURxTkdvQm1qSTFmaktFUjluZEZJY2owTi1EZGxGZi1hSkJXX1lndjZ0czRlX1Vwd2V6QkxGTE9mTG1jWUFHSS0wNElWdGhiQ0NHQlkyNm9zOWhzXzdHRmpQ?oc=5,"Mon, 21 Sep 2026 07:00:00 GMT",2026-10-09T11:06:52+09:00
GoogleNews:食　新商品,食　新商品,ひかり味噌 2026年秋冬新商品発売 気分やシーンで選べるアソートタイプのスープ春雨『おいしさ選べるスープはるさめ 10食』に、人気の「麻辣湯」フレーバーが仲間入り！ - PR TIMES,https://news.google.com/rss/articles/CBMiakFVX3lxTE9zYkJnejJFRlFNVkwxSlRhNWtYQXpCTFhiWlJqN1JDMXZmVEkxN2hSS2RrenhscXpzNFl3OERMOUhFYXJfLXc4cnZTTloxUjI2Uk9VZEUzckZudmdTTHI2QzdsQUZYbms3d2c?oc=5,"Wed, 22 Jul 2026 07:00:00 GMT",2026-10-09T11:06:52+09:00
GoogleNews:食　新商品,食　新商品,"累計販売数2,000万食を突破！ファミマの『超も～っちりパン』シリーズに “サクサク”の常識を覆すクロワッサンなど、いつものパンとひと味違う 驚きの“超も～っちり”食感の2商品が7月14日から発売！｜ニュースリリース - ファミリーマート",https://news.google.com/rss/articles/CBMid0FVX3lxTE9vNUFGVVh4dDAzc0xwS0dnMVcwMERkT2pjeFlJb1huZ2NiNFk4UkV5NVZBd0NrTlR4WW1RVFZYNmMwOHFGM2VTckhtV1dRQUt3NVJwb1F0UTlEOEptU0VBeFpDQWVGZVR3MlVpY1BWNVZVV2RYTHVN?oc=5,"Fri, 10 Jul 2026 07:00:00 GMT",2026-10-09T11:06:52+09:00
GoogleNews:食　新商品,食　新商品,ULTORA、タンパク食ブランドに進化 食事から摂れる新商品拡充 - 日本ネット経済新聞,https://news.google.com/rss/articles/CBMiVkFVX3lxTE5sS3M5VHNMOWNZNGRBMTBrUlhoa1VYdXpjcUhocGw1di0xZENFOU5Qc3E4Rk9uZzlfLWhhei1qUW0xZ2dmRzNlUGktT1JHLUZYcU5LWkZB?oc=5,"Fri, 18 Sep 2026 07:00:00 GMT",2026-10-09T11:06:52+09:00
GoogleNews:食　新商品,食　新商品,マクドナルドで「290円の新商品」を食べたら、個人的に少し悲しくなった（進撃のグルメ） - エキスパート - Yahoo!ニュース,https://news.google.com/rss/articles/CBMiiAFBVV95cUxPRTJ6MXB1eDdEeTBlZTdxWFFubDFXc0M1bWdtTnBJNmtLd05lY281czRfd3FLRzYxZFBSRGNUTzJGLUFUNFE1NGRRVlNCRno5Y1FWLVoxRFNLTUk0MmpFcGM3bXZfR3c2TjhPeDRwLU9UaWhfMGFQd2dsNGcxZDluRXc1NEgtQkkx?oc=5,"Wed, 16 Sep 2026 07:00:00 GMT",2026-10-09T11:06:52+09:00
GoogleNews:食　新商品,食　新商品,『フジパンPREMIUM』から極上の食感を楽しむ新商品が２品発売 生クリーム仕立てのしっとり食感と加水率約90%のもっちり食感！｜お知らせ｜フジパン - フジパン,https://news.google.com/rss/articles/CBMiVEFVX3lxTE9pSV83WVhMb09wVFBjOE5IQS0xRlZCcDJIMWJCR0JNcUFTUFNQNTQ0WnZqNG5ZWW9iSThwU3NqazhlcWNiYlRaVFNLLUc0WUpoZEdROA?oc=5,"Tue, 25 Aug 2026 07:00:00 GMT",2026-10-09T11:06:52+09:00
GoogleNews:食　新商品,食　新商品,スターバックス「630円の新商品」を飲んだ正直な感想（進撃のグルメ） - エキスパート - Yahoo!ニュース,https://news.google.com/rss/articles/CBMiiAFBVV95cUxOaGpWNHE0MFFPTHpYYVpNSDU3endiLWNXRWJUTHBFWm4xTVowejdGblJCN01LbGtZQTB0LWVNRGFNLWczWGpfaVpxSHFEaGQ1ZzFOZC1FQ05ZRjhUQVdnZkROYUxNd3FBWW1lR1UxU1ZONW5vcmY0VkpIVHNRNUUwT1o0anhjMVdZ?oc=5,"Fri, 18 Sep 2026 07:00:00 GMT",2026-10-09T11:06:52+09:00
GoogleNews:食　新商品,食　新商品,【the kindest 2026年春夏 新商品】子育て家族の“新生活の食の壁”に寄り添う乳幼児食を発売 - PR TIMES,https://news.google.com/rss/articles/CBMiakFVX3lxTE1OQUZhS2ljZlNpVzI3SFRPUU5tUXVpUzJTWmFKb0xRQWNkdnpiQWxDR0lpMVd5MUdsUHlzRXBUU053TXNrLU9ya0JJQ2FDdTJsTm13S3V2R2pBTXJVTG9IZDJpSHc4Q2g2clE?oc=5,"Fri, 27 Mar 2026 07:00:00 GMT",2026-10-09T11:06:52+09:00
GoogleNews:食　新商品,食　新商品,ローソン「からあげクン つぶつぶコーン味」298円は史上最大の具材感？ 40周年の節目に、累計50億食・ギネス記録の定番が挑む新作｜グルメとフード - 旅とおでかけ 鉄道チャンネル,https://news.google.com/rss/articles/CBMiTEFVX3lxTE5FSlJNOU5lTU5kamI0Y19TNVZVRXB1QkVJSlE3MllZNnJpYl9yajIzZ2pvelhQSUs4eFlDcll2a0d6bUVveGxnc25RMmM?oc=5,"Thu, 24 Sep 2026 07:00:00 GMT",2026-10-09T11:06:52+09:00
GoogleNews:食　新商品,食　新商品,月刊「食品 新製品トレンド」2026年7月号 ロングセラーが劇的アップデート 食感も味もコンセプトも新次元へ！ - 日本食糧新聞・電子版,https://news.google.com/rss/articles/CBMiaEFVX3lxTFBwbmlJR3F1Nk1LZWxRTUI2VWw5YkJvdng3aTdrZGlveGNuQXlQQkNvV1Q5RzMyczV5RlpGaVFITVpnWDFPaHdZTnE3aGtYVzJrcER5UWN1dXlOQVF3dTk2T2V0VUZDNG9r?oc=5,"Tue, 21 Jul 2026 07:00:00 GMT",2026-10-09T11:06:52+09:00
GoogleNews:食　新商品,食　新商品,新食感ドーナツ？！ザクッ！サクッ！ドーナツが新登場 | サミット株式会社のプレスリリース - PR TIMES,https://news.google.com/rss/articles/CBMiakFVX3lxTE5SbUx6TE5JVUh5b0pqbXVBMlAwcEVUZjV3Q3dvQjJVNmsxcFVyZ2RzMzZRY2ZSUzhmN05heF92RTNpUldBX1lCX1hZdnpGaVhhOHViRHNCOE4yUXlpMGFVNk1hckNIVHk3WlE?oc=5,"Mon, 31 Aug 2026 07:00:00 GMT",2026-10-09T11:06:52+09:00
GoogleNews:食　新商品,食　新商品,【実食】マクドナルドの新商品に「チョコボール」を追加トッピングしてみた結果（進撃のグルメ） - エキスパート - Yahoo!ニュース,https://news.google.com/rss/articles/CBMiiAFBVV95cUxONVJYR19TdGU5aUpSN1lWSnY2TU9fSy1ZV1NsYlVzVE13LVRQNlBKa0ZUZXBTUTVraDFQek03Vl90SGJrcklXeW5ZQWVUWnpuU0VHSnJSX2xMeUNYTFp2THo1d1RyTTdsZXIwVUZNMEdYSmxKRFZtVm5MLUs4Y0g2NEo4czg5dXF5?oc=5,"Fri, 17 Jul 2026 07:00:00 GMT",2026-10-09T11:06:52+09:00
GoogleNews:食　トレンド,食　トレンド,Googleマップ、世界10都市の食トレンド発表 東京で「お餅」が168％増（ケータイ Watch） - Yahoo!ニュース,https://news.google.com/rss/articles/CBMif0FVX3lxTFBwXzF4V1NFWUxNXzhvVFprUnV4c1BPMmw1RjNpSUxYNENtLTFQRkFmOEpGSjFtRGdCTWE3c1JhNDN4ZS1mcFQ3ckIwVC0tN3N5US1lOV9IZzJJSXRLVlMta2RzeXNSdE1BRkkzb29SbHFwN1FwTDVSdHV0T1BVZjQ?oc=5,"Thu, 08 Oct 2026 12:30:00 GMT",2026-10-09T11:06:54+09:00
GoogleNews:食　トレンド,食　トレンド,「2027年の食トレンド予測」発表＆長谷川あかり氏・渥美まいこ氏の登壇、出展企業も決定｜「おいしい博覧会2026秋冬」10/15開催 - PR TIMES,https://news.google.com/rss/articles/CBMiakFVX3lxTFB0cEphaGwxSGVUSzhWMkxwRWZic3dDN0hSSWx2QXktcktmRGNuOHNqWE5DTWVXRGJHOVBObk1KaE1CUnBQbmtMVWFWM2RxYjQxSnlOYnNhdndONk1XczhDNU1UX1dsQnpKdUE?oc=5,"Wed, 07 Oct 2026 06:30:01 GMT",2026-10-09T11:06:54+09:00
GoogleNews:食　トレンド,食　トレンド,ＰＲ ＴＩＭＥＳ[3922]：「2027年の食トレンド予測」発表＆長谷川あかり氏・渥美まいこ氏の登壇、出展企業も決定。「おいしい博覧会2026秋冬」10/15開催 2026年10月7日(適時開示) ：日経会社情報DIGITAL - 日本経済新聞,https://news.google.com/rss/articles/CBMizAFBVV95cUxOUGpVRGlTR1NxbXM2Yk1UVXVMTXJ5TXJCR2h6M3BMdnpiT1NUdnBkNDlsb3Y1Xy1KMG1HY0txR2Zld1BIQ0plNHdGb3RlQ25pV3hIb01OZWlwQXBJMVotdGtZSF9NOVFVX19fZVAzR05CUThmbmVjRXJmbUFLdkY4ZTZuVG1hdENmb2NIVVJLbjl5QWwyT25yUHZRMWc1b2lUaU9zb01QUTFyTndtTFJTZ1ViTkVvNG5yS0xiMmlIcE5KVENlcE9ySzZoV08?oc=5,"Wed, 07 Oct 2026 06:30:00 GMT",2026-10-09T11:06:54+09:00
GoogleNews:食　トレンド,食　トレンド,画像1 / 4＞2026年の食のトレンドは「Swicy」！アジア最大級の食品・飲料展「FOODEX JAPAN」が発表した3つのキーワード - ウォーカープラス,https://news.google.com/rss/articles/CBMibkFVX3lxTE41RVpBQnNiQzF5Z3V4N3JGSE1Fc0tLSU9nTWdaekRTTmQzZE1xd0FZYm9JeWlESUEzMjhXaVg3ckxFYS1WbGZUd1ZUNmFXZzVTMzJDM1FiTzdMaU1vRTh0VHFfaVJmQTdZdkI3X3VR?oc=5,"Mon, 05 Oct 2026 09:12:45 GMT",2026-10-09T11:06:54+09:00
GoogleNews:食　トレンド,食　トレンド,女性の健康食品トレンドと、市場ニーズの変化を捉えた企業の開発トレンド2026 - ウーマンズラボ,https://news.google.com/rss/articles/CBMiTkFVX3lxTE9iSmtMSkhKazNJM042LUpNM3Q1RXlxM0JtQmF1bE5kUWJDN1ZuVXZNcC1mLUVNRktkakQ2Zmt3N3JFdHlRV3RIWHUtMVY4QQ?oc=5,"Tue, 01 Sep 2026 07:00:00 GMT",2026-10-09T11:06:54+09:00
GoogleNews:食　トレンド,食　トレンド,8/3 定量×定性で読み解く「食」トレンドの現在地と未来 ― 生活者の「潜在ニーズ」と「欲望の変化」から導く“次のヒットの兆し” - クロス・マーケティング,https://news.google.com/rss/articles/CBMiVEFVX3lxTE96WmlUMFdId2NCLW1rMnF4ZHdwZFlqenczOXZKZC1CRF9wVFdiNzB5OGdNaHpDUEY5X19PSVhLMEZtM3ZydU5KTzVwUnZlSVdJam5mbQ?oc=5,"Mon, 03 Aug 2026 07:00:00 GMT",2026-10-09T11:06:54+09:00
GoogleNews:食　トレンド,食　トレンド,PRESS | CLASSY.[クラッシィ] - CLASSY.[クラッシィ],https://news.google.com/rss/articles/CBMiV0FVX3lxTE0wdVVpTjl5OExnXzgwWnJZeC04dHJnYnNQeFNQQU9wbDhmV2g1ODhpTUxOTm5vV1JpYTExUVYtNUlXOXhjcVFUS0syV25VRWFxUkhCUExIbw?oc=5,"Fri, 02 Oct 2026 04:10:26 GMT",2026-10-09T11:06:54+09:00
GoogleNews:食　トレンド,食　トレンド,2026年上半期「食トレンドランキング」＆下半期「食トレンド予測」を『デリッシュキッチン』が発表！ - PR TIMES,https://news.google.com/rss/articles/CBMiakFVX3lxTE9venRmem0wY3ptejR1TkFHUERqbGdlWTV0SmFxcjlnN3ZoTnR3ZW1OUWs2TkVUclc1TGN2QTdNOWhHUWtOblc5NGViMmprSk9PQlBZTFB6M2hlRDQwcDJrUFJ4NmNURXloYXc?oc=5,"Thu, 18 Jun 2026 07:00:00 GMT",2026-10-09T11:06:54+09:00
GoogleNews:食　トレンド,食　トレンド,"""うまい""が確定！令和の食のトレンド「うま確」 物価高のいま、若者たちが食に求める「安心感」 - TBS NEWS DIG",https://news.google.com/rss/articles/CBMiV0FVX3lxTFBHOC1kNV9vTjdxUV9pREZpb0JJZ1hQYS1rQ3JsNkU5NmhFX2s1NE5ZZ2hvOWE0VWlPQk5lWVVZcVpaZ09HQmlkc21TWTB5WEo3YUpnXzFNYw?oc=5,"Sat, 12 Sep 2026 07:00:00 GMT",2026-10-09T11:06:54+09:00
GoogleNews:食　トレンド,食　トレンド,2026年「猛暑グルメ™」は「酸辛香グルメ™」 - 株式会社ぐるなび,https://news.google.com/rss/articles/CBMiZEFVX3lxTE1lVzVlOXZoUXgwYm5qZmJwX3VBX0EzNXBxWTY0MWpFU096VWVWeUNVTjNzcURTRmNFU0NNb2FtdjJfd2tKZzA1Ujd4cGhRR0ZyN1lra1lpYzRtTWstb0lfQ2JWRFQ?oc=5,"Thu, 04 Jun 2026 07:00:00 GMT",2026-10-09T11:06:54+09:00
GoogleNews:食　トレンド,食　トレンド,2026年の食のトレンドは「Swicy」！アジア最大級の食品・飲料展「FOODEX JAPAN」が発表した3つのキーワード - ウォーカープラス,https://news.google.com/rss/articles/CBMiVkFVX3lxTE1HcVhYRk85dXh4YURib2VFdzV4VVNUaFNweWFEY2M2U2NnY0VzUWczckNQWVpGdDJuZWt2S3hnMUtkbjBwWllXRVU4X2I4UktUUmJUaEt30gFbQVVfeXFMUGhjdUk1bkJYZGtKYWZkdGhXazlGaEs4Y2paM2ZGSjhGVTVrUzdLVF82bUFsOFl3bW9vNElIVHktNGJuSHdGWWZTM0k3SlprWi1VVjNWN3U0c2cxcw?oc=5,"Sat, 03 Oct 2026 07:00:00 GMT",2026-10-09T11:06:54+09:00
GoogleNews:食　トレンド,食　トレンド,定量×定性で読み解く 「食」トレンドの現在地と未来 生活者の潜在ニーズと欲望の変化から導く次のヒットの兆し 2026年8月3日（月）14時～15時30分 無料オンライン共催セミナー - クロス・マーケティング,https://news.google.com/rss/articles/CBMiYEFVX3lxTE12dmJGNnhYTUtkbGhBWTdXQko0UnpmNHE1LXdWRThDaU1lVEQyVjRjZmZTTXpQa2NVejdldG90SlplMnB5RGcxX25qM1pvQlY2VDRfbktzYTVHeld1UUxGQw?oc=5,"Thu, 23 Jul 2026 07:00:00 GMT",2026-10-09T11:06:54+09:00
GoogleNews:食　トレンド,食　トレンド,【2026食トレンド】「一品完結型おにぎり」に約8割が関心あり。特別感やエンタメ性に加え、タイパ・コスパ重視のニーズも後押し - PR TIMES,https://news.google.com/rss/articles/CBMiakFVX3lxTE9QYS0xRGNIaE9FYmFrMWdyMmJBeHBjMEdpZ0NTQ3FVQ1ByY1oyTUpydmZ5Rk4wdlFBcGw0bUd4OEVocXZYY203ZUthMFV2bDdGdUpPZktXSkw4RUg4akNIUFRCbmJmZGNEMnc?oc=5,"Fri, 11 Sep 2026 07:00:00 GMT",2026-10-09T11:06:54+09:00
GoogleNews:食　トレンド,食　トレンド,【株式会社デコム】2027年の消費税減税で「食」はどう変わる？生活者インサイトから予測する「ネオ食トレンド」解説セミナーを開催 - PR TIMES,https://news.google.com/rss/articles/CBMiakFVX3lxTE5UQ2o0aW5qRjdfNWRZRnZYUkhoRFl3U3pHemdKNkZFTmowWFpDdVM3NkN5YzlmcWxzelh3dnNESlBTT2h1aWd3eExnc2JCbUhjOERpU3E2NHV0eUZHYkkxd3NxOXktOEt1eVE?oc=5,"Mon, 28 Sep 2026 07:00:00 GMT",2026-10-09T11:06:54+09:00
GoogleNews:食　トレンド,食　トレンド,次の食トレンドと注目商品が集う、「おいしい博覧会2026秋冬」を10月15日(木) 開催 - PR TIMES,https://news.google.com/rss/articles/CBMiakFVX3lxTE1yOWJZVWFuVmZCamlwV0RZaHhSYk13U0FqcEp2ci1qaXdsQm9qYkZCNEFta1hGT2hGRy1TY21Lb01sLTdIV1NFM2U2eWRycnh4eGVIc1ZiZVRDY1VzdlhLc0Z1UDRNRllGd0E?oc=5,"Fri, 21 Aug 2026 07:00:00 GMT",2026-10-09T11:06:54+09:00
GoogleNews:食　トレンド,食　トレンド,2026食トレンド「コンボケア」をバーで最速実装 オーセンティックバーが提案する新習慣 「ゼブラ飲みキャンペーン」2026年7月1日開始 | 株式会社ティグリス - アットプレス,https://news.google.com/rss/articles/CBMiTkFVX3lxTE5EeVVlUVdOeGFMSW1ROVd1enhTQnBEZ3dyWFVaSEp4MFdpVUszb1pkREVjeC1xYXhUUDZqYTViSWpldm1TMjZieUE4c0pidw?oc=5,"Mon, 15 Jun 2026 07:00:00 GMT",2026-10-09T11:06:54+09:00
GoogleNews:食　トレンド,食　トレンド,１回の食事で様々な食感「サクもち」や「パリとろ」がトレンド “ハイブリット食感”の食事に注目！ - Yahoo!ニュース,https://news.google.com/rss/articles/CBMif0FVX3lxTE5lTWNEUVhpOEUyd1BSWm1vbXhiSjdVVWF6YUNTVkg0bFRUMXhsSmFWNG5SN0FfVy1MamlMX3lsVXlMUXU4U1l6d1JPNTRKUmlNaXNMQ1pVaU5ueFVpSEFTTnUzSkdzY3BBY1lhcHJhUjFWc0VOajJOd29TeXM2bUE?oc=5,"Wed, 15 Jul 2026 07:00:00 GMT",2026-10-09T11:06:54+09:00
GoogleNews:食　トレンド,食　トレンド,猛暑で「キッチンに立ちたくない」が急増！ au PAY マーケットECコンサルタントに聞く、この夏注目の「NOコンロタイパ飯」とは - 舌肥,https://news.google.com/rss/articles/CBMiWkFVX3lxTE8zeWh5eGZaQWJpbm5YREF6NWRTMUlraVFJSWl1NlhnbHBSM1hRa3gxQ3hmZXNnRnlaTG9fMWU5OTRKZ1JzU05MS3VKekFTNHlkWUVHa0dQTGh4dw?oc=5,"Sun, 23 Aug 2026 07:00:00 GMT",2026-10-09T11:06:54+09:00
GoogleNews:食　トレンド,食　トレンド,サカーナ・ジャパン、「FOOD STYLE JAPAN ＜東京＞」に出展、 外食・中食市場の最新トレンドを紹介するデータパネルを展示 - https://www.npdjapan.com/,https://news.google.com/rss/articles/CBMiYkFVX3lxTE5wQWcxWmJrOGUyaXhha0Y4cERiWDdVUWxHQmNzOEh1TU9GemNJaU5sM1ZGcFpZSUx0NW9WaWc5eXJLc0w1eWloWl85S1Jsc0Q4X1MwQjRnMUpaamMyS2FRLUFB?oc=5,"Wed, 16 Sep 2026 07:00:00 GMT",2026-10-09T11:06:54+09:00
GoogleNews:食　トレンド,食　トレンド,"""うまい""が確定!令和の食のトレンド「うま確」 物価高のいま、若者たちが食に求める「安心感」 - アットエス",https://news.google.com/rss/articles/CBMiYEFVX3lxTE1QMGo5aDlwY1l6Z3hROXltSV9GY3hUTnNYM3pob0dIb0VQNm1tOWNPa25UX2FCa3d0MkZOUS1XSXNjRktpaV96OVZ4aUx2ZEIxSHVTbWxyV09pTUNBeTFueQ?oc=5,"Sat, 12 Sep 2026 07:00:00 GMT",2026-10-09T11:06:54+09:00
GoogleNews:食　トレンド,食　トレンド,【ホテルグランヴィア大阪】2026年のトレンド「豆皿」で、少しずつ色々楽しむ和食ランチ 1日20食限定「豆皿と釜炊御膳」が新登場！ - PR TIMES,https://news.google.com/rss/articles/CBMiakFVX3lxTE9OM3NCR2RGeGVXYTQ3YkNBNVZpcUdScVZtN0xVeDN5ejJBWXIwYzhNenk0YXBWeFY2S1hQVzhMVUVxM0dBRDYzbFp2dmRwY0xoRkVsSEVVUU90Z0lCVkdvVndtOFdKUXhLVHc?oc=5,"Tue, 15 Sep 2026 07:00:00 GMT",2026-10-09T11:06:54+09:00
GoogleNews:食　トレンド,食　トレンド,「2026年上半期トレンド料理ワード」から読み解く食品系SNS運用のためのマーケティングセミナー アーカイブ動画の配布開始 - PR TIMES,https://news.google.com/rss/articles/CBMiakFVX3lxTE56QUJ5M01LYmdPODBRLVRmOUM5TXdYNzZwQUtUXzdXUDU4SldHTzB1MmJBWXVEOXdhNDM2X212MmctdUdOSk5Gcmx0MGhQOFZfdm5WWU96UE9xSFFCRWZxSkU0aFJma2ZJU3c?oc=5,"Tue, 16 Jun 2026 07:00:00 GMT",2026-10-09T11:06:54+09:00
GoogleNews:食　トレンド,食　トレンド,"""うまい""が確定！令和の食のトレンド「うま確」 物価高のいま、若者たちが食に求める「安心感」 - TBS NEWS DIG",https://news.google.com/rss/articles/CBMiX0FVX3lxTFBWcy1WaEQ3TWlJX3NGM2FsVnJ5QUZxRk8tbGZiRFhPZ01lNHVCZGJFSmFYeVFCSzc1SG5DRWMxZWlObno5bUJUQkVqWEZ2WE9rem9JcmNlcW1WVENsaEJv?oc=5,"Sat, 12 Sep 2026 09:47:25 GMT",2026-10-09T11:06:54+09:00
GoogleNews:食　トレンド,食　トレンド,大賞は「麻辣湯」！ゆる腸活から魔改造レシピまで2026年上半期トレンド料理ワード大賞＆注目5選を発表～キーワードは「味わうだけでなく楽しむ食のエンタメ化」～ | アイランド株式会社のプレスリリース - PR TIMES,https://news.google.com/rss/articles/CBMiakFVX3lxTE10M3RuQWJsYUhZRXZTZWk4eFBZbHBwNmdvdGU2anhBaFdFUlRqaEN1T1huTzFfSWxMc1hoMnlJUWVTLUg5NHVyZzd5YkJqd0lDT29EMlFNVTlybUczRHJLRmdUc2tVdUNaWVE?oc=5,"Thu, 04 Jun 2026 07:00:00 GMT",2026-10-09T11:06:54+09:00
GoogleNews:食　トレンド,食　トレンド,内食・外食データが導く2026年夏の最適解！今年の夏はお家で「辛酸冷・麺」と外食で「酸辛香グルメ」 - PR TIMES,https://news.google.com/rss/articles/CBMiakFVX3lxTFBaZXlTN0RJaEktZW5aaGZZMzg3alJCcWl5T2tHS1EyUENlRjA4QVJ1U085QWd6blItNnVUbk9OVEY0eTNmYVlsc0RTVkM1bVRua2FaWFhoNXVyQUFzbTVfazNvajd0bFFmQmc?oc=5,"Tue, 21 Jul 2026 07:00:00 GMT",2026-10-09T11:06:54+09:00
GoogleNews:食　トレンド,食　トレンド,X分析で判明、「もちもち」が国民的食感 データで見えた食品トレンド - 日経クロストレンド,https://news.google.com/rss/articles/CBMiZkFVX3lxTE9aemJOWkNvazJ6MGQtNDZRTEphNTlCMEFJaXNJUEstbWJUSGt2NXAtQjdqTVF4WHdHRm1FSjNfTDNtcGFmVTNER3lLbWlwcXpwNTFXbG1KZ1FRRktMLURUak1kMGtJZw?oc=5,"Mon, 14 Sep 2026 07:00:00 GMT",2026-10-09T11:06:54+09:00
GoogleNews:食　トレンド,食　トレンド,海外市場の現場で集めた食トレンド10年分を学習した食の特化型AI「FOODIAL AI」を正式ローンチ。生成AIでは辿り着けない具体性のある回答を商品開発のヒントに！ - PR TIMES,https://news.google.com/rss/articles/CBMiakFVX3lxTE5mNG91cDNkLXVjSkJKWkJ6MldhN0lmWVNlNjJQVzFXLUJfb3FNQjJwVEtPVVphVnNINEIxQjF2R3dESTVJUU1veWZXa3ZvSnZHY0M0QmNadzNCVWxDVnU5dVkyTVZqa1JCaFE?oc=5,"Wed, 25 Feb 2026 08:00:00 GMT",2026-10-09T11:06:54+09:00
GoogleNews:食　トレンド,食　トレンド,クックパッド「食トレンド大賞2025・食トレンド予測2026」を発表 - PR TIMES,https://news.google.com/rss/articles/CBMiakFVX3lxTE8xdHRCeHliOFlnUm9LZmt3d2MxdlVORDNfYjFLc0NoV1lNZmlXdVVzVDEyWkpTVDRsYVMzN1g3NVJETEZYV0hLbTB1Wkk0R2laQURDWTR1WG5aS081OEk5azBjcG1keFhrM2c?oc=5,"Wed, 26 Nov 2025 08:00:00 GMT",2026-10-09T11:06:54+09:00
GoogleNews:食　トレンド,食　トレンド,今年の食トレンドは甘くて、辛い！？日本最速！「スワイシー」な味わいの「スワイシーブルダック炒め麺BIGカップ」を8月18日（火）より先行発売 - PR TIMES,https://news.google.com/rss/articles/CBMiakFVX3lxTE42SDNVT2k5LW42VGNwbG9XeHFTSDJVYzE0cGFQSk5KZ05yUFpFM0loTnV4aFFUR3haQ2pjWVM4NTkxNEJxR0I5bTF6WTV0Q2o1RVlGcWZ4STh2N3EwVzRtTWYxT1NrVE5TUmc?oc=5,"Wed, 12 Aug 2026 07:00:00 GMT",2026-10-09T11:06:54+09:00
GoogleNews:食　トレンド,食　トレンド,"2026年上半期""食トレンド""ランキング1位は「冷凍ストック」! 下半期は「直パケレシピ」「ネオ厚揚げ」「ドリンク調味料レシピ」がブームに? - マイナビニュース",https://news.google.com/rss/articles/CBMiXEFVX3lxTFBYWlg5ZG9SQ2JDZk1LMVhjR0U0N3Z3NFhIVnQ0OE1ienowM25nV3hRbjRGZ2t1Y3BwbzhUUS1Yc0JtZkkwaW92czlNMGhGWUFzV3ZsUXk3WS1IbEc3?oc=5,"Fri, 19 Jun 2026 07:00:00 GMT",2026-10-09T11:06:54+09:00
GoogleNews:食　トレンド,食　トレンド,“映える”食感トレンド、麺類は「ワシワシ」 スイーツは「ふわもち」 - 日経クロストレンド,https://news.google.com/rss/articles/CBMiZkFVX3lxTE1rMC1nZFk1UGZwT1g1MmxFc09vb01UWXBJSnJqZHZ0R2o0dC14azA4VVZzWDRNOU13ME5BT1ozczNvYXE0Wk5MbGJ6WWVtdXBtbmlULXZmT1BXeTZ4a1BsQmdJQzZkUQ?oc=5,"Tue, 15 Sep 2026 07:00:00 GMT",2026-10-09T11:06:54+09:00
GoogleNews:食　トレンド,食　トレンド,「2026夏の猛暑食トレンド」予測を「味の素」が発表！ 「麻辣湯」レシピ検索が右肩上がり、エスニックブームが猛暑の食卓を変える?! - HugKum,https://news.google.com/rss/articles/CBMiQkFVX3lxTFBBQ2hwSE5BRm1zU0hnSU5KbnQ1ak1qRnJoU1hQTUJScEpxOWctcEFJX3lSTnhmbEQ3SDhiVXdxLXJCQQ?oc=5,"Sun, 31 May 2026 02:03:52 GMT",2026-10-09T11:06:54+09:00
GoogleNews:食　トレンド,食　トレンド,【ミヨシ油脂】「2026年食のトレンド予測」第４弾、「餃子・焼売編」発表、餃子におけるリピート需要獲得のカギは「ジューシーさ」と「パリパリ食感」 - PR TIMES,https://news.google.com/rss/articles/CBMiakFVX3lxTE1kSTdEbHZpMEpsajUxZmw2NzE2UE5jc0NzN1dfMzVjUXM0WFJ6NzBqU3hOSnRnZERmXzlRSHVrSXhGLTU2M2JvbUgzM0JOT1N3OEJSbjhEMi1Oc1QyUnRGVUtHLW1JOG41Umc?oc=5,"Wed, 20 May 2026 07:00:00 GMT",2026-10-09T11:06:54+09:00
GoogleNews:食　トレンド,食　トレンド,夏の相棒「そうめん」も“生”がトレンド？モチモチ食感がクセに 個性豊かなアレンジ術も【Nスタ】 - TBS NEWS DIG,https://news.google.com/rss/articles/CBMiV0FVX3lxTE9ydzk4VzFzM0hSSDRFWHNvNURhR0VHbkdDYXc4cHFKbmMzYXU2N2tyQnJ0VGN1cXY2ZllkSmhiQ1RjS1NjTjNGaVVXZWZ4WXdsOWt3TUE4WQ?oc=5,"Mon, 18 May 2026 07:00:00 GMT",2026-10-09T11:06:54+09:00
GoogleNews:食　トレンド,食　トレンド,次の食トレンドを予測、「おいしい博覧会2026秋冬」10月15日開催 - Koubo,https://news.google.com/rss/articles/CBMiRkFVX3lxTE9kZDcxWjFPNjFDYy1UU0hqcFl2MEVSVG4wN3lYVktoaHF3cUx3WGxvcHZjVl81MTl4YXBpQ1hjUzNvek1WaHc?oc=5,"Sat, 22 Aug 2026 07:00:00 GMT",2026-10-09T11:06:54+09:00
GoogleNews:食　トレンド,食　トレンド,2025年 食のトレンドを振り返り ― 「自由」と「ノスタルジー」がキーワード - PR TIMES,https://news.google.com/rss/articles/CBMiakFVX3lxTE0xMFpZQ0lPbjJ6MVFsdDJRYnh2WTBZSTgxRGJlY2NrWDVLejhMQnUwazRmTTI1dXlUcWhKNmRBSi02V3U0XzY5LTRNSEMwSEtZN3pPMUVfQ1MzV0xwUy01Z3Y5cy1PUnlPUEE?oc=5,"Fri, 12 Dec 2025 08:00:00 GMT",2026-10-09T11:06:54+09:00
GoogleNews:食　トレンド,食　トレンド,FOODEX JAPANで見つける、2026年の食のトレンドの兆し！甘辛の新味覚 “Swicy（スウィーシー）”スナックやまるでヨーグルトな進化系こんにゃく、氷の要らないかき氷機まで | 一般社団法人日本能率協会のプレスリリース - PR TIMES,https://news.google.com/rss/articles/CBMiakFVX3lxTE9xS0pZRFd0aVJub3F2THNBeHpIZEpNckVlVXAxMmJBclFhWnVjZ1BGYV94ckNlSjJpWkpmMi1aeUZ2UndXSXR5THUxWVAzMlNtM3hTem9jeGNMRDhOU0o2RXVNU1Q0MkRrQWc?oc=5,"Thu, 12 Mar 2026 07:00:00 GMT",2026-10-09T11:06:54+09:00
GoogleNews:食　トレンド,食　トレンド,【味の素】今夏「猛暑食トレンド」 調理工程・味わい軽い 「オフ飯」＆刺激的・満足感「オン飯」のスイッチ - オトナンサー,https://news.google.com/rss/articles/CBMiSkFVX3lxTE5Da3JHUGd5M1h1bHVwZlFkeUJhOEFZX1NCVzZWV3R3Q3R1MjFsZjI2WDJsMUprWW9SWGp4R3JfcW5jQWpCb3VsenVB?oc=5,"Sun, 17 May 2026 07:00:00 GMT",2026-10-09T11:06:54+09:00
GoogleNews:食　トレンド,食　トレンド,【ミヨシ油脂】「2026年食のトレンド予測」第４弾、「餃子・焼売編」発表、餃子におけるリピート需要獲得のカギは「ジューシーさ」と「パリパリ食感」 - www.tv-tokyo.co.jp,https://news.google.com/rss/articles/CBMibkFVX3lxTE5LdV8tdks2VFRxaFVmc1JzU21ORUp6TE5qYnhEczUyci1MV2pLbkRhb3otWUFndnEyUFlwUjA1RG1WdGNiNDBSSURxS24yNXhORHBndENPZjNRSWRRQmJibVlGaldtamZZeDhLbEhB?oc=5,"Wed, 20 May 2026 07:00:00 GMT",2026-10-09T11:06:54+09:00
GoogleNews:食　トレンド,食　トレンド,【株式会社デコム】2027年の消費税減税で「食」はどう変わる？生活者インサイトから予測する「ネオ食トレンド」解説セミナ - ニコニコニュース,https://news.google.com/rss/articles/CBMiVEFVX3lxTE9vel9BNkdBWF84Qzc2d0xRbERrSHRXT05kWEdUb1ZueTNDS19fTFkyOWpXejdRU1JFVWdIbDNWNGxPRHNyRjFmTlV0emNmR0lucHlGZA?oc=5,"Mon, 28 Sep 2026 07:00:00 GMT",2026-10-09T11:06:54+09:00
GoogleNews:食　トレンド,食　トレンド,食のトレンドは「手軽＋日々の健康」がキーワード！手軽に健康を意識した料理で自分を労わる、新たな食のスタイルに注目 - TOKYO MX,https://news.google.com/rss/articles/CBMibkFVX3lxTE12cm81bEFYRVg0ZnhOdnU5U2Rtd3FVSkpDWGF2cngtbXc0Z1FNdTNualRNeEVHQkJDYlZqSm1DWjVIOFptRVJhRGpxbEN6cF8zWGF0SGVsXzhFdGh5ZVhlZ2pDclY4ZUVHb3p1VXlB?oc=5,"Thu, 29 Jan 2026 08:00:00 GMT",2026-10-09T11:06:54+09:00
GoogleNews:食　トレンド,食　トレンド,【2026食トレンド】「一品完結型おにぎり」に約8割が関心あり。特別感やエンタメ性に加え、タイパ・コスパ重視のニーズも後押し - ニコニコニュース,https://news.google.com/rss/articles/CBMiVEFVX3lxTE9RVjRBMEZQSkwwVGZISHNkSWxIN0w4Z1dLSW9pckhfQjB1MDRTcEdTRDJhUEt2MThFc0ZQQ0RvLTJvZjc0Y3Q3YzFMYUllaGVaUXRlTg?oc=5,"Fri, 11 Sep 2026 07:00:00 GMT",2026-10-09T11:06:54+09:00
GoogleNews:食　トレンド,食　トレンド,"小さな贅沢がたくさん…2026年トレンドグルメ「豆皿定食」ナゼ人気？【THE TIME,】 - TBS NEWS DIG",https://news.google.com/rss/articles/CBMiV0FVX3lxTE5mUmxFa3RmeWk2MWtUTHZ6TmdITXVOdXV0dk0wVFNtdWJ5d2cyUjYzQlhHQzlZTmh1Q1AzcElKM3RwWldycC1rMnFZZ0MxQ3hDMXRCQ3FROA?oc=5,"Tue, 19 May 2026 07:00:00 GMT",2026-10-09T11:06:54+09:00
GoogleNews:食　トレンド,食　トレンド,【無料レポート】デジタル・トレンド白書2025 – 食トレンド編｜ダウンロードページ - 株式会社ヴァリューズ,https://news.google.com/rss/articles/CBMiV0FVX3lxTE5PUy1LeDE3R2UxLXAzUnJ6OVZPRzlYSlZ5d1ZQZUFGUmlxc2drbFdSS3EyRDY0OWFibERmdGhseEU3WUkyLW5zeXNFVWRzVW9nQ29HS2kwWQ?oc=5,"Thu, 27 Nov 2025 08:00:00 GMT",2026-10-09T11:06:54+09:00
GoogleNews:食　トレンド,食　トレンド,次の食トレンドと注目商品が集う、「おいしい博覧会2026秋冬」を10月15日(木) 開催 - ニコニコニュース,https://news.google.com/rss/articles/CBMiVEFVX3lxTE1VbUR1S0Z6QkY3QlF5UVRSZ1R3M0g1eGZsb3JvRDI3Wk13aUJlYnFkbG9qWTZnTWJHNVVtN055RDlqMWRRa2M1UjgyeVBUZTkzRktyVw?oc=5,"Fri, 21 Aug 2026 07:00:00 GMT",2026-10-09T11:06:54+09:00
GoogleNews:食　トレンド,食　トレンド,世界の食トレンド最前線「FOODEX JAPAN」で見えた次の一手 - テレ朝NEWS,https://news.google.com/rss/articles/CBMickFVX3lxTE94YlpRdHh3SmQ0QVNPTVBUZWlNcVpHOVdSWnNtdlBjMDFBdHlRaGc5aUJkc2tSb2R2R0RwZkdmRXpSb185UWlFRmttaTNkUkoxbkM0ODdsTEVlTTJ5TUp6S2E4ZnRuU1ZSMTU4ZkZvYmE3Zw?oc=5,"Sat, 18 Apr 2026 07:00:00 GMT",2026-10-09T11:06:54+09:00
GoogleNews:食　トレンド,食　トレンド,トレンドトラッカー：ゼリースティック、「食は薬」の概念、グリコのインサイト - FoodNavigator.com,https://news.google.com/rss/articles/CBMiggFBVV95cUxQaVVtZVhVWjlNdDBqdEFTa2tWbWpaU0lNRmJBQ2xFTW5rSUxWdGZ5bFFtQWU0MFNfN0xnS3QwaVpTSl9VV3NIc1pobmhPaTZkQk1McjNMQXdrblN2ZkpuX1RZcUppS09XaEFmNWhaanhNWE9pRTc5dUQ5Y0FkZHJpMC1n?oc=5,"Sat, 13 Jun 2026 07:00:00 GMT",2026-10-09T11:06:54+09:00
GoogleNews:食　トレンド,食　トレンド,クックパッド「食トレンド大賞2025・食トレンド予測2026」発表会レポート｜食トレンド大賞は「ワンプレートせいろ」 - PR TIMES,https://news.google.com/rss/articles/CBMiakFVX3lxTFBPUFRjaUZ2WHBhZXI0cVJ1VlNnS2VqMjNNaVJwZ3Zxd2l5eDBQa1p0UnQxNlNuMThIemxRRF9OSzFmMlBiVms3SlY1SkQtMmlhc1BzZFo2OWZEXzhvTHZHcWN1RXBIdU1RMXc?oc=5,"Thu, 04 Dec 2025 08:00:00 GMT",2026-10-09T11:06:54+09:00
GoogleNews:食　トレンド,食　トレンド,味の素が「2026年夏猛暑食トレンド」を発表、猛暑の夏、「軽め」と「刺激」の二極化が加速？ - マイライフニュース,https://news.google.com/rss/articles/CBMiVkFVX3lxTFBfU05Nd0dtNkxOSXFyT1hRUGs1XzdYdzAxZmFVTnJudlZIMjIxMFB3bVh3UFdJZEVjZVBzVGZsa2tqMTVKTnRuOGI4WC1wLTZnN1lVemZR?oc=5,"Mon, 18 May 2026 07:00:00 GMT",2026-10-09T11:06:54+09:00
GoogleNews:食　トレンド,食　トレンド,中国で大ブーム！食べて健康になる薬食同源（やくしょくどうげん）と最新トレンド - 株式会社ヴァリューズ,https://news.google.com/rss/articles/CBMiV0FVX3lxTFBMcGQtVDAybXNXVTFQY3VEY1l5Y3Q5d040WEFjQnRBVXVDVnRLRTF5UlhubDdJZUhINlotQmFkLUZJMDlITEtjNy1MY2tnaGdreEw0VnljVQ?oc=5,"Fri, 19 Jun 2026 07:00:00 GMT",2026-10-09T11:06:54+09:00
GoogleNews:食　トレンド,食　トレンド,【味の素】2026年夏の食トレンド「オン・オフを切り替えるスイッチメシ」とは? - 猛暑を乗り切る異国料理や火や油を使わないメニューを提案 - マイナビニュース,https://news.google.com/rss/articles/CBMiXEFVX3lxTE02WmtKU25PelVTdE5uLVJ6clpfOFkySm9ycXh3WXRNTjA1aUFISExpdkpEWGdoaGlNSHlHTGd1bDEtWTlxY3ZPcDR6Q3FqTjVjYlpmalhnRGxjMGVz?oc=5,"Mon, 18 May 2026 07:00:00 GMT",2026-10-09T11:06:54+09:00
GoogleNews:食　トレンド,食　トレンド,尾西食品「携帯おにぎり鮭」 日本アクセスのトレンド賞受賞 市川社長「便利な日常食目指す」 - 食品新聞 WEB版,https://news.google.com/rss/articles/CBMic0FVX3lxTE1iR2VkeHVXYzJHNUdIRHlhWDhEUUxvUnFBOWZuS2ROYjR5VFBNNUpZOHU0eE1Sbm1odjI2cmJZNmFMeHN6ZUk1dHFrUmNmeFR4YjhBRnRETElaN1ZyT3Zlb1czTXFNZUlJVGZzMm1UWUJmOWc?oc=5,"Fri, 04 Sep 2026 07:00:00 GMT",2026-10-09T11:06:54+09:00
GoogleNews:食　トレンド,食　トレンド,【ファミマ】最新食トレンド「スワイシー」ってどんな味?「スワイシーブルダック炒め麺BIGカップ」先行発売 - マイナビニュース,https://news.google.com/rss/articles/CBMiXEFVX3lxTE5DUTFKLW82RUt3Yk1TT1BvUW50c1A1SElKYWZfaENNRWQ1N0Q3TkxPdENncXFGYmFRVG1XUHZ3blpaWEZ0OEt1VE9GTE9HcDBKRkJtVlFENmhJZ0g2?oc=5,"Mon, 17 Aug 2026 07:00:00 GMT",2026-10-09T11:06:54+09:00
GoogleNews:食　トレンド,食　トレンド,トレンダーズ、人気インスタグラマーが執筆する食トレンド発信メディア「おうちごはん」：commercezine - MarkeZine（マーケジン）,https://news.google.com/rss/articles/CBMiT0FVX3lxTE8yOVMzR2VIVEN3WVVjRDlMcC1saDNDdF9uREM1ZXlrd01IR1Y2ZGhKVmZBRVE4NXp3SW1feHpNT2xnM3pnZGd2NHBYVFpQRTA?oc=5,"Wed, 17 Jun 2026 10:34:17 GMT",2026-10-09T11:06:54+09:00
GoogleNews:食　トレンド,食　トレンド,今年の食トレンドは甘くて、辛い！？日本最速！「スワイシー」な味わいの「スワイシーブルダック炒め麺BIGカップ」を8月18日（火）より先行発売 - 朝日新聞,https://news.google.com/rss/articles/CBMiW0FVX3lxTE84U1lvY3BtaW1sVWJPTkthUlU3Uk5sYUZ4ZzI4QzNwcWFYN0J2T1RLTF92cExrUEZlbEVsSm05Tmd3M19iYW1FWTBjaW1MZlhLc1dfdkt6V3lPTzA?oc=5,"Wed, 12 Aug 2026 07:00:00 GMT",2026-10-09T11:06:54+09:00
GoogleNews:食　トレンド,食　トレンド,【ミヨシ油脂】「2026年食のトレンド予測・ハンバーグ編」発表、リピート購入を促すのは「ジューシー食感」、購買層に合わせたソースの味選びもポイント - PR TIMES,https://news.google.com/rss/articles/CBMiakFVX3lxTE1zcHZRVTQzeHByV3BRaGgwZWk3eVAzVmdUalA0NzFwaEpHa1ZlUnFERE12dERFM0F3LTVvOVhrMDh2MzFRWDJYVm1QZG42ZkxBVGxFSTBpTlZLVGdaSDhpMDNsMU5IY0VKdkE?oc=5,"Fri, 27 Mar 2026 07:00:00 GMT",2026-10-09T11:06:54+09:00
GoogleNews:食　トレンド,食　トレンド,外食・中食マーケットトレンド無料オンデマンドウェブセミナー2026年7月 - npdjapan.com,https://news.google.com/rss/articles/CBMiZEFVX3lxTFBVang1QnMzeVpCN2JDN29qZWx1aEFGejVDZlM3UldwOHlGazRBV2wzMlkyaXl2OW5GSWpuVnRRT1NEeG92V214eHo3Mzh4VXNsU0N3SEg4Smo5bEJpTm9qN2xwSHc?oc=5,"Mon, 29 Jun 2026 07:00:00 GMT",2026-10-09T11:06:54+09:00
GoogleNews:食　トレンド,食　トレンド,【15～29歳の若者600人に調査（2026年）】Z世代のグルメやアイドルなどのトレンドは？これから流行るもの「AIイラスト」「日本三國」「伊能忠敬界隈」がTOP3 - PR TIMES,https://news.google.com/rss/articles/CBMiakFVX3lxTE5TY2IzT1NEcFN6dW1DVXJBUU5EdW51Y3FDcUgwWHBYdnVCNy1HZGhucDhMcHJNbS1PNjhkMkZydmNMX1VqeHlLWU1IZEFMNldlbV9SMy1ENXo1U0tIajZ4NjdTYTFRck93elE?oc=5,"Fri, 24 Jul 2026 07:00:00 GMT",2026-10-09T11:06:54+09:00
GoogleNews:食　トレンド,食　トレンド,ミシュランが示す「2026年の食」7大トレンド なぜいま世界は“日本の価値”に注目するのか - AMP[アンプ],https://news.google.com/rss/articles/CBMiWEFVX3lxTE45R25nY2tpQVV2U3VpRms0WXlXRVFVVmxqaDR5QmFHNHlteWs2S1lOZlg0amVLaVV1TWFMaWh5TjBYNkw2ckZ4eXIxVEJMNG1pektPeUtOYUM?oc=5,"Wed, 18 Feb 2026 08:00:00 GMT",2026-10-09T11:06:54+09:00
GoogleNews:健康　栄養,健康　栄養,健康栄養学科 村田ゼミ3年生が清瀬市旭が丘団地で健康セミナーを実施しました - 十文字学園女子大学,https://news.google.com/rss/articles/CBMiXkFVX3lxTFBVam8yRnJHMlFPam92RVQxTGt3LXNZLTlnU2xlb2FFWU1SRG16QnEzYW55dUxQMDcwVzJ5cFBXandPSDBJTEVXdkEyTnUwcEFNX0R4c3JyZ2J6Yzl2d3c?oc=5,"Thu, 01 Oct 2026 23:39:48 GMT",2026-10-09T11:06:56+09:00
GoogleNews:健康　栄養,健康　栄養,健康栄養学科 3年 竹内愛子さん【最優秀賞】受賞！｜ニュース - 愛知学院大学,https://news.google.com/rss/articles/CBMiYkFVX3lxTE9IYjdzZjZDWmd5TnVIMUxjTnRORDBKT3RGc0tKR2NzUG5UUmY0ZFM3MnZUajVoYmRvMzJEbVd5T3pHVnJHU09xdmFpUERfa00yMW5vRzRoVkhSZ1ppNkVWV3VR?oc=5,"Mon, 28 Sep 2026 07:00:00 GMT",2026-10-09T11:06:56+09:00
GoogleNews:健康　栄養,健康　栄養,10月6日・7日開催 健康栄養学部オンライン個別相談会／受験生イベント／入試情報 - 文教大学,https://news.google.com/rss/articles/CBMickFVX3lxTFBuRWFzX2JCWF9VcndJUElGaV9rZ3dMZGVYSjRTb0drdk1fUzVDNkU0U1QtSnhlQVQ3VTNPWXh6bXZOanNjV0x4WW5PNGJVREpkVTRXOS1vdXU4bVpuYTBLUVM1cndiZ210YS1fYlN4QXRxdw?oc=5,"Fri, 18 Sep 2026 19:18:41 GMT",2026-10-09T11:06:56+09:00
GoogleNews:健康　栄養,健康　栄養,ご挨拶（国立健康・栄養研究所 所長） - www.nibn.go.jp,https://news.google.com/rss/articles/CBMiakFVX3lxTFA2OXVaZ1ozZm1uTUc2ZHpDSmxjNTRaYVlDdmlfcDZ2akZBR08ycTBNMEtwTVBHZ2E0X0U5ZUxHM2ozRVJSc01NQ2NRbXg3Y2tvZF8yTkk1WFI3bnZwUnRwUC1VSTRlX1RLeXc?oc=5,"Tue, 31 Mar 2026 18:07:57 GMT",2026-10-09T11:06:56+09:00
GoogleNews:健康　栄養,健康　栄養,｢ウォーキングで1万歩｣は歩かなくていい…94歳の現役栄養学者が実践する｢65歳を超えたら守るべき歩数｣ - PRESIDENT Online（プレジデントオンライン）,https://news.google.com/rss/articles/CBMiWEFVX3lxTE1IeDl6bk5JMml6YXc2UVQ4bUZRS21xOWN2Z0w1M1FFbkl3bWQzbFhNYmRjTnBvOWVuWVIyRDVmY0pJQWhGakxiRm41QzZULUdaTTVaaV90NnQ?oc=5,"Mon, 05 Oct 2026 02:00:00 GMT",2026-10-09T11:06:56+09:00
GoogleNews:健康　栄養,健康　栄養,測ってみよう！生活習慣・健康状態見える化チャレンジ - 香川県公式ホームページ,https://news.google.com/rss/articles/CBMigAFBVV95cUxPRlBQYTF4ekFYeU1jZUpqNFNGR3QweFNoSWtxZ3NfbzNqT0k2UzRSNzcwU2JQUTdaQ3hlWVI1QmlWdEJlSVRMWno1YmtVY3hpd1BFMExIWDRLN2tuRGlaajFQY1RFSGpoQWs4Z1JZRURVWXNPZjhpbHYtV2FZQ2c2eA?oc=5,"Thu, 01 Oct 2026 07:00:00 GMT",2026-10-09T11:06:56+09:00
GoogleNews:健康　栄養,健康　栄養,死亡・疾病リスク減少～筋トレの健康効果（国立健康・栄養研究所　門間陽樹室長）～ - 時事メディカル,https://news.google.com/rss/articles/CBMiTEFVX3lxTE4xQzJOeXVSbWRPMDNuRXM1NGJrZHhNRjY5SzNpRURmbkFRNGlGa0pQMG1MSXFEV01aSnpNMlVuTUdMeDNkcmN0N0ptekfSAVJBVV95cUxOSFNTclpFRmJZdFhNb3IwdlJyV183QjJPVDhkMHBsQ25ad3lyX3RTMkJMVHQtYlhRTjF6bEpxSGR6MG5SZmFKLXNWMWxvNWl1enFn?oc=5,"Tue, 29 Sep 2026 07:00:00 GMT",2026-10-09T11:06:56+09:00
GoogleNews:健康　栄養,健康　栄養,第28回ダノン健康栄養フォーラム 更年期とホルモン変動をテーマに無料開催【日本栄養士会共催】 - Newscast.jp,https://news.google.com/rss/articles/CBMiR0FVX3lxTE4ya29mU3pNYVdpTXMyOV9IaEFlckFpTlZqREV0RWdlbFRPZ3BHbW1QTXVUaTV1ME5wWUpYRHI2WHF6b2ZWcEhr?oc=5,"Fri, 10 Jul 2026 07:00:00 GMT",2026-10-09T11:06:56+09:00
GoogleNews:健康　栄養,健康　栄養,令和3年度ひょうご栄養・食生活実態調査結果 - 兵庫県ホームページ,https://news.google.com/rss/articles/CBMifkFVX3lxTE55Z3hQcG9Ia01YWXQxNDhoSHpNX2lBQjFPREtFaEdxaVQyZk9zaGZYZXhmdVJxSlYxZkRzQjNSXzB1TjMtcG1RX3VTSU5xSHJpT3FnUk9ZNVZPT2cyTUJhZ1J4SWl1WDhHVlBkeG01NDZVTkFNTWw1U2hUWWEzQQ?oc=5,"Mon, 22 Dec 2025 08:00:00 GMT",2026-10-09T11:06:56+09:00
GoogleNews:健康　栄養,健康　栄養,「令和8年度スポーツ栄養のための人材育成研修会」を開催します！ - 群馬県,https://news.google.com/rss/articles/CBMiYEFVX3lxTE52T0c0VlBGZGt4SWxoUFFya0tfUEh0dFNFOGtSR3hvT3IwdTVvQlkyWm1wWW5YdzZFLVZpT19icG5nX0g1M000SzJmSnJhOEt5dFpWMHJyVnRrdFN5azRPbA?oc=5,"Mon, 13 Jul 2026 07:00:00 GMT",2026-10-09T11:06:56+09:00
GoogleNews:健康　栄養,健康　栄養,高齢者の健康寿命延伸に新知見 抑うつ症状の「タイプ」が要介護・死亡リスクに影響か－「鶴ヶ谷プロジェクト」約18年の追跡研究より－ - Tohoku University,https://news.google.com/rss/articles/CBMifkFVX3lxTE9XNi1OMHlsTTctNXNtVndTZnhveU5VcW5VLXFfSUNVMHlVbjZjb2otajBkaXpIa084azVRSHNwY3VUZTRLcDlxZ1haQTJFYWtQWHNoTWxBNjNnN3V3WVE1Tnd2OEI0ZGR3OFdRMF96bzZxbEFhc2hkTjR1TlQzZw?oc=5,"Tue, 19 May 2026 07:00:00 GMT",2026-10-09T11:06:56+09:00
GoogleNews:健康　栄養,健康　栄養,第28回ダノン健康栄養フォーラム(東京都)の情報 - ウォーカープラス,https://news.google.com/rss/articles/CBMiW0FVX3lxTE82M3RMbWV3ZXI4ZDJKRXpyb1hlSTdJaGUtYmk3a3Jxa0I5UHh6SXNwRjJFUFJkRTVaM1ROelZPam9aUDJQT3VNNkplSnJmQW8wemRVNG1BaTRFbG8?oc=5,"Sat, 03 Oct 2026 07:00:00 GMT",2026-10-09T11:06:56+09:00
GoogleNews:健康　栄養,健康　栄養,企業の誘致 - 吹田市公式ウェブサイト,https://news.google.com/rss/articles/CBMiakFVX3lxTE5zZHdRMFZCMzJOMkN1WEhUcWM5aUNqOUpBaGtIbnliWmpMeWNnWGNPVXBwejh0cGhYOGdGNXFuWmhTby1aVkpXNUxoUEt2aDNfMUVuRUotXzdQRWw2UmF6OERLcFpjT0dkQ1E?oc=5,"Wed, 08 Jul 2026 07:00:00 GMT",2026-10-09T11:06:56+09:00
GoogleNews:健康　栄養,健康　栄養,【生活デザイン学科・健康栄養学科】産学連携プロジェクトでデリア食品株式会社を訪問しました - 相模女子大学,https://news.google.com/rss/articles/CBMiWEFVX3lxTE5rN0xPXzRZWlFrWnNfTVVldk5JeGt0azl4TnVjT0dJbzRqVU1tdWVJdHpSbjVQNWJmYzd4aFppS1EwMWdMOXZaX1Utbm1XYVplMEFaeEZpcXE?oc=5,"Wed, 22 Jul 2026 07:00:00 GMT",2026-10-09T11:06:56+09:00
GoogleNews:健康　栄養,健康　栄養,水分補給、コーヒーや緑茶でも大丈夫？ 西九州大健康栄養学科・福山隆志学科長に聞く 利尿作用あるが…専門家の答えは - 佐賀新聞,https://news.google.com/rss/articles/CBMiVkFVX3lxTE8yaXBIYndYblZxVS1mM21RNEc4VU5nWjN4T05oQ2JZY20wUHJJQUE3Vms4cVR5bF8zVzVDN3ZHcmR4d2hIenRKZmhhdEV4OV9PQ2lwRXNB?oc=5,"Sun, 12 Jul 2026 07:00:00 GMT",2026-10-09T11:06:56+09:00
GoogleNews:健康　栄養,健康　栄養,食生活改善推進員養成教室のご案内 - 北九州市,https://news.google.com/rss/articles/CBMiZ0FVX3lxTE05bVhTUUtiZ0JFdnFMcFFpWTFmRDNNT2I4QlFjRjhTRURFNDRnMFhZeUdocGZyekdOU0VpTTZWOHM2NEdVaUdWYXdXMnFMQUc0clhZek9XeTNJeDZVSUlKck1TOXZuOTA?oc=5,"Tue, 25 Aug 2026 07:00:00 GMT",2026-10-09T11:06:56+09:00
GoogleNews:健康　栄養,健康　栄養,健康栄養学科４年生が「令和7年度 給食運営校外実習報告会」を開催しました - 十文字学園女子大学,https://news.google.com/rss/articles/CBMiZEFVX3lxTE1zUVF1WXlRd2hGZkNVb0VtTkZCNlcwRF9UYWlRckV1UjZSdDNuZF9kZk1HZ0xYbEFCZEFSYnB4d0RGeTh1QkZjM1BRNmNVYmJQUEh3YXNHZ0FvX0FLVGVKSmRrdjM?oc=5,"Fri, 07 Aug 2026 07:32:55 GMT",2026-10-09T11:06:56+09:00
GoogleNews:健康　栄養,健康　栄養,健康栄養学部 土田美登世准教授が「名誉フードスペシャリスト」の称号を授与されました／教育・研究 湘南 - 文教大学,https://news.google.com/rss/articles/CBMiakFVX3lxTFB5RGk3UHJ6cFdCMDM2ejVBSzRMSXlfR3FKRXIwdmRMZzEybS13T0ZIZlJwZWpXUkJkcVdaSVZvWXM0S1JnR2dnWmV6OHF0OWo2U0tKNUd2UGN0RzdBaUltOGZuQVRqd0NpV0E?oc=5,"Mon, 15 Jun 2026 03:17:01 GMT",2026-10-09T11:06:56+09:00
GoogleNews:健康　栄養,健康　栄養,【授業レポート】健康栄養学科『キャリアデザイン入門』で株式会社LEOCに勤務する卒業生が特別講義を行いました - 十文字学園女子大学,https://news.google.com/rss/articles/CBMiYEFVX3lxTE9tQUpHNS1memIwVU9wY0FZd3dnekNsSzhNNVRjYjk3Z0kwb19lMWE3eEI2TVotSGg4V3h0bFF2b2pjY18xVEgxclhfRXBUQ0RkVmM2X1Z2ZFhEdWhxMHNXWQ?oc=5,"Thu, 23 Jul 2026 09:16:40 GMT",2026-10-09T11:06:56+09:00
GoogleNews:健康　栄養,健康　栄養,【5/31（日）オープンキャンパス】健康栄養学科で体験！本格麻婆豆腐＆杏仁豆腐づくり - 十文字学園女子大学,https://news.google.com/rss/articles/CBMiYkFVX3lxTFBIN2x0X3pMZHNVTTJEUXZ3dWFBd0lXQXBZT0pnSUxheXd2ZkNPbk1DSW4wWXhrSFZtZS16aEJOTzV3enZlTHBmM1ZITXBlTEVtOXpidUZPbVZCcTgxTHllaHJR?oc=5,"Tue, 12 May 2026 04:28:37 GMT",2026-10-09T11:06:56+09:00
GoogleNews:健康　栄養,健康　栄養,国立健康・栄養研究所の畑本陽一先生をお招きし、講義を行っていただきました！ | ニュース一覧 | スポーツ健康科学研究科 - 立命館大学,https://news.google.com/rss/articles/CBMiZEFVX3lxTE43OVpGUGNadDZhTXdWR2hzeUtQcjZzT0JTOWVEeVhuaEJhSDJLTkQ4cFNSaTlLX2lxUDFuX2c1b2RNQlNIUDA1VHdOZzcwbFZLVzQ4VlNSVDJCTDF4N2pGVFN5R2s?oc=5,"Tue, 30 Jun 2026 07:59:58 GMT",2026-10-09T11:06:56+09:00
GoogleNews:健康　栄養,健康　栄養,園田学園大学 スポーツ栄養学研究室と - 十文字学園女子大学,https://news.google.com/rss/articles/CBMiWkFVX3lxTFA1YlFsNHVfVHYzcEQ1MkQ1WkVvRzZ2TXFRd1NySHBGRUhfZURVY2haeHJLb29RNHdqYTdIZFBBaDVwYjFnMWZGSnVRTmI0TWlBb2VibU5FVDRGUQ?oc=5,"Wed, 08 Apr 2026 07:00:00 GMT",2026-10-09T11:06:56+09:00
GoogleNews:健康　栄養,健康　栄養,国立健康・栄養研究所の畑本陽一先生をお招きし、講義を行っていただきました | イベント | スポーツ健康科学部 - 立命館大学,https://news.google.com/rss/articles/CBMibkFVX3lxTE5nRFNsU2NUTGNLMHlVYTZTNHRnVnNPTGNKcXM0enA5SFp3bURtXzF6OExWZE9wRDN3aHh4MXFmbzlXM1RoaFN0cjNoaVNNWHdvSWZYVVRPOFB1T2M5LXZZSDQ3bG9lS1pfM1VsZ3pR?oc=5,"Mon, 11 May 2026 07:00:00 GMT",2026-10-09T11:06:56+09:00
GoogleNews:健康　栄養,健康　栄養,第１回健都チャレンジ・ アワードの受賞式を開催しました - www.nibn.go.jp,https://news.google.com/rss/articles/CBMiaEFVX3lxTE8yRkJxdERpUDFDVUV4REo5ZHpOSmZVVjFUSzNZdHZlYU5XazB1Q0ZIUzJ1MDQtYVNMbG03WEhSdmZzQTFaT1ViS0tJVkJyTHpjbjFmQi1welkzZk9FN3VQNFM5ZUloNmh6?oc=5,"Mon, 25 May 2026 07:00:00 GMT",2026-10-09T11:06:56+09:00
GoogleNews:健康　栄養,健康　栄養,【ＫＧＵ関内大学】第2回「タイパ時代の健康投資論 〜行動の意味を知り、未来の自分をデザインする栄養学〜」開催のお知らせ - 関東学院大学,https://news.google.com/rss/articles/CBMiZkFVX3lxTE9RNlNRcjItOU1nTzViX0ljRWZqSUU2R3VMUFhxQmp3bk1xMUdNbVdrQXlxc2J6RkU5SHlGamt0ZWM4a0hUUHN1NkNtX1FQc3ZnQnByVFF3LWpMN3hlbWtVNXp6cVlVdw?oc=5,"Mon, 03 Aug 2026 07:00:00 GMT",2026-10-09T11:06:56+09:00
GoogleNews:健康　栄養,健康　栄養,心身の健康は朝ごはんから - 明石市,https://news.google.com/rss/articles/CBMibEFVX3lxTE1mZ1g1TWRRU0dQd0FsMjZyZTZRSGNvVlJSU3Z5d0ZHTEdHV1oteVVVbWlwLVUtYjI0WDJNbFRlWTNnSUx5OTBza1JEV1E4WFBQTFBqQWhQTE43NkZKQ1hNMTBQR3ZaVFJMNlcyOQ?oc=5,"Tue, 16 Jun 2026 07:00:00 GMT",2026-10-09T11:06:56+09:00
GoogleNews:健康　栄養,健康　栄養,和光市中央公民館で開催された「夏フェス2026」に本学プラスちゃんくらぶと健康栄養学科 伊藤ゼミが参加しました - 十文字学園女子大学,https://news.google.com/rss/articles/CBMiWkFVX3lxTE1nVDEtNnVId2hMMjkwRUtIeHI0Z1FJeldpdzRLUVF4SmRUVjJOTjhXazdKd3U2VUIwVnRmYk1PUG56YW5GRmQya2xHV2NILUdxWkNnOHdGZEhaQQ?oc=5,"Mon, 24 Aug 2026 00:15:16 GMT",2026-10-09T11:06:56+09:00
GoogleNews:健康　栄養,健康　栄養,同じ食事内容でも吸収されるエネルギーは異なる？ | 国立研究開発法人医薬基盤・健康・栄養研究所のプレスリリース - PR TIMES,https://news.google.com/rss/articles/CBMiakFVX3lxTE16S1ZOLWxwaDZUWlQ5dTdxekdDUi1ySnJGYzFXT25HbU13WHkzWC1rempFQW5iTk82d19UWVd6MDVMSmgtbERJTG9MZlA2OF82RHdUYm1Hc19SUzc0b3I0N0xjblZDQzdzLXc?oc=5,"Mon, 02 Mar 2026 08:00:00 GMT",2026-10-09T11:06:56+09:00
GoogleNews:健康　栄養,健康　栄養,"「糖尿病が強く疑われる人」は推計1,100万人―「国民健康・栄養調査」｜ニュース - 糖尿病ネットワーク",https://news.google.com/rss/articles/CBMiWEFVX3lxTE5ON3AyQkN2cUpncXphRlNPSzltRGhvWmp5c0ExdUNvZEdmMW0xR2xrci1PS2pMc2taOHAzN1lVeVYwajBGOHZUWmJKc2lPRmFFWl9aZGxzVmg?oc=5,"Fri, 16 Jan 2026 08:00:00 GMT",2026-10-09T11:06:56+09:00
GoogleNews:健康　栄養,健康　栄養,【健康栄養学科】学科の魅力がぎゅっと詰まった！学生デザインのクリアファイル完成しました - 十文字学園女子大学,https://news.google.com/rss/articles/CBMiVkFVX3lxTE5VWXJDeG1Wc3pWRnNKVm9sTk54T0tGdmd0bjNGU2JjZjZRMmZUUWh2aGxZTVFUM3dNN0Vna2dUSFV6SFVscU16UGRkSUNnVEJlWHdHNEdR?oc=5,"Mon, 23 Mar 2026 07:00:00 GMT",2026-10-09T11:06:56+09:00
GoogleNews:健康　栄養,健康　栄養,【村上】食品の健康・栄養に関する表示等について - 新潟県ホームページ,https://news.google.com/rss/articles/CBMieEFVX3lxTE9rNDJsV2xjejVHS2VFSUk2bDhNVFZ4ajBpSmtIaUxIbllxQkVvMFZnUVM3UEdHYlRwX1g3UGU3N2hJSGZFeTd1elhibEhWNEU0bW51b0hVcGtfYzNLQVNXR01EYnRDaTFvSkpMSzRHbGpEOFFQb0JhRg?oc=5,"Tue, 06 Jan 2026 08:00:00 GMT",2026-10-09T11:06:56+09:00
GoogleNews:健康　栄養,健康　栄養,【講座】日本栄養大学との共同プロジェクト！食と健康のプランニングセミナー開催 - 坂戸市ホームページ,https://news.google.com/rss/articles/CBMiYEFVX3lxTE5hUzQwTmUxeHRFNUVtWDNTTWFGSmVZamM2cXRqVV8xSzJXWEVxbS1pVHRvR3VFZ2ZKTjJlcHBUaDNEZGlKQnZQQlg1ZnNJMXA2WElNQS15QjcweC04R29Beg?oc=5,"Fri, 24 Apr 2026 07:00:00 GMT",2026-10-09T11:06:56+09:00
GoogleNews:健康　栄養,健康　栄養,同じ食事内容でも摂取エネルギーが減る「消化可能エネルギー」とは？ 食物繊維やナッツ類で低下するエネルギー吸収の実態 医薬基盤・健康・栄養研究所 - スポーツ栄養Web,https://news.google.com/rss/articles/CBMiS0FVX3lxTFBzdW54bHdiUV93VnA0WkptZVpVQWJ2SXFCM1oyNzhKZGV4Z1FKVHR2aWtBZU50LWF3azJSclVmVEhIdkVmWUpTTjJJUQ?oc=5,"Sun, 19 Apr 2026 07:00:00 GMT",2026-10-09T11:06:56+09:00
GoogleNews:健康　栄養,健康　栄養,「第17回浄見寺地元まつり」に健康栄養学部と学生ボランティア21名が参加しました／取り組み事例／BUNKYO × SDGs - 文教大学,https://news.google.com/rss/articles/CBMiZkFVX3lxTE9PRm1UUGN2LXEtS091SmFfYUpEdUlTY3FlRGExOGxKNXZPTDI5TEZkRlVvbklTV2x1ZWk1aEVCdkQ0bTJxeUpxRDJXNk85dlNnc0xmak03NGJnTEFYLWF4MWg4cHVJUQ?oc=5,"Thu, 23 Apr 2026 22:27:39 GMT",2026-10-09T11:06:56+09:00
GoogleNews:健康　栄養,健康　栄養,第28回ダノン健康栄養フォーラム開催 テーマは「更年期とホルモン変動」 - ウェルネスデイリーニュース,https://news.google.com/rss/articles/CBMiVkFVX3lxTE1rTnhLdWJrTWJDZGFfeXlqV3Znd0tFaHNaaFVGcmVVT3liaGZGbk5WUC1Nb2ZKNTRLX25qNDFMOUI0TjlCcVNKNVRFVEROMVN5ZmxmTGln?oc=5,"Wed, 26 Aug 2026 07:02:58 GMT",2026-10-09T11:06:56+09:00
GoogleNews:健康　栄養,健康　栄養,食塩摂取量は平均9.6gとなり過去12年間で最低 令和6年「国民健康・栄養調査」②【栄養、身体活動、睡眠、飲酒、喫煙の状況】 - スポーツ栄養Web,https://news.google.com/rss/articles/CBMiS0FVX3lxTE1OTHdZbzE4SGRpdmtjZGVCZ1RQY1ZDVDVQQlBQN20zWG9QRTRLQkRnQWZPWnBZeHI0QWxyRlNKWlhPamp3aGhUNTlFQQ?oc=5,"Sat, 24 Jan 2026 08:00:00 GMT",2026-10-09T11:06:56+09:00
GoogleNews:健康　栄養,健康　栄養,「健康と食、栄養に関する調査」結果を公開 - 国分グループ本社株式会社,https://news.google.com/rss/articles/CBMiaEFVX3lxTFBzRnI2RmFzVWpvdmNYMzJ5czY3LVJ5ZGpQVG5ZN2gyQ3NUMklBakF5VDdlRnJGdmtlTi1VSS13T2dyOXBXN3BSc1FQV1FGSVFsWWotWnRvRWplamdPVEFnRVAxX3BNcTNC?oc=5,"Fri, 19 Dec 2025 08:00:00 GMT",2026-10-09T11:06:56+09:00
GoogleNews:健康　栄養,健康　栄養,国立研究開発法人医薬基盤・健康・栄養研究所 国立健康・栄養研究所セミナーを開催します - PR TIMES,https://news.google.com/rss/articles/CBMiakFVX3lxTE1oUk55UjRXMDhOLUpMcmxQTXRLcmVWcXFrU2RVTE8xNWtLSU9TM1NSRFp5aFVEakJpSnJmUTAyQkhCZGNKMDR6U2ZXREdlOVF4NHc4b2tuMmpGTE8tcWRPVDJPQUE5M2xtSWc?oc=5,"Thu, 26 Mar 2026 07:00:00 GMT",2026-10-09T11:06:56+09:00
GoogleNews:健康　栄養,健康　栄養,《医師・歯科医師・薬剤師向け》 無料オンラインセミナー9/13(日)朝10時開催 『Precision Nutrition時代における 腸内環境研究と健康医療への展開』 國澤 純 先生 (国立研究開発法人 医薬基盤・健康・栄養研究所 / 副所長) - アットプレス,https://news.google.com/rss/articles/CBMiTkFVX3lxTE1nemxEbm5lcHRfNFdQM1d5VjNIVDh0Y0FtTjk1WDlkYjRyM3NCSTFCWDUwZ1l2RHlIQzhJZ3cyUHlpdERfMlBpdUYwUlpXdw?oc=5,"Fri, 28 Aug 2026 07:00:00 GMT",2026-10-09T11:06:56+09:00
GoogleNews:健康　栄養,健康　栄養,体力の変化や生活習慣を見直すきっかけに『くすのき健康栄養フェア2026』を開催 - Digital PR Platform,https://news.google.com/rss/articles/CBMiQ0FVX3lxTE93cTN6VXJWbVBUVzY3bWRTWDRnbVZXMWl0TXNWaHVmUnpoVnNZZ3N6bkxKaEhxR3pNOFJXZG5IaFhhNzg?oc=5,"Fri, 08 May 2026 07:00:00 GMT",2026-10-09T11:06:56+09:00
GoogleNews:健康　栄養,健康　栄養,同じ食事内容でも吸収されるエネルギーは異なる？ ～食事や健康状態で変わる「消化可能エネルギー」の最新レビュー～ - Tohoku University,https://news.google.com/rss/articles/CBMidkFVX3lxTE02dzZrYXN6UjRKaWk5RGFKc0RndXJuSlZ0RTZQdmc4dWllT0g3a2Myci1oZTROUTRmSDRycUptRUExaUFHdVpMN1hRcGd2Rl92ZWp2SldqQktjbkdrQlEycnp0NHRncXNHWF82M0FJVGpEdG45TVE?oc=5,"Mon, 02 Mar 2026 08:00:00 GMT",2026-10-09T11:06:56+09:00
GoogleNews:健康　栄養,健康　栄養,北海道食環境整備推進セミナーを開催します - 北海道のホームページ,https://news.google.com/rss/articles/CBMiZ0FVX3lxTE1fWjh0S3AyaDQzQjI4MUNfUGJQNGw2X1lKdEdmcGVrcFQyVUhHaTdxaWpOcWpkS1lRSjQwVl9hVEZCVmx0TnJrRzBIc2hjbndzLUZTald4NHY3WENTbHYzUS1lUnAyQ00?oc=5,"Mon, 19 Jan 2026 08:00:00 GMT",2026-10-09T11:06:56+09:00
GoogleNews:健康　栄養,健康　栄養,北九州市 減塩ガイドブック 第4版 - 北九州市,https://news.google.com/rss/articles/CBMiZ0FVX3lxTE1ta3BURkZEY3IycmhvOUdsQzU1UnVudnJLTURaa1dCbTJrTldUS1otczJIWWNaMmZFZUFBRE1HVnh5Wjg4S01TaDh0UkVfV1BRQjhkbEczUUhSRE9NbkRDSWNiMGs4cGs?oc=5,"Mon, 06 Jul 2026 07:00:00 GMT",2026-10-09T11:06:56+09:00
GoogleNews:健康　栄養,健康　栄養,歯列状態がフレイル重症度と関連し、食事の質がその関連を部分的に緩和 米国国民健康栄養調査 - sndj-web.jp,https://news.google.com/rss/articles/CBMiS0FVX3lxTE5QWHNSa3E5NjAyNTdKZkNVSnZqNVhuaHhYQ2dqOW54S2wtQUtJSTNtdVE4YkkxT182SW5zMnVZSlhPcDlTbncxbGhOcw?oc=5,"Fri, 22 May 2026 07:00:00 GMT",2026-10-09T11:06:56+09:00
GoogleNews:健康　栄養,健康　栄養,【健康栄養科学科】臨地実習報告会を実施しました！ - 福山大学,https://news.google.com/rss/articles/CBMiW0FVX3lxTFByWTRiZVFQeTFQNThiS2VuOGpnRUJyZlZhOE5WOEJDb3RCejBYZ0RTU1hrV2xIbl8teWJ2Y3k4QnN0U0c2TjcwZEFNQTRnN2hOckw2Zy1xM1VrOGc?oc=5,"Fri, 13 Feb 2026 08:00:00 GMT",2026-10-09T11:06:56+09:00
GoogleNews:健康　栄養,健康　栄養,常葉大学健康栄養学科 講演会「食の安全の落とし穴～AI時代の食のリスクを議論する～」開催のお知らせ - アットエス,https://news.google.com/rss/articles/CBMiVEFVX3lxTE1JaWNfbTVESmEzSkpuOVRGVWc4NEhwbHFRZC1NdVJ0d2hzOFZUU2JubVFNQnRoTnpOM2o5N3FEeDVzNjAzNmVDUXo0THZOSmdXYmdjMg?oc=5,"Fri, 28 Aug 2026 07:00:00 GMT",2026-10-09T11:06:56+09:00
GoogleNews:健康　栄養,健康　栄養,"就労者は非就労者に比べ、栄養素充足スコアが低いことを確認-成人3,520人の健康栄養調査データより- - PR TIMES",https://news.google.com/rss/articles/CBMiakFVX3lxTE1IOEVGTVRwc1ZvRW52MFM5SWptZmFHZnhxazRJQlkyMnJOZVMxMTREUDRxTklFUHk1TWlIUkgwdGY0elRLTkJMNENvVUEzQzhTdUVPZldhV0RFTFRiQkVUZndWZW5oSF9NVHc?oc=5,"Tue, 19 May 2026 07:00:00 GMT",2026-10-09T11:06:56+09:00
GoogleNews:健康　栄養,健康　栄養,栄養サプリ、取り過ぎ注意 日本人「2割」が過剰、健康リスクも - 毎日新聞,https://news.google.com/rss/articles/CBMiaEFVX3lxTE94dFJPTWpzSXRLYXhtSmtQYWZhYkswU192MW91QlFFSUhJQ1JuMm9DeXZOSTRwUjNkMHM5T3BqMjFVSk94V3Z5cFBELUd6eDZ4d1VLY3F1MzdhTE5oZ0dVODEtOXIzUWtQ?oc=5,"Tue, 07 Apr 2026 07:00:00 GMT",2026-10-09T11:06:56+09:00
GoogleNews:健康　栄養,健康　栄養,健康メディカル学部 健康栄養学科の学生がレシピコンテストで優秀賞を受賞しました。 | ニュース - 2025年度 | ニュース - 帝京平成大学,https://news.google.com/rss/articles/CBMiU0FVX3lxTFBfVVo5X3d1dHdZVjBxTWdQSWhGUENGdHBNeUpRaHpJV0FBbjA2YWg5Y0Y2eWF6U0VHQUVfNjBHbWhKLVZkVFJQNjNpNGNhRk9JTEN3?oc=5,"Thu, 27 Nov 2025 08:00:00 GMT",2026-10-09T11:06:56+09:00
GoogleNews:健康　栄養,健康　栄養,【活動レポート】B.LEAGUE Hope×日本生命 地域を元気に！バスケACTION「日本生命×愛知学院大学 健康栄養学科～べジチェックを活用した栄養教育～」を実施 - 名古屋ダイヤモンドドルフィンズ,https://news.google.com/rss/articles/CBMiaEFVX3lxTFBGSV9oZHVCVnZqeVcxNy03V2tSYmVJaFdTQlltNVg0NVRFWGZlZ2FVWGd1aUpzcVlpUkJ0b3piRnhraDJZbkJLZ0t1eDIxS0dtemJxVXc2Smd6VS12dEdtRXBCd2M0SFpO?oc=5,"Wed, 18 Mar 2026 07:00:00 GMT",2026-10-09T11:06:56+09:00
GoogleNews:健康　栄養,健康　栄養,-障がい者を対象に食と健康の意識調査を実施- | 一般社団法人 日本最適化栄養食協会のプレスリリース - PR TIMES,https://news.google.com/rss/articles/CBMiakFVX3lxTE1LSWxtNVVJYW9QbG9GVHkwYkQ3SU1fS1VCTnJZeDVHRDM5aElEWlctVVVjMGFGMWdDOTNYZFpiMUlVZkprcUlUd1E2MkZMa19BWFBUTTNOOWdJQmFCNmE1R1g1eXB4a1VYVFE?oc=5,"Wed, 17 Jun 2026 07:00:00 GMT",2026-10-09T11:06:56+09:00
GoogleNews:健康　栄養,健康　栄養,アスリートたちの健康とパフォーマンスの向上を目指しスポーツ栄養学の礎を築く『大学時報』SNDJ鈴木志保子理事長インタビューを公開 - スポーツ栄養Web,https://news.google.com/rss/articles/CBMiS0FVX3lxTE9ZTDhTdUFpbGhrQUhEdUY3dXlkRnBHdUswLWNBdFo2MmlIdy1fa1ZxZG8tYzNrOFc2NTR1aUdQUXFFWjdObXUzalowdw?oc=5,"Fri, 13 Feb 2026 08:00:00 GMT",2026-10-09T11:06:56+09:00
GoogleNews:健康　栄養,健康　栄養,【健康栄養科学科】栄養士・管理栄養士の養成施設に勤務する教員のための会長顕彰の受賞 - 福山大学,https://news.google.com/rss/articles/CBMiZ0FVX3lxTE5DN180bXVRRHViWVc5THNnTWVwU2s1WldENjlMdUVrcl9TYWZObllNSlhMTlBLdEZpXzVzN0lBTGIwS2xvQVNMdjBpWDcwaXNKelhXMzNhRm5sM0FjMkt3NmxDNUJmYzg?oc=5,"Tue, 06 Jan 2026 08:00:00 GMT",2026-10-09T11:06:56+09:00
GoogleNews:健康　栄養,健康　栄養,【日本学国際研究所】紀伊國屋書店新宿本店「相模女子大学日本学国際研究所と学ぶ・知る・考える」vol.9『戦後日本人は何をどのように食べてきたのか？～国民健康・栄養調査結果から考える～』を開催します | 大学からのお知らせ | 相模女子大学・相模女子大学短期大学部 - 相模女子大学,https://news.google.com/rss/articles/CBMiWEFVX3lxTE9FT0Y3dW5EejMzTWhLQVJkYzdVUkgxWHRocmU0WF9tUTZhRzdBbjVJbHRzcm9Pc18yQUd0N3hZQ0V6U01FanprS2lKYWIyVnl0VHgtSFRZQXE?oc=5,"Mon, 22 Dec 2025 08:00:00 GMT",2026-10-09T11:06:56+09:00
GoogleNews:健康　栄養,健康　栄養,子どもの肥満、治療の対象は？ 夜食や運動不足…生活改善のポイント - 朝日新聞,https://news.google.com/rss/articles/CBMiZ0FVX3lxTE95VmNJUWFrTmVMUEJkSGhkc1lpbl94WW13ZXhwdGlwUFpfZXYtS0dJM3N4d2RhQnFjY2xWV3pJamROTmFhbjRsX1phQzRrbUhsSDBmYzBtRnNZNGJmaFNlaHJYNnJwT3M?oc=5,"Sun, 06 Sep 2026 07:00:00 GMT",2026-10-09T11:06:56+09:00
GoogleNews:健康　栄養,健康　栄養,素材情報DB、届出資料に活用可能？ 【機能性表示食品】HFNet、安全性情報に限り利用歓迎 - ウェルネスデイリーニュース,https://news.google.com/rss/articles/CBMiVkFVX3lxTE5Ld3I3QzhEUkhHZE1Dbk9RRkw2dURXZ1ZsY05YVlFod3p0TWhuVHdfdnR0LWZJQnR2S0dQRnRrbXJnSjVPRXNFVlRzYVgzVWwxa0FueEh3?oc=5,"Thu, 28 May 2026 07:00:00 GMT",2026-10-09T11:06:56+09:00
GoogleNews:健康　栄養,健康　栄養,熱中症の初期症状に「個別認証型」の経口補水液を 日健栄協が呼びかけ - 健康メディア.com,https://news.google.com/rss/articles/CBMiZEFVX3lxTFBlSHFHUVVKNlBoVWQ1LVl6WEpnOVZQZVdoejZUNERiTDR3UnJRVTN4QVhXTUVsVXNqUUhaWnlocVZCZUZDbDFPWjdiSHVCMlRBaGRRdU85LVNBTElSRU9wNXV5eU8?oc=5,"Wed, 22 Apr 2026 07:00:00 GMT",2026-10-09T11:06:56+09:00
GoogleNews:健康　栄養,健康　栄養,健康栄養学科１年生が「精進料理」を学ぶ特別実習を実施｜ニュース - 愛知学院大学,https://news.google.com/rss/articles/CBMiYEFVX3lxTFBuRy1RWXlxLVZsTzdIdjNxNkI5WXlOcENhUjdvLVBlYzRMbi1Pd29abHFHZEo2d1Z1anllVElIdFpOd3lpdFhPRExmY09NUWRZS2hzQW9pX1BjZ1VEUFN4MQ?oc=5,"Tue, 13 Jan 2026 08:00:00 GMT",2026-10-09T11:06:56+09:00
GoogleNews:健康　栄養,健康　栄養,食環境づくりと日本版NPMを考える産学官対話シンポジウム | 国立研究開発法人医薬基盤・健康・栄養研究所のプレスリリース - PR TIMES,https://news.google.com/rss/articles/CBMiakFVX3lxTE1UWk5fbk43dDRnYnhNV0tSYkVjTHJTczd5R1JXbmJQTkx6NUt1Nmk5YVB6ZHI3dmVOWWdsSGw3VGRiWWQtWUZhdUIyc255WFlnYkRYZzJoU2RQOHhTb3FhaVBNSTQ1SnpOVFE?oc=5,"Tue, 03 Feb 2026 08:00:00 GMT",2026-10-09T11:06:56+09:00
GoogleNews:健康　栄養,健康　栄養,2026年「Yidan Prize」、健康・栄養・経済の交差点で教育とケアのあり方を再定義する変革者を表彰 - 47NEWS,https://news.google.com/rss/articles/CBMiS0FVX3lxTE5GUzRSZkk2R0ZfV1J2c2lUVzRsaHNvdkhvWkJGTi1KMU56dFRRUVA0bzFDWG81ajZFY3h1V2dVQlRhMlVHTE84WG5jSQ?oc=5,"Mon, 07 Sep 2026 07:00:00 GMT",2026-10-09T11:06:56+09:00
GoogleNews:健康　トレンド,健康　トレンド,気圧、寒暖差、湿度…「天気による不調」 そのメカニズムとは：医療・健康トレンドピックアップ：日経Gooday（グッデイ） - 日経Gooday,https://news.google.com/rss/articles/CBMijAFBVV95cUxQRUd3T3VjWjFoeFNQRmhRbGhCMTRITExoTmdCcXZYaU9MekpIVGphdzR5ZUk1WHlOaUJZZzVQS2hoX21EWjJENG9DS2FDVWczZVp3QUk0REpybEkteWFmb0kzNl9fdjh4ODZfa0wwNmRJdWRxbjRSS1JxSzFob1MzWklUSUhLUWtKOWFFSg?oc=5,"Wed, 07 Oct 2026 15:00:00 GMT",2026-10-09T11:06:59+09:00
GoogleNews:健康　トレンド,健康　トレンド,“心地よく整える健康”が新基準に！ 2026年下半期の「FYTTEヘルスケアトレンド2026」発表！ - PR TIMES,https://news.google.com/rss/articles/CBMiakFVX3lxTE0wSzAzQnRrdjVDWXFPaDh5bkZhcXNRWDJwUWJqeDdDWEQ5bjluNEhLbDhXMW9mbVh4UkFuY20xN29kX3pSNThIeGdQQU9YSml0MjhMUDI1V1A4cTBxSFVFSGdqWF9vT3ZiZFE?oc=5,"Wed, 01 Jul 2026 07:00:00 GMT",2026-10-09T11:06:59+09:00
GoogleNews:健康　トレンド,健康　トレンド,ポストバイオティクス ― 家族の健康管理における新たなトレンド。 - Vietnam.vn,https://news.google.com/rss/articles/CBMilwFBVV95cUxONV8zZGJaUnR4cy1aRUduTjlyZW1JT1dxRlJ6bXRkN2N5bzBUanBlQ1Y1ZVFBNkRHZ2JIaGhqN2VkT0JLM1BGWG51ZldES0ptN3MxWFcwTjJmTVdHYTd2STFVR2R2a2RZZFZPb0tuUjlkT05tdkJ2amM3Y25QYjVkeldqQWxVQmh5UTR4bWVkc0pzZG0yRmlB?oc=5,"Thu, 08 Oct 2026 04:15:11 GMT",2026-10-09T11:06:59+09:00
GoogleNews:健康　トレンド,健康　トレンド,2026年のトレンド鍋は“背徳鍋”！健康志向はなんのその！たまにはギルティに浸りたい！にんにくマシマシ＆お肉たっぷりな鍋に舌鼓 - TBS NEWS DIG,https://news.google.com/rss/articles/CBMiV0FVX3lxTE45RFhoa21mVDJKcElEbm1hdmwwYVJFdk9lVDRtOUc4eTBNeTVRZTNEREw3anFtbEFrekZYcXVNTFV2VnVQSUpSakZLRXRiOW1pMmJzU2ZwYw?oc=5,"Wed, 30 Sep 2026 11:27:43 GMT",2026-10-09T11:06:59+09:00
GoogleNews:健康　トレンド,健康　トレンド,カルビー江原社長「最大市場の北米に資源集中」 健康トレンドに勝算 - 日本経済新聞,https://news.google.com/rss/articles/CBMibEFVX3lxTFBEZ29Pd1RXd2RxWnZJM1pValR4VUpidzFpRXF6RlIxUURsUmdhNFVKTDJmbExtU3VHY051Wm0zaVVVeXVlOGRuTG9sZGVYWFhiV01nNmw2R0hHR3RMSmhqcENlZThsZ1p1S3JVOA?oc=5,"Tue, 05 May 2026 07:00:00 GMT",2026-10-09T11:06:59+09:00
GoogleNews:健康　トレンド,健康　トレンド,トレンド トラッカー：GLP-1から目の健康関連の新製品発売、そして日本のFFC市場まで - NutraIngredients.com,https://news.google.com/rss/articles/CBMihgFBVV95cUxNa3F4QklLaE81cDdPZktmcUdBZjA3amZaYWhQUmxEU3I3dGpVd0tTNVJ1cmhra3oyZ3Q2WThXS0d0VEhPbXVHMkpjSUZqUEJibVNwdjdRMGswX3hudGg0UlpIb3luZHYxVFlfbHdvT3d1cnEzMERIV05PenI2M2V4NnJxalZpdw?oc=5,"Mon, 21 Sep 2026 07:00:00 GMT",2026-10-09T11:06:59+09:00
GoogleNews:健康　トレンド,健康　トレンド,豆乳カテゴリー、健康志向を背景に金額PI・数量PIともに2ケタ増 - ダイヤモンド・チェーンストアオンライン,https://news.google.com/rss/articles/CBMiaEFVX3lxTE1OWXNXa2pSQ3J0S3NQTExRRC1ZSWp2MDBaUi1pRlVvVk1UVk1VaWQzSTVITFZXU3FkaktERmJCV1RhZlRQQlZkOFh2cmM0TGNnTzhjWXVOczMwa0ZLX1FhR1B4dmVGQjk10gFuQVVfeXFMTTJrM2lDUlJCZ2lOTnJyemxPTl9EOUpBU2tELWpMRlIyRTMtdGtXOEYzUWZOVEhaR2Q3d2ZQYjlWTzIxLXJrSTdtMWt0NHMyVlY2ejA3c25JWDdnRmk0TUtreVF2VnFuMDR3ck1NSUE?oc=5,"Mon, 26 Jan 2026 08:00:00 GMT",2026-10-09T11:06:59+09:00
GoogleNews:健康　トレンド,健康　トレンド,TPCマーケティングリサーチ株式会社、健康食品市場トレンドレポートについて調査結果を発表 - ドリームニュース,https://news.google.com/rss/articles/CBMiU0FVX3lxTE96Y3VIMGVjQ1l5elhZU0ZkbTV5VmluaGt0UDc3UkpySXhZSnozN2gxdmFRRTJ4ZGxKX21ybFFLNk02c2VqYnhUSl9jU1JZY1dFcVVv?oc=5,"Tue, 16 Jun 2026 07:00:00 GMT",2026-10-09T11:06:59+09:00
GoogleNews:健康　トレンド,健康　トレンド,11番街が楽しく健康を管理する「ヘルシープレジャー」トレンドに合わせて健康食品専門館である「ウェルネス(Wellness)」を新しく披露する。11番街は29日、食事管理のための栄養食、タンパク質サプリ.. - 매일경제,https://news.google.com/rss/articles/CBMiU0FVX3lxTFBHZHM5M1BWOGs4Vy0wR3p2aXBTWlNBdHRya3R1ZG1hUDdDVjUzQnR6bXlTbnZONkFxZ2RKMXZNZU56M3FvODJaRVVpQ0xrT1p0TWJV?oc=5,"Tue, 29 Sep 2026 08:33:26 GMT",2026-10-09T11:06:59+09:00
GoogleNews:健康　トレンド,健康　トレンド,「紅茶」の健康効果 飲み続けて生活習慣病を予防、腸内細菌叢も改善 - 日経Gooday,https://news.google.com/rss/articles/CBMicEFVX3lxTE5TalVyUWZTclNsR3Fza3BkZmtrNUlZdkFjT2xsaXpnMmtMaXhhZkJPRHdRczBIQThLQ0I4UDZsRHVrWmVFMnhSYjVPR1RnTkZMRkhOZVJ2eEwzQnRNNmRZcHBDeGUtNFotV0dfdkwzN2s?oc=5,"Mon, 06 Jul 2026 07:00:00 GMT",2026-10-09T11:06:59+09:00
GoogleNews:健康　トレンド,健康　トレンド,健康トレンド2026！注目の健康食品・サプリメントビジネス - PR TIMES,https://news.google.com/rss/articles/CBMiakFVX3lxTE5wTlg4MDNuZXEycnpCX2dGTTdZMk9NYVpiRnYxRVlxcEhsV2RJU1YwVVgyQnEwOU90ZkhsV21RNDhlRUZvZUZhODVoQWZ6V0NSNi1QbjEwckNLY3VPcW8tSF96MGp4S0FFeGc?oc=5,"Thu, 19 Mar 2026 07:00:00 GMT",2026-10-09T11:06:59+09:00
GoogleNews:健康　トレンド,健康　トレンド,治療開始はシーズン外の6～11月 「花粉症」を治す舌下免疫療法とは：医療・健康トレンドピックアップ：日経Gooday（グッデイ） - 日経Gooday,https://news.google.com/rss/articles/CBMicEFVX3lxTE9hVDVaYkk3TG1iekZKQU1famthN1V6YUxWVTdLc1VldHB3b3g5emhpQzk5b2lCY3R2VEQwLTBZNGFnaUx5QmZXVFI5UXRKUk5idGdUVTM3Q01kOGtGUXU5dWpOSnJ4RDU2VFhvT01fd0M?oc=5,"Wed, 16 Sep 2026 07:00:00 GMT",2026-10-09T11:06:59+09:00
GoogleNews:健康　トレンド,健康　トレンド,【速報】今年の健康トレンド総決算！「からだにいいこと大賞2025」受賞結果発表＆オンライン授賞式レポート - PR TIMES,https://news.google.com/rss/articles/CBMiakFVX3lxTE9HWHN2OFBrblJ3UnMtRW5OZ1kzRnpQTzA2bEI3WGxESXBrdVJXTUFYdXkzYmpjemRTUmplT014T0MyOFVRcldKNVNrMFE5YVZjT0hndlVTX3ptUzk5MlFLTVFrcXpQQWNpZ3c?oc=5,"Tue, 16 Dec 2025 08:00:00 GMT",2026-10-09T11:06:59+09:00
GoogleNews:健康　トレンド,健康　トレンド,1日ひとつ「ヤセ行動」を選ぶだけ！ 大学病院で考案 “我慢しない”ダイエット - 日経Gooday,https://news.google.com/rss/articles/CBMicEFVX3lxTE84QjRnQWN4SDlaUklZNWdNWkRYY1QtNDUwRVR4bVJDOXNYaVpqZVpWTW1xRlNSQVU3cUJyOUpSenNlMGFadWNSOGdWT1RoSVA1Mnl0WDBHYUJJV0RJYXZOdWJsTUFFZHV2UTl6ZVF4dHU?oc=5,"Tue, 28 Jul 2026 07:00:00 GMT",2026-10-09T11:06:59+09:00
GoogleNews:健康　トレンド,健康　トレンド,舌の筋力低下を防ぐ！ 舌圧を鍛える舌トレーニング、姿勢も改善 - 日経Gooday,https://news.google.com/rss/articles/CBMicEFVX3lxTE5wRnVxS1liNzQtdXVrVjVVS3dkMmxoZk5zVUR4UHZLWVhvOXc3OUxTdzJXZTlRWmFNMzd5dGUyMEgxVFdIRm50NDRJS3VIbm03UTV3SWVvZWhvUWRzYTFhSDBvN21IV2szcUUtMjB3UG4?oc=5,"Tue, 21 Apr 2026 07:00:00 GMT",2026-10-09T11:06:59+09:00
GoogleNews:健康　トレンド,健康　トレンド,現代グリーンフードが健康管理トレンドに合わせてケアフード商品·サービスを増やすなど関連事業拡大に力を注いでいる。 ケアフードブランド「グリーティング」を中心に製品群を拡張する中で関連研究とデータを活用.. - 매일경제,https://news.google.com/rss/articles/CBMiU0FVX3lxTE5RajEweFkzSkJyVktYS3J4azkxUnh0YTh2cHVOc3lwcDBwM1VXWVpZRmxPNUNsOHhPRWpSQUJWUmF4MUdsMWpHNDBJejdhMktqb0tV?oc=5,"Tue, 29 Sep 2026 08:21:28 GMT",2026-10-09T11:06:59+09:00
GoogleNews:健康　トレンド,健康　トレンド,【日米トレンド比較】iHerb発祥の地・サプリメント先進国アメリカの最新ウェルネストレンド - PR TIMES,https://news.google.com/rss/articles/CBMiakFVX3lxTE9Yck4zekZPQm9KekxFWHVZT1ZwT3ozWjcybE5ZbDhhamJIT0lsNzdfakdoMlQyRC1MRS1nMVMtQlRheS1Gdmo1LUJ4TXRQV1ltZ2VSRGVIQnBiNmR6ekp3MXdvYWNkRnloT2c?oc=5,"Thu, 13 Aug 2026 07:00:00 GMT",2026-10-09T11:06:59+09:00
GoogleNews:健康　トレンド,健康　トレンド,腎機能の指標「血清クレアチニン検査」が企業健診で必須に その理由とは - 日経Gooday,https://news.google.com/rss/articles/CBMidkFVX3lxTE1QVVUzeEZtNlAxSGFOUEpZdHpvcm1fbVZYeHg4M3dQaGJyNU5EclM5dXN0U0NlS2hzeGlhWlhEUDlwUFJSdVhFZU1uenRsblc0T2VkcDdsUkoxTUdTVGxqajZ5TEhnekNpUUpxb0daa1pleUJCdGc?oc=5,"Mon, 24 Aug 2026 07:00:00 GMT",2026-10-09T11:06:59+09:00
GoogleNews:健康　トレンド,健康　トレンド,「24時間の健康管理」へと「トレンド」が「変化」した最新「ウエアラブルデバイス」6選【本当に売れているモノ＆売れ続けているモノ】 - Yahoo!ニュース,https://news.google.com/rss/articles/CBMif0FVX3lxTE1tN0FoSmZhSjRiVjJDd09sd2p0cF9qelNqMVRrRXM4ZUl1dllRaDRKam1HdndkRWlyZXJ6Y002WVFKOFZwNlZseWpkeDhJUFNhdy0zX3Y2OUtVSTNMWmJDdE9SbjZqcW5vVmRwVm0xSkp1WEc4NVhySVMzdy1zbVk?oc=5,"Wed, 06 May 2026 07:00:00 GMT",2026-10-09T11:06:59+09:00
GoogleNews:健康　トレンド,健康　トレンド,健康状態の最適化をあえて見直すというトレンドが、ウェルネス業界で人気を集めている。 - Vietnam.vn,https://news.google.com/rss/articles/CBMikgFBVV95cUxNSFJsQ0x0ckNwT29qcFpTV3UwU1pzMDdJeUZSLUw1ekM2ZVoySG5fR1E3WTU2eVNzN1JEaWRPQlRRZEpSeE00bWZidm5ETUJhWmpzdDFlcWRCdDF2WDlZUmNMT0VCZ1c4TFBIb05jTy1KREU1ZUlIdU5Gdl9wVVluOVE1QmxUeVlwZnNlbFlqSGdjdw?oc=5,"Wed, 23 Sep 2026 07:00:00 GMT",2026-10-09T11:06:59+09:00
GoogleNews:健康　トレンド,健康　トレンド,ミツカン参入の背徳市場が首位 ECに効く6月記事ランキング - 日経クロストレンド,https://news.google.com/rss/articles/CBMiZkFVX3lxTE1TM0d4MUFZQlVkOVZqeGxtaS1jYUNpZEhQRWxTbGZoTjF0X2I1S3ZzY2UxdHJwV1NjZ09wakNOb29PUEFscDJ1QzF1LTdZUWJyS1pzbWw2Q0xFcmRxbkxLMW9IZ0l0dw?oc=5,"Fri, 03 Jul 2026 07:00:00 GMT",2026-10-09T11:06:59+09:00
GoogleNews:健康　トレンド,健康　トレンド,【速報】「からだにいいこと大賞2026」の開催が決定！健康トレンドを牽引する祭典が今年も始動、まもなくエントリー開始 - PR TIMES,https://news.google.com/rss/articles/CBMiakFVX3lxTE5IVWYzVm40VGhMaF9wWHVTRVFSVFc3NEhBZzM3REpsU3IyRk9qbmFIRWw0NG5Ed3c2ZlRvRXhhajQ1NURtazZXbF8wcUxFWngyeFdWWWhNQk81MXNjcXB0M0RvMUVVazlMRUE?oc=5,"Fri, 22 May 2026 07:00:00 GMT",2026-10-09T11:06:59+09:00
GoogleNews:健康　トレンド,健康　トレンド,「座りっぱなし」「長時間労働」… 腎機能低下につながりやすい要注意習慣 - 日経Gooday,https://news.google.com/rss/articles/CBMicEFVX3lxTE02SkhhNVV0Z0ZTbDJnemIwUlRoWGtIeWlqX19aMVFDUWZsYzFHaWRVdjltSS03eG5VdXRvbVBjc01qVlhFTXlNSlF5LURFUDZWX0N5N2FZQ19RSDYxSzhiMFZvV0lucmpHZDJ5WkxBM1c?oc=5,"Tue, 01 Sep 2026 07:00:00 GMT",2026-10-09T11:06:59+09:00
GoogleNews:健康　トレンド,健康　トレンド,健康・美容の最新トレンドが今年も集結「からだにいいこと大賞2026」本日よりエントリー開始！“あなたの愛用＆NEXTアイテムを教えてプレゼントキャンペーン”も同時開催中 - PR TIMES,https://news.google.com/rss/articles/CBMiakFVX3lxTE5zcDVlZVRmcXBnTjlyY0VqdG9FTllFZ0dJSl9pYklIYlMyVlpna2wwc3M5SmtmZFhkd1UzQnBFVzQyN3ZLczJpQVZsU3RTNDVYMmdjUUxWR2xWNWhkcnVXXzlwX2hsTGpOS1E?oc=5,"Mon, 01 Jun 2026 07:00:00 GMT",2026-10-09T11:06:59+09:00
GoogleNews:健康　トレンド,健康　トレンド,ミツカンも参入、「背徳市場」が急拡大 健康志向と真逆の新トレンド - 日経クロストレンド,https://news.google.com/rss/articles/CBMib0FVX3lxTE5qTTR4ZW9Gb1RvMGxGRU5UNTFlYzd0a21hREdOM2t6Q19GYVdkOXNPNk13dXdPR05QWjFFR1pwY1JEazJ1bUdRc1ZDMDhwZFp2R0RXWDBDLVN0X1l1TWx6UzdGMC1VR3R3c0wxUzJxMA?oc=5,"Thu, 11 Jun 2026 07:00:00 GMT",2026-10-09T11:06:59+09:00
GoogleNews:健康　トレンド,健康　トレンド,「おならサラダ」は本当に健康にいい？ 栄養士が解説 - ELLE,https://news.google.com/rss/articles/CBMirwFBVV95cUxNd2lQZnBoZ2M3ay0wX2ZudjNGOE9QQlJkeHJldGhPd085WkNwUnpzRTdSTXdSbjNlWTlCZFR0LXJOOTVJTElrWWxoaVVrSnk4Q2dLX01fUzk1bS1WQV9weEMwMEg2YnZnVHVXMmdodVFBOC1WaFNxOWRMbm1WMW5jUHM5TktjbXl5QkpLa3pPV1hnMHZDZ0VPRExPMFJXRWExRUh0R0g5NC1pZWtFR0hZ?oc=5,"Sun, 28 Jun 2026 07:00:00 GMT",2026-10-09T11:06:59+09:00
GoogleNews:健康　トレンド,健康　トレンド,TPCマーケティングリサーチ株式会社、『2026年 健康食品市場トレンドレポート』について、調査のポイントをインタビューした記事を公開 - ドリームニュース,https://news.google.com/rss/articles/CBMiU0FVX3lxTE1SQW1mQ0toMmtnVEV3R3liRndza1hsS3JwLVcybElvalBYN2czQ29sd1VLNm9mNmRoWUFTRExUSkt0cVdoVlBGWE9pcGFvU2N2RFY0?oc=5,"Wed, 19 Aug 2026 07:00:00 GMT",2026-10-09T11:06:59+09:00
GoogleNews:健康　トレンド,健康　トレンド,私たちの一生を支える「漢方薬」 そのエビデンスと強みとは - 日経Gooday,https://news.google.com/rss/articles/CBMicEFVX3lxTE5BUUMyTlhIclBfMDBSLVJsZ1dOSDNQV2c0aGNFaG4zajFpRzZiOWs2U245OG9OZHl3ZnY0VU9ydDY5dTh0b2ZiZUI1azVPaFhzTmtpRkNqQktOVGNRall1WnJpWFY4YW51aV9ZZG9Edlk?oc=5,"Thu, 25 Jun 2026 07:00:00 GMT",2026-10-09T11:06:59+09:00
GoogleNews:健康　トレンド,健康　トレンド,インフルかかりやすい人5つのタイプが明らかに 2026年新株の特徴は - 日経Gooday,https://news.google.com/rss/articles/CBMicEFVX3lxTE43RXd1N0RIUW5qLXZDTExnMUlRcnBUX1g0eXNJc2lscjNwaDhhNUNhVDFZZk9pWkxMSG41ems3SkZxYV9UeEtEWnhPUjhMTEtQRUNpR2dkVWRibnhDalVQUHQwdXVod1N0UkEzLWxBaDg?oc=5,"Wed, 07 Jan 2026 08:00:00 GMT",2026-10-09T11:06:59+09:00
GoogleNews:健康　トレンド,健康　トレンド,食のトレンドは「手軽＋日々の健康」がキーワード！手軽に健康を意識した料理で自分を労わる、新たな食のスタイルに注目 - TOKYO MX,https://news.google.com/rss/articles/CBMiZEFVX3lxTE10a2NWbHI1OGxKUGJCbm1YR2J1eWI3UHBlMDBHbFBzekhQbW5mRGpVVlFSX3dsOFYzNzdrQUNRdmVOUjFiT3ZYZmhpalRxaUJxb3d0UDJpLXJQa2tWOHkzM0doZTg?oc=5,"Thu, 29 Jan 2026 08:00:00 GMT",2026-10-09T11:06:59+09:00
GoogleNews:健康　トレンド,健康　トレンド,【健康経営セミナー】【FiNC Technologies×GPS-Business 共催】Z世代に選ばれる企業とは？ 新卒採用×健康経営の最新トレンド ～2026年9月3日 開催！ - PR TIMES,https://news.google.com/rss/articles/CBMiakFVX3lxTFBHVEdCVWpUQ2h2WGJWWTNnbHVsNERuaXJhaW9fdXhlYVl5X25OR0I3eGo4ZmVsYnBfTTQ0V1llMkNuWGptdFV6akozdDlkQjVvQ2REeERLb2F5TlZGTmd2c1JoTG1RTHJ6Qmc?oc=5,"Wed, 19 Aug 2026 07:00:00 GMT",2026-10-09T11:06:59+09:00
GoogleNews:健康　トレンド,健康　トレンド,腸内健康の新トレンド「ファイバーレイヤリング」って、なんだ？ - TABI LABO,https://news.google.com/rss/articles/CBMiU0FVX3lxTE1NNi15RU9MQ3BxaGcwYmZPZHR0aWhBZnh5elJ5ZDNNcVpqUWJMWTJhZFBSYXd2dno2dW5ibXNiRWtYWGJ5cVQ4ZnB6VGMtSXk3eHNZ?oc=5,"Wed, 08 Apr 2026 07:00:00 GMT",2026-10-09T11:06:59+09:00
GoogleNews:健康　トレンド,健康　トレンド,CES2026における「女性の健康」トレンド - NewsPicks,https://news.google.com/rss/articles/CBMiU0FVX3lxTFA0LWFVOERtZHBvMXE5MEZ6Mm8tNXE4c2xzMVg0bWtNNmFvc1hIc1U2V3FIczk1YlB3UFJxUnVHY29saGVpUmZ2SnRhX2VrWWhXa2F3?oc=5,"Sun, 11 Jan 2026 08:00:00 GMT",2026-10-09T11:06:59+09:00
GoogleNews:健康　トレンド,健康　トレンド,2025年の健康トレンドを凝縮！過去最多567商品から選ばれた『からだにいいこと大賞2025』全受賞商品を一挙公開 - PR TIMES,https://news.google.com/rss/articles/CBMiakFVX3lxTFBkNGFvd0hsWmhlemFYMDFUbkRoNHo4YjJ6NDFsdENxYjV4OHptMm5oT0NtSmhNMmJGOEtSbk5xQU9VUFpuY3piNGpMRjdJWG5ia1dFVlJBVEpDTngweFhsZlpoaUNCNWNqd3c?oc=5,"Fri, 26 Dec 2025 08:00:00 GMT",2026-10-09T11:06:59+09:00
GoogleNews:健康　トレンド,健康　トレンド,トレンド トラッカー：日本FFCの普及状況、韓国の健康補助食品生産状況 - NutraIngredients.com,https://news.google.com/rss/articles/CBMihgFBVV95cUxOdmxKWmI3SW53d2FvTnlFVHpfdTBVeGg2T2xFZzVfclpNQkNYclJKRXVrbjdVR3ZhajZ0bWxfam5vN2o4ZHA3cU52Tml5cHRVWFZlbWpYSDlLSlR5ZmJHZGt0UlJaUlhvQ3RkMkx4QUI0Z0dqSGhzZm5qSG02OWlCRmhhN0FIdw?oc=5,"Mon, 27 Jul 2026 07:00:00 GMT",2026-10-09T11:06:59+09:00
GoogleNews:健康　トレンド,健康　トレンド,今年の「食と健康」のトレンドは？『あすけんトレンド大賞2025・あすけんトレンド予測2026』を発表 〜90億件超の食事記録データから見えた2025年のトレンドは「パーソナルカスタムフード」〜 - PR TIMES,https://news.google.com/rss/articles/CBMiakFVX3lxTFBoaXdSb1NNMGdfbTRqbkpGQnFVeEgwakhCSEsyR21rMGxpMXVrVkRneTFvaTcxQUVMMDRjbldRV0w1VnhNby1rQTZ0ZUo1Z2Z3MDYzUTV2YWVhcTJiX081cEUyM1RtdWxmVmc?oc=5,"Wed, 26 Nov 2025 08:00:00 GMT",2026-10-09T11:06:59+09:00
GoogleNews:健康　トレンド,健康　トレンド,「1日1万歩」の必要はない！ 日本式ウォーキングが世界的な健康トレンドに - marie claire [マリ・クレール],https://news.google.com/rss/articles/CBMiWkFVX3lxTE9DLWxHaUVHT2dJZGg0cU9MbmY0M3diRDUxeVM1QWlydkNHcDg3c2t3bkVtQ2N4azgyQnpybTBCbGl2bTZkeTRxbmhzcEE1MzBKZXpnZGFrdEJPdw?oc=5,"Wed, 07 Jan 2026 08:00:00 GMT",2026-10-09T11:06:59+09:00
GoogleNews:健康　トレンド,健康　トレンド,手足の冷え、月経不順、貧血… 20～40代女性に役立つ「漢方」 - 日経Gooday,https://news.google.com/rss/articles/CBMicEFVX3lxTE9vNTd4RXNvdlNPZ1FmRHZ4anYtRWdmSUh6SXlnQjZrNG5WQjg1aHo2Vl8wUWdrRk50RWFRWk9tZVlCMjBaTGQzWGFSUl9WUnJHbXdNOEhhVkd2cWZYa1BiMkhZRVJxNU9RZlpUei1HcXg?oc=5,"Thu, 02 Jul 2026 07:00:00 GMT",2026-10-09T11:06:59+09:00
GoogleNews:健康　トレンド,健康　トレンド,女性ヘルスケア白書 市場動向予測2026 〜健康トレンド・業界動向・女性ニーズ〜 - ウーマンズラボ,https://news.google.com/rss/articles/CBMiRkFVX3lxTE8yQ1BXMXpwVDZsTS1YLTZ4WWVTZF9UQ3ZfSTdGb2FoZE5ZdXFENlpIS21QcFE1T1lYVzlmOWE0RkN0TlRpZkE?oc=5,"Thu, 16 Apr 2026 07:00:00 GMT",2026-10-09T11:06:59+09:00
GoogleNews:健康　トレンド,健康　トレンド,「心臓病は男性の病気」は大間違い！「ドキドキは更年期」と決めつけない - 日経Gooday,https://news.google.com/rss/articles/CBMicEFVX3lxTE5LSHowWHRvd3dQUVZrdGJXaWs2WVN5dVVNY0NPTC1HWEtPZGZraGNWa0tjYjZxWkUxM0w1bDgxbWYzLWp5REZRQVFjcHhvLUJTYUF5X0kxRndON0VFa01wekw0bk1KZEJ0Z0lUdnRYdWs?oc=5,"Mon, 15 Jun 2026 07:00:00 GMT",2026-10-09T11:06:59+09:00
GoogleNews:健康　トレンド,健康　トレンド,2026年トレンド調査 - 株式会社ネオマーケティング,https://news.google.com/rss/articles/CBMib0FVX3lxTFBQdlJaQ04zY203WTVTN19ZY3FUR1RFMkFGZl9GVmE4LTNBc1lBTVgtVGFJWE95M0ZKbGplQ3RPTUd4OGhHT1Vpc0puT1NETk44VUJjRzV5Tl9SeGlncWFCc3QyejZlZDhMWFNTeTN2QdIBf0FVX3lxTFBmdlFocWI1cWVSM3ZWR2xvcWJReWZCeVlTRVJmLXpTQnR0Qm5VekRDZDhkYlR0NS1NUVpEVkc0WnA2MENYX2NabHhPdjBQdjdodFJSQUxzS0txamlDMFU2VEJsUEMtYTNrMkNmQVd5czhFUGR4U3JrbFdYV3hJQlk?oc=5,"Fri, 09 Jan 2026 08:00:00 GMT",2026-10-09T11:06:59+09:00
GoogleNews:健康　トレンド,健康　トレンド,『あすけんトレンド大賞2025・あすけんトレンド予測2026』を発表しました - 株式会社asken (あすけん）,https://news.google.com/rss/articles/CBMiZkFVX3lxTE9xbVp2WkRQSUYwdWVjWGZRdEZFUWdTZjB4QVdMcnVnQ0NqUnJCUFRHbjhqblVUSnVMRE5aMk9WdWdDci1IalpVUkpQQXB3MlJKcnBicWVFMzlPenhUMllfdVhMcXlJZw?oc=5,"Wed, 26 Nov 2025 08:00:00 GMT",2026-10-09T11:06:59+09:00
GoogleNews:健康　トレンド,健康　トレンド,"｢健康のために冷凍食品を食べる人｣が激増中…7年で売り上げが11倍に跳ねた驚異的な""神冷食""の中身 - PRESIDENT Online（プレジデントオンライン）",https://news.google.com/rss/articles/CBMiT0FVX3lxTE5abFdORktMMU1DX09TMzVRc2hDWVlfd1lReEJFMDBzT29ZSzNWVDJIVGd6bThJNTFVU0ZzTUIxMlZ2OUx6Y0FibFpnS0JNYkk?oc=5,"Fri, 15 May 2026 07:00:00 GMT",2026-10-09T11:06:59+09:00
GoogleNews:健康　トレンド,健康　トレンド,物価高への不安は「収入・資産不安」より強く、女性は10代‐20代から健康不安が高い｜2026年トレンド調査 - PR TIMES,https://news.google.com/rss/articles/CBMiakFVX3lxTFBseEpuYVRDRG1aX29MUGxMenhqUXZXeXBBZjlSa2NkSWhBdDE3RUdFMl9YbEhpNnVzc2VhdU1Ib0hTUXM0VW1PbUZaOExmR21BZG9kX09SMHVtdHhQeXk2TUgyb1lVMjg5ZlE?oc=5,"Fri, 09 Jan 2026 08:00:00 GMT",2026-10-09T11:06:59+09:00
GoogleNews:健康　トレンド,健康　トレンド,韓国流通業界、紫色の「ウベ」商品で新トレンド狙う…視覚と健康感で人気（KOREA WAVE） - Yahoo!ニュース,https://news.google.com/rss/articles/CBMif0FVX3lxTE45SmIwRDZpdzNzdDdkTnViTTlxdUxsejhobzJvQzRCV05GeGowUHBKZVV0SEFTaHpvWE9GVklGSDB6UXJoLU1LRlpseHRTWXlxSHdOMlVoNU1iLW55djNQSWEtbXRtLXFQT09Pc29NdXNSZ29SemdYdWZoNC1UUEU?oc=5,"Tue, 28 Apr 2026 07:00:00 GMT",2026-10-09T11:06:59+09:00
GoogleNews:健康　トレンド,健康　トレンド,【PR TIMES 流通 美容・健康】【韓国コスメ好き必見】最新トレンドがイトーヨーカドー大森店に集結！韓国コスメPOPUP「K-BEAUTY PARK」9月30日より開催 - 茨城新聞クロスアイ,https://news.google.com/rss/articles/CBMieEFVX3lxTE9oN1VvUmZVdjNnYUlEV09vNXhzXy1wQzdPNUtBMktRNi02SmFrVHNiTHVWTEVjQkh1VTU5R1F1RVRyWUdfZzQ1dUhxVFdNTEVpa3J4Z3pFcWRLVVJyRy1fRmhxQ0NDaUI4VzVXUUxmcUhJZHlWUDR4ZA?oc=5,"Thu, 17 Sep 2026 07:00:00 GMT",2026-10-09T11:06:59+09:00
GoogleNews:健康　トレンド,健康　トレンド,加齢黄斑変性は早期発見がカギ 将来の視力を左右する - 日経Gooday,https://news.google.com/rss/articles/CBMicEFVX3lxTE1mS0NPSEdaNmxiWDNDUk10TWkzTktKVmNjanBycHZxV1ZzaGlkMHVvWkpsd24tVGtQWGJKcWJvUVVPNXpUYWJpbm5oS1ZDdl80QnhuVnc0M25WUEVBRnhqbEV3a1RNWUtwWmR2ZDFZeDk?oc=5,"Mon, 01 Jun 2026 07:00:00 GMT",2026-10-09T11:06:59+09:00
GoogleNews:健康　トレンド,健康　トレンド,味を感じにくいのは脳の慣れ？ 舌の働きは？ 味覚の真実 - 日経Gooday,https://news.google.com/rss/articles/CBMicEFVX3lxTE0yU3NybHM1ZVpiY2IwY09BTmVuV1FrZEZpZkJoMVlDOXluSkpmSzg5Mi02R082UGl2cFExanh1MkxPQVVfaWx2SGY4VnYtbml4UVJ0dFA0d0FtWlZpc3lvTGJLcGx6NVBQdk9mNldMV18?oc=5,"Thu, 16 Apr 2026 07:00:00 GMT",2026-10-09T11:06:59+09:00
GoogleNews:健康　トレンド,健康　トレンド,「舌」の老化は認知機能低下と関連 味を感じる仕組みに新事実 - 日経Gooday,https://news.google.com/rss/articles/CBMicEFVX3lxTE12bDdiLU5IVnBSMEV6MmRETjdERThybTlqNjJtZkhmWEZYczAtOUxrSjd0V28zZWF1enpEeW5MMWtIOURJbjBTLUtpLTJtLWtidVlsTzJEN0pXdENmUEg5ZXhoNTBGOWt4dVR2bXFXcGg?oc=5,"Mon, 13 Apr 2026 07:00:00 GMT",2026-10-09T11:06:59+09:00
GoogleNews:健康　トレンド,健康　トレンド,健康な社会づくりを目指すミラノ・コルティナ2026とイタリアのAI／サイバー政策：海外医療技術トレンド（128）（1/3 ページ） - MONOist,https://news.google.com/rss/articles/CBMib0FVX3lxTE5ac1ZPTVdMZXEwRjIzNDFLMjk2U0JFR1lucjFSeDBSWi1jOWllMndZRVJEQ0tYUFJVZWhRQk1uVXRucXlOU2ZPWmVrMjBWeld3TzZEUGIweEQtMEREMVRMNDVXQkRieHFQYmNoMjIxVQ?oc=5,"Fri, 13 Feb 2026 08:00:00 GMT",2026-10-09T11:06:59+09:00
GoogleNews:健康　トレンド,健康　トレンド,筋膜が今、健康トレンドの中心に──その正体と科学的根拠 - Forbes JAPAN,https://news.google.com/rss/articles/CBMiWEFVX3lxTE94enRfbkpnVU1pbE9OOVJWakdLQk1saDUtZ0ljLU5YbVgzWHhoUUU5eHJxRlMzTUV3T2JQMEVQaVdrY29uZ2Rxb3NoRDhwOUNoam1GQ0JXNWM?oc=5,"Thu, 30 Apr 2026 07:00:00 GMT",2026-10-09T11:06:59+09:00
GoogleNews:健康　トレンド,健康　トレンド,「クラシル」が2025年の食トレンド分析結果を発表 「時短・手軽・健康」がより強く求められた一年に - PR TIMES,https://news.google.com/rss/articles/CBMiakFVX3lxTE9SaHFIRHo0eWpCZHFTWVR3THZGc2tLa2k0dkl4TDRtRjdGOTZSR3B4cy1VUTNwZ0xyaDBfOE95M19EcUFhVm5Pd0puSWp1dnIweDJfN3lwY3c5NzZnTUo2RFMwdmo4Wm5fR1E?oc=5,"Tue, 16 Dec 2025 08:00:00 GMT",2026-10-09T11:06:59+09:00
GoogleNews:健康　トレンド,健康　トレンド,【来場登録開始】国内最大級の健康・美容ビジネス展「健康博覧会2026」2/25-27開催 ～新企画続々、400社が最新トレンド発信～ | インフォーママーケッツジャパン株式会社のプレスリリース - PR TIMES,https://news.google.com/rss/articles/CBMiakFVX3lxTE5tUlR3Mnk0T3U1WmhsZHhTTWNTSDB1YUFDVm5iZWF2b0xSenFFdVhMSDEyTTJEQTZxNVdOaDAtdmEyNEZ2aDJPb0xnRWFYR01kVWUyQVgtSGZZZGlDbzFGaUJicGhlNEREcnc?oc=5,"Wed, 24 Dec 2025 08:00:00 GMT",2026-10-09T11:06:59+09:00
GoogleNews:健康　トレンド,健康　トレンド,栄養士・管理栄養士200人に聞いた！2026年トレンド食材予想TOP３は「発酵食品」「冷凍野菜」「サステナブル食材」キーワードは健康×時短×環境 - PR TIMES,https://news.google.com/rss/articles/CBMiakFVX3lxTE0wdTFzOHM2a1ZhaXE2TjY5Q2F1Ry00cWFkcXZWQ0dzTDhMTXR3a1FyVWl0SWNQUS1yRkFmU1RkRXYtMTl0RzVrdEhBZzlWdllxaHNNMDZkZExpTHRPTVc3VHBZSUhtdVJjc0E?oc=5,"Thu, 04 Dec 2025 08:00:00 GMT",2026-10-09T11:06:59+09:00
GoogleNews:健康　トレンド,健康　トレンド,「オキシトシン」分泌の増やし方 更年期悩みの解消につながる - 日経Gooday,https://news.google.com/rss/articles/CBMicEFVX3lxTE81QXRmQmZwQXBMWkZvUDRPSWg0a2dkeFV5b2trUjBwYVc5U1BkQjBmSVZpNUZNcEFrVVVWZDJEdFJRbUVNRF9LeS1tM3JDZFNnMzF1bG9OQU9VazFlREIzWGVBLUtjMGR0NWhGek5QaXk?oc=5,"Thu, 09 Apr 2026 07:00:00 GMT",2026-10-09T11:06:59+09:00
GoogleNews:健康　トレンド,健康　トレンド,「24時間の健康管理」へとトレンドが変化した最新ウエアラブルデバイス6選【本当に売れているモノ＆売れ続けているモノ】 - GoodsPress Web,https://news.google.com/rss/articles/CBMiVEFVX3lxTE5OaHhwdGkzU2xfUEl3ZnNnUnNGR1RXcUdZLWRiMXlXMXJZdE1GT2ZpYTVrdEdUZUxIQmJzcDdvUEMzNmVFeEExTXdDR21qUGtQbHJYdQ?oc=5,"Wed, 15 Apr 2026 07:00:00 GMT",2026-10-09T11:06:59+09:00
GoogleNews:健康　トレンド,健康　トレンド,花粉症対策は飛散前に！ 注射薬・点鼻薬・塗り薬…新薬も登場 - 日経Gooday,https://news.google.com/rss/articles/CBMicEFVX3lxTE8xX2VJVGxNQ3Rzc2djaEZ6VzNnSHJMaFZVaUxQaXc3dWtTNjVMM09jVXA2MHFsVURnMTdCQldEaFJwQmtBeEMwZkZMTmpJM3pmemk3M0pNOU5lTDl2Y3luVFBsOHBBRDQyNjJ1SEJ6ZVA?oc=5,"Tue, 13 Jan 2026 08:00:00 GMT",2026-10-09T11:06:59+09:00
GoogleNews:健康　調査,健康　調査,米厚生長官、ワクチン接種後の健康問題調査・記録に着手 - Reuters,https://news.google.com/rss/articles/CBMif0FVX3lxTFA0ZHFoWXJVd1p0OUx0VUlJSmp0SHhqcGdCRkdVVDJaRTU4eHg0OHo4T0R2S0R4R2FFZ0JrS0pHOTVibVZSY2JIVi1wcUJMdV9uUlphMkppRzFnbGl4Z2VWdW0tNXBPY1loZm9uemtXa1NCTnU4T1g5ME1YMnRuX2M?oc=5,"Fri, 09 Oct 2026 01:17:00 GMT",2026-10-09T11:07:01+09:00
GoogleNews:健康　調査,健康　調査,米厚生長官、ワクチン接種後の健康問題調査・記録に着手（ロイター） - Yahoo!ニュース,https://news.google.com/rss/articles/CBMif0FVX3lxTE9CMGVBaHFfNGlnNE5DVjM4WDhTT0hYV1FQalk4bnhGRVhkM2pDckt4VVFGN3JEUm42UngzWjgwbGxQdFZna3RkUmF2SE1ndm9zV2tRalg5eWxaT2kxMTFoYlBBQjUtRGRVYzlQck5aRFdlUlk0cGR2ZjVqbmdwb1E?oc=5,"Fri, 09 Oct 2026 01:17:42 GMT",2026-10-09T11:07:01+09:00
GoogleNews:健康　調査,健康　調査,【独自調査】ストレスチェック受検者全体の14.3％に高ストレス判定。高ストレス者割合・総合健康リスクともに改善！高ストレス者割合のワースト５も紹介 - PR TIMES,https://news.google.com/rss/articles/CBMiakFVX3lxTE1Oem9YWVRNNnFvRXpkQVJUZEFwRjZvRkNSLTZUSU9CNzNzZ2hTZkJQQ2RSSGxzWm51dXIyQlNZOFVrOUtGMzJ4QUJDcWlOUEhmM29wUmVNNWx3djNSbGg2RGtBZ2ZZNHh4d3c?oc=5,"Thu, 08 Oct 2026 07:06:40 GMT",2026-10-09T11:07:01+09:00
GoogleNews:健康　調査,健康　調査,社長の62.0%が健康に不安 〜経営者の健康と事業承継の備えに関する実態調査〜 - M&Aキャピタルパートナーズ,https://news.google.com/rss/articles/CBMiVEFVX3lxTE1RRXZYVF80QWxRVGlEczBySVVSZ2k1TXhPV0d4ekZlUnlCc25IdDRjY0N4RFNJbjB5V1dyTmp3VTljeVlOYmxvOU5lRXhFeTJLcmtjZA?oc=5,"Wed, 07 Oct 2026 09:17:33 GMT",2026-10-09T11:07:01+09:00
GoogleNews:健康　調査,健康　調査,【調査結果】健康教室は、いつも同じ顔ぶれ？ 健康ポイントで、地域参加の入口を広げる施策が人気 - 神戸新聞,https://news.google.com/rss/articles/CBMib0FVX3lxTE1heWRmaHkyUzhyTVpwdWVVVXZfMTZpTDZvMXdaR2t1WUVYYW9ZUXN0b205VWhkUFNFUGllc1JwOXJldzQ4dlFuQ2dfVHdKbnJ5NThzLXBlZ0ZOWGVzOVpQNEFuUWFqMTRsYnNqT1p6TQ?oc=5,"Mon, 05 Oct 2026 22:00:00 GMT",2026-10-09T11:07:01+09:00
GoogleNews:健康　調査,健康　調査,国の水俣病健康調査「熊本地震に配慮して実施」 バス代替輸送も検討 - 朝日新聞,https://news.google.com/rss/articles/CBMiZ0FVX3lxTE1OdmRSYjlKQkprQ2gxOENIckxpNEloXzZrSkJKcGg1dTRjdXZYbWdZQ0o2aXQ3YVFjVzRxWEVqc0kzNGk4d1A2YW1RWEk5SmxvU1RKMmNMTXVrTEFiOFMzbmFmNlNsYzA?oc=5,"Tue, 15 Sep 2026 07:00:00 GMT",2026-10-09T11:07:01+09:00
GoogleNews:健康　調査,健康　調査,「健康経営銘柄2027」・「健康経営優良法人2027」の申請受付を開始しました - 経済産業省,https://news.google.com/rss/articles/CBMiY0FVX3lxTE9wQjg2SC1uZjR3WDE0RUxOckpqMFM4cTlOazRUUXIzYmxheTNZT3YyVDlZem54SWNoZi1LRnZLWTlGajhTU21zVnRSUkJQM1BqYUo4T2g0V0lFYjl1Yl80T2RNVQ?oc=5,"Mon, 17 Aug 2026 07:00:00 GMT",2026-10-09T11:07:01+09:00
GoogleNews:健康　調査,健康　調査,【20～50代800人に調査】『健康活動×食品』の組合せは？活動の認知は「腸活」が6割超で最多、「温活」「眠活」も3割超が認知 - PR TIMES,https://news.google.com/rss/articles/CBMiakFVX3lxTFBOb0c4dHhsZmhNWVRRSjREcnhCNjBjcWtLa094MVNmblVIb3VjbUdhQzUyclRsekZZSlA4cGprczctbkNGNkJTVDlCTzR1dldEbjMzTTM5TUt2clFrY01YTkNXZ3dNajNOdVE?oc=5,"Thu, 08 Oct 2026 03:00:02 GMT",2026-10-09T11:07:01+09:00
GoogleNews:健康　調査,健康　調査,令和7年度「県民健康調査」こころの健康度・生活習慣に関する調査 ここから調査のお知らせ - 大熊町ホームページ,https://news.google.com/rss/articles/CBMic0FVX3lxTE8yZmp2ODZWUmdpLXFHM18wYjJ1QnBYMUU0dHBOTkpVNmVmaHEzajg3WFRaLWhXZHlmZ0JMb01aM1IwM19odkVQR0dVZ3N6bEVfMGIxY1NmSDJqbVdQM2U2WmZ3VlFWbG1reXczdktSODZlUlk?oc=5,"Mon, 26 Jan 2026 08:00:00 GMT",2026-10-09T11:07:01+09:00
GoogleNews:健康　調査,健康　調査,令和7年度健康食品試買調査結果|3月 - 都庁総合ホームページ,https://news.google.com/rss/articles/CBMidEFVX3lxTE1oNWRiOFlRQWp0V2JhTEdIQmtFbUVYaDloQ19UNm82d05lQlNCNVBoU1FxalcxcDBQd2tPTG41ODl1RVMyaWxyZXZEWkdSSUpzdFFHOXpTcmxzbDRXa0kyUlZDbDFlWmZLbTNHRmdkS01uWVpt?oc=5,"Mon, 23 Mar 2026 07:00:00 GMT",2026-10-09T11:07:01+09:00
GoogleNews:健康　調査,健康　調査,奄美市健康体験交流施設再整備活用プロジェクト - 鹿児島県奄美市,https://news.google.com/rss/articles/CBMiZ0FVX3lxTE1IVkp0ODNuMzRNOF95YVh4aVczVHpPVjYzN281c3F5QjhVbTI5ZjdmRWVUcmMySVR4ZFpHSlI5eE5XaXdqVGhmZko3dWRlRTdoSnI3MHpQSHlucEFlT1E1cTJKbnR4Ymc?oc=5,"Wed, 01 Jul 2026 07:00:00 GMT",2026-10-09T11:07:01+09:00
GoogleNews:健康　調査,健康　調査,各種健康診査・がん検診 - 深谷市ホームページ,https://news.google.com/rss/articles/CBMiugFBVV95cUxQT2oxZkZfbW5TdHJPSFpXblhWenRYOC1GdjNSN1RTQ040WkZTeTMwanpPZXZIc1RubUsxRFR2cXZQbEJzSFFUQzE3Y20tc3hYNWtzWGtYb2VqWWdEX3FEbWxacEJPNHFLUDdqVU9NUFVTMFZsUHNDbkNhOFpaaTNNWVZyRW9fT0tNZEQ4bWN4cGNKUlJWNFNIaFpBR0k3M0k0OVhMNTVsRC1oNEJyZko1cnNDWlU5ZTJlZUE?oc=5,"Tue, 01 Sep 2026 07:00:00 GMT",2026-10-09T11:07:01+09:00
GoogleNews:健康　調査,健康　調査,800分の32…「4%に どんな意味があるの？」本格調査の時期も示されず患者団体が反発 水俣病健康調査 解説＜水俣病の健康調査とは＞ - TBS NEWS DIG,https://news.google.com/rss/articles/CBMiX0FVX3lxTE11NlBiQndnYXprS2xvRFQ2b180LVJlSWpwSlJhZTdDY3lBbmdvVFkyeFUzUjNCVm95T0x4V2NDTUpqWkhKYldJYjZPUGpQSkJqSmdQQmNjcXI5dXJ5ZWl3?oc=5,"Sat, 26 Sep 2026 07:32:50 GMT",2026-10-09T11:07:01+09:00
GoogleNews:健康　調査,健康　調査,水俣病の健康調査、環境省研究班「実施し得る」今年度実施に向け結論 - 朝日新聞,https://news.google.com/rss/articles/CBMiZ0FVX3lxTE9XNDRSdjVnLVQ1b2tNT1RkYzVMMUZwSW5yWkhGTU9QT05wQ1lab1F4WVF2RzZzbWFScndLZ1cwX1BseVhfcEFoRl9qM0xURVJXSG51TzhOT2pxekxEcWkxbDVMeGNiVTA?oc=5,"Wed, 22 Apr 2026 07:00:00 GMT",2026-10-09T11:07:01+09:00
GoogleNews:健康　調査,健康　調査,水俣病の健康調査、協力者確保に課題 患者団体「即刻中止すべきだ」 - 朝日新聞,https://news.google.com/rss/articles/CBMiZ0FVX3lxTE5JdHZ0Q1MxRXA1X2NyOVU5VkZhN2xzNHBtZjFKMWtueHJXblNsT19LdTBCRlJFZHVJMFNkcDVWc3BBQ1pRZTRFNVZWVXJUVEE5em5KeWhCaUg3aU5qYnJlNlVIN3Ayb3c?oc=5,"Thu, 26 Feb 2026 08:00:00 GMT",2026-10-09T11:07:01+09:00
GoogleNews:健康　調査,健康　調査,働く男女400人の77.0%が「今夏の酷暑が仕事の集中力に影響」と回答【健康動態調査】 - PR TIMES,https://news.google.com/rss/articles/CBMiakFVX3lxTE5ZTWlIS0J1RU51Y056Vk9XTkR0M0c3cWd0S0xBSnJad2dpRG9BSjdaYm10VGx4RGd4YU1ya2VWMUhudUFCcjdlbEdtZlJicnRWUmF3MWFhQlFyMGxSXzYzYXVzTlVCdzVkMlE?oc=5,"Tue, 06 Oct 2026 01:00:03 GMT",2026-10-09T11:07:01+09:00
GoogleNews:健康　調査,健康　調査,令和8年度国民健康保険特定健康診査・特定保健指導 - 深谷市ホームページ,https://news.google.com/rss/articles/CBMiuwFBVV95cUxPbFBCMlhTeTRFUm1KQ0dIZzJUUC1WSkUzaFVsUTVBMU9pdkUzRlp5a2tlRlozWjVqMFN4QjhNd1p5Y1NVNVFCMVk1RG56UzFpTjdPRzJpQUFMYUJNRUhEeGtaZEQ1eEdiUDFiU3B4emUyRlc4V0dNT054ZzVEczVpTUVVTnJ3U0lqRzV0U0RUVGJlUFIydDJaUjNrUmpkSEhmWjRoUHU1RDY5Nm02WXBqamtFRjR4MDR4Y2Fv?oc=5,"Fri, 07 Aug 2026 07:00:00 GMT",2026-10-09T11:07:01+09:00
GoogleNews:健康　調査,健康　調査,厚生労働省 老人保健事業推進費等補助金 老人保健健康増進等事業 - 株式会社NTTデータ経営研究所,https://news.google.com/rss/articles/CBMiVEFVX3lxTE5Bdm1MMzVNY1ZaWkVSWEdFa2ZOZjNnWmEyRElvbEljREtoZzNsS09rTWRJek1DNHVTMWxzS043UDhjd19mLV9rOWwydnh6TjJQbVp0dQ?oc=5,"Mon, 17 Aug 2026 07:00:00 GMT",2026-10-09T11:07:01+09:00
GoogleNews:健康　調査,健康　調査,水俣病健康調査の開始めど立たず 熊本地震影響で環境省が説明 - 西日本新聞me,https://news.google.com/rss/articles/CBMiVkFVX3lxTE1xblVSdjB4WlpMbEhiUnZ0cURrdWxfSER2d0VsbmQydDFjanN4NW9ObFJVZllITE9oZlZEYkVLY3c2dnF5dC1kRDFZWDdOWWJNM18tNklR?oc=5,"Wed, 16 Sep 2026 07:00:00 GMT",2026-10-09T11:07:01+09:00
GoogleNews:健康　調査,健康　調査,甲状腺検査の利益めぐり応酬〜福島「県民健康調査」検討委員会 - OurPlanet-TV,https://news.google.com/rss/articles/CBMiS0FVX3lxTFBKUFlOSmZ4bTB2VU5BYzdkaFNCQUFZQ1U4Z09vM0J4WmVMUklLYWVMTWNHYTNBbnUwQW5MMlVsV1ZrM3gxZldDRVhkWQ?oc=5,"Wed, 25 Mar 2026 07:00:00 GMT",2026-10-09T11:07:01+09:00
GoogleNews:健康　調査,健康　調査,米厚生長官、ワクチン接種後の健康問題調査・記録に着手 - ニューズウィーク日本版,https://news.google.com/rss/articles/CBMiWkFVX3lxTE1BUThhQTFRWGl5SUZjQU95QU1yNlY5cllBWDd2M2VPSjlCbU5tN0hpZVdOdHUydXhJVUhaSnRPcHI2OTJrSmlBR1pRRTA3cmdNbDlvWFVETnAzZw?oc=5,"Fri, 09 Oct 2026 01:17:00 GMT",2026-10-09T11:07:01+09:00
GoogleNews:健康　調査,健康　調査,船橋市の特定健康診査について｜船橋市公式ホームページ - 船橋市ホームページ,https://news.google.com/rss/articles/CBMic0FVX3lxTE1Hb0lXWDhzTmQwSWVPVUpFV3N6Q3EzTnRZaXpKNkxZZEgzNFFINkJQUGhGSGF6VkI0blRwblJLV1cyc1dZOUpFcUxFa25CM294eGltMi1vQUZSZ25PcjZLbnQ0YmlYbWZjbExKV0hZSWVaT2c?oc=5,"Wed, 01 Apr 2026 07:00:00 GMT",2026-10-09T11:07:01+09:00
GoogleNews:健康　調査,健康　調査,能登半島地震の被災者7346世帯の健康調査結果 仮設住宅居住者で心理的ストレス「高度リスク」が増加 - TBS NEWS DIG,https://news.google.com/rss/articles/CBMiZ0FVX3lxTE10eHllaDdqTm5GaXNjSUFOcVQydldmWURUcUE1VGk3ZFBvcXdqdlNUWTUxUmJHcm9MaWZtTmZ1UGJVNjNSTmJaZ1R1bHFJS3BxdTFHTmlEcmgxY2JvVG5XY3JiZjNUbjQ?oc=5,"Tue, 18 Aug 2026 07:00:00 GMT",2026-10-09T11:07:01+09:00
GoogleNews:健康　調査,健康　調査,健康診査・がん検診など - 燕市,https://news.google.com/rss/articles/CBMiekFVX3lxTE9QaVlXdXRaZ1hvdW5hWG9CV3FxWDdQejRGNmtFTFkxY0lkUEZmUE5hOG5nd3c3NHUzMTZPdkJRTXJfT0didTJ3TktJbXhkYVNEUE5lSExhWGJJSFE0YW5MdHp5aDlwbm9tZ2dIVzRtRzdFZFotbmdFSkt3?oc=5,"Mon, 17 Aug 2026 07:00:00 GMT",2026-10-09T11:07:01+09:00
GoogleNews:健康　調査,健康　調査,18~39歳の市民限定！令和8年度スマイル健康診査【今年度の受付は終了しました】 - 前橋市,https://news.google.com/rss/articles/CBMiiwFBVV95cUxNa1FQODNvNlJZbnVjcVJBYmxLdzA5NUFGZm5Ec19kblA4Wmg3OEc1RUloQW1fNVgxMlZ2dmdfUkZXTGpVVWY3NUlJY3NKbGJpVVY0QTVfUVJ6dTB1bGpxYXc2MDcxdDZ0VWxNSTRmc3VPTzJMT1JBWHl5YmZhZlpYV3paSnVha3JRSW9F?oc=5,"Tue, 28 Jul 2026 07:00:00 GMT",2026-10-09T11:07:01+09:00
GoogleNews:健康　調査,健康　調査,令和7年度幼児歯科健康診断実施状況 - www.pref.ibaraki.jp,https://news.google.com/rss/articles/CBMigwFBVV95cUxQRnBuM2doTnlQTi1POWIwM0J3OUtQTmpZMHpiSnJGRUthYU5Dbk1udnlhZENLR2hJeWtoX0J6T05Pai1jMmI4VTA4REtPOXEzT3dFYkoxVU0yRmYxMVNHS1ZISGpOSTY1OUNvcmVsWVI0MVM1TEFkd2JRMHloY21vSEpkVQ?oc=5,"Thu, 18 Jun 2026 16:24:37 GMT",2026-10-09T11:07:01+09:00
GoogleNews:健康　調査,健康　調査,仮設住宅の被災者、心の健康リスク高まる？ 石川県が2度目の調査 [石川県] [能登半島地震] - 朝日新聞,https://news.google.com/rss/articles/CBMiZ0FVX3lxTFBfcllQd0dNNkViY3RNOHdfbGc5cGsyazlTTjNXR1BMSmJ3UU0xbVlxT0RsU1UybGtjcmU1V0JzZzJLRExWNlRsdDQ1ejJwbGpuZ3c1SUtvT09EVGpvaHJ5UGFfM25mdFE?oc=5,"Wed, 19 Aug 2026 07:00:00 GMT",2026-10-09T11:07:01+09:00
GoogleNews:健康　調査,健康　調査,小学校に入学する前の健康診断 （就学時健康診断） - 真岡市ホームページ,https://news.google.com/rss/articles/CBMigwFBVV95cUxOMTZ2eFVEdUFqcGxHWFNsLTNidjltRlJiRW1LRnljdkZvTDl4bmxqeGRSU0lxNmVIclpZeWVDNWwxcWY2S2NCeXVUUnF4elM3TFdpamZ2WEZGUFBkQnUyOWFXRmxxdnhuOG1tRUJ3eFlyQUxULXJOZXNBaXlwMHVqSTZLNA?oc=5,"Tue, 28 Jul 2026 07:00:00 GMT",2026-10-09T11:07:01+09:00
GoogleNews:健康　調査,健康　調査,令和8年度 成人歯科健康診査 - 船橋市ホームページ,https://news.google.com/rss/articles/CBMib0FVX3lxTE51emtVWVVxTTFyQzROTTk5NThFVV9sTncteWU3MzhLYlBhYVFsLWhWNkJIaEtoa0FvSzJ0bzNubXU0cTZHaS1uOElhN2MxVnY1eEsxVDV0UnR4dU1OQk9JZ2hLZFloX21abzYzVVM1SQ?oc=5,"Tue, 28 Apr 2026 07:00:00 GMT",2026-10-09T11:07:01+09:00
GoogleNews:健康　調査,健康　調査,各種検診（特定健診・がん検診等） - 幸手市,https://news.google.com/rss/articles/CBMib0FVX3lxTE5NeXVzRHJaYU8xSmpYNWRzZEVOdzJGZHp1NEx4ejBHZU9DWndlUWZFRWNOZFdFMk9Ca3BBMm9UOXg3ZW5yRXZxLUNiOS1QOGJSNDNHSHhTYXN1bnFITzg0MzdFQU1Tc04xaU9Ub1dPQQ?oc=5,"Fri, 01 May 2026 07:00:00 GMT",2026-10-09T11:07:01+09:00
GoogleNews:健康　調査,健康　調査,能登半島地震の被災者7346世帯の健康調査結果 仮設住宅居住者で心理的ストレス「高度リスク」が増加 - TBS NEWS DIG,https://news.google.com/rss/articles/CBMiV0FVX3lxTE83ZDdyWk1kTFBPSXdFQjJYbExfOVNrSDhLUDBITTNGYnFzeUdMTzVXejdlbkFwcVA4dkdfRUxvcHgtdHk5TGdZcDBzRmNPdVZaQnFqbXlSdw?oc=5,"Tue, 18 Aug 2026 07:00:00 GMT",2026-10-09T11:07:01+09:00
GoogleNews:健康　調査,健康　調査,健康上の問題による日常生活への影響の経年変化～国民生活基礎調査（2025年）からみた高齢層と若年層 - ニッセイ基礎研究所,https://news.google.com/rss/articles/CBMib0FVX3lxTE81X0VwaGdZLUdkQkFhd1E3aHZaZ2JqazNhRVg3dUZoX05aRUpGOWlKT0tpTjBmaTAyQXVldjlfTnN6LXZteXFLTEtnRXI5cTZYMUhhNk5wYWVxUV9fRUNnR3I4RzRyZnhzM0J6Vloya9IBf0FVX3lxTE1FUlk2LWx5NkxIeFBkT0xBN2xFNC12djMxUmlIU3FFTm9FakRhV2hoVTRxVmwwa0ZQcDN4dmwyY1ZtcHlacFk5cmtXY0xxTnNMWTFFelE3NlFLU2hVN0JYQmFqa2IyVUdJZjBKYUNSenlVSm5KSi15ckRmQW5pQk0?oc=5,"Thu, 13 Aug 2026 07:00:00 GMT",2026-10-09T11:07:01+09:00
GoogleNews:健康　調査,健康　調査,「しびれは悪化の一方」やまぬ救済の訴え 健康調査の実効性は? - 毎日新聞,https://news.google.com/rss/articles/CBMiaEFVX3lxTFBoSEZZMzVDQTRUTURpX2d2aUdHYXljN0l4T3I0dkI2OGUzVzhSMHNmSm5NbUFJSGN3NVc2bTE3Ql9SWkllMDl4c3cxTU5CQThOa0Z0aW82RTdHM0EyMWRPLXEwTjI0T1Nl?oc=5,"Fri, 01 May 2026 07:00:00 GMT",2026-10-09T11:07:01+09:00
GoogleNews:健康　調査,健康　調査,北海道の喫煙の状況 - 北海道のホームページ,https://news.google.com/rss/articles/CBMigwFBVV95cUxNdFpfN1FUNXFwUm40T0toUGZxS2VSci0wV2p0WDdNbTg0VnNZa2tCdVlDQ3YyMGI1alVMWU40NVRjeks2dlZwT2dqOVJPU190VW94THUzV0xjU2haNUhONFRBa3F4ekwxUzI3Zk9Ia2wwV2dLUmVkRlJJT2tHWXBpbEpNWQ?oc=5,"Wed, 19 Aug 2026 07:00:00 GMT",2026-10-09T11:07:01+09:00
GoogleNews:健康　調査,健康　調査,平成15年度 県民健康・栄養調査結果（概要） - 神奈川県,https://news.google.com/rss/articles/CBMiaEFVX3lxTE5ucnBXZUktcFBjZHBHZVlBSXF3TWZCRm9HakJJcWF0aWROeDVfREZFODdjeWI1N2x0WGlVTDNGUnU2WkJZdU5YTHY5bHpPSm8xNWVIX0daMURHRWZSdElaVzFJMV9qMkct?oc=5,"Fri, 26 Dec 2025 08:00:00 GMT",2026-10-09T11:07:01+09:00
GoogleNews:健康　調査,健康　調査,能登地震と豪雨、被災者1割に健康リスク 県調査 - 産経ニュース,https://news.google.com/rss/articles/CBMidkFVX3lxTE14R3BiTVV1YUpMNnZpVjFsN2FTdW9TR1RRcC02UV84Zm9tUWQ1RWF0S2NQNEZtVXFQWWxndERQZjlJSFNWcUpMb1ZhbHNsYWdZTXZscEJ1ZjYtT2dOVFFoNkNYLWpJYS1GNS1WSDIzZVhNczBzMUE?oc=5,"Tue, 18 Aug 2026 07:00:00 GMT",2026-10-09T11:07:01+09:00
GoogleNews:健康　調査,健康　調査,［水俣病公式確認70年］「住民健康調査」科学重視の国、救済求める被害者団体の間に深い溝…新たな線引き懸念 - 新潟日報,https://news.google.com/rss/articles/CBMiXkFVX3lxTFAwMVdVdWdqcXpIQk1NYnlhLUctWk10TE1EVjFpcGk1MUJRSC1vSlVwRm1RU1RteTFRcDdoUHhoakNwNDA1NW5SWUhyMzFYcGUycmJiR3k0SXFrU3g4Z3c?oc=5,"Mon, 08 Jun 2026 07:00:00 GMT",2026-10-09T11:07:01+09:00
GoogleNews:健康　調査,健康　調査,一般生活者480名を対象に『AI健康相談・AI医療に対する意識調査』を実施 - PR TIMES,https://news.google.com/rss/articles/CBMiakFVX3lxTFBPNktiR3hqMFptcUhoOU5UV0JFdXRlZ3pSeF9JYWhHM3ZhSy1hUi04a0kyMWo3ZFpOSzlIRzZqLVJFRjJZY1ZSQk9lT1JpQXN0TWJRRTM4V2xvSnZQYnVfWjZkQlhFMzlBZkE?oc=5,"Thu, 14 May 2026 07:00:00 GMT",2026-10-09T11:07:01+09:00
GoogleNews:健康　調査,健康　調査,"【日本中の50歳男女1,000人に聞いた、脳の健康に関する実態調査】日本の年齢中央値50歳時代へ。85.8%の50歳が、自身の衰えを実感 - PR TIMES",https://news.google.com/rss/articles/CBMiakFVX3lxTFBFR25Sbnk5MjgxbVo3SGxvRUtDdDNmaVVsOHFCV3NHTzY2SjhBNHZkRkFCSTNLbUFlNnFydV9idTl4eEdTbHEyYy0xMHlxNHZvYWpqMnJGUTRFRVl5cU5sZ3g0YzRBRFpobkE?oc=5,"Wed, 10 Jun 2026 07:00:00 GMT",2026-10-09T11:07:01+09:00
GoogleNews:健康　調査,健康　調査,特定健康診査・後期高齢者医療健康診査 - 茨木市,https://news.google.com/rss/articles/CBMiogFBVV95cUxPdFNJYkdPSjJrR0ZnbjZSV3hOZUthSUVIeU9YV0JORkd5RnFBb000dXZNNDVvNXBBanZ5cXpGb1hGTXdOYXctbUVoYjVadGZlY2I1bU1xS0RBY1h1YnlKMkpoNDY0YlgxY29tckQ3aU11LURyWndiZjNzc0pKVnpLd1FCOHdMSnBjd2pfWmx4LVhZVXV6Mm9DeU9TYjIzQi1HeHc?oc=5,"Wed, 01 Apr 2026 07:00:00 GMT",2026-10-09T11:07:01+09:00
GoogleNews:健康　調査,健康　調査,令和7年度厚生労働省 老人保健健康増進等事業・社会福祉推進事業・障害者総合福祉推進事業 - Nomura Research Institute (NRI),https://news.google.com/rss/articles/CBMiZkFVX3lxTFBGaHRmaE5sejd4eDdKMUhWSVhDTE9zaW5GQzlRZk5SbGRBaVBRYXFpb1FNY3JnRjVFdENmdFNJQWQyVlpIVmIyNTlPSGtPMVhvOXZQV01kY2REM21LdjdYQUZyOXhqQQ?oc=5,"Thu, 30 Apr 2026 07:00:00 GMT",2026-10-09T11:07:01+09:00
GoogleNews:健康　調査,健康　調査,水俣病の健康調査、1000人規模に 26年度から実施予定 - 毎日新聞,https://news.google.com/rss/articles/CBMiaEFVX3lxTFBIOGRNUnVqYXdkM2daVk9VSEQ1ZTF0a3dSNGx5bFQtMktxbFEyem5kSnYzd19PMXMyQXduNVBxQW9hWTZIWTg0LS1ZMHhUd0NnbDNwc29SSzV6NnY3WWY3WThVOEpNQlBn?oc=5,"Wed, 22 Apr 2026 07:00:00 GMT",2026-10-09T11:07:01+09:00
GoogleNews:健康　調査,健康　調査,社説：水俣病の住民健康調査 救済が目的ではないのか - 毎日新聞,https://news.google.com/rss/articles/CBMiaEFVX3lxTFBjaTlTOGtmRkJMelc4WjQtVTZXNE1KNE1HWmlCeDlfWGJqOWlYUy1ZMGRaUW1xTEZpVFpfUEJMcDZsTUtLQngzaTNOUHdGWExQUWFITDVGandWZVpyNXZoTFhsQ1RLcnYx?oc=5,"Tue, 23 Dec 2025 08:00:00 GMT",2026-10-09T11:07:01+09:00
GoogleNews:健康　調査,健康　調査,能登半島地震の被災者7346世帯の健康調査結果 仮設住宅居住者で心理的ストレス「高度リスク」が増加 - TBS NEWS DIG,https://news.google.com/rss/articles/CBMiYEFVX3lxTE50VnIzblBpUWdrVzhDQy1rQUR1NmJDZ3R2ZFd1U2Vlc3NUMzJkZTJ3MDdtYUhubll0d1FVQmE5MFhhOUxrbzVsbHRjZmI2cTNjWmd4ZWpfR0FRNk5oWW9nZQ?oc=5,"Tue, 18 Aug 2026 07:00:00 GMT",2026-10-09T11:07:01+09:00
GoogleNews:健康　調査,健康　調査,子供の2型糖尿病、有病率は想定を上回る可能性～全米小児健康調査｜ニュース - 糖尿病ネットワーク,https://news.google.com/rss/articles/CBMiWEFVX3lxTE9yVVhOcVNRUkpfQnlNMUNiQXljWll2YkdoYUs1TFZOYUVjeWpXaDNNdk04aWY1NFB4SDg3clI4RVoxMi1GeDhjTjdpNGRJNlppZkFlU3Zjaks?oc=5,"Thu, 25 Jun 2026 07:00:00 GMT",2026-10-09T11:07:01+09:00
GoogleNews:健康　調査,健康　調査,健康福祉常任委員会が県内調査を実施しました（令和8年4月24日） - 群馬県,https://news.google.com/rss/articles/CBMiXEFVX3lxTE1tWXVHdFJod3BuOGFYcENxbVdPRWdWOEdZY1JQOWdrYUJBdnpXSmh6eVZILS1YS05ibXdidjJkN2UtYVZCMXQtX3Jzc1ZEVDVUMzhFdWstdUl1c2Fo?oc=5,"Fri, 24 Apr 2026 07:00:00 GMT",2026-10-09T11:07:01+09:00
GoogleNews:健康　調査,健康　調査,パートナーシップ証明制度と性的マイノリティの精神的健康との関連を調査 | 医療・健康 - TSUKUBA JOURNAL - 筑波大学,https://news.google.com/rss/articles/CBMieEFVX3lxTE1zc1VQc0xpbmcxTlU4emxTT0cwdHowX0w4N2xyRVBiNUJhTGhwU3hsQkdwbW9jZzczZmRnR3hLQ3IxR1RQYVI0NlVLMUdQN1kxWDhrSzlmY3Qwb3h6WVFDZXNiUUVtLUt0RTVPLVZEMDRPR2VjSTFvYg?oc=5,"Tue, 19 May 2026 07:00:00 GMT",2026-10-09T11:07:01+09:00
GoogleNews:健康　調査,健康　調査,マカオの児童の29.1%が近視、過体重率は13.5%…2025/26年度健康調査結果（マカオ新聞） - Yahoo!ニュース,https://news.google.com/rss/articles/CBMif0FVX3lxTE9QdDFmaVdOVzhRWmZfMjhRbXhlOVR5WHdGVENhd01ZX0ZWdlJFRFhNeFFjR1pHUjBTOTBHeHVXbDdjMGRrSTRQZVhuMVpZQVFPcVJzNVI5S2Y1UURwN2o1SUhrbGcySGFVaXo3SjUyV1diSk5SSW5uTEdxZUlka0k?oc=5,"Mon, 14 Sep 2026 07:00:00 GMT",2026-10-09T11:07:01+09:00
GoogleNews:健康　調査,健康　調査,Sansan、女性のライフスタイル調査を実施美容・健康意識は高い一方、 リフレッシュや人とのつながりは不足～現代女性の「隠れたギャップ」が明らかに - Sansan株式会社,https://news.google.com/rss/articles/CBMiWkFVX3lxTE5adUpCS0ZadjZHV0hNd2dYZXBFTFN4LUZLWFVvTUdKRW53UlFkdDB2N2JsMmhFVjJpbndTaVNFdkJQWFAzeHZIdVZQWUJtN3BCaGNDdHlMQVB2Zw?oc=5,"Wed, 27 May 2026 07:00:00 GMT",2026-10-09T11:07:01+09:00
GoogleNews:健康　調査,健康　調査,安全・健康・コミュニティに関する調査報告書(令和7年調査) - 厚木市,https://news.google.com/rss/articles/CBMifkFVX3lxTE1YNmZINTNvVTNudVYxOFVISjhwVElPTDdMUnBwMUV4cnRsLVdMODFxVm16TzU2Q3pScTF6cTRMOC1WWW9INXZ0Z1Y5Wldwb2Z3VjZaUl9hVjV6OWhXdnRzME9fdnZhOFZQU2dnRmpETDluWU5PMmJib0lDQ0Uzdw?oc=5,"Wed, 18 Feb 2026 08:00:00 GMT",2026-10-09T11:07:01+09:00
GoogleNews:健康　調査,健康　調査,「安心して産み育てられる」 県民健康調査の知見報告、福島医大シンポ:震災関連 - 福島民友新聞社,https://news.google.com/rss/articles/CBMiaEFVX3lxTE82RUJCRlFjamZieS1naFVQQmRnNjdMZzB4MEl0RjlfR1FocjhXNVhER3lkWjhpRGlURnBkWW9yR0VZLVUydzNsbXphQnpGeXZMLWhDYW1YN2hFcGJUeTJYOUFfblZYMzEx?oc=5,"Fri, 13 Mar 2026 07:00:00 GMT",2026-10-09T11:07:01+09:00
GoogleNews:健康　調査,健康　調査,令和8年度 3歳児健康診査 - 八戸市,https://news.google.com/rss/articles/CBMikAFBVV95cUxPVEtuLWZ3aVV4SFBHbk16SmdZUXc4S1VPU01qNGljNmFxZGlCYXloR29yWGxZeEo3NWdUOWUxWDRMS0JTVm52WE5UMXBmNFJKOTFUSHozREN2UHkwWnRWTVJUOEYyVnVxSl9XRm9aMzdtekRqX3FkbnJzSHk3cHpSeWJvNGI4cl9wZmktakI4UzY?oc=5,"Wed, 01 Apr 2026 07:00:00 GMT",2026-10-09T11:07:01+09:00
GoogleNews:健康　調査,健康　調査,目的、手法…国と隔たり 被害者側「実態把握できない」【水俣病70年第３部 健康調査の行方①】 - 熊本日日新聞社,https://news.google.com/rss/articles/CBMiT0FVX3lxTE1yZlBPeTZiQTB6TW95YkphZWJsYk9SelhVQUVVZG9wMS1nTXNfQ1p2T1Btalp0OHZTSUZhYWxJYkYxZFFKQ25pUzEzVGlUcDQ?oc=5,"Wed, 03 Jun 2026 07:00:00 GMT",2026-10-09T11:07:01+09:00
GoogleNews:健康　調査,健康　調査,世界肝炎デー 2026 in SAGA にて健康一番プロジェクト「健康調査イベント」×「ロマンディスコ」開催 - PR TIMES,https://news.google.com/rss/articles/CBMiakFVX3lxTE5aa0cyTS1ndlNmcGl5Wk1yVlQ1YldZbjQwVkwzUDRlenFxUDViTTVOMXdGTmNiUm42b21NZXhDZ1c0V1pFNkk4aUhscGRSNGdBWFFLZVI2LWhmWlVTZzRjV181NlYxamV2N1E?oc=5,"Thu, 06 Aug 2026 07:00:00 GMT",2026-10-09T11:07:01+09:00
GoogleNews:健康　調査,健康　調査,「健康経営優良法人2026」認定法人が決定しました - 経済産業省,https://news.google.com/rss/articles/CBMic0FVX3lxTE9IYjZmWTEya3R0bDhBWmFIVGJuNlZqM0ZtVEh5NVpQQnRDWFR1RDZVd0JWdElqdEl4XzNUdktnb2FLblE0NnJxaVY5R0ZETUhxRllyeTk3UnhoS1lCNXZUOVA1NGNTNk96c2NndzFoMV9iZFU?oc=5,"Mon, 09 Mar 2026 07:00:00 GMT",2026-10-09T11:07:01+09:00
GoogleNews:健康　調査,健康　調査,アルコールを控えるでも､糖分を控えるでもない…1200人･15年調査で衝撃の結果｢最も死亡率が低い人の傾向｣ - PRESIDENT Online（プレジデントオンライン）,https://news.google.com/rss/articles/CBMiWEFVX3lxTFBicXRjN1JRRGNEanhXOFNKdGF5UTdtdEo0VmVmTEhhSkZQV3hPQkNUNG5DM0pScnZTSnhGS3ZjM1JkVVVkTVBJcnlHQk0wSlZZa2ZNSUdqUEY?oc=5,"Sat, 21 Mar 2026 07:00:00 GMT",2026-10-09T11:07:01+09:00
GoogleNews:健康　調査,健康　調査,「健康経営銘柄2026」に44社を選定しました - 経済産業省,https://news.google.com/rss/articles/CBMic0FVX3lxTE11MnBRZ2QxZk8xMFZwYi13OUZMYXRDSUNudkRSX0NzUV9ZOEdsV1dqMkZTbDhFTnVjQVBIRk1YY2VXQkMxSmhMTTVHSE5pOWZOZHdZMnF4Mk81eDZvSzd2MjR2bVdRX1Y1YWpxYk52amZucXc?oc=5,"Mon, 09 Mar 2026 07:00:00 GMT",2026-10-09T11:07:01+09:00
GoogleNews:健康　調査,健康　調査,水俣病住民健康調査に患者団体が反発「全容解明調査と言えず」 - NHKニュース,https://news.google.com/rss/articles/CBMiWEFVX3lxTE8yYWZMOE9MOGYyNEVXQTF0SlNaamYyMkFPWmc0ZHdVa2ZuUUlyNUx5ZDN4MXBTMGp0N3FzaTdWWlFZVHhoanR2cmFEM3J2V0p2Mkh1Qm1kNGs?oc=5,"Wed, 25 Feb 2026 08:00:00 GMT",2026-10-09T11:07:01+09:00
GoogleNews:健康　課題　政府,健康　課題　政府,女性の健康課題巡る経済損失は３兆円超、解決目指す「フェムテック」広がる…トイレにナプキン・体調予測 - 読売新聞,https://news.google.com/rss/articles/CBMibkFVX3lxTFAySV9aTXpoVUhRbmp1MExITHk0WE5zZWVQUi0wSGZ5SFpmV0hlRGNrV1I0X0xuNklXY3lxQ2FTTTRCS01JTXUtbjhYajdtZ1RrSmdMVzVHTkhfTGw2dU1NcG1HRWEyRTNDVWtjUllB?oc=5,"Sat, 25 Jul 2026 07:00:00 GMT",2026-10-09T11:07:03+09:00
GoogleNews:健康　課題　政府,健康　課題　政府,更年期世代の女性を適切な医療へ 対応機関、ポータルサイトに掲載（共同通信） - Yahoo!ニュース,https://news.google.com/rss/articles/CBMif0FVX3lxTE01QmxHUlFCUEN2c3R3Y3JkemJQdnp3Wnp3VkdwRHRWWGFlME9rbTVGOWRLNlRXT3BfLUszaUlRYy1DQWVUTndtXzBTc0ZUYnlqWlJDYm5EZnlZbTZBR2U2dFNDUUlPd3JMd1NDYWpwRWJrd2ktalcxa3hZMm8zV1k?oc=5,"Mon, 25 May 2026 07:00:00 GMT",2026-10-09T11:07:03+09:00
GoogleNews:健康　課題　政府,健康　課題　政府,健康寿命を延ばす“攻めの予防医療”骨太の方針に反映へ（2026年5月25日掲載）｜日テレNEWS NNN - 日テレNEWS NNN,https://news.google.com/rss/articles/CBMifkFVX3lxTE1Ycm8yT3dsV2JFTG9VTlZpbDdTNl9ZQl9KaVVuQjJEVlNBbUt1dnNhOVNwb0RuN003VmtrWnp3VVJEWjVmY212blktY0JGWWRWTUlWTEUwZjBDUC1jX0N4WkczSFIzalp3dlc1dV9ZLTQ0UlMtaUg0U2VuNzdUdw?oc=5,"Mon, 25 May 2026 07:00:00 GMT",2026-10-09T11:07:03+09:00
GoogleNews:健康　課題　政府,健康　課題　政府,更年期、どこを受診？ 政府が医療機関検索のポータルサイト整備など更年期対策強化へ - 産経ニュース,https://news.google.com/rss/articles/CBMidkFVX3lxTFBKZkVIUS1DSTluT21PYWMzc0hob2dyUXZmYUt2NUhyd1A2bl9ySXc0a3doMVRpVUJkdnRxTW94LXd6YmdjR3RIMi1SbXJvSjZ3UkU2R2pyY3Bab2xYYVNZLVVidjVPU2JnMnpSWWZhRGdNbXRaYUE?oc=5,"Mon, 25 May 2026 07:00:00 GMT",2026-10-09T11:07:03+09:00
GoogleNews:健康　課題　政府,健康　課題　政府,健康寿命と平均寿命の「10年のギャップ」に挑む。マレーシア政府公認プロジェクトと、日本の整形外科専門医がサステナブルな「エシカル・ツバメの巣」の共同臨床検証を開始 - Newscast.jp,https://news.google.com/rss/articles/CBMiR0FVX3lxTE0wdHB2VnBYeHR6V3p5c3otbE9HZkFmcFhrNldvZFZzWjdYT1k0TUxtOThhUWl5c1pPVFo1ZlVuVlNXVjBYQk5z?oc=5,"Thu, 06 Aug 2026 07:00:00 GMT",2026-10-09T11:07:03+09:00
GoogleNews:健康　課題　政府,健康　課題　政府,高市政権初「女性版骨太の方針」政府が近く決定へ 3つの重点分野「健康」「成長戦略分野」「地域」 - TBS NEWS DIG,https://news.google.com/rss/articles/CBMidEFVX3lxTFBKTDcyTUVpd1ZRcVZxU2ZrNEotUjIxdmtyVWt5bmZtcnl4YjR0dC1xTXJDWV9MOGM5VVhQX3h2NnN5N1NTZEJEbmRBN0ZRdE1IVV9nV19sWDFaMExadXN0NjRoQk9aMWJTTVppckFWZjRrNlhU?oc=5,"Sat, 20 Jun 2026 07:00:00 GMT",2026-10-09T11:07:03+09:00
GoogleNews:健康　課題　政府,健康　課題　政府,子どもの「スマホ依存」深刻 学校で健康問題やトラブルが 「政府の責任で何とか…」頭を抱える養護教諭 - 東京新聞,https://news.google.com/rss/articles/CBMiU0FVX3lxTE02RWR1TnFHVnA2VkwxN3NsRFBtZklWcVRRd2VMaFNUTlNZNU1HbTBEeElZdUd1bjVNX0d2UkZsUE92WlQ3djV0ZUxSRURxUlVIdFVF?oc=5,"Sat, 18 Apr 2026 07:00:00 GMT",2026-10-09T11:07:03+09:00
GoogleNews:健康　課題　政府,健康　課題　政府,「健康経営」推進企業を補助金審査で優遇 政府、「骨太」反映へ論点整理案を提示 - 産経ニュース,https://news.google.com/rss/articles/CBMidkFVX3lxTFB6MlkwVjV2Mm50d1RVUzJmNjVtY0M0WTF6dURhOXo3UTRuUU83WDRSZ2NxRVpxV25mRWtBS2F6WHZ0cl9zZVpNOVd1TjIzMXVxSGF3dDRtM0wxcGZwTHRFMkltNzFOSVA2NERoSm05Q19UOEI2Ync?oc=5,"Thu, 23 Apr 2026 07:00:00 GMT",2026-10-09T11:07:03+09:00
GoogleNews:健康　課題　政府,健康　課題　政府,女性の健康問題、診療アクセスしやすく 政府が新会議 - 日本経済新聞,https://news.google.com/rss/articles/CBMibEFVX3lxTE5UVFZ0cFBheC0yOEd5WWZfSVVoSndPR2tiajZjSGpJSHlOeDZybUh5YTAtRTJlLWNVS1RfMlJ1c2xBdi1RazdRSURLWXh4S19JN1VUWU12TVdKLURvQzhPTXVpMlBBYnA4TERWRw?oc=5,"Wed, 24 Dec 2025 08:00:00 GMT",2026-10-09T11:07:03+09:00
GoogleNews:健康　課題　政府,健康　課題　政府,政府 予防医療に注力 健康寿命を延ばす環境整備へ - NHKニュース,https://news.google.com/rss/articles/CBMiX0FVX3lxTE5BN0Ffb016dHZoWGhCQWFYSnlTdjFVNzl2SUJ4bVBFWlhGN1VlaXpWWTZaZXhoemxrV0M2NDdCWVNTVDExSDY1UHRBNlIxSkxWVGpNMXF3OUxtazNZb3VB?oc=5,"Sun, 04 Jan 2026 08:00:00 GMT",2026-10-09T11:07:03+09:00
GoogleNews:健康　課題　政府,健康　課題　政府,女性特有の健康課題の理解促進 - 静岡県公式ホームページ,https://news.google.com/rss/articles/CBMikgFBVV95cUxNYTVQRER4RTNWanBLSk41WDFLSXVYaUZHOFNhcFE3VkFtRkFPY08xNTBHLXlPVWRUbllMZm9QRUxvZjRzaklwRWpta0FBZGM3aW9Fbnk2dUxVU1pPT2tMeUlQanUwNkZSc0ZkS3hWNWVpZGdiRUhOVGVqTlhuQWhnb05qMjktc2lPNFFPcXJibHhRdw?oc=5,"Thu, 03 Jul 2025 07:00:00 GMT",2026-10-09T11:07:03+09:00
GoogleNews:健康　課題　政府,健康　課題　政府,女性活躍推進へ健康課題の解決を - 公明党,https://news.google.com/rss/articles/CBMiVEFVX3lxTE5uLUFBQWQ5UE9QbTR1X2MzLXZibmUtV2x2V0F2TnRJZXdDdDhHblExZDZLYzJORTA5TEMtMU5ZTGZwVGZmQXBtTHNRRXBtYVdHMU9CZA?oc=5,"Mon, 08 Jul 2024 07:00:00 GMT",2026-10-09T11:07:03+09:00
GoogleNews:健康　課題　政府,健康　課題　政府,女性の健康問題、診療受けやすく 政府が会議設置 - 日本経済新聞,https://news.google.com/rss/articles/CBMibEFVX3lxTFBzTVUtMF9TWjAzdVVvWXF1MWdDVjRqcDdPZ0tCckpiZ3dJdHZjS0hDbEZHM2d3SGZ2eHA3TER4enh3Zk9TN2NLMTJQYVZNQzk4MHMzNUFWemgwRUc1UnpycElfSVB5ei1pdEpoMA?oc=5,"Thu, 25 Dec 2025 08:00:00 GMT",2026-10-09T11:07:03+09:00
GoogleNews:健康　課題　政府,健康　課題　政府,「女性の健康」特化のセンター、国が開設 経済損失への懸念も背景に - 朝日新聞,https://news.google.com/rss/articles/CBMiZ0FVX3lxTE1udEZtejV3N0VVNnJfbHY2OTY1bFRGRnhSWk1vcnVld3drQXFLWnM5VjdYY09UQ0YyMGJNTWoyNVhvbjFiZW9TRGg0UUwzZ3M3dFhLT3hXUHZINTNzVzlhNDlCNVVHMk0?oc=5,"Tue, 01 Oct 2024 07:00:00 GMT",2026-10-09T11:07:03+09:00
GoogleNews:健康　課題　政府,健康　課題　政府,働き手の健康課題を放置→年間4.6兆円の損失に 経産省が「健康経営」を国家戦略に据える理由 - ログミーBusiness,https://news.google.com/rss/articles/CBMiS0FVX3lxTE1TUXJ3TGhFcUU4dDdudmtvWkM2MjBtZGFaOEZJbUpaQl9GYTZULTdtOElqQ3ZZVkhWdVloVTNnUmZfNHhSbFdQNUpzOA?oc=5,"Tue, 18 Nov 2025 02:34:24 GMT",2026-10-09T11:07:03+09:00
GoogleNews:健康　課題　政府,健康　課題　政府,女性の健康課題 解決へ - 公明党,https://news.google.com/rss/articles/CBMiVEFVX3lxTFBaR1oydmMyaDg1TzYxUDdDUGxkSmZZQjA2WHVRcmJoN3VQMno4UWRiM2VhNW4xY1I5cjZpM1FFMklYSmJ2N1RrY2xtTVBoRjQyWkl1VA?oc=5,"Sat, 05 Oct 2024 07:00:00 GMT",2026-10-09T11:07:03+09:00
GoogleNews:健康　課題　政府,健康　課題　政府,日本企業の技術も活用 健康課題に取り組むユニットエイド幹部が来日｜with Planet - 朝日新聞,https://news.google.com/rss/articles/CBMiXkFVX3lxTE5VT2h1cFk1NkttcjF1LUlhU2I1ZWpxdkFJazBSNDdWSXhmWldBdVRlN0pZMEpubVQ5RkFRdjBpaEtBZTNNUkg1OVU2TENSTktmTjVEeHhtMHB3OV9HV1E?oc=5,"Fri, 27 Jun 2025 07:00:00 GMT",2026-10-09T11:07:03+09:00
GoogleNews:健康　課題　政府,健康　課題　政府,佐藤啓官房副長官、女性の健康課題「医療提供体制を確保」 - 日本経済新聞,https://news.google.com/rss/articles/CBMibEFVX3lxTE0wRjV2RUxrZWNINlRxWmVpczBsMGFaR0dZcGVlbi12YkZMT2p4N1U5VzF5LVJCRVV1LVlxUU94TTdRUDRmWENScFlWOEhuLXVuYmItNE4yMTMzRUlvTTdiZVRtRGpMNXptOEtFVQ?oc=5,"Thu, 25 Dec 2025 08:00:00 GMT",2026-10-09T11:07:03+09:00
GoogleNews:健康　課題　政府,健康　課題　政府,政府、健康寿命延伸へ有識者に聞き取り 骨太方針や成長戦略に反映 5月にも論点整理 - 産経ニュース,https://news.google.com/rss/articles/CBMidkFVX3lxTFBKa2g5QVBndzZyMTdCTmZrTDhoOVgwbFRZWncwbUwwZWJOYWwwZ3ZYaFhvUTZ5eWxQZTZwcjJTelhxdGh5ZFZJZzk3VXdXNzdRSHM1WEZmM1VpUDduZzFvaXd3aGN1Z1RqLWFwX2NFWWFEUG5Za0E?oc=5,"Mon, 09 Mar 2026 07:00:00 GMT",2026-10-09T11:07:03+09:00
GoogleNews:健康　課題　政府,健康　課題　政府,男性の更年期障害など健康課題、経済損失は1・2兆円超 国は研究に本腰 国際男性デー ととのえるココロとカラダ - 産経ニュース,https://news.google.com/rss/articles/CBMidkFVX3lxTE1vSG4yMDlqZzlLTHFxV2otZDlNMHdQUVlvRndhN05WN3dzZzVEZ2w2eGlIdlVublpTVmVkdzNmblFENnRpRkZWM3lRTmtOaTBmc3o1WFNQOVZVZDl3WlVDanJRbmNnUzJzSTVaWUlrbnpDZlYtd2c?oc=5,"Sat, 25 Oct 2025 07:00:00 GMT",2026-10-09T11:07:03+09:00
GoogleNews:健康　課題　政府,健康　課題　政府,オーストラリア クイーンズランド州政府とJASHIE運営チーム （ミズノ株式会社・一般財団法人未来医療推進機構、JA NETWORK） スポーツおよび健康分野のイノベーションの促進に向け連携強化 - ミズノ株式会社,https://news.google.com/rss/articles/CBMiY0FVX3lxTFBiVnRzQVpuWTJVQnp1RVdtS3VXQXpNM2tjMG0zck9qZmViZmUxLXdwOVFjZ2FUUFh2RHZxdWpVZnlfekwzcnhOaWF5bnVscVE0Q3JBWXNpV0Zkd1BGSkJuc2hhVQ?oc=5,"Wed, 18 Mar 2026 07:00:00 GMT",2026-10-09T11:07:03+09:00
GoogleNews:健康　課題　政府,健康　課題　政府,女性の健康課題、経済損失3.4兆円 経産省試算 更年期などで離職・休職重く 睡眠改善・体調把握に補助 - 日本経済新聞,https://news.google.com/rss/articles/CBMibEFVX3lxTE9xVW9TMlhHaFA0bjVvdWgzQUtGSWlRMkRoeDdRTS1OaHZWWWQzWWw2QnU3SHVxejk1Zk4zY0IzOGhTMGF2dndvT3VHeXpESjRBWTdTWllrbmU0VHlpZVRRZ0YyU2tMRFhBUHdPWQ?oc=5,"Tue, 20 Feb 2024 08:00:00 GMT",2026-10-09T11:07:03+09:00
GoogleNews:健康　課題　政府,健康　課題　政府,"日本政府、キューバ東部における水と衛生および母子保健サービス強化のため1億4,700万円の無償資金協力を実施 - Unicef",https://news.google.com/rss/articles/CBMivwFBVV95cUxNWnpIbDN2VlFvdzk2Wi14V055UzBualJGNDRyX01ZWThrZWloR3JpTVd5OUhMbFlTZVlvMzIyTXFpQXhkSnpkUUJGcEFHYjZjQnFpVjRQNy1sazlhNGdxcVdySHVaVTNhNVBuQUZCZTBaOXZVLWFlX1hjdlhfRm9ER0F6c0lmMVdGdm5Hb3JMY3drWHpyZ1FONlR0S3E5Zm1NbGhNa05ORERlSTNNTEJ1eEY0U2toYzEtQi1kZGM4UQ?oc=5,"Wed, 17 Dec 2025 08:00:00 GMT",2026-10-09T11:07:03+09:00
GoogleNews:健康　課題　政府,健康　課題　政府,政府、企業の「健康投資」促進 健康寿命の延伸へ5月に論点整理 - 日本経済新聞,https://news.google.com/rss/articles/CBMibEFVX3lxTE9aN21Qb2taT05mU21ielFRbXQxdDQ1MnB1ZTJic0x1SVpwdkdSNWlpaDI1MG9kdUxfV0Q2TjVfcERlNE1Eb1B6TkVid2ZQMmVtTndPZV9VUm9FVDRFczh5MWpyOXhjcUZOeXl0cA?oc=5,"Mon, 09 Mar 2026 07:00:00 GMT",2026-10-09T11:07:03+09:00
GoogleNews:健康　課題　政府,健康　課題　政府,世界の健康課題に、官・民連携でもっと存在感を - 日経ビジネス電子版,https://news.google.com/rss/articles/CBMiZ0FVX3lxTE5rejhCcFdHX0JzOHU4TkFoNV9vZXptcG9waGtxWDBVSm9jWU5OOUZTRmVqRHI1N3dISV81V0U1VTZQcEtMX2VxaXZvc0VXTlY3Q1VpVkhFTHJSbVhQd1pPLXVJdHFjaXc?oc=5,"Mon, 20 Jun 2022 07:00:00 GMT",2026-10-09T11:07:03+09:00
GoogleNews:健康　課題　政府,健康　課題　政府,令和7年10月24日 第２１９回国会における高市内閣総理大臣所信表明演説 | 総理の演説・記者会見など - 首相官邸,https://news.google.com/rss/articles/CBMieEFVX3lxTE56SXR0b1hvMS1BX2dvSVdyVEpLdTR1OGx6MWpTT0tCRjFOcXF6LVNESmhtSDVDSVczN2c1b1pnNGNyckpEazRrQ1cxQnpnN1BaVVFUUEJ1akNLVE8yRVhrRUVEOXhfbnVNYjBSM0dUT1FVQmJKTUlqZA?oc=5,"Fri, 24 Oct 2025 07:00:00 GMT",2026-10-09T11:07:03+09:00
GoogleNews:健康　課題　政府,健康　課題　政府,働く女性がライフステージで向き合う健康課題とフェムテックへの期待 - 日本総研,https://news.google.com/rss/articles/CBMiUkFVX3lxTE5KdlhaU0dGM3JGQVFtUUxfMDduNXZ0WFR2djZBemhQbHNCVEFaczZDRkxzSEw1NkNkVFI2UVZpcEF1NVhFS2toa3Nld0FuNmpZeUE?oc=5,"Wed, 09 Nov 2022 08:00:00 GMT",2026-10-09T11:07:03+09:00
GoogleNews:健康　課題　政府,健康　課題　政府,ズバリ聞きます！ - 公明党,https://news.google.com/rss/articles/CBMiVEFVX3lxTE1wSmhTUUdrQkJPalRSVGVoUnZmQ1E3VXJxallFOGxMSVphcVdIUThlTTN1YXFWV0c4UWRyaWhycndrQ2FmblpqWVBsanlRSzZwZkYxaw?oc=5,"Mon, 02 Mar 2026 02:37:08 GMT",2026-10-09T11:07:03+09:00
GoogleNews:健康　課題　政府,健康　課題　政府,女性の健康支援に薬剤師～女性版骨太方針で原案 政府 - 薬読,https://news.google.com/rss/articles/CBMiV0FVX3lxTFBHWmFKVlFUUzhCUU1PdEZab281V1ZNZjJzazhuTi1KZTVndjA2RFZCdldDTlM0WklkYkZwTGRDXzBZNXpkeUZPUlZGY0R5LVdVd1IycG00cw?oc=5,"Fri, 06 Jun 2025 07:00:00 GMT",2026-10-09T11:07:03+09:00
GoogleNews:健康　課題　政府,健康　課題　政府,大塚製薬・働く女性の健康意識調査～「女性の健康課題」（PMS/更年期）がキャリアに影響を及ぼす 個人の対処だけに任せず企業ゴトとして捉えることが求められる｜2022年3月8日｜ニュースリリース - 大塚製薬,https://news.google.com/rss/articles/CBMidEFVX3lxTE5YWmRvcFBqSGVpOUpsSEcxNzJ0TnRVTGtWbmF1SVptQVMxNVFwY21vUEw3MzB1enRsY09RYkRxRTlITTdhbkVxUEsxVDFBSDJuUDhhRXVsYWtvbElzc1hXOFhySkF4MDNuTWV3V3V1YUhhSm9G?oc=5,"Tue, 08 Mar 2022 08:00:00 GMT",2026-10-09T11:07:03+09:00
GoogleNews:健康　課題　政府,健康　課題　政府,生活習慣病対策プロジェクトフェーズ2 - JICA - 国際協力機構,https://news.google.com/rss/articles/CBMiWEFVX3lxTE91V08zVjVEMmFFdmpwOHFHN19rSjRvTDRrU1FaYVlCQ3hJWnR3WGJfVEJQYnFSaTMyQ1JyajhuZHlPQjNWcnJVZkFObW5qVGZ1MzExM2FZM1o?oc=5,"Tue, 29 Sep 2026 05:09:37 GMT",2026-10-09T11:07:03+09:00
GoogleNews:健康　課題　政府,健康　課題　政府,労働者の健康保持増進措置のあり方 (2026年6月25日 No.3734) | 週刊 経団連タイムス - 日本経済団体連合会,https://news.google.com/rss/articles/CBMia0FVX3lxTFAxckp3dW1IbFRQUXVnMkw3R1RJVDdfeHdBM00xMWFqdkI3Yy1wTTdfNTdsa0Y3Nmt5TXk3YW5GYUpZeUNCdTJFUnRPQVVBbzRHcVZYVlBVNlBPekU3RzA1X2xneF96WGcxMmVj?oc=5,"Thu, 25 Jun 2026 07:00:00 GMT",2026-10-09T11:07:03+09:00
GoogleNews:健康　課題　政府,健康　課題　政府,12/14(木)14:00・女性活躍のために解決すべき課題を紐解くセミナーを開催。来期の予算取りに間に合う！組織改革と女性特有の健康課題の重要性とは - PR TIMES,https://news.google.com/rss/articles/CBMiakFVX3lxTE5hVW93emZUOFhtTnZVTExOTGRGWU00M0d4ZEtUdzRhRlB0YXB1NG5QRWphTG9zYVBMSFBoYWxUd3BTS0V1RUUzVE9fNmt3LTVQc2k5dURQNVA4WDdCQXJIeHppeW9uY3haeGc?oc=5,"Mon, 11 Dec 2023 08:00:00 GMT",2026-10-09T11:07:03+09:00
GoogleNews:健康　課題　政府,健康　課題　政府,ベトナム×ヘルスケア 第1回：DXを見据えた健康ビジネスの展望と課題 - MRI 三菱総合研究所,https://news.google.com/rss/articles/CBMiZEFVX3lxTE9Icm9lcjRNaUNHWXhTa0trenRMRmhmTHRsLTlPNEJjM1F1YzVWa3I1cG56SkhIQmZNQVYxdTFiRGNub0JGVmJqT0U1TUNnNGhWRjZkZkZyeUtSOE9ncFNpcU1ncDc?oc=5,"Mon, 13 Jun 2022 07:00:00 GMT",2026-10-09T11:07:03+09:00
GoogleNews:健康　課題　政府,健康　課題　政府,【政策提言】共同声明「地球と人の健康を同時に守る～気候危機を健康・経済・成長の『機会』に変える日本型プラネタリーヘルス戦略～」（2026年6月24日） - 日本医療政策機構,https://news.google.com/rss/articles/CBMiVkFVX3lxTE1yWG43RDA2UzY3LUI3RVZOc0F5cGJ3X1RCVVpfQlMzVkp2ZEZmYmJWRDdPbUNUWEhSUFpJSXkxdGNWenpVT09MdTB6MkpzdVZOY1ZtWnpB?oc=5,"Wed, 24 Jun 2026 07:00:00 GMT",2026-10-09T11:07:03+09:00
GoogleNews:健康　課題　政府,健康　課題　政府,SDGs目標3「すべての人に健康と福祉を」の取り組み事例｜世界・日本・企業別 - 国際協力NGOワールド・ビジョン・ジャパン,https://news.google.com/rss/articles/CBMiZ0FVX3lxTE9XZUd0azZMWDRpek4tTWNpUUtlandIWWswOHVBX2JoUUQxM0h5M1dmVUVoLVFSdHhzRXdlU1dYNnhrZERqeG84TlE2RU85YTVzVzE5bDEzWkNGSDJtZmxnZl9WWDNiUEk?oc=5,"Tue, 25 Mar 2025 07:00:00 GMT",2026-10-09T11:07:03+09:00
GoogleNews:健康　課題　政府,健康　課題　政府,政府・自治体・地方のフェムテック最前線 - NewsPicks,https://news.google.com/rss/articles/CBMiU0FVX3lxTE96YkowLUJnTDNwTnZUQ09VeUFUOE95dXdfSURrQ2tmdW1lR09kWC1VWVoxMnNGUVR3a2dVbzh0QVNEaks1N1NfazM2YVZEcDBHc1BB?oc=5,"Sat, 02 Nov 2024 07:00:00 GMT",2026-10-09T11:07:03+09:00
GoogleNews:健康　課題　政府,健康　課題　政府,タイ・バンコクで健康増進施策に関する日泰の官民共催セミナーを開催 - MRI 三菱総合研究所,https://news.google.com/rss/articles/CBMiWkFVX3lxTE9BNWNEak04TXdpRm9CdVItd1ZnRHhSZDBtazdvOW84NV9SdWtfa0UxQnJTb0czdlFyaXM0bW16UDFFdy03TUJuZGhXMG90WVpkNlhIU0Z6Vktqdw?oc=5,"Fri, 27 Jun 2025 07:00:00 GMT",2026-10-09T11:07:03+09:00
GoogleNews:健康　課題　政府,健康　課題　政府,地球の健康は、みんなの問題。グローバルヘルスをZ世代と話します｜with Planet - 朝日新聞,https://news.google.com/rss/articles/CBMiXkFVX3lxTFBsZzlpam1Qb0tabFNNeG1mc2M3WklkaGdLa2ZjY28yMEVlR0xraDQyTDlXbWhGcVNoVjg2anNUeWdLY3lhMVNDSXZYM0tTRnZielc3TFNtN043RkZfMFE?oc=5,"Fri, 21 Apr 2023 07:00:00 GMT",2026-10-09T11:07:03+09:00
GoogleNews:健康　課題　政府,健康　課題　政府,アフリカの健康危機、どう伝える？ TICADを前に討論｜with Planet - 朝日新聞,https://news.google.com/rss/articles/CBMiXkFVX3lxTE5hQnhFY3VhbEVCUTlLSHZ2MExjWGVWelVPTVkzb3pCc1dvaW10amJyWXBSNEVxR3RjVzg2ZllDVGw3ZG1CejJsMnRtbmNEY25VZ3diSUh3NVpNeUJXVVE?oc=5,"Tue, 25 Mar 2025 07:00:00 GMT",2026-10-09T11:07:03+09:00
GoogleNews:健康　課題　政府,健康　課題　政府,女性の健康支援で“司令塔” - 公明党,https://news.google.com/rss/articles/CBMiVEFVX3lxTE9LNnlVSlZmSlFGSXFxRWl3UDhxemJwMUlzeV9aSnJTV3REdjFzSXgzQl9hU3gzRndDVzJJaDZSUkFtUllCaWJUbXF2a1J6eEpCRVVpNg?oc=5,"Tue, 03 Oct 2023 07:00:00 GMT",2026-10-09T11:07:03+09:00
GoogleNews:健康　課題　政府,健康　課題　政府,インドの健康課題を解決するヘルスワーカー養成｜Beyond Health｜ビヨンドヘルス - 日経BP,https://news.google.com/rss/articles/CBMieEFVX3lxTFBlc29CT0s2VVhkLTRxVnM4c0o0Qy1XQlA3dk1Jek4taDFyU1lpbW1XMXJKUzZqTV9JU0YwRDlOTWNNUTRmWXVhY1M1c0lDTGkwVllFcW1xbFVlNll5Z0hEU2IySTZWV3p4SGgyVEcxQ3NVdFFnUURZYw?oc=5,"Fri, 17 Apr 2020 07:00:00 GMT",2026-10-09T11:07:03+09:00
GoogleNews:健康　課題　政府,健康　課題　政府,世界の健康のために日本は何ができる？ Z世代が政治家に提言｜with Planet - 朝日新聞,https://news.google.com/rss/articles/CBMiXkFVX3lxTE1WMVJLcXg4aF94cnY1MnVKNWg3S3RYMHlybFFaVkc5NXUzYktXdFNQY05EQnp4UFp4QWJiVjhwTUd5cmxLQk56bDY2T1NwVU5lZEp2aU1KRVNOeTFneXc?oc=5,"Thu, 06 Jun 2024 07:00:00 GMT",2026-10-09T11:07:03+09:00
GoogleNews:健康　課題　政府,健康　課題　政府,この記事の主なポイント - 日経メディカル,https://news.google.com/rss/articles/CBMiZ0FVX3lxTFBoYUVURlNLbGxhOGw0YW1RQUxvWi1TaFB0Zm5qZmtiY2hqNVUxU3VYWW1nRkVrZ2h1OEV4bXJKdmVBaFdxZldwZzdNeHpHcjg1bmZUUnZTVXhHcnU5NFcwRHlLZWNKa2M?oc=5,"Mon, 19 Aug 2024 03:17:57 GMT",2026-10-09T11:07:03+09:00
GoogleNews:健康　課題　政府,健康　課題　政府,【開催報告】プラネタリーヘルス専門家会合「健康な地球・健康な人々：アジア太平洋地域における気候変動と健康をきっかけとした新たな協力体制の構築に向けて」（2023年11月2日） - 日本医療政策機構,https://news.google.com/rss/articles/CBMiV0FVX3lxTE5WaF9yaU0zQVhfY0NpMTJOaTJrQTlZMmRHU01iR1VxWWlRd0N5V193TlpVSzNjMmZpNmFBOXRRNTdPM3BZcFM1ZVd3QWFndkZqRnZwYm9nTQ?oc=5,"Fri, 10 Nov 2023 08:00:00 GMT",2026-10-09T11:07:03+09:00
GoogleNews:健康　課題　政府,健康　課題　政府,フェムテックが切り拓く女性の健康課題解決とビジネスの可能性 デジタルヘルスケアの新潮流【後編】 - PwC,https://news.google.com/rss/articles/CBMigAFBVV95cUxNZTAwd3RBdjRHZ1YzamxHMHZjUFRzZDNiNXo4X2IyVkpMc1A0eDhrakpFUUNXcVJfRWhPUXdPWEF6NXozX1k2YmEyMjczaTh5MjNaelJid0xVSjdnQk5yR0Ytakh4UHpUUjhDVDdwWW9lSW1UbUE1eGc4X0tnY2VLVw?oc=5,"Wed, 09 Oct 2024 07:00:00 GMT",2026-10-09T11:07:03+09:00
GoogleNews:健康　課題　政府,健康　課題　政府,【お知らせ】グリーン保健医療システムの構築に向けた大きな一歩：世界保健機関（WHO）執行理事会における日本政府代表団による「気候変動と健康に関する変革的行動のためのアライアンス（ATACH）」への正式な関心表明を支持（2024年2月16日） - 日本医療政策機構,https://news.google.com/rss/articles/CBMiUkFVX3lxTFAtQ1hTcC1RT3pqVEpHYUdlVmgta1lvZ1Q5ZUlUcmYzYzJQN3ZqM3dwOERZeV9EQmo3Wk55NzdnMTlYQVNnUU1Hd05odDdWRFFyZnc?oc=5,"Fri, 16 Feb 2024 08:00:00 GMT",2026-10-09T11:07:03+09:00
GoogleNews:健康　課題　政府,健康　課題　政府,ヘルスハブの衝撃 ～シンガポールで展開される究極の健康情報ポータルとは～ | 柏村 祐 - 第一ライフ資産運用経済研究所,https://news.google.com/rss/articles/CBMiV0FVX3lxTFBJNTdFNUZueUJENURjMGxqeWZuWjZlcTdTQmVXRTlBTmp2TzJEbnU4dVZDVGZpOHNaVnhPM1RXZ1RGb2FpZ0owY0pYR01YNXBuRV9CQm5mMA?oc=5,"Wed, 09 Aug 2023 07:00:00 GMT",2026-10-09T11:07:03+09:00
GoogleNews:健康　課題　政府,健康　課題　政府,第221回国会における高市早苗内閣総理大臣施政方針演説 | 政策 | ニュース - 自由民主党,https://news.google.com/rss/articles/CBMiV0FVX3lxTE9Yc1ZFTm94Zld0bER5ODVTVXV6T21ad281S0R3dGJZS1dLYXZRMVBwaTRiZU9WcjVKT3FBRzlDZnpzVndoUFpIdXdWSnJralhzY2RvbEFTNA?oc=5,"Fri, 20 Feb 2026 08:00:00 GMT",2026-10-09T11:07:03+09:00
GoogleNews:健康　課題　政府,健康　課題　政府,健康経営に悩んだら導入を目的化せずに労働生産性第一で考える - 日経ビジネス電子版,https://news.google.com/rss/articles/CBMiZ0FVX3lxTE1DQmE5aG8tbjg3YXZKWUp5NGtmOUZRaXBnUDVmR01BOUdDWnV6WU50QWJaejk1Qnd4TzNRU3hOc3JiTERJak9VSFY1QlhJbVlQVHhxeGFoU2FjLTROOGNOQlZULUtraWs?oc=5,"Thu, 28 Nov 2024 08:00:00 GMT",2026-10-09T11:07:03+09:00
GoogleNews:健康　課題　政府,健康　課題　政府,「女性特有／男性特有の健康課題を解決」がテーマの「第２回 ジェンダード・イノベーションEXPO2024（東京ビッグサイト）」、出展検討説明会を開催します！ - PR TIMES,https://news.google.com/rss/articles/CBMiakFVX3lxTE5sNUxvM2JOOGk1VktFdjkzNEx0djZ0X3V0MkNzS3hKSXE0S3ZrNGZCdmJRU1ZfWUl1TFpHamM1RVRLTTRHZ211eWhJQ3NvajhoX2pTT05QLXIyaHFlSlprV0FrYm5FS2NNcEE?oc=5,"Wed, 18 Oct 2023 07:00:00 GMT",2026-10-09T11:07:03+09:00
GoogleNews:健康　課題　政府,健康　課題　政府,「旧姓の通称使用」にも言及 女性版骨太の方針、政府が正式決定 [高市早苗首相 自民党総裁] - 朝日新聞,https://news.google.com/rss/articles/CBMiZ0FVX3lxTE5ONXl6NEh6REl4UGxVUEtXYWhycGhtRlF3dUtrUFJfRm1ENEFpLUx5Sk44Nk1BZXpYaG1ET3RnTTZDdTY4NnE5VlV2aTAwUEdDb3F2Y2Y5dlMtSGRja3drQ2ZMU3VxWnM?oc=5,"Thu, 25 Jun 2026 07:00:00 GMT",2026-10-09T11:07:03+09:00
GoogleNews:健康　課題　政府,健康　課題　政府,グローバルヘルスにおける日本の国際協力 | January 2023 | Highlighting Japan - 政府広報オンライン,https://news.google.com/rss/articles/CBMiiAFBVV95cUxNZlEtR19sYk5Xbm5wcmxGVnJ6aW1LN29hMlR4MjFvaHBOWV9RSGFMaWtyckRCbG5iNDc0d1ZXSEFtU29obGtjVmIxVXlwZlBKWDVxaWlTYUhTRXFyUVlFTUNjUmdsZnFFM1dOT09EX2hORi1nZVdYS3ZteEdVdWNlajVzRW8tbDJq?oc=5,"Tue, 24 Jan 2023 15:09:28 GMT",2026-10-09T11:07:03+09:00
GoogleNews:健康　課題　政府,健康　課題　政府,【政策提言】環境と医療の融合で実現する持続可能な健康長寿社会～プラネタリーヘルスの視点を取り入れた第3期健康・医療戦略への提言～（2024年12月20日） - 日本医療政策機構,https://news.google.com/rss/articles/CBMiVEFVX3lxTE9FdHRTZXBnZGJMT1lTMUhyTzdCRzFjVkQ4WmRxa3NvMG5oeHdTRWZBRzdfX3hfZWVlY3FicW1OLS05MXItaGZzelQyZ3lhNnVCNUlFcQ?oc=5,"Fri, 20 Dec 2024 08:00:00 GMT",2026-10-09T11:07:03+09:00
GoogleNews:健康　課題　政府,健康　課題　政府,2024年のグローバルヘルスを考える。気候変動と人間の健康のいま｜with Planet - 朝日新聞,https://news.google.com/rss/articles/CBMiXkFVX3lxTFBRZlBKM1pJSDFYY3p4Ul85b21zMlZWVHR1dGRWQ1I5TW9Vcnl1YVNkODg1a1BOVUNpOXZNdzFTSEh4OGh6OWZ3T1FKbzU5bmowZmUzYzhkTHdnTUNPa1E?oc=5,"Mon, 22 Jan 2024 08:00:00 GMT",2026-10-09T11:07:03+09:00
GoogleNews:健康　課題　政府,健康　課題　政府,不妊治療と仕事との両立のために - 厚生労働省,https://news.google.com/rss/articles/CBMiWEFVX3lxTE1jX2VFTEJJbHV0ZUdNMmlSVE52UlhVQTVSX0dQTGYtRGE1VGhibXVlcXRLY1RncVJOUG00d1FfbndxeW1xVjRJUVJyR2JuX2sydThiczZUODI?oc=5,"Fri, 23 Oct 2020 12:01:29 GMT",2026-10-09T11:07:03+09:00
GoogleNews:健康　課題　政府,健康　課題　政府,高齢者の7割「物価上昇に不安」 働きたくても健康問題に壁【高齢社会白書】 - PT-OT-ST.NET,https://news.google.com/rss/articles/CBMiY0FVX3lxTE43MGxtTF8xTlRaZ1VPWEpKSWphanJQczV4NFNZblVYNjBTY09PLUstaFBSdlpES0U4SWpYV2hEM19pT09DVWpXazVjTWRuS19PbmpkUGhfbVZtYnFlalJSTG9law?oc=5,"Wed, 25 Jun 2025 07:00:00 GMT",2026-10-09T11:07:03+09:00
GoogleNews:健康　課題　政府,健康　課題　政府,従来型保険証が期限切れ ２日からマイナに本格移行―普及へ不安払拭課題 - 時事ドットコム,https://news.google.com/rss/articles/CBMiY0FVX3lxTE0yZXNka2UwM3EtRHVkVjlTTnhMX25MWXpYWko5dVpoNWpYSWNtd2VzMXVpbkpZQ2RTbHNHQlZ5eFFYN0NkLWdZb1gtb2FjV292M3JZMjR4ekNQS1B0cnhLTGtKMA?oc=5,"Mon, 01 Dec 2025 08:00:00 GMT",2026-10-09T11:07:03+09:00
GoogleNews:健康　課題　政府,健康　課題　政府,日本の健康課題に対応した栄養評価システムを（株）明治が開発 既存システムとの比較で妥当性を確認 - スポーツ栄養Web,https://news.google.com/rss/articles/CBMiS0FVX3lxTE56VnljY0Y3dEszZjY4cnp1Si0xSWdiV1VNaHBnTm1peFZNQ3BFQVRoUFNXWXMwWEFsaU5Ma01xaUtIaXZ4cnV3TmdLTQ?oc=5,"Thu, 30 May 2024 07:00:00 GMT",2026-10-09T11:07:03+09:00
GoogleNews:健康　課題　政府,健康　課題　政府,男性の更年期障害に注意 骨太方針で取り組み明記 意欲失い就労に影響 - 47NEWS,https://news.google.com/rss/articles/CBMiS0FVX3lxTE5uOWNZXy13TW5XZ3hBc3BiSzZ4NnNzVE4tM1NmWWpYZnk4b3ctTUhQem04aEdoSGFQeEwzR1hjYXBEYWZ6ZFFKYlVyaw?oc=5,"Sun, 05 Oct 2025 07:00:00 GMT",2026-10-09T11:07:03+09:00
GoogleNews:所得　食,所得　食,米低所得層に広がる「食の困難」、消費者心理悪化の要因か＝ＮＹ連銀調査 - Reuters,https://news.google.com/rss/articles/CBMif0FVX3lxTE1mcXBnS0RGMTU0WTA3YnNjSS1VWTB4YmE5LVZ5Y1QxUWRvV0p1VW5Pd2ZzUkhiWjF1TUZiYmxmVHhjdy12bmpPc3lXZ0wwc2NnVkVZNnEyTUlkSExqTTRlYjgyNC1IbXg4dXJ5ODRGbmVZaXZZR050QkdWbThwV3c?oc=5,"Wed, 27 May 2026 07:00:00 GMT",2026-10-09T11:07:05+09:00
GoogleNews:所得　食,所得　食,JICA草の根技術協力事業「参加型フードバリューチェーンの構築を通じた所得向上」インドネシア・バリ島現地活動報告 - 早稲田大学,https://news.google.com/rss/articles/CBMiYkFVX3lxTFBkeXBqZ25kaG0tdExlcU5CcWJJeFg4cWtTMFV6UmdmWG5qbE9xOWtGenNXMHNXVlpHb0ROR3YzWVY1LWxmV01mVUx6c28wdVdsVld1d1JaRGZvSnJkSjQtTW9B?oc=5,"Fri, 17 Apr 2026 07:00:00 GMT",2026-10-09T11:07:05+09:00
GoogleNews:所得　食,所得　食,"高所得者層ほど肉とスパゲッティを好む､では低所得者層は…データでわかった""収入差""による食生活の格差【2025年12月BEST】 - PRESIDENT Online（プレジデントオンライン）",https://news.google.com/rss/articles/CBMiWEFVX3lxTE5xWmlrdXZ3QUlBMkM2b09LbnNIVnppN2VvTnJNVW5KRnN6UFN5bXo2N1F3VTVVc1FROFhIZVJwaHdXUkpjclhXT0dDWkowVktkdzdESUlJOEQ?oc=5,"Sat, 10 Jan 2026 08:00:00 GMT",2026-10-09T11:07:05+09:00
GoogleNews:所得　食,所得　食,低所得者のペットフード支援、NYで初めてマムダニ市長が実現。動物保護団体は「前進」と歓迎 - ハフポスト,https://news.google.com/rss/articles/CBMilAFBVV95cUxOLXNYMjljY014MENiT2dlcEpKQm9DTmozRm5SM1pmWUQ4VDlWRzNhUzNGUXM1TldqYjJPSUIxcE9IMmE3MVV2UUxUX2FkRmdPYWljSzM0VThyZ2lWTVFLZmIzbVNtNENnUFpRc2V0bWY5dXl1OWVDYjZRUS00bV9fOTgxRjhFZHQwT0EzZ2FnZVZBWnBn?oc=5,"Tue, 07 Jul 2026 07:00:00 GMT",2026-10-09T11:07:05+09:00
GoogleNews:所得　食,所得　食,"高所得者層ほど肉とスパゲッティを好む､では低所得者層は…データでわかった""収入差""による食生活の格差【2025年12月BEST】 (PRESIDENT Online) - NewsPicks",https://news.google.com/rss/articles/CBMiWEFVX3lxTE9neE1jNWpUU19xdnpRaS1GM3Fpdi1nVXZFUUx0azVpd0g3OWRWZnV0M2kzajdQYWdaOERZNlhVZjc3cXZKMzBLQWxQeHFzLXBHcWRwTDNtQXU?oc=5,"Fri, 09 Jan 2026 08:00:00 GMT",2026-10-09T11:07:05+09:00
GoogleNews:所得　食,所得　食,247. 低・中所得国における急激に変化する食の選択 - 国際農林水産業研究センター | JIRCAS,https://news.google.com/rss/articles/CBMia0FVX3lxTE5JY05Gc0RrSFlrNjdLOFQ5bFQ3STI2QjZaTUk4ZDBuWml3YkZQSExfeGlFenpCZTB3M3JkWWNFVk13UHdnekkxYXhnanZtOTdUTTZLRW5DMi10WWFnWTBtd3Uxc05WQWoyZk84?oc=5,"Fri, 05 Mar 2021 08:00:00 GMT",2026-10-09T11:07:05+09:00
GoogleNews:所得　食,所得　食,低所得層のマクドナルド離れが深刻に 広がるファストフード格差の真相 | 安さによる集客が困難に - クーリエ・ジャポン,https://news.google.com/rss/articles/CBMiU0FVX3lxTE5mazhCYy1xMElpVGZUZ0VUUG5WM3htblVoNWg2U01Qb1ZFWHA4eVFRcm1YWDVvamxpTnl1ckhPZElxMU9vdE1HWXRMWTFycHV3YVhZ?oc=5,"Tue, 09 Dec 2025 08:00:00 GMT",2026-10-09T11:07:05+09:00
GoogleNews:所得　食,所得　食,"高所得者層ほど肉とスパゲッティを好む､では低所得者層は…データでわかった""収入差""による食生活の格差 - PRESIDENT Online（プレジデントオンライン）",https://news.google.com/rss/articles/CBMiWEFVX3lxTE5GSEYxWmRqaVVsODFOMXJDY1QxV3hkSEMxMXB5X0xPZXhwd0FVWm1YdGItdTRURzNZWk5SLVpGaU5mMEZGZ3kzWmZsYVpBckdvVXptOS1TTEw?oc=5,"Thu, 04 Dec 2025 08:00:00 GMT",2026-10-09T11:07:05+09:00
GoogleNews:所得　食,所得　食,農業者向けの「直接支払制度」とは？ 食料自給率と安全保障 第9回 | コラム | MRI 三菱総合研究所 - MRI 三菱総合研究所,https://news.google.com/rss/articles/CBMiYkFVX3lxTE9GcFlGNzZCWjFlLXRocU15N1lxNE5ibGJNMWRZSWZFaFdkeUFUbEZ4bGMyeXBqY284MjFNQmRzVkZPZGc2MlRSdDNpQWhVb0Ffa1hwOXVJYXdvbFk3NFNXTFNB?oc=5,"Thu, 28 Nov 2024 08:00:00 GMT",2026-10-09T11:07:05+09:00
GoogleNews:所得　食,所得　食,【アフガニスタン】卵から広がる、食と収入の支え - Peace Winds Japan,https://news.google.com/rss/articles/CBMiaEFVX3lxTE43VVczU2R5eEV0UFpHTVNCYm4teXdrV011b1MxUFRYTTNwOEw1SUk3SE8wNi1HaTVfQks0MHFLQ1JRRmh0SjI0OWR5QTNaZHVfbHBVaTNSVE1XRi1YZW8wQkplMkNUcVhv?oc=5,"Wed, 30 Sep 2026 01:00:00 GMT",2026-10-09T11:07:05+09:00
GoogleNews:所得　食,所得　食,世帯所得で違いがはっきり 不健康な食習慣と飲酒習慣 - ダイヤモンド・オンライン,https://news.google.com/rss/articles/CBMiS0FVX3lxTE05eDhxWi1QM0xSY3F1dG9LSEtQVTVtbXhoeHF1aTdNd1pyY25XM1U5NzRxNFdMR0F2YjJvcjNZa3ZIWTlTQ1NLNjZsTdIBTkFVX3lxTE5mc1o3UUp5aFduSW1ReENRWmE0ZmRjMVJTS3JMUUpXV1JRT1NvVnRQNzRXWE56bUplWmM4MnUzNFBKb0hoMGZxZmc1clZDQQ?oc=5,"Fri, 29 Jan 2016 08:00:00 GMT",2026-10-09T11:07:05+09:00
GoogleNews:所得　食,所得　食,子どもの3人に1人「1日2食以下」 低所得のひとり親家庭 給食のない夏休み【Nスタ解説】 - TBS NEWS DIG,https://news.google.com/rss/articles/CBMidEFVX3lxTE43U1lVNW9YbEc2c2YybEhBTEdlMUFnREN5WTZib3p5NnJOZ2hQM3BuYzlKZjZQNlhuM1F5NHJRQmdqbHJFaldOeTF1enNubVhMZkgwejc4ZnhNbUdqU0hIbVYyNkUtTWFlOHE0VWZ0UDEzNFkx?oc=5,"Wed, 25 Jun 2025 07:00:00 GMT",2026-10-09T11:07:05+09:00
GoogleNews:所得　食,所得　食,所得が低い人ほど食事の栄養バランスが悪いことが判明 :ニュース - ディアケア,https://news.google.com/rss/articles/CBMiXkFVX3lxTE9MMWtqUlk0dEFvMVQyTkVxOFZ5NXg4QUg4YlExZ1ZTeTJuSU1idkp4QnFQQ0N5dFBwTFk4eDZOT1gxWFZNTXVvWHdiMXJqSTlRVVluYi1UbjFMZWgyQnc?oc=5,"Mon, 25 Jan 2016 08:00:00 GMT",2026-10-09T11:07:05+09:00
GoogleNews:所得　食,所得　食,低所得者ほど米・パン摂取 厚労省調査、野菜・肉類は少なく - 日本経済新聞,https://news.google.com/rss/articles/CBMibEFVX3lxTE5HTjhKTXNaMFFOVjB4TERoOFlpZ0pLYjQ4VWhzTG9GQWhBeWhuWDVLZXFFUWI4OXhJUlg5RGhFS2w0eEpYZFhGVExOQ0d3eE1qZXRfcnVqZnVnQzgwYXFib01peFUzdFpoQ3ROQw?oc=5,"Thu, 10 Dec 2015 08:00:00 GMT",2026-10-09T11:07:05+09:00
GoogleNews:所得　食,所得　食,低所得が「食」「育児」直撃―子どもの貧困の実相（上） - nippon.com,https://news.google.com/rss/articles/CBMiVEFVX3lxTFBFSzY5cGpHTi1SMGlwNlpEbWJmZlJIWExPbjZlcFpTSEczUmFkVWZRMDUzVkdPME1TUERELThFVXNMOUVqWjljZ3NERldFWDVRVVJ6Ug?oc=5,"Wed, 16 Oct 2019 07:00:00 GMT",2026-10-09T11:07:05+09:00
GoogleNews:所得　食,所得　食,“食の砂漠”をなくす。LA発、低所得者に新鮮な野菜を届けるアプリ「tangelo」 - IDEAS FOR GOOD,https://news.google.com/rss/articles/CBMiVkFVX3lxTE9IeVRfTk05bFFmVy1VNXVzTWpZbjNMZjBSMDR5X2k5aGY2Z1NfX29RcXFWbFg4TGYtOEhHbGRNaGdNUnUwUmp5a0ozM2NkV1FJRmVyNHNB?oc=5,"Fri, 02 Oct 2020 07:00:00 GMT",2026-10-09T11:07:05+09:00
GoogleNews:所得　食,所得　食,給食のない夏休み、貧困家庭を圧迫 子どもの空腹救う「食」のバトン、想定超える需要 - 朝日新聞,https://news.google.com/rss/articles/CBMiVkFVX3lxTE82aFltd1ZhVlBBYnptTmZla2NPQWZDbUJsR0Y1OExlU0VUbXo0bGVUczJRSXdGcmhFMHMtX1Q1dWgxRmJjdVE1eDFkM2pYeWpOT0RWcGZB?oc=5,"Tue, 19 Aug 2025 07:00:00 GMT",2026-10-09T11:07:05+09:00
GoogleNews:所得　食,所得　食,“やせ薬”が流行する米国で低所得層へ拡大した機能性食品市場 ファイゲンバーム裕香 - 週刊エコノミスト Online,https://news.google.com/rss/articles/CBMif0FVX3lxTE9Id29fSy1qUVJvUEJOU2VYMG5Bc2VaSDFvdXpWejdFSk9wYllUMzVlZEpWR1VwUzRlbXI1QW9JOE0zQnBVR2RDbXpRQTVwS2JhdUlVbkhzZHZrTnZYcmNlaTZHODRsbXNDUTZJakkwU3RFNEpkaGFGM2FKNENIXzA?oc=5,"Mon, 20 Apr 2026 07:00:00 GMT",2026-10-09T11:07:05+09:00
GoogleNews:所得　食,所得　食,コメ農家が赤字でもコメを作り続ける理由食料安全保障と農業のキホンの「キ」（4） | 食料安全保障と農業のキホンの「キ」 - MRI 三菱総合研究所,https://news.google.com/rss/articles/CBMiYkFVX3lxTE16Q1k4SG9USnItdkJaanNHcEQxM2k3WVpuNWhVSGhVLTh2UE81TUluUkxVLThoT1ZvT01WQ1E4aUgxVTQxOU5GalBEcDNkYWV0MkJlZmh6T0VxWHNYT29GQjZR?oc=5,"Wed, 12 Jul 2023 07:00:00 GMT",2026-10-09T11:07:05+09:00
GoogleNews:所得　食,所得　食,JICA草の根技術協力事業「参加型フードバリューチェーンの構築を通じた所得向上」インドネシア・バリ島現地活動報告（vol.2） - 早稲田大学,https://news.google.com/rss/articles/CBMiYkFVX3lxTE1kcDdGUW9BelhTMkg5SFg5RlB4ejN5SGlseTdXemJySnpiNU9kUVZxV3Y5ZklXMWNwWENhdlJlNXNxSUdSTUt0OUxrRlZyOE1sODVJUmVWOVRTSkxBX2s2M3JB?oc=5,"Wed, 01 Jul 2026 07:00:00 GMT",2026-10-09T11:07:05+09:00
GoogleNews:所得　食,所得　食,食事療養標準負担額を引上げ、住民税非課税世帯は20円・低所得Ⅰは10円（2024年1月19日） - 社会保険研究所,https://news.google.com/rss/articles/CBMiU0FVX3lxTE1WNkstcW5TVjBoSFpZTFVUYzR6M3dlQUNqd3UwdzJmYmwxY1FUTlBvLUZqT0xzUlhLM0tBWXRDWFFfNjdpMWhZVzdzcFJjcVBab1R3?oc=5,"Mon, 22 Jan 2024 08:00:00 GMT",2026-10-09T11:07:05+09:00
GoogleNews:所得　食,所得　食,物価高騰×給食なし――二重苦の夏休み 低所得のひとり親家庭で、子どもの食事”減”の危機 『夏休み 子どもの食を守る支援プロジェクト』始動 | 特定非営利活動法人グッドネーバーズ・ジャパンのプレスリリース - PR TIMES,https://news.google.com/rss/articles/CBMiakFVX3lxTE5jSWR2VDBrSWNXMjVQRG51UzR2Y3pEN292a1EyMHZMeTUtMmdPOFhmQUpqT1N4NlMwQnlzdzNsNWNfSEhvM0wxTHNOZUtEVUhrVjhSalREbTEzeUdKQVkwRUJ4UEFqanF6MFE?oc=5,"Wed, 16 Jul 2025 07:00:00 GMT",2026-10-09T11:07:05+09:00
GoogleNews:所得　食,所得　食,夏休み 子どもに昼食提供/愛知 みよし市 全国初 １食３５０円で | しんぶん赤旗 - 日本共産党,https://news.google.com/rss/articles/CBMidEFVX3lxTE9nQ3d1d1U3NVh3ZHVCV3NVUGFkSGlYTXAxbTZGSzJLY19LOW91Unh2M2IyNzBPTXhvb2d6VWpiUHRZT2ZfSFBxdHlZSXFOQnZBcXl2ZmtfUlFOMXlES0F2cEptM1VONXB2OW9DQkdmR1M1SFJx?oc=5,"Fri, 29 May 2026 07:00:00 GMT",2026-10-09T11:07:05+09:00
GoogleNews:所得　食,所得　食,給食のない夏休み 「1日2食以下」の子どもは低所得ひとり親家庭の3人に1人 コメの価格高騰で「お腹が満たせなく」 - TBS NEWS DIG,https://news.google.com/rss/articles/CBMiV0FVX3lxTE9RRG55ZkdMWmYtZmtDVDk2dTBJSWQ2WF80bHl2R1JEWHNZRTV1d2IwQTQ5WDVIT0xYQnd3V29mdzZWNW54Zm80RzRlYlFHdmtfbHpMQ3BVQQ?oc=5,"Wed, 25 Jun 2025 07:00:00 GMT",2026-10-09T11:07:05+09:00
GoogleNews:所得　食,所得　食,長期休みに子どもの「孤食」深刻化――欠食につながるリスクも 分析で浮かび上がった、“孤食を生み出す社会の構造”とは【ひとり親家庭調査】 | 特定非営利活動法人グッドネーバーズ・ジャパンのプレスリリース - PR TIMES,https://news.google.com/rss/articles/CBMiakFVX3lxTE5pRTVmTU5WY2g0SlZxMGR4dlFsZl82MVZRWlZlVkRmQVB4WTY3QXQyQURvTHo5bV92SmF2blZYSVVwOXBibi1VMkRweHJBcGJES3Y3ZVB0RUlzQVhodDlGOEptZ3F6NEFSUHc?oc=5,"Thu, 02 Jul 2026 07:00:00 GMT",2026-10-09T11:07:05+09:00
GoogleNews:所得　食,所得　食,平成30年 国民健康・栄養調査（2）身体状況、および所得と生活習慣の関連 - sndj-web.jp,https://news.google.com/rss/articles/CBMiS0FVX3lxTE1Hcl9GZnRfUnhVUWk2MVRjZEo1bUpoSlBLZWNwTGFtNTkxcHlTa2g2OENGZVN1WjZLMmNhZUF3bnNfUkozUnYxUHpGSQ?oc=5,"Tue, 21 Jan 2020 08:00:00 GMT",2026-10-09T11:07:05+09:00
GoogleNews:所得　食,所得　食,高所得国での非喫煙者の肺がん、よく料理する人ほどリスク高い？｜CareNet.com - CareNet.com,https://news.google.com/rss/articles/CBMiX0FVX3lxTE8xTGg4QXNUUi1JTlQwSXgxZkhldWM3MEM0enpSUlZjZ2VxcXNCYmkzZEY5TDV6VG1ZbW16SzFXSWpvcGFsd2wxR2phUFh6SFBtSFQ3QW5vM21XYTgwQlln?oc=5,"Wed, 02 Jul 2025 07:00:00 GMT",2026-10-09T11:07:05+09:00
GoogleNews:所得　食,所得　食,1日1食の子どもも・・・ 学校給食のない長期休みに、困窮家庭で一層深刻化する食生活の実態とは？ 【フードバンクを利用するひとり親家庭への調査】 - PR TIMES,https://news.google.com/rss/articles/CBMiakFVX3lxTE1GNm8yRl9teVBkbVdEWDNiX3pmUUVzZWI2WC1yNUhZOWtRNUNyU2pmQmwxdTNZUlEzbmhFV0swQkxKbnhMLU04d0NpRHBxYWZBMFAtVllCanlHWGZkLWJidHlZREVBMVY2Y2c?oc=5,"Tue, 25 Jun 2024 07:00:00 GMT",2026-10-09T11:07:05+09:00
GoogleNews:所得　食,所得　食,価格保障と所得補償を/高知 食と農を考えるつどい/紙参院議員と白川予定候補迎え - 日本共産党,https://news.google.com/rss/articles/CBMidkFVX3lxTE5iTjdhUmNkR1ItNUJBMXR6M3lCX1Y1VnUzSFh2Z3otZlMzcjFOOHVSS3dROTRpQjFRLWEzUElPeUlxbDA1Yng2cXJqcHRRVThzMkU3QWxLbzEwdndUUG9FcU5ENkV4MzVkdE43algxUFNxQ3NRS0E?oc=5,"Tue, 15 Apr 2025 07:00:00 GMT",2026-10-09T11:07:05+09:00
GoogleNews:所得　食,所得　食,低所得世帯の食事は「主食頼み」、満腹より栄養に注目を - ダイヤモンド・オンライン,https://news.google.com/rss/articles/CBMiTEFVX3lxTE9ndGRlVF9rbEhNR0Nfa2VQZmhyZUJhamF5Qkt0SklYSGh0ZWpOV2FPOWZjVDk3Z3dFM3lWTXJSZ0htZHA5dy1DOFpKeG_SAU9BVV95cUxQOTlxUzBRTTBkR2RtcXRPeTllYmpYNWlpRFJicW9SWUcyT1F4Vm40LU9oLWxGWDB4QzltdTNydGxmX2I5MkVQMHpMTEtMZ1lB?oc=5,"Fri, 26 May 2017 07:00:00 GMT",2026-10-09T11:07:05+09:00
GoogleNews:所得　食,所得　食,入院時の食事に係る患者負担を2025年度から「20円」アップ、ただし低所得者では「10円増」「据え置き」の配慮―厚労省 - GemMed,https://news.google.com/rss/articles/CBMiSEFVX3lxTE9jR2NNSDNneUpSOWwtLVdBSUdEZU91UnJ6bEl5OWlGeklJdExXZUlEbl85OVJzaHRnMUd5YXlZNkg4Y19sdmN3eQ?oc=5,"Mon, 06 Jan 2025 08:00:00 GMT",2026-10-09T11:07:05+09:00
GoogleNews:所得　食,所得　食,廃棄される食品で低所得者層を支援 マレーシア政府が推進するフードバンク活動 (2ページ目) | 未来コトハジメ - 日経BP,https://news.google.com/rss/articles/CBMickFVX3lxTE9DTXZhck9IX1cxYWJTSzFvUm5hZlF5TDViQjFQdUZfQklmR1pCbXFLSjNGbS1BUFBjeXN4ZWpDbUE2UzlkTVNCNExqckZNLXcwQl9yU2VGeXRoSVBvdVNnaHZ1ZVJSejNzNllhVV93LTJjZw?oc=5,"Tue, 20 Jul 2021 07:00:00 GMT",2026-10-09T11:07:05+09:00
GoogleNews:所得　食,所得　食,【休日に3倍増える「1日2食以下」の子どもたち】続く物価高、「食」が奪われていく家庭の実態を調査：フードバンク利用のひとり親家庭アンケート | 特定非営利活動法人グッドネーバーズ・ジャパンのプレスリリース - PR TIMES,https://news.google.com/rss/articles/CBMiakFVX3lxTFA4bFZCOGNYOVEybzl3NS16T1lKTUJ6emVVY2d3eXhrR1hTeURLRnZwMm9Renh4dmREcllzZlhjNENET1I2RW1SVDN0TktIOFhzVm5JSEg5alY0UXJreFp0TzI3X0NHWko2MUE?oc=5,"Tue, 14 Apr 2026 07:00:00 GMT",2026-10-09T11:07:05+09:00
GoogleNews:所得　食,所得　食,所得に比べ幸福度低い韓国人…１日２食は「ひとり」、隣人も「信頼できない」 : 文化 - ハンギョレ新聞,https://news.google.com/rss/articles/CBMiXEFVX3lxTE90bkszTFFaUGlJTmtEVGlKbkVyV053UkgwUEJqanVLSlF3NU1UM2tpRVZ6Sm05QlhrSkNqMTNqeDFPa3UxZ1FYazNiUkNtUEhIVmd4MmpuaUIwZExS?oc=5,"Tue, 25 Mar 2025 07:00:00 GMT",2026-10-09T11:07:05+09:00
GoogleNews:所得　食,所得　食,「230円の社食も高い」 当事者が語る、“今起きている”貧困の実態 フルタイム就労でも低収入、食を諦める母――困窮する親子の暮らしとは？ 【ひとり親家庭の声】 - PR TIMES,https://news.google.com/rss/articles/CBMiakFVX3lxTE5ka1NTZmVfSmVhQ2FjeU53TVM5WmdOV2JoNWFsaE5fOEg2dWJPNGE2Q1FFNEJ5SXV3S1B0Szdldk5LZ21BNnFGdFo3VkxPeE1kUklpVXFfZjhoTndRSVQzb2R1WG9LdHQ1a1E?oc=5,"Thu, 22 May 2025 07:00:00 GMT",2026-10-09T11:07:05+09:00
GoogleNews:所得　食,所得　食,"米、肉・魚、野菜の購入「経済的に困難」9割 物価上昇で 食事量・栄養足りず「子どもの成長への影響心配」【フードバンクを利用するひとり親家庭2,000名超による回答】 - PR TIMES",https://news.google.com/rss/articles/CBMiakFVX3lxTE4zV1dOZ2dtM1JwNmlrS0hqTUNhUmV1ZEdwQVM1b0RnSjRrbkd0TTV1UWMxTE5kUlFUOE9CdjgwakI4b0dMMTVKMURkVTdpU1JhcWZZT1ZXYjRucUtTd1JaRF9vYWp5a3QwNVE?oc=5,"Tue, 25 Mar 2025 07:00:00 GMT",2026-10-09T11:07:05+09:00
GoogleNews:所得　食,所得　食,明石家さんま、食生活を共演者が告白「高額所得者やのに…」 健康の秘訣も明かす - ENCOUNT,https://news.google.com/rss/articles/CBMiT0FVX3lxTE9MRGs5MU9IWk0xTm4yRFl0QVlDdFRYQVBjNzNxTVVSQV9DTnlEWGJYYlJCT1Z4NDBhQzRWNkZMUE5TWDBmQU5lN252U2d2Nlk?oc=5,"Sun, 26 Oct 2025 07:00:00 GMT",2026-10-09T11:07:05+09:00
GoogleNews:所得　食,所得　食,入院時の食費、1食当たり30円アップへ - 日経メディカル,https://news.google.com/rss/articles/CBMif0FVX3lxTE9Ra0tVdkNLcUZYU0RvQ3NQU01mTWZkRFoxdF9sQU5NcFlkR3RZMEQ2ZjlpdW8zdFpWN25BMHlTR1JxY2hDc2ZuZExBdU83cEt0X1BLTHJhS1BxUlFHRWdMTWphekFUT0doRTI1VDdUVm04TWVlWEV4aW9mM0g1M1U?oc=5,"Mon, 11 Dec 2023 08:00:00 GMT",2026-10-09T11:07:05+09:00
GoogleNews:所得　食,所得　食,アングル：米ファストフード業界、アプリ利用の割引で低所得層つなぎとめ - Reuters,https://news.google.com/rss/articles/CBMif0FVX3lxTE9NTGdtWmJENEhhWGp1V2w1d2cxc3FYWlBmZncwSlRWR1hNZ1FYYWRvbDd0U2FvOVVfRmtVU1lBWVAtU2FSSUVXTWIwWUJkR09fZFZ4N2MzRDJzWVlMcFFGU1dFT0NXX0VBSzJwUjgzeHBDRTFUempNOXRlemNvWFE?oc=5,"Sat, 30 Mar 2024 07:00:00 GMT",2026-10-09T11:07:05+09:00
GoogleNews:所得　食,所得　食,低所得が糖尿病リスクに 1.2〜1.4倍の格差 ストレスや就労困難が原因か？｜ニュース - 糖尿病ネットワーク,https://news.google.com/rss/articles/CBMiWEFVX3lxTE5iOTJPS0dTUlo5RU9mdVJyWmw5T2IzSUF3dU4xOEVnOFJ2Ri1rWC1WLWVjUnNkZmkxbUFWZVZYRHBaYzZQQ2c0TDg1X1FNQ3RmY0FpWkZnVi0?oc=5,"Wed, 13 Feb 2019 08:00:00 GMT",2026-10-09T11:07:05+09:00
GoogleNews:所得　食,所得　食,"所得の割に食にこだわる｢エンゲル係数の高い県民｣が不思議と好む､米でも麺でもない割高な""粉もの料理"" - PRESIDENT Online（プレジデントオンライン）",https://news.google.com/rss/articles/CBMiV0FVX3lxTE5jS1hrNTN2aEQtQUdMcXZQQlBnMnVBOWlkV3RzNlFfZ1BhYUdhR0ZHeE1iR0kwNGNOMHlrQ0s0U0NMVURqV3dOVFYzeUt2a1ZTUWJXZnJXWQ?oc=5,"Tue, 12 Jul 2022 07:00:00 GMT",2026-10-09T11:07:05+09:00
GoogleNews:所得　食,所得　食,令和の百姓一揆 「食と農と命を大事にする国へ」 農家の所得補償求め、トラクター先頭に4500人が都内をデモ行進 - 長周新聞,https://news.google.com/rss/articles/CBMiVEFVX3lxTFBaTVBSSFVSZnlPNk1nTEk4NHVhWS00QVExZDlWS3gwVmxqSXFJTURYUTdhRVBremFFbUQyQ0M3RkFSdmZ1RjR0NnJ0NDVPYUYwTDVfVQ?oc=5,"Wed, 09 Apr 2025 07:00:00 GMT",2026-10-09T11:07:05+09:00
GoogleNews:所得　食,所得　食,出店により“都市に豊かな食生活を届け”、“産地の所得向上”に。都市型八百屋「旬八青果店」が連続出店します！ - PR TIMES,https://news.google.com/rss/articles/CBMiakFVX3lxTE9SNVY4R3p3QmROT0tYOUM5VGpuM0RxU3oxNWhNSUxVYkw2T0pXbDJnTENyVFh5SFpMQ0NIeGwxOWo3b2gzU3F2d2RzbXc3X2hkcjJWbDdFNjhmeHZqMEstSE5KalNhV0cwd1E?oc=5,"Fri, 01 Mar 2024 08:00:00 GMT",2026-10-09T11:07:05+09:00
GoogleNews:所得　食,所得　食,世帯収入、200万円未満が2.5ポイント増 「衣.食」の確保難しく、病院受診も抑制＜2022年度沖縄子ども調査＞ - 琉球新報デジタル,https://news.google.com/rss/articles/CBMiW0FVX3lxTE95ZU1zOGMyZ0IxWUpxRVgwb2FJNWFaaEVwS3pkcmlXaUNyYUt2YjBfdHpDOGhZWUpjcVYxdnNLVHkyU3JTOVF4ZmcxMlZsZUFpVXFQaElzVHdXNjg?oc=5,"Fri, 09 Jun 2023 07:00:00 GMT",2026-10-09T11:07:05+09:00
GoogleNews:所得　食,所得　食,食を通じてひとり親家庭を支える、食品支援ボランティア募集【近畿・九州】 ～低所得のひとり親家庭に向けたフードバンク「グッドごはん」～ | 特定非営利活動法人グッドネーバーズ・ジャパンのプレスリリース - PR TIMES,https://news.google.com/rss/articles/CBMiakFVX3lxTE1fbGU5V2sxbVNGWEFhUzcxNDd4STJ3UmJDblZQOXZXY0xGQkJJNE1idVdHVW1MOW9xRHREbHkwWDl2by1NT3AyV1hPVXVmMW9rSHBVWmJQRWJaSmVFVUJYSGdfLXhLWmxUUVE?oc=5,"Thu, 27 Mar 2025 07:00:00 GMT",2026-10-09T11:07:05+09:00
GoogleNews:所得　食,所得　食,タイ、所得による食生活の格差が顕著～タイの「食」に関する海外調査 （冷凍食品・コンビニ利用実態編）～ - PR TIMES,https://news.google.com/rss/articles/CBMiakFVX3lxTFBWei1ZTFp5M1hMZTB3dXZVOEc1bmpieUNRSnpZczFHNjFxUURlNF9lWTNqNmpuYkVLMEo1WkxEejlERnpGN2N3M0lZNE5pNjBOVFJYUzcxWDNDUUhpNEpjRXdjVFZWY1hFQXc?oc=5,"Tue, 03 Aug 2021 07:00:00 GMT",2026-10-09T11:07:05+09:00
GoogleNews:所得　食,所得　食,栄養改善と収入向上を試みる、ラオスにおける「昆虫食」のあるべき姿 - JBpress,https://news.google.com/rss/articles/CBMiVkFVX3lxTE0yeFFVRlNLdmxZX0RJRW0zSUh5a1pzdjhhRjlYZVoxS040blotTGt0TXBOUmtFMk15YTlFcjRJYzZwbk9HMDVzQ0R6Yk5YbjdTYlJDWHFB?oc=5,"Wed, 14 Jun 2023 07:00:00 GMT",2026-10-09T11:07:05+09:00
GoogleNews:所得　食,所得　食,戸別所得補償復活を/食健連署名 野党４党の共同へ - 日本共産党,https://news.google.com/rss/articles/CBMidkFVX3lxTE9rTkpFZkY1dWtQaW8xdTRtbm9nSjdEcEVCSG1Pa2FNTklHeWMxT1hEbzQ5NHFxRlFIdS1ONlBGRDhxSVR3UmZ5TXJDZU8tR29lZUdJZkRrMVNmMXluQUkyMDZuZjJ2c1FTM3NJTHoyekZ3Z245eVE?oc=5,"Sun, 18 Sep 2016 07:00:00 GMT",2026-10-09T11:07:05+09:00
GoogleNews:所得　食,所得　食,所得と野菜を食べる量の悲しい関係、野菜マーケットはいまや「局地戦」へ 味の社会学（第6回）(1/4) - JBpress,https://news.google.com/rss/articles/CBMiVkFVX3lxTFBBV0hOaUtlZVFvZU5PVUFsTWlpeURXY0YyRlFqaW96dGVnd2hHNUVBU3ZkN0kzRG1JcTl3QVhiRk1VbnRTVlV0NzN1djNFdEVrSUJtVE13?oc=5,"Wed, 26 Feb 2014 08:00:00 GMT",2026-10-09T11:07:05+09:00
GoogleNews:所得　食,所得　食,「健康的な食品」の価格は「不健康な食品」の2倍以上！英国の調査で発覚 - Women's Health,https://news.google.com/rss/articles/CBMisgFBVV95cUxNUkJVYUFTc1VhMUw3WHdpdmM2MXc4YjhaMW14N2VxOHV4TVZROVhWZGp1ODE0QWRHVlhpbS1hWnloZnJNUXdFelhzN2hyLW1xdkdpTGg1NkFJa0dhTTVSc2MtRzhTZlo4VGppWUMyS0VpZzVnSWZUM1hNc0hzUkdISGlyckFRc0o3X21MWkZMY2VRa1cwY3RtUVJqUk1TbHliLUVfaGZVMGNtMXpha0JmV2Rn?oc=5,"Fri, 21 Feb 2025 08:00:00 GMT",2026-10-09T11:07:05+09:00
GoogleNews:所得　食,所得　食,所得が高くなると健康投資が増える？－高血圧診断が食生活に与える影響をもとに 小西萌 助教 （2011年4月当時） - 早稲田大学,https://news.google.com/rss/articles/CBMiYkFVX3lxTE9iMmUzSWpFcVdOOXdqM0dXbGJJZEJEc0p5QzVkNjNyR0FwWk1qb3ZGTjFnSklWQ2hsdkU2U1pkNkNtYVVnRG0tRnNyNFhMZ2dRLXlWa1lvYU9ISGtuNFYwcWFB?oc=5,"Sun, 17 Apr 2011 07:00:00 GMT",2026-10-09T11:07:05+09:00
GoogleNews:所得　食,所得　食,広島市が「こども医療の所得制限撤廃」「小学生の給食費負担ゼロ」 過去最大規模の新年度予算案で“子育てに優しいまち”をアピール - FNNプライムオンライン,https://news.google.com/rss/articles/CBMiTEFVX3lxTFBaMGtJRHJwZWNNQ1lOay1CSEpickdCRERyNVdFblc0ZUNQN3RUMjNqb0d2SUpfT1Y2RlFiXzJpeDB6TGpXcWczazcyTjM?oc=5,"Wed, 11 Feb 2026 08:00:00 GMT",2026-10-09T11:07:05+09:00
GoogleNews:所得　食,所得　食,これがアメリカの低所得層をぶくぶく太らせた…日本のコンビニに必ず置いてある｢ドロッとした液体｣の正体 - PRESIDENT Online（プレジデントオンライン）,https://news.google.com/rss/articles/CBMiWEFVX3lxTFBsR2ViNDFzWHdLOFUwcnJlSmtqd2RPMng2bmF5NmwwTlpyRFhKSDU4M1lpR0Nhd01XQzkwV0hqeGlROUE1b0VxNDd1ZTJPMXhWTWF3emZqTmM?oc=5,"Sun, 20 Sep 2026 07:00:00 GMT",2026-10-09T11:07:05+09:00
GoogleNews:所得　食,所得　食,ネスレ、低所得国のベビーフードに大量の砂糖添加 - SWI swissinfo.ch,https://news.google.com/rss/articles/CBMioANBVV95cUxOWDJFM0xjRmdzRTVTOG1oMEdTYnlMVG52cEU5LUNBWnFHUl8tLTA2bkhNZFZQYUpfbUxVOVpiVzh5NWE2NzJBaWZCS0hXaEZLc0VadlFBaUVVSnQ3aVRYNUs3MkhuVnJWNk1ENmRSU2pXZlVFQWZVZnZLaEx4aVNCODdmWEJoV3MtRGpqYW9nM09aYm9BZVJ5d2ZNNHBFdXp5NWplN1lfN085clpKTXd3MXItUy1mSGlKSURJY0MyVGhaQjYzemNJb3ppakdQWW10cE9TRUctZFo1eFFvSnlRZEkwT0dFd2Z6czhRR0hoYTJJSlVyZEZDSWRmbC1oMUhIbXlqenhSV00teUVFb1VLLTFXcExkMkxiTk5BRmhTRjI3UDFNRUJxekc1MW9zT1h4RjJmWUhzUWNHN0RVZTRIMmM1RTBEOGRyUDNrQ0hZYXVsZWYwb1haVzBBVXAwcW1fV2k3elhmeUNweGJnUl9kMXJyVm1GUDFyMmozdjRYU3FqaFByTlV5TDBFQlBJUVIweW00Ynl0R0hxNTJJNVBDaQ?oc=5,"Fri, 31 May 2024 07:00:00 GMT",2026-10-09T11:07:05+09:00
GoogleNews:所得　食,所得　食,猛暑でもエアコンを使えない、食費は1食110円以下…物価高が招く子育て世帯の困窮 - 現代ビジネス,https://news.google.com/rss/articles/CBMiWEFVX3lxTE5QYmYtRVZSMHhFSmh5VTBKZEJYRHpsUm1laWFKWmxLUVNRSy1UUFpPSXg4allKNEVPTWZRZ3NTT0FjRGE2cHpXeFd1bXY1SU5lU3lnMjV0YUw?oc=5,"Wed, 19 Jul 2023 07:00:00 GMT",2026-10-09T11:07:05+09:00
GoogleNews:所得　食,所得　食,預金残高は6268円、あと1週間は収入ゼロ 物価高で1日2食に 通路の電灯を頼りに料理 - 沖縄タイムス社,https://news.google.com/rss/articles/CBMiXkFVX3lxTFBiOV9yYldpTDE3eVhUNHVaVE1qS3JQT1NOUWxhTFdreGdFSjZ1bHRPQWpHNWcwTy1qQVkzb21VVUprOU5GeXBIMy1UaERrcm1lbjl6VEFITTVHZWExVlE?oc=5,"Thu, 09 Mar 2023 08:00:00 GMT",2026-10-09T11:07:05+09:00
GoogleNews:所得　食,所得　食,学歴･収入により女性の朝食摂取率は全然違う 働かない20､30代に欠食率が多い - PRESIDENT Online（プレジデントオンライン）,https://news.google.com/rss/articles/CBMiV0FVX3lxTE5PSTFuNnduSFlSeEd6MXN0QjYtd2pOUlZtdF8tcTJuSnhsSlhwTkVJWUcwWGxFWWtFZTdDc1Bhdkd5NWczMXBWZkE5U2Y4T1Vfbm1GaXk4aw?oc=5,"Sun, 11 Aug 2019 07:00:00 GMT",2026-10-09T11:07:05+09:00
GoogleNews:所得　食,所得　食,福岡はどうなる？ 東京都が高校授業料“所得制限”撤廃へ 子育て世代から注目「福岡でもぜひ取り入れて」 - FNNプライムオンライン,https://news.google.com/rss/articles/CBMiTEFVX3lxTE9QSGZUQVlWSG9fWDFGbmNOVTFTeVVuOXlhMEdUTWNfZ3hSV2Z0ZzBZZ25jSzhYSFlJVl94bGF0cHkxeXFKUlNuZnhQT3I?oc=5,"Wed, 13 Dec 2023 08:00:00 GMT",2026-10-09T11:07:05+09:00
GoogleNews:所得　食,所得　食,マクドナルドなどのファストフード業界で値上げにより急速に低所得者層の客離れが起きているという指摘 - GIGAZINE,https://news.google.com/rss/articles/CBMiZkFVX3lxTFAwOXRxLWdtZ0RPTnRKcTRWVkhQUWZ2dXNwN2xXSG8tdnRXT3hsRDM4ajZ0X2lQYzQ2VE9uS0QxYmhVaVYwV0pfY1VkaFhEOGplM3BFX1JZU1dIMUVRX1V4SVhkVkFMQQ?oc=5,"Fri, 28 Nov 2025 08:00:00 GMT",2026-10-09T11:07:05+09:00
GoogleNews:所得　食,所得　食,【速報】岸田首相 低所得世帯へ子ども一人当たり５万円給付を表明 - FNNプライムオンライン,https://news.google.com/rss/articles/CBMiTEFVX3lxTE1ZYV9GbXdxeWg4cENuOWpDWEktckFGU0Q4TVVISU80NDRvUGpYRERKZWtGZEluMTBBcjdhN01XWHkwbVZFUmtUMDUtRTU?oc=5,"Tue, 26 Apr 2022 07:00:00 GMT",2026-10-09T11:07:05+09:00
GoogleNews:所得　暮らし,所得　暮らし,「手元にのこるお金はほぼない」38歳パート女性、年収210万円。母と2人で暮らす低所得の実家暮らし - UQライフ,https://news.google.com/rss/articles/CBMifEFVX3lxTE1faDZ2TERwQlZuRTNGMGN6MnRLTXhVbGQ2SmVaSkZNeDhROTcwQWtzel80aTdORklzcVgzNTE3VF9Wc2ZJWGczaXMxLUtMUkowcjRZUGpXXzN2Y292Q2FCY080bjl3eWg1a25oWHVjaUE1QmlZRDJfX0h1RWc?oc=5,"Wed, 07 Oct 2026 11:40:00 GMT",2026-10-09T11:07:07+09:00
GoogleNews:所得　暮らし,所得　暮らし,輸出は好調、暮らしは厳しい、韓国経済に広がる「K字型二極化」－半導体依存の成長を内需・雇用・家計所得へどう波及させるか－ - ニッセイ基礎研究所,https://news.google.com/rss/articles/CBMib0FVX3lxTE04aUFRODJ3anRyUmtrQ1hRMnpsamRjTzRSSm9EaWVXUDBPa01zQy05cU1ZNW5yZ2RQRmduXzlwRHd4ZWxJcXUzeVdtS3M4SGZ2RE4yUWFaV3pwTjYxTXVjVWRNUzFvVk9MbnhqMFpUVdIBf0FVX3lxTFBzY085NXZ2cHc1RU1tYUZZaHFxd210Y2t6NmRFMlBzem5jV0U1X1hBY21LUVNuTktBaGhyc21KbTFncjhIb0hONUtqWEJjZGRWT0FFZWRxRnJFZlZtNjluUlVwWVVLbGRYNmhRZUx2and3STQ5SElPdU4zdkhQQmc?oc=5,"Fri, 14 Aug 2026 07:00:00 GMT",2026-10-09T11:07:07+09:00
GoogleNews:所得　暮らし,所得　暮らし,高齢者が暮らしやすい県はどこか、高齢者夫婦の年間収入から調べてみた（斉藤徹） - エキスパート - Yahoo!ニュース,https://news.google.com/rss/articles/CBMiiAFBVV95cUxNbHpuSjQ3VU1TUEg2bXdSeFp2aGdKQTBrcFlIa20tR1p2RzNMamxLN2tObXJzMFMzOWhocmNhaTZvbGxGVXYyQ25XU1U3eW1sZnI1bkxQY2pNZ0ZSLVc5ck9xR3g3TjlVanFBalhQbTZHY3FjQU05eVdfaUhNQlFRWHVxUnhheDFE?oc=5,"Thu, 02 Jul 2026 07:00:00 GMT",2026-10-09T11:07:07+09:00
GoogleNews:所得　暮らし,所得　暮らし,物価高・増えない手取りに追い詰められる暮らし――ひとり親家庭アンケート 生活は“工夫”ではなく“犠牲”の段階へ【当事者の声】 - PR TIMES,https://news.google.com/rss/articles/CBMiakFVX3lxTE1tcnNsSlNiZkxJWnM3OUxXNGRlT2xMOEhJMDUwcERDZ0FCS01yNEpzUHlvVWFPNTNGTlBpOC1ZX20yc0x2LUdwWXlkNVMtYTNxZUYxMnI2eGdzLW1vWExRWHZMNmlWTjRvNGc?oc=5,"Tue, 24 Mar 2026 07:00:00 GMT",2026-10-09T11:07:07+09:00
GoogleNews:所得　暮らし,所得　暮らし,"低収入･実家暮らし…前途多難のなかでも｢結婚したい！｣32歳彼を変えた""婚活の力""【久保さん×植草さん対談:後編】 - 東洋経済オンライン",https://news.google.com/rss/articles/CBMiUkFVX3lxTE1jcm1JQ3U2VkU5VlhKblI5RTRGLW4zckthY3RjSmZyeW1KLWMwdk5UaXl1b1BjVUU0cWxLZEhsQ0p4RmJiMGJ1SXE4LU9xZFFTNkE?oc=5,"Sun, 29 Mar 2026 07:00:00 GMT",2026-10-09T11:07:07+09:00
GoogleNews:所得　暮らし,所得　暮らし,"「祖母は賃貸収入だけで暮らしています」〈家賃収入3,900万円〉74歳祖母…30歳孫娘が選んだ〈意外な道〉 - ゴールドオンライン",https://news.google.com/rss/articles/CBMiUkFVX3lxTE5LcXNQQjZQb3Q5U3ZuelA1ckF2NmtrcVEwNEFwaHpDOFA0aEloVWM3MDBTU0ppZGxjeFhtR09keG0zaURJblJ3WFVYVURsUmxjVEE?oc=5,"Fri, 13 Mar 2026 07:00:00 GMT",2026-10-09T11:07:07+09:00
GoogleNews:所得　暮らし,所得　暮らし,「経済的ゆとり」1位は福井県 年収だけでは見えない都道府県別の暮らしやすさ - Forbes JAPAN,https://news.google.com/rss/articles/CBMiWEFVX3lxTE5Gc1AyMFVEazVqaEF5U2VyZVlJbzlMby1qakRmelJrNFZUb0tBRG5GanpEMW9GcVhGSjZGSzZCX3lmQWlPNzBxZnJnTlJ0NVM3NERiM2RnTzY?oc=5,"Mon, 22 Jun 2026 07:00:00 GMT",2026-10-09T11:07:07+09:00
GoogleNews:所得　暮らし,所得　暮らし,東京23区の暮らしが極めて苛酷になったわけ 「経済的豊かさ」は東京が全国で圧倒的な最下位だ（中原圭介） - エキスパート - Yahoo!ニュース,https://news.google.com/rss/articles/CBMiiAFBVV95cUxPN29LS2lMa09tREJYRjQ0Q2NzZzhMMWxHeVpTNGpiNi1Fam1ob0JfenNxTkVyaWZtc004MmVzQjJ4YlNnb1Z3ZFNYdGlUdXVKbGZOUlpvbURXUFl6SkRUWlFpSi02ak9nSDB3Tm9NTGNXN2NkRDJkcGcwblhvSG93WkpIQXQyUk4t?oc=5,"Fri, 05 Jun 2026 07:00:00 GMT",2026-10-09T11:07:07+09:00
GoogleNews:所得　暮らし,所得　暮らし,1 就業・所得｜令和7年版高齢社会白書（全体版） - 内閣府ホームページ,https://news.google.com/rss/articles/CBMie0FVX3lxTFBweFNDeml6dW5BNk9STE9lSGI3aUtMSEVyM1NFcTE3c1I5Wmp5cl9RZkxwRWtXVllVV1BPalhIOGFIQ3RoODRyN3gzS3JUOXBQbTJudkdKR0p3TnFmcUcwOF8xTjRkci0wS1Vaa2dhaGdYbEx3eGZMMEJfdw?oc=5,"Thu, 27 Nov 2025 11:08:31 GMT",2026-10-09T11:07:07+09:00
GoogleNews:所得　暮らし,所得　暮らし,物価高から国民の暮らしを守る令和6年度補正・7年度予算 あらゆる政策総動員で可処分所得を増やす | お知らせ | ニュース - 自由民主党,https://news.google.com/rss/articles/CBMiXkFVX3lxTE5qSkFyUlMycENWTDZQbEpLNzZCNnlFVDU3LWM2UDJwQ0ZRWDJFQ3lIdV8zWlk0QldyOEQ4OHBFVmZpUGtEWTJxa0FPX3ZJNDdoVWw3MXl3cEJ6Y1R4SHc?oc=5,"Wed, 30 Apr 2025 07:00:00 GMT",2026-10-09T11:07:07+09:00
GoogleNews:所得　暮らし,所得　暮らし,"低収入･実家暮らし…前途多難のなかでも｢結婚したい！｣32歳彼を変えた""婚活の力""【久保さん×植草さん対談:後編】 - 東洋経済オンライン",https://news.google.com/rss/articles/CBMiW0FVX3lxTFBLeUV3NFlPblRkSUt3cVFoTUJQYzdLYWJieDBkQ3BzaERXZjU3bC1vaVV1SXlSU1hRUUk0RXRkV2pwYWp0dWxXWGNuNmNBQk83OWsxUkJ1NndzUDQ?oc=5,"Sun, 29 Mar 2026 07:00:00 GMT",2026-10-09T11:07:07+09:00
GoogleNews:所得　暮らし,所得　暮らし,暮らしと意識に関するNHK・JILPT共同調査 - 独立行政法人 労働政策研究・研修機構,https://news.google.com/rss/articles/CBMiZEFVX3lxTE5rOC1sVmxmbEh1cC0ySFFtcUh5Nl9xbFNkMmZJUVNySlk4SVZQYTFsMGFOaDhZc0dqalk5TEdCRkZjcDVjdXpMWkgwdUJfVkNVTkgwMi1QLWwzT2llMmpVRDkzN3E?oc=5,"Fri, 31 Mar 2023 07:00:00 GMT",2026-10-09T11:07:07+09:00
GoogleNews:所得　暮らし,所得　暮らし,"「お正月どころではない」――年末年始、8割が家計苦・物価高が拍車 低所得のひとり親家庭に迫る困窮【2,000人超調査】 - PR TIMES",https://news.google.com/rss/articles/CBMiakFVX3lxTE9ZTGVna1pSOENZclQ0QWViY3M0TkE3T25hQWpoNTFuUWVHTGQ3NGk2ak5zbWZIVDBsd0NHcFFESjZ1U0xobXZtOFc3NmFIbFlidHo1dDVaUk5kZ0dacnp5d0ljWS1vb2NBMHc?oc=5,"Thu, 04 Dec 2025 08:00:00 GMT",2026-10-09T11:07:07+09:00
GoogleNews:所得　暮らし,所得　暮らし,1 就業・所得｜令和5年版高齢社会白書（全体版） - 内閣府ホームページ,https://news.google.com/rss/articles/CBMie0FVX3lxTE5wM1M0Ukx4UUxxc21QdEpwaXg3ZFpFZ2ptZnh0bnhqemEyYlZzWkhrdXcyS0tuZ256VlBFS1o0ZHhQLWpRLXpVOE9YSGd1bW51aU5zWjZ4b2dobVFaZ2FWbVVuZkFpaWRCTkVvNV9yRzhOaUR6TWVuWEtISQ?oc=5,"Sun, 08 Oct 2023 23:21:51 GMT",2026-10-09T11:07:07+09:00
GoogleNews:所得　暮らし,所得　暮らし,"低収入･実家暮らし…前途多難のなかでも｢結婚したい！｣32歳彼を変えた""婚活の力""【久保さん×植草さん対談:後編】 - 東洋経済オンライン",https://news.google.com/rss/articles/CBMiW0FVX3lxTE1UVmFlSThPRFNWMklrNkRNN1dBVFc1Ukt6TzJMWWYtLTJMQWZidlFKdUM5d0J0Ui14N1pkNXlRMEwwaXY2YlBFMldVbGZSS084SElQVXNhTUROdDg?oc=5,"Sun, 29 Mar 2026 07:00:00 GMT",2026-10-09T11:07:07+09:00
GoogleNews:所得　暮らし,所得　暮らし,1. 強い経済で、笑顔あふれる暮らしを。｜政権公約2026｜「日本列島を、強く豊かに。」 2026年 第51回 衆議院選挙 - 自由民主党,https://news.google.com/rss/articles/CBMihgFBVV95cUxNNVBEM2Jla0xLd0prdm04ajNzYmdEV2JudldQRzZfa0dBSEFUM0NDS29yel9OTUprYWFxZGkxVWI1WnBhRGFmMW5hNlp3NXg4M2FQZmZEb0RZNXZVaFk4bExXcWthRFd0UzlWNkUyang5QWd3VXctRU1IUHlrWDgtTVJaZXByZw?oc=5,"Fri, 13 Feb 2026 10:00:21 GMT",2026-10-09T11:07:07+09:00
GoogleNews:所得　暮らし,所得　暮らし,現役世代の手取りを増やす「金融所得課税」による世代間格差の是正と暮らしへの影響（高橋成壽） - エキスパート - Yahoo!ニュース,https://news.google.com/rss/articles/CBMiiAFBVV95cUxQZktYX3FQV1ByNzN5ZHdfNEdMSU0zS0szSy04emhDVDhjNm1LbkktaUpKQm9xSkFsVDd1ekxWTkM1NWtfM09fNkhSei1DN1NQeFNkVkpXS1hXN3BKb2Flb05iMERmUTFyMW9GYTJfdk55SDdaN2tkZkJKYnFMekRtOXh5eFk4S1c2?oc=5,"Mon, 24 Nov 2025 08:00:00 GMT",2026-10-09T11:07:07+09:00
GoogleNews:所得　暮らし,所得　暮らし,都市は誰のものか 都心に中低所得層が暮らすパリの「空間の再分配」 - 朝日新聞,https://news.google.com/rss/articles/CBMiZ0FVX3lxTFB1dHgzdFY3WktDT2g5SE1zMmxrX1I0eDNja0RjVzNydWhBUzRFd0lYNjhPZFVsazNEVEdhekFwa1Nja3RnYVR2NGNQUXNNY1N5aU9Ybzdycm00YVpHSHJ1a2FGbG11ejg?oc=5,"Fri, 10 Jul 2026 07:00:00 GMT",2026-10-09T11:07:07+09:00
GoogleNews:所得　暮らし,所得　暮らし,＜みんなの平均＞50代夫婦（都内暮らし）の平均年収や貯蓄額、生活費はいくら？ - イオン銀行,https://news.google.com/rss/articles/CBMifEFVX3lxTE5RdUFWMklvRWQ2eXJHMzJIVDlBSzEyQjJNR252NF9yT1hpVzJZQjU4dkFNMUtpM3J1R3pHa2R6ZHFBYTVRdy1sMDJDTnFGdXRONzd1dVJUS1h6LWRLdXdMQzFiWjhOSVloY0pNeXgtajJBODJaR0tqUjNTdHc?oc=5,"Mon, 18 Dec 2023 08:00:00 GMT",2026-10-09T11:07:07+09:00
GoogleNews:所得　暮らし,所得　暮らし,物価高騰、暮らしの危機打開へ――経済政策を転換する緊急要求 - 日本共産党,https://news.google.com/rss/articles/CBMiVkFVX3lxTE9IOFVBVHhWUm9IY2drNDBBLWY1ZElJeXAyUXY0bmlfUVFfU0h4U3JUdFlONkZDaTJXVzBoVnVDT2trei1PcHFUQm1XQjQyWXBJTDNYOFJn?oc=5,"Tue, 14 Jul 2026 07:45:21 GMT",2026-10-09T11:07:07+09:00
GoogleNews:所得　暮らし,所得　暮らし,千代田区ホームページ - 【千代田区独自事業】暮らしを支える直接支援を実施！【所得制限なし】物価高騰対策として区民にギフトカードを配付（令和7年6月2日配信） - 千代田区ホームページ,https://news.google.com/rss/articles/CBMihwFBVV95cUxQVFZobXVXdWJ6djhLa3JmMnVDR092XzBHakRCYkg5XzRvTExuSVMzblpmT19FSjhTNm40X1lqOEUweUFSUHU3MmRNamxzamdYZjhjRWhNUXZMSUVaRFVTWlRnNVplYzJ6RHg5aC0tcXROeHVpR3p2c3BsYmN2cnVqeEZtcjhjemM?oc=5,"Mon, 02 Jun 2025 07:00:00 GMT",2026-10-09T11:07:07+09:00
GoogleNews:所得　暮らし,所得　暮らし,4月から暮らし・身近な制度こう変わる 値上げ続々、共同親権も開始 - 朝日新聞,https://news.google.com/rss/articles/CBMiZ0FVX3lxTFBUbVFxTVJYeWJveWdYM1BTTjU5QnMwSWlSTUdDN1VfOE5fVHNrbWVkaGUyU1ZyRHE3WEJ0RmpKZmhDanF6RnJUbWhKTEUyalNVU002Sm5Yamp0OU14RVdvdTRoYW9NOGM?oc=5,"Sat, 28 Mar 2026 07:00:00 GMT",2026-10-09T11:07:07+09:00
GoogleNews:所得　暮らし,所得　暮らし,【東京】「所得を上げ、負担を減らし、生活者の暮らしを良くしたい」玉木代表が秋葉原駅前で演説 - 新・国民民主党,https://news.google.com/rss/articles/CBMiW0FVX3lxTFBpbkpqazFBT21ObXdxLWFuWDZOaE1XQ1Myd0ZXX29ST2dVZXJMWmJRUGN4cDdCa1A1ckpjekdHc0JoclA5R2EzYnM2amZiVmVsZzNET0NVLWZiblk?oc=5,"Fri, 28 Jul 2023 07:00:00 GMT",2026-10-09T11:07:07+09:00
GoogleNews:所得　暮らし,所得　暮らし,石破内閣の主な実績｜「日本を動かす 暮らしを豊かに」 2025年 第27回 参議院選挙 - 自由民主党,https://news.google.com/rss/articles/CBMihgFBVV95cUxOODRNLWplckFwbmIyQUNsYnpKS1AyUlJOeVh4bjIzVzM5cWVYalBIVk1mY1RiNjdacWUyQmQtTWJHQkxRdEtQVGpUNGoxdGFRaGtFRU1zdHV5c2FkN0JkY1Btb2pLeE1Ia0dCeDU1cDIwU2hTb3BWdWp6ems5dFZqMm14UjE2QQ?oc=5,"Fri, 25 Jul 2025 09:22:03 GMT",2026-10-09T11:07:07+09:00
GoogleNews:所得　暮らし,所得　暮らし,暮らしを守る定額減税・給付 - 公明党,https://news.google.com/rss/articles/CBMiVEFVX3lxTE1sOHVfdUtaTlh0UnBxd0hzNDZrYnIxMzNJVGtkalY0MHh2UG56Wk5DUUlTVnItMGdpekNkbGhsQ3piY0lkbXZhZW91d2NMSERFaEpYQw?oc=5,"Sun, 14 Jan 2024 08:00:00 GMT",2026-10-09T11:07:07+09:00
GoogleNews:所得　暮らし,所得　暮らし,1 就業・所得｜令和2年版高齢社会白書（全体版） - 内閣府ホームページ,https://news.google.com/rss/articles/CBMie0FVX3lxTFBhdEtRWFpJcWNWZi1jTW9DOWpmX2l2YkFKSG1YNHM2TnpaM0c3VWd0b19ERXRIREtSUkJvSkwwWGNfZ3RzSC1pVHZ3N2hEakV3OHJGWktORU0xQk5OZ2E0TDVCUm9PZmZxcm9UQmkzV3EwMUtoT3JtQmRabw?oc=5,"Sun, 08 Nov 2020 15:56:16 GMT",2026-10-09T11:07:07+09:00
GoogleNews:所得　暮らし,所得　暮らし,年金受給者は確定申告が不要？確定申告で得する可能性がある8つのケース - イオン銀行,https://news.google.com/rss/articles/CBMif0FVX3lxTE5QdTFhbnJlYjNiM2oxRF9MUU1YZXZjSDFtZ29xcUZrT29fMXBRTjJnNkp2WnlLaWFMWnRCTHpEMko0WlgybzY0eHBvbjlSRXlqd1Q5N2hYTjlrb3AtOTZDUDZqMlZ1cG16a2YwdEZJb2pONmpQTm9QVVJUU1ZKdmc?oc=5,"Wed, 13 Dec 2023 08:00:00 GMT",2026-10-09T11:07:07+09:00
GoogleNews:所得　暮らし,所得　暮らし,6月からスタート 暮らし守る定額減税 - 公明党,https://news.google.com/rss/articles/CBMiVEFVX3lxTE5ac0xkSXg3RnNkYzJ0NVpRY3NxcnE4a28yOHY2MFVzUzFrWXlzLTR4Zmw0cnNNQVZCT0VJSkF4eThaRG9iSXhfdzVHZE05bDJDMWdUWg?oc=5,"Tue, 07 May 2024 07:00:00 GMT",2026-10-09T11:07:07+09:00
GoogleNews:所得　暮らし,所得　暮らし,「父が“会社員”だったことはない」資産8億円・年金も手つかず…不労所得で暮らす70歳父を持つ息子が選んだ〈意外な人生設計〉 - Yahoo!ニュース,https://news.google.com/rss/articles/CBMif0FVX3lxTFBWMkQxdXVzWDVXZGFDbDh2bGcycGQwaVYxejQ0WnNZUUFPTm1jeGRnU1g5QTI1MWotTnFDX0ZTUi1tdnQyZXp2VVA0cVNhVGhteVM1amNPd2VhaEFPeWdjbkZGbS1xem5EZ0ttYUJuX3FUT0dTUUpzR3Y5SXJBbUE?oc=5,"Thu, 22 Jan 2026 08:00:00 GMT",2026-10-09T11:07:07+09:00
GoogleNews:所得　暮らし,所得　暮らし,所得再分配が不十分 富裕層の税負担軽い―トランプ政権１年で米専門家 - 時事ドットコム,https://news.google.com/rss/articles/CBMiY0FVX3lxTE91YzI2RjJETkRmRzRoWXpGV1hLWWJpekZBbnRCdUx6MS1ucTNkRkhOQUFQeHlNWWhvVXhDSUJMQWhiSU1TTnJINnAwY3Z4VUZMLUVCcnRMMGducFFETUFWMDN4Yw?oc=5,"Tue, 20 Jan 2026 08:00:00 GMT",2026-10-09T11:07:07+09:00
GoogleNews:所得　暮らし,所得　暮らし,「80歳以上女性」の34.8％が1人暮らし、世帯全体では所得減少し「生活が苦しい」との声は過去5年間で最多―2023年国民生活基礎調査 | GemMed | データが拓く新時代医療 - GemMed,https://news.google.com/rss/articles/CBMiSEFVX3lxTE15ZHhXOVhFdEQzMFZIQ2RONXI0anBjWXhkZ3FCS0Exalk0TlJyT0RSU2c2QWlMejJvZ2ZLd0lkOUlfbTJvWXRvZQ?oc=5,"Tue, 09 Jul 2024 07:00:00 GMT",2026-10-09T11:07:07+09:00
GoogleNews:所得　暮らし,所得　暮らし,1 就業・所得｜平成30年版高齢社会白書（全体版） - 内閣府ホームページ,https://news.google.com/rss/articles/CBMie0FVX3lxTE52Mnp1cTVtN0FCSWswbHgxdGx0WEpqbm9IV3FVeTlNRDhfWl92VXJvelRDdWZnREFrVWRqdWNzeUlleWtaRm9wUzZ4YXVESWZjejNjNmFQTDBvUXdJdFJSNzlNWmdwcFhIUHhnSHpMeXl1LXZnMG5QTHd5Zw?oc=5,"Sat, 01 Dec 2018 16:00:54 GMT",2026-10-09T11:07:07+09:00
GoogleNews:所得　暮らし,所得　暮らし,【沖縄こども調査】物価高騰 低所得世帯ほど暮らしに直撃 2024年度 - 沖縄タイムス社,https://news.google.com/rss/articles/CBMiXkFVX3lxTE50V3paU3d0ZXlQNE9qb2Z4YV9vbmNUTmR5bEpmX0daS2Y4LXhySGpUellLTmF1MlNPTGxVX0JYZ2Nfcnl5WDE2c3lEcnljV0Jhc2ZweUtOUlBPa1hIcGc?oc=5,"Tue, 27 May 2025 07:00:00 GMT",2026-10-09T11:07:07+09:00
GoogleNews:所得　暮らし,所得　暮らし,37歳の私は、年収4400万円で都会暮らし。それでもFIREのために、収入の半分以上を貯蓄しようとしている - Business Insider Japan,https://news.google.com/rss/articles/CBMiqAFBVV95cUxQV1JGOGRxeVhJRldQNGZOcDQzVC1LbzNDVW95X2F5SVVBVFg0Ml9kcEcxN0x1OEtQWFNOVWVfcEE1el9UZ3VyZzUtWEhHakhlOWFZY3U3OTVxMll0VVEteHRrcm9BdV9Fb0FaRy1UR0c3dnQ4RFpHdmFxd2JfLWFlZVNhN1pPY3VUTGZYRGlISzR6WG1xY0tGVk9pOHU0c0hyX2VBRHd0M1A?oc=5,"Sat, 20 Jun 2026 07:00:00 GMT",2026-10-09T11:07:07+09:00
GoogleNews:所得　暮らし,所得　暮らし,暮らし守る定額減税と給付 - 公明党,https://news.google.com/rss/articles/CBMigAJBVV95cUxNQ1J5d2NFWUZfaWhZeWxRYjF1WUNnWTFnMWNrS1AyMDMxRExPX3dLOERwZ0dlU1FhWjUyQUQwYWt2S3czS3pwWGU2cWlBS2U2YjVMTnZ4bjZaXzNnVGFvaHhOSnlaRXo4ZUY5aGY5M3hQRHZxNm5CWFowRXgzV3BUQWI5cUhGU3daQ1RDVXNRcm9MMjZwZkFoRElhTy0wVHh6WGYydXVqOU5xM0JiRFg0bU1ULUxSLUhSV0V1VkFnVC1rV1dpZnBhakVrYlVuNUw2MTg3SHkxdDF5MTZ5eDFsajRITkxNbTQtRVZnV1MyWmZpQVd6Wm1HSlJnN2IwSHJF?oc=5,"Thu, 28 Dec 2023 08:00:00 GMT",2026-10-09T11:07:07+09:00
GoogleNews:所得　暮らし,所得　暮らし,65歳以上の高齢者の4割「収入を伴う仕事をしたい」 “経済的な面で暮らしに困っている”と回答した人の割合が他国と比べ高い結果に 高齢社会白書 - TBS NEWS DIG,https://news.google.com/rss/articles/CBMiV0FVX3lxTFBMUHdoNWhodDlNNTY1SXJtS2d0LUN1VmRfMkp2S2tQb2IxbEcyU1NOMmN3M1lTZUQxTnFLaTBXMWZTb2Z0Y19xa2Q1QUxHd2NOV1VkNGpFQQ?oc=5,"Fri, 12 Jun 2026 07:00:00 GMT",2026-10-09T11:07:07+09:00
GoogleNews:所得　暮らし,所得　暮らし,収入は半減、 でも「贅沢な暮らし」とは？ 移住後のお金と時間の使い方 - コロカル,https://news.google.com/rss/articles/CBMic0FVX3lxTE9SUjdBS29kQ3pMRVlzV05Oa0c5NHZ5bDZwekF5bVB6TFIwd1ZFTWdqN2FlV0FGZFo3aDhJSzdYOURYZVZLVUk0aEdmTXVIaUZZeGJzY2ZnNFkwY2YxOW5GNXh1ZTdGZDE0YXBobmtEUTRnamc?oc=5,"Thu, 23 Sep 2021 07:00:00 GMT",2026-10-09T11:07:07+09:00
GoogleNews:所得　暮らし,所得　暮らし,贅沢ではないが貧困でもない？ 年金生活者のリアルな実態 - マネーフォワード,https://news.google.com/rss/articles/CBMiV0FVX3lxTE9RbjJyeDBHWHN2dlVTcFRMT01HbmxCdEY3RlJpWmt1U0lISVJRZHNQZ1R3a0JIOG1sQzNPc1ZtRVRoX21ZX1lwMXJESFR1N0hMbVVSbGxpbw?oc=5,"Sat, 18 Jan 2025 08:00:00 GMT",2026-10-09T11:07:07+09:00
GoogleNews:所得　暮らし,所得　暮らし,“団地暮らしの父”の死後、母の収入は「年金10万円」だけ…世帯収入が減れば、同じ部屋でも「家賃3万→2万円」に減りますか？ そのまま住み続けられるでしょうか？ 制度を確認 (ファイナンシャルフィールド) - Yahoo!ニュース,https://news.google.com/rss/articles/CBMijgFBVV95cUxNanpTV3NCeWp2NVNEdlZTWWM0c19UcC1KMGVBZm1POXFGU1lLeVhWUHNGamVhcWF6UlIyVl94NW9Salp0QWlHUFBFUG1VS1NPTTRRYXhUMl92bEpBYTVaRmdzTThZVjJrNjZPdE8zREFRRzhJMy1LQ2stbnRQcm5xNHItdDdLekVIeWZCM2l3?oc=5,"Fri, 28 Aug 2026 07:00:00 GMT",2026-10-09T11:07:07+09:00
GoogleNews:所得　暮らし,所得　暮らし,値上げが暮らしを直撃/低所得者ほど被害甚大/給付や消費税減税を - 日本共産党,https://news.google.com/rss/articles/CBMidkFVX3lxTE9lQkJYWndaWnQ5bXVJMTNMWklwYkwwWlRhR0t6b1VSRHJjcWJnZjVaUzBTdjNpSDE5SjJsTWNYdlRBOE03cElTYmdCaTA4anZMMXQ0bWk0Tk5BTkR0VkNvLTBhRlZ3NFV5UkxPRDFWS3I4ODlKRWc?oc=5,"Tue, 08 Feb 2022 08:00:00 GMT",2026-10-09T11:07:07+09:00
GoogleNews:所得　暮らし,所得　暮らし,高市総理の演説から考える―家計・地域の仕事・防災へのつながり - 選挙ドットコム,https://news.google.com/rss/articles/CBMiX0FVX3lxTE1qSUZrMnNkN3lfMEw3TzNKVGNnUUNiSTFPNTVLY3N0eFA2eDN0TlJxa3JTNjdiblJuZkY3RThscE9LUnlQX2plOExmbDE0cWxWTXhxWFhScFZndWt4c3pF?oc=5,"Tue, 06 Oct 2026 18:06:01 GMT",2026-10-09T11:07:07+09:00
GoogleNews:所得　暮らし,所得　暮らし,暮らしよくなる？ 2025参院選＞社会保障費 所得の半分近く 負担にあえぐ若者 年金「どれほどもらえるのか」 - 北海道新聞デジタル,https://news.google.com/rss/articles/CBMiWkFVX3lxTFBkdGVtbW1RNm5Sa0gxRjgzNUxCelRoNllLWGpNNnl6TmdrTzlXald4cjIzR3VCV2NCUFZWX2NyRVl4dWo5OGs2eUNUcG1IdEtHN0hjWGlLRVpzQQ?oc=5,"Sat, 12 Jul 2025 07:00:00 GMT",2026-10-09T11:07:07+09:00
GoogleNews:所得　暮らし,所得　暮らし,医療費の窓口負担2割の条件は? 判定方法と配慮措置、対策を紹介 - 朝日新聞,https://news.google.com/rss/articles/CBMiWEFVX3lxTE5JcThtUjFtaTdkRlFVTUw3NTluV1p1bE9OTm5VSHJSMExVeVpoOFNodUpYZl9Da1E0ZmpuRUpDcU1ZdnlwTEE3aHFPSjdWTlVqNmowZHZqdTE?oc=5,"Fri, 20 Jan 2023 08:00:00 GMT",2026-10-09T11:07:07+09:00
GoogleNews:所得　暮らし,所得　暮らし,年金受給者の住民税非課税世帯の条件「155万の壁」「211万の壁」とは - 寺田税理士・社会保険労務士事務所,https://news.google.com/rss/articles/CBMiXkFVX3lxTE5qdE1kbWxEeVIyc2ZObU1ldlk1QXgtNlh0cVdiblZIdGl3bHFwdVhlcWRmVjVJMkkzSlRXRUFZX0E1WFloLUhMdlBKUGQtWDE1Z1hGSERxdklVY2l5bWc?oc=5,"Sun, 04 Oct 2026 07:00:00 GMT",2026-10-09T11:07:07+09:00
GoogleNews:所得　暮らし,所得　暮らし,"物価上昇でも賃金上がらず困窮 日常的に”減らす・買わない・使わない”ものとは？【低所得のひとり親家庭2,000名超による回答】 - PR TIMES",https://news.google.com/rss/articles/CBMiakFVX3lxTE9zLWpiVzltRFpSaFhLTE9WaTFhRXJFT1lYQnZ3WjNYOWVldnJ0QUVpaXowRjM3ekMzWGNobFczdEJIaEhxVkx4SUZid2ZnRDljZmJNMXJmNDNUT29YeXp0ZWNVVEtEN25WT1E?oc=5,"Wed, 19 Mar 2025 07:00:00 GMT",2026-10-09T11:07:07+09:00
GoogleNews:所得　暮らし,所得　暮らし,作家・阿刀田高・90歳ひとり暮らしの税金と収入。最近は自著が増し刷りになったけれど…【2026上半期BEST】 - 婦人公論.jp,https://news.google.com/rss/articles/CBMiYEFVX3lxTFBxcktPdEJvMzY3OTVBUEo1Zjd0UjA1ckFKamRqN0dxMU9SR2ZlcnN1VXVSTTJFNG16VE1NVEN0NE5Ya21OSWVKVGl4U1JOcGtaZER2TXY5WUJldWxaZmhzeA?oc=5,"Fri, 31 Jul 2026 07:00:00 GMT",2026-10-09T11:07:07+09:00
GoogleNews:所得　暮らし,所得　暮らし,"低収入･実家暮らし…前途多難のなかでも｢結婚したい！｣32歳彼を変えた""婚活の力""【久保さん×植草さん対談:後編】 - 東洋経済オンライン",https://news.google.com/rss/articles/CBMiW0FVX3lxTE1VQjBaUUhQZkR0d3pxWVRPMWdiOVNDQ2JCeThfajVjMzNZS0tyZ284Q1VyMHYxRXhPa1FrV2tGS1o1U2RCNUtNeE1rTTRMclZEejVhenc4empjS0E?oc=5,"Sun, 29 Mar 2026 07:00:00 GMT",2026-10-09T11:07:07+09:00
GoogleNews:所得　暮らし,所得　暮らし,株の配当控除について｜みんなでつくる！暮らしのマネーメディア みんなのマネ活 - 楽天カード,https://news.google.com/rss/articles/CBMic0FVX3lxTFA4X2J1ZEhXQl9TalRyWHV1cW5lR19sZDRwVktFSmtBZEQ4LUdSOHV4OVFyRGQ2U0xOUjZCWjZwZ2ZrOTFYMURqN05pdmxpS3FBR2lnXzlrNC1vUTFDdi1Sc09jOHlhNlQ5ZVhJWUtxd2ZpS0U?oc=5,"Thu, 12 Jun 2025 07:00:00 GMT",2026-10-09T11:07:07+09:00
GoogleNews:所得　暮らし,所得　暮らし,年収500万超でも可処分所得「月8000円」で散髪にも行けず “中間層”を襲う3重の所得低下 | from AERAdot. - ダイヤモンド・オンライン,https://news.google.com/rss/articles/CBMiTEFVX3lxTE4xZm9sMkExYnZudDhDQTFWQVRkUjVBMHNrUFFMNWIya3lxNDU4bjBKYVNoSk1yaHdXUGR1a3QwOWd3YV9OdjJYMmdfMFI?oc=5,"Sat, 24 Sep 2022 07:00:00 GMT",2026-10-09T11:07:07+09:00
GoogleNews:所得　暮らし,所得　暮らし,「地獄の日々が始まる」“給食のない夏休み”前に所得300万円未満「子育て困窮家庭」悲鳴 物価高苦しく“2人前のおかずを5人で”分けるケースも - Yahoo!ニュース,https://news.google.com/rss/articles/CBMif0FVX3lxTE1IVHBmZHV1QlBIQTVpSnZvLWdEamE0bmN2bHAwOUVTa3BpUHpxaS1lZjhUOEEwdFJBR203RDNDOERVZEk4X2ROUWd0U1NWTHRZRy1IZDJTUVdLRlMtSHFVUkdxSlRUM0JHQjVwY0xfalhuMjhGdExVVFp2ZTlFTjg?oc=5,"Thu, 02 Jul 2026 07:00:00 GMT",2026-10-09T11:07:07+09:00
GoogleNews:所得　暮らし,所得　暮らし,26年度予算決定、暮らしに影響 教育無償化、子育てに力点（共同通信） - Yahoo!ニュース,https://news.google.com/rss/articles/CBMif0FVX3lxTE1HN0F0VkFKakYwWmVTYXFnZDVtMGpxNDBZS0g3Yk1mNEhhSWxyaFlWREdTR0Q0SGl6UGtXSXNEZWowQUNrVVNEWWFQT2RELTB2S0UtZWQ3MFV2d0doSnJKSEIyOHJpUEtEcDQ0c1ZPOFk1RTVzVjVQZndtNmdqSVU?oc=5,"Fri, 26 Dec 2025 08:00:00 GMT",2026-10-09T11:07:07+09:00
GoogleNews:所得　暮らし,所得　暮らし,作家・阿刀田高・90歳ひとり暮らしの税金と収入。最近は自著が増し刷りになったけれど… - 婦人公論.jp,https://news.google.com/rss/articles/CBMiYEFVX3lxTE9yaDY5RTJfSi1Ibkdsa3F4aGN1Q2FpWFZNbkVKTTBiZ1cySVUwZ09ETmd2NkhFS29ZRDhJQ1BsekJMZ05lQXduXzRKbEEwWGlpOU1MYjRDYzAzZ2hLcnlSNQ?oc=5,"Tue, 24 Feb 2026 08:00:00 GMT",2026-10-09T11:07:07+09:00
GoogleNews:所得　暮らし,所得　暮らし,【大図解】日本のエンゲル係数は45年前の水準に後退！牛肉も大学進学も全部高級品に…「暮らしの凋落」大解剖 - ダイヤモンド・オンライン,https://news.google.com/rss/articles/CBMiTEFVX3lxTE9zVDdXR1pqVnZuaHJJclhabkxDVlF5bVVZdVJvLWtEVEVrREhWY3RZSG9CNXJZc29CVm1ranRFOWZUa21sUFh1UExDdVrSAU9BVV95cUxNSm1UNXEycV8zcTNUZmoyMVdISmRuRjJTbmtjcktXVUpoWlpIRC1IODZxXzZtakRRTGphZ01fLXgzOWpIdHN6WWlmV3lTTVlR?oc=5,"Mon, 23 Dec 2024 08:00:00 GMT",2026-10-09T11:07:07+09:00
GoogleNews:所得　暮らし,所得　暮らし,新型コロナ 暮らしを守る - 公明党,https://news.google.com/rss/articles/CBMiU0FVX3lxTE5Edk0tZ2ZFNnVNNnhEZEZ6ZUxvbW9uakNVUzFTUElUNTkzaFQtcDdsYUp5UDNLZzk1YmFMUV8xeU96N05kcmhhNjgwZFg2Z21ReDRn?oc=5,"Thu, 30 Apr 2020 07:00:00 GMT",2026-10-09T11:07:07+09:00
GoogleNews:所得　暮らし,所得　暮らし,年金受給者の暮らしをサポート【年金生活者支援給付金】どんな人が対象で、いくらもらえるのか？基準額は月額5620円（2026年度）（LIMO） - Yahoo!ニュース,https://news.google.com/rss/articles/CBMif0FVX3lxTFAzMGhNMWptbGtxUE53YnozYWR5aEtBWDRLWVNLaHBpR2FQMEdWaUlCRkdrVGN6WkVmRzJPMkRfQ08xZWt6aXAzUnlmSkxfX19Ybkl6SmtqWUVoby1BUkNLbjFjYTNBWThTS0ZNbmFoOUF3SUlFRzE5V3JnUXp5UjA?oc=5,"Mon, 27 Jul 2026 07:00:00 GMT",2026-10-09T11:07:07+09:00
GoogleNews:所得　暮らし,所得　暮らし,牛乳、価格転嫁難しく 資材費1.5倍 酪農家「所得補償を」＜参院選 暮らしの現場から ＞4 - 琉球新報デジタル,https://news.google.com/rss/articles/CBMiZ0FVX3lxTE1iZ1FHVjAxeGpPUDF0cWxGc1VBVDlNcEtOY1dMbHhqSmxEeHotS3RTd254bjRBck9pV2FlUWRWQVI4ODdvMXc4akdEbHlzZFUzaldRUlZiczNXU1JORDRMeEhESGVzdTQ?oc=5,"Sat, 19 Jul 2025 07:00:00 GMT",2026-10-09T11:07:07+09:00
GoogleNews:所得　暮らし,所得　暮らし,月の収入7万～10万円「1年の半分は働けないが楽しく暮らしている」30歳女性の非課税生活 - All About（オールアバウト）,https://news.google.com/rss/articles/CBMiTEFVX3lxTFBZZFVIV2syX2hmYlZ4b1p3NkswX0REYWk5czdnQUpkOGJiTWJqZ0ExMzVNVExrTWRTdlJWUVFxNk9EZ25tU194NDJ5N2Y?oc=5,"Sat, 26 Sep 2026 07:00:00 GMT",2026-10-09T11:07:07+09:00
GoogleNews:所得　暮らし,所得　暮らし,【所得を減らして豊かな暮らしへ】メリットが大きい「住民税非課税世帯」という選択肢 給付金に優遇措置、国民年金保険料免除、国民健康保険料や介護保険料も減額 - マネーポストWEB,https://news.google.com/rss/articles/CBMiR0FVX3lxTFBxNXZnN1prakM1VHctSS1hVG1xS1VGMGk5dHowaU93WTgyZnFUZXgwVWRFSzJFQzNTWEYxX1RuUnZNdDJiaURn?oc=5,"Mon, 04 Nov 2024 08:00:00 GMT",2026-10-09T11:07:07+09:00
GoogleNews:所得　暮らし,所得　暮らし,結婚したくない…「東京の中年女性」が“おひとり様”を望む納得のワケとは？ - ダイヤモンド・オンライン,https://news.google.com/rss/articles/CBMiTEFVX3lxTE1xNG1HTi1sZDIyN1N1VUUya0RBaTBvRDVRM0JMejJuQ1BYWWVfU1JIMWRBTHZCZjgxVHZaSmZ1V0puamFnNGxpamJ1TC3SAU9BVV95cUxNMm9KQU1sUHJwWFJxMDg4THR6R2NORGVSUzFpOG5Vb1JiNmJpejUyWjVRQXNmZk5zNGRmWFlkeE90UXNkMWJ1TGRMRnFTNTRn?oc=5,"Mon, 10 Jun 2024 07:00:00 GMT",2026-10-09T11:07:07+09:00
GoogleNews:Z世代　意識,Z世代　意識,「公衆電話ってなんですか？」 Z世代の半数超が電話に苦手意識（株式会社Jiffcy） - Yahoo!ニュース,https://news.google.com/rss/articles/CBMif0FVX3lxTE1aM0h4d0dfTkVHa0tfdXY1RmF0bXZlZS1tejBkT1htbTN6c2xVSk9WM2QzOVJ5SGgyb0xjclFrNVdhV3VWWlFCUml4ZDJuUGhvMGJURkRpQzJnaDVpYnhuYkxscmozTUxoNnlkcFBfVjJuVWhza3luRWRONWkzanc?oc=5,"Thu, 24 Sep 2026 07:00:00 GMT",2026-10-09T11:07:09+09:00
GoogleNews:Z世代　意識,Z世代　意識,Z世代の79%が「ご褒美消費」を実践。きっかけは努力・成果の承認(42%)よりストレス・落ち込み(44%)。Z世代のご褒美消費についての意識調査をZ-SOZOKEN（Z世代創造性研究所）が実施。 | Fiom合同会社のプレスリリース - PR TIMES,https://news.google.com/rss/articles/CBMiakFVX3lxTE9ubTd1cm5fcFh6RzNrTHlFVWlTXzQ2RmxxSzAtMldHblVEaFBfb3FCWlNGaE5sN3ZZSlhJV0dFUFFyMlhqTnM2bnhuMk83TW9mQW10SHNCM0NrMmlhX1lfZXg1WHp1eVRjUmc?oc=5,"Fri, 28 Aug 2026 07:00:00 GMT",2026-10-09T11:07:09+09:00
GoogleNews:Z世代　意識,Z世代　意識,若手の6割以上が「人よりもAIと電話する方がラク」と回答〜Z世代の電話とAIに関する意識調査〜 - 自治体通信Online,https://news.google.com/rss/articles/CBMid0FVX3lxTFBZRFlnOEZ4eF9rX3ZkMjJmVHdtVFFkWnlSYVBzNGY0cG15STJYcW1jWVhHSS1pOGZKMXREN0Z2QlFzQ1ZVNXp1ei1PcVROb3RVdTFvZEpvai03dFU5V0hJTk5DNjBJZUoyQmpMcVJWSkZ2WlZrYlc0?oc=5,"Fri, 17 Jul 2026 07:00:00 GMT",2026-10-09T11:07:09+09:00
GoogleNews:Z世代　意識,Z世代　意識,WAKA、「Z世代・α世代のタイパ意識とデジタルサービス利用実態調査」を実施 - 日本ネット経済新聞,https://news.google.com/rss/articles/CBMiVkFVX3lxTE5VYnloQ2FnVmQ2Q3VtdC01TDRETzJZcjN6cGdVaXdsblQxeVlDQTNqWjJaWFh6dE1CcVVwX08tdnlrVzgxeF9iOHoyWmlfdFFqN0dOMFV3?oc=5,"Mon, 20 Jul 2026 07:00:00 GMT",2026-10-09T11:07:09+09:00
GoogleNews:Z世代　意識,Z世代　意識,地方のZ世代「クルマ離れ」意識急速、4年で倍増47% サブスクに関心 - 日本経済新聞,https://news.google.com/rss/articles/CBMibEFVX3lxTE8zbHFnRThJWUdoLXpwVkNUN0w1SkFRNEZKWGFxb1BwRk5MLVpiQTh5N2tBZjNMdUhsUVdoRFc5ZGswektmSnBhTnhNenJ6V2l1TFJuSjBpbTJNckhCeU1qc2xzWW9NNzZ1dV8yMQ?oc=5,"Sun, 28 Jun 2026 07:00:00 GMT",2026-10-09T11:07:09+09:00
GoogleNews:Z世代　意識,Z世代　意識,日本旅行業協会「Z世代の大学生海外旅行意識調査」約8割が「海外旅行に行きたい」費用はアルバイトで - ツーリズムメディアサービス,https://news.google.com/rss/articles/CBMiSEFVX3lxTE1zZmRvTkpRRGVQWGU2ZGluMWhEazJXb241Nkc4T0Z1N21Hc3RjUmg5TUdNU3BPaEhXVnNoSTJzU1RDWnYxRGRoQw?oc=5,"Tue, 04 Aug 2026 07:00:00 GMT",2026-10-09T11:07:09+09:00
GoogleNews:Z世代　意識,Z世代　意識,Z世代の55%が「生成AIのアドバイスが行動や判断に影響」株式会社マインディアの意識調査で判明 - コマースピック,https://news.google.com/rss/articles/CBMiVkFVX3lxTE1HWjRXMk93RFNhWUM3OExweHhEd1E5XzVoTEZJTThvemNFLXVmNDdJb1B5SjJrWDhTY244bjV5UV9uc2F2ejRxUU8wb3hvbWRUVkh2ZUl3?oc=5,"Tue, 09 Jun 2026 07:00:00 GMT",2026-10-09T11:07:09+09:00
GoogleNews:Z世代　意識,Z世代　意識,「原則出社」命じる企業とテレワーク社員の意識ギャップ／“推し活依存”自覚するZ世代が2割／シニアの利用が盛んな○○アプリ、ほか (1/3) - ASCII.jp,https://news.google.com/rss/articles/CBMiVEFVX3lxTE9vaHRJODhWVWFhNWU5SzhVQUp3d3U1VldyYTJlSW4wLWMweDNsb3Z5UnFCWHZiSWhUZ0tiRi0taWx1S0Jkd3pYZkpZUXhQbVN3b0lNSg?oc=5,"Mon, 31 Aug 2026 00:55:33 GMT",2026-10-09T11:07:09+09:00
GoogleNews:Z世代　意識,Z世代　意識,過去1年でZ世代52％が中古購入 - リユース経済新聞,https://news.google.com/rss/articles/CBMiY0FVX3lxTE83ZTl3b09hVFRReDc2YzBHUEZiZ2NsM1FwbUF2TmVDbll5MG1LVG9iNmotbFhNcElPVi1PbU5iN3dYYjBQdzF1dXUxQ2EyeU5VeW8zLXlRVW13WmhDY0Q2U3ZYbw?oc=5,"Fri, 12 Jun 2026 07:00:00 GMT",2026-10-09T11:07:09+09:00
GoogleNews:Z世代　意識,Z世代　意識,Z世代、「新生活への意識・関心」ライフステージで異なる志向 GMO NIKKO調査 - ECのミカタ,https://news.google.com/rss/articles/CBMiWkFVX3lxTE5nNE9DODZNOThMVWVQSDgyekgwZ2xsbmJ3WWV4TFh4aGItOWRhak1pcGNRczM2M19HYUdpUGhYdUtVVlFOYXdtQnQyMmxNOVBnODA4NVM4NUx5Zw?oc=5,"Thu, 14 May 2026 07:00:00 GMT",2026-10-09T11:07:09+09:00
GoogleNews:Z世代　意識,Z世代　意識,【Z世代の結婚観とお金に関する意識調査2026】 物価高で、結婚願望のあるZ世代の半数以上が結婚観に変化 男女ともに7割以上が「結婚前に家計ルールの話し合い」を希望 - PR TIMES,https://news.google.com/rss/articles/CBMiakFVX3lxTE1DczFvMnZBZ1FfX3lzUkVVd2R5bHJlNW0yMVZTX2F6T2dnSGtERnN4UmNSRG5jTEp4QlZPYzhjYUtyWlU2aVNSdWhSZDFhWUVadnlPb1N5TlRDOVFnUGFzWVFId2R0YmhBQnc?oc=5,"Tue, 02 Jun 2026 07:00:00 GMT",2026-10-09T11:07:09+09:00
GoogleNews:Z世代　意識,Z世代　意識,Z世代の49%がGREEN×EXPO 2027を知らず。7千円なら55%が高い・払わない。Z世代のGREEN×EXPO 2027についての意識調査をZ-SOZOKEN（Z世代創造性研究所）が実施。 - Excite エキサイト,https://news.google.com/rss/articles/CBMidEFVX3lxTE53Uk1tQXJNYlFQV3FzS09qeHEyaG1pMmpvdzk3TVF4RVg5Umd0YzcwRzkycnFOZkFGM0VrSFdJak1OUWNudnFYcEtiZlNuRzh1SUZyanZaakNqWWZENC14TDhteklDMnZaeVYzN3pkNWNzR2R2?oc=5,"Wed, 26 Aug 2026 07:00:00 GMT",2026-10-09T11:07:09+09:00
GoogleNews:Z世代　意識,Z世代　意識,2025年度「国内Z世代意識・購買行動調査」 | デロイト トーマツ グループ - Deloitte,https://news.google.com/rss/articles/CBMiowFBVV95cUxPbmhHS05YY1dKeUdFVV90b3kzMnpkNTZoRVBNMUZWMUFiQmFvUHhLT1JWUzYyZ2dtSlhhZ1phcVFxa0x1Yk92RmNTOGNKSU9DTTNsaTFscXlTV0psZjE4LXc1VW9wbE1uWm5IX1dYX1Z0QVJ3MXBiQ053LWk0YlNhRnJpZDRybGJDTTNLUTVIMm1ac1FLRHZZNTJCWEFIbzdGa3Zv?oc=5,"Fri, 28 Nov 2025 08:00:00 GMT",2026-10-09T11:07:09+09:00
GoogleNews:Z世代　意識,Z世代　意識,サステナは“意識”から“習慣”へ──Levi’sが仕掛ける、Z世代のリペア文化再設計 - AMP[アンプ],https://news.google.com/rss/articles/CBMiYEFVX3lxTE94NFF6M0JVZTBmWGp3THNjZ0N0RTh0dU43cmFOX2xCdHJDWUxGcWxGM2N6UGZiOElsc2VfVHdyMGVPZnJoS0o4V2p0clhIdWxITUwxTVEybS00NG5VYmM4NA?oc=5,"Sun, 03 May 2026 07:00:00 GMT",2026-10-09T11:07:09+09:00
GoogleNews:Z世代　意識,Z世代　意識,20代の推し活支出が突出して高い理由——「推しのために働く」Z世代のマネー意識（ファイナンシャルフィールド） - Yahoo!ニュース,https://news.google.com/rss/articles/CBMiiAFBVV95cUxNbkJwM3pfQTVVcE5VaTMxNVFXSU9DN19SS0NSWmEzRU1RbzlCS0IwZ2Y0aGtCeV8waHhOb1lraUJKUHByendJSG4wYUhzbHJSNjBVSXdvUXJVX2EzY0JpNjlBdFR0aW85cHBYVEcyS1YwNXBWWXN3Y3E4V2JiNk1tSXVQSmdUMmVu?oc=5,"Sat, 23 May 2026 07:00:00 GMT",2026-10-09T11:07:09+09:00
GoogleNews:Z世代　意識,Z世代　意識,Z世代の約4人に1人が副業を「SNS」で探す。副業には「自分を見つめ直す」効果も？Z世代・Y世代の副業に関する意識調査を実施 | 僕と私と株式会社のプレスリリース - PR TIMES,https://news.google.com/rss/articles/CBMiakFVX3lxTFAzdEZPZUlxa292X29pN0h6WjM1Zkh6WkNQUTBNX2pTSXVPcnFMaTgwLXBZdThMMjhOUVFpekFXQ0ZCNEVUX1dtb0RBaGVoZVJzTXUtMDBhRGJIOVpaU0Nsd0dhY2VLZVl5OFE?oc=5,"Thu, 14 May 2026 07:00:00 GMT",2026-10-09T11:07:09+09:00
GoogleNews:Z世代　意識,Z世代　意識,Z世代と上司世代のお金の使い方を比較調査、SNS活用やコスパ意識に年収別ギャップ|SMBCコンシューマーファイナンス - コマースピック,https://news.google.com/rss/articles/CBMiVkFVX3lxTE5HSE5oSGdvczlNZDVJSFJBTVpyYThzcjFqRjFJRDMzSnp4eXN4WV90SUdSOTd0VkQ5blRzOGk3RWs4Z3pyTGtLU1FENjY2eUVCaDdkaXBR?oc=5,"Thu, 07 May 2026 07:00:00 GMT",2026-10-09T11:07:09+09:00
GoogleNews:Z世代　意識,Z世代　意識,【母の日】Z世代の半数以上が母親と「ほぼ毎日」連絡、約2割がインスタの繋がりあり？Z世代の母親に関する意識調査を実施 - PR TIMES,https://news.google.com/rss/articles/CBMiakFVX3lxTE11MUc3RTBFZlFrQ1BMUG5WbFM5SjJ2SEhMdFdkZWFEcWpwamtsdWp2aFFKUDFVVTJHa19HanN6RXhkNTNYX3V6MDZGQ292TEtLNHdxRUVjOVIzRjN0R1NGSDRvNWNJbTRidmc?oc=5,"Thu, 23 Apr 2026 07:00:00 GMT",2026-10-09T11:07:09+09:00
GoogleNews:Z世代　意識,Z世代　意識,【今月のチャート】健康意識が高まるZ世代、依然としてカフェインは重要な役割を担う - Euromonitor,https://news.google.com/rss/articles/CBMinAFBVV95cUxQdmJkX3dMcjJ5T2NEdmNIWjE4cVotM1pDeXpjb0ZId2IwYmk1UW12QXVObzdteTJ2VHc1cXJja0h4ZkZjTkFoNFFZa2ZlVjlfajNDeU9GSGxMV2R6ZVd1RkEzNFZVT3dYTDd2TXZDM0lkMVNnN0hfNElSRU5fa1RVa1pZdVNMZVZkdmlwc3FlVXJnMXg5TklDTnktQmE?oc=5,"Fri, 24 Apr 2026 07:00:00 GMT",2026-10-09T11:07:09+09:00
GoogleNews:Z世代　意識,Z世代　意識,アサヒ飲料、若者の「NO」といえることに関する意識調査、Z世代の約9割が「いらないものにはNO」といえる人がかっこいいと回答 - マイライフニュース,https://news.google.com/rss/articles/CBMiWEFVX3lxTFBGVXpaeHM2VHktT3BtdXRNNmZURWkycDZsem96dDZ1RnY0WU5Yb2RhQ2JTcVllVWN3RFF6RzlFMW1RNkl2YWVqSlhpMnhuUF9Ic2ZBX0FiNnA?oc=5,"Tue, 28 Apr 2026 07:00:00 GMT",2026-10-09T11:07:09+09:00
GoogleNews:Z世代　意識,Z世代　意識,ＳＭＢＣコンシューマーファイナンス調べ 有意義だと感じるお金の使い方 Z世代・若手では“将来のため”、 上司・先輩では“人のため”の優先度が高い結果に | ＳＭＢＣコンシューマーファイナンス株式会社 - アットプレス,https://news.google.com/rss/articles/CBMiTkFVX3lxTE5RRzljUkxpTFpZTDk4eGMtS1VuYi1adWJScWR2d3ZVWUQ1Sk9kTnhaMEtGYS04M210SlJReFVmTksxMmhZZVd0cDNKUTE0Zw?oc=5,"Fri, 01 May 2026 07:00:00 GMT",2026-10-09T11:07:09+09:00
GoogleNews:Z世代　意識,Z世代　意識,「原則出社」命じる企業とテレワーク社員の意識ギャップ／“推し活依存”自覚するZ世代が2割／シニアの利用が盛んな○○アプ - ニコニコニュース,https://news.google.com/rss/articles/CBMib0FVX3lxTE5TNW1OT0xmQkFfenFiUjFJUEozY0kwTHdDSWYtZVdTS19FUTRWU2JpY1JCcjZ5b2M5LTVhajJaS0N5alhyODRZaEhidWhLQi1XRzZjaUtZQjJvQWFWQjNiMTRGTmU2OExoV2Fpd0lnNA?oc=5,"Mon, 31 Aug 2026 07:00:00 GMT",2026-10-09T11:07:09+09:00
GoogleNews:Z世代　意識,Z世代　意識,【調査リリース】Z世代における「ブルーカラー・施工管理職」に関する意識調査／6割以上が「就職先としてまったく考えられない」と回答／20代で年収500万円でも「施工管理職を希望する」は0％ - PR TIMES,https://news.google.com/rss/articles/CBMiakFVX3lxTE1BS2g1M1JJX2ZpTVRjY3U2ZDRzSVFZZ0stZUE1MHBpei1BQWNEcXA1YUtId1lnWFNSODRUdk9OUS14YllBdHVrSWo0MzFQUllNTlVCb1VUTUR5REpJaDZJQ2tJVkMyMzFMUUE?oc=5,"Tue, 14 Apr 2026 07:00:00 GMT",2026-10-09T11:07:09+09:00
GoogleNews:Z世代　意識,Z世代　意識,APACのZ世代半数が毎日AI利用 安全意識に課題 - CHOSUNBIZ - Chosunbiz,https://news.google.com/rss/articles/CBMiekFVX3lxTE1teEZpTXR0VU8zSjl2aXdBTVlESTJSZ3JiMFNRdUlnMmo5RFpuSE53Y3VCQ3pwREU3LWtRaWRFWWw4d1pqam9hQWpjU1V0MW1OMVVsLVUwcXp3c2hPdWhqVGxwRVc5Y3M1MXZ6dk5iSmpud1d6alZRbGx30gGOAUFVX3lxTE0ydG9nLUwtQmc5OVpRQnc2SEZUbG5wdjJwOW9FYlVYWWx1VFBsanQtQWE4TS1JeTlLd1lCLUlpYjVFV18zR0c5bkFReDNaMzBleVNSSE9BNU8zZ1pERHhmM2c2VTNhSWFTWFc3ekJ0RUt4djJ1YXV3bFdYbnRPdW0tVHktYWdmaDI3eC01OFE?oc=5,"Thu, 03 Sep 2026 07:00:00 GMT",2026-10-09T11:07:09+09:00
GoogleNews:Z世代　意識,Z世代　意識,【2026年Z世代消費行動調査レポート】Z世代は一括りにできない！3世代に細分化すると消費行動の違いが明らかに！OASIZ「３層から読み解くZ世代新構造」 - PR TIMES,https://news.google.com/rss/articles/CBMiakFVX3lxTE9icVBZb1Z3bHJrdXpGdDA2TDRWcmd3OHZNSjNGR2ZYTTVvTjdPcTlSZ2t4V2pERW5jbUFKNktjQmtubFFTR2owNlpZXzRabE9ObF9zSmwzS0MtY1pBUVBoX2J4SGpFMzhSMFE?oc=5,"Tue, 23 Dec 2025 08:00:00 GMT",2026-10-09T11:07:09+09:00
GoogleNews:Z世代　意識,Z世代　意識,【調査リリース】Z世代における社会人基礎力に関する意識調査／就職・転職活動中の64.2%が「電話対応が負担」と回答／「咄嗟の対応」や「言葉だけでのやり取り」に不安強い傾向 | 株式会社UZUZホールディングスのプレスリリース - PR TIMES,https://news.google.com/rss/articles/CBMiakFVX3lxTE5PdTJQbVB1R2VoUmdwUUlxX1VELXloYVd4X3V1UUZLd2JnTTA1ZVJVZ2VUekNEUDZSZVZhYWhwMXUyYXVBT1dZNWpOUkp2dHNkQWl6MEFxVkkxYmU5NVZBRzF0dFBiVUNqelE?oc=5,"Fri, 06 Feb 2026 08:00:00 GMT",2026-10-09T11:07:09+09:00
GoogleNews:Z世代　意識,Z世代　意識,Z世代の69%が動画広告を即スキップ。没入型広告の成功の鍵は「世界観の破壊」(25%)を避けること。Z世代の没入型広告についての意識調査をZ-SOZOKEN（Z世代創造性研究所）が実施。 | Fiom合同会社のプレスリリース - PR TIMES,https://news.google.com/rss/articles/CBMiakFVX3lxTE0zQ2s2cnViZVBUellWMW04TWFhX3RWWkJKMHF4bXM5TFc2VlV3aFJyTy1BZEFseEF0d2c3RXVyMVhDUkprX0lHUGdzdGNSMkIycG92TlZzMjlvbmtFWklPdmN1VW9iTUpkQnc?oc=5,"Fri, 27 Mar 2026 07:00:00 GMT",2026-10-09T11:07:09+09:00
GoogleNews:Z世代　意識,Z世代　意識,Ｚ世代にとってサステナビリティは本当に「意識高い系」なのか（２）－データで見る「責任意識」から「サステナ行動」へ至る経路と構造 - ニッセイ基礎研究所,https://news.google.com/rss/articles/CBMib0FVX3lxTE1pTTJkYzhyWEtvOHpRdDVoUTlfNU5UM3RadVhnZzhsLVN3NmctcnRQYWdqeTl0aDVHY3BDY0E0QU5GeGpkcGtUOWplVDhOY2dqSzU2Rk93WGZRMV9QRnVwc01leGE4d2ZQVHZIZ1RxUdIBf0FVX3lxTE5lZHVaWVdQaHFuZ0ZORXNJenY4NnhnR3NLaWhNTlFqbnVLTjFJelFpc0JnT0U0WTFnd2dIOEF4SnBxTmNYbkxDRTYyYjI3RlhBMzZtcmFSZE5tODBHMmxmVXQxQzY5TThTaHlJTms1VVNXdVRiQzdXVEJDSXphbnc?oc=5,"Tue, 17 Mar 2026 07:00:00 GMT",2026-10-09T11:07:09+09:00
GoogleNews:Z世代　意識,Z世代　意識,Z世代の3人に1人が職場の飲み会に不参加。参加条件は「会社負担」「2時間以内」などコスパ・タイパ重視か。「飲み会」に関する意識調査を実施 - PR TIMES,https://news.google.com/rss/articles/CBMiakFVX3lxTE80aUstbjVWUmVIT1pnVi1ybHRlYld3YW9DcDRhVHkwQzVxS25yNlVYM3ZfR2lkQnBhNGJMWWhCRnRFSFhOQVJpRlppZUp4MWlqUnFuMHdMVFhPR3NRQ0NKZXFiWEQtRk1hUWc?oc=5,"Fri, 06 Mar 2026 08:00:00 GMT",2026-10-09T11:07:09+09:00
GoogleNews:Z世代　意識,Z世代　意識,Ｚ世代にとってサステナビリティは本当に「意識高い系」なのか－若年層の「利他性」をめぐるジレンマと、その突破口の分析 - ニッセイ基礎研究所,https://news.google.com/rss/articles/CBMib0FVX3lxTE85c0lQWWZGYzdIZ21Bd0NnNUgyMzczOHQ4eXpNT1hHMTlQa1paUW9qSndhVW1mdGVxZUo4dk1ETTNGTXYySzVoaFBjZmI1TFpIUkVrTXdPY2doSTM0Z0EyazYtYmc3VXlPeWlySHplY9IBf0FVX3lxTE5zNVd5S09lYVlCS19nU1dsZlQ3TVc1bFNJd2ZaWTVxdmVJdEtqRm1BbllVU0xEX2RrZ0w1M1Z2SzZ5RjV0OGcwcUdleEVJaEYxbEdWM0pmUTNEakhlNEV4TWJ6bTlTNWx6ejlWcjh1ZkpHS2VXXzhzd1hXTFM3R0k?oc=5,"Wed, 27 Aug 2025 07:00:00 GMT",2026-10-09T11:07:09+09:00
GoogleNews:Z世代　意識,Z世代　意識,【働き方の意識調査】Z世代は本当に安定志向？ベンチャー若手の“約半数”が描く「自ら選ぶ」キャリア像 - PR TIMES,https://news.google.com/rss/articles/CBMiakFVX3lxTE93UnlsclJMb3VldERDUnhXb1Q0UXdLS0ZtMHRzYU5XVk15NHRpUW9OaWdIZVdxVkhzVEFPQWtabGU0dTRBdUxDTGZaSVBDY1NqU0xkUUxGZEVmU3E0UHlmSHdkNFpFZ3dWS1E?oc=5,"Fri, 13 Feb 2026 08:00:00 GMT",2026-10-09T11:07:09+09:00
GoogleNews:Z世代　意識,Z世代　意識,日本のZ世代意識調査：SNSのイメージや消費感度編 - 株式会社ネオマーケティング,https://news.google.com/rss/articles/CBMie0FVX3lxTFBuVFNQeDFZWDBsXzJzWm9tdGdqSnpUSy1vVHVycUtEY3pPemExVE5pbUh3QU1OQnZMUTRCRkRWMGlnY3JWeHBPOVZhaGlnMjlHRUdTRGU3dmJnVmRJc3paa1ZmMFM0S2lwMFgwUXllek81QkN3SEJnNEQySdIBiwFBVV95cUxQVXNFYjRtOTdva3ljMXc4U0lYcnhjTFVqdE9PaUdkdjRrbFpjeHZ1Q0ZkR2FHd2wzdmpRQnppV2liU0NyUEVhS09zd1ZXbDNPTU9EVlNDVVFVdjJVZXF2SlV5d0VmUVVxTlY0TWRRcldEMmNENXVHLTlpdXE5UFVUcU14emRyMEp5YUln?oc=5,"Fri, 26 Sep 2025 07:00:00 GMT",2026-10-09T11:07:09+09:00
GoogleNews:Z世代　意識,Z世代　意識,【調査リリース】Z世代における転職に関する意識調査／就職・転職活動中の80.6%が「転職にいいイメージがある」と回答／「3年は仕事を続けるべき」との考えは、7割強が否定的な受け止め - PR TIMES,https://news.google.com/rss/articles/CBMiakFVX3lxTE5tRlJkOVNTNzM4cEZRLXFxaDlDU09ZNm50aDF0UmpkRUMwbnF1UXc3R2M2Y3F2SnhvS1ZRV2dlOTh5V3RCYmlsSFFtalF1cXp6VkRHeE1ZOUUxU3Rxa25TV1N1SV9pSkhaUmc?oc=5,"Fri, 21 Nov 2025 08:00:00 GMT",2026-10-09T11:07:09+09:00
GoogleNews:Z世代　意識,Z世代　意識,Z世代の約8割に「ストック消費」が定着。「外食」に関する意識調査を実施 - PR TIMES,https://news.google.com/rss/articles/CBMiakFVX3lxTE8zMHVaTjdHTG4zbFNtdnNhSS1fS2w3VkNYQXMyS3hrVGt2MGIwT2V6bTJORHZsWjlsSWl4TFRhdjJKODJsYkhRT1pRdzRnMzloaTYwcG5UQ3BYQjZCQzBOZV9iTF8zNjdjR2c?oc=5,"Wed, 07 Jan 2026 08:00:00 GMT",2026-10-09T11:07:09+09:00
GoogleNews:Z世代　意識,Z世代　意識,Z世代の時間の使い方に関する意識調査 - PR TIMES,https://news.google.com/rss/articles/CBMiakFVX3lxTE9QZm90YmZ5UkVGTjUyNk9qclRKMHVTY3U5NVQ0MHlzekpJaGFsUjBjQzdORlF0SkxPa21NQlJzeTRPcEJncEM3azJBbHQzazZlX0I0YTR5b3pYbTMzZVBJVVhtaTBBRjQ1RVE?oc=5,"Wed, 25 Sep 2024 07:00:00 GMT",2026-10-09T11:07:09+09:00
GoogleNews:Z世代　意識,Z世代　意識,Z世代の45%が「小学生頃」に郷愁 ノスタルジーマーケティングの意識調査でFiom合同会社が発表 - コマースピック,https://news.google.com/rss/articles/CBMiVkFVX3lxTE9KZDdIN2Vjd0JvYmFfX0Zybnc1QzFZeWU0dDFOaDNsSlptdklFR2NKOS1QOE16N0Q4MEoyQ0NIbmVQazRTR2dqT3EzZ19JeUlEaDQwckx3?oc=5,"Thu, 26 Mar 2026 07:00:00 GMT",2026-10-09T11:07:09+09:00
GoogleNews:Z世代　意識,Z世代　意識,Z世代の熱狂を生み出すマーケティングに注目 - ニッキンONLINE,https://news.google.com/rss/articles/CBMiYEFVX3lxTFA2Sm5rbU40VFdwVnI1RkJyUmVPS1dfcEpvc2pzU0ZmTGNVdWNuZGZqQnU1WW8zd1dzaElHZ21Ob0lpWWJHeFFjM2lEQjZDUlA0b0NhOThtUkRDUnczaE9ZYQ?oc=5,"Sat, 31 Jan 2026 08:00:00 GMT",2026-10-09T11:07:09+09:00
GoogleNews:Z世代　意識,Z世代　意識,就社意識は高いがキャリア意欲は高くない Z世代新入社員の8つの特徴とリスク - ログミーBusiness,https://news.google.com/rss/articles/CBMiS0FVX3lxTE5kMnp5T2VtMXkyN2M1YzViNXJqM0U3RWM5TGlXdkc3Z3Z0SmdvN0hfZERydTh1VkFyaks0Qk5fbWtHeWx5Ty1WdlhtOA?oc=5,"Tue, 24 Mar 2026 02:24:40 GMT",2026-10-09T11:07:09+09:00
GoogleNews:Z世代　意識,Z世代　意識,Z世代の47%が企業の中途半端な復刻に拒否感。懐かしさ消費の原動力は自己肯定感（36%）。Z世代のノスタルジーマーケティングについての意識調査をZ-SOZOKEN（Z世代創造性研究所）が実施。 | Fiom合同会社のプレスリリース - PR TIMES,https://news.google.com/rss/articles/CBMiakFVX3lxTE9RUUxzazFUY3RORnQ5Z3dIWDI1OFhmc2gydExDTFRWZDdzXzNfeFRUMnFHSVVVTVcxSFNWSEJMSi1qTDRxQ19RdGp5WGgxNVd4aVU0ZnVvRlV6dXFrMDVrd1kxMjZicUd4dVE?oc=5,"Thu, 26 Mar 2026 07:00:00 GMT",2026-10-09T11:07:09+09:00
GoogleNews:Z世代　意識,Z世代　意識,“Z世代は飲み会嫌い”は本当か？ 世代を隔てる“配慮”の存在 - 電通報,https://news.google.com/rss/articles/CBMiS0FVX3lxTE5XdjRnVnU0RlBTaWo5amxPSGVNTnFSb3BNM2RZWklGamVHLXl5Yi1UOE5pc252Z01iU2VuamcxanMzbEJ4T2VHVlp1bw?oc=5,"Fri, 19 Dec 2025 08:00:00 GMT",2026-10-09T11:07:09+09:00
GoogleNews:Z世代　意識,Z世代　意識,Z世代の人権意識に焦点 ひょうご人権シンポジウム、26日に神戸で [兵庫県] - 朝日新聞,https://news.google.com/rss/articles/CBMiZ0FVX3lxTE9qUGlRNGJvWHFwMnYwTXBIOE1qRXpvWEtQRWZHUmthcTZpV0pCOEV0eTdySGFTekhhX1J2WlEydV9IMmRJanZjZW5aZmQ2RTAtbUhjeXpScUxQNlVaTWZma2MyYkc5SkU?oc=5,"Fri, 27 Feb 2026 08:00:00 GMT",2026-10-09T11:07:09+09:00
GoogleNews:Z世代　意識,Z世代　意識,BeRealの魅力は「比較からの解放」。Z世代の50%がリアルな友情の深化を実感、「SNS疲れ」の受け皿に。Z世代のBeRealについての意識調査をZ-SOZOKEN（Z世代創造性研究所）が実施。 - PR TIMES,https://news.google.com/rss/articles/CBMiakFVX3lxTFBZQklLUUFlNTBuRUlUVElPYWdtUWxXXzVrUmxFTURHVjF5ZERmLXdTd0h5M2YyUHp1SC1POFk1Wll3X0JocjlycDNrdUVwNzVBY2RJRW56dThLLTRFbnNQOHJpQUtjS04yYWc?oc=5,"Thu, 13 Nov 2025 08:00:00 GMT",2026-10-09T11:07:09+09:00
GoogleNews:Z世代　意識,Z世代　意識,"X世代・Y世代・Z世代の3世代2,050人の働き手を対象にした、仕事での生成AI利用に関する意識調査 - アデコ コーポレートサイト",https://news.google.com/rss/articles/CBMiV0FVX3lxTE01eFhRYmwzNkZPb2VYQmlFXzFnLU5ZZ2VUMml3N3hYR0FYeEN3U2RsSVk5RDVEUjZraEt4QXJyN3VZVHA4V05fZEFqMnNsMkdOemdpaGVHRQ?oc=5,"Thu, 16 Oct 2025 01:19:24 GMT",2026-10-09T11:07:09+09:00
GoogleNews:Z世代　意識,Z世代　意識,Z世代の就労意識調査レポート2025｜転職は社会人の2割が「頻繁に」、4割が「時々」考える ～企業は短期間の離職可能性を前提とした人材マネジメントが不可欠 - アイマガジン,https://news.google.com/rss/articles/CBMiW0FVX3lxTFBBMHVQamVneG94QWRBQjVFM3BITHFvUXZTcXNSQUFjbElZLTNGWkhoQl9QdWlOc0hYYXNJUU9yY09jTUtneThxdkVNOEo4RFVkX2k4UVptcElXWkk?oc=5,"Fri, 06 Jun 2025 07:00:00 GMT",2026-10-09T11:07:09+09:00
GoogleNews:Z世代　意識,Z世代　意識,生成AI時代の「仕事」をめぐる大学生の不安の実情－高い就職率でも揺れ動く、Z世代の「自己成長」意識 - ニッセイ基礎研究所,https://news.google.com/rss/articles/CBMib0FVX3lxTE9abWtpMFA0M0RDSjlHU21CdjNHd0hCVDdYUDFZRmJqWi1kWXdpX2FLNzRBRGFuVGE5R3ZuSE04Zm93M1VHdDRXZm15X3VZWUZLM24tT3JLWmVBSUpwU3g0UEtFS0ZuR3RuMldnTWIwONIBf0FVX3lxTFAtLWRlbG9od05zZDEwWVdUejlEbUdJM0MwVXY1eGpIQTVUS09vWnAtNFFGYkVQRFlBcXdVQVYtWk1YY2xsZUJ0ejRkakQ1TFVtREdYWk1taEtSSkpvaWJwSUFUQTFvNG84eXdBcnlqWFh5ZnBsanNjQmtvSmNUanc?oc=5,"Tue, 27 Jan 2026 08:00:00 GMT",2026-10-09T11:07:09+09:00
GoogleNews:Z世代　意識,Z世代　意識,むしろ、ひとりが楽しい!?Z世代の4割が“ソロ活”経験あり。「ひとり時間の過ごし方」に関する意識調査を実施 - PR TIMES,https://news.google.com/rss/articles/CBMiakFVX3lxTE5qUVhSX25ISTg2a0hEbmZqMk5CWkxOZlNTNUNkc3Q4LV9uOVdVQklLZUVIV3lkQXNpMDEwdVNDTllRbDl3NXhaVzBDLWlIZnE3MzV5TU5td3JKOHc3SDJRVnFCcDVBNTZFZEE?oc=5,"Thu, 30 Oct 2025 07:00:00 GMT",2026-10-09T11:07:09+09:00
GoogleNews:Z世代　意識,Z世代　意識,日本と米国のZ世代意識調査：SDGs編 - 株式会社ネオマーケティング,https://news.google.com/rss/articles/CBMiekFVX3lxTE9jWEdVVG1hMEJGQ3k4MGJVdVNxcE1PUVFSeXhkRG14MjBRWE9xQi1aUE9EU3kzUllYd1FZbzVVNWtzeWV2YndLRTVqcUVzRGJKdFBQcXhRT1VIZ1Y3N3g0NFJ1WGlBQW5DSW1ackltODBTaGpERnQ0dUtB0gGKAUFVX3lxTE42akZNR2libjJKTy1sN1hRM0hoR2IzNGZCd25BRDJVMExxbUxCZmRBaWl5eThvQWFrWlZkb1FvSVZEQ1F2OTFPUXdlWGROdXVlR2xTMks5UjZBSWFqRm5TNFpyYTlyZXRqaGtXejItMVc1TzhxWjYzVl9mOUFIa3kwQzUweW9mUkNnUQ?oc=5,"Thu, 18 Sep 2025 07:00:00 GMT",2026-10-09T11:07:09+09:00
GoogleNews:Z世代　意識,Z世代　意識,Z世代は節約しながらも趣味やご褒美には積極消費、デロイト トーマツ調査 - こどもとIT,https://news.google.com/rss/articles/CBMiZEFVX3lxTE1CSzhNcjVLZHZpRTkwRWdHSVdxN2EtY2VIYW5PVVRyaHI0SmVCeGhsSHNHNUw0OC1QWjZnSVhvT1pGWndhYWFaMk5LNDNLTVlnZEV0VzdVc3A3SmhvdnV4cnlBczE?oc=5,"Mon, 01 Dec 2025 08:00:00 GMT",2026-10-09T11:07:09+09:00
GoogleNews:Z世代　意識,Z世代　意識,【Z世代の就活×環境の意識調査】7割以上が環境に悪影響のある企業を回避。就活条件と環境意識の両立とは？ - PR TIMES,https://news.google.com/rss/articles/CBMiakFVX3lxTE5MUFFTeGpuYnoyS1ZZXzdMZTEzZUV4RWQtUTBPQldCR2ZrUFc2YWZ1V1JmYnhCUFZkekdNQllXQTNvMDJIWXN2aU9yMk1ZSzI2WjFwaHB4OTBybU9xVW15UWt1UFFmQVFfWHc?oc=5,"Wed, 26 Feb 2025 08:00:00 GMT",2026-10-09T11:07:09+09:00
GoogleNews:Z世代　意識,Z世代　意識,Ｚ世代の消費志向とサステナブル意識－経済・社会的背景から見た４つの特徴 - ニッセイ基礎研究所,https://news.google.com/rss/articles/CBMib0FVX3lxTFBCNk9vVDktZmFZelk1cDdhRDR2Mm5lOTVncXRRSE9VSjZHbkVmZFg2N2FEbUxSSmRDQnQ2T2FuaWpwamx5UEhiSHAxdXVzd09qLWl0TTk2V3I2aG8yZmYzOXZCOFRReEt4VTBSS2JNY9IBf0FVX3lxTFBPcWpVT0ZLYnlWMExMZ1hCQkpROV8zQUFvazZxcDY2clp3RUZKaGlyRUZmNklYVTJsV2JBVklFUnVZOU5RQ1ItTm1nbC1RY3NWTWk1LTAzMndiMWNQcjFvb01XOFJPc3VUMVExYUVUR01QT1Y1YXhvR2hHdkI3NW8?oc=5,"Tue, 10 Sep 2024 07:00:00 GMT",2026-10-09T11:07:09+09:00
GoogleNews:Z世代　意識,Z世代　意識,【調査リリース】「情報源としてのメディア」に関するZ世代の意識調査／就職・転職の情報源として「Webメディア」一強、「テレビ」「新聞」の影響力はほぼ皆無 - PR TIMES,https://news.google.com/rss/articles/CBMiakFVX3lxTE5ITUp5UmdPbExRWXZpc0RIdTB3M2NUNW1GLTA3d2Z0NzFRN2NzYm9Vd0liWk55cGt5d3hqSDhNelgzNDNhQWxUbVF2ZXBHNUR2ZkZQMEtUUi02YlZMMnl1SXJEb09sMXNPaFE?oc=5,"Tue, 04 Mar 2025 08:00:00 GMT",2026-10-09T11:07:09+09:00
GoogleNews:Z世代　意識,Z世代　意識,『Z世代のSNS毎の使われ方が明らかに！Z世代の意識・SNS購買行動調査レポート』公開 | 株式会社CREAVEのプレスリリース - PR TIMES,https://news.google.com/rss/articles/CBMiakFVX3lxTE90Z0JMcVN1VExXenVXNFFFczRiTURlT0duZzVUNUxLNEJjOF9fRXAwblhQeGJpMjc1RDNPaEhkbFNPMWQ3RHZ1aGM4OU0yVzY2UHZaZDBTVFNjS3ZrcGZnS0ZaMldqenM5c3c?oc=5,"Tue, 22 Jul 2025 07:00:00 GMT",2026-10-09T11:07:09+09:00
GoogleNews:Z世代　意識,Z世代　意識,これまで関東または関西を中心としてZ世代調査を継続して実施してきましたが、今回は全国の各地域と１０代Z世代にスポットを当てながら、エリアで異なるZ世代の価値観を探りました。 - daiko.co.jp,https://news.google.com/rss/articles/CBMiZ0FVX3lxTE1IS0x1VjNTcXRhSmNOMTVmWlExdnA0LVVaMEc5Z1RmX0UxeEM3Y2FNMEgyMm5fUER0WWJoYVQtVW5aQThoRjVvQmVIdkFFVWxGMUpHbThLOTJvazA4VW1Da2FBbzRpcjg?oc=5,"Thu, 06 Feb 2025 08:00:00 GMT",2026-10-09T11:07:09+09:00
GoogleNews:Z世代　意識,Z世代　意識,Z世代のファッショントレンド意識調査、スタイルアリーナが表参道で街頭インタビューを実施 - コマースピック,https://news.google.com/rss/articles/CBMiVkFVX3lxTE5RWEgwcmFhVGp2VllRZ0NBNW53cS05WFhlcWY0Ylhua0tvQTRQanRTZDE2bUlQdlpEeVJDVmhlQU1TSHZpazhEek5FVmpxc2JVZC1JM3hn?oc=5,"Tue, 03 Mar 2026 08:00:00 GMT",2026-10-09T11:07:09+09:00
GoogleNews:Z世代　意識,Z世代　意識,Z世代はS（ソーシャル）世代に 大学生意識調査2025発表 - AdverTimes.（アドタイ） by 宣伝会議,https://news.google.com/rss/articles/CBMiX0FVX3lxTE43a3p4VDluRmtZZ2pKMUJyMXhJUnl1Mjc3TkhodC1ETkhrM0dLZk9MVl9fQ29IOWU0RldFb2s0d0RSR0NKeGJraUlnUG41bjl5eHBScEJVSHUtNzVVNGdr?oc=5,"Mon, 22 Dec 2025 08:00:00 GMT",2026-10-09T11:07:09+09:00
GoogleNews:Z世代　意識,Z世代　意識,Z世代の6割超が電話対応に負担感、社会人基礎力の意識調査で明らかに - こどもとIT,https://news.google.com/rss/articles/CBMiZEFVX3lxTE9HUFNYbmpSblFFeTAwQjJLYmR5SWdtekdrRG1CdGkzeUtzSmJOeDkzcVVRdUUyT1lUaEgzMXZqTUM3b3dQYkxaSGpZSXdMNUFRZk5YWmtvM0E1SmlwVlJsWTktMmg?oc=5,"Mon, 09 Feb 2026 08:00:00 GMT",2026-10-09T11:07:09+09:00
GoogleNews:Z世代　意識,Z世代　意識,【Z世代若手社員の意識調査】理想の社風、4割が「フラットで風通しが良い」と回答し最多。 | 株式会社ペンマークのプレスリリース - PR TIMES,https://news.google.com/rss/articles/CBMiakFVX3lxTE9qb2VqQzlNcm9RdjhKVzNuU3pZUWxjckJ4dHhmM2dfbVRaaWJtc193N1p5QkNKeGlReUFyWGkwbzZrZm5GeDBvYXJ2NXdxb01hVGtxV0VfX3ZMVEQtVVZLNkY0cnVzYi1zbEE?oc=5,"Thu, 26 Jun 2025 07:00:00 GMT",2026-10-09T11:07:09+09:00
GoogleNews:Z世代　意識,Z世代　意識,2026年Z世代女子トレンド調査発表--63.8%が「節約意識が高まる」、流行りそうな言葉は「滅」 - マイナビニュース,https://news.google.com/rss/articles/CBMiXEFVX3lxTE4zZmd0dUdPcGpXbjZEdWYtdWxfSlVsNmdzbmhMbWZrTFpZYnVlLVNWblctUTZVZFF6TGNSeDNzSzJHckJwT3JJVGRyaEk0djh0MTZsTzhxOENiUFJl?oc=5,"Mon, 06 Apr 2026 07:00:00 GMT",2026-10-09T11:07:09+09:00
GoogleNews:Z世代　意識,Z世代　意識,Z世代の消費志向とサステナブル意識－経済・社会的背景から見た4つの特徴 - ニッセイ基礎研究所,https://news.google.com/rss/articles/CBMib0FVX3lxTE5HeEhoWnNMc1NzdWdYb2xMN2dTNC1pT285MVpkaFR6WVJCYTMzX0p2a1dJb3BmQzFNS01HejlQU2xOaHBmWDBRSTlkTF9UbHBZbTF3OVFvenN1RTk1MkctWDJFZmR1ZVlaeWp3VGo0ONIBf0FVX3lxTFBmZEx0ZTc1UFk5T1BpXzBEc09rTnlUYnBMdlNvN09JRTVwcm5yQmJGVTNMRmZuek1Fb1pRM1BUckhRV01zckRzM2V6YmZHZUlqdGQ4Z1VxZlBoaUxZdnBiOVFDMkY4QkU2VF85UVNod1puYUZHaE1uM1YwbXFlbEU?oc=5,"Fri, 08 Nov 2024 08:00:00 GMT",2026-10-09T11:07:09+09:00
GoogleNews:Z世代　意識,Z世代　意識,日本と米国のZ世代意識調査：SNSのイメージや消費感度編 - 株式会社ネオマーケティング,https://news.google.com/rss/articles/CBMigAFBVV95cUxPVzNwZC1lT2RxSjhQbXhQWGZuUFpRTWpoYVdrTGhZamtwdHVTc2xjMWZKbTU4WlJQc3FnT0x0U3luMkNEWUNVb01pNG1mSzhKbG1QbFhEVVcwM2Y1Q24tdk5rQlhlaEd4N01tX3FBc2xCNFNHb0pZbmN2YUtVbjJWcNIBkAFBVV95cUxNeEhpdGZ6WXMxRllOdndYWE1xTl9mNDU1SGh2b0swbXhQYS1iZmFTcWtVRkFpWGpGblMzWWhSNnNmNmZzMGpiUnlFN3pBQ1hxdHpRX2thR3BueVhpbTNPeFB4YjdtR2tTem1CSDBYVHJDSFJGNXpLa3lPdnl1dDdXdGJ5b2N5ZU1pYkkwZlVEX1M?oc=5,"Fri, 26 Sep 2025 07:00:00 GMT",2026-10-09T11:07:09+09:00
GoogleNews:シニア　意識,シニア　意識,「リゾートバイト」するシニア、14年で86倍に 企業が知るべき60代の意識変化 - 日経ビジネス電子版,https://news.google.com/rss/articles/CBMiZ0FVX3lxTE81V0p2d2l6OExpcW5QeEJfaElZMGxQZm9zMEpvaU84a1RJSmo2Qk52TG8yWjQ2YU1aMWNhRHBzZ25aNlZ5ZzZBWG9PRGV0VEZFYnlUUldiLXF1T3ktRFRGWjNqMFhSckk?oc=5,"Tue, 06 Oct 2026 20:00:00 GMT",2026-10-09T11:07:11+09:00
GoogleNews:シニア　意識,シニア　意識,"【シニアの意識調査】認知症は「誰にでも起こりうる」が9割弱も、脳の健康チェック未受診は6割弱。コスモラボが1,837名に実態調査 - PR TIMES",https://news.google.com/rss/articles/CBMiakFVX3lxTE1OWmNLMWVXNUZxZHV1bDJ3Nm45eTh4U3p6WU1yZ09CLThZTVhMVHF3S05mMUFzX1VZcW56U2RzRXA1R2pIeDJfRy16aGJzVkpRNkMtWk5Gc0lXOTgtdkkxRmZrVFI5clpUWEE?oc=5,"Wed, 07 Oct 2026 01:30:02 GMT",2026-10-09T11:07:11+09:00
GoogleNews:シニア　意識,シニア　意識,【薬と賢くつきあうために】シニアが意識すべきは“減らすこと”…医師が解説「同じ量でも高齢者では“効きすぎる”ことも」「既往歴がないなら何種類も薬をのむ必要はない」 (女性セブンプラス) - Yahoo!ニュース,https://news.google.com/rss/articles/CBMijgFBVV95cUxQSlU2YWt5Z3RFRlpYY24wYzI3WTVseHRTN01DdEZRWVFUVWJiNm95T1VXTjVoQzFfeTlrTXlRMFFvc1Nkck55ekFIV0hDbGpucmJqVk50WHdTZnptNi12dms1NmpOVFVINHJCM254bDREUVg4NmE1eUpOckpxLUNWNXdOcTlZVnllVGg2X1Zn?oc=5,"Wed, 07 Oct 2026 07:17:24 GMT",2026-10-09T11:07:11+09:00
GoogleNews:シニア　意識,シニア　意識,ミドルシニアの働く意識に関する実態調査 - マイナビキャリアリサーチLab,https://news.google.com/rss/articles/CBMiakFVX3lxTFBCcTN3QlE5dllMTjlhSEdNS1A3MUhDSWFsVFkyVkRnV1N6c2lwUDBoRFFmMUdxNm9SeUd5WklzSnFERlRHZ1JDbVFaeXkwRHV3SVNoYndBUXQ5Y1Vlenl1a0tEMzJrbXg1NGc?oc=5,"Fri, 28 Aug 2026 07:00:00 GMT",2026-10-09T11:07:11+09:00
GoogleNews:シニア　意識,シニア　意識,転職サービス「doda」、 ミドルシニアの転職意識調査レポート【2026年版】を発表 ～ミドルシニアの5人に1人が「転職検討・活動中」、 転職では入社後の人間関係や能力発揮など「環境への適応」を懸念・重視する傾向に 企業による受け入れ体制の整備が定着・活躍のカギ～ | パ - PERSOL CAREER,https://news.google.com/rss/articles/CBMif0FVX3lxTE9pUjdwZVdtOS1xbUNnYnBDb19MSUZJdVZ3MjdnY2cyUkZPdGNYbXpiS3pvbERvWTRCNHJqSVRQellkeFZjcGExcmc4MkJCblk4N1ZwTXhaT0Z6UTExeHJYM2pVVkg1b3dZUkFtY0hWLXpEcnp1Q2FxTVJQU2tQSVk?oc=5,"Thu, 25 Jun 2026 07:00:00 GMT",2026-10-09T11:07:11+09:00
GoogleNews:シニア　意識,シニア　意識,株式会社プロ人材機構が「シニア・プロ人材の意識調査2026」を発表。経営層が持つ「経験資産」の活用機会の不全が浮き彫りに - PR TIMES,https://news.google.com/rss/articles/CBMiakFVX3lxTE4zR1ZydGlzcnZfZUZQODBCU0YtdGdEdjhBN0g1QXByQVF2QTRPZE8yUS1EZHNhM01MbV9wYS1tQ21PTXdDbzBPanlzeGtpcmgxQk1iLXJ6TE81N29jc0RqZVhNNEJmV3J0YlE?oc=5,"Wed, 07 Oct 2026 02:00:02 GMT",2026-10-09T11:07:11+09:00
GoogleNews:シニア　意識,シニア　意識,【シニアの意識調査】60歳以上の約3人に2人が「コリの痛み」を実感 約4割が「外出頻度に影響」と回答（株式会社アテックス） - Yahoo!ニュース,https://news.google.com/rss/articles/CBMif0FVX3lxTE9jNzBHa3c4Z001WFNMTTV3YU5VckVPejZZcUpUTmNQN25saXFtZ0hULVR3cnY1X1dhU3p5UVQ3WFN4cnFEXzRjVF9jdUlBeEk0SHVQNlJjak1oMDR2RnhWc292UEhfLWFFRzFlN1RYWC1qQzgwMlV0U0xlY29aZVE?oc=5,"Thu, 01 Oct 2026 01:02:44 GMT",2026-10-09T11:07:11+09:00
GoogleNews:シニア　意識,シニア　意識,【薬と賢くつきあうために】シニアが意識すべきは“減らすこと”…医師が解説「同じ量でも高齢者では“効きすぎる”ことも」「既往歴がないなら何種類も薬をのむ必要はない」 - Infoseek,https://news.google.com/rss/articles/CBMiakFVX3lxTE9VRkFxRnJVa2JrR1ljN3lCVG9kWHphbDdWOUozTzA5U3ZZUC1FV0dadUZOMndPVHpqQlE2dzZPUHN2UEh1cmlXekJBcUxQSzRIVzJ0WVBWS0c0TWdPVXVVUTVjaFpTd3BpUHfSAWpBVV95cUxPVUZBcUZyVWtia0dZYzd5QlRvZFh6YWw3VjlKM08wOVN2WVAtRVdHWnVGTjJ3T1R6akJRNnc2T1BzdlBIdXJpV3pCQXFMUEs0SFcydFlQVktHNE1nT1V1VVE1Y2haU3dwaVB3?oc=5,"Wed, 07 Oct 2026 02:00:00 GMT",2026-10-09T11:07:11+09:00
GoogleNews:シニア　意識,シニア　意識,【シニアの意識調査】受けてみたい健康セミナー1位は「食生活改善」と「体の痛み」！ 将来の不安は「足腰衰え（74.9%）」と「認知症（73.2%）」。コスモラボが870名に調査 - PR TIMES,https://news.google.com/rss/articles/CBMiakFVX3lxTE41ZzNROW1NejJKXzJmYW1RdnRKSDAwbHduYXlxQjdQTklQai1QUGJGM3dzZVFNY3FxUUtFWVdpS2dRVVlPNGtzaENGSVVlMk11SHdKNU9Yel92Tk1ZSVdJQnMzYzQxckFGY0E?oc=5,"Wed, 30 Sep 2026 01:30:02 GMT",2026-10-09T11:07:11+09:00
GoogleNews:シニア　意識,シニア　意識,"【シニアの意識調査】相談相手1位は「家族（40.1%）」、2位は「専門家（26.2%）」。1,459名調査から紐解く供養ビジネスの顧客獲得戦略 - PR TIMES",https://news.google.com/rss/articles/CBMiakFVX3lxTE1aT3phR2VBaE1jbkNHd1gzRG1HYW1DSE9NYU90NC1PUmN2bTZqaF9nTGtZM2tZYmVsYXVlTDgtTldjY3BFY0VraUU5eV8zVTJWU1ctS0xuRGNlWlNnbjM3RDVOckhaOUJlT3c?oc=5,"Wed, 23 Sep 2026 07:00:00 GMT",2026-10-09T11:07:11+09:00
GoogleNews:シニア　意識,シニア　意識,【シニアの意識調査】60歳以上の約3人に2人が「コリの痛み」を実感 約4割が「外出頻度に影響」と回答（株式会社アテックス） - Yahoo!ニュース,https://news.google.com/rss/articles/CBMijgFBVV95cUxOeVVpelExR0Q1T2hySWZUSWpNQTh5dFpXYzdMd1VUZGNYb3BETDgxaFU0NXF5T0FjX0dneEM3Tkw1Z3NiOG9wdmVDTkFsSEgwdDZYOWxoMEs2b295Z0RkcEJLSHdwMTIxelRfQXJTZkFhcTNMMWpubjNVaW92RXpxeXBZZ0tUQ2tmcFR6WTd3?oc=5,"Thu, 01 Oct 2026 01:02:44 GMT",2026-10-09T11:07:11+09:00
GoogleNews:シニア　意識,シニア　意識,"【シニアの意識調査】「ネット完結」より「対面相談（63.5%）」。終活に関する1,356名調査から紐解くシニアの信頼獲得・顧客化戦略 - PR TIMES",https://news.google.com/rss/articles/CBMiakFVX3lxTE5nemtHaGdpTEhKTFNrZF9CZm5OT2swMUtUNTZUa0ZHNlhiT09XOXpJWGVSbThTT1hNellaak5kSllESjNEU3JkRTlKbEo3SmJneGVhN3EtZWl4b0FWMTNERGRWU1FDS0ktV0E?oc=5,"Wed, 16 Sep 2026 07:00:00 GMT",2026-10-09T11:07:11+09:00
GoogleNews:シニア　意識,シニア　意識,マイナビ「ミドルシニアの働く意識に関する実態調査」を発表 | 株式会社マイナビのプレスリリース - PR TIMES,https://news.google.com/rss/articles/CBMiakFVX3lxTE9PQ2dSM0NwUmFSYXpvQWw2XzVIeDRzQlVFNmtuV015RklieHN5NHVJTDdveGF6RjJwUDlxdE53ejhzSVpVdmVBY3FobDRTUzdWVll2bzlweVN0UVh3YnFwXzUweEZGNGFMNHc?oc=5,"Fri, 28 Aug 2026 07:00:00 GMT",2026-10-09T11:07:11+09:00
GoogleNews:シニア　意識,シニア　意識,"【シニアの意識調査】1,426名の回答から判明。シニアが腸内検査に求めるのは「3,000円未満」と「手軽さ」。専門性より“生活改善の答え合わせ”を重視。 | コスモヘルス株式会社のプレスリリース - PR TIMES",https://news.google.com/rss/articles/CBMiakFVX3lxTE9OT1VqMXlibHYySHotVVlCRHk2WUFwdEU4c0c0dk04Wk85U0NpWjRMaFRTa2xIZVUza3pFQmdtN18tV3MyaGM1VDdZaUc3S3NycTc4eUd4WnBUcTBldGgwME41OW1Yc0FJYUE?oc=5,"Wed, 13 May 2026 07:00:00 GMT",2026-10-09T11:07:11+09:00
GoogleNews:シニア　意識,シニア　意識,＜シニア世代の旅行に関する意識調査＞ シニア世代の旅行意欲は8割超の一方、体力・足腰に不安 衰えていく「筋肉量」の維持が楽しむポイントに！？ | レモンマートル由来カスアリニンPR事務局 - アットプレス,https://news.google.com/rss/articles/CBMiTkFVX3lxTFA1S1FSOUJCRE5xWGNYQU9jWDNqZlpWSnBFa2ZDTFkwSXM2MmxSNW9PVnprNWxLa2NyaHNybzVwRTdQWmh1b1dsLXFsSkFfUQ?oc=5,"Thu, 17 Sep 2026 07:00:00 GMT",2026-10-09T11:07:11+09:00
GoogleNews:シニア　意識,シニア　意識,ミドルシニアの希望退職に対する意識調査 - マイナビキャリアリサーチLab,https://news.google.com/rss/articles/CBMiakFVX3lxTFB3Z21SUW1aRUxucWZHeTEzT05ZTlBlRjQ1RWlld2tTTWl6UjhDREVYeExHQzBreWFlelZobGZ3dDUwT0VhRmhUQnN4UEltOEpPNEhVVWNrWEdmSjVFN3ZmTkdRLTdnU1dUWnc?oc=5,"Thu, 19 Feb 2026 08:00:00 GMT",2026-10-09T11:07:11+09:00
GoogleNews:シニア　意識,シニア　意識,【シニアの意識調査】60歳以上の6割が「コリの痛み」を実感。4割近くが「外出頻度に影響」し、コリの痛みが「外出したい気持ち」を妨げている - PR TIMES,https://news.google.com/rss/articles/CBMiakFVX3lxTE9XZk9LanlNOE1kZ1FobDZ1WWZHNFJLYUx5Vks1ZzFFcDhRSXcxdEtySnZfQ2lLaWx4MWNSUXJaRXlkOEFuY3RjcHFpUk5PLUpSWlBWd1RzWWdVc0IxSUxnX04tRWpuTXZHQUE?oc=5,"Tue, 15 Sep 2026 07:00:00 GMT",2026-10-09T11:07:11+09:00
GoogleNews:シニア　意識,シニア　意識,【シニアドライバーと子世代の意識比較調査】 70歳以上のシニアの94.7%が「運転を続けたい」一方、 子世代で「続けてほしい」は51.1%と、43.6ポイントの差 - PR TIMES,https://news.google.com/rss/articles/CBMiakFVX3lxTE12VWdqRmVlNFhMTk13OXEzRUg3eFRyeTFITFNYS21iNWd1dzVRNV9ndTE4M2ZWWVNyUmUxbGtZd2d0V3FsWGFCcVY4dmd6c2N1UFhpZU1FdzlFbzZZT29XQmwzU0FtMjlwOFE?oc=5,"Thu, 17 Sep 2026 07:00:00 GMT",2026-10-09T11:07:11+09:00
GoogleNews:シニア　意識,シニア　意識,【シニアの意識調査】2026年の決意──「今年こそ健康に！」でも、約8割がまだ未定 - PR TIMES,https://news.google.com/rss/articles/CBMiakFVX3lxTE0zbk9sODRJOUJUbFZEUVN6cmFwX3QyalNxUkNBM0ZJTkJ4Nnk1eE9nWGQtNWFmSmxDRDVRUUhxSXlUNldPTVR4Z09FX3YyYXVUQ1hIWE5qamJ0anZObnZSRE1XRWF2b3h0dXc?oc=5,"Wed, 21 Jan 2026 08:00:00 GMT",2026-10-09T11:07:11+09:00
GoogleNews:シニア　意識,シニア　意識,"【シニアの意識調査】シニアの約7割がサプリ継続を「効果を見ながら決めたい」と回答。1,211名調査から見えた、一律の定期縛りが敬遠される理由 - PR TIMES",https://news.google.com/rss/articles/CBMiakFVX3lxTE15dDdfMmRtZjJqSkRWVHhSWklERFpKMm43UzBhSTdvdmVxdDlDRUxxQUZlMW5PZlR6VnEySUhLeGhFTWhma3NXVXdVbUE4aVFFbml5SDliWFRBbUtMV2c2RDM4TkMyM1M0cHc?oc=5,"Wed, 08 Jul 2026 07:00:00 GMT",2026-10-09T11:07:11+09:00
GoogleNews:シニア　意識,シニア　意識,"【シニアの意識調査】「まあ満足」層に潜む巨大な乗り換え需要。スキンケアに関する1,147名調査から掴むシニアコスメの顧客化インサイト - PR TIMES",https://news.google.com/rss/articles/CBMiakFVX3lxTFAxNWFheVE3enRUcTZKQmY2ZVhYbHlfWHRqZ3BqS3ZuZXRTZXhWNndLSUprb3VfcFNyRGlrNE1ZOTVpZVV4NVNVQ1lZZUxmUTFyNlVjdnF3N2RDbHdpYXkwc0RsXzExZGZMWFE?oc=5,"Wed, 22 Jul 2026 07:00:00 GMT",2026-10-09T11:07:11+09:00
GoogleNews:シニア　意識,シニア　意識,【お金に関する意識・実態調査2026】シニア女性の「お金の使い方」「守り方・増やし方」の満足度は増加傾向 続く物価高で節約意向が高まる一方、年金の補完や趣味・旅行の原資作りに「投資意欲」も拡大 - PR TIMES,https://news.google.com/rss/articles/CBMiakFVX3lxTE1nckJmTy1Sa0h6NDF6UWwwaG91QlU4eGxxZjRfeHR3aFV6U2doMTZWanRaMWJubXBWSGN5b2JiNTZIZmxHYVVnTHJMUm1DdUVPWUZ6OUhYMGUyV1QyWjJEanNmd2ZLbmxISHc?oc=5,"Wed, 05 Aug 2026 07:00:00 GMT",2026-10-09T11:07:11+09:00
GoogleNews:シニア　意識,シニア　意識,【リトルシニア】竜ケ崎は投手陣が奮起 走塁の意識も高まる/ 各支部大会 - 日刊スポーツ,https://news.google.com/rss/articles/CBMicEFVX3lxTE5YUFZQdlh6QlNEMnZsSmtfWUhyQS1Xa1Q4bG9SWWk0blVmWExZTUJsYVc4Nzhta1AtNkh4bDF5cHFBQTZSWWVoMW5wUjlMaDc4dWthV2xZRDhxN3h0MXRuakg2ZUxKS0xwanBUazd2OEfSAXhBVV95cUxQTnNJRHdoUURtNmNGNFZUM3FYS0JhWW95VjVwVlFvMHROdVdCRi1DbmNnYUlPR19ONy1sU0o3NEthRXlYZ2lTR3ZDWDFNZ29XRUR4Ui1CeC1UOXRST3hpOFNHVG80Vm1RbHo4U2NfSG1KNmlpSU02cW4?oc=5,"Sun, 04 Oct 2026 01:00:00 GMT",2026-10-09T11:07:11+09:00
GoogleNews:シニア　意識,シニア　意識,"【シニアの意識調査】野菜高騰でも「量を減らして野菜を優先」が約4割。野菜不足による健康不安は9割に上る。コスモラボが1,482名のシニアに実態調査 - PR TIMES",https://news.google.com/rss/articles/CBMiakFVX3lxTFBEX0IwYXQ3V19nVEJZQzY3bjdxZXNGRDg2WmlsYXI3bFJaNEhPNXJxQ3RLYTRRdlFvUG5sUkIteFhrbkViR0VDM1YzbGctYjZtaGpwS1hWN1NRVlV4ZGdSVHEyVFFkU2NiN1E?oc=5,"Wed, 29 Jul 2026 07:00:00 GMT",2026-10-09T11:07:11+09:00
GoogleNews:シニア　意識,シニア　意識,"【シニアの意識調査】1,144名に聞く社会参加のホンネ。不参加の理由は無関心ではなく「予定を縛られたくない（31.6%）」「人付き合いの気疲れ（29.9%）」 - PR TIMES",https://news.google.com/rss/articles/CBMiakFVX3lxTE04ZU5ZTDNfbXl5UGVRbDRHZ1I1M3dlaHVmTDcwa1VhQVdtWWpaMHBRNkZ6ZmpMQlBCMUtXSllzY2N2cUxGTi03LWtmMWxJclREZTVkTnRCM3oxWUZaN1lLTnp4T1Y1QS1VNWc?oc=5,"Wed, 01 Jul 2026 07:00:00 GMT",2026-10-09T11:07:11+09:00
GoogleNews:シニア　意識,シニア　意識,"【シニアの意識調査】ヘルスケアの訴求は「不調のメカニズム解説」から入るのが正解？ 2,079名調査から掴むシニアの顧客化戦略 - PR TIMES",https://news.google.com/rss/articles/CBMiakFVX3lxTE90RkdzUDF1dlZ3SldlYk43QW1PZksyUzZ6b1ZTSWhTNFgzRkdjR0FxMndzcktvTjN6dVhwd3lBaVpFTklZckNPQVNHcV9DUXNKZXlFa3ZTRXItSWM5NHNkaUlyektmMWxWNXc?oc=5,"Wed, 19 Aug 2026 07:00:00 GMT",2026-10-09T11:07:11+09:00
GoogleNews:シニア　意識,シニア　意識,【シニアの意識調査】93.0%が食料品の負担増を実感、67.8%が節約行動を変化。物価高に立ち向かう高齢者のリアルな購買行動とは？ - PR TIMES,https://news.google.com/rss/articles/CBMiakFVX3lxTE1PSmxzYUJVbUUyUFhyaUxZYWRnN0tMbm4zRXQySndyZVdIZ2o3V0FrMzJoa3NjaHFYWENuRVc0NEo1M0V0aVlYS2otWXpiM01pZVNNYkdOWjNjek1mWmotd1lpRzRsUDVrZlE?oc=5,"Wed, 20 May 2026 07:00:00 GMT",2026-10-09T11:07:11+09:00
GoogleNews:シニア　意識,シニア　意識,"【シニアの意識調査】約9割が「将来歩けなくなること」に不安。シニア層1,524名が明かす、転倒ケガや歩行変化へのリアルな危機感 - PR TIMES",https://news.google.com/rss/articles/CBMiakFVX3lxTE0xR2pHQUlSNlpxWXZVTGNtRVVTeTBVWndGMkhSNktLbThXV0VUd3lxQnp0REk4WXNucmVQQTRJRnZURXFLWnQ1aFRUamk3cVJlRzVKSVRxb0V4M1JCS25sYmdlZGF2NXc1Ymc?oc=5,"Wed, 15 Jul 2026 07:00:00 GMT",2026-10-09T11:07:11+09:00
GoogleNews:シニア　意識,シニア　意識,"【シニアの意識調査】「リアル体験×短動画フォロー」が顧客化の鍵。1,291名調査から紐解く、シニアのLTVを高めるOMOマーケティング | コスモヘルス株式会社のプレスリリース - PR TIMES",https://news.google.com/rss/articles/CBMiakFVX3lxTFBDUkM4Z3h5TnVVamVkUC1VT1J2ekNNVVF0TWkwZnhYcVhCc0pjU2pCeTlPRnEwMWFKbW1BZDBPODQ4dzNjSF95R1AxXzhuTXpWX3FnbjdVN2owYnlaSzRTUWpOTDhoYXdvV3c?oc=5,"Wed, 05 Aug 2026 07:00:00 GMT",2026-10-09T11:07:11+09:00
GoogleNews:シニア　意識,シニア　意識,"【シニアの意識調査】Zoomより録画配信（67.7%）？ 1,146名調査に見る「スマホで15〜30分」のシニア向けオンライン学習の最適解 - PR TIMES",https://news.google.com/rss/articles/CBMiakFVX3lxTFBFS1hKd0hPajBkdHptREtJWjBSMjF5R3gxVkdrN2FqZm9uNUowT01VTmdJY29wM3VoMVVwLWFCRDVKNzFiM2xSN3hBNUE5X3ltLUNMOHJ2elZsUmc5c1I2cHcwb3lfRFluWlE?oc=5,"Wed, 09 Sep 2026 07:00:00 GMT",2026-10-09T11:07:11+09:00
GoogleNews:シニア　意識,シニア　意識,【シニアの意識調査】40％が眼科未受診？シニアの目のケア実態を徹底調査 | コスモヘルス株式会社のプレスリリース - PR TIMES,https://news.google.com/rss/articles/CBMiakFVX3lxTE1DNVpBaUE4dmtsWTZ0MHNKXzRXM2VKaWx0MWJ5VVNWX2gyYzdYWHdqNGJPcVl4b2ItQWltUDFuRjNFbzZIa3NmQ1BFVzNDbld1WVlQSTA3eVJKSmlGRGxpb2FsTUJqdU1jYVE?oc=5,"Wed, 11 Mar 2026 07:00:00 GMT",2026-10-09T11:07:11+09:00
GoogleNews:シニア　意識,シニア　意識,"【シニアの意識調査】病名認知は7割超も、約3割が骨密度検査「未受診」。コスモラボが1,476名のシニアに聞いた骨粗しょう症の実態 | コスモヘルス株式会社のプレスリリース - PR TIMES",https://news.google.com/rss/articles/CBMiakFVX3lxTFBTZWphd2h0UjlEOXFhbFYwMmNhTm9vVl9hZUhWbmhteDdOUUlYQVJoeVFzZmd1MUthRS1VNzd0RXBEWHo4WU9na2h0ZXpVaDk3QUdQVWkyWUhHc21Td29KNXBJMEhrLVZuX3c?oc=5,"Wed, 03 Jun 2026 07:00:00 GMT",2026-10-09T11:07:11+09:00
GoogleNews:シニア　意識,シニア　意識,"【シニアの意識調査】自宅で「毎日測定」するシニアが4割超！一方でデータ管理は紙（37.4%）が中心。コスモラボが1,762名に『健康測定』の実態を調査 - PR TIMES",https://news.google.com/rss/articles/CBMiakFVX3lxTE93Q3NiaEZuN1Z1U2tuaXBYMnRULVhfakhDcWhnS19ONTdvU0lHRGZnZTBRZXdhX3RJYWlxQWxicGNBdDFjbXM0VzZrX1FKVUhaYjV1cHg3NC1VXzh4ZXkwYXg2MzJlYm4zTEE?oc=5,"Wed, 26 Aug 2026 07:00:00 GMT",2026-10-09T11:07:11+09:00
GoogleNews:シニア　意識,シニア　意識,"【シニアの意識調査】スマホ所有率99.3%も「操作不安」は7割超。コスモラボが1,716名にスマートフォン利用の実態を調査 - PR TIMES",https://news.google.com/rss/articles/CBMiakFVX3lxTE1YRmxPNElMWHhVSHlLRGU4cHFBMEZCR2FnUUpaSUNQMlYxaVZXdzRrQ05xN0hiQ3FCc3dDVE1NajVMWUR1bFZmRTFwTUpIakMybS1ZWE5TNVliSFdoX2JqdFdMZ0xVZWhMVGc?oc=5,"Wed, 02 Sep 2026 07:00:00 GMT",2026-10-09T11:07:11+09:00
GoogleNews:シニア　意識,シニア　意識,"【シニアの意識調査】シニア通販は「現金決済」の安心感が主役に？ 1,071名の大規模調査で浮き彫りになったシニアの決済・注文インサイト - PR TIMES",https://news.google.com/rss/articles/CBMiakFVX3lxTFBzMVU5QkwtekVqb1BtVFhRY1BzQncwNk4zTG9zLTFpYWMtYjVVZGxUWi0xZVBGSmk3NWxlYUJnTWhCRW5xeDBlWDZXQy1jQU96SDZGbktMbWNIRkNQbXFuVXR1VTlCTmpYd0E?oc=5,"Wed, 17 Jun 2026 07:00:00 GMT",2026-10-09T11:07:11+09:00
GoogleNews:シニア　意識,シニア　意識,転職サービス「doda」、ミドルシニアの転職意識調査レポート【2026年版】を発表 | パーソルキャリア株式会社のプレスリリース - PR TIMES,https://news.google.com/rss/articles/CBMiakFVX3lxTE9wV2M2Y2ZDN0R1d1BydkpLbnF1SkdHeXA0MXptSGUxc1ZhdDQ0OURucC1FRXRwalo3Vmt6UUg5cGtYRUFsdVNSSTIwalJ0cF92aGpMbUlSTTFheVlvNEZNaVhpd1lmd013Smc?oc=5,"Thu, 25 Jun 2026 07:00:00 GMT",2026-10-09T11:07:11+09:00
GoogleNews:シニア　意識,シニア　意識,"【シニアの意識調査】対症療法より「予防・習慣改善」に商機あり。胃もたれに関する1,961名調査から読み解く、シニアの顧客化インサイト - PR TIMES",https://news.google.com/rss/articles/CBMiakFVX3lxTE1qUm9fWktWM3FJcUFpdUFtZmdCU00zZmptRzNZZjUxLUNZTTNZM29tNTk2c1BhaUEyQlI3ckVwWGlYQ3RNaElCMzBuTy1TOWFHVW1xNTRQRGtDQk9aUGp0RGswNno2b3JzOXc?oc=5,"Wed, 10 Jun 2026 07:00:00 GMT",2026-10-09T11:07:11+09:00
GoogleNews:シニア　意識,シニア　意識,"【60～74歳のシニア1,000名 就業意識調査】在職老齢年金改正でシニアの就業意欲向上へ 制度認知シニアの86.2％が就業継続に前向き、認知有無で28.3ポイント差 - PR TIMES",https://news.google.com/rss/articles/CBMiakFVX3lxTE5HZ3FSRklIeXdhTUxCazlKd0N2SDU1QWRjUG5SWkNNb3NiNnRyLWdNZjdCVjN2NGFGM3ZJRUZsSVlpTUFSdGluSkNjUGlGc01fWXBLQ3JnUXM3a2JXc3A5cUlOTWxpUDlOWHc?oc=5,"Tue, 03 Mar 2026 08:00:00 GMT",2026-10-09T11:07:11+09:00
GoogleNews:シニア　意識,シニア　意識,"【シニアの意識調査】「ネット完結」より「対面相談（63.5%）」。終活に関する1,356名調査から紐解くシニアの信頼獲得・顧客化戦略 - 時事ドットコム",https://news.google.com/rss/articles/CBMia0FVX3lxTFBRdXRocmV4QWNUTElVZlhINGFZeTA2ckZFcS1VNE83UDhrVXVIYmhEMHkxaTdKSE1IYzB5RXV2R0tZZG80QW9YeEdERlJGclFMZ0dBdkIyVWJkbDhWN0ZoUU1GNEVOZXVDZ0dn?oc=5,"Wed, 16 Sep 2026 07:00:00 GMT",2026-10-09T11:07:11+09:00
GoogleNews:シニア　意識,シニア　意識,【シニアの意識調査】2026年版！シニア663名へのストレス調査：原因1位は「身体の痛み」 。深刻な「不眠」に悩む層へ、今求められるのは“専門的支援”より“お茶会”？ - PR TIMES,https://news.google.com/rss/articles/CBMiakFVX3lxTE9MQlR6QTV4ZG1QcFFVdTY3WllQZ21yTktCMDEwOVlxTUlsMWRRMWtRQkNudk1FeHZFSlM4QWs5MmVuTkFwTnpmZXZFbVFRc3RXcWtxSTBJRU1IVWRlOE45MEJYTUxVZ1dEV0E?oc=5,"Wed, 15 Apr 2026 07:00:00 GMT",2026-10-09T11:07:11+09:00
GoogleNews:シニア　意識,シニア　意識,"【シニアの意識調査】「ネット完結」より「対面相談（63.5%）」。終活に関する1,356名調査から紐解くシニアの信頼獲得・顧客化戦略 - Infoseek",https://news.google.com/rss/articles/CBMickFVX3lxTFBkR1lTY2Z0dkNvWktQbHhjTVJNTkdsWHlBZVNIeW1DM2ptRktIdkI0Mzdic3pTRTRTNnZzdjFhZjZRMElEVThkNno2b2VYTnlFUmdTZVRfR2s4STR6ay0xaVFVRnd1MzlTUDAzbnhpUjZSQQ?oc=5,"Wed, 16 Sep 2026 07:00:00 GMT",2026-10-09T11:07:11+09:00
GoogleNews:シニア　意識,シニア　意識,“今どきシニア” は家族に依存せずにソロ活重視 ―博報堂調査 : 夫婦一緒意識も低下 - nippon.com,https://news.google.com/rss/articles/CBMiV0FVX3lxTFBadk5LYUpVOXBtMFRPYlNzNE04dHZUc2YyaXpUZkFxcTl3bWRsYjR3LVhDY1JiYmtUZWhTeHgyRmQ2ZjdSbzJ3SkhKQ1g3TjFINVhJOFRJSQ?oc=5,"Wed, 08 Jul 2026 07:00:00 GMT",2026-10-09T11:07:11+09:00
GoogleNews:シニア　意識,シニア　意識,【シニアの意識調査】改善意欲は80.7% も、約3割は「何もしていない」 。コスモラボが958名のシニアを対象に姿勢（猫背・円背）の実態を大調査 - PR TIMES,https://news.google.com/rss/articles/CBMiakFVX3lxTE1PU3RmTVdHUDZ6U3VlTFRTc05oU2hPeFptblhXVnZYdENwMEljN1hmbkcwTXpUdDJqTU9aOG00WDNQeWJfQWVMWC1pZTFOVC1xV1FKQ0s2cXdtZ19rYmYyZFF3RVVzMVRQR0E?oc=5,"Wed, 27 May 2026 07:00:00 GMT",2026-10-09T11:07:11+09:00
GoogleNews:シニア　意識,シニア　意識,"【シニアの意識調査】相談相手1位は「家族（40.1%）」、2位は「専門家（26.2%）」。1,459名調査から紐解く供養ビジネスの顧客獲得戦略 - Infoseek",https://news.google.com/rss/articles/CBMickFVX3lxTE5QNWFXak41dmwtdjk1UW0xUG0xNW04SVRhRS1xSzZtYkZpWXhTbW9wU2lna3NPbUJuRnV1aGRaRm40NURTVnI2TVIza2l3RzQ0b3ZmNkQyMUlyVE9KaWZObkZmTHZlYTdQMDVnQXFmMUxJZw?oc=5,"Wed, 23 Sep 2026 03:15:21 GMT",2026-10-09T11:07:11+09:00
GoogleNews:シニア　意識,シニア　意識,【シニアの意識調査】ひざ痛経験が約7割──継続改善に課題、最新調査公開 | コスモヘルス株式会社のプレスリリース - PR TIMES,https://news.google.com/rss/articles/CBMiakFVX3lxTE1nODJ3dTdzcHpsZlNBT0pkY0w4U2g1aWhQM1NhdVpZNWFoUEJhdmRRYzlkZnhjZm9hU201NEN0T21ReHhwTTV3R2NNQVlrLWRkVGhXWklrVUFrTmluel9GMzFhazRMR0xoWGc?oc=5,"Thu, 26 Feb 2026 08:00:00 GMT",2026-10-09T11:07:11+09:00
GoogleNews:シニア　意識,シニア　意識,【シニアの意識調査】記憶力低下への対策「特に何もしていない」層が約3割。シニア市場の行動化を阻む壁と、求められる“習慣・食・予防”の情報設計とは - PR TIMES,https://news.google.com/rss/articles/CBMiakFVX3lxTE9rMExJTHd5ZlAxQjQ4NS1MWVQxYlQ4TGpYMFRGNVdtbWNaN3JwRlJMUUt5cXo0RUNYVkhJSi1Xb2gxMEZ3UWdmSUhtd1hnc3paaE5TZmduaEd6TWE2YjN2d2ZQM1Nnc0hUZGc?oc=5,"Wed, 06 May 2026 07:00:00 GMT",2026-10-09T11:07:11+09:00
GoogleNews:シニア　意識,シニア　意識,"「深く後悔している」――シニアリーグで副審を殴打し意識不明→""前代未聞""の処分が下る - ｄメニューニュース",https://news.google.com/rss/articles/CBMingFBVV95cUxPSU1JcjN2ZnZJVmtRRENMZGR1eXRtUldvNmxCby1VOGswSGhBSUhZaWJOMXgzdzFYU1gyMlFuUGwyUmpkZFJfNzBNVnlQTXBUcEticE1LaGs4bVoxM0pWQ3ZsOGk5SDlrR29Mb21pN1JZVkNjNXc1MlhwdW1WTVBjQ2ozWG9XY3RwdlFYb1QycEs3QjVwa2hSMEFYLWMzQdIBowFBVV95cUxNWXdoNUQ0clBWNnJsY3p4aFhBTEZHUWJoN0hBQmxTcTJCOGJvUU5Xc3NPNXJhSnZROVRILVJKdnZSRTJSOXkwdEFRUnl3cExhMG5pYjVmRVR6LTIyc005YzVxMDZCTU9yUS1HN0toUHJqNFBSSFhkN3hwSmYzVzFZaFQ0N3FMMWxYcDFwSXBvbG9nbm9WMUN2TzZ6Q2tWMVh3NlZj?oc=5,"Wed, 23 Sep 2026 07:00:00 GMT",2026-10-09T11:07:11+09:00
GoogleNews:シニア　意識,シニア　意識,【シニアの意識調査】シニア層が今後お金をかけたい分野は？ | コスモヘルス株式会社のプレスリリース - PR TIMES,https://news.google.com/rss/articles/CBMiakFVX3lxTFAyT2RhX2lxM3FhYkNMdElsZEp5Mm0wLTJaWHBaMzVNOFV2elpXM1ZzV3p1ZmpYV2RNWGpDSzNrZ056eDAzdk4tUG90dDRfNUxIWGI2aWFvM2l0SjZlQk1WcHlRbnFzVS1FYlE?oc=5,"Mon, 05 Jan 2026 08:00:00 GMT",2026-10-09T11:07:11+09:00
GoogleNews:シニア　意識,シニア　意識,【幸福に関する意識・実態調査2026】シニア女性の幸福度は7.75点で、2024年調査の7.84点とほぼ変わらず。 - PR TIMES,https://news.google.com/rss/articles/CBMiakFVX3lxTE55QmVla0NwUHc2VkdOSDAxOUh3Wi1oZVNRMUlUc2JhSHJhbl9CR09DWTd5dlI2eXRlOUJUdGhiWERyZF9HX2ZOSnA5V184WG53eDNFTE1PbWp5SldQVkV5QVh6ZFhkVS00T3c?oc=5,"Wed, 22 Jul 2026 07:00:00 GMT",2026-10-09T11:07:11+09:00
GoogleNews:シニア　意識,シニア　意識,シニア女性の2人に1人が働く時代へ 「お金のため」から「生きがい・社会還元」へと変わるシニアの就労意識とは - Yahoo!ニュース,https://news.google.com/rss/articles/CBMif0FVX3lxTFB4R3pQc0gtY3dOdU82Y1NjYUswRC1ybHVFOXVwQWNDZloxZkYyLVY0cWhld2szamdDY3k5ZVR1ZzhtUXRtM0g5NHFldDFCNVNIYm10Mk5qTkd5RzhRcEdHemRBSXoxckdQRWU0X2ItTXBMZDlGd2M2VURzaW93aFE?oc=5,"Sun, 12 Jul 2026 07:00:00 GMT",2026-10-09T11:07:11+09:00
GoogleNews:シニア　意識,シニア　意識,＜シニア世代の旅行に関する意識調査＞シニア世代の旅行意欲は8割超の一方、体力・足腰に不安 衰えていく「筋肉量」の維持が楽しむポイントに！？ - 千葉テレビ放送株式会社,https://news.google.com/rss/articles/CBMiX0FVX3lxTE1BSGJ2RTZRc1JRbk9pNmhyc3h6MWdTZHdMcHBNRnQ0Yi01Zm5IQXRNQ0MtQ1d2X2FyTi11aGdYdkxEQVhIMC1VTHNrLW9WdkZxdE1NbTNKVkhKQ1NyMGlF?oc=5,"Fri, 18 Sep 2026 07:00:00 GMT",2026-10-09T11:07:11+09:00
GoogleNews:シニア　意識,シニア　意識,【シニアドライバーと子世代の意識比較調査】 70歳以上のシニアの94.7%が「運転を続けたい」一方、 子世代で「続けてほしい」は51.1%と、43.6ポイントの差(画像ギャラリー No.3) - MOTA,https://news.google.com/rss/articles/CBMiXkFVX3lxTE42aW5lbWpheEt2Ni1QRF9HazFYbGZwV0FHbjBqekJ2VktoZ3FSdVZ1bHRPNVdPbWhhM0hPRUNkdUsteV9wZFF2RXloaW11SGhSLXZHa3hIblhYcmJUVlE?oc=5,"Thu, 17 Sep 2026 10:57:44 GMT",2026-10-09T11:07:11+09:00
GoogleNews:シニア　意識,シニア　意識,"【シニアの意識調査】認知不足ではなく「個別性の不安」に商機あり。足裏に関する1,372名調査から掴む、シニアを納得させるプロモーション手法 - PR TIMES",https://news.google.com/rss/articles/CBMiakFVX3lxTE5WZnZONkxuYzF4OF90TzZfUzU1d1VGbXRhcVhTeWIxbW9rTEZfaUN4NVFyTUo4VkJJWEMzYnpGRi1MYUZPcWEzdjNwa0xheGtWVmZ4YjJTdDk3QTF6UFllT1lXZFFKUFBsc1E?oc=5,"Wed, 24 Jun 2026 07:00:00 GMT",2026-10-09T11:07:11+09:00
GoogleNews:シニア　意識,シニア　意識,【シニアの意識調査】シニアの52.6%が睡眠に悩み 「夜中に目が覚める」が最多、67%が睡眠の可視化に関心 - PR TIMES,https://news.google.com/rss/articles/CBMiakFVX3lxTE5jQnY2Wm5QcTd5cTAyNUdneHR5UU9LOURUeENQd1ZGLWVxWFFTSERkdnV3dDdrdDlhMlJWLXVlbUN2OUVOVVdWRlozUXNaZ0FESDFFUnltRHhBOFlSQVpVVlRiU0tiRHAzS1E?oc=5,"Wed, 25 Mar 2026 07:00:00 GMT",2026-10-09T11:07:11+09:00
GoogleNews:シニア　意識,シニア　意識,＜シニア世代の旅行に関する意識調査＞シニア世代の旅行意欲は8割超の一方、体力・足腰に不安 衰えていく「筋肉量」の維持が楽しむポイントに！？ - Infoseek,https://news.google.com/rss/articles/CBMiYEFVX3lxTE9uMk9CQVBJUHdpdklCX3VfSFNSZWhjTTNsakhRaS1IVzVubWNJVy1YWF8wMU15N0U3SXFmOVQ0T2xwN3NrWnZUZlB6VGk4anZDWDVwYXFyZmx4WHA5SnRfdA?oc=5,"Thu, 17 Sep 2026 07:00:00 GMT",2026-10-09T11:07:11+09:00
GoogleNews:シニア　意識,シニア　意識,【シニアドライバーと子世代の意識比較調査】 70歳以上のシニアの94.7%が「運転を続けたい」一方、 子世代で「続けてほしい」は51.1%と、43.6ポイントの差 - 時事ドットコム,https://news.google.com/rss/articles/CBMia0FVX3lxTE9QN3NzMGV1T1UxckhLZlJFaDRVQlhLbFFqOXhHZV9CLThxUlpoR1VGXzZ5aWJ0dU96NG5uUlc2RjVLUURZR1NLQzRzSVVPZVNHWFpJeDkwQUNDaW82OEdLekVXMHh4WkRhUW5Z?oc=5,"Thu, 17 Sep 2026 07:00:00 GMT",2026-10-09T11:07:11+09:00
GoogleNews:シニア　意識,シニア　意識,【シニアの意識調査】シニアの4割以上が「3か月に1回」歯科受診。受診理由の1位は「予防・定期健診」56.5％となり、口腔ケアは“治療”から“メンテナンス”の時代へ - PR TIMES,https://news.google.com/rss/articles/CBMiakFVX3lxTE1laDRMM3BxRE9WU1dBZUFlc2JXZjFvQ0lMYVprZm1zcllianZUdU9lVXJSaUJIYm9zRzZqczJTZ1VwSmdDMURZQWVWbmFOUGRjU1JYVElRalBaSldVU09UcmlhUGdBOGlma1E?oc=5,"Wed, 22 Apr 2026 07:00:00 GMT",2026-10-09T11:07:11+09:00
GoogleNews:シニア　意識,シニア　意識,【シニアの意識調査】シニア層に広がる腰痛の実態――持続支援ニーズが浮き彫りに - PR TIMES,https://news.google.com/rss/articles/CBMiakFVX3lxTE52LTNfc0RsZUtOcy1UaFVnX0dRUG1ubERiVHNYRHVDSlZiMFJ3V1FyWE9fbi1TcE5JVnFKM01WTExoVWl1X3ROR1A0dlczTUQ2bkhBT0Rsa0t2RmRPZnFFeEhmQTE4NG9penc?oc=5,"Wed, 18 Feb 2026 08:00:00 GMT",2026-10-09T11:07:11+09:00
GoogleNews:シニア　意識,シニア　意識,令和のシニアは何歳から？ 40年でこうも変わったシニアのライフスタイル - AdverTimes.（アドタイ） by 宣伝会議,https://news.google.com/rss/articles/CBMiX0FVX3lxTE9DVEFDVmR5OUhFeG9iRngtd2JOYk14d3FhN2FzOFVFbG5nM0JyaGNHNEFoY244ZG12UmFWOTRaY1NOaUo3cnYxMllzQVlWQkhwZGlXaGZKMWhfYTFyd2g4?oc=5,"Wed, 29 Jul 2026 07:00:00 GMT",2026-10-09T11:07:11+09:00
GoogleNews:シニア　意識,シニア　意識,【シニアの意識調査】シニアの心を動かすものは？――文化活動が生む、感動・刺激・つながり - PR TIMES,https://news.google.com/rss/articles/CBMiakFVX3lxTFBHa19jYUw1SUZMbW9mYm5EWnNlMHNBZ2xQdEJyV25zRHROTXAwaUdyUk9PNmxJMUNrZHJOSzl5YmNHdFo1dW4zeHF6cXFfR0x4S2xkWjdPTnFrSHNscVl5UDk2QUJuVWJTV1E?oc=5,"Wed, 28 Jan 2026 08:00:00 GMT",2026-10-09T11:07:11+09:00
GoogleNews:AI　買い物,AI　買い物,AI との​対話は、​人々の​買い物を​どう​変えているか —— 6 種類の​調査で​見えた​「ハイレゾ消費」 - Google Business Profile,https://news.google.com/rss/articles/CBMihgFBVV95cUxOdWx1YVdBdGJmUjJGVlZLbkxuOE92b3liRzBLRm1yN3lSQ1RxNEg4aFNkTUplV1hfQnUtdVVyQmtEaXFfbDFEeVlXVlppdXJQWC1GWDlVYTBqeWs3VXN0NHVYUVlVakIxXzZSX0Q3QWNKSkxQWDk2Q2kwVnlBdlJMLXFHdVVfUQ?oc=5,"Thu, 08 Oct 2026 14:51:22 GMT",2026-10-09T11:07:14+09:00
GoogleNews:AI　買い物,AI　買い物,アマゾンによる外部AIショッピングエージェント遮断は裏目に出る可能性——Yコンビネーターのポール・グレアム氏が指摘 - BigGo ファイナンス,https://news.google.com/rss/articles/CBMidEFVX3lxTFBWSWVGNlN4aFN4U1hlcHF0aXlzZVN0R1UxQUpCNl9pMXJ1ZENmQXNwSDIxWEItc2dzRFIwNEQ5SnRhbE9EV0pnYmFmc0VVV2RyMF9wRDVyeUZvTlBtZnNHdmxjNnY3NUhmS0M1UVdoajdEZy1q?oc=5,"Thu, 08 Oct 2026 18:23:00 GMT",2026-10-09T11:07:14+09:00
GoogleNews:AI　買い物,AI　買い物,「AIが買い物を代行する」世界の衝撃、世界で300兆円を動かす米電子決済大手Stripe創業者が語る近未来 - ダイヤモンド・オンライン,https://news.google.com/rss/articles/CBMiTEFVX3lxTE81ZHdZMjZPOUptVDloRGFVNFVMREpvaWx5dXNwWXgzOEtYYzAteVZELWp5bVVsYzV1Tjl5MHFmTXRXb2FoZnlHTTdoNkLSAU9BVV95cUxOemVjcmMxd0tudW5vUTdPMF9aSUdIdHljVmNuTUhLUHhlcjA0TXFBa0JaTkNjVDJhaXNoUmwtQ0ZIek9uQ3pxQkpHU2twdWFB?oc=5,"Wed, 07 Oct 2026 19:50:00 GMT",2026-10-09T11:07:14+09:00
GoogleNews:AI　買い物,AI　買い物,TikTok、AI買い物支援とアプリ内購入　日本では2027年ごろ提供予定 - 財経新聞,https://news.google.com/rss/articles/CBMiY0FVX3lxTFBaWXJXZjRXWW5RQ1JiaVpWVkU1R3lnT2lJSmFBLUJNNi1vcktRU2JhYzhqRVBIU2NidmVPbHlMMENMaVh1Y2RwZWVfbHNURjNWZGdPUkR1b0VIR2hERUp6NG85UdIBaEFVX3lxTFBuOHh2cTFTXy11R2hVUEphenhNSzJ2ZlB1dTZuVi1QRHdaWkNGMmdTTjM0VmZUNnpFWGVzWHQwdlZ6SWU5QkdrMWU5VVNjQnZxX2I5S2lRdmtDRFMwMUdvSWs1MmlnSk1k?oc=5,"Thu, 08 Oct 2026 05:44:32 GMT",2026-10-09T11:07:14+09:00
GoogleNews:AI　買い物,AI　買い物,どれを選ぶのがいい？「Agent i」が商品選びをサポートしてくれるYahoo!ショッピングの新たな買い物スタイル - ソフトバンク,https://news.google.com/rss/articles/CBMiXEFVX3lxTE5wX19MNlRLWHhtQ1c3c2laYXJYa3dSVlNHVE9lYjJyWWptN1lCa3hTWlhzUFlnRmJZZ1J0LW5rU0RpR0U1Mm5fYnN4dFZHODlMVk1EcUNWSXpQVHBC?oc=5,"Mon, 05 Oct 2026 08:41:49 GMT",2026-10-09T11:07:14+09:00
GoogleNews:AI　買い物,AI　買い物,コンビニをあえて“不便”に 買い物ミッションでAIを体験 - 宣伝会議,https://news.google.com/rss/articles/CBMidEFVX3lxTE1WYUFnS1BqNEI4ZmNYV2ZSUzAxaGlxZ3JTZExkaUtwakhuX3ZXakRfNGpsdE1jSDNoVmNLSEhWang0XzJibGRyVEFUY1BJUWFKQ1gweFJGd2oway1DMkwyX3lya2phM1lHaDBRMXhnaURrZ2pq?oc=5,"Thu, 08 Oct 2026 03:47:33 GMT",2026-10-09T11:07:14+09:00
GoogleNews:AI　買い物,AI　買い物,Yahoo!ショッピング、AI経由の取扱高2割に 「探さないEC」へ前進 - 日本経済新聞,https://news.google.com/rss/articles/CBMibEFVX3lxTE1OOGN5dWNlTF9lNExDUzh5c2JycW5EMllBQVFOLUdhREZGT1pkeDltbjVrSVlwTklySHlYd0cwZUl4Z2FDOGRKUnc2ZTdrSDBLRk0tR1NoZ3dXWV9oRTE2Y2MyLXViTllzS3dTdA?oc=5,"Sun, 04 Oct 2026 20:00:00 GMT",2026-10-09T11:07:14+09:00
GoogleNews:AI　買い物,AI　買い物,AIショッピングアプリ『PLUG』、カメラをかざすだけで最安値とクーポンが見つかる「PLUG パシャ得」をリリース - PR TIMES,https://news.google.com/rss/articles/CBMiakFVX3lxTE03Wl9HR2lBZkpwa1RXVWVDLVVuOG5uLVU1ZlRFeGNCSVZJZXpGWThLWXBiUXEtUEJKejVCT3Rkc09ZZU4ydFQxT1JNU2RNNnJCcl8tYzg3SzE2UmZEVjJXNkdzX3JmazVfcEE?oc=5,"Mon, 05 Oct 2026 00:00:01 GMT",2026-10-09T11:07:14+09:00
GoogleNews:AI　買い物,AI　買い物,AIが買い物する時代の決済革命──Etsy、Albertsons、Coinbaseの静かな挑戦 - Forbes JAPAN,https://news.google.com/rss/articles/CBMiWkFVX3lxTE9iX01vRjhoT2NLaE9WNkpOUHVEOGl5UC1PRGd3a1NCME1VQmI2c0dXR0dkTGhFOVRsRjBMemVWSm9oaEY5QUM3bExZZk5kTXpGVGttOGgweE90QQ?oc=5,"Wed, 07 Oct 2026 22:47:00 GMT",2026-10-09T11:07:14+09:00
GoogleNews:AI　買い物,AI　買い物,アマゾン、Metaの「Muse」による買い物を阻止 AIエージェントの縄張り争いか - Yahoo!ニュース,https://news.google.com/rss/articles/CBMif0FVX3lxTE85MWtvWDE0TGNjVWQ1NXlTclkwaHJvREF0eGxuLVhtSkVnR2xrSmthUElyVDYycjU5WUpTSGViVm0zX2ZYNFpWSnlqcVY2ZmRfQ0haVHVnSXhuWU16bU1ab3hLemZlS3RqSkJ3VDlUWGxxU21CeHhNSDJQbXlteHc?oc=5,"Thu, 24 Sep 2026 07:00:00 GMT",2026-10-09T11:07:14+09:00
GoogleNews:AI　買い物,AI　買い物,ミレニアル世代とZ世代は、買い物時間を短縮するためにAIを活用している。 - Vietnam.vn,https://news.google.com/rss/articles/CBMihAFBVV95cUxQUkNWRjhlSUQ0XzMyYXVER1dxeUJzdlhyeVB4TWNPNHZCZkhBd2xUX25QYUFVM1Frc1Q2QmRkY2xMV3hfWHVLbkZhWUhHQjVuODRiWFEwaHdJYWVVNS0yZktxMWwzc0Z6NTFBaUlYajBndTdXcmNGbW00b2lwRmlGUWJXY2E?oc=5,"Wed, 07 Oct 2026 07:15:34 GMT",2026-10-09T11:07:14+09:00
GoogleNews:AI　買い物,AI　買い物,Albertsons Companies による、社内業務から顧客体験までの小売変革 - OpenAI,https://news.google.com/rss/articles/CBMibkFVX3lxTFA0ZVY3R2ZhSEVib0NNZ0cwNS04ZUFoSElGUnVpS05VRUFFblVnZHJFMzlNZlRlUEZheDk5X01HZWIzdmNMTGtUejhKNFVHX3FHd0FEVEdoR196a2JnbHBzVm5fd0ZPY2hqc1hJTEZB?oc=5,"Fri, 02 Oct 2026 07:10:01 GMT",2026-10-09T11:07:14+09:00
GoogleNews:AI　買い物,AI　買い物,AIアシスタントMuseがiPadアプリを公開、買い物代行や業務連携に対応 - mezha.net,https://news.google.com/rss/articles/CBMiYEFVX3lxTFBfb2x5eTRsLWU1WXNDcDhwaDFmaDZIN05XcDVla0NrWTdYXzU0cFhLdnc5V1dIaUhiZnlfWXBGUVZaR0ozaURfX0NJc2ZnOEdvdGdpNnA0Szk3WG9wWGloYw?oc=5,"Wed, 07 Oct 2026 18:40:07 GMT",2026-10-09T11:07:14+09:00
GoogleNews:AI　買い物,AI　買い物,ChatGPTで献立を相談、そのまま買い物へ SafewayがAIショッピングを開始 - DXマガジン,https://news.google.com/rss/articles/CBMiUkFVX3lxTE1HU0R4N28wNEZYb2Iwd0R0TUtqM2lUSG5LdXRLdWtZcEdVdzhkTGo2YS1hNVBUSHFzTHNmZTRMTEJBTXBkUDRhT2Uyd0dmMUFWR0E?oc=5,"Sat, 03 Oct 2026 09:48:25 GMT",2026-10-09T11:07:14+09:00
GoogleNews:AI　買い物,AI　買い物,Algolia、Velouを買収し、AIショッピング向けの製品インテリジェンスを強化 - Unite.AI,https://news.google.com/rss/articles/CBMihwFBVV95cUxQZmpHUUZ1VzBTb3hmWEU5ZXozVkpMV09VLWZnX1hwTG41V1RqUm1TdjE5Rm1QN2RJbmVmek5Cdlkwa2JMWGItYzlOVGRINXY3eGt1WllfbVlSXzB2djNoT1dKZzJ0RUZZc0h2X2hXajhDSklGLUJVWUU5dHBLa0tFLV82eE5NalU?oc=5,"Wed, 07 Oct 2026 01:43:24 GMT",2026-10-09T11:07:14+09:00
GoogleNews:AI　買い物,AI　買い物,ペイパルのニクソン・ディン氏：AIショッピングの隠れたコストは、乱雑な商品カタログにある - BigGo ファイナンス,https://news.google.com/rss/articles/CBMiWkFVX3lxTFB2cHpfNmtJVzNnYnUxdUNTd3B2UFd4ZVRlZ01LNERGcWEtbHNVV3ZoU0plWXhMUlhwbkZqYVFTWFpKaUpLeXpNZklpMnQzaFNIYXdiT2NHTjM2dw?oc=5,"Sun, 04 Oct 2026 20:08:00 GMT",2026-10-09T11:07:14+09:00
GoogleNews:AI　買い物,AI　買い物,メタのAI「ミューズ」日本で開始へ 買い物代行、情報漏洩にはリスク - 日本経済新聞,https://news.google.com/rss/articles/CBMibEFVX3lxTFB0eEhHMDZqM0wzQTNxZC1OR3BfdjBXTlZUcHdudjhqRWFuZi1vY3kyb3plSjdOLWtKMzhOTkFtVTlfRDR0dWlXdWhrdm5kUlFMMEtEeVZBblg0UFNFaERjczE1LTJNQmhjUVI2Wg?oc=5,"Fri, 25 Sep 2026 07:00:00 GMT",2026-10-09T11:07:14+09:00
GoogleNews:AI　買い物,AI　買い物,20％節約できるなら、買い物で選ぶブランドをAIに任せる──6割超の米国人が検討 - Yahoo!ニュース,https://news.google.com/rss/articles/CBMif0FVX3lxTE9QU0d0MnlJX0Q2amVmYktfWHE0am85NUZ0Z2MzWEJsb1ZfdlZkT1J4Z2dkakx0cVoyanB2MTJnWDA0NkxuZFdpUFVCSEg2QXc0akdfMzJrTGt5ZUZ5VXFWMzhKNm8zaXZ2VVpoUWROVG9BR1VUR3gwS1FxTXZQb28?oc=5,"Thu, 01 Oct 2026 03:15:00 GMT",2026-10-09T11:07:14+09:00
GoogleNews:AI　買い物,AI　買い物,メタのAI「ミューズ」、記者が鍋の買い物体験 食材選択は及第点 - 日本経済新聞,https://news.google.com/rss/articles/CBMibEFVX3lxTE1KSVBZbUFaVWtraFZvNW14YzNIX3lqM1E5R0ozb2QwMF91d1ZaWDZEcExLc01RNWZQU2stLXgyWERJc01UQXNPN0M0X0lUODg0QXJzUVZ6bFpSVzJYQnoxWVZ0YmRqMzVuTm41Yw?oc=5,"Wed, 30 Sep 2026 20:00:00 GMT",2026-10-09T11:07:14+09:00
GoogleNews:AI　買い物,AI　買い物,「イオンモールアプリ」刷新　AIが買い物提案、AEON Payも搭載 - ｄメニューニュース,https://news.google.com/rss/articles/CBMi0wFBVV95cUxNUlVMNExiamtDWXI0cmNMaWNlTXZ5a0hXMzFhN2FNY19PTmcxUTRwdkxaT2E5Y05sSTE0WmIzb3BLNGVWYks3TTZGSkNFZUNIQ0d0alVLbmxyUXhKWDNpLTRsMERTblNuWmlvMGM1WGRaNy1EWnBWbDRVRnNvVjMtZVFQWjhJbG1fTURtR19Bc0hvdWs4Q2NsaWctazBTWlc0OEkzUnMtYlRRWk5ZMmY2V0VYRUpqN1dsQmd1NldnVmpZTEg0a3hNaEtCVnRNckIyVVpZ0gGDAUFVX3lxTE9sa2JvQjZ5bEg4VzVWTUFCWFIxZzBlX2lxLVkwSTdCM1FRODJHUktmV2s5cnhIbm4xWGlrTzRabHdfS25ldmQtcmRUQ2lSOEI0Zld2NjFaQzJaZkZfeTVZSkJlVHphU1N2clNUVjBfc2huMHppd3RWbkJaZ1prc2lrbEhV?oc=5,"Tue, 06 Oct 2026 07:56:00 GMT",2026-10-09T11:07:14+09:00
GoogleNews:AI　買い物,AI　買い物,買い物で生成AI・AI検索を使った割合は約34%。調べたジャンル1位は「家電・ガジェット」で約4割、2位「旅行・ホテル」で31.5%、3位「飲食店」で28%（ネットショップ担当者フォーラム） - Yahoo!ニュース,https://news.google.com/rss/articles/CBMif0FVX3lxTE8zaGctT2NVZWl4a0FmTFNnMG0wYzdZVGNCRUhIYllYeXN5ZktHbjZGcm85MFJ1aVR3V3JTMFpqOERQZTlKUWd6aUlwRzB5TUxKWHNQTFFiUXZuVjJnMk41blRPSEhkdTBZbzVrZWp2YXlXUHA1SEhDX1EyZzVuSGs?oc=5,"Tue, 29 Sep 2026 06:31:04 GMT",2026-10-09T11:07:14+09:00
GoogleNews:AI　買い物,AI　買い物,買い物にもAI代行の波 米決済ストライプはメタ「ミューズ」に対応 - 日本経済新聞,https://news.google.com/rss/articles/CBMibEFVX3lxTFAzazM2SEVmMHhmNU5LTnc0MGxtWS1VVk9wbmdTRF9CMlBlWlk2dk9FdDNWdElJNExDdng5a1ozZ0E5eDhRcVRHdFNxbG5MYk1xellPOFUwWG5rZ0RQRzdjNGF1TUl3eEJmQlVwdw?oc=5,"Wed, 30 Sep 2026 07:00:00 GMT",2026-10-09T11:07:14+09:00
GoogleNews:AI　買い物,AI　買い物,Amazon、MetaのAIエージェント「Muse」による代理購入をブロック Shopifyは全店舗で対応へ - ITmedia,https://news.google.com/rss/articles/CBMiakFVX3lxTFBJX1VySlE0TU5aSDF2STh1eTQzVW5yNzBCZFVTM2pJalR0WkVEaTljWm5XZ3BUcDAxTmpuNlN6Z2dIUzZCNUhhbko0VG43MXd6YlE4aHc3WDAxZ0VERUNFNzFOT0RrRkFuYnc?oc=5,"Tue, 22 Sep 2026 07:00:00 GMT",2026-10-09T11:07:14+09:00
GoogleNews:AI　買い物,AI　買い物,AI｢ミューズ｣人気でメタ株高値圏 買い物代行、Amazonは警戒し遮断 - 日本経済新聞,https://news.google.com/rss/articles/CBMibEFVX3lxTE5xNFRHLWNReU9PRG1XNGpyLWl5UjY2cnZvaUN5dmZra21wVVo5ZXlwdW5Za01nd2pyUXlsekpRWm9iZ2FacmRjWTZuSE8xZXRkTlFIUTNJS0JhTm1XSzZQaTV0MW9mNk1yME92MQ?oc=5,"Wed, 23 Sep 2026 07:00:00 GMT",2026-10-09T11:07:14+09:00
GoogleNews:AI　買い物,AI　買い物,「生成AI×ファッション」で進化する服選び買い物の失敗を減らす「未来の買い物体験」ができる展示会を開催 - PR TIMES,https://news.google.com/rss/articles/CBMiakFVX3lxTE82QURrLXc1VV82ZUplVFpHUFNYeEROMktySTI5NU04d3VvcVlLb3RiVGpLcnJ4WFNQamtCQXFucWhWMWNlN0ktalp2dWYxOG52QVhoTFBRWnUwU2Q2bU1jRnZiZEZSU2pkeFE?oc=5,"Wed, 30 Sep 2026 02:00:03 GMT",2026-10-09T11:07:14+09:00
GoogleNews:AI　買い物,AI　買い物,買い物で生成AI・AI検索を使った割合は約34%。調べたジャンル1位は「家電・ガジェット」で約4割、2位「旅行・ホテル」で31.5%、3位「飲食店」で28% (ネットショップ担当者フォーラム) - Yahoo!ニュース,https://news.google.com/rss/articles/CBMijgFBVV95cUxNWVVfVWREVjR6STU4VzZzT19MWTR3Y0hZYzhWVWF6VnFpc2l1NTlhZjJFTnZfdUtCZVgzSXpVdmJ0RXIwdU9TRktMcDRXQ0hCNVF1YTBVOTZVbnFEUDlpdVBkeDdBazlGeTBQVHZfMEQxemhkckRCb1JKLWdLMGY2d1pCbUlkVVdtRjZPUFln?oc=5,"Tue, 29 Sep 2026 06:31:04 GMT",2026-10-09T11:07:14+09:00
GoogleNews:AI　買い物,AI　買い物,アマゾン、メタのAIエージェント「Muse」を遮断－買い物代行巡り対立 - Bloomberg.com,https://news.google.com/rss/articles/CBMid0FVX3lxTE92TUJtek9STTc2VGZrLVhfT0xaTEhaOFdST28wSEZlQVhqT0ZHc0MycF9nOEgtU3R5cktiUW5GdDd2c0xiTkt6cnRCTGpuV09ZZmJkeUtkTU1HZWJ2WXRTbXYxeWVsWWhJZnlDbU1jMTdEUjQxaG5r?oc=5,"Mon, 21 Sep 2026 07:00:00 GMT",2026-10-09T11:07:14+09:00
GoogleNews:AI　買い物,AI　買い物,米Amazon、MetaのAIエージェント「Muse」による買い物代行をブロック。プライバシーとセキュリティを懸念 - テクノエッジ TechnoEdge,https://news.google.com/rss/articles/CBMiZ0FVX3lxTE5sU2p3cXNSZTMySU9sQXhhU1oxTElacTNIcmR0a1pqQm5DOS1LSEpmUTNNRnFqLWk2NnRHSC0xbWJCU2ZydXo5YnpmWXRxNXlNamFpWTlqblBaSFh0MnJmNVVGUDVMYjQ?oc=5,"Tue, 22 Sep 2026 07:00:00 GMT",2026-10-09T11:07:14+09:00
GoogleNews:AI　買い物,AI　買い物,対談！EC+【第22回】 「AIが変える買い物の意思決定」ってなに？ 高関与領域における納得できる選択を支えるAIと人の役割 - www.hakuhodo.co.jp,https://news.google.com/rss/articles/CBMiVkFVX3lxTE5ZQlZXcHNKQ0NpT2QyMEltR3lxRnpaMEozQlNaWFJRWW5wNkM4RHM3WHFXZXZnQzNxNm02RW5ibTh4eW9FblJUMElwQnpLckVrZHhtaXd3?oc=5,"Wed, 16 Sep 2026 07:00:00 GMT",2026-10-09T11:07:14+09:00
GoogleNews:AI　買い物,AI　買い物,“現金化”できるキャッシュバックで世界的ヒット。シンガポール発「ショップバッグ」に聞く「AIショッピングの最前線」 - Yahoo!ニュース,https://news.google.com/rss/articles/CBMiiAFBVV95cUxPYmgtUlZ0NHJaRDlzRExWcFZsQXc4N0U1MTlXRDVGZGZOeUZHczNwSWxOeVZLN1J5MGtJbTMtQkdPTjd5VDd6NVEyd2l5cWt3VzBmdzZkQUhnWnhXaVZIUmFFbGRSWUstRWRLZ0hXd0hqa1dfOTBkcDY3cDItYzVLMlNxR2NRbGV1?oc=5,"Wed, 30 Sep 2026 07:00:00 GMT",2026-10-09T11:07:14+09:00
GoogleNews:AI　買い物,AI　買い物,米議員、買い物支援ＡＩ巡りアマゾン・ウォルマートの調査要請 - Reuters,https://news.google.com/rss/articles/CBMifkFVX3lxTFBrUTJPVFFoOFNjOTVnUDBEZXVvdUc5N3dkOUp5R185M2tGVFFZSW1DZnE4SVh0ZHVzQWNpZmZMVGYzSkJRQTk2LUZKRGhnT1c2YmF5U244SkFoaFdDcW5CeXlnNEJqcnY0MXBUWUtfaThMeHpuZk1NRHZiWkJLQQ?oc=5,"Thu, 17 Sep 2026 07:00:00 GMT",2026-10-09T11:07:14+09:00
GoogleNews:AI　買い物,AI　買い物,新たな調査によると、AIがあなたのホリデーショッピングを完全に代行するのはまだ先のようだ - Business Insider Japan,https://news.google.com/rss/articles/CBMioAFBVV95cUxOVjZ4RmNOVmtPRUY4M1NGRGZCVEM4Z3dQVzFmYWI3OGpoZUJxb3BEckhCWE1iYkszczMxd1J1Q254djlFb29SNFN0cGtwbjZRY0N5eWNlcW05c29lWkZia2I2TER4RVI0WnpyZENLVGEtYy0yUG9NVUluaEJjYmY1UlRFeW45dzJsZ0twV3pWcGl2SmZqTFpYWmQyQThHMnk4?oc=5,"Mon, 28 Sep 2026 07:00:00 GMT",2026-10-09T11:07:14+09:00
GoogleNews:AI　買い物,AI　買い物,韓国政府、周辺スーパーの最安値を比較するAI買い物アプリを5地域で試験公開 - BigGo ファイナンス,https://news.google.com/rss/articles/CBMidEFVX3lxTE5aS2lHemxMVUVnd29rbTJWQlp0UVFHdUlKUFN1N3lpT1FkOFltZ2xnb1o5RVhvT0gwcU5KcW9yeF9rMnhMT3dMMmxXNFN5Z3VYeVF2aFZyRC1MRE1YeThpSFlVanlJRDFjUjZZODA1UllmNkxh?oc=5,"Sun, 20 Sep 2026 07:00:00 GMT",2026-10-09T11:07:14+09:00
GoogleNews:AI　買い物,AI　買い物,買い物におけるAIサポート、シニア層の3割が「抵抗なし」 電通シニアラボ調査実施 - AdverTimes.（アドタイ） by 宣伝会議,https://news.google.com/rss/articles/CBMiX0FVX3lxTE1hT0cyVDUxV0YxSTJ5VUpwS0FKaWJaaTZJSFBlWVVFdDNyaFVEa0JQMUk3ejd0ZklVeHc2eUl4YVJwRUgtSGxqWE96TlJVdFBhc3B6MnJYNWIxTEpkdXRJ?oc=5,"Wed, 30 Sep 2026 04:07:47 GMT",2026-10-09T11:07:14+09:00
GoogleNews:AI　買い物,AI　買い物,広がる“AI活用”コンビニスイーツもAIが“商品開発” 60代の2割 買い物に“AI利用”【なるほどッ！】 - 日テレNEWS NNN,https://news.google.com/rss/articles/CBMifEFVX3lxTE85b2FCM3FnLU11clF5QmJILUs4aVgyVWpjQ2lwVnZsalhDSGtZUk9FTnp5R081a3BDcHF5UnhuV2ZCdHc2TWs2ZWs1RzR6aWlIZmt2Qmh1OXpUWGNDWWUwV0NvbklKSndGdkZiYWF3bDNNTTBxNUNWRG5xV1Y?oc=5,"Fri, 25 Sep 2026 07:00:00 GMT",2026-10-09T11:07:14+09:00
GoogleNews:AI　買い物,AI　買い物,AI接客にシニア「抵抗なし」3割、買い物の相談相手に 電通調べ - 日本経済新聞,https://news.google.com/rss/articles/CBMibEFVX3lxTE5pM0VfdVZ6MHp2X29FblJmQzRld28yUDZCbG9pM0ZReER1VXE5QkUyTU80YWlGeUN2eHM3Q0dPbnU5MzJpYmkwWU9KYTZKNkVWblptYy1tdXpONzBLYjNnU2FISDhEVW9xd2M5WQ?oc=5,"Thu, 17 Sep 2026 07:00:00 GMT",2026-10-09T11:07:14+09:00
GoogleNews:AI　買い物,AI　買い物,【独自調査】買い物・お店選びで「AI検索」を使う人はどれくらい？ 304人の検索行動を調査 - PR TIMES,https://news.google.com/rss/articles/CBMiakFVX3lxTFA2ZXRBR3JWYkxVSUJnNlQyaDVkN01RZ0I3MWFPWS0wY0ZVSGVQNENqOVZ5ZkpDaW54bkk1WDlwbnNCcUlwQW9qTUFiUE13bldIMDZ4REJHNHNqd1BzMVp4eHMxUGtWdHdBc2c?oc=5,"Thu, 17 Sep 2026 07:00:00 GMT",2026-10-09T11:07:14+09:00
GoogleNews:AI　買い物,AI　買い物,メタのAIエージェント「ミューズ」日本上陸へ 買い物代行で利便性と情報漏洩リスク - BigGo ファイナンス,https://news.google.com/rss/articles/CBMidEFVX3lxTE9xbjFnRkVMczBDc2g5T2k4TDNRSzlVVG1BTzQzeTdtRjZETzNzem1QX1YyOFVHbUwwX2RuRkY5djdGS2x3djZteUVUTXMtNXlIbTAyblE0N3pTdFUwenZTdFhNNEVoT1Bvbjhva0lmYW1ydnBJ?oc=5,"Thu, 24 Sep 2026 07:00:00 GMT",2026-10-09T11:07:14+09:00
GoogleNews:AI　買い物,AI　買い物,AIショッピングアシスタントがカード情報要求・脆弱な決済誘導…グローバル銀行が共同警告 - BigGo ファイナンス,https://news.google.com/rss/articles/CBMidEFVX3lxTE8wVHRRcjJCS1FWeEcxVVlzUldjR0NyX1c4Ym9wRU15eWFHRl9tZmJtS0NHaklMUDMtV2c3RWpha2RxMzB5aFVFOUNRd3I1bVdsNlF6QlhrbFlVNS1Ld3dtRUFIXy02dXdOWDhfNmRxaTJZRE1h?oc=5,"Tue, 22 Sep 2026 07:00:00 GMT",2026-10-09T11:07:14+09:00
GoogleNews:AI　買い物,AI　買い物,若者の過半数が買い物決済をAIに一任、エージェンティックコマースの現在地 - Forbes JAPAN,https://news.google.com/rss/articles/CBMiWkFVX3lxTE1UdGhxdUNva3VlS1pKZHJOMmppYTVkb1hsWDRKVG9odzY4RmZHSnNCUkdqNFR2Z2JGNmNfcGY4Z3hEeW5LVndGY24zYy1zbk5zX2RXVUlLQVhhdw?oc=5,"Tue, 25 Aug 2026 07:00:00 GMT",2026-10-09T11:07:14+09:00
GoogleNews:AI　買い物,AI　買い物,Amazon、MetaのAIエージェント「Muse」を遮断　自社の買い物機能との同意基準に違い - 財経新聞,https://news.google.com/rss/articles/CBMiY0FVX3lxTFA4MVpNM2dTYmYwSXJCTkxFelJGLXBLcklPTEtobTVacTMxc1paamtGYlZHeXRYS19ZV3dFU1BkZzhuY2tteXRHWFJkTlQ2akV1WU1EN21JaWhXb2phU3k3LVhtb9IBaEFVX3lxTE5ON1FISkhISllueUoxTUxhN1Blek95WGJFTWM3MlhLVDkwUHhNUi0yZ1NtX3Q2VnIxNFd1aUh5cmdwVWVBNDhXaVNoQXBnYkI1Q01XUjF2ajg2d0dlS1IzM0xjRFE0SU1J?oc=5,"Fri, 25 Sep 2026 07:00:00 GMT",2026-10-09T11:07:14+09:00
GoogleNews:AI　買い物,AI　買い物,【なるほどッ！】広がる“AI活用”コンビニスイーツもAIが“商品開発” 60代の2割が買い物に“AI利用” - TVer,https://news.google.com/rss/articles/CBMiS0FVX3lxTE5zSlpWSUlhNDUxRDVGTXdmR3VRR3ppMERXWWE5RXNubEhQck1WSkllY1duX3g2VzIyUHI1NDdGYzRmY3RZS3ZxQmNDZw?oc=5,"Tue, 29 Sep 2026 20:19:32 GMT",2026-10-09T11:07:14+09:00
GoogleNews:AI　買い物,AI　買い物,生成AI利用者、66.3%が「買い物の比較検討」でAIを利用した経験あり AI Overviewを確認する人も半数以上 - AMP[アンプ],https://news.google.com/rss/articles/CBMiXEFVX3lxTFBsWHhQcHNOSzVZVHZDTjBvell5c1RmYjBzdWdBQlZVTGZtZWIyN3BJNnIwMWxZZVBiX1dLT0Rzc2hCb0lfXzNHWkpuZjVGUFZMTFJ4N1hIaGhvaXVr?oc=5,"Tue, 15 Sep 2026 07:00:00 GMT",2026-10-09T11:07:14+09:00
GoogleNews:AI　買い物,AI　買い物,Amazonが、代わりに買い物してくれるMetaのAIエージェント「Muse」をブロック - Korben,https://news.google.com/rss/articles/CBMibEFVX3lxTFA2NTJfaUNFUVV0bXZrSEdxQzh4SkF2cFpxWGpCMDFuLTFrRXdSZWNGM2RSaUVrZzM3djFfLXNKYUJQSGJOUzRJeU0xNEtRb2pyOGpBd2M1UnFtcjFtRzB3ZFI5eGtha016d1VtWg?oc=5,"Tue, 22 Sep 2026 07:00:00 GMT",2026-10-09T11:07:14+09:00
GoogleNews:AI　買い物,AI　買い物,New Session | 買い物を「AIに任せる」近未来。企業がすべき備えとは？ - NewsPicks,https://news.google.com/rss/articles/CBMiYEFVX3lxTE1HdGR4UzlfMmpPdnhGZ1JGMUZSYUpOQXFhZy1UWFZNMjJDUUZtT185OHUzUDFVQmtpbmdrV3BNYlJoaVFKR0h5VFh6YW5KUFdfck9TYmNOMldYdlFEY2w2Vw?oc=5,"Wed, 16 Sep 2026 07:00:00 GMT",2026-10-09T11:07:14+09:00
GoogleNews:AI　買い物,AI　買い物,【Meta最新AI】「ミューズ(Muse)」が日本開始へ！買い物・旅行予約代行の機能と情報漏洩リスクを徹底解説 - https://istep.click/,https://news.google.com/rss/articles/CBMiSkFVX3lxTE9fOTNTN01KWFVnYS1OQWNPZDJzMG5OTmdScW50MUVBSU1oT3F3V3NtVXFBUDVoRGlIUlRuTEZsMFBXSk9pcHZYbUNR?oc=5,"Fri, 25 Sep 2026 07:00:00 GMT",2026-10-09T11:07:14+09:00
GoogleNews:AI　買い物,AI　買い物,もうSNSの口コミは信じない？ 買い物の情報収集で「生成AIの信頼度」がSNSを上回る - Business Insider Japan,https://news.google.com/rss/articles/CBMiowFBVV95cUxNWGxiWUdBVG5NVzdjRURvTktpRFBWcUZ0dWIxUDRoY3dlVW5YN0FfdXdiSWNNQXd5b0Nra21MY0lYMW40d1lmSFdXZDBabEc5LWxYYk5TNFd2Y2VtUFpWNHY1bmM5RTQ5VjVFMUtFRnNJSURSajFTemxxOElTZHpfcllEZnZyZVI3NmlVUHZBZ2xxSm9HQldmZ2lzNDN4NzJOaWM4?oc=5,"Tue, 15 Sep 2026 07:00:00 GMT",2026-10-09T11:07:14+09:00
GoogleNews:AI　買い物,AI　買い物,韓国KT、買い物・不動産・公共サービスをAIで接続…「みんなのAI」構想を公開（KOREA WAVE） - Yahoo!ニュース,https://news.google.com/rss/articles/CBMif0FVX3lxTFBjTU8yZWhDUzZ4UVV4RklkV21MNUlPNkd5NXAwMlVUaWZqdzNaTFZLNEV6TVZTenBYZkVQQTRDTlV5YmdPRGlFbm5CMEdnOUphUjZEWXVhRVZ6QU9DdTFmRnVoRm5TeFlqb2ItZmFnVjN2eGdXVkFzYlpoLXlrZmM?oc=5,"Thu, 17 Sep 2026 07:00:00 GMT",2026-10-09T11:07:14+09:00
GoogleNews:AI　買い物,AI　買い物,米議員、買い物支援ＡＩ巡りアマゾン・ウォルマートの調査要請 (ロイター) - Yahoo!ニュース,https://news.google.com/rss/articles/CBMijgFBVV95cUxQb1pMM2VJQkdyZEV6UlItaDdSVFFtTHNfcXY0SkM3U0ZoTHFLRnJudDlnaENMX0FkNExUTjJKUDdVYkV4ZF9Eemx2dWVEWERqQkhQdlVlZ2V6OEVYTV9NSUkxakR3TkkxbXF0Ym1Ca2ZiVmNuUVo0NG1pSzVxMU5oVVVjdlBtU0k5WFUzd05R?oc=5,"Fri, 18 Sep 2026 07:00:00 GMT",2026-10-09T11:07:14+09:00
GoogleNews:AI　買い物,AI　買い物,アマゾン、Metaの「Muse」による買い物を阻止 AIエージェントの縄張り争いか (CNET Japan) - NewsPicks,https://news.google.com/rss/articles/CBMiTEFVX3lxTE1QVl9GX3FzU3NDNGVULWV6bDR4bmNvbEdIM1JyTVhPZEtkTkVHZmRCQkgxSEJRVVBiRklNNlItSDNFS3BMQlc0M1VkcGo?oc=5,"Wed, 23 Sep 2026 07:00:00 GMT",2026-10-09T11:07:14+09:00
GoogleNews:AI　買い物,AI　買い物,検索も買い物もAI任せになる時代へ…ChatGPTをEUが規制する背景、Visa・MastercardはAIの“身元確認” - ｄメニューニュース,https://news.google.com/rss/articles/CBMie0FVX3lxTE5zWEwyS3dqVlFKVHZEMmFmTWFEdm5tb01TRENPMzBFR3lzckNOeTBkQlJPQlpQdTR3V2FDc0pUUGhneG9ycTNpMXNLX3RXVmY2YnJmaTFzaFdYZUtpMDNGSkFxMTQ4RFg5dF9aTktBZ3ctTzhuRkNHcDdWNNIBd0FVX3lxTE9JZkY2WUMxNFA5NHg5SlJGVWhmbmFmYkFzakoxQVF6dmRtbEs5UVNBa3ltcVNCRk5xcGNONnlnTUpHZ1Q1a1F4WEpiOWJHNEFFT1VFYXI1WnFkM1BRTFZhRXhYN1FyVXZNTEVSNF9FNUd1U0lVMW5V?oc=5,"Thu, 24 Sep 2026 12:25:27 GMT",2026-10-09T11:07:14+09:00
GoogleNews:AI　買い物,AI　買い物,AIエージェントがまもなくビットコインで決済へ、GoBTC Pay幹部が語る - BigGo ファイナンス,https://news.google.com/rss/articles/CBMidEFVX3lxTE10TmZGRTBySlZRZ2ZNLURRWTRWaTV3RlI0b0FoVGFUckV1bmNCcnk1OVhLelR6b0RpbmZTREJHaTdFNFh3dFMwNmpjYUNUUDk0MzhTV3pkNjRqY1Y2QzZVUG12UlpRN2VEaFlQYldqTmxaZWN4?oc=5,"Wed, 23 Sep 2026 18:39:00 GMT",2026-10-09T11:07:14+09:00
GoogleNews:AI　買い物,AI　買い物,AmazonがMetaのAIエージェント「Muse」の買い物代行をブロック - GIGAZINE,https://news.google.com/rss/articles/CBMiY0FVX3lxTFBQa0dyQUp6VjlkR09uakIwckxWdUhDNFpfempMcFEwN0YyaHBXYWxKQ0d3Z1VTYk52NEFhMjVsY1dyWjlMS3VWOWM4R2NhVnI4OUFFYzdseEtzd3U3QlBFNjFWMA?oc=5,"Thu, 24 Sep 2026 07:00:00 GMT",2026-10-09T11:07:14+09:00
GoogleNews:AI　買い物,AI　買い物,「AIに買い物相談する」4割、タイパ実感75% 50代は検索より重視 - 日本経済新聞,https://news.google.com/rss/articles/CBMibEFVX3lxTFBWdnd2MWkxVkhwRmUyR1JhX0YtTHdWVFZxOHRRdGdWdldSUDVQVjFKT3lkYnVsTGVfcFFIRloxeGRVUlRUenprYVJTd1FDeTdQUG1kM1lJeG9qbTJLeFBFQUhQT2VEblJzR0tvXw?oc=5,"Sat, 22 Aug 2026 07:00:00 GMT",2026-10-09T11:07:14+09:00
GoogleNews:AI　買い物,AI　買い物,韓国KT、買い物・不動産・公共サービスをAIで接続…「みんなのAI」構想を公開 - AFPBB News,https://news.google.com/rss/articles/CBMiUkFVX3lxTFA4YTFKX1dhbzZXeFJJTm1SREx0VVpVbHFFdTVYVHZ3VkdWQVJ2S0RHeWpoMHNaMmh4ZlVkQVBFUVp1MHMwdmJiYVZJVVpYN2lxZGfSAVRBVV95cUxNNWNBQUJpOElHWG13RG93WHluenppVU1ZNzFIWld3RDgxbG9fZi1iS1pOaVlDYVd5NkRhUGVOWDR4U19zVUdselVhVHB2ZzJ0T3JYS3Q?oc=5,"Thu, 17 Sep 2026 02:34:36 GMT",2026-10-09T11:07:14+09:00
GoogleNews:AI　買い物,AI　買い物,韓国KT、買い物・不動産・公共サービスをAIで接続…「みんなのAI」構想を公開 (KOREA WAVE) - Yahoo!ニュース,https://news.google.com/rss/articles/CBMijgFBVV95cUxQVGtkeFdvYUxjRHZrQU5vZ0phM01EVnJIQmJZUDBkck9BV1lMeGNrWEMzUDlEZ0VWTW1YMF9MQ2Y0NUJlcjE0ck1leHhXS21jRGpGbXc5Yl9wczU2Y09xcHYtbzdHenZLenpMSVZLMTJiYjVRWkZJYUxoVVhPUXJFOGxxSkRyV2psY01MRDJR?oc=5,"Thu, 17 Sep 2026 07:00:00 GMT",2026-10-09T11:07:14+09:00
GoogleNews:AI　買い物,AI　買い物,AIは買い物習慣をどのように変えているのか？ - Vietnam.vn,https://news.google.com/rss/articles/CBMid0FVX3lxTE1HWDBxQTBxaDFITVdvNUxfNjlYOUhXV2hZcmZuRXI0XzhyWUkyMHN1OHZMaGNucnBCQXM1RkNSeDQwbENDdG1IMWNrR2RUcVQwQ0lUeFhybWphN20zaTNGd1FfUG04NnR1djNYRklpZ1R3YmU4RGww?oc=5,"Tue, 29 Sep 2026 11:58:47 GMT",2026-10-09T11:07:14+09:00
GoogleNews:AI　買い物,AI　買い物,買い物時に「親友よりもAIを信じる」7割超──「エージェンティックコマース」時代に仕込みたい「3つの戦略」 - Infoseek,https://news.google.com/rss/articles/CBMidEFVX3lxTE9RLURmNmdON1h0NFpzZ3lJXzB4dF8yYjNqYlhoV2lqUGtuWTh4ZUpQdlA2QzRLbWJfT0lxZnBIbnFhams1RjFKdmVZVGRpNU1UWWNwcEU4YXdGemJZaHdMb0czNXZnTlRwSWcySS1SWUxSbDJw?oc=5,"Sun, 20 Sep 2026 02:10:08 GMT",2026-10-09T11:07:14+09:00
GoogleNews:AI　買い物,AI　買い物,「生成AI×ファッション」で進化する服選び買い物の失敗を減らす「未来の買い物体験」ができる展示会を開催 - Infoseek,https://news.google.com/rss/articles/CBMickFVX3lxTFBfWWY1dnkxTVBzandUVVFnQUV1bXRKQWwwTGVPSzc5NjhkZnJLN29iMlBxZGFtZlVNWWZGLWRveUdsSG0wVklhajkzNVg1WXR5OTlqMTJMTVRBS09rZ3NKV1B6THVESWtMd3RMaW90dlZjQQ?oc=5,"Wed, 30 Sep 2026 20:10:01 GMT",2026-10-09T11:07:14+09:00
GoogleNews:AI　買い物,AI　買い物,AIエージェントで「買う」と「売る」はどう変わる？ Yahoo!ショッピングが目指す新たな買い物体験｜LINEヤフー株式会社 - LY Corporation,https://news.google.com/rss/articles/CBMibkFVX3lxTE1hSm9kczFEQWJjajlwR0NreXN6djhHaHFpM3VnbjZualNwelhUNndKN1daZld2Sjd1eTJoYmlYR0FsbzZIQ2Q3YkFPTDJEUHN6WjJGMGx5eEl1SlM3eWdTNGhkd2xyWXMzckQtOS1n?oc=5,"Thu, 20 Aug 2026 07:00:00 GMT",2026-10-09T11:07:14+09:00
GoogleNews:AI　情報検索,AI　情報検索,BIMSTOK、AIの検索対象を点検・異常・修繕履歴まで拡大。施設・インフラ維持管理における情報検索を大幅に効率化 - PR TIMES,https://news.google.com/rss/articles/CBMiakFVX3lxTFBIcUNLRHl2VTdRTVZvUDdVOG5DWXRPU1RCLV90QzRnX3F2ckpvN3F5Z2RVRFM2SHF5RE05WkVfdU14OTlObnBkbWpxY2RfYjNvYi13ai1fMGpTSFJZc3M4VklLTmFNMy1fbEE?oc=5,"Wed, 07 Oct 2026 05:00:01 GMT",2026-10-09T11:07:16+09:00
GoogleNews:AI　情報検索,AI　情報検索,生成AI検索時代、キーワードより「文脈」…企業が追うべき新たなKPI - BigGo ファイナンス,https://news.google.com/rss/articles/CBMidEFVX3lxTE5lZ24zbjRtZnA3emREVXhWRUZLUElJRzlyTUFBd09ObHpyUlp0MVhrdGlrMDBGeVFHcFZ6bm1rUlcwWkdCS1BjVWtXemV2eE9xaXRjZTZGSDN5Z1lFaXh5d3dNYjZ4Q05IcHBocElGUkt3dTlH?oc=5,"Wed, 23 Sep 2026 18:21:00 GMT",2026-10-09T11:07:16+09:00
GoogleNews:AI　情報検索,AI　情報検索,「社内情報をAIに食わせればいい」だけでは足りない、情報検索精度向上の鉄則 - キーマンズネット,https://news.google.com/rss/articles/CBMiZkFVX3lxTFA0enVmZXd0dnNmdUluMzN2TEU0cFA2QmZ4T09HUTQtT0VFb0FvcVIzQ2NTNEZRSng2ZTJFdlNuTDlkUmdqS0Fub3lQNzNnN0liMGhhenFpaVZncXRhRGpYcGJtQjFCdw?oc=5,"Mon, 17 Aug 2026 07:00:00 GMT",2026-10-09T11:07:16+09:00
GoogleNews:AI　情報検索,AI　情報検索,自民党のAI検索も対策、生成AIで自社がどう回答されるか分析するQueryLiftJがJAFCOとZVCから1億円シード調達 - BRIDGE（ブリッジ）,https://news.google.com/rss/articles/CBMic0FVX3lxTE1rNENuNzluOXFRblA2RDJQY0o3c05TYVdCa0YxcDR4Ynl3RFplanBoQXdJRHNtajAwUGduOHZVTVJmTWpBSEE3bW4tSjNfLTNLRlY5S3d3TmNnTmtMRVI1ZGFDSXc3QkQ1dHN0OHZpYmV5c00?oc=5,"Fri, 18 Sep 2026 07:00:00 GMT",2026-10-09T11:07:16+09:00
GoogleNews:AI　情報検索,AI　情報検索,市場調査の「検索・整理・深掘り」をAIで効率化 - ZDNET Japan,https://news.google.com/rss/articles/CBMiU0FVX3lxTE9ta0p0Y0FBelZUWnZxODViM2dQODdWbl9CajJiWllVOHAxaXVFbmRQazBOa3pTeldJeGVMZVo2RF9LSzI1ZkZodFo0dGpqRmRKY18w?oc=5,"Fri, 02 Oct 2026 01:36:30 GMT",2026-10-09T11:07:16+09:00
GoogleNews:AI　情報検索,AI　情報検索,社内の機密情報を外部に出さずにAIで活用 オンプレミス型AIナレッジ検索システム「VALTEC LocalAI」を提供開始 - PR TIMES,https://news.google.com/rss/articles/CBMiakFVX3lxTE1ZU3dvcnN3V0l3UmUxZmloUm9KNEdEOU1UMFRMRUFBRjdSblZFckt5LS1NOXdKdGpDdndfUnZlVllSQklHZXV4aWJ2N0FseWppaHZodXpyN1NsMkRKZmFBSlJsaTJrc3Jxb3c?oc=5,"Tue, 06 Oct 2026 04:34:35 GMT",2026-10-09T11:07:16+09:00
GoogleNews:AI　情報検索,AI　情報検索,AIで情報検索すると従来のウェブ検索に比べて身につく知識が減る可能性がある - GIGAZINE,https://news.google.com/rss/articles/CBMifEFVX3lxTFAyMWtPdmNyS2NWVm54eE9FRHVFU2dzTm9hVUdNaVhySnU1VVBKZ01zb1ZBV1JsRDNfRkJwTmotNUVlZVlydzhHQ0tUMkw0b2oxdkRCS0pYb2JpMTJ5UnFlaWhfZ2dEYVZDcjFoTGFqekVRdnVfM29hSlAzMXY?oc=5,"Sun, 08 Feb 2026 08:00:00 GMT",2026-10-09T11:07:16+09:00
GoogleNews:AI　情報検索,AI　情報検索,Z世代、商品購入で生成AIは「比較検討する商品を絞るとき」に44%が利用。ただ、情報源でも最も信頼するのは「検索エンジン」が断トツ - ネットショップ担当者フォーラム,https://news.google.com/rss/articles/CBMiXEFVX3lxTE1fVjFGbWtmVl9COVNQTFg4YlFzMWJUSmd2YjRFNXhjZnd0WUQ4cWRoQkxISkdDYkNDMTVrTU8zUGVYcWxPS1Njb2ZXSEpZT3ZsN1FUX0U0OHVBMTIt?oc=5,"Mon, 07 Sep 2026 07:00:00 GMT",2026-10-09T11:07:16+09:00
GoogleNews:AI　情報検索,AI　情報検索,医師の調べ物に役立つAI検索ツール、何ができる？ どう使い分ける？ - 日経メディカル,https://news.google.com/rss/articles/CBMif0FVX3lxTE1McnpneGhtSEVyMk9qaDAzSThMbDM5UUNiMVdwZVFaWHAwc2Mzb0hVOWZrelEtODl2UXl0MlQyd0FuSUdWQmJoLWFaeGFOQVVGdzhDQjZIZGktRXJVc05oM1phRDJvdFNWMUs3eUNhaEs0XzVGSkk1R3RSMXI4Ymc?oc=5,"Wed, 11 Mar 2026 07:00:00 GMT",2026-10-09T11:07:16+09:00
GoogleNews:AI　情報検索,AI　情報検索,対話型人工知能(AI)を単純な情報検索ツールではなく、悩みを打ち明ける対話相手として活用する人が増えている。 AI利用者10人のうち6人近くが個人的な悩みや感情をAIに話してみた経験があることが分かっ.. - 매일경제,https://news.google.com/rss/articles/CBMiUkFVX3lxTE9saXJOMV9hTk5McDlWenRWbjRMRnpYbE9ldGpvUjR5YWgwMDdONlBZYlZtTG9Ya2hYOGY4V2NuTlg3MkROVlA0OU9EV3dSUTJockE?oc=5,"Fri, 18 Sep 2026 07:00:00 GMT",2026-10-09T11:07:16+09:00
GoogleNews:AI　情報検索,AI　情報検索,Z世代、商品購入で生成AIは「比較検討する商品を絞るとき」に44%が利用。ただ、情報源でも最も信頼するのは「検索エンジン」が断トツ（ネットショップ担当者フォーラム） - Yahoo!ニュース,https://news.google.com/rss/articles/CBMif0FVX3lxTE1wUDJVRXV3UExuUWJlOWZmMF95MlBUdzZ3QXNuajJybmRBQTIycGR4enYtVzh4M282amt3clFudkQ3Zl96Y2QtODFjUkJ0NFVabU41ajdudnJpdHlHOV90Wm9ZRm1yazhpWnU3VHBwdzQtTEs2UER0YmE0TDVQY3c?oc=5,"Mon, 07 Sep 2026 07:00:00 GMT",2026-10-09T11:07:16+09:00
GoogleNews:AI　情報検索,AI　情報検索,翻訳や検索、生配信もハンズフリーで！ AIスマートグラス「VIVE Eagle」は日常に寄り添うデバイスだ - Mogura VR,https://news.google.com/rss/articles/CBMiY0FVX3lxTE92ZVZNSnZ0MDJFdWRERktjSmZ2U2QxYVRxYVpQenR1eTFsQkM4OVpwWTl1Z0dzMkYtaVhET184Yktab1MyOWNiX19rNjRQR3dDTy03OVZ6TzBUZFhIQ2hNTWZZRQ?oc=5,"Wed, 30 Sep 2026 06:27:07 GMT",2026-10-09T11:07:16+09:00
GoogleNews:AI　情報検索,AI　情報検索,技術情報検索時間を20分の1にする生成AIアプリ、開発の工夫と体制とは？：モノづくり総合版メルマガ 編集後記 - MONOist,https://news.google.com/rss/articles/CBMib0FVX3lxTE81U2hoSlVLQS1GYzIwU20yR1hyVUdncnRidXVTQVd1TXZ1a19YdjVOY2VxaEVCODBGLTJ4bHZLVS1ZdDk5OWwzcE9IQkMtOVhNaHhhZUlDN2VOcGFkNHRrNi12XzdmYzZWMG9MWHNJUQ?oc=5,"Thu, 14 May 2026 07:00:00 GMT",2026-10-09T11:07:16+09:00
GoogleNews:AI　情報検索,AI　情報検索,【QueryLift x 筑波⼤学】⽣成AI検索における情報流通・引⽤構造の共同研究を開始 / 同社チームの研究が国際会議CIKM 2026に採択 - PR TIMES,https://news.google.com/rss/articles/CBMiakFVX3lxTE5PZXVQQjZ6YmhUenNoNkJqRkU3MWg0X2hPbEhjZ0xYN0xuSGFkdHlFWE4yeHhTQlVKdkJ0bjZzaXVRazVTYTZWa0IzSFQtRDJ6Q3lRTlpTcWJqMnJBSnFFMnJkT2hIbVM2LUE?oc=5,"Wed, 30 Sep 2026 00:10:02 GMT",2026-10-09T11:07:16+09:00
GoogleNews:AI　情報検索,AI　情報検索,AI利用経験は43%、活用目的は「情報検索・ニュース把握」「学習・自己啓発」「創作・エンタメ」が上位 - ネットショップ担当者フォーラム,https://news.google.com/rss/articles/CBMiXEFVX3lxTE53bVk0TmhZWUhFeEZGcnhaajdaSDJVcVpqeTJsYUoydTVwQ2hCTjJxR0NRclduQno4ZXNXNjZXZW5GanZOR1NwQVMtTTc5U0pxODA1NllPVWZxa1Nr?oc=5,"Thu, 02 Apr 2026 07:00:00 GMT",2026-10-09T11:07:16+09:00
GoogleNews:AI　情報検索,AI　情報検索,150コンテンツの「信頼性の高い」情報を一括検索　KDDIが新AIサービス「Buffmee」提供、1年間は無制限で利用可能 - ITmedia Mobile - ITmedia,https://news.google.com/rss/articles/CBMib0FVX3lxTFBrUFlKUjZ4WVJKRnc4czBkWXlDSjY2WWNQcHBGV1NVVFMxd3hLMGtLRkpGMEFEcV85TVNEMS1adjQyWU13OERIZ1B0UURiTjFZeFFYakNDTEM0UnBmOFZvSTZEcW1lZ0xraUNwOU5jUdIBaEFVX3lxTE9mWWdvVkcxZjQ0aVdSWGZJNjZCZ2VqclZHTjhyanZISFZ0T3FadjZYdUk1MjB0dkExd2ctUlhadFBEaGVIRHNJX29pUFZoa0t3dllIVlkwTi1Ya0tuZS0xdmtUN0FabHJa?oc=5,"Tue, 28 Jul 2026 07:00:00 GMT",2026-10-09T11:07:16+09:00
GoogleNews:AI　情報検索,AI　情報検索,「LeCHECK」、情報検索だけでなく調査業務の前後までをAIで支援 「法務リサーチ」を提供 - PR TIMES,https://news.google.com/rss/articles/CBMiakFVX3lxTE8zci1lb1NqTnh2MWJfM1dWcVdiTmVZbmxFWnI1MVAzb1h1UXZCOU1sYkxuN29rd0JycEllVVFVYjRRRkJHY0tHZ1B0cW1mOHZ3TWRDWExkV1lyVUpuRGdrMWowek1ZUnRYckE?oc=5,"Thu, 01 Oct 2026 01:00:03 GMT",2026-10-09T11:07:16+09:00
GoogleNews:AI　情報検索,AI　情報検索,AIを活用した音楽権利情報検索 MIPPIA（ミピア）日本語版を正式リリース - PR TIMES,https://news.google.com/rss/articles/CBMiakFVX3lxTFBxdlJ6eC1kd1ppN2k5UkFDeTNtSExESUZfeENIeEtJTF9lVjNJaTI5NXVyWk1Ba3o4U0lnclhsQ0JPQVR3bjMzRk04dTBVQWlwVFlzanR2NndTb0NUTnExaUFXT1lLUjUwSXc?oc=5,"Tue, 23 Jun 2026 07:00:00 GMT",2026-10-09T11:07:16+09:00
GoogleNews:AI　情報検索,AI　情報検索,"きらやか銀行、行内の情報検索基盤に「Helpfeel」を導入 10,000ページの規程や通達をAIで瞬時に検索・照会可能に - PR TIMES",https://news.google.com/rss/articles/CBMiakFVX3lxTFB1NTQ5QWRPdHNkSGtIWHVVbXdrWjlTR0s2RzBqZjl4VmlFVDFoeV9OVC0ySjNSbF82ZC0wUUVDb1JRalZzLXZHb2NkQjBnWmhBQ2xTNTdqeVpyUGRsUHNuSGNfTXdIWmU4ZEE?oc=5,"Tue, 30 Jun 2026 07:00:00 GMT",2026-10-09T11:07:16+09:00
GoogleNews:AI　情報検索,AI　情報検索,【活用5選】グーグルの「AI検索」が手放せなくなってきた - NewsPicks,https://news.google.com/rss/articles/CBMiU0FVX3lxTE9WQXdWWkdsMVRrRkhaek1EbzFzb2JfTXp6clBiSVl1NnJrakc1VW1OVVpNeElFd0NQbndnMENlWkFMdW5KalF5YkliV3I2UUs1QnhR?oc=5,"Sun, 17 May 2026 07:00:00 GMT",2026-10-09T11:07:16+09:00
GoogleNews:AI　情報検索,AI　情報検索,AIで脱属人化を加速！ 日本ペイントGが技術情報検索時間を20分の1に：マテリアルズインフォマティクス最前線（8）（1/3 ページ） - MONOist,https://news.google.com/rss/articles/CBMib0FVX3lxTE5yUjVhc1haTWREeTllMG5XTEE0TlZOel9VM1V5RWtRSjJrdERaUV9hUlV6Mkl5Qm5aOW9BYktmYVV3RTl4bWFOUW1HMV93ZmJVamNaTkxiMFJoTmw5aGNwN0ZVay1qc25EMF9Tb1Y0bw?oc=5,"Thu, 23 Apr 2026 07:00:00 GMT",2026-10-09T11:07:16+09:00
GoogleNews:AI　情報検索,AI　情報検索,鍵は「検索できるPDF」 アドビとPFUが語るAI時代の文書活用 - Impress Watch,https://news.google.com/rss/articles/CBMiZEFVX3lxTE5WUEJ4Zk1nQ2JpSnBpREhjTHpXMlhlR0VhY2lKdnV5T0tLblRVYkREckVEdG0tV1NsV3FoSGpkYTZMN0VkWWkzTEVlU0JfR0k0bGx0N3JaWEtFSkw3N3NJaTNiLXc?oc=5,"Mon, 15 Jun 2026 07:00:00 GMT",2026-10-09T11:07:16+09:00
GoogleNews:AI　情報検索,AI　情報検索,テスラ、日本でEVに対話型AI「Grok」 走行中の情報検索しやすく - 日本経済新聞,https://news.google.com/rss/articles/CBMibEFVX3lxTE05akFjT0VVMURDSWI1ZmxKQzZaNmNzVDF1OEJnWXo0NXAxXzh0VnZKdDFVblJHRDdvZ25kWlNGRldpNmpRaUpWYVEwYlVKQzhwUEdmZjBUazFMVkFSY2JUNXp5eXJiS3V2T0hCQQ?oc=5,"Fri, 10 Jul 2026 07:00:00 GMT",2026-10-09T11:07:16+09:00
GoogleNews:AI　情報検索,AI　情報検索,Naver Cloud、公共機関向けコラボツールにAI検索・文書作成・エージェント機能を搭載 - BigGo ファイナンス,https://news.google.com/rss/articles/CBMidEFVX3lxTE1oeDFpaTFtV21seEljWlAySkpWYldVclVPRm94c1ZpSm42ZktoT3R2MWM2dVA2QkFteGhwUl80ZGRVSGJPZV9zOWp4blQwODVWX2otd2F6a201MHhWVW5hNXJFNmhfcTk3d2ZWMk9ObVRKNUdZ?oc=5,"Tue, 11 Aug 2026 07:00:00 GMT",2026-10-09T11:07:16+09:00
GoogleNews:AI　情報検索,AI　情報検索,寄稿：生成 AI で“探せなかった開示情報”を見つけ出す 〜 JPX の AI 開示情報検索サービス J-LENS〜 | Amazon Web Services - Amazon Web Services (AWS),https://news.google.com/rss/articles/CBMigAFBVV95cUxNWHBnVllEWS05X1NveGdhbEN2M3h1b1poeFhiTlZJZGxFWE85R1JZWkNxUXVBcW5HbUVud0tTRkVka0JvV2FacWpQUjNYbXJVc194NlByRWpDQVVSa01rOUkydWRNNVBJb2RWX05RWmtHcWNfTURLSjJiTUpELVB0cA?oc=5,"Tue, 26 May 2026 07:00:00 GMT",2026-10-09T11:07:16+09:00
GoogleNews:AI　情報検索,AI　情報検索,グーグル検索のAIモード、検索結果から離脱せずにプレイリスト作成やフライヤーデザイン、買い物が可能に - BigGo ファイナンス,https://news.google.com/rss/articles/CBMidEFVX3lxTE1GLXlWOXU5OWVlSTVXRUR6a3ZIYkxQTTIyTUpob3R5ZWFlTnNPaGl3RXBjTnJpYl83Y05CVGtRRl9xNEhCbW9HNy1jS2UtMFZSX1RfelBUQ1dMdlgyTUlHMXJoVkRzRmlFbHlkclBpeEQ5VTFE?oc=5,"Thu, 16 Jul 2026 07:00:00 GMT",2026-10-09T11:07:16+09:00
GoogleNews:AI　情報検索,AI　情報検索,検索エンジンとChatGPTの使い分け実態調査、約72%が「意思決定時間短縮」を実感―ナレッジホールディングス - コマースピック,https://news.google.com/rss/articles/CBMiVkFVX3lxTFAwS0ZkRE82UXlOUEdsZDJCNGRPdDUwOGhLYWJ6LTVSR3Z0aDU0a1BUNWZLX2MyM1EwUnI0aG9IVmdvNjF0eHZCNEhJWGZtclk5cUFKblZ3?oc=5,"Fri, 08 May 2026 07:00:00 GMT",2026-10-09T11:07:16+09:00
GoogleNews:AI　情報検索,AI　情報検索,AI議事録「Rimo Voice」、蓄積した議事録をチャット形式で横断検索できる「AI検索」機能をリリース - PR TIMES,https://news.google.com/rss/articles/CBMiakFVX3lxTFBQYVVMUGo5NDFZeFh3X2V0SmpxaG5OOUZhODAzQ2xfY3lGNUt6dDlmMDE4UGtKQzdMMHB6LTc0NzJYVEhjYnU2ZjRNYlJKUllvVkZwdGg0S19KVmk5dUgwQkJFTnZKellNUWc?oc=5,"Wed, 27 May 2026 07:00:00 GMT",2026-10-09T11:07:16+09:00
GoogleNews:AI　情報検索,AI　情報検索,AI Lab、情報検索・推薦システム分野の国際会議「SIGIR 2026」のShort Papers Trackにて論文採択 - 株式会社サイバーエージェント,https://news.google.com/rss/articles/CBMiakFVX3lxTE5uakJPWDhWdm9oeEEzaDRKZHluNURvUEQzeGxwLS03ckdxU0hpZ09Fc2t3VklhX201NV81Y2JpU0hEcjNNSW5IdGc1NFoweDhxUHNydXlqb29yd2hqNjlmZFB0MFR3dVNGYUE?oc=5,"Fri, 15 May 2026 07:00:00 GMT",2026-10-09T11:07:16+09:00
GoogleNews:AI　情報検索,AI　情報検索,横浜ゴムがRAGを活用した生成AIシステムを開発 タイヤ開発の意思決定を高度化：製造ITニュース - MONOist,https://news.google.com/rss/articles/CBMib0FVX3lxTE1WR0t3TGs4NE9lZ20yOVAzWmJzc0pIelNELUFYbWQwbzhIZ2ljb2VtbW4tS203S0dtT2FRVmdnU21IcC1wZUswQVluLURsM3k1MlJ2MU5TZTduLUZZeFVGTWVrS08wRHBzc0xVdjJMbw?oc=5,"Mon, 31 Aug 2026 07:00:00 GMT",2026-10-09T11:07:16+09:00
GoogleNews:AI　情報検索,AI　情報検索,佐賀県内企業「AI活用」8割 佐賀新聞社調査 用途は文書作成8割、情報検索、分析に6割 「作業時間大幅短縮」の回答も - 佐賀新聞,https://news.google.com/rss/articles/CBMiVkFVX3lxTFB4eEZXanVPUmNkSnV6WDktaEI0d1J5bWFiUkNldkxRZVN3RHNtUVd3TVI2R09CZnhPbVZVN2ZVUFFncHNxUDFWd1FXb3FSeXdyaGpXVkdB?oc=5,"Thu, 10 Sep 2026 07:00:00 GMT",2026-10-09T11:07:16+09:00
GoogleNews:AI　情報検索,AI　情報検索,GoogleがAI新機能｢Spark｣、検索や買い物を代行 30億人の生活自動化 - 日本経済新聞,https://news.google.com/rss/articles/CBMibEFVX3lxTFBxNDRVQ09WNVhMT04xT25ZamhIM3J6azNaWnczdnFVNkhHYkhBQUNRTmtCWUlzY3hqT0VTUDVLdlRYZzMzN3BYS0FmWWhJVnlvc2RpMi1ZVjgzWkxZSkFjNkhOaVh4SHNDV2IycQ?oc=5,"Wed, 20 May 2026 07:00:00 GMT",2026-10-09T11:07:16+09:00
GoogleNews:AI　情報検索,AI　情報検索,「ググる」は死語になる？何でも生成AIに聞く時代に私たちは“調べる力”を失うのか - 東京報道新聞,https://news.google.com/rss/articles/CBMiU0FVX3lxTE5BZktxcFkwdnNzOHM0ZHdOZ3JuQ0p6QkRvZXNJSkxOb04xbGhzUEtqUXdmTlRVNFMtMVZlNGJqRGlsNEhrbnU2QlpfQXVIQjdab0pF?oc=5,"Sat, 15 Aug 2026 07:00:00 GMT",2026-10-09T11:07:16+09:00
GoogleNews:AI　情報検索,AI　情報検索,AIが情報を大量生産する時代に最も希少で価値のあるものとは？検索トラフィックが半減しても生き残るコンテンツ 【生成AI事件簿】ロイターのAI戦略に見る企業におけるAI活用の本質、AIは“速い“が信頼を作り出すのは人間の役割(1/5) - JBpress,https://news.google.com/rss/articles/CBMiVkFVX3lxTE1ta1AzM056MFlrbC1CV0FDLWZhaW54Z0tNMjVzT3JEdVFiXzlhOGw1LTg3akpPR1hoa1JlQkxRWGZfWlFJeTZYdXk0aVpuaXNkZkY4cndB?oc=5,"Tue, 07 Apr 2026 07:00:00 GMT",2026-10-09T11:07:16+09:00
GoogleNews:AI　情報検索,AI　情報検索,Google、AI検索に「優先ソース」機能追加 信頼できる情報を見つけやすく - ケータイ Watch,https://news.google.com/rss/articles/CBMiZ0FVX3lxTFBJajVGVkVjaDgzXy1mbXVybkdMMUZHdnU5eGdBMXpwY2tsWHhZS3BVa0FVRWFQbmtvRDMtOTJmYjR5NjdSOUR5TGhtazhWOW9xOWkxUnlFdk0xQm5HcHVwY2xESkluNGs?oc=5,"Thu, 28 May 2026 07:00:00 GMT",2026-10-09T11:07:16+09:00
GoogleNews:AI　情報検索,AI　情報検索,AI利用経験は43%、活用目的は「情報検索・ニュース把握」「学習・自己啓発」「創作・エンタメ」が上位 - Yahoo!ニュース,https://news.google.com/rss/articles/CBMif0FVX3lxTE1qNlo0R2d6QnF4Qk1YbnFwakZ2MFFNR0NuZFJjS1VrMEhOM2RVcm0yUkgxb0hkejZzX0Y1NUNObHozRjN0TkQzVmxFX1JXQ2x3YVd0cmJzWVlOaDBJZjJNQkRYQXRiUE1CTndnWS0tSm12U1huMk94T2ZxSHNaUU0?oc=5,"Sun, 26 Apr 2026 07:00:00 GMT",2026-10-09T11:07:16+09:00
GoogleNews:AI　情報検索,AI　情報検索,AIを活用した開示情報活用サービス「J-LENS」シリーズ提供開始 | 株式会社JPX総研のプレスリリース - PR TIMES,https://news.google.com/rss/articles/CBMiakFVX3lxTFBJby1ubUNReWNxUXR0UlprTm8yQi1vbjNXVldVdlZ6dTBuREo3OVEyWE1LM0VCeFNwQTh5MzVhSkVLOGVZdFpobjBCcjd5SDhLTnlDbnU2ZUtyMm1LQkRkbVRRdnFvd1UyTnc?oc=5,"Mon, 29 Jun 2026 07:00:00 GMT",2026-10-09T11:07:16+09:00
GoogleNews:AI　情報検索,AI　情報検索,メック、医学生向け初期研修情報サイトを「メクキャリ」へリブランディング＆リニューアルオープン！AI検索機能を新たに搭載 - PR TIMES,https://news.google.com/rss/articles/CBMiakFVX3lxTE5xcmxCTHozcjdDZkwxT2d5MkVnYk9WVmFUWTlmZm9xblZRT2M3aW5KSThKcXZSUG1FT1lGSUlWWk5sSzhvWVppLTVRU1VDMzlIbmJGbnJ2cTZhTzVaSVFDT3FqejZLSDZfOFE?oc=5,"Fri, 31 Jul 2026 07:00:00 GMT",2026-10-09T11:07:16+09:00
GoogleNews:AI　情報検索,AI　情報検索,Synology® 、正確で信頼性の高い情報検索を実現する AI Advisor を正式発表 - PR TIMES,https://news.google.com/rss/articles/CBMiakFVX3lxTFBoUml3Y2ZyRGRZNzRFWjl1bThOTk9MM3RDYkFfQzQ4U2NSNHBHOUQwMzZNZXlMTVpicURaTDZCTVdhOWZRdkotNUNVb1pwVl9QbFQxbnVJbFIyTDUtUm5YNkplVWlfaFZqRXc?oc=5,"Thu, 07 May 2026 07:00:00 GMT",2026-10-09T11:07:16+09:00
GoogleNews:AI　情報検索,AI　情報検索,生成AI活用で「社内情報探し」の非効率解消、年間1万4000時間相当を削減 - 日経クロステック Active,https://news.google.com/rss/articles/CBMiZkFVX3lxTE9QV2FialNEN3Y1R1ZVV0V6UzhpT0Q5UUxVUWRzVnpoYXVjOVhCdHNhNHQ2aXk1X2R5Q3BpS1JqSHN5VENkdVlPcDhvTHE1dzJaSUZFWnBxc01oTEYtUWhFejhtRWxKdw?oc=5,"Thu, 14 May 2026 07:00:00 GMT",2026-10-09T11:07:16+09:00
GoogleNews:AI　情報検索,AI　情報検索,【AI検索時代のマーケター必携｜無料】「何から手をつければいいか」がわかるLLMO対策チェックリスト（全30項目・優先度つき）を公開 | 株式会社ＥＸＩＤＥＡのプレスリリース - PR TIMES,https://news.google.com/rss/articles/CBMiakFVX3lxTE9IR1J1eGZWUnNkZlcwVktVNEo3WUVnTzJEZUxibW1SU2thWE5wRlkzTlhFM3hOODU1YkdaNVhsM1A5RDhCOF9DZ2JjSkJOZ3A3V1hQVGdKRmE1R1ZpR3l6Z0hGUHVxdXdiNlE?oc=5,"Wed, 25 Mar 2026 07:00:00 GMT",2026-10-09T11:07:16+09:00
GoogleNews:AI　情報検索,AI　情報検索,Google検索「AIモード」に個人情報を入力しないで――立教大など、学内に注意喚起 - ITmedia,https://news.google.com/rss/articles/CBMiakFVX3lxTE85RFB2a25hWjBEcXE3TTZ4YXo2cjZ1VV9KTjVqMDFNR3ZSYWpyTUxJYU5ObHdDUmt3MEVwVFBhX3dwNHAyTFJ2MkRUTkdSYzVWTWVqNERnemtIZ055aWpKRkJ1MkNHVU9YT2c?oc=5,"Mon, 20 Apr 2026 07:00:00 GMT",2026-10-09T11:07:16+09:00
GoogleNews:AI　情報検索,AI　情報検索,AI利用経験は43%、活用目的は「情報検索・ニュース把握」「学習・自己啓発」「創作・エンタメ」が上位 - Yahoo!ニュース,https://news.google.com/rss/articles/CBMijgFBVV95cUxQa2pobC1hNGNWZkh1bUk4TV8ybTRCaFphcU1DN2swZUhTRFBWRVpRS2JJbS02Q0NzWERzdndYMTNhOXp5ZmNKNllkWEpOMW1nZlV4blIzdWIyOXlUdlR4WHhxazUxUkNrWkVHXzFOdTQzbFZGMXlfOVN5elpJZmEzTGVjOGUtTXgxc2cyQ2lR?oc=5,"Thu, 02 Apr 2026 07:00:00 GMT",2026-10-09T11:07:16+09:00
GoogleNews:AI　情報検索,AI　情報検索,日本原子力研究開発機構、「研究開発成果検索・閲覧システム」にAI検索を試験導入 - カレントアウェアネス・ポータル,https://news.google.com/rss/articles/CBMiTEFVX3lxTFAzNTU5SkpvZ2tSaE1iNkRxVFI5bWNsZHlLa1VxdWo4VVdpVG5oengtV1VpOXhMWkY2NURxVWlZMWlDNHRJc3J4aDdtMUQ?oc=5,"Fri, 16 Jan 2026 08:00:00 GMT",2026-10-09T11:07:16+09:00
GoogleNews:AI　情報検索,AI　情報検索,住宅分野の消費者の生成AIを使ったWebでの情報検索行動の実態を可視化、業界初「生成AI対策/LLMO弱点あぶり出し調査」サービス開始、生成AI時代のWebマーケティング戦略を立案（ニュースリリース） | 大和ハウス工業株式会社のプレスリリース - PR TIMES,https://news.google.com/rss/articles/CBMiakFVX3lxTFA0V0Nqc1ItcEtfcnF6QUV6Q2FYX0pLcFBYTVVId3VWeXBmMUNWVFgtVGhCOWJmbHU4Y0F5V3Q1NzRBSVNVR1MtaWZvRGpzdmxlbFBOdFJvMjFqODZ2WXFMNXVGRjNUSU9wNUE?oc=5,"Wed, 14 Jan 2026 08:00:00 GMT",2026-10-09T11:07:16+09:00
GoogleNews:AI　情報検索,AI　情報検索,DATAFLUCT、自律型AIエージェント「Airlake BI Agent v2」を発表。社内に散在する顧客DBや提案資料を、自然言語で検索・分析・資料化 - PR TIMES,https://news.google.com/rss/articles/CBMiakFVX3lxTE9tdTVKMVZ4Z196QXQ1SXVWOGI0NHFXSlo5VUwzTkx4LVNDN1VoWXN1eEdIaHI0VTR4TnQycXZsZDBaVU90Z0YtQ3dOMUhpbUhMTHZ5YW1PSU5Cb29TZzRZckVPZHR0a3N1TUE?oc=5,"Mon, 06 Jul 2026 07:00:00 GMT",2026-10-09T11:07:16+09:00
GoogleNews:AI　情報検索,AI　情報検索,Google検索結果からAIの応答を削除する方法 - Vietnam.vn,https://news.google.com/rss/articles/CBMiiwFBVV95cUxQcTdrRzZCSEt0dER2M2lmNFpOUEV3WFZudWp0NkljOC1RSDluUmhIa0dxa0d0dTdiQ2pRdE9Sck5JQlZlNlFHYjBZdHVhUVhXTGEwMHlDYzh0S1JnUVBXY3pwMkpzRjUyY3dNQUJ4Vk51WU9keUNpMU93YmNmSGxLOEZZNmNrZE5EYnJv?oc=5,"Thu, 28 May 2026 07:00:00 GMT",2026-10-09T11:07:16+09:00
GoogleNews:AI　情報検索,AI　情報検索,ChatGPT Atlas入門、OpenAIの「AIブラウザ」は検索体験をどう変えるのか | Moz - SEOとインバウンドマーケティングの実践情報 - Web担当者Forum,https://news.google.com/rss/articles/CBMiW0FVX3lxTE5YYU5vUXM3SHNUenh0eXZwTEE0RUVJMUZOb0VieFk4WVFlNFM5Vk1wZU53U09leTRPWm9pZndhaTRXMGViMUI5Rm5uUzZLWDZwaXFXbHNnZFI4dUk?oc=5,"Mon, 18 May 2026 07:00:00 GMT",2026-10-09T11:07:16+09:00
GoogleNews:AI　情報検索,AI　情報検索,エンタープライズサーチ QuickSolution® が検索エージェントを搭載 ～ AIエージェントが社内情報を検索して回答、情報探しの負担を大幅削減 ～ | 住友電工情報システム株式会社 - Digital PR Platform,https://news.google.com/rss/articles/CBMiQ0FVX3lxTE9oYThTMF9TbS01S19vRFdUaGN4TElNUDljV0EwM3pQSHVPM01PdFJPN005SXRCeHlrSFJIZFhIVUUzaFU?oc=5,"Tue, 07 Apr 2026 04:30:28 GMT",2026-10-09T11:07:16+09:00
GoogleNews:AI　情報検索,AI　情報検索,グーグルのAI検索機能に誤情報のリスク--英紙が医療情報の正確性を検証 - ZDNET Japan,https://news.google.com/rss/articles/CBMiU0FVX3lxTE53VUJVa2w5d09CZnhxektJOTdEeU9ja01KUmZuQnd5aXRHVjdHaGJNMzZ1b0VkQ3VFX1BUSnlKTE42WTMzcEd3QTdpR3dhRGRfQ3ZJ?oc=5,"Wed, 07 Jan 2026 08:00:00 GMT",2026-10-09T11:07:16+09:00
GoogleNews:AI　情報検索,AI　情報検索,仮想統合データベース「Con:tegration®」に生成AIで文書管理業務の分類や検索を支援する新機能を追加 - www.holdings.toppan.com,https://news.google.com/rss/articles/CBMieEFVX3lxTE8ycEFrLTRJWWk3VThJZ25fRnVSdTQ3LUdhMi0wcktZdGN3Y2swcGFYYXhSR3Fydy04VGlnUEUzQmFRT2xJcmFYZkpVUkFtRllkaTJoNmpnTjNDenVoa3MyWVFjQ2g0bTVrVERtdHVGYnRSclNSUlMxSw?oc=5,"Tue, 24 Mar 2026 07:00:00 GMT",2026-10-09T11:07:16+09:00
GoogleNews:AI　情報検索,AI　情報検索,Google検索の「AIモード」が外部アプリ連携を開始、InstacartやCanvaに対応 - BigGo ファイナンス,https://news.google.com/rss/articles/CBMidEFVX3lxTE1GQlIxZFJ6VkZObWx4YWtpZFItSWRqb1o0eW1uT3ZZX1ZfU3NPeXpxV3lBMXNiMHJNTm56c3VyZE1oZ2FyaEVCZk1QWmdEUlY1Z2l3LXdZMTJ6V3NLcWM5Rm03MTlGSF96RnZoa0gtdDhxNVda?oc=5,"Fri, 17 Jul 2026 07:00:00 GMT",2026-10-09T11:07:16+09:00
GoogleNews:AI　情報検索,AI　情報検索,利用するSNSの上位は「LINE」「YouTube」「Instagram」。情報検索は検索エンジンが8割超、生成AIに質問が約29%に急上昇 - ネットショップ担当者フォーラム,https://news.google.com/rss/articles/CBMiXEFVX3lxTE04QXVhcVBWNEdNbGo0T3U5SFhzcDhsM1hWeVdZOXZ0WGluRHZwUVRiV2QzNmROeDdvMlRhTmJKeGxraXlxLV9fVVJrY1JtUjVyVWp6QlBXdFdzbWcz?oc=5,"Tue, 23 Dec 2025 08:00:00 GMT",2026-10-09T11:07:16+09:00
GoogleNews:AI　情報検索,AI　情報検索,生成AI、情報検索で圧倒的存在感 前年比20ポイント急上昇 JTB総研調べ - 観光経済新聞,https://news.google.com/rss/articles/CBMiVEFVX3lxTE90bHdPNUl2Rm80aUhNZUpHeF9jZnFYdi05QzlvVTZmSGhSaFdQZkxGb290OXJzdmFNU045UzBkUlRsV05FVXBkUUlSM1J5Vi1JVE42QQ?oc=5,"Tue, 30 Dec 2025 08:00:00 GMT",2026-10-09T11:07:16+09:00
GoogleNews:AI　情報検索,AI　情報検索,毎日AIを使う層が2割に。次に求められるのは、議事録や情報検索を“自社ルール”でこなすAIエージェント - DXマガジン,https://news.google.com/rss/articles/CBMiTEFVX3lxTFB0MThEMXVMakdFSXU5dlJhaUVuWGlua2RUb1A5bUJtUDR4MnY4TnpMNEhuTHFmamVsT1JXalZfVG1FcDRqRnBUYXlURXA?oc=5,"Mon, 20 Apr 2026 07:00:00 GMT",2026-10-09T11:07:16+09:00
GoogleNews:AI　情報検索,AI　情報検索,RAG（検索拡張生成）にまつわる「あるある」の沼から抜け出すための３つのチューニングポイント：現場のRAG活用術第1回 - BrainPad,https://news.google.com/rss/articles/CBMibEFVX3lxTE5zSzJmMDVQZXk2NWhRMXVaZFRiLVhJN3p2Y2pMTDhTcFVrbGN6bHliQVNTUDNwUzdWckpCdmcwSmotV21rallYNnRNaGNKR3ZmbTBnMkpMUTF1X1VYaUxJSFBWOGlnU3djNkd1Uw?oc=5,"Tue, 06 Jan 2026 08:00:00 GMT",2026-10-09T11:07:16+09:00
GoogleNews:AI　情報検索,AI　情報検索,｢ゼロクリック｣でも顧客獲得 AI検索、企業がすべきこと - 日経デジタルガバナンス - 日本経済新聞,https://news.google.com/rss/articles/CBMijAFBVV95cUxPRHJzRE5XUEV1OHUxZTdxc3FXTE45NjNNem5OWGw2bVlydzFqNW4xWlBlcWwtT0t4ZUM5cU5XU0RXRlBFRndIWndsS2V1NEtkb29yQmlTNHo5UDVMaFE5NmhTYlNhVDlvWF90T0hEdG9BZ3Z3anptdl94YkVDN3BSTmZOWEdCNWZRZEdMTg?oc=5,"Wed, 17 Dec 2025 08:00:00 GMT",2026-10-09T11:07:16+09:00
GoogleNews:AI　情報検索,AI　情報検索,メック株式会社の事例：Amazon Bedrock AgentCore で研究業務を効率化 – AI エージェントによる情報検索と更新の自動化 - Amazon Web Services (AWS),https://news.google.com/rss/articles/CBMiYkFVX3lxTE9iYWJsaWRzTGtGX05HOXJKOFpZUVVVcXJMcGlyN1o5ZzEtZjRlczdOQ255YlUwREhxajNLWGNSaXBDbTIxRXFhd1Z1dkJCbDlZNlBwN2NFMU9YWnQ5YUJ1dHdB?oc=5,"Thu, 19 Feb 2026 08:00:00 GMT",2026-10-09T11:07:16+09:00
GoogleNews:AI　情報検索,AI　情報検索,撮影、記録、情報検索、音楽がメガネ1本で完結！RokidのスマートAIグラスが日本上陸 - @DIME アットダイム,https://news.google.com/rss/articles/CBMiREFVX3lxTE1KU1J6aVh0aHluMWV3QlUwOW1oeFVwUk1DWEZaS2F1NVVQU1BCbFBvY3Ryb3VVeUtIVkJMOWpDUWlOR19i?oc=5,"Thu, 05 Mar 2026 08:00:00 GMT",2026-10-09T11:07:16+09:00
GoogleNews:AI　情報検索,AI　情報検索,【イベントレポート】WeWork が生んだオープンイノベーション ＪＰＸ総研 AI企業情報検索サービス「J-LENS」リリース発表会を開催 - Digital PR Platform,https://news.google.com/rss/articles/CBMiQ0FVX3lxTE9qM3dhRFIxYkc2NUJSSlU5amkzekx5RXpUdnowTUpsQVFaZHJNeTNiNzVJeWVyQXc0aDdYMVlQMWdvaTA?oc=5,"Fri, 09 Jan 2026 08:00:00 GMT",2026-10-09T11:07:16+09:00
GoogleNews:SNS　買い物,SNS　買い物,Z世代の買い物の起点、SNS4媒体の合計45.2%が検索エンジン33.6%を逆転。「#PRがつくと参考にしない」はわずか13.2%【TaTap SNS調査】 | 株式会社TaTapのプレスリリース - PR TIMES,https://news.google.com/rss/articles/CBMiakFVX3lxTE5nNWJ1VWxxWkRrSTZWV0stRjFiSl9ObnE4SDlhUFJFaUFWMlcwYUg1Zm9fYXQwcElGSEZycHZ5TjdwSDV6SklFU0VpWHJ3NFQ1QUhkRGlFLWYtTHp2OEFqa1BzVl81MldOZ1E?oc=5,"Tue, 18 Aug 2026 07:00:00 GMT",2026-10-09T11:07:18+09:00
GoogleNews:SNS　買い物,SNS　買い物,人生最大の買い物なのに……なぜSNSで中古マンションを買う人が増えているのか（1/5 ページ） - ITmedia,https://news.google.com/rss/articles/CBMickFVX3lxTFBlTk9xQ0JWRXdpVXE3NFJMd1RRNUc0aTlleGh3dTRfV1h6ek9paVFVbmltbXdYX0dkWFRpS1BsZ29ycDVITWFLNlpIU2d3bUo0aW41QjU1MUlEeVRGN0tHaEVOVmJGOWRCUFhzUThTMDkzUQ?oc=5,"Thu, 23 Jul 2026 07:00:00 GMT",2026-10-09T11:07:18+09:00
GoogleNews:SNS　買い物,SNS　買い物,Z世代の「買い物の起点」SNSが4割以上、検索を逆転 TaTap調査 - ECのミカタ,https://news.google.com/rss/articles/CBMiWkFVX3lxTE85MEpDdEhyVEU5STJkS0g4aHp5N1k1M2NrbTR4VmN2VjVZcUVFbE9ZUElwdUZPZVF5RUJmR2h2SFBNQUNPVzR4NWljTkJYUk1iWUw5U1FOM21mUQ?oc=5,"Mon, 24 Aug 2026 07:00:00 GMT",2026-10-09T11:07:18+09:00
GoogleNews:SNS　買い物,SNS　買い物,Z世代の買い物の起点、検索エンジンからSNSへ 「#PRがつくと参考にしない」は13.2%とどまる - AMP[アンプ],https://news.google.com/rss/articles/CBMiVkFVX3lxTE5uUEV5dGkzMzVJdVA4SHdhN3V3LXl1aUN6Z09CT2k2OU4xRVQ1RkdNYjU3VHJWZW9sWGFtSDNCckJ4aHR2SXpzLXh6ejV5eEluZjVWbEdn?oc=5,"Tue, 18 Aug 2026 07:00:00 GMT",2026-10-09T11:07:18+09:00
GoogleNews:SNS　買い物,SNS　買い物,Z世代の買い物の起点、「SNS4媒体の合計」が45.2％で検索エンジンを逆転／TaTap - MarkeZine（マーケジン）,https://news.google.com/rss/articles/CBMiT0FVX3lxTFBqSXRwODBCTDJfaUlCcmRJRlh4Qy0xaVRIMWJueE1EWENmQUQ0MVVpN0hxWG4xMWxuTjQ5dEtfVGlTcnNONnZyb25lMV9TX1U?oc=5,"Tue, 18 Aug 2026 07:00:00 GMT",2026-10-09T11:07:18+09:00
GoogleNews:SNS　買い物,SNS　買い物,Yahoo!ショッピング、SNSを通じて誰でも気軽に始められる「Yahoo!ショッピングアフィリエイト」の提供を開始 - LY Corporation,https://news.google.com/rss/articles/CBMiXEFVX3lxTFBkQWZKZVBxdjd6VkpOdGFRZzZqWk1jSG1HV0dMSDRQUTVQX2hIQXpMQlk5MU1CN2dfQUtpSnRnejhFX1FKU3FxbjBVTGQyd0lfekZVaVo4emIwUDJM?oc=5,"Mon, 26 Jan 2026 08:00:00 GMT",2026-10-09T11:07:18+09:00
GoogleNews:SNS　買い物,SNS　買い物,買い物不要、店内で涼んで 県内コンビニの張り紙 SNSで話題 優しさ巡り 今年の夏も ／新潟 - 毎日新聞,https://news.google.com/rss/articles/CBMiaEFVX3lxTE9yTFQxYW1FMTdEN3g2MnBCa21pMElWLVFaVFNjeGxWM3pYMFREa1I3cC12UGRfWlIyU2gxR3Z0eHVRdm9YZkZsYXNuSzJ2N1d1YkNBcUkwdVdhbHlVeDhpelFvOHdrV2Na?oc=5,"Sun, 07 Jun 2026 07:00:00 GMT",2026-10-09T11:07:18+09:00
GoogleNews:SNS　買い物,SNS　買い物,LINEヤフー、「Yahoo!ショッピングアフィリエイト」を刷新。SNS経由の集客・取扱高拡大を促進 - ネットショップ担当者フォーラム,https://news.google.com/rss/articles/CBMiXEFVX3lxTE1taTkzdGZDNkVOVUJzX0FidlA1a3dQd1pwMVA4eGtNZ291blQwa2VhWFZJSWUtQVFiOTEzemxfRFRvYnUzcVhjODZtZkdVSzlGNjJsaGwwd2xNWHNm?oc=5,"Wed, 28 Jan 2026 08:00:00 GMT",2026-10-09T11:07:18+09:00
GoogleNews:SNS　買い物,SNS　買い物,物価高×情報過多で、子育て世帯の買い物は「二段構え」に。SNSで絞り、リアルで決める新しい購買行動。体験後、約9割が購買へ | 株式会社エンファムのプレスリリース - PR TIMES,https://news.google.com/rss/articles/CBMiakFVX3lxTE9sTHpVcTJ1V2ZKYkNqRkJQZGVyMWN1Q09tMDBrdDdhOGM4SGNhSEloUWo0UlE0UGlqa1VVNnRPZmxmalFmNDFSVmJLT21HdUZsMFdKaGhKY2RPVU5ONzF2cTJmQ3RNd0lkT0E?oc=5,"Thu, 20 Aug 2026 07:00:00 GMT",2026-10-09T11:07:18+09:00
GoogleNews:SNS　買い物,SNS　買い物,7人家族・辻希美、コストコで“爆買い” 買い物シーンにSNS「気持ちいい！」「どんどんカゴに入ってく」 - オリコンニュース,https://news.google.com/rss/articles/CBMiVkFVX3lxTE9BamhtdUdxdE1pemhweUdRTVJ0SHhHZE93TGMwekthc25nNmhHTmNxSi1YUVJwYmxoZzRsMk84cVBuanZMTnIzTDZUZ01wQlE1QTU1MFdn?oc=5,"Tue, 19 May 2026 07:00:00 GMT",2026-10-09T11:07:18+09:00
GoogleNews:SNS　買い物,SNS　買い物,Yahoo!ショッピング、アフィリエイトサービス提供 SNSで誰でも手軽に報酬獲得できる - 日本ネット経済新聞,https://news.google.com/rss/articles/CBMiVkFVX3lxTE1rNE5NTEwzUkdiZ1NuemtwSUhuUzRBYTBuY3dtZmRGSlU3Y3BTbTZoNUc4clItN0Q4dDhfUjlYQ3U5Q3Jmam1vOFpybm5UMHM1UC1lR3Vn?oc=5,"Tue, 27 Jan 2026 04:02:22 GMT",2026-10-09T11:07:18+09:00
GoogleNews:SNS　買い物,SNS　買い物,ブラックフライデーが映し出す「デジタル社会での買い物」― SNSとAIが変える消費行動の構造（佐藤仁） - エキスパート - Yahoo!ニュース,https://news.google.com/rss/articles/CBMiiAFBVV95cUxOMkh0RWl6RkdMM2wtNENlRzgtMlZhbUJpSFlHQ0JUODNJd1ZPYm4wRm5PN0VqbnZUSUhWekxyY0ZRSWc0cmpaQUh3SmwwUlZic0pDc2ZDekhHMngzdXFjZE5zR2wwMVlYeFIyUTR0T2tRX1E4Zk1VSU1jd0lHclpNYWJlZi1HTEZD?oc=5,"Sun, 30 Nov 2025 08:00:00 GMT",2026-10-09T11:07:18+09:00
GoogleNews:SNS　買い物,SNS　買い物,ヴィレヴァンSNSフォローでお得にお買い物しちゃぉぅぜ！！ - ヴィレッジヴァンガード,https://news.google.com/rss/articles/CBMiWEFVX3lxTFBjTV9uUnpBakZtODY0UDRYSHZUODRpTi05bzJob0ltR196V3lMMnQ4cWp4dXRmekRMNmJTbVlxY3dnVHBWVl9OUFVrb0lXdUp3NUhHeG5RSXk?oc=5,"Thu, 25 Dec 2025 17:34:07 GMT",2026-10-09T11:07:18+09:00
GoogleNews:SNS　買い物,SNS　買い物,CookGo／SNSで見たレシピ、もう探さない。AIレシピアプリ「CookGo」、新たに「献立自動作成」「買い物リスト」機能を追加 - Newscast.jp,https://news.google.com/rss/articles/CBMiR0FVX3lxTFA1cUpLaVZUOWdlNVdpM2dSVnFUTkVhVFFGNkE4X21YVXdNNTRLLU5EcVJBRlcwWGZ6NC15M3h3YVZVcF9hQzdR?oc=5,"Thu, 14 May 2026 07:00:00 GMT",2026-10-09T11:07:18+09:00
GoogleNews:SNS　買い物,SNS　買い物,ノース・ウェスト12歳、顔ピアス風メイク＆ド派手ウィッグで買い物へ「大人びすぎ」SNSで賛否 - ELLEgirl,https://news.google.com/rss/articles/CBMiiAFBVV95cUxOMzdLeUpKLVFVQ2s4aEswSVZaQ01HWlo1ZjNDY1Q4SUF3clJmZzQ5dVV5RDZBSDV5OTE5bjczYS1NS3dZblBnT2pSRVJWNU9nOHo1VlY0MmZfZkZNZWg5cTlUMjdTcDFmdlZKUmdlT1VZQjJoQWc2OGd2RlJFTWhLVnQ2cWJuQ0NB?oc=5,"Thu, 19 Feb 2026 08:00:00 GMT",2026-10-09T11:07:18+09:00
GoogleNews:SNS　買い物,SNS　買い物,Yahoo!ショッピングでSNSを活用した新機能「Yahoo!ショッピングアフィリエイト」 - ケータイ Watch,https://news.google.com/rss/articles/CBMiZ0FVX3lxTE50dzFZdGN3RzcyT1hBY3BHdGJxYlZ4Y09fak1GMndsUlh3a2J2MHFXVnFuMko3UGhXVzBQVzJsbWhIUElwelZxaE16bG1xOWNsNVg4Qm9HVThJYUlRRjZfZFhhWUtKTms?oc=5,"Mon, 26 Jan 2026 08:00:00 GMT",2026-10-09T11:07:18+09:00
GoogleNews:SNS　買い物,SNS　買い物,Yahoo!ショッピングアフィリエイト刷新 SNS流入にテコ入れ - Impress Watch,https://news.google.com/rss/articles/CBMiZEFVX3lxTE1fekpQTDhBX2NGZG9JS1BCZUhPcDk3ZHpSd3puT29zZkE1QjR6YS00WTFRTGlOLUdPTmNsZnFkMnZLa3J0STU4dlJVdDIwX3FSanNHaEZQRURlSlJnejlUVGtGNlQ?oc=5,"Mon, 26 Jan 2026 08:00:00 GMT",2026-10-09T11:07:18+09:00
GoogleNews:SNS　買い物,SNS　買い物,【コストコ】遂にコストコが店内撮影OKに！SNSへの掲載も歓迎（コストコ好き主婦 みんご） - エキスパート - Yahoo!ニュース,https://news.google.com/rss/articles/CBMiiAFBVV95cUxOeXpLd1ZLUlFDQ2plSWRDdUw0ZVdUZXhFdlZOcENId05TWW56RThhaEJGakczOG5FWlY4SFUwR09HTnQzcU5kVFlOcFU4ai0xWHdSUWlPZmRTeC1BaWxkZkI4NlQ2bEQ5X0ZFTnVwQi1zVEk4dzY2M3VKa2RaVHBPUXRfa0cyM3g0?oc=5,"Tue, 06 Jan 2026 08:00:00 GMT",2026-10-09T11:07:18+09:00
GoogleNews:SNS　買い物,SNS　買い物,Faker「間違えて買いました」―“なにか深い意味が？”とSNSで話題を呼んだ「謎の買い物」、ミスだったことを正直に告白【LCK】 - FISTBUMP,https://news.google.com/rss/articles/CBMiY0FVX3lxTFBZbldKRWpfT0x3NUNsZU1xQkl4Wm1YQmdKUjgxbU9FSzJpRF9ZN2pLNFE0Q00xYWxtZjJUbUpBM2ZHSkQ4cU5iLUlybERkUXZVenlZSjZDckFMMTZOejVXR3hzUQ?oc=5,"Mon, 02 Feb 2026 08:00:00 GMT",2026-10-09T11:07:18+09:00
GoogleNews:SNS　買い物,SNS　買い物,ショッピングモールを現実版バトルロイヤルのフィールドにするARゲームが中国SNSで注目されている - GIGAZINE,https://news.google.com/rss/articles/CBMicEFVX3lxTE1UcVpNTWlEQnVtVl81b0l6MVY5aWdSVUFaX3Yxc0V0N1FvYU9zdFdmV09xc3dYTGVFODgyWlBoWXZ0bzlQczJSSDFrNUU0RjNXQ1VBb1QzTEhfSWpGUk14VHVybWtJS0pmR1dPRHZUX2c?oc=5,"Wed, 06 May 2026 07:00:00 GMT",2026-10-09T11:07:18+09:00
GoogleNews:SNS　買い物,SNS　買い物,【Z世代の買い物はSNSが主流に】Z世代の約7割は「SNSコンテンツ閲覧後の商品購入経験あり」 それぞれのメディアで購入に至ったコンテンツの違いとは？ - PR TIMES,https://news.google.com/rss/articles/CBMiakFVX3lxTFBtbTZ0SUhlTUt2RVR2ZDJBNlhYZDQtUzMwSlVSZS1DTjhxRWNZWG5wVFg0TTZjTkItaHdJa25FRElidjVvTXFlMkZEVWVva0d1MHUyZENVMHpobDNiYS1BSlA5UHZzODViT1E?oc=5,"Thu, 06 Jul 2023 07:00:00 GMT",2026-10-09T11:07:18+09:00
GoogleNews:SNS　買い物,SNS　買い物,SNSきっかけの買い物、「インフルエンサーから影響」が最多に 20代の6割近くは「商品知って1週間以内に購入」 - AMP[アンプ],https://news.google.com/rss/articles/CBMiXkFVX3lxTE5DRW40OVRvb1V2ZHRhaXZQa2YtNlZEZmZQZXNzTUJDMGg0N0E4d1dBam1CRi1JLVlJbzlhSUY1LWpUTHBhMmFyUkU1QkVvbjhTZkZYMWEzUUZUVmZZekE?oc=5,"Wed, 20 Aug 2025 07:00:00 GMT",2026-10-09T11:07:18+09:00
GoogleNews:SNS　買い物,SNS　買い物,オンラインショッピングにおけるSNSと購買行動に関する調査結果レポート - コマースピック,https://news.google.com/rss/articles/CBMiVkFVX3lxTE5jMGhsa2I3bUsyZjdUZGxmTnFrRlhMX3FBMjlfWHV0THloOVFzMlpiVUZ3X3cwXzFhbVpDTzVZaGtyTlV0YzlZTHVsS3BqY3RKSW9hREZn?oc=5,"Thu, 17 Oct 2024 07:00:00 GMT",2026-10-09T11:07:18+09:00
GoogleNews:SNS　買い物,SNS　買い物,ヘブンに買い物を頼まれたトキ、その奮闘にＳＮＳ爆笑「完全にモノボケ」 - Lmaga.jp,https://news.google.com/rss/articles/CBMiU0FVX3lxTE5lRktjYlVsYUJhRDBMTUVrQXUtelFuNEdZWGJ4ZzVscUVqbTdhM1k0eHhEZENoWkx6R3JnWVFvN3hDLVhVVmN5MmVhYzNZbVgyZWNz?oc=5,"Mon, 17 Nov 2025 08:00:00 GMT",2026-10-09T11:07:18+09:00
GoogleNews:SNS　買い物,SNS　買い物,Z世代の「買い物は投票」ってどういう意味？ SNSを駆使した購買行動 - 朝日新聞 Business Hub,https://news.google.com/rss/articles/CBMiWkFVX3lxTE8tZXBadDRDR1hTNEVxc2xHWlVEckhZRloxTEVkOGlrMmdKX3VMN2VZNW9LeElqeFJUOXF4R1NMLTRHQ3dCclVCYUVycUNMNEtpeUpxQlMyOHBOZw?oc=5,"Wed, 09 Aug 2023 07:00:00 GMT",2026-10-09T11:07:18+09:00
GoogleNews:SNS　買い物,SNS　買い物,Z世代は選ばない 買い物はSNSの「お薦め」 - 日本経済新聞,https://news.google.com/rss/articles/CBMibEFVX3lxTFBWdm9tWXhCemtzNkZGb040RHhialZPZHo1bTFZU0pnZnkxb1d2YWFiUmMtWUhCMHNibW83MnNMaG83d3J6YXN2Vk9ibnZYcFRERmtaNnF4Q3hZVDkxcXk4UTlQelRiSm5Lb2tvVw?oc=5,"Sun, 16 May 2021 07:00:00 GMT",2026-10-09T11:07:18+09:00
GoogleNews:SNS　買い物,SNS　買い物,SNSやショッピングサイトの不正ログインに関する相談が増加中！ IPAが注意喚起 - INTERNET Watch,https://news.google.com/rss/articles/CBMia0FVX3lxTE13TUNibFl2Ul9hb092RVdKZ3FtSS1oa0F2NVJ6TVJsQVZ2ZHVzQUsyUVl4MzJBdVBsSkxpZUh6YldPYzlPTFd3NUUwa0tqOG9aejQ1WjlKQ2FOV3VxRGtXZFhlVUI2aG1JVnFz?oc=5,"Fri, 29 Aug 2025 07:00:00 GMT",2026-10-09T11:07:18+09:00
GoogleNews:SNS　買い物,SNS　買い物,【Z世代調査】よく使うSNSは？ショッピングなどSNS利用目的は？買い物に対する意識や行動は？ - ネットショップ担当者フォーラム,https://news.google.com/rss/articles/CBMiUEFVX3lxTFBjcU9rYkt1Rk9DeDlkcXpHRkVHVWpvOVpwOWEtVTV2aWFFeTlQaWQ5R19sUnVtZ2Q0dHNoVVlKOGlwZVpZZDJhaENCUHkzS2tJ?oc=5,"Thu, 20 Jan 2022 08:00:00 GMT",2026-10-09T11:07:18+09:00
GoogleNews:SNS　買い物,SNS　買い物,SNSで大人気“べじまる”の「レジカゴぴったり」ショッピングバッグが登場！ - （株）Gakken公式ブログ,https://news.google.com/rss/articles/CBMiXEFVX3lxTE5Ba1Bnb29mdy1wQ0s2WERnaTdaTktPSURKWnQwbE1PUnV3MXkwcm5qZEpHT1c4UU55SFZjemRLWnVfNXphN1djVWxvQ1Z6TEtlNmlBa2tHSFR1cE1C?oc=5,"Thu, 13 Mar 2025 07:00:00 GMT",2026-10-09T11:07:18+09:00
GoogleNews:SNS　買い物,SNS　買い物,【2024年オンライン消費者実態調査】ネットショッピングの情報収集に最も使われるSNSは67% でYoutube - 共同通信PRワイヤー,https://news.google.com/rss/articles/CBMiW0FVX3lxTE1rLUdySnpTcGIwdlQyQjZVOERZYTBtT0owdnc4YWd5b3VlVmhNZlFvVXdRNTJBOXo0cVhJN2VleUJ4c0JhQk1kc25SWG11b2I2UGpnLVY4STIwZTA?oc=5,"Thu, 04 Jul 2024 07:00:00 GMT",2026-10-09T11:07:18+09:00
GoogleNews:SNS　買い物,SNS　買い物,Z世代が「いい買い物をした」商品との出会いでSNSが急増、店舗での遭遇率は低下も、購入は店舗がトップ - トラベルボイス｜観光産業ニュース,https://news.google.com/rss/articles/CBMiVEFVX3lxTFBaUDV0cTFubWxBTktxbjk3NkpNTERhRV9iTzdYMHhuczlqbnlCMlo4Y1lrRTRaQ2hSY2VKVEkya2pscUNhTWxsbUFpb0wtY3c1bEZrTQ?oc=5,"Mon, 07 Mar 2022 08:00:00 GMT",2026-10-09T11:07:18+09:00
GoogleNews:SNS　買い物,SNS　買い物,がん治療研究を応援 SNS投稿や買い物で／Support cancer treatment research through socialnet posts and shopping. - TOKYO MX,https://news.google.com/rss/articles/CBMib0FVX3lxTE5lTk9MZEhPaW40SnZUUjUydHZuM1VjQ3YtcDM0OHIwbkZ4OThfeXR0TlFqaXRSbS10Z3hpWE5qcDZNN0xWY1FQb2NwVVcxR0xkeXBXNG1fSHNqaC1URHVLcnpLVHZ6MHJVaWZtVTMtSdIBakFVX3lxTE4yT2NKLXlrN3pyaWZKMXNXM0lSV1VUX2tpS2JrSTZ1LXhzZThBNXhYamJNNC10X2RSN2xrSy16dUhzOXZ6YUdKSmlNVlBybmtzR285ckdsYkhZY3YwbDZkYzBqU2I5SE1XeUE?oc=5,"Mon, 02 Sep 2024 07:00:00 GMT",2026-10-09T11:07:18+09:00
GoogleNews:SNS　買い物,SNS　買い物,買い物メディア「your SELECT.」公式SNSのショート動画が累計1億回再生を突破！本格運用開始から1年で総フォロワー数も13万超 | 株式会社キュービックのプレスリリース - PR TIMES,https://news.google.com/rss/articles/CBMiakFVX3lxTE5hNkNHYk9oeFBhSjZXTTlyNktQQzA3MmdKSzk3WE9vTlctcXpDb0FTVUhBZEowb0JLTkZtbEY5OF83ZTlQdHFOenV0elkxZDd5aWVtTjBVMUpkaGJjeTlfU3B4Z25HX0RaSVE?oc=5,"Tue, 03 Sep 2024 07:00:00 GMT",2026-10-09T11:07:18+09:00
GoogleNews:SNS　買い物,SNS　買い物,SNS、投資サギかも 門別署と町、富川高合同 買い物客に被害防止啓発【日高】 - 北海道ニュースリンク,https://news.google.com/rss/articles/CBMiTEFVX3lxTE5vcTNOZHYzQkJMajZqSV93engwZ0J4Ui00U3J2cXpVQUQ0Y2twd1J0UjBWcWw5cWozQU5GUHNxVGpBcXZEb1hFTm1qeVU?oc=5,"Mon, 21 Oct 2024 07:00:00 GMT",2026-10-09T11:07:18+09:00
GoogleNews:SNS　買い物,SNS　買い物,オンラインと店頭の架け橋になるのはSNSコンテンツ 買い物の効率化と楽しさが両立する店頭販促が鍵 - 宣伝会議,https://news.google.com/rss/articles/CBMickFVX3lxTE1lbm1Lb0l5WTN0UTVUalJaa0pSaXVBM2tiZXNlenExRzJlalM1Q2hYZllBWmJWWVdtYnRKa2Jib3I5ZFE2V1oyUzJWeENaUXFRSDZvQUdEOEZTczhWWHpTTmpzQVlCeE1NbEt2QldMT1NUZw?oc=5,"Tue, 28 Jan 2025 08:00:00 GMT",2026-10-09T11:07:18+09:00
GoogleNews:SNS　買い物,SNS　買い物,Twitterの買い物への影響は？SNSがきっかけで商品を購入した割合を調査 - ネットショップ担当者フォーラム,https://news.google.com/rss/articles/CBMiUEFVX3lxTE1DaThOeGhOYk1YNUlTZ1dqY0tfdENOMGFsMmdDVEV5ZkxVYk5TUmpfcEVWcTdHQ2hfZzBFZVNwNDB3blFHNE9lQ1d1NnBzbFBF?oc=5,"Mon, 01 Jul 2019 07:00:00 GMT",2026-10-09T11:07:18+09:00
GoogleNews:SNS　買い物,SNS　買い物,若者のSNSを活用したオンラインショッピングの新常識 - Forbes JAPAN,https://news.google.com/rss/articles/CBMiWEFVX3lxTE1CZ2ZsT2xxLU8zcXVLVm1tbGNjdk1HaTVwQkdiV2FFcWNlaW5MSnRPUTZIdDkzZjBMa2xMQXV1ZFNQWUc5cmtKMGVTQXc4T0E4bi0wcUcwVUk?oc=5,"Fri, 12 Jul 2024 07:00:00 GMT",2026-10-09T11:07:18+09:00
GoogleNews:SNS　買い物,SNS　買い物,「絶対失敗したくない」大学生の買い物はSNS至上主義「公式信頼できない」 - 高校生新聞,https://news.google.com/rss/articles/CBMiW0FVX3lxTFBDeEgtNFprd3k4NjJRcWRQdlo4YVZhZGNuRHRtNnh5QUNWMmthSm9MYmpNRUtUbXpGazI2TjRibkdGUXRkUGN0QjhqSE5KYTVISW5ZLWJyZ3ZLaHc?oc=5,"Thu, 09 Jun 2022 07:00:00 GMT",2026-10-09T11:07:18+09:00
GoogleNews:SNS　買い物,SNS　買い物,悪質なショッピングサイトやSNSを利用した詐欺にご注意ください - PayPay,https://news.google.com/rss/articles/CBMiVEFVX3lxTFAyclBWUTk4Nm1ITFZidkhrNUVKWTFfZFdoOXFMako1aC1UME9Ib2U3Njk5b3BWY1pYcFBTUGNDNzJIRy1qZ1ZYR3FmNUV1SG1Fc2U4Qw?oc=5,"Mon, 16 Dec 2024 08:00:00 GMT",2026-10-09T11:07:18+09:00
GoogleNews:SNS　買い物,SNS　買い物,スーパー利用者9万人に聞いたお買い物に関する調査 - 株式会社ロイヤリティマーケティング,https://news.google.com/rss/articles/CBMiTkFVX3lxTE5oV3cxYmdxbHFJckp1TXJwS0NBSUFQVGhOd1lCYXdYYzZNRmZTVGFDbGtaTTBBOXNPeEhxSDZmaXJENjN0dkZSOWdHSTJ5dw?oc=5,"Wed, 31 Aug 2022 07:00:00 GMT",2026-10-09T11:07:18+09:00
GoogleNews:SNS　買い物,SNS　買い物,「買い物依存症」「SNS依存症」 “止メラレナイ”はあなたの身近にも潜んでいるかも…？ - ABCマガジン,https://news.google.com/rss/articles/CBMiV0FVX3lxTFBHR1lPbktfT0F0WUh0NTNpRER4X2t1bUdIczJEZFoyTWlhMlR2MVc2RDhCTjAzVE91QzJkN29vQkstN3gzcm9mRk91NGs5MzhxSVltMWZ0aw?oc=5,"Tue, 30 Apr 2024 07:00:00 GMT",2026-10-09T11:07:18+09:00
GoogleNews:SNS　買い物,SNS　買い物,PayPay、悪質なショッピングサイトやSNSを利用した詐欺に関する注意喚起 - ECのミカタ,https://news.google.com/rss/articles/CBMiV0FVX3lxTE1jREsxVDJMM0xoaUNjRU1DRHRYajdlMjBtYkVKYkpIdVVyUHhxQWJwdWh2RG1KVE1FNS1PUURPbVVkTDR1TlVwUTlCR0lodTU1X0xIcTJkcw?oc=5,"Tue, 17 Dec 2024 08:00:00 GMT",2026-10-09T11:07:18+09:00
GoogleNews:SNS　買い物,SNS　買い物,【SNSで話題沸騰】丸くてかわいい野菜の妖精“べじまる”初の公式BOOK！「レジカゴぴったり」のショッピングバッグに描き下ろし漫画10話掲載のミニブックも付いてくる！ | 株式会社 学研ホールディングスのプレスリリース - PR TIMES,https://news.google.com/rss/articles/CBMiakFVX3lxTFA1MGIzMm5QeUJBUlRCcWZCMm45Y1FjSUhTRkczS3lkNmdldGVoaWNHRXhTampDY21IMjhmN0prRjY4WTEyZDBOZHZaYlZuWkdJbmRPRXVCVlk4Vm0xeW81cW5jcUJMQ3hlRnc?oc=5,"Fri, 07 Feb 2025 08:00:00 GMT",2026-10-09T11:07:18+09:00
GoogleNews:SNS　買い物,SNS　買い物,PayPay、悪質なショッピングサイトやSNSを利用した詐欺に注意呼びかけ - ケータイ Watch,https://news.google.com/rss/articles/CBMiZ0FVX3lxTE1MSS1MY1RqRFhfVm9mdkg0bHMyQzNCNDB4MExvRExfZ1VhS3JtM3ZDVlNnelFmd1ptTVh1Y2c2bHlmRk5PVkdRb0taYlFYUElqbi1EWUFQZVJXZUZDYV9Bc1I1RHNiOGM?oc=5,"Tue, 17 Dec 2024 08:00:00 GMT",2026-10-09T11:07:18+09:00
GoogleNews:SNS　買い物,SNS　買い物,｢買い物依存｣｢SNS｣｢お酒｣うつが悪化するNG行為 しがみついてしまうことで良くない状態になる - 東洋経済オンライン,https://news.google.com/rss/articles/CBMiUkFVX3lxTE5vaXdzYl9aMUtnbVJxLXJXVUJVVkc0dWoySkNncWFaQWpTY1ZMSzVQUU1vT3ZmYW1CUlJYMFdmXzBDQ3NCbjBoWlJ4a1RZdGZOaUE?oc=5,"Tue, 18 Oct 2022 07:00:00 GMT",2026-10-09T11:07:18+09:00
GoogleNews:SNS　買い物,SNS　買い物,取引手数料完全無料SNSとショッピングの複合アプリ「売買（Buy Buy）」をリリース - PR TIMES,https://news.google.com/rss/articles/CBMiakFVX3lxTE1aZkFVczBvMUJuWVhlSGRGeE5BWnoxa3FmSDIzNU15MDg2SUFCTTJWZThkc3E3WmFYRUItd0xXMjZMSEFoQlJFX1U4Q3htY0xXNV9xZVdPRnJldHFVeTAzQU0zS2R0UjFrOGc?oc=5,"Thu, 17 Dec 2020 08:00:00 GMT",2026-10-09T11:07:18+09:00
GoogleNews:SNS　買い物,SNS　買い物,【主婦層リサーチ】SNS利用と買い物行動についてのアンケートを公開 効果的な主婦向け広告手法が明らかに - PR TIMES,https://news.google.com/rss/articles/CBMiakFVX3lxTFB1UWZ5cVNNbU5mTlFza185OW5KWkR6bFc2MjY3VTNkNkF4ajV0TUFoelZzVXlfc255TWhsVXVpTnVOTFZIUmV2QWxvTkd2YkJCODJGeE5mTW5aeW1hUmsxQ0FzOGZydXBieEE?oc=5,"Wed, 11 Nov 2020 08:00:00 GMT",2026-10-09T11:07:18+09:00
GoogleNews:SNS　買い物,SNS　買い物,買い物メディア「your SELECT.」公式SNSでの動画総再生数1億回突破を記念して紹介したアイテムの中から、いいね数が多かったアイテムBest5をプレゼント！ - PR TIMES,https://news.google.com/rss/articles/CBMiakFVX3lxTFBUWVZ2b2hIcGMwdW9jaVRyY2s3ZFk5ZUhPVnFmdGRvN25WM2lLWUFxTEhKaWtSNnUxNWJGM3o3UmQ0Y1diZHFGWUF4TXI0ckExVWxteTc1NW54bUg0bUxGWWl2RVlTTjVOQmc?oc=5,"Tue, 03 Dec 2024 08:00:00 GMT",2026-10-09T11:07:18+09:00
GoogleNews:SNS　買い物,SNS　買い物,【みついショッピングパーク キッズクラブ】“かわいい×ミステリー”SNSで話題『うそ探偵トマント』公式キャラクターに就任！ - PR TIMES,https://news.google.com/rss/articles/CBMiakFVX3lxTE1rcGNCeDJ3dU5jQ3NlSTFmeXR4RGJRcEIwOHdXX0ZSbjJQZHJBTDlUdVltaGtab0tyb1VUajNjTmhjVnNsTE91cUtZZE9WR1pJS0ZRaXhxS2RHMUtrMzFuWENWREpPbHJnbkE?oc=5,"Wed, 01 Oct 2025 07:00:00 GMT",2026-10-09T11:07:18+09:00
GoogleNews:SNS　買い物,SNS　買い物,プリン出店者 会場を変え販売 SNS通じて買い物客 佐賀バルーンフェスタ出店ブース中止で | 行政・社会 | 佐賀県のニュース - 佐賀新聞,https://news.google.com/rss/articles/CBMiVkFVX3lxTE9oSk5qVzFzTzdDNDhFMlRmVXN4RUxoVEhGNHk5bnZWcjE4UHpTamhtYk9Ka3NvSkVGbXF2LXJ5T0tnWm5IbF9QekNRcUFJczBfb2Jla0t3?oc=5,"Sat, 02 Nov 2024 07:00:00 GMT",2026-10-09T11:07:18+09:00
GoogleNews:SNS　買い物,SNS　買い物,若い人ほどSNSの投稿を見て買い物する意欲が高い、SNSが与える消費行動への影響調査 - ネットショップ担当者フォーラム,https://news.google.com/rss/articles/CBMiT0FVX3lxTE1OTk0yY0VsRkpYOEQzU1phVjJmQTZlUW1nYlBTLXo4TGhoaTNHZ3RMREgtTVdfVkxNRlp2U29SVklwbWEtdnVIZkV3aFpfSm8?oc=5,"Mon, 17 Nov 2014 08:00:00 GMT",2026-10-09T11:07:18+09:00
GoogleNews:SNS　買い物,SNS　買い物,買い物、SNS、アルコール…依存症の人々を描くマンガ「満タサレズ、止メラレズ」がドラマ化 - ぴあエンタメ情報,https://news.google.com/rss/articles/CBMiX0FVX3lxTE8tbGVMZmwtTmNjZ2w0c1kteWJXUm91NndYSXU4RnJHRHpaMGJpVlBZYWtoajBSZTFubkMwN2tqV0p6ZTdiMlpfY1Y2Nm83TGtDM21Hb1h6ZVNsMDVNZHVr?oc=5,"Tue, 30 Apr 2024 07:00:00 GMT",2026-10-09T11:07:18+09:00
GoogleNews:SNS　買い物,SNS　買い物,ドラマ「満タサレズ、止メラレズ」買い物依存、SNS依存に向き合う麻衣＆美穂のKV - ナタリー,https://news.google.com/rss/articles/CBMiTEFVX3lxTFBLaGZsNHdQOHRMVmxHZTNHZ0otTGFqUThyMU9QcURZX0Judk1rM1BXZzUyaDZjMnRORmQxelNxWjVaN2ZKaHpiVlhiTDY?oc=5,"Thu, 06 Jun 2024 07:00:00 GMT",2026-10-09T11:07:18+09:00
GoogleNews:SNS　買い物,SNS　買い物,"いいね！で買い物ができるSNS『Pocolo（ポコロ）』が、YouTuberの""JJコンビ""や""関根りさ""参画のVC『iFund』と資本業務提携。""お金で買えない体験""をいいね！で買える新機能リリース - PR TIMES",https://news.google.com/rss/articles/CBMiakFVX3lxTE5xY0tndG9SN2FHWTUxUUZUdG5RYTdiRV9mbWVPTTRxeTlsZ1VXWllrQzRWTDk1eW5wVnNFSzBvTHQwM0JlOTR2elEySXZVZWEzeG9Id0VTSnNxNmpKcVFyVFZNaG5SeTh2SUE?oc=5,"Mon, 30 Nov 2020 08:00:00 GMT",2026-10-09T11:07:18+09:00
GoogleNews:SNS　買い物,SNS　買い物,そこでは昼ドラ並みのマウント合戦が!? SNSで高級ブランド品を投稿するハッシュタグと出会い…／夫に内緒の買い物日記 - ダ・ヴィンチWeb,https://news.google.com/rss/articles/CBMiT0FVX3lxTFBCSjVEaG9PcTlYRF9uUG5sWEdzNHNYai11anctVF9acDhfdkVHSTE3ckFITXI5SVhXR3BBdUlvNDNaMEpMbFZVWEtZdUNSSjg?oc=5,"Sat, 19 Aug 2023 07:00:00 GMT",2026-10-09T11:07:18+09:00
GoogleNews:SNS　買い物,SNS　買い物,「買い物しない金曜日」がSNSで拡散。2月28日限定の不買運動でアメリカの消費者が求めるものとは - ハフポスト,https://news.google.com/rss/articles/CBMieEFVX3lxTE1pa1FrWVRQQy1vVXFPMEoyZVVxZkZPWU42OG0tSXJFQ3pvU1BZWXppeGNROHV4a1hmc0ZSYTNhMGIteTBQdjNiT0ttVlFReU9rVFQ2MElRdVJaY3FRbHJ3YUc5Skg1eE14SVZKS1ZvcmR2d0V1cU1iSQ?oc=5,"Fri, 28 Feb 2025 08:00:00 GMT",2026-10-09T11:07:18+09:00
GoogleNews:SNS　買い物,SNS　買い物,ショッピングSNS「PARTE」複数アパレルブランドと提携開始、あわせて第三者割当増資による資金調達を実施 - PR TIMES,https://news.google.com/rss/articles/CBMiakFVX3lxTE9YS3JzRjJIdUU2bzEtcklHbVVwY0I0eUJnbnpiU2xKeldKLW9QRklVd3JpeWdnX2hEdFNZWmFINFo3cHU4VHA3enhUb1d6UnVONnk1RW9SVkwxNXlTMmU2NG14R0dRWHFwckE?oc=5,"Mon, 16 Mar 2020 07:00:00 GMT",2026-10-09T11:07:18+09:00
GoogleNews:SNS　買い物,SNS　買い物,SNSで話題”デートも女子会も推せる「ビストロ」へ♡【おしゃれプロのお買い物日記】 - CanCam.jp,https://news.google.com/rss/articles/CBMiSkFVX3lxTE16Z3NzVVRMN3Y2WDN1eFB4Y1l0UkNzbTQ5WGw5NU1YSk1zTGg4QWhHWnJHSndmTkZZU0VjeUU3dW1iUVBkbHM3TjRB?oc=5,"Thu, 09 Mar 2023 08:00:00 GMT",2026-10-09T11:07:18+09:00
GoogleNews:SNS　買い物,SNS　買い物,楽天、ショッピングSNS「ROOM」において、「コーディネート機能」を提供開始 - PR TIMES,https://news.google.com/rss/articles/CBMiakFVX3lxTFB2VGFKVVgzaUlVem8yNTc3MHJsNXRQVVRlRS1PYUhGMUlZU2VfcmNkci1nbGdmbGhRZ2o4VFJKQXQyUUFKZ1VPRzF5QTIwNXRMdWpialNoczVNRTY4amRvdmZUQ0lpNEJob2c?oc=5,"Tue, 25 Aug 2020 07:00:00 GMT",2026-10-09T11:07:18+09:00
GoogleNews:物価　家計,物価　家計,実質賃金プラスでも…家計に負担感なぜ？ - 公明党,https://news.google.com/rss/articles/CBMizAJBVV95cUxQai0tdmFhY19pNS1vZGI4WkI1bENORGF2QlhkYVc4TjNIN3ROSFdxUE9NVm5qUEY5MldxeGRORXo2YmZnR0xJQnM1Ymg0eTZJMmhIbFR0N2QyVlNlM2s5a3lPQUZHVzRsX0pERFpTLVBRZDduY2lpN2FtOXVFaFk3NFY0WFhYWnI1amlicjh5WlBZcFBNblkwY09Tb1hGMy0yaml6YU9fc2p1ZkhTdE9xcFM2bmsxb0JpR0Z4ZGdGVG5sOFpnNk1SbGNjUE8tTHlEdjJvWVNDemtYYzZfX1FxTWtrZjEyUnRTRHFkRnJiMzk0OURKeE5weWtTek5GWTBhdHhoV0hzaUkwY0NjMHc1TU5HX3M1Mko1RFA2eWNuRzU3RzJJWXFZSHFNMWp0ZVNfeEJCbm9sOGRsaDdrWmVVc3JaNEhPQlpfY0U1ZA?oc=5,"Sun, 04 Oct 2026 22:55:17 GMT",2026-10-09T11:07:20+09:00
GoogleNews:物価　家計,物価　家計,高砂市家計応援事業（プリペイド型ギフトカード配布事業）について - 高砂市,https://news.google.com/rss/articles/CBMikwFBVV95cUxNMm1LaDVmZnFZNXlBdElGbk9lUV9uS1JRd3pfM0FOREd5WWw3UGlCYjNUZzFxM0E4Z1Q0Ry1nMTVNTjZyMnFlMmQ1QW1fdG01a2dONjVVOHdTa19KOE9tYkZraV9kZWc5Z0xaQjZGSmVJTGFjY3ktSEhrN3NOWS1IX3hxa2ZZZjFMUGx3bmdQeWx5VG8?oc=5,"Thu, 01 Oct 2026 07:00:00 GMT",2026-10-09T11:07:20+09:00
GoogleNews:物価　家計,物価　家計,消費減税分の使い道、「生活費」6割 物価上昇が家計に影響は8割 [消費税減税 給付付き税額控除] - 朝日新聞,https://news.google.com/rss/articles/CBMiZ0FVX3lxTE9lODNtLUNDcEhXaUYzZ1BMcEs4NGVVUjU3UnZQdldDTnF6WklBXzRINlJaRnFlSWhfRldTV28zYXAyRm5FMHVsdEZaa1ZrcHZkb1hlRkNia1BXNXMtSkMtTkdHUnRDYTA?oc=5,"Wed, 30 Sep 2026 07:00:00 GMT",2026-10-09T11:07:20+09:00
GoogleNews:物価　家計,物価　家計,PayPayで4億6000万円分を還元 三重・松阪市の物価高騰策 家計下支えに効果（夕刊三重） - Yahoo!ニュース,https://news.google.com/rss/articles/CBMif0FVX3lxTFBySUdiRjJLcjZwbzVMRXhSQXlDaWlPVURjSGRkSlVEU2d0X0JHSW9NN3RkVkVhd290ZWVVRVRNMUFuLW9JVGlCMndib3lKd0tFc29JcmF3MUdWa1FiZHhmWm5BR2V3anJTRy1oSmZyZlVaX0pEWWNjUHgtZUlUOUE?oc=5,"Tue, 06 Oct 2026 09:48:09 GMT",2026-10-09T11:07:20+09:00
GoogleNews:物価　家計,物価　家計,年収は「物価に追いつかない」7割超 家計防衛は食費節約で 住友生命アンケート - TBS NEWS DIG,https://news.google.com/rss/articles/CBMiV0FVX3lxTE84dHRJOWtMRC15b3ZJRUxzRFlMUkl1QlllX21xUjhHWUxTQWl3Ym1SQjZxdG9tZ3RMSG9xNzhPclU2MHhQNW1abF9hdGNSOXptdk1rR2JUOA?oc=5,"Tue, 29 Sep 2026 07:00:00 GMT",2026-10-09T11:07:20+09:00
GoogleNews:物価　家計,物価　家計,物価高騰下の家計管理を伝授 ファイナンシャルプランナー招き「くらしの見直し講座」10月7日（水)〔共済連〕 - PR TIMES,https://news.google.com/rss/articles/CBMiakFVX3lxTE56N2hoWnBPM0V3RmVDVW1BRVFUTGtNeFlLM2RvUWRFbW5RVGMxWkU3Z0RSU0xVcmQwNHVrYVJ6aUJiM3dZTWlsYm1iS1BIaVltRnhaODZvQW1ET2NCZHR1a01FbmxBWjZIRkE?oc=5,"Wed, 23 Sep 2026 07:00:00 GMT",2026-10-09T11:07:20+09:00
GoogleNews:物価　家計,物価　家計,「急激な円高」の物価への影響は？家計のために知っておきたい、為替と物価の“経験則”とは【45歳からの資産形成・第15回】 - mi-mollet（ミモレ）,https://news.google.com/rss/articles/CBMiW0FVX3lxTE5MaHhTdV9zOFFBdFJLMzJlYm52VlJiLUdxS1U2dHNHckpKd18zX1NhNjNKa0NWWjJ0LTh6NFlUTi1zWnhFZnV3MTB5bXp2LXJZMWpqRjJyMG1Eems?oc=5,"Mon, 21 Sep 2026 07:00:00 GMT",2026-10-09T11:07:20+09:00
GoogleNews:物価　家計,物価　家計,年収は「物価に追いつかない」7割超　家計防衛は食費節約で　住友生命アンケート - ｄメニューニュース,https://news.google.com/rss/articles/CBMickFVX3lxTE1kcFl1YUo5ZHRNcFdhYmVxV0tRc0xwRmR2NzlzVVZYTzBOWWJIbG9zbjlMSVBwZ3NwT3Q2NVhva092VDF5MTBTN2s5MDRIQ0RDY1VFNWkxSVRTNm9UTm9wZHp0c3VISWt1eEI1dGwwRzRld9IBd0FVX3lxTE9PdjF1RkdGMVpvT3BNd0xlOUhxNHdkWFdsNzY1cnNtOHhXbUJQTkF0TlhlYWNhVWZVbE1iZzNhSmtZN3FZLUJqdEQzNk1UVkZGT2pHTmZXWWtHM3pMOVVraXpvekVuZVpoa3ZZdzdjekt0MGdlQWNR?oc=5,"Tue, 29 Sep 2026 02:29:00 GMT",2026-10-09T11:07:20+09:00
GoogleNews:物価　家計,物価　家計,【解説】日銀が3か月ぶり利上げ…政策金利1.25％に 家計・物価・為替への影響は？ - 日テレNEWS NNN,https://news.google.com/rss/articles/CBMifEFVX3lxTE1wTDFvOGp2dURDQWg4ZzdVVVlyYjB4UjZHbVlGZlY1WWpZWVdYUXkwWE80TWZrMzhUMmRLRnRMV3pMMEM2Y0R2NVFsR3l6MUJiMmpvb21pV2NnUmZrVUNESm1OaExRZEFGWUlYMFF2MVYzcGxDV1Z5WXlKSmc?oc=5,"Fri, 18 Sep 2026 07:00:00 GMT",2026-10-09T11:07:20+09:00
GoogleNews:物価　家計,物価　家計,家計のインフレ予想「0％」は消失も、「2％」が定着しない理由とは？物価と為替を安定化させる“アンカー”不在となるリスクも - キヤノングローバル戦略研究所,https://news.google.com/rss/articles/CBMiWkFVX3lxTE1FQWpSdlFwcnhoTG53U1pqM2V4MG5VSDJiVURoTGpMY2hGZ2U3dlFhd2tPZHhwYmRxWVBoNzI3cGF6Q0FvVkxXd3JweVdPSVJYd04zMVRMRXp0Zw?oc=5,"Thu, 27 Aug 2026 07:00:00 GMT",2026-10-09T11:07:20+09:00
GoogleNews:物価　家計,物価　家計,年収は「物価に追いつかない」7割超 家計防衛は食費節約で 住友生命アンケート - Infoseek,https://news.google.com/rss/articles/CBMiXEFVX3lxTE1sOFBrczJSZ2tWN2RtYTBuc3gtRUhiRkFaZ1BpSGx6SVgxMWRqZUltQzNqS1drTmQ4allfYXFjZWNrNW9YeGVxc08yX1h0Z0xxeldPbVZVVm9uY25a?oc=5,"Tue, 29 Sep 2026 02:29:42 GMT",2026-10-09T11:07:20+09:00
GoogleNews:物価　家計,物価　家計,家計の物価見通し、5年後「かなり上がる」51％ 初めて過半に 日銀調査 - ニッキンONLINE,https://news.google.com/rss/articles/CBMiVkFVX3lxTE5rcGJEVWRvTTg5UUV0eUNjUEFQQ3BtYUpYazZBYURBbnJvNlNKMHJzMVB2V3V5bHBMRjhjOEhHZlgxWHdJbERMcmYzRHd0ZEVQc09OX1JR?oc=5,"Thu, 16 Jul 2026 07:00:00 GMT",2026-10-09T11:07:20+09:00
GoogleNews:物価　家計,物価　家計,【2026年調査】物価上昇を実感している人が99.4% 家計が「苦しくなった」は88.2%、節約行動1位は「食材のまとめ買い・特売」 - PR TIMES,https://news.google.com/rss/articles/CBMiakFVX3lxTFBkWktkcTZiR3ZEdXBWaXBOZlZSdVlLeFNBS0loeTNrOTVQczU1eVNLWkxxS09LYnNjaTVTMFhFSlliemRlcnFVcGNhTHYxSzVTdkVrSjhoUmdjUEE4VzEzX2c3SUNiSVA2bWc?oc=5,"Thu, 01 Oct 2026 03:00:02 GMT",2026-10-09T11:07:20+09:00
GoogleNews:物価　家計,物価　家計,「急激な円高」の物価への影響は？家計のために知っておきたい、為替と物価の“経験則”とは【45歳からの資産形成・第15回】 - Yahoo!ニュース,https://news.google.com/rss/articles/CBMijgFBVV95cUxNV2tKc19qb0tRaEphdU5tSDZiT2NIWVVhTkRjdlZSWDRFeUJNSU1FOE1ZRjE0VlJQRUdlaXhCcDI4NjdRdkJyekFqUGVrNjFnRjNiNFpTWkJWWUprRkVQUWxjVTc2cUJ3dFVSQXVPZkYyaEctQVc2aDhabkN0aHlLb1VrSnVteFZZVGZzTUp3?oc=5,"Mon, 21 Sep 2026 07:00:00 GMT",2026-10-09T11:07:20+09:00
GoogleNews:物価　家計,物価　家計,家計支出の調査で品目見直し 巨峰→シャイン 煮干し→塩サバ - 朝日新聞,https://news.google.com/rss/articles/CBMiZ0FVX3lxTE5lUGN4SGJmWlRWOFVIa1ZxTjY4OHpkc0p0Z1NoNy02N2szUGxMVUhzUFhBOHdDMlBEalYyd05aeldOZExRUGwxSVp0T1BmQ3lNY1hQdmktTlZLMnNiME15bllUS1hmY2M?oc=5,"Fri, 07 Aug 2026 07:00:00 GMT",2026-10-09T11:07:20+09:00
GoogleNews:物価　家計,物価　家計,1食351円へ下落のカレー物価。エアコン代高騰の夏に、あえて食費を切り詰める「家計防衛」のリアル（LIMO） - Yahoo!ニュース,https://news.google.com/rss/articles/CBMif0FVX3lxTFBabE85bWM0dDZQRXdpT005eG1pV3hGcnFfN2g1Wnd3VV9hNjNZSUk2Q1NtM2t3NnJ6eFBRN1BkV1NDVTNlY25lT2hpdEx6ekJvdXlqT0pHaHpCUl92QTZMdTUzR3VudnR1dkRwR2NMNE9MWmw0S1dqRVRaTFFJblk?oc=5,"Fri, 11 Sep 2026 07:00:00 GMT",2026-10-09T11:07:20+09:00
GoogleNews:物価　家計,物価　家計,物価上昇などの影響で日本で家計消費が萎縮した中で、ゲーム機やアイテムなどゲーム関連支出が特に増加傾向を示しているという調査結果が出た。16日付の日本経済新聞（日経）によると、総務省の家計調査でゲーム会.. - 매일경제,https://news.google.com/rss/articles/CBMiT0FVX3lxTE5HcEdjaGsxWFdScnAyUDFSVWRHR2hjbDIzVGJtdU40MFFEQjA3emp5ZDV0U251UTlKd2RhbG4yQVdfdG1USExzTEFUU3RlR3M?oc=5,"Wed, 16 Sep 2026 07:00:00 GMT",2026-10-09T11:07:20+09:00
GoogleNews:物価　家計,物価　家計,令和6年消費者物価地域差指数の概況 - 茨城県,https://news.google.com/rss/articles/CBMiiAFBVV95cUxPMDkwa0pzc0ZoZTNlUTdvWlZaeFA2U2M3bmdyS0FyNHJYTHdacjZaYkhzSnJUb0h2QXVuVlg2d3JmcHE3UF9Oc1Y0MXJvOE9WLVZMQzVxd1hCaDgwQTg2aFp2SkF6OEllUGRzbWQ1YTE3cGI2Snh1Z0JsQkV2THpfOXRfY0l2X2R4?oc=5,"Fri, 03 Jul 2026 07:00:00 GMT",2026-10-09T11:07:20+09:00
GoogleNews:物価　家計,物価　家計,令和5年消費者物価地域差指数の概況 - 茨城県,https://news.google.com/rss/articles/CBMiiAFBVV95cUxPQ3ZUdWljLXRDRXRqeFRuRFA3RU5LbllrTmpSNjVhcms0NU5Obkt2b01hSTVaa2NIYWtaODNTcFNlR21hWXp2ZElFSTdJeHFROUNkSVdMSll2ZWMwZjlvTElsRXZkLVo4c1hVQk02cnJfSWNLOEZqcDFVOXl4czY1d2QxSFdSeEhi?oc=5,"Sat, 11 Jul 2026 07:00:00 GMT",2026-10-09T11:07:20+09:00
GoogleNews:物価　家計,物価　家計,【約9割がインフレを痛感】体感インフレ率は平均34％と政府発表と大きく乖離！限界に近づく家計防衛の実態調査 - PR TIMES,https://news.google.com/rss/articles/CBMiakFVX3lxTE0zdTRCVllHSThvNDZtVEI0QW5lWEZCbTNHNm13TUEwcHhFblp1OEVJUml6LVphZGhmX18xWmpoRGpmd3p5VGtZVGs0dVRyaTJSaGdlWjlVWXNJaENpOEVYekxfLUplWFJHZ3c?oc=5,"Fri, 24 Jul 2026 07:00:00 GMT",2026-10-09T11:07:20+09:00
GoogleNews:物価　家計,物価　家計,社説（９月１９日）日銀利上げ加速 家計も企業も備え急げ - 静岡新聞DIGITAL,https://news.google.com/rss/articles/CBMiTkFVX3lxTE5oQUxiMnpuSENuT2E2c0hLUE1HN0x0am1XYWZVblV0N0pzTDBDWE10NmNfbmNyTTgzUW16WHlva1ZPdnR4ZGJJZWtValh0UQ?oc=5,"Sat, 19 Sep 2026 07:00:00 GMT",2026-10-09T11:07:20+09:00
GoogleNews:物価　家計,物価　家計,家計のインフレ感が高まり、日銀の利上げの根拠が強まる - アラブニュース,https://news.google.com/rss/articles/CBMi_gJBVV95cUxNcjRPYnBwNnhGenR2WVcxNjNvZWRqYVM0MktKR0hCNXRfdUxIM0hPd3o0OTVEQkJpUTVzMW5MajBCQzVCU2VtcDJHckNJUjFkM3ZKUDFMaTQwb1U3cjJVdFpBNl9jNkRRU2hWVC1NZUxjcXBNZF9ibmxCcmhuX1A3czkyRUhBY0VqVzBkdkRCc1dxdFZjTnh6c2tDSVNCS2ViMHJBbEh0akVFc2FBSjRndXo0M2g2VURmM09DRXc1UUxyblBuaVMwU0hYQ00weUU2VXFEU1lwdHFmMWVEbzlzX3VzNlFYUUQydDFXNGUySGVkZVM1VTR0RkFTWnlIQnRMMGNPZWxBblpmTFh0MWV1Z2lLbG5jdEU1T1FtNTRGVzhKRGs0aUZGeDFfVGw2aFpMQkxaMkd1dmRnNlNvYUJyTDQzM0ozcmVKdDBEOTk4cDh2NlduNTh1emlMZk1vRkJwbU9SY0xBS0RocmpIbDBybXcwRHc1M1hWbmpOX3p3?oc=5,"Thu, 16 Jul 2026 07:00:00 GMT",2026-10-09T11:07:20+09:00
GoogleNews:物価　家計,物価　家計,エネルギー価格高騰が家計へ及ぼす影響－イラン情勢を踏まえた現状と課題 - ニッセイ基礎研究所,https://news.google.com/rss/articles/CBMib0FVX3lxTE9lSXRzVW01X3BvWWZNNUgzd0ZYeFVMYnFIdldhM01wSDJzTVU0Z3o1YVJ2dzZwN2tLQzNWNWJuQk5sWTdwTXNHbzE5bHZObUZOUVh3dGNLcDRjenM2c0dvVDlxS0t3T2pEQ24tZ29wTdIBf0FVX3lxTE5lQkI0WVRwa0FnWXE2dHNJTVVZYkdFeHozdWdCeDlDLWlLT09sTXhsMXNSV3l1X1VCR2NRaUlydG1wMW9COExvRXdVVFpWbGZFM2RYWTJ5dlZSTExsWU9jR0NheVppQnNoZ1RzZ2dwX19ZSnh6OXB4d25YbHE2ZTA?oc=5,"Wed, 27 May 2026 07:00:00 GMT",2026-10-09T11:07:20+09:00
GoogleNews:物価　家計,物価　家計,金利上昇とインフレがもたらす日本経済および家計への影響と構造転換 | 永濱 利廣 - 第一ライフ資産運用経済研究所,https://news.google.com/rss/articles/CBMiW0FVX3lxTE1mTUR0LTZPV2RDUE1yUnFpdjJlbEtCWFNHYmNkV2hUNTN0ZXhFMHp0dVlHU2FMdlhURkwwOUg2VW9DcmVwTUpyOFIzdmZVdzM5V3MyZmxkZG1RZWs?oc=5,"Thu, 18 Jun 2026 07:00:00 GMT",2026-10-09T11:07:20+09:00
GoogleNews:物価　家計,物価　家計,家計調査が映す「切り詰めても軽くならない」食費。エンゲル係数は1981年以来44年ぶりの28.6％に - LIMO | くらしとお金の経済メディア,https://news.google.com/rss/articles/CBMiTEFVX3lxTE9VMERWNDQzVDlaT1BXZ190dG5URHJpakVSLXhQeWhjakFLdDg4QThBMmxkTWpyUVBoNjZ1bmxlMlF4dU15UjdIdWRnMjg?oc=5,"Sun, 13 Sep 2026 07:00:00 GMT",2026-10-09T11:07:20+09:00
GoogleNews:物価　家計,物価　家計,物価高騰が続く中、給食のない夏休みで家計負担が増加 | 一般社団法人全国フードバンク推進協議会のプレスリリース - PR TIMES,https://news.google.com/rss/articles/CBMiakFVX3lxTFBhQkIzVFhyT0xCX3RoZnVyS2d3OTg3YzZkZG9VcjNOWGhZa1dNbzNjTE8zZnVISDVmR3YySXE1eGZXaTBTYThfeV9HYTQtSHdNRVd2LXFlYjByRWVfazRYSmFHaW0tanp1dmc?oc=5,"Mon, 15 Jun 2026 07:00:00 GMT",2026-10-09T11:07:20+09:00
GoogleNews:物価　家計,物価　家計,日銀調査で家計や企業のインフレ期待の上昇続く、利上げ路線を支持 - Bloomberg.com,https://news.google.com/rss/articles/CBMid0FVX3lxTE9WQktHaTFieUdOSEkwd2lOOFd2WVplczJhX2M4dFdwbXp1WWtWY2hBaGtWY2FBY1FNS3JGYnRrb3NzZ2poUjNWQTNkR191OHhWc3JWODd1WHRIVlFDNzBFT1M3am1hbU82eHRFdEt6UWlGQzh6VGRv?oc=5,"Thu, 16 Jul 2026 07:00:00 GMT",2026-10-09T11:07:20+09:00
GoogleNews:物価　家計,物価　家計,「物価の安定には時間がかかる」家計圧迫は続く？原油安で景気に追い風も――生活必需品は遅れて値上げか - 日テレNEWS NNN,https://news.google.com/rss/articles/CBMihwFBVV95cUxQenhhNnhOLUVUcXByRkczd0tFNWpPcTFDempPNEZobEg0VklhdDlQWTFaZ1pMSS1TRVdCekFZYVdlck5mZTFBQTRacGdGczh3MlZUT0l4YWlpcHZCUG9tOXYxLTBrUDQwV0g2NVR4SV8zRllKbkttQ1h3V0hHMl9NOC1EREhPM1k?oc=5,"Tue, 16 Jun 2026 07:00:00 GMT",2026-10-09T11:07:20+09:00
GoogleNews:物価　家計,物価　家計,独身男女611人に聞いた…結婚の最大の壁は「物価上昇」 未来の家計に警戒感強く - Yahoo!ニュース,https://news.google.com/rss/articles/CBMif0FVX3lxTE1BeWozaE52a2xkWnlrNXl5RGNOaFNWRngwdDViYXFWaTMzUHgwa2pkRXBiMGQ2UUpTYUxsdXl1U1MzN0tpQkd5SEZFY0Q4bnhHUW02eERMd09kVjc1LUVQQ3pXZjUya25TTXcwMG0tdmRWN1Y1b21nV2c5dkFqdTQ?oc=5,"Wed, 08 Jul 2026 07:00:00 GMT",2026-10-09T11:07:20+09:00
GoogleNews:物価　家計,物価　家計,【日本のチップフレーション】メモリ高騰が物価に与えるインパクトを試算、「家計の一人負け」傾向強める可能性 - JBpress,https://news.google.com/rss/articles/CBMiVkFVX3lxTFBRNk92bTJmaURMSUFRYU5vVTNHZ1FuNHVDWXE0cVlwOVJoQ1VtZ3Q2VENTdGw5VDFqQkRPX2JfNXNnVWgtdmhrLWNpOW1yWEFDY1dkWnZn?oc=5,"Wed, 05 Aug 2026 07:00:00 GMT",2026-10-09T11:07:20+09:00
GoogleNews:物価　家計,物価　家計,6月消費者物価1.6％上昇、3カ月ぶり伸び拡大 値上げの夏と猛暑が家計圧迫 - BigGo ファイナンス,https://news.google.com/rss/articles/CBMidEFVX3lxTE9BMVBwSlU0MnBvSS03UGhBWlRKZDVISTBVTTYtSV9QSEN0bG5FU0Vmdk9UVUZEVHY4eThOYTRTSW1lbHpmSE8yMTRhbkNUMkw0MW1QZ1hmOWNMWHVQMUtfeDFRTTBSZkZVWmpveFNkZEdZRkNf?oc=5,"Thu, 23 Jul 2026 07:00:00 GMT",2026-10-09T11:07:20+09:00
GoogleNews:物価　家計,物価　家計,第2四半期の家計調査：3%台の物価上昇、下位20%世帯の生活費増加と月28万ウォンの赤字 - 亜州日報,https://news.google.com/rss/articles/CBMiW0FVX3lxTE85OEJ3S09VbUJGLU9CMGEyTEFfN0pVTDBISGpKSUp5UjVsWWxLZE4zblgyU0M3RGxZMklqNm0tMU8wWFNhSW1HcXRtZU14SFk0UmRtZWRDUlgtdDQ?oc=5,"Thu, 27 Aug 2026 07:00:00 GMT",2026-10-09T11:07:20+09:00
GoogleNews:物価　家計,物価　家計,賃上げ5%でも家計が苦しい理由、コメ高騰と物価が奪う購買力 - mymo,https://news.google.com/rss/articles/CBMiSEFVX3lxTE93YkV3SU9KdzNyYlEwN3dkaWQ1NnNoR2NZN3BtRXpNZkNpU00zU3BEZ04wRV9xejJub01vWG5hUFNhR2hiS1EwZQ?oc=5,"Fri, 03 Jul 2026 07:00:00 GMT",2026-10-09T11:07:20+09:00
GoogleNews:物価　家計,物価　家計,家計を応援 物価高騰の中でイオングループが食品などを値下げ - khb東日本放送,https://news.google.com/rss/articles/CBMiT0FVX3lxTE5lUTlFNVB3ZDN3ZHVrV3NKWHpxMFdXUEp0aXhVLXd2N2hISnd4b2czc0JSSHZsanlQbHNhMmVSTW51Q1l5cEIxbE1SUlVKbXM?oc=5,"Wed, 20 May 2026 08:41:17 GMT",2026-10-09T11:07:20+09:00
GoogleNews:物価　家計,物価　家計,政策金利1％の家計プラス効果は「年1兆円」、高齢世帯は4万円プラスも住宅ローン抱える20・30歳代は4万円の負担増 - ダイヤモンド・オンライン,https://news.google.com/rss/articles/CBMiTEFVX3lxTFA2NDk4WldoMUo1WXVwZlQxRS1SczctQlVZY3lyQTJpVWhETjdqN0U5YTBTM045X05sRWpSWGRKd08wQTVaQmZlcE4wYjLSAU9BVV95cUxOaU92X2hRbmhjT2JsSF9fNWFWc1hMZUdKanpVc2ltejgyblBSZ0FPUDNvSWoxeUNPb0d2cmhfR1FDTjRPQ0JuazdKQ1MxTXFF?oc=5,"Thu, 18 Jun 2026 07:00:00 GMT",2026-10-09T11:07:20+09:00
GoogleNews:物価　家計,物価　家計,物価高騰に苦しむ家計を応援「プレミアム付き商品券」市内各地で販売開始「長崎かんぼこ王国」共通商品券も《長崎》 - 日テレNEWS NNN,https://news.google.com/rss/articles/CBMihwFBVV95cUxQSmJqSlI2U3hlWDNWM1E5M2MzVE5CY3lPRnhJSjFwRTgyOVJpcEVKZWRYeWJKanhaZ1k3SkNOYm9MckZvN2E2cFJCYjN4eUZ1a25MZ2dUNllVR3BiRFZnbHdzRlBDVFdUbDFsOURpUlR2WS1STFdDaTY0NU5jSDd2Ym9VNC1pVkE?oc=5,"Thu, 02 Jul 2026 07:00:00 GMT",2026-10-09T11:07:20+09:00
GoogleNews:物価　家計,物価　家計,1食351円へ下落のカレー物価。エアコン代高騰の夏に、あえて食費を切り詰める「家計防衛」のリアル (LIMO) - Yahoo!ニュース,https://news.google.com/rss/articles/CBMijgFBVV95cUxNLXF6ckFQRVJtTDMyOGpXYXRnanhMLUJDcWVkY3l4ZU44OGdwazgxcWdKY1JwcEQyMjV6NWZyVkRSWHJsaFZBbHVOdGZ6c19vWWVjeUNOZlJLMXdocHA4blR2dnVnRkNnc0hwbnlYS3dTUEs4QXlWaVhPT0ljc2hLaWpWazkxbDVhMElXT0J3?oc=5,"Tue, 11 Aug 2026 07:00:00 GMT",2026-10-09T11:07:20+09:00
GoogleNews:物価　家計,物価　家計,暑さが物価を動かす「気候インフレ」－家計圧迫、低所得者層は食料さえ遠のく時代に - Bloomberg,https://news.google.com/rss/articles/CBMid0FVX3lxTFB3T2E0bU5QQ2hDQ0hqcTM4WDFEOWVuX09GOVFhaTJZTGtVOTRTVEhZN1FUd0RKa09fb2hQQVdwS1Rka0pZYkZqRWIzSnZKV1dWLWVyODc1aHBObW9qUmtpekRyR0w2ckpGWDJ0ZmRkRHBEWVAxSU9J?oc=5,"Sun, 03 May 2026 07:00:00 GMT",2026-10-09T11:07:20+09:00
GoogleNews:物価　家計,物価　家計,物価高時代に家計はどう守る？ 「支出・貯蓄・収入」のバランスの見直し（ファイナンシャルフィールド） - Yahoo!ニュース,https://news.google.com/rss/articles/CBMif0FVX3lxTE1LWHdveERubl9TQ05UYjNPMzlIUVJ5S0o5MU1DWXpieDNFYUpOLW5uNHNHcUJRWmxnTlRfcWhlOEI3U3hfX2R3SXNQTmVaNWNuQnNtdDRYdmVrR1RYMHh0QW5iSkdqN1B1cmZyOVpQUWJsS3l1bHlqdUVUbXhPWFE?oc=5,"Tue, 12 May 2026 07:00:00 GMT",2026-10-09T11:07:20+09:00
GoogleNews:物価　家計,物価　家計,【現役記者が解説】スマホ前提の家計支援でよいのか｜成田市デジタルポイントに高齢者から不安の声 - 選挙ドットコム,https://news.google.com/rss/articles/CBMiX0FVX3lxTE5aZTRaa1ltSnRWYjNpdHRtaEd0ZHZFM21UVnpuM1NteV9aakQyVlNJWFJKRDhkajVET1JsRURXSE91SklLclNmczAxUnUxTmhaalkzdTFKLWlFdUszcDJz?oc=5,"Sun, 12 Jul 2026 07:00:00 GMT",2026-10-09T11:07:20+09:00
GoogleNews:物価　家計,物価　家計,家計負担「年間4万円増も」 原油高で忍び寄るさらなる物価上昇 - 毎日新聞,https://news.google.com/rss/articles/CBMiaEFVX3lxTE10YlJHS3dYc1hXZF9xNU5KRlF3M0JZRzA4VUF0NW5ZMUZLMmMxY08xdmFNTkUxREtfbmd5a21JQ1N6Z2JCT0JHZVFaT1BHYTdqTEVxWkdvRmRnN1pUbjNsNmo2Wm45OGFO?oc=5,"Mon, 27 Apr 2026 07:00:00 GMT",2026-10-09T11:07:20+09:00
GoogleNews:物価　家計,物価　家計,新登場！アップサイクル「はちみつ梅」。物価高騰から家計を救う、オフプライスストア・アエナから。 - PR TIMES,https://news.google.com/rss/articles/CBMiakFVX3lxTE9iNzVoc0dyU2tfa2tNRVBqaHdiUWZxbElVeW5ad3hpcnpjSWZocEdDNXVOT0JQajZVd2tBT3BUMHRFejlsTU5fMGVNdGE0enhyUVdxem5icHZWaFk2OGdCTWhFal8wSHZXWEE?oc=5,"Mon, 13 Jul 2026 07:00:00 GMT",2026-10-09T11:07:20+09:00
GoogleNews:物価　家計,物価　家計,「物価高騰対策」としての家計補助 東京都と比べて少ない近隣県、格差に広がる不公平感 - 産経ニュース,https://news.google.com/rss/articles/CBMidkFVX3lxTE5sR0hoRDIwM1VfdEROanBGMUZyR2wxb2tLM2xpZ0VaUXB6NTZuZnQwSDdDOGVhRDhyTzNHSXlyRHF6OG5wYi1ZYkY4a0xNTEM1MUZLYmNuWWNKcUhkMzdOb3F1Slh4dGhMUUpwT1JxcTRRbGZQQlE?oc=5,"Wed, 27 May 2026 07:00:00 GMT",2026-10-09T11:07:20+09:00
GoogleNews:物価　家計,物価　家計,身近な家計の悩みも、マクロ経済の動きもこの一冊で。『図解でスッと頭に入る令和の物価高騰』6／12発売 - PR TIMES,https://news.google.com/rss/articles/CBMiakFVX3lxTE9NV01GZzNyWHY1d1NJUTkzWHhlaHprbFR1a19jQnlSWXlCYVo1Z1RJZENaQm9ERUZwZ0hXdTdVbTlScWtKbVlfQmtiWG5VWkI1UDdtc252NmdZZWFFT2lTWHlOODJfb2lLS3c?oc=5,"Thu, 21 May 2026 07:00:00 GMT",2026-10-09T11:07:20+09:00
GoogleNews:物価　家計,物価　家計,韓国銀行シン総裁「物価・住宅価格・家計債務の三重苦…適切な時期に利上げ」 - BigGo ファイナンス,https://news.google.com/rss/articles/CBMidEFVX3lxTFB1YVB0MG1qMlpQUTRPYUQtXzZBZkJjNEppOTVhVkhubjRJRmdiOE1oMEs3S2Vsc01Ydm93c2s0eDd3TWtPdk85ald5ZVlNMk9NRHRHNXFrd3VkWHNOQzZQV1d5WnJTUjNYck9QTTVmdmh1MVNC?oc=5,"Wed, 08 Jul 2026 07:00:00 GMT",2026-10-09T11:07:20+09:00
GoogleNews:物価　家計,物価　家計,"岐阜県美濃加茂市、物価高騰による家計負担軽減を目的に6,000円相当を給付 デジタルギフトサービス「デジコ」を活用 - AMP[アンプ]",https://news.google.com/rss/articles/CBMiW0FVX3lxTFBQSHFxSHpvWDBFV1JEdUZuQlBTUWNaUm9Ob0l6dm5PQl9NbUdwejI5TllJSzVxcnowTHNUS0s4YlhoRmhVQlFROU5tcDc5ZnZVUVh1OEdJM3Nja0k?oc=5,"Fri, 22 May 2026 07:00:00 GMT",2026-10-09T11:07:20+09:00
GoogleNews:物価　家計,物価　家計,「5年後」物価予測は過去最高 家計の景況感、改善続く 日銀調査 - 観光経済新聞,https://news.google.com/rss/articles/CBMiVEFVX3lxTE5UQ0xKN3hLNVRCbk00cGo0UmVjcUlJODVkeUVybENtYzZEcjM1WkxZQTVoYWhXWUN5eGtxRjVIaFJEbnZERHJQTnZ4cks5V1JfeHVneQ?oc=5,"Sun, 03 May 2026 07:00:00 GMT",2026-10-09T11:07:20+09:00
GoogleNews:物価　家計,物価　家計,クレーンゲームに並ぶ卵や野菜 物価高騰で「家計応援」も依存には注意 - 北海道新聞デジタル,https://news.google.com/rss/articles/CBMiWkFVX3lxTFBkSTRqcFpWV2c5SzFaUk5NVk5kVGt5aVFpMEFPVTlzR0dTTmQza3NXQnJYeWhzcWswOG53NGdwV2VZWkN2NHRvZEVnRFlrcXZYUWZaNTlPT2FKdw?oc=5,"Fri, 03 Jul 2026 07:00:00 GMT",2026-10-09T11:07:20+09:00
GoogleNews:物価　家計,物価　家計,一部に無理をした投資も＝物価高騰下でNISA投資家の状況を調査－家計診断・相談サービス「オカネコ」 - 時事フィナンシャルソリューションズ,https://news.google.com/rss/articles/CBMidkFVX3lxTE51NElFaU9Td1lPSHF6N0NSbU9MZ2M0cEV2czdEeWY0TmZZenFndU00X0JhTXBRTEZXRmxucVdpVlg2SjYyaG0wSXdIR2Rta1VtM0lEdktuNnhrVHBMbU91ZlBLMXZCZHBENEV4WFprZ2tSc0psbXc?oc=5,"Thu, 30 Apr 2026 07:00:00 GMT",2026-10-09T11:07:20+09:00
GoogleNews:物価　家計,物価　家計,現金5000円給付 5月末から「宮の家計応援給付金」宇都宮市－NEWS - https://www.tochigi-tv.jp/,https://news.google.com/rss/articles/CBMiX0FVX3lxTFBZaGdaeFJCcHpkRE1ZRFJwMnBKS1F5ZF9CTGhzRFg0cGdpeE51cVFWWFROYksySW52UWlTcmJWNlZLTG5NM2N1a21hb2VJRUZaRFhSc3Q2YjhLNDZiU1lr?oc=5,"Thu, 23 Apr 2026 11:40:50 GMT",2026-10-09T11:07:20+09:00
GoogleNews:物価　家計,物価　家計,商店街プレミアム券 家計を支える追い風 県・市の物価高騰対策始動 | 横須賀・三浦 - タウンニュース,https://news.google.com/rss/articles/CBMiZEFVX3lxTE1KaXpnRjlKYVFIN2VsQzQyc25PaW5EVHl3SEpaWHpnamp1a0VKV1N6ZGlZc1Z3WVNGcGZpaXR0T3NTUU54Y3FtT1ltYVpIQnFlQ2luN3F5bWJraXM3cjFJVjVRa3Q?oc=5,"Fri, 01 May 2026 07:00:00 GMT",2026-10-09T11:07:20+09:00
GoogleNews:物価　家計,物価　家計,宮の家計応援給付金＆家計応援キャンペーン！食料品の物価高騰による家計負担の軽減や地域経済を下支... - 選挙ドットコム,https://news.google.com/rss/articles/CBMiX0FVX3lxTFBFeVFmWUlUdFJndlA1bWJveWVBYXRHY0hzVDVIMXhidGlMclEwMTdQcEgwejRtelZydWFiTHhDUzc4N1NRVUNtVTVEYzJhLUxER3BrclczQ0JWRTZUV01v?oc=5,"Thu, 28 May 2026 07:00:00 GMT",2026-10-09T11:07:20+09:00
GoogleNews:物価　家計,物価　家計,食料品減税は家計を救うのか？ 近年の物価高騰で「便乗値上げ」の抑制困難に… ４～５兆円規模を確保できる財源も見当たらない！【エコノミスト解説】 - 朝日放送,https://news.google.com/rss/articles/CBMiYkFVX3lxTFAyRlU4MDI3am1OZEttYkswMnJJSnZNUXl0c294YUtMZGl3bXBMOWE3N3F1c3dZSFhhc20wQ3lYVThnaVdtX3BkeFJRMm1ybjVqRGNuOE9DclViWC1OTmQtSHp3?oc=5,"Fri, 01 May 2026 07:00:00 GMT",2026-10-09T11:07:20+09:00
GoogleNews:物価　家計,物価　家計,🔷成田市物価高騰対応家計応援全市民対象にスマートフォンなどで利用できるデジタルポイントを給付h... - 選挙ドットコム,https://news.google.com/rss/articles/CBMiX0FVX3lxTE9yUXlHRWg3WjNPdG9zeGhuRTRJNXNlN0RRdlp1QUVHRTBBaTdRSXZrM3JZQU02T08tSm9vQnVIOU9DMVRNRGRfdWZ2MTAxc29VSFNFblZjX3ZPdlRYMVpj?oc=5,"Wed, 06 May 2026 07:00:00 GMT",2026-10-09T11:07:20+09:00
GoogleNews:物価　家計,物価　家計,永濱利廣氏「原油高騰で2027年の家計負担3.6万円増の試算も」 - 日経ビジネス電子版,https://news.google.com/rss/articles/CBMiZ0FVX3lxTE1JRGVjUFJ3ZkJ4bWh4THVfWXRvMHZwbk1JVDN6ZDdQeWZOaV9BLVdlbUNtWW5HUTdES3BCRWxuUFNoUWxZLWtGZzFjUHZURFVIaTVTYUV0U3BuZkVzS3lQdHJPUHowR2M?oc=5,"Thu, 16 Apr 2026 07:00:00 GMT",2026-10-09T11:07:20+09:00
GoogleNews:物価　家計,物価　家計,加古川市の「家計応援ギフト配付事業」に、デジタルギフトサービス「デジコ」が採用 - 神戸新聞,https://news.google.com/rss/articles/CBMicEFVX3lxTFA4eU1ZSnJvMUQ5aGZjQlVYWVBkSnM1Y3FuZ0pnbklFRE5FSE5Nc1BXbU0tRmpURUZPM01iVUdUa0hlYlZINmxCLTBJU3VVMGVZSlN6aGRoVEV1QXBfSUI0ODJwVEFmOE9kUXhobmFVdmc?oc=5,"Thu, 30 Apr 2026 07:00:00 GMT",2026-10-09T11:07:20+09:00
GoogleNews:物価　家計,物価　家計,加古川市の物価高騰対策 家計応援ギフト、4月末から発送 5千円分のデジタルクーポンなど|東播 - 神戸新聞,https://news.google.com/rss/articles/CBMibEFVX3lxTFBWWG5EQzAyd3l4R1ItVzBUSXF6bmEyX0pMc3ZRTktwM1p0VXpnLTJteDZBWUg1SldnaWJWbWNhWFp2WUo0dnM1RlVVSW1ld0lZcS1nVlluZTk0d0pEbWQxd2ZYY1NCM0VSRExuLQ?oc=5,"Sat, 25 Apr 2026 07:00:00 GMT",2026-10-09T11:07:20+09:00
GoogleNews:物価　家計,物価　家計,～25年から4人家族で約8.9万円増加の可能性。物価高対策で同▲2.5万円負担減～ - 第一ライフ資産運用経済研究所,https://news.google.com/rss/articles/CBMiW0FVX3lxTE9aS0NCdGJJRUItZEl5aHB1WmhkTHUwcU5HZkczYk44Tk9QWUY2MFN0aDIwVVBweDlwZnBybi1nbmJDclIwMlhsMFA1cy0tNURYclpOR3l4MHF6YzA?oc=5,"Mon, 05 Jan 2026 08:00:00 GMT",2026-10-09T11:07:20+09:00
GoogleNews:物価　家計,物価　家計,家計は物価上昇にいかに対応しているのか？ - 公益社団法人 日本経済研究センター,https://news.google.com/rss/articles/CBMiaEFVX3lxTE1OcVlIZXJlVm94VlJZNmdBVFZxbjd1azRXMV9pbWNoc1dDbjdVRXBrVC13eUVydXVUZVNYUF9aVDRNeGVUTDdBR3FtUGllYjdyRHVBQnVEeGR0enNwY0dwa2c4cUxwQkxk?oc=5,"Tue, 02 Dec 2025 08:00:00 GMT",2026-10-09T11:07:20+09:00
GoogleNews:物価　家計,物価　家計,金利・物価上昇環境における家計の資産形成の論点 - ニッセイ基礎研究所,https://news.google.com/rss/articles/CBMib0FVX3lxTFBBdVBsZDNCYXRueWdxLURjWWw1MXVHMUZlVEpkOTR2TFAxWVVpT0xnRHhJWWZuSTdRWjVFUmVFM0c2b1RXMkxsTXNyQjl5NDFpbHQ0RU5MZHhvM1FVRW8xNS1vV1cxYlVmbjVadXdTVdIBf0FVX3lxTE1DRlUxNFVkTUVtUVYwM2hmQkRTOWZ4TlBvT0dYZnMxZHVyOTBPYTZOLVFaZC1NVDdmTE55U2hWazVwY2ZfWENONjdlQnBudTBOYmFsM19WY1dkZ0RZNktDV2NyNndhMWoyaWNmTWhHdVl2YV82aDJZcGpNc01xTWM?oc=5,"Fri, 03 Apr 2026 07:00:00 GMT",2026-10-09T11:07:20+09:00
GoogleNews:買い物　調査,買い物　調査,「生活と買い物・消費への意識と行動の変化 2026」を発行 - ニコニコニュース,https://news.google.com/rss/articles/CBMie0FVX3lxTE9oSE5SOVdUSEJxbzNrOUd3emE3aVdXUFRWMTlsRWFHSmxrQXV5dC1Pc3pOc3pDZ0dmSml4dExibElqM3NZZU1QSzNMWG1qTVRxcVY2anVIaTZMbHFsckxEMWV0anhTNi1zWjdzMERld1dtQW44UDVzUW54NA?oc=5,"Wed, 07 Oct 2026 06:30:36 GMT",2026-10-09T11:07:22+09:00
GoogleNews:買い物　調査,買い物　調査,こまたん！お買い物調査 - YouTube,https://news.google.com/rss/articles/CBMiXEFVX3lxTE9rdm9ITmJ2VHFfYktUTFp2RnQxWUxYUDk0U1ROMmxwM0RsaUVFSlRzVmp2UV9TYzZQWWs3TFVtVW13My05UGIycE10b2dqQTRzWmk1VnVDejJzaV9u?oc=5,"Tue, 29 Sep 2026 11:00:29 GMT",2026-10-09T11:07:22+09:00
GoogleNews:買い物　調査,買い物　調査,買い物・ショッピングに関する実態・意識調査（2026年7月定点ココロスタイルリサーチ） - クロス・マーケティング,https://news.google.com/rss/articles/CBMiW0FVX3lxTE1EV09vR1RhV1BlcEg3cVFaaDRtVUN4S3BGWTBnMFNNZHQzYXQwUXNldnZKbHVzYl9SYXZsRUtJdlRqcnpYd0JLYUNRTHhELWVuVDdRMjBIeFRaUWs?oc=5,"Thu, 30 Jul 2026 07:00:00 GMT",2026-10-09T11:07:22+09:00
GoogleNews:買い物　調査,買い物　調査,買物の決め手は“レビュー”から“生成AI”へ 生成AIの信頼度はユーザーレビューを超え、約6割が最終判断も委ねたいと回答―博報堂買物研究所「AIショッパー調査」―｜ニュースリリース｜博報堂 Hakuhodo Inc. - 博報堂,https://news.google.com/rss/articles/CBMiYEFVX3lxTE4teENtNUh5b0w0TXlPS2xyYmFZeXhyTjFmc24tcldLeU9keWxEN2NOZnp5d2dTZUdRMEFCcHVhTW9Td0RzNFpFNURkQnhmOG5qaTlURjF2Vk1XTzRtUEJHcQ?oc=5,"Mon, 01 Jun 2026 07:00:00 GMT",2026-10-09T11:07:22+09:00
GoogleNews:買い物　調査,買い物　調査,Visa調査： AIエージェントによる購買の普及に必要なものとは 消費者が求めるのは“信頼できて、自分で選べる”仕組み - www.visa.co.jp,https://news.google.com/rss/articles/CBMigAFBVV95cUxNNWo4aE55RUhjeGVnZmVST3VlYU1qWnM5NlY2MnBxSmVQUmQ0VUJISTEwSC1TSXdMMnJCNHQ2OEFjYWdwQ09rZi0wY1pjSjl3dEhLYTllRS1NVHZ5QTA1SFRRelVNOWR6VlljTHUybDVuV1g3Sy1CLUFhdk5JS3czRQ?oc=5,"Mon, 17 Aug 2026 07:00:00 GMT",2026-10-09T11:07:22+09:00
GoogleNews:買い物　調査,買い物　調査,米議員、買い物支援ＡＩ巡りアマゾン・ウォルマートの調査要請 - ｄメニューニュース,https://news.google.com/rss/articles/CBMiggFBVV95cUxPOW1jNUloMnROQXVkNkVuQjJCbUlFRHZERE0ySmNXbFNWMTBmMzBLbU9CVUc0MUhCelVSZzVLa0o5dWtGbkhFZHIxWE5UejJVU1M0djB1b1V0OXJMblJvRzdiWXE0WEduRkoyY1B3NVhsZlNuaU1Yb3BEWHZ1NEJuTGV30gGHAUFVX3lxTE9sLUpwNkVJRlF3SS1SLXIwNkQwLXNIdU0wQ1pWQVdLb09CNC1KdlhYVnl3NDVScUZlMmNfOEtlcElkVVZmdGZBN240dlRoMUw1WjVlcXppb1gtZEZ0emt3cEJxU3VkMFdTUTVmQkpjTi1HdzNEZVppSjFDMjZ1ajN5RzlDM090NA?oc=5,"Fri, 18 Sep 2026 07:00:00 GMT",2026-10-09T11:07:22+09:00
GoogleNews:買い物　調査,買い物　調査,【未就学児家庭の献立・買い物実態調査】保護者の86.2%が「給食と食材やメニューが重ならないようにしたい」と回答 毎日献立表を確認できている保護者は17.4%、重複はどう避けるのか - Infoseek,https://news.google.com/rss/articles/CBMickFVX3lxTE9EUEg4Q2hKbTRab2QtWEN3SHlRUXJyeFNfbDJNXzdoSlQwMVB4bkt6VnRhdkxwUE5BOGRxWmNEX25OWnRtcWhaN0hmRGNQT0llZUpuVW96ZGRXWXRNeThtdGhIUFlVOGRSMUY4bXh2bk9Tdw?oc=5,"Tue, 29 Sep 2026 02:00:00 GMT",2026-10-09T11:07:22+09:00
GoogleNews:買い物　調査,買い物　調査,310万人のレシートデータから見る「買い物動向」調査 7月、全国・地方別のカップ麵売れ筋ランキング - 東芝,https://news.google.com/rss/articles/CBMipwFBVV95cUxPUlNVOWZza0VtNHBzTktvdDBLZm9FbVg4SWlZTEV0eW44VXBxOWNrcjVYVWpZdEtPNGF0LWktWUpRUjF6Tl93UklIcmVhaEVyREtoLTdHT1ZrNVQ1a3A3bmNmRVA2ODI3THRYMFQ3X0s4TWpuZ2JzeUg3WWUzMGlSQ3hTRTZkZzdwU1pFamRhNzZmSTdfbGZONEsxQWJOLW9xUG44SmxjTQ?oc=5,"Mon, 24 Aug 2026 07:00:00 GMT",2026-10-09T11:07:22+09:00
GoogleNews:買い物　調査,買い物　調査,【買い物のタイパ調査】「遠い」けど「安い」スーパー、足を運ぶ人が7割から4割に減る境界線とは？ - 共同通信PRワイヤー,https://news.google.com/rss/articles/CBMiW0FVX3lxTE1BWGlROXRXY01BbEc1RExoUWc2V05EV3NlaTd3aFluSmlNVEVDOUdZV2RlLUdQOHdJRDZhSmhrNGFTRVV2NFZUTlpER2pRai1CSHFXWWl5WnFFTTg?oc=5,"Wed, 02 Sep 2026 07:00:00 GMT",2026-10-09T11:07:22+09:00
GoogleNews:買い物　調査,買い物　調査,雨の日でも82.9%がデリバリーより自分で買い物派！値上げ時代一人暮らしの削る出費削らない出費を調査 - PR TIMES,https://news.google.com/rss/articles/CBMiakFVX3lxTE5wSk1ZRE5xUDk0b0ZvMFEyZGFxRk5nUERXbkZ5b3RLbVo0ZFI1d3RxclE0YjZYenhqNTlheFl3alRWQVNWN25SQS04ampnblJ6Qm9JUDdWNVlTNXBwcW10N3lIUDlGdXJpanc?oc=5,"Thu, 17 Sep 2026 07:00:00 GMT",2026-10-09T11:07:22+09:00
GoogleNews:買い物　調査,買い物　調査,博報堂生活総合研究所 写真調査サイト『生活図鑑』 第七弾となる｢買い物｣カテゴリーを公開 - hakuhodo.co.jp,https://news.google.com/rss/articles/CBMiV0FVX3lxTFBhVEV4ZUNFUFZGVHlmWXJsQlFqR3F4NnlOMlhMUm1QcnB6VklZb3JmemVRYk5hR1UydTY4VWdQSGVpdHdWRS14ZTcwa3d5VElQX3ozdU9hNA?oc=5,"Wed, 01 Jul 2026 07:00:00 GMT",2026-10-09T11:07:22+09:00
GoogleNews:買い物　調査,買い物　調査,310万人のレシートデータから見る「買い物動向」調査 2026年5月の買い物市場を読み解く - 東芝,https://news.google.com/rss/articles/CBMipwFBVV95cUxOZmtUaU96cGg3dEt0OTFVLWh0b0drazFLX2wyVlVhSXNKWmR1T0dLYmVtR2F0ZlhXc3Z5RnA5aTdxMXlhc3hFNk52emZ0d1NJMVB0b1ZCeHNxdEktMG4ydlFyREJ0eGdFVDM0RWY2aUdFLUJMWFJsbm0yeFA4WGd0MC1Dc2FIalg0ZTUxMXliY3hwcDhlbDNoQzNxSWZncm8tRGNoeUkwdw?oc=5,"Fri, 10 Jul 2026 07:00:00 GMT",2026-10-09T11:07:22+09:00
GoogleNews:買い物　調査,買い物　調査,「調べもの」はAIに任せても、「大きな買い物・お金の使い道」は自分で決めたい。40代女性300人に聞く生成AIとの付き合い方【GLAM調査】 - PR TIMES,https://news.google.com/rss/articles/CBMiakFVX3lxTE16bmF1MG9RU3J2Y1pXUFJoUUFyWVZ3bE5pekZzMldJS002bWhMTm9yQVFWZ2Zma0FpRnNqUTJMWXVLWUw5UC1LUklKSDRPZGlkSkt5aUhIVHJzQjRkWnJvc3VlT2J3TWtIWnc?oc=5,"Fri, 11 Sep 2026 07:00:00 GMT",2026-10-09T11:07:22+09:00
GoogleNews:買い物　調査,買い物　調査,物価高の中、生活者は何にお金をかけるのか？「生活者動向調査」で消費実態と買い物行動の変化を公開 - PR TIMES,https://news.google.com/rss/articles/CBMiakFVX3lxTE9pczktTnhVOGdMc2VYVWwxa3ljWTJ2cGIxQWdycnhUREJhSXEwTnMyZV9hS3dDd183OGlDNXdfZW93NEQyaXBiUkxjT29GNDFiQ0o3eF95OV9oOGZtdDJPTE1wUDUxNHlHWnc?oc=5,"Tue, 04 Aug 2026 07:00:00 GMT",2026-10-09T11:07:22+09:00
GoogleNews:買い物　調査,買い物　調査,「あなたはAIエージェントに買い物を任せたいですか」 Visaが調査--消費者の回答は - CNET Japan,https://news.google.com/rss/articles/CBMiUkFVX3lxTFB2OGxrNnZiSGZqWXhXQUdMOWd6TFhqUjFVRXN1ZW8zekJWc2tNYkhJcHlFR3pLSUV4a0pHUnhUM05fOE5QMWNGampaSHY4QXIyV1E?oc=5,"Mon, 17 Aug 2026 07:00:00 GMT",2026-10-09T11:07:22+09:00
GoogleNews:買い物　調査,買い物　調査,米議員、買い物支援ＡＩ巡りアマゾン・ウォルマートの調査要請 - Infoseek,https://news.google.com/rss/articles/CBMibkFVX3lxTE9IRWd3UkdpR19UdnFSZVU0VHFZVE5IMjg2Vi1aTkxjV01xNTN4R2JkX1Q3NUtjcmxMXzBCV2d2Y1VadHR6a0NUaUJFaEhYR2hSMGxhWGZfVHZiRGJHN3NDZzlIT2J0LUFLbHJkY2tR?oc=5,"Fri, 18 Sep 2026 07:00:00 GMT",2026-10-09T11:07:22+09:00
GoogleNews:買い物　調査,買い物　調査,310万人のレシートデータから見る「買い物動向」調査 6月、全国・地方別のビール・発泡酒売れ筋ランキング - 東芝,https://news.google.com/rss/articles/CBMipwFBVV95cUxNazJBMUx2c1lnZ3U1bG9CdVVoQVUxSVNBNEhxNjk2Q3FMUFNXUkFmZDItR2Zuc05yUm5jT1hWZ3BqU1FFUU9NNElSOFFJM2plVjFpQ04xbTZBYVhSUGxORXBkSkRlSklJaDlCMm11OTAzdGhybVVhaHZuR3F2ZFYzOEhLOGFxNndhYWdxZXNBWG1rbmhSbDZtZmtFVE5NN1h3aXUxMEtrZw?oc=5,"Fri, 31 Jul 2026 07:00:00 GMT",2026-10-09T11:07:22+09:00
GoogleNews:買い物　調査,買い物　調査,Amazon、「プライムデー」の開催に向けた「今夏のお買い物に関する意識・実態調査」を実施。「ストック」「クオリティ」「リフレッシュ」がこの夏の消費の3大ポイント | アマゾンジャパン合同会社のプレスリリース - PR TIMES,https://news.google.com/rss/articles/CBMiakFVX3lxTE8yb2lTNjdJUFV1bXg2WDliZ0ZncUJkZWFFYXBQOWhMWlFxazlyenk2dE9MMFhGcW41dHZHR0liY3pyQjJCZUoyOUhHcDM2eGFTZjNBZkVZWU9RSy1ER05TV2VZbEozV0xGVkE?oc=5,"Tue, 16 Jun 2026 07:00:00 GMT",2026-10-09T11:07:22+09:00
GoogleNews:買い物　調査,買い物　調査,Z世代の買い物は「欲しい」から始まらない？ 15カテゴリ・30ブランド調査で見えた「偶発購買」の現在地 - AdverTimes.（アドタイ） by 宣伝会議,https://news.google.com/rss/articles/CBMiX0FVX3lxTE9HdGp5d3BhelA0YW1BcWJudXpJU29FSXZsc0syZmZnOWd0Uk1mSnUyM0xUX05yNEdlNXA2SXZJNWRCY3VHZlVZdjdSN0MyMk15OXIzNGVSdllpVlM3alVZ?oc=5,"Thu, 20 Aug 2026 07:00:00 GMT",2026-10-09T11:07:22+09:00
GoogleNews:買い物　調査,買い物　調査,年末年始の買い物情報は「店頭POP・店内表示」が最多、全世代で上位に―アルファ調査 - コマースピック,https://news.google.com/rss/articles/CBMiV0FVX3lxTE02MFplR2NUUjFjdkw2dmdXVy1rNzBfS3ZyNWo2UWxiOEc5eUItcUxSVnE3dUhEX2dMSkF5VWVkWXlrd21xWC1udmxvRUFkT1g4cFVGTEhFRQ?oc=5,"Fri, 21 Aug 2026 07:00:00 GMT",2026-10-09T11:07:22+09:00
GoogleNews:買い物　調査,買い物　調査,「買い物でAI利用」25% 時短や納得感向上 民間調査 - 日本経済新聞,https://news.google.com/rss/articles/CBMibEFVX3lxTE9TZzlxZEMtaENaUEh5WjY5ejJ0a0h3Ql81UGVmZ0VuTXctLUF5cjdtTDdjRDJEbkQ4blVyUFhBUlZZV1U3OE1VMzhfODh3dm5WVENCOXI2QlFuUWNxTjJlMXY4dzgtMFNzREhfdg?oc=5,"Thu, 11 Jun 2026 07:00:00 GMT",2026-10-09T11:07:22+09:00
GoogleNews:買い物　調査,買い物　調査,共働き夫婦の4割に秘密の買い物経験あり。金額が高いほど、喧嘩も多いと判明。パートナーとお金に関する話ができている夫婦は、関係満足度92%に【500名調査】 | 株式会社Hajimariのプレスリリース - PR TIMES,https://news.google.com/rss/articles/CBMiakFVX3lxTE9Cd295R1RMU0duNXZSMEZZcnA0RFEyTGFwQ0F4U0lqc05rV0YtTW1DY213YlJveTFiX1cxdVhfTjhrTUJKQnJXWW9mWVdCdmJWVlh0VHBDQzJZbEpDbHJKT3FlSXdRUE1fU2c?oc=5,"Mon, 11 May 2026 07:00:00 GMT",2026-10-09T11:07:22+09:00
GoogleNews:買い物　調査,買い物　調査,「生成AIの回答、口コミより信頼できる」 買い物の情報源として……博報堂調査 - ITmedia,https://news.google.com/rss/articles/CBMibEFVX3lxTE1jeGVlV3FUZmlkakhkVlowTUIzckFSTjdPTmJCNTd3c09CemsteHFGMERsREJUNDc3S1Nvc2dORVlvVU5sMjNmNzE0SjlGa1hhdi1DamtvNUZlZjBhWktGX2RtRFk0ZkFwSkU4Sg?oc=5,"Tue, 02 Jun 2026 07:00:00 GMT",2026-10-09T11:07:22+09:00
GoogleNews:買い物　調査,買い物　調査,ボーナス時の買い物に関する意識調査、4人に1人が貯金割合を増やす傾向に―創作品モールあるる調べ - コマースピック,https://news.google.com/rss/articles/CBMiVkFVX3lxTFBweGFmTzlpSnJxZkY3SVZDRDd3VjhkYXNlM043RF9wemdNMmE2bV9aSUNjOGQ5S3p0b1R2ekJyYXV4bWw4X0hqRi1vdGxKZ09fak5PSXFn?oc=5,"Fri, 26 Jun 2026 07:00:00 GMT",2026-10-09T11:07:22+09:00
GoogleNews:買い物　調査,買い物　調査,IBM–NRF調査：AIが買い物の前段階で消費者の意思決定に影響を与える中、ブランドと小売業者は新たな現実への対応を迫られている - IBM Japan Newsroom,https://news.google.com/rss/articles/CBMi5gFBVV95cUxNai02UzZoRWFvWDRVRS03bURnRjlsX2s4Q21jRTdYYkR4eWE2RWl4NzR2VXVDekFGeVNOdjE2dnVpallDSEx2ZHpBRmhLdWdRSTRIWkdQb0xvNmNGYXdYM1Z0SkpteTRpeFhmNkR5blJrM3RQdWxjeXQyQjRHUDdzRmRLMVdCZmluUmRxV01BTXcxVkExRVUyWlZWX1ZlUV9oS0xCX0RBNjIwbEZYbFJ6MXotQjd2cFliY056WTJPT3ZVVmlSaDl3S0V2cXpDdE8wemJORjFMQ2hXQ0tMdnJla0Q2TnE0QQ?oc=5,"Mon, 25 May 2026 07:00:00 GMT",2026-10-09T11:07:22+09:00
GoogleNews:買い物　調査,買い物　調査,Vポイントマーケティング、お盆・夏休みの消費行動調査を実施 自宅派が主流で賢い買い物・節約志向が顕著に - コマースピック,https://news.google.com/rss/articles/CBMiVkFVX3lxTE1BR2pRb0RGc2tVUmRTNnN1eTcyaG5BWjFUZkNleGRPNmt2OV9VMjNqOFkxSWNwTldFdWhCRzlNeGpESFdRcDg1WVluLVlRX1pKc080c1RB?oc=5,"Thu, 06 Aug 2026 07:00:00 GMT",2026-10-09T11:07:22+09:00
GoogleNews:買い物　調査,買い物　調査,PRESS | CLASSY.[クラッシィ] - CLASSY.[クラッシィ],https://news.google.com/rss/articles/CBMiV0FVX3lxTE83SGh1MkU1NWN4VHJVWThUYWw2aElwVlR1a05BUGpGSlE1OVZaS1M4UThSOHkta0NpdVE0UEFTQXR2NjZhdExMbzB1Y1JQZ3FINGZITFJXNA?oc=5,"Mon, 07 Sep 2026 19:59:14 GMT",2026-10-09T11:07:22+09:00
GoogleNews:買い物　調査,買い物　調査,年末セール買い物予定者は34.9%、まとめ買い意向は50.7%に チャネルトークがECサイト問い合わせ意識調査を実施 - コマースピック,https://news.google.com/rss/articles/CBMiV0FVX3lxTE9tN2lUMms3TjlnQ3k2ZXNURFVtN2xyRmRPU09EbURWdWUwYmZYRENUUWlyY2NfZE9WYm5FMy1kQWdkdlhzQm5GdDBOSGQydkNuMzVVMG9hYw?oc=5,"Thu, 27 Aug 2026 07:00:00 GMT",2026-10-09T11:07:22+09:00
GoogleNews:買い物　調査,買い物　調査,生成AI利用者の約7割が買い物で活用、生成AIで調べた・おすすめされた商品やサービスを実際に購買した経験があるのは、うち約6割（エクスクリエ調べ） | 株式会社クロス・マーケティンググループのプレスリリース - PR TIMES,https://news.google.com/rss/articles/CBMiakFVX3lxTE1FWUJiXzBKV1RGLVQ2eDBwXzc2cUhaajB3SHRfeUIwY0l5OVZGU1IyV2FIcWxFQmNnNy1qTXh5YzdxNUppZVFZTlNlTGFLWUpNUmNLZFlUU3U3TU1XXzRrb2QxRVZhSFRTUkE?oc=5,"Fri, 15 May 2026 07:00:00 GMT",2026-10-09T11:07:22+09:00
GoogleNews:買い物　調査,買い物　調査,博報堂生活総合研究所 写真調査サイト『生活図鑑』第七弾となる「買い物」カテゴリーを公開 - PR TIMES,https://news.google.com/rss/articles/CBMiakFVX3lxTE5EeC1GV1p6QUlrdmk4VkF4NlBBQkMwZlV2QVBNYzVDWXByNms1TEZjb044U0tLUFhrWHN6UDQ1SkIwLUg2S1g4c0F6U2FtUG1Ic0ZDY2lVbW9RdWQtWmx3SVZmdUVIOUJwcGc?oc=5,"Thu, 02 Jul 2026 07:00:00 GMT",2026-10-09T11:07:22+09:00
GoogleNews:買い物　調査,買い物　調査,Amazon、今夏のお買い物に関する調査を実施「節約意識高まる中、7割がワクワクする」プライムデー開催に向けた消費者動向を発表 - コマースピック,https://news.google.com/rss/articles/CBMiVkFVX3lxTE9KWWdHa2VIR0dHRU9nWWNQMmd2c3JWNG1hWnhJeklKcy1yQlEzSVUwVGlLa2ExQ0JUMXRoUFN5SXF2NmE2UXJPT04zYmlvZC0yeE5QRXpR?oc=5,"Tue, 16 Jun 2026 07:00:00 GMT",2026-10-09T11:07:22+09:00
GoogleNews:買い物　調査,買い物　調査,「節約しながらもワクワクしたい」 2026年夏、消費者のお買い物意識をアマゾンジャパンが調査：commercezine - MarkeZine（マーケジン）,https://news.google.com/rss/articles/CBMiT0FVX3lxTE5NU1NKc1M3Uy01NENwRUt3U1p2UUJxVEtrbVhQODY3aGJTaGV4WTRzeWdULXVuNUtvMGF2ODRseC1SdGJfbWE0eUpYbDBzMm8?oc=5,"Wed, 17 Jun 2026 07:00:00 GMT",2026-10-09T11:07:22+09:00
GoogleNews:買い物　調査,買い物　調査,買い物の主役「人」から「AIエージェントとの協働」へ マッキンゼー調査 - ECのミカタ,https://news.google.com/rss/articles/CBMiWkFVX3lxTE9jMTBnWVI1MW5FTE1ZWEFFcXR6QmJ4Wl9LQW1yRTBfYUpJMTIyQ3h2cHFjMWN5bmRfU1ZiOFZKSlN0RkU4T0NyU2tta0N6N0VBYWlhVzJTdzIzQQ?oc=5,"Wed, 15 Jul 2026 07:00:00 GMT",2026-10-09T11:07:22+09:00
GoogleNews:買い物　調査,買い物　調査,300万人のレシートデータから見る「買い物動向」調査 4月、全国・地方別のアイス売れ筋ランキング - 東芝,https://news.google.com/rss/articles/CBMipwFBVV95cUxPb1hFU3d0TVdOOVlKdFVFRGVpNFp4N0tPQjNFT2lVMzE2ZlBKb19rOF9fSUtHV0NDLWtTMUJMNUZ5aGRyYWRzUHBQM0o1dWxvRkdUWEtXU3ktbFBFNDdWTnU2ajd0RnBPaGlicU1icWNLTVJnZ0F3M002dVh2Um5Qdk90OXVGRDdTUWdvMVZ0UjdPODRpUTZLS1dHZXBfXzVqOFFOQVV5Zw?oc=5,"Fri, 22 May 2026 07:00:00 GMT",2026-10-09T11:07:22+09:00
GoogleNews:買い物　調査,買い物　調査,【エージェンティック・コマース】オンラインの買い物、AIにどこまで委ねる? 購入判断から決済まで完全に任せられると回答した人の割合は - Visa調査 - マイナビニュース,https://news.google.com/rss/articles/CBMiXEFVX3lxTE9KSkJINWJQTlduZUR4Q0Jtemc4WVZkT0hoX1pYQzEwTVhZdHRaLTNMaUdOdXBHb3QyZWxOV0FBYlFfclBkREYxZ1NlR1FxS0YzQlZlT0tBcjRoY1RT?oc=5,"Mon, 17 Aug 2026 07:00:00 GMT",2026-10-09T11:07:22+09:00
GoogleNews:買い物　調査,買い物　調査,Visaの最新調査で発覚！買い物AIで「全自動購入まで任せる」人はたった1%！最後のポチりは自分で - DXマガジン,https://news.google.com/rss/articles/CBMiTEFVX3lxTE5DUThla3NjVkhfeko5VWtWb0stZUJHOUZQOFZMS2xPT3hsZ2R0c0cyeXRNdzcxQ0VLbUoyMnhrSjhyZjBiWnRnc0QxbWo?oc=5,"Fri, 21 Aug 2026 07:00:00 GMT",2026-10-09T11:07:22+09:00
GoogleNews:買い物　調査,買い物　調査,「生成AI利用者」約7割が買い物で活用、うち約6割が購入 エクスクリエ調査 - ECのミカタ,https://news.google.com/rss/articles/CBMiWkFVX3lxTE9nVG13UnVqS2dtZ3Z5MjliYVQtb1ozZEU0NERzcWVSUlpmTTc2V2pzcUJEU0tyRGZUSVl3R0xCeS1BNXhET3plYzBBM1RBeTRzRW1QMlZ3X1ZQQQ?oc=5,"Thu, 21 May 2026 07:00:00 GMT",2026-10-09T11:07:22+09:00
GoogleNews:買い物　調査,買い物　調査,AIで買い物する人の68%が抱える不安。「信頼税」がブランドを蝕みはじめた - TABI LABO,https://news.google.com/rss/articles/CBMiX0FVX3lxTE8yN1BEdGtzZlpkOWw4REotZVZiRTdZSUktZHI3cmN5emxrbGhWNFJ3SnRIanM1alpCZGNFQXlfTmItUi1SM25YbERvNW5EWnAzd2FtUjUwUGFLRU9xRWdN?oc=5,"Tue, 21 Jul 2026 07:00:00 GMT",2026-10-09T11:07:22+09:00
GoogleNews:買い物　調査,買い物　調査,生成AI別の買い物相談回答を比較調査、ラクサス・テクノロジーズがブランドバッグに関する提案傾向を分析 - コマースピック,https://news.google.com/rss/articles/CBMiVkFVX3lxTFB6U1g0TFNOX2MtYV9LS0ZCb3BVN1hGRTF0QVBoeHpkWkhSOWRBeURQbmNPdTRiamd6ZUhYVmdUZlZSM20tdlNNSXMtWnhvTzY1RFpJSEl3?oc=5,"Tue, 14 Jul 2026 07:00:00 GMT",2026-10-09T11:07:22+09:00
GoogleNews:買い物　調査,買い物　調査,【2026年 買い物に関する実態調査】 店舗選びの新常識。「安さ・近さ」から「タイパ・体験」の時代へ - PR TIMES,https://news.google.com/rss/articles/CBMiakFVX3lxTFAzVFZFWGpmdGE0Q1dYUWNtSC1LbG5HZDVyRjFCTlhsbTUtYlZhelBVVXMxRll3c3ZVQWw3VnFnZl9rVmh4M2szVG9VWjg4UEpGelZkbUNkeXh0aUxaTlZscFd0TWRnWG5Qc2c?oc=5,"Fri, 24 Apr 2026 07:00:00 GMT",2026-10-09T11:07:22+09:00
GoogleNews:買い物　調査,買い物　調査,大人気「ハンズマン」関西人は何を買う？商品数は28万超！驚異の品揃え 年間売り上げ“約348億円”のホームセンターで買い物調査 - TVer,https://news.google.com/rss/articles/CBMiS0FVX3lxTE1PeGlza1VhTEhtM3lMQTBqS2hKNlQwV293a1Vfc3BmTXp0b1VaQXBDSDNLZXUxalRNLXpDemxYeTRYWktwY21JM080aw?oc=5,"Wed, 15 Jul 2026 03:36:05 GMT",2026-10-09T11:07:22+09:00
GoogleNews:買い物　調査,買い物　調査,「自分へのご褒美」5割超がECで買い物 1位はスイーツ・グルメ スポルアップ調査 - ECのミカタ,https://news.google.com/rss/articles/CBMiWkFVX3lxTE1oNGkzYUZxamdrUl9KMWljY3piQlVVdmktQjF3NTBObFlocHNrQTFlOE92ZzdhS2N6aFc3aFR3MFB6cTdMTmVwVExOcEo1a0VHakRqdjlPQmxWdw?oc=5,"Wed, 24 Jun 2026 07:00:00 GMT",2026-10-09T11:07:22+09:00
GoogleNews:買い物　調査,買い物　調査,300万人のレシートデータから見る「買い物動向」調査 2025年度売れ筋ランキング - 東芝,https://news.google.com/rss/articles/CBMipwFBVV95cUxNUzFaYnBKNjBQcWYyUlljRzc3U1NhNi1DcTdEZVZidS1iSVRUOC0xbzlsSExWZzBKSmt4azJfbFNzWmp0OW90a1k3V3RZYVFncUJzZkFDbDBoNGtZdHRRdUJVV193ejg5MDJ1Uy1IRmpvVEFxNUZzV0pRY2VYd1loOTc5TjF5bHlKTnFVM2dJbDF6SjFpUDBqRlQxSlpURklEbWJZYV9GMA?oc=5,"Tue, 28 Apr 2026 07:00:00 GMT",2026-10-09T11:07:22+09:00
GoogleNews:買い物　調査,買い物　調査,【買い物のタイパ調査】「遠い」けど「安い」スーパー、足を運ぶ人が7割から4割に減る境界線とは？ - 千葉テレビ放送株式会社,https://news.google.com/rss/articles/CBMiX0FVX3lxTE5tbGJNbl9TTU5XVy05Y2dneUxnSU5EVmxwY3d4VGxYV1BpRWx5eGNqRTJRQmg1TDBFUTNZVkxJMGwxeE5Ma0hGVFlfZ2stMEd6QWhlSGJkWmY4LTJ2aDhN?oc=5,"Wed, 02 Sep 2026 07:00:00 GMT",2026-10-09T11:07:22+09:00
GoogleNews:買い物　調査,買い物　調査,【マイベスト｜AI時代の買い物に関する調査】約5割がAIで選んで「後悔・失敗したことがある」と回答。後悔理由1位は「AIの情報誤り」～9割がAI後にさらに情報収集。5割が本当に自分に合うか確かめたかったと回答～ - マイベスト,https://news.google.com/rss/articles/CBMiU0FVX3lxTE9wNmNCY1hCUklfWW54SkhwYUhuWVFTdjdQMnIzRWRBWUQwSE5rLU5xZWdGOWlPVlV0Qi0ycUNNbDBOWEpuQmxiUFJQaGxlZXVBamtJ?oc=5,"Sun, 26 Apr 2026 07:00:00 GMT",2026-10-09T11:07:22+09:00
GoogleNews:買い物　調査,買い物　調査,インパクトフィールド、2026年買い物実態調査を実施「タイパ」と「感情価値」重視にシフト - コマースピック,https://news.google.com/rss/articles/CBMiVkFVX3lxTE1WdzN4LVE4ZDZnZnlkeWstS2w2MDZsMFNJT0RfdUVCOFlzTTRMOFBKNm9fTFFSd1J6a2dYa1BZYTlmWjN4Z3RsSlU1LS1ZVklDNko3UXpn?oc=5,"Fri, 24 Apr 2026 07:00:00 GMT",2026-10-09T11:07:22+09:00
GoogleNews:買い物　調査,買い物　調査,AI が“買い物”を代行する時代へ Stripe、エージェンティック コマースへの対応準備に関する調査を実施 - PR TIMES,https://news.google.com/rss/articles/CBMiakFVX3lxTE0zMEF1SXIyUGpudlN5a1ZiSGxBRnJYeWhQVTR1eWJIR0lkc3hzcXl6SV9NUHBHdVV0ZUtMcENnVXRJYXhucjl5OUxBZG5fWmNYSkp4LUw1aGRLTkI4a3hJemw4aUF3bDFCYWc?oc=5,"Wed, 15 Apr 2026 07:00:00 GMT",2026-10-09T11:07:22+09:00
GoogleNews:買い物　調査,買い物　調査,地球に優しい買い物って？ 金沢市と金大生連携 SDGs催し フォーラス きょうまで意識調査やPR活動 - 中日新聞Web,https://news.google.com/rss/articles/CBMiVEFVX3lxTFBudU9QYWdUdmRReWVHOFRFVS1sbGNjTjBkYjZYeEpNSTdSSENsc296a2VFb0Y1Uk8yRGl6VmNFQ2JRTjNpYUlocGRRX1VtNHRDQ1ZmSQ?oc=5,"Sun, 26 Apr 2026 07:00:00 GMT",2026-10-09T11:07:22+09:00
GoogleNews:買い物　調査,買い物　調査,290万人のレシートデータから見る「買い物動向」調査 2024年～2025年の買い物市場を読み解く - 東芝,https://news.google.com/rss/articles/CBMipwFBVV95cUxOX194WHRoelBFNGZraHdQTlhTTTBJRk5EWGFxdDdKNXNZSEYtMVpCYVJjakdwdi1BLWNLLTFsdUVTdE9CV21OLWIyT2xVSmlmNGdOWVkyTVdSQmZmV05pQkpSOEs3YXE1a0kwYTlZcU84RlgzVkxzd2xUakZtWE9wXzhyUGxOWG1QZFFsYkdCSFNFT3c5S21EWTBXVTZWenZjOEdUMEViOA?oc=5,"Mon, 23 Mar 2026 07:00:00 GMT",2026-10-09T11:07:22+09:00
GoogleNews:買い物　調査,買い物　調査,買い物・ショッピングに関する実態・意識調査（2025年7月定点ココロスタイルリサーチ） - クロス・マーケティング,https://news.google.com/rss/articles/CBMiW0FVX3lxTE1PTlFvUTd0Z242UG5nQkFxQVdpR3dTLUxQMUNZOURPaTZkUmd6R2RKckJSX3BBR3ZlQ1VTYm1zby1JZVpvbEJkaXZvUWJ1bHY5TkZxbWp2SHFEQU0?oc=5,"Wed, 23 Jul 2025 07:00:00 GMT",2026-10-09T11:07:22+09:00
GoogleNews:買い物　調査,買い物　調査,【深夜の買い物に関する実態調査】深夜1時は「理性がログアウト」する魔の時間帯。24kgの漂白剤、3kgの牡蠣…「スケール感の麻痺」が招く悲劇とは？ | 株式会社HADOのプレスリリース - PR TIMES,https://news.google.com/rss/articles/CBMiakFVX3lxTFBkUmhCblV0anQtay1GLUJSY19hUXFKcVJ1bWRfMm1YMUNBTzgxcG9vOFJaOGxoa1VBeUtCSFJnc2IycjBJc1Eza2JiNzhSMEpBdzU4WkFUclFDTDdZNDk4VnRVYjh6OFFEVEE?oc=5,"Tue, 07 Apr 2026 07:00:00 GMT",2026-10-09T11:07:22+09:00
GoogleNews:買い物　調査,買い物　調査,Z世代の2025年買い物調査、「ファッション」「推し活・エンタメ」が上位に - PR TIMES,https://news.google.com/rss/articles/CBMiakFVX3lxTE5qQXloMEhYMzdsZC1hQUt4Ymc3OENQUlBja1lIelJEUkJJXzVxSV9DTi1MZlJROFk3VTBoRUdlTFBocHFHOTdTNVZOQXFIcEdta2p4T2htYm9HcGNCQ0trWFJueUJYeEkyZmc?oc=5,"Tue, 23 Dec 2025 08:00:00 GMT",2026-10-09T11:07:22+09:00
GoogleNews:買い物　調査,買い物　調査,【AI消費トレンド2026】買い物相談が前年比6.4倍 - アライドアーキテクツ株式会社,https://news.google.com/rss/articles/CBMiXEFVX3lxTE5LaHJRQ2c4ZjV5b1NGUXB2enBoNWM0T3Q1RDJpclZBZEhmSldUNlhlcmxaQkZyMk9TUV9GV2Z1M3Z5a1RNRm1Pdk9hZVEteG9oV2QxOHlhQmpiZnpl?oc=5,"Thu, 02 Apr 2026 07:00:00 GMT",2026-10-09T11:07:22+09:00
GoogleNews:買い物　調査,買い物　調査,日本の購買行動調査―購買行動から読み解く生活者の類型 - PwC,https://news.google.com/rss/articles/CBMikAFBVV95cUxNUk1IUFVhWk5FdENMM04yYzJ3N0FzaVdhX1VPUVpOVzcyUXhpTXdBNmhTeGZDcFplOFd0TURiODVuU2cxb1pmaVQ3WXB3YVFYWkFYRW1kNVVMa1hXd3pydDYxOWRPUjRBYzQ5OXAyaTZRQ0VPVjJPLXpGajl1RTJOejU5UFdScEZOY0ZiWldzcHg?oc=5,"Tue, 26 Aug 2025 07:00:00 GMT",2026-10-09T11:07:22+09:00
GoogleNews:買い物　調査,買い物　調査,【マイベスト｜買い物のストレス・選択疲れに関する調査】61.3%が買い物で迷い・不安を実感。情報過多による“選択疲れ”がメンタルに影響。新価値観「メンパ」を意識した買い物が重要。 - PR TIMES,https://news.google.com/rss/articles/CBMiakFVX3lxTE1mcTVmOW5RRExmcHlvaVJYNS1GYnhWckVXaklWcTRLNEU5Q3drMEl6MF9ud3ZiLW5FVGtvaFk5TEx1T2VWX1FGTHY5RnZWRGZ4azN2OHAwVnZhREk0elp3S0Q4VHVfODM4Nnc?oc=5,"Thu, 05 Mar 2026 08:00:00 GMT",2026-10-09T11:07:22+09:00
GoogleNews:テクノロジー　健康,テクノロジー　健康,働き方×AI×アロマ NECがテクノロジーで拓く健康経営の未来: NEC Stories - NEC,https://news.google.com/rss/articles/CBMiXEFVX3lxTE92ZFZucHo4b1FpRzI5VzB3b3lnT0JjazlCX1pjVG1DN2RsTGJ1WlpMMDFmVFlnMGZVZ2FUdVdVbVp2WS1sMnZQR09DdlhqaDBidVh5UGphX0JrRVBF?oc=5,"Tue, 04 Aug 2026 07:00:00 GMT",2026-10-09T11:07:25+09:00
GoogleNews:テクノロジー　健康,テクノロジー　健康,＜画像5 / 6＞歯の健康は体の健康！テクノロジーを活用してセルフケアをアップデートしよう - ウォーカープラス,https://news.google.com/rss/articles/CBMibkFVX3lxTE16bjlCQXE3b0hTY1ZuQjFlUExzazhNYVIyZ2owdzd2cGhQODN3ajNaQ2dJVTByQWZZeDBiYVlxZWx1Nm8tUFBEX1RmTUlhUEE5NHlpS0VHR01OaFV3bl8zSlF2YXlsZ0J4X2V0TVFn?oc=5,"Tue, 06 Oct 2026 17:48:35 GMT",2026-10-09T11:07:25+09:00
GoogleNews:テクノロジー　健康,テクノロジー　健康,健康経営 : 企業情報 - NEC,https://news.google.com/rss/articles/CBMib0FVX3lxTFBYTEdhd3RUODZvbFJsX3o3b1BUYTkyMnVqX3BTeFJFamphUWpyU2U1cHZ0SEthYk5WQ0hrVEdYQWZlRURfOFRPUmd2VHRkVmh5Z1JpdXFmWVpTdzJIX08tLXhEdFZ1anRuWDE5SXVJQQ?oc=5,"Thu, 17 Sep 2026 11:48:50 GMT",2026-10-09T11:07:25+09:00
GoogleNews:テクノロジー　健康,テクノロジー　健康,カロミル×ぼんたぼんた「健康おにぎり」、好評につき販売エリアを関西・東北へ拡大 - PR TIMES,https://news.google.com/rss/articles/CBMiakFVX3lxTFB4LUNNT0lrdkUtNTFKZ0lxUllQOTVIUDRmMERBUzlSQnBkbF8zUjhxZTV4WFI0ejNUVHVxM0l4aDNpR1hWMzVRRkw4NDZkaGlLQ3dTTDEzUUFyV1BEZjg0Nk1NZlFLallPQXc?oc=5,"Thu, 01 Oct 2026 07:00:00 GMT",2026-10-09T11:07:25+09:00
GoogleNews:テクノロジー　健康,テクノロジー　健康,パナソニックがAIで挑む介護予防 「デジタル同居」で健康寿命を延ばす - Sustainable Brands Japan,https://news.google.com/rss/articles/CBMiWkFVX3lxTFByb0J5M2MtZjNHWVdmQ1NKY0ZVSXNTUENDRC1QTkRKR1JxazlCX2JidGhiOEh5czFIdFFncGppRGFtcVlOYTFsaXlLN29kMnA5SGJwV2tBdjI4Zw?oc=5,"Wed, 10 Jun 2026 23:29:03 GMT",2026-10-09T11:07:25+09:00
GoogleNews:テクノロジー　健康,テクノロジー　健康,食事・栄養を解析する健康管理アプリ「カロミル」を提供するライフログテクノロジー株式会社を完全子会社化 - 共同通信PRワイヤー,https://news.google.com/rss/articles/CBMiW0FVX3lxTE52SGlCS3E1aGF5MTFqSkRxTGtpUFFVQzlnYzlRMVd6dktYdW1xVEZBdFRZaE1scTM5VmN6VmFjdzNUblc5VGl3ZkxSRmZweTUzNWlIdUpNRDNya1E?oc=5,"Tue, 16 Jun 2026 07:00:00 GMT",2026-10-09T11:07:25+09:00
GoogleNews:テクノロジー　健康,テクノロジー　健康,健康への取り組み - DXC Technology,https://news.google.com/rss/articles/CBMiWEFVX3lxTFBYMElGejdmNVN2ak16S0VxZHlSazNCdy14S2ViS0hVT01HSXJWUE5qSkxzcTVkdEFhc2FzT2Z4SFZJU0ExZHlBRmFqYkdmdkJqYUdJVDZTWmg?oc=5,"Wed, 10 Dec 2025 10:32:39 GMT",2026-10-09T11:07:25+09:00
GoogleNews:テクノロジー　健康,テクノロジー　健康,働き方×AI×アロマ NECがテクノロジーで拓く健康経営の未来 - 沖縄タイムス社,https://news.google.com/rss/articles/CBMiXkFVX3lxTE9rTDF1M01mbWxZVEtJeU8xSmltUFpyVnlGWjAwM3M4NzdTd1hrZndKU19XUWI5WjlqRDRiMDBtbXlxMzd4N3FobEREZ1BXeWtSbXRudmY4a3ppNDAwclE?oc=5,"Mon, 17 Aug 2026 07:00:00 GMT",2026-10-09T11:07:25+09:00
GoogleNews:テクノロジー　健康,テクノロジー　健康,食事データ×ウェアラブルデータで、 健康行動を価値化する新たなウェルネス体験へ ピクセラ、健康管理アプリ「カロミル」を展開する ライフログテクノロジーと共創に向けた取り... - アットプレス,https://news.google.com/rss/articles/CBMiTkFVX3lxTE5BZkRVbGpERmpDYW53SnpVblF2SXlYWHZKZ2pockw0a0x6c05BT1piRFY3Rno4WmJGZnp3TFV0RWF4TGt2cUt2ODVlU1VoZw?oc=5,"Fri, 08 May 2026 07:00:00 GMT",2026-10-09T11:07:25+09:00
GoogleNews:テクノロジー　健康,テクノロジー　健康,【締切5/13】「2026年度横浜市トライアル助成金」～健康・医療分野、バイオテクノロジーを基盤とする環境・エネルギー分野の研究成果・アイデアの実用化を支援 - スタートアップポートヨコハマ,https://news.google.com/rss/articles/CBMiZ0FVX3lxTFBpd0YtU09ZQ3NrSGNRbjhYaTNCcjRFQ2RrTVh3SUdINjhoZDJINF93aGFqSTFCWEZUTzMzZmJ6REFhU3gyQU5GbVBNLWZFUEZwZU40M0cwLW5hUUQ0LWxhWGtyTl9KN0E?oc=5,"Fri, 08 May 2026 07:00:00 GMT",2026-10-09T11:07:25+09:00
GoogleNews:テクノロジー　健康,テクノロジー　健康,テクノロジーで“健康寿命”を伸ばすAgeTechの最前線 米国で関心が高まる - Forbes JAPAN,https://news.google.com/rss/articles/CBMiWEFVX3lxTE8wNE1qZVB4b2xhSzFVLWMyRUtBUWxiNlNLMDFMZ1FNVk5xVThYdkk0WjB1RTMwWTdPY1E0RW85MXI1ZTB0S3lTaC1DdjVYVEtBaHloT0k0aXE?oc=5,"Thu, 15 Jan 2026 08:00:00 GMT",2026-10-09T11:07:25+09:00
GoogleNews:テクノロジー　健康,テクノロジー　健康,“ヒト×保険×テクノロジー”健康診断書・人間ドック結果のデータ化を実現「スマートOCR：SDクラウド健康診断書パック」を提供開始 - PR TIMES,https://news.google.com/rss/articles/CBMiakFVX3lxTE9jT3pVWlNOb1BrWmRaeFU4RWFubHVFUUlBNWQwU20zc21NZlFyR1VVVWRKLXR5bkdab29EU1AyT2I5dUd1QXNlSGFneHg3NWVxNFVpYkYza01GVUMzYkt4YVdMMjJyZUJUX3c?oc=5,"Tue, 17 Mar 2026 07:00:00 GMT",2026-10-09T11:07:25+09:00
GoogleNews:テクノロジー　健康,テクノロジー　健康,東京パワーテクノロジー、「健康経営優良法人」「くるみん」「スポーツエールカンパニー」認定を新規取得 - PR TIMES,https://news.google.com/rss/articles/CBMiakFVX3lxTE52Q096UlMtQXdNcGdoNTdsVXNrN1FJQllCbldHMGVLVlVvVllMOVlRRHdaT3ltVjFhdEdmRXItU1ZJRnFHSlNydkJwelIyOFk3UjJ1eGdQVmVKdmRYZVNoYlE5MkhTSGp1dUE?oc=5,"Tue, 24 Mar 2026 07:00:00 GMT",2026-10-09T11:07:25+09:00
GoogleNews:テクノロジー　健康,テクノロジー　健康,つくば市民の市民の皆様の健康寿命延伸や生活習慣病予防を目指しPHRデータを活用した商品提案・健康支援による食生活改善の実証事業を実施 | アルフレッサ ホールディングス株式会社のプレスリリース - PR TIMES,https://news.google.com/rss/articles/CBMiakFVX3lxTE9wSHpPZ0NGTEJUbzRwUUhRd044eFU5WlNqZno3QzMxQ0VjZGVSb0xFb1dzMTBuZ0hncmlzVWx3MkhaVm92NTUwU1A4YmdmbDR3M0xib3hkeEZGSF92clNaWUdQQjlHS3V6bWc?oc=5,"Fri, 21 Aug 2026 07:00:00 GMT",2026-10-09T11:07:25+09:00
GoogleNews:テクノロジー　健康,テクノロジー　健康,「お金をかけない健康経営」を10年継続 - PR TIMES,https://news.google.com/rss/articles/CBMiakFVX3lxTFA2bjRkTENMZVRUMEd6ck91M3BHVWpKejY5T2lLeG8xa082ZDdHS2ctbjZNTkl3OTFxOE1hREhPYzQ3RExMV29BdmJNSWlhamxrck1DRTh5Z0g2NXQxN3AwU2Rfbml2Z3ZqRWc?oc=5,"Tue, 10 Mar 2026 07:00:00 GMT",2026-10-09T11:07:25+09:00
GoogleNews:テクノロジー　健康,テクノロジー　健康,教育テクノロジー企業の株式会社ビルディット、健康経営優良法人2026（中小規模法人部門）「ブライト500」に認定 - PR TIMES,https://news.google.com/rss/articles/CBMiakFVX3lxTE1mVEp1YXBMNmtKdjFhbW5qaUlYcVhvU1BQYVgweEdtbzB1VVNHR2w2NWNpVGNjNHRzWU9vakgwQ1RjWXg3U0ZmY2NRUHoxVmlVNUx0UUE3ampWZlUtMU9UYlJLekFWLVJ3SFE?oc=5,"Fri, 13 Mar 2026 07:00:00 GMT",2026-10-09T11:07:25+09:00
GoogleNews:テクノロジー　健康,テクノロジー　健康,2年連続「健康経営優良法人2026（大規模法人部門）」に認定 - PR TIMES,https://news.google.com/rss/articles/CBMiakFVX3lxTFBndDZFekZPbW9udm5YUmJ0V055M1pOdmdlTXgxVWpNaG5HYmQxVG1WWHp5RGVUWTJsZGwyUkRzV1BVb0tfOFU4NUszZ0FheWNhRERpVUx6Z29vRG5EVGd0U3ZJSUowUkk0MGc?oc=5,"Mon, 09 Mar 2026 07:00:00 GMT",2026-10-09T11:07:25+09:00
GoogleNews:テクノロジー　健康,テクノロジー　健康,カロミル×ぼんたぼんた、アンケート調査から生まれた“健康おにぎり”新商品を共同開発 - PR TIMES,https://news.google.com/rss/articles/CBMiakFVX3lxTE5IUnEzOHFIcXN2bE42WHptNERNbUhUTDlrWHVnM1BDdWlJTERFTzNtM0V3dFhDcHlySlB4VFNrQlBkUG5XU2RGbXVpWXBxcWZPVGYzWm5pVklMbUg1OWxGX3kwZlp1aXF3Wnc?oc=5,"Thu, 09 Jul 2026 07:00:00 GMT",2026-10-09T11:07:25+09:00
GoogleNews:テクノロジー　健康,テクノロジー　健康,【人生100年時代のテクノロジー期待度調査】健康維持と体の変化を補う技術に、いずれも半数以上が期待 - PR TIMES,https://news.google.com/rss/articles/CBMiakFVX3lxTE1ROHktQXZfY015QmRxN0RoblZJX3RUYzFNTnZZWEw1bTJueTAtYUZuUDlMTUdEN1ZUdGhSdWM5Tzk4bHBMU2Z3VzhweXhRazBuMzR5OFVEQVQtTDFJNUI4NzNlUlNwbnVBTFE?oc=5,"Wed, 24 Dec 2025 08:00:00 GMT",2026-10-09T11:07:25+09:00
GoogleNews:テクノロジー　健康,テクノロジー　健康,喫食データ×生成AIでここまで見える多様化する 健康意識層の“リアルな食実態”と商品開発・マーケティング活用 - PR TIMES,https://news.google.com/rss/articles/CBMiakFVX3lxTFBYNUstWTFkbWh1dkFkZmZhRDFiYTF5bW91YjR5TUlXQUk1U2ZOQWZpNGt6U2lfbXFtSEFOVTVJLVRWa2dZRUJ4TTB2c0VMdVVwR0Z0eDRlSl9JeFdJZGRMQndwbzV4WUZhcGc?oc=5,"Thu, 04 Jun 2026 07:00:00 GMT",2026-10-09T11:07:25+09:00
GoogleNews:テクノロジー　健康,テクノロジー　健康,女性活躍推進テクノロジー協議会、新検定「WETC認定女性健康経営カウンセラー検定試験」をリリース - PR TIMES,https://news.google.com/rss/articles/CBMiakFVX3lxTE45ejJIb1RqSEx2X3A2NlZmWUdOeDVUdHNxSUw3TFptWEpvdjlRQlpEcDFCZWp5bjF1MVRsVngtbU5nRDhqNVRLTzl5ZTkwLWttdEtMMXc4WnJyWHFUbDY2Z1lCNmZyVGpaMHc?oc=5,"Fri, 14 Nov 2025 08:00:00 GMT",2026-10-09T11:07:25+09:00
GoogleNews:テクノロジー　健康,テクノロジー　健康,東京パワーテクノロジーが、スポーツ庁より「スポーツエールカンパニー」に認定 - PR TIMES,https://news.google.com/rss/articles/CBMiakFVX3lxTE5MWEZMRmFDZWVUUGtNN2NOQ256RlNkTmkzalZyRHFfQUV4emFmV1k5aHRRTldDcm9yNkVyTVdIY2lfM2NmaTllRU9oTU5JS2JjWW1uNm5jN0NPUl9FVk44R0lfUWh0ejFtOWc?oc=5,"Fri, 30 Jan 2026 08:00:00 GMT",2026-10-09T11:07:25+09:00
GoogleNews:テクノロジー　健康,テクノロジー　健康,健康に貢献する信念を胸に、新しいテクノロジーに挑む - www.otsuka.co.jp,https://news.google.com/rss/articles/CBMia0FVX3lxTFBNNGVZOW1tZXRxeFpUNVlvVFBOMkxWbWhtVjI4Sm12ZW5tRmptclhuWTRxVGhMclpKYV9RTV9mcjhxZEszNVFOSk8xdUxPZVk5RVEwSW5kdmlFNlAzTUpmMXBQdm95d2ZUaUUw?oc=5,"Tue, 04 Nov 2025 22:17:22 GMT",2026-10-09T11:07:25+09:00
GoogleNews:テクノロジー　健康,テクノロジー　健康,働く女性の健康サポート フェムテック製品一堂に 月経、妊娠出産、更年期…健康課題をテクノロジーで解決 - 下野新聞社,https://news.google.com/rss/articles/CBMiW0FVX3lxTFBhcXpfU1JhM21pOVBObTc4V3dmc1JqZlZ6aHA2ajR6eWJoSnp4NzFQVTAtOVE1T3dOeDlTVi13Y3lDXzZHNlJpaWpuWmVIajBYcEZnOEVzSG1LOW8?oc=5,"Wed, 26 Nov 2025 08:00:00 GMT",2026-10-09T11:07:25+09:00
GoogleNews:テクノロジー　健康,テクノロジー　健康,スマートシティ×公共交通・都市DX・未来テクノロジー・人材育成・健康・自治体経営｜調布市70周年の寄稿も掲載──見逃せない最新トピックを一挙公開 | 一般社団法人日本経営協会のプレスリリース - PR TIMES,https://news.google.com/rss/articles/CBMiakFVX3lxTE9sQTl5czhZN3lIX2lDRjdTR0VSWGxLZ0gtc3JMcnEwSmNvdGh5RFBZMzdjajVwcGd1VDl4V185dU5VcmRsckZTdncxVThhR0F4MTRVVkhZNDZiMGFTRkdqMTRWcDZiaXRNb3c?oc=5,"Fri, 05 Dec 2025 08:00:00 GMT",2026-10-09T11:07:25+09:00
GoogleNews:テクノロジー　健康,テクノロジー　健康,『家事負担低減』や『美容・健康』の社会ニーズをうけ「Air Bubble Technology」搭載商品が累計 15 万台を突破 - PR TIMES,https://news.google.com/rss/articles/CBMiakFVX3lxTE1ZbXNNQlZLWVd1RGV4SGpJYjRLU0hvdWN3SlpkU3pxVEp1QW82S2I3YUlQX25qcTZsRTZyR2daTzJQcE9hOXJybV8weUp4dGZtMEs0S25YTl9VU0FFajZPS0UwUDdkdURlTUE?oc=5,"Mon, 27 Oct 2025 07:00:00 GMT",2026-10-09T11:07:25+09:00
GoogleNews:テクノロジー　健康,テクノロジー　健康,Flora、「第10回HRテクノロジー大賞」授賞式に出席 フェムテック×地方の挑戦に注目 - PR TIMES,https://news.google.com/rss/articles/CBMiakFVX3lxTE1JWUJKWmcxQm1QVEpsbXFIa0xUT3Vmdlp3SDNmUzJRSm1vSVR0RkdHbUhER0dhWVdEZkN6eG4temh1TmthVmhudmV6bnRIWUo1Zy1WZkoxcHkzOUxQdDVLcjdJZUg2cGdLQmc?oc=5,"Fri, 17 Oct 2025 07:00:00 GMT",2026-10-09T11:07:25+09:00
GoogleNews:テクノロジー　健康,テクノロジー　健康,東京パワーテクノロジー、健康経営を経営戦略の柱に - PR TIMES,https://news.google.com/rss/articles/CBMiakFVX3lxTE41MkllQXBNNDZQM1JIZTJNWHEwNElKRnFQNElIcjNQdjBxS1N3Tmhsa2N4VVp4azNDSmc4NEJhV2pWWkx5WTdqRW0zemdFSEpKdUFHeUlQNWI0MC1JR2FFNFlscXVwVnFFeXc?oc=5,"Thu, 09 Oct 2025 07:00:00 GMT",2026-10-09T11:07:25+09:00
GoogleNews:テクノロジー　健康,テクノロジー　健康,富士通パートナーとして医療の最前線を支えるエム・オー・エム・テクノロジー、健康優良企業「銀の認定」を取得 - PR TIMES,https://news.google.com/rss/articles/CBMiakFVX3lxTE5qaUpQWUhrZ2lYaXplT2M4Tm1OdTFfSHdlZEI5NEdnQ01rdVdNWUxDOEZyMTFYTlNWWUZFQTNWOVY0MG1GM01UWVdIdmY3VVdsWkJWcDJPOUJfNlk5VXZRTmVmTVd0X3J3ckE?oc=5,"Wed, 30 Jul 2025 07:00:00 GMT",2026-10-09T11:07:25+09:00
GoogleNews:テクノロジー　健康,テクノロジー　健康,食×テクノロジーで健康を支える - シルタス - MUGENLABO Magazine,https://news.google.com/rss/articles/CBMiX0FVX3lxTFBGaEpDV1h2R3Nfb0tkd3U4QThwMk4wVlVXUTkxd0wwTm9OS2ZtTElteEdfNklIMlhmX1RlcnByams3SEE5UXNyeUFQMFduLU5ocTJ1d0ZrZ1dUOG4xdmZn?oc=5,"Tue, 24 Jun 2025 07:00:00 GMT",2026-10-09T11:07:25+09:00
GoogleNews:テクノロジー　健康,テクノロジー　健康,セゾンテクノロジーの健康経営は経営のためではない 社員の豊かな人生を願う社長のライフワーク (1/3) - HRzine,https://news.google.com/rss/articles/CBMiTkFVX3lxTFB2MEY2MXJKVjV2U0V1Y3hQdEdHZjlJd29DUHhsbm9qY1VpTHdSLW9JLUlOX1JuOHJQX21aV3FuVVJ3NEZxWTlfcW9Na2JfZw?oc=5,"Wed, 30 Jul 2025 07:00:00 GMT",2026-10-09T11:07:25+09:00
GoogleNews:テクノロジー　健康,テクノロジー　健康,チャート 浩希健康科技（ハオシー・ヘルス・テクノロジー） A[HAO/HaoxiHealthTec]日経会社情報DIGITAL - 日本経済新聞,https://news.google.com/rss/articles/CBMiXEFVX3lxTFBRUkJmZ3JxVDUwYVZWdnliOUo2ZTRWWjhSRUxtU21Pa3VuZ1ZXWkpHSDlyck9QWlYyY0JqUmdWVkpnZFA3UHljeVUzNGlOdHJiU2FIaFBCaklhc2ND?oc=5,"Mon, 29 Jan 2024 04:25:05 GMT",2026-10-09T11:07:25+09:00
GoogleNews:テクノロジー　健康,テクノロジー　健康,最新の美容・健康テクノロジーが集まる展示会「WELLNESS ＆ BEAUTY TECH 2025」を初開催！ - PR TIMES,https://news.google.com/rss/articles/CBMiakFVX3lxTE1vZlE3Q01pSGN0SGZTT3Myc2hlMFZvVmRuTjMyS3A3dGdBV1Q2cGNtSEFhNnNPVWI0elBNTnN1RzJxRnNrOG1YSjFjN3BlS3ltelljSVNhVEtQN3VwNWZtampTTXRvXzdhd1E?oc=5,"Tue, 15 Apr 2025 07:00:00 GMT",2026-10-09T11:07:25+09:00
GoogleNews:テクノロジー　健康,テクノロジー　健康,ブリヂストン 女性特有の健康課題をテクノロジーの活用で解決する フェムテックプログラムを導入 - 株式会社ブリヂストン,https://news.google.com/rss/articles/CBMibEFVX3lxTFBLcENCeWdJdzdHczVDc2RwanBWR0lMQ2FJaG8taF9GX3JucjczRVRYc0FtdlQzejhHanRiQXJKSWp3ODdkQ0NOdnZrc2lISkhicnFzZDJTeVZvS1F4ckVDUmlqcW5ETHZPQm05ag?oc=5,"Thu, 27 Apr 2023 07:00:00 GMT",2026-10-09T11:07:25+09:00
GoogleNews:テクノロジー　健康,テクノロジー　健康,【プレスリリース】政策提言：超高齢社会におけるイノベーション ～テクノロジー・健康・介護・都市計画へのインパクト～（2019年4月15日） - 日本医療政策機構,https://news.google.com/rss/articles/CBMiTkFVX3lxTE84LWYxTDltSVN2M1NJRl9uTEVjNjVKU1pQU3hVNUV0NnlQdk5kQXZkZV9CMmFXek55Mk9lTEU4TWtqaUgwNzByTnRUdG43QQ?oc=5,"Tue, 16 Apr 2019 07:00:00 GMT",2026-10-09T11:07:25+09:00
GoogleNews:テクノロジー　健康,テクノロジー　健康,体力テストのデータ活用で子どもたちの健康と体力増進を目指す。宮崎市教育委員会ら三者で連携協定締結 - ソフトバンク,https://news.google.com/rss/articles/CBMiXEFVX3lxTFBRNGZBNnJvdWh5YlZnRmkwR3hES29LRjFJdFJ2QTNkV0JkSGZNUHBHN1VTSlBYMHpwYk5ZUXhCVkxNS1NkZ19ZMWVHYXVPbWJxVk5uRFE5bUNFN3FJ?oc=5,"Mon, 02 Jun 2025 07:00:00 GMT",2026-10-09T11:07:25+09:00
GoogleNews:テクノロジー　健康,テクノロジー　健康,ブランディングテクノロジー、「健康経営優良法人2023」認定のお知らせ - PR TIMES,https://news.google.com/rss/articles/CBMiakFVX3lxTE8zT0lrSjNkbWQ2UWZUcER5T2F6STdCb3NCcmhsc0FZS2o5ejdvMEtGMnhGQnJZZmJ6ZVM0OF9kZFRKZVJtY0FfX1hhTXNjaUhqT1p5QzFDY0FCRDVXdmQ3Qlg5clBsRm9XRWc?oc=5,"Fri, 10 Mar 2023 08:00:00 GMT",2026-10-09T11:07:25+09:00
GoogleNews:テクノロジー　健康,テクノロジー　健康,フェムテックとは？ 女性特有の健康課題に挑むテクノロジーに注目 - 日経ビジネス電子版,https://news.google.com/rss/articles/CBMiZ0FVX3lxTE5xVXVzUHVRd05pamFicmNYWWdQZGhYSUVieXRTNmQ0QnY2Q2I5eW83VEY5YWxkSkxoRVhyb0tTZFE2alJ0M1JlZVFaZzI1RG1xSnExX09ObWZiMVItZktVV2pxNDhGMjA?oc=5,"Tue, 19 Oct 2021 07:00:00 GMT",2026-10-09T11:07:25+09:00
GoogleNews:テクノロジー　健康,テクノロジー　健康,テクノロジーは「健康」を変えるか？進む静かなるイノベーション - MITテクノロジーレビュー,https://news.google.com/rss/articles/CBMirwFBVV95cUxOd1ZtbU96UmFMYy1oWXV3TlVvTkpKSWRxRTVhVE1PZjdmQXdNWUV6QVZUa1dod3RxRmFQdjNtdUFFRWRCNDAtaEdjV2RQY2RHWjNNMzd6RFptY1pwd213VC0xbm5tTEhZSm1xTDZVVXRjckVtWGZuZ2dBdXZMRmhRQlhhdE05NDlqak1fb0FvTmE4dXo3SGZ3LUEtRFJNVy1Wemc5djBPVEpkaHBRSTJN?oc=5,"Fri, 24 Aug 2018 07:00:00 GMT",2026-10-09T11:07:25+09:00
GoogleNews:テクノロジー　健康,テクノロジー　健康,健康・医療の問題をテクノロジーで解決する—イノベーション・マネジメント実践演習－ - 成城大学,https://news.google.com/rss/articles/CBMickFVX3lxTFA4aVNoQmlPaklLbU0wWXFwWVE1QUxKZjlZemlNWXpmWC0wWDhNT2tGR0d3bnNOLTZZbjZObzgzRzNBeGJwZXZuTW5NV3JybVJYRTZnWWk5cmFqUHRfZFpRUVk3TW0ycjUtXzNkU1NhR0lwdw?oc=5,"Wed, 04 Jun 2025 07:00:00 GMT",2026-10-09T11:07:25+09:00
GoogleNews:テクノロジー　健康,テクノロジー　健康,テクノロジーによるヘルスケアオートメーション（健康の自動化）を目指すドリコス社と資本業務提携 - 株式会社エアトリ,https://news.google.com/rss/articles/CBMiTEFVX3lxTFBMeFEzT1ZIM0hZb1J6NDhSMVJqMFFyZWVOSjcxcGdCaGZUTjBudlBBT0RycFhoOEpWWGZwYzVvVExNUFQ2VGFJVFZodWM?oc=5,"Tue, 25 Jul 2023 07:00:00 GMT",2026-10-09T11:07:25+09:00
GoogleNews:テクノロジー　健康,テクノロジー　健康,信頼、テクノロジー、女性の健康が導く次世代ヘルスケア、アメリカ発のウェルネス最新レポートを公開 - PR TIMES,https://news.google.com/rss/articles/CBMiakFVX3lxTE5ibEc0RUNzMTV1cTRhNElHaXNsZnhBWkJCRGU1MnhObVMwc3NYVW1vb216VWFRZ0ZUWHZaV3BkaEpHZDZPTXFGMFN0MzZUcTBvYXpNRXNTSG13TnR4U0ZITjBoNmRZOTBMcUE?oc=5,"Thu, 09 Oct 2025 07:00:00 GMT",2026-10-09T11:07:25+09:00
GoogleNews:テクノロジー　健康,テクノロジー　健康,医療・介護業界向け健康ソリューション「シンクロシフト」が「介護現場で活用されるテクノロジー便覧」に掲載 - PR TIMES,https://news.google.com/rss/articles/CBMiakFVX3lxTE94dmVvZWEzZ0IyR1hRQW5sSGl3a1BUSFluMTIxMV81MzMwM0xhUzREX1NDbWlFekROQWdwOHcyZFRzSm8xMGdnMGdrS25iR1dzODRESGw5YklEOWYtU1Raa2x6OHdTTkVWRnc?oc=5,"Thu, 16 May 2024 07:00:00 GMT",2026-10-09T11:07:25+09:00
GoogleNews:テクノロジー　健康,テクノロジー　健康,国際サービス貿易交易会、健康衛生分野に見る最新テクノロジー - 新華網日本語,https://news.google.com/rss/articles/CBMiWEFVX3lxTFBkNVE2TkpubVp2T2gxOGlWOHRnbHFBMUlyRzQ4REFsYnQyZUZFdG83OFVXN3c3QkVwQXZpdHcxdmZNYkNoc3kwVGVINzFzUjQ1UlJDNy05T3g?oc=5,"Mon, 06 Sep 2021 07:00:00 GMT",2026-10-09T11:07:25+09:00
GoogleNews:テクノロジー　健康,テクノロジー　健康,挑戦者2024：テクノロジーで女性の健康支援―― 杉本亜美奈さん - 週刊エコノミスト Online,https://news.google.com/rss/articles/CBMif0FVX3lxTE1hQUptVml1QnZUVHkwVGwzNDBEMHI5c3pvbXl3S05kU0ppelNmVmFfVWx0TTA0eE14UDVlbTNpNk1SRGlSZVdKYmhQMTdtSWxxemhJQ3pVYk55YmhOWnp3NG4xN1U2VlNLNHNIcFdTVElITHBUOUh0T2ZCSTUwMjQ?oc=5,"Mon, 11 Mar 2024 07:00:00 GMT",2026-10-09T11:07:25+09:00
GoogleNews:テクノロジー　健康,テクノロジー　健康,『仕事と人生を変える 勝間家電』書評｜テクノロジーで「時間」と「健康」を取り戻す実践的ライフハック - Smart Watch Life,https://news.google.com/rss/articles/CBMiTEFVX3lxTE8zTV9ZaFRMdnA3c1RIS1ZkbElZZzFuTDQyQ3F2bGFGNHN5bkcyQ042VjduZFhJcThHb0tvVFVXdGxtakJWVnBvb1R4WUk?oc=5,"Wed, 22 Oct 2025 07:00:00 GMT",2026-10-09T11:07:25+09:00
GoogleNews:テクノロジー　健康,テクノロジー　健康,女性特有の健康課題解決へ向けたテクノロジーやサービスの展示会 Femtech Japan 2024/Femcare Japan 2024 に出展 - PR TIMES,https://news.google.com/rss/articles/CBMiakFVX3lxTFBFekhIWW5FaW9pdzI3cmtkZ3RjR1FId24yVlUzek1ueXhJc2pxMUZzUUt4Y2piWmNkZmZmT0JlRnJGQ3RUMXVfdjNqTWQ3cDVtYVJxZFBYLWkwbEpTeWo1S2JNVGVOcWEydGc?oc=5,"Wed, 20 Nov 2024 08:00:00 GMT",2026-10-09T11:07:25+09:00
GoogleNews:テクノロジー　健康,テクノロジー　健康,コロナ禍で中断...健康・医療機器、ナノテクノロジー分野で協力関係を構築へ フィリピンとイラン - Science Portal Asia Pacific,https://news.google.com/rss/articles/CBMiaEFVX3lxTFBPdkhNTXdScG15S0wydDFFWFlzbDJRTU1HVnRXdVNWRWdzM3FSVmstSDJTejh2dlFJUjgya0M1X1FpemplTkFwc1VGWXViM05BbTZEVjJhQWRmZGFlOFJmTm9OeTdlMjQy?oc=5,"Thu, 30 Jun 2022 07:00:00 GMT",2026-10-09T11:07:25+09:00
GoogleNews:テクノロジー　健康,テクノロジー　健康,コントロールテクノロジーが、大学の健康診断に特化した予約システムをリリース - PR TIMES,https://news.google.com/rss/articles/CBMiakFVX3lxTE5FaEJ5T3RqNzRYMjhkNUpJV1ZJb3l5bG4xbUJXeHNxdnh1LTVBV1lEQTJkczFSdXNnNkcweC1iWXREWEdWLS02TndOWGtZc3gxbWRfREF0QkF3MndMZ3RrZWNrY29YeEh0R2c?oc=5,"Thu, 22 Feb 2024 08:00:00 GMT",2026-10-09T11:07:25+09:00
GoogleNews:テクノロジー　健康,テクノロジー　健康,「京都発 テクノロジー×医療・健康」 社会課題の解決、エコシステム構築へ - TECHBLITZ,https://news.google.com/rss/articles/CBMiakFVX3lxTE5ZMlo2cDFldXJOOWJPZXVWUlZ3RE1vS0I3ODBRZUdDS3NYcTZVMHRCOFRIbEVYUThRSklwVzZOZWpla1Rmeko1Y0dHempEcWpKN3hxY25iWEYycGVFZXNxT19pSlpSNHBYTEE?oc=5,"Wed, 20 Apr 2022 07:00:00 GMT",2026-10-09T11:07:25+09:00
GoogleNews:テクノロジー　健康,テクノロジー　健康,テクノロジーが人類の健康寿命を延ばす！ iOS健康管理アプリ「ヘルストレーナー」をリリース - PR TIMES,https://news.google.com/rss/articles/CBMiakFVX3lxTE5uZ3o1OHRIekc2aEVxMFhRNFdtYVNMcUZ3aEw2Qzk1X2ZOSnFTNEZfRkJJcFFFNTlZNm1tUEZLcWtmckMxTnRCVWhlWGVuSEdKOGRfdW9mQ0dsNFl6X1MzQjhsNTY1YzVpNnc?oc=5,"Thu, 17 Oct 2024 07:00:00 GMT",2026-10-09T11:07:25+09:00
GoogleNews:テクノロジー　健康,テクノロジー　健康,テクノロジー×健康! HURONブランド認知拡大プロジェクト - CAMPFIRE (キャンプファイヤー),https://news.google.com/rss/articles/CBMiU0FVX3lxTE9yaTQtbDdMUEl1bEg0YjJxYkE1RS01aUF0VnA0RGFfSXlRenV0a1BCQk00enRwdll1U0pQVmY5MXdGR29sbE5QbTZzblg1RXNudUtF?oc=5,"Wed, 01 May 2024 07:00:00 GMT",2026-10-09T11:07:25+09:00
GoogleNews:テクノロジー　健康,テクノロジー　健康,先端テクノロジーを活用し新宿・初台エリアのライフパフォーマンスを向上させる「Wellness Lounge™」をグランドオープン - NTT Data,https://news.google.com/rss/articles/CBMia0FVX3lxTE4xYUhqUUN0Snk2WGk2R2hvYnF5WU5HU195Y0NYU2JsQ1JFRlZ5STdzQ1dLaUp3R0JtWUtDOEJxelpWZHlDTDcyaGthd0N4UndaV24tMGxMQkM0bnBOTHBmYk1lVklPVUI5Tm5j?oc=5,"Wed, 23 Apr 2025 07:00:00 GMT",2026-10-09T11:07:25+09:00
GoogleNews:テクノロジー　健康,テクノロジー　健康,ライフログテクノロジーとハウス食品グループ本社が資本業務提携を締結 | ライフログテクノロジー株式会社のプレスリリース - PR TIMES,https://news.google.com/rss/articles/CBMiakFVX3lxTFBoMXJ6VmUzU3NIMXhDdjIyUzRhdXd4Mkh5SVVFaFBxcTJQV1pIYlRiVGlESGlYcldxbmpyQXdSRGY5U3JwNVlTNzZiWEdoVnZRMk5OdDdkbHU3MlYwRTFxRjU4dUtUS1p4RUE?oc=5,"Wed, 29 Mar 2023 07:00:00 GMT",2026-10-09T11:07:25+09:00
GoogleNews:テクノロジー　健康,テクノロジー　健康,【開催報告】グローバル専門家会合『超高齢社会におけるイノベーション ～テクノロジー・健康・介護・都市計画へのインパクト～』GCOA-HGPI共催ラウンドテーブル（2018年11月2日） - 日本医療政策機構,https://news.google.com/rss/articles/CBMiTEFVX3lxTFA3OVpaR3NJbE5lSEtqSkdLS1Bac1RxWkNyOVZxaVRleEpIODVaMXllMm41aTA0RFVOUVEzaXRWcTQyMzc1VUVXVnd1Um0?oc=5,"Wed, 16 Jan 2019 08:00:00 GMT",2026-10-09T11:07:25+09:00
GoogleNews:テクノロジー　健康,テクノロジー　健康,【協会けんぽ】社員の健康づくりを応援！『FAシンカテクノロジー 株式会社』の取り組みを紹介 - 日刊CJ Monmo Web,https://news.google.com/rss/articles/CBMiXkFVX3lxTE5oVzlPNEV3WXZhNnVKMW1TQVJLT3M2enFnLXdoNzh6eTVfUDBlRU9hVWI2NGNKQVFmMzBaN0JqYmZaSXZmYVJUeTZ1RzJmRW5jNUo4ZXVCZUUxN01WcEE?oc=5,"Thu, 06 May 2021 07:00:00 GMT",2026-10-09T11:07:25+09:00
GoogleNews:テクノロジー　健康,テクノロジー　健康,女性の健康をテクノロジーで考えるフェムテックイベントに 漢方専門薬局が出展 「WEHealth2025」＠原宿 - Newscast.jp,https://news.google.com/rss/articles/CBMiR0FVX3lxTFBoRXhMSTdoY2V4cnAtUTF2dGpxNUxUZHpHZE5UWThwM1dEc09IYTB1U0toYkUwbXdIMnpCckxLTTJpYm44SzBv?oc=5,"Wed, 26 Feb 2025 08:00:00 GMT",2026-10-09T11:07:25+09:00
GoogleNews:テクノロジー　健康,テクノロジー　健康,"企業向けヘルステクノロジー企業で健康福利サービスを提供する""Judi Health""がSeries Fで総額$400Mを調達 - AT PARTNERS",https://news.google.com/rss/articles/CBMi_gFBVV95cUxNWlhMdnFoNm9zbXd5QkRfUzdGajl4TldsTERfQlotT2dLSHVQUHBfSlA3eWNfZEdHSnIyMzdkUjUtTm1jbml6MF9JdE5uY0RMWGZFUnJjZndBMFFudjVPcFQ0MnltMm5jOHdqVFhtYk5pb05WaWpONjRRMzNFYkRPV0stNVotU0k1TXRjN192YlhSNGZ0U0VsMHpENENuWDE4MW4tdENsaEZCOElQZXE2UnlZWk10SnpIY0d1emwwSVNVSEhuUUo0RDdUd2dRYzM0TVFQWTBvWl9md2lOY0lqai1mTnNlUUVzVFhRSEtEYUpsekZnTXd1WlpCbmt3Zw?oc=5,"Thu, 25 Sep 2025 07:00:00 GMT",2026-10-09T11:07:25+09:00
GoogleNews:テクノロジー　健康,テクノロジー　健康,「心を健康に保つテクノロジー」は未来の成長産業／ニコール・ブラッドフォード - Business Insider Japan,https://news.google.com/rss/articles/CBMia0FVX3lxTE0zWlZ0aWc3Y3RGaUJrMVQ0d0ppYldzNUdDQjhzWlhLR1k5R0EzZVZjZV9manI2X3ZOV0dFVy1nN3Q4NFkxQnhLLVFhdHpyWW5sc1JTVFk0U3E4Mk81OWhHZW5zQ2poZ255UVE4?oc=5,"Wed, 16 Dec 2020 08:00:00 GMT",2026-10-09T11:07:25+09:00
GoogleNews:テクノロジー　健康,テクノロジー　健康,Pestalozzi Technology株式会社｜日本健康・運動データ総合研究所を設立。資金調達に伴い研究活動・運動データ利活用を加速 - PR TIMES,https://news.google.com/rss/articles/CBMiakFVX3lxTE93RWFKNnl4Mk1LMklBUVFtcXpwLWlXNm9UZVlBU1ZQUERIa0tEYWg0amZkTkhsNUNVUG5yck1PR19oT0VtS216QXZ4NkNLM0RqNmxmTnpROFh4SnZwNDNzLWVmUDhObTczRlE?oc=5,"Mon, 24 Mar 2025 07:00:00 GMT",2026-10-09T11:07:25+09:00
GoogleNews:食　政府,食　政府,ニュージーランド政府観光局、「食 × ウェルネス」で新キャンペーン、倉科カナさんを起用、JTB・HISと連携、南島直行便再開も追い風（トラベルボイス） - Yahoo!ニュース,https://news.google.com/rss/articles/CBMif0FVX3lxTE5NLURuY1Fmc3BnTTFIXzZHcHJXR3Z6OW5GdjgwNENORVRRUEhHVUtxVU5fMFpwcEdGR0U2Mllheng4bmxzUFAwQ0pTcHlVZHhaQXNXeFVTNGpSZ3llZDV3NlNUSzFJa3E5ZjdUREJjNDRFRm1tcnNGRVVCeUtDRHc?oc=5,"Fri, 25 Sep 2026 07:00:00 GMT",2026-10-09T11:07:27+09:00
GoogleNews:食　政府,食　政府,「総合防衛の年」を迎えたノルウェー政府が提唱。自分と家族の食を守る防災習慣とは？ - 料理通信,https://news.google.com/rss/articles/CBMiX0FVX3lxTE9IV25rRFlpWWtaN1RmVHI0aHZHa1JIUEJGNjlGZExyTnFNYmc0ajY4aXlQZTRKRWVsU25kdm5hU3ItMHNnTXBxdUhhRE5ZS1cyaF9mV3ROcWh0aGdfMjlR?oc=5,"Thu, 17 Sep 2026 07:00:00 GMT",2026-10-09T11:07:27+09:00
GoogleNews:食　政府,食　政府,ニュージーランド政府観光局、「食 × ウェルネス」で新キャンペーン、倉科カナさんを起用、JTB・HISと連携、南島直行便再開も追い風 (観光産業ニュース「トラベルボイス」) - NewsPicks,https://news.google.com/rss/articles/CBMiTEFVX3lxTE1iNEZ0N0lfR1VHSnBSbmk0NDVsRGhPTFRRNTBwY2ZiWVE3RHJURkZxY21ibnpscXQ2eXlEem03Z09NVG15Q0tBVEphRXU?oc=5,"Thu, 24 Sep 2026 07:00:00 GMT",2026-10-09T11:07:27+09:00
GoogleNews:食　政府,食　政府,何をどれだけ？ 食べながら備える食品の家庭備蓄 - 政府広報オンライン,https://news.google.com/rss/articles/CBMia0FVX3lxTE5kRExFZUpnOU9McklKU05YVlhPZGtkcWZ2alYtelFXNWNUOGVlVmpDaV94dHh1MkNwMDYxYUlsUUpZbVRVVm5nbUJxSG5HOC1TVTdxNnBGcjRMdlZmeGdvLWdXLUd6d0t4MU9j?oc=5,"Mon, 27 Jul 2026 07:00:00 GMT",2026-10-09T11:07:27+09:00
GoogleNews:食　政府,食　政府,フードテックが経済成長を牽引する分野となるには | MRIオピニオン（2026年6月号） | ナレッジ・コラム - MRI 三菱総合研究所,https://news.google.com/rss/articles/CBMiakFVX3lxTE5LR2xMbWZXaDE0TjlPZjVEZ3h5clQxZG5GT2VuMnZLTWxnTWRRRkxFeENSQVBHYk9DSHZxMWlvNkRuVVNxYjJSeG51RWk4a1BQRWtpdXYyd2VWLS1uQjJxVHpXSWRFRVlmTVE?oc=5,"Mon, 01 Jun 2026 07:00:00 GMT",2026-10-09T11:07:27+09:00
GoogleNews:食　政府,食　政府,｢政府の人口統制､5Gで操られる…｣《コオロギ昆虫食》給食コロッケから始まった大炎上→倒産したグリラス元社長の告白 - 東洋経済オンライン,https://news.google.com/rss/articles/CBMiW0FVX3lxTE5reE4xTWpJeXNHbC16Wm5MWmdRUkxnYmJxa2V0M1VFaDA1UlBlLUNHWVh2WnI2VjYzdkx5VThhUFRncGhHWHFyWENQMFJ1eUhDNXdDam1FWVYzalU?oc=5,"Tue, 04 Aug 2026 07:00:00 GMT",2026-10-09T11:07:27+09:00
GoogleNews:食　政府,食　政府,移民と社会：特定技能「制限」 食の現場困惑（その2止） 上限突破、政府「分かっていた」 - 毎日新聞,https://news.google.com/rss/articles/CBMiaEFVX3lxTE1ob0tQRXFlQWZ4ZUNxbTNFYXpuWnhjZzdNRFBESDhQUVZnRnlKQko0cE9fcDdITDJSajlsM19NbnAwLUNTbUctR2s4NjdyMzYteXhJajFCWFNzdGxyV2VFOFNLVXNwRVNF?oc=5,"Tue, 18 Aug 2026 07:00:00 GMT",2026-10-09T11:07:27+09:00
GoogleNews:食　政府,食　政府,25年度食育白書 栄養教諭の地場産物の食指導は目標上回る - 教育新聞,https://news.google.com/rss/articles/CBMiVkFVX3lxTFB2cHVJajEzUWt4MVMxeUtocnhiZkxQTkVIQ20zRi1GbmRlMC11WTRXZTNQNlRpNUVQOTkwNW1FX29OY05ncVpxaWxURG9JUXFLZGNrblFn?oc=5,"Fri, 19 Jun 2026 07:00:00 GMT",2026-10-09T11:07:27+09:00
GoogleNews:食　政府,食　政府,政府、フードテックに9.7兆円の官民投資を想定｜植物工場、陸上養殖、食品機械、新規食品の4分野 - Foovo,https://news.google.com/rss/articles/CBMib0FVX3lxTFBSVzNZTEFzTnh2c0hMOENERmtSelZpT0M3a3FvNjh1TmhXQjQwRVNXU1NCRC1nbmtFMXF1OGpxSFgtY1A3OThmdkVSanE1b00tVFozOG82VmdNeW5tVkNnZ2pFcXlkT01JaVlqZnFjcw?oc=5,"Sat, 27 Jun 2026 07:00:00 GMT",2026-10-09T11:07:27+09:00
GoogleNews:食　政府,食　政府,ユネスコ認定食文化遺産発信 ＡＳＥＡＮ日本政府代表部、レセプション開催 - じゃかるた新聞,https://news.google.com/rss/articles/CBMiY0FVX3lxTE02NWc4S2U3X2x3ekQ5UFZqTkdGMDUtSGlxZEt0X0FUMWJCdUVZbE9TV0RIWmxrV05NYzRLdzhKeHN6RFdidm9halFlV0NPV19hS0ZpbGw1SnBZQ1RnSXB3Zl81WQ?oc=5,"Fri, 03 Jul 2026 07:00:00 GMT",2026-10-09T11:07:27+09:00
GoogleNews:食　政府,食　政府,政府備蓄米無償交付事業 お米のフードパントリー : ブログ : - 公明党,https://news.google.com/rss/articles/CBMi9gJBVV95cUxORDhNQ0dlNnp2Q2hZT2FGV2IxRURpVzAwb21TdVB1dlZqcUVQa21fOGxnTFNDM1BFSTE5QXNCaWsxREtxQVpneGQ1MVowNXd3ZFJneUhKcGZLY09mQVVWNHVtekIyb1ZIOTk0M21Nc1hHd3MxTllucGZXelk5Nm1aeEVwRHo4YnlEcW1mYmtEU0M1eUxocl95OGNsdjZxNUQyVU00THFXS3owRy1Zd25kejY5NTI3VDB2S0NEVXV6SlAyd3hSOWEtMVlrV0VtU1lpeFJnOUlYU19ldVM4Q3FiRUdyMmpicGtGUUZPRGpzZVlDUzZqRlB3UE5sUGI3ZUZyX1lyN3FhVVRMYldiRDFRZUg5VE91MkdmeWJvUUVvd0dxQ3ZYRk1NQkhwVmh0RENiWExsX1lOaDhEOG5UUi16WGVXUzI4aFVvNW5kVjhwb05uSS01eFlmaTVPNHlQdXpXR1EwSEhlVEY3N09qNk5aV3lJY1otUQ?oc=5,"Mon, 10 Aug 2026 07:00:00 GMT",2026-10-09T11:07:27+09:00
GoogleNews:食　政府,食　政府,米価暴落「備蓄米買戻しを」京都食健連が近畿農政局に要請「米農家は不安でいっぱい」 - 京都民報Web,https://news.google.com/rss/articles/CBMib0FVX3lxTE1jWDVFa3ktemdfZ0Izb0kweWpRZ3E1SUtqc3k3QWxjTXpBaXYydXlRLUdOUVNyRHRGS2NmQ2xzYVRBQWxpTXRfNWljckVaVmwza2RzV0xfRlNuV1ZycmdBZWtNOVZHOW82SnJiSUwzWQ?oc=5,"Sat, 22 Aug 2026 07:00:00 GMT",2026-10-09T11:07:27+09:00
GoogleNews:食　政府,食　政府,英国政府観光庁、日本の旅行会社を英国へ招聘 イングランド各地の文化・自然・食の魅力を紹介し、地方への送客を促進 - PR TIMES,https://news.google.com/rss/articles/CBMiakFVX3lxTE5tNXpGeEFLbHE3ZzZGdkNudm1SdFBrUXJ6a1lDMWpfb3NXdkNIVC1jdXBCd3ZIaDNXQUZzNndST2cyV1FLcUl2NUZmRndJYmN4OEVLanktLVVlZ1RHMWZNWnFLQXVDb2Zycmc?oc=5,"Wed, 29 Jul 2026 07:00:00 GMT",2026-10-09T11:07:27+09:00
GoogleNews:食　政府,食　政府,フードテック（後編） - 政府広報オンライン,https://news.google.com/rss/articles/CBMiZ0FVX3lxTE5tWE5aSFR6eGg5c3NNQldKRGxqbGlyUXFXSGRIeldCeW1VdXhvOXZKaWwtd0hUUHFsY1ZCS25BTUVWNTg4VmFnRGE5ZHlwZms1aDlyWkFfMS1QaTR1bjBPWmszc0p2dEk?oc=5,"Thu, 16 Jul 2026 07:00:00 GMT",2026-10-09T11:07:27+09:00
GoogleNews:食　政府,食　政府,｢政府の人口統制､5Gで操られる…｣《コオロギ昆虫食》給食コロッケから始まった大炎上→倒産したグリラス元社長の告白 - 東洋経済オンライン,https://news.google.com/rss/articles/CBMiW0FVX3lxTE44bHVUOFJQUXN5RXkzN1JOS295TU13cHlUWHNzV1Y5LTZrb296YkRZUFI1Q0JVVWo3QkpwQTRoV3puWHdlYUFYS1pyb2tlcXMwQWdyRzNNaFlKeEE?oc=5,"Tue, 04 Aug 2026 07:00:00 GMT",2026-10-09T11:07:27+09:00
GoogleNews:食　政府,食　政府,政府の成長戦略のフードテック、食料安全保障、バイオエコノミー、AI・ロボティクス・精密発酵の最前線までを一体的に読み解くイベントを開催 - PR TIMES,https://news.google.com/rss/articles/CBMiakFVX3lxTE5rWkRDbzUyNVdSLWh1b2c5d3h2LXlBckRVY2F5RGdKaFlOUUxSNmZUY2RycDNqY2EwVkVEZjN2Y2xqN2k1R05PdjI5RjFOWHp2YWNQUjBTaEd0bmE2OGc3OFdEQnJ2T0NMOWc?oc=5,"Thu, 07 May 2026 07:00:00 GMT",2026-10-09T11:07:27+09:00
GoogleNews:食　政府,食　政府,フードテック（前編） - 政府広報オンライン,https://news.google.com/rss/articles/CBMiZ0FVX3lxTFBTQnl5NkdUQ3BFZU1hOEdSWXo2WXIwUFVSRXBKYTIyTk9MdGNRQWRjTWpzNC1VeE8tejU5WGZLa2VoTXc4U1ZkMGJUUjFmcW4tZHE0QzZWOVg0ZW1rb0M2alFlTnRnaDA?oc=5,"Thu, 09 Jul 2026 07:00:00 GMT",2026-10-09T11:07:27+09:00
GoogleNews:食　政府,食　政府,｢政府の人口統制､5Gで操られる…｣《コオロギ昆虫食》給食コロッケから始まった大炎上→倒産したグリラス元社長の告白 - 東洋経済オンライン,https://news.google.com/rss/articles/CBMiUkFVX3lxTE0ySDlyUjNIdlJiYTRIbnkwWmxfM2RNVmVRb3pSNmVOQ2dlTXh0Q0ZtS3NRRkh5V3RvOHoydUdNUl9lTU9RZ014ajIweWwxSGp2M1E?oc=5,"Tue, 04 Aug 2026 07:00:00 GMT",2026-10-09T11:07:27+09:00
GoogleNews:食　政府,食　政府,「世界一幸せな国」が贈る、至福のディナー！フィンランドが世界を史上初の公式試食会へ招待 - PR TIMES,https://news.google.com/rss/articles/CBMiakFVX3lxTE41QmgweHRfU0Y1ZDlzXzAxS0ZsUGwwWFJ1anFvT0tfTmIyVTdoLXp4Y1JZLWcwLVRFaEVYTktsRVpJeDh0QXZ1clBPNU9UT1RaeU9JM09tV2JvTXZkMGpIeFdWSDZMMjlyQ3c?oc=5,"Mon, 18 May 2026 07:00:00 GMT",2026-10-09T11:07:27+09:00
GoogleNews:食　政府,食　政府,物価高で生活苦しい学生たちを応援…「フードバンク霧島」が政府備蓄米50トン、1人10キロずつ無償配布 - 南日本新聞,https://news.google.com/rss/articles/CBMiV0FVX3lxTFBuZ1RnU1M1X3NzdXRDamZtbWNkMlVNYVliT1FSME5tZlRKSFJBRE5CejNMT3k0REk5TkpmQk9OVmVlR2h1ak1YYUJDbTJLVkNtZDFub2dOSQ?oc=5,"Mon, 01 Jun 2026 07:00:00 GMT",2026-10-09T11:07:27+09:00
GoogleNews:食　政府,食　政府,フィンランドの自然が育む食の魅力、レストラン「Grön」がミシュラン二つ星、「Boreal」が一つ星を獲得 - PR TIMES,https://news.google.com/rss/articles/CBMiakFVX3lxTFBIdDVmUVpWYmxNdjlqaGJORERQNmxhc1BOZVlZa1g1VVNXdEdHcEVRY3F3WUpsSG1UZWRTZ1FSZmpJck1QTWltT0pPUkRmLVhma1FXV2FMU2FUWEtKRFp1RlE0ckNVbGcxSVE?oc=5,"Wed, 24 Jun 2026 07:00:00 GMT",2026-10-09T11:07:27+09:00
GoogleNews:食　政府,食　政府,世界22市場の旅行基礎調査を発表、インバウンド地方誘客のカギは「食・自然・体験」 ―日本政府観光局 - トラベルボイス｜観光産業ニュース,https://news.google.com/rss/articles/CBMiVEFVX3lxTE9ZaG12R1JGdzJiaTFfdzJsZmRFMUN1WkVtaFFkOVhNZ1gxRkx4OWluU0R0Q1VLRUJWUTRveW15YmFWenJXdzdmS3p6MG94Y2xZa1RoXw?oc=5,"Tue, 28 Apr 2026 07:00:00 GMT",2026-10-09T11:07:27+09:00
GoogleNews:食　政府,食　政府,高市首相、フードテック関連企業5社と面会｜国内外の需要創出に意欲 - Foovo,https://news.google.com/rss/articles/CBMib0FVX3lxTE9PWEdOQ2hWYXR1c3lKUlpoamJCTjhmYUlISWRhbjVUaE1UZmpsQUE4V05IWW9pTzR3dDZSMHYwWUFkcTN2RUtDLTIwUkhmMVFaTHFJbVlkRGhZYVdLdkg5azItSHZmdGFFeFJfZjJIQQ?oc=5,"Mon, 27 Apr 2026 07:00:00 GMT",2026-10-09T11:07:27+09:00
GoogleNews:食　政府,食　政府,政府が経産省の食品輸出事業者を支援する「日本の食輸出1万者支援プログラム」とは？ 中小企業庁、農水省、JETROなどが連携（ネットショップ担当者フォーラム） - Yahoo!ニュース,https://news.google.com/rss/articles/CBMif0FVX3lxTFBoOG5ITWZUSHFyb0Uyc2Vha3ZoZzMxSFFsX0t4Y0gwajZUc3FrNmY2VXRxN2FILXZaMGdMZk5jX0hOSWJobWZTNGx0NUs1THFjRl8wSm1xNTAtcXdwWE9ENGlyYlZ4SFdJYURjWU8tUEVUOUV1VUFIdzgtVnU1UGs?oc=5,"Sun, 26 Apr 2026 07:00:00 GMT",2026-10-09T11:07:27+09:00
GoogleNews:食　政府,食　政府,香港政府観光局、新キャンペーン「テイスト香港」で美食のまちをアピール、旅行会社向けに販促サポートも（PR） - トラベルボイス｜観光産業ニュース,https://news.google.com/rss/articles/CBMiVEFVX3lxTFAzMENVVEJiZlZTSW9uOS0xcmJiTG1GQzE5RDNZV3lfbExCYjE4U3pVbzRqYjFOSzA5dmd2VFE5dGZEMDlwbzd6cmo2QzlLcVRaMlVxZg?oc=5,"Thu, 23 Apr 2026 07:00:00 GMT",2026-10-09T11:07:27+09:00
GoogleNews:食　政府,食　政府,画像 | ｢政府の人口統制､5Gで操られる…｣《コオロギ昆虫食》給食コロッケから始まった大炎上→倒産したグリラス元社長の告白 - 東洋経済オンライン,https://news.google.com/rss/articles/CBMiXkFVX3lxTE1QZXFpQk56WUdiR1VMaUdwRGFzSm82OWE3VUloX0ZFLXk1a1ZIRmM1YlIzVUYyN2RZRzMtbl9KNEEtWFloaENhckJGVGIwRkYwUnNBZklzS3hhYnNoUVE?oc=5,"Tue, 04 Aug 2026 00:16:21 GMT",2026-10-09T11:07:27+09:00
GoogleNews:食　政府,食　政府,【商業】タイ政府の消費刺激策でフードデリバリー急伸 初日だけで30万人が特典利用 - バンコク週報,https://news.google.com/rss/articles/CBMiUEFVX3lxTE1vdXpDU2t4aU9VOEZvRG1SSkNwbm83RXJ1VXdIQmo1YWgtNHYydzhzZnJLZWhHMzhfU0kxSUJQMmEwVmVaOGI0MG1nOEcxV2dH?oc=5,"Fri, 19 Jun 2026 07:00:00 GMT",2026-10-09T11:07:27+09:00
GoogleNews:食　政府,食　政府,帰国便はインドネシア政府専用機で驚きました！ - FlyTeam,https://news.google.com/rss/articles/CBMiZ0FVX3lxTE9HdEl2ODNTdnZDSHBiY2JLZ3NIZVBDMk42Y0g5Vmc0Zm5SU1ZPSWFLR3VkV3MwTTdQSkw4cm03UVBMZ01DT2pQVDcxZ0IzNFJBYmJhejZWdmRfNlJ4d2x5eE5sVTJlNTA?oc=5,"Tue, 19 May 2026 07:00:00 GMT",2026-10-09T11:07:27+09:00
GoogleNews:食　政府,食　政府,政府の成長戦略17分野「フードテック」や食と農林水産業の未来を「協創」する研修型カンファレンス「ONE SUMMIT 2026 in 新潟」を開催 - 新潟日報,https://news.google.com/rss/articles/CBMiXkFVX3lxTE5VckZZT3E4Wi1vcHp0NDFSQXJBQjlFbm1uNHRZbklPUGVyOGsyOEI4dWEyeGNhTHBrQzlQQmM2VTFZMUVYLWsyODVMaVFzd2dRTzNIa01kNDB5bnNrNEE?oc=5,"Mon, 06 Apr 2026 07:00:00 GMT",2026-10-09T11:07:27+09:00
GoogleNews:食　政府,食　政府,片山さつき財務大臣へ、外食産業の持続的発展に向けた緊急要望書を提出｜お知らせ - 一般社団法人日本飲食団体連合会,https://news.google.com/rss/articles/CBMiVEFVX3lxTFBkZVRuN3k4YlZIUDBFRWxpUERNU2FwR2VVLUt3cnBHdjFLTHUyZzh6Q2t1WEMwVUprU1lndi1pN0NLMlNDMEZudFpYZTFvLW5QU0NsXw?oc=5,"Thu, 29 Jan 2026 08:00:00 GMT",2026-10-09T11:07:27+09:00
GoogleNews:食　政府,食　政府,政府、17の戦略分野で先行技術を指定｜フードテック4分野では植物工場・陸上養殖を先行検討 - Foovo,https://news.google.com/rss/articles/CBMib0FVX3lxTE5HYmN5ZkpqVlpxOWtjd29xZmxnSDFINFRrT2pQemhwVzVBOXBCV0RCS1FOTmNaQTJYajZURGplSjc0TDVtUFBFSS1jNzZlYUpIQlVPMllTUnFSc1NtMF9QYmg2Y05TSGg4WXR3UThOcw?oc=5,"Mon, 06 Apr 2026 07:00:00 GMT",2026-10-09T11:07:27+09:00
GoogleNews:食　政府,食　政府,政府、フードテックWGを設置 17の戦略分野で成長戦略の検討体制固める - Foovo,https://news.google.com/rss/articles/CBMib0FVX3lxTE1UZUI3U1RjV0w2MTY0S3F5QU03T2tqZzY3QXlFeVRaMnF5UXBNVmlZU2RROV9sdXdXU1h3MHBVY3VEcDRTdXpLWVlkMEI4ZjN5ZGdJMTgxbHhGNDBTbmFkRzdzYi1ZWFVHNlZRWjNWSQ?oc=5,"Fri, 26 Dec 2025 08:00:00 GMT",2026-10-09T11:07:27+09:00
GoogleNews:食　政府,食　政府,過去最大規模「FOOMA JAPAN」開催へ、政府成長戦略「フードテック」の実装焦点 - MONOist,https://news.google.com/rss/articles/CBMib0FVX3lxTE85OU5Uc3U0U3R6UkM1TW1BWmNLUnZ6Q2p6Yk1lOFpLQ1cya1pweGFzTUp3QTRUMTE1ZWdPMDNjcUpoamt4QW1sQ0xva1hoLVY4X2JQd19XcUV0bmxtUzN1WjFkYkRnUTlZNENvcmNrVQ?oc=5,"Fri, 03 Apr 2026 07:00:00 GMT",2026-10-09T11:07:27+09:00
GoogleNews:食　政府,食　政府,日本政府、フードテックを国家戦略分野に指定｜官民連携で供給力を抜本的強化 - Foovo,https://news.google.com/rss/articles/CBMibEFVX3lxTFBZTUh6VldEdzJiQmw1VVMySTlMSGIxTGVDRWR6V1BmMDdyZUhPUGtTMmVsN1FVSVduM05ZNGNuelMyaXFiYURHTjJuQ3VVbk01bThiLTBQa3FUeXFTNU5aMVZablZrV0FYYU9tcw?oc=5,"Fri, 07 Nov 2025 08:00:00 GMT",2026-10-09T11:07:27+09:00
GoogleNews:食　政府,食　政府,【お知らせ】2025年10月こども食堂へ政府備蓄米の無償交付の追加支援について - musubie.org,https://news.google.com/rss/articles/CBMiTEFVX3lxTE51eFhFZEt0LWpWOHp5UHQ0X2FBRlB1TmFGLTZSazRMU05WcVdDQ3dCTVVJZlZra1AydDdUZFJFMGFrUkJtOEdNVWcxZkI?oc=5,"Wed, 08 Oct 2025 07:00:00 GMT",2026-10-09T11:07:27+09:00
GoogleNews:食　政府,食　政府,「食の危機管理」を政府一丸で対応食料供給困難事態対策法案 | お知らせ | ニュース - 自由民主党,https://news.google.com/rss/articles/CBMiXkFVX3lxTE1nZFlRZ2RBMHdWVXo0SnZpT3UwVElOUHpNY3RaN1RYXzdIamthdEE5QUZNQmRZNVJOd2ltbWJyZi00LWJMVUpzcXFxY0JyWjVUYXhZWnVteHlmVDFycUE?oc=5,"Thu, 21 Mar 2024 07:00:00 GMT",2026-10-09T11:07:27+09:00
GoogleNews:食　政府,食　政府,政府がすすめる｢食品備蓄｣。元海保で防災士の石油供給の不安を回避する｢防災備蓄｣とは（川崎みさ） - エキスパート - Yahoo!ニュース,https://news.google.com/rss/articles/CBMiiAFBVV95cUxPaXljdldQVGs3bE9pcXRSUF9rdUcxdlVlYmJIOTZyWGNRaDhXOXVmZFZKWndkeFBRcGdmbm1TZy1ZVW1aOGh4V19MSUlPcDlBUTFNVVVtVVhhQ1ZNQWw1Sk5ncU5tQ2RFMFd6dVJobWVSOUs4M0ZNN2J6eElPYkk2MlJaSVlheThZ?oc=5,"Sat, 04 Apr 2026 07:00:00 GMT",2026-10-09T11:07:27+09:00
GoogleNews:食　政府,食　政府,アメリカ政府が新しい栄養摂取ガイドラインを発表…タンパク質、脂肪を摂り、糖分を避ける - Business Insider Japan,https://news.google.com/rss/articles/CBMiiAFBVV95cUxQcC16Sm1oemxSeTVNb2d4R21hanhNcDhaMUhwdzBVa21Zd0FEWktwZnRCNFZaRmlxOGdMRHBfdHRfRi14RWRRbDh4MjVJczZfWFEzcXptTDJsU2dZYk92SDFaRGs2WXI1WGtsNVEtQXVVU1ptYkRaMnE1ZldsdzVRM2VVRkpQWG0t?oc=5,"Sat, 17 Jan 2026 08:00:00 GMT",2026-10-09T11:07:27+09:00
GoogleNews:食　政府,食　政府,イタリア政府、培養肉を禁止する法案を支持　食文化の保護が理由 - BBC,https://news.google.com/rss/articles/CBMiTkFVX3lxTE8xdDJTZVp3T0J5ekdRT0J4WFlldTF0WGFsS0IwbjRJYUhIMm9VaWNFVjdMU2E0M3lTal9mY0MwMGd6QTVWcDNfLTIwa2hzQdIBU0FVX3lxTE5FU2l4SE9Pa0JjdkZLSzBBRk10TzUwZnlfYWFkUE5KSFVHalJLbW12TTBzY3pTajh4UERwV29fekFVQU5JV0NyemhHc2hUNzZEa2FZ?oc=5,"Thu, 30 Mar 2023 07:00:00 GMT",2026-10-09T11:07:27+09:00
GoogleNews:食　政府,食　政府,音楽から食・文学へ拡大する韓流…韓国政府の報告書が示す新潮流 - AFPBB News,https://news.google.com/rss/articles/CBMiUkFVX3lxTE9QTnNoWkw2MTNqVlc0YUw1U2xXZEtTN19OTWwzeVB4RnlGWjNGS01fZUJoTzBDVHNoZkI3dXRvclBLS1Rza3R6N3o1bl92Nm5PcnfSAVRBVV95cUxPcXowWm1Yb2FBQlYwbkJtMGdpelpldmxvNk1pZW5yTlVYT2gyY3duQm5nSnFMUTlsVkVrZXdTU3BhVV9QaWlBV3luVFVvQ2xtbGF5Vms?oc=5,"Thu, 26 Feb 2026 23:02:20 GMT",2026-10-09T11:07:27+09:00
GoogleNews:食　政府,食　政府,米政府職員がフードバンクに長蛇の列 長引く閉鎖で給与出ず、生活困窮 - CNN.jp,https://news.google.com/rss/articles/CBMiUEFVX3lxTE5wVmNSQjF4ZURmUXVabmNpVXQ2QXB5TVluYjNseFBkTl94WmZOaGF3T3IwT3NMcUk3cFd5U2xoaGlpdzdta0FmX0VQVHNrclpH?oc=5,"Wed, 22 Oct 2025 07:00:00 GMT",2026-10-09T11:07:27+09:00
GoogleNews:食　政府,食　政府,2025年のフードテックを振り返る：国内の細胞性食品が前進、精密発酵は市場投入拡大、日本政府もフードテックを重点分野に - Foovo,https://news.google.com/rss/articles/CBMiX0FVX3lxTE1TVVZMcDBtQ3dTSXQ2Zk9mSEowUnJpTU13aFQyVjJfbFp6Sm9WMlE1Y0M1QktSTEJOUjlSOGZKTm5reXc2b0tyOTN3S3N1Rzh5RXBrc3V5M1RpNHpVTGVF?oc=5,"Mon, 29 Dec 2025 08:00:00 GMT",2026-10-09T11:07:27+09:00
GoogleNews:食　政府,食　政府,日本政府「成長戦略17分野」のフードテックで農業課題を解決するAGRIST、北米市場展開に向けて投資家や現地企業パートナーシップ構築を加速 - PR TIMES,https://news.google.com/rss/articles/CBMiakFVX3lxTE9oOGgwR29oLWFETTNWRkhOV0dTOWV1WGt4Z3AtRWpjZ1dWNWRCX1VlbEtjMWZzakpHZWJTYkpsdWQ5d28wS0dtQnhHY0VWSkRqc0laN2ppSVZpRXpON3F1S0FIZGRwT0cyREE?oc=5,"Wed, 08 Apr 2026 07:00:00 GMT",2026-10-09T11:07:27+09:00
GoogleNews:食　政府,食　政府,【お知らせ】こども食堂へ政府備蓄米の無償交付の追加支援について - musubie.org,https://news.google.com/rss/articles/CBMiTEFVX3lxTE9CTDZFUkVpeERnd0VSZUlJeWVCT1Z5OE00cVJtQm9Zak8yQ2VXTThOT0V3QV9DaFI5M3dtMUp5cEZtV0o4Q01OSzVmXzQ?oc=5,"Thu, 10 Jul 2025 07:00:00 GMT",2026-10-09T11:07:27+09:00
GoogleNews:食　政府,食　政府,政府「農山漁村の宝」 三本松高「食堂プロジェクト」選定 食育推進、地域連携を評価 - 四国新聞,https://news.google.com/rss/articles/CBMiiAFBVV95cUxQTUE4MDU0NkhaZ3BJTjdEbHJQcy1yQjR3N21ldjJXV3BzNW1WT1FyYTVvVlhQTFEtb015cjQ5SlI1M0ZJcTlLLV9zN1YyN2FrMGI1NFRBdUFHbThpdE9zRGVqYjlpbXhXTzBCVFJ2TGdDMU85c2xxU190MmNtaVNpRjYzZlluNXZf?oc=5,"Tue, 13 Jan 2026 08:00:00 GMT",2026-10-09T11:07:27+09:00
GoogleNews:食　政府,食　政府,政府備蓄米 フードバンクに - 日本共産党,https://news.google.com/rss/articles/CBMidkFVX3lxTFAyQXFCQ3hPZWxTTXl6TUZmd2lJV2Zlejl2REZRQ1BVd2R5TU1MbjY1alVFSHpoMENBRkRNaGpJY296QmpFWVN2UTdPamRicTZHMlJ6cklUVG5FS0tLT1dxblVQeVRJQl9rbXRCZUFUekhGQ1RDekE?oc=5,"Tue, 07 Jan 2025 08:00:00 GMT",2026-10-09T11:07:27+09:00
GoogleNews:食　政府,食　政府,政府備蓄米の売渡し拡大 中食・外食・給食向けにQ&Aで詳細を提示 - ウェルネスデイリーニュース,https://news.google.com/rss/articles/CBMiVkFVX3lxTE9MREllM1hESEtyd1lTSlFYellQTXVaTU8zWXp1SVFGZTl0bmxYWm1YZFFXaVUtSU9IcEJ4Wk9iMWVxQVRORzVzcmEtMENMa2k4NUNNbzFB?oc=5,"Fri, 20 Jun 2025 07:00:00 GMT",2026-10-09T11:07:27+09:00
GoogleNews:食　政府,食　政府,“食”の適正価格へ 政府の「フードGメン」が始動 公明推進 2025.10.28付 - 公明新聞電子版プラス,https://news.google.com/rss/articles/CBMibkFVX3lxTE1EM0pYVkVwYThla0FFZlcyWFZZYWN1QmNSNTNnUmR0dzNLM2dpcTQwckNCQWhiTWpvVTQwbVNOWlJFbUtDNTVfdC0yVzBVTU55LUo0X05iRlFhdDRMRm9mWndOUHM1WEpjTjA3NUt3?oc=5,"Tue, 28 Oct 2025 07:00:00 GMT",2026-10-09T11:07:27+09:00
GoogleNews:食　政府,食　政府,「新スタミナ食」ヤギ肉…韓国政府、韓豚・韓牛のように育てる - 中央日報,https://news.google.com/rss/articles/CBMid0FVX3lxTE5oX1Rxa1lValU1Ykp2MXB2bWhEbUlzcjFxUUFmNmxlQmdHazF1Xy1qQzF3Y191OHJ1MUduMVR4Y24wN21IclZqd3I5cXRscE51WDRneS1jSEJjVFdhcmlqMVNVSC1QRlU3aHVXUnpESkRSY3dKV0hZ?oc=5,"Wed, 25 Feb 2026 08:00:00 GMT",2026-10-09T11:07:27+09:00
GoogleNews:食　政府,食　政府,フードバンク道南協がＮＰＯ法人化 政府備蓄米無償交付対象に 「さらに安定した提供を続けたい」＜みなみ風 - 北海道新聞デジタル,https://news.google.com/rss/articles/CBMiWkFVX3lxTE9kS1RGQ0dHQW9BcGtwS1hkQVZibkFhMFl5NE9RS0puUHBPa3NEUkZiVlBFdEluaEM1TTViLUx0dUVJNG0wd3o1UHNPNlYzUHZmZUtfNkxQcmdadw?oc=5,"Wed, 25 Feb 2026 08:00:00 GMT",2026-10-09T11:07:27+09:00
GoogleNews:食　政府,食　政府,【タイ国政府観光庁 後援】タイのおいしさは発酵食にあった！ 現地で食べて習って追求したタイ全国の発酵レシピが一冊に - PR TIMES,https://news.google.com/rss/articles/CBMiakFVX3lxTE0ycjRlVFFfNTNlNDZUWTc3U2hqb0ZJWG44bm5ZckhnekI2dk0xSV9vVkFFWnduaW5JRDJXSEw4MDQwVmM0akNZM2EtZUxoWlgwM21GdUVNREQxODlQSlZXWGVOVjNTUFFkZnc?oc=5,"Thu, 18 Dec 2025 08:00:00 GMT",2026-10-09T11:07:27+09:00
GoogleNews:食　政府,食　政府,食支援と食品ロスの削減に貢献する「ファミマフードドライブ」 日本政府公式SNS「JapanGov」にて紹介 - ファミリーマート,https://news.google.com/rss/articles/CBMidEFVX3lxTE1EWFh1bmczblBUTkFtOHpYQ2ZTN2tXZlVrcHV5VE5QRUcyRWFPajV5M0FyVnBQRnRJeDZYQldZRXVTTkp3TmlNQ1hzbk1Danh6T21CZTNzR0gzZ1hrNGctZ05LeDIyX3FxQTFodXBlVnQ1SnpI?oc=5,"Tue, 30 Jul 2024 07:00:00 GMT",2026-10-09T11:07:27+09:00
GoogleNews:食　政府,食　政府,インバウンドの「食」による消費額、2030年まで約3倍の4.5兆円を目標に設定、農泊推進や海外向け発信を強化、農水省の基本計画で指針 - トラベルボイス｜観光産業ニュース,https://news.google.com/rss/articles/CBMiVEFVX3lxTE5tbGVPa2JzdG81QkN3c29kUmY5cDVnNXg4MzJMVE5yWEJteElyamdocFlURnRQQXF3VnU4UHZMREdYVEZXbFB2b2c3WVRPQ3FsaTBGUA?oc=5,"Thu, 12 Jun 2025 07:00:00 GMT",2026-10-09T11:07:27+09:00
GoogleNews:食　政府,食　政府,シンガポール政府観光局が、食文化を通して新たな旅を提案 西武鉄道のレストラン車両「52席の至福」で味わう「予想外の体験。シンガポール」 - PR TIMES,https://news.google.com/rss/articles/CBMiakFVX3lxTE9aQ252SFZ3VWFReWQ2a2VIcEFNM1piQ20xQUVQcFoyaTNKcF9vUTJGQURDUEhyQXhNQzFIS2stTWNqaFlObGFXeENLTzdMT2NpVzY3S1VJTGcyS194NTZCUW9veUFVMjRRRHc?oc=5,"Mon, 09 Dec 2024 08:00:00 GMT",2026-10-09T11:07:27+09:00
GoogleNews:食　政府,食　政府,年末年始「緊急 食育セミナー」開催 ～アンケート回答者へ政府備蓄米3kgを無償配布～ - Infoseek,https://news.google.com/rss/articles/CBMickFVX3lxTFBmajdIRVh1SFlMbmVuVFhOazZDRXY2Tk11c2kzOVZtNW11aWxlZFZ1OHlWRE5rMDRHREh4S3ktS21CZTRuQ0UwRUpBaEI1enRXT0p4MmVLUWxKTGJTLUlpazBPYlk4U290eEsyMW94T0lHZw?oc=5,"Mon, 01 Dec 2025 08:00:00 GMT",2026-10-09T11:07:27+09:00
GoogleNews:食　政府,食　政府,チェコ政府観光局がチェコの「食」に特化した パンフレットを制作 知られざる美食の国チェコで2023年に開催される 食のイベントを紹介 - アットプレス,https://news.google.com/rss/articles/CBMiTkFVX3lxTE1ja2lvSWh4TUJNX0dQcXRNQ0ZJNmJIX0tEWEpnV2dlZDVQWGhTenRkUVNVQlRXVVBkeklSNTY2X2NnNS1qV3N2NXlNV2VnUQ?oc=5,"Tue, 28 Feb 2023 08:00:00 GMT",2026-10-09T11:07:27+09:00
GoogleNews:食　政府,食　政府,「農林水産省 政府備蓄米の無償交付の制度」説明会のお知らせ - PR TIMES,https://news.google.com/rss/articles/CBMiakFVX3lxTFBmQTh5ZVBEQVIyd1d1YnZVbHlIUTZ2QUFQcUVqVl9Bc2owdVFPemtMRVRaaUNGSldHS0lDTXRiUEdGS2c0N2FndVNxRnZScElTTGVqdG9nalBJVTdXcXIyYXE3ZHVaWXBwZ0E?oc=5,"Mon, 07 Oct 2024 07:00:00 GMT",2026-10-09T11:07:27+09:00
GoogleNews:食　政府,食　政府,マカオ政府観光局「2025 マカオ国際美食都市カーニバル」を開催～21 カ国・34 のユネスコ食文化創造都市が集結する美食の祭典～ - PR TIMES,https://news.google.com/rss/articles/CBMiakFVX3lxTE9FRU5wb3ZDN3lWTm1WbDNERkVHcW12Y3N3Mi1tQ09JMjdONE1QNW5uQ3EwN1gxc3o1bjZmOFFvNTgwWk1GZjNBd0xzWnlEMGRpV2tSYTlqWGdGOXZfN2g0c3lvSTJjaWsyRmc?oc=5,"Tue, 08 Jul 2025 07:00:00 GMT",2026-10-09T11:07:27+09:00
GoogleNews:食　政府,食　政府,植物性食品が未来をつくる デンマーク政府のプラントベースシフト政策 - ELEMINIST,https://news.google.com/rss/articles/CBMiSkFVX3lxTFBrZzJFdUtvcFFZcTJTNi1WSzItRkhDVm9VZk9KZ0xkdm5MNFQ3YU80LTQ2ckhCMHBIemdGUUk1QVY0MDVqbi05Smd3?oc=5,"Tue, 16 Jul 2024 07:00:00 GMT",2026-10-09T11:07:27+09:00
GoogleNews:食　政府,食　政府,ピカソが食べた「スペイン」 没後50年、食からしのぶ姿 - 朝日新聞,https://news.google.com/rss/articles/CBMiXkFVX3lxTE4wckwzNDZRMXdpT2JLM1RDTHh0VktTWGVwbVBoR0cxd01BRXlUYS1zOHEwTGhseDcwMXJBWXNSanVvZGM2UkNaYVpYUU1FOVZURjRjSnJiUDlMZ3ZxRHc?oc=5,"Fri, 21 Jul 2023 07:00:00 GMT",2026-10-09T11:07:27+09:00
