source,query,title,link,published,collected_jst
GoogleNews:コンビニ 新商品,コンビニ 新商品,セブン-イレブンから新登場!! やみつきになってしまう食感「159円の新商品」を実食レビュー（いぬきち） - エキスパート - Yahoo!ニュース,https://news.google.com/rss/articles/CBMiiAFBVV95cUxONENVZGRGYkh2NVpMTDZiRVhTdVpwVFhUejkzTUZyQmNPVVlobnNTRVhTLU1HLWlELUlmUHd6NGJNR0VWWmItazNVNmFMbjB0QzBjTV9zNUlfd0tNR3lLUS1UaDF3ZDEydF8ycTlYQ05oX1k1NHpCWTdwT04zbk1tOGJRdmZ5SWhz?oc=5,"Tue, 22 Sep 2026 22:01:30 GMT",2026-09-23T09:29:12+09:00
GoogleNews:コンビニ 新商品,コンビニ 新商品,セブン-イレブンが話題の新商品（354円）を9月22日に発売 食べた正直な感想（進撃のグルメ） - エキスパート - Yahoo!ニュース,https://news.google.com/rss/articles/CBMiiAFBVV95cUxNcmNFSVBPb2pSZmphc1l1SkZvVkg0U2xhenJhWWhsZEhQT0VveFdDeUx6OWYxSjFtSDZWWFhVTURVdGtHZzhRZ1RMNFcxQzRRV2Yxd1JEaUFvcURyaEtTd0VIbkdkbV81bmU0Z0dhSzRULUJ6akRHTUh4ZVlKUE5VenkyS1dMMDcw?oc=5,"Mon, 21 Sep 2026 14:23:19 GMT",2026-09-23T09:29:12+09:00
GoogleNews:コンビニ 新商品,コンビニ 新商品,大反響の「腕時計」がいよいよ再登場！ 「コンビニエンスウェア」 毎年人気のスウェットシリーズから新色「ライトグレー」や 新作のジップパーカーなど秋冬アイテムが続々発売！｜ニュースリリース - family.co.jp,https://news.google.com/rss/articles/CBMid0FVX3lxTFBxdU1NQnhRSkFxNUhCTHJwcWc0em1MQ3NVVXgyZlVTRUFXMXZSNWczQjI1cm9MNmtibkdqV1k4c014dEUxNThUbFpSMWRNTjlZdXJRY1E3TU94aUJ6elQxR0F3YmUyWVprNUZ3b01xMm5DTU9kSk1R?oc=5,"Fri, 18 Sep 2026 01:03:02 GMT",2026-09-23T09:29:12+09:00
GoogleNews:コンビニ 新商品,コンビニ 新商品,【これはスゴイ！コンビニを超えた！】今週のコンビニスイーツランキング３（9月20日）（キャプテン福田） - エキスパート - Yahoo!ニュース,https://news.google.com/rss/articles/CBMiiAFBVV95cUxPX3YybmM5NXRhcFNrSXVwUF9iQTBLZy1XeGh3bHZaMm1RVEk1b0ZnYnF6MEp3a0xIWlF0NEkyeGJsLU03NWNCcnRjeWlmVkZUei1yUVd1MEF0Ni10UDVHdjlnNUNHQzd6MU5Vd3hSdFhRQzk4THJXX1djVkp5SlVvVC02VXRkZUdW?oc=5,"Sun, 20 Sep 2026 12:55:14 GMT",2026-09-23T09:29:12+09:00
GoogleNews:コンビニ 新商品,コンビニ 新商品,ファミリーマートから新登場!! ヤバすぎて驚いてしまった「398円の新商品」を実食レビュー（いぬきち） - エキスパート - Yahoo!ニュース,https://news.google.com/rss/articles/CBMiiAFBVV95cUxNMlhNdnFia2t5REg0VWFyR2VoaGdvZUxsb3loV1BDbFBNUFE3clM5N1BxNWpPcXVMUktOX0MxLVNNbU1SQTNlNUFSRkphdld2UUZYY01IVHdpdHl2cWUwbG9SM1NWSnUyM1V6dDBrczMxRjd2YWxmdVpuSGxhaDM2MnpCZWNhVjh2?oc=5,"Wed, 23 Sep 2026 00:01:33 GMT",2026-09-23T09:29:12+09:00
GoogleNews:コンビニ 新商品,コンビニ 新商品,セブン-イレブンから新登場!! 人気シリーズの最新作「645円のパスタ」を実食レポ【全国販売】（いぬきち） - エキスパート - Yahoo!ニュース,https://news.google.com/rss/articles/CBMiiAFBVV95cUxNV0NtQjE3QWdqX0QzNU5waTlIemNCZjhQOXNjNTF4YXV5SEhpZUQ5bEIzNVlMRzY5ZnV4NHk4eDFyTkExejBWUDktWGxtQTkyT1Qzdkt4dHJ3VFI1SThHeUpDeVRXTktHbWRxN3lFVXpuSEVHcV9ab2pRUnVmcHJBSTJsUnFhUi1B?oc=5,"Sun, 20 Sep 2026 08:05:21 GMT",2026-09-23T09:29:12+09:00
GoogleNews:コンビニ 新商品,コンビニ 新商品,【セブン-イレブン新商品】その美味しさにドハマり確定「267円のおむすび」を実食レビュー（いぬきち） - エキスパート - Yahoo!ニュース,https://news.google.com/rss/articles/CBMiiAFBVV95cUxNUGRJbDRJdlJrMnAwWEdoVURTYzJsSlI3RGVaQkFlRTdKaHhzOFcxRFYyMUkwTXVyZ0F4OTNXZ2lHM1psRjY4dzhNZjltbjJVV3M5bzZsSVlNamNEYXRrODVGZmdIcFpldDdZNkRpM1I4RmtpV1YyR29iVnNUOXdBOWVXN21Yc1FO?oc=5,"Mon, 21 Sep 2026 04:45:45 GMT",2026-09-23T09:29:12+09:00
GoogleNews:コンビニ 新商品,コンビニ 新商品,ローソン297円弁当が凄すぎる…コンビニが高くなりすぎた日本の「残酷な現実」とは（ビジネス＋IT） - Yahoo!ニュース,https://news.google.com/rss/articles/CBMif0FVX3lxTE5lVDhrTkFybHM0RFVVNXRlTHFGSW9aMEo5SnV4bWFpU0ZXNWdwckhjbW5CMG5heF8telVqS05yM3NXb0tCR09Sbk9SSVRGQVZyemFOem0weWR3dENhLTZOazQ5YnhhZkN0THFtNlhnR0E4WThSNDJUdEFXYWU1Qk0?oc=5,"Sat, 19 Sep 2026 22:20:06 GMT",2026-09-23T09:29:12+09:00
GoogleNews:コンビニ 新商品,コンビニ 新商品,ファミリーマートから新登場!! たっぷりチーズにハマってしまう「498円の新商品」を実食レビュー（いぬきち） - エキスパート - Yahoo!ニュース,https://news.google.com/rss/articles/CBMiiAFBVV95cUxOaldKLThhNHFvdkI2eHNYb2lHZTM1TnRZa3lydjltZ2dEOTJWLTExQncyVWlJX1d5SnpMenp1SGFwcHJMQVFmcjFEVDlVLXVlNHVrbWswYXFoZHhHbG40X0pVZkZZNnpQN2YyYW5UeDJHejJCeGFmZkpiQ0NlbTMwV3E5dUpTb0xx?oc=5,"Mon, 21 Sep 2026 12:15:29 GMT",2026-09-23T09:29:12+09:00
GoogleNews:コンビニ 新商品,コンビニ 新商品,セブン-イレブンから新登場!! 間違いのない美味しさ「税込354円の新商品」を実食レビュー（いぬきち） - エキスパート - Yahoo!ニュース,https://news.google.com/rss/articles/CBMiiAFBVV95cUxPLXVuZFBDb0JzT3FHV19XNEFQQW9rREFtYmMzN0lXS3VKSjB3ME02YzBLVFBFUHMzQklBU1FsX0E1ZEtQVmFET3B2d1F5Nk5XMVFFY3gyWHBtVmd5a29vR29MS09PWERqUk1pYTJGTnF4Z0hJSkhTUC1vbzZoYmNSVHNYNUdlVkRz?oc=5,"Mon, 21 Sep 2026 18:01:30 GMT",2026-09-23T09:29:12+09:00
GoogleNews:コンビニ 新商品,コンビニ 新商品,人気アイスが2年ぶりに復活 早速買って食べてみた感想（進撃のグルメ） - エキスパート - Yahoo!ニュース,https://news.google.com/rss/articles/CBMiiAFBVV95cUxOLTgwWEo2WmM1RkxaaGdTY2FxS3hPcUh1M25EaWp6SlB4amh1VjRidTJiWElvU2hzekNvQkZWRm9HZUFPREI4YXNsUVV0Mml1MDNhVlIxQ0dtYlhQUUJGQWtmZDdMX2RLaVdKdFRSNjVzLWg3YkFyVDBkWkVUMUVxQzREbkp3a1JE?oc=5,"Sun, 20 Sep 2026 12:25:26 GMT",2026-09-23T09:29:12+09:00
GoogleNews:コンビニ 新商品,コンビニ 新商品,セブン-イレブンから新登場!! これぞ鉄板の組み合わせ「170円の新商品」を実食レポ（いぬきち） - エキスパート - Yahoo!ニュース,https://news.google.com/rss/articles/CBMiiAFBVV95cUxOaUVUSExjV2MwVkdzTWo5WEltSmhyemtmV0dKSThSc245a2NtdjFHM1B3aE5pczJZSHkxY3YyMUNMRy1tY0pQTW5jVFRTY2ozRGhVTEctTWc0VkVFbldrNnF3MW9rN3Y1REV4RFdpcUtEdlpIckRJTmN5N1A3Q2dydWh4bWlVZ29i?oc=5,"Sat, 19 Sep 2026 22:30:52 GMT",2026-09-23T09:29:12+09:00
GoogleNews:コンビニ 新商品,コンビニ 新商品,セブン-イレブンから新登場!! これぞ鉄板の組み合わせ「税込429円の新商品」を実食レビュー（いぬきち） - エキスパート - Yahoo!ニュース,https://news.google.com/rss/articles/CBMiiAFBVV95cUxQLXlOMUp2cWZmZUV5OFhaSVF4R0lNc3RiY2NwNWFRd3h1NnBQTFBOblRsajAwMmxZZjUxdTVxQ1NYWXBJbmEzaFlUSndRZHVRS1pLZDJpaS0xNEdOX2I4eVFTX0J3YkxLQTZNQ0luLXNydnE4VkRGTVpUS1Z5Z3I5LUNBOW1YOVox?oc=5,"Sun, 20 Sep 2026 19:30:59 GMT",2026-09-23T09:29:12+09:00
GoogleNews:コンビニ 新商品,コンビニ 新商品,セブン-イレブンから新登場!! 食材の多さで最後のひと口まで美味しい「429円の新商品」を実食レポ（いぬきち） - エキスパート - Yahoo!ニュース,https://news.google.com/rss/articles/CBMiiAFBVV95cUxPQVZ0UmJ5NEpuQ005N2xQTU1wWWFEWDJpVWdBX2t2Q2x0UWMySEhoSE80Z1VWalNPODJfb1VKSEMwSzJqc3RjR3FiZFA5c0doM2FiQzZRM2YzSkRZOUI1UVhsdUNhOVVlRmlKT3lhTHRfNkhydXRKM0tCbHE4R3JkbnVxNjcyQ0lG?oc=5,"Sun, 20 Sep 2026 22:31:01 GMT",2026-09-23T09:29:12+09:00
GoogleNews:コンビニ 新商品,コンビニ 新商品,ソーセージとごはんだけ！ローソンが話題の新商品（397円）を9月22日に発売（進撃のグルメ） - エキスパート - Yahoo!ニュース,https://news.google.com/rss/articles/CBMiiAFBVV95cUxNcWZwbVRUcEJCUk5WbWNHVGZld1pfb0o3dDZUYjZHc2w2WUo2THBSQmd5SXRabnVQdVl2SU9yd2hsbVJsaDFGcW9GQ3BsMzNJRXE0UGdxQl9iNGp4M3IyUk9xUE9GOXZjX0VCTE9yRWo1dndMYXJSTmk4OVBkekt0T1c4OUljemkx?oc=5,"Tue, 22 Sep 2026 01:37:00 GMT",2026-09-23T09:29:12+09:00
GoogleNews:コンビニ 新商品,コンビニ 新商品,【6個で192円！食べ出すと止まらなくなる美味しさ！】セブン‐イレブンの新商品にハマった！（キャプテン福田） - エキスパート - Yahoo!ニュース,https://news.google.com/rss/articles/CBMiiAFBVV95cUxQcVF1NnRwUFdzWkxjVHN1YWdSOE5IRGxuVlVUTmZydHQ1WWxvZUNJaFp6NlVjZFBiRXhyMHJETjBtLTlOSHg2MHlSd1ctU29wSVJ0aHpJZEVUZkhmQlQwUWpuMU14UzJOY2lZTlQ0VWJQZlFtNXo0eE03cWxkWVJhNWZSTkFTS0R6?oc=5,"Sat, 19 Sep 2026 15:39:30 GMT",2026-09-23T09:29:12+09:00
GoogleNews:コンビニ 新商品,コンビニ 新商品,【セブン-イレブン】まさに大勝利の組み合わせ「289円の新商品」を実食レビュー（いぬきち） - エキスパート - Yahoo!ニュース,https://news.google.com/rss/articles/CBMiiAFBVV95cUxPbk9EdGhNWVNCdTJxUi1Kei1Jem1nNGV2eUt0UHIwdXBUOURpenBsSkctYWZ0WHJiVnJYaTVmYTZHUWRJeHZtNGtqTDlmemY3c0s1Vk5rRlZhTkNqdzVCQVhWUHN0S2wyMTJ3Nm5sbzY0QmJXa3JkcExaOEwteUJLYXNrLVFlRlFu?oc=5,"Sun, 20 Sep 2026 00:45:32 GMT",2026-09-23T09:29:12+09:00
GoogleNews:コンビニ 新商品,コンビニ 新商品,【コンビニ新商品】9月8日発売の気になる商品を実食！スイーツライターのおすすめは…？（なかべぇ） - エキスパート - Yahoo!ニュース,https://news.google.com/rss/articles/CBMiiAFBVV95cUxNdTVFWEFuTUNVT1k2N3dQOVhxZURYa3RXV3IzNEs2aEVyQy1sS3IwWC1hTGhhUFdZUEZUdm1QcGxqOXpVZFhrNGFqSUtKendLOWc5U210QVVEUzkzbXpFQ0p3Q0pwV3ZPMEFjdTl6Q1IzT1VnVFJCd242ek1WTmZRbUxSVFBvSG5f?oc=5,"Tue, 08 Sep 2026 07:00:00 GMT",2026-09-23T09:29:12+09:00
GoogleNews:コンビニ 新商品,コンビニ 新商品,セブン-イレブンから新登場!! 鶏づくしの美味しさに感動の嵐「354円の新商品」を実食レビュー（いぬきち） - エキスパート - Yahoo!ニュース,https://news.google.com/rss/articles/CBMiiAFBVV95cUxPZGd1RUx2dElIOGd5NUwzTnRzNGNsemVTdUdraFhsSzI3MFBNMXdfMG9NU0FJY21wOEVidVBfeGNxaVdlVndCZ0xmVHp5TDk3a2NJREtrVGZsU0l3NkxGUHlPekp6NE03NVN1eE5YaFVPYTlPRENRTDB1ajFCa0h5d2FUSVNiaVhM?oc=5,"Sat, 19 Sep 2026 00:45:30 GMT",2026-09-23T09:29:12+09:00
GoogleNews:コンビニ 新商品,コンビニ 新商品,【これはスゴイ！まさかの仕様に驚嘆！】ファミマ「コラボ祭」で話題の絶品新商品2選！（キャプテン福田） - エキスパート - Yahoo!ニュース,https://news.google.com/rss/articles/CBMiiAFBVV95cUxPc19seVNzVUo4RlpsMUFCZ2VSdlJHMTVQdUh2anBvTkt5X2FxZ3dhVXhPUzFuM29LZDhKU1NSSWhLNWVWa2N0NzcwdjU2c0VSZDZsQ3ZlaEtrSVRLdldiRC1QT3JRXzk5M3ZtX2FmaVhOWlBSZjU3RVI0aTlPR0pwcXprR1lrS0Nf?oc=5,"Fri, 18 Sep 2026 15:35:15 GMT",2026-09-23T09:29:12+09:00
GoogleNews:コンビニ 新商品,コンビニ 新商品,【期間限定】まるで蜜たっぷりの『焼き芋』みたいなハーゲンダッツ秋の新商品アイスを食べてみた - Yahoo!ニュース,https://news.google.com/rss/articles/CBMiiAFBVV95cUxOV0lTVXhPVFV4MFhpQmd5bUp4Nks5UUk1ZkY2TlotMEowWHlLS004a0QtX1BaZjNYRG9ZcV9zV0drSFk1X1FJLVAxeXBXRjNmVFgzNzBGTWxnaFcwSXJpczlONkZaQWptOG14eU4zR1NPM0xndUZyQ25hTndpV2taOUJGVVdabVQt?oc=5,"Sun, 20 Sep 2026 10:00:52 GMT",2026-09-23T09:29:12+09:00
GoogleNews:コンビニ 新商品,コンビニ 新商品,【ファミリーマート新商品】食べ出すと止まらなくなる美味しさ「646円のパスタ」を実食レビュー（いぬきち） - エキスパート - Yahoo!ニュース,https://news.google.com/rss/articles/CBMiiAFBVV95cUxPcE5XdTBqZi1lenFHMXhkd05Fd09IRFAzSkQ4MnpXeExrS2RCNnNQbHZQaGVoTzFuZDFzQnpibVpoSGRFUzRnSzFjd25qaTRXUG5sZWlHbEwtM3ZkT1VYUXM3RHpUR1BTSHBxNC1EbHN1M01POGRYUW1oVGFuZFVXREZ0TXltTmZp?oc=5,"Sat, 19 Sep 2026 06:01:23 GMT",2026-09-23T09:29:12+09:00
GoogleNews:コンビニ 新商品,コンビニ 新商品,【ローソン】史上最大の具材感でガチ美味しい「298円の新商品」を実食レビュー（いぬきち） - エキスパート - Yahoo!ニュース,https://news.google.com/rss/articles/CBMiiAFBVV95cUxONzVvcG9iTVFwQzVHWVc4NGNPTTdaSWJGZ1UyWm83UFNsNENROC1Ka0ctNG42em9rYmxIcW5kTjIwYVJxUnMxeTd3aWpMdXQ2ZFhUS2lOazNPa0duZDVtalEzX3luUzlEMmE5QlcyMnJiTjlQeHZoWE1OTV9Celo5SUhqdFlZNE9G?oc=5,"Sun, 20 Sep 2026 16:31:10 GMT",2026-09-23T09:29:12+09:00
GoogleNews:コンビニ 新商品,コンビニ 新商品,セブン-イレブンから新登場!! ハマってしまう美味しさ「213円のカップ麺」を実食レポ（いぬきち） - エキスパート - Yahoo!ニュース,https://news.google.com/rss/articles/CBMiiAFBVV95cUxOODRfV0sxMVdFMGVqdmYzM1NZSDVGbUtRYlFMZ25UR3ZnV1BBa2ZRRV8yUVR0b2tsQU5iYzRpeUExNXMxUXNSUGNUcWZ0WjRFUXJ3NzFnRGJrWTZLOGp6NVBmRUFZckdQQklvRzZ4MUhTc0h5bDNJbE1Xd19TdGJFRnFDVlNfdzQw?oc=5,"Sat, 19 Sep 2026 18:01:26 GMT",2026-09-23T09:29:12+09:00
GoogleNews:コンビニ 新商品,コンビニ 新商品,【セブン-イレブン】全国ここでしか買えない！静岡県限定の新作グルメ3選「直火焼つくねおむすび」は静岡県産ハーブ鶏のつくねをまるごと1個使用 2026年9月22日から順次発売！「旨塩ガーリックパスタ 静岡県産ハーブ鶏使用」もチェック | LIMO | くらしとお金の経済メディア - LIMO | くらしとお金の経済メディア,https://news.google.com/rss/articles/CBMiTEFVX3lxTE5JdTZyN2RsRWlwT1hOZndvLVFXOFdfTFdJcTh3bnV0Ym5maVZGLXZma3MzWkRaWnR3YnRVaDZWOEFNNlFZeFBMdEFGdUc?oc=5,"Tue, 22 Sep 2026 05:48:00 GMT",2026-09-23T09:29:12+09:00
GoogleNews:コンビニ 新商品,コンビニ 新商品,セブン-イレブンから新登場!! 食べ出すと止まらなくなる美味しさ「594円のコンビニ麺」を実食レポ（いぬきち） - エキスパート - Yahoo!ニュース,https://news.google.com/rss/articles/CBMiiAFBVV95cUxPNlNQY1BkQW1mWi04NUFyQ1lPSWpxTTBfVDlXRGVvUkxzQ3E5Nk5HWjhEa1dPZWNxWEZmaE03MUF0T3otakxwc2E5YlJyNFBJOXYzV0JhamdjU3haQmRCZWZCb29fYWNWaVNTRnZGYWJWdFEzbjlSblJfNnlEWjJDNm9NS3AtWUVj?oc=5,"Mon, 21 Sep 2026 08:30:48 GMT",2026-09-23T09:29:12+09:00
GoogleNews:コンビニ 新商品,コンビニ 新商品,【9月22日発売】ファミリーマート 新商品スイーツまとめ「ザクほろシュー（お芋クリーム）」「おいものカヌレ ～キャラメルソースがけ～」など - えん食べ [グルメニュース],https://news.google.com/rss/articles/CBMid0FVX3lxTE9iSkRrNUVvdkRMNjk4UzdGMlJjYkxrV3N2aWx4YnY1NExTbkZ3aXVnM242aV9GbE1JMlUyTlk2enJnTlN1YTJJVHUyRXhXX2FYRm11c1VoNWYwT1BIWlZfWFN4dVUzYU9zS0tfaHBjTUdjMVZoM25Z0gF8QVVfeXFMTUc0Qi1fWlZkOWNCa090Zm5ibmFjWWNOSFhEWGtGTXJLXzVjYUJOUmV2ajRQYzdMRXZJZDZvbW1aalNFZ1ZBbkVkR3RlZXBPV0ZRSHQtRHZCOTNmdWJsRU42RG5mV1VGS20yT1lyb19OeHJUT3VUUktUMV9SVA?oc=5,"Tue, 22 Sep 2026 11:03:38 GMT",2026-09-23T09:29:12+09:00
GoogleNews:コンビニ 新商品,コンビニ 新商品,ファミリーマートから新登場!! チーズの沼にドハマり確定!?「550円の新商品」を実食レビュー（いぬきち） - エキスパート - Yahoo!ニュース,https://news.google.com/rss/articles/CBMiiAFBVV95cUxNY3RlX0ZnRjJIc1ZQRkxsRTM4YnFfdGwyMjhwM0Ytcjg5ZmFCblZXM2ZZZXpwbnZaWUstbGYwdXJXaDVCSjl0SWZhNjh6aDFrOVNpOC1EMG5iZG5FUTJXUGVDMDVTOFc1ZEtCdzhQOGJFczFRMmJuSW1uRlV1ZllCVHNsLVVpeEJS?oc=5,"Fri, 18 Sep 2026 12:01:24 GMT",2026-09-23T09:29:12+09:00
GoogleNews:コンビニ 新商品,コンビニ 新商品,セブン-イレブンから新登場!! 既視感がありすぎて買ってしまった「203円の新商品」を実食レビュー（いぬきち） - エキスパート - Yahoo!ニュース,https://news.google.com/rss/articles/CBMiiAFBVV95cUxPelp2X28xNm1fODVHWXJoZlJ0UnhBbE9IcHd6WmY2QUQ3R2ZSRnRUbzBFOU90c2NhdHg0LVJTclRFdDFXQnlOaUNhVC1CdU1mQmYxOV9RS1I5VlZTWE1MUkZ3M2cyYm9QT0NGS01ld2RZZUZURVNVRUdSN2dDOHBoaXdnSFBacHBZ?oc=5,"Tue, 15 Sep 2026 22:01:23 GMT",2026-09-23T09:29:12+09:00
GoogleNews:コンビニ 新商品,コンビニ 新商品,【9月22日発売】ファミリーマート 新商品チルド惣菜まとめ「たっぷりタルタルチキン南蛮」「国産豚肉の炭火焼き」など - えん食べ [グルメニュース],https://news.google.com/rss/articles/CBMif0FVX3lxTE9XZmhZWHJHM1FacldISktvaFdMZWFNcmdKWFdFaU1VeTFZSm1oaGlMWWtwWGtQR2R0S2VsQUJGQjNVaXNXTEZCZzhnRzlnaXpyOC1rYjlJVzFjOUJlTnZZQ1hDMXJjN04ybW5ob2p3eTg4OWpUc2dYU1pCVXU4a0XSAYQBQVVfeXFMTXVSc1NCX0MyblNzQmcxdlJyVjZtdjdKZmo1Vk1uZDN1X0VnM1dhN3VvLWJrS201YXdwcXVIU0R6Z0tLT29HbndFTXlsS0ZXRm1KYVh0ZUpZMlczanJCdzM5cFZGckdSalNJcDVEei1hdlEwUGZQd3JWZUJJZkJ2Y0Q0U0NW?oc=5,"Tue, 22 Sep 2026 10:04:22 GMT",2026-09-23T09:29:12+09:00
GoogleNews:コンビニ 新商品,コンビニ 新商品,【2026年9月第3週】コンビニおにぎり・コンビニ手巻寿司ランキング1位はそばめし！新商品・急上昇も続々まとめ - もぐナビ,https://news.google.com/rss/articles/CBMiZkFVX3lxTE5JSXhVZnNUaEZ1S0FXRDhIbmVrWmxrLWl1UkhIUGtUeTZOcllnTkZ3Zk81VzZrSDYtdFpJSk1hTjg3dlczN3Z4TzNVUDl1NVp5Q0NhcjY2V2tzUlVmXzAtWVVlejY2QQ?oc=5,"Mon, 21 Sep 2026 01:51:07 GMT",2026-09-23T09:29:12+09:00
GoogleNews:コンビニ 新商品,コンビニ 新商品,ファミマ45周年記念！過去最多のコラボ商品が登場！ あの味だから、うまいの確定。 「ファミマとコラボ祭」9月1日（火）から開催 全15企業のお馴染みの味がパンやおむすびになって全18種類が大集結！ - family.co.jp,https://news.google.com/rss/articles/CBMid0FVX3lxTE11eEJ5SDlpcDFCWUUxTFFNSm4yQk1DOG1hc2NVcnVPRFU3Z3V6UmRMOFBjRGFhczBjUElFSDE4cDVUOTlpM2dzY2JiQ0NqYnpoREktYWlFUi1kV2ZGaE5YY2dIOU9YUXFoSVBEQ19Sd2o0Vi1zQTVZ?oc=5,"Mon, 31 Aug 2026 07:00:00 GMT",2026-09-23T09:29:12+09:00
GoogleNews:コンビニ 新商品,コンビニ 新商品,ファミリーマートから5ヶ月ぶりに登場!! TVでも紹介された「話題のラーメン」を実食レポ（いぬきち） - エキスパート - Yahoo!ニュース,https://news.google.com/rss/articles/CBMiiAFBVV95cUxQNWlkd250RjB1Qzd0WDVDS2xheXVDOEo4N3pwS1VfRGE4MTVuTW5JZXJzZTAzRWJHUHF6OHlDanhTbGtFdEVvNUg1REx1WFJLU0J1blN4SGFvVmhEYkQ3cjhxb2MwNlpBZ3d4OS14S0o3Qmc2RXJJYWdHSmd0aUZkTFVMdFFZWE9W?oc=5,"Sun, 20 Sep 2026 06:01:05 GMT",2026-09-23T09:29:12+09:00
GoogleNews:コンビニ 新商品,コンビニ 新商品,【2026年9月第3週】コンビニ寿司・コンビニ弁当ランキング1位はCAFE BOX 骨付きチキンビリヤニ！新商品・久しぶりランクインまとめ - もぐナビ,https://news.google.com/rss/articles/CBMiZkFVX3lxTFBlSnQ3cGo2TGRQNzVLMXQ5Vmw5MmY2THhlUnZNaGFVdGdUQm1RYV9Mc2ZjYnlwcVZLQ21oUjE5a1d4LUxZM1YzaFZjVjE4bGlRa2NxaS13SjIwNW5wNVVkbkgxd2xhQQ?oc=5,"Mon, 21 Sep 2026 02:02:56 GMT",2026-09-23T09:29:12+09:00
GoogleNews:コンビニ 新商品,コンビニ 新商品,2026年8月コンビニ新作グルメが豪華すぎ！セブン「レモンもこ」・ファミマ東京ばな奈 - いこーよニュース,https://news.google.com/rss/articles/CBMiUkFVX3lxTE1INXBUYmJDdHkxb1VfZmRCRnVzYVpiRnRlY3k4WVhZWnQtNDZoU3FDNXpoS21NcklfeDlCSzBkb2NOejMtY1lxQ3pldHdNOTZVbWc?oc=5,"Fri, 14 Aug 2026 07:00:00 GMT",2026-09-23T09:29:12+09:00
GoogleNews:コンビニ 新商品,コンビニ 新商品,セブン-イレブンから新登場!! ドハマり確定の美味しさ「話題の新商品」を実食レポ（いぬきち） - エキスパート - Yahoo!ニュース,https://news.google.com/rss/articles/CBMiiAFBVV95cUxPYmY5LXRaTy0xdEtsc214UFBDb1VXRVZCV2xBVE9oYUoyemF6ekhfeUlPVXZhZnBMUEp4dzM5YVpUTTJDRFBzcGtuN1dyRUdzT0xzdzg3VE8zRFpqWTdQM0ZUZGhRaHg2NTREUEdrUzdJLUNFYnBJVHQycXl2VldDMWVqN2lNRjcy?oc=5,"Wed, 09 Sep 2026 07:00:00 GMT",2026-09-23T09:29:12+09:00
GoogleNews:コンビニ 新商品,コンビニ 新商品,今週コンビニ行ったら要チェック！新商品＆得ワザ9選｜8月17日〜22日【随時更新】 - いこーよニュース,https://news.google.com/rss/articles/CBMiUkFVX3lxTFBKcFhXbTJhajhDZDB0OVBGbGZuODZTaklCNzJmeFM2X0VZLXVRRXJXM255Z2R4bWlQdG9MSkR4YlNlb3RFTUVTRGV3UmQ1b2NjR2c?oc=5,"Mon, 17 Aug 2026 07:00:00 GMT",2026-09-23T09:29:12+09:00
GoogleNews:コンビニ 新商品,コンビニ 新商品,【これはスゴイ！まさかの仕様に驚嘆！】今週のコンビニスイーツランキング３（7月26日）（キャプテン福田） - エキスパート - Yahoo!ニュース,https://news.google.com/rss/articles/CBMiiAFBVV95cUxQbFRTNzFRRjBULXRGandFdjBqZmlkVFFsRHdBU3hLdktsNHRPNU9PQmVTZHlDeW9lWjVvMTRBNG9IdnE5UGZ5bktzeWpGMTZ6Y2lXaWhBN2xkSUNKcHc2dFVoQUF1bl9oSlNLd05QeEVLQXJ1RXU2WWljNDJRZTR4bDBpQktTa05f?oc=5,"Sun, 26 Jul 2026 13:00:46 GMT",2026-09-23T09:29:12+09:00
GoogleNews:コンビニ 新商品,コンビニ 新商品,【9月22日発売】ファミリーマート 新商品パンまとめ「ミックスピザスティック」「キャラメル香るおいものクロワッサン（紅はるか）」など - えん食べ [グルメニュース],https://news.google.com/rss/articles/CBMidkFVX3lxTFB2ZkxVWGwwNmd4eTRSUkpTUThEa0lnYlFNU09DSURLU25fRTBTV1VUQzZLb3VKU3F1ejBlNnhJMmVTNllLUEVUZGRQMGZpR3dGYVAyQ2lQdHJWbFNkcXFBc1pzS010dHBHU2JJbExYOTlkdFJETWfSAXtBVV95cUxNbndNYXQ4bDhkclRheGZOY29wOENVdi1rVFgtajNyQk4zLVlMUlFISWhjOGlWVGlTWm9VenBxSGVYeVpMbnJ6WFBCaEZEWm9VZTZVV0MzbzBXSHBlTzhEblhQdDB0MFdKckRYXzNJdFNCMjVjV0JsT3hrZVU?oc=5,"Sun, 20 Sep 2026 11:00:00 GMT",2026-09-23T09:29:12+09:00
GoogleNews:コンビニ 新商品,コンビニ 新商品,【2026年9月第1週】コンビニスイーツの新商品！アップルパイやお月見スイーツなどまとめ - もぐナビ,https://news.google.com/rss/articles/CBMiYkFVX3lxTE1KT1QtRzlnRkhqT2tIVElYaEFVajRCQjhjY09HcXhBaFo3N0FyQmZuWmdGa2VFVW51MFFjWEVKemo5NldqbnpRMTRieGczSVozMnFRaVNlc3pHQlR1SW9IUW5R?oc=5,"Wed, 02 Sep 2026 07:00:00 GMT",2026-09-23T09:29:12+09:00
GoogleNews:コンビニ 新商品,コンビニ 新商品,"累計販売数2,000万食を突破！ファミマの『超も～っちりパン』シリーズに “サクサク”の常識を覆すクロワッサンなど、いつものパンとひと味違う 驚きの“超も～っちり”食感の2商品が7月14日から発売！｜ニュースリリース - family.co.jp",https://news.google.com/rss/articles/CBMid0FVX3lxTE9vNUFGVVh4dDAzc0xwS0dnMVcwMERkT2pjeFlJb1huZ2NiNFk4UkV5NVZBd0NrTlR4WW1RVFZYNmMwOHFGM2VTckhtV1dRQUt3NVJwb1F0UTlEOEptU0VBeFpDQWVGZVR3MlVpY1BWNVZVV2RYTHVN?oc=5,"Fri, 10 Jul 2026 07:00:00 GMT",2026-09-23T09:29:12+09:00
GoogleNews:コンビニ 新商品,コンビニ 新商品,韓国コンビニで買える最新Kデザート3選！話題のお餅スイーツから新作クリームパンまで【ハングクTIMES Vol.277】 - オリコンニュース,https://news.google.com/rss/articles/CBMiUEFVX3lxTE8zY1FNbUg4OVBxYmtZbzRTRE5GQ3M4aktxRG1FWHI1dk1IclRnMF9yOF9keU1UZUR4VUZ1bWpnWHY2cW56eUpMRTdhbjdENW9J?oc=5,"Fri, 11 Sep 2026 07:00:00 GMT",2026-09-23T09:29:12+09:00
GoogleNews:コンビニ 新商品,コンビニ 新商品,【コンビニ新商品】9月1日発売の気になる商品を実食！スイーツライターのおすすめは…？（なかべぇ） - エキスパート - Yahoo!ニュース,https://news.google.com/rss/articles/CBMiiAFBVV95cUxQY1hqSEZzSGFJY2JLaUZwRjdPY2lXazBhYXpzZGp2MFZUT2otbzZvMGNGRUpDa0VWLWFTZ2tPS3Y2c2o2U3V3UWVHTEh1Z19ITFItRlhOU3ZfTjB5bUM1c3J6STNmSDJDeTBFSDV5U0s2RHpQeHV3OXRaLTkyYUdHaUhTcVlSS2tq?oc=5,"Tue, 01 Sep 2026 05:58:45 GMT",2026-09-23T09:29:12+09:00
GoogleNews:コンビニ 新商品,コンビニ 新商品,最新カップ麺【今週の新商品】衝撃的にんにくのあばれ豚骨!? さらにセブンのG系や8番らーめんなど注目の新作まとめ！ - cupmen-review.com,https://news.google.com/rss/articles/CBMiYkFVX3lxTE4yRDRjcm5aSFRhMjNqUnNIYjhFX1FMQkdZN1RCX0x6WkVUWk1Jd2t1MTV2MWowLVRCb0Y0aW5KWGJPbG5ENXpPaFVfU19JTzlXaWpXYW41VEJwd0RYcGg4TG5B?oc=5,"Mon, 21 Sep 2026 23:00:00 GMT",2026-09-23T09:29:12+09:00
GoogleNews:コンビニ 新商品,コンビニ 新商品,【ファミマ新商品】8月25日発売の5品を実食！プロが選んだ「本当におすすめしたい」スイーツは？（なかべぇ） - エキスパート - Yahoo!ニュース,https://news.google.com/rss/articles/CBMiiAFBVV95cUxPV2M4cVJIc3B3T2Vla3QyMXlyalFlcHo5TzctdnlNRjdmODh4Vk4ydzR3dGRPOGRvVWVkUFlXdmI4ODRIdkZtZWROWm1pTS1aaEtGYkV5Yk83TWxKUmhJXzZHS3JvQThrWS04Zk1fMGxfd0QtaDFJUFNydl9HUDFfN1BjX0lVMjFu?oc=5,"Tue, 25 Aug 2026 07:00:00 GMT",2026-09-23T09:29:12+09:00
GoogleNews:コンビニ 新商品,コンビニ 新商品,【2026年9月第3週】コンビニ惣菜の新商品！レバニラやキムチ、ブロッコリーチキンエッグなどまとめ - もぐナビ,https://news.google.com/rss/articles/CBMiYkFVX3lxTE9rX3daQzljblFoSkxOR1BLQ2ZKWDR2ZXI5ZnVNX2RUc0UxMUMxM3N0NEdpbk91S3U3ejVySU40allhdFdqclVFVlozaTlka3k3bXpTZVNURFJ0amdDLUV3NHdn?oc=5,"Wed, 16 Sep 2026 03:49:32 GMT",2026-09-23T09:29:12+09:00
GoogleNews:コンビニ 新商品,コンビニ 新商品,【大当たり出ました！これは美味すぎる！】今週のコンビニスイーツランキング３（6月21日）（キャプテン福田） - エキスパート - Yahoo!ニュース,https://news.google.com/rss/articles/CBMiiAFBVV95cUxOcjRVZDlqNXRXU1d3a09SdzlCbi14SjgzVHlWUTRBWXlrY0JhWkszNkQwUEQwX3lERDkwaXViZmx1NUZ6QzdkbUI0M3lORnN3RXNIdkNCenVzWG1aY2hIemRHZnRubEFoM0JGQndYa01CdmdHb3JPM1lhYktXN0phSFl0VTRKaGF0?oc=5,"Sun, 21 Jun 2026 12:58:11 GMT",2026-09-23T09:29:12+09:00
GoogleNews:コンビニ 新商品,コンビニ 新商品,2026年8月25日(火)発売！ローソン研究所おすすめ「今週の注目商品」｜ローソン公式サイト - lawson.co.jp,https://news.google.com/rss/articles/CBMia0FVX3lxTE9VZE01eHhHbHczLXJWMWZrbzRHZjYxeDRTaFBNQ0hpZXRJVUdUN1ZIazNPYnpBU1ZZc0tsZ1EtZWY2cHdHNWxSYWExUmZDZGJYS2VJcU5vM2kyWU82MnNjbkFPblBaODZ1Nm53?oc=5,"Tue, 25 Aug 2026 07:00:00 GMT",2026-09-23T09:29:12+09:00
GoogleNews:コンビニ 新商品,コンビニ 新商品,ファミマのシュークリームが進化！ ザクほろ・もちむにの“新食感シュー”2品が5月12日（火）発売！ スイーツ売上No.1※の“大人気シュー”もリニューアルして 絶品シュークリーム4品が大集（シュー）合！｜ニュースリリース - family.co.jp,https://news.google.com/rss/articles/CBMid0FVX3lxTE5EZHFEa1J1cGRSSG9Lc09JOUdHcGNmODlJSU02blUzZ3BhLVg0b0lhOXhaNjh2Q29WUGVUVFRwOGs4VXJJd0FwekhLLV9XVWhGNloyR25aV0RYVDkzV2tOWENGWWduR0VfcHR2WUMwbU5oMnR1djd3?oc=5,"Mon, 11 May 2026 07:00:00 GMT",2026-09-23T09:29:12+09:00
GoogleNews:コンビニ 新商品,コンビニ 新商品,【2026年9月】新発売! セブンイレブンの注目新商品スイーツ5選 - マイナビニュース,https://news.google.com/rss/articles/CBMiXEFVX3lxTE1iSS1KNm41RC1leDVRcDZVV21peDFmbUV6c0NfM0p1eFlQNlo2N3VtNVdQWkU3cTA4Rm5tTFhBYVVwb1ZUajE0YjhDN09ONVJQcTAyQUt3aXFFSEtI?oc=5,"Mon, 31 Aug 2026 07:00:00 GMT",2026-09-23T09:29:12+09:00
GoogleNews:コンビニ 新商品,コンビニ 新商品,「コンビニ大手3社の月見商戦動向」今週のおすすめ9品【セブン・ローソン・ファミマ】 - 特選街web,https://news.google.com/rss/articles/CBMiS0FVX3lxTE9LVGkzWlplN3FHNDdCWnZCZHJzdjlmZ003bzk0amJqSVlheExkS0FiNnNmaFpfRV8yYTYza3oxSnctS29KcGtmWXBLZw?oc=5,"Tue, 08 Sep 2026 07:00:00 GMT",2026-09-23T09:29:12+09:00
GoogleNews:コンビニ 新商品,コンビニ 新商品,【2026年9月第1週】コンビニホットスナックの新商品！ファミマ黒豚まんやセブンからあげなどまとめ - もぐナビ,https://news.google.com/rss/articles/CBMiYkFVX3lxTE5MeWNzNmhGYTVuQ1EzSFF4X2twM1pHNmpOdnZYdm5IenNRWXJPMHpLQVFrOUNYeW4tRGtiVjJ6V2h6dnNoS1RTM2lwMzVzODZXbC1MNGJabEIyM0pvb3ZRRXFn?oc=5,"Wed, 02 Sep 2026 07:00:00 GMT",2026-09-23T09:29:12+09:00
GoogleNews:コンビニ 新商品,コンビニ 新商品,【これはスゴイ！まさかの仕様に驚嘆！】セブン‐イレブンの新商品に歓喜！（キャプテン福田） - エキスパート - Yahoo!ニュース,https://news.google.com/rss/articles/CBMiiAFBVV95cUxPM2RVd0JHaG1GakR1MDFzaG5MZEFYODdySng4QmdSSnc5bm9TWmtuc1llcWFkbjhLSlZPdTdpUXZPSHNQanZJbjF5ZnBiSmJhMTVnOXZtSENrZEZGR3dHWGdNQnRLY1BDdWIxSzZ3eTlmZGVKb1pJVnJtcENGWjd4Z0VpYnRIbDVR?oc=5,"Tue, 25 Aug 2026 07:00:00 GMT",2026-09-23T09:29:12+09:00
GoogleNews:コンビニ 新商品,コンビニ 新商品,2026年8月11日(火)発売！ローソン研究所おすすめ「今週のお酒注目商品」｜ローソン公式サイト - lawson.co.jp,https://news.google.com/rss/articles/CBMia0FVX3lxTE9WVWZIeldxamF2YUM0VmJTZHFCWkVBWUNkRF9Ha1VWN1RpTTNRUm1YbU9iUVN5UTZ5ejVIU29xRndROWxPV05VN093VDdtSDh5RVNQeDd3OVA3T2dPR0hXbk1tRmNOQml5aXlr?oc=5,"Thu, 06 Aug 2026 07:00:00 GMT",2026-09-23T09:29:12+09:00
GoogleNews:コンビニ 新商品,コンビニ 新商品,【7月14日～発売】セブン・ファミマ・ローソン新作スイーツ特集｜プレミアムロールケーキ 白桃＆黄桃・宇治抹茶クレープなど注目デザートまとめ - えん食べ [グルメニュース],https://news.google.com/rss/articles/CBMigAFBVV95cUxPdHpOU0oyMTlZMFZaZHBhMTNZUlctNnJ4VGdkSERFM0RRMnVUWmFXOFVadkxOYTJBOElQd29VWjJBQ19yd0RLbTBRRDh3S3VkaXVYdEhLdDVUT1BZNmhNRmt2cTBpb2FiYXRJTUtfNlZQVmxWTU01M1RyQTJBbEFnSNIBhgFBVV95cUxPMVdwWkJLTUFBamZzUEhNbkF2VzduQUJiMEMyLW0xYWROVUZubWxJT2ItY3NKV1JCSUUtdnVXRVBxYlZiQ2U5UTVlc05hUExPN3VoZkVqY1NzLUZmODZBQklxeW9JS2JTbDFUaUxra1JZOVBQX1dqaUYyQWw5T2tiYnJDWVExdw?oc=5,"Tue, 14 Jul 2026 07:00:00 GMT",2026-09-23T09:29:12+09:00
GoogleNews:コンビニ 新商品,コンビニ 新商品,【2026年9月第2週】コンビニスイーツの新商品！なめらかエクレアや生カヌレスティックなど話題作まとめ - もぐナビ,https://news.google.com/rss/articles/CBMiYkFVX3lxTE9VVlJBR0ZCRGh5aHB0Z3hXNm9LVllVWTZabHJGQVdQTjBQcWFGUm0yUGxXcEFjZTlxd01HTTRvWGFjU3dYWGxCUzBiZkM2Tk5xQ3ZrQlVPOG9vZEVWdVdaRkln?oc=5,"Wed, 09 Sep 2026 07:00:00 GMT",2026-09-23T09:29:12+09:00
GoogleNews:コンビニ 新商品,コンビニ 新商品,【大当たり出ました！これは美味すぎる！】今週のコンビニスイーツランキング３（4月5日）（キャプテン福田） - エキスパート - Yahoo!ニュース,https://news.google.com/rss/articles/CBMiiAFBVV95cUxNcDBpUXJua3NkM3AzSUJrUTM1WVJvdTVlNjB2T3VVMzBqeXg1TnZiYlpSQTJ0eDAwVDh5SEdnbzNLTU9yT1FzTUFtcFFGbWtxZ2tOaEhuRTV1eXBET184LTM1dGxsMHY2YU9KcHdKM2VrbkZweVUyQUJFR0l2T3dmQ3htLXlzZDVq?oc=5,"Sun, 05 Apr 2026 13:05:55 GMT",2026-09-23T09:29:12+09:00
GoogleNews:コンビニ 新商品,コンビニ 新商品,コンビニ発のアパレルブランド「コンビニエンスウェア」 5周年を機に「Fami-FEST.2026」で初のペット用品への進出を発表 8月28日（金）から「秋の色」をテーマとした新商品が順次発売 - family.co.jp,https://news.google.com/rss/articles/CBMid0FVX3lxTE1ya3hWUlJFY1JhZElvZDMtZW4xQUwwT3ZPM3B4dV90d2pTOUxNZ3FSQlNYdzFrSWc4M0xuNExmMkRld1BWdEFsaDF0YTQ4cW4xLXNjUktFelZGYzFjYWh1eTc4SC1KUG1FcGlMcE9TMF9vVWloWE44?oc=5,"Fri, 28 Aug 2026 07:00:00 GMT",2026-09-23T09:29:12+09:00
GoogleNews:コンビニ 新商品,コンビニ 新商品,「Afternoon Tea」監修、過去最多の全28種類を同時展開！ 紅茶が華やかに香る「アフタヌーンティー」フェアを 6月16日（火）から開催 ～累計販売数4億本突破の飲料シリーズから初のお酒が新登場～｜ニュースリリース - family.co.jp,https://news.google.com/rss/articles/CBMid0FVX3lxTE51WjNIZUhHZS1MaDNDTmxmYy1LOWR4ZWZ1NWw3MWowSzhHbzc0ODBUbnRRNjlOYnZqRkdJRWlmVEszMW42dHlFeEJlZ1dUc0hWd1F1RmlpZ2Z1VE9wcExsckpZMUpxblNabTdCZGFtYUlEXzBvME0w?oc=5,"Thu, 11 Jun 2026 07:00:00 GMT",2026-09-23T09:29:12+09:00
GoogleNews:コンビニ 新商品,コンビニ 新商品,【2026年9月第3週】コンビニおにぎり・コンビニ手巻寿司の新商品！新潟コシヒカリおむすびやサーモン寿司などまとめ - もぐナビ,https://news.google.com/rss/articles/CBMiYkFVX3lxTE5jaml2YkVaVWF0TTdyWkp4NHVGTDNVaFlaV1U4S0oxNkJBMVZfZGk1dXl3NXM5ZWF0ZWtBU3FnbGZGcXBPVEhWMlRWWW1UY2trY0kzZTB3d0lyc25SanhyYVVR?oc=5,"Wed, 16 Sep 2026 01:19:29 GMT",2026-09-23T09:29:12+09:00
GoogleNews:食　新商品,食　新商品,【丸源ラーメン新作】濃厚鶏白湯そばが2026年も登場！昨年との違い＆「焦がし葱油」を実食レポ - ヨムーノ,https://news.google.com/rss/articles/CBMiREFVX3lxTE9xUnUtd2ZXLW9meWZRaGw1QnROZXpNUjdmN19ZRm93VUVLY0c3aVR2dDFXS283empHUDh0dHNCMWFPTHJ1?oc=5,"Tue, 22 Sep 2026 21:02:12 GMT",2026-09-23T09:29:14+09:00
GoogleNews:食　新商品,食　新商品,日本最大規模の食の発表会で決定！「新商品グランプリ2026年春夏」のグランプリは「リケンのノンオイル かけちゃえ エスニック」 - ウォーカープラス,https://news.google.com/rss/articles/CBMiVkFVX3lxTFBkY0NaYzZVa0owRWJ2UGlXbkhFNktDaDl2dklHMjlCbl9aSWNZazVwRlNHNmJtbXN5cnMyWEtvYXpvbXRSc3hlN0o4WXROcXByZjRnWVdR0gFbQVVfeXFMTV81RG5BVjRhMlRIYU5xd1hNdGJWUjJOT3oxSUF5aUZmb1JqMGN4clNHeGdCT3FaNXpIZzgzUjAwb1JxNk5IU1VMeThFenIyaWd1c0wyanhoZ3F1aw?oc=5,"Fri, 18 Sep 2026 07:00:00 GMT",2026-09-23T09:29:14+09:00
GoogleNews:食　新商品,食　新商品,すき家の新商品5種類を紹介 また食べたくなるおいしさ（進撃のグルメ） - エキスパート - Yahoo!ニュース,https://news.google.com/rss/articles/CBMiiAFBVV95cUxQM0ZNQlVUak9nY1VDV2VROVdZRUN5T1VfM0l0WmF6R2xvREhDRWZndURxTkdvQm1qSTFmaktFUjluZEZJY2owTi1EZGxGZi1hSkJXX1lndjZ0czRlX1Vwd2V6QkxGTE9mTG1jWUFHSS0wNElWdGhiQ0NHQlkyNm9zOWhzXzdHRmpQ?oc=5,"Mon, 21 Sep 2026 12:01:31 GMT",2026-09-23T09:29:14+09:00
GoogleNews:食　新商品,食　新商品,【ファミマ】発売日に実食！プロが気になった今週の新作スイーツ3商品を食べ比べ（なかべぇ） - エキスパート - Yahoo!ニュース,https://news.google.com/rss/articles/CBMiiAFBVV95cUxOakhWX0VuZWhEaTZCczFhU3ByODJzOU8zMmVlSTdkaThfYjZ1WnloSTEzd2hhMml1dVp1ZkhSSFpIdm5oeXp5dS0tNWFydkE3SUxSaElxMzFLWVBtaUVRRGs5VkZrSDdRQlBfZm9IeFd1LVBVUEQ5Vy1EZjZjNTJlSTNGMGwtV1Y3?oc=5,"Tue, 22 Sep 2026 06:03:28 GMT",2026-09-23T09:29:14+09:00
GoogleNews:食　新商品,食　新商品,マクドナルドの新メニュー全11種類まとめ また注文したくなるおいしさ（進撃のグルメ） - エキスパート - Yahoo!ニュース,https://news.google.com/rss/articles/CBMiiAFBVV95cUxObzRjT3NjemdNempSM2tlUC1qTjBTTWhBSGZVYlg5M2dfb2djMTJJRVpVMXF5czVydHJid0p6SjdDWDVzOFVQWnF5NndaaFJXRVdZVUtqR0FNNC16R2VaZ2t3MUcxV1VOamFOdlp0YnFJOE1XcHl5NkJXdHFFdjJpOHdOQ25PMU5T?oc=5,"Mon, 21 Sep 2026 10:02:41 GMT",2026-09-23T09:29:14+09:00
GoogleNews:食　新商品,食　新商品,セブン-イレブンから新登場!! ドハマり確定の組み合わせ「税込213円のサンドイッチ」を実食レビュー（いぬきち） - エキスパート - Yahoo!ニュース,https://news.google.com/rss/articles/CBMiiAFBVV95cUxNV2JSMlNaeXRtZkZ6dmRodXFGM3AzcGZLcVlKWkZCUm1aVXA1Qm8tbVJEWHlwZW9saUtyWjhFRGtpam1PbU9QWFpodEp0V0lFa0VURjg0NU5nUWpiS1huVHc2bkw4dTdfczZMUGxSU1pTRll6NGVWLXJiWWtDak1ENEdJNEdSZ1la?oc=5,"Mon, 21 Sep 2026 22:01:12 GMT",2026-09-23T09:29:14+09:00
GoogleNews:食　新商品,食　新商品,セブン-イレブンから新登場!! 軽い食感で止まらなくなる美味しさ「192円の新商品」を実食レポ（いぬきち） - エキスパート - Yahoo!ニュース,https://news.google.com/rss/articles/CBMiiAFBVV95cUxNSUd0eGtTOGZQQU1uZzV6UUpBQndHaVFoaGN0bGQ4OEpoc3V0V19GQVF6WGtydWVUTDhZcGR4OHludTBCNVAxMjJUMnpJdWlMTmFGY0ZPQmUtdThRUGQ1b1ZRbXFpLUJIQnY0WG5uUE5ZYVdWX1dwSXl0a1hieWw5dFNNbGt0b1ZV?oc=5,"Thu, 17 Sep 2026 22:01:17 GMT",2026-09-23T09:29:14+09:00
GoogleNews:食　新商品,食　新商品,相葉雅紀、ポテトチップスは“のりしお派”「何周か回ってやっぱりのりしおに戻る」新商品を実食（WEBザテレビジョン） - Yahoo!ニュース,https://news.google.com/rss/articles/CBMif0FVX3lxTE15dXFmR1F4Mi1TRFFNV1AxVjI5REM0bTdOa0g1ZE05dWhYRU5oaUJTTkhMNHhVNm04SHowMkgyT19vRUN0cjlOTzRENFVXTFZKU0pWZ0Y5T29rUnJTSFQtMUFIdWR0d3V2bnNhd2piY0dnTHJWYVgwdHlIQ0JGTDA?oc=5,"Sun, 20 Sep 2026 03:25:58 GMT",2026-09-23T09:29:14+09:00
GoogleNews:食　新商品,食　新商品,スターバックス「630円の新商品」を飲んだ正直な感想（進撃のグルメ） - エキスパート - Yahoo!ニュース,https://news.google.com/rss/articles/CBMiiAFBVV95cUxOaGpWNHE0MFFPTHpYYVpNSDU3endiLWNXRWJUTHBFWm4xTVowejdGblJCN01LbGtZQTB0LWVNRGFNLWczWGpfaVpxSHFEaGQ1ZzFOZC1FQ05ZRjhUQVdnZkROYUxNd3FBWW1lR1UxU1ZONW5vcmY0VkpIVHNRNUUwT1o0anhjMVdZ?oc=5,"Fri, 18 Sep 2026 06:29:47 GMT",2026-09-23T09:29:14+09:00
GoogleNews:食　新商品,食　新商品,「ガンダム」新食玩ミニキット「スペリオルディファイン」第2弾にシビれる！νガンダムら5機体と、コレクションシール全12種 - Infoseek,https://news.google.com/rss/articles/CBMiX0FVX3lxTFB0T1VaemdleUFUcVBFM01XTzd1dlBvakgyVm5jalE3VHMzWm0wOU81NWxNLVU1S050YUdtb2JUWjNhaFljYnFwcWFvYW1UYjNSTFhMZVB0c290OTJ6enhZ?oc=5,"Tue, 22 Sep 2026 12:30:03 GMT",2026-09-23T09:29:14+09:00
GoogleNews:食　新商品,食　新商品,ULTORA、タンパク食ブランドに進化 食事から摂れる新商品拡充 (日本ネット経済新聞) - Yahoo!ニュース,https://news.google.com/rss/articles/CBMijgFBVV95cUxQREx2czZ3TnNtYlJTaGpwTVBZUzdLbDBWUUJaZDB1RXhKWDV3Uktyc1JiT0ZuYlplRFdMdnMxLW9Ec1BMQ0pyRm5QWXBPRXRSVmxCTEpsQjg5VjVJS0h4WV9YRDM0cU5MU0hEdlVVaU5CMFUxSXNYdjNNaUxoT1FhNTl4WXJGUjlTUlI0ck13?oc=5,"Fri, 18 Sep 2026 00:40:37 GMT",2026-09-23T09:29:14+09:00
GoogleNews:食　新商品,食　新商品,湖池屋、中食市場開拓へ号砲 10年かけて開発した「揚げたてポテトの旨さが楽しめる」を訴求する新商品「金のポテト」で - Yahoo!ニュース,https://news.google.com/rss/articles/CBMif0FVX3lxTE9KX09YY2lpaW81WURzbWF5Y2ZZYTRPd3NLMXdXQ2xRamhubHlGWTdYa3Z3WWtuYTI0RFJ5bUJ2VVcwcExJbWYzekJsNVoxbXRuTWZvc0prYkdlcDlyelQ1NmRKU3JKRG9HVVo4Tmt0bDdvLWNLZk51NzU1ZlJoWnM?oc=5,"Sun, 20 Sep 2026 08:44:25 GMT",2026-09-23T09:29:14+09:00
GoogleNews:食　新商品,食　新商品,湖池屋、揚げたてポテト食感の新商品「金のポテト」 中食需要開拓 - 日本経済新聞,https://news.google.com/rss/articles/CBMibEFVX3lxTE95eURoR25qS280X2NqZS1uXzdSUm02dVZOaDhEVzk4U1NEcktPWGdONG9wR0dvN200Z25jVy1lNFFJQVAtZFkwd3Nya21Ia0ltY3otNmY0RC1EZDNhNWNfQU9ZMDBNdVBfSDFGSA?oc=5,"Thu, 17 Sep 2026 05:15:55 GMT",2026-09-23T09:29:14+09:00
GoogleNews:食　新商品,食　新商品,ULTORA、タンパク食ブランドに進化 食事から摂れる新商品拡充 - 日本ネット経済新聞,https://news.google.com/rss/articles/CBMiVkFVX3lxTE5sS3M5VHNMOWNZNGRBMTBrUlhoa1VYdXpjcUhocGw1di0xZENFOU5Qc3E4Rk9uZzlfLWhhei1qUW0xZ2dmRzNlUGktT1JHLUZYcU5LWkZB?oc=5,"Thu, 17 Sep 2026 23:33:30 GMT",2026-09-23T09:29:14+09:00
GoogleNews:食　新商品,食　新商品,こしあんとアイスだけ！セブン-イレブン限定の新商品を実食レビュー（進撃のグルメ） - エキスパート - Yahoo!ニュース,https://news.google.com/rss/articles/CBMiiAFBVV95cUxPWFAwcUUta2djZnJFSzREMUF2RlVoTHgxYURtbWRrTXlpdmpWbWNNaTFPMjJSSW5CZU41REhXY0Q5ZXlIMWIyVk9CczVKb2dpUWlKRThDSWVKaWY3RkZtLUxFdTlWUXZCX3lLalpyV3F6YkN0X0xHX1p6TXg1V2txXzVJcWxIRFVN?oc=5,"Tue, 15 Sep 2026 07:38:23 GMT",2026-09-23T09:29:14+09:00
GoogleNews:食　新商品,食　新商品,【今週発売】バンダイ食玩新商品全7種まとめ! 『たんプリ！』マスコット新作や「仮面ライダーマイス」「ペルソナ30周年記念ウエハース」など注目ラインアップ(2026年9月21日発売) - マイナビニュース,https://news.google.com/rss/articles/CBMiXkFVX3lxTE81bnNpenBfblV0Rk5KdHRQWWdGQnlyS095Ym9WaEltVUZJWFBNUG1Eejd6UFplZHJrZmFHZ09aeG5kc1duOUlGNl9DVk8zT1U4V1NWSXo5TGt6Ml8tQUE?oc=5,"Sun, 20 Sep 2026 08:35:49 GMT",2026-09-23T09:29:14+09:00
GoogleNews:食　新商品,食　新商品,【スタバ専用自販機】11年ぶり新作COFFEE SIGNATURES実食レポ！全フレーバー徹底比較（ぺち） - エキスパート - Yahoo!ニュース,https://news.google.com/rss/articles/CBMiiAFBVV95cUxPWmdKamdjd01RTE9SM1p6a1cxczdBSHRRd1RkVU1OckZxd1pDSUZ6REk0bWVsNW41WGltQXRaV3dZenFLSEJfMjF2a3hqdEFTei1Db1hHLVB6MkN6VWUzUEdCX3o2ZzJ1ZVVjSXBnNzItdXNpaEtUZ2FBMm5UUkM1aFRZZmkxS2FK?oc=5,"Sun, 20 Sep 2026 11:09:50 GMT",2026-09-23T09:29:14+09:00
GoogleNews:食　新商品,食　新商品,マクドナルドで「290円の新商品」を食べたら、個人的に少し悲しくなった（進撃のグルメ） - エキスパート - Yahoo!ニュース,https://news.google.com/rss/articles/CBMiiAFBVV95cUxPRTJ6MXB1eDdEeTBlZTdxWFFubDFXc0M1bWdtTnBJNmtLd05lY281czRfd3FLRzYxZFBSRGNUTzJGLUFUNFE1NGRRVlNCRno5Y1FWLVoxRFNLTUk0MmpFcGM3bXZfR3c2TjhPeDRwLU9UaWhfMGFQd2dsNGcxZDluRXc1NEgtQkkx?oc=5,"Tue, 15 Sep 2026 21:38:48 GMT",2026-09-23T09:29:14+09:00
GoogleNews:食　新商品,食　新商品,エキナカおむすび店に秋限定「松茸と3種きのこ」など贅沢な新作が登場！東京駅や池袋駅など21店舗の「ほんのり屋」で秋の味覚を｜グルメとフード - 旅とおでかけ 鉄道チャンネル,https://news.google.com/rss/articles/CBMiTEFVX3lxTFBCeUVmakluQ3dGUzNWMnJNQktqMDJtUmVfOUlucXd6X19NM2JnT2NKZUdqOXNCeW5KM19HSGp5NzFNTFRrcThLX09zalg?oc=5,"Sun, 20 Sep 2026 10:00:49 GMT",2026-09-23T09:29:14+09:00
GoogleNews:食　新商品,食　新商品,もちっと食感♪ピオレ姫路『UNI DONUTS』が秋の新作ドーナツ4種を発売 - Kiss PRESS(キッスプレス),https://news.google.com/rss/articles/CBMiTEFVX3lxTFBnb3lXZHY4X2loWk1jdkhRUXlOUlhaVmFNUEhOZDNOSVZLWGVBcWJyck9zTlVYaF9YY3dOSG1LSzc3cHRsckpFRDNTVlY?oc=5,"Tue, 22 Sep 2026 00:59:00 GMT",2026-09-23T09:29:14+09:00
GoogleNews:食　新商品,食　新商品,マクドナルド「50円の新商品」を実食レビュー（進撃のグルメ） - エキスパート - Yahoo!ニュース,https://news.google.com/rss/articles/CBMiiAFBVV95cUxQLWJSUDJQbFpHV3p6dzU2eTR5OGdYOXFBa3JMVDMzc3RKWmhab2JsajljejBXOVBINXVCcVRQWHpSVmU3TGw2S2pTTzFjd2VrUEp1LUdmYkZCZDZELWFmeU1PNlJZcGM2Q3hKX0lwZXp0UUhrdjNzQnB4Zk03R21zN2hocDBQa01h?oc=5,"Fri, 04 Sep 2026 07:00:00 GMT",2026-09-23T09:29:14+09:00
GoogleNews:食　新商品,食　新商品,4種の異なる食感のドライ粒で、飽きずに夢中なおいしさを楽しめる猫フード 『銀のスプーン ザクッと食感ブレンド』新発売 - unicharm.co.jp,https://news.google.com/rss/articles/CBMibEFVX3lxTE5lY2RnWHNTTnplaU1QMExBeUVQajFoSXlva0syMVdnRy1nN0NzV1B3VEhPOWJweHoxVWdicFpfTjY2c2tYTXZ5TEJPZXlyVmxLOWJGZWtQT1d4S0VsTFJReEJJOXh0QTFWRVdKNg?oc=5,"Tue, 18 Aug 2026 07:00:00 GMT",2026-09-23T09:29:14+09:00
GoogleNews:食　新商品,食　新商品,【2026年9月】ビアードパパで販売中の新商品3種類 また食べたくなるおいしさ（進撃のグルメ） - エキスパート - Yahoo!ニュース,https://news.google.com/rss/articles/CBMiiAFBVV95cUxQZjBxVTNYTXY5WkF2eDZTcUFPUmstbjJGVVBnd28weHRFWGdpa2hsd0t1T01vNWpxUlBwSjNDTl9ubnJxaWM1cy00aXRTTl9XSnZlc09lVFJLMENSSmVzQm1CTGpQbHV2bG04V3BhWGVkb0FncXJEUWlxUjVNa184MXhmbU5nMUdq?oc=5,"Fri, 11 Sep 2026 07:00:00 GMT",2026-09-23T09:29:14+09:00
GoogleNews:食　新商品,食　新商品,長期保存食の新商品・リニューアル品を2026年10月より順次出荷 - Newscast.jp,https://news.google.com/rss/articles/CBMiT0FVX3lxTE8xcVNLdldVOTBsNThXZnBtcUtyU3Q0dFlScU1WTV9jZGI3a0U1MzQ5NjB0OVRfWVJtUk9CclN5RGpyd240dHhmbnAwUHBpekE?oc=5,"Tue, 01 Sep 2026 07:00:00 GMT",2026-09-23T09:29:14+09:00
GoogleNews:食　新商品,食　新商品,【ファミリーマート】秋のおいも新作3選。紅はるかのスイートポテトケーキはテリーヌ仕立てでねっとり食感 - LIMO | くらしとお金の経済メディア,https://news.google.com/rss/articles/CBMiTEFVX3lxTFBBVTRWYWhEeXdyZFMyUzVqeWpjSHR0QWwxRXlWaHROcUtLUHVIZ1ZMd0NNNWV5RGpVSFR0bTU4MUctRE9kZXBoX3lEa20?oc=5,"Sat, 19 Sep 2026 03:31:00 GMT",2026-09-23T09:29:14+09:00
GoogleNews:食　新商品,食　新商品,【町田】SNSで話題の「たぶん…世界一小さいチョコレート工場」が東京初出店！チョコ＆おかきが勢ぞろい【注目商品5選】 - 旅とおでかけ 鉄道チャンネル,https://news.google.com/rss/articles/CBMiTEFVX3lxTE01anBqREF1OWFoV1VMTWdUdUxnYWJ0a1Z0bUFKYm92ejliUGFHaHlQYTV0ZnNLR2VsQk1CMkwtbnFKSjU0X2hwNkRCNmQ?oc=5,"Fri, 18 Sep 2026 00:00:47 GMT",2026-09-23T09:29:14+09:00
GoogleNews:食　新商品,食　新商品,【2026年9月】今週発売! ファミマの新商品5選まとめてご紹介 - ニコニコニュース,https://news.google.com/rss/articles/CBMifEFVX3lxTFBub2d5UTIxTDRQVFV0MFpkcThwc2JreERBS3BNcEZnUTZZb0dSaWNfY1Q2QlJVRzNOdVdLaUo1aVFUay1WMThhR3pyWGQ1WnlPUjgwRnF6akV6U1J2bUdWWXlqMWlON3B6Tm5PUUFGQVlESktLaXVhZjJEQVA?oc=5,"Mon, 21 Sep 2026 04:18:06 GMT",2026-09-23T09:29:14+09:00
GoogleNews:食　新商品,食　新商品,ビアードパパ「話題の新商品（290円）」を実食 昨年完売続出の大ヒットシューが帰ってきた（進撃のグルメ） - エキスパート - Yahoo!ニュース,https://news.google.com/rss/articles/CBMiiAFBVV95cUxQbUllMmEyenVhdklxNzB0Ny16M0lMT3FQYkhTZFlTOE1kajNDemxGTGoycDF3ZkFwVEFYN2IxT1AzS2hQblQ5U3EwM21OVGlCSTdBQUNyaVdXRm5CdkZlV0c4djVzYlRXa3l5cUtDSl9LMUJtRjlnN1loOU4teUhTbnlVUDg3ZVZO?oc=5,"Tue, 01 Sep 2026 07:00:00 GMT",2026-09-23T09:29:14+09:00
GoogleNews:食　新商品,食　新商品,食で「佐賀の良さ」を全国へ 鹿児島の高校生が伊万里梨使った新商品を考案【佐賀県】｜佐賀のニュース - サガテレビ,https://news.google.com/rss/articles/CBMiYkFVX3lxTE1JUjFQbmRFTmZhbkZFN2hUM3NncGNVdE9Ed3dRNENHSWFISzZKOXdLYkN1UTNOdlJteHl0LUdIQTV3bzNaRlFrNndQUncwNnNLaUpab0xlREFiSnVnTzNCSGpR?oc=5,"Mon, 14 Sep 2026 09:11:00 GMT",2026-09-23T09:29:14+09:00
GoogleNews:食　新商品,食　新商品,『フジパンPREMIUM』から極上の食感を楽しむ新商品が２品発売 生クリーム仕立てのしっとり食感と加水率約90%のもっちり食感！｜お知らせ｜フジパン - フジパン,https://news.google.com/rss/articles/CBMiVEFVX3lxTE9pSV83WVhMb09wVFBjOE5IQS0xRlZCcDJIMWJCR0JNcUFTUFNQNTQ0WnZqNG5ZWW9iSThwU3NqazhlcWNiYlRaVFNLLUc0WUpoZEdROA?oc=5,"Tue, 25 Aug 2026 07:00:00 GMT",2026-09-23T09:29:14+09:00
GoogleNews:食　新商品,食　新商品,【実食】約20倍になった「パイの実」をファミリーマートで買ってみた（進撃のグルメ） - エキスパート - Yahoo!ニュース,https://news.google.com/rss/articles/CBMiiAFBVV95cUxQdERfYWVmZ00zbmU1c3NYRjhkdFNUY2FkZFFpTV9rSkF4OVozMWw4VDFFOXBfdzZ5Z0hfZl9od0RxS1NISG1EWmJQQTlYa3puOGthaGVDN1hLZmZPOUIzNXRLeHRQZkE5dVZiT25hbjVGSzNrcllyUzVrNGp5UUlNYkppX1kwcnZ0?oc=5,"Tue, 01 Sep 2026 07:00:00 GMT",2026-09-23T09:29:14+09:00
GoogleNews:食　新商品,食　新商品,【秋の味覚】丹波のブランド栗「丹波栗」のほくほく食感と濃厚な甘みを味わう新商品 神戸・灘の誠味「栗ごはんの素」期間限定発売 - 神戸新聞,https://news.google.com/rss/articles/CBMicEFVX3lxTE1KeTU2bm00SDJLYXl1c3JyRjZsWVQwbU9SOXk4REVBY3FOblBMa3otLVdwbGRWbjZYYUFBakEweUF4TWduV3dBTXd6SGs5QTBZZ3RmRVo4LTBIRlBjMGotdnJPT3lmNXdtXzRxc0phZmo?oc=5,"Thu, 03 Sep 2026 07:00:00 GMT",2026-09-23T09:29:14+09:00
GoogleNews:食　新商品,食　新商品,■世にも珍しい「スティック×サンド型」！最後の一口まで“カリむち”が続くワンハンドスイーツ - family.co.jp,https://news.google.com/rss/articles/CBMid0FVX3lxTFBFaDFtaEhWTDJNUy04czB1cV90eXRPSVJha0FibmRVQ0FkWFRsaDlaWWZYSDlvWnhFVXdGZDlYUkJwWWhmM1hPWXlDLXpTTm5CUDREQTZIUWFQRW90UkhUVTlfMVVxSno0NlJyclRqbkkxamVka3Jz?oc=5,"Mon, 07 Sep 2026 07:00:00 GMT",2026-09-23T09:29:14+09:00
GoogleNews:食　新商品,食　新商品,ひかり味噌 2026年秋冬新商品発売 気分やシーンで選べるアソートタイプのスープ春雨『おいしさ選べるスープはるさめ 10食』に、人気の「麻辣湯」フレーバーが仲間入り！ - PR TIMES,https://news.google.com/rss/articles/CBMiakFVX3lxTE9zYkJnejJFRlFNVkwxSlRhNWtYQXpCTFhiWlJqN1JDMXZmVEkxN2hSS2RrenhscXpzNFl3OERMOUhFYXJfLXc4cnZTTloxUjI2Uk9VZEUzckZudmdTTHI2QzdsQUZYbms3d2c?oc=5,"Wed, 22 Jul 2026 07:00:00 GMT",2026-09-23T09:29:14+09:00
GoogleNews:食　新商品,食　新商品,『フジパンPREMIUM』から極上の食感を楽しむ新商品が２品発売生クリーム仕立てのしっとり食感と加水率約90%のもっちり食感！ - フーズチャネル,https://news.google.com/rss/articles/CBMiVkFVX3lxTE0zUGZkN2tuV1lxTDJkU3VhZ3l6TTJOVkJjbV9fdmg2eGhrbnVTYzRxcExLR2dLektPaXBncTc2blhQVHAtcmd2UDdTbGxBRC1uUkxLejl3?oc=5,"Tue, 25 Aug 2026 07:00:00 GMT",2026-09-23T09:29:14+09:00
GoogleNews:食　新商品,食　新商品,【the kindest 2026年春夏 新商品】子育て家族の“新生活の食の壁”に寄り添う乳幼児食を発売 - PR TIMES,https://news.google.com/rss/articles/CBMiakFVX3lxTE1OQUZhS2ljZlNpVzI3SFRPUU5tUXVpUzJTWmFKb0xRQWNkdnpiQWxDR0lpMVd5MUdsUHlzRXBUU053TXNrLU9ya0JJQ2FDdTJsTm13S3V2R2pBTXJVTG9IZDJpSHc4Q2g2clE?oc=5,"Fri, 27 Mar 2026 07:00:00 GMT",2026-09-23T09:29:14+09:00
GoogleNews:食　新商品,食　新商品,スターバックス「700円の新商品」を飲んだら、個人的に物足りなかった（進撃のグルメ） - エキスパート - Yahoo!ニュース,https://news.google.com/rss/articles/CBMiiAFBVV95cUxNZDVuNHBIVDB5cWlYOTBGLWlRc0I0bG5BdGZVMkdzajVQbm1Pcm1OTWt3NkFZM0JNSmhFTnNzRDU1dFFFbV9fdXdUWDNFS0hJQkF6WlNXR3kzUURpblRoYlBnZkw3UXBtQU9CZUV2UGFGNFpMZkJnNUlQMmdwUGl5SGhqbXFMSUhx?oc=5,"Wed, 02 Sep 2026 07:00:00 GMT",2026-09-23T09:29:14+09:00
GoogleNews:食　新商品,食　新商品,ファミリーマートから新登場!! シンプルながら美味しい「321円の新商品」を実食レポ（いぬきち） - エキスパート - Yahoo!ニュース,https://news.google.com/rss/articles/CBMiiAFBVV95cUxNd1VkRnA2b3d4ckV2N1lKMlJkOW1OREp4Y3hic0MzaUZCaE5wSXA2TGtCZDVzdGcxcjNueGN6SWtMdmptREJZWVZWWVI1WVZRMmZQcTRuaVNpblVNYlpPWHJyU1FTSVJoaHdtUVNOQ1ZVMUFBdTV0SzJPbWpnT1phSVZjM29HLWVz?oc=5,"Mon, 31 Aug 2026 07:00:00 GMT",2026-09-23T09:29:14+09:00
GoogleNews:食　新商品,食　新商品,【実食レポ】行列店「兆徳」の玉子炒飯がご家庭で楽しめちゃう！？あっさり上品な「黄金炒飯」開発の裏側に迫る｜グルメとフード - 旅とおでかけ 鉄道チャンネル,https://news.google.com/rss/articles/CBMiTEFVX3lxTFBqNnBuMnk0cDBoZEZhSzQ3UGtKTUppWWFHcnBCcXpwa2JEc000and1RzlmNWdrektvOG5ZMEZYYXpDdndKY2NoY0VLWGk?oc=5,"Tue, 15 Sep 2026 10:00:28 GMT",2026-09-23T09:29:14+09:00
GoogleNews:食　新商品,食　新商品,【コストコ新商品】1食約40円！ほんのりイチゴが香る「NUTOソイプロテイン」（Life log） - エキスパート - Yahoo!ニュース,https://news.google.com/rss/articles/CBMiiAFBVV95cUxQSW43TDlYOGc5bW15UVhaV2ZLRnllU2h0MjlIcXBQY1pqYi1sU0VrQzRveXVEUUF5bVBIaTBBd0M1NzFTdHRXTGJaLU55b1RFNE5fSFROQ0ZUZ29PS2paeUZuOUhKQWxBeWhlakdPSFlrVHFkZVdZS3FxMzMtNzRIMUdhZkgxeFBk?oc=5,"Tue, 15 Sep 2026 23:45:29 GMT",2026-09-23T09:29:14+09:00
GoogleNews:食　新商品,食　新商品,【ファミマ】200円以下で買える、お得な新商品を実食レビュー（進撃のグルメ） - エキスパート - Yahoo!ニュース,https://news.google.com/rss/articles/CBMiiAFBVV95cUxPenpKQ3VhWEJfNjdnTVZIdE03M1dEUXZtMmw2bmx1bE0zbG9kZ1VDaEFnOHdHdlMxQk5ldTR0Mkx5R01TdVhBbXYyNWJkMjJ3WFN2NE84OElTMjYydjJxT3B6WWNCSldIbFQ2dmtELW10V2ctY0pFazJwRGZHNzEwTkNjZkVzbmJn?oc=5,"Sat, 15 Aug 2026 07:00:00 GMT",2026-09-23T09:29:14+09:00
GoogleNews:食　新商品,食　新商品,月刊「食品 新製品トレンド」2026年7月号 ロングセラーが劇的アップデート 食感も味もコンセプトも新次元へ！ - 日本食糧新聞・電子版,https://news.google.com/rss/articles/CBMiaEFVX3lxTFBwbmlJR3F1Nk1LZWxRTUI2VWw5YkJvdng3aTdrZGlveGNuQXlQQkNvV1Q5RzMyczV5RlpGaVFITVpnWDFPaHdZTnE3aGtYVzJrcER5UWN1dXlOQVF3dTk2T2V0VUZDNG9r?oc=5,"Tue, 21 Jul 2026 07:00:00 GMT",2026-09-23T09:29:14+09:00
GoogleNews:食　新商品,食　新商品,ばかうけの栗山米菓から新作あられ誕生！「たぶん日本一堅いあられ」シリーズにピリ辛タコス風味 ガリっと食感とスパイスの風味で小腹を満たす｜グルメとフード - 旅とおでかけ 鉄道チャンネル,https://news.google.com/rss/articles/CBMiTEFVX3lxTFBvM1N0aEE3c3hETUQyTE85OVVJRUhYNkRUNElfQ19qSm1HQzNjdUh1VFFucmtQZEZfbEVDUXhTcXdpNXBINkxFZURtWkE?oc=5,"Sun, 06 Sep 2026 07:00:00 GMT",2026-09-23T09:29:14+09:00
GoogleNews:食　新商品,食　新商品,【実食】マクドナルドの新商品に「チョコボール」を追加トッピングしてみた結果（進撃のグルメ） - エキスパート - Yahoo!ニュース,https://news.google.com/rss/articles/CBMiiAFBVV95cUxONVJYR19TdGU5aUpSN1lWSnY2TU9fSy1ZV1NsYlVzVE13LVRQNlBKa0ZUZXBTUTVraDFQek03Vl90SGJrcklXeW5ZQWVUWnpuU0VHSnJSX2xMeUNYTFp2THo1d1RyTTdsZXIwVUZNMEdYSmxKRFZtVm5MLUs4Y0g2NEo4czg5dXF5?oc=5,"Fri, 17 Jul 2026 07:00:00 GMT",2026-09-23T09:29:14+09:00
GoogleNews:食　トレンド,食　トレンド,2026年上半期「食トレンドランキング」＆下半期「食トレンド予測」を『デリッシュキッチン』が発表！ - PR TIMES,https://news.google.com/rss/articles/CBMiakFVX3lxTE9venRmem0wY3ptejR1TkFHUERqbGdlWTV0SmFxcjlnN3ZoTnR3ZW1OUWs2TkVUclc1TGN2QTdNOWhHUWtOblc5NGViMmprSk9PQlBZTFB6M2hlRDQwcDJrUFJ4NmNURXloYXc?oc=5,"Thu, 18 Jun 2026 07:00:00 GMT",2026-09-23T09:29:16+09:00
GoogleNews:食　トレンド,食　トレンド,画像1 / 4＞2026年の食のトレンドは「Swicy」！アジア最大級の食品・飲料展「FOODEX JAPAN」が発表した3つのキーワード - ウォーカープラス,https://news.google.com/rss/articles/CBMibkFVX3lxTE41RVpBQnNiQzF5Z3V4N3JGSE1Fc0tLSU9nTWdaekRTTmQzZE1xd0FZYm9JeWlESUEzMjhXaVg3ckxFYS1WbGZUd1ZUNmFXZzVTMzJDM1FiTzdMaU1vRTh0VHFfaVJmQTdZdkI3X3VR?oc=5,"Sat, 19 Sep 2026 11:39:23 GMT",2026-09-23T09:29:16+09:00
GoogleNews:食　トレンド,食　トレンド,今年の食トレンドは甘くて、辛い！？日本最速！「スワイシー」な味わいの「スワイシーブルダック炒め麺BIGカップ」を8月18日（火）より先行発売 - asahi.com,https://news.google.com/rss/articles/CBMiW0FVX3lxTE84U1lvY3BtaW1sVWJPTkthUlU3Uk5sYUZ4ZzI4QzNwcWFYN0J2T1RLTF92cExrUEZlbEVsSm05Tmd3M19iYW1FWTBjaW1MZlhLc1dfdkt6V3lPTzA?oc=5,"Fri, 18 Sep 2026 10:57:57 GMT",2026-09-23T09:29:16+09:00
GoogleNews:食　トレンド,食　トレンド,10/19【再配信】定量×定性で読み解く「食」トレンドの現在地と未来 ― 生活者の「潜在ニーズ」と「欲望の変化」から導く“次のヒットの兆し” - クロス・マーケティング,https://news.google.com/rss/articles/CBMiVEFVX3lxTE1LUE1oNnltamdXcFdpNFRMcFBmMkptWlVad09rd3k3MVpiZkY4RUdPTTVjaDFNTDdwYktENWtsc3ByNEIzbVFoenpNNmYyS1hWbHptVA?oc=5,"Wed, 16 Sep 2026 02:08:41 GMT",2026-09-23T09:29:16+09:00
GoogleNews:食　トレンド,食　トレンド,"""うまい""が確定！令和の食のトレンド「うま確」 物価高のいま、若者たちが食に求める「安心感」 - TBS NEWS DIG",https://news.google.com/rss/articles/CBMiV0FVX3lxTFBHOC1kNV9vTjdxUV9pREZpb0JJZ1hQYS1rQ3JsNkU5NmhFX2s1NE5ZZ2hvOWE0VWlPQk5lWVVZcVpaZ09HQmlkc21TWTB5WEo3YUpnXzFNYw?oc=5,"Fri, 11 Sep 2026 21:00:00 GMT",2026-09-23T09:29:16+09:00
GoogleNews:食　トレンド,食　トレンド,サカーナ・ジャパン、「FOOD STYLE JAPAN ＜東京＞」に出展、 外食・中食市場の最新トレンドを紹介するデータパネルを展示 - npdjapan.com,https://news.google.com/rss/articles/CBMiYkFVX3lxTE5wQWcxWmJrOGUyaXhha0Y4cERiWDdVUWxHQmNzOEh1TU9GemNJaU5sM1ZGcFpZSUx0NW9WaWc5eXJLc0w1eWloWl85S1Jsc0Q4X1MwQjRnMUpaamMyS2FRLUFB?oc=5,"Wed, 16 Sep 2026 07:00:00 GMT",2026-09-23T09:29:16+09:00
GoogleNews:食　トレンド,食　トレンド,2026年「猛暑グルメ™」は「酸辛香グルメ™」 - 株式会社ぐるなび,https://news.google.com/rss/articles/CBMiZEFVX3lxTE1lVzVlOXZoUXgwYm5qZmJwX3VBX0EzNXBxWTY0MWpFU096VWVWeUNVTjNzcURTRmNFU0NNb2FtdjJfd2tKZzA1Ujd4cGhRR0ZyN1lra1lpYzRtTWstb0lfQ2JWRFQ?oc=5,"Thu, 04 Jun 2026 07:00:00 GMT",2026-09-23T09:29:16+09:00
GoogleNews:食　トレンド,食　トレンド,【2026食トレンド】「一品完結型おにぎり」に約8割が関心あり。特別感やエンタメ性に加え、タイパ・コスパ重視のニーズも後押し - PR TIMES,https://news.google.com/rss/articles/CBMiakFVX3lxTE9QYS0xRGNIaE9FYmFrMWdyMmJBeHBjMEdpZ0NTQ3FVQ1ByY1oyTUpydmZ5Rk4wdlFBcGw0bUd4OEVocXZYY203ZUthMFV2bDdGdUpPZktXSkw4RUg4akNIUFRCbmJmZGNEMnc?oc=5,"Fri, 11 Sep 2026 07:00:00 GMT",2026-09-23T09:29:16+09:00
GoogleNews:食　トレンド,食　トレンド,8/3 定量×定性で読み解く「食」トレンドの現在地と未来 ― 生活者の「潜在ニーズ」と「欲望の変化」から導く“次のヒットの兆し” - クロス・マーケティング,https://news.google.com/rss/articles/CBMiVEFVX3lxTE96WmlUMFdId2NCLW1rMnF4ZHdwZFlqenczOXZKZC1CRF9wVFdiNzB5OGdNaHpDUEY5X19PSVhLMEZtM3ZydU5KTzVwUnZlSVdJam5mbQ?oc=5,"Mon, 03 Aug 2026 07:00:00 GMT",2026-09-23T09:29:16+09:00
GoogleNews:食　トレンド,食　トレンド,次の食トレンドと注目商品が集う、「おいしい博覧会2026秋冬」を10月15日(木) 開催 - PR TIMES,https://news.google.com/rss/articles/CBMiakFVX3lxTE1yOWJZVWFuVmZCamlwV0RZaHhSYk13U0FqcEp2ci1qaXdsQm9qYkZCNEFta1hGT2hGRy1TY21Lb01sLTdIV1NFM2U2eWRycnh4eGVIc1ZiZVRDY1VzdlhLc0Z1UDRNRllGd0E?oc=5,"Fri, 21 Aug 2026 07:00:00 GMT",2026-09-23T09:29:16+09:00
GoogleNews:食　トレンド,食　トレンド,定量×定性で読み解く 「食」トレンドの現在地と未来 生活者の潜在ニーズと欲望の変化から導く次のヒットの兆し 2026年8月3日（月）14時～15時30分 無料オンライン共催セミナー - クロス・マーケティング,https://news.google.com/rss/articles/CBMiYEFVX3lxTE12dmJGNnhYTUtkbGhBWTdXQko0UnpmNHE1LXdWRThDaU1lVEQyVjRjZmZTTXpQa2NVejdldG90SlplMnB5RGcxX25qM1pvQlY2VDRfbktzYTVHeld1UUxGQw?oc=5,"Thu, 23 Jul 2026 07:00:00 GMT",2026-09-23T09:29:16+09:00
GoogleNews:食　トレンド,食　トレンド,"""うまい""が確定！令和の食のトレンド「うま確」 物価高のいま、若者たちが食に求める「安心感」 - TBS NEWS DIG",https://news.google.com/rss/articles/CBMiYEFVX3lxTE5ScFpDcFBCbFozS044UUtNd3B1a0huSnY4MkFNWW01SXNPb1pScE9fMzJ2M3A4VWpXbnhNb29JdUI3NzlodllUYk9JNUZMdEJkeE91NUdNLWZpMlVZeFFZVA?oc=5,"Fri, 11 Sep 2026 21:00:00 GMT",2026-09-23T09:29:16+09:00
GoogleNews:食　トレンド,食　トレンド,猛暑の夏、「軽め」と「刺激」の二極化が加速？味の素㈱、「2026年夏猛暑食トレンド」を発表暑さと気分で切り替える『夏のオン⇔オフ スイッチメシ』とは？ - PR TIMES,https://news.google.com/rss/articles/CBMiakFVX3lxTE0zUFpEeUVOVUxmVlJlU1NCMzJTUUlUZHYtREhtS3Y1bG8tNlJPUUJfV0R5b05USjJsS3k4Um1XQjlSWW8xeXhvekozdFY0QXBYZ2JqUkFMd1cyUm5BRE5RUkphdDdIR2RJUVE?oc=5,"Fri, 15 May 2026 07:00:00 GMT",2026-09-23T09:29:16+09:00
GoogleNews:食　トレンド,食　トレンド,「2026年上半期トレンド料理ワード」から読み解く食品系SNS運用のためのマーケティングセミナー アーカイブ動画の配布開始 - PR TIMES,https://news.google.com/rss/articles/CBMiakFVX3lxTE56QUJ5M01LYmdPODBRLVRmOUM5TXdYNzZwQUtUXzdXUDU4SldHTzB1MmJBWXVEOXdhNDM2X212MmctdUdOSk5Gcmx0MGhQOFZfdm5WWU96UE9xSFFCRWZxSkU0aFJma2ZJU3c?oc=5,"Tue, 16 Jun 2026 07:00:00 GMT",2026-09-23T09:29:16+09:00
GoogleNews:食　トレンド,食　トレンド,【ホテルグランヴィア大阪】2026年のトレンド「豆皿」で、少しずつ色々楽しむ和食ランチ 1日20食限定「豆皿と釜炊御膳」が新登場！ - PR TIMES,https://news.google.com/rss/articles/CBMiakFVX3lxTE9OM3NCR2RGeGVXYTQ3YkNBNVZpcUdScVZtN0xVeDN5ejJBWXIwYzhNenk0YXBWeFY2S1hQVzhMVUVxM0dBRDYzbFp2dmRwY0xoRkVsSEVVUU90Z0lCVkdvVndtOFdKUXhLVHc?oc=5,"Tue, 15 Sep 2026 04:00:01 GMT",2026-09-23T09:29:16+09:00
GoogleNews:食　トレンド,食　トレンド,クックパッド「食トレンド大賞2025・食トレンド予測2026」を発表 - PR TIMES,https://news.google.com/rss/articles/CBMiakFVX3lxTE8xdHRCeHliOFlnUm9LZmt3d2MxdlVORDNfYjFLc0NoV1lNZmlXdVVzVDEyWkpTVDRsYVMzN1g3NVJETEZYV0hLbTB1Wkk0R2laQURDWTR1WG5aS081OEk5azBjcG1keFhrM2c?oc=5,"Wed, 26 Nov 2025 08:00:00 GMT",2026-09-23T09:29:16+09:00
GoogleNews:食　トレンド,食　トレンド,2025年 食のトレンドを振り返り ― 「自由」と「ノスタルジー」がキーワード - PR TIMES,https://news.google.com/rss/articles/CBMiakFVX3lxTE0xMFpZQ0lPbjJ6MVFsdDJRYnh2WTBZSTgxRGJlY2NrWDVLejhMQnUwazRmTTI1dXlUcWhKNmRBSi02V3U0XzY5LTRNSEMwSEtZN3pPMUVfQ1MzV0xwUy01Z3Y5cy1PUnlPUEE?oc=5,"Fri, 12 Dec 2025 08:00:00 GMT",2026-09-23T09:29:16+09:00
GoogleNews:食　トレンド,食　トレンド,2026食トレンド アーカイブ - マイライフニュース,https://news.google.com/rss/articles/CBMiiAFBVV95cUxNRnhrSTZhdHJKWXZFWGxHTlUwU1prUU16QkRWSHZIZW9rQzZGNkQ2cDBRbEp3LXdUc2FjN3k2LTg4dnhlT3puM3l2VkptYXA5YmN4dUNyQ3FXNG43R05xRDgxcG1tUzdscVQtVk5ub2VmZWRGWlJjMjM4RUlXdmFram0tcGlwSDJ4?oc=5,"Fri, 11 Sep 2026 14:27:00 GMT",2026-09-23T09:29:16+09:00
GoogleNews:食　トレンド,食　トレンド,大賞は「麻辣湯」！ゆる腸活から魔改造レシピまで2026年上半期トレンド料理ワード大賞＆注目5選を発表～キーワードは「味わうだけでなく楽しむ食のエンタメ化」～ | アイランド株式会社のプレスリリース - PR TIMES,https://news.google.com/rss/articles/CBMiakFVX3lxTE10M3RuQWJsYUhZRXZTZWk4eFBZbHBwNmdvdGU2anhBaFdFUlRqaEN1T1huTzFfSWxMc1hoMnlJUWVTLUg5NHVyZzd5YkJqd0lDT29EMlFNVTlybUczRHJLRmdUc2tVdUNaWVE?oc=5,"Thu, 04 Jun 2026 07:00:00 GMT",2026-09-23T09:29:16+09:00
GoogleNews:食　トレンド,食　トレンド,2026食トレンド「コンボケア」をバーで最速実装 オーセンティックバーが提案する新習慣 「ゼブラ飲みキャンペーン」2026年7月1日開始 | 株式会社ティグリス - アットプレス,https://news.google.com/rss/articles/CBMiTkFVX3lxTE5EeVVlUVdOeGFMSW1ROVd1enhTQnBEZ3dyWFVaSEp4MFdpVUszb1pkREVjeC1xYXhUUDZqYTViSWpldm1TMjZieUE4c0pidw?oc=5,"Mon, 15 Jun 2026 07:00:00 GMT",2026-09-23T09:29:16+09:00
GoogleNews:食　トレンド,食　トレンド,2026年の食のトレンドは「Swicy」！アジア最大級の食品・飲料展「FOODEX JAPAN」が発表した3つのキーワード - ウォーカープラス,https://news.google.com/rss/articles/CBMiVkFVX3lxTE1HcVhYRk85dXh4YURib2VFdzV4VVNUaFNweWFEY2M2U2NnY0VzUWczckNQWVpGdDJuZWt2S3hnMUtkbjBwWllXRVU4X2I4UktUUmJUaEt30gFbQVVfeXFMUGhjdUk1bkJYZGtKYWZkdGhXazlGaEs4Y2paM2ZGSjhGVTVrUzdLVF82bUFsOFl3bW9vNElIVHktNGJuSHdGWWZTM0k3SlprWi1VVjNWN3U0c2cxcw?oc=5,"Fri, 28 Aug 2026 07:00:00 GMT",2026-09-23T09:29:16+09:00
GoogleNews:食　トレンド,食　トレンド,内食・外食データが導く2026年夏の最適解！今年の夏はお家で「辛酸冷・麺」と外食で「酸辛香グルメ」 - PR TIMES,https://news.google.com/rss/articles/CBMiakFVX3lxTFBaZXlTN0RJaEktZW5aaGZZMzg3alJCcWl5T2tHS1EyUENlRjA4QVJ1U085QWd6blItNnVUbk9OVEY0eTNmYVlsc0RTVkM1bVRua2FaWFhoNXVyQUFzbTVfazNvajd0bFFmQmc?oc=5,"Tue, 21 Jul 2026 07:00:00 GMT",2026-09-23T09:29:16+09:00
GoogleNews:食　トレンド,食　トレンド,X分析で判明、「もちもち」が国民的食感 データで見えた食品トレンド - xtrend.nikkei.com,https://news.google.com/rss/articles/CBMiZkFVX3lxTE9aemJOWkNvazJ6MGQtNDZRTEphNTlCMEFJaXNJUEstbWJUSGt2NXAtQjdqTVF4WHdHRm1FSjNfTDNtcGFmVTNER3lLbWlwcXpwNTFXbG1KZ1FRRktMLURUak1kMGtJZw?oc=5,"Sun, 13 Sep 2026 15:00:00 GMT",2026-09-23T09:29:16+09:00
GoogleNews:食　トレンド,食　トレンド,【ミヨシ油脂】「2026年食のトレンド予測」第４弾、「餃子・焼売編」発表、餃子におけるリピート需要獲得のカギは「ジューシーさ」と「パリパリ食感」 - PR TIMES,https://news.google.com/rss/articles/CBMiakFVX3lxTE1kSTdEbHZpMEpsajUxZmw2NzE2UE5jc0NzN1dfMzVjUXM0WFJ6NzBqU3hOSnRnZERmXzlRSHVrSXhGLTU2M2JvbUgzM0JOT1N3OEJSbjhEMi1Oc1QyUnRGVUtHLW1JOG41Umc?oc=5,"Wed, 20 May 2026 07:00:00 GMT",2026-09-23T09:29:16+09:00
GoogleNews:食　トレンド,食　トレンド,“映える”食感トレンド、麺類は「ワシワシ」 スイーツは「ふわもち」 - xtrend.nikkei.com,https://news.google.com/rss/articles/CBMiZkFVX3lxTE1rMC1nZFk1UGZwT1g1MmxFc09vb01UWXBJSnJqZHZ0R2o0dC14azA4VVZzWDRNOU13ME5BT1ozczNvYXE0Wk5MbGJ6WWVtdXBtbmlULXZmT1BXeTZ4a1BsQmdJQzZkUQ?oc=5,"Mon, 14 Sep 2026 15:00:00 GMT",2026-09-23T09:29:16+09:00
GoogleNews:食　トレンド,食　トレンド,「2026夏の猛暑食トレンド」予測を「味の素」が発表！ 「麻辣湯」レシピ検索が右肩上がり、エスニックブームが猛暑の食卓を変える?! - HugKum,https://news.google.com/rss/articles/CBMiQkFVX3lxTFBBQ2hwSE5BRm1zU0hnSU5KbnQ1ak1qRnJoU1hQTUJScEpxOWctcEFJX3lSTnhmbEQ3SDhiVXdxLXJCQQ?oc=5,"Sun, 31 May 2026 02:03:52 GMT",2026-09-23T09:29:16+09:00
GoogleNews:食　トレンド,食　トレンド,１回の食事で様々な食感「サクもち」や「パリとろ」がトレンド “ハイブリット食感”の食事に注目！ - Yahoo!ニュース,https://news.google.com/rss/articles/CBMif0FVX3lxTE5lTWNEUVhpOEUyd1BSWm1vbXhiSjdVVWF6YUNTVkg0bFRUMXhsSmFWNG5SN0FfVy1MamlMX3lsVXlMUXU4U1l6d1JPNTRKUmlNaXNMQ1pVaU5ueFVpSEFTTnUzSkdzY3BBY1lhcHJhUjFWc0VOajJOd29TeXM2bUE?oc=5,"Wed, 15 Jul 2026 07:00:00 GMT",2026-09-23T09:29:16+09:00
GoogleNews:食　トレンド,食　トレンド,FOODEX JAPANで見つける、2026年の食のトレンドの兆し！甘辛の新味覚 “Swicy（スウィーシー）”スナックやまるでヨーグルトな進化系こんにゃく、氷の要らないかき氷機まで | 一般社団法人日本能率協会のプレスリリース - PR TIMES,https://news.google.com/rss/articles/CBMiakFVX3lxTE9xS0pZRFd0aVJub3F2THNBeHpIZEpNckVlVXAxMmJBclFhWnVjZ1BGYV94ckNlSjJpWkpmMi1aeUZ2UndXSXR5THUxWVAzMlNtM3hTem9jeGNMRDhOU0o2RXVNU1Q0MkRrQWc?oc=5,"Thu, 12 Mar 2026 07:00:00 GMT",2026-09-23T09:29:16+09:00
GoogleNews:食　トレンド,食　トレンド,"""うまい""が確定！令和の食のトレンド「うま確」 物価高のいま、若者たちが食に求める「安心感」 - ｄメニューニュース",https://news.google.com/rss/articles/CBMib0FVX3lxTE5hRm54OS15OFNza1JOXzVhWFMwVVFTcTZLQTNidXVyejgwWF81Qnl5d0F2dWRYRWhZR3FLNk83ZUdlMVhXX25Xb0REQ2pjOWRJWEhzT01yMHIzcUhYZWJtN0pxdUxlemxWYVJTTHVXVdIBdEFVX3lxTE5STVhpR0pmenJKMThuY0l1Mm1ubkxIOHgtdGdGV2dmMDdrY0hGeVdUY2ZEQ05JZ0p1aFpLZVZ6NTdhYWhwd1VLalptVXFEcFRrOXV1aFI4eFlxV1NXeGNXajltUmVJc1RzV0pyYzdwUDM5UlFE?oc=5,"Fri, 11 Sep 2026 21:14:34 GMT",2026-09-23T09:29:16+09:00
GoogleNews:食　トレンド,食　トレンド,"2026年上半期""食トレンド""ランキング1位は「冷凍ストック」! 下半期は「直パケレシピ」「ネオ厚揚げ」「ドリンク調味料レシピ」がブームに? - マイナビニュース",https://news.google.com/rss/articles/CBMiXEFVX3lxTFBYWlg5ZG9SQ2JDZk1LMVhjR0U0N3Z3NFhIVnQ0OE1ienowM25nV3hRbjRGZ2t1Y3BwbzhUUS1Yc0JtZkkwaW92czlNMGhGWUFzV3ZsUXk3WS1IbEc3?oc=5,"Fri, 19 Jun 2026 07:00:00 GMT",2026-09-23T09:29:16+09:00
GoogleNews:食　トレンド,食　トレンド,クックパッド「食トレンド大賞2025・食トレンド予測2026」発表会レポート｜食トレンド大賞は「ワンプレートせいろ」 - PR TIMES,https://news.google.com/rss/articles/CBMiakFVX3lxTFBPUFRjaUZ2WHBhZXI0cVJ1VlNnS2VqMjNNaVJwZ3Zxd2l5eDBQa1p0UnQxNlNuMThIemxRRF9OSzFmMlBiVms3SlY1SkQtMmlhc1BzZFo2OWZEXzhvTHZHcWN1RXBIdU1RMXc?oc=5,"Thu, 04 Dec 2025 08:00:00 GMT",2026-09-23T09:29:16+09:00
GoogleNews:食　トレンド,食　トレンド,海外市場の現場で集めた食トレンド10年分を学習した食の特化型AI「FOODIAL AI」を正式ローンチ。生成AIでは辿り着けない具体性のある回答を商品開発のヒントに！ - PR TIMES,https://news.google.com/rss/articles/CBMiakFVX3lxTE5mNG91cDNkLXVjSkJKWkJ6MldhN0lmWVNlNjJQVzFXLUJfb3FNQjJwVEtPVVphVnNINEIxQjF2R3dESTVJUU1veWZXa3ZvSnZHY0M0QmNadzNCVWxDVnU5dVkyTVZqa1JCaFE?oc=5,"Wed, 25 Feb 2026 08:00:00 GMT",2026-09-23T09:29:16+09:00
GoogleNews:食　トレンド,食　トレンド,夏の相棒「そうめん」も“生”がトレンド？モチモチ食感がクセに 個性豊かなアレンジ術も【Nスタ】 - TBS NEWS DIG,https://news.google.com/rss/articles/CBMiV0FVX3lxTE9ydzk4VzFzM0hSSDRFWHNvNURhR0VHbkdDYXc4cHFKbmMzYXU2N2tyQnJ0VGN1cXY2ZllkSmhiQ1RjS1NjTjNGaVVXZWZ4WXdsOWt3TUE4WQ?oc=5,"Mon, 18 May 2026 07:00:00 GMT",2026-09-23T09:29:16+09:00
GoogleNews:食　トレンド,食　トレンド,クックパッド食トレンド大賞2025『今年の顔』を発表 - PR TIMES,https://news.google.com/rss/articles/CBMiakFVX3lxTFBNZV9FUC0taGRnV0N5bGtaQUpBWFF6dXM5bVptWmZpTm9nRUFJZlhVZTZYdGpyc3JmSk9OMHM0MTB3TUtKX1J4OC1Nc00tZHdUQU8xLWVic042bG50ZjhmN3hKWENGY2FDUHc?oc=5,"Wed, 26 Nov 2025 08:00:00 GMT",2026-09-23T09:29:16+09:00
GoogleNews:食　トレンド,食　トレンド,味の素が「2026年夏猛暑食トレンド」を発表、猛暑の夏、「軽め」と「刺激」の二極化が加速？ - マイライフニュース,https://news.google.com/rss/articles/CBMiVkFVX3lxTFBfU05Nd0dtNkxOSXFyT1hRUGs1XzdYdzAxZmFVTnJudlZIMjIxMFB3bVh3UFdJZEVjZVBzVGZsa2tqMTVKTnRuOGI4WC1wLTZnN1lVemZR?oc=5,"Mon, 18 May 2026 07:00:00 GMT",2026-09-23T09:29:16+09:00
GoogleNews:食　トレンド,食　トレンド,2026年「食トレンド予測」を『デリッシュキッチン』が発表！次にくるのは「AIフード」「進化系こんにゃく」「指定野菜 ブロッコリー」？！ - PR TIMES,https://news.google.com/rss/articles/CBMiakFVX3lxTE5GUEFXS2tySk1sUHc3NFI1b2NuT0g2ZnBHT2xzcXU0NTNSUnRqRFd1d1F3U05LWVB1dm1tQ2FSNElJNEtxbE5hejdraFQzNGJfX0paNFJnWldaTjQtZlJ2SW52MTFxcXctZWc?oc=5,"Thu, 27 Nov 2025 08:00:00 GMT",2026-09-23T09:29:16+09:00
GoogleNews:食　トレンド,食　トレンド,【味の素】2026年夏の食トレンド「オン・オフを切り替えるスイッチメシ」とは? - 猛暑を乗り切る異国料理や火や油を使わないメニューを提案 - マイナビニュース,https://news.google.com/rss/articles/CBMiXEFVX3lxTE02WmtKU25PelVTdE5uLVJ6clpfOFkySm9ycXh3WXRNTjA1aUFISExpdkpEWGdoaGlNSHlHTGd1bDEtWTlxY3ZPcDR6Q3FqTjVjYlpmalhnRGxjMGVz?oc=5,"Mon, 18 May 2026 07:00:00 GMT",2026-09-23T09:29:16+09:00
GoogleNews:食　トレンド,食　トレンド,【味の素】今夏「猛暑食トレンド」 調理工程・味わい軽い 「オフ飯」＆刺激的・満足感「オン飯」のスイッチ - オトナンサー,https://news.google.com/rss/articles/CBMiSkFVX3lxTE5Da3JHUGd5M1h1bHVwZlFkeUJhOEFZX1NCVzZWV3R3Q3R1MjFsZjI2WDJsMUprWW9SWGp4R3JfcW5jQWpCb3VsenVB?oc=5,"Sun, 17 May 2026 07:00:00 GMT",2026-09-23T09:29:16+09:00
GoogleNews:食　トレンド,食　トレンド,食のトレンドは「手軽＋日々の健康」がキーワード！手軽に健康を意識した料理で自分を労わる、新たな食のスタイルに注目 - TOKYO MX,https://news.google.com/rss/articles/CBMibkFVX3lxTE12cm81bEFYRVg0ZnhOdnU5U2Rtd3FVSkpDWGF2cngtbXc0Z1FNdTNualRNeEVHQkJDYlZqSm1DWjVIOFptRVJhRGpxbEN6cF8zWGF0SGVsXzhFdGh5ZVhlZ2pDclY4ZUVHb3p1VXlB?oc=5,"Thu, 29 Jan 2026 08:00:00 GMT",2026-09-23T09:29:16+09:00
GoogleNews:食　トレンド,食　トレンド,【ミヨシ油脂】「2026年食のトレンド予測・ハンバーグ編」発表、リピート購入を促すのは「ジューシー食感」、購買層に合わせたソースの味選びもポイント - PR TIMES,https://news.google.com/rss/articles/CBMiakFVX3lxTE1zcHZRVTQzeHByV3BRaGgwZWk3eVAzVmdUalA0NzFwaEpHa1ZlUnFERE12dERFM0F3LTVvOVhrMDh2MzFRWDJYVm1QZG42ZkxBVGxFSTBpTlZLVGdaSDhpMDNsMU5IY0VKdkE?oc=5,"Fri, 27 Mar 2026 07:00:00 GMT",2026-09-23T09:29:16+09:00
GoogleNews:食　トレンド,食　トレンド,2026年秋冬の食のトレンドとは？99品から選ばれた新商品グランプリ結果発表 - Koubo,https://news.google.com/rss/articles/CBMiRkFVX3lxTE5nQndhR1d0dW8yU3pRLWxxVDVoSVFFenktZFRaYy1rdENQTGJjZ0NwUUlHTDNtclZEakYxbW9ZbThpQzdSdWc?oc=5,"Fri, 28 Aug 2026 07:00:00 GMT",2026-09-23T09:29:16+09:00
GoogleNews:食　トレンド,食　トレンド,「クラシル」が2025年の食トレンド分析結果を発表 「時短・手軽・健康」がより強く求められた一年に - PR TIMES,https://news.google.com/rss/articles/CBMiakFVX3lxTE9SaHFIRHo0eWpCZHFTWVR3THZGc2tLa2k0dkl4TDRtRjdGOTZSR3B4cy1VUTNwZ0xyaDBfOE95M19EcUFhVm5Pd0puSWp1dnIweDJfN3lwY3c5NzZnTUo2RFMwdmo4Wm5fR1E?oc=5,"Tue, 16 Dec 2025 08:00:00 GMT",2026-09-23T09:29:16+09:00
GoogleNews:食　トレンド,食　トレンド,"【2026年上半期トレンド調査】""平成ブーム""がさらに加速。Z世代116名が選ぶ美容・キャラクター・食・楽曲・カルチャーの5部門トレンドを発表 - PR TIMES",https://news.google.com/rss/articles/CBMiakFVX3lxTE9jbkt3QzVybzBvVy1IY2syVGRwMWI2WVJhRFZpSExUVXZDZnl0emFvWU9CWFlWcXJIWGh5b2FfUlQwZmR3cl9uQWNoQnFwNURaZWZvakpIY3lRTDlOckx1U1NIOG9SMHNpZ0E?oc=5,"Tue, 14 Jul 2026 07:00:00 GMT",2026-09-23T09:29:16+09:00
GoogleNews:食　トレンド,食　トレンド,【食のトレンド｜2025年振り返り・2026年予測】来年は、節約冷凍テク・深まる健康志向・海外グルメの内食化で家庭の食卓が進化 - フーズチャネル,https://news.google.com/rss/articles/CBMiVkFVX3lxTE1XWGVVYmxiSXE0SVp2OXkwXzE5d05SUzF4VW82WTczWG82MzV3b3F5UzI2T05pU002S1d5dHQ2d2NUVTYwNmZBc2V4SUo2dGRUMFdvcFd3?oc=5,"Fri, 28 Nov 2025 08:00:00 GMT",2026-09-23T09:29:16+09:00
GoogleNews:食　トレンド,食　トレンド,トレンドトラッカー：ゼリースティック、「食は薬」の概念、グリコのインサイト - FoodNavigator.com,https://news.google.com/rss/articles/CBMiggFBVV95cUxQaVVtZVhVWjlNdDBqdEFTa2tWbWpaU0lNRmJBQ2xFTW5rSUxWdGZ5bFFtQWU0MFNfN0xnS3QwaVpTSl9VV3NIc1pobmhPaTZkQk1McjNMQXdrblN2ZkpuX1RZcUppS09XaEFmNWhaanhNWE9pRTc5dUQ5Y0FkZHJpMC1n?oc=5,"Sat, 13 Jun 2026 07:00:00 GMT",2026-09-23T09:29:16+09:00
GoogleNews:食　トレンド,食　トレンド,中国で大ブーム！食べて健康になる薬食同源（やくしょくどうげん）と最新トレンド - 株式会社ヴァリューズ,https://news.google.com/rss/articles/CBMiV0FVX3lxTFBMcGQtVDAybXNXVTFQY3VEY1l5Y3Q5d040WEFjQnRBVXVDVnRLRTF5UlhubDdJZUhINlotQmFkLUZJMDlITEtjNy1MY2tnaGdreEw0VnljVQ?oc=5,"Fri, 19 Jun 2026 07:00:00 GMT",2026-09-23T09:29:16+09:00
GoogleNews:食　トレンド,食　トレンド,【15～29歳の若者600人に調査（2026年）】Z世代のグルメやアイドルなどのトレンドは？これから流行るもの「AIイラスト」「日本三國」「伊能忠敬界隈」がTOP3 - PR TIMES,https://news.google.com/rss/articles/CBMiakFVX3lxTE5TY2IzT1NEcFN6dW1DVXJBUU5EdW51Y3FDcUgwWHBYdnVCNy1HZGhucDhMcHJNbS1PNjhkMkZydmNMX1VqeHlLWU1IZEFMNldlbV9SMy1ENXo1U0tIajZ4NjdTYTFRck93elE?oc=5,"Fri, 24 Jul 2026 07:00:00 GMT",2026-09-23T09:29:16+09:00
GoogleNews:食　トレンド,食　トレンド,"小さな贅沢がたくさん…2026年トレンドグルメ「豆皿定食」ナゼ人気？【THE TIME,】 - TBS NEWS DIG",https://news.google.com/rss/articles/CBMiV0FVX3lxTE5mUmxFa3RmeWk2MWtUTHZ6TmdITXVOdXV0dk0wVFNtdWJ5d2cyUjYzQlhHQzlZTmh1Q1AzcElKM3RwWldycC1rMnFZZ0MxQ3hDMXRCQ3FROA?oc=5,"Tue, 19 May 2026 07:00:00 GMT",2026-09-23T09:29:16+09:00
GoogleNews:食　トレンド,食　トレンド,次の食トレンドを予測、「おいしい博覧会2026秋冬」10月15日開催 - Koubo,https://news.google.com/rss/articles/CBMiRkFVX3lxTE9kZDcxWjFPNjFDYy1UU0hqcFl2MEVSVG4wN3lYVktoaHF3cUx3WGxvcHZjVl81MTl4YXBpQ1hjUzNvek1WaHc?oc=5,"Sat, 22 Aug 2026 07:00:00 GMT",2026-09-23T09:29:16+09:00
GoogleNews:食　トレンド,食　トレンド,【無料レポート】デジタル・トレンド白書2025 – 食トレンド編｜ダウンロードページ - 株式会社ヴァリューズ,https://news.google.com/rss/articles/CBMiV0FVX3lxTE5PUy1LeDE3R2UxLXAzUnJ6OVZPRzlYSlZ5d1ZQZUFGUmlxc2drbFdSS3EyRDY0OWFibERmdGhseEU3WUkyLW5zeXNFVWRzVW9nQ29HS2kwWQ?oc=5,"Thu, 27 Nov 2025 08:00:00 GMT",2026-09-23T09:29:16+09:00
GoogleNews:食　トレンド,食　トレンド,2026年上半期「食トレンドランキング」＆下半期「食トレンド予測」を『デリッシュキッチン』が発表！｜Infoseekニュース - Infoseek,https://news.google.com/rss/articles/CBMickFVX3lxTFBQR211aTRxeWo5NUVscjdGcHBQc1BFTEpkSUlqQlB3OVFiamJBamt5dzlOdVBDZEo0T2IzTnRyZk1SNlhxaWhFdHpiMFZLOGV6aUFOdW5XTmJIaUZHUjZwY0FtbGtxQTl6QUpYSF95blVvZw?oc=5,"Fri, 19 Jun 2026 07:00:00 GMT",2026-09-23T09:29:16+09:00
GoogleNews:食　トレンド,食　トレンド,ミシュランが示す「2026年の食」7大トレンド なぜいま世界は“日本の価値”に注目するのか - AMP[アンプ],https://news.google.com/rss/articles/CBMiWEFVX3lxTE45R25nY2tpQVV2U3VpRms0WXlXRVFVVmxqaDR5QmFHNHlteWs2S1lOZlg0amVLaVV1TWFMaWh5TjBYNkw2ckZ4eXIxVEJMNG1pektPeUtOYUM?oc=5,"Wed, 18 Feb 2026 08:00:00 GMT",2026-09-23T09:29:16+09:00
GoogleNews:食　トレンド,食　トレンド,次の食トレンドと注目商品が集う、「おいしい博覧会2026秋冬」を10月15日(木) 開催｜Infoseekニュース - Infoseek,https://news.google.com/rss/articles/CBMickFVX3lxTE56clh1TnRISUVUVnVRUXlPenR6TUNCMlFpS3JnSk5UTWVVRjVkSXhuWkdPdG9pZDY1c3huWHNmWEpkaXpKSXRRSll3ZTdUem14dWo0NGEtc3pVcllaVXNYUzdUODZPVHVEc3Q2cG5RTkxoZw?oc=5,"Fri, 21 Aug 2026 07:00:00 GMT",2026-09-23T09:29:16+09:00
GoogleNews:食　トレンド,食　トレンド,【食のトレンド｜2025年振り返り・2026年予測】来年は、節約冷凍テク・深まる健康志向・海外グルメの内食化で家庭の食卓が進化 - PR TIMES,https://news.google.com/rss/articles/CBMiakFVX3lxTE9Ec3lPNmVIeUNtNnZ6SmxYbldQTTlKUk85VC1Nem1Va3RFWkV4Y2x6ZU9sMWVMNmUwM3psTldwMW9CS0ZrMnFGOE5PZ0pQRGlYQzRGLU1PQ3daNFJrSG1RbXdMZV8xYXZySFE?oc=5,"Fri, 28 Nov 2025 08:00:00 GMT",2026-09-23T09:29:16+09:00
GoogleNews:食　トレンド,食　トレンド,１回の食事で様々な食感「サクもち」や「パリとろ」がトレンド “ハイブリット食感”の食事に注目！ - 日テレNEWS NNN,https://news.google.com/rss/articles/CBMihwFBVV95cUxQem5jZ1RJTHV2cW5sX0QxUmdGajZGLTlYUWNkZTEwV2tydGE4ai1jLUdnX205ekhUWjkzbzNDcy13YjN2cnoxSUxORnR1Wlk1akl4aU50a0NjVXF3eDVyNVdEbkFUQThkLUhkVGFlOEZ5Y3NVTW9kZEZtRzRMUV9PN25uOEVQRlE?oc=5,"Tue, 14 Jul 2026 07:00:00 GMT",2026-09-23T09:29:16+09:00
GoogleNews:食　トレンド,食　トレンド,今年のFOODEXが予想するトレンドキーワードを発表！アジア最大級の食品・飲料展示会「FOODEX JAPAN 2026」 3月10日(火)より開催 - PR TIMES,https://news.google.com/rss/articles/CBMiakFVX3lxTE1vRHpaaDFrUlNpSUxSa0dOWVpZVURKZWx5Z3k0bXVnUFNrUHFucTdyMWkxejFpcUI2TGxLcEpnZlJqMXNKRTYtTDZMT3phc1JRZFhQZktMZmpnYmJPYmxkdXlrRTI4bXpZOFE?oc=5,"Tue, 03 Mar 2026 08:00:00 GMT",2026-09-23T09:29:16+09:00
GoogleNews:食　トレンド,食　トレンド,2026年上半期「食トレンドランキング」＆下半期「食トレンド予測」を『デリッシュキッチン』が発表！ - Mantan Web,https://news.google.com/rss/articles/CBMidkFVX3lxTE9iQUswcFVyM1ZtY2c1LWoxZE4zcXpTbWFPdDJNSm1NT290M2J1X0xiY2lOZHlGSVNOOWtmMWlCS1VITjNSZE1xU3V6NjhaRDNqb3cxU19MSTdmS1p6LVZBNmVpWFdvNFBzVkN2SDc4NkdOc3BDMEE?oc=5,"Thu, 18 Jun 2026 07:00:00 GMT",2026-09-23T09:29:16+09:00
GoogleNews:食　トレンド,食　トレンド,クックパッド食トレンド大賞2025『今年の顔』授賞式を開催 - PR TIMES,https://news.google.com/rss/articles/CBMiakFVX3lxTFB5Rk0tTmRWZTZQM2pKS2M5Q052ckxqWVMtNkNQa0V5d3NiR0lJcDF3VFVmNmprd1lUMFBSMkNRWDQ4NDJqSTVvaUt4TkI5SXlUWExlNndsVmpfdklDUHR6Q1lST3IybE0yQ0E?oc=5,"Fri, 05 Dec 2025 08:00:00 GMT",2026-09-23T09:29:16+09:00
GoogleNews:食　トレンド,食　トレンド,"【調査リリース】2025年の""食トレンド""を総括「デジタル・トレンド白書 2025 -食トレンド編」を公開 麻辣湯・Rocket Now・物価高影響など、全29テーマを収録 - PR TIMES",https://news.google.com/rss/articles/CBMiakFVX3lxTFBMMEZ2Y2FMdG5odGw4bG1EVHYtS0d2Q091dFRQRkgtMXpJODNIN3Y0dkFoczZtbUJpbTRkakprTmc3Q05GdnFzOW9NU0tLRzFleFRpUDRPVGkzelZkRG1BRHNFVi1Wd2VpSlE?oc=5,"Thu, 27 Nov 2025 08:00:00 GMT",2026-09-23T09:29:16+09:00
GoogleNews:健康　栄養,健康　栄養,10月6日・7日開催 健康栄養学部オンライン個別相談会／受験生イベント／入試情報 - bunkyo.ac.jp,https://news.google.com/rss/articles/CBMickFVX3lxTFBuRWFzX2JCWF9VcndJUElGaV9rZ3dMZGVYSjRTb0drdk1fUzVDNkU0U1QtSnhlQVQ3VTNPWXh6bXZOanNjV0x4WW5PNGJVREpkVTRXOS1vdXU4bVpuYTBLUVM1cndiZ210YS1fYlN4QXRxdw?oc=5,"Thu, 17 Sep 2026 08:00:00 GMT",2026-09-23T09:29:18+09:00
GoogleNews:健康　栄養,健康　栄養,一般公開（彩都）の詳細が決定！ - nibn.go.jp,https://news.google.com/rss/articles/CBMiZkFVX3lxTE1fbzRJZ3B4LUppLXJHbUtiTjFxenNON2RZUUhQSzhuazVsdWRfSHBOMUl6cGFaVDRvT2tPeE4yN2RZSXNEeXp2ek9uYTVma3NfSURVa29ubW8xZGsyU2RmQzhNUm5Cdw?oc=5,"Tue, 01 Sep 2026 07:00:00 GMT",2026-09-23T09:29:18+09:00
GoogleNews:健康　栄養,健康　栄養,「令和8年度スポーツ栄養のための人材育成研修会」を開催します！ - pref.gunma.jp,https://news.google.com/rss/articles/CBMiYEFVX3lxTE52T0c0VlBGZGt4SWxoUFFya0tfUEh0dFNFOGtSR3hvT3IwdTVvQlkyWm1wWW5YdzZFLVZpT19icG5nX0g1M000SzJmSnJhOEt5dFpWMHJyVnRrdFN5azRPbA?oc=5,"Thu, 03 Sep 2026 07:00:00 GMT",2026-09-23T09:29:18+09:00
GoogleNews:健康　栄養,健康　栄養,第28回ダノン健康栄養フォーラム 更年期とホルモン変動をテーマに無料開催【日本栄養士会共催】 - Newscast.jp,https://news.google.com/rss/articles/CBMiR0FVX3lxTE4ya29mU3pNYVdpTXMyOV9IaEFlckFpTlZqREV0RWdlbFRPZ3BHbW1QTXVUaTV1ME5wWUpYRHI2WHF6b2ZWcEhr?oc=5,"Fri, 10 Jul 2026 07:00:00 GMT",2026-09-23T09:29:18+09:00
GoogleNews:健康　栄養,健康　栄養,サプリ規制や健康的な栄養なども議論 日本臨床栄養学会・協会が26日から大連合大会 - wellness-news.co.jp,https://news.google.com/rss/articles/CBMiYEFVX3lxTE1acU1ranpETnFTNXZEYmhSOGd6aG5mR1ZhdVF0VXcycktHME0taWdvdkE1LWxjRk5Ic0JrRGRBRzhXODc5bkRsWXROZ21nU1BHX3QyN0hWTnVJbXNCRjBVeA?oc=5,"Thu, 17 Sep 2026 04:01:54 GMT",2026-09-23T09:29:18+09:00
GoogleNews:健康　栄養,健康　栄養,【健康栄養学科】本学学生が『食育アドベンチャーランド』にボランティアとして参加しました - 相模女子大学,https://news.google.com/rss/articles/CBMiWEFVX3lxTFA3eEtrbjNoc0xpdktFeFd6czlkX3N4UWUxZlFZbjMtR3JtU29vVTBYb2RHcjQ0cURnR3FHN29hTmVoNlltcWkwb25Tdjh6X1dQTVl3YmxDOTg?oc=5,"Fri, 21 Aug 2026 02:59:32 GMT",2026-09-23T09:29:18+09:00
GoogleNews:健康　栄養,健康　栄養,測ってみよう！生活習慣・健康状態見える化チャレンジ - pref.kagawa.lg.jp,https://news.google.com/rss/articles/CBMigAFBVV95cUxPRlBQYTF4ekFYeU1jZUpqNFNGR3QweFNoSWtxZ3NfbzNqT0k2UzRSNzcwU2JQUTdaQ3hlWVI1QmlWdEJlSVRMWno1YmtVY3hpd1BFMExIWDRLN2tuRGlaajFQY1RFSGpoQWs4Z1JZRURVWXNPZjhpbHYtV2FZQ2c2eA?oc=5,"Wed, 09 Sep 2026 07:00:00 GMT",2026-09-23T09:29:18+09:00
GoogleNews:健康　栄養,健康　栄養,令和3年度ひょうご栄養・食生活実態調査結果 - pref.hyogo.lg.jp,https://news.google.com/rss/articles/CBMifkFVX3lxTE55Z3hQcG9Ia01YWXQxNDhoSHpNX2lBQjFPREtFaEdxaVQyZk9zaGZYZXhmdVJxSlYxZkRzQjNSXzB1TjMtcG1RX3VTSU5xSHJpT3FnUk9ZNVZPT2cyTUJhZ1J4SWl1WDhHVlBkeG01NDZVTkFNTWw1U2hUWWEzQQ?oc=5,"Mon, 22 Dec 2025 08:00:00 GMT",2026-09-23T09:29:18+09:00
GoogleNews:健康　栄養,健康　栄養,高齢者の健康寿命延伸に新知見 抑うつ症状の「タイプ」が要介護・死亡リスクに影響か－「鶴ヶ谷プロジェクト」約18年の追跡研究より－ - tohoku.ac.jp,https://news.google.com/rss/articles/CBMifkFVX3lxTE9XNi1OMHlsTTctNXNtVndTZnhveU5VcW5VLXFfSUNVMHlVbjZjb2otajBkaXpIa084azVRSHNwY3VUZTRLcDlxZ1haQTJFYWtQWHNoTWxBNjNnN3V3WVE1Tnd2OEI0ZGR3OFdRMF96bzZxbEFhc2hkTjR1TlQzZw?oc=5,"Tue, 19 May 2026 07:00:00 GMT",2026-09-23T09:29:18+09:00
GoogleNews:健康　栄養,健康　栄養,2026年「Yidan Prize」、健康・栄養・経済の交差点で教育とケアのあり方を再定義する変革者を表彰 - okinawatimes.co.jp,https://news.google.com/rss/articles/CBMiXkFVX3lxTE9oaEJ1eU5lYjZ0NS0yWVFCVEt6OWpEVnhLNE1SSUlqbEFIZ1dXWktJaW00NF9XNlBqakt2Mmd6RHp5RnlreGZKeUUtYXBaM05QZHVTVk8wTGQ3Y3ZkOUE?oc=5,"Mon, 07 Sep 2026 07:00:00 GMT",2026-09-23T09:29:18+09:00
GoogleNews:健康　栄養,健康　栄養,企業の誘致 - city.suita.osaka.jp,https://news.google.com/rss/articles/CBMiakFVX3lxTE5zZHdRMFZCMzJOMkN1WEhUcWM5aUNqOUpBaGtIbnliWmpMeWNnWGNPVXBwejh0cGhYOGdGNXFuWmhTby1aVkpXNUxoUEt2aDNfMUVuRUotXzdQRWw2UmF6OERLcFpjT0dkQ1E?oc=5,"Wed, 08 Jul 2026 07:00:00 GMT",2026-09-23T09:29:18+09:00
GoogleNews:健康　栄養,健康　栄養,子どもの肥満、治療の対象は？ 夜食や運動不足…生活改善のポイント - asahi.com,https://news.google.com/rss/articles/CBMiZ0FVX3lxTE95VmNJUWFrTmVMUEJkSGhkc1lpbl94WW13ZXhwdGlwUFpfZXYtS0dJM3N4d2RhQnFjY2xWV3pJamROTmFhbjRsX1phQzRrbUhsSDBmYzBtRnNZNGJmaFNlaHJYNnJwT3M?oc=5,"Sun, 06 Sep 2026 07:00:00 GMT",2026-09-23T09:29:18+09:00
GoogleNews:健康　栄養,健康　栄養,【授業レポート】健康栄養学科『キャリアデザイン入門』で株式会社LEOCに勤務する卒業生が特別講義を行いました - jumonji-u.ac.jp,https://news.google.com/rss/articles/CBMiYEFVX3lxTE9tQUpHNS1memIwVU9wY0FZd3dnekNsSzhNNVRjYjk3Z0kwb19lMWE3eEI2TVotSGg4V3h0bFF2b2pjY18xVEgxclhfRXBUQ0RkVmM2X1Z2ZFhEdWhxMHNXWQ?oc=5,"Thu, 23 Jul 2026 09:16:40 GMT",2026-09-23T09:29:18+09:00
GoogleNews:健康　栄養,健康　栄養,水分補給、コーヒーや緑茶でも大丈夫？ 西九州大健康栄養学科・福山隆志学科長に聞く 利尿作用あるが…専門家の答えは - 佐賀新聞,https://news.google.com/rss/articles/CBMiVkFVX3lxTE8yaXBIYndYblZxVS1mM21RNEc4VU5nWjN4T05oQ2JZY20wUHJJQUE3Vms4cVR5bF8zVzVDN3ZHcmR4d2hIenRKZmhhdEV4OV9PQ2lwRXNB?oc=5,"Sun, 12 Jul 2026 07:00:00 GMT",2026-09-23T09:29:18+09:00
GoogleNews:健康　栄養,健康　栄養,食生活改善推進員養成教室のご案内 - city.kitakyushu.lg.jp,https://news.google.com/rss/articles/CBMiZ0FVX3lxTE05bVhTUUtiZ0JFdnFMcFFpWTFmRDNNT2I4QlFjRjhTRURFNDRnMFhZeUdocGZyekdOU0VpTTZWOHM2NEdVaUdWYXdXMnFMQUc0clhZek9XeTNJeDZVSUlKck1TOXZuOTA?oc=5,"Tue, 25 Aug 2026 07:00:00 GMT",2026-09-23T09:29:18+09:00
GoogleNews:健康　栄養,健康　栄養,災害用の備蓄おにぎりのメニュー開発、チャーハン味や冷や汁味…南九州大学健康栄養学部の学生ら企業と協力 - Yahoo!ニュース,https://news.google.com/rss/articles/CBMif0FVX3lxTE1lcE43RV9Od0xpWEd0bnNkRUNwWTAtZGs3VjhMRzZrallMSlNiaG9reHdQcmVEZEhFM2o0RnNrU0FpalVGZTI4d1BQdTBvWGc3WUtRcjFJc3ZNaFY1Ul9UQXQwWnVRNzg5dGVLaXpaeEMwbGJFaEZvRzE2MHpFaE0?oc=5,"Mon, 14 Sep 2026 04:41:37 GMT",2026-09-23T09:29:18+09:00
GoogleNews:健康　栄養,健康　栄養,ご挨拶（国立健康・栄養研究所 所長） - nibn.go.jp,https://news.google.com/rss/articles/CBMiakFVX3lxTFA2OXVaZ1ozZm1uTUc2ZHpDSmxjNTRaYVlDdmlfcDZ2akZBR08ycTBNMEtwTVBHZ2E0X0U5ZUxHM2ozRVJSc01NQ2NRbXg3Y2tvZF8yTkk1WFI3bnZwUnRwUC1VSTRlX1RLeXc?oc=5,"Tue, 31 Mar 2026 18:07:57 GMT",2026-09-23T09:29:18+09:00
GoogleNews:健康　栄養,健康　栄養,【生活デザイン学科・健康栄養学科】産学連携プロジェクトでデリア食品株式会社を訪問しました - 相模女子大学,https://news.google.com/rss/articles/CBMiWEFVX3lxTE5rN0xPXzRZWlFrWnNfTVVldk5JeGt0azl4TnVjT0dJbzRqVU1tdWVJdHpSbjVQNWJmYzd4aFppS1EwMWdMOXZaX1Utbm1XYVplMEFaeEZpcXE?oc=5,"Wed, 22 Jul 2026 07:00:00 GMT",2026-09-23T09:29:18+09:00
GoogleNews:健康　栄養,健康　栄養,学年を超えて広がるつながり！健康栄養学科が「1・2年生交流会」を開催しました - jumonji-u.ac.jp,https://news.google.com/rss/articles/CBMiX0FVX3lxTE9Sc2djUnBWMGJoa29kUTBsM3h3OVJIWkhyVWtZc1BrQnI4NkhSdGdWdjFEN3VsRUwyMnZTb1NXdHVLUUNxbEZ2TTVIZmpvenFEYV9CblVveVM2aDdyR1hr?oc=5,"Tue, 16 Jun 2026 12:17:11 GMT",2026-09-23T09:29:18+09:00
GoogleNews:健康　栄養,健康　栄養,【5/31（日）オープンキャンパス】健康栄養学科で体験！本格麻婆豆腐＆杏仁豆腐づくり - jumonji-u.ac.jp,https://news.google.com/rss/articles/CBMiYkFVX3lxTFBIN2x0X3pMZHNVTTJEUXZ3dWFBd0lXQXBZT0pnSUxheXd2ZkNPbk1DSW4wWXhrSFZtZS16aEJOTzV3enZlTHBmM1ZITXBlTEVtOXpidUZPbVZCcTgxTHllaHJR?oc=5,"Tue, 12 May 2026 04:28:37 GMT",2026-09-23T09:29:18+09:00
GoogleNews:健康　栄養,健康　栄養,国立健康・栄養研究所の畑本陽一先生をお招きし、講義を行っていただきました！ | ニュース一覧 | スポーツ健康科学研究科 - ritsumei.ac.jp,https://news.google.com/rss/articles/CBMiZEFVX3lxTE43OVpGUGNadDZhTXdWR2hzeUtQcjZzT0JTOWVEeVhuaEJhSDJLTkQ4cFNSaTlLX2lxUDFuX2c1b2RNQlNIUDA1VHdOZzcwbFZLVzQ4VlNSVDJCTDF4N2pGVFN5R2s?oc=5,"Tue, 30 Jun 2026 07:59:58 GMT",2026-09-23T09:29:18+09:00
GoogleNews:健康　栄養,健康　栄養,国立健康・栄養研究所の畑本陽一先生をお招きし、講義を行っていただきました | イベント | スポーツ健康科学部 - ritsumei.ac.jp,https://news.google.com/rss/articles/CBMibkFVX3lxTE5nRFNsU2NUTGNLMHlVYTZTNHRnVnNPTGNKcXM0enA5SFp3bURtXzF6OExWZE9wRDN3aHh4MXFmbzlXM1RoaFN0cjNoaVNNWHdvSWZYVVRPOFB1T2M5LXZZSDQ3bG9lS1pfM1VsZ3pR?oc=5,"Mon, 11 May 2026 07:00:00 GMT",2026-09-23T09:29:18+09:00
GoogleNews:健康　栄養,健康　栄養,栄養改善に関すること（草津保健所） - pref.shiga.lg.jp,https://news.google.com/rss/articles/CBMiZ0FVX3lxTE9lajRJcmxhVzNJVEExMVBxQlFZRDMwMEdMa0Y2SFBvS05GeGpVaGttalFubnhHcGU3NHNGbzNtcEp6VXk1MUJDSzZEaWR6WXRhZVFiSVl0a2xFdmkyQ1RBVEN1SFZJY0k?oc=5,"Thu, 23 Jul 2026 07:00:00 GMT",2026-09-23T09:29:18+09:00
GoogleNews:健康　栄養,健康　栄養,園田学園大学 スポーツ栄養学研究室と - jumonji-u.ac.jp,https://news.google.com/rss/articles/CBMiWkFVX3lxTFA1YlFsNHVfVHYzcEQ1MkQ1WkVvRzZ2TXFRd1NySHBGRUhfZURVY2haeHJLb29RNHdqYTdIZFBBaDVwYjFnMWZGSnVRTmI0TWlBb2VibU5FVDRGUQ?oc=5,"Wed, 08 Apr 2026 07:00:00 GMT",2026-09-23T09:29:18+09:00
GoogleNews:健康　栄養,健康　栄養,健康栄養学科学生が「栄養士実力認定試験 成績優良者」として表彰されました - jumonji-u.ac.jp,https://news.google.com/rss/articles/CBMiVkFVX3lxTE9vSUlMbno1Z2VhMS1wV211b25PY2ZBaHNTdy12WHZnbkhWRldmNlpGZ3R4WlVqeG5EX1ZuczZrRndQa05IT2RjWlJsX0xvUXNBZlpHcUlB?oc=5,"Fri, 24 Apr 2026 07:00:00 GMT",2026-09-23T09:29:18+09:00
GoogleNews:健康　栄養,健康　栄養,【健康栄養科学科】青森りんごオリジナルレシピコンテストで 2つの賞を受賞しました！ - 福山大学,https://news.google.com/rss/articles/CBMiX0FVX3lxTE96SFlJa3FuN2RMdXkzRTQxNkp5eGhUS0pSLUZVNWpiSy0tSE83YW5DaWhCRVFmZEg1aG5XZ3NkMnotXzZ6aFY3YVg0WnM3aWFUVW5RemI1enNoaGFYUHlF?oc=5,"Thu, 05 Mar 2026 08:00:00 GMT",2026-09-23T09:29:18+09:00
GoogleNews:健康　栄養,健康　栄養,"「糖尿病が強く疑われる人」は推計1,100万人―「国民健康・栄養調査」｜ニュース - dm-net.co.jp",https://news.google.com/rss/articles/CBMiWEFVX3lxTE5ON3AyQkN2cUpncXphRlNPSzltRGhvWmp5c0ExdUNvZEdmMW0xR2xrci1PS2pMc2taOHAzN1lVeVYwajBGOHZUWmJKc2lPRmFFWl9aZGxzVmg?oc=5,"Fri, 16 Jan 2026 08:00:00 GMT",2026-09-23T09:29:18+09:00
GoogleNews:健康　栄養,健康　栄養,和光市中央公民館で開催された「夏フェス2026」に本学プラスちゃんくらぶと健康栄養学科 伊藤ゼミが参加しました - jumonji-u.ac.jp,https://news.google.com/rss/articles/CBMiWkFVX3lxTE1nVDEtNnVId2hMMjkwRUtIeHI0Z1FJeldpdzRLUVF4SmRUVjJOTjhXazdKd3U2VUIwVnRmYk1PUG56YW5GRmQya2xHV2NILUdxWkNnOHdGZEhaQQ?oc=5,"Mon, 24 Aug 2026 00:15:16 GMT",2026-09-23T09:29:18+09:00
GoogleNews:健康　栄養,健康　栄養,【村上】食品の健康・栄養に関する表示等について - pref.niigata.lg.jp,https://news.google.com/rss/articles/CBMieEFVX3lxTE9rNDJsV2xjejVHS2VFSUk2bDhNVFZ4ajBpSmtIaUxIbllxQkVvMFZnUVM3UEdHYlRwX1g3UGU3N2hJSGZFeTd1elhibEhWNEU0bW51b0hVcGtfYzNLQVNXR01EYnRDaTFvSkpMSzRHbGpEOFFQb0JhRg?oc=5,"Tue, 06 Jan 2026 08:00:00 GMT",2026-09-23T09:29:18+09:00
GoogleNews:健康　栄養,健康　栄養,2026年「Yidan Prize」、健康・栄養・経済の交差点で教育とケアのあり方を再定義する変革者を表彰 - 北海道新聞デジタル,https://news.google.com/rss/articles/CBMiiAFBVV95cUxQRnZLQ1htOUU2a1FjczdsTUUzVHJyZE1KMHktQ3NNQzlRanYzMFFXTUJTMHNqdlB0T0F4Yld6LWpzTHZieHVQNXV3VXh3b2p6U2NvMjlnY2ZIVTJXbkZfbXN3WXZYUkNhQ1YtQmVISGVyYUE0UzZxNXJEMjA1NVF4dmVhR2kwQktw?oc=5,"Mon, 07 Sep 2026 03:03:42 GMT",2026-09-23T09:29:18+09:00
GoogleNews:健康　栄養,健康　栄養,心身の健康は朝ごはんから - city.akashi.lg.jp,https://news.google.com/rss/articles/CBMibEFVX3lxTE1mZ1g1TWRRU0dQd0FsMjZyZTZRSGNvVlJSU3Z5d0ZHTEdHV1oteVVVbWlwLVUtYjI0WDJNbFRlWTNnSUx5OTBza1JEV1E4WFBQTFBqQWhQTE43NkZKQ1hNMTBQR3ZaVFJMNlcyOQ?oc=5,"Tue, 16 Jun 2026 07:00:00 GMT",2026-09-23T09:29:18+09:00
GoogleNews:健康　栄養,健康　栄養,健康栄養学科 伊藤ゼミが小学校の夏みかんを活用した食育授業を実施―学生が地域と協働する「プラスごはんプロジェクト」 - jumonji-u.ac.jp,https://news.google.com/rss/articles/CBMiZkFVX3lxTE81S1FYV1NyTGNJWWJIenUxdjFwMENEdGh2a1dlcTlBY1RqLThiV2x6S0lWdVpSQUd5QUdiZWR1djFYRElfcURMT05UTXFDTXVZUWg4d1VIYWhFNUFtSWJhUGtxX21FQQ?oc=5,"Sun, 15 Mar 2026 23:42:46 GMT",2026-09-23T09:29:18+09:00
GoogleNews:健康　栄養,健康　栄養,常葉大学健康栄養学科 講演会「食の安全の落とし穴～AI時代の食のリスクを議論する～」開催のお知らせ - アットエス,https://news.google.com/rss/articles/CBMiVEFVX3lxTE1JaWNfbTVESmEzSkpuOVRGVWc4NEhwbHFRZC1NdVJ0d2hzOFZUU2JubVFNQnRoTnpOM2o5N3FEeDVzNjAzNmVDUXo0THZOSmdXYmdjMg?oc=5,"Fri, 28 Aug 2026 07:00:00 GMT",2026-09-23T09:29:18+09:00
GoogleNews:健康　栄養,健康　栄養,【健康栄養学科】学科の魅力がぎゅっと詰まった！学生デザインのクリアファイル完成しました - jumonji-u.ac.jp,https://news.google.com/rss/articles/CBMiVkFVX3lxTE5VWXJDeG1Wc3pWRnNKVm9sTk54T0tGdmd0bjNGU2JjZjZRMmZUUWh2aGxZTVFUM3dNN0Vna2dUSFV6SFVscU16UGRkSUNnVEJlWHdHNEdR?oc=5,"Mon, 23 Mar 2026 07:00:00 GMT",2026-09-23T09:29:18+09:00
GoogleNews:健康　栄養,健康　栄養,「第17回浄見寺地元まつり」に健康栄養学部と学生ボランティア21名が参加しました／教育・研究 湘南 - bunkyo.ac.jp,https://news.google.com/rss/articles/CBMiakFVX3lxTE9WdHpfc2VKbF9DeGVBcktPMFRwYTYwa2F4eTRZRnN5eTJaODdTQVVETmRlb19xRFVpa0RtQUZZa2FicmhnbWZfU2NWMU4wTFZiZUw5YThLTnVqYUhJSWF1aUFkM0dfM0VKS3c?oc=5,"Thu, 23 Apr 2026 04:51:24 GMT",2026-09-23T09:29:18+09:00
GoogleNews:健康　栄養,健康　栄養,同じ食事内容でも吸収されるエネルギーは異なる？ | 国立研究開発法人医薬基盤・健康・栄養研究所のプレスリリース - PR TIMES,https://news.google.com/rss/articles/CBMiakFVX3lxTE16S1ZOLWxwaDZUWlQ5dTdxekdDUi1ySnJGYzFXT25HbU13WHkzWC1rempFQW5iTk82d19UWVd6MDVMSmgtbERJTG9MZlA2OF82RHdUYm1Hc19SUzc0b3I0N0xjblZDQzdzLXc?oc=5,"Mon, 02 Mar 2026 08:00:00 GMT",2026-09-23T09:29:18+09:00
GoogleNews:健康　栄養,健康　栄養,2026年「Yidan Prize」、健康・栄養・経済の交差点で教育とケアのあり方を再定義する変革者を表彰 - 秋田魁新報電子版,https://news.google.com/rss/articles/CBMiYkFVX3lxTE0xbmEtS3ZIZTViQU1VbDFfTlVkMkNrZVJWaFpBczBOUG9rRUtRWUhtR0dGalR6NmFacDNIdTZlMjR5aV9nSEZwTU1UT01yeWk2cEl2LUM5b05xOHF0WGRoTTFR?oc=5,"Mon, 07 Sep 2026 07:00:00 GMT",2026-09-23T09:29:18+09:00
GoogleNews:健康　栄養,健康　栄養,【講座】日本栄養大学との共同プロジェクト！食と健康のプランニングセミナー開催 - city.sakado.lg.jp,https://news.google.com/rss/articles/CBMiYEFVX3lxTE5hUzQwTmUxeHRFNUVtWDNTTWFGSmVZamM2cXRqVV8xSzJXWEVxbS1pVHRvR3VFZ2ZKTjJlcHBUaDNEZGlKQnZQQlg1ZnNJMXA2WElNQS15QjcweC04R29Beg?oc=5,"Fri, 24 Apr 2026 07:00:00 GMT",2026-09-23T09:29:18+09:00
GoogleNews:健康　栄養,健康　栄養,同じ食事内容でも摂取エネルギーが減る「消化可能エネルギー」とは？ 食物繊維やナッツ類で低下するエネルギー吸収の実態 医薬基盤・健康・栄養研究所 - sndj-web.jp,https://news.google.com/rss/articles/CBMiS0FVX3lxTFBzdW54bHdiUV93VnA0WkptZVpVQWJ2SXFCM1oyNzhKZGV4Z1FKVHR2aWtBZU50LWF3azJSclVmVEhIdkVmWUpTTjJJUQ?oc=5,"Sun, 19 Apr 2026 07:00:00 GMT",2026-09-23T09:29:18+09:00
GoogleNews:健康　栄養,健康　栄養,食塩摂取量は平均9.6gとなり過去12年間で最低 令和6年「国民健康・栄養調査」②【栄養、身体活動、睡眠、飲酒、喫煙の状況】 - sndj-web.jp,https://news.google.com/rss/articles/CBMiS0FVX3lxTE1OTHdZbzE4SGRpdmtjZGVCZ1RQY1ZDVDVQQlBQN20zWG9QRTRLQkRnQWZPWnBZeHI0QWxyRlNKWlhPamp3aGhUNTlFQQ?oc=5,"Sat, 24 Jan 2026 08:00:00 GMT",2026-09-23T09:29:18+09:00
GoogleNews:健康　栄養,健康　栄養,梅干しでも漬物でも干し魚でもない…日本人の血管を痛めつけている｢塩分たっぷり食品｣堂々の1位【2026年8月BEST】 - ニコニコニュース,https://news.google.com/rss/articles/CBMie0FVX3lxTE50R1JxTUc4NHBxVG1qZGM3Q2ZSTllpVXh6V3FQTXRMa0hlZVpSaEx0VE9YWTBOOTNqVkROY0sxZ0NvSkZxejJyU3FIZ2NIem9xQzlXLUhBQm1pVVpNWTRaZ1kyX05zY0hHMGthSVp5MmhiVUtkMHgySkdVWQ?oc=5,"Mon, 21 Sep 2026 09:15:12 GMT",2026-09-23T09:29:18+09:00
GoogleNews:健康　栄養,健康　栄養,食品関連事業者の減塩を支援 『食品関連事業者のための製品の減塩ガイド』を公開 国立健康・栄養研究所 - sndj-web.jp,https://news.google.com/rss/articles/CBMiS0FVX3lxTE1vVWVhQVAzRHpkc2JhVXh6NUV0T21LZEc2WDFxN2dJSnliVnNrcXBudlJhV1pEVkNLRmpTdExzS1lKMEJhTXhFQXR3NA?oc=5,"Sun, 18 Jan 2026 08:00:00 GMT",2026-09-23T09:29:18+09:00
GoogleNews:健康　栄養,健康　栄養,国立研究開発法人医薬基盤・健康・栄養研究所 国立健康・栄養研究所セミナーを開催します - PR TIMES,https://news.google.com/rss/articles/CBMiakFVX3lxTE1oUk55UjRXMDhOLUpMcmxQTXRLcmVWcXFrU2RVTE8xNWtLSU9TM1NSRFp5aFVEakJpSnJmUTAyQkhCZGNKMDR6U2ZXREdlOVF4NHc4b2tuMmpGTE8tcWRPVDJPQUE5M2xtSWc?oc=5,"Thu, 26 Mar 2026 07:00:00 GMT",2026-09-23T09:29:18+09:00
GoogleNews:健康　栄養,健康　栄養,同じ食事内容でも吸収されるエネルギーは異なる？ ～食事や健康状態で変わる「消化可能エネルギー」の最新レビュー～ - tohoku.ac.jp,https://news.google.com/rss/articles/CBMidkFVX3lxTE02dzZrYXN6UjRKaWk5RGFKc0RndXJuSlZ0RTZQdmc4dWllT0g3a2Myci1oZTROUTRmSDRycUptRUExaUFHdVpMN1hRcGd2Rl92ZWp2SldqQktjbkdrQlEycnp0NHRncXNHWF82M0FJVGpEdG45TVE?oc=5,"Mon, 02 Mar 2026 08:00:00 GMT",2026-09-23T09:29:18+09:00
GoogleNews:健康　栄養,健康　栄養,北海道食環境整備推進セミナーを開催します - pref.hokkaido.lg.jp,https://news.google.com/rss/articles/CBMiZ0FVX3lxTE1fWjh0S3AyaDQzQjI4MUNfUGJQNGw2X1lKdEdmcGVrcFQyVUhHaTdxaWpOcWpkS1lRSjQwVl9hVEZCVmx0TnJrRzBIc2hjbndzLUZTald4NHY3WENTbHYzUS1lUnAyQ00?oc=5,"Mon, 19 Jan 2026 08:00:00 GMT",2026-09-23T09:29:18+09:00
GoogleNews:健康　栄養,健康　栄養,2026年「Yidan Prize」、健康・栄養・経済の交差点で教育とケアのあり方を再定義する変革者を表彰 - PR Newswire,https://news.google.com/rss/articles/CBMif0FVX3lxTE05c3NDeUlLbFNabnMxaW9wX3BSRTMxUjVNM3J2Q05nMTZnOHBXSjBYSTNPNnBsa3JpWElJZVNQdEY1U19Ga1BORE9oczRwRzZvOUhiWVhQSW55MXJOSWxhckM2Q0xLWEtiazBFdVhTSXN4bjhOUUdNdU9RTkVWM3c?oc=5,"Fri, 04 Sep 2026 07:00:00 GMT",2026-09-23T09:29:18+09:00
GoogleNews:健康　栄養,健康　栄養,《医師・歯科医師・薬剤師向け》 無料オンラインセミナー9/13(日)朝10時開催 『Precision Nutrition時代における 腸内環境研究と健康医療への展開』 國澤 純 先生 (国立研究開発法人 医薬基盤・健康・栄養研究所 / 副所長) - Newscast.jp,https://news.google.com/rss/articles/CBMiR0FVX3lxTE1nQjBVWDNUb1d1M1BHS2s0YVVKcjJma2UwajdwQW1jdWpybUxhTGg1V0ZvVl9yRWEwWFpZYVBPMkwzTlFLTnYw?oc=5,"Fri, 28 Aug 2026 07:00:00 GMT",2026-09-23T09:29:18+09:00
GoogleNews:健康　栄養,健康　栄養,歯列状態がフレイル重症度と関連し、食事の質がその関連を部分的に緩和 米国国民健康栄養調査 - sndj-web.jp,https://news.google.com/rss/articles/CBMiS0FVX3lxTE5QWHNSa3E5NjAyNTdKZkNVSnZqNVhuaHhYQ2dqOW54S2wtQUtJSTNtdVE4YkkxT182SW5zMnVZSlhPcDlTbncxbGhOcw?oc=5,"Fri, 22 May 2026 07:00:00 GMT",2026-09-23T09:29:18+09:00
GoogleNews:健康　栄養,健康　栄養,北九州市 減塩ガイドブック 第4版 - city.kitakyushu.lg.jp,https://news.google.com/rss/articles/CBMiZ0FVX3lxTE1ta3BURkZEY3IycmhvOUdsQzU1UnVudnJLTURaa1dCbTJrTldUS1otczJIWWNaMmZFZUFBRE1HVnh5Wjg4S01TaDh0UkVfV1BRQjhkbEczUUhSRE9NbkRDSWNiMGs4cGs?oc=5,"Mon, 06 Jul 2026 07:00:00 GMT",2026-09-23T09:29:18+09:00
GoogleNews:健康　栄養,健康　栄養,"就労者は非就労者に比べ、栄養素充足スコアが低いことを確認-成人3,520人の健康栄養調査データより- - PR TIMES",https://news.google.com/rss/articles/CBMiakFVX3lxTE1IOEVGTVRwc1ZvRW52MFM5SWptZmFHZnhxazRJQlkyMnJOZVMxMTREUDRxTklFUHk1TWlIUkgwdGY0elRLTkJMNENvVUEzQzhTdUVPZldhV0RFTFRiQkVUZndWZW5oSF9NVHc?oc=5,"Tue, 19 May 2026 07:00:00 GMT",2026-09-23T09:29:18+09:00
GoogleNews:健康　栄養,健康　栄養,体力の変化や生活習慣を見直すきっかけに『くすのき健康栄養フェア2026』を開催 - Digital PR Platform,https://news.google.com/rss/articles/CBMiQ0FVX3lxTE93cTN6VXJWbVBUVzY3bWRTWDRnbVZXMWl0TXNWaHVmUnpoVnNZZ3N6bkxKaEhxR3pNOFJXZG5IaFhhNzg?oc=5,"Fri, 08 May 2026 05:23:38 GMT",2026-09-23T09:29:18+09:00
GoogleNews:健康　栄養,健康　栄養,健康メディカル学部 健康栄養学科の学生がレシピコンテストで優秀賞を受賞しました。 | ニュース - 2025年度 | ニュース - 帝京平成大学,https://news.google.com/rss/articles/CBMiU0FVX3lxTFBfVVo5X3d1dHdZVjBxTWdQSWhGUENGdHBNeUpRaHpJV0FBbjA2YWg5Y0Y2eWF6U0VHQUVfNjBHbWhKLVZkVFJQNjNpNGNhRk9JTEN3?oc=5,"Thu, 27 Nov 2025 08:00:00 GMT",2026-09-23T09:29:18+09:00
GoogleNews:健康　栄養,健康　栄養,【健康栄養科学科】臨地実習報告会を実施しました！ - 福山大学,https://news.google.com/rss/articles/CBMiW0FVX3lxTFByWTRiZVFQeTFQNThiS2VuOGpnRUJyZlZhOE5WOEJDb3RCejBYZ0RTU1hrV2xIbl8teWJ2Y3k4QnN0U0c2TjcwZEFNQTRnN2hOckw2Zy1xM1VrOGc?oc=5,"Fri, 13 Feb 2026 08:00:00 GMT",2026-09-23T09:29:18+09:00
GoogleNews:健康　栄養,健康　栄養,健康栄養学科１年生が「精進料理」を学ぶ特別実習を実施｜ニュース - agu.ac.jp,https://news.google.com/rss/articles/CBMiYEFVX3lxTFBuRy1RWXlxLVZsTzdIdjNxNkI5WXlOcENhUjdvLVBlYzRMbi1Pd29abHFHZEo2d1Z1anllVElIdFpOd3lpdFhPRExmY09NUWRZS2hzQW9pX1BjZ1VEUFN4MQ?oc=5,"Mon, 02 Mar 2026 00:26:26 GMT",2026-09-23T09:29:18+09:00
GoogleNews:健康　栄養,健康　栄養,2026年「Yidan Prize」、健康・栄養・経済の交差点で教育とケアのあり方を再定義する変革者を表彰 - AGARA 紀伊民報,https://news.google.com/rss/articles/CBMif0FVX3lxTE9vSjQzVFlkX2JZMW5HWF9RTXZwSmN5OWRHd2Z1amZSQTRyVEZmekhlSFJFZWZNX1VkNW9OblNJcmN0Z3J2dDZUMkdaUjh0LTU1VzBmOGtQNDIxNUFQSmhIaU9ScFNPeU9CcERtWjZENmNYeDViR2xxN1BkXzhYV0E?oc=5,"Mon, 07 Sep 2026 01:02:00 GMT",2026-09-23T09:29:18+09:00
GoogleNews:健康　栄養,健康　栄養,栄養サプリ、取り過ぎ注意 日本人「2割」が過剰、健康リスクも - 毎日新聞,https://news.google.com/rss/articles/CBMiaEFVX3lxTE94dFJPTWpzSXRLYXhtSmtQYWZhYkswU192MW91QlFFSUhJQ1JuMm9DeXZOSTRwUjNkMHM5T3BqMjFVSk94V3Z5cFBELUd6eDZ4d1VLY3F1MzdhTE5oZ0dVODEtOXIzUWtQ?oc=5,"Tue, 07 Apr 2026 07:00:00 GMT",2026-09-23T09:29:18+09:00
GoogleNews:健康　栄養,健康　栄養,【活動レポート】B.LEAGUE Hope×日本生命 地域を元気に！バスケACTION「日本生命×愛知学院大学 健康栄養学科～べジチェックを活用した栄養教育～」を実施 - 名古屋ダイヤモンドドルフィンズ,https://news.google.com/rss/articles/CBMiaEFVX3lxTFBGSV9oZHVCVnZqeVcxNy03V2tSYmVJaFdTQlltNVg0NVRFWGZlZ2FVWGd1aUpzcVlpUkJ0b3piRnhraDJZbkJLZ0t1eDIxS0dtemJxVXc2Smd6VS12dEdtRXBCd2M0SFpO?oc=5,"Wed, 18 Mar 2026 07:00:00 GMT",2026-09-23T09:29:18+09:00
GoogleNews:健康　栄養,健康　栄養,アスリートたちの健康とパフォーマンスの向上を目指しスポーツ栄養学の礎を築く『大学時報』SNDJ鈴木志保子理事長インタビューを公開 - sndj-web.jp,https://news.google.com/rss/articles/CBMiS0FVX3lxTE9ZTDhTdUFpbGhrQUhEdUY3dXlkRnBHdUswLWNBdFo2MmlIdy1fa1ZxZG8tYzNrOFc2NTR1aUdQUXFFWjdObXUzalowdw?oc=5,"Fri, 13 Feb 2026 08:00:00 GMT",2026-09-23T09:29:18+09:00
GoogleNews:健康　栄養,健康　栄養,-障がい者を対象に食と健康の意識調査を実施- | 一般社団法人 日本最適化栄養食協会のプレスリリース - PR TIMES,https://news.google.com/rss/articles/CBMiakFVX3lxTE1LSWxtNVVJYW9QbG9GVHkwYkQ3SU1fS1VCTnJZeDVHRDM5aElEWlctVVVjMGFGMWdDOTNYZFpiMUlVZkprcUlUd1E2MkZMa19BWFBUTTNOOWdJQmFCNmE1R1g1eXB4a1VYVFE?oc=5,"Wed, 17 Jun 2026 07:00:00 GMT",2026-09-23T09:29:18+09:00
GoogleNews:健康　栄養,健康　栄養,【日本学国際研究所】紀伊國屋書店新宿本店「相模女子大学日本学国際研究所と学ぶ・知る・考える」vol.9『戦後日本人は何をどのように食べてきたのか？～国民健康・栄養調査結果から考える～』を開催します | 大学からのお知らせ | 相模女子大学・相模女子大学短期大学部 - 相模女子大学,https://news.google.com/rss/articles/CBMiWEFVX3lxTE9FT0Y3dW5EejMzTWhLQVJkYzdVUkgxWHRocmU0WF9tUTZhRzdBbjVJbHRzcm9Pc18yQUd0N3hZQ0V6U01FanprS2lKYWIyVnl0VHgtSFRZQXE?oc=5,"Mon, 22 Dec 2025 08:00:00 GMT",2026-09-23T09:29:18+09:00
GoogleNews:健康　トレンド,健康　トレンド,トレンド トラッカー：GLP-1から目の健康関連の新製品発売、そして日本のFFC市場まで - NutraIngredients.com,https://news.google.com/rss/articles/CBMihgFBVV95cUxNa3F4QklLaE81cDdPZktmcUdBZjA3amZaYWhQUmxEU3I3dGpVd0tTNVJ1cmhra3oyZ3Q2WThXS0d0VEhPbXVHMkpjSUZqUEJibVNwdjdRMGswX3hudGg0UlpIb3luZHYxVFlfbHdvT3d1cnEzMERIV05PenI2M2V4NnJxalZpdw?oc=5,"Mon, 21 Sep 2026 06:36:51 GMT",2026-09-23T09:29:21+09:00
GoogleNews:健康　トレンド,健康　トレンド,“心地よく整える健康”が新基準に！ 2026年下半期の「FYTTEヘルスケアトレンド2026」発表！ - PR TIMES,https://news.google.com/rss/articles/CBMiakFVX3lxTE0wSzAzQnRrdjVDWXFPaDh5bkZhcXNRWDJwUWJqeDdDWEQ5bjluNEhLbDhXMW9mbVh4UkFuY20xN29kX3pSNThIeGdQQU9YSml0MjhMUDI1V1A4cTBxSFVFSGdqWF9vT3ZiZFE?oc=5,"Wed, 01 Jul 2026 07:00:00 GMT",2026-09-23T09:29:21+09:00
GoogleNews:健康　トレンド,健康　トレンド,画像8 / 9＞アフターコロナの健康トレンドは「睡眠サポート」「見た目ケア」「手軽さ」「食物繊維」。約1242万件の購買データから分析 - ウォーカープラス,https://news.google.com/rss/articles/CBMibkFVX3lxTE9jR2IwUUxFSXJVdFRVOGVBZmNRZE5PV0twazV0Y01QdU9uSWt6dC1sQ09odEExRE1WUzlhX0w1c2hicXEtOXFBZmlIUG5YaEhxdDlrMXJQZEVNQUJuYUp3Mi00RTU3UU42V3NuZXZB?oc=5,"Mon, 21 Sep 2026 20:52:45 GMT",2026-09-23T09:29:21+09:00
GoogleNews:健康　トレンド,健康　トレンド,カルビー江原社長「最大市場の北米に資源集中」 健康トレンドに勝算 - 日本経済新聞,https://news.google.com/rss/articles/CBMibEFVX3lxTFBEZ29Pd1RXd2RxWnZJM1pValR4VUpidzFpRXF6RlIxUURsUmdhNFVKTDJmbExtU3VHY051Wm0zaVVVeXVlOGRuTG9sZGVYWFhiV01nNmw2R0hHR3RMSmhqcENlZThsZ1p1S3JVOA?oc=5,"Tue, 05 May 2026 07:00:00 GMT",2026-09-23T09:29:21+09:00
GoogleNews:健康　トレンド,健康　トレンド,「紅茶」の健康効果 飲み続けて生活習慣病を予防、腸内細菌叢も改善 - 日経Gooday,https://news.google.com/rss/articles/CBMicEFVX3lxTE5TalVyUWZTclNsR3Fza3BkZmtrNUlZdkFjT2xsaXpnMmtMaXhhZkJPRHdRczBIQThLQ0I4UDZsRHVrWmVFMnhSYjVPR1RnTkZMRkhOZVJ2eEwzQnRNNmRZcHBDeGUtNFotV0dfdkwzN2s?oc=5,"Mon, 06 Jul 2026 07:00:00 GMT",2026-09-23T09:29:21+09:00
GoogleNews:健康　トレンド,健康　トレンド,豆乳カテゴリー、健康志向を背景に金額PI・数量PIともに2ケタ増 - ダイヤモンド・チェーンストアオンライン,https://news.google.com/rss/articles/CBMiaEFVX3lxTE1OWXNXa2pSQ3J0S3NQTExRRC1ZSWp2MDBaUi1pRlVvVk1UVk1VaWQzSTVITFZXU3FkaktERmJCV1RhZlRQQlZkOFh2cmM0TGNnTzhjWXVOczMwa0ZLX1FhR1B4dmVGQjk10gFuQVVfeXFMTTJrM2lDUlJCZ2lOTnJyemxPTl9EOUpBU2tELWpMRlIyRTMtdGtXOEYzUWZOVEhaR2Q3d2ZQYjlWTzIxLXJrSTdtMWt0NHMyVlY2ejA3c25JWDdnRmk0TUtreVF2VnFuMDR3ck1NSUE?oc=5,"Mon, 26 Jan 2026 08:00:00 GMT",2026-09-23T09:29:21+09:00
GoogleNews:健康　トレンド,健康　トレンド,【PR TIMES 流通 美容・健康】【韓国コスメ好き必見】最新トレンドがイトーヨーカドー大森店に集結！韓国コスメPOPUP「K-BEAUTY PARK」9月30日より開催 - 茨城新聞クロスアイ,https://news.google.com/rss/articles/CBMieEFVX3lxTE9oN1VvUmZVdjNnYUlEV09vNXhzXy1wQzdPNUtBMktRNi02SmFrVHNiTHVWTEVjQkh1VTU5R1F1RVRyWUdfZzQ1dUhxVFdNTEVpa3J4Z3pFcWRLVVJyRy1fRmhxQ0NDaUI4VzVXUUxmcUhJZHlWUDR4ZA?oc=5,"Thu, 17 Sep 2026 04:52:47 GMT",2026-09-23T09:29:21+09:00
GoogleNews:健康　トレンド,健康　トレンド,スーパーフード市場の展望： 健康トレンドと持続可能性が牽引する活況産業 - アットプレス,https://news.google.com/rss/articles/CBMiT0FVX3lxTE5RSjJNQlVzTXNJU2FLWS1WUElPYnFzaV9OTXE5M3hXcTlwT3VGZ2t3RXRnSkR6bEpkVnpJaUhuZlV2emx2RURreFBHMVdpT1k?oc=5,"Thu, 12 Feb 2026 08:00:00 GMT",2026-09-23T09:29:21+09:00
GoogleNews:健康　トレンド,健康　トレンド,「24時間の健康管理」へと「トレンド」が「変化」した最新「ウエアラブルデバイス」6選【本当に売れているモノ＆売れ続けているモノ】 - Yahoo!ニュース,https://news.google.com/rss/articles/CBMif0FVX3lxTE1tN0FoSmZhSjRiVjJDd09sd2p0cF9qelNqMVRrRXM4ZUl1dllRaDRKam1HdndkRWlyZXJ6Y002WVFKOFZwNlZseWpkeDhJUFNhdy0zX3Y2OUtVSTNMWmJDdE9SbjZqcW5vVmRwVm0xSkp1WEc4NVhySVMzdy1zbVk?oc=5,"Wed, 06 May 2026 07:00:00 GMT",2026-09-23T09:29:21+09:00
GoogleNews:健康　トレンド,健康　トレンド,「おならサラダ」は本当に健康にいい？ 栄養士が解説 - ELLE,https://news.google.com/rss/articles/CBMirwFBVV95cUxNd2lQZnBoZ2M3ay0wX2ZudjNGOE9QQlJkeHJldGhPd085WkNwUnpzRTdSTXdSbjNlWTlCZFR0LXJOOTVJTElrWWxoaVVrSnk4Q2dLX01fUzk1bS1WQV9weEMwMEg2YnZnVHVXMmdodVFBOC1WaFNxOWRMbm1WMW5jUHM5TktjbXl5QkpLa3pPV1hnMHZDZ0VPRExPMFJXRWExRUh0R0g5NC1pZWtFR0hZ?oc=5,"Sun, 28 Jun 2026 07:00:00 GMT",2026-09-23T09:29:21+09:00
GoogleNews:健康　トレンド,健康　トレンド,筋膜が今、健康トレンドの中心に──その正体と科学的根拠 - Forbes JAPAN,https://news.google.com/rss/articles/CBMiWEFVX3lxTE94enRfbkpnVU1pbE9OOVJWakdLQk1saDUtZ0ljLU5YbVgzWHhoUUU5eHJxRlMzTUV3T2JQMEVQaVdrY29uZ2Rxb3NoRDhwOUNoam1GQ0JXNWM?oc=5,"Thu, 30 Apr 2026 07:00:00 GMT",2026-09-23T09:29:21+09:00
GoogleNews:健康　トレンド,健康　トレンド,「座りっぱなし」「長時間労働」… 腎機能低下につながりやすい要注意習慣 - 日経Gooday,https://news.google.com/rss/articles/CBMicEFVX3lxTE02SkhhNVV0Z0ZTbDJnemIwUlRoWGtIeWlqX19aMVFDUWZsYzFHaWRVdjltSS03eG5VdXRvbVBjc01qVlhFTXlNSlF5LURFUDZWX0N5N2FZQ19RSDYxSzhiMFZvV0lucmpHZDJ5WkxBM1c?oc=5,"Tue, 01 Sep 2026 07:00:00 GMT",2026-09-23T09:29:21+09:00
GoogleNews:健康　トレンド,健康　トレンド,健康トレンド2026！注目の健康食品・サプリメントビジネス - PR TIMES,https://news.google.com/rss/articles/CBMiakFVX3lxTE5wTlg4MDNuZXEycnpCX2dGTTdZMk9NYVpiRnYxRVlxcEhsV2RJU1YwVVgyQnEwOU90ZkhsV21RNDhlRUZvZUZhODVoQWZ6V0NSNi1QbjEwckNLY3VPcW8tSF96MGp4S0FFeGc?oc=5,"Thu, 19 Mar 2026 07:00:00 GMT",2026-09-23T09:29:21+09:00
GoogleNews:健康　トレンド,健康　トレンド,舌の筋力低下を防ぐ！ 舌圧を鍛える舌トレーニング、姿勢も改善 - 日経Gooday,https://news.google.com/rss/articles/CBMicEFVX3lxTE5wRnVxS1liNzQtdXVrVjVVS3dkMmxoZk5zVUR4UHZLWVhvOXc3OUxTdzJXZTlRWmFNMzd5dGUyMEgxVFdIRm50NDRJS3VIbm03UTV3SWVvZWhvUWRzYTFhSDBvN21IV2szcUUtMjB3UG4?oc=5,"Tue, 21 Apr 2026 07:00:00 GMT",2026-09-23T09:29:21+09:00
GoogleNews:健康　トレンド,健康　トレンド,【速報】今年の健康トレンド総決算！「からだにいいこと大賞2025」受賞結果発表＆オンライン授賞式レポート - PR TIMES,https://news.google.com/rss/articles/CBMiakFVX3lxTE9HWHN2OFBrblJ3UnMtRW5OZ1kzRnpQTzA2bEI3WGxESXBrdVJXTUFYdXkzYmpjemRTUmplT014T0MyOFVRcldKNVNrMFE5YVZjT0hndlVTX3ptUzk5MlFLTVFrcXpQQWNpZ3c?oc=5,"Tue, 16 Dec 2025 08:00:00 GMT",2026-09-23T09:29:21+09:00
GoogleNews:健康　トレンド,健康　トレンド,健康・美容の最新トレンドが今年も集結「からだにいいこと大賞2026」本日よりエントリー開始！“あなたの愛用＆NEXTアイテムを教えてプレゼントキャンペーン”も同時開催中 - PR TIMES,https://news.google.com/rss/articles/CBMiakFVX3lxTE5zcDVlZVRmcXBnTjlyY0VqdG9FTllFZ0dJSl9pYklIYlMyVlpna2wwc3M5SmtmZFhkd1UzQnBFVzQyN3ZLczJpQVZsU3RTNDVYMmdjUUxWR2xWNWhkcnVXXzlwX2hsTGpOS1E?oc=5,"Mon, 01 Jun 2026 07:00:00 GMT",2026-09-23T09:29:21+09:00
GoogleNews:健康　トレンド,健康　トレンド,1日ひとつ「ヤセ行動」を選ぶだけ！ 大学病院で考案 “我慢しない”ダイエット - 日経Gooday,https://news.google.com/rss/articles/CBMicEFVX3lxTE84QjRnQWN4SDlaUklZNWdNWkRYY1QtNDUwRVR4bVJDOXNYaVpqZVpWTW1xRlNSQVU3cUJyOUpSenNlMGFadWNSOGdWT1RoSVA1Mnl0WDBHYUJJV0RJYXZOdWJsTUFFZHV2UTl6ZVF4dHU?oc=5,"Tue, 28 Jul 2026 07:00:00 GMT",2026-09-23T09:29:21+09:00
GoogleNews:健康　トレンド,健康　トレンド,【速報】「からだにいいこと大賞2026」の開催が決定！健康トレンドを牽引する祭典が今年も始動、まもなくエントリー開始 - PR TIMES,https://news.google.com/rss/articles/CBMiakFVX3lxTE5IVWYzVm40VGhMaF9wWHVTRVFSVFc3NEhBZzM3REpsU3IyRk9qbmFIRWw0NG5Ed3c2ZlRvRXhhajQ1NURtazZXbF8wcUxFWngyeFdWWWhNQk81MXNjcXB0M0RvMUVVazlMRUE?oc=5,"Fri, 22 May 2026 07:00:00 GMT",2026-09-23T09:29:21+09:00
GoogleNews:健康　トレンド,健康　トレンド,ミツカン参入の背徳市場が首位 ECに効く6月記事ランキング - xtrend.nikkei.com,https://news.google.com/rss/articles/CBMiZkFVX3lxTE1TM0d4MUFZQlVkOVZqeGxtaS1jYUNpZEhQRWxTbGZoTjF0X2I1S3ZzY2UxdHJwV1NjZ09wakNOb29PUEFscDJ1QzF1LTdZUWJyS1pzbWw2Q0xFcmRxbkxLMW9IZ0l0dw?oc=5,"Fri, 03 Jul 2026 07:00:00 GMT",2026-09-23T09:29:21+09:00
GoogleNews:健康　トレンド,健康　トレンド,今年の「食と健康」のトレンドは？『あすけんトレンド大賞2025・あすけんトレンド予測2026』を発表 〜90億件超の食事記録データから見えた2025年のトレンドは「パーソナルカスタムフード」〜 - PR TIMES,https://news.google.com/rss/articles/CBMiakFVX3lxTFBoaXdSb1NNMGdfbTRqbkpGQnFVeEgwakhCSEsyR21rMGxpMXVrVkRneTFvaTcxQUVMMDRjbldRV0w1VnhNby1rQTZ0ZUo1Z2Z3MDYzUTV2YWVhcTJiX081cEUyM1RtdWxmVmc?oc=5,"Wed, 26 Nov 2025 08:00:00 GMT",2026-09-23T09:29:21+09:00
GoogleNews:健康　トレンド,健康　トレンド,ミツカンも参入、「背徳市場」が急拡大 健康志向と真逆の新トレンド - xtrend.nikkei.com,https://news.google.com/rss/articles/CBMib0FVX3lxTE5qTTR4ZW9Gb1RvMGxGRU5UNTFlYzd0a21hREdOM2t6Q19GYVdkOXNPNk13dXdPR05QWjFFR1pwY1JEazJ1bUdRc1ZDMDhwZFp2R0RXWDBDLVN0X1l1TWx6UzdGMC1VR3R3c0wxUzJxMA?oc=5,"Thu, 11 Jun 2026 07:00:00 GMT",2026-09-23T09:29:21+09:00
GoogleNews:健康　トレンド,健康　トレンド,2025年の健康トレンドを凝縮！過去最多567商品から選ばれた『からだにいいこと大賞2025』全受賞商品を一挙公開 - PR TIMES,https://news.google.com/rss/articles/CBMiakFVX3lxTFBkNGFvd0hsWmhlemFYMDFUbkRoNHo4YjJ6NDFsdENxYjV4OHptMm5oT0NtSmhNMmJGOEtSbk5xQU9VUFpuY3piNGpMRjdJWG5ia1dFVlJBVEpDTngweFhsZlpoaUNCNWNqd3c?oc=5,"Fri, 26 Dec 2025 08:00:00 GMT",2026-09-23T09:29:21+09:00
GoogleNews:健康　トレンド,健康　トレンド,TPCマーケティングリサーチ株式会社、健康食品市場トレンドレポートについて調査結果を発表 - ドリームニュース,https://news.google.com/rss/articles/CBMiU0FVX3lxTE96Y3VIMGVjQ1l5elhZU0ZkbTV5VmluaGt0UDc3UkpySXhZSnozN2gxdmFRRTJ4ZGxKX21ybFFLNk02c2VqYnhUSl9jU1JZY1dFcVVv?oc=5,"Tue, 16 Jun 2026 07:00:00 GMT",2026-09-23T09:29:21+09:00
GoogleNews:健康　トレンド,健康　トレンド,私たちの一生を支える「漢方薬」 そのエビデンスと強みとは - 日経Gooday,https://news.google.com/rss/articles/CBMicEFVX3lxTE5BUUMyTlhIclBfMDBSLVJsZ1dOSDNQV2c0aGNFaG4zajFpRzZiOWs2U245OG9OZHl3ZnY0VU9ydDY5dTh0b2ZiZUI1azVPaFhzTmtpRkNqQktOVGNRall1WnJpWFY4YW51aV9ZZG9Edlk?oc=5,"Thu, 25 Jun 2026 07:00:00 GMT",2026-09-23T09:29:21+09:00
GoogleNews:健康　トレンド,健康　トレンド,腎機能の指標「血清クレアチニン検査」が企業健診で必須に その理由とは - 日経Gooday,https://news.google.com/rss/articles/CBMicEFVX3lxTE0tZEpoeE90T011LUE1TmlNNjZaMnVzaUw3VElCdUJpei15Z05rbXN1QzYtbTQ4Rl9PTlFnMW10MUFpTnM0WFZybGNDVW5sNGczNHZtU2x3TGdNNVRXY3haYXlWQzNpVmFLXzVNZnN2LVI?oc=5,"Mon, 24 Aug 2026 07:00:00 GMT",2026-09-23T09:29:21+09:00
GoogleNews:健康　トレンド,健康　トレンド,食のトレンドは「手軽＋日々の健康」がキーワード！手軽に健康を意識した料理で自分を労わる、新たな食のスタイルに注目 - TOKYO MX,https://news.google.com/rss/articles/CBMiZEFVX3lxTE10a2NWbHI1OGxKUGJCbm1YR2J1eWI3UHBlMDBHbFBzekhQbW5mRGpVVlFSX3dsOFYzNzdrQUNRdmVOUjFiT3ZYZmhpalRxaUJxb3d0UDJpLXJQa2tWOHkzM0doZTg?oc=5,"Thu, 29 Jan 2026 08:00:00 GMT",2026-09-23T09:29:21+09:00
GoogleNews:健康　トレンド,健康　トレンド,CES2026における「女性の健康」トレンド - newspicks.com,https://news.google.com/rss/articles/CBMiU0FVX3lxTFA0LWFVOERtZHBvMXE5MEZ6Mm8tNXE4c2xzMVg0bWtNNmFvc1hIc1U2V3FIczk1YlB3UFJxUnVHY29saGVpUmZ2SnRhX2VrWWhXa2F3?oc=5,"Sun, 11 Jan 2026 08:00:00 GMT",2026-09-23T09:29:21+09:00
GoogleNews:健康　トレンド,健康　トレンド,腸内健康の新トレンド「ファイバーレイヤリング」って、なんだ？ - TABI LABO,https://news.google.com/rss/articles/CBMiU0FVX3lxTE1NNi15RU9MQ3BxaGcwYmZPZHR0aWhBZnh5elJ5ZDNNcVpqUWJMWTJhZFBSYXd2dno2dW5ibXNiRWtYWGJ5cVQ4ZnB6VGMtSXk3eHNZ?oc=5,"Wed, 08 Apr 2026 07:00:00 GMT",2026-09-23T09:29:21+09:00
GoogleNews:健康　トレンド,健康　トレンド,【健康経営セミナー】【FiNC Technologies×GPS-Business 共催】Z世代に選ばれる企業とは？ 新卒採用×健康経営の最新トレンド ～2026年9月3日 開催！ - PR TIMES,https://news.google.com/rss/articles/CBMiakFVX3lxTFBHVEdCVWpUQ2h2WGJWWTNnbHVsNERuaXJhaW9fdXhlYVl5X25OR0I3eGo4ZmVsYnBfTTQ0V1llMkNuWGptdFV6akozdDlkQjVvQ2REeERLb2F5TlZGTmd2c1JoTG1RTHJ6Qmc?oc=5,"Wed, 19 Aug 2026 07:00:00 GMT",2026-09-23T09:29:21+09:00
GoogleNews:健康　トレンド,健康　トレンド,『あすけんトレンド大賞2025・あすけんトレンド予測2026』を発表しました - 株式会社asken (あすけん）,https://news.google.com/rss/articles/CBMiZkFVX3lxTE9xbVp2WkRQSUYwdWVjWGZRdEZFUWdTZjB4QVdMcnVnQ0NqUnJCUFRHbjhqblVUSnVMRE5aMk9WdWdDci1IalpVUkpQQXB3MlJKcnBicWVFMzlPenhUMllfdVhMcXlJZw?oc=5,"Wed, 26 Nov 2025 08:00:00 GMT",2026-09-23T09:29:21+09:00
GoogleNews:健康　トレンド,健康　トレンド,「1日1万歩」の必要はない！ 日本式ウォーキングが世界的な健康トレンドに - marieclairejapon.com,https://news.google.com/rss/articles/CBMiWkFVX3lxTE9DLWxHaUVHT2dJZGg0cU9MbmY0M3diRDUxeVM1QWlydkNHcDg3c2t3bkVtQ2N4azgyQnpybTBCbGl2bTZkeTRxbmhzcEE1MzBKZXpnZGFrdEJPdw?oc=5,"Wed, 07 Jan 2026 08:00:00 GMT",2026-09-23T09:29:21+09:00
GoogleNews:健康　トレンド,健康　トレンド,「オキシトシン」分泌の増やし方 更年期悩みの解消につながる：医療・健康トレンドピックアップ：日経Gooday（グッデイ） - 日経Gooday,https://news.google.com/rss/articles/CBMicEFVX3lxTE81QXRmQmZwQXBMWkZvUDRPSWg0a2dkeFV5b2trUjBwYVc5U1BkQjBmSVZpNUZNcEFrVVVWZDJEdFJRbUVNRF9LeS1tM3JDZFNnMzF1bG9OQU9VazFlREIzWGVBLUtjMGR0NWhGek5QaXk?oc=5,"Thu, 09 Apr 2026 07:00:00 GMT",2026-09-23T09:29:21+09:00
GoogleNews:健康　トレンド,健康　トレンド,物価高への不安は「収入・資産不安」より強く、女性は10代‐20代から健康不安が高い｜2026年トレンド調査 - PR TIMES,https://news.google.com/rss/articles/CBMiakFVX3lxTFBseEpuYVRDRG1aX29MUGxMenhqUXZXeXBBZjlSa2NkSWhBdDE3RUdFMl9YbEhpNnVzc2VhdU1Ib0hTUXM0VW1PbUZaOExmR21BZG9kX09SMHVtdHhQeXk2TUgyb1lVMjg5ZlE?oc=5,"Fri, 09 Jan 2026 08:00:00 GMT",2026-09-23T09:29:21+09:00
GoogleNews:健康　トレンド,健康　トレンド,女性ヘルスケア白書 市場動向予測2026 〜健康トレンド・業界動向・女性ニーズ〜 - ウーマンズラボ,https://news.google.com/rss/articles/CBMiRkFVX3lxTE8yQ1BXMXpwVDZsTS1YLTZ4WWVTZF9UQ3ZfSTdGb2FoZE5ZdXFENlpIS21QcFE1T1lYVzlmOWE0RkN0TlRpZkE?oc=5,"Thu, 16 Apr 2026 07:00:00 GMT",2026-09-23T09:29:21+09:00
GoogleNews:健康　トレンド,健康　トレンド,「心臓病は男性の病気」は大間違い！「ドキドキは更年期」と決めつけない - 日経Gooday,https://news.google.com/rss/articles/CBMicEFVX3lxTE5LSHowWHRvd3dQUVZrdGJXaWs2WVN5dVVNY0NPTC1HWEtPZGZraGNWa0tjYjZxWkUxM0w1bDgxbWYzLWp5REZRQVFjcHhvLUJTYUF5X0kxRndON0VFa01wekw0bk1KZEJ0Z0lUdnRYdWs?oc=5,"Mon, 15 Jun 2026 07:00:00 GMT",2026-09-23T09:29:21+09:00
GoogleNews:健康　トレンド,健康　トレンド,女性の健康投資市場を形成する6つの重要トレンド - Forbes JAPAN,https://news.google.com/rss/articles/CBMiWEFVX3lxTE9vNmVHR05adG5oeElQNjJhT3lFMERIMzNOUWR0czRqUWZuTTA2bGc1VGZqZldXb1dOUEtaOTNoNENDZjk2ekI1OU5oOXkxWjIyc3JuM21UeTY?oc=5,"Thu, 15 Jan 2026 08:00:00 GMT",2026-09-23T09:29:21+09:00
GoogleNews:健康　トレンド,健康　トレンド,加齢黄斑変性は早期発見がカギ 将来の視力を左右する - 日経Gooday,https://news.google.com/rss/articles/CBMicEFVX3lxTE1mS0NPSEdaNmxiWDNDUk10TWkzTktKVmNjanBycHZxV1ZzaGlkMHVvWkpsd24tVGtQWGJKcWJvUVVPNXpUYWJpbm5oS1ZDdl80QnhuVnc0M25WUEVBRnhqbEV3a1RNWUtwWmR2ZDFZeDk?oc=5,"Mon, 01 Jun 2026 07:00:00 GMT",2026-09-23T09:29:21+09:00
GoogleNews:健康　トレンド,健康　トレンド,味を感じにくいのは脳の慣れ？ 舌の働きは？ 味覚の真実 - 日経Gooday,https://news.google.com/rss/articles/CBMicEFVX3lxTE0yU3NybHM1ZVpiY2IwY09BTmVuV1FrZEZpZkJoMVlDOXluSkpmSzg5Mi02R082UGl2cFExanh1MkxPQVVfaWx2SGY4VnYtbml4UVJ0dFA0d0FtWlZpc3lvTGJLcGx6NVBQdk9mNldMV18?oc=5,"Thu, 16 Apr 2026 07:00:00 GMT",2026-09-23T09:29:21+09:00
GoogleNews:健康　トレンド,健康　トレンド,韓国流通業界、紫色の「ウベ」商品で新トレンド狙う…視覚と健康感で人気（KOREA WAVE） - Yahoo!ニュース,https://news.google.com/rss/articles/CBMif0FVX3lxTE45SmIwRDZpdzNzdDdkTnViTTlxdUxsejhobzJvQzRCV05GeGowUHBKZVV0SEFTaHpvWE9GVklGSDB6UXJoLU1LRlpseHRTWXlxSHdOMlVoNU1iLW55djNQSWEtbXRtLXFQT09Pc29NdXNSZ29SemdYdWZoNC1UUEU?oc=5,"Tue, 28 Apr 2026 07:00:00 GMT",2026-09-23T09:29:21+09:00
GoogleNews:健康　トレンド,健康　トレンド,インフルかかりやすい人5つのタイプが明らかに 2026年新株の特徴は - 日経Gooday,https://news.google.com/rss/articles/CBMicEFVX3lxTE43RXd1N0RIUW5qLXZDTExnMUlRcnBUX1g0eXNJc2lscjNwaDhhNUNhVDFZZk9pWkxMSG41ems3SkZxYV9UeEtEWnhPUjhMTEtQRUNpR2dkVWRibnhDalVQUHQwdXVod1N0UkEzLWxBaDg?oc=5,"Wed, 07 Jan 2026 08:00:00 GMT",2026-09-23T09:29:21+09:00
GoogleNews:健康　トレンド,健康　トレンド,「舌」の老化は認知機能低下と関連 味を感じる仕組みに新事実 - 日経Gooday,https://news.google.com/rss/articles/CBMicEFVX3lxTE12bDdiLU5IVnBSMEV6MmRETjdERThybTlqNjJtZkhmWEZYczAtOUxrSjd0V28zZWF1enpEeW5MMWtIOURJbjBTLUtpLTJtLWtidVlsTzJEN0pXdENmUEg5ZXhoNTBGOWt4dVR2bXFXcGg?oc=5,"Mon, 13 Apr 2026 07:00:00 GMT",2026-09-23T09:29:21+09:00
GoogleNews:健康　トレンド,健康　トレンド,【来場登録開始】国内最大級の健康・美容ビジネス展「健康博覧会2026」2/25-27開催 ～新企画続々、400社が最新トレンド発信～ | インフォーママーケッツジャパン株式会社のプレスリリース - PR TIMES,https://news.google.com/rss/articles/CBMiakFVX3lxTE5tUlR3Mnk0T3U1WmhsZHhTTWNTSDB1YUFDVm5iZWF2b0xSenFFdVhMSDEyTTJEQTZxNVdOaDAtdmEyNEZ2aDJPb0xnRWFYR01kVWUyQVgtSGZZZGlDbzFGaUJicGhlNEREcnc?oc=5,"Wed, 24 Dec 2025 08:00:00 GMT",2026-09-23T09:29:21+09:00
GoogleNews:健康　トレンド,健康　トレンド,【最新トレンド調査】健康を考える飲食品〜中国、台湾、タイ、アメリカ、イギリス - 株式会社ヴァリューズ,https://news.google.com/rss/articles/CBMiV0FVX3lxTE9lRjZuSW5SU0RXR2JzU3d3ek91SF9ZM28xeG1UMVpGQWIxNXlwY2dXWXNnSkVyX3Z6Xy0xcmN2d3Mwb29rZnNFWnJsRW0zQ0pSR01TbVJaVQ?oc=5,"Fri, 28 Nov 2025 08:00:00 GMT",2026-09-23T09:29:21+09:00
GoogleNews:健康　トレンド,健康　トレンド,健康な社会づくりを目指すミラノ・コルティナ2026とイタリアのAI／サイバー政策：海外医療技術トレンド（128）（1/3 ページ） - MONOist,https://news.google.com/rss/articles/CBMib0FVX3lxTE5ac1ZPTVdMZXEwRjIzNDFLMjk2U0JFR1lucjFSeDBSWi1jOWllMndZRVJEQ0tYUFJVZWhRQk1uVXRucXlOU2ZPWmVrMjBWeld3TzZEUGIweEQtMEREMVRMNDVXQkRieHFQYmNoMjIxVQ?oc=5,"Fri, 13 Feb 2026 08:00:00 GMT",2026-09-23T09:29:21+09:00
GoogleNews:健康　トレンド,健康　トレンド,【母の日検索トレンド発表】母の日関連の人気検索キーワード、2026年の傾向・トレンドを紐解く。2026年は「健康・癒し・実用性」。「母の日検索キーワードランキング TOP15 2026年4月版」を発表 - PR TIMES,https://news.google.com/rss/articles/CBMiakFVX3lxTE1WSm1yUlM0MUFubDNSRllDZ1BBVzlweEl6THVOdVphU3lvSGhuZXhTYlowUEVLZTh4Ul9YaWZ6NWJjS1lzSXNpbmg5TC1zUEI2UEg2TFVBQkxNN044dW9yRjR1YUNPUHNoYmc?oc=5,"Sun, 03 May 2026 07:00:00 GMT",2026-09-23T09:29:21+09:00
GoogleNews:健康　トレンド,健康　トレンド,健康・機能性市場トレンド2025 秋・冬 - ダイヤモンド・チェーンストアオンライン,https://news.google.com/rss/articles/CBMiaEFVX3lxTFBFcEhtbl9kYmYxYk1kZjQ1Sjg3NVdZaENmQmhIQmlwWXVBMGpJUHA5YnJfWlN6bDZSUU5SV19IMWxoRmFYeGdETmUtT0JoLVBtXy1yLS1sQWxtcV9FNEVJUGxKM3Q4QWNN0gFuQVVfeXFMUHc1OVFLaTFkM2tCTmtZRDFHdG5XcC1VUVMzNG5oRDRNcFlfTFUwWmR2ekh4TXBEWG1JWEJUcVR4RUM3bnRTR2l6alVaeVA1VV9kYmpfaHRIbDNBemtFSnE1SGlHdnlkWUV1Y3AzMGc?oc=5,"Fri, 24 Oct 2025 07:00:00 GMT",2026-09-23T09:29:21+09:00
GoogleNews:健康　トレンド,健康　トレンド,新春特集第1部：重大トレンド解説2026＝健康寿命の延伸 エピゲノム年齢で提案 - 日本食糧新聞・電子版,https://news.google.com/rss/articles/CBMiakFVX3lxTFBUdUwxX25iY0VDczl6bkV1WlRTLXZTaGttS20wWkxUQnd2bEFrZ19JOFRFekl1Nk5UZ09pVGRTS2M0QWxNMVB0TW1vc0FxVWJ1OFhaRjg3N25ZMEh0cjJFVGpSV2ZtOFJJQUE?oc=5,"Thu, 01 Jan 2026 08:00:00 GMT",2026-09-23T09:29:21+09:00
GoogleNews:健康　トレンド,健康　トレンド,ファバ「青ラベル」2600万個販売 トゥレジュール「SLOW TLJ」の売上30%↑低糖高タンパクを武器に健康パン市場攻略 - 매일경제,https://news.google.com/rss/articles/CBMiU0FVX3lxTFBNMi04QmprNC1XbndYMmJyQzZBSmJ5TFozOHZLRmJ1VWxrdFJ4SEtvLWRGMmU3dDU5V3BHQ0pnaDAySm5xN2JMZVVJd2x2SU4zQi13?oc=5,"Sat, 09 May 2026 07:00:00 GMT",2026-09-23T09:29:21+09:00
GoogleNews:健康　トレンド,健康　トレンド,「24時間の健康管理」へとトレンドが変化した最新ウエアラブルデバイス6選【本当に売れているモノ＆売れ続けているモノ】 - GoodsPress Web,https://news.google.com/rss/articles/CBMiVEFVX3lxTE5OaHhwdGkzU2xfUEl3ZnNnUnNGR1RXcUdZLWRiMXlXMXJZdE1GT2ZpYTVrdEdUZUxIQmJzcDdvUEMzNmVFeEExTXdDR21qUGtQbHJYdQ?oc=5,"Wed, 15 Apr 2026 07:00:00 GMT",2026-09-23T09:29:21+09:00
GoogleNews:健康　トレンド,健康　トレンド,24時間リカバリーウェア「ReD（レッド）」 マイベストアワード2025トレンド健康グッズ部門 最優秀賞受賞 - 株式会社MTG,https://news.google.com/rss/articles/CBMia0FVX3lxTFBiTS1RT01fcWotcDhVLXJkYURYU3hYMmFSODk2RHhVdmc5UTVzMUdWUFp2aXJpNUVkaXJYMWhNaDBJWDl0cHpCdlZVZUc0QzE5U0xYMjRnWXR4N2JSMDlPNXNLb2dwRVltVU1n?oc=5,"Fri, 28 Nov 2025 08:00:00 GMT",2026-09-23T09:29:21+09:00
GoogleNews:健康　トレンド,健康　トレンド,栄養士・管理栄養士200人に聞いた！2026年トレンド食材予想TOP３は「発酵食品」「冷凍野菜」「サステナブル食材」キーワードは健康×時短×環境 - PR TIMES,https://news.google.com/rss/articles/CBMiakFVX3lxTE0wdTFzOHM2a1ZhaXE2TjY5Q2F1Ry00cWFkcXZWQ0dzTDhMTXR3a1FyVWl0SWNQUS1yRkFmU1RkRXYtMTl0RzVrdEhBZzlWdllxaHNNMDZkZExpTHRPTVc3VHBZSUhtdVJjc0E?oc=5,"Thu, 04 Dec 2025 08:00:00 GMT",2026-09-23T09:29:21+09:00
GoogleNews:健康　トレンド,健康　トレンド,「健康・環境・多様性・経済変化」グローバル共通の社会課題から食の未来を洞察 ― “トレンド理解”を超え“課題解決アクション”につながる「世界の食潮流2026」を発表― | 株式会社TNCのプレスリリース - PR TIMES,https://news.google.com/rss/articles/CBMiakFVX3lxTE1nYm9GaHNhUjk4V1Vpa2VjVzRVdURYRjRPZlMzZk1vV003Z21BdmhPWmc2eTNaNWFvVkdyQWNCSnczeDlCTDFOaXNveWZ4X1BWUGN3RFhWUGJHNzZDVXhJeWI1cTJCQWNxNHc?oc=5,"Fri, 14 Nov 2025 08:00:00 GMT",2026-09-23T09:29:21+09:00
GoogleNews:健康　トレンド,健康　トレンド,SIXPADやエクサガンがさらに進化？ 「健康グッズ大賞2026」を決定 - xtrend.nikkei.com,https://news.google.com/rss/articles/CBMiZkFVX3lxTE4xVHRsdVo4QTZGTng4YVoyb2djbW0zd0FSYWgyRHJsWnpSanhRTXd5RmNCaTdZTnpMRDc3aVE4UW9za3BvbG1tREFwUTY1OUFpbUhQbjAwWmM1NTkwRkt0Y2dJOUdtZw?oc=5,"Tue, 17 Mar 2026 07:00:00 GMT",2026-09-23T09:29:21+09:00
GoogleNews:健康　トレンド,健康　トレンド,トマトジュースが健康志向の高まりで人気 豊富な抗酸化成分【経済トレンド】 - 47NEWS,https://news.google.com/rss/articles/CBMiS0FVX3lxTE5CT250Y2JTSnVqRlFJTk1tek1fYUxQNDV3aXFjTEJjRllJUGlLRXJ5SHRzWkRtRHJVc1QtczN1Mm9qWTlZemlOQmdfMA?oc=5,"Thu, 12 Feb 2026 08:00:00 GMT",2026-09-23T09:29:21+09:00
GoogleNews:健康　トレンド,健康　トレンド,【速報】「からだにいいこと大賞2026」の開催が決定！健康トレンドを牽引する祭典が今年も始動、まもなくエントリー開始 - 毎日キレイ,https://news.google.com/rss/articles/CBMiekFVX3lxTE44VjM0alF1YU1PMk4yS3FYZ1ExdU5GWFBKeWV2czlhbkpYVkJUZHVSVmo5RHBhR3YzbXFyZlZHQkhTb0t4Wk9aVFEyLUJJVzRvUWQwV1JZZlVPQ092WDh6RW50TXRYWXpLNjZVT2RPOERIMmFtS0EwTkp3?oc=5,"Fri, 22 May 2026 07:00:00 GMT",2026-09-23T09:29:21+09:00
GoogleNews:健康　トレンド,健康　トレンド,「ホルモン・ウェルビーイング」「養生コスパワー食」「カスタム免疫ケア」など、2026年上半期の健康・美容分野の動向を予測した「FYTTEヘルスケアトレンド2026」を発表！ | 株式会社ワン・パブリッシングのプレスリリース - PR TIMES,https://news.google.com/rss/articles/CBMiakFVX3lxTE1sajZsRS1kTElFaXE3ekxKY2t2cUE1MThEczZOYlNQd0pJUlNETWxLbU5zcHBXcDBfejNPdG5RN0VXZXhpYTFzb1lHZFdPYm5EbHRSdklTbEp3UW9JdHpQcmN2QVd3RlgtNWc?oc=5,"Fri, 12 Dec 2025 08:00:00 GMT",2026-09-23T09:29:21+09:00
GoogleNews:健康　調査,健康　調査,国の水俣病健康調査「熊本地震に配慮して実施」 バス代替輸送も検討 - asahi.com,https://news.google.com/rss/articles/CBMiZ0FVX3lxTE1OdmRSYjlKQkprQ2gxOENIckxpNEloXzZrSkJKcGg1dTRjdXZYbWdZQ0o2aXQ3YVFjVzRxWEVqc0kzNGk4d1A2YW1RWEk5SmxvU1RKMmNMTXVrTEFiOFMzbmFmNlNsYzA?oc=5,"Tue, 15 Sep 2026 11:00:00 GMT",2026-09-23T09:29:23+09:00
GoogleNews:健康　調査,健康　調査,国の水俣病健康調査「熊本地震に配慮して実施」 バス代替輸送も検討（朝日新聞） - Yahoo!ニュース,https://news.google.com/rss/articles/CBMif0FVX3lxTE04LXZWT2c2dGUtVFRVUkI3dFBVeWZFN2xqbGJYU3luc2k3RGdaY1BjODB5bHVwVkpoVTI1ZFlCQksyVGo0c1hZZWZpQVdTMG1iNjllczZoVF9NMm4telR3amdZbzk4c3djOTIxZTM5MGItNDZGbTY5UWZoVFJHbWM?oc=5,"Tue, 15 Sep 2026 11:00:00 GMT",2026-09-23T09:29:23+09:00
GoogleNews:健康　調査,健康　調査,水俣病健康調査「中止を」と要望 被害者、拘束時間長いと環境相に - 山陽新聞,https://news.google.com/rss/articles/CBMiZ0FVX3lxTE0wU2ZIM1pmWGJxVTlUdU5Iai1WQ0F0ci1mMWd3N3ZtblU5SE1FaERKVW52dE1tSWd1d21xd04xY20yMWdQVDNQRDRsVVQ5TGZJREw2NHRQaGhlTW5lYW1NN3JoOG5EVXM?oc=5,"Fri, 18 Sep 2026 07:00:00 GMT",2026-09-23T09:29:23+09:00
GoogleNews:健康　調査,健康　調査,水俣病健康調査の開始めど立たず 熊本地震影響で環境省が説明 - 西日本新聞me,https://news.google.com/rss/articles/CBMiVkFVX3lxTE1xblVSdjB4WlpMbEhiUnZ0cURrdWxfSER2d0VsbmQydDFjanN4NW9ObFJVZllITE9oZlZEYkVLY3c2dnF5dC1kRDFZWDdOWWJNM18tNklR?oc=5,"Tue, 15 Sep 2026 21:00:00 GMT",2026-09-23T09:29:23+09:00
GoogleNews:健康　調査,健康　調査,各種健康診査・がん検診 - city.fukaya.saitama.jp,https://news.google.com/rss/articles/CBMiugFBVV95cUxQT2oxZkZfbW5TdHJPSFpXblhWenRYOC1GdjNSN1RTQ040WkZTeTMwanpPZXZIc1RubUsxRFR2cXZQbEJzSFFUQzE3Y20tc3hYNWtzWGtYb2VqWWdEX3FEbWxacEJPNHFLUDdqVU9NUFVTMFZsUHNDbkNhOFpaaTNNWVZyRW9fT0tNZEQ4bWN4cGNKUlJWNFNIaFpBR0k3M0k0OVhMNTVsRC1oNEJyZko1cnNDWlU5ZTJlZUE?oc=5,"Tue, 01 Sep 2026 07:00:00 GMT",2026-09-23T09:29:23+09:00
GoogleNews:健康　調査,健康　調査,令和7年度「県民健康調査」こころの健康度・生活習慣に関する調査 ここから調査のお知らせ - town.okuma.fukushima.jp,https://news.google.com/rss/articles/CBMic0FVX3lxTE8yZmp2ODZWUmdpLXFHM18wYjJ1QnBYMUU0dHBOTkpVNmVmaHEzajg3WFRaLWhXZHlmZ0JMb01aM1IwM19odkVQR0dVZ3N6bEVfMGIxY1NmSDJqbVdQM2U2WmZ3VlFWbG1reXczdktSODZlUlk?oc=5,"Mon, 26 Jan 2026 08:00:00 GMT",2026-09-23T09:29:23+09:00
GoogleNews:健康　調査,健康　調査,「健康経営銘柄2027」・「健康経営優良法人2027」の申請受付を開始しました - meti.go.jp,https://news.google.com/rss/articles/CBMiY0FVX3lxTE9wQjg2SC1uZjR3WDE0RUxOckpqMFM4cTlOazRUUXIzYmxheTNZT3YyVDlZem54SWNoZi1LRnZLWTlGajhTU21zVnRSUkJQM1BqYUo4T2g0V0lFYjl1Yl80T2RNVQ?oc=5,"Mon, 17 Aug 2026 07:00:00 GMT",2026-09-23T09:29:23+09:00
GoogleNews:健康　調査,健康　調査,令和7年度健康食品試買調査結果|3月 - metro.tokyo.lg.jp,https://news.google.com/rss/articles/CBMidEFVX3lxTE1oNWRiOFlRQWp0V2JhTEdIQmtFbUVYaDloQ19UNm82d05lQlNCNVBoU1FxalcxcDBQd2tPTG41ODl1RVMyaWxyZXZEWkdSSUpzdFFHOXpTcmxzbDRXa0kyUlZDbDFlWmZLbTNHRmdkS01uWVpt?oc=5,"Mon, 23 Mar 2026 07:00:00 GMT",2026-09-23T09:29:23+09:00
GoogleNews:健康　調査,健康　調査,奄美市健康体験交流施設再整備活用プロジェクト - city.amami.lg.jp,https://news.google.com/rss/articles/CBMiZ0FVX3lxTE1IVkp0ODNuMzRNOF95YVh4aVczVHpPVjYzN281c3F5QjhVbTI5ZjdmRWVUcmMySVR4ZFpHSlI5eE5XaXdqVGhmZko3dWRlRTdoSnI3MHpQSHlucEFlT1E1cTJKbnR4Ymc?oc=5,"Wed, 01 Jul 2026 07:00:00 GMT",2026-09-23T09:29:23+09:00
GoogleNews:健康　調査,健康　調査,厚生労働省 老人保健事業推進費等補助金 老人保健健康増進等事業 - nttdata-strategy.com,https://news.google.com/rss/articles/CBMiVEFVX3lxTE5Bdm1MMzVNY1ZaWkVSWEdFa2ZOZjNnWmEyRElvbEljREtoZzNsS09rTWRJek1DNHVTMWxzS043UDhjd19mLV9rOWwydnh6TjJQbVp0dQ?oc=5,"Mon, 17 Aug 2026 07:00:00 GMT",2026-09-23T09:29:23+09:00
GoogleNews:健康　調査,健康　調査,甲状腺検査の利益めぐり応酬〜福島「県民健康調査」検討委員会 - ourplanet-tv.org,https://news.google.com/rss/articles/CBMiS0FVX3lxTFBKUFlOSmZ4bTB2VU5BYzdkaFNCQUFZQ1U4Z09vM0J4WmVMUklLYWVMTWNHYTNBbnUwQW5MMlVsV1ZrM3gxZldDRVhkWQ?oc=5,"Wed, 25 Mar 2026 07:00:00 GMT",2026-09-23T09:29:23+09:00
GoogleNews:健康　調査,健康　調査,能登半島地震の被災者7346世帯の健康調査結果 仮設住宅居住者で心理的ストレス「高度リスク」が増加 - TBS NEWS DIG,https://news.google.com/rss/articles/CBMiZ0FVX3lxTE10eHllaDdqTm5GaXNjSUFOcVQydldmWURUcUE1VGk3ZFBvcXdqdlNUWTUxUmJHcm9MaWZtTmZ1UGJVNjNSTmJaZ1R1bHFJS3BxdTFHTmlEcmgxY2JvVG5XY3JiZjNUbjQ?oc=5,"Tue, 18 Aug 2026 07:00:00 GMT",2026-09-23T09:29:23+09:00
GoogleNews:健康　調査,健康　調査,令和8年度国民健康保険特定健康診査・特定保健指導 - city.fukaya.saitama.jp,https://news.google.com/rss/articles/CBMiuwFBVV95cUxPbFBCMlhTeTRFUm1KQ0dIZzJUUC1WSkUzaFVsUTVBMU9pdkUzRlp5a2tlRlozWjVqMFN4QjhNd1p5Y1NVNVFCMVk1RG56UzFpTjdPRzJpQUFMYUJNRUhEeGtaZEQ1eEdiUDFiU3B4emUyRlc4V0dNT054ZzVEczVpTUVVTnJ3U0lqRzV0U0RUVGJlUFIydDJaUjNrUmpkSEhmWjRoUHU1RDY5Nm02WXBqamtFRjR4MDR4Y2Fv?oc=5,"Fri, 07 Aug 2026 07:00:00 GMT",2026-09-23T09:29:23+09:00
GoogleNews:健康　調査,健康　調査,マカオの児童の29.1%が近視、過体重率は13.5%…2025/26年度健康調査結果（マカオ新聞） - Yahoo!ニュース,https://news.google.com/rss/articles/CBMif0FVX3lxTE9QdDFmaVdOVzhRWmZfMjhRbXhlOVR5WHdGVENhd01ZX0ZWdlJFRFhNeFFjR1pHUjBTOTBHeHVXbDdjMGRrSTRQZVhuMVpZQVFPcVJzNVI5S2Y1UURwN2o1SUhrbGcySGFVaXo3SjUyV1diSk5SSW5uTEdxZUlka0k?oc=5,"Mon, 14 Sep 2026 06:20:01 GMT",2026-09-23T09:29:23+09:00
GoogleNews:健康　調査,健康　調査,国の水俣病健康調査「熊本地震に配慮して実施」 バス代替輸送も検討 - asahi.com,https://news.google.com/rss/articles/CBMijgFBVV95cUxNR3RZbTVaQS1rZUZENHZ3VGZ1Z0xGNm0zX3ItUzY2YWM3YVBZd0ZlU285SE1BWDBuSzRQYnZVMER0YkpMSUhCMW1mdFhySkszeHJhbk02SHk3MHBhWnhiLU13NXItU3JVdy1GUEk1V1d0OXNWOWN1SFNFOXdfM3R4RmY5SEZqdWJSZFNHYnJ3?oc=5,"Tue, 15 Sep 2026 11:00:00 GMT",2026-09-23T09:29:23+09:00
GoogleNews:健康　調査,健康　調査,水俣病の健康調査、環境省研究班「実施し得る」今年度実施に向け結論 - asahi.com,https://news.google.com/rss/articles/CBMiZ0FVX3lxTE9XNDRSdjVnLVQ1b2tNT1RkYzVMMUZwSW5yWkhGTU9QT05wQ1lab1F4WVF2RzZzbWFScndLZ1cwX1BseVhfcEFoRl9qM0xURVJXSG51TzhOT2pxekxEcWkxbDVMeGNiVTA?oc=5,"Wed, 22 Apr 2026 07:00:00 GMT",2026-09-23T09:29:23+09:00
GoogleNews:健康　調査,健康　調査,水俣病の健康調査、協力者確保に課題 患者団体「即刻中止すべきだ」 - asahi.com,https://news.google.com/rss/articles/CBMiZ0FVX3lxTE5JdHZ0Q1MxRXA1X2NyOVU5VkZhN2xzNHBtZjFKMWtueHJXblNsT19LdTBCRlJFZHVJMFNkcDVWc3BBQ1pRZTRFNVZWVXJUVEE5em5KeWhCaUg3aU5qYnJlNlVIN3Ayb3c?oc=5,"Thu, 26 Feb 2026 08:00:00 GMT",2026-09-23T09:29:23+09:00
GoogleNews:健康　調査,健康　調査,仮設住宅の被災者、心の健康リスク高まる？ 石川県が2度目の調査 [石川県] [能登半島地震] - asahi.com,https://news.google.com/rss/articles/CBMiZ0FVX3lxTFBfcllQd0dNNkViY3RNOHdfbGc5cGsyazlTTjNXR1BMSmJ3UU0xbVlxT0RsU1UybGtjcmU1V0JzZzJLRExWNlRsdDQ1ejJwbGpuZ3c1SUtvT09EVGpvaHJ5UGFfM25mdFE?oc=5,"Wed, 19 Aug 2026 07:00:00 GMT",2026-09-23T09:29:23+09:00
GoogleNews:健康　調査,健康　調査,各種検診（特定健診・がん検診等） - city.satte.lg.jp,https://news.google.com/rss/articles/CBMib0FVX3lxTE5NeXVzRHJaYU8xSmpYNWRzZEVOdzJGZHp1NEx4ejBHZU9DWndlUWZFRWNOZFdFMk9Ca3BBMm9UOXg3ZW5yRXZxLUNiOS1QOGJSNDNHSHhTYXN1bnFITzg0MzdFQU1Tc04xaU9Ub1dPQQ?oc=5,"Fri, 01 May 2026 07:00:00 GMT",2026-09-23T09:29:23+09:00
GoogleNews:健康　調査,健康　調査,「しびれは悪化の一方」やまぬ救済の訴え 健康調査の実効性は? - 毎日新聞,https://news.google.com/rss/articles/CBMiaEFVX3lxTFBoSEZZMzVDQTRUTURpX2d2aUdHYXljN0l4T3I0dkI2OGUzVzhSMHNmSm5NbUFJSGN3NVc2bTE3Ql9SWkllMDl4c3cxTU5CQThOa0Z0aW82RTdHM0EyMWRPLXEwTjI0T1Nl?oc=5,"Fri, 01 May 2026 07:00:00 GMT",2026-09-23T09:29:23+09:00
GoogleNews:健康　調査,健康　調査,令和7年度幼児歯科健康診断実施状況 - pref.ibaraki.jp,https://news.google.com/rss/articles/CBMigwFBVV95cUxQRnBuM2doTnlQTi1POWIwM0J3OUtQTmpZMHpiSnJGRUthYU5Dbk1udnlhZENLR2hJeWtoX0J6T05Pai1jMmI4VTA4REtPOXEzT3dFYkoxVU0yRmYxMVNHS1ZISGpOSTY1OUNvcmVsWVI0MVM1TEFkd2JRMHloY21vSEpkVQ?oc=5,"Thu, 18 Jun 2026 16:24:37 GMT",2026-09-23T09:29:23+09:00
GoogleNews:健康　調査,健康　調査,平成15年度 県民健康・栄養調査結果（概要） - pref.kanagawa.jp,https://news.google.com/rss/articles/CBMiaEFVX3lxTE5ucnBXZUktcFBjZHBHZVlBSXF3TWZCRm9HakJJcWF0aWROeDVfREZFODdjeWI1N2x0WGlVTDNGUnU2WkJZdU5YTHY5bHpPSm8xNWVIX0daMURHRWZSdElaVzFJMV9qMkct?oc=5,"Fri, 26 Dec 2025 08:00:00 GMT",2026-09-23T09:29:23+09:00
GoogleNews:健康　調査,健康　調査,マカオの児童の29.1%が近視、過体重率は13.5%…2025/26年度健康調査結果 (マカオ新聞) - Yahoo!ニュース,https://news.google.com/rss/articles/CBMijgFBVV95cUxQLUlIb0FGOGE2Z1N4cGlDN3V1MWxjSlk1aGo3UEJkTWtjZ0JvTXlqMjF6REgzVU1aaDlPSXB2S2JQSEVLZ0dycW0zTndYY3hCelp3WUx6RW5iNnNtX1dRRncwbURlMlBqbHc3ZXdMcnR2U2tTQVhxZWRpM2ZuUG5tUDVIWTd0TXZKdVVoR3lR?oc=5,"Thu, 10 Sep 2026 07:00:00 GMT",2026-09-23T09:29:23+09:00
GoogleNews:健康　調査,健康　調査,北海道の喫煙の状況 - pref.hokkaido.lg.jp,https://news.google.com/rss/articles/CBMigwFBVV95cUxNdFpfN1FUNXFwUm40T0toUGZxS2VSci0wV2p0WDdNbTg0VnNZa2tCdVlDQ3YyMGI1alVMWU40NVRjeks2dlZwT2dqOVJPU190VW94THUzV0xjU2haNUhONFRBa3F4ekwxUzI3Zk9Ia2wwV2dLUmVkRlJJT2tHWXBpbEpNWQ?oc=5,"Wed, 19 Aug 2026 07:00:00 GMT",2026-09-23T09:29:23+09:00
GoogleNews:健康　調査,健康　調査,水俣病対策に111億4千万円、環境省が概算要求 健康調査の開始、見通し立たず - 西日本新聞me,https://news.google.com/rss/articles/CBMiVkFVX3lxTE9WeTJjZVA5UmtUdnlleXVWQXlCaGFSWW05aVJSTDNyWnY2UndJNlpFS3lBeWxQRmE0S3dmcjhlNUhDVlEtWmh5YzBDMmxuNVBIeFlOWG1n?oc=5,"Fri, 28 Aug 2026 07:00:00 GMT",2026-09-23T09:29:23+09:00
GoogleNews:健康　調査,健康　調査,能登半島地震の被災者7346世帯の健康調査結果 仮設住宅居住者で心理的ストレス「高度リスク」が増加 - TBS NEWS DIG,https://news.google.com/rss/articles/CBMiV0FVX3lxTE83ZDdyWk1kTFBPSXdFQjJYbExfOVNrSDhLUDBITTNGYnFzeUdMTzVXejdlbkFwcVA4dkdfRUxvcHgtdHk5TGdZcDBzRmNPdVZaQnFqbXlSdw?oc=5,"Tue, 18 Aug 2026 07:00:00 GMT",2026-09-23T09:29:23+09:00
GoogleNews:健康　調査,健康　調査,［水俣病公式確認70年］「住民健康調査」科学重視の国、救済求める被害者団体の間に深い溝…新たな線引き懸念 - 新潟日報,https://news.google.com/rss/articles/CBMiXkFVX3lxTFAwMVdVdWdqcXpIQk1NYnlhLUctWk10TE1EVjFpcGk1MUJRSC1vSlVwRm1RU1RteTFRcDdoUHhoakNwNDA1NW5SWUhyMzFYcGUycmJiR3k0SXFrU3g4Z3c?oc=5,"Mon, 08 Jun 2026 07:00:00 GMT",2026-09-23T09:29:23+09:00
GoogleNews:健康　調査,健康　調査,社説：水俣病の住民健康調査 救済が目的ではないのか - 毎日新聞,https://news.google.com/rss/articles/CBMiaEFVX3lxTFBjaTlTOGtmRkJMelc4WjQtVTZXNE1KNE1HWmlCeDlfWGJqOWlYUy1ZMGRaUW1xTEZpVFpfUEJMcDZsTUtLQngzaTNOUHdGWExQUWFITDVGandWZVpyNXZoTFhsQ1RLcnYx?oc=5,"Tue, 23 Dec 2025 08:00:00 GMT",2026-09-23T09:29:23+09:00
GoogleNews:健康　調査,健康　調査,-第3回 食と健康の意識調査を実施- | 一般社団法人 日本最適化栄養食協会のプレスリリース - PR TIMES,https://news.google.com/rss/articles/CBMiakFVX3lxTE1hSjJxUktvSUgyT1M3RVlQZFBIMk9JdEVadzgzUk9laENxeUstNGRlc1Z6eTN0M3EzN25BT1o4TmdJaGk2bkx2S21rVmRQdmhnZ3FHXzZRZXhQbDM3cE01a0pqelJ5QjQ2d3c?oc=5,"Wed, 17 Jun 2026 07:00:00 GMT",2026-09-23T09:29:23+09:00
GoogleNews:健康　調査,健康　調査,能登地震と豪雨、被災者1割に健康リスク 県調査 - 産経ニュース,https://news.google.com/rss/articles/CBMidkFVX3lxTE14R3BiTVV1YUpMNnZpVjFsN2FTdW9TR1RRcC02UV84Zm9tUWQ1RWF0S2NQNEZtVXFQWWxndERQZjlJSFNWcUpMb1ZhbHNsYWdZTXZscEJ1ZjYtT2dOVFFoNkNYLWpJYS1GNS1WSDIzZVhNczBzMUE?oc=5,"Tue, 18 Aug 2026 07:00:00 GMT",2026-09-23T09:29:23+09:00
GoogleNews:健康　調査,健康　調査,一般生活者480名を対象に『AI健康相談・AI医療に対する意識調査』を実施 - PR TIMES,https://news.google.com/rss/articles/CBMiakFVX3lxTFBPNktiR3hqMFptcUhoOU5UV0JFdXRlZ3pSeF9JYWhHM3ZhSy1hUi04a0kyMWo3ZFpOSzlIRzZqLVJFRjJZY1ZSQk9lT1JpQXN0TWJRRTM4V2xvSnZQYnVfWjZkQlhFMzlBZkE?oc=5,"Thu, 14 May 2026 07:00:00 GMT",2026-09-23T09:29:23+09:00
GoogleNews:健康　調査,健康　調査,水俣病の健康調査、1000人規模に 26年度から実施予定 - 毎日新聞,https://news.google.com/rss/articles/CBMiaEFVX3lxTFBIOGRNUnVqYXdkM2daVk9VSEQ1ZTF0a3dSNGx5bFQtMktxbFEyem5kSnYzd19PMXMyQXduNVBxQW9hWTZIWTg0LS1ZMHhUd0NnbDNwc29SSzV6NnY3WWY3WThVOEpNQlBn?oc=5,"Wed, 22 Apr 2026 07:00:00 GMT",2026-09-23T09:29:23+09:00
GoogleNews:健康　調査,健康　調査,令和7年度学校保健統計調査結果 - pref.niigata.lg.jp,https://news.google.com/rss/articles/CBMib0FVX3lxTE44ZWI4TzVHMzJfalQxU1czQmF2Q1ZzT3dFem8xcVZMdGdGa3F6UHhNXzBodTJFMGwyRDE5QUhZdVgwdXFNT3MyemROR0lfWjVxNE1RanEtR1ZFLWtXRFBfU2pYbXRIM2dXczZLMnprRQ?oc=5,"Thu, 19 Mar 2026 07:00:00 GMT",2026-09-23T09:29:23+09:00
GoogleNews:健康　調査,健康　調査,子供の2型糖尿病、有病率は想定を上回る可能性～全米小児健康調査｜ニュース - dm-net.co.jp,https://news.google.com/rss/articles/CBMiWEFVX3lxTE9yVVhOcVNRUkpfQnlNMUNiQXljWll2YkdoYUs1TFZOYUVjeWpXaDNNdk04aWY1NFB4SDg3clI4RVoxMi1GeDhjTjdpNGRJNlppZkFlU3Zjaks?oc=5,"Thu, 25 Jun 2026 07:00:00 GMT",2026-09-23T09:29:23+09:00
GoogleNews:健康　調査,健康　調査,健康食品市場に関する調査を実施（2026年） - yano.co.jp,https://news.google.com/rss/articles/CBMiZkFVX3lxTE9yV05CTDhjQjZrSHJiVGRRWUp3V3pLZkRsODFteWF4YWM3UTNWQjFoX0dGUVhjM2lTSndqcFFyNUwyRWFDM1R3ZDZONGE1djJXQWRRbzBJdUxzbVVEbE9ZTlRlVlU0Zw?oc=5,"Mon, 09 Feb 2026 08:00:00 GMT",2026-09-23T09:29:23+09:00
GoogleNews:健康　調査,健康　調査,氷見大雨、被災宅訪れ寄り添い 県内各地から保健師、健康調査・支援に奔走 - 北日本新聞webunプラス,https://news.google.com/rss/articles/CBMiS0FVX3lxTE16TXlBR1lKdXExM0kxclFSQW9mNnFoSEJGUzZvWHRROE9RQWRCVGlRNnpXN0FBcm5pbHZuZ0VpNUhGOVg0S2NsRnRIQQ?oc=5,"Thu, 10 Sep 2026 20:00:00 GMT",2026-09-23T09:29:23+09:00
GoogleNews:健康　調査,健康　調査,Sansan、女性のライフスタイル調査を実施美容・健康意識は高い一方、 リフレッシュや人とのつながりは不足～現代女性の「隠れたギャップ」が明らかに - Sansan株式会社,https://news.google.com/rss/articles/CBMiWkFVX3lxTE5adUpCS0ZadjZHV0hNd2dYZXBFTFN4LUZLWFVvTUdKRW53UlFkdDB2N2JsMmhFVjJpbndTaVNFdkJQWFAzeHZIdVZQWUJtN3BCaGNDdHlMQVB2Zw?oc=5,"Wed, 27 May 2026 07:00:00 GMT",2026-09-23T09:29:23+09:00
GoogleNews:健康　調査,健康　調査,環境省が水俣病の健康調査を本格化へ 先行調査で「不満少ない」と結論付けるも 被害者団体側は「実態解明に繋がらない」と批判 - TBS NEWS DIG,https://news.google.com/rss/articles/CBMiZ0FVX3lxTFBtYU5xeW11VTJ6RF9fUF85dW1hZjJhY0NxN29YOXFMRVJURVkyUVFXemFrYkNOVDMtdXNIYmNDTnllS3Zsd0w5S1VZQlE3cjVGUi0xRmo4bW1ITm42WEFiWl9vNWZvTU0?oc=5,"Thu, 23 Apr 2026 07:00:00 GMT",2026-09-23T09:29:23+09:00
GoogleNews:健康　調査,健康　調査,能登半島地震の被災者7346世帯の健康調査結果 仮設住宅居住者で心理的ストレス「高度リスク」が増加 - TBS NEWS DIG,https://news.google.com/rss/articles/CBMiYEFVX3lxTE50VnIzblBpUWdrVzhDQy1rQUR1NmJDZ3R2ZFd1U2Vlc3NUMzJkZTJ3MDdtYUhubll0d1FVQmE5MFhhOUxrbzVsbHRjZmI2cTNjWmd4ZWpfR0FRNk5oWW9nZQ?oc=5,"Tue, 18 Aug 2026 07:00:00 GMT",2026-09-23T09:29:23+09:00
GoogleNews:健康　調査,健康　調査,令和8年度岩木健康増進プロジェクト健診が始まりました - hirosaki-u.ac.jp,https://news.google.com/rss/articles/CBMiVkFVX3lxTE1xMXRtcGx2YzJQTVd3ZkdvczRhYk5TTkZtQ3g5UUdRemUzRXNmdEdyaXBOUjg3NjFVSzQ5dUc4b1ROV1Z6QUduU1hiNVlQUVVqb180WU93?oc=5,"Tue, 02 Jun 2026 07:00:00 GMT",2026-09-23T09:29:23+09:00
GoogleNews:健康　調査,健康　調査,健康福祉常任委員会が県内調査を実施しました（令和8年4月24日） - pref.gunma.jp,https://news.google.com/rss/articles/CBMiXEFVX3lxTE1tWXVHdFJod3BuOGFYcENxbVdPRWdWOEdZY1JQOWdrYUJBdnpXSmh6eVZILS1YS05ibXdidjJkN2UtYVZCMXQtX3Jzc1ZEVDVUMzhFdWstdUl1c2Fo?oc=5,"Fri, 24 Apr 2026 07:00:00 GMT",2026-09-23T09:29:23+09:00
GoogleNews:健康　調査,健康　調査,世界肝炎デー 2026 in SAGA にて健康一番プロジェクト「健康調査イベント」×「ロマンディスコ」開催 - PR TIMES,https://news.google.com/rss/articles/CBMiakFVX3lxTE5aa0cyTS1ndlNmcGl5Wk1yVlQ1YldZbjQwVkwzUDRlenFxUDViTTVOMXdGTmNiUm42b21NZXhDZ1c0V1pFNkk4aUhscGRSNGdBWFFLZVI2LWhmWlVTZzRjV181NlYxamV2N1E?oc=5,"Thu, 06 Aug 2026 07:00:00 GMT",2026-09-23T09:29:23+09:00
GoogleNews:健康　調査,健康　調査,“仮設での心理的負担 依然大きい” 県実施 被災者健康調査 - NHKニュース,https://news.google.com/rss/articles/CBMiWEFVX3lxTE00YUIzMFpwSUVBQjVUaGtWVWxRSGtvMWs4TjE1UXZ5TzNzaU1sSFQ5ZHNzU2xnT2lidkZPWFc5MHowM0xBeTRQLUVOTi0tQzZYMFZrdEtlZkk?oc=5,"Tue, 18 Aug 2026 07:00:00 GMT",2026-09-23T09:29:23+09:00
GoogleNews:健康　調査,健康　調査,【健康調査】Z世代の2.5人に1人がバイトで筋肉を鍛えられたと実感！バイトで鍛えられるNo.1筋肉は「上腕二頭筋」体を動かすバイトは働くことへの前向きさ・継続意欲にプラスと判明 - PR TIMES,https://news.google.com/rss/articles/CBMiakFVX3lxTFB3bFhpNmpJdk9EZGZjTGxSR2RPWUp1VXQyRVlTa1RaYlpZQnJMZUlxdlV0RU4zOExveFM2eUlMaGx5S1prcG43THExZFJGdVVmaXRxN3FPQ1F3SXg0Ti04Y0YxWHphQlg4Snc?oc=5,"Thu, 23 Jul 2026 07:00:00 GMT",2026-09-23T09:29:23+09:00
GoogleNews:健康　調査,健康　調査,アルコールを控えるでも､糖分を控えるでもない…1200人･15年調査で衝撃の結果｢最も死亡率が低い人の傾向｣ - PRESIDENT Online（プレジデントオンライン）,https://news.google.com/rss/articles/CBMiWEFVX3lxTFBicXRjN1JRRGNEanhXOFNKdGF5UTdtdEo0VmVmTEhhSkZQV3hPQkNUNG5DM0pScnZTSnhGS3ZjM1JkVVVkTVBJcnlHQk0wSlZZa2ZNSUdqUEY?oc=5,"Sat, 21 Mar 2026 07:00:00 GMT",2026-09-23T09:29:23+09:00
GoogleNews:健康　調査,健康　調査,水俣病健康調査、来年度から本格調査に入る方針…「１日最大４人」環境省が被害者団体に説明：地域ニュース - 読売新聞,https://news.google.com/rss/articles/CBMickFVX3lxTE10N1JjcWZPTzljekl1OUxZRTlCVTBvN0kzNFhYdV85alFnLWxiR3FXV0l3UUJXX2lTSlFVU3JIQkJDYWphdmpvY3hSSlhONm5oTVZfX0Y3dE1ZZl8yZFZVSjMyTlUzMTlQbTR5SDVEMXBVdw?oc=5,"Thu, 26 Feb 2026 08:00:00 GMT",2026-09-23T09:29:23+09:00
GoogleNews:健康　調査,健康　調査,安全・健康・コミュニティに関する調査報告書(令和7年調査) - city.atsugi.kanagawa.jp,https://news.google.com/rss/articles/CBMifkFVX3lxTE1YNmZINTNvVTNudVYxOFVISjhwVElPTDdMUnBwMUV4cnRsLVdMODFxVm16TzU2Q3pScTF6cTRMOC1WWW9INXZ0Z1Y5Wldwb2Z3VjZaUl9hVjV6OWhXdnRzME9fdnZhOFZQU2dnRmpETDluWU5PMmJib0lDQ0Uzdw?oc=5,"Wed, 18 Feb 2026 08:00:00 GMT",2026-09-23T09:29:23+09:00
GoogleNews:健康　調査,健康　調査,パートナーシップ証明制度と性的マイノリティの精神的健康との関連を調査 | 医療・健康 - TSUKUBA JOURNAL - tsukuba.ac.jp,https://news.google.com/rss/articles/CBMieEFVX3lxTE1zc1VQc0xpbmcxTlU4emxTT0cwdHowX0w4N2xyRVBiNUJhTGhwU3hsQkdwbW9jZzczZmRnR3hLQ3IxR1RQYVI0NlVLMUdQN1kxWDhrSzlmY3Qwb3h6WVFDZXNiUUVtLUt0RTVPLVZEMDRPR2VjSTFvYg?oc=5,"Tue, 19 May 2026 07:00:00 GMT",2026-09-23T09:29:23+09:00
GoogleNews:健康　調査,健康　調査,令和8年度 3歳児健康診査 - city.hachinohe.aomori.jp,https://news.google.com/rss/articles/CBMikAFBVV95cUxPVEtuLWZ3aVV4SFBHbk16SmdZUXc4S1VPU01qNGljNmFxZGlCYXloR29yWGxZeEo3NWdUOWUxWDRMS0JTVm52WE5UMXBmNFJKOTFUSHozREN2UHkwWnRWTVJUOEYyVnVxSl9XRm9aMzdtekRqX3FkbnJzSHk3cHpSeWJvNGI4cl9wZmktakI4UzY?oc=5,"Wed, 01 Apr 2026 07:00:00 GMT",2026-09-23T09:29:23+09:00
GoogleNews:健康　調査,健康　調査,被害者側「誰も望まぬ」調査を準備 水俣病で環境省 遠い全容解明 - asahi.com,https://news.google.com/rss/articles/CBMiZ0FVX3lxTE8zRmdoTEJya0x4aV9pT2NMZUdQQ2Y0OC1objM4Y3h3cl9hVll1R21UbEFoMUN5RXNJUll4anU5bkRJVThDZU9tTk1pb0k0YlJYOFctMElXRlhFb01TX1BaRWVMUjd2cjQ?oc=5,"Thu, 25 Dec 2025 08:00:00 GMT",2026-09-23T09:29:23+09:00
GoogleNews:健康　調査,健康　調査,「健康経営優良法人2026」認定法人が決定しました - meti.go.jp,https://news.google.com/rss/articles/CBMic0FVX3lxTE9IYjZmWTEya3R0bDhBWmFIVGJuNlZqM0ZtVEh5NVpQQnRDWFR1RDZVd0JWdElqdEl4XzNUdktnb2FLblE0NnJxaVY5R0ZETUhxRllyeTk3UnhoS1lCNXZUOVA1NGNTNk96c2NndzFoMV9iZFU?oc=5,"Mon, 09 Mar 2026 07:00:00 GMT",2026-09-23T09:29:23+09:00
GoogleNews:健康　調査,健康　調査,「健康経営銘柄2026」に44社を選定しました - meti.go.jp,https://news.google.com/rss/articles/CBMic0FVX3lxTE11MnBRZ2QxZk8xMFZwYi13OUZMYXRDSUNudkRSX0NzUV9ZOEdsV1dqMkZTbDhFTnVjQVBIRk1YY2VXQkMxSmhMTTVHSE5pOWZOZHdZMnF4Mk81eDZvSzd2MjR2bVdRX1Y1YWpxYk52amZucXc?oc=5,"Mon, 09 Mar 2026 07:00:00 GMT",2026-09-23T09:29:23+09:00
GoogleNews:健康　調査,健康　調査,水俣病住民健康調査に患者団体が反発「全容解明調査と言えず」 - NHKニュース,https://news.google.com/rss/articles/CBMiWEFVX3lxTE8yYWZMOE9MOGYyNEVXQTF0SlNaamYyMkFPWmc0ZHdVa2ZuUUlyNUx5ZDN4MXBTMGp0N3FzaTdWWlFZVHhoanR2cmFEM3J2V0p2Mkh1Qm1kNGs?oc=5,"Wed, 25 Feb 2026 08:00:00 GMT",2026-09-23T09:29:23+09:00
GoogleNews:健康　調査,健康　調査,クラシエ、「間食と健康意識に関する調査」を実施 - PR TIMES,https://news.google.com/rss/articles/CBMiakFVX3lxTE5uWW1nY0xfRm9IallpdDQ3WVJmWGNkUHBEMFNGRkFISEZSWlV1THE1UGZ4c1JaS2VFNEhJZnRnanhhY0FzcHRhdjl5WDRuaTJwbDZ4ZDBFemZjVEdGQ09QSGl3S1E3Ul9SMXc?oc=5,"Thu, 21 May 2026 07:00:00 GMT",2026-09-23T09:29:23+09:00
GoogleNews:健康　調査,健康　調査,能登半島地震の被災者7346世帯の健康調査結果 仮設住宅居住者で心理的ストレス「高度リスク」が増加 - TBS NEWS DIG,https://news.google.com/rss/articles/CBMiX0FVX3lxTE1uVWZuOUVOdkZhaGI3X1RwMGllY3ZvS2pNQ0ZyMmExbVVUOHBscTZoSDRNSEdkbVhrVVBaYXlLRkhmX1pwSWtsbF9HRkZuM21vaUNJVXZseFRJR1BMU0hN?oc=5,"Tue, 18 Aug 2026 12:27:14 GMT",2026-09-23T09:29:23+09:00
GoogleNews:健康　調査,健康　調査,能登半島地震の被災者7346世帯の健康調査結果 仮設住宅居住者で心理的ストレス「高度リスク」が増加 - TBS NEWS DIG,https://news.google.com/rss/articles/CBMiWkFVX3lxTE5lMUVWeGFfei1xT085YndkSzVGa25SNmhScnlWWXpsMmRTcmpJWnpJN05wLXNLcktWWGxZRGdpeElsNkxRSjBwUDVidldkT3NtUUdzRlJxM0Fldw?oc=5,"Tue, 18 Aug 2026 07:00:00 GMT",2026-09-23T09:29:23+09:00
GoogleNews:健康　調査,健康　調査,令和7年度「市役所からはじめる健康づくり」に関するアンケート調査結果を報告します - city.asahi.lg.jp,https://news.google.com/rss/articles/CBMiWkFVX3lxTE5hc1BMc2F3cDFIbzUwOHNCVEtQb1VvUm5RdG5Sb3VOSVN1VVl3TlJEV0xOU3NxazU1b0hZMXJLUzB4NXkxb3dPbjA5bEwxOXR0cm9PY2oyaHpXQQ?oc=5,"Tue, 20 Jan 2026 08:00:00 GMT",2026-09-23T09:29:23+09:00
GoogleNews:健康　調査,健康　調査,「精神的健康」調査で日本が最下位、韓国はワースト2位＝韓国ネット「納得」「もっと支援を」 - ｄメニューニュース,https://news.google.com/rss/articles/CBMiigFBVV95cUxPcVFDUFluanB0eFBJcnRISzhiRUtNb3MwNXJneGJzZDEyOGhBdl8xcjE5WTVaMTBYZlh4NVdPYkpPY1JybG40M3cxenJ5RzFRRWl2azBQQ3JaMjRxQnR0MF95alNadmp5RUV0c09wQkk0NC1WVDVQYWVQVGp6aVBMMXhSS25KOTlyUWfSAY8BQVVfeXFMTUxHT3lNNTBuU3BhVHpxdHg1VG9hNG9ST2tVMnYzUW5EV1d2N3g5S1FPLU9zb2g3T1lsRGNFUG9maUlTMnlHYzF5R2hHZm4zQThSQWQ0MGlSbGVxbU5MbHgtenhMNEgyUG01REN5UGFuc2ZacDJBRExhMHZWU2dyMUZndnZ3anBZNE91ZWhKTjg?oc=5,"Wed, 29 Jul 2026 07:00:00 GMT",2026-09-23T09:29:23+09:00
GoogleNews:健康　課題　政府,健康　課題　政府,女性の健康課題対応、医療機関を「見える化」　　厚労省 - MEDIFAX web,https://news.google.com/rss/articles/CBMiSEFVX3lxTFBzcEN0aEtkMTZxem9XZmVGc3p0dnYyZTNpVmJKUWZ1aUF5d0xEcHZweTdjZ2dJdHMyOFI1dkZHd3Q1TzN6dldyUdIBTkFVX3lxTE9od2FXM0pQRVkzTTZ2OGFiMXdiWERyeHFDX2pWeDJpUWRpbmtZejQ1aTJPVFc1dzZsUmFlSXk2b0hIUm1jdGtxTGxIM2s2dw?oc=5,"Fri, 11 Sep 2026 09:06:00 GMT",2026-09-23T09:29:25+09:00
GoogleNews:健康　課題　政府,健康　課題　政府,HIV感染急増のフィジー、政府が緊急事態を宣言 成人60人に1人の推計も - 東京報道新聞,https://news.google.com/rss/articles/CBMiU0FVX3lxTE8zR2g0dFowYkcxUUpIQzk0Y0xmZ1o0SExGbEJiYlhhc2prYWhpcE84MkRCbS1KS2hILU11djdRbVdYb3BFN1BnempoR01yNFg0RWVJ?oc=5,"Sun, 20 Sep 2026 06:02:34 GMT",2026-09-23T09:29:25+09:00
GoogleNews:健康　課題　政府,健康　課題　政府,女性特有の健康課題 対応可能な医療機関公表など方向性確認 - NHKニュース,https://news.google.com/rss/articles/CBMiX0FVX3lxTE5tazVKcVFEekdmZnltWmtjenh4clFWUF9yNkNweG90MDE0Y3NVQUN2ZXkyQngxaVVxX0FrQjQyX3Q5V25ST1BWTV9iNmd5XzA1SlUtLUlmaGpudUpURmln?oc=5,"Mon, 25 May 2026 07:00:00 GMT",2026-09-23T09:29:25+09:00
GoogleNews:健康　課題　政府,健康　課題　政府,女性の健康課題巡る経済損失は３兆円超、解決目指す「フェムテック」広がる…トイレにナプキン・体調予測 - 読売新聞,https://news.google.com/rss/articles/CBMibkFVX3lxTFAySV9aTXpoVUhRbmp1MExITHk0WE5zZWVQUi0wSGZ5SFpmV0hlRGNrV1I0X0xuNklXY3lxQ2FTTTRCS01JTXUtbjhYajdtZ1RrSmdMVzVHTkhfTGw2dU1NcG1HRWEyRTNDVWtjUllB?oc=5,"Sat, 25 Jul 2026 07:00:00 GMT",2026-09-23T09:29:25+09:00
GoogleNews:健康　課題　政府,健康　課題　政府,更年期世代の女性を適切な医療へ 対応機関、ポータルサイトに掲載（共同通信） - Yahoo!ニュース,https://news.google.com/rss/articles/CBMif0FVX3lxTE01QmxHUlFCUEN2c3R3Y3JkemJQdnp3Wnp3VkdwRHRWWGFlME9rbTVGOWRLNlRXT3BfLUszaUlRYy1DQWVUTndtXzBTc0ZUYnlqWlJDYm5EZnlZbTZBR2U2dFNDUUlPd3JMd1NDYWpwRWJrd2ktalcxa3hZMm8zV1k?oc=5,"Mon, 25 May 2026 07:00:00 GMT",2026-09-23T09:29:25+09:00
GoogleNews:健康　課題　政府,健康　課題　政府,健康寿命を延ばす“攻めの予防医療”骨太の方針に反映へ（2026年5月25日掲載）｜日テレNEWS NNN - 日テレNEWS NNN,https://news.google.com/rss/articles/CBMifkFVX3lxTE1Ycm8yT3dsV2JFTG9VTlZpbDdTNl9ZQl9KaVVuQjJEVlNBbUt1dnNhOVNwb0RuN003VmtrWnp3VVJEWjVmY212blktY0JGWWRWTUlWTEUwZjBDUC1jX0N4WkczSFIzalp3dlc1dV9ZLTQ0UlMtaUg0U2VuNzdUdw?oc=5,"Mon, 25 May 2026 07:00:00 GMT",2026-09-23T09:29:25+09:00
GoogleNews:健康　課題　政府,健康　課題　政府,更年期、どこを受診？ 政府が医療機関検索のポータルサイト整備など更年期対策強化へ - 産経ニュース,https://news.google.com/rss/articles/CBMidkFVX3lxTFBKZkVIUS1DSTluT21PYWMzc0hob2dyUXZmYUt2NUhyd1A2bl9ySXc0a3doMVRpVUJkdnRxTW94LXd6YmdjR3RIMi1SbXJvSjZ3UkU2R2pyY3Bab2xYYVNZLVVidjVPU2JnMnpSWWZhRGdNbXRaYUE?oc=5,"Mon, 25 May 2026 07:00:00 GMT",2026-09-23T09:29:25+09:00
GoogleNews:健康　課題　政府,健康　課題　政府,高市政権初「女性版骨太の方針」政府が近く決定へ 3つの重点分野「健康」「成長戦略分野」「地域」 - TBS NEWS DIG,https://news.google.com/rss/articles/CBMidEFVX3lxTFBKTDcyTUVpd1ZRcVZxU2ZrNEotUjIxdmtyVWt5bmZtcnl4YjR0dC1xTXJDWV9MOGM5VVhQX3h2NnN5N1NTZEJEbmRBN0ZRdE1IVV9nV19sWDFaMExadXN0NjRoQk9aMWJTTVppckFWZjRrNlhU?oc=5,"Sat, 20 Jun 2026 07:00:00 GMT",2026-09-23T09:29:25+09:00
GoogleNews:健康　課題　政府,健康　課題　政府,健康寿命と平均寿命の「10年のギャップ」に挑む。マレーシア政府公認プロジェクトと、日本の整形外科専門医がサステナブルな「エシカル・ツバメの巣」の共同臨床検証を開始 - Newscast.jp,https://news.google.com/rss/articles/CBMiR0FVX3lxTE0wdHB2VnBYeHR6V3p5c3otbE9HZkFmcFhrNldvZFZzWjdYT1k0TUxtOThhUWl5c1pPVFo1ZlVuVlNXVjBYQk5z?oc=5,"Thu, 06 Aug 2026 07:00:00 GMT",2026-09-23T09:29:25+09:00
GoogleNews:健康　課題　政府,健康　課題　政府,子どもの「スマホ依存」深刻 学校で健康問題やトラブルが 「政府の責任で何とか…」頭を抱える養護教諭 - 東京新聞,https://news.google.com/rss/articles/CBMiU0FVX3lxTE02RWR1TnFHVnA2VkwxN3NsRFBtZklWcVRRd2VMaFNUTlNZNU1HbTBEeElZdUd1bjVNX0d2UkZsUE92WlQ3djV0ZUxSRURxUlVIdFVF?oc=5,"Sat, 18 Apr 2026 07:00:00 GMT",2026-09-23T09:29:25+09:00
GoogleNews:健康　課題　政府,健康　課題　政府,「私も更年期が早くて…」 高市総理“女性のヘルスケア中高年期編ガイダンス”に共感 政府としても取り組み進める考え示す - TBS NEWS DIG,https://news.google.com/rss/articles/CBMidEFVX3lxTFB6X2Q3Q2tSQU05WDg5XzJ4ZDZtWXFJNWkwdXFETGVXaDlYUUNyM1h2WnowUkxidWotSGhNaXNqZWw2RVNBRXowckw0VmJkazBrU1d4aEg4NFJkdnRrUkdjVElkMDAtZlR1QTlkOFJpS3BOdmN1?oc=5,"Thu, 23 Jul 2026 07:00:00 GMT",2026-09-23T09:29:25+09:00
GoogleNews:健康　課題　政府,健康　課題　政府,「健康経営」推進企業を補助金審査で優遇 政府、「骨太」反映へ論点整理案を提示 - 産経ニュース,https://news.google.com/rss/articles/CBMidkFVX3lxTFB6MlkwVjV2Mm50d1RVUzJmNjVtY0M0WTF6dURhOXo3UTRuUU83WDRSZ2NxRVpxV25mRWtBS2F6WHZ0cl9zZVpNOVd1TjIzMXVxSGF3dDRtM0wxcGZwTHRFMkltNzFOSVA2NERoSm05Q19UOEI2Ync?oc=5,"Thu, 23 Apr 2026 07:00:00 GMT",2026-09-23T09:29:25+09:00
GoogleNews:健康　課題　政府,健康　課題　政府,女性の健康問題、診療アクセスしやすく 政府が新会議 - 日本経済新聞,https://news.google.com/rss/articles/CBMibEFVX3lxTE5UVFZ0cFBheC0yOEd5WWZfSVVoSndPR2tiajZjSGpJSHlOeDZybUh5YTAtRTJlLWNVS1RfMlJ1c2xBdi1RazdRSURLWXh4S19JN1VUWU12TVdKLURvQzhPTXVpMlBBYnA4TERWRw?oc=5,"Wed, 24 Dec 2025 08:00:00 GMT",2026-09-23T09:29:25+09:00
GoogleNews:健康　課題　政府,健康　課題　政府,女性活躍推進の強化 - gov-online.go.jp,https://news.google.com/rss/articles/CBMiZ0FVX3lxTE1vSmZnZGFxVXRMUkYzc2hYY2tsdndBc1F4TktHRmFfVmlNeWl1TjRUS2Z1Tm1zYW9lNjBLM2RBWDNsNF9ENmpjTXpwOEw5RHFvbDA4UFgzOXhaSktiTExDd2p5RGxrTkk?oc=5,"Mon, 22 Dec 2025 08:00:00 GMT",2026-09-23T09:29:25+09:00
GoogleNews:健康　課題　政府,健康　課題　政府,佐藤官房副長官 「攻めの予防医療」政府一丸となって推進する考え - TBS NEWS DIG,https://news.google.com/rss/articles/CBMidEFVX3lxTE5GcExFQUdOOG03SGVWaks0eF9xbmpyMnEyRTJIV2hpZ1VKeXphb01RTUxWUlFyUS11c2F1NWdoZWZtbmNoRlZwUUFCbUtXbnhvUjR4NVBCOEg2VF9nNVJxN3J3NFhGcHlFMHh6Z2YwMWh2M1hI?oc=5,"Thu, 23 Apr 2026 07:00:00 GMT",2026-09-23T09:29:25+09:00
GoogleNews:健康　課題　政府,健康　課題　政府,女性特有の健康課題の理解促進 - pref.shizuoka.jp,https://news.google.com/rss/articles/CBMikgFBVV95cUxNYTVQRER4RTNWanBLSk41WDFLSXVYaUZHOFNhcFE3VkFtRkFPY08xNTBHLXlPVWRUbllMZm9QRUxvZjRzaklwRWpta0FBZGM3aW9Fbnk2dUxVU1pPT2tMeUlQanUwNkZSc0ZkS3hWNWVpZGdiRUhOVGVqTlhuQWhnb05qMjktc2lPNFFPcXJibHhRdw?oc=5,"Thu, 03 Jul 2025 07:00:00 GMT",2026-09-23T09:29:25+09:00
GoogleNews:健康　課題　政府,健康　課題　政府,女性の健康問題、診療受けやすく 政府が会議設置 - 日本経済新聞,https://news.google.com/rss/articles/CBMibEFVX3lxTFBzTVUtMF9TWjAzdVVvWXF1MWdDVjRqcDdPZ0tCckpiZ3dJdHZjS0hDbEZHM2d3SGZ2eHA3TER4enh3Zk9TN2NLMTJQYVZNQzk4MHMzNUFWemgwRUc1UnpycElfSVB5ei1pdEpoMA?oc=5,"Thu, 25 Dec 2025 08:00:00 GMT",2026-09-23T09:29:25+09:00
GoogleNews:健康　課題　政府,健康　課題　政府,佐藤啓官房副長官、女性の健康課題「医療提供体制を確保」 - 日本経済新聞,https://news.google.com/rss/articles/CBMibEFVX3lxTE0wRjV2RUxrZWNINlRxWmVpczBsMGFaR0dZcGVlbi12YkZMT2p4N1U5VzF5LVJCRVV1LVlxUU94TTdRUDRmWENScFlWOEhuLXVuYmItNE4yMTMzRUlvTTdiZVRtRGpMNXptOEtFVQ?oc=5,"Thu, 25 Dec 2025 08:00:00 GMT",2026-09-23T09:29:25+09:00
GoogleNews:健康　課題　政府,健康　課題　政府,政府、健康寿命延伸へ有識者に聞き取り 骨太方針や成長戦略に反映 5月にも論点整理 - 産経ニュース,https://news.google.com/rss/articles/CBMidkFVX3lxTFBKa2g5QVBndzZyMTdCTmZrTDhoOVgwbFRZWncwbUwwZWJOYWwwZ3ZYaFhvUTZ5eWxQZTZwcjJTelhxdGh5ZFZJZzk3VXdXNzdRSHM1WEZmM1VpUDduZzFvaXd3aGN1Z1RqLWFwX2NFWWFEUG5Za0E?oc=5,"Mon, 09 Mar 2026 07:00:00 GMT",2026-09-23T09:29:25+09:00
GoogleNews:健康　課題　政府,健康　課題　政府,男性の更年期障害など健康課題、経済損失は1・2兆円超 国は研究に本腰 国際男性デー ととのえるココロとカラダ - 産経ニュース,https://news.google.com/rss/articles/CBMidkFVX3lxTE1vSG4yMDlqZzlLTHFxV2otZDlNMHdQUVlvRndhN05WN3dzZzVEZ2w2eGlIdlVublpTVmVkdzNmblFENnRpRkZWM3lRTmtOaTBmc3o1WFNQOVZVZDl3WlVDanJRbmNnUzJzSTVaWUlrbnpDZlYtd2c?oc=5,"Sat, 25 Oct 2025 07:00:00 GMT",2026-09-23T09:29:25+09:00
GoogleNews:健康　課題　政府,健康　課題　政府,女性活躍推進へ健康課題の解決を - 公明党,https://news.google.com/rss/articles/CBMiVEFVX3lxTE5uLUFBQWQ5UE9QbTR1X2MzLXZibmUtV2x2V0F2TnRJZXdDdDhHblExZDZLYzJORTA5TEMtMU5ZTGZwVGZmQXBtTHNRRXBtYVdHMU9CZA?oc=5,"Mon, 08 Jul 2024 07:00:00 GMT",2026-09-23T09:29:25+09:00
GoogleNews:健康　課題　政府,健康　課題　政府,「女性の健康」特化のセンター、国が開設 経済損失への懸念も背景に - asahi.com,https://news.google.com/rss/articles/CBMiZ0FVX3lxTE1udEZtejV3N0VVNnJfbHY2OTY1bFRGRnhSWk1vcnVld3drQXFLWnM5VjdYY09UQ0YyMGJNTWoyNVhvbjFiZW9TRGg0UUwzZ3M3dFhLT3hXUHZINTNzVzlhNDlCNVVHMk0?oc=5,"Tue, 01 Oct 2024 07:00:00 GMT",2026-09-23T09:29:25+09:00
GoogleNews:健康　課題　政府,健康　課題　政府,女性の健康課題 解決へ - 公明党,https://news.google.com/rss/articles/CBMiVEFVX3lxTFBaR1oydmMyaDg1TzYxUDdDUGxkSmZZQjA2WHVRcmJoN3VQMno4UWRiM2VhNW4xY1I5cjZpM1FFMklYSmJ2N1RrY2xtTVBoRjQyWkl1VA?oc=5,"Sat, 05 Oct 2024 07:00:00 GMT",2026-09-23T09:29:25+09:00
GoogleNews:健康　課題　政府,健康　課題　政府,働き手の健康課題を放置→年間4.6兆円の損失に 経産省が「健康経営」を国家戦略に据える理由 - ログミーBusiness,https://news.google.com/rss/articles/CBMiS0FVX3lxTE1TUXJ3TGhFcUU4dDdudmtvWkM2MjBtZGFaOEZJbUpaQl9GYTZULTdtOElqQ3ZZVkhWdVloVTNnUmZfNHhSbFdQNUpzOA?oc=5,"Tue, 18 Nov 2025 02:34:24 GMT",2026-09-23T09:29:25+09:00
GoogleNews:健康　課題　政府,健康　課題　政府,日本企業の技術も活用 健康課題に取り組むユニットエイド幹部が来日｜with Planet - asahi.com,https://news.google.com/rss/articles/CBMiXkFVX3lxTE5VT2h1cFk1NkttcjF1LUlhU2I1ZWpxdkFJazBSNDdWSXhmWldBdVRlN0pZMEpubVQ5RkFRdjBpaEtBZTNNUkg1OVU2TENSTktmTjVEeHhtMHB3OV9HV1E?oc=5,"Fri, 27 Jun 2025 07:00:00 GMT",2026-09-23T09:29:25+09:00
GoogleNews:健康　課題　政府,健康　課題　政府,不妊や更年期、女性の健康課題の研究を本格化、政府が司令塔創設へ - asahi.com,https://news.google.com/rss/articles/CBMiZkFVX3lxTE03OHdkTlE4bjZwQzNLb2V2VlRwSXNFbEFJVzhpdHJpa2d2dnlJMW9LTlZIVS1kZ0EwSlNRTmpEVlVPXzB6aVQzcDVNRFdhTUREUzhpWVpON2V0cFFRNUk5cjM2X09Edw?oc=5,"Fri, 31 Mar 2023 07:00:00 GMT",2026-09-23T09:29:25+09:00
GoogleNews:健康　課題　政府,健康　課題　政府,政府、企業の「健康投資」促進 健康寿命の延伸へ5月に論点整理 - 日本経済新聞,https://news.google.com/rss/articles/CBMibEFVX3lxTE9aN21Qb2taT05mU21ielFRbXQxdDQ1MnB1ZTJic0x1SVpwdkdSNWlpaDI1MG9kdUxfV0Q2TjVfcERlNE1Eb1B6TkVid2ZQMmVtTndPZV9VUm9FVDRFczh5MWpyOXhjcUZOeXl0cA?oc=5,"Mon, 09 Mar 2026 07:00:00 GMT",2026-09-23T09:29:25+09:00
GoogleNews:健康　課題　政府,健康　課題　政府,令和7年10月24日 第２１９回国会における高市内閣総理大臣所信表明演説 | 総理の演説・記者会見など - 首相官邸,https://news.google.com/rss/articles/CBMieEFVX3lxTE56SXR0b1hvMS1BX2dvSVdyVEpLdTR1OGx6MWpTT0tCRjFOcXF6LVNESmhtSDVDSVczN2c1b1pnNGNyckpEazRrQ1cxQnpnN1BaVVFUUEJ1akNLVE8yRVhrRUVEOXhfbnVNYjBSM0dUT1FVQmJKTUlqZA?oc=5,"Fri, 24 Oct 2025 07:00:00 GMT",2026-09-23T09:29:25+09:00
GoogleNews:健康　課題　政府,健康　課題　政府,女性の健康課題、経済損失3.4兆円 経産省試算 更年期などで離職・休職重く 睡眠改善・体調把握に補助 - 日本経済新聞,https://news.google.com/rss/articles/CBMibEFVX3lxTE9xVW9TMlhHaFA0bjVvdWgzQUtGSWlRMkRoeDdRTS1OaHZWWWQzWWw2QnU3SHVxejk1Zk4zY0IzOGhTMGF2dndvT3VHeXpESjRBWTdTWllrbmU0VHlpZVRRZ0YyU2tMRFhBUHdPWQ?oc=5,"Tue, 20 Feb 2024 08:00:00 GMT",2026-09-23T09:29:25+09:00
GoogleNews:健康　課題　政府,健康　課題　政府,女性の健康課題巡る経済損失は３兆円超、解決目指す「フェムテック」広がる…トイレにナプキン・体調予測 - 読売新聞,https://news.google.com/rss/articles/CBMif0FVX3lxTE1TRS1TWjRUaEZxNC1EY2o2TngtWGIzSjdjeDZVazc2TXUydnVfbWloM3VxNnA2cEZ0YU4xbHJDR0ZGcFNYN0djTzNDZzlJVzM2cW5yYjZBVlg0c1cxazQxOW1EYjNPMnRFa3pzQzVvZHRZaUV5VXh0bHg1UXF1cVk?oc=5,"Sat, 25 Jul 2026 07:00:00 GMT",2026-09-23T09:29:25+09:00
GoogleNews:健康　課題　政府,健康　課題　政府,世界の健康課題に、官・民連携でもっと存在感を - 日経ビジネス電子版,https://news.google.com/rss/articles/CBMiZ0FVX3lxTE5rejhCcFdHX0JzOHU4TkFoNV9vZXptcG9waGtxWDBVSm9jWU5OOUZTRmVqRHI1N3dISV81V0U1VTZQcEtMX2VxaXZvc0VXTlY3Q1VpVkhFTHJSbVhQd1pPLXVJdHFjaXc?oc=5,"Mon, 20 Jun 2022 07:00:00 GMT",2026-09-23T09:29:25+09:00
GoogleNews:健康　課題　政府,健康　課題　政府,働く女性がライフステージで向き合う健康課題とフェムテックへの期待 - jri.co.jp,https://news.google.com/rss/articles/CBMiUkFVX3lxTE5KdlhaU0dGM3JGQVFtUUxfMDduNXZ0WFR2djZBemhQbHNCVEFaczZDRkxzSEw1NkNkVFI2UVZpcEF1NVhFS2toa3Nld0FuNmpZeUE?oc=5,"Wed, 09 Nov 2022 08:00:00 GMT",2026-09-23T09:29:25+09:00
GoogleNews:健康　課題　政府,健康　課題　政府,健康な社会づくりを目指すミラノ・コルティナ2026とイタリアのAI／サイバー政策：海外医療技術トレンド（128）（2/3 ページ） - MONOist,https://news.google.com/rss/articles/CBMickFVX3lxTE85ZmMzeGU1WVM0M1VELThaai11ZU04YU1qQkJJcGZfT19zX3JqSEFraUlBb1VuVE8zY0xUa3NXUWtMZmxNQVVjVXlEZEItMTVobFZ4VV9RZEZ3MVZnZDVGc2VBOXVxT1dTTjk1Q0xOdVRZQQ?oc=5,"Fri, 13 Feb 2026 08:00:00 GMT",2026-09-23T09:29:25+09:00
GoogleNews:健康　課題　政府,健康　課題　政府,大塚製薬・働く女性の健康意識調査～「女性の健康課題」（PMS/更年期）がキャリアに影響を及ぼす 個人の対処だけに任せず企業ゴトとして捉えることが求められる｜2022年3月8日｜ニュースリリース - otsuka.co.jp,https://news.google.com/rss/articles/CBMidEFVX3lxTE5YWmRvcFBqSGVpOUpsSEcxNzJ0TnRVTGtWbmF1SVptQVMxNVFwY21vUEw3MzB1enRsY09RYkRxRTlITTdhbkVxUEsxVDFBSDJuUDhhRXVsYWtvbElzc1hXOFhySkF4MDNuTWV3V3V1YUhhSm9G?oc=5,"Tue, 08 Mar 2022 08:00:00 GMT",2026-09-23T09:29:25+09:00
GoogleNews:健康　課題　政府,健康　課題　政府,超高齢社会が迫る中、注目される予防医療（シンガポール） | 地域・分析レポート - 海外ビジネス情報 - jetro.go.jp,https://news.google.com/rss/articles/CBMidEFVX3lxTE5sckxWcUN5bjFzRE1NanNjZUtyQi1wMWN3OG14UVRfRGVfQVMtckVJXzNUa292REZIVFdJN28yMGFqWDFoOV9URWlsN2otaDQyZjZVWmppVWV0bG80ZmJIS0hpWUFsY042LVF2Y2J3VlEwaE5r?oc=5,"Wed, 02 Aug 2023 07:00:00 GMT",2026-09-23T09:29:25+09:00
GoogleNews:健康　課題　政府,健康　課題　政府,〈累計10万DL突破〉政府採択の次世代健康支援アプリが”頑張らない”ヘルスケアを実現。買い物データを自動で栄養素に変換する独自技術に上場企業も熱視線 - FUNDINNO,https://news.google.com/rss/articles/CBMiSEFVX3lxTE5TV01nTnVvaWE3WUg2dVpkUnhtNzA5Y1ZXdk1ZMG9FWm1MWGVqWXowZTRSUmI1b2FuUHFlRElRUXdFUUQxQmJoUQ?oc=5,"Mon, 29 Sep 2025 01:52:25 GMT",2026-09-23T09:29:25+09:00
GoogleNews:健康　課題　政府,健康　課題　政府,女性活躍から10年、法令対応は「義務」から「戦略」へ 「個の力」を最大化し、イノベーションを生む土台の作り方 - ウーマンズラボ,https://news.google.com/rss/articles/CBMiVEFVX3lxTE9TYVl4a0J3OVp0OXMtdGNIT2VqUllmWXJ6Z3pnTnUzNng3TlBhbFhjc0MzdllobmdBNHZHVmxrYXlyWXVCZHNiQndQSDd6QmZndUZWUA?oc=5,"Tue, 27 Jan 2026 08:00:00 GMT",2026-09-23T09:29:25+09:00
GoogleNews:健康　課題　政府,健康　課題　政府,政府・自治体・地方のフェムテック最前線 - newspicks.com,https://news.google.com/rss/articles/CBMiU0FVX3lxTE96YkowLUJnTDNwTnZUQ09VeUFUOE95dXdfSURrQ2tmdW1lR09kWC1VWVoxMnNGUVR3a2dVbzh0QVNEaks1N1NfazM2YVZEcDBHc1BB?oc=5,"Sat, 02 Nov 2024 07:00:00 GMT",2026-09-23T09:29:25+09:00
GoogleNews:健康　課題　政府,健康　課題　政府,女性特有の健康課題、歯科健診はどうなる？～労働安全衛生法に基づく一般健康診断の検査項目等に関する検討会 中間とりまとめ～ 産業保健新聞｜ドクタートラスト運営 - 産業保健新聞,https://news.google.com/rss/articles/CBMiS0FVX3lxTE5IWjJ2TlhaeE5wbWxRUVBXNGhRWkNmX012V01HNGVZeV81dDVpdDlqYnE2WTFXbzJ5TXQzMUVsSjdlWGdEU2s3SXgzMA?oc=5,"Fri, 24 Jan 2025 08:00:00 GMT",2026-09-23T09:29:25+09:00
GoogleNews:健康　課題　政府,健康　課題　政府,全国初！5月16日開催、女性の健康をテーマにしたイベント「私ファーストDAY in 岡山」 - PR TIMES,https://news.google.com/rss/articles/CBMiakFVX3lxTE12YS02REpfend0akZ0cS1MdkJDVXV1UWI1TkgxSFJfZ1NuOUpVWDNsSkZPRmxPVzZ0Yzh6cG1HenNOdjE2aVlneWRPLWFrS1lNdkQ4S2VUNFJoWjdudW1YRGUyR2pla0NmRkE?oc=5,"Wed, 22 Apr 2026 07:00:00 GMT",2026-09-23T09:29:25+09:00
GoogleNews:健康　課題　政府,健康　課題　政府,【政策提言】共同声明「地球と人の健康を同時に守る～気候危機を健康・経済・成長の『機会』に変える日本型プラネタリーヘルス戦略～」（2026年6月24日） - 日本医療政策機構,https://news.google.com/rss/articles/CBMiVkFVX3lxTE1yWG43RDA2UzY3LUI3RVZOc0F5cGJ3X1RCVVpfQlMzVkp2ZEZmYmJWRDdPbUNUWEhSUFpJSXkxdGNWenpVT09MdTB6MkpzdVZOY1ZtWnpB?oc=5,"Wed, 24 Jun 2026 07:00:00 GMT",2026-09-23T09:29:25+09:00
GoogleNews:健康　課題　政府,健康　課題　政府,ベトナム×ヘルスケア 第1回：DXを見据えた健康ビジネスの展望と課題 - mri.co.jp,https://news.google.com/rss/articles/CBMiZEFVX3lxTE9Icm9lcjRNaUNHWXhTa0trenRMRmhmTHRsLTlPNEJjM1F1YzVWa3I1cG56SkhIQmZNQVYxdTFiRGNub0JGVmJqT0U1TUNnNGhWRjZkZkZyeUtSOE9ncFNpcU1ncDc?oc=5,"Mon, 13 Jun 2022 07:00:00 GMT",2026-09-23T09:29:25+09:00
GoogleNews:健康　課題　政府,健康　課題　政府,タイ・バンコクで健康増進施策に関する日泰の官民共催セミナーを開催 - mri.co.jp,https://news.google.com/rss/articles/CBMiWkFVX3lxTE9BNWNEak04TXdpRm9CdVItd1ZnRHhSZDBtazdvOW84NV9SdWtfa0UxQnJTb0czdlFyaXM0bW16UDFFdy03TUJuZGhXMG90WVpkNlhIU0Z6Vktqdw?oc=5,"Fri, 27 Jun 2025 07:00:00 GMT",2026-09-23T09:29:25+09:00
GoogleNews:健康　課題　政府,健康　課題　政府,SDGs目標3「すべての人に健康と福祉を」の取り組み事例｜世界・日本・企業別 - worldvision.jp,https://news.google.com/rss/articles/CBMiZ0FVX3lxTE9XZUd0azZMWDRpek4tTWNpUUtlandIWWswOHVBX2JoUUQxM0h5M1dmVUVoLVFSdHhzRXdlU1dYNnhrZERqeG84TlE2RU85YTVzVzE5bDEzWkNGSDJtZmxnZl9WWDNiUEk?oc=5,"Tue, 25 Mar 2025 07:00:00 GMT",2026-09-23T09:29:25+09:00
GoogleNews:健康　課題　政府,健康　課題　政府,女性の健康課題、欧州ではどう捉えている？ フェムテック関連サミットレポート - businessinsider.jp,https://news.google.com/rss/articles/CBMickFVX3lxTE1SckNxbS1QQ24wM1hpTmE5Z1pGN2NJOEwzRGdkUS1oYjVNNmxvVEhYd1dEUlpQbUdkWVNJVEsyRzV0Vmx5VFFSbHdpNmxmU0dySHhDTnQ2ZkV3SGJucl9rSEI1OTRPdWFDM3M3WlNsY0VoUQ?oc=5,"Wed, 08 May 2024 07:00:00 GMT",2026-09-23T09:29:25+09:00
GoogleNews:健康　課題　政府,健康　課題　政府,高齢者の7割「物価上昇に不安」 働きたくても健康問題に壁【高齢社会白書】 - PT-OT-ST.NET,https://news.google.com/rss/articles/CBMiY0FVX3lxTE43MGxtTF8xTlRaZ1VPWEpKSWphanJQczV4NFNZblVYNjBTY09PLUstaFBSdlpES0U4SWpYV2hEM19pT09DVWpXazVjTWRuS19PbmpkUGhfbVZtYnFlalJSTG9law?oc=5,"Wed, 25 Jun 2025 07:00:00 GMT",2026-09-23T09:29:25+09:00
GoogleNews:健康　課題　政府,健康　課題　政府,地球の健康は、みんなの問題。グローバルヘルスをZ世代と話します｜with Planet - asahi.com,https://news.google.com/rss/articles/CBMiXkFVX3lxTFBsZzlpam1Qb0tabFNNeG1mc2M3WklkaGdLa2ZjY28yMEVlR0xraDQyTDlXbWhGcVNoVjg2anNUeWdLY3lhMVNDSXZYM0tTRnZielc3TFNtN043RkZfMFE?oc=5,"Fri, 21 Apr 2023 07:00:00 GMT",2026-09-23T09:29:25+09:00
GoogleNews:健康　課題　政府,健康　課題　政府,女性の健康支援で“司令塔” - 公明党,https://news.google.com/rss/articles/CBMiVEFVX3lxTE9LNnlVSlZmSlFGSXFxRWl3UDhxemJwMUlzeV9aSnJTV3REdjFzSXgzQl9hU3gzRndDVzJJaDZSUkFtUllCaWJUbXF2a1J6eEpCRVVpNg?oc=5,"Tue, 03 Oct 2023 07:00:00 GMT",2026-09-23T09:29:25+09:00
GoogleNews:健康　課題　政府,健康　課題　政府,アフリカの健康危機、どう伝える？ TICADを前に討論｜with Planet - asahi.com,https://news.google.com/rss/articles/CBMiXkFVX3lxTE5hQnhFY3VhbEVCUTlLSHZ2MExjWGVWelVPTVkzb3pCc1dvaW10amJyWXBSNEVxR3RjVzg2ZllDVGw3ZG1CejJsMnRtbmNEY25VZ3diSUh3NVpNeUJXVVE?oc=5,"Tue, 25 Mar 2025 07:00:00 GMT",2026-09-23T09:29:25+09:00
GoogleNews:健康　課題　政府,健康　課題　政府,世界の健康のために日本は何ができる？ Z世代が政治家に提言｜with Planet - asahi.com,https://news.google.com/rss/articles/CBMiXkFVX3lxTE1WMVJLcXg4aF94cnY1MnVKNWg3S3RYMHlybFFaVkc5NXUzYktXdFNQY05EQnp4UFp4QWJiVjhwTUd5cmxLQk56bDY2T1NwVU5lZEp2aU1KRVNOeTFneXc?oc=5,"Thu, 06 Jun 2024 07:00:00 GMT",2026-09-23T09:29:25+09:00
GoogleNews:健康　課題　政府,健康　課題　政府,セミナーの動画はこの記事の 最後のリンク先 から見ることができます（期間限定）。 - 日経メディカル,https://news.google.com/rss/articles/CBMiZ0FVX3lxTFBoYUVURlNLbGxhOGw0YW1RQUxvWi1TaFB0Zm5qZmtiY2hqNVUxU3VYWW1nRkVrZ2h1OEV4bXJKdmVBaFdxZldwZzdNeHpHcjg1bmZUUnZTVXhHcnU5NFcwRHlLZWNKa2M?oc=5,"Mon, 19 Aug 2024 03:17:57 GMT",2026-09-23T09:29:25+09:00
GoogleNews:健康　課題　政府,健康　課題　政府,【お知らせ】グリーン保健医療システムの構築に向けた大きな一歩：世界保健機関（WHO）執行理事会における日本政府代表団による「気候変動と健康に関する変革的行動のためのアライアンス（ATACH）」への正式な関心表明を支持（2024年2月16日） - 日本医療政策機構,https://news.google.com/rss/articles/CBMiUkFVX3lxTFAtQ1hTcC1RT3pqVEpHYUdlVmgta1lvZ1Q5ZUlUcmYzYzJQN3ZqM3dwOERZeV9EQmo3Wk55NzdnMTlYQVNnUU1Hd05odDdWRFFyZnc?oc=5,"Fri, 16 Feb 2024 08:00:00 GMT",2026-09-23T09:29:25+09:00
GoogleNews:健康　課題　政府,健康　課題　政府,【開催報告】プラネタリーヘルス専門家会合「健康な地球・健康な人々：アジア太平洋地域における気候変動と健康をきっかけとした新たな協力体制の構築に向けて」（2023年11月2日） - 日本医療政策機構,https://news.google.com/rss/articles/CBMiV0FVX3lxTE5WaF9yaU0zQVhfY0NpMTJOaTJrQTlZMmRHU01iR1VxWWlRd0N5V193TlpVSzNjMmZpNmFBOXRRNTdPM3BZcFM1ZVd3QWFndkZqRnZwYm9nTQ?oc=5,"Fri, 10 Nov 2023 08:00:00 GMT",2026-09-23T09:29:25+09:00
GoogleNews:健康　課題　政府,健康　課題　政府,ヘルスハブの衝撃 ～シンガポールで展開される究極の健康情報ポータルとは～ | 柏村 祐 | 第一ライフ資産運用経済研究所 - 第一ライフ資産運用経済研究所,https://news.google.com/rss/articles/CBMiV0FVX3lxTFBJNTdFNUZueUJENURjMGxqeWZuWjZlcTdTQmVXRTlBTmp2TzJEbnU4dVZDVGZpOHNaVnhPM1RXZ1RGb2FpZ0owY0pYR01YNXBuRV9CQm5mMA?oc=5,"Wed, 09 Aug 2023 07:00:00 GMT",2026-09-23T09:29:25+09:00
GoogleNews:健康　課題　政府,健康　課題　政府,「旧姓の通称使用」にも言及 女性版骨太の方針、政府が正式決定 [高市早苗首相 自民党総裁] - asahi.com,https://news.google.com/rss/articles/CBMiZ0FVX3lxTE5ONXl6NEh6REl4UGxVUEtXYWhycGhtRlF3dUtrUFJfRm1ENEFpLUx5Sk44Nk1BZXpYaG1ET3RnTTZDdTY4NnE5VlV2aTAwUEdDb3F2Y2Y5dlMtSGRja3drQ2ZMU3VxWnM?oc=5,"Thu, 25 Jun 2026 07:00:00 GMT",2026-09-23T09:29:25+09:00
GoogleNews:健康　課題　政府,健康　課題　政府,【Weekly News】女性の健康支援モデル事業に４自治体、大学発ベンチャー過去最多6220社に ほか - ウーマンズラボ,https://news.google.com/rss/articles/CBMiVEFVX3lxTE5BUHl3bWNIVGJCakNWSE1sbDZxVFdESkJMZXh6ZmtpUzc3VkU1S0h6YkU5dnBGb1Z3N29pZmJuT0hWSFhEWkF4UnM0MFRUdmdzRGlINA?oc=5,"Mon, 15 Jun 2026 07:00:00 GMT",2026-09-23T09:29:25+09:00
GoogleNews:健康　課題　政府,健康　課題　政府,フェムテックが切り拓く女性の健康課題解決とビジネスの可能性 デジタルヘルスケアの新潮流【後編】 - PwC,https://news.google.com/rss/articles/CBMigAFBVV95cUxNZTAwd3RBdjRHZ1YzamxHMHZjUFRzZDNiNXo4X2IyVkpMc1A0eDhrakpFUUNXcVJfRWhPUXdPWEF6NXozX1k2YmEyMjczaTh5MjNaelJid0xVSjdnQk5yR0Ytakh4UHpUUjhDVDdwWW9lSW1UbUE1eGc4X0tnY2VLVw?oc=5,"Wed, 09 Oct 2024 07:00:00 GMT",2026-09-23T09:29:25+09:00
GoogleNews:健康　課題　政府,健康　課題　政府,「女性特有／男性特有の健康課題を解決」がテーマの「第２回 ジェンダード・イノベーションEXPO2024（東京ビッグサイト）」、出展検討説明会を開催します！ - PR TIMES,https://news.google.com/rss/articles/CBMiakFVX3lxTE5sNUxvM2JOOGk1VktFdjkzNEx0djZ0X3V0MkNzS3hKSXE0S3ZrNGZCdmJRU1ZfWUl1TFpHamM1RVRLTTRHZ211eWhJQ3NvajhoX2pTT05QLXIyaHFlSlprV0FrYm5FS2NNcEE?oc=5,"Wed, 18 Oct 2023 07:00:00 GMT",2026-09-23T09:29:25+09:00
GoogleNews:健康　課題　政府,健康　課題　政府,オーストラリア クイーンズランド州政府とJASHIE運営チーム （ミズノ株式会社・一般財団法人未来医療推進機構、JA NETWORK） スポーツおよび健康分野のイノベーションの促進に向け連携強化 - corp.mizuno.com,https://news.google.com/rss/articles/CBMiY0FVX3lxTFBiVnRzQVpuWTJVQnp1RVdtS3VXQXpNM2tjMG0zck9qZmViZmUxLXdwOVFjZ2FUUFh2RHZxdWpVZnlfekwzcnhOaWF5bnVscVE0Q3JBWXNpV0Zkd1BGSkJuc2hhVQ?oc=5,"Wed, 18 Mar 2026 07:00:00 GMT",2026-09-23T09:29:25+09:00
GoogleNews:健康　課題　政府,健康　課題　政府,健康経営に悩んだら導入を目的化せずに労働生産性第一で考える - 日経ビジネス電子版,https://news.google.com/rss/articles/CBMiZ0FVX3lxTE1DQmE5aG8tbjg3YXZKWUp5NGtmOUZRaXBnUDVmR01BOUdDWnV6WU50QWJaejk1Qnd4TzNRU3hOc3JiTERJak9VSFY1QlhJbVlQVHhxeGFoU2FjLTROOGNOQlZULUtraWs?oc=5,"Thu, 28 Nov 2024 08:00:00 GMT",2026-09-23T09:29:25+09:00
GoogleNews:所得　食,所得　食,米低所得層に広がる「食の困難」、消費者心理悪化の要因か＝ＮＹ連銀調査 - Reuters,https://news.google.com/rss/articles/CBMif0FVX3lxTE1mcXBnS0RGMTU0WTA3YnNjSS1VWTB4YmE5LVZ5Y1QxUWRvV0p1VW5Pd2ZzUkhiWjF1TUZiYmxmVHhjdy12bmpPc3lXZ0wwc2NnVkVZNnEyTUlkSExqTTRlYjgyNC1IbXg4dXJ5ODRGbmVZaXZZR050QkdWbThwV3c?oc=5,"Wed, 27 May 2026 07:00:00 GMT",2026-09-23T09:29:27+09:00
GoogleNews:所得　食,所得　食,JICA草の根技術協力事業「参加型フードバリューチェーンの構築を通じた所得向上」インドネシア・バリ島現地活動報告 - waseda.jp,https://news.google.com/rss/articles/CBMiYkFVX3lxTFBkeXBqZ25kaG0tdExlcU5CcWJJeFg4cWtTMFV6UmdmWG5qbE9xOWtGenNXMHNXVlpHb0ROR3YzWVY1LWxmV01mVUx6c28wdVdsVld1d1JaRGZvSnJkSjQtTW9B?oc=5,"Fri, 17 Apr 2026 07:00:00 GMT",2026-09-23T09:29:27+09:00
GoogleNews:所得　食,所得　食,"高所得者層ほど肉とスパゲッティを好む､では低所得者層は…データでわかった""収入差""による食生活の格差【2025年12月BEST】 - PRESIDENT Online（プレジデントオンライン）",https://news.google.com/rss/articles/CBMiWEFVX3lxTE5xWmlrdXZ3QUlBMkM2b09LbnNIVnppN2VvTnJNVW5KRnN6UFN5bXo2N1F3VTVVc1FROFhIZVJwaHdXUkpjclhXT0dDWkowVktkdzdESUlJOEQ?oc=5,"Sat, 10 Jan 2026 08:00:00 GMT",2026-09-23T09:29:27+09:00
GoogleNews:所得　食,所得　食,低所得者のペットフード支援、NYで初めてマムダニ市長が実現。動物保護団体は「前進」と歓迎 - ハフポスト,https://news.google.com/rss/articles/CBMilAFBVV95cUxOLXNYMjljY014MENiT2dlcEpKQm9DTmozRm5SM1pmWUQ4VDlWRzNhUzNGUXM1TldqYjJPSUIxcE9IMmE3MVV2UUxUX2FkRmdPYWljSzM0VThyZ2lWTVFLZmIzbVNtNENnUFpRc2V0bWY5dXl1OWVDYjZRUS00bV9fOTgxRjhFZHQwT0EzZ2FnZVZBWnBn?oc=5,"Tue, 07 Jul 2026 07:00:00 GMT",2026-09-23T09:29:27+09:00
GoogleNews:所得　食,所得　食,"高所得者層ほど肉とスパゲッティを好む､では低所得者層は…データでわかった""収入差""による食生活の格差【2025年12月BEST】 (PRESIDENT Online) - newspicks.com",https://news.google.com/rss/articles/CBMiWEFVX3lxTE9neE1jNWpUU19xdnpRaS1GM3Fpdi1nVXZFUUx0azVpd0g3OWRWZnV0M2kzajdQYWdaOERZNlhVZjc3cXZKMzBLQWxQeHFzLXBHcWRwTDNtQXU?oc=5,"Fri, 09 Jan 2026 08:00:00 GMT",2026-09-23T09:29:27+09:00
GoogleNews:所得　食,所得　食,バフェットは毎日コーラ5杯、大谷翔平は徹底した食事管理…成功者の「食生活」を真似する人が陥る危険な錯覚 - マイナビニュース,https://news.google.com/rss/articles/CBMiZ0FVX3lxTE9PWWN1ZTVLVjVkZmJNd29MNlhwYzM2NEt5MEFSVmNwUDRpUGlpX1JXMlpDT3pkdG5vTGwtbXl0NDQ5U2kzVXkyNm5ZczNySHVYb3REQUVXZ3VMMUk1ZTd2SGhEZkpjVmc?oc=5,"Fri, 14 Aug 2026 07:00:00 GMT",2026-09-23T09:29:27+09:00
GoogleNews:所得　食,所得　食,低所得層のマクドナルド離れが深刻に 広がるファストフード格差の真相 | 安さによる集客が困難に - クーリエ・ジャポン,https://news.google.com/rss/articles/CBMiU0FVX3lxTE5mazhCYy1xMElpVGZUZ0VUUG5WM3htblVoNWg2U01Qb1ZFWHA4eVFRcm1YWDVvamxpTnl1ckhPZElxMU9vdE1HWXRMWTFycHV3YVhZ?oc=5,"Tue, 09 Dec 2025 08:00:00 GMT",2026-09-23T09:29:27+09:00
GoogleNews:所得　食,所得　食,"高所得者層ほど肉とスパゲッティを好む､では低所得者層は…データでわかった""収入差""による食生活の格差 - PRESIDENT Online（プレジデントオンライン）",https://news.google.com/rss/articles/CBMiWEFVX3lxTE5GSEYxWmRqaVVsODFOMXJDY1QxV3hkSEMxMXB5X0xPZXhwd0FVWm1YdGItdTRURzNZWk5SLVpGaU5mMEZGZ3kzWmZsYVpBckdvVXptOS1TTEw?oc=5,"Thu, 04 Dec 2025 08:00:00 GMT",2026-09-23T09:29:27+09:00
GoogleNews:所得　食,所得　食,247. 低・中所得国における急激に変化する食の選択 - jircas.go.jp,https://news.google.com/rss/articles/CBMia0FVX3lxTE5JY05Gc0RrSFlrNjdLOFQ5bFQ3STI2QjZaTUk4ZDBuWml3YkZQSExfeGlFenpCZTB3M3JkWWNFVk13UHdnekkxYXhnanZtOTdUTTZLRW5DMi10WWFnWTBtd3Uxc05WQWoyZk84?oc=5,"Fri, 05 Mar 2021 08:00:00 GMT",2026-09-23T09:29:27+09:00
GoogleNews:所得　食,所得　食,農業者向けの「直接支払制度」とは？ - mri.co.jp,https://news.google.com/rss/articles/CBMiYkFVX3lxTE9GcFlGNzZCWjFlLXRocU15N1lxNE5ibGJNMWRZSWZFaFdkeUFUbEZ4bGMyeXBqY284MjFNQmRzVkZPZGc2MlRSdDNpQWhVb0Ffa1hwOXVJYXdvbFk3NFNXTFNB?oc=5,"Thu, 28 Nov 2024 08:00:00 GMT",2026-09-23T09:29:27+09:00
GoogleNews:所得　食,所得　食,物価高騰×給食なし――二重苦の夏休み 低所得のひとり親家庭で、子どもの食事”減”の危機 『夏休み 子どもの食を守る支援プロジェクト』始動 | 特定非営利活動法人グッドネーバーズ・ジャパンのプレスリリース - PR TIMES,https://news.google.com/rss/articles/CBMiakFVX3lxTE5jSWR2VDBrSWNXMjVQRG51UzR2Y3pEN292a1EyMHZMeTUtMmdPOFhmQUpqT1N4NlMwQnlzdzNsNWNfSEhvM0wxTHNOZUtEVUhrVjhSalREbTEzeUdKQVkwRUJ4UEFqanF6MFE?oc=5,"Wed, 16 Jul 2025 07:00:00 GMT",2026-09-23T09:29:27+09:00
GoogleNews:所得　食,所得　食,所得が低い人ほど食事の栄養バランスが悪いことが判明 :ニュース - almediaweb.jp,https://news.google.com/rss/articles/CBMiXkFVX3lxTE9MMWtqUlk0dEFvMVQyTkVxOFZ5NXg4QUg4YlExZ1ZTeTJuSU1idkp4QnFQQ0N5dFBwTFk4eDZOT1gxWFZNTXVvWHdiMXJqSTlRVVluYi1UbjFMZWgyQnc?oc=5,"Mon, 25 Jan 2016 08:00:00 GMT",2026-09-23T09:29:27+09:00
GoogleNews:所得　食,所得　食,世帯所得で違いがはっきり 不健康な食習慣と飲酒習慣 - ダイヤモンド・オンライン,https://news.google.com/rss/articles/CBMiS0FVX3lxTE05eDhxWi1QM0xSY3F1dG9LSEtQVTVtbXhoeHF1aTdNd1pyY25XM1U5NzRxNFdMR0F2YjJvcjNZa3ZIWTlTQ1NLNjZsTdIBTkFVX3lxTE5mc1o3UUp5aFduSW1ReENRWmE0ZmRjMVJTS3JMUUpXV1JRT1NvVnRQNzRXWE56bUplWmM4MnUzNFBKb0hoMGZxZmc1clZDQQ?oc=5,"Fri, 29 Jan 2016 08:00:00 GMT",2026-09-23T09:29:27+09:00
GoogleNews:所得　食,所得　食,子どもの3人に1人「1日2食以下」 低所得のひとり親家庭 給食のない夏休み【Nスタ解説】 - TBS NEWS DIG,https://news.google.com/rss/articles/CBMidEFVX3lxTE43U1lVNW9YbEc2c2YybEhBTEdlMUFnREN5WTZib3p5NnJOZ2hQM3BuYzlKZjZQNlhuM1F5NHJRQmdqbHJFaldOeTF1enNubVhMZkgwejc4ZnhNbUdqU0hIbVYyNkUtTWFlOHE0VWZ0UDEzNFkx?oc=5,"Wed, 25 Jun 2025 07:00:00 GMT",2026-09-23T09:29:27+09:00
GoogleNews:所得　食,所得　食,低所得者ほど米・パン摂取 厚労省調査、野菜・肉類は少なく - 日本経済新聞,https://news.google.com/rss/articles/CBMibEFVX3lxTE5HTjhKTXNaMFFOVjB4TERoOFlpZ0pLYjQ4VWhzTG9GQWhBeWhuWDVLZXFFUWI4OXhJUlg5RGhFS2w0eEpYZFhGVExOQ0d3eE1qZXRfcnVqZnVnQzgwYXFib01peFUzdFpoQ3ROQw?oc=5,"Thu, 10 Dec 2015 08:00:00 GMT",2026-09-23T09:29:27+09:00
GoogleNews:所得　食,所得　食,米最高裁、「フードスタンプ」全額支給命令を一時差し止め - Reuters,https://news.google.com/rss/articles/CBMihgFBVV95cUxOVkFsSS1XMGE2czVWMlU4YUg2MkJxd0tteU43MWdPaXdvN3doM2RQVDBaNTVpaEozRTN3bmx3WXNHbG93cGZWTk1nanNHbTlMak11cHR0bW44d1JsN0VMN2REaUkyWEdTVm1LOGwtN3lYaG04T0pfX2NTcFRrT084ZlMteVJjUQ?oc=5,"Fri, 07 Nov 2025 08:00:00 GMT",2026-09-23T09:29:27+09:00
GoogleNews:所得　食,所得　食,"画像 | 高所得者層ほど肉とスパゲッティを好む､では低所得者層は…データでわかった""収入差""による食生活の格差 - PRESIDENT Online（プレジデントオンライン）",https://news.google.com/rss/articles/CBMiVEFVX3lxTE5JNk1zbFZia0xMekJ5TzdScGNlOWxia0QySjBpaVJrc0JIcy1YUXZ0X0swMUI3cnlzQldUUmJibE5kcmtUeXFCbTJ5R3R3TnFWcDJwUw?oc=5,"Thu, 04 Dec 2025 11:55:02 GMT",2026-09-23T09:29:27+09:00
GoogleNews:所得　食,所得　食,461. 先進国における食生活のシフトによる地球・人類の健康の改善 - jircas.go.jp,https://news.google.com/rss/articles/CBMiZEFVX3lxTE1vS2JTbUM2M3RQdlRuRkxRZmx1Q1ozNUZQd09XY3oyaHFES1BKczRuN1U4c1hjcWd1V0gtb1BNcVd3dHZQUkVubnJkaGt1QTFsYUhUb0M1MmlybEJGYjVRWW1JTkw?oc=5,"Thu, 20 Jan 2022 08:00:00 GMT",2026-09-23T09:29:27+09:00
GoogleNews:所得　食,所得　食,1日1食の子どもも・・・ 学校給食のない長期休みに、困窮家庭で一層深刻化する食生活の実態とは？ 【フードバンクを利用するひとり親家庭への調査】 - PR TIMES,https://news.google.com/rss/articles/CBMiakFVX3lxTE1GNm8yRl9teVBkbVdEWDNiX3pmUUVzZWI2WC1yNUhZOWtRNUNyU2pmQmwxdTNZUlEzbmhFV0swQkxKbnhMLU04d0NpRHBxYWZBMFAtVllCanlHWGZkLWJidHlZREVBMVY2Y2c?oc=5,"Tue, 25 Jun 2024 07:00:00 GMT",2026-09-23T09:29:27+09:00
GoogleNews:所得　食,所得　食,食事療養標準負担額を引上げ、住民税非課税世帯は20円・低所得Ⅰは10円（2024年1月19日） - 社会保険研究所,https://news.google.com/rss/articles/CBMiU0FVX3lxTE1WNkstcW5TVjBoSFpZTFVUYzR6M3dlQUNqd3UwdzJmYmwxY1FUTlBvLUZqT0xzUlhLM0tBWXRDWFFfNjdpMWhZVzdzcFJjcVBab1R3?oc=5,"Mon, 22 Jan 2024 08:00:00 GMT",2026-09-23T09:29:27+09:00
GoogleNews:所得　食,所得　食,コメ農家が赤字でもコメを作り続ける理由食料安全保障と農業のキホンの「キ」（4） | 食料安全保障と農業のキホンの「キ」 - mri.co.jp,https://news.google.com/rss/articles/CBMiYkFVX3lxTE16Q1k4SG9USnItdkJaanNHcEQxM2k3WVpuNWhVSGhVLTh2UE81TUluUkxVLThoT1ZvT01WQ1E4aUgxVTQxOU5GalBEcDNkYWV0MkJlZmh6T0VxWHNYT29GQjZR?oc=5,"Wed, 12 Jul 2023 07:00:00 GMT",2026-09-23T09:29:27+09:00
GoogleNews:所得　食,所得　食,給食のない夏休み、貧困家庭を圧迫 子どもの空腹救う「食」のバトン、想定超える需要 - asahi.com,https://news.google.com/rss/articles/CBMiVkFVX3lxTE82aFltd1ZhVlBBYnptTmZla2NPQWZDbUJsR0Y1OExlU0VUbXo0bGVUczJRSXdGcmhFMHMtX1Q1dWgxRmJjdVE1eDFkM2pYeWpOT0RWcGZB?oc=5,"Tue, 19 Aug 2025 07:00:00 GMT",2026-09-23T09:29:27+09:00
GoogleNews:所得　食,所得　食,JICA草の根技術協力事業「参加型フードバリューチェーンの構築を通じた所得向上」インドネシア・バリ島現地活動報告（vol.2） - waseda.jp,https://news.google.com/rss/articles/CBMiYkFVX3lxTE1kcDdGUW9BelhTMkg5SFg5RlB4ejN5SGlseTdXemJySnpiNU9kUVZxV3Y5ZklXMWNwWENhdlJlNXNxSUdSTUt0OUxrRlZyOE1sODVJUmVWOVRTSkxBX2s2M3JB?oc=5,"Wed, 01 Jul 2026 07:00:00 GMT",2026-09-23T09:29:27+09:00
GoogleNews:所得　食,所得　食,明石家さんま、食生活を共演者が告白「高額所得者やのに…」 健康の秘訣も明かす - ENCOUNT,https://news.google.com/rss/articles/CBMiT0FVX3lxTE9MRGs5MU9IWk0xTm4yRFl0QVlDdFRYQVBjNzNxTVVSQV9DTnlEWGJYYlJCT1Z4NDBhQzRWNkZMUE5TWDBmQU5lN252U2d2Nlk?oc=5,"Sun, 26 Oct 2025 07:00:00 GMT",2026-09-23T09:29:27+09:00
GoogleNews:所得　食,所得　食,“やせ薬”が流行する米国で低所得層へ拡大した機能性食品市場 ファイゲンバーム裕香 - 週刊エコノミスト Online,https://news.google.com/rss/articles/CBMif0FVX3lxTE9Id29fSy1qUVJvUEJOU2VYMG5Bc2VaSDFvdXpWejdFSk9wYllUMzVlZEpWR1VwUzRlbXI1QW9JOE0zQnBVR2RDbXpRQTVwS2JhdUlVbkhzZHZrTnZYcmNlaTZHODRsbXNDUTZJakkwU3RFNEpkaGFGM2FKNENIXzA?oc=5,"Mon, 20 Apr 2026 07:00:00 GMT",2026-09-23T09:29:27+09:00
GoogleNews:所得　食,所得　食,低所得が「食」「育児」直撃―子どもの貧困の実相（上） - nippon.com,https://news.google.com/rss/articles/CBMiVEFVX3lxTFBFSzY5cGpHTi1SMGlwNlpEbWJmZlJIWExPbjZlcFpTSEczUmFkVWZRMDUzVkdPME1TUERELThFVXNMOUVqWjljZ3NERldFWDVRVVJ6Ug?oc=5,"Wed, 16 Oct 2019 07:00:00 GMT",2026-09-23T09:29:27+09:00
GoogleNews:所得　食,所得　食,"米、肉・魚、野菜の購入「経済的に困難」9割 物価上昇で 食事量・栄養足りず「子どもの成長への影響心配」【フードバンクを利用するひとり親家庭2,000名超による回答】 - PR TIMES",https://news.google.com/rss/articles/CBMiakFVX3lxTE4zV1dOZ2dtM1JwNmlrS0hqTUNhUmV1ZEdwQVM1b0RnSjRrbkd0TTV1UWMxTE5kUlFUOE9CdjgwakI4b0dMMTVKMURkVTdpU1JhcWZZT1ZXYjRucUtTd1JaRF9vYWp5a3QwNVE?oc=5,"Tue, 25 Mar 2025 07:00:00 GMT",2026-09-23T09:29:27+09:00
GoogleNews:所得　食,所得　食,長期休みに子どもの「孤食」深刻化――欠食につながるリスクも 分析で浮かび上がった、“孤食を生み出す社会の構造”とは【ひとり親家庭調査】 | 特定非営利活動法人グッドネーバーズ・ジャパンのプレスリリース - PR TIMES,https://news.google.com/rss/articles/CBMiakFVX3lxTE5pRTVmTU5WY2g0SlZxMGR4dlFsZl82MVZRWlZlVkRmQVB4WTY3QXQyQURvTHo5bV92SmF2blZYSVVwOXBibi1VMkRweHJBcGJES3Y3ZVB0RUlzQVhodDlGOEptZ3F6NEFSUHc?oc=5,"Thu, 02 Jul 2026 07:00:00 GMT",2026-09-23T09:29:27+09:00
GoogleNews:所得　食,所得　食,夏休み 子どもに昼食提供/愛知 みよし市 全国初 １食３５０円で | しんぶん赤旗 - jcp.or.jp,https://news.google.com/rss/articles/CBMidEFVX3lxTE9nQ3d1d1U3NVh3ZHVCV3NVUGFkSGlYTXAxbTZGSzJLY19LOW91Unh2M2IyNzBPTXhvb2d6VWpiUHRZT2ZfSFBxdHlZSXFOQnZBcXl2ZmtfUlFOMXlES0F2cEptM1VONXB2OW9DQkdmR1M1SFJx?oc=5,"Fri, 29 May 2026 07:00:00 GMT",2026-09-23T09:29:27+09:00
GoogleNews:所得　食,所得　食,平成30年 国民健康・栄養調査（2）身体状況、および所得と生活習慣の関連 - sndj-web.jp,https://news.google.com/rss/articles/CBMiS0FVX3lxTE1Hcl9GZnRfUnhVUWk2MVRjZEo1bUpoSlBLZWNwTGFtNTkxcHlTa2g2OENGZVN1WjZLMmNhZUF3bnNfUkozUnYxUHpGSQ?oc=5,"Tue, 21 Jan 2020 08:00:00 GMT",2026-09-23T09:29:27+09:00
GoogleNews:所得　食,所得　食,［韓国発 食と農のいま］国民参加型予算 過去最高に 動物福祉に所得補填 - 日本農業新聞,https://news.google.com/rss/articles/CBMiV0FVX3lxTFBfQnpjQS10M1F5UEVuOXBqLUxrU1BOS2J2VVM5ZHNpVDRabUYwRFZ6dnV1eGROZU10djNzX00wa19udGh1VU5NTVV5T2Zwejh4eDFvQUZOVQ?oc=5,"Mon, 21 Sep 2026 11:13:14 GMT",2026-09-23T09:29:27+09:00
GoogleNews:所得　食,所得　食,高所得国での非喫煙者の肺がん、よく料理する人ほどリスク高い？｜CareNet.com - CareNet.com,https://news.google.com/rss/articles/CBMiX0FVX3lxTE8xTGg4QXNUUi1JTlQwSXgxZkhldWM3MEM0enpSUlZjZ2VxcXNCYmkzZEY5TDV6VG1ZbW16SzFXSWpvcGFsd2wxR2phUFh6SFBtSFQ3QW5vM21XYTgwQlln?oc=5,"Wed, 02 Jul 2025 07:00:00 GMT",2026-09-23T09:29:27+09:00
GoogleNews:所得　食,所得　食,給食のない夏休み 「1日2食以下」の子どもは低所得ひとり親家庭の3人に1人 コメの価格高騰で「お腹が満たせなく」 - TBS NEWS DIG,https://news.google.com/rss/articles/CBMiV0FVX3lxTE9RRG55ZkdMWmYtZmtDVDk2dTBJSWQ2WF80bHl2R1JEWHNZRTV1d2IwQTQ5WDVIT0xYQnd3V29mdzZWNW54Zm80RzRlYlFHdmtfbHpMQ3BVQQ?oc=5,"Wed, 25 Jun 2025 07:00:00 GMT",2026-09-23T09:29:27+09:00
GoogleNews:所得　食,所得　食,低所得世帯の食事は「主食頼み」、満腹より栄養に注目を - ダイヤモンド・オンライン,https://news.google.com/rss/articles/CBMiTEFVX3lxTE9ndGRlVF9rbEhNR0Nfa2VQZmhyZUJhamF5Qkt0SklYSGh0ZWpOV2FPOWZjVDk3Z3dFM3lWTXJSZ0htZHA5dy1DOFpKeG_SAU9BVV95cUxQOTlxUzBRTTBkR2RtcXRPeTllYmpYNWlpRFJicW9SWUcyT1F4Vm40LU9oLWxGWDB4QzltdTNydGxmX2I5MkVQMHpMTEtMZ1lB?oc=5,"Fri, 26 May 2017 07:00:00 GMT",2026-09-23T09:29:27+09:00
GoogleNews:所得　食,所得　食,価格保障と所得補償を/高知 食と農を考えるつどい/紙参院議員と白川予定候補迎え - jcp.or.jp,https://news.google.com/rss/articles/CBMidkFVX3lxTE5iTjdhUmNkR1ItNUJBMXR6M3lCX1Y1VnUzSFh2Z3otZlMzcjFOOHVSS3dROTRpQjFRLWEzUElPeUlxbDA1Yng2cXJqcHRRVThzMkU3QWxLbzEwdndUUG9FcU5ENkV4MzVkdE43algxUFNxQ3NRS0E?oc=5,"Tue, 15 Apr 2025 07:00:00 GMT",2026-09-23T09:29:27+09:00
GoogleNews:所得　食,所得　食,入院時の食事に係る患者負担を2025年度から「20円」アップ、ただし低所得者では「10円増」「据え置き」の配慮―厚労省 - GemMed,https://news.google.com/rss/articles/CBMiSEFVX3lxTE9jR2NNSDNneUpSOWwtLVdBSUdEZU91UnJ6bEl5OWlGeklJdExXZUlEbl85OVJzaHRnMUd5YXlZNkg4Y19sdmN3eQ?oc=5,"Mon, 06 Jan 2025 08:00:00 GMT",2026-09-23T09:29:27+09:00
GoogleNews:所得　食,所得　食,廃棄される食品で低所得者層を支援 マレーシア政府が推進するフードバンク活動 (2ページ目) | 未来コトハジメ - 日経BP,https://news.google.com/rss/articles/CBMickFVX3lxTE9DTXZhck9IX1cxYWJTSzFvUm5hZlF5TDViQjFQdUZfQklmR1pCbXFLSjNGbS1BUFBjeXN4ZWpDbUE2UzlkTVNCNExqckZNLXcwQl9yU2VGeXRoSVBvdVNnaHZ1ZVJSejNzNllhVV93LTJjZw?oc=5,"Tue, 20 Jul 2021 07:00:00 GMT",2026-09-23T09:29:27+09:00
GoogleNews:所得　食,所得　食,【休日に3倍増える「1日2食以下」の子どもたち】続く物価高、「食」が奪われていく家庭の実態を調査：フードバンク利用のひとり親家庭アンケート | 特定非営利活動法人グッドネーバーズ・ジャパンのプレスリリース - PR TIMES,https://news.google.com/rss/articles/CBMiakFVX3lxTFA4bFZCOGNYOVEybzl3NS16T1lKTUJ6emVVY2d3eXhrR1hTeURLRnZwMm9Renh4dmREcllzZlhjNENET1I2RW1SVDN0TktIOFhzVm5JSEg5alY0UXJreFp0TzI3X0NHWko2MUE?oc=5,"Tue, 14 Apr 2026 07:00:00 GMT",2026-09-23T09:29:27+09:00
GoogleNews:所得　食,所得　食,出店により“都市に豊かな食生活を届け”、“産地の所得向上”に。都市型八百屋「旬八青果店」が連続出店します！ - PR TIMES,https://news.google.com/rss/articles/CBMiakFVX3lxTE9SNVY4R3p3QmROT0tYOUM5VGpuM0RxU3oxNWhNSUxVYkw2T0pXbDJnTENyVFh5SFpMQ0NIeGwxOWo3b2gzU3F2d2RzbXc3X2hkcjJWbDdFNjhmeHZqMEstSE5KalNhV0cwd1E?oc=5,"Fri, 01 Mar 2024 08:00:00 GMT",2026-09-23T09:29:27+09:00
GoogleNews:所得　食,所得　食,「230円の社食も高い」 当事者が語る、“今起きている”貧困の実態 フルタイム就労でも低収入、食を諦める母――困窮する親子の暮らしとは？ 【ひとり親家庭の声】 - PR TIMES,https://news.google.com/rss/articles/CBMiakFVX3lxTE5ka1NTZmVfSmVhQ2FjeU53TVM5WmdOV2JoNWFsaE5fOEg2dWJPNGE2Q1FFNEJ5SXV3S1B0Szdldk5LZ21BNnFGdFo3VkxPeE1kUklpVXFfZjhoTndRSVQzb2R1WG9LdHQ1a1E?oc=5,"Thu, 22 May 2025 07:00:00 GMT",2026-09-23T09:29:27+09:00
GoogleNews:所得　食,所得　食,「フードスタンプ」来月1日から給付停止の方針 市民に不安広がる アメリカ（2025年10月30日掲載）｜日テレNEWS NNN - 日テレNEWS NNN,https://news.google.com/rss/articles/CBMihAFBVV95cUxNLTNwU2lyTVNKNkxwYjBkclBOVElSM2h1Z1B3MU1KaFhSbUtRYndCY2JxRlVxMUd6dHhkMkdXZHNEYzg2bm1NV0cwM3E1Wnk3WFhYelpsdEk0dlY3VGlfdmdYQmszZ1Nad2hPbW04Y2VvUHlTWl93YWk1Unh0dFlsUFd2OEI?oc=5,"Thu, 30 Oct 2025 07:00:00 GMT",2026-09-23T09:29:27+09:00
GoogleNews:所得　食,所得　食,"所得の割に食にこだわる｢エンゲル係数の高い県民｣が不思議と好む､米でも麺でもない割高な""粉もの料理"" - PRESIDENT Online（プレジデントオンライン）",https://news.google.com/rss/articles/CBMiV0FVX3lxTE1hR2NxX1NmY0trT1p6azdmQS00TGVPcmkyQWF5bEo2aTRrOUk2OUZPYk1uUGM5YWZTY0ZvODFRMXJDel9jZjhKNWU4QjN1WDd1cUlrNzEzWQ?oc=5,"Tue, 12 Jul 2022 07:00:00 GMT",2026-09-23T09:29:27+09:00
GoogleNews:所得　食,所得　食,入院時の食費、1食当たり30円アップへ - 日経メディカル,https://news.google.com/rss/articles/CBMif0FVX3lxTE9Ra0tVdkNLcUZYU0RvQ3NQU01mTWZkRFoxdF9sQU5NcFlkR3RZMEQ2ZjlpdW8zdFpWN25BMHlTR1JxY2hDc2ZuZExBdU83cEt0X1BLTHJhS1BxUlFHRWdMTWphekFUT0doRTI1VDdUVm04TWVlWEV4aW9mM0g1M1U?oc=5,"Mon, 11 Dec 2023 08:00:00 GMT",2026-09-23T09:29:27+09:00
GoogleNews:所得　食,所得　食,食を通じてひとり親家庭を支える、食品支援ボランティア募集【近畿・九州】 ～低所得のひとり親家庭に向けたフードバンク「グッドごはん」～ | 特定非営利活動法人グッドネーバーズ・ジャパンのプレスリリース - PR TIMES,https://news.google.com/rss/articles/CBMiakFVX3lxTE1fbGU5V2sxbVNGWEFhUzcxNDd4STJ3UmJDblZQOXZXY0xGQkJJNE1idVdHVW1MOW9xRHREbHkwWDl2by1NT3AyV1hPVXVmMW9rSHBVWmJQRWJaSmVFVUJYSGdfLXhLWmxUUVE?oc=5,"Thu, 27 Mar 2025 07:00:00 GMT",2026-09-23T09:29:27+09:00
GoogleNews:所得　食,所得　食,低所得が糖尿病リスクに 1.2〜1.4倍の格差 ストレスや就労困難が原因か？｜ニュース - dm-net.co.jp,https://news.google.com/rss/articles/CBMiWEFVX3lxTE5iOTJPS0dTUlo5RU9mdVJyWmw5T2IzSUF3dU4xOEVnOFJ2Ri1rWC1WLWVjUnNkZmkxbUFWZVZYRHBaYzZQQ2c0TDg1X1FNQ3RmY0FpWkZnVi0?oc=5,"Wed, 13 Feb 2019 08:00:00 GMT",2026-09-23T09:29:27+09:00
GoogleNews:所得　食,所得　食,令和の百姓一揆 「食と農と命を大事にする国へ」 農家の所得補償求め、トラクター先頭に4500人が都内をデモ行進 - 長周新聞,https://news.google.com/rss/articles/CBMiVEFVX3lxTFBaTVBSSFVSZnlPNk1nTEk4NHVhWS00QVExZDlWS3gwVmxqSXFJTURYUTdhRVBremFFbUQyQ0M3RkFSdmZ1RjR0NnJ0NDVPYUYwTDVfVQ?oc=5,"Wed, 09 Apr 2025 07:00:00 GMT",2026-09-23T09:29:27+09:00
GoogleNews:所得　食,所得　食,所得に比べ幸福度低い韓国人…１日２食は「ひとり」、隣人も「信頼できない」 : 文化 - ハンギョレ新聞,https://news.google.com/rss/articles/CBMiXEFVX3lxTE90bkszTFFaUGlJTmtEVGlKbkVyV053UkgwUEJqanVLSlF3NU1UM2tpRVZ6Sm05QlhrSkNqMTNqeDFPa3UxZ1FYazNiUkNtUEhIVmd4MmpuaUIwZExS?oc=5,"Tue, 25 Mar 2025 07:00:00 GMT",2026-09-23T09:29:27+09:00
GoogleNews:所得　食,所得　食,世帯収入、200万円未満が2.5ポイント増 「衣.食」の確保難しく、病院受診も抑制＜2022年度沖縄子ども調査＞ - ryukyushimpo.jp,https://news.google.com/rss/articles/CBMiW0FVX3lxTE95ZU1zOGMyZ0IxWUpxRVgwb2FJNWFaaEVwS3pkcmlXaUNyYUt2YjBfdHpDOGhZWUpjcVYxdnNLVHkyU3JTOVF4ZmcxMlZsZUFpVXFQaElzVHdXNjg?oc=5,"Fri, 09 Jun 2023 07:00:00 GMT",2026-09-23T09:29:27+09:00
GoogleNews:所得　食,所得　食,栄養改善と収入向上を試みる、ラオスにおける「昆虫食」のあるべき姿 - JBpress,https://news.google.com/rss/articles/CBMiVkFVX3lxTE0yeFFVRlNLdmxZX0RJRW0zSUh5a1pzdjhhRjlYZVoxS040blotTGt0TXBOUmtFMk15YTlFcjRJYzZwbk9HMDVzQ0R6Yk5YbjdTYlJDWHFB?oc=5,"Wed, 14 Jun 2023 07:00:00 GMT",2026-09-23T09:29:27+09:00
GoogleNews:所得　食,所得　食,所得と野菜を食べる量の悲しい関係、野菜マーケットはいまや「局地戦」へ 味の社会学（第6回）(1/4) - JBpress,https://news.google.com/rss/articles/CBMiVkFVX3lxTFBBV0hOaUtlZVFvZU5PVUFsTWlpeURXY0YyRlFqaW96dGVnd2hHNUVBU3ZkN0kzRG1JcTl3QVhiRk1VbnRTVlV0NzN1djNFdEVrSUJtVE13?oc=5,"Wed, 26 Feb 2014 08:00:00 GMT",2026-09-23T09:29:27+09:00
GoogleNews:所得　食,所得　食,「健康的な食品」の価格は「不健康な食品」の2倍以上！英国の調査で発覚 - Women's Health,https://news.google.com/rss/articles/CBMisgFBVV95cUxNUkJVYUFTc1VhMUw3WHdpdmM2MXc4YjhaMW14N2VxOHV4TVZROVhWZGp1ODE0QWRHVlhpbS1hWnloZnJNUXdFelhzN2hyLW1xdkdpTGg1NkFJa0dhTTVSc2MtRzhTZlo4VGppWUMyS0VpZzVnSWZUM1hNc0hzUkdISGlyckFRc0o3X21MWkZMY2VRa1cwY3RtUVJqUk1TbHliLUVfaGZVMGNtMXpha0JmV2Rn?oc=5,"Fri, 21 Feb 2025 08:00:00 GMT",2026-09-23T09:29:27+09:00
GoogleNews:所得　食,所得　食,所得が高くなると健康投資が増える？－高血圧診断が食生活に与える影響をもとに 小西萌 助教 （2011年4月当時） - waseda.jp,https://news.google.com/rss/articles/CBMiYkFVX3lxTE9iMmUzSWpFcVdOOXdqM0dXbGJJZEJEc0p5QzVkNjNyR0FwWk1qb3ZGTjFnSklWQ2hsdkU2U1pkNkNtYVVnRG0tRnNyNFhMZ2dRLXlWa1lvYU9ISGtuNFYwcWFB?oc=5,"Sun, 17 Apr 2011 07:00:00 GMT",2026-09-23T09:29:27+09:00
GoogleNews:所得　食,所得　食,【新型コロナ】ひとり親家庭への収入と食への影響を5月と9月に調査。子どもに食べさせるため食事を減らす親が増加 - PR TIMES,https://news.google.com/rss/articles/CBMiakFVX3lxTE9BcWM5cE80V1RwaXJIZjAtZ2dFT3lYTjlkS2ROMzRmLW1hOHY5QUlUZW1WVndKU3B0MTgyM1JEZjFQY1NDT3g1c0JPeFFMU2lMY3A1QlQ1UVkwYTV6dktJei1xQTdsQXBUZ3c?oc=5,"Tue, 20 Oct 2020 07:00:00 GMT",2026-09-23T09:29:27+09:00
GoogleNews:所得　食,所得　食,【動画あり】世界一の経済大国アメリカに広がる「食の砂漠」 生鮮食品入手できない貧困層 - 東京新聞,https://news.google.com/rss/articles/CBMiUkFVX3lxTE9zc3J3anEwVTljRUdFclZNMnFSV0IwUEZMM2pJUjBkVXpxYlFnZl9TS21VdzBRX1hEU2RsOVNhXzZqTC1YY2xLc0xKdEpvWVBSc3c?oc=5,"Thu, 24 Dec 2020 08:00:00 GMT",2026-09-23T09:29:27+09:00
GoogleNews:所得　食,所得　食,ネスレ、低所得国のベビーフードに大量の砂糖添加 - SWI swissinfo.ch,https://news.google.com/rss/articles/CBMioANBVV95cUxOWDJFM0xjRmdzRTVTOG1oMEdTYnlMVG52cEU5LUNBWnFHUl8tLTA2bkhNZFZQYUpfbUxVOVpiVzh5NWE2NzJBaWZCS0hXaEZLc0VadlFBaUVVSnQ3aVRYNUs3MkhuVnJWNk1ENmRSU2pXZlVFQWZVZnZLaEx4aVNCODdmWEJoV3MtRGpqYW9nM09aYm9BZVJ5d2ZNNHBFdXp5NWplN1lfN085clpKTXd3MXItUy1mSGlKSURJY0MyVGhaQjYzemNJb3ppakdQWW10cE9TRUctZFo1eFFvSnlRZEkwT0dFd2Z6czhRR0hoYTJJSlVyZEZDSWRmbC1oMUhIbXlqenhSV00teUVFb1VLLTFXcExkMkxiTk5BRmhTRjI3UDFNRUJxekc1MW9zT1h4RjJmWUhzUWNHN0RVZTRIMmM1RTBEOGRyUDNrQ0hZYXVsZWYwb1haVzBBVXAwcW1fV2k3elhmeUNweGJnUl9kMXJyVm1GUDFyMmozdjRYU3FqaFByTlV5TDBFQlBJUVIweW00Ynl0R0hxNTJJNVBDaQ?oc=5,"Fri, 31 May 2024 07:00:00 GMT",2026-09-23T09:29:27+09:00
GoogleNews:所得　食,所得　食,猛暑でもエアコンを使えない、食費は1食110円以下…物価高が招く子育て世帯の困窮 - 現代ビジネス,https://news.google.com/rss/articles/CBMiWEFVX3lxTE5QYmYtRVZSMHhFSmh5VTBKZEJYRHpsUm1laWFKWmxLUVNRSy1UUFpPSXg4allKNEVPTWZRZ3NTT0FjRGE2cHpXeFd1bXY1SU5lU3lnMjV0YUw?oc=5,"Wed, 19 Jul 2023 07:00:00 GMT",2026-09-23T09:29:27+09:00
GoogleNews:所得　食,所得　食,預金残高は6268円、あと1週間は収入ゼロ 物価高で1日2食に 通路の電灯を頼りに料理 - okinawatimes.co.jp,https://news.google.com/rss/articles/CBMiXkFVX3lxTFBiOV9yYldpTDE3eVhUNHVaVE1qS3JQT1NOUWxhTFdreGdFSjZ1bHRPQWpHNWcwTy1qQVkzb21VVUprOU5GeXBIMy1UaERrcm1lbjl6VEFITTVHZWExVlE?oc=5,"Thu, 09 Mar 2023 08:00:00 GMT",2026-09-23T09:29:27+09:00
GoogleNews:所得　食,所得　食,【新型コロナ】ひとり親家庭の収入と食、子どもへの影響を東京と大阪で調査。 - PR TIMES,https://news.google.com/rss/articles/CBMiakFVX3lxTE9aTmQ4dWJZV2NlUGNLSzRxLVh0eDlKbHVRQWtJZXNOUHU5QnEwQXRwQ2FuV0pYTThfdlJoVW5VQ2poX2xxVkxheXFSTFE2Mk54d0l2c2RGRFQ5TWtQLXo4ZTZBYWhaZ2pCaVE?oc=5,"Thu, 24 Dec 2020 08:00:00 GMT",2026-09-23T09:29:27+09:00
GoogleNews:所得　食,所得　食,「1日4ドルで作れる」低所得者向け料理本、米国で大ヒット - ナショナルジオグラフィック日本版,https://news.google.com/rss/articles/CBMiakFVX3lxTE8zVmQwT1VyZDNsOVpnS3JZS01UdEFQaTQxMWpDY0xtbjNqV19XdVpfNlBaWExaakZnRjZuTktDYnpBVXNkR2dUTlFHVVhFbHd5ajd4eFM3Z2Z4ZXhqMXMxRXNsaVVaa2pWdkE?oc=5,"Tue, 26 Aug 2014 07:00:00 GMT",2026-09-23T09:29:27+09:00
GoogleNews:所得　食,所得　食,ネスレはどのようにして低所得国の子どもたちを砂糖漬けにするのか - GIGAZINE,https://news.google.com/rss/articles/CBMiaEFVX3lxTFAtSzcwekh3YTRVUUEtYVJZaWZ0b3lTYVRGSDdwLWwwbWMzTTJ4UU9wOFBYRV95WUQ1S1lwU0VXcDNDSFJQRkhidDdHODQ1aTBxcUFRTkEzVFdOQzc1dTZaNmtidUQxcTIy?oc=5,"Tue, 23 Apr 2024 07:00:00 GMT",2026-09-23T09:29:27+09:00
GoogleNews:所得　暮らし,所得　暮らし,物価高・増えない手取りに追い詰められる暮らし――ひとり親家庭アンケート 生活は“工夫”ではなく“犠牲”の段階へ【当事者の声】 - PR TIMES,https://news.google.com/rss/articles/CBMiakFVX3lxTE1tcnNsSlNiZkxJWnM3OUxXNGRlT2xMOEhJMDUwcERDZ0FCS01yNEpzUHlvVWFPNTNGTlBpOC1ZX20yc0x2LUdwWXlkNVMtYTNxZUYxMnI2eGdzLW1vWExRWHZMNmlWTjRvNGc?oc=5,"Tue, 24 Mar 2026 07:00:00 GMT",2026-09-23T09:29:29+09:00
GoogleNews:所得　暮らし,所得　暮らし,37歳の私は、年収4400万円で都会暮らし。それでもFIREのために、収入の半分以上を貯蓄しようとしている - businessinsider.jp,https://news.google.com/rss/articles/CBMiqAFBVV95cUxQV1JGOGRxeVhJRldQNGZOcDQzVC1LbzNDVW95X2F5SVVBVFg0Ml9kcEcxN0x1OEtQWFNOVWVfcEE1el9UZ3VyZzUtWEhHakhlOWFZY3U3OTVxMll0VVEteHRrcm9BdV9Fb0FaRy1UR0c3dnQ4RFpHdmFxd2JfLWFlZVNhN1pPY3VUTGZYRGlISzR6WG1xY0tGVk9pOHU0c0hyX2VBRHd0M1A?oc=5,"Sat, 20 Jun 2026 07:00:00 GMT",2026-09-23T09:29:29+09:00
GoogleNews:所得　暮らし,所得　暮らし,高齢者が暮らしやすい県はどこか、高齢者夫婦の年間収入から調べてみた（斉藤徹） - エキスパート - Yahoo!ニュース,https://news.google.com/rss/articles/CBMiiAFBVV95cUxNbHpuSjQ3VU1TUEg2bXdSeFp2aGdKQTBrcFlIa20tR1p2RzNMamxLN2tObXJzMFMzOWhocmNhaTZvbGxGVXYyQ25XU1U3eW1sZnI1bkxQY2pNZ0ZSLVc5ck9xR3g3TjlVanFBalhQbTZHY3FjQU05eVdfaUhNQlFRWHVxUnhheDFE?oc=5,"Thu, 02 Jul 2026 07:00:00 GMT",2026-09-23T09:29:29+09:00
GoogleNews:所得　暮らし,所得　暮らし,【年金暮らしの人】住民税が非課税になるのは年金収入155万円以下、扶養1人なら211万円以下。非課税世帯が対象になる給付金や医療費の上限もあわせて確認します - LIMO | くらしとお金の経済メディア,https://news.google.com/rss/articles/CBMiTEFVX3lxTFBjcEVoNzBiYVJRTEpWR0pBc0x0b2hnTGJHZWlKa0dBc2MxMHprbmIyOTM2VVdRUFRYR2t3cHB1anZCbzRhbHhaOHdnLWw?oc=5,"Wed, 02 Sep 2026 07:00:00 GMT",2026-09-23T09:29:29+09:00
GoogleNews:所得　暮らし,所得　暮らし,"低収入･実家暮らし…前途多難のなかでも｢結婚したい！｣32歳彼を変えた""婚活の力""【久保さん×植草さん対談:後編】 - toyokeizai.net",https://news.google.com/rss/articles/CBMiUkFVX3lxTE1jcm1JQ3U2VkU5VlhKblI5RTRGLW4zckthY3RjSmZyeW1KLWMwdk5UaXl1b1BjVUU0cWxLZEhsQ0p4RmJiMGJ1SXE4LU9xZFFTNkE?oc=5,"Sun, 29 Mar 2026 07:00:00 GMT",2026-09-23T09:29:29+09:00
GoogleNews:所得　暮らし,所得　暮らし,"「祖母は賃貸収入だけで暮らしています」〈家賃収入3,900万円〉74歳祖母…30歳孫娘が選んだ〈意外な道〉 - ゴールドオンライン",https://news.google.com/rss/articles/CBMiUkFVX3lxTE5LcXNQQjZQb3Q5U3ZuelA1ckF2NmtrcVEwNEFwaHpDOFA0aEloVWM3MDBTU0ppZGxjeFhtR09keG0zaURJblJ3WFVYVURsUmxjVEE?oc=5,"Fri, 13 Mar 2026 07:00:00 GMT",2026-09-23T09:29:29+09:00
GoogleNews:所得　暮らし,所得　暮らし,労働収入6万円「仕事のストレスを思えば今の方が相当楽」39歳男性の住民税非課税世帯の暮らし - All About（オールアバウト）,https://news.google.com/rss/articles/CBMiTEFVX3lxTE9tMmdydXBSUF96amdJelRXQjNmNkNYUVcxRVVjRlFRV0paUTBHRWYwYmZ3SkJNSXp2M1Q3V2gtcUFha2JqNjhRQ1VvRzA?oc=5,"Mon, 11 May 2026 07:00:00 GMT",2026-09-23T09:29:29+09:00
GoogleNews:所得　暮らし,所得　暮らし,宮崎県民所得が過去最高269万円に！それでも暮らしが楽にならない理由｜ほんみや宮崎 - ほんみや宮崎,https://news.google.com/rss/articles/CBMikwFBVV95cUxQUnRjNEFWTGcya0R4eko1bkJSZTR5Q1lpVVREUzkzNHc2N3E4SjVod0EtakdoaXJ2VEoxelBPV3VFV0hDUGYyZVA2SURnM19Tb3d0V3BWQjFuX2F3WEx2MUZqNnROVGxpSW41R3hRejdKOHU5TEtrQ1ZicW5Pa2FBR1Yyd3R1RzgyY29ZOXhFWHR0Wlk?oc=5,"Thu, 12 Mar 2026 07:00:00 GMT",2026-09-23T09:29:29+09:00
GoogleNews:所得　暮らし,所得　暮らし,東京23区の暮らしが極めて苛酷になったわけ 「経済的豊かさ」は東京が全国で圧倒的な最下位だ（中原圭介） - エキスパート - Yahoo!ニュース,https://news.google.com/rss/articles/CBMiiAFBVV95cUxPN29LS2lMa09tREJYRjQ0Q2NzZzhMMWxHeVpTNGpiNi1Fam1ob0JfenNxTkVyaWZtc004MmVzQjJ4YlNnb1Z3ZFNYdGlUdXVKbGZOUlpvbURXUFl6SkRUWlFpSi02ak9nSDB3Tm9NTGNXN2NkRDJkcGcwblhvSG93WkpIQXQyUk4t?oc=5,"Fri, 05 Jun 2026 07:00:00 GMT",2026-09-23T09:29:29+09:00
GoogleNews:所得　暮らし,所得　暮らし,「老人福祉医療費助成制度」「ひとり暮らし高齢寡婦福祉医療費助成制度」の対象者のみなさまへ - pref.shiga.lg.jp,https://news.google.com/rss/articles/CBMiV0FVX3lxTFBzN0Jzd0V6amlrN2NDalE3UnVnTFA0Zkt0MVBSczlsR3RsbTd2RzhwaWM2TW5SeHdVQ3RaMWdva3JHdDlFOGpKSmlPc0JVaWl6amRiTHlzZw?oc=5,"Fri, 31 Jul 2026 07:00:00 GMT",2026-09-23T09:29:29+09:00
GoogleNews:所得　暮らし,所得　暮らし,ディスカッションペーパー25-03「中間層の暮らし向きは案外良くない」 - jil.go.jp,https://news.google.com/rss/articles/CBMiakFVX3lxTE45WlM5TWFnbnN4U0ZnQzdVTkRxdFJINGtaWlhhV0pQaWY0ZFRvRTQ0N2tZUmNYMFNTeExEcVRKdFVOUWNwOEhMZEpZc0hINmYyZ0VxV0NxWmc5TWJnUFBacFA1TnBvc2hCLWc?oc=5,"Wed, 19 Mar 2025 07:00:00 GMT",2026-09-23T09:29:29+09:00
GoogleNews:所得　暮らし,所得　暮らし,物価高から国民の暮らしを守る令和6年度補正・7年度予算 あらゆる政策総動員で可処分所得を増やす | お知らせ | ニュース - jimin.jp,https://news.google.com/rss/articles/CBMiXkFVX3lxTE5qSkFyUlMycENWTDZQbEpLNzZCNnlFVDU3LWM2UDJwQ0ZRWDJFQ3lIdV8zWlk0QldyOEQ4OHBFVmZpUGtEWTJxa0FPX3ZJNDdoVWw3MXl3cEJ6Y1R4SHc?oc=5,"Wed, 30 Apr 2025 07:00:00 GMT",2026-09-23T09:29:29+09:00
GoogleNews:所得　暮らし,所得　暮らし,"「お正月どころではない」――年末年始、8割が家計苦・物価高が拍車 低所得のひとり親家庭に迫る困窮【2,000人超調査】 - PR TIMES",https://news.google.com/rss/articles/CBMiakFVX3lxTE9ZTGVna1pSOENZclQ0QWViY3M0TkE3T25hQWpoNTFuUWVHTGQ3NGk2ak5zbWZIVDBsd0NHcFFESjZ1U0xobXZtOFc3NmFIbFlidHo1dDVaUk5kZ0dacnp5d0ljWS1vb2NBMHc?oc=5,"Thu, 04 Dec 2025 08:00:00 GMT",2026-09-23T09:29:29+09:00
GoogleNews:所得　暮らし,所得　暮らし,"低収入･実家暮らし…前途多難のなかでも｢結婚したい！｣32歳彼を変えた""婚活の力""【久保さん×植草さん対談:後編】 - toyokeizai.net",https://news.google.com/rss/articles/CBMiW0FVX3lxTFBLeUV3NFlPblRkSUt3cVFoTUJQYzdLYWJieDBkQ3BzaERXZjU3bC1vaVV1SXlSU1hRUUk0RXRkV2pwYWp0dWxXWGNuNmNBQk83OWsxUkJ1NndzUDQ?oc=5,"Sun, 29 Mar 2026 07:00:00 GMT",2026-09-23T09:29:29+09:00
GoogleNews:所得　暮らし,所得　暮らし,＜みんなの平均＞50代夫婦（都内暮らし）の平均年収や貯蓄額、生活費はいくら？ - aeonbank.co.jp,https://news.google.com/rss/articles/CBMifEFVX3lxTE5RdUFWMklvRWQ2eXJHMzJIVDlBSzEyQjJNR252NF9yT1hpVzJZQjU4dkFNMUtpM3J1R3pHa2R6ZHFBYTVRdy1sMDJDTnFGdXRONzd1dVJUS1h6LWRLdXdMQzFiWjhOSVloY0pNeXgtajJBODJaR0tqUjNTdHc?oc=5,"Mon, 18 Dec 2023 08:00:00 GMT",2026-09-23T09:29:29+09:00
GoogleNews:所得　暮らし,所得　暮らし,「公営住宅」の家賃が“民間並み”に跳ね上がり絶望！年金暮らしで生活が苦しいのに、同居する家族の収入のせいで負担が激増するって本当？「近傍同種家賃」という理不尽な罠とは？（ファイナンシャルフィールド） - Yahoo!ニュース,https://news.google.com/rss/articles/CBMif0FVX3lxTE5aNFpKY1FDNmRoQjZLVWlYaVhQVHFpT2Z3aGJ6YlhuQkFfa0xTSExxQldaT2JlbUI2cDRCd2o2SExLVEZnRUNpT2g4Y29HUVJhODRuMkw5ckFUWC04Y2taOUVoSUZCVjNxNkhQcjlCejMwVHNIMWxlUG12d3NSVjQ?oc=5,"Mon, 22 Jun 2026 07:00:00 GMT",2026-09-23T09:29:29+09:00
GoogleNews:所得　暮らし,所得　暮らし,"低収入･実家暮らし…前途多難のなかでも｢結婚したい！｣32歳彼を変えた""婚活の力""【久保さん×植草さん対談:後編】 - toyokeizai.net",https://news.google.com/rss/articles/CBMiW0FVX3lxTE1UVmFlSThPRFNWMklrNkRNN1dBVFc1Ukt6TzJMWWYtLTJMQWZidlFKdUM5d0J0Ui14N1pkNXlRMEwwaXY2YlBFMldVbGZSS084SElQVXNhTUROdDg?oc=5,"Sun, 29 Mar 2026 07:00:00 GMT",2026-09-23T09:29:29+09:00
GoogleNews:所得　暮らし,所得　暮らし,現役世代の手取りを増やす「金融所得課税」による世代間格差の是正と暮らしへの影響（高橋成壽） - エキスパート - Yahoo!ニュース,https://news.google.com/rss/articles/CBMiiAFBVV95cUxQZktYX3FQV1ByNzN5ZHdfNEdMSU0zS0szSy04emhDVDhjNm1LbkktaUpKQm9xSkFsVDd1ekxWTkM1NWtfM09fNkhSei1DN1NQeFNkVkpXS1hXN3BKb2Flb05iMERmUTFyMW9GYTJfdk55SDdaN2tkZkJKYnFMekRtOXh5eFk4S1c2?oc=5,"Mon, 24 Nov 2025 08:00:00 GMT",2026-09-23T09:29:29+09:00
GoogleNews:所得　暮らし,所得　暮らし,1. 強い経済で、笑顔あふれる暮らしを。｜政権公約2026｜「日本列島を、強く豊かに。」 2026年 第51回 衆議院選挙 - jimin.jp,https://news.google.com/rss/articles/CBMihgFBVV95cUxNNVBEM2Jla0xLd0prdm04ajNzYmdEV2JudldQRzZfa0dBSEFUM0NDS29yel9OTUprYWFxZGkxVWI1WnBhRGFmMW5hNlp3NXg4M2FQZmZEb0RZNXZVaFk4bExXcWthRFd0UzlWNkUyang5QWd3VXctRU1IUHlrWDgtTVJaZXByZw?oc=5,"Fri, 13 Feb 2026 10:00:21 GMT",2026-09-23T09:29:29+09:00
GoogleNews:所得　暮らし,所得　暮らし,都市は誰のものか 都心に中低所得層が暮らすパリの「空間の再分配」 - asahi.com,https://news.google.com/rss/articles/CBMiZ0FVX3lxTFB1dHgzdFY3WktDT2g5SE1zMmxrX1I0eDNja0RjVzNydWhBUzRFd0lYNjhPZFVsazNEVEdhekFwa1Nja3RnYVR2NGNQUXNNY1N5aU9Ybzdycm00YVpHSHJ1a2FGbG11ejg?oc=5,"Fri, 10 Jul 2026 07:00:00 GMT",2026-09-23T09:29:29+09:00
GoogleNews:所得　暮らし,所得　暮らし,調査シリーズNo.228「暮らしと意識に関するNHK・JILPT共同調査」 - jil.go.jp,https://news.google.com/rss/articles/CBMiZEFVX3lxTE5rOC1sVmxmbEh1cC0ySFFtcUh5Nl9xbFNkMmZJUVNySlk4SVZQYTFsMGFOaDhZc0dqalk5TEdCRkZjcDVjdXpMWkgwdUJfVkNVTkgwMi1QLWwzT2llMmpVRDkzN3E?oc=5,"Fri, 31 Mar 2023 07:00:00 GMT",2026-09-23T09:29:29+09:00
GoogleNews:所得　暮らし,所得　暮らし,物価高騰、暮らしの危機打開へ――経済政策を転換する緊急要求 - jcp.or.jp,https://news.google.com/rss/articles/CBMiVkFVX3lxTE9IOFVBVHhWUm9IY2drNDBBLWY1ZElJeXAyUXY0bmlfUVFfU0h4U3JUdFlONkZDaTJXVzBoVnVDT2trei1PcHFUQm1XQjQyWXBJTDNYOFJn?oc=5,"Tue, 14 Jul 2026 07:45:21 GMT",2026-09-23T09:29:29+09:00
GoogleNews:所得　暮らし,所得　暮らし,暮らし守る定額減税・給付 - 公明党,https://news.google.com/rss/articles/CBMiVEFVX3lxTE5VSGxLdUZUNmJMOENqSnY3a0RBWURBMUc4elZfN0Y2YjRwZ2FtTmNyY2ZpSkNzVEpGZENYR3dwWTlRN2RaS01iWjdWalRzM0g4ZnRmbw?oc=5,"Thu, 28 Dec 2023 08:00:00 GMT",2026-09-23T09:29:29+09:00
GoogleNews:所得　暮らし,所得　暮らし,千代田区ホームページ - 【千代田区独自事業】暮らしを支える直接支援を実施！【所得制限なし】物価高騰対策として区民にギフトカードを配付（令和7年6月2日配信） - city.chiyoda.lg.jp,https://news.google.com/rss/articles/CBMihwFBVV95cUxQVFZobXVXdWJ6djhLa3JmMnVDR092XzBHakRCYkg5XzRvTExuSVMzblpmT19FSjhTNm40X1lqOEUweUFSUHU3MmRNamxzamdYZjhjRWhNUXZMSUVaRFVTWlRnNVplYzJ6RHg5aC0tcXROeHVpR3p2c3BsYmN2cnVqeEZtcjhjemM?oc=5,"Mon, 02 Jun 2025 07:00:00 GMT",2026-09-23T09:29:29+09:00
GoogleNews:所得　暮らし,所得　暮らし,4月から暮らし・身近な制度こう変わる 値上げ続々、共同親権も開始 - asahi.com,https://news.google.com/rss/articles/CBMiZ0FVX3lxTFBUbVFxTVJYeWJveWdYM1BTTjU5QnMwSWlSTUdDN1VfOE5fVHNrbWVkaGUyU1ZyRHE3WEJ0RmpKZmhDanF6RnJUbWhKTEUyalNVU002Sm5Yamp0OU14RVdvdTRoYW9NOGM?oc=5,"Sat, 28 Mar 2026 07:00:00 GMT",2026-09-23T09:29:29+09:00
GoogleNews:所得　暮らし,所得　暮らし,【東京】「所得を上げ、負担を減らし、生活者の暮らしを良くしたい」玉木代表が秋葉原駅前で演説 - 新・国民民主党,https://news.google.com/rss/articles/CBMiW0FVX3lxTFBpbkpqazFBT21ObXdxLWFuWDZOaE1XQ1Myd0ZXX29ST2dVZXJMWmJRUGN4cDdCa1A1ckpjekdHc0JoclA5R2EzYnM2amZiVmVsZzNET0NVLWZiblk?oc=5,"Fri, 28 Jul 2023 07:00:00 GMT",2026-09-23T09:29:29+09:00
GoogleNews:所得　暮らし,所得　暮らし,石破内閣の主な実績｜「日本を動かす 暮らしを豊かに」 2025年 第27回 参議院選挙 - jimin.jp,https://news.google.com/rss/articles/CBMihgFBVV95cUxOODRNLWplckFwbmIyQUNsYnpKS1AyUlJOeVh4bjIzVzM5cWVYalBIVk1mY1RiNjdacWUyQmQtTWJHQkxRdEtQVGpUNGoxdGFRaGtFRU1zdHV5c2FkN0JkY1Btb2pLeE1Ia0dCeDU1cDIwU2hTb3BWdWp6ems5dFZqMm14UjE2QQ?oc=5,"Fri, 25 Jul 2025 09:22:03 GMT",2026-09-23T09:29:29+09:00
GoogleNews:所得　暮らし,所得　暮らし,年金受給者は確定申告が不要？確定申告で得する可能性がある8つのケース - aeonbank.co.jp,https://news.google.com/rss/articles/CBMif0FVX3lxTE5QdTFhbnJlYjNiM2oxRF9MUU1YZXZjSDFtZ29xcUZrT29fMXBRTjJnNkp2WnlLaWFMWnRCTHpEMko0WlgybzY0eHBvbjlSRXlqd1Q5N2hYTjlrb3AtOTZDUDZqMlZ1cG16a2YwdEZJb2pONmpQTm9QVVJUU1ZKdmc?oc=5,"Wed, 13 Dec 2023 08:00:00 GMT",2026-09-23T09:29:29+09:00
GoogleNews:所得　暮らし,所得　暮らし,暮らしを守る定額減税・給付 - 公明党,https://news.google.com/rss/articles/CBMiVEFVX3lxTE1sOHVfdUtaTlh0UnBxd0hzNDZrYnIxMzNJVGtkalY0MHh2UG56Wk5DUUlTVnItMGdpekNkbGhsQ3piY0lkbXZhZW91d2NMSERFaEpYQw?oc=5,"Sun, 14 Jan 2024 08:00:00 GMT",2026-09-23T09:29:29+09:00
GoogleNews:所得　暮らし,所得　暮らし,6月からスタート 暮らし守る定額減税 - 公明党,https://news.google.com/rss/articles/CBMiVEFVX3lxTE5ac0xkSXg3RnNkYzJ0NVpRY3NxcnE4a28yOHY2MFVzUzFrWXlzLTR4Zmw0cnNNQVZCT0VJSkF4eThaRG9iSXhfdzVHZE05bDJDMWdUWg?oc=5,"Tue, 07 May 2024 07:00:00 GMT",2026-09-23T09:29:29+09:00
GoogleNews:所得　暮らし,所得　暮らし,収入は半減、 でも「贅沢な暮らし」とは？ 移住後のお金と時間の使い方 - colocal.jp,https://news.google.com/rss/articles/CBMic0FVX3lxTE9SUjdBS29kQ3pMRVlzV05Oa0c5NHZ5bDZwekF5bVB6TFIwd1ZFTWdqN2FlV0FGZFo3aDhJSzdYOURYZVZLVUk0aEdmTXVIaUZZeGJzY2ZnNFkwY2YxOW5GNXh1ZTdGZDE0YXBobmtEUTRnamc?oc=5,"Thu, 23 Sep 2021 07:00:00 GMT",2026-09-23T09:29:29+09:00
GoogleNews:所得　暮らし,所得　暮らし,「80歳以上女性」の34.8％が1人暮らし、世帯全体では所得減少し「生活が苦しい」との声は過去5年間で最多―2023年国民生活基礎調査 - GemMed,https://news.google.com/rss/articles/CBMiSEFVX3lxTE15ZHhXOVhFdEQzMFZIQ2RONXI0anBjWXhkZ3FCS0Exalk0TlJyT0RSU2c2QWlMejJvZ2ZLd0lkOUlfbTJvWXRvZQ?oc=5,"Tue, 09 Jul 2024 07:00:00 GMT",2026-09-23T09:29:29+09:00
GoogleNews:所得　暮らし,所得　暮らし,所得再分配が不十分 富裕層の税負担軽い―トランプ政権１年で米専門家 - 時事ドットコム,https://news.google.com/rss/articles/CBMiY0FVX3lxTE91YzI2RjJETkRmRzRoWXpGV1hLWWJpekZBbnRCdUx6MS1ucTNkRkhOQUFQeHlNWWhvVXhDSUJMQWhiSU1TTnJINnAwY3Z4VUZMLUVCcnRMMGducFFETUFWMDN4Yw?oc=5,"Tue, 20 Jan 2026 08:00:00 GMT",2026-09-23T09:29:29+09:00
GoogleNews:所得　暮らし,所得　暮らし,65歳以上の高齢者の4割「収入を伴う仕事をしたい」 “経済的な面で暮らしに困っている”と回答した人の割合が他国と比べ高い結果に 高齢社会白書 - TBS NEWS DIG,https://news.google.com/rss/articles/CBMiV0FVX3lxTFBMUHdoNWhodDlNNTY1SXJtS2d0LUN1VmRfMkp2S2tQb2IxbEcyU1NOMmN3M1lTZUQxTnFLaTBXMWZTb2Z0Y19xa2Q1QUxHd2NOV1VkNGpFQQ?oc=5,"Fri, 12 Jun 2026 07:00:00 GMT",2026-09-23T09:29:29+09:00
GoogleNews:所得　暮らし,所得　暮らし,声を聴き暮らしを守る 公明党の実績＝１１ 高等教育の無償 化 奨学金と授業料減免拡充で低所得世帯の進学率を向上 公明新 聞2023/11/10 ３面より - 公明党,https://news.google.com/rss/articles/CBMieEFVX3lxTE9VQjJnOWNBN3d6Znc5X3ZqUk1hMm1SR2lTdG8xX0lLLTExcTlOWF9UZE9LeFBMYk10RHJGZ1ZWMm5QM25PVDBRQ2U5VmVtZThweWprWDBfTThSTi1tdzNrRzBaS2x1Z2djS3dzT2FSWHpnOXRUZE5uRw?oc=5,"Fri, 10 Nov 2023 08:00:00 GMT",2026-09-23T09:29:29+09:00
GoogleNews:所得　暮らし,所得　暮らし,【沖縄こども調査】物価高騰 低所得世帯ほど暮らしに直撃 2024年度 - okinawatimes.co.jp,https://news.google.com/rss/articles/CBMiXkFVX3lxTE50V3paU3d0ZXlQNE9qb2Z4YV9vbmNUTmR5bEpmX0daS2Y4LXhySGpUellLTmF1MlNPTGxVX0JYZ2Nfcnl5WDE2c3lEcnljV0Jhc2ZweUtOUlBPa1hIcGc?oc=5,"Tue, 27 May 2025 07:00:00 GMT",2026-09-23T09:29:29+09:00
GoogleNews:所得　暮らし,所得　暮らし,実家の母は年金だけで暮らしていますが、「住民税は非課税だから助かってる」とのこと。非課税になるほど年金収入が少なくても、毎月の生活費をまかなえているのでしょうか…？（ファイナンシャルフィールド） - Yahoo!ニュース,https://news.google.com/rss/articles/CBMif0FVX3lxTE5lRjNaeWhVZTc4VktCWkR6MG11R2xiV1pqeF85OEdJM1hBTGozYk51RjdFOUMtbi1FNjNiT1M4aklyRzRSYTlsRFBUazRXbTZzM2xxazVPWUFZelJINlBYcGdaanZuRE9rVG1WTU9GMEpYbVVMTmkzTXRXWUUwalk?oc=5,"Fri, 31 Jul 2026 07:00:00 GMT",2026-09-23T09:29:29+09:00
GoogleNews:所得　暮らし,所得　暮らし,贅沢ではないが貧困でもない？ 年金生活者のリアルな実態 - マネーフォワード,https://news.google.com/rss/articles/CBMiV0FVX3lxTE9RbjJyeDBHWHN2dlVTcFRMT01HbmxCdEY3RlJpWmt1U0lISVJRZHNQZ1R3a0JIOG1sQzNPc1ZtRVRoX21ZX1lwMXJESFR1N0hMbVVSbGxpbw?oc=5,"Sat, 18 Jan 2025 08:00:00 GMT",2026-09-23T09:29:29+09:00
GoogleNews:所得　暮らし,所得　暮らし,値上げが暮らしを直撃/低所得者ほど被害甚大/給付や消費税減税を - jcp.or.jp,https://news.google.com/rss/articles/CBMidkFVX3lxTE9lQkJYWndaWnQ5bXVJMTNMWklwYkwwWlRhR0t6b1VSRHJjcWJnZjVaUzBTdjNpSDE5SjJsTWNYdlRBOE03cElTYmdCaTA4anZMMXQ0bWk0Tk5BTkR0VkNvLTBhRlZ3NFV5UkxPRDFWS3I4ODlKRWc?oc=5,"Tue, 08 Feb 2022 08:00:00 GMT",2026-09-23T09:29:29+09:00
GoogleNews:所得　暮らし,所得　暮らし,「経済的ゆとり」1位は福井県 年収だけでは見えない都道府県別の暮らしやすさ - Forbes JAPAN,https://news.google.com/rss/articles/CBMiWEFVX3lxTE5Gc1AyMFVEazVqaEF5U2VyZVlJbzlMby1qakRmelJrNFZUb0tBRG5GanpEMW9GcVhGSjZGSzZCX3lmQWlPNzBxZnJnTlJ0NVM3NERiM2RnTzY?oc=5,"Mon, 22 Jun 2026 07:00:00 GMT",2026-09-23T09:29:29+09:00
GoogleNews:所得　暮らし,所得　暮らし,"物価上昇でも賃金上がらず困窮 日常的に”減らす・買わない・使わない”ものとは？【低所得のひとり親家庭2,000名超による回答】 - PR TIMES",https://news.google.com/rss/articles/CBMiakFVX3lxTE9zLWpiVzltRFpSaFhLTE9WaTFhRXJFT1lYQnZ3WjNYOWVldnJ0QUVpaXowRjM3ekMzWGNobFczdEJIaEhxVkx4SUZid2ZnRDljZmJNMXJmNDNUT29YeXp0ZWNVVEtEN25WT1E?oc=5,"Wed, 19 Mar 2025 07:00:00 GMT",2026-09-23T09:29:29+09:00
GoogleNews:所得　暮らし,所得　暮らし,暮らしよくなる？ 2025参院選＞社会保障費 所得の半分近く 負担にあえぐ若者 年金「どれほどもらえるのか」 - 北海道新聞デジタル,https://news.google.com/rss/articles/CBMiWkFVX3lxTFBkdGVtbW1RNm5Sa0gxRjgzNUxCelRoNllLWGpNNnl6TmdrTzlXald4cjIzR3VCV2NCUFZWX2NyRVl4dWo5OGs2eUNUcG1IdEtHN0hjWGlLRVpzQQ?oc=5,"Sat, 12 Jul 2025 07:00:00 GMT",2026-09-23T09:29:29+09:00
GoogleNews:所得　暮らし,所得　暮らし,株の配当控除について｜みんなでつくる！暮らしのマネーメディア みんなのマネ活 - 楽天カード,https://news.google.com/rss/articles/CBMic0FVX3lxTFA4X2J1ZEhXQl9TalRyWHV1cW5lR19sZDRwVktFSmtBZEQ4LUdSOHV4OVFyRGQ2U0xOUjZCWjZwZ2ZrOTFYMURqN05pdmxpS3FBR2lnXzlrNC1vUTFDdi1Sc09jOHlhNlQ5ZVhJWUtxd2ZpS0U?oc=5,"Thu, 12 Jun 2025 07:00:00 GMT",2026-09-23T09:29:29+09:00
GoogleNews:所得　暮らし,所得　暮らし,医療費の窓口負担2割の条件は? 判定方法と配慮措置、対策を紹介 - asahi.com,https://news.google.com/rss/articles/CBMiWEFVX3lxTE5JcThtUjFtaTdkRlFVTUw3NTluV1p1bE9OTm5VSHJSMExVeVpoOFNodUpYZl9Da1E0ZmpuRUpDcU1ZdnlwTEE3aHFPSjdWTlVqNmowZHZqdTE?oc=5,"Fri, 20 Jan 2023 08:00:00 GMT",2026-09-23T09:29:29+09:00
GoogleNews:所得　暮らし,所得　暮らし,海外で所得倍増リタイアのプチ富裕層 コロナ後の運命 - 日経ビジネス電子版,https://news.google.com/rss/articles/CBMiZ0FVX3lxTE82eVQxcExkVnF1YTZ5QVJFWHVaa1B3aEROYkJoSl9vRzZ3WEpEN2FmTFdaSC12dkNSNUJaWHRkdEpGMlExaFlISktVaU8zN0w3OVc2dGNJZ09mMHFFNVRhS18xZW9yUEU?oc=5,"Fri, 01 May 2020 07:00:00 GMT",2026-09-23T09:29:29+09:00
GoogleNews:所得　暮らし,所得　暮らし,作家・阿刀田高・90歳ひとり暮らしの税金と収入。最近は自著が増し刷りになったけれど…【2026上半期BEST】 - 婦人公論.jp,https://news.google.com/rss/articles/CBMiYEFVX3lxTFBxcktPdEJvMzY3OTVBUEo1Zjd0UjA1ckFKamRqN0dxMU9SR2ZlcnN1VXVSTTJFNG16VE1NVEN0NE5Ya21OSWVKVGl4U1JOcGtaZER2TXY5WUJldWxaZmhzeA?oc=5,"Fri, 31 Jul 2026 07:00:00 GMT",2026-09-23T09:29:29+09:00
GoogleNews:所得　暮らし,所得　暮らし,年収500万超でも可処分所得「月8000円」で散髪にも行けず “中間層”を襲う3重の所得低下 | from AERAdot. - ダイヤモンド・オンライン,https://news.google.com/rss/articles/CBMiTEFVX3lxTE4xZm9sMkExYnZudDhDQTFWQVRkUjVBMHNrUFFMNWIya3lxNDU4bjBKYVNoSk1yaHdXUGR1a3QwOWd3YV9OdjJYMmdfMFI?oc=5,"Sat, 24 Sep 2022 07:00:00 GMT",2026-09-23T09:29:29+09:00
GoogleNews:所得　暮らし,所得　暮らし,"低収入･実家暮らし…前途多難のなかでも｢結婚したい！｣32歳彼を変えた""婚活の力""【久保さん×植草さん対談:後編】 - toyokeizai.net",https://news.google.com/rss/articles/CBMiW0FVX3lxTE1VQjBaUUhQZkR0d3pxWVRPMWdiOVNDQ2JCeThfajVjMzNZS0tyZ284Q1VyMHYxRXhPa1FrV2tGS1o1U2RCNUtNeE1rTTRMclZEejVhenc4empjS0E?oc=5,"Sun, 29 Mar 2026 07:00:00 GMT",2026-09-23T09:29:29+09:00
GoogleNews:所得　暮らし,所得　暮らし,「地獄の日々が始まる」“給食のない夏休み”前に所得300万円未満「子育て困窮家庭」悲鳴 物価高苦しく“2人前のおかずを5人で”分けるケースも - Yahoo!ニュース,https://news.google.com/rss/articles/CBMif0FVX3lxTE1IVHBmZHV1QlBIQTVpSnZvLWdEamE0bmN2bHAwOUVTa3BpUHpxaS1lZjhUOEEwdFJBR203RDNDOERVZEk4X2ROUWd0U1NWTHRZRy1IZDJTUVdLRlMtSHFVUkdxSlRUM0JHQjVwY0xfalhuMjhGdExVVFp2ZTlFTjg?oc=5,"Thu, 02 Jul 2026 07:00:00 GMT",2026-09-23T09:29:29+09:00
GoogleNews:所得　暮らし,所得　暮らし,26年度予算決定、暮らしに影響 教育無償化、子育てに力点（共同通信） - Yahoo!ニュース,https://news.google.com/rss/articles/CBMif0FVX3lxTE1HN0F0VkFKakYwWmVTYXFnZDVtMGpxNDBZS0g3Yk1mNEhhSWxyaFlWREdTR0Q0SGl6UGtXSXNEZWowQUNrVVNEWWFQT2RELTB2S0UtZWQ3MFV2d0doSnJKSEIyOHJpUEtEcDQ0c1ZPOFk1RTVzVjVQZndtNmdqSVU?oc=5,"Fri, 26 Dec 2025 08:00:00 GMT",2026-09-23T09:29:29+09:00
GoogleNews:所得　暮らし,所得　暮らし,【大図解】日本のエンゲル係数は45年前の水準に後退！牛肉も大学進学も全部高級品に…「暮らしの凋落」大解剖 - ダイヤモンド・オンライン,https://news.google.com/rss/articles/CBMiTEFVX3lxTE9zVDdXR1pqVnZuaHJJclhabkxDVlF5bVVZdVJvLWtEVEVrREhWY3RZSG9CNXJZc29CVm1ranRFOWZUa21sUFh1UExDdVrSAU9BVV95cUxNSm1UNXEycV8zcTNUZmoyMVdISmRuRjJTbmtjcktXVUpoWlpIRC1IODZxXzZtakRRTGphZ01fLXgzOWpIdHN6WWlmV3lTTVlR?oc=5,"Mon, 23 Dec 2024 08:00:00 GMT",2026-09-23T09:29:29+09:00
GoogleNews:所得　暮らし,所得　暮らし,「わざと収入を抑えていると思われる」月収8万7000円・37歳女性の住民税非課税生活 - All About（オールアバウト）,https://news.google.com/rss/articles/CBMiTEFVX3lxTE80LTdxQVByek1rNkFPYVdOdHB4eVE2Sktzam1vQzhNZ2dQRG16TGV4T1lkbWY3MzFBR3lpMktaUzJ3ZmZvTEVIY244bUU?oc=5,"Sun, 03 May 2026 07:00:00 GMT",2026-09-23T09:29:29+09:00
GoogleNews:所得　暮らし,所得　暮らし,新型コロナ 暮らしを守る - 公明党,https://news.google.com/rss/articles/CBMiU0FVX3lxTE5Edk0tZ2ZFNnVNNnhEZEZ6ZUxvbW9uakNVUzFTUElUNTkzaFQtcDdsYUp5UDNLZzk1YmFMUV8xeU96N05kcmhhNjgwZFg2Z21ReDRn?oc=5,"Thu, 30 Apr 2020 07:00:00 GMT",2026-09-23T09:29:29+09:00
GoogleNews:所得　暮らし,所得　暮らし,「働かずにどうやって暮らしているのかと思われそう」労働収入0円・44歳女性の非課税生活 - All About（オールアバウト）,https://news.google.com/rss/articles/CBMiTEFVX3lxTE5ZZ0YwRWhya0NOUjMwZTdTZUtFZlZlVXdHUmRVRlh6OXJzT3A5SllKeW5ySEpJWVAwU0J6LVYyOV9WUkZwbVZwakwtMWg?oc=5,"Sat, 19 Sep 2026 21:30:05 GMT",2026-09-23T09:29:29+09:00
GoogleNews:所得　暮らし,所得　暮らし,結婚したくない…「東京の中年女性」が“おひとり様”を望む納得のワケとは？ - ダイヤモンド・オンライン,https://news.google.com/rss/articles/CBMiTEFVX3lxTE1xNG1HTi1sZDIyN1N1VUUya0RBaTBvRDVRM0JMejJuQ1BYWWVfU1JIMWRBTHZCZjgxVHZaSmZ1V0puamFnNGxpamJ1TC3SAU9BVV95cUxNMm9KQU1sUHJwWFJxMDg4THR6R2NORGVSUzFpOG5Vb1JiNmJpejUyWjVRQXNmZk5zNGRmWFlkeE90UXNkMWJ1TGRMRnFTNTRn?oc=5,"Mon, 10 Jun 2024 07:00:00 GMT",2026-09-23T09:29:29+09:00
GoogleNews:所得　暮らし,所得　暮らし,作家・阿刀田高・90歳ひとり暮らしの税金と収入。最近は自著が増し刷りになったけれど… - 婦人公論.jp,https://news.google.com/rss/articles/CBMiT0FVX3lxTE9SQmswWlR1R2huTVg1bEdDZG00bFlIVHZoSzF2UUZ3Z19jMnZSMl9xZ2tqS2taT2g3bHBxVVFUTGdSWHJFUVZWWmhha29CMjA?oc=5,"Tue, 24 Feb 2026 08:00:00 GMT",2026-09-23T09:29:29+09:00
GoogleNews:所得　暮らし,所得　暮らし,【所得を減らして豊かな暮らしへ】メリットが大きい「住民税非課税世帯」という選択肢 給付金に優遇措置、国民年金保険料免除、国民健康保険料や介護保険料も減額 - マネーポストWEB,https://news.google.com/rss/articles/CBMiS0FVX3lxTFBQQ2h1cHVabVhjc0hIN3ZYbXNYaVpjS3ZmU1prMXBoR1RSR0xrTkZsWGtTVmFUX2l6cC0zaE5UbTdHV2hyV3dNenhVTQ?oc=5,"Mon, 04 Nov 2024 08:00:00 GMT",2026-09-23T09:29:29+09:00
GoogleNews:所得　暮らし,所得　暮らし,アジア12都市の暮らし実態、可処分所得トップはシンガポール、中国・ベトナム・タイは「共稼ぎ」が95％以上 ―日本総研 - トラベルボイス,https://news.google.com/rss/articles/CBMiU0FVX3lxTE4zX0ZGZjRWMHZnc0tDTldSbzltMVA0ZVowc0hNVlpYakY4VngtY2hWZ0FEX00zTlV3Tm9nSTRza1NoNWx3a2ZGVVlLWGxEZXdyMTc0?oc=5,"Wed, 18 May 2016 07:00:00 GMT",2026-09-23T09:29:29+09:00
GoogleNews:Z世代　意識,Z世代　意識,「公衆電話ってなんですか？」 Z世代の半数超が電話に苦手意識（株式会社Jiffcy） - Yahoo!ニュース,https://news.google.com/rss/articles/CBMif0FVX3lxTE1aM0h4d0dfTkVHa0tfdXY1RmF0bXZlZS1tejBkT1htbTN6c2xVSk9WM2QzOVJ5SGgyb0xjclFrNVdhV3VWWlFCUml4ZDJuUGhvMGJURkRpQzJnaDVpYnhuYkxscmozTUxoNnlkcFBfVjJuVWhza3luRWRONWkzanc?oc=5,"Fri, 18 Sep 2026 03:05:55 GMT",2026-09-23T09:29:32+09:00
GoogleNews:Z世代　意識,Z世代　意識,2025年度「国内Z世代意識・購買行動調査」 | デロイト トーマツ グループ - deloitte.com,https://news.google.com/rss/articles/CBMiowFBVV95cUxPbmhHS05YY1dKeUdFVV90b3kzMnpkNTZoRVBNMUZWMUFiQmFvUHhLT1JWUzYyZ2dtSlhhZ1phcVFxa0x1Yk92RmNTOGNKSU9DTTNsaTFscXlTV0psZjE4LXc1VW9wbE1uWm5IX1dYX1Z0QVJ3MXBiQ053LWk0YlNhRnJpZDRybGJDTTNLUTVIMm1ac1FLRHZZNTJCWEFIbzdGa3Zv?oc=5,"Fri, 28 Nov 2025 08:00:00 GMT",2026-09-23T09:29:32+09:00
GoogleNews:Z世代　意識,Z世代　意識,Z世代の79%が「ご褒美消費」を実践。きっかけは努力・成果の承認(42%)よりストレス・落ち込み(44%)。Z世代のご褒美消費についての意識調査をZ-SOZOKEN（Z世代創造性研究所）が実施。 | Fiom合同会社のプレスリリース - PR TIMES,https://news.google.com/rss/articles/CBMiakFVX3lxTE9ubTd1cm5fcFh6RzNrTHlFVWlTXzQ2RmxxSzAtMldHblVEaFBfb3FCWlNGaE5sN3ZZSlhJV0dFUFFyMlhqTnM2bnhuMk83TW9mQW10SHNCM0NrMmlhX1lfZXg1WHp1eVRjUmc?oc=5,"Fri, 28 Aug 2026 07:00:00 GMT",2026-09-23T09:29:32+09:00
GoogleNews:Z世代　意識,Z世代　意識,Ｚ世代にとってサステナビリティは本当に「意識高い系」なのか（２）－データで見る「責任意識」から「サステナ行動」へ至る経路と構造 - nli-research.co.jp,https://news.google.com/rss/articles/CBMib0FVX3lxTE1pTTJkYzhyWEtvOHpRdDVoUTlfNU5UM3RadVhnZzhsLVN3NmctcnRQYWdqeTl0aDVHY3BDY0E0QU5GeGpkcGtUOWplVDhOY2dqSzU2Rk93WGZRMV9QRnVwc01leGE4d2ZQVHZIZ1RxUdIBf0FVX3lxTE5lZHVaWVdQaHFuZ0ZORXNJenY4NnhnR3NLaWhNTlFqbnVLTjFJelFpc0JnT0U0WTFnd2dIOEF4SnBxTmNYbkxDRTYyYjI3RlhBMzZtcmFSZE5tODBHMmxmVXQxQzY5TThTaHlJTms1VVNXdVRiQzdXVEJDSXphbnc?oc=5,"Tue, 17 Mar 2026 07:00:00 GMT",2026-09-23T09:29:32+09:00
GoogleNews:Z世代　意識,Z世代　意識,日本と米国のZ世代意識調査：日米のヒトモノについてのイメージ編 - ネオマーケティング,https://news.google.com/rss/articles/CBMihAFBVV95cUxPbTBiNnRlWXdZUTU3NG5VWUZzRGg4YkZmM3ZiVGNMMG1GX3QxQTJGVXM0TnZuMmt2X2lhZlYtejlKZkZnS1RmZFNiLU5Za25rZ3NWNHl4QTNhVnlramlxejB3ZjdNU3NVeHhvX0JsQ2hKc1dhRnBlOXhIYkxUbFozZkNVdFbSAZQBQVVfeXFMT0ttZ0NhWThzWU1DVnREWVBUQzZEYW42TTJ6TExSWmdCUVJnTUE2Zmk2RXIxbTJjb21RM3JmcllYZndxSGJUQ2VzSnNxQnNHbktwTjR1dHpvdjkwcGtUVGdpX2Z1WDFvcndMSTY3SXhVdTlkczMzSGhoeVc0ZWMwcXZKZUk3YzJTZDR0czFMLWJLVUdDRg?oc=5,"Tue, 13 Jan 2026 08:00:00 GMT",2026-09-23T09:29:32+09:00
GoogleNews:Z世代　意識,Z世代　意識,地方のZ世代「クルマ離れ」意識急速、4年で倍増47% サブスクに関心 - 日本経済新聞,https://news.google.com/rss/articles/CBMibEFVX3lxTE8zbHFnRThJWUdoLXpwVkNUN0w1SkFRNEZKWGFxb1BwRk5MLVpiQTh5N2tBZjNMdUhsUVdoRFc5ZGswektmSnBhTnhNenJ6V2l1TFJuSjBpbTJNckhCeU1qc2xzWW9NNzZ1dV8yMQ?oc=5,"Sun, 28 Jun 2026 07:00:00 GMT",2026-09-23T09:29:32+09:00
GoogleNews:Z世代　意識,Z世代　意識,「原則出社」命じる企業とテレワーク社員の意識ギャップ／“推し活依存”自覚するZ世代が2割／シニアの利用が盛んな○○アプリ、ほか (1/3) - ASCII.jp,https://news.google.com/rss/articles/CBMiVEFVX3lxTE9vaHRJODhWVWFhNWU5SzhVQUp3d3U1VldyYTJlSW4wLWMweDNsb3Z5UnFCWHZiSWhUZ0tiRi0taWx1S0Jkd3pYZkpZUXhQbVN3b0lNSg?oc=5,"Mon, 31 Aug 2026 00:55:33 GMT",2026-09-23T09:29:32+09:00
GoogleNews:Z世代　意識,Z世代　意識,就社意識は高いがキャリア意欲は高くない Z世代新入社員の8つの特徴とリスク - ログミーBusiness,https://news.google.com/rss/articles/CBMiS0FVX3lxTE5kMnp5T2VtMXkyN2M1YzViNXJqM0U3RWM5TGlXdkc3Z3Z0SmdvN0hfZERydTh1VkFyaks0Qk5fbWtHeWx5Ty1WdlhtOA?oc=5,"Tue, 24 Mar 2026 07:00:00 GMT",2026-09-23T09:29:32+09:00
GoogleNews:Z世代　意識,Z世代　意識,Z世代の77%が「宣伝・広告感の強い投稿」をスキップ。刺さるのは面白さ(42%)より世界観(65%)。Z世代に刺さるクリエイティブについての意識調査をZ-SOZOKEN（Z世代創造性研究所）が実施。 | Fiom合同会社のプレスリリース - PR TIMES,https://news.google.com/rss/articles/CBMiakFVX3lxTE1raWZKa2NwajdJc1AwYXJZUWFBbXF1T0lweG9IVVQ5S2FZdlNrLVVZQ2pvNnNyVTZMTGEtZkpXYmZjS3JwTHp3YllWV090U0owVWZscXl1emJGMExobzR6dWJvYTNleUppNmc?oc=5,"Sat, 29 Aug 2026 07:00:00 GMT",2026-09-23T09:29:32+09:00
GoogleNews:Z世代　意識,Z世代　意識,20代の推し活支出が突出して高い理由——「推しのために働く」Z世代のマネー意識（ファイナンシャルフィールド） - Yahoo!ニュース,https://news.google.com/rss/articles/CBMiiAFBVV95cUxNbkJwM3pfQTVVcE5VaTMxNVFXSU9DN19SS0NSWmEzRU1RbzlCS0IwZ2Y0aGtCeV8waHhOb1lraUJKUHByendJSG4wYUhzbHJSNjBVSXdvUXJVX2EzY0JpNjlBdFR0aW85cHBYVEcyS1YwNXBWWXN3Y3E4V2JiNk1tSXVQSmdUMmVu?oc=5,"Sat, 23 May 2026 07:00:00 GMT",2026-09-23T09:29:32+09:00
GoogleNews:Z世代　意識,Z世代　意識,【調査リリース】Z世代における社会人基礎力に関する意識調査／就職・転職活動中の64.2%が「電話対応が負担」と回答／「咄嗟の対応」や「言葉だけでのやり取り」に不安強い傾向 | 株式会社UZUZホールディングスのプレスリリース - PR TIMES,https://news.google.com/rss/articles/CBMiakFVX3lxTE5PdTJQbVB1R2VoUmdwUUlxX1VELXloYVd4X3V1UUZLd2JnTTA1ZVJVZ2VUekNEUDZSZVZhYWhwMXUyYXVBT1dZNWpOUkp2dHNkQWl6MEFxVkkxYmU5NVZBRzF0dFBiVUNqelE?oc=5,"Fri, 06 Feb 2026 08:00:00 GMT",2026-09-23T09:29:32+09:00
GoogleNews:Z世代　意識,Z世代　意識,「Z世代の大学生の海外旅行意識・実態調査」結果を発表 - PR TIMES,https://news.google.com/rss/articles/CBMiakFVX3lxTFB5LTBhelVYbkFJYTNmMU1zazJVM0FWQWo5MnBmSXRaemdxQi03dWtmUkpodDduSVVDYVgyU01ESm1DemdjZExMN3MxZWg3QjR0V0ZJTkxWWlRzUzZ5YlJHWW5jZ212NWlZNlE?oc=5,"Fri, 31 Jul 2026 07:00:00 GMT",2026-09-23T09:29:32+09:00
GoogleNews:Z世代　意識,Z世代　意識,【2026年Z世代消費行動調査レポート】Z世代は一括りにできない！3世代に細分化すると消費行動の違いが明らかに！OASIZ「３層から読み解くZ世代新構造」 - PR TIMES,https://news.google.com/rss/articles/CBMiakFVX3lxTE9icVBZb1Z3bHJrdXpGdDA2TDRWcmd3OHZNSjNGR2ZYTTVvTjdPcTlSZ2t4V2pERW5jbUFKNktjQmtubFFTR2owNlpZXzRabE9ObF9zSmwzS0MtY1pBUVBoX2J4SGpFMzhSMFE?oc=5,"Tue, 23 Dec 2025 08:00:00 GMT",2026-09-23T09:29:32+09:00
GoogleNews:Z世代　意識,Z世代　意識,【Z世代の結婚観とお金に関する意識調査2026】 物価高で、結婚願望のあるZ世代の半数以上が結婚観に変化 男女ともに7割以上が「結婚前に家計ルールの話し合い」を希望 - PR TIMES,https://news.google.com/rss/articles/CBMiakFVX3lxTE1DczFvMnZBZ1FfX3lzUkVVd2R5bHJlNW0yMVZTX2F6T2dnSGtERnN4UmNSRG5jTEp4QlZPYzhjYUtyWlU2aVNSdWhSZDFhWUVadnlPb1N5TlRDOVFnUGFzWVFId2R0YmhBQnc?oc=5,"Tue, 02 Jun 2026 07:00:00 GMT",2026-09-23T09:29:32+09:00
GoogleNews:Z世代　意識,Z世代　意識,Z世代の約4人に1人が副業を「SNS」で探す。副業には「自分を見つめ直す」効果も？Z世代・Y世代の副業に関する意識調査を実施 | 僕と私と株式会社のプレスリリース - PR TIMES,https://news.google.com/rss/articles/CBMiakFVX3lxTFAzdEZPZUlxa292X29pN0h6WjM1Zkh6WkNQUTBNX2pTSXVPcnFMaTgwLXBZdThMMjhOUVFpekFXQ0ZCNEVUX1dtb0RBaGVoZVJzTXUtMDBhRGJIOVpaU0Nsd0dhY2VLZVl5OFE?oc=5,"Thu, 14 May 2026 07:00:00 GMT",2026-09-23T09:29:32+09:00
GoogleNews:Z世代　意識,Z世代　意識,Z世代が自治体情報で最も信頼するのは「地域のお店・施設の公式アカウント」39%。市長・議員はわずか1%。Z世代の自治体プロモーションについての意識調査をZ-SOZOKEN（Z世代創造性研究所）が実施。 - PR TIMES,https://news.google.com/rss/articles/CBMiakFVX3lxTFBwdGRaelN5TEhPSDFhWnFIT2QxaEw5R2RSZjJBNkVRWGVUSU5HYkJoeFFPWEd3NXZwNUFaOVJhbnlNQUhvYTR3QUwzbm1Nem9wZnJVckhoWVRpdXZwR29yMmMzOWdma0duemc?oc=5,"Sun, 23 Aug 2026 07:00:00 GMT",2026-09-23T09:29:32+09:00
GoogleNews:Z世代　意識,Z世代　意識,Z世代の3人に1人が職場の飲み会に不参加。参加条件は「会社負担」「2時間以内」などコスパ・タイパ重視か。「飲み会」に関する意識調査を実施 - PR TIMES,https://news.google.com/rss/articles/CBMiakFVX3lxTE80aUstbjVWUmVIT1pnVi1ybHRlYld3YW9DcDRhVHkwQzVxS25yNlVYM3ZfR2lkQnBhNGJMWWhCRnRFSFhOQVJpRlppZUp4MWlqUnFuMHdMVFhPR3NRQ0NKZXFiWEQtRk1hUWc?oc=5,"Fri, 06 Mar 2026 08:00:00 GMT",2026-09-23T09:29:32+09:00
GoogleNews:Z世代　意識,Z世代　意識,【働き方の意識調査】Z世代は本当に安定志向？ベンチャー若手の“約半数”が描く「自ら選ぶ」キャリア像 - PR TIMES,https://news.google.com/rss/articles/CBMiakFVX3lxTE93UnlsclJMb3VldERDUnhXb1Q0UXdLS0ZtMHRzYU5XVk15NHRpUW9OaWdIZVdxVkhzVEFPQWtabGU0dTRBdUxDTGZaSVBDY1NqU0xkUUxGZEVmU3E0UHlmSHdkNFpFZ3dWS1E?oc=5,"Fri, 13 Feb 2026 08:00:00 GMT",2026-09-23T09:29:32+09:00
GoogleNews:Z世代　意識,Z世代　意識,【母の日】Z世代の半数以上が母親と「ほぼ毎日」連絡、約2割がインスタの繋がりあり？Z世代の母親に関する意識調査を実施 - PR TIMES,https://news.google.com/rss/articles/CBMiakFVX3lxTE11MUc3RTBFZlFrQ1BMUG5WbFM5SjJ2SEhMdFdkZWFEcWpwamtsdWp2aFFKUDFVVTJHa19HanN6RXhkNTNYX3V6MDZGQ292TEtLNHdxRUVjOVIzRjN0R1NGSDRvNWNJbTRidmc?oc=5,"Thu, 23 Apr 2026 07:00:00 GMT",2026-09-23T09:29:32+09:00
GoogleNews:Z世代　意識,Z世代　意識,【調査リリース】Z世代における転職に関する意識調査／就職・転職活動中の80.6%が「転職にいいイメージがある」と回答／「3年は仕事を続けるべき」との考えは、7割強が否定的な受け止め - PR TIMES,https://news.google.com/rss/articles/CBMiakFVX3lxTE5tRlJkOVNTNzM4cEZRLXFxaDlDU09ZNm50aDF0UmpkRUMwbnF1UXc3R2M2Y3F2SnhvS1ZRV2dlOTh5V3RCYmlsSFFtalF1cXp6VkRHeE1ZOUUxU3Rxa25TV1N1SV9pSkhaUmc?oc=5,"Fri, 21 Nov 2025 08:00:00 GMT",2026-09-23T09:29:32+09:00
GoogleNews:Z世代　意識,Z世代　意識,WAKA、「Z世代・α世代のタイパ意識とデジタルサービス利用実態調査」を実施 - 日本ネット経済新聞,https://news.google.com/rss/articles/CBMiVkFVX3lxTE5VYnloQ2FnVmQ2Q3VtdC01TDRETzJZcjN6cGdVaXdsblQxeVlDQTNqWjJaWFh6dE1CcVVwX08tdnlrVzgxeF9iOHoyWmlfdFFqN0dOMFV3?oc=5,"Mon, 20 Jul 2026 07:00:00 GMT",2026-09-23T09:29:32+09:00
GoogleNews:Z世代　意識,Z世代　意識,Z世代の55%が「生成AIのアドバイスが行動や判断に影響」株式会社マインディアの意識調査で判明 - コマースピック,https://news.google.com/rss/articles/CBMiVkFVX3lxTE1HWjRXMk93RFNhWUM3OExweHhEd1E5XzVoTEZJTThvemNFLXVmNDdJb1B5SjJrWDhTY244bjV5UV9uc2F2ejRxUU8wb3hvbWRUVkh2ZUl3?oc=5,"Tue, 09 Jun 2026 07:00:00 GMT",2026-09-23T09:29:32+09:00
GoogleNews:Z世代　意識,Z世代　意識,大人の8割が知らないZ世代のメンヘラ消費。82%が親や教師には秘密。企業の病みかわアピールを30%が一刀両断。Z世代のメンヘラ消費についての意識調査をZ-SOZOKEN（Z世代創造性研究所）が実施。 - PR TIMES,https://news.google.com/rss/articles/CBMiakFVX3lxTFBmS0FCQXB6NW9CRzc3MjhRd25uU2JWUC1IWXZLQWdxMG1BSl9rWEJTVWRpS3N4bGc0UkFrMVVNUHRJMWpNbnFGQ21FVHR6djJoeEE2ZmJSX1VaYTFZTnV4c0NycTNoM1hvMXc?oc=5,"Wed, 25 Mar 2026 07:00:00 GMT",2026-09-23T09:29:32+09:00
GoogleNews:Z世代　意識,Z世代　意識,Z世代の約8割に「ストック消費」が定着。「外食」に関する意識調査を実施 - PR TIMES,https://news.google.com/rss/articles/CBMiakFVX3lxTE8zMHVaTjdHTG4zbFNtdnNhSS1fS2w3VkNYQXMyS3hrVGt2MGIwT2V6bTJORHZsWjlsSWl4TFRhdjJKODJsYkhRT1pRdzRnMzloaTYwcG5UQ3BYQjZCQzBOZV9iTF8zNjdjR2c?oc=5,"Wed, 07 Jan 2026 08:00:00 GMT",2026-09-23T09:29:32+09:00
GoogleNews:Z世代　意識,Z世代　意識,【調査リリース】Z世代における「ブルーカラー・施工管理職」に関する意識調査／6割以上が「就職先としてまったく考えられない」と回答／20代で年収500万円でも「施工管理職を希望する」は0％ - PR TIMES,https://news.google.com/rss/articles/CBMiakFVX3lxTE1BS2g1M1JJX2ZpTVRjY3U2ZDRzSVFZZ0stZUE1MHBpei1BQWNEcXA1YUtId1lnWFNSODRUdk9OUS14YllBdHVrSWo0MzFQUllNTlVCb1VUTUR5REpJaDZJQ2tJVkMyMzFMUUE?oc=5,"Tue, 14 Apr 2026 07:00:00 GMT",2026-09-23T09:29:32+09:00
GoogleNews:Z世代　意識,Z世代　意識,Z世代はS（ソーシャル）世代に 大学生意識調査2025発表 - AdverTimes.（アドタイ） by 宣伝会議,https://news.google.com/rss/articles/CBMiX0FVX3lxTE43a3p4VDluRmtZZ2pKMUJyMXhJUnl1Mjc3TkhodC1ETkhrM0dLZk9MVl9fQ29IOWU0RldFb2s0d0RSR0NKeGJraUlnUG41bjl5eHBScEJVSHUtNzVVNGdr?oc=5,"Mon, 22 Dec 2025 08:00:00 GMT",2026-09-23T09:29:32+09:00
GoogleNews:Z世代　意識,Z世代　意識,“Z世代は飲み会嫌い”は本当か？ 世代を隔てる“配慮”の存在 - 電通報,https://news.google.com/rss/articles/CBMiS0FVX3lxTE5XdjRnVnU0RlBTaWo5amxPSGVNTnFSb3BNM2RZWklGamVHLXl5Yi1UOE5pc252Z01iU2VuamcxanMzbEJ4T2VHVlp1bw?oc=5,"Fri, 19 Dec 2025 08:00:00 GMT",2026-09-23T09:29:32+09:00
GoogleNews:Z世代　意識,Z世代　意識,Z世代の45%が「小学生頃」に郷愁 ノスタルジーマーケティングの意識調査でFiom合同会社が発表 - コマースピック,https://news.google.com/rss/articles/CBMiVkFVX3lxTE9KZDdIN2Vjd0JvYmFfX0Zybnc1QzFZeWU0dDFOaDNsSlptdklFR2NKOS1QOE16N0Q4MEoyQ0NIbmVQazRTR2dqT3EzZ19JeUlEaDQwckx3?oc=5,"Thu, 26 Mar 2026 07:00:00 GMT",2026-09-23T09:29:32+09:00
GoogleNews:Z世代　意識,Z世代　意識,日本旅行業協会「Z世代の大学生海外旅行意識調査」約8割が「海外旅行に行きたい」費用はアルバイトで - ツーリズムメディアサービス,https://news.google.com/rss/articles/CBMiSEFVX3lxTE1zZmRvTkpRRGVQWGU2ZGluMWhEazJXb241Nkc4T0Z1N21Hc3RjUmg5TUdNU3BPaEhXVnNoSTJzU1RDWnYxRGRoQw?oc=5,"Tue, 04 Aug 2026 07:00:00 GMT",2026-09-23T09:29:32+09:00
GoogleNews:Z世代　意識,Z世代　意識,Z世代の47%が企業の中途半端な復刻に拒否感。懐かしさ消費の原動力は自己肯定感（36%）。Z世代のノスタルジーマーケティングについての意識調査をZ-SOZOKEN（Z世代創造性研究所）が実施。 | Fiom合同会社のプレスリリース - PR TIMES,https://news.google.com/rss/articles/CBMiakFVX3lxTE9RUUxzazFUY3RORnQ5Z3dIWDI1OFhmc2gydExDTFRWZDdzXzNfeFRUMnFHSVVVTVcxSFNWSEJMSi1qTDRxQ19RdGp5WGgxNVd4aVU0ZnVvRlV6dXFrMDVrd1kxMjZicUd4dVE?oc=5,"Thu, 26 Mar 2026 07:00:00 GMT",2026-09-23T09:29:32+09:00
GoogleNews:Z世代　意識,Z世代　意識,Z世代、「新生活への意識・関心」ライフステージで異なる志向 GMO NIKKO調査 - ECのミカタ,https://news.google.com/rss/articles/CBMiWkFVX3lxTE5nNE9DODZNOThMVWVQSDgyekgwZ2xsbmJ3WWV4TFh4aGItOWRhak1pcGNRczM2M19HYUdpUGhYdUtVVlFOYXdtQnQyMmxNOVBnODA4NVM4NUx5Zw?oc=5,"Thu, 14 May 2026 07:00:00 GMT",2026-09-23T09:29:32+09:00
GoogleNews:Z世代　意識,Z世代　意識,Z世代の熱狂を生み出すマーケティングに注目 - nikkinonline.com,https://news.google.com/rss/articles/CBMiYEFVX3lxTFA2Sm5rbU40VFdwVnI1RkJyUmVPS1dfcEpvc2pzU0ZmTGNVdWNuZGZqQnU1WW8zd1dzaElHZ21Ob0lpWWJHeFFjM2lEQjZDUlA0b0NhOThtUkRDUnczaE9ZYQ?oc=5,"Sat, 31 Jan 2026 08:00:00 GMT",2026-09-23T09:29:32+09:00
GoogleNews:Z世代　意識,Z世代　意識,Z世代の人権意識に焦点 ひょうご人権シンポジウム、26日に神戸で [兵庫県] - asahi.com,https://news.google.com/rss/articles/CBMiZ0FVX3lxTE9qUGlRNGJvWHFwMnYwTXBIOE1qRXpvWEtQRWZHUmthcTZpV0pCOEV0eTdySGFTekhhX1J2WlEydV9IMmRJanZjZW5aZmQ2RTAtbUhjeXpScUxQNlVaTWZma2MyYkc5SkU?oc=5,"Fri, 27 Feb 2026 08:00:00 GMT",2026-09-23T09:29:32+09:00
GoogleNews:Z世代　意識,Z世代　意識,Z世代はどう見ている？最新調査から見えてくる企業のSDGs・社会貢献活動の形 - PR TIMES,https://news.google.com/rss/articles/CBMiakFVX3lxTE5GdEZ3Y19KUE5lbm85T0RUWjNtcHR6Yk50dzVpS0dxVXdTZ1B0bDdDR3ZLeDllMXotVG5MUktMdHBSWDFJa0FzQXJxbElheHBwLUt4b0RyWW9tUS04aWtXdHZacGQ2cmd6akE?oc=5,"Thu, 06 Nov 2025 08:00:00 GMT",2026-09-23T09:29:32+09:00
GoogleNews:Z世代　意識,Z世代　意識,【今月のチャート】健康意識が高まるZ世代、依然としてカフェインは重要な役割を担う - Euromonitor,https://news.google.com/rss/articles/CBMinAFBVV95cUxQdmJkX3dMcjJ5T2NEdmNIWjE4cVotM1pDeXpjb0ZId2IwYmk1UW12QXVObzdteTJ2VHc1cXJja0h4ZkZjTkFoNFFZa2ZlVjlfajNDeU9GSGxMV2R6ZVd1RkEzNFZVT3dYTDd2TXZDM0lkMVNnN0hfNElSRU5fa1RVa1pZdVNMZVZkdmlwc3FlVXJnMXg5TklDTnktQmE?oc=5,"Fri, 24 Apr 2026 07:00:00 GMT",2026-09-23T09:29:32+09:00
GoogleNews:Z世代　意識,Z世代　意識,Z世代の6割超が電話対応に負担感、社会人基礎力の意識調査で明らかに - こどもとIT,https://news.google.com/rss/articles/CBMiZEFVX3lxTE9HUFNYbmpSblFFeTAwQjJLYmR5SWdtekdrRG1CdGkzeUtzSmJOeDkzcVVRdUUyT1lUaEgzMXZqTUM3b3dQYkxaSGpZSXdMNUFRZk5YWmtvM0E1SmlwVlJsWTktMmg?oc=5,"Mon, 09 Feb 2026 08:00:00 GMT",2026-09-23T09:29:32+09:00
GoogleNews:Z世代　意識,Z世代　意識,Z世代に聞いた「ビジネスマナーに対する意識調査」を発表、苦手最多は「電話対応」―manebi - HRzine,https://news.google.com/rss/articles/CBMiSkFVX3lxTFB1RDFIYW5ZRDY2VUZqVjY0TU5MNVNtLXp3czMyVUczTmxBeFBUdDZFdXpZVGxKelVqR04xOGR6V0NTMFBaQVp6R2hB?oc=5,"Thu, 19 Feb 2026 10:27:36 GMT",2026-09-23T09:29:32+09:00
GoogleNews:Z世代　意識,Z世代　意識,生成AI時代の「仕事」をめぐる大学生の不安の実情－高い就職率でも揺れ動く、Z世代の「自己成長」意識 - nli-research.co.jp,https://news.google.com/rss/articles/CBMib0FVX3lxTE9abWtpMFA0M0RDSjlHU21CdjNHd0hCVDdYUDFZRmJqWi1kWXdpX2FLNzRBRGFuVGE5R3ZuSE04Zm93M1VHdDRXZm15X3VZWUZLM24tT3JLWmVBSUpwU3g0UEtFS0ZuR3RuMldnTWIwONIBf0FVX3lxTFAtLWRlbG9od05zZDEwWVdUejlEbUdJM0MwVXY1eGpIQTVUS09vWnAtNFFGYkVQRFlBcXdVQVYtWk1YY2xsZUJ0ejRkakQ1TFVtREdYWk1taEtSSkpvaWJwSUFUQTFvNG84eXdBcnlqWFh5ZnBsanNjQmtvSmNUanc?oc=5,"Tue, 27 Jan 2026 08:00:00 GMT",2026-09-23T09:29:32+09:00
GoogleNews:Z世代　意識,Z世代　意識,サステナは“意識”から“習慣”へ──Levi’sが仕掛ける、Z世代のリペア文化再設計 - AMP[アンプ],https://news.google.com/rss/articles/CBMiYEFVX3lxTE94NFF6M0JVZTBmWGp3THNjZ0N0RTh0dU43cmFOX2xCdHJDWUxGcWxGM2N6UGZiOElsc2VfVHdyMGVPZnJoS0o4V2p0clhIdWxITUwxTVEybS00NG5VYmM4NA?oc=5,"Sun, 03 May 2026 07:00:00 GMT",2026-09-23T09:29:32+09:00
GoogleNews:Z世代　意識,Z世代　意識,Z世代は節約しながらも趣味やご褒美には積極消費、デロイト トーマツ調査 - こどもとIT,https://news.google.com/rss/articles/CBMiZEFVX3lxTE1CSzhNcjVLZHZpRTkwRWdHSVdxN2EtY2VIYW5PVVRyaHI0SmVCeGhsSHNHNUw0OC1QWjZnSVhvT1pGWndhYWFaMk5LNDNLTVlnZEV0VzdVc3A3SmhvdnV4cnlBczE?oc=5,"Mon, 01 Dec 2025 08:00:00 GMT",2026-09-23T09:29:32+09:00
GoogleNews:Z世代　意識,Z世代　意識,"X世代・Y世代・Z世代の3世代2,050人の働き手を対象にした、仕事での生成AI利用に関する意識調査 - アデコ コーポレートサイト",https://news.google.com/rss/articles/CBMiV0FVX3lxTE01eFhRYmwzNkZPb2VYQmlFXzFnLU5ZZ2VUMml3N3hYR0FYeEN3U2RsSVk5RDVEUjZraEt4QXJyN3VZVHA4V05fZEFqMnNsMkdOemdpaGVHRQ?oc=5,"Thu, 16 Oct 2025 01:19:24 GMT",2026-09-23T09:29:32+09:00
GoogleNews:Z世代　意識,Z世代　意識,むしろ、ひとりが楽しい!?Z世代の4割が“ソロ活”経験あり。「ひとり時間の過ごし方」に関する意識調査を実施 - PR TIMES,https://news.google.com/rss/articles/CBMiakFVX3lxTE5qUVhSX25ISTg2a0hEbmZqMk5CWkxOZlNTNUNkc3Q4LV9uOVdVQklLZUVIV3lkQXNpMDEwdVNDTllRbDl3NXhaVzBDLWlIZnE3MzV5TU5td3JKOHc3SDJRVnFCcDVBNTZFZEE?oc=5,"Thu, 30 Oct 2025 07:00:00 GMT",2026-09-23T09:29:32+09:00
GoogleNews:Z世代　意識,Z世代　意識,Z世代と上司世代のお金の使い方を比較調査、SNS活用やコスパ意識に年収別ギャップ|SMBCコンシューマーファイナンス - コマースピック,https://news.google.com/rss/articles/CBMiVkFVX3lxTE5HSE5oSGdvczlNZDVJSFJBTVpyYThzcjFqRjFJRDMzSnp4eXN4WV90SUdSOTd0VkQ5blRzOGk3RWs4Z3pyTGtLU1FENjY2eUVCaDdkaXBR?oc=5,"Thu, 07 May 2026 07:00:00 GMT",2026-09-23T09:29:32+09:00
GoogleNews:Z世代　意識,Z世代　意識,日本のZ世代意識調査：SNSのイメージや消費感度編 - ネオマーケティング,https://news.google.com/rss/articles/CBMie0FVX3lxTFBuVFNQeDFZWDBsXzJzWm9tdGdqSnpUSy1vVHVycUtEY3pPemExVE5pbUh3QU1OQnZMUTRCRkRWMGlnY3JWeHBPOVZhaGlnMjlHRUdTRGU3dmJnVmRJc3paa1ZmMFM0S2lwMFgwUXllek81QkN3SEJnNEQySdIBiwFBVV95cUxQVXNFYjRtOTdva3ljMXc4U0lYcnhjTFVqdE9PaUdkdjRrbFpjeHZ1Q0ZkR2FHd2wzdmpRQnppV2liU0NyUEVhS09zd1ZXbDNPTU9EVlNDVVFVdjJVZXF2SlV5d0VmUVVxTlY0TWRRcldEMmNENXVHLTlpdXE5UFVUcU14emRyMEp5YUln?oc=5,"Fri, 26 Sep 2025 07:00:00 GMT",2026-09-23T09:29:32+09:00
GoogleNews:Z世代　意識,Z世代　意識,ＳＭＢＣコンシューマーファイナンス調べ 有意義だと感じるお金の使い方 Z世代・若手では“将来のため”、 上司・先輩では“人のため”の優先度が高い結果に | ＳＭＢＣコンシューマーファイナンス株式会社 - アットプレス,https://news.google.com/rss/articles/CBMiTkFVX3lxTE5RRzljUkxpTFpZTDk4eGMtS1VuYi1adWJScWR2d3ZVWUQ1Sk9kTnhaMEtGYS04M210SlJReFVmTksxMmhZZVd0cDNKUTE0Zw?oc=5,"Fri, 01 May 2026 07:00:00 GMT",2026-09-23T09:29:32+09:00
GoogleNews:Z世代　意識,Z世代　意識,アサヒ飲料、若者の「NO」といえることに関する意識調査、Z世代の約9割が「いらないものにはNO」といえる人がかっこいいと回答 - マイライフニュース,https://news.google.com/rss/articles/CBMiWEFVX3lxTFBGVXpaeHM2VHktT3BtdXRNNmZURWkycDZsem96dDZ1RnY0WU5Yb2RhQ2JTcVllVWN3RFF6RzlFMW1RNkl2YWVqSlhpMnhuUF9Ic2ZBX0FiNnA?oc=5,"Tue, 28 Apr 2026 07:00:00 GMT",2026-09-23T09:29:32+09:00
GoogleNews:Z世代　意識,Z世代　意識,Z世代のファッショントレンド意識調査、スタイルアリーナが表参道で街頭インタビューを実施 - コマースピック,https://news.google.com/rss/articles/CBMiVkFVX3lxTE5RWEgwcmFhVGp2VllRZ0NBNW53cS05WFhlcWY0Ylhua0tvQTRQanRTZDE2bUlQdlpEeVJDVmhlQU1TSHZpazhEek5FVmpxc2JVZC1JM3hn?oc=5,"Tue, 03 Mar 2026 08:00:00 GMT",2026-09-23T09:29:32+09:00
GoogleNews:Z世代　意識,Z世代　意識,Z世代の49%がGREEN×EXPO 2027を知らず。7千円なら55%が高い・払わない。Z世代のGREEN×EXPO 2027についての意識調査をZ-SOZOKEN（Z世代創造性研究所）が実施。 - excite.co.jp,https://news.google.com/rss/articles/CBMidEFVX3lxTE53Uk1tQXJNYlFQV3FzS09qeHEyaG1pMmpvdzk3TVF4RVg5Umd0YzcwRzkycnFOZkFGM0VrSFdJak1OUWNudnFYcEtiZlNuRzh1SUZyanZaakNqWWZENC14TDhteklDMnZaeVYzN3pkNWNzR2R2?oc=5,"Wed, 26 Aug 2026 07:00:00 GMT",2026-09-23T09:29:32+09:00
GoogleNews:Z世代　意識,Z世代　意識,「簡単だよ、大丈夫だよ、すぐ行けるよ」タレント浜川結琳さん 知事選投票呼びかけ Z世代意識、イメージキャラクターに 沖縄 - 47NEWS,https://news.google.com/rss/articles/CBMiS0FVX3lxTE1BbzlpOFlFTDlzREtRRkQwcUhzZHRadlB6ejBDRFJmelluLUxpUGx4anV1S1BrTEtvVVhWQ21ITEoySkxqM1kwZGstVQ?oc=5,"Sat, 29 Aug 2026 07:00:00 GMT",2026-09-23T09:29:32+09:00
GoogleNews:Z世代　意識,Z世代　意識,Z世代の「意識的なアンボッシング」から学ぶリーダーシップの新潮流 - Forbes JAPAN,https://news.google.com/rss/articles/CBMiWEFVX3lxTFAtQXVwUXRxclFFOTVKVFliRHJoYTFWd2pyWWlHT1UwbGxZQ3JUNW0zVWJsVW1ScmVVM2EyX2pSNm1FMHVJU29wSm13amxIMWZqdVg1UnNYQzA?oc=5,"Sat, 03 Jan 2026 08:00:00 GMT",2026-09-23T09:29:32+09:00
GoogleNews:Z世代　意識,Z世代　意識,"2026年成人式：1,709名の意識調査で見えたZ世代のリアル。振袖姿で「自信が持てた」新成人が3人に1人 - PR TIMES",https://news.google.com/rss/articles/CBMiakFVX3lxTE91MWhVOVkycEJIWXJxX3lhN2ZQbzRkZHhVN0l4M0VqQWJqRzA3b2V1UE1Ud0JMUHNaMUlsblRzV3Q5NWxMQkNONHU0QU5FQ0pGQmRMdE04WGxfTlVzZHctNzdJOHpyVndqbHc?oc=5,"Thu, 22 Jan 2026 08:00:00 GMT",2026-09-23T09:29:32+09:00
GoogleNews:Z世代　意識,Z世代　意識,2026年Z世代女子トレンド調査発表--63.8%が「節約意識が高まる」、流行りそうな言葉は「滅」 - マイナビニュース,https://news.google.com/rss/articles/CBMiXEFVX3lxTE4zZmd0dUdPcGpXbjZEdWYtdWxfSlVsNmdzbmhMbWZrTFpZYnVlLVNWblctUTZVZFF6TGNSeDNzSzJHckJwT3JJVGRyaEk0djh0MTZsTzhxOENiUFJl?oc=5,"Mon, 06 Apr 2026 07:00:00 GMT",2026-09-23T09:29:32+09:00
GoogleNews:Z世代　意識,Z世代　意識,Z世代は「ご褒美消費」に意欲的 デロイト トーマツが購買行動調査を発表 - AdverTimes.（アドタイ） by 宣伝会議,https://news.google.com/rss/articles/CBMiX0FVX3lxTE53QkppdGhiTHJYVG92Qkx3cGRfVVNuSnZqaGhicElvVDVFY1RKMGRtcmdfV1VMN3Iycmp1LWpuUzBoUzI2SE1xeEVRR2Y0RmJmeEtwZTkwdnB2ckptcWhj?oc=5,"Thu, 25 Dec 2025 08:00:00 GMT",2026-09-23T09:29:32+09:00
GoogleNews:Z世代　意識,Z世代　意識,【Z世代300人が回答】推し活のグッズ廃棄率はわずか1.7％！ Z世代の推し活に潜む「もったいない」の意識とその背景は…？ - eeo,https://news.google.com/rss/articles/CBMiVEFVX3lxTE83U3VTeXRqeE9hY1M2Nmpxd2MyS24xQUZsQ25jNGRlTDZ2X2NmMzF5NHREWFllYVFMZVNpTnJ3b1FTUXZrQXhFSlRDYVlKLW40S1FpQg?oc=5,"Fri, 26 Dec 2025 08:00:00 GMT",2026-09-23T09:29:32+09:00
GoogleNews:Z世代　意識,Z世代　意識,Z世代の健康不安トップは「がん」。イプソス、世代別の意識調査を発表 - TABI LABO,https://news.google.com/rss/articles/CBMiWkFVX3lxTE94RnVremx0OVkzX0dxOERTLXpmN19KTmRKOTNldUZwTEY4MUpRQVA0dmROZEQ2b3N0c1gwMzFKdFh5S1hVVG1HSU5mQTk4d2xfOGFaaE4zVENLdw?oc=5,"Tue, 02 Dec 2025 08:00:00 GMT",2026-09-23T09:29:32+09:00
GoogleNews:Z世代　意識,Z世代　意識,Z-SOZOKEN、Z世代のJiffcyについての意識調査結果を発表！Z世代の約8割が「入力中の文字が見える」機能で感情が伝わると実感 - 株式会社ヴァリューズ,https://news.google.com/rss/articles/CBMiV0FVX3lxTE0wVW1uTmxkV3NNR0gyTFlPMU1md1N2bmt2NFZ1NVVwR192SWRuNGlMMF9kN1JtczVXVUFrTzd0Y0FqcjBmRktRUEVaRkpMbGVVQWlxbGNaaw?oc=5,"Mon, 10 Nov 2025 08:00:00 GMT",2026-09-23T09:29:32+09:00
GoogleNews:Z世代　意識,Z世代　意識,Z世代「自由は好き。でも自由に仕事しろはキツい」 - ASCII.jp,https://news.google.com/rss/articles/CBMiVEFVX3lxTE5uM2VSSGhldm5iX0dVZDAtV2dNeXZfbnN3d3ZRVDRQeGF0aEpsZE1BaUZJcWhJUkNGUzd5S1lLUWNNNlFHdGlMYWEwT25tVTlnTkQtbA?oc=5,"Mon, 08 Dec 2025 08:00:00 GMT",2026-09-23T09:29:32+09:00
GoogleNews:Z世代　意識,Z世代　意識,Z世代の84%が「恋愛したい」、一方34%は交際経験ゼロ。理想の出会いは「学校・職場など自然なコミュニティ」(61%) - ニコニコニュース,https://news.google.com/rss/articles/CBMib0FVX3lxTFBHcEwzWFJVbWg4bFlBdVNGY2Vxa3pDdFhneHd4UjQyZ3pvREpob0drTUdBRDRheEN4eGVOZnhob1AzX3lrbVpYdkkwZXVVc2ZMQy1uTlR3MjVmRXlZbUNDVVlFeDN4OU5TZGloZ2RWNA?oc=5,"Sat, 22 Aug 2026 07:00:00 GMT",2026-09-23T09:29:32+09:00
GoogleNews:Z世代　意識,Z世代　意識,「意識的な脱管理職」時代：Z世代が求める新しいリーダーシップ像 - Forbes JAPAN,https://news.google.com/rss/articles/CBMiWEFVX3lxTE9WeDFsSnZqcE1CY1Z1QWZUU3lHZlJwR3RYNEpuazBMRmJVRFdpT09qZHJEcjREc1pXdFdmbWNfYzZTUHljYlR4emNEa05MVmxJUTFSWUdjNUg?oc=5,"Wed, 04 Feb 2026 08:00:00 GMT",2026-09-23T09:29:32+09:00
GoogleNews:Z世代　意識,Z世代　意識,【北欧リポート】「グレタの国」でZ世代が右傾化、行き過ぎた環境政策と移民受け入れが変えた意識 - JBpress,https://news.google.com/rss/articles/CBMiVkFVX3lxTFBHa2Q0dnlJbzF5eDRDZF9pbG4xc3lpRi1xeXozNDctaVdBSWxhSXp1N1pPYkRRTXNaZUVMdEpOWjhwbWV6eXFJTGtJTG5TSlFsN0tjVy1R?oc=5,"Sun, 22 Feb 2026 08:00:00 GMT",2026-09-23T09:29:32+09:00
GoogleNews:シニア　意識,シニア　意識,"「深く後悔している」――シニアリーグで副審を殴打し意識不明→""前代未聞""の処分が下る - ｄメニューニュース",https://news.google.com/rss/articles/CBMingFBVV95cUxPSU1JcjN2ZnZJVmtRRENMZGR1eXRtUldvNmxCby1VOGswSGhBSUhZaWJOMXgzdzFYU1gyMlFuUGwyUmpkZFJfNzBNVnlQTXBUcEticE1LaGs4bVoxM0pWQ3ZsOGk5SDlrR29Mb21pN1JZVkNjNXc1MlhwdW1WTVBjQ2ozWG9XY3RwdlFYb1QycEs3QjVwa2hSMEFYLWMzQdIBowFBVV95cUxNWXdoNUQ0clBWNnJsY3p4aFhBTEZHUWJoN0hBQmxTcTJCOGJvUU5Xc3NPNXJhSnZROVRILVJKdnZSRTJSOXkwdEFRUnl3cExhMG5pYjVmRVR6LTIyc005YzVxMDZCTU9yUS1HN0toUHJqNFBSSFhkN3hwSmYzVzFZaFQ0N3FMMWxYcDFwSXBvbG9nbm9WMUN2TzZ6Q2tWMVh3NlZj?oc=5,"Tue, 22 Sep 2026 17:24:13 GMT",2026-09-23T09:29:34+09:00
GoogleNews:シニア　意識,シニア　意識,シニアの運転継続希望は94.7％ 子世代との意識差が顕著に KINTO調査結果 - LIGARE（リガーレ）,https://news.google.com/rss/articles/CBMiTkFVX3lxTFBzUllkcFdTZ2lZOUpOUmpyUzhiN01tSUlVMzNQVUIxT1pZQmdEeXc3U2llQk9wS2gzZUlzNnhvQ3E0V2Jxd01tZ2hiLWJqdw?oc=5,"Sun, 20 Sep 2026 23:34:55 GMT",2026-09-23T09:29:34+09:00
GoogleNews:シニア　意識,シニア　意識,ミドルシニアの働く意識に関する実態調査 - マイナビキャリアリサーチLab,https://news.google.com/rss/articles/CBMiakFVX3lxTFBCcTN3QlE5dllMTjlhSEdNS1A3MUhDSWFsVFkyVkRnV1N6c2lwUDBoRFFmMUdxNm9SeUd5WklzSnFERlRHZ1JDbVFaeXkwRHV3SVNoYndBUXQ5Y1Vlenl1a0tEMzJrbXg1NGc?oc=5,"Fri, 28 Aug 2026 07:00:00 GMT",2026-09-23T09:29:34+09:00
GoogleNews:シニア　意識,シニア　意識,＜シニア世代の旅行に関する意識調査＞ シニア世代の旅行意欲は8割超の一方、体力・足腰に不安 衰えていく「筋肉量」の維持が楽しむポイントに！？ | レモンマートル由来カスアリニンPR事務局 - アットプレス,https://news.google.com/rss/articles/CBMiTkFVX3lxTFA1S1FSOUJCRE5xWGNYQU9jWDNqZlpWSnBFa2ZDTFkwSXM2MmxSNW9PVnprNWxLa2NyaHNybzVwRTdQWmh1b1dsLXFsSkFfUQ?oc=5,"Thu, 17 Sep 2026 04:00:00 GMT",2026-09-23T09:29:34+09:00
GoogleNews:シニア　意識,シニア　意識,【シニアドライバーと子世代の意識比較調査】 70歳以上のシニアの94.7%が「運転を続けたい」一方、 子世代で「続けてほしい」は51.1%と、43.6ポイントの差 - PR TIMES,https://news.google.com/rss/articles/CBMiakFVX3lxTE12VWdqRmVlNFhMTk13OXEzRUg3eFRyeTFITFNYS21iNWd1dzVRNV9ndTE4M2ZWWVNyUmUxbGtZd2d0V3FsWGFCcVY4dmd6c2N1UFhpZU1FdzlFbzZZT29XQmwzU0FtMjlwOFE?oc=5,"Thu, 17 Sep 2026 04:30:01 GMT",2026-09-23T09:29:34+09:00
GoogleNews:シニア　意識,シニア　意識,転職サービス「doda」、 ミドルシニアの転職意識調査レポート【2026年版】を発表 ～ミドルシニアの5人に1人が「転職検討・活動中」、 転職では入社後の人間関係や能力発揮など「環境への適応」を懸念・重視する傾向に 企業による受け入れ体制の整備が定着・活躍のカギ～ | パ - パーソルキャリア,https://news.google.com/rss/articles/CBMif0FVX3lxTE9pUjdwZVdtOS1xbUNnYnBDb19MSUZJdVZ3MjdnY2cyUkZPdGNYbXpiS3pvbERvWTRCNHJqSVRQellkeFZjcGExcmc4MkJCblk4N1ZwTXhaT0Z6UTExeHJYM2pVVkg1b3dZUkFtY0hWLXpEcnp1Q2FxTVJQU2tQSVk?oc=5,"Thu, 25 Jun 2026 07:00:00 GMT",2026-09-23T09:29:34+09:00
GoogleNews:シニア　意識,シニア　意識,＜シニア世代の旅行に関する意識調査＞シニア世代の旅行意欲は8割超の一方、体力・足腰に不安 衰えていく「筋肉量」の維持が楽しむポイントに！？ - 千葉テレビ放送,https://news.google.com/rss/articles/CBMiX0FVX3lxTE1BSGJ2RTZRc1JRbk9pNmhyc3h6MWdTZHdMcHBNRnQ0Yi01Zm5IQXRNQ0MtQ1d2X2FyTi11aGdYdkxEQVhIMC1VTHNrLW9WdkZxdE1NbTNKVkhKQ1NyMGlF?oc=5,"Thu, 17 Sep 2026 17:40:25 GMT",2026-09-23T09:29:34+09:00
GoogleNews:シニア　意識,シニア　意識,"【シニアの意識調査】「ネット完結」より「対面相談（63.5%）」。終活に関する1,356名調査から紐解くシニアの信頼獲得・顧客化戦略 - シブヤ経済新聞",https://news.google.com/rss/articles/CBMiX0FVX3lxTFBsaF8yRm0tTjlrYlVNZzNYR2FMczkzaXItX2s1X0J1bFVINWphYjZSTGpIcXdGcmFtQVl2cVRyb25tbDIyeGZoNTZERzBuMk9SR2Zqc3U5cVBObzI1Nkdv?oc=5,"Wed, 16 Sep 2026 07:00:00 GMT",2026-09-23T09:29:34+09:00
GoogleNews:シニア　意識,シニア　意識,【シニアドライバーと子世代の意識比較調査】 70歳以上のシニアの94.7%が「運転を続けたい」一方、 子世代で「続けてほしい」は51.1%と、43.6ポイントの差(画像ギャラリー No.23) - MOTA,https://news.google.com/rss/articles/CBMiXkFVX3lxTFB2MXJTVmhiUHktWTJSZEdDdlJzNzllV3VyZ01JQkdTb3FyVXlHOXNBNW9vRnBFS2ZTUnFWTEtOREZBNGRRQ2NNMTZXamFYbFNtdDdadnZtblY4X0xrUEE?oc=5,"Thu, 17 Sep 2026 10:54:20 GMT",2026-09-23T09:29:34+09:00
GoogleNews:シニア　意識,シニア　意識,マイナビ「ミドルシニアの働く意識に関する実態調査」を発表 | 株式会社マイナビのプレスリリース - PR TIMES,https://news.google.com/rss/articles/CBMiakFVX3lxTE9PQ2dSM0NwUmFSYXpvQWw2XzVIeDRzQlVFNmtuV015RklieHN5NHVJTDdveGF6RjJwUDlxdE53ejhzSVpVdmVBY3FobDRTUzdWVll2bzlweVN0UVh3YnFwXzUweEZGNGFMNHc?oc=5,"Fri, 28 Aug 2026 07:00:00 GMT",2026-09-23T09:29:34+09:00
GoogleNews:シニア　意識,シニア　意識,【シニアの意識調査】60歳以上の6割が「コリの痛み」を実感。4割近くが「外出頻度に影響」し、コリの痛みが「外出したい気持ち」を妨げている - PR TIMES,https://news.google.com/rss/articles/CBMiakFVX3lxTE9XZk9LanlNOE1kZ1FobDZ1WWZHNFJLYUx5Vks1ZzFFcDhRSXcxdEtySnZfQ2lLaWx4MWNSUXJaRXlkOEFuY3RjcHFpUk5PLUpSWlBWd1RzWWdVc0IxSUxnX04tRWpuTXZHQUE?oc=5,"Tue, 15 Sep 2026 05:30:01 GMT",2026-09-23T09:29:34+09:00
GoogleNews:シニア　意識,シニア　意識,"【シニアの意識調査】スマホ所有率99.3%も「操作不安」は7割超。コスモラボが1,716名にスマートフォン利用の実態を調査 - PR TIMES",https://news.google.com/rss/articles/CBMiakFVX3lxTE1YRmxPNElMWHhVSHlLRGU4cHFBMEZCR2FnUUpaSUNQMlYxaVZXdzRrQ05xN0hiQ3FCc3dDVE1NajVMWUR1bFZmRTFwTUpIakMybS1ZWE5TNVliSFdoX2JqdFdMZ0xVZWhMVGc?oc=5,"Wed, 02 Sep 2026 07:00:00 GMT",2026-09-23T09:29:34+09:00
GoogleNews:シニア　意識,シニア　意識,"【シニアの意識調査】1,426名の回答から判明。シニアが腸内検査に求めるのは「3,000円未満」と「手軽さ」。専門性より“生活改善の答え合わせ”を重視。 | コスモヘルス株式会社のプレスリリース - PR TIMES",https://news.google.com/rss/articles/CBMiakFVX3lxTE9OT1VqMXlibHYySHotVVlCRHk2WUFwdEU4c0c0dk04Wk85U0NpWjRMaFRTa2xIZVUza3pFQmdtN18tV3MyaGM1VDdZaUc3S3NycTc4eUd4WnBUcTBldGgwME41OW1Yc0FJYUE?oc=5,"Wed, 13 May 2026 07:00:00 GMT",2026-09-23T09:29:34+09:00
GoogleNews:シニア　意識,シニア　意識,【シニアの意識調査】93.0%が食料品の負担増を実感、67.8%が節約行動を変化。物価高に立ち向かう高齢者のリアルな購買行動とは？ - PR TIMES,https://news.google.com/rss/articles/CBMiakFVX3lxTE1PSmxzYUJVbUUyUFhyaUxZYWRnN0tMbm4zRXQySndyZVdIZ2o3V0FrMzJoa3NjaHFYWENuRVc0NEo1M0V0aVlYS2otWXpiM01pZVNNYkdOWjNjek1mWmotd1lpRzRsUDVrZlE?oc=5,"Wed, 20 May 2026 07:00:00 GMT",2026-09-23T09:29:34+09:00
GoogleNews:シニア　意識,シニア　意識,"【シニアの意識調査】シニアの約7割がサプリ継続を「効果を見ながら決めたい」と回答。1,211名調査から見えた、一律の定期縛りが敬遠される理由 - PR TIMES",https://news.google.com/rss/articles/CBMiakFVX3lxTE15dDdfMmRtZjJqSkRWVHhSWklERFpKMm43UzBhSTdvdmVxdDlDRUxxQUZlMW5PZlR6VnEySUhLeGhFTWhma3NXVXdVbUE4aVFFbml5SDliWFRBbUtMV2c2RDM4TkMyM1M0cHc?oc=5,"Wed, 08 Jul 2026 07:00:00 GMT",2026-09-23T09:29:34+09:00
GoogleNews:シニア　意識,シニア　意識,「まだ運転したい」「お父さん、もうやめて」 なんとシニアドライバーの95%が継続希望！ 親子で真っ二つに割れる「運転継続年齢」とは - au Webポータル,https://news.google.com/rss/articles/CBMibkFVX3lxTE9Gd3Q4NUpNYWNjVDRWeUlOMHdyTGt2emtteWF1ODV1LUMtbkVtREZzc3pDQV9oNGpzUlNqN1hVQnhxQWtMV0M4QmwwVFpWSDVxYjg5NEY3dUlpbDZsRWlmc2RyLVA4RGZRMG1CSnZR?oc=5,"Fri, 18 Sep 2026 02:51:00 GMT",2026-09-23T09:29:34+09:00
GoogleNews:シニア　意識,シニア　意識,ミドルシニアの希望退職に対する意識調査 - マイナビキャリアリサーチLab,https://news.google.com/rss/articles/CBMiakFVX3lxTFB3Z21SUW1aRUxucWZHeTEzT05ZTlBlRjQ1RWlld2tTTWl6UjhDREVYeExHQzBreWFlelZobGZ3dDUwT0VhRmhUQnN4UEltOEpPNEhVVWNrWEdmSjVFN3ZmTkdRLTdnU1dUWnc?oc=5,"Thu, 19 Feb 2026 08:00:00 GMT",2026-09-23T09:29:34+09:00
GoogleNews:シニア　意識,シニア　意識,【シニアの意識調査】2026年の決意──「今年こそ健康に！」でも、約8割がまだ未定 - PR TIMES,https://news.google.com/rss/articles/CBMiakFVX3lxTE0zbk9sODRJOUJUbFZEUVN6cmFwX3QyalNxUkNBM0ZJTkJ4Nnk1eE9nWGQtNWFmSmxDRDVRUUhxSXlUNldPTVR4Z09FX3YyYXVUQ1hIWE5qamJ0anZObnZSRE1XRWF2b3h0dXc?oc=5,"Wed, 21 Jan 2026 08:00:00 GMT",2026-09-23T09:29:34+09:00
GoogleNews:シニア　意識,シニア　意識,"【シニアの意識調査】自宅で「毎日測定」するシニアが4割超！一方でデータ管理は紙（37.4%）が中心。コスモラボが1,762名に『健康測定』の実態を調査 - PR TIMES",https://news.google.com/rss/articles/CBMiakFVX3lxTE93Q3NiaEZuN1Z1U2tuaXBYMnRULVhfakhDcWhnS19ONTdvU0lHRGZnZTBRZXdhX3RJYWlxQWxicGNBdDFjbXM0VzZrX1FKVUhaYjV1cHg3NC1VXzh4ZXkwYXg2MzJlYm4zTEE?oc=5,"Wed, 26 Aug 2026 07:00:00 GMT",2026-09-23T09:29:34+09:00
GoogleNews:シニア　意識,シニア　意識,"【シニアの意識調査】約9割が「将来歩けなくなること」に不安。シニア層1,524名が明かす、転倒ケガや歩行変化へのリアルな危機感 - PR TIMES",https://news.google.com/rss/articles/CBMiakFVX3lxTE0xR2pHQUlSNlpxWXZVTGNtRVVTeTBVWndGMkhSNktLbThXV0VUd3lxQnp0REk4WXNucmVQQTRJRnZURXFLWnQ1aFRUamk3cVJlRzVKSVRxb0V4M1JCS25sYmdlZGF2NXc1Ymc?oc=5,"Wed, 15 Jul 2026 07:00:00 GMT",2026-09-23T09:29:34+09:00
GoogleNews:シニア　意識,シニア　意識,【お金に関する意識・実態調査2026】シニア女性の「お金の使い方」「守り方・増やし方」の満足度は増加傾向 続く物価高で節約意向が高まる一方、年金の補完や趣味・旅行の原資作りに「投資意欲」も拡大 - PR TIMES,https://news.google.com/rss/articles/CBMiakFVX3lxTE1nckJmTy1Sa0h6NDF6UWwwaG91QlU4eGxxZjRfeHR3aFV6U2doMTZWanRaMWJubXBWSGN5b2JiNTZIZmxHYVVnTHJMUm1DdUVPWUZ6OUhYMGUyV1QyWjJEanNmd2ZLbmxISHc?oc=5,"Wed, 05 Aug 2026 07:00:00 GMT",2026-09-23T09:29:34+09:00
GoogleNews:シニア　意識,シニア　意識,"【シニアの意識調査】1,144名に聞く社会参加のホンネ。不参加の理由は無関心ではなく「予定を縛られたくない（31.6%）」「人付き合いの気疲れ（29.9%）」 - PR TIMES",https://news.google.com/rss/articles/CBMiakFVX3lxTE04ZU5ZTDNfbXl5UGVRbDRHZ1I1M3dlaHVmTDcwa1VhQVdtWWpaMHBRNkZ6ZmpMQlBCMUtXSllzY2N2cUxGTi03LWtmMWxJclREZTVkTnRCM3oxWUZaN1lLTnp4T1Y1QS1VNWc?oc=5,"Wed, 01 Jul 2026 07:00:00 GMT",2026-09-23T09:29:34+09:00
GoogleNews:シニア　意識,シニア　意識,"【シニアの意識調査】「まあ満足」層に潜む巨大な乗り換え需要。スキンケアに関する1,147名調査から掴むシニアコスメの顧客化インサイト - PR TIMES",https://news.google.com/rss/articles/CBMiakFVX3lxTFAxNWFheVE3enRUcTZKQmY2ZVhYbHlfWHRqZ3BqS3ZuZXRTZXhWNndLSUprb3VfcFNyRGlrNE1ZOTVpZVV4NVNVQ1lZZUxmUTFyNlVjdnF3N2RDbHdpYXkwc0RsXzExZGZMWFE?oc=5,"Wed, 22 Jul 2026 07:00:00 GMT",2026-09-23T09:29:34+09:00
GoogleNews:シニア　意識,シニア　意識,"【シニアの意識調査】ヘルスケアの訴求は「不調のメカニズム解説」から入るのが正解？ 2,079名調査から掴むシニアの顧客化戦略 - PR TIMES",https://news.google.com/rss/articles/CBMiakFVX3lxTE90RkdzUDF1dlZ3SldlYk43QW1PZksyUzZ6b1ZTSWhTNFgzRkdjR0FxMndzcktvTjN6dVhwd3lBaVpFTklZckNPQVNHcV9DUXNKZXlFa3ZTRXItSWM5NHNkaUlyektmMWxWNXc?oc=5,"Wed, 19 Aug 2026 07:00:00 GMT",2026-09-23T09:29:34+09:00
GoogleNews:シニア　意識,シニア　意識,シニア世代の旅行と体力・足腰に関する意識調査 - South65,https://news.google.com/rss/articles/CBMivwJBVV95cUxQWGxhYlN5TkVhU19XVE9EMUNpRGVmNGNZTTg3SldqbWRady1LUlZaN29CSnd0UUlTOUxJd2xxYlczUGZjb3Y0NmEwVWRpd3A5QkktUzJ3MUdCTVc5R2Z5VjIybWNTSktJRzcyVjdUODhhaTBhQThFOVdsTW9FYmlWd0huZHVaQmE4UmdnMlNfU2xJa3hJUW5ocW1qOG9DUWdXS2lHakJGMEw0RndQUGRwTmZGeTR4ZXBPRDh5blFSVU8wc2M3Y2tLQjhQaW4ySlJtbmFURGFGSUQwRUI5OXcyd2FucG1FMHQ5UTBmT3FkMHpHX1RGajJlbVhUcFA4WjQ2UnhhSThuVVRuazMtd3c5MkY2aTFTOVNERDVxWFZjS0FMXzI5Z2hxclFKZU9OcFdOTGliaU93cmZqcllZY1FR0gHEAkFVX3lxTE5nQUlhUEVFcVNzSXFrUzItX1JQb0dVT0lRcmpOb042OHFfb1NsYkx0S0lsQnE4dnZROUlZUWdOWFFERHdzUjZES1pnSTlZSWg0MTk0S2REUTdQYlFoS0R4NmZvQmxfdXF5MzU0elc1LVZ0T0RnNVB2TW15Zkp4R1VpUE9FRHlvMWZWanMya0tyREV2dWx3RHdfQnprYTFTWXk0QU4wTjNpVjZCdkE4ZWp5R2F6V0xMem9rRlBJRmNWM0oyMi1iWHFOQ05DSjU4ZWUyaEV5d0pkZzF0azVqaGVLX3FoUFNaYWpUX2Vja290Yk9LeEg2Zlgwc2dLUjdvV3NDUkhSYU9vUkRDb08xWFVkZjl5cUkwNFFFOWhIdURWaWJabnUzelp5eUd1dXVEUFZoS3JhbkwxMWF3NXk2UEl0VHJDbw?oc=5,"Fri, 18 Sep 2026 04:24:30 GMT",2026-09-23T09:29:34+09:00
GoogleNews:シニア　意識,シニア　意識,【シニアドライバーと子世代の意識比較調査】 70歳以上のシニアの94.7%が「運転を続けたい」一方、 子世代で「続けてほしい」は51.1%と、43.6ポイントの差 - Mantan Web,https://news.google.com/rss/articles/CBMiiAFBVV95cUxOUTliZUtPOC0xcmFiTVB4aFIxdXhIU0MzM0piRGJCQ2dNeUEteVR6T0N3ZE5GNHlkODBtdmRaZW5oSHpxNDdLMTZPNHlYR1lMSG80a2tWNkJ3YkF6TFF3SWpSVXR2dkpUY1o2YVp6ZHRLUXRJYzVmemdCb1JNRW5fS2RwRy1Ed25w?oc=5,"Thu, 17 Sep 2026 14:57:23 GMT",2026-09-23T09:29:34+09:00
GoogleNews:シニア　意識,シニア　意識,"【シニアの意識調査】野菜高騰でも「量を減らして野菜を優先」が約4割。野菜不足による健康不安は9割に上る。コスモラボが1,482名のシニアに実態調査 - PR TIMES",https://news.google.com/rss/articles/CBMiakFVX3lxTFBEX0IwYXQ3V19nVEJZQzY3bjdxZXNGRDg2WmlsYXI3bFJaNEhPNXJxQ3RLYTRRdlFvUG5sUkIteFhrbkViR0VDM1YzbGctYjZtaGpwS1hWN1NRVlV4ZGdSVHEyVFFkU2NiN1E?oc=5,"Wed, 29 Jul 2026 07:00:00 GMT",2026-09-23T09:29:34+09:00
GoogleNews:シニア　意識,シニア　意識,"【シニアの意識調査】対症療法より「予防・習慣改善」に商機あり。胃もたれに関する1,961名調査から読み解く、シニアの顧客化インサイト - PR TIMES",https://news.google.com/rss/articles/CBMiakFVX3lxTE1qUm9fWktWM3FJcUFpdUFtZmdCU00zZmptRzNZZjUxLUNZTTNZM29tNTk2c1BhaUEyQlI3ckVwWGlYQ3RNaElCMzBuTy1TOWFHVW1xNTRQRGtDQk9aUGp0RGswNno2b3JzOXc?oc=5,"Wed, 10 Jun 2026 07:00:00 GMT",2026-09-23T09:29:34+09:00
GoogleNews:シニア　意識,シニア　意識,【シニアの意識調査】40％が眼科未受診？シニアの目のケア実態を徹底調査 | コスモヘルス株式会社のプレスリリース - PR TIMES,https://news.google.com/rss/articles/CBMiakFVX3lxTE1DNVpBaUE4dmtsWTZ0MHNKXzRXM2VKaWx0MWJ5VVNWX2gyYzdYWHdqNGJPcVl4b2ItQWltUDFuRjNFbzZIa3NmQ1BFVzNDbld1WVlQSTA3eVJKSmlGRGxpb2FsTUJqdU1jYVE?oc=5,"Wed, 11 Mar 2026 07:00:00 GMT",2026-09-23T09:29:34+09:00
GoogleNews:シニア　意識,シニア　意識,"【シニアの意識調査】「リアル体験×短動画フォロー」が顧客化の鍵。1,291名調査から紐解く、シニアのLTVを高めるOMOマーケティング - PR TIMES",https://news.google.com/rss/articles/CBMiakFVX3lxTFBDUkM4Z3h5TnVVamVkUC1VT1J2ekNNVVF0TWkwZnhYcVhCc0pjU2pCeTlPRnEwMWFKbW1BZDBPODQ4dzNjSF95R1AxXzhuTXpWX3FnbjdVN2owYnlaSzRTUWpOTDhoYXdvV3c?oc=5,"Wed, 05 Aug 2026 07:00:00 GMT",2026-09-23T09:29:34+09:00
GoogleNews:シニア　意識,シニア　意識,"【シニアの意識調査】シニア通販は「現金決済」の安心感が主役に？ 1,071名の大規模調査で浮き彫りになったシニアの決済・注文インサイト - PR TIMES",https://news.google.com/rss/articles/CBMiakFVX3lxTFBzMVU5QkwtekVqb1BtVFhRY1BzQncwNk4zTG9zLTFpYWMtYjVVZGxUWi0xZVBGSmk3NWxlYUJnTWhCRW5xeDBlWDZXQy1jQU96SDZGbktMbWNIRkNQbXFuVXR1VTlCTmpYd0E?oc=5,"Wed, 17 Jun 2026 07:00:00 GMT",2026-09-23T09:29:34+09:00
GoogleNews:シニア　意識,シニア　意識,"【シニアの意識調査】病名認知は7割超も、約3割が骨密度検査「未受診」。コスモラボが1,476名のシニアに聞いた骨粗しょう症の実態 | コスモヘルス株式会社のプレスリリース - PR TIMES",https://news.google.com/rss/articles/CBMiakFVX3lxTFBTZWphd2h0UjlEOXFhbFYwMmNhTm9vVl9hZUhWbmhteDdOUUlYQVJoeVFzZmd1MUthRS1VNzd0RXBEWHo4WU9na2h0ZXpVaDk3QUdQVWkyWUhHc21Td29KNXBJMEhrLVZuX3c?oc=5,"Wed, 03 Jun 2026 07:00:00 GMT",2026-09-23T09:29:34+09:00
GoogleNews:シニア　意識,シニア　意識,令和のシニアは何歳から？ 40年でこうも変わったシニアのライフスタイル - AdverTimes.（アドタイ） by 宣伝会議,https://news.google.com/rss/articles/CBMiX0FVX3lxTE9DVEFDVmR5OUhFeG9iRngtd2JOYk14d3FhN2FzOFVFbG5nM0JyaGNHNEFoY244ZG12UmFWOTRaY1NOaUo3cnYxMllzQVlWQkhwZGlXaGZKMWhfYTFyd2g4?oc=5,"Wed, 29 Jul 2026 07:00:00 GMT",2026-09-23T09:29:34+09:00
GoogleNews:シニア　意識,シニア　意識,“今どきシニア” は家族に依存せずにソロ活重視 ―博報堂調査 : 夫婦一緒意識も低下 - nippon.com,https://news.google.com/rss/articles/CBMiV0FVX3lxTFBadk5LYUpVOXBtMFRPYlNzNE04dHZUc2YyaXpUZkFxcTl3bWRsYjR3LVhDY1JiYmtUZWhTeHgyRmQ2ZjdSbzJ3SkhKQ1g3TjFINVhJOFRJSQ?oc=5,"Wed, 08 Jul 2026 07:00:00 GMT",2026-09-23T09:29:34+09:00
GoogleNews:シニア　意識,シニア　意識,"【シニアの意識調査】「まあ満足」層に潜む巨大な乗り換え需要。スキンケアに関する1,147名調査から掴むシニアコスメの顧客化インサイト - asahi.com",https://news.google.com/rss/articles/CBMiW0FVX3lxTFByWjN1Z29PQVd5dVBWSlhtSWxWN3FQeWQ5ZWxSc1dBMkE3RDRzaHZldHJQeVNkcXEta29BOXNVak9aMFZ0eXoyT1NpTTRybVZQV3B2Wk5ZY2hrWW8?oc=5,"Sat, 05 Sep 2026 07:56:06 GMT",2026-09-23T09:29:34+09:00
GoogleNews:シニア　意識,シニア　意識,【シニアの意識調査】2026年版！シニア663名へのストレス調査：原因1位は「身体の痛み」 。深刻な「不眠」に悩む層へ、今求められるのは“専門的支援”より“お茶会”？ - PR TIMES,https://news.google.com/rss/articles/CBMiakFVX3lxTE9MQlR6QTV4ZG1QcFFVdTY3WllQZ21yTktCMDEwOVlxTUlsMWRRMWtRQkNudk1FeHZFSlM4QWs5MmVuTkFwTnpmZXZFbVFRc3RXcWtxSTBJRU1IVWRlOE45MEJYTUxVZ1dEV0E?oc=5,"Wed, 15 Apr 2026 07:00:00 GMT",2026-09-23T09:29:34+09:00
GoogleNews:シニア　意識,シニア　意識,"【シニアの意識調査】Zoomより録画配信（67.7%）？ 1,146名調査に見る「スマホで15～30分」のシニア向けオンライン学習の最適解 - Infoseek",https://news.google.com/rss/articles/CBMickFVX3lxTE5nSDNxNDlNbGdjQVM3aFU1TVlydUNmcE9lQTNXcVJzVFpuSEZpRUhXUWh6bW1qSGdvcGR0UjlXQ2VLWUs5eVM2RkdzNzNEWHpWdVRRbVdiU1BESWo3ZmxSYkhvY2s4WHpsUWFFTHdadE1nZw?oc=5,"Wed, 09 Sep 2026 13:40:02 GMT",2026-09-23T09:29:34+09:00
GoogleNews:シニア　意識,シニア　意識,"【シニアの意識調査】運動習慣ありでもジム未経験が44%。入会・継続を阻む最大の壁は「続けられる自信」。コスモラボが1,309名にジム利用の実態を調査 - PR TIMES",https://news.google.com/rss/articles/CBMiakFVX3lxTE5EU1g4RnVTZDI1cmFIZy1GdkhCWjM1Qmx2OHBDMGRjNS1KcHJNVTVycFhpZk1wOHBVMzNkcFJTd2F1TlZtZTFiZ1dWVGRXOWxtSk1ZWFhJV1dJUzFidkxsM0tyczhwSEtIOWc?oc=5,"Wed, 12 Aug 2026 07:00:00 GMT",2026-09-23T09:29:34+09:00
GoogleNews:シニア　意識,シニア　意識,【シニアの意識調査】改善意欲は80.7% も、約3割は「何もしていない」 。コスモラボが958名のシニアを対象に姿勢（猫背・円背）の実態を大調査 - PR TIMES,https://news.google.com/rss/articles/CBMiakFVX3lxTE1PU3RmTVdHUDZ6U3VlTFRTc05oU2hPeFptblhXVnZYdENwMEljN1hmbkcwTXpUdDJqTU9aOG00WDNQeWJfQWVMWC1pZTFOVC1xV1FKQ0s2cXdtZ19rYmYyZFF3RVVzMVRQR0E?oc=5,"Wed, 27 May 2026 07:00:00 GMT",2026-09-23T09:29:34+09:00
GoogleNews:シニア　意識,シニア　意識,"【シニアの意識調査】スマホ所有率99.3%も「操作不安」は7割超。コスモラボが1,716名にスマートフォン利用の実態を調査 - 時事ドットコム",https://news.google.com/rss/articles/CBMia0FVX3lxTE93Z21ZZkRrdE1JbGlTZkZTcnlWMlJxVkZFMUE3bFlKQS1oYTh2TmNGZ21QaUUyM0dCNkFCYVlMem83Nm5MemszZ3ltM29jc1drNGJVREJBMjducklIdHlJZ2VDcWJUMmhRSzE4?oc=5,"Wed, 02 Sep 2026 07:00:00 GMT",2026-09-23T09:29:34+09:00
GoogleNews:シニア　意識,シニア　意識,【シニアの意識調査】ひざ痛経験が約7割──継続改善に課題、最新調査公開 | コスモヘルス株式会社のプレスリリース - PR TIMES,https://news.google.com/rss/articles/CBMiakFVX3lxTE1nODJ3dTdzcHpsZlNBT0pkY0w4U2g1aWhQM1NhdVpZNWFoUEJhdmRRYzlkZnhjZm9hU201NEN0T21ReHhwTTV3R2NNQVlrLWRkVGhXWklrVUFrTmluel9GMzFhazRMR0xoWGc?oc=5,"Thu, 26 Feb 2026 08:00:00 GMT",2026-09-23T09:29:34+09:00
GoogleNews:シニア　意識,シニア　意識,【シニアの意識調査】60歳以上の6割が「コリの痛み」を実感。4割近くが「外出頻度に影響」し、コリの痛みが「外出したい気持ち」を妨げている - 毎日キレイ,https://news.google.com/rss/articles/CBMiekFVX3lxTE9BTUw2OGwwNmxKUXRNWXI4T0ZwZzRuWDhSWmN6TlVvS2xmc2ViRjZsclRLRHduZ2Z1Rkl2OTZOekxJT0lRdWt1VDVFbUk5c1NvQ2h0OHItOHZELVJaVnhIT1NjM0RsQ2dvUHdHZ082OEFPLUFnRlpTelZ3?oc=5,"Tue, 15 Sep 2026 07:00:00 GMT",2026-09-23T09:29:34+09:00
GoogleNews:シニア　意識,シニア　意識,【シニアの意識調査】記憶力低下への対策「特に何もしていない」層が約3割。シニア市場の行動化を阻む壁と、求められる“習慣・食・予防”の情報設計とは - PR TIMES,https://news.google.com/rss/articles/CBMiakFVX3lxTE9rMExJTHd5ZlAxQjQ4NS1MWVQxYlQ4TGpYMFRGNVdtbWNaN3JwRlJMUUt5cXo0RUNYVkhJSi1Xb2gxMEZ3UWdmSUhtd1hnc3paaE5TZmduaEd6TWE2YjN2d2ZQM1Nnc0hUZGc?oc=5,"Wed, 06 May 2026 07:00:00 GMT",2026-09-23T09:29:34+09:00
GoogleNews:シニア　意識,シニア　意識,【幸福に関する意識・実態調査2026】シニア女性の幸福度は7.75点で、2024年調査の7.84点とほぼ変わらず。 - PR TIMES,https://news.google.com/rss/articles/CBMiakFVX3lxTE55QmVla0NwUHc2VkdOSDAxOUh3Wi1oZVNRMUlUc2JhSHJhbl9CR09DWTd5dlI2eXRlOUJUdGhiWERyZF9HX2ZOSnA5V184WG53eDNFTE1PbWp5SldQVkV5QVh6ZFhkVS00T3c?oc=5,"Wed, 22 Jul 2026 07:00:00 GMT",2026-09-23T09:29:34+09:00
GoogleNews:シニア　意識,シニア　意識,【シニアの意識調査】シニア層が今後お金をかけたい分野は？ | コスモヘルス株式会社のプレスリリース - PR TIMES,https://news.google.com/rss/articles/CBMiakFVX3lxTFAyT2RhX2lxM3FhYkNMdElsZEp5Mm0wLTJaWHBaMzVNOFV2elpXM1ZzV3p1ZmpYV2RNWGpDSzNrZ056eDAzdk4tUG90dDRfNUxIWGI2aWFvM2l0SjZlQk1WcHlRbnFzVS1FYlE?oc=5,"Mon, 05 Jan 2026 08:00:00 GMT",2026-09-23T09:29:34+09:00
GoogleNews:シニア　意識,シニア　意識,"【60～74歳のシニア1,000名 就業意識調査】在職老齢年金改正でシニアの就業意欲向上へ 制度認知シニアの86.2％が就業継続に前向き、認知有無で28.3ポイント差 - PR TIMES",https://news.google.com/rss/articles/CBMiakFVX3lxTE5HZ3FSRklIeXdhTUxCazlKd0N2SDU1QWRjUG5SWkNNb3NiNnRyLWdNZjdCVjN2NGFGM3ZJRUZsSVlpTUFSdGluSkNjUGlGc01fWXBLQ3JnUXM3a2JXc3A5cUlOTWxpUDlOWHc?oc=5,"Tue, 03 Mar 2026 08:00:00 GMT",2026-09-23T09:29:34+09:00
GoogleNews:シニア　意識,シニア　意識,"【シニアの意識調査】認知不足ではなく「個別性の不安」に商機あり。足裏に関する1,372名調査から掴む、シニアを納得させるプロモーション手法 - PR TIMES",https://news.google.com/rss/articles/CBMiakFVX3lxTE5WZnZONkxuYzF4OF90TzZfUzU1d1VGbXRhcVhTeWIxbW9rTEZfaUN4NVFyTUo4VkJJWEMzYnpGRi1MYUZPcWEzdjNwa0xheGtWVmZ4YjJTdDk3QTF6UFllT1lXZFFKUFBsc1E?oc=5,"Wed, 24 Jun 2026 07:00:00 GMT",2026-09-23T09:29:34+09:00
GoogleNews:シニア　意識,シニア　意識,"【シニアの意識調査】自宅で「毎日測定」するシニアが4割超！一方でデータ管理は紙（37.4%）が中心。コスモラボが1,762名に『健康測定』の実態を調査 - 時事ドットコム",https://news.google.com/rss/articles/CBMia0FVX3lxTE9hT2d1MlBic3d1YnpTV2dlTWxLbW5UR3pQbjQ0c2k0NlVjWjdhUGVCeThwaTNvUVJoYXEyYndXTmxWa1M0ckh2NWxfUHNSMEJnSFhROUd3T3B3LU4xejVGT2czZVdzMVJkUWhr?oc=5,"Wed, 26 Aug 2026 07:00:00 GMT",2026-09-23T09:29:34+09:00
GoogleNews:シニア　意識,シニア　意識,マイナビ「ミドルシニアの働く意識に関する実態調査」を発表｜Infoseekニュース - Infoseek,https://news.google.com/rss/articles/CBMickFVX3lxTE9zMVBXSUJoVGxhTEtCSGVEdGgweEpzUnBackR2UktKUUJPaFZkc1BiNTJVY2xOMkNRdkE5WDl4TnRrOGdYZDZNNlE0QldtMzNDUlJsSEl4Zmswb1lMZE9BY1ZZNjFCUkphcHZlajh6VWx1dw?oc=5,"Sat, 29 Aug 2026 07:00:00 GMT",2026-09-23T09:29:34+09:00
GoogleNews:シニア　意識,シニア　意識,【シニアの意識調査】シニアの心を動かすものは？――文化活動が生む、感動・刺激・つながり - PR TIMES,https://news.google.com/rss/articles/CBMiakFVX3lxTFBHa19jYUw1SUZMbW9mYm5EWnNlMHNBZ2xQdEJyV25zRHROTXAwaUdyUk9PNmxJMUNrZHJOSzl5YmNHdFo1dW4zeHF6cXFfR0x4S2xkWjdPTnFrSHNscVl5UDk2QUJuVWJTV1E?oc=5,"Wed, 28 Jan 2026 08:00:00 GMT",2026-09-23T09:29:34+09:00
GoogleNews:シニア　意識,シニア　意識,【シニアの意識調査】シニアの4割以上が「3か月に1回」歯科受診。受診理由の1位は「予防・定期健診」56.5％となり、口腔ケアは“治療”から“メンテナンス”の時代へ - PR TIMES,https://news.google.com/rss/articles/CBMiakFVX3lxTE1laDRMM3BxRE9WU1dBZUFlc2JXZjFvQ0lMYVprZm1zcllianZUdU9lVXJSaUJIYm9zRzZqczJTZ1VwSmdDMURZQWVWbmFOUGRjU1JYVElRalBaSldVU09UcmlhUGdBOGlma1E?oc=5,"Wed, 22 Apr 2026 07:00:00 GMT",2026-09-23T09:29:34+09:00
GoogleNews:シニア　意識,シニア　意識,シニア女性の2人に1人が働く時代へ 「お金のため」から「生きがい・社会還元」へと変わるシニアの就労意識とは - Yahoo!ニュース,https://news.google.com/rss/articles/CBMif0FVX3lxTFB4R3pQc0gtY3dOdU82Y1NjYUswRC1ybHVFOXVwQWNDZloxZkYyLVY0cWhld2szamdDY3k5ZVR1ZzhtUXRtM0g5NHFldDFCNVNIYm10Mk5qTkd5RzhRcEdHemRBSXoxckdQRWU0X2ItTXBMZDlGd2M2VURzaW93aFE?oc=5,"Sun, 12 Jul 2026 07:00:00 GMT",2026-09-23T09:29:34+09:00
GoogleNews:シニア　意識,シニア　意識,マイナビ「ミドルシニアの働く意識に関する実態調査」を発表 - 時事ドットコム,https://news.google.com/rss/articles/CBMia0FVX3lxTFBia1M2Y0EzU19Ra0YwRkdRZ2VHdEJZVVp0MUtyMlVISkZ4bmVLTnZuSzJOYjQwVjVoT0lsUDl6T1ZjLUE2M29oVHBJWlBUci1CTi01bE9KODUtNGM3Z0QzcTBaanhiVGdzMHZN?oc=5,"Sat, 29 Aug 2026 07:00:00 GMT",2026-09-23T09:29:34+09:00
GoogleNews:シニア　意識,シニア　意識,【シニアの意識調査】シニアの52.6%が睡眠に悩み 「夜中に目が覚める」が最多、67%が睡眠の可視化に関心 - PR TIMES,https://news.google.com/rss/articles/CBMiakFVX3lxTE5jQnY2Wm5QcTd5cTAyNUdneHR5UU9LOURUeENQd1ZGLWVxWFFTSERkdnV3dDdrdDlhMlJWLXVlbUN2OUVOVVdWRlozUXNaZ0FESDFFUnltRHhBOFlSQVpVVlRiU0tiRHAzS1E?oc=5,"Wed, 25 Mar 2026 07:00:00 GMT",2026-09-23T09:29:34+09:00
GoogleNews:シニア　意識,シニア　意識,【シニアの意識調査】60歳以上の6割が「コリの痛み」を実感。4割近くが「外出頻度に影響」し、コリの痛みが「外出したい気持ち」を妨げている - Mantan Web,https://news.google.com/rss/articles/CBMiiAFBVV95cUxPUjdmQTNPQmtNSV9BN1Z0S2Z3QmxHdDhXQ05fQkthT29VYWlWWXNwVllwdjJiRl8tU21yS2FTNmdtSWR3TTV4WjZVRHg3WVVlR29rMmtadGlYbE1pODJyR1EzUS1DYnNFV3I1M2lHWmUzMFJCVEZKakVPaWo3U0JMMHg1bDlwTnZt?oc=5,"Tue, 15 Sep 2026 07:00:00 GMT",2026-09-23T09:29:34+09:00
GoogleNews:シニア　意識,シニア　意識,【シニアの意識調査】60歳以上の6割が「コリの痛み」を実感。4割近くが「外出頻度に影響」し、コリの痛みが「外出したい気持ち」を妨げている - excite.co.jp,https://news.google.com/rss/articles/CBMidEFVX3lxTFBsRjFKTUlyNU80MG1HaXRrSVZjZXJnZ0o1Y2xENFN5WS1wc0RNWW8xS1g0QkdXTURpUmJNSG5iaVpCN2pEaUtiVDNGbU9MRFdrbVhnemFsNmR4b2JtVm5uY2NsYlJGRE5TNDNteFhtdDdFZUtN?oc=5,"Tue, 15 Sep 2026 07:15:00 GMT",2026-09-23T09:29:34+09:00
GoogleNews:シニア　意識,シニア　意識,【シニアの意識調査】シニアの80.6%が「昔より疲れが取れにくい」と実感50代以降で広がる“疲労回復ニーズ”を669名に調査 - PR TIMES,https://news.google.com/rss/articles/CBMiakFVX3lxTE9uTUh3WmJGenA0YzU3TFJZWjdkQ3VIYjhxaXdDQzlPQUxCT0dTbjQtaGZYQjJDd3VfX25hbDhkUGlFQl9UTUs0ZTlEN0NCaDRvamxqNFFZdW9WbFFaT18ydUdLV09hWnRFNlE?oc=5,"Wed, 01 Apr 2026 07:00:00 GMT",2026-09-23T09:29:34+09:00
GoogleNews:シニア　意識,シニア　意識,【シニアの意識調査】シニア層に広がる腰痛の実態――持続支援ニーズが浮き彫りに - PR TIMES,https://news.google.com/rss/articles/CBMiakFVX3lxTE52LTNfc0RsZUtOcy1UaFVnX0dRUG1ubERiVHNYRHVDSlZiMFJ3V1FyWE9fbi1TcE5JVnFKM01WTExoVWl1X3ROR1A0dlczTUQ2bkhBT0Rsa0t2RmRPZnFFeEhmQTE4NG9penc?oc=5,"Wed, 18 Feb 2026 08:00:00 GMT",2026-09-23T09:29:34+09:00
GoogleNews:シニア　意識,シニア　意識,【シニアの意識調査】シニアの7割がSNS利用―“LINE中心”で生活に定着― - PR TIMES,https://news.google.com/rss/articles/CBMiakFVX3lxTE14UlVYMURsbFJxZDMydXhtd1Nib0hGVEZKbENjMko1VHVxMTAtOHN2ODI2YmtyNjhxdENSR2REQUkybzVQdDg4LVZ3a1JLamY0TVFFTWUtTmNsZGVDOHBLQlhFRV9Ud0p5ZVE?oc=5,"Wed, 04 Feb 2026 08:00:00 GMT",2026-09-23T09:29:34+09:00
GoogleNews:シニア　意識,シニア　意識,"【シニアの意識調査】自宅で「毎日測定」するシニアが4割超！一方でデータ管理は紙（37.4%）が中心。コスモラボが1,762名に『健康測定』の実態を調査｜Infoseekニュース - Infoseek",https://news.google.com/rss/articles/CBMickFVX3lxTE9qTTQweHlXWnVxRHBSZnVYRGRrUm1hU0RlMU5sWWlIU0F5S2lUN29xUlRUR0tKblpfMmRmTXhqc3V4NFd4NDNNb0h1Vk1wR3pVa2lWWURDcUZqNW1kRXFDUHFqOTQ4MUI1NFAweUcwSENfZw?oc=5,"Wed, 26 Aug 2026 07:00:00 GMT",2026-09-23T09:29:34+09:00
GoogleNews:AI　買い物,AI　買い物,AI｢ミューズ｣人気でメタ株高値圏 買い物代行、Amazonは警戒し遮断 - 日本経済新聞,https://news.google.com/rss/articles/CBMibEFVX3lxTE5xNFRHLWNReU9PRG1XNGpyLWl5UjY2cnZvaUN5dmZra21wVVo5ZXlwdW5Za01nd2pyUXlsekpRWm9iZ2FacmRjWTZuSE8xZXRkTlFIUTNJS0JhTm1XSzZQaTV0MW9mNk1yME92MQ?oc=5,"Tue, 22 Sep 2026 21:13:27 GMT",2026-09-23T09:29:36+09:00
GoogleNews:AI　買い物,AI　買い物,AIショッピングアシスタントがカード情報要求・脆弱な決済誘導…グローバル銀行が共同警告 - BigGo ファイナンス,https://news.google.com/rss/articles/CBMidEFVX3lxTE8wVHRRcjJCS1FWeEcxVVlzUldjR0NyX1c4Ym9wRU15eWFHRl9tZmJtS0NHaklMUDMtV2c3RWpha2RxMzB5aFVFOUNRd3I1bVdsNlF6QlhrbFlVNS1Ld3dtRUFIXy02dXdOWDhfNmRxaTJZRE1h?oc=5,"Tue, 22 Sep 2026 16:05:00 GMT",2026-09-23T09:29:36+09:00
GoogleNews:AI　買い物,AI　買い物,銀行各社、AIショッピングボットが詐欺・不正やデータプライバシー侵害のリスクを高めると警告 - FashionNetwork France,https://news.google.com/rss/articles/CBMizgRBVV95cUxNV0Z1TU1lYmVvbW1tUWxGbmJhOG9oUnBWWTVyS281b09uNFNZcWJ3dDJ3dnJxWmIzS3h3Qnh0Qm1PMnZMQWFBeGRCVExxZE5la0t3VmctWFdoSkNZN0NwQ3Fld0w5OUpBQjZNaVhYelpVN3NOcXM4YUdoLWNwRTBURDl4MnFFbl9Uek16WEU5VTFNRUEwNGF6NnFwS3ZnNnhtdjRfUnU4VDV2SFRqMXF3NXB2cFI2dFF6VUxyQWpFNjBpLVBtcl9LRlpQcmZNTHZmNGRIbzM2cUtLR1htdWcwLWJSbzBnWnhBbTRGeEMyZVRHdWpYNHVMdFBMdmFsOENPaWxVR1pjZkVTbTFZQTFFekc1bU1rbzNtSTNQa0JfQTdLYm9CeGJ4V3JYc0lKRndTOUJ2dE1NcUsxNGlQNkVNT19ZSmpPS01UUzA0MXhYSkJQTEM1ZTV5SDNsQjc0VEdUam5ZX0t0TmR0SFNaMXBGQVB5elBPMXM5UHM0NmtYRWIxUnNodmotMTUwM0hIb3RpX1lmZW9hbzFnNjRTbzhQZkpRR2E4c2daVWF0OXphVm1mZ1NTdDBVbzh0aHJ2b2RXdzFWdnBuOEdZUkxnU3JXZkRtd2tvV1ZoaHJhRnkzTHpkdy1RZ0h6bUx6ZV9QQ1NqaHM4MlJjdENuamEzMmFwTGx2OTBHZzlFeTVwYWVWaUVPdjlRUmNiWklEUjBjLXNDQ3V2UVJzM0xNdjBOalR0dk5pVlNaQnJjM2Jic2JyQmRxUm9MVHlqeUNwWWo2QQ?oc=5,"Tue, 22 Sep 2026 10:21:36 GMT",2026-09-23T09:29:36+09:00
GoogleNews:AI　買い物,AI　買い物,米Amazon、MetaのAIエージェント「Muse」による買い物代行をブロック。プライバシーとセキュリティを懸念 - テクノエッジ TechnoEdge,https://news.google.com/rss/articles/CBMiZ0FVX3lxTE5sU2p3cXNSZTMySU9sQXhhU1oxTElacTNIcmR0a1pqQm5DOS1LSEpmUTNNRnFqLWk2NnRHSC0xbWJCU2ZydXo5YnpmWXRxNXlNamFpWTlqblBaSFh0MnJmNVVGUDVMYjQ?oc=5,"Tue, 22 Sep 2026 02:50:02 GMT",2026-09-23T09:29:36+09:00
GoogleNews:AI　買い物,AI　買い物,Amazonが、代わりに買い物してくれるMetaのAIエージェント「Muse」をブロック - Korben,https://news.google.com/rss/articles/CBMibEFVX3lxTFA2NTJfaUNFUVV0bXZrSEdxQzh4SkF2cFpxWGpCMDFuLTFrRXdSZWNGM2RSaUVrZzM3djFfLXNKYUJQSGJOUzRJeU0xNEtRb2pyOGpBd2M1UnFtcjFtRzB3ZFI5eGtha016d1VtWg?oc=5,"Tue, 22 Sep 2026 14:19:56 GMT",2026-09-23T09:29:36+09:00
GoogleNews:AI　買い物,AI　買い物,アマゾン、メタのAIエージェント「Muse」を遮断－買い物代行巡り対立 - Bloomberg.com,https://news.google.com/rss/articles/CBMid0FVX3lxTE92TUJtek9STTc2VGZrLVhfT0xaTEhaOFdST28wSEZlQVhqT0ZHc0MycF9nOEgtU3R5cktiUW5GdDd2c0xiTkt6cnRCTGpuV09ZZmJkeUtkTU1HZWJ2WXRTbXYxeWVsWWhJZnlDbU1jMTdEUjQxaG5r?oc=5,"Mon, 21 Sep 2026 18:55:08 GMT",2026-09-23T09:29:36+09:00
GoogleNews:AI　買い物,AI　買い物,買い物時に「親友よりもAIを信じる」7割超──「エージェンティックコマース」時代に仕込みたい「3つの戦略」 - Yahoo!ニュース,https://news.google.com/rss/articles/CBMif0FVX3lxTE12RFNaYkZyM2ZmVEhTTVFjTjdsZkFsUzZsQVRkZ1AtYWEwMndvR3hkbWN3NWlnODcxZ3VBdnNGTEVFYjFFWlljUmtEOEJialFvdjJ6eHhsNy1fQWo0Z2xXMk56N3ZxQ0JsSV9uTFlMZXdYNnVhUHpEVGlEckNwRDQ?oc=5,"Sun, 20 Sep 2026 02:10:08 GMT",2026-09-23T09:29:36+09:00
GoogleNews:AI　買い物,AI　買い物,韓国ネイバー、AIが秋夕ギフト選び…予算や口コミ、配送日まで考慮 - AFPBB News,https://news.google.com/rss/articles/CBMiXEFVX3lxTE96T3RvS1Jxd1B6SmpCeTdnVXFsMXR5MmhPSXZJUVB3SXNtTUxTOHdUaFNQSHJ0VEo0OVgxLVhxQ0FwWlBOUnNHbWRoUV9qeTM3VXg3bFBJSnlXcXZD0gFUQVVfeXFMTkFYTVBVelZPT25HMFVLeU9YN3hFT2JTSXpwMXZZcXVIT3pVQmFLRVFfa2x4S0xSZG9VRDFrUWgxS3FhNkZzMlRkNHFfSHBpRUdJS04y?oc=5,"Tue, 22 Sep 2026 09:45:55 GMT",2026-09-23T09:29:36+09:00
GoogleNews:AI　買い物,AI　買い物,米議員、買い物支援ＡＩ巡りアマゾン・ウォルマートの調査要請 - Reuters,https://news.google.com/rss/articles/CBMifkFVX3lxTFBrUTJPVFFoOFNjOTVnUDBEZXVvdUc5N3dkOUp5R185M2tGVFFZSW1DZnE4SVh0ZHVzQWNpZmZMVGYzSkJRQTk2LUZKRGhnT1c2YmF5U244SkFoaFdDcW5CeXlnNEJqcnY0MXBUWUtfaThMeHpuZk1NRHZiWkJLQQ?oc=5,"Fri, 18 Sep 2026 04:56:00 GMT",2026-09-23T09:29:36+09:00
GoogleNews:AI　買い物,AI　買い物,対談！EC+【第22回】 「AIが変える買い物の意思決定」ってなに？ 高関与領域における納得できる選択を支えるAIと人の役割 - hakuhodo.co.jp,https://news.google.com/rss/articles/CBMiVkFVX3lxTE5ZQlZXcHNKQ0NpT2QyMEltR3lxRnpaMEozQlNaWFJRWW5wNkM4RHM3WHFXZXZnQzNxNm02RW5ibTh4eW9FblJUMElwQnpLckVrZHhtaXd3?oc=5,"Wed, 16 Sep 2026 22:18:14 GMT",2026-09-23T09:29:36+09:00
GoogleNews:AI　買い物,AI　買い物,AmazonがMetaの買い物AI「Muse」を遮断、購入前の本人承認では越えられない壁 - XenoSpectrum,https://news.google.com/rss/articles/CBMiakFVX3lxTE5VakMyaldUZlh5c1F6eVZLRnRrTjVudm5LZFM2bmZVOG5HVWl4bHZWR3BPTjZFZHlYUW1pTnFPOVgtM1BsVk54SFVacGhZb2NrYUdtX05sbTduS2djNC1ZNzhkUDJHUDF0eXc?oc=5,"Mon, 21 Sep 2026 19:18:57 GMT",2026-09-23T09:29:36+09:00
GoogleNews:AI　買い物,AI　買い物,米Amazon、MetaのAIエージェント「Muse」による買い物代行をブロック。プライバシーとセキュリティを懸念 (テクノエッジ) - Yahoo!ニュース,https://news.google.com/rss/articles/CBMijgFBVV95cUxQbnluNkhpSlZ0MWpNSG1XUVVuN3JGT2p3U0JxUkx2UmxQazd3cnhVNlRDWTZxUkpNMnhFS21Vd2gtd2YtS3NHTng2VUJEbTFXWHFMcTJxOTB5TmJlMGMwYVJ4R2VMMUFFcG9aenFLLWZwX2FESW1vR01HUkE2cXJHbDJTR09nS0ZkeUMzTmFn?oc=5,"Tue, 22 Sep 2026 02:50:02 GMT",2026-09-23T09:29:36+09:00
GoogleNews:AI　買い物,AI　買い物,韓国政府、周辺スーパーの最安値を比較するAI買い物アプリを5地域で試験公開 - BigGo ファイナンス,https://news.google.com/rss/articles/CBMidEFVX3lxTE5aS2lHemxMVUVnd29rbTJWQlp0UVFHdUlKUFN1N3lpT1FkOFltZ2xnb1o5RVhvT0gwcU5KcW9yeF9rMnhMT3dMMmxXNFN5Z3VYeVF2aFZyRC1MRE1YeThpSFlVanlJRDFjUjZZODA1UllmNkxh?oc=5,"Mon, 21 Sep 2026 05:35:00 GMT",2026-09-23T09:29:36+09:00
GoogleNews:AI　買い物,AI　買い物,アマゾン、メタのAIショッピングエージェント「Muse」をブロック——オンライン商取引の主導権争いが激化 - BigGo ファイナンス,https://news.google.com/rss/articles/CBMidEFVX3lxTE9hSmtwTUdONWJfUXNJTVVwS1JKR19neVFYZGVNbXNYMUpxU1ZDd1paNWI3cFJYOTdSUXBUOXF6NERfN2hZYXlsd1VIZExaXzJaeTVWYk1lMlREaFJRTGpvTGdIemNDWFY5eHBlMzhvSTRsQ2dp?oc=5,"Mon, 21 Sep 2026 16:25:00 GMT",2026-09-23T09:29:36+09:00
GoogleNews:AI　買い物,AI　買い物,買い物時に「親友よりもAIを信じる」7割超──「エージェンティックコマース」時代に仕込みたい「3つの戦略」 - Yahoo!ニュース,https://news.google.com/rss/articles/CBMijgFBVV95cUxPUk1OVEhZQWpIVWxrRUlNREZFY0ZFanYzWXpnTHUwMTFnaDJ0aEZtbng4eHdhVFNydHJzQW41VDg2R3l3bE9RVUh5dWd0OWhYSV94YWxNQXNoekJfZ0hOWkJIbXBHclp6SWVyV2ZvVDZNZUc0UngwdElHLVFZYzhsbHNUbkk1cENlWU1nMFNR?oc=5,"Sun, 20 Sep 2026 02:10:08 GMT",2026-09-23T09:29:36+09:00
GoogleNews:AI　買い物,AI　買い物,韓国KOSA、決済・ショッピング・交通を狙うエージェンティックAIサービスの発掘に着手 - BigGo ファイナンス,https://news.google.com/rss/articles/CBMidEFVX3lxTE5aZnZodEI5OHVVc0wyT0NoQ1Vtb2dtX2Utc0ZiUXNRZ1BPZ084bmplYmlodGt4Ylhhck9hSVFOZTJVLTdMX21HQjloQng4U29EQU9OMG1fTlJFdTNpR1ZzbUtWN1VNZTNFS1lOalRGc2JNS2pX?oc=5,"Mon, 21 Sep 2026 05:35:00 GMT",2026-09-23T09:29:36+09:00
GoogleNews:AI　買い物,AI　買い物,マスターカード、アルケミーとの提携でAIショッピングエージェントに決済ネットワークを開放 - BigGo ファイナンス,https://news.google.com/rss/articles/CBMidEFVX3lxTE1fdGNQVENIQ05QQ2tvYjRBbWI2NUhoRlI4amlJUEhaazNkc2QxbHB5aGNoR1JZMTZSd3RmTFB2NTJxV0FvTFJQaUZnQ2lydnlWN1N2NU1yeGZYY2QxOEJSVmRET29Rd0paWDBBakNFUENtNlgx?oc=5,"Fri, 18 Sep 2026 18:23:00 GMT",2026-09-23T09:29:36+09:00
GoogleNews:AI　買い物,AI　買い物,米議員、買い物支援ＡＩ巡りアマゾン・ウォルマートの調査要請（ロイター） - Yahoo!ニュース,https://news.google.com/rss/articles/CBMif0FVX3lxTE11MHU5YTJnT3VZQkpDNGUxR2c0a0ItTW84RlIwbGpjeEtRc1RSYmFjT04tXzQ5ZGdyVU0xeVBMQ3duc2ZrMFNabkxoandMa3ZMendLa3hnOE1hUXN6TTY2Q19vZXJwSS05MUZVVGhfRjRlS1lwejZzZFpDTm9rRzQ?oc=5,"Fri, 18 Sep 2026 04:56:16 GMT",2026-09-23T09:29:36+09:00
GoogleNews:AI　買い物,AI　買い物,米議員、買い物支援ＡＩ巡りアマゾン・ウォルマートの調査要請 (ロイター) - Yahoo!ニュース,https://news.google.com/rss/articles/CBMijgFBVV95cUxQb1pMM2VJQkdyZEV6UlItaDdSVFFtTHNfcXY0SkM3U0ZoTHFLRnJudDlnaENMX0FkNExUTjJKUDdVYkV4ZF9Eemx2dWVEWERqQkhQdlVlZ2V6OEVYTV9NSUkxakR3TkkxbXF0Ym1Ca2ZiVmNuUVo0NG1pSzVxMU5oVVVjdlBtU0k5WFUzd05R?oc=5,"Fri, 18 Sep 2026 04:56:16 GMT",2026-09-23T09:29:36+09:00
GoogleNews:AI　買い物,AI　買い物,AI接客にシニア「抵抗なし」3割、買い物の相談相手に 電通調べ - 日本経済新聞,https://news.google.com/rss/articles/CBMibEFVX3lxTE5pM0VfdVZ6MHp2X29FblJmQzRld28yUDZCbG9pM0ZReER1VXE5QkUyTU80YWlGeUN2eHM3Q0dPbnU5MzJpYmkwWU9KYTZKNkVWblptYy1tdXpONzBLYjNnU2FISDhEVW9xd2M5WQ?oc=5,"Wed, 16 Sep 2026 20:00:00 GMT",2026-09-23T09:29:36+09:00
GoogleNews:AI　買い物,AI　買い物,【独自調査】買い物・お店選びで「AI検索」を使う人はどれくらい？ 304人の検索行動を調査 - PR TIMES,https://news.google.com/rss/articles/CBMiakFVX3lxTFA2ZXRBR3JWYkxVSUJnNlQyaDVkN01RZ0I3MWFPWS0wY0ZVSGVQNENqOVZ5ZkpDaW54bkk1WDlwbnNCcUlwQW9qTUFiUE13bldIMDZ4REJHNHNqd1BzMVp4eHMxUGtWdHdBc2c?oc=5,"Wed, 16 Sep 2026 23:00:01 GMT",2026-09-23T09:29:36+09:00
GoogleNews:AI　買い物,AI　買い物,買い物時に「親友よりもAIを信じる」7割超──「エージェンティックコマース」時代に仕込みたい「3つの戦略」 - ｄメニューニュース,https://news.google.com/rss/articles/CBMioAFBVV95cUxPV2pzYU85a0MtNFgzVk5FZFZjOHVCREFCMW1NSHNjSnJHMDB4S1FyMFJCOURzSzhqa2lOTmVpTzRHMEtIWkVVdWtQM3g4TEJnUVZ0dHM4OFZHSS01SGl4SldoYWpNZWVMekRrQ3RPY2VVenlIZDBkbGtiZEpkRW1jLTZEbnUwVXdxQTh2bjdmbmFfV1NOdjhnR3FidVBwUnJO0gGcAUFVX3lxTE5fYTZfbXVHcUZ5ZG5rZGtKM2VHVEZGb2ZzdkljbW5pTjVDdkRHQ3NwSHQtUW5EZXNaaXRjcXF3UnExRUpSbUlxYTFsMVRNbjQ2eENPRV9RM0x6WC1GVGdlWkw0clIxaWRlQlZnQkxOWjJtNkt6Q01nQWQ1cFBfUUhHekFCX1hPajFhclhSZVJqa2Zqdzl1QndfdHhkQw?oc=5,"Sun, 20 Sep 2026 02:10:00 GMT",2026-09-23T09:29:36+09:00
GoogleNews:AI　買い物,AI　買い物,米議員、買い物支援ＡＩ巡りアマゾン・ウォルマートの調査要請 - ニューズウィーク日本版,https://news.google.com/rss/articles/CBMiZ0FVX3lxTE1FdVF4d19kT3k3cGdydjhOelpxSlNRWDBidktRU3U0U1ZoX1IzWUstc1Y0dXg1X2t3NEpyQnJSM2xsTHM2bDVXYmpydEt4eW1KRlRTQWNKS0lkeUgyM0RjaEdCUFZFcE0?oc=5,"Fri, 18 Sep 2026 04:56:00 GMT",2026-09-23T09:29:36+09:00
GoogleNews:AI　買い物,AI　買い物,米Amazon、MetaのAIエージェント「Muse」による買い物代行をブロック。プライバシーとセキュリティを懸念 - UQライフ,https://news.google.com/rss/articles/CBMigAFBVV95cUxPWTZkNTloalFYSE5PSnJSWTJmdUNwNzdIOXhjVGVlX1haS2owVjBTaHJGV2Z3NFZFeVV6dVVQUkdFT1FJZlJvaFZtY1p3S0lPdU02U1ZBV0lnR1VPZmhKUkxwRlkwSTRneWxZWXVZWTRPNGl0Q1Z2V1hiLWtuN1haNw?oc=5,"Tue, 22 Sep 2026 03:06:00 GMT",2026-09-23T09:29:36+09:00
GoogleNews:AI　買い物,AI　買い物,韓国KT、買い物・不動産・公共サービスをAIで接続…「みんなのAI」構想を公開（KOREA WAVE） - Yahoo!ニュース,https://news.google.com/rss/articles/CBMif0FVX3lxTFBjTU8yZWhDUzZ4UVV4RklkV21MNUlPNkd5NXAwMlVUaWZqdzNaTFZLNEV6TVZTenBYZkVQQTRDTlV5YmdPRGlFbm5CMEdnOUphUjZEWXVhRVZ6QU9DdTFmRnVoRm5TeFlqb2ItZmFnVjN2eGdXVkFzYlpoLXlrZmM?oc=5,"Thu, 17 Sep 2026 02:36:17 GMT",2026-09-23T09:29:36+09:00
GoogleNews:AI　買い物,AI　買い物,もうSNSの口コミは信じない？ 買い物の情報収集で「生成AIの信頼度」がSNSを上回る - businessinsider.jp,https://news.google.com/rss/articles/CBMiowFBVV95cUxNWGxiWUdBVG5NVzdjRURvTktpRFBWcUZ0dWIxUDRoY3dlVW5YN0FfdXdiSWNNQXd5b0Nra21MY0lYMW40d1lmSFdXZDBabEc5LWxYYk5TNFd2Y2VtUFpWNHY1bmM5RTQ5VjVFMUtFRnNJSURSajFTemxxOElTZHpfcllEZnZyZVI3NmlVUHZBZ2xxSm9HQldmZ2lzNDN4NzJOaWM4?oc=5,"Mon, 14 Sep 2026 21:30:00 GMT",2026-09-23T09:29:36+09:00
GoogleNews:AI　買い物,AI　買い物,メタ、AIエージェント「Muse」原則無料で提供 買い物やメール代行 - 日本経済新聞,https://news.google.com/rss/articles/CBMibEFVX3lxTE9lVlY1OXJMWTdwLWtoTWRXdGFUaFh5WnA3Q0RZUUh2aFFlRlBfRXZPb0YzV2RmWkVTWldRV3YzX29DX0VMVkFXbXRodi1pYmMzeWVBSzA0S2JfRnJrNDEteU1GWTZSTHpYVjVGcQ?oc=5,"Wed, 09 Sep 2026 07:00:00 GMT",2026-09-23T09:29:36+09:00
GoogleNews:AI　買い物,AI　買い物,韓国KT、買い物・不動産・公共サービスをAIで接続…「みんなのAI」構想を公開 - AFPBB News,https://news.google.com/rss/articles/CBMiUkFVX3lxTFA4YTFKX1dhbzZXeFJJTm1SREx0VVpVbHFFdTVYVHZ3VkdWQVJ2S0RHeWpoMHNaMmh4ZlVkQVBFUVp1MHMwdmJiYVZJVVpYN2lxZGfSAVRBVV95cUxNNWNBQUJpOElHWG13RG93WHluenppVU1ZNzFIWld3RDgxbG9fZi1iS1pOaVlDYVd5NkRhUGVOWDR4U19zVUdselVhVHB2ZzJ0T3JYS3Q?oc=5,"Thu, 17 Sep 2026 02:30:46 GMT",2026-09-23T09:29:36+09:00
GoogleNews:AI　買い物,AI　買い物,買い物でAI検索を使う人は約7割に!ナレッジホールディングスが「買い物・お店選びにおけるAI検索の利用実態」調査結果を発表 - コマースピック,https://news.google.com/rss/articles/CBMiV0FVX3lxTE5YcVlFT0Vzb2R4X2xwN2tTVEQzY2JHNjQtOGRtV1BFNllNTWFWTExvcGZZc083QnYtTTh2LW8xOTRISno5bnIycUI0WmowV1lQYnJtRmZDQQ?oc=5,"Thu, 17 Sep 2026 05:51:02 GMT",2026-09-23T09:29:36+09:00
GoogleNews:AI　買い物,AI　買い物,「AIに買い物相談する」4割、タイパ実感75% 50代は検索より重視 - 日本経済新聞,https://news.google.com/rss/articles/CBMibEFVX3lxTFBWdnd2MWkxVkhwRmUyR1JhX0YtTHdWVFZxOHRRdGdWdldSUDVQVjFKT3lkYnVsTGVfcFFIRloxeGRVUlRUenprYVJTd1FDeTdQUG1kM1lJeG9qbTJLeFBFQUhQT2VEblJzR0tvXw?oc=5,"Sat, 22 Aug 2026 07:00:00 GMT",2026-09-23T09:29:36+09:00
GoogleNews:AI　買い物,AI　買い物,韓国KT、買い物・不動産・公共サービスをAIで接続…「みんなのAI」構想を公開 (KOREA WAVE) - Yahoo!ニュース,https://news.google.com/rss/articles/CBMijgFBVV95cUxQVGtkeFdvYUxjRHZrQU5vZ0phM01EVnJIQmJZUDBkck9BV1lMeGNrWEMzUDlEZ0VWTW1YMF9MQ2Y0NUJlcjE0ck1leHhXS21jRGpGbXc5Yl9wczU2Y09xcHYtbzdHenZLenpMSVZLMTJiYjVRWkZJYUxoVVhPUXJFOGxxSkRyV2psY01MRDJR?oc=5,"Thu, 17 Sep 2026 02:36:17 GMT",2026-09-23T09:29:36+09:00
GoogleNews:AI　買い物,AI　買い物,花王や森永「AIに選ばれるサイト」に チャット経由の買い物増に対応 - 日本経済新聞,https://news.google.com/rss/articles/CBMibEFVX3lxTE5GM1ZCTEtiT01uMXhkWHBpSkxYenpDeGY1VGVRZ1FpdGZUTFNFd0I3M1RlZUd4dUdkSzk4SUZmcXl3cmpfSUpPemJPaEhUQ1ItRGVFYVFHSDRGSk4zOGFSZGtQaG5Tdzc1dk8zQg?oc=5,"Tue, 01 Sep 2026 07:00:00 GMT",2026-09-23T09:29:36+09:00
GoogleNews:AI　買い物,AI　買い物,買い物の前に「AIに聞く」が当たり前に？ 利用者の66.3％が比較検討 - DXマガジン,https://news.google.com/rss/articles/CBMiS0FVX3lxTE1BLUdYaFlTRUVXYkNTclRXWHVxRTNGNmxLRmtQVTlXMFMzcGpzMklGR1I0cVpBLXNKQk9ZZGlCQzM5U2F4Vi1DVXJndw?oc=5,"Thu, 17 Sep 2026 09:33:28 GMT",2026-09-23T09:29:36+09:00
GoogleNews:AI　買い物,AI　買い物,生成AI利用者、66.3%が「買い物の比較検討」でAIを利用した経験あり AI Overviewを確認する人も半数以上 - AMP[アンプ],https://news.google.com/rss/articles/CBMiXEFVX3lxTFBsWHhQcHNOSzVZVHZDTjBvell5c1RmYjBzdWdBQlZVTGZtZWIyN3BJNnIwMWxZZVBiX1dLT0Rzc2hCb0lfXzNHWkpuZjVGUFZMTFJ4N1hIaGhvaXVr?oc=5,"Tue, 15 Sep 2026 09:51:31 GMT",2026-09-23T09:29:36+09:00
GoogleNews:AI　買い物,AI　買い物,買い物時に「親友よりもAIを信じる」7割超──「エージェンティックコマース」時代に仕込みたい「3つの戦略」 - ITmedia,https://news.google.com/rss/articles/CBMickFVX3lxTFBiY2h0TEh4WF9tempsZ0ozdE0zMDV1QW9DTE13UFdhWlgxa05SMzRGNGZDUTZ0OVZyYURYMFpCcFRVa1NZQlUzQzVIbjZjcnN3ZUJfZ2tJNldQcTJYLVU2emlJRjBiZjlvTXJrcHM1dy1XUQ?oc=5,"Thu, 10 Sep 2026 07:00:00 GMT",2026-09-23T09:29:36+09:00
GoogleNews:AI　買い物,AI　買い物,AIエージェントの「買い物習慣」は予測不可能だと判明 - Forbes JAPAN,https://news.google.com/rss/articles/CBMiWkFVX3lxTFBZQXZMZW1fQzdqRElLc3VYcHU2YmVNRHRBN01CM2pwRTBoN2cwLUNNcVowajgxbkpYbXV6V0FTcjdhekRPYkZEb0F4NUZhMmdKMVV1eHlBNnpqUQ?oc=5,"Sun, 13 Sep 2026 07:00:00 GMT",2026-09-23T09:29:36+09:00
GoogleNews:AI　買い物,AI　買い物,買い物エージェントが迫るECサイト淘汰 生き残りのカギ握る「LLMO」 - 日本経済新聞,https://news.google.com/rss/articles/CBMibEFVX3lxTFAtR1FWZkZHX3NlanRJOTJBQS1Sal84d2JPSzZQZ1hNMklIdW9FM0N5NUlBYm5EVkdTQVlNaFA2bXZaY1l1RjA4UFhaX3Y0bmFCbC1Gc1ZJMkdqQ1FrN1Q5RHdaVHhaVE5MU2gwVQ?oc=5,"Tue, 25 Aug 2026 07:00:00 GMT",2026-09-23T09:29:36+09:00
GoogleNews:AI　買い物,AI　買い物,メタのAIエージェント、無料で買い物や予約代行－「Muse」提供を開始 - Bloomberg.com,https://news.google.com/rss/articles/CBMid0FVX3lxTFBxR3BRZ2trS2pIc3RDUWQ0X0tKUVoyaE5leDdISTlESmEwUmdGdjZHX3dwbmhOaUlMUzFfSVhsN1FYVU0zci1Ld29xVU9Bc1c0dXRBUGpCZU1FOVBsbDB6SHhjSTZscnZ3TDVJeEc1Q0tlQkE1LUtR?oc=5,"Tue, 08 Sep 2026 07:00:00 GMT",2026-09-23T09:29:36+09:00
GoogleNews:AI　買い物,AI　買い物,約3人に1人が「AIに買い物を相談」 最も多く利用するシーンは？ - ITmedia,https://news.google.com/rss/articles/CBMickFVX3lxTFA2dUpzVGMyR3Njc2lpWFVwSmwzSlV4bWR4eXo3MmZISU9IS2p5SmdXN1ppYVNvUGVrTFdHS19tYk4tbUE4emVrd2d6bmM2MWtQMlFNU1lFZGRYLTNVTnk1dWRraEVzMHMyQ21ibjdtYk1SQQ?oc=5,"Mon, 27 Jul 2026 07:00:00 GMT",2026-09-23T09:29:36+09:00
GoogleNews:AI　買い物,AI　買い物,DNP、AI買い物代行での不正購入防ぐ 個人IDとひも付け管理 - 日本経済新聞,https://news.google.com/rss/articles/CBMibEFVX3lxTFBadTJwaGVzdUJIWFJUOTJWN0NmYTZpSjFwb0k5RzJEemlTdU9NU2E5UXIxVHRrSG1ONlBHNmtBd004Vm9EN2VielhmRjJwX2JIaFZuRTB6SGZyMUJjRkFJaVJDaVA1VW1GTHU0Tg?oc=5,"Thu, 23 Jul 2026 07:00:00 GMT",2026-09-23T09:29:36+09:00
GoogleNews:AI　買い物,AI　買い物,AIエージェントで「買う」と「売る」はどう変わる？ Yahoo!ショッピングが目指す新たな買い物体験｜LINEヤフー株式会社 - lycorp.co.jp,https://news.google.com/rss/articles/CBMibkFVX3lxTE1hSm9kczFEQWJjajlwR0NreXN6djhHaHFpM3VnbjZualNwelhUNndKN1daZld2Sjd1eTJoYmlYR0FsbzZIQ2Q3YkFPTDJEUHN6WjJGMGx5eEl1SlM3eWdTNGhkd2xyWXMzckQtOS1n?oc=5,"Thu, 20 Aug 2026 00:50:00 GMT",2026-09-23T09:29:36+09:00
GoogleNews:AI　買い物,AI　買い物,Meta、パーソナルAIエージェント「Muse」発表 メール送信や買い物も代行（まずは米国で無料提供開始） - ITmedia,https://news.google.com/rss/articles/CBMiakFVX3lxTE1ud0ZoZS1YOXF4V0tDRXc0cld4WnJ0QldHVUZmeFQ0bU8tYko5dGdiaGF0aWxrTnpiWVVkSV9PeGcxdE95ZkRJM0xmYzVlS1l5THZTVkRMRVlraTVueUswZ1hWeEVhYURrS1E?oc=5,"Wed, 09 Sep 2026 07:00:00 GMT",2026-09-23T09:29:36+09:00
GoogleNews:AI　買い物,AI　買い物,ＡＩがネットの買い物やメール送信を代行、メタが米国で新サービスの提供開始 - 読売新聞,https://news.google.com/rss/articles/CBMiZEFVX3lxTE92UjI5Tk1jR2pHeTlzM3drcWpONl82akJ3Vk91b1ZCeVB3UGEyd3VkY2xBbWNZRnNkZVNNSzRRS1pkczlaVVV4X04xM2pBS3lpaUhFTVRjWTY3cmFpQWQxdVV6VEE?oc=5,"Wed, 09 Sep 2026 07:00:00 GMT",2026-09-23T09:29:36+09:00
GoogleNews:AI　買い物,AI　買い物,Metaの個人向けAIエージェント「Muse」登場、買い物やメール返信を自律的に代行 - Yahoo!ニュース,https://news.google.com/rss/articles/CBMif0FVX3lxTE42MmpMc1RCaFZwSUpQRmhoSE5PXy0yYi03SFpPb2c1a3VMbjRpa3ExOUNxNWR5aFdBU284Qm1QdWFLZC1EZTNNX0FYcVVvZGk2SVhVcE1sWmcwRURjVDIzQ3VNWFJ6cXNkcjJmMmlyOVoteE9KdmNWX2ozTU1mQzg?oc=5,"Wed, 09 Sep 2026 07:00:00 GMT",2026-09-23T09:29:36+09:00
GoogleNews:AI　買い物,AI　買い物,Yahoo!ショッピング、AI経由の購入が2割 商品選びに伴走 - 日本経済新聞,https://news.google.com/rss/articles/CBMibEFVX3lxTFAxOHpfdFZlSVlSUjdRT21ZalY2R19SM25YNENFeVZZU3FoV0R0Y0lySnVoalVpYU52eFpOTGVmV3dKc2pWcXo4ZlZ0UGs4UEpTMmFBcHA1S1NVYk8ydkd0OFRoTVgzWXRhMklIZA?oc=5,"Tue, 18 Aug 2026 07:00:00 GMT",2026-09-23T09:29:36+09:00
GoogleNews:AI　買い物,AI　買い物,「調べもの」はAIに任せても、「大きな買い物・お金の使い道」は自分で決めたい。40代女性300人に聞く生成AIとの付き合い方【GLAM調査】 - PR TIMES,https://news.google.com/rss/articles/CBMiakFVX3lxTE16bmF1MG9RU3J2Y1pXUFJoUUFyWVZ3bE5pekZzMldJS002bWhMTm9yQVFWZ2Zma0FpRnNqUTJMWXVLWUw5UC1LUklKSDRPZGlkSkt5aUhIVHJzQjRkWnJvc3VlT2J3TWtIWnc?oc=5,"Fri, 11 Sep 2026 07:00:00 GMT",2026-09-23T09:29:36+09:00
GoogleNews:AI　買い物,AI　買い物,便利なはずのAIが『買い物疲れ』の原因にも…？約6割が体験する新時代のストレスとは | フロンティア株式会社のプレスリリース - PR TIMES,https://news.google.com/rss/articles/CBMiakFVX3lxTE52ekdXdHl2N0RCeWc4WE9HbFdDZkJVQy1FYnRsaFZpWF9MTUt4U1VBazVBZE0yZ3duV01yN1hOMW0ybTVmRDhUSE9ub1ZGWkloVFBISThfS2piUmItd1JOblg4WGZoaUh0ZVE?oc=5,"Tue, 08 Sep 2026 07:00:00 GMT",2026-09-23T09:29:36+09:00
GoogleNews:AI　買い物,AI　買い物,Meta、パーソナルAIエージェント『Muse』発表 メール送信や買い物も代行、米国で提供開始 - Ledge.ai,https://news.google.com/rss/articles/CBMiY0FVX3lxTE0tMmZyTWQtVWNKdWZtN21hVUpVa2lncW5EaDl3aXlBVjROYWR2V2I1TGp5VUhQODN4V1h4SWxWTGFNWEp4Tm5ycWNfUm1rWDhoWkFrNUUwV0txYVFScW5faXF2Zw?oc=5,"Wed, 09 Sep 2026 07:00:00 GMT",2026-09-23T09:29:36+09:00
GoogleNews:AI　買い物,AI　買い物,メタのAIエージェント、無料で買い物や予約代行－「Muse」提供を開始（Bloomberg） - Yahoo!ニュース,https://news.google.com/rss/articles/CBMif0FVX3lxTE9pODNhN3gxV1lPTHRYaDA5NkFOdXI5dTNTbXQ4ZXJRVjRFbU1GU2thM2h0M3QwQUl0ekNONmZfemU0UnhEdnBZdlJOalR0UTJKVUxXSmFaSTRFSnVaLWhfLTlvTUJldXJpZlFZR2FlZXY5c3RlN3RFdzZPZTA5aXc?oc=5,"Wed, 09 Sep 2026 07:00:00 GMT",2026-09-23T09:29:36+09:00
GoogleNews:AI　買い物,AI　買い物,Metaの個人向けAIエージェント「Muse」登場、買い物やメール返信を自律的に代行 - Yahoo!ニュース,https://news.google.com/rss/articles/CBMijgFBVV95cUxPRGxLWFZPNGNjOTg5akhlVXJoRlhoUDFjS2NtM3dta2pLM0JxRnBXWFRVQ0d4QnNuM1ptOXZpb2F2NnBaMVhXU3FWbi1BMUhNYkc3cWxsUEpjZDhXaGc1VWlFX194X1ZJRDlEMTdpc3VUUmZvR3pOcDlsWng4c3NRX2g5MVNQcnp0Y0htWmNR?oc=5,"Wed, 09 Sep 2026 00:01:00 GMT",2026-09-23T09:29:36+09:00
GoogleNews:AI　買い物,AI　買い物,メタのAIエージェント、無料で買い物や予約代行－「Muse」提供を開始 - TBS NEWS DIG,https://news.google.com/rss/articles/CBMiZ0FVX3lxTFBrLWwyNWJ3ZVN4TzBUQWVnaXl2NDJqMzZyVGRrRjZWWHZXM01QY3p3SHEtTHlyUTllWFEwVGhCWUFoRXpUdnduNUJyUjhFZDdqajY5VTZoTVFpYmNPNWFzM19nZ09yam8?oc=5,"Wed, 09 Sep 2026 07:00:00 GMT",2026-09-23T09:29:36+09:00
GoogleNews:AI　買い物,AI　買い物,米議員、買い物支援ＡＩ巡りアマゾン・ウォルマートの調査要請｜Infoseekニュース - Infoseek,https://news.google.com/rss/articles/CBMibkFVX3lxTE9IRWd3UkdpR19UdnFSZVU0VHFZVE5IMjg2Vi1aTkxjV01xNTN4R2JkX1Q3NUtjcmxMXzBCV2d2Y1VadHR6a0NUaUJFaEhYR2hSMGxhWGZfVHZiRGJHN3NDZzlIT2J0LUFLbHJkY2tR?oc=5,"Fri, 18 Sep 2026 04:56:16 GMT",2026-09-23T09:29:36+09:00
GoogleNews:AI　買い物,AI　買い物,買い物で生成AI利用25% 時短や納得感が向上、博報堂研究所調べ - 日本経済新聞,https://news.google.com/rss/articles/CBMibEFVX3lxTE1FN2J2STdETGdYTjIydzdGcUplaDYyck1weWthNEpKeGYtd2NodUdHQmpTb3ZiZ0NBVVJ1dXhfc2lBUXFqWFhHY1QyZGZZSG93SGM2ci1oV1ZtcVc5Y3pLd0JDQmZNdVowcDF5dw?oc=5,"Tue, 02 Jun 2026 07:00:00 GMT",2026-09-23T09:29:36+09:00
GoogleNews:AI　買い物,AI　買い物,「買い物にAI」シニア層の6人に1人 デジタル機器の購入が最多 - 日本経済新聞,https://news.google.com/rss/articles/CBMibEFVX3lxTFB3RVljZmhQaHB1d0VuYWppcUcyTndOY2xYS0JWUG1wZVpBTFc3V19WWTY4dTRYcFlLOEtoN1pnRVB6RjJtWUJzV2E4ZHhiZ1pMMTU1eUFRM24tdmxNTjc4S3pYQWs2VXFsWGU0QQ?oc=5,"Mon, 06 Jul 2026 07:00:00 GMT",2026-09-23T09:29:36+09:00
GoogleNews:AI　買い物,AI　買い物,AIエージェントが買い物を変える：AppierがAIエージェント・コマース時代に向けたデュアル・マーケティング戦略を提唱 - PR TIMES,https://news.google.com/rss/articles/CBMiakFVX3lxTE5janpYZUo2NlNwSU9IeTZwZlR3RWxnMmg4eGNSR2pTSnAwalFWX1o1bDdTMjhGa2RvTUNIUzhmQklYRWhpaHFKeVU3aHJpcTFhOGhYaDFhSG9iMlo2c2NXUGNHQmJPbGZHQ2c?oc=5,"Tue, 14 Jul 2026 07:00:00 GMT",2026-09-23T09:29:36+09:00
GoogleNews:AI　買い物,AI　買い物,49%がAIが買い物に抵抗なし 1万6000人調査で判明「5つの生活者変化」 - xtrend.nikkei.com,https://news.google.com/rss/articles/CBMiZkFVX3lxTE5Hc3dwWVctOHJCYmt4SWJGOHU3T0lwU2xjbGJldkY0cVd1UGlScDhfUkZuMjI1Zk9sYmRLYnFWa0VwdjlUOXhMa29fTXdJdW5fQncwOUd4RW0zeUd4OHg5dWZ4bU9hQQ?oc=5,"Thu, 03 Sep 2026 07:00:00 GMT",2026-09-23T09:29:36+09:00
GoogleNews:AI　買い物,AI　買い物,韓国KT、買い物・不動産・公共サービスをAIで接続…「みんなのAI」構想を公開 - KOREA WAVE,https://news.google.com/rss/articles/CBMiuwJBVV95cUxPRjgzcmFOOW5LTU92QlJUM3BqSXJwTFpJTV9PdmV4SURkbUh4a2FXdUZOR3BPWjgxOUpnVUpPUzk1RGQzMG9WTkQ3V2xNTnFhMms0ZXo4TnQxN2JuQW1JZ015ZmhOQW9TX3ZhVFJINGt3Y3I0b2VDcmhzQ0dZeXJhVDE0cGMxeExGcVFMR3hhLUM2NjRjQ2ppUnBSM0V2X0ItVnBVWmZIUUpRWXJRLUhCZXZWZHRYc2xpN011X0ZhN2FEYlczNVk4RlBmTGxKbkdraVNackZYTmhsdDRHT01DbDVEOVJfa0tJT0tPMTc5UVVMRGxnU1VENV81WGFFcHprRE1yWlZ4cDJDWlRacTBfaTEya3EwNXF1R0pFWGEybFJLa0tueXRHR2t5Y3B2MVlybFpoQm1ONEx6cFE?oc=5,"Thu, 17 Sep 2026 02:30:46 GMT",2026-09-23T09:29:36+09:00
GoogleNews:AI　買い物,AI　買い物,楽天、会話型の「AIコンシェルジュ」で注文額17％増。買い物体験をどう変えた？ - ネットショップ担当者フォーラム,https://news.google.com/rss/articles/CBMiXEFVX3lxTE9WR2QycG44TGpSTmE2M2hPdFQ3bzBvU2xpU1M1RktlaWtZaWVPTzFJb1VrVzBtU0s3cGFvenFhek04c3R1YmJOaDdVX0xhZ25pUGVPS0JxLWs4QlJp?oc=5,"Wed, 05 Aug 2026 07:00:00 GMT",2026-09-23T09:29:36+09:00
GoogleNews:AI　買い物,AI　買い物,「AI任せの買い物で偽物を買わされたらどうしよう…」を解決！複数AIのチェックで危険な取引を事前に弾く安心の保護技術 - DXマガジン,https://news.google.com/rss/articles/CBMiU0FVX3lxTE45Zk0wWHlPNFZ0TGhNTjM5YkZBY3ZVQzloNzEzNks2TW1wNEZONVl5MkJ0YlpUbmY1bG1rT3ZhYk5WQ1gtbmNNSkdDaVFhVnNYS1JF?oc=5,"Wed, 16 Sep 2026 07:28:50 GMT",2026-09-23T09:29:36+09:00
GoogleNews:AI　買い物,AI　買い物,AI時代の買い物はどう変わる？ 20～30代の約3人に1人がAIによる自動決済に肯定的、「リアル店舗」の価値は失われない - ネットショップ担当者フォーラム,https://news.google.com/rss/articles/CBMiXEFVX3lxTE9hMjdKT2xGWlVVdXVPNDJtSkxlNFFkZGRNY0dhbzFoWEVWZ3VOU2VFV2ZKXzczb2ozRkVZakUtdklScnNKcE1kYlBWdnYyWkFpS0JfS1RhUEsxTnRT?oc=5,"Thu, 20 Aug 2026 07:00:00 GMT",2026-09-23T09:29:36+09:00
GoogleNews:AI　情報検索,AI　情報検索,対話型人工知能(AI)を単純な情報検索ツールではなく、悩みを打ち明ける対話相手として活用する人が増えている。 AI利用者10人のうち6人近くが個人的な悩みや感情をAIに話してみた経験があることが分かっ.. - 매일경제,https://news.google.com/rss/articles/CBMiUkFVX3lxTE9saXJOMV9hTk5McDlWenRWbjRMRnpYbE9ldGpvUjR5YWgwMDdONlBZYlZtTG9Ya2hYOGY4V2NuTlg3MkROVlA0OU9EV3dSUTJockE?oc=5,"Fri, 18 Sep 2026 12:26:44 GMT",2026-09-23T09:29:38+09:00
GoogleNews:AI　情報検索,AI　情報検索,Z世代、商品購入で生成AIは「比較検討する商品を絞るとき」に44%が利用。ただ、情報源でも最も信頼するのは「検索エンジン」が断トツ - ネットショップ担当者フォーラム,https://news.google.com/rss/articles/CBMiXEFVX3lxTE1fVjFGbWtmVl9COVNQTFg4YlFzMWJUSmd2YjRFNXhjZnd0WUQ4cWRoQkxISkdDYkNDMTVrTU8zUGVYcWxPS1Njb2ZXSEpZT3ZsN1FUX0U0OHVBMTIt?oc=5,"Mon, 07 Sep 2026 07:00:00 GMT",2026-09-23T09:29:38+09:00
GoogleNews:AI　情報検索,AI　情報検索,企業内検索基盤「活文」最新版、MCPに対応--AIエージェントに信頼性の高い情報を提供 - ZDNET Japan,https://news.google.com/rss/articles/CBMiU0FVX3lxTFBYN25rZldTNTB1MXpqamNVd1QtSG9pNzBGTFBWNENwX1V0ZGFjX2toZWNmU0xoZVJ1ZXRTbG1MeENGVVE4bDBiWGwyUE9vWkpPcU9R?oc=5,"Tue, 08 Sep 2026 07:00:00 GMT",2026-09-23T09:29:38+09:00
GoogleNews:AI　情報検索,AI　情報検索,Z世代500人に聞いた生成AIの利用目的、3位悩み相談、2位趣味に関する情報検索、1位は？ - @DIME アットダイム,https://news.google.com/rss/articles/CBMiREFVX3lxTFA5Yk00M2xKZnRyN25iNnlvQmdUTzJEUVBzOVlNZm5ZV2VOWXkxLVZxVnE5TWgyT21Sc2RxMnR0V01HYUlv?oc=5,"Mon, 14 Sep 2026 04:00:30 GMT",2026-09-23T09:29:38+09:00
GoogleNews:AI　情報検索,AI　情報検索,佐賀県内企業「AI活用」8割 佐賀新聞社調査 用途は文書作成8割、情報検索、分析に6割 「作業時間大幅短縮」の回答も - 佐賀新聞,https://news.google.com/rss/articles/CBMiVkFVX3lxTFB4eEZXanVPUmNkSnV6WDktaEI0d1J5bWFiUkNldkxRZVN3RHNtUVd3TVI2R09CZnhPbVZVN2ZVUFFncHNxUDFWd1FXb3FSeXdyaGpXVkdB?oc=5,"Thu, 10 Sep 2026 07:00:00 GMT",2026-09-23T09:29:38+09:00
GoogleNews:AI　情報検索,AI　情報検索,横浜ゴムがRAGを活用した生成AIシステムを開発 タイヤ開発の意思決定を高度化：製造ITニュース - MONOist,https://news.google.com/rss/articles/CBMib0FVX3lxTE1WR0t3TGs4NE9lZ20yOVAzWmJzc0pIelNELUFYbWQwbzhIZ2ljb2VtbW4tS203S0dtT2FRVmdnU21IcC1wZUswQVluLURsM3k1MlJ2MU5TZTduLUZZeFVGTWVrS08wRHBzc0xVdjJMbw?oc=5,"Mon, 31 Aug 2026 07:00:00 GMT",2026-09-23T09:29:38+09:00
GoogleNews:AI　情報検索,AI　情報検索,"きらやか銀行、行内の情報検索基盤に「Helpfeel」を導入 10,000ページの規程や通達をAIで瞬時に検索・照会可能に - PR TIMES",https://news.google.com/rss/articles/CBMiakFVX3lxTFB1NTQ5QWRPdHNkSGtIWHVVbXdrWjlTR0s2RzBqZjl4VmlFVDFoeV9OVC0ySjNSbF82ZC0wUUVDb1JRalZzLXZHb2NkQjBnWmhBQ2xTNTdqeVpyUGRsUHNuSGNfTXdIWmU4ZEE?oc=5,"Tue, 30 Jun 2026 07:00:00 GMT",2026-09-23T09:29:38+09:00
GoogleNews:AI　情報検索,AI　情報検索,"AnySearch、学生・開発者にAI検索を1日2,000回無料提供 大学生やOSS開発者を支援、世界20万人が利用 - Newscast.jp",https://news.google.com/rss/articles/CBMiR0FVX3lxTE1EaFZxTU5ZM1VhN0ZsMEV0N0VIWHV4SGpybTJIai1YMzlvd3NtSzg0cUNfbVNaWkRkbi15T0U1OFczYUlrbUo4?oc=5,"Mon, 27 Jul 2026 07:00:00 GMT",2026-09-23T09:29:38+09:00
GoogleNews:AI　情報検索,AI　情報検索,テスラ、日本でEVに対話型AI「Grok」 走行中の情報検索しやすく - 日本経済新聞,https://news.google.com/rss/articles/CBMibEFVX3lxTE05akFjT0VVMURDSWI1ZmxKQzZaNmNzVDF1OEJnWXo0NXAxXzh0VnZKdDFVblJHRDdvZ25kWlNGRldpNmpRaUpWYVEwYlVKQzhwUEdmZjBUazFMVkFSY2JUNXp5eXJiS3V2T0hCQQ?oc=5,"Fri, 10 Jul 2026 07:00:00 GMT",2026-09-23T09:29:38+09:00
GoogleNews:AI　情報検索,AI　情報検索,Naver Cloud、公共機関向けコラボツールにAI検索・文書作成・エージェント機能を搭載 - BigGo ファイナンス,https://news.google.com/rss/articles/CBMidEFVX3lxTE1oeDFpaTFtV21seEljWlAySkpWYldVclVPRm94c1ZpSm42ZktoT3R2MWM2dVA2QkFteGhwUl80ZGRVSGJPZV9zOWp4blQwODVWX2otd2F6a201MHhWVW5hNXJFNmhfcTk3d2ZWMk9ObVRKNUdZ?oc=5,"Tue, 11 Aug 2026 07:00:00 GMT",2026-09-23T09:29:38+09:00
GoogleNews:AI　情報検索,AI　情報検索,「ググる」は死語になる？何でも生成AIに聞く時代に私たちは“調べる力”を失うのか - 東京報道新聞,https://news.google.com/rss/articles/CBMiU0FVX3lxTE5BZktxcFkwdnNzOHM0ZHdOZ3JuQ0p6QkRvZXNJSkxOb04xbGhzUEtqUXdmTlRVNFMtMVZlNGJqRGlsNEhrbnU2QlpfQXVIQjdab0pF?oc=5,"Sat, 15 Aug 2026 07:00:00 GMT",2026-09-23T09:29:38+09:00
GoogleNews:AI　情報検索,AI　情報検索,【活用5選】グーグルの「AI検索」が手放せなくなってきた - newspicks.com,https://news.google.com/rss/articles/CBMiU0FVX3lxTE9WQXdWWkdsMVRrRkhaek1EbzFzb2JfTXp6clBiSVl1NnJrakc1VW1OVVpNeElFd0NQbndnMENlWkFMdW5KalF5YkliV3I2UUs1QnhR?oc=5,"Sun, 17 May 2026 07:00:00 GMT",2026-09-23T09:29:38+09:00
GoogleNews:AI　情報検索,AI　情報検索,技術情報検索時間を20分の1にする生成AIアプリ、開発の工夫と体制とは？：モノづくり総合版メルマガ 編集後記 - MONOist,https://news.google.com/rss/articles/CBMib0FVX3lxTE81U2hoSlVLQS1GYzIwU20yR1hyVUdncnRidXVTQVd1TXZ1a19YdjVOY2VxaEVCODBGLTJ4bHZLVS1ZdDk5OWwzcE9IQkMtOVhNaHhhZUlDN2VOcGFkNHRrNi12XzdmYzZWMG9MWHNJUQ?oc=5,"Thu, 14 May 2026 07:00:00 GMT",2026-09-23T09:29:38+09:00
GoogleNews:AI　情報検索,AI　情報検索,グーグル検索のAIモード、検索結果から離脱せずにプレイリスト作成やフライヤーデザイン、買い物が可能に - BigGo ファイナンス,https://news.google.com/rss/articles/CBMidEFVX3lxTE1GLXlWOXU5OWVlSTVXRUR6a3ZIYkxQTTIyTUpob3R5ZWFlTnNPaGl3RXBjTnJpYl83Y05CVGtRRl9xNEhCbW9HNy1jS2UtMFZSX1RfelBUQ1dMdlgyTUlHMXJoVkRzRmlFbHlkclBpeEQ5VTFE?oc=5,"Thu, 16 Jul 2026 07:00:00 GMT",2026-09-23T09:29:38+09:00
GoogleNews:AI　情報検索,AI　情報検索,AIを活用した音楽権利情報検索 MIPPIA（ミピア）日本語版を正式リリース - PR TIMES,https://news.google.com/rss/articles/CBMiakFVX3lxTFBxdlJ6eC1kd1ppN2k5UkFDeTNtSExESUZfeENIeEtJTF9lVjNJaTI5NXVyWk1Ba3o4U0lnclhsQ0JPQVR3bjMzRk04dTBVQWlwVFlzanR2NndTb0NUTnExaUFXT1lLUjUwSXc?oc=5,"Tue, 23 Jun 2026 07:00:00 GMT",2026-09-23T09:29:38+09:00
GoogleNews:AI　情報検索,AI　情報検索,鍵は「検索できるPDF」 アドビとPFUが語るAI時代の文書活用 - Impress Watch,https://news.google.com/rss/articles/CBMiZEFVX3lxTE5WUEJ4Zk1nQ2JpSnBpREhjTHpXMlhlR0VhY2lKdnV5T0tLblRVYkREckVEdG0tV1NsV3FoSGpkYTZMN0VkWWkzTEVlU0JfR0k0bGx0N3JaWEtFSkw3N3NJaTNiLXc?oc=5,"Mon, 15 Jun 2026 07:00:00 GMT",2026-09-23T09:29:38+09:00
GoogleNews:AI　情報検索,AI　情報検索,150コンテンツの「信頼性の高い」情報を一括検索　KDDIが新AIサービス「Buffmee」提供、1年間は無制限で利用可能 - ITmedia Mobile - ITmedia,https://news.google.com/rss/articles/CBMib0FVX3lxTFBrUFlKUjZ4WVJKRnc4czBkWXlDSjY2WWNQcHBGV1NVVFMxd3hLMGtLRkpGMEFEcV85TVNEMS1adjQyWU13OERIZ1B0UURiTjFZeFFYakNDTEM0UnBmOFZvSTZEcW1lZ0xraUNwOU5jUdIBaEFVX3lxTE9mWWdvVkcxZjQ0aVdSWGZJNjZCZ2VqclZHTjhyanZISFZ0T3FadjZYdUk1MjB0dkExd2ctUlhadFBEaGVIRHNJX29pUFZoa0t3dllIVlkwTi1Ya0tuZS0xdmtUN0FabHJa?oc=5,"Tue, 28 Jul 2026 07:00:00 GMT",2026-09-23T09:29:38+09:00
GoogleNews:AI　情報検索,AI　情報検索,AIを活用した開示情報活用サービス「J-LENS」シリーズ提供開始 | 株式会社JPX総研のプレスリリース - PR TIMES,https://news.google.com/rss/articles/CBMiakFVX3lxTFBJby1ubUNReWNxUXR0UlprTm8yQi1vbjNXVldVdlZ6dTBuREo3OVEyWE1LM0VCeFNwQTh5MzVhSkVLOGVZdFpobjBCcjd5SDhLTnlDbnU2ZUtyMm1LQkRkbVRRdnFvd1UyTnc?oc=5,"Mon, 29 Jun 2026 07:00:00 GMT",2026-09-23T09:29:38+09:00
GoogleNews:AI　情報検索,AI　情報検索,メック、医学生向け初期研修情報サイトを「メクキャリ」へリブランディング＆リニューアルオープン！AI検索機能を新たに搭載 - PR TIMES,https://news.google.com/rss/articles/CBMiakFVX3lxTE5xcmxCTHozcjdDZkwxT2d5MkVnYk9WVmFUWTlmZm9xblZRT2M3aW5KSThKcXZSUG1FT1lGSUlWWk5sSzhvWVppLTVRU1VDMzlIbmJGbnJ2cTZhTzVaSVFDT3FqejZLSDZfOFE?oc=5,"Fri, 31 Jul 2026 07:00:00 GMT",2026-09-23T09:29:38+09:00
GoogleNews:AI　情報検索,AI　情報検索,DATAFLUCT、自律型AIエージェント「Airlake BI Agent v2」を発表。社内に散在する顧客DBや提案資料を、自然言語で検索・分析・資料化 - PR TIMES,https://news.google.com/rss/articles/CBMiakFVX3lxTE9tdTVKMVZ4Z196QXQ1SXVWOGI0NHFXSlo5VUwzTkx4LVNDN1VoWXN1eEdIaHI0VTR4TnQycXZsZDBaVU90Z0YtQ3dOMUhpbUhMTHZ5YW1PSU5Cb29TZzRZckVPZHR0a3N1TUE?oc=5,"Mon, 06 Jul 2026 07:00:00 GMT",2026-09-23T09:29:38+09:00
GoogleNews:AI　情報検索,AI　情報検索,寄稿：生成 AI で“探せなかった開示情報”を見つけ出す 〜 JPX の AI 開示情報検索サービス J-LENS〜 | Amazon Web Services - Amazon Web Services (AWS),https://news.google.com/rss/articles/CBMigAFBVV95cUxNWHBnVllEWS05X1NveGdhbEN2M3h1b1poeFhiTlZJZGxFWE85R1JZWkNxUXVBcW5HbUVud0tTRkVka0JvV2FacWpQUjNYbXJVc194NlByRWpDQVVSa01rOUkydWRNNVBJb2RWX05RWmtHcWNfTURLSjJiTUpELVB0cA?oc=5,"Tue, 26 May 2026 07:00:00 GMT",2026-09-23T09:29:38+09:00
GoogleNews:AI　情報検索,AI　情報検索,AI議事録「Rimo Voice」、蓄積した議事録をチャット形式で横断検索できる「AI検索」機能をリリース - PR TIMES,https://news.google.com/rss/articles/CBMiakFVX3lxTFBQYVVMUGo5NDFZeFh3X2V0SmpxaG5OOUZhODAzQ2xfY3lGNUt6dDlmMDE4UGtKQzdMMHB6LTc0NzJYVEhjYnU2ZjRNYlJKUllvVkZwdGg0S19KVmk5dUgwQkJFTnZKellNUWc?oc=5,"Wed, 27 May 2026 07:00:00 GMT",2026-09-23T09:29:38+09:00
GoogleNews:AI　情報検索,AI　情報検索,市場調査の「検索・整理・深掘り」をAIで効率化 - 47NEWS,https://news.google.com/rss/articles/CBMiS0FVX3lxTE1hWGJBN0ZSZU9BM0ZkZVhFZkRLZkYwNkQtS3p2b0tpYlVkeFh6NHZ0TjdzbHdtWUNIU01mUHhUT0d3VDUyU0F0amlVUQ?oc=5,"Fri, 07 Aug 2026 07:00:00 GMT",2026-09-23T09:29:38+09:00
GoogleNews:AI　情報検索,AI　情報検索,AIで脱属人化を加速！ 日本ペイントGが技術情報検索時間を20分の1に：マテリアルズインフォマティクス最前線（8）（1/3 ページ） - MONOist,https://news.google.com/rss/articles/CBMib0FVX3lxTE5yUjVhc1haTWREeTllMG5XTEE0TlZOel9VM1V5RWtRSjJrdERaUV9hUlV6Mkl5Qm5aOW9BYktmYVV3RTl4bWFOUW1HMV93ZmJVamNaTkxiMFJoTmw5aGNwN0ZVay1qc25EMF9Tb1Y0bw?oc=5,"Thu, 23 Apr 2026 07:00:00 GMT",2026-09-23T09:29:38+09:00
GoogleNews:AI　情報検索,AI　情報検索,AI Lab、情報検索・推薦システム分野の国際会議「SIGIR 2026」のShort Papers Trackにて論文採択 - cyberagent.co.jp,https://news.google.com/rss/articles/CBMiakFVX3lxTE5uakJPWDhWdm9oeEEzaDRKZHluNURvUEQzeGxwLS03ckdxU0hpZ09Fc2t3VklhX201NV81Y2JpU0hEcjNNSW5IdGc1NFoweDhxUHNydXlqb29yd2hqNjlmZFB0MFR3dVNGYUE?oc=5,"Fri, 15 May 2026 07:00:00 GMT",2026-09-23T09:29:38+09:00
GoogleNews:AI　情報検索,AI　情報検索,2026年中国GEOサービス事業者トップ8徹底評価：AI検索時代のブランドポジショニング戦争、勝者は誰か - BigGo ファイナンス,https://news.google.com/rss/articles/CBMidEFVX3lxTE83aFI3ZzU0MVdaMl9mWmZwSnJLWi1BMkdhVDYzbXRLcng1SS1pUXBPV0hUeURBaXFrVkhSYk56aFBpdUU3c0xPVk1OQ1FjNzltRFhzWU45TjBvZEN2eEpha0l3UVVSMTI2bG9LcU91NlEydzZW?oc=5,"Thu, 25 Jun 2026 07:00:00 GMT",2026-09-23T09:29:38+09:00
GoogleNews:AI　情報検索,AI　情報検索,Google、AI検索に「優先ソース」機能追加 信頼できる情報を見つけやすく - ケータイ Watch,https://news.google.com/rss/articles/CBMiZ0FVX3lxTFBJajVGVkVjaDgzXy1mbXVybkdMMUZHdnU5eGdBMXpwY2tsWHhZS3BVa0FVRWFQbmtvRDMtOTJmYjR5NjdSOUR5TGhtazhWOW9xOWkxUnlFdk0xQm5HcHVwY2xESkluNGs?oc=5,"Thu, 28 May 2026 07:00:00 GMT",2026-09-23T09:29:38+09:00
GoogleNews:AI　情報検索,AI　情報検索,GoogleがAI新機能｢Spark｣、検索や買い物を代行 30億人の生活自動化 - 日本経済新聞,https://news.google.com/rss/articles/CBMibEFVX3lxTFBxNDRVQ09WNVhMT04xT25ZamhIM3J6azNaWnczdnFVNkhHYkhBQUNRTmtCWUlzY3hqT0VTUDVLdlRYZzMzN3BYS0FmWWhJVnlvc2RpMi1ZVjgzWkxZSkFjNkhOaVh4SHNDV2IycQ?oc=5,"Wed, 20 May 2026 07:00:00 GMT",2026-09-23T09:29:38+09:00
GoogleNews:AI　情報検索,AI　情報検索,Synology® 、正確で信頼性の高い情報検索を実現する AI Advisor を正式発表 | Synology Japan株式会社のプレスリリース - PR TIMES,https://news.google.com/rss/articles/CBMiakFVX3lxTFBoUml3Y2ZyRGRZNzRFWjl1bThOTk9MM3RDYkFfQzQ4U2NSNHBHOUQwMzZNZXlMTVpicURaTDZCTVdhOWZRdkotNUNVb1pwVl9QbFQxbnVJbFIyTDUtUm5YNkplVWlfaFZqRXc?oc=5,"Thu, 07 May 2026 07:00:00 GMT",2026-09-23T09:29:38+09:00
GoogleNews:AI　情報検索,AI　情報検索,生成AI活用で「社内情報探し」の非効率解消、年間1万4000時間相当を削減 - 日経クロステック Active,https://news.google.com/rss/articles/CBMiZkFVX3lxTE9QV2FialNEN3Y1R1ZVV0V6UzhpT0Q5UUxVUWRzVnpoYXVjOVhCdHNhNHQ2aXk1X2R5Q3BpS1JqSHN5VENkdVlPcDhvTHE1dzJaSUZFWnBxc01oTEYtUWhFejhtRWxKdw?oc=5,"Thu, 14 May 2026 07:00:00 GMT",2026-09-23T09:29:38+09:00
GoogleNews:AI　情報検索,AI　情報検索,久世、生成AIで商品情報検索高度化 - LOGISTICS TODAY,https://news.google.com/rss/articles/CBMiSEFVX3lxTE9wOUhsaUdIcWEwMkRtOTZvQXUtWFpwaV9WSV94dS10a0pmQ2dqbVVUUjRIc3p6U0I0ZXZhbldHNWNaNXhMRzlFbw?oc=5,"Wed, 13 May 2026 07:00:00 GMT",2026-09-23T09:29:38+09:00
GoogleNews:AI　情報検索,AI　情報検索,モノづくり専門メディアMONOistに生成AIを活用した技術情報検索システムに関する記事が掲載されました - nipponpaint-holdings.com,https://news.google.com/rss/articles/CBMic0FVX3lxTE1WV3lYZVMwMng2VkVSYU1HRUlqWVNqOUZHTVVWcTM2RGJ2RVFWMnhCZVg5YmgtQ05tWldIeUR0UjdnTzk5MTBjYTNnZHpNQWJyMmZfNTlaOGo2OHlWZ2lBMldzdS0wM2ltell2TEFac0FHdE0?oc=5,"Thu, 23 Apr 2026 07:00:00 GMT",2026-09-23T09:29:38+09:00
GoogleNews:AI　情報検索,AI　情報検索,AI利用経験は43%、活用目的は「情報検索・ニュース把握」「学習・自己啓発」「創作・エンタメ」が上位 - Yahoo!ニュース,https://news.google.com/rss/articles/CBMif0FVX3lxTE1qNlo0R2d6QnF4Qk1YbnFwakZ2MFFNR0NuZFJjS1VrMEhOM2RVcm0yUkgxb0hkejZzX0Y1NUNObHozRjN0TkQzVmxFX1JXQ2x3YVd0cmJzWVlOaDBJZjJNQkRYQXRiUE1CTndnWS0tSm12U1huMk94T2ZxSHNaUU0?oc=5,"Sun, 26 Apr 2026 07:00:00 GMT",2026-09-23T09:29:38+09:00
GoogleNews:AI　情報検索,AI　情報検索,Google検索結果からAIの応答を削除する方法 - Vietnam.vn,https://news.google.com/rss/articles/CBMiiwFBVV95cUxQcTdrRzZCSEt0dER2M2lmNFpOUEV3WFZudWp0NkljOC1RSDluUmhIa0dxa0d0dTdiQ2pRdE9Sck5JQlZlNlFHYjBZdHVhUVhXTGEwMHlDYzh0S1JnUVBXY3pwMkpzRjUyY3dNQUJ4Vk51WU9keUNpMU93YmNmSGxLOEZZNmNrZE5EYnJv?oc=5,"Thu, 28 May 2026 07:00:00 GMT",2026-09-23T09:29:38+09:00
GoogleNews:AI　情報検索,AI　情報検索,AIが情報を大量生産する時代に最も希少で価値のあるものとは？検索トラフィックが半減しても生き残るコンテンツ 【生成AI事件簿】ロイターのAI戦略に見る企業におけるAI活用の本質、AIは“速い“が信頼を作り出すのは人間の役割(1/5) - JBpress,https://news.google.com/rss/articles/CBMiVkFVX3lxTE1ta1AzM056MFlrbC1CV0FDLWZhaW54Z0tNMjVzT3JEdVFiXzlhOGw1LTg3akpPR1hoa1JlQkxRWGZfWlFJeTZYdXk0aVpuaXNkZkY4cndB?oc=5,"Tue, 07 Apr 2026 07:00:00 GMT",2026-09-23T09:29:38+09:00
GoogleNews:AI　情報検索,AI　情報検索,ChatGPT Atlas入門、OpenAIの「AIブラウザ」は検索体験をどう変えるのか | Moz - SEOとインバウンドマーケティングの実践情報 - Web担,https://news.google.com/rss/articles/CBMiW0FVX3lxTE5YYU5vUXM3SHNUenh0eXZwTEE0RUVJMUZOb0VieFk4WVFlNFM5Vk1wZU53U09leTRPWm9pZndhaTRXMGViMUI5Rm5uUzZLWDZwaXFXbHNnZFI4dUk?oc=5,"Mon, 18 May 2026 07:00:00 GMT",2026-09-23T09:29:38+09:00
GoogleNews:AI　情報検索,AI　情報検索,Google検索の「AIモード」が外部アプリ連携を開始、InstacartやCanvaに対応 - BigGo ファイナンス,https://news.google.com/rss/articles/CBMidEFVX3lxTE1GQlIxZFJ6VkZObWx4YWtpZFItSWRqb1o0eW1uT3ZZX1ZfU3NPeXpxV3lBMXNiMHJNTm56c3VyZE1oZ2FyaEVCZk1QWmdEUlY1Z2l3LXdZMTJ6V3NLcWM5Rm03MTlGSF96RnZoa0gtdDhxNVda?oc=5,"Fri, 17 Jul 2026 07:00:00 GMT",2026-09-23T09:29:38+09:00
GoogleNews:AI　情報検索,AI　情報検索,Yahoo! JAPAN、PC版トップでAIアシスタント機能の提供を開始 会話形式で情報検索が可能に：commercezine - MarkeZine,https://news.google.com/rss/articles/CBMiT0FVX3lxTE1oMVBMRDlXc0tERGJDa1BlUGI3Q0dOMHRVVHVBN2hyTjdkR1NjUGRrckxMNm9RYmlCZlpOOUxWTjJUaS1TTWtlaEotX1NxeEU?oc=5,"Tue, 16 Jun 2026 11:59:52 GMT",2026-09-23T09:29:38+09:00
GoogleNews:AI　情報検索,AI　情報検索,Google検索「AIモード」に個人情報を入力しないで――立教大など、学内に注意喚起 - ITmedia,https://news.google.com/rss/articles/CBMiakFVX3lxTE85RFB2a25hWjBEcXE3TTZ4YXo2cjZ1VV9KTjVqMDFNR3ZSYWpyTUxJYU5ObHdDUmt3MEVwVFBhX3dwNHAyTFJ2MkRUTkdSYzVWTWVqNERnemtIZ055aWpKRkJ1MkNHVU9YT2c?oc=5,"Mon, 20 Apr 2026 07:00:00 GMT",2026-09-23T09:29:38+09:00
GoogleNews:AI　情報検索,AI　情報検索,エンタープライズサーチ QuickSolution® が検索エージェントを搭載 ～ AIエージェントが社内情報を検索して回答、情報探しの負担を大幅削減 ～ | 住友電工情報システム株式会社 - Digital PR Platform,https://news.google.com/rss/articles/CBMiQ0FVX3lxTE9oYThTMF9TbS01S19vRFdUaGN4TElNUDljV0EwM3pQSHVPM01PdFJPN005SXRCeHlrSFJIZFhIVUUzaFU?oc=5,"Tue, 07 Apr 2026 04:30:28 GMT",2026-09-23T09:29:38+09:00
GoogleNews:AI　情報検索,AI　情報検索,毎日AIを使う層が2割に。次に求められるのは、議事録や情報検索を“自社ルール”でこなすAIエージェント - DXマガジン,https://news.google.com/rss/articles/CBMiTEFVX3lxTFB0MThEMXVMakdFSXU5dlJhaUVuWGlua2RUb1A5bUJtUDR4MnY4TnpMNEhuTHFmamVsT1JXalZfVG1FcDRqRnBUYXlURXA?oc=5,"Mon, 20 Apr 2026 07:00:00 GMT",2026-09-23T09:29:38+09:00
GoogleNews:AI　情報検索,AI　情報検索,AI利用経験は43%、活用目的は「情報検索・ニュース把握」「学習・自己啓発」「創作・エンタメ」が上位 - Yahoo!ニュース,https://news.google.com/rss/articles/CBMijgFBVV95cUxQa2pobC1hNGNWZkh1bUk4TV8ybTRCaFphcU1DN2swZUhTRFBWRVpRS2JJbS02Q0NzWERzdndYMTNhOXp5ZmNKNllkWEpOMW1nZlV4blIzdWIyOXlUdlR4WHhxazUxUkNrWkVHXzFOdTQzbFZGMXlfOVN5elpJZmEzTGVjOGUtTXgxc2cyQ2lR?oc=5,"Thu, 02 Apr 2026 07:00:00 GMT",2026-09-23T09:29:38+09:00
GoogleNews:AI　情報検索,AI　情報検索,AI検索時代の勝者は誰に？ 美容業界で激化する「GEO（生成AI最適化）戦争」 - WWDJAPAN,https://news.google.com/rss/articles/CBMiU0FVX3lxTE03RmtMNWZYMlBoaGxMSkRjRzJaYm12ckh5cXcxTDdqVHlNbnhwZ0FGOUh3Z2x2X1AtVm1uTUE2TTVONzJlc0txWnF1cnI4bGxUa3Bv?oc=5,"Tue, 31 Mar 2026 02:17:14 GMT",2026-09-23T09:29:38+09:00
GoogleNews:AI　情報検索,AI　情報検索,AI開示情報検索サービス（J-LENS）（β版）のリリースについて | 日本取引所グループ - jpx.co.jp,https://news.google.com/rss/articles/CBMifEFVX3lxTE1EX3FyUzRwUkN6ZFpsV05Edm9lQnpIOWNHZFdGX19xT3NfUEpwRDZEczNHbGFvc1djU3p2eGE1SDU2ZWlCNXRiU3NkaWlKT3dLa0Z2ZnBGaEVVdDFyNFpjZjFtM3dPV1FZWmVINzJ3eVZMbXZsQ3JFZFUxeXI?oc=5,"Tue, 09 Dec 2025 08:00:00 GMT",2026-09-23T09:29:38+09:00
GoogleNews:AI　情報検索,AI　情報検索,AIで情報検索すると従来のウェブ検索に比べて身につく知識が減る可能性がある - GIGAZINE,https://news.google.com/rss/articles/CBMifEFVX3lxTFAyMWtPdmNyS2NWVm54eE9FRHVFU2dzTm9hVUdNaVhySnU1VVBKZ01zb1ZBV1JsRDNfRkJwTmotNUVlZVlydzhHQ0tUMkw0b2oxdkRCS0pYb2JpMTJ5UnFlaWhfZ2dEYVZDcjFoTGFqekVRdnVfM29hSlAzMXY?oc=5,"Sun, 08 Feb 2026 08:00:00 GMT",2026-09-23T09:29:38+09:00
GoogleNews:AI　情報検索,AI　情報検索,医師の調べ物に役立つAI検索ツール、何ができる？ どう使い分ける？ - 日経メディカル,https://news.google.com/rss/articles/CBMif0FVX3lxTE1McnpneGhtSEVyMk9qaDAzSThMbDM5UUNiMVdwZVFaWHAwc2Mzb0hVOWZrelEtODl2UXl0MlQyd0FuSUdWQmJoLWFaeGFOQVVGdzhDQjZIZGktRXJVc05oM1phRDJvdFNWMUs3eUNhaEs0XzVGSkk1R3RSMXI4Ymc?oc=5,"Wed, 11 Mar 2026 07:00:00 GMT",2026-09-23T09:29:38+09:00
GoogleNews:AI　情報検索,AI　情報検索,生成AI利用者の44%が、検索エンジンの利用が「減った」。購買意欲の高い検索はECモール、情報検索はAIへと分散の傾向【検索行動調査】 - ネットショップ担当者フォーラム,https://news.google.com/rss/articles/CBMiXEFVX3lxTE54VnRwQm9sVTA2OEhjZDdrejV1QURZYnF5bDFkZjhYaDdSMmViYlFnaElNVGFmU1R5ZXZ6d0FZMGlTdEp6aVZ3V2ktRUlvY0IzdFdIZHJjRXpDaEpn?oc=5,"Wed, 10 Dec 2025 08:00:00 GMT",2026-09-23T09:29:38+09:00
GoogleNews:AI　情報検索,AI　情報検索,【AI検索動向調査】Webサイトの「PV減」はAIの影響か。「ゼロクリック」層が約半数に拡大 | 株式会社シードのプレスリリース - PR TIMES,https://news.google.com/rss/articles/CBMiakFVX3lxTE52ZDRpb05BMU1yMlZXdnhGcjdtNnNKSTlUUi1qRkJ6Z2hMM3BRNXJFZkluanRpR0p5OVU1blVlaklmV2RiNVJPaXBQcU5zcGRsck12V280LW5RNWRBenlmeWRic1VubktKZUE?oc=5,"Tue, 09 Dec 2025 08:00:00 GMT",2026-09-23T09:29:38+09:00
GoogleNews:AI　情報検索,AI　情報検索,【AI検索時代のマーケター必携｜無料】「何から手をつければいいか」がわかるLLMO対策チェックリスト（全30項目・優先度つき）を公開 | 株式会社ＥＸＩＤＥＡのプレスリリース - PR TIMES,https://news.google.com/rss/articles/CBMiakFVX3lxTE9IR1J1eGZWUnNkZlcwVktVNEo3WUVnTzJEZUxibW1SU2thWE5wRlkzTlhFM3hOODU1YkdaNVhsM1A5RDhCOF9DZ2JjSkJOZ3A3V1hQVGdKRmE1R1ZpR3l6Z0hGUHVxdXdiNlE?oc=5,"Wed, 25 Mar 2026 07:00:00 GMT",2026-09-23T09:29:38+09:00
GoogleNews:AI　情報検索,AI　情報検索,津波警報の発表中にグーグル検索、AIが「すべて解除」と誤情報 [AIの時代] - asahi.com,https://news.google.com/rss/articles/CBMiZ0FVX3lxTFBab0pKWkZNYVNTUUlwTHpUdXdPeFBEMEF4TnctdWQzU3R5eEgwbm5BalBzQW5XMVRqc0RnT3RnS3hvNUVZWkRyMDc2Q18tMlp3QzBoZmYtb1pGb3VnMGJKLUJGZk5vTjg?oc=5,"Wed, 10 Dec 2025 08:00:00 GMT",2026-09-23T09:29:38+09:00
GoogleNews:AI　情報検索,AI　情報検索,日本原子力研究開発機構、「研究開発成果検索・閲覧システム」にAI検索を試験導入 - カレントアウェアネス・ポータル,https://news.google.com/rss/articles/CBMiTEFVX3lxTFAzNTU5SkpvZ2tSaE1iNkRxVFI5bWNsZHlLa1VxdWo4VVdpVG5oengtV1VpOXhMWkY2NURxVWlZMWlDNHRJc3J4aDdtMUQ?oc=5,"Fri, 16 Jan 2026 08:00:00 GMT",2026-09-23T09:29:38+09:00
GoogleNews:AI　情報検索,AI　情報検索,住宅分野の消費者の生成AIを使ったWebでの情報検索行動の実態を可視化、業界初「生成AI対策/LLMO弱点あぶり出し調査」サービス開始、生成AI時代のWebマーケティング戦略を立案（ニュースリリース） | 大和ハウス工業株式会社のプレスリリース - PR TIMES,https://news.google.com/rss/articles/CBMiakFVX3lxTFA0V0Nqc1ItcEtfcnF6QUV6Q2FYX0pLcFBYTVVId3VWeXBmMUNWVFgtVGhCOWJmbHU4Y0F5V3Q1NzRBSVNVR1MtaWZvRGpzdmxlbFBOdFJvMjFqODZ2WXFMNXVGRjNUSU9wNUE?oc=5,"Wed, 14 Jan 2026 08:00:00 GMT",2026-09-23T09:29:38+09:00
GoogleNews:AI　情報検索,AI　情報検索,利用するSNSの上位は「LINE」「YouTube」「Instagram」。情報検索は検索エンジンが8割超、生成AIに質問が約29%に急上昇 - Yahoo!ニュース,https://news.google.com/rss/articles/CBMif0FVX3lxTE0wY1ZOSzBJNjc1RHV2U1ViMmpYdVpWcmlQN0pvYWlhR0pteU1WOWRkRmlkT1ZQTkc0dlNWZkI0LThoMGVwQ3J4Y2tVbXBFdTZ6dGYwakdta0RiNlJ6T3ZjeElFc2N0WHNlWjZNU3A0Q0VESkNBbWNUQUI3MmRsMlk?oc=5,"Tue, 13 Jan 2026 08:00:00 GMT",2026-09-23T09:29:38+09:00
GoogleNews:AI　情報検索,AI　情報検索,グーグルのAI検索機能に誤情報のリスク--英紙が医療情報の正確性を検証 - ZDNET Japan,https://news.google.com/rss/articles/CBMiU0FVX3lxTE53VUJVa2w5d09CZnhxektJOTdEeU9ja01KUmZuQnd5aXRHVjdHaGJNMzZ1b0VkQ3VFX1BUSnlKTE42WTMzcEd3QTdpR3dhRGRfQ3ZJ?oc=5,"Wed, 07 Jan 2026 08:00:00 GMT",2026-09-23T09:29:38+09:00
GoogleNews:AI　情報検索,AI　情報検索,仮想統合データベース「Con:tegration®」に生成AIで文書管理業務の分類や検索を支援する新機能を追加 - holdings.toppan.com,https://news.google.com/rss/articles/CBMieEFVX3lxTE8ycEFrLTRJWWk3VThJZ25fRnVSdTQ3LUdhMi0wcktZdGN3Y2swcGFYYXhSR3Fydy04VGlnUEUzQmFRT2xJcmFYZkpVUkFtRllkaTJoNmpnTjNDenVoa3MyWVFjQ2g0bTVrVERtdHVGYnRSclNSUlMxSw?oc=5,"Tue, 24 Mar 2026 07:00:00 GMT",2026-09-23T09:29:38+09:00
GoogleNews:AI　情報検索,AI　情報検索,Z世代、AI検索で有効回答なしの場合75%がGoogle検索に切り替え。情報の補填は「企業の公式ホームページを見る」が最多 - ネットショップ担当者フォーラム,https://news.google.com/rss/articles/CBMiUkFVX3lxTFBQUGxmTHVuQ3daMUtNenBXeElFNHhZbm1pREhWUUY0UHliVjVOaXlDRzFTWl9PRXlqa0Z3aU9TNjN1TkJCcmtvUm9HU1FTODNhVVE?oc=5,"Tue, 18 Nov 2025 21:03:55 GMT",2026-09-23T09:29:38+09:00
GoogleNews:AI　情報検索,AI　情報検索,上場企業の開示情報、AI検索サービス開始 JPXが9日から試行 - 日本経済新聞,https://news.google.com/rss/articles/CBMibEFVX3lxTFA4OTlfQlZ6SEsyemRQU0V0TE84VUd4WjVaMjJ1VDlVTGg2OUx6eEM3eHQxZEtmaEU4OGQwMVgtRlBlR0dlcG1mWFNSNzhfdXIxWDhIaEpKQzFUT2Z0cXRSajEzV1VqQkxNZWlaVQ?oc=5,"Tue, 09 Dec 2025 08:00:00 GMT",2026-09-23T09:29:38+09:00
GoogleNews:AI　情報検索,AI　情報検索,生成AI、情報検索で圧倒的存在感 前年比20ポイント急上昇 JTB総研調べ - kankokeizai.com,https://news.google.com/rss/articles/CBMiVEFVX3lxTE90bHdPNUl2Rm80aUhNZUpHeF9jZnFYdi05QzlvVTZmSGhSaFdQZkxGb290OXJzdmFNU045UzBkUlRsV05FVXBkUUlSM1J5Vi1JVE42QQ?oc=5,"Tue, 30 Dec 2025 08:00:00 GMT",2026-09-23T09:29:38+09:00
GoogleNews:AI　情報検索,AI　情報検索,一般生活者の利用している生成AIは「ChatGPT」がトップ AIに連携しても良い情報は「ポイントや会員情報」「利用しているサイトやアプリ内での閲覧履歴」「過去の購買履歴」 - MMD研究所,https://news.google.com/rss/articles/CBMiXkFVX3lxTE5ULVczMzNTMHFPdGZsZndzcFNqYVo0QUZUNUtSTG8wV1hxbEpCQ0lyODI5RjJqWHZ0TjVjWE53ejNZclBnSzNfbThEdi1tT2ZDLWwzc3d0QmtWdC0weEE?oc=5,"Wed, 10 Dec 2025 08:00:00 GMT",2026-09-23T09:29:38+09:00
GoogleNews:AI　情報検索,AI　情報検索,利用するSNSの上位は「LINE」「YouTube」「Instagram」。情報検索は検索エンジンが8割超、生成AIに質問が約29%に急上昇 - Yahoo!ニュース,https://news.google.com/rss/articles/CBMijgFBVV95cUxNdlJGQkxvbkZHUmxVUXRXN1Jnb3E3T0RSM1lqY1JCbDNFLWZpWVJMeENFMTJXTHYtM0dTSjV5WkszUWxhN0xTSTZUVjM4VldRRGxpRHBUX0NyREZkRDdOWnJkd0dTNnd3YU1LbXBYdGVfRWFRSlc1ZVdwVE5UQjBkSS1rQ3J1SlM3aGNqcGFR?oc=5,"Tue, 23 Dec 2025 08:00:00 GMT",2026-09-23T09:29:38+09:00
GoogleNews:SNS　買い物,SNS　買い物,Z世代の買い物の起点、SNS4媒体の合計45.2%が検索エンジン33.6%を逆転。「#PRがつくと参考にしない」はわずか13.2%【TaTap SNS調査】 | 株式会社TaTapのプレスリリース - PR TIMES,https://news.google.com/rss/articles/CBMiakFVX3lxTE5nNWJ1VWxxWkRrSTZWV0stRjFiSl9ObnE4SDlhUFJFaUFWMlcwYUg1Zm9fYXQwcElGSEZycHZ5TjdwSDV6SklFU0VpWHJ3NFQ1QUhkRGlFLWYtTHp2OEFqa1BzVl81MldOZ1E?oc=5,"Tue, 18 Aug 2026 07:00:00 GMT",2026-09-23T09:29:40+09:00
GoogleNews:SNS　買い物,SNS　買い物,人生最大の買い物なのに……なぜSNSで中古マンションを買う人が増えているのか（1/5 ページ） - ITmedia,https://news.google.com/rss/articles/CBMickFVX3lxTFBlTk9xQ0JWRXdpVXE3NFJMd1RRNUc0aTlleGh3dTRfV1h6ek9paVFVbmltbXdYX0dkWFRpS1BsZ29ycDVITWFLNlpIU2d3bUo0aW41QjU1MUlEeVRGN0tHaEVOVmJGOWRCUFhzUThTMDkzUQ?oc=5,"Thu, 23 Jul 2026 07:00:00 GMT",2026-09-23T09:29:40+09:00
GoogleNews:SNS　買い物,SNS　買い物,Z世代の買い物の起点、検索エンジンからSNSへ 「#PRがつくと参考にしない」は13.2%とどまる - AMP[アンプ],https://news.google.com/rss/articles/CBMiVkFVX3lxTE5uUEV5dGkzMzVJdVA4SHdhN3V3LXl1aUN6Z09CT2k2OU4xRVQ1RkdNYjU3VHJWZW9sWGFtSDNCckJ4aHR2SXpzLXh6ejV5eEluZjVWbEdn?oc=5,"Tue, 18 Aug 2026 07:00:00 GMT",2026-09-23T09:29:40+09:00
GoogleNews:SNS　買い物,SNS　買い物,人生最大の買い物なのに……なぜSNSで中古マンションを買う人が増えているのか - ｄメニューニュース,https://news.google.com/rss/articles/CBMilwFBVV95cUxQMm1MeXJuR1E0YzE1WkZJUkk0WC0zVTM2NEdKRXUzS2hTN0M1ZklmazhQbEpvVEFhZHV4TmwwRTc1VTdlbGRObExkajB1RE5ZdFo3Y3VGYXNyb3I3Wmo0cnNRRlhicTN3VXhfTVVWQlFPNzdsZDRHX0p0S3l5TEdOM1pRUHdhUVIwZ3FqeDk5aFNTeldtRDhN0gGcAUFVX3lxTE9xMDV6UEl2bV85R0VsaVhURzBjMWRWdTdWUGtYS0tvbDc2aWFyT01VODN4U2tES0diaVItRGpKdkxxZjlzUGJ3dkRZVU1ZV2djQkJVZHlkMllPWVRFbTZQUUpTa0dqN0l5c1VoX3lJcEFnYkdqUVhyd1o2UHdTMXZrU2xDR1dFUW9id3UwdTJYWEJiN0lieU9ZS1pGSQ?oc=5,"Thu, 23 Jul 2026 07:00:00 GMT",2026-09-23T09:29:40+09:00
GoogleNews:SNS　買い物,SNS　買い物,物価高×情報過多で、子育て世帯の買い物は「二段構え」に。SNSで絞り、リアルで決める新しい購買行動。体験後、約9割が購買へ | 株式会社エンファムのプレスリリース - PR TIMES,https://news.google.com/rss/articles/CBMiakFVX3lxTE9sTHpVcTJ1V2ZKYkNqRkJQZGVyMWN1Q09tMDBrdDdhOGM4SGNhSEloUWo0UlE0UGlqa1VVNnRPZmxmalFmNDFSVmJLT21HdUZsMFdKaGhKY2RPVU5ONzF2cTJmQ3RNd0lkT0E?oc=5,"Thu, 20 Aug 2026 07:00:00 GMT",2026-09-23T09:29:40+09:00
GoogleNews:SNS　買い物,SNS　買い物,買い物不要、店内で涼んで 県内コンビニの張り紙 SNSで話題 優しさ巡り 今年の夏も ／新潟 - 毎日新聞,https://news.google.com/rss/articles/CBMiaEFVX3lxTE9yTFQxYW1FMTdEN3g2MnBCa21pMElWLVFaVFNjeGxWM3pYMFREa1I3cC12UGRfWlIyU2gxR3Z0eHVRdm9YZkZsYXNuSzJ2N1d1YkNBcUkwdVdhbHlVeDhpelFvOHdrV2Na?oc=5,"Sun, 07 Jun 2026 07:00:00 GMT",2026-09-23T09:29:40+09:00
GoogleNews:SNS　買い物,SNS　買い物,7人家族・辻希美、コストコで“爆買い” 買い物シーンにSNS「気持ちいい！」「どんどんカゴに入ってく」 - オリコンニュース,https://news.google.com/rss/articles/CBMiVkFVX3lxTE9BamhtdUdxdE1pemhweUdRTVJ0SHhHZE93TGMwekthc25nNmhHTmNxSi1YUVJwYmxoZzRsMk84cVBuanZMTnIzTDZUZ01wQlE1QTU1MFdn?oc=5,"Tue, 19 May 2026 07:00:00 GMT",2026-09-23T09:29:40+09:00
GoogleNews:SNS　買い物,SNS　買い物,CookGo／SNSで見たレシピ、もう探さない。AIレシピアプリ「CookGo」、新たに「献立自動作成」「買い物リスト」機能を追加 - Newscast.jp,https://news.google.com/rss/articles/CBMiR0FVX3lxTFA1cUpLaVZUOWdlNVdpM2dSVnFUTkVhVFFGNkE4X21YVXdNNTRLLU5EcVJBRlcwWGZ6NC15M3h3YVZVcF9hQzdR?oc=5,"Thu, 14 May 2026 07:00:00 GMT",2026-09-23T09:29:40+09:00
GoogleNews:SNS　買い物,SNS　買い物,ショッピングモールを現実版バトルロイヤルのフィールドにするARゲームが中国SNSで注目されている - GIGAZINE,https://news.google.com/rss/articles/CBMicEFVX3lxTE1UcVpNTWlEQnVtVl81b0l6MVY5aWdSVUFaX3Yxc0V0N1FvYU9zdFdmV09xc3dYTGVFODgyWlBoWXZ0bzlQczJSSDFrNUU0RjNXQ1VBb1QzTEhfSWpGUk14VHVybWtJS0pmR1dPRHZUX2c?oc=5,"Wed, 06 May 2026 07:00:00 GMT",2026-09-23T09:29:40+09:00
GoogleNews:SNS　買い物,SNS　買い物,Yahoo!ショッピング、SNSを通じて誰でも気軽に始められる「Yahoo!ショッピングアフィリエイト」の提供を開始 - lycorp.co.jp,https://news.google.com/rss/articles/CBMiXEFVX3lxTFBkQWZKZVBxdjd6VkpOdGFRZzZqWk1jSG1HV0dMSDRQUTVQX2hIQXpMQlk5MU1CN2dfQUtpSnRnejhFX1FKU3FxbjBVTGQyd0lfekZVaVo4emIwUDJM?oc=5,"Mon, 26 Jan 2026 08:00:00 GMT",2026-09-23T09:29:40+09:00
GoogleNews:SNS　買い物,SNS　買い物,Yahoo!ショッピングでSNSを活用した新機能「Yahoo!ショッピングアフィリエイト」 - ケータイ Watch,https://news.google.com/rss/articles/CBMiZ0FVX3lxTE50dzFZdGN3RzcyT1hBY3BHdGJxYlZ4Y09fak1GMndsUlh3a2J2MHFXVnFuMko3UGhXVzBQVzJsbWhIUElwelZxaE16bG1xOWNsNVg4Qm9HVThJYUlRRjZfZFhhWUtKTms?oc=5,"Mon, 26 Jan 2026 08:00:00 GMT",2026-09-23T09:29:40+09:00
GoogleNews:SNS　買い物,SNS　買い物,ヴィレヴァンSNSフォローでお得にお買い物しちゃぉぅぜ！！ - ヴィレッジヴァンガード,https://news.google.com/rss/articles/CBMiWEFVX3lxTFBjTV9uUnpBakZtODY0UDRYSHZUODRpTi05bzJob0ltR196V3lMMnQ4cWp4dXRmekRMNmJTbVlxY3dnVHBWVl9OUFVrb0lXdUp3NUhHeG5RSXk?oc=5,"Thu, 25 Dec 2025 17:34:07 GMT",2026-09-23T09:29:40+09:00
GoogleNews:SNS　買い物,SNS　買い物,ブラックフライデーが映し出す「デジタル社会での買い物」― SNSとAIが変える消費行動の構造（佐藤仁） - エキスパート - Yahoo!ニュース,https://news.google.com/rss/articles/CBMiiAFBVV95cUxOMkh0RWl6RkdMM2wtNENlRzgtMlZhbUJpSFlHQ0JUODNJd1ZPYm4wRm5PN0VqbnZUSUhWekxyY0ZRSWc0cmpaQUh3SmwwUlZic0pDc2ZDekhHMngzdXFjZE5zR2wwMVlYeFIyUTR0T2tRX1E4Zk1VSU1jd0lHclpNYWJlZi1HTEZD?oc=5,"Sun, 30 Nov 2025 08:00:00 GMT",2026-09-23T09:29:40+09:00
GoogleNews:SNS　買い物,SNS　買い物,Yahoo!ショッピング、アフィリエイトサービス提供 SNSで誰でも手軽に報酬獲得できる - 日本ネット経済新聞,https://news.google.com/rss/articles/CBMiVkFVX3lxTE1rNE5NTEwzUkdiZ1NuemtwSUhuUzRBYTBuY3dtZmRGSlU3Y3BTbTZoNUc4clItN0Q4dDhfUjlYQ3U5Q3Jmam1vOFpybm5UMHM1UC1lR3Vn?oc=5,"Tue, 27 Jan 2026 04:02:22 GMT",2026-09-23T09:29:40+09:00
GoogleNews:SNS　買い物,SNS　買い物,LINEヤフー、「Yahoo!ショッピングアフィリエイト」を刷新。SNS経由の集客・取扱高拡大を促進 - ネットショップ担当者フォーラム,https://news.google.com/rss/articles/CBMiXEFVX3lxTE1taTkzdGZDNkVOVUJzX0FidlA1a3dQd1pwMVA4eGtNZ291blQwa2VhWFZJSWUtQVFiOTEzemxfRFRvYnUzcVhjODZtZkdVSzlGNjJsaGwwd2xNWHNm?oc=5,"Wed, 28 Jan 2026 08:00:00 GMT",2026-09-23T09:29:40+09:00
GoogleNews:SNS　買い物,SNS　買い物,Yahoo!ショッピングアフィリエイト刷新 SNS流入にテコ入れ - Impress Watch,https://news.google.com/rss/articles/CBMiZEFVX3lxTE1fekpQTDhBX2NGZG9JS1BCZUhPcDk3ZHpSd3puT29zZkE1QjR6YS00WTFRTGlOLUdPTmNsZnFkMnZLa3J0STU4dlJVdDIwX3FSanNHaEZQRURlSlJnejlUVGtGNlQ?oc=5,"Mon, 26 Jan 2026 08:00:00 GMT",2026-09-23T09:29:40+09:00
GoogleNews:SNS　買い物,SNS　買い物,SNSきっかけの買い物、「インフルエンサーから影響」が最多に 20代の6割近くは「商品知って1週間以内に購入」 - AMP[アンプ],https://news.google.com/rss/articles/CBMiXkFVX3lxTE5DRW40OVRvb1V2ZHRhaXZQa2YtNlZEZmZQZXNzTUJDMGg0N0E4d1dBam1CRi1JLVlJbzlhSUY1LWpUTHBhMmFyUkU1QkVvbjhTZkZYMWEzUUZUVmZZekE?oc=5,"Wed, 20 Aug 2025 07:00:00 GMT",2026-09-23T09:29:40+09:00
GoogleNews:SNS　買い物,SNS　買い物,オンラインショッピングにおけるSNSと購買行動に関する調査結果レポート - コマースピック,https://news.google.com/rss/articles/CBMiVkFVX3lxTE5jMGhsa2I3bUsyZjdUZGxmTnFrRlhMX3FBMjlfWHV0THloOVFzMlpiVUZ3X3cwXzFhbVpDTzVZaGtyTlV0YzlZTHVsS3BqY3RKSW9hREZn?oc=5,"Thu, 17 Oct 2024 07:00:00 GMT",2026-09-23T09:29:40+09:00
GoogleNews:SNS　買い物,SNS　買い物,ノース・ウェスト12歳、顔ピアス風メイク＆ド派手ウィッグで買い物へ「大人びすぎ」SNSで賛否 - ELLEgirl,https://news.google.com/rss/articles/CBMiiAFBVV95cUxOMzdLeUpKLVFVQ2s4aEswSVZaQ01HWlo1ZjNDY1Q4SUF3clJmZzQ5dVV5RDZBSDV5OTE5bjczYS1NS3dZblBnT2pSRVJWNU9nOHo1VlY0MmZfZkZNZWg5cTlUMjdTcDFmdlZKUmdlT1VZQjJoQWc2OGd2RlJFTWhLVnQ2cWJuQ0NB?oc=5,"Thu, 19 Feb 2026 08:00:00 GMT",2026-09-23T09:29:40+09:00
GoogleNews:SNS　買い物,SNS　買い物,Faker「間違えて買いました」―“なにか深い意味が？”とSNSで話題を呼んだ「謎の買い物」、ミスだったことを正直に告白【LCK】 - FISTBUMP,https://news.google.com/rss/articles/CBMiY0FVX3lxTFBZbldKRWpfT0x3NUNsZU1xQkl4Wm1YQmdKUjgxbU9FSzJpRF9ZN2pLNFE0Q00xYWxtZjJUbUpBM2ZHSkQ4cU5iLUlybERkUXZVenlZSjZDckFMMTZOejVXR3hzUQ?oc=5,"Mon, 02 Feb 2026 08:00:00 GMT",2026-09-23T09:29:40+09:00
GoogleNews:SNS　買い物,SNS　買い物,【コストコ】遂にコストコが店内撮影OKに！SNSへの掲載も歓迎（コストコ好き主婦 みんご） - エキスパート - Yahoo!ニュース,https://news.google.com/rss/articles/CBMiiAFBVV95cUxOeXpLd1ZLUlFDQ2plSWRDdUw0ZVdUZXhFdlZOcENId05TWW56RThhaEJGakczOG5FWlY4SFUwR09HTnQzcU5kVFlOcFU4ai0xWHdSUWlPZmRTeC1BaWxkZkI4NlQ2bEQ5X0ZFTnVwQi1zVEk4dzY2M3VKa2RaVHBPUXRfa0cyM3g0?oc=5,"Tue, 06 Jan 2026 08:00:00 GMT",2026-09-23T09:29:40+09:00
GoogleNews:SNS　買い物,SNS　買い物,三井ショッピングパーク アーバン・RAYARD対象施設でスタンプラリーやSNSキャンペーン - マイナビニュース,https://news.google.com/rss/articles/CBMiXEFVX3lxTE56LU5wRVlsVFhsaWlJeUZMUDRsYTU0TG42ZF8zQ3BuU1VBU1QwZENVaW1QdVFUTWZmMmJucl9iSzZLTDBZRVR0RFNNODNSSzd3TWx0VTl3TUM3WW45?oc=5,"Wed, 11 Mar 2026 07:00:00 GMT",2026-09-23T09:29:40+09:00
GoogleNews:SNS　買い物,SNS　買い物,SNSやショッピングサイトの不正ログインに関する相談が増加中！ IPAが注意喚起 - INTERNET Watch,https://news.google.com/rss/articles/CBMia0FVX3lxTE13TUNibFl2Ul9hb092RVdKZ3FtSS1oa0F2NVJ6TVJsQVZ2ZHVzQUsyUVl4MzJBdVBsSkxpZUh6YldPYzlPTFd3NUUwa0tqOG9aejQ1WjlKQ2FOV3VxRGtXZFhlVUI2aG1JVnFz?oc=5,"Fri, 29 Aug 2025 07:00:00 GMT",2026-09-23T09:29:40+09:00
GoogleNews:SNS　買い物,SNS　買い物,Z世代は選ばない 買い物はSNSの「お薦め」 - 日本経済新聞,https://news.google.com/rss/articles/CBMibEFVX3lxTFBWdm9tWXhCemtzNkZGb040RHhialZPZHo1bTFZU0pnZnkxb1d2YWFiUmMtWUhCMHNibW83MnNMaG83d3J6YXN2Vk9ibnZYcFRERmtaNnF4Q3hZVDkxcXk4UTlQelRiSm5Lb2tvVw?oc=5,"Sun, 16 May 2021 07:00:00 GMT",2026-09-23T09:29:40+09:00
GoogleNews:SNS　買い物,SNS　買い物,大手SNSの広告から誘導される偽ショッピングサイトにご注意ください。 - pref.shiga.lg.jp,https://news.google.com/rss/articles/CBMiYEFVX3lxTE85dV85Y2hHUkZWYjJPZEtuU0xZWUdCNmw2a2NLenJFb0tzaXJudTJlQVU4dklTQ0lhdnhPWFNaU0ZBWTQwdENHQ2ZiSVhNX213VTc4ckR4aFVBSjVIWTR3Rw?oc=5,"Tue, 21 Jun 2022 07:00:00 GMT",2026-09-23T09:29:40+09:00
GoogleNews:SNS　買い物,SNS　買い物,【Z世代調査】よく使うSNSは？ショッピングなどSNS利用目的は？買い物に対する意識や行動は？ - ネットショップ担当者フォーラム,https://news.google.com/rss/articles/CBMiUEFVX3lxTFBjcU9rYkt1Rk9DeDlkcXpHRkVHVWpvOVpwOWEtVTV2aWFFeTlQaWQ5R19sUnVtZ2Q0dHNoVVlKOGlwZVpZZDJhaENCUHkzS2tJ?oc=5,"Thu, 20 Jan 2022 08:00:00 GMT",2026-09-23T09:29:40+09:00
GoogleNews:SNS　買い物,SNS　買い物,【Z世代の買い物事情】InstagramなどのSNSをきっかけに購買…？ - LIMO | くらしとお金の経済メディア,https://news.google.com/rss/articles/CBMiS0FVX3lxTE90anFHamFtT1VsdkFuTF95RHBRMjltYjRtSU5kNl9kWm5CNE1RNlEzRVpLUVFCU2E5SGxCcEZfeDgzS0tjYU1sQ0VXYw?oc=5,"Sat, 08 Mar 2025 08:00:00 GMT",2026-09-23T09:29:40+09:00
GoogleNews:SNS　買い物,SNS　買い物,SNSで大人気“べじまる”の「レジカゴぴったり」ショッピングバッグが登場！ - （株）Gakken公式ブログ,https://news.google.com/rss/articles/CBMiXEFVX3lxTE5Ba1Bnb29mdy1wQ0s2WERnaTdaTktPSURKWnQwbE1PUnV3MXkwcm5qZEpHT1c4UU55SFZjemRLWnVfNXphN1djVWxvQ1Z6TEtlNmlBa2tHSFR1cE1C?oc=5,"Thu, 13 Mar 2025 07:00:00 GMT",2026-09-23T09:29:40+09:00
GoogleNews:SNS　買い物,SNS　買い物,【2024年オンライン消費者実態調査】ネットショッピングの情報収集に最も使われるSNSは67% でYoutube - 共同通信PRワイヤー,https://news.google.com/rss/articles/CBMiW0FVX3lxTE1rLUdySnpTcGIwdlQyQjZVOERZYTBtT0owdnc4YWd5b3VlVmhNZlFvVXdRNTJBOXo0cVhJN2VleUJ4c0JhQk1kc25SWG11b2I2UGpnLVY4STIwZTA?oc=5,"Thu, 04 Jul 2024 07:00:00 GMT",2026-09-23T09:29:40+09:00
GoogleNews:SNS　買い物,SNS　買い物,"SNS で大人気""べじまる""の「レジカゴぴったり」ショッピングバッグが発売！ - （株）Gakken公式ブログ",https://news.google.com/rss/articles/CBMiXEFVX3lxTE9qcmRPQVV5M1htMTZIRllBVDMwLTh5Vl9vZFJOVmxQMkxxaklPU2ltNzJtTDVfWk8zVGNGdFA2ejRQcHY1cmFXV2tFNWI0S2t0bmx6WlJCZXR6Y0lQ?oc=5,"Fri, 04 Apr 2025 07:00:00 GMT",2026-09-23T09:29:40+09:00
GoogleNews:SNS　買い物,SNS　買い物,SNS、投資サギかも 門別署と町、富川高合同 買い物客に被害防止啓発【日高】 - 北海道ニュースリンク,https://news.google.com/rss/articles/CBMiTEFVX3lxTE5vcTNOZHYzQkJMajZqSV93engwZ0J4Ui00U3J2cXpVQUQ0Y2twd1J0UjBWcWw5cWozQU5GUHNxVGpBcXZEb1hFTm1qeVU?oc=5,"Mon, 21 Oct 2024 07:00:00 GMT",2026-09-23T09:29:40+09:00
GoogleNews:SNS　買い物,SNS　買い物,買い物メディア「your SELECT.」公式SNSのショート動画が累計1億回再生を突破！本格運用開始から1年で総フォロワー数も13万超 | 株式会社キュービックのプレスリリース - PR TIMES,https://news.google.com/rss/articles/CBMiakFVX3lxTE5hNkNHYk9oeFBhSjZXTTlyNktQQzA3MmdKSzk3WE9vTlctcXpDb0FTVUhBZEowb0JLTkZtbEY5OF83ZTlQdHFOenV0elkxZDd5aWVtTjBVMUpkaGJjeTlfU3B4Z25HX0RaSVE?oc=5,"Tue, 03 Sep 2024 07:00:00 GMT",2026-09-23T09:29:40+09:00
GoogleNews:SNS　買い物,SNS　買い物,Z世代が「いい買い物をした」商品との出会いでSNSが急増、店舗での遭遇率は低下も、購入は店舗がトップ - トラベルボイス,https://news.google.com/rss/articles/CBMiVEFVX3lxTFBaUDV0cTFubWxBTktxbjk3NkpNTERhRV9iTzdYMHhuczlqbnlCMlo4Y1lrRTRaQ2hSY2VKVEkya2pscUNhTWxsbUFpb0wtY3c1bEZrTQ?oc=5,"Mon, 07 Mar 2022 08:00:00 GMT",2026-09-23T09:29:40+09:00
GoogleNews:SNS　買い物,SNS　買い物,がん治療研究を応援 SNS投稿や買い物で／Support cancer treatment research through socialnet posts and shopping. - TOKYO MX,https://news.google.com/rss/articles/CBMib0FVX3lxTE5lTk9MZEhPaW40SnZUUjUydHZuM1VjQ3YtcDM0OHIwbkZ4OThfeXR0TlFqaXRSbS10Z3hpWE5qcDZNN0xWY1FQb2NwVVcxR0xkeXBXNG1fSHNqaC1URHVLcnpLVHZ6MHJVaWZtVTMtSdIBakFVX3lxTE4yT2NKLXlrN3pyaWZKMXNXM0lSV1VUX2tpS2JrSTZ1LXhzZThBNXhYamJNNC10X2RSN2xrSy16dUhzOXZ6YUdKSmlNVlBybmtzR285ckdsYkhZY3YwbDZkYzBqU2I5SE1XeUE?oc=5,"Mon, 02 Sep 2024 07:00:00 GMT",2026-09-23T09:29:40+09:00
GoogleNews:SNS　買い物,SNS　買い物,オンラインと店頭の架け橋になるのはSNSコンテンツ 買い物の効率化と楽しさが両立する店頭販促が鍵 - 宣伝会議,https://news.google.com/rss/articles/CBMickFVX3lxTE1lbm1Lb0l5WTN0UTVUalJaa0pSaXVBM2tiZXNlenExRzJlalM1Q2hYZllBWmJWWVdtYnRKa2Jib3I5ZFE2V1oyUzJWeENaUXFRSDZvQUdEOEZTczhWWHpTTmpzQVlCeE1NbEt2QldMT1NUZw?oc=5,"Tue, 28 Jan 2025 08:00:00 GMT",2026-09-23T09:29:40+09:00
GoogleNews:SNS　買い物,SNS　買い物,ヘブンに買い物を頼まれたトキ、その奮闘にＳＮＳ爆笑「完全にモノボケ」 - Lmaga.jp,https://news.google.com/rss/articles/CBMiU0FVX3lxTE5lRktjYlVsYUJhRDBMTUVrQXUtelFuNEdZWGJ4ZzVscUVqbTdhM1k0eHhEZENoWkx6R3JnWVFvN3hDLVhVVmN5MmVhYzNZbVgyZWNz?oc=5,"Mon, 17 Nov 2025 08:00:00 GMT",2026-09-23T09:29:40+09:00
GoogleNews:SNS　買い物,SNS　買い物,「買い物依存症」「SNS依存症」 “止メラレナイ”はあなたの身近にも潜んでいるかも…？ - ABCマガジン,https://news.google.com/rss/articles/CBMiV0FVX3lxTFBHR1lPbktfT0F0WUh0NTNpRER4X2t1bUdIczJEZFoyTWlhMlR2MVc2RDhCTjAzVE91QzJkN29vQkstN3gzcm9mRk91NGs5MzhxSVltMWZ0aw?oc=5,"Tue, 30 Apr 2024 07:00:00 GMT",2026-09-23T09:29:40+09:00
GoogleNews:SNS　買い物,SNS　買い物,「絶対失敗したくない」大学生の買い物はSNS至上主義「公式信頼できない」 - 高校生新聞,https://news.google.com/rss/articles/CBMiW0FVX3lxTFBDeEgtNFprd3k4NjJRcWRQdlo4YVZhZGNuRHRtNnh5QUNWMmthSm9MYmpNRUtUbXpGazI2TjRibkdGUXRkUGN0QjhqSE5KYTVISW5ZLWJyZ3ZLaHc?oc=5,"Thu, 09 Jun 2022 07:00:00 GMT",2026-09-23T09:29:40+09:00
GoogleNews:SNS　買い物,SNS　買い物,オンラインAI 接客×SNSチャットでECの買い物体験が向上 Appier (エイピア) とピアラが手がけるサービスとは？ - ECのミカタ,https://news.google.com/rss/articles/CBMiVkFVX3lxTFBSaXlpU191cklKZER5bzhZT292MDBISVR5MWxpdEhPV2xpUWVWYm5teEpYWGxVbHFoMXZybktCZnNWM0ZSTzQ3bjFINW5XeVBMYnFkMlRR?oc=5,"Wed, 10 Aug 2022 07:00:00 GMT",2026-09-23T09:29:40+09:00
GoogleNews:SNS　買い物,SNS　買い物,悪質なショッピングサイトやSNSを利用した詐欺にご注意ください - PayPay,https://news.google.com/rss/articles/CBMiVEFVX3lxTFAyclBWUTk4Nm1ITFZidkhrNUVKWTFfZFdoOXFMako1aC1UME9Ib2U3Njk5b3BWY1pYcFBTUGNDNzJIRy1qZ1ZYR3FmNUV1SG1Fc2U4Qw?oc=5,"Mon, 16 Dec 2024 08:00:00 GMT",2026-09-23T09:29:40+09:00
GoogleNews:SNS　買い物,SNS　買い物,PayPay、悪質なショッピングサイトやSNSを利用した詐欺に注意呼びかけ - ケータイ Watch,https://news.google.com/rss/articles/CBMiZ0FVX3lxTE1MSS1MY1RqRFhfVm9mdkg0bHMyQzNCNDB4MExvRExfZ1VhS3JtM3ZDVlNnelFmd1ptTVh1Y2c2bHlmRk5PVkdRb0taYlFYUElqbi1EWUFQZVJXZUZDYV9Bc1I1RHNiOGM?oc=5,"Tue, 17 Dec 2024 08:00:00 GMT",2026-09-23T09:29:40+09:00
GoogleNews:SNS　買い物,SNS　買い物,【SNSで話題沸騰】丸くてかわいい野菜の妖精“べじまる”初の公式BOOK！「レジカゴぴったり」のショッピングバッグに描き下ろし漫画10話掲載のミニブックも付いてくる！ | 株式会社 学研ホールディングスのプレスリリース - PR TIMES,https://news.google.com/rss/articles/CBMiakFVX3lxTFA1MGIzMm5QeUJBUlRCcWZCMm45Y1FjSUhTRkczS3lkNmdldGVoaWNHRXhTampDY21IMjhmN0prRjY4WTEyZDBOZHZaYlZuWkdJbmRPRXVCVlk4Vm0xeW81cW5jcUJMQ3hlRnc?oc=5,"Fri, 07 Feb 2025 08:00:00 GMT",2026-09-23T09:29:40+09:00
GoogleNews:SNS　買い物,SNS　買い物,【みついショッピングパーク キッズクラブ】“かわいい×ミステリー”SNSで話題『うそ探偵トマント』公式キャラクターに就任！ - PR TIMES,https://news.google.com/rss/articles/CBMiakFVX3lxTE1rcGNCeDJ3dU5jQ3NlSTFmeXR4RGJRcEIwOHdXX0ZSbjJQZHJBTDlUdVltaGtab0tyb1VUajNjTmhjVnNsTE91cUtZZE9WR1pJS0ZRaXhxS2RHMUtrMzFuWENWREpPbHJnbkE?oc=5,"Wed, 01 Oct 2025 07:00:00 GMT",2026-09-23T09:29:40+09:00
GoogleNews:SNS　買い物,SNS　買い物,取引手数料完全無料SNSとショッピングの複合アプリ「売買（Buy Buy）」をリリース - PR TIMES,https://news.google.com/rss/articles/CBMiakFVX3lxTE1aZkFVczBvMUJuWVhlSGRGeE5BWnoxa3FmSDIzNU15MDg2SUFCTTJWZThkc3E3WmFYRUItd0xXMjZMSEFoQlJFX1U4Q3htY0xXNV9xZVdPRnJldHFVeTAzQU0zS2R0UjFrOGc?oc=5,"Thu, 17 Dec 2020 08:00:00 GMT",2026-09-23T09:29:40+09:00
GoogleNews:SNS　買い物,SNS　買い物,【主婦層リサーチ】SNS利用と買い物行動についてのアンケートを公開 効果的な主婦向け広告手法が明らかに - PR TIMES,https://news.google.com/rss/articles/CBMiakFVX3lxTFB1UWZ5cVNNbU5mTlFza185OW5KWkR6bFc2MjY3VTNkNkF4ajV0TUFoelZzVXlfc255TWhsVXVpTnVOTFZIUmV2QWxvTkd2YkJCODJGeE5mTW5aeW1hUmsxQ0FzOGZydXBieEE?oc=5,"Wed, 11 Nov 2020 08:00:00 GMT",2026-09-23T09:29:40+09:00
GoogleNews:SNS　買い物,SNS　買い物,｢買い物依存｣｢SNS｣｢お酒｣うつが悪化するNG行為 しがみついてしまうことで良くない状態になる - toyokeizai.net,https://news.google.com/rss/articles/CBMiUkFVX3lxTE5vaXdzYl9aMUtnbVJxLXJXVUJVVkc0dWoySkNncWFaQWpTY1ZMSzVQUU1vT3ZmYW1CUlJYMFdmXzBDQ3NCbjBoWlJ4a1RZdGZOaUE?oc=5,"Tue, 18 Oct 2022 07:00:00 GMT",2026-09-23T09:29:40+09:00
GoogleNews:SNS　買い物,SNS　買い物,プリン出店者 会場を変え販売 SNS通じて買い物客 佐賀バルーンフェスタ出店ブース中止で | 行政・社会 | 佐賀県のニュース - 佐賀新聞,https://news.google.com/rss/articles/CBMiVkFVX3lxTE9oSk5qVzFzTzdDNDhFMlRmVXN4RUxoVEhGNHk5bnZWcjE4UHpTamhtYk9Ka3NvSkVGbXF2LXJ5T0tnWm5IbF9QekNRcUFJczBfb2Jla0t3?oc=5,"Sat, 02 Nov 2024 07:00:00 GMT",2026-09-23T09:29:40+09:00
GoogleNews:SNS　買い物,SNS　買い物,商品動画と口コミを見ながらお買い物ができる新しいスタイル 次世代型SNSショッピングモール「CHOICE（チョイス）」誕生！ - PR TIMES,https://news.google.com/rss/articles/CBMiakFVX3lxTE1sUWZsNDJsM0lBTWExcXBOZXRoWGJsLXZQSTUtOW4wZlFoSVBpdDk3VS1oRGp5OTN2RUZ3S2Z3M2twTjJYRTNBcjZyM2E5WXRHazdWLVA2dHBkUEJPbDJud3VSakg2NmdJQ2c?oc=5,"Wed, 01 Sep 2021 07:00:00 GMT",2026-09-23T09:29:40+09:00
GoogleNews:SNS　買い物,SNS　買い物,若い人ほどSNSの投稿を見て買い物する意欲が高い、SNSが与える消費行動への影響調査 - ネットショップ担当者フォーラム,https://news.google.com/rss/articles/CBMiT0FVX3lxTE1OTk0yY0VsRkpYOEQzU1phVjJmQTZlUW1nYlBTLXo4TGhoaTNHZ3RMREgtTVdfVkxNRlp2U29SVklwbWEtdnVIZkV3aFpfSm8?oc=5,"Mon, 17 Nov 2014 06:00:27 GMT",2026-09-23T09:29:40+09:00
GoogleNews:SNS　買い物,SNS　買い物,ドラマ「満タサレズ、止メラレズ」買い物依存、SNS依存に向き合う麻衣＆美穂のKV - ナタリー,https://news.google.com/rss/articles/CBMiTEFVX3lxTFBLaGZsNHdQOHRMVmxHZTNHZ0otTGFqUThyMU9QcURZX0Judk1rM1BXZzUyaDZjMnRORmQxelNxWjVaN2ZKaHpiVlhiTDY?oc=5,"Thu, 06 Jun 2024 07:00:00 GMT",2026-09-23T09:29:40+09:00
GoogleNews:SNS　買い物,SNS　買い物,買い物メディア「your SELECT.」公式SNSでの動画総再生数1億回突破を記念して紹介したアイテムの中から、いいね数が多かったアイテムBest5をプレゼント！ - PR TIMES,https://news.google.com/rss/articles/CBMiakFVX3lxTFBUWVZ2b2hIcGMwdW9jaVRyY2s3ZFk5ZUhPVnFmdGRvN25WM2lLWUFxTEhKaWtSNnUxNWJGM3o3UmQ0Y1diZHFGWUF4TXI0ckExVWxteTc1NW54bUg0bUxGWWl2RVlTTjVOQmc?oc=5,"Tue, 03 Dec 2024 08:00:00 GMT",2026-09-23T09:29:40+09:00
GoogleNews:SNS　買い物,SNS　買い物,買い物、SNS、アルコール…依存症の人々を描くマンガ「満タサレズ、止メラレズ」がドラマ化 - ぴあエンタメ情報,https://news.google.com/rss/articles/CBMiX0FVX3lxTE8tbGVMZmwtTmNjZ2w0c1kteWJXUm91NndYSXU4RnJHRHpaMGJpVlBZYWtoajBSZTFubkMwN2tqV0p6ZTdiMlpfY1Y2Nm83TGtDM21Hb1h6ZVNsMDVNZHVr?oc=5,"Tue, 30 Apr 2024 07:00:00 GMT",2026-09-23T09:29:40+09:00
GoogleNews:SNS　買い物,SNS　買い物,「宇宙一いい買い物した」SNSで話題、3COINSの花粉対策グッズをまとめたよ～。 - 東京バーゲンマニア,https://news.google.com/rss/articles/CBMiU0FVX3lxTE5KVy0wcEw2U2tPN3JVU2RsQkR2ZEhNVTRrenFaQ0R1QmpnY3lYdmxaRjFXR0pNVGdlUGx3bkZ5LTA3YzdIbTQ4amRiR3RSblJZblpR?oc=5,"Sat, 23 Mar 2024 07:00:00 GMT",2026-09-23T09:29:40+09:00
GoogleNews:SNS　買い物,SNS　買い物,"いいね！で買い物ができるSNS『Pocolo（ポコロ）』が、YouTuberの""JJコンビ""や""関根りさ""参画のVC『iFund』と資本業務提携。""お金で買えない体験""をいいね！で買える新機能リリース - PR TIMES",https://news.google.com/rss/articles/CBMiakFVX3lxTE5xY0tndG9SN2FHWTUxUUZUdG5RYTdiRV9mbWVPTTRxeTlsZ1VXWllrQzRWTDk1eW5wVnNFSzBvTHQwM0JlOTR2elEySXZVZWEzeG9Id0VTSnNxNmpKcVFyVFZNaG5SeTh2SUE?oc=5,"Mon, 30 Nov 2020 08:00:00 GMT",2026-09-23T09:29:40+09:00
GoogleNews:SNS　買い物,SNS　買い物,大型商業施設利用に関する意識調査、利用目的は「買い物（95%）」「飲食（64%）」、期待するのは「何でも揃って便利なこと」 - PR TIMES,https://news.google.com/rss/articles/CBMiakFVX3lxTFBUeUhhb0JRVThlYXpRVDBzVmZDVXBFN3NLaFpjN1Q4ZVhFWTl6eTQzY2VBeHZTUkxRX2NybmFFNVIxMlFSZVFiUjdvN1pfYnZ6cTVuSUQ3OW1SR0RDZWtuR181VlFQb0hpUlE?oc=5,"Thu, 09 Dec 2021 08:00:00 GMT",2026-09-23T09:29:40+09:00
GoogleNews:SNS　買い物,SNS　買い物,筧美和子→買い物依存症、鈴木ゆうか→SNS依存症 『満タサレズ、止メラレズ』でW主演 - ENCOUNT,https://news.google.com/rss/articles/CBMiT0FVX3lxTE5VeGtRLUVybGw0VHFmWm4wODBrdkZVa21LLU1oLVV2QlhGdVZvdVpQNktTSWJDXzZQRGY0ckRpN3ZoUEx4Vkh1ZElpSWNTR0k?oc=5,"Tue, 30 Apr 2024 07:00:00 GMT",2026-09-23T09:29:40+09:00
GoogleNews:SNS　買い物,SNS　買い物,買い物メディア「your SELECT.」公式SNSでの動画総再生数1億回突破を記念して紹介したアイテムの中から、いいね数が多かったアイテムBest5をプレゼント！ - ラブすぽ,https://news.google.com/rss/articles/CBMiygJBVV95cUxNMlpZanhQWWgtTndSZVlhWDFDQlNObXR3bWN2MU9MX0xGOTdmV0hOQ0JUWDFTMUhidkVJUk1GV09DZ01YcmF5SkZKU1N4ckkwZTBsemMtcVp4OEQwcUIxcWlKR25JUnpNRkhNZXAtcl9Ub2Y1d3QySXVUVVdhYW91bG5EOXlGcDdmdHVXTjRqaFRzTU1iN1ZtUllYZmxabTV3QXFEQWNkYmNTczl6eXNqNVZhZXkwcU1leUdVeUQ0TXNxdUNMNXRWaWlOUkZ1S0dyNUdVWEJTZTk0ejFQNWtveTNxeFJ1MTBUdndxSW10ZFh0elNld2RJREtGaXBMajJMeGdJbDBrRG9LdzZObnZFUl9vOGsxYjA2NnRGUVZWZHJESEp2YldDRVZ5bWxleGtWX3hPOXNTWmgycHJ3bGdsLUdDLTBialdxU0E?oc=5,"Sun, 06 Apr 2025 01:24:40 GMT",2026-09-23T09:29:40+09:00
GoogleNews:SNS　買い物,SNS　買い物,SNSで話題”デートも女子会も推せる「ビストロ」へ♡【おしゃれプロのお買い物日記】 - CanCam.jp,https://news.google.com/rss/articles/CBMiSkFVX3lxTE16Z3NzVVRMN3Y2WDN1eFB4Y1l0UkNzbTQ5WGw5NU1YSk1zTGg4QWhHWnJHSndmTkZZU0VjeUU3dW1iUVBkbHM3TjRB?oc=5,"Thu, 09 Mar 2023 08:00:00 GMT",2026-09-23T09:29:40+09:00
GoogleNews:SNS　買い物,SNS　買い物,楽天、ショッピングSNS「ROOM」において、「コーディネート機能」を提供開始 - PR TIMES,https://news.google.com/rss/articles/CBMiakFVX3lxTFB2VGFKVVgzaUlVem8yNTc3MHJsNXRQVVRlRS1PYUhGMUlZU2VfcmNkci1nbGdmbGhRZ2o4VFJKQXQyUUFKZ1VPRzF5QTIwNXRMdWpialNoczVNRTY4amRvdmZUQ0lpNEJob2c?oc=5,"Tue, 25 Aug 2020 07:00:00 GMT",2026-09-23T09:29:40+09:00
GoogleNews:物価　家計,物価　家計,「急激な円高」の物価への影響は？家計のために知っておきたい、為替と物価の“経験則”とは【45歳からの資産形成・第15回】 - Yahoo!ニュース,https://news.google.com/rss/articles/CBMijgFBVV95cUxNV2tKc19qb0tRaEphdU5tSDZiT2NIWVVhTkRjdlZSWDRFeUJNSU1FOE1ZRjE0VlJQRUdlaXhCcDI4NjdRdkJyekFqUGVrNjFnRjNiNFpTWkJWWUprRkVQUWxjVTc2cUJ3dFVSQXVPZkYyaEctQVc2aDhabkN0aHlLb1VrSnVteFZZVGZzTUp3?oc=5,"Mon, 21 Sep 2026 11:03:16 GMT",2026-09-23T09:29:43+09:00
GoogleNews:物価　家計,物価　家計,「急激な円高」の物価への影響は？家計のために知っておきたい、為替と物価の“経験則”とは【45歳からの資産形成・第15回】 - mi-mollet（ミモレ）,https://news.google.com/rss/articles/CBMiW0FVX3lxTE5MaHhTdV9zOFFBdFJLMzJlYm52VlJiLUdxS1U2dHNHckpKd18zX1NhNjNKa0NWWjJ0LTh6NFlUTi1zWnhFZnV3MTB5bXp2LXJZMWpqRjJyMG1Eems?oc=5,"Mon, 21 Sep 2026 03:00:00 GMT",2026-09-23T09:29:43+09:00
GoogleNews:物価　家計,物価　家計,インフレ鈍化でも食費は高止まり マレーシアで家計の負担感続く - mtown.my,https://news.google.com/rss/articles/CBMifEFVX3lxTE5wWTNvdDR4Sm9KVjFhUjNTbkktaTBsQzBCVXVuWTFCa3RvQ0Vka2JGVS05cndQaWR2eTBJOXZ4TDlwSW5CQXpxRWpBOGluVm1hNUREZmpNcWU2dlJvcDUxcmtJaFNQTkw3d1NVcEtWYUdIY2plY0dkZHFVMHA?oc=5,"Tue, 22 Sep 2026 02:26:06 GMT",2026-09-23T09:29:43+09:00
GoogleNews:物価　家計,物価　家計,【解説】日銀が3か月ぶり利上げ…政策金利1.25％に 家計・物価・為替への影響は？ - 日テレNEWS NNN,https://news.google.com/rss/articles/CBMifEFVX3lxTE1wTDFvOGp2dURDQWg4ZzdVVVlyYjB4UjZHbVlGZlY1WWpZWVdYUXkwWE80TWZrMzhUMmRLRnRMV3pMMEM2Y0R2NVFsR3l6MUJiMmpvb21pV2NnUmZrVUNESm1OaExRZEFGWUlYMFF2MVYzcGxDV1Z5WXlKSmc?oc=5,"Fri, 18 Sep 2026 09:15:00 GMT",2026-09-23T09:29:43+09:00
GoogleNews:物価　家計,物価　家計,～25年から4人家族で約8.9万円増加の可能性。物価高対策で同▲2.5万円負担減～ - 第一ライフ資産運用経済研究所,https://news.google.com/rss/articles/CBMiW0FVX3lxTE9aS0NCdGJJRUItZEl5aHB1WmhkTHUwcU5HZkczYk44Tk9QWUY2MFN0aDIwVVBweDlwZnBybi1nbmJDclIwMlhsMFA1cy0tNURYclpOR3l4MHF6YzA?oc=5,"Mon, 05 Jan 2026 08:00:00 GMT",2026-09-23T09:29:43+09:00
GoogleNews:物価　家計,物価　家計,家計のインフレ予想「0％」は消失も、「2％」が定着しない理由とは？物価と為替を安定化させる“アンカー”不在となるリスクも - cigs.canon,https://news.google.com/rss/articles/CBMiWkFVX3lxTE1FQWpSdlFwcnhoTG53U1pqM2V4MG5VSDJiVURoTGpMY2hGZ2U3dlFhd2tPZHhwYmRxWVBoNzI3cGF6Q0FvVkxXd3JweVdPSVJYd04zMVRMRXp0Zw?oc=5,"Thu, 27 Aug 2026 07:00:00 GMT",2026-09-23T09:29:43+09:00
GoogleNews:物価　家計,物価　家計,家計は物価上昇にいかに対応しているのか？ - jcer.or.jp,https://news.google.com/rss/articles/CBMiaEFVX3lxTE1OcVlIZXJlVm94VlJZNmdBVFZxbjd1azRXMV9pbWNoc1dDbjdVRXBrVC13eUVydXVUZVNYUF9aVDRNeGVUTDdBR3FtUGllYjdyRHVBQnVEeGR0enNwY0dwa2c4cUxwQkxk?oc=5,"Tue, 02 Dec 2025 08:00:00 GMT",2026-09-23T09:29:43+09:00
GoogleNews:物価　家計,物価　家計,名目成長率急騰、企業・家計・政府に温かさ拡散…物価・家計負債には警告灯 - jp.ajunews.com,https://news.google.com/rss/articles/CBMiW0FVX3lxTFBhcDN2bmpnVDFTNmVkcWZKanRfd3FqcFM3VEJEbFpONWZuelFuSTFpVmVJRjRlLUxDTndWT09YRTZOamItWUtZcWV4V01TZ2J5VGxPNDQ3VFRSTnc?oc=5,"Thu, 10 Sep 2026 07:00:00 GMT",2026-09-23T09:29:43+09:00
GoogleNews:物価　家計,物価　家計,家計支出の調査で品目見直し 巨峰→シャイン 煮干し→塩サバ - asahi.com,https://news.google.com/rss/articles/CBMiZ0FVX3lxTE5lUGN4SGJmWlRWOFVIa1ZxTjY4OHpkc0p0Z1NoNy02N2szUGxMVUhzUFhBOHdDMlBEalYyd05aeldOZExRUGwxSVp0T1BmQ3lNY1hQdmktTlZLMnNiME15bllUS1hmY2M?oc=5,"Fri, 07 Aug 2026 07:00:00 GMT",2026-09-23T09:29:43+09:00
GoogleNews:物価　家計,物価　家計,高砂市家計応援事業（プリペイド型ギフトカード配布事業）について - city.takasago.lg.jp,https://news.google.com/rss/articles/CBMikwFBVV95cUxNMm1LaDVmZnFZNXlBdElGbk9lUV9uS1JRd3pfM0FOREd5WWw3UGlCYjNUZzFxM0E4Z1Q0Ry1nMTVNTjZyMnFlMmQ1QW1fdG01a2dONjVVOHdTa19KOE9tYkZraV9kZWc5Z0xaQjZGSmVJTGFjY3ktSEhrN3NOWS1IX3hxa2ZZZjFMUGx3bmdQeWx5VG8?oc=5,"Thu, 21 May 2026 07:00:00 GMT",2026-09-23T09:29:43+09:00
GoogleNews:物価　家計,物価　家計,物価上昇などの影響で日本で家計消費が萎縮した中で、ゲーム機やアイテムなどゲーム関連支出が特に増加傾向を示しているという調査結果が出た。16日付の日本経済新聞（日経）によると、総務省の家計調査でゲーム会.. - 매일경제,https://news.google.com/rss/articles/CBMiT0FVX3lxTE5HcEdjaGsxWFdScnAyUDFSVWRHR2hjbDIzVGJtdU40MFFEQjA3emp5ZDV0U251UTlKd2RhbG4yQVdfdG1USExzTEFUU3RlR3M?oc=5,"Wed, 16 Sep 2026 09:31:24 GMT",2026-09-23T09:29:43+09:00
GoogleNews:物価　家計,物価　家計,エネルギー価格高騰が家計へ及ぼす影響－イラン情勢を踏まえた現状と課題 - nli-research.co.jp,https://news.google.com/rss/articles/CBMib0FVX3lxTE9lSXRzVW01X3BvWWZNNUgzd0ZYeFVMYnFIdldhM01wSDJzTVU0Z3o1YVJ2dzZwN2tLQzNWNWJuQk5sWTdwTXNHbzE5bHZObUZOUVh3dGNLcDRjenM2c0dvVDlxS0t3T2pEQ24tZ29wTdIBf0FVX3lxTE5lQkI0WVRwa0FnWXE2dHNJTVVZYkdFeHozdWdCeDlDLWlLT09sTXhsMXNSV3l1X1VCR2NRaUlydG1wMW9COExvRXdVVFpWbGZFM2RYWTJ5dlZSTExsWU9jR0NheVppQnNoZ1RzZ2dwX19ZSnh6OXB4d25YbHE2ZTA?oc=5,"Wed, 27 May 2026 07:00:00 GMT",2026-09-23T09:29:43+09:00
GoogleNews:物価　家計,物価　家計,物価高騰が続く中、給食のない夏休みで家計負担が増加 | 一般社団法人全国フードバンク推進協議会のプレスリリース - PR TIMES,https://news.google.com/rss/articles/CBMiakFVX3lxTFBhQkIzVFhyT0xCX3RoZnVyS2d3OTg3YzZkZG9VcjNOWGhZa1dNbzNjTE8zZnVISDVmR3YySXE1eGZXaTBTYThfeV9HYTQtSHdNRVd2LXFlYjByRWVfazRYSmFHaW0tanp1dmc?oc=5,"Mon, 15 Jun 2026 07:00:00 GMT",2026-09-23T09:29:43+09:00
GoogleNews:物価　家計,物価　家計,令和6年消費者物価地域差指数の概況 - pref.ibaraki.jp,https://news.google.com/rss/articles/CBMiiAFBVV95cUxPMDkwa0pzc0ZoZTNlUTdvWlZaeFA2U2M3bmdyS0FyNHJYTHdacjZaYkhzSnJUb0h2QXVuVlg2d3JmcHE3UF9Oc1Y0MXJvOE9WLVZMQzVxd1hCaDgwQTg2aFp2SkF6OEllUGRzbWQ1YTE3cGI2Snh1Z0JsQkV2THpfOXRfY0l2X2R4?oc=5,"Fri, 03 Jul 2026 07:00:00 GMT",2026-09-23T09:29:43+09:00
GoogleNews:物価　家計,物価　家計,金利・物価上昇環境における家計の資産形成の論点 - nli-research.co.jp,https://news.google.com/rss/articles/CBMib0FVX3lxTFBBdVBsZDNCYXRueWdxLURjWWw1MXVHMUZlVEpkOTR2TFAxWVVpT0xnRHhJWWZuSTdRWjVFUmVFM0c2b1RXMkxsTXNyQjl5NDFpbHQ0RU5MZHhvM1FVRW8xNS1vV1cxYlVmbjVadXdTVdIBf0FVX3lxTE1DRlUxNFVkTUVtUVYwM2hmQkRTOWZ4TlBvT0dYZnMxZHVyOTBPYTZOLVFaZC1NVDdmTE55U2hWazVwY2ZfWENONjdlQnBudTBOYmFsM19WY1dkZ0RZNktDV2NyNndhMWoyaWNmTWhHdVl2YV82aDJZcGpNc01xTWM?oc=5,"Fri, 03 Apr 2026 07:00:00 GMT",2026-09-23T09:29:43+09:00
GoogleNews:物価　家計,物価　家計,金利上昇とインフレがもたらす日本経済および家計への影響と構造転換 | 永濱 利廣 | 第一ライフ資産運用経済研究所 - 第一ライフ資産運用経済研究所,https://news.google.com/rss/articles/CBMiW0FVX3lxTE1mTUR0LTZPV2RDUE1yUnFpdjJlbEtCWFNHYmNkV2hUNTN0ZXhFMHp0dVlHU2FMdlhURkwwOUg2VW9DcmVwTUpyOFIzdmZVdzM5V3MyZmxkZG1RZWs?oc=5,"Thu, 18 Jun 2026 07:00:00 GMT",2026-09-23T09:29:43+09:00
GoogleNews:物価　家計,物価　家計,1食351円へ下落のカレー物価。エアコン代高騰の夏に、あえて食費を切り詰める「家計防衛」のリアル（LIMO） - Yahoo!ニュース,https://news.google.com/rss/articles/CBMif0FVX3lxTFBabE85bWM0dDZQRXdpT005eG1pV3hGcnFfN2g1Wnd3VV9hNjNZSUk2Q1NtM2t3NnJ6eFBRN1BkV1NDVTNlY25lT2hpdEx6ekJvdXlqT0pHaHpCUl92QTZMdTUzR3VudnR1dkRwR2NMNE9MWmw0S1dqRVRaTFFJblk?oc=5,"Fri, 11 Sep 2026 07:00:00 GMT",2026-09-23T09:29:43+09:00
GoogleNews:物価　家計,物価　家計,インフレによる「見えない増税」とは－物価高で増す家計負担の仕組み（Bloomberg） - Yahoo!ニュース,https://news.google.com/rss/articles/CBMif0FVX3lxTE50OFVTME5ETE5nbTRLUlVGU21peUc1LTQ4S1Vkb2FFcFNoUHZIR0xZZDUxVVNPT25KdGUzc19GNVFVajJzS1U4czM5ZVRBanlMdXdwV1FtaTZZbVlyYnpmOUxrWWw0MmZGS1RmRy1DNDVFYXlIa0t2Qzgwck53dDg?oc=5,"Fri, 24 Jul 2026 07:00:00 GMT",2026-09-23T09:29:43+09:00
GoogleNews:物価　家計,物価　家計,【約9割がインフレを痛感】体感インフレ率は平均34％と政府発表と大きく乖離！限界に近づく家計防衛の実態調査 - PR TIMES,https://news.google.com/rss/articles/CBMiakFVX3lxTE0zdTRCVllHSThvNDZtVEI0QW5lWEZCbTNHNm13TUEwcHhFblp1OEVJUml6LVphZGhmX18xWmpoRGpmd3p5VGtZVGs0dVRyaTJSaGdlWjlVWXNJaENpOEVYekxfLUplWFJHZ3c?oc=5,"Fri, 24 Jul 2026 07:00:00 GMT",2026-09-23T09:29:43+09:00
GoogleNews:物価　家計,物価　家計,家計のインフレ感が高まり、日銀の利上げの根拠が強まる - アラブニュース,https://news.google.com/rss/articles/CBMi_gJBVV95cUxNcjRPYnBwNnhGenR2WVcxNjNvZWRqYVM0MktKR0hCNXRfdUxIM0hPd3o0OTVEQkJpUTVzMW5MajBCQzVCU2VtcDJHckNJUjFkM3ZKUDFMaTQwb1U3cjJVdFpBNl9jNkRRU2hWVC1NZUxjcXBNZF9ibmxCcmhuX1A3czkyRUhBY0VqVzBkdkRCc1dxdFZjTnh6c2tDSVNCS2ViMHJBbEh0akVFc2FBSjRndXo0M2g2VURmM09DRXc1UUxyblBuaVMwU0hYQ00weUU2VXFEU1lwdHFmMWVEbzlzX3VzNlFYUUQydDFXNGUySGVkZVM1VTR0RkFTWnlIQnRMMGNPZWxBblpmTFh0MWV1Z2lLbG5jdEU1T1FtNTRGVzhKRGs0aUZGeDFfVGw2aFpMQkxaMkd1dmRnNlNvYUJyTDQzM0ozcmVKdDBEOTk4cDh2NlduNTh1emlMZk1vRkJwbU9SY0xBS0RocmpIbDBybXcwRHc1M1hWbmpOX3p3?oc=5,"Thu, 16 Jul 2026 07:00:00 GMT",2026-09-23T09:29:43+09:00
GoogleNews:物価　家計,物価　家計,暑さが物価を動かす「気候インフレ」－家計圧迫、低所得者層は食料さえ遠のく時代に - Bloomberg.com,https://news.google.com/rss/articles/CBMid0FVX3lxTFB3T2E0bU5QQ2hDQ0hqcTM4WDFEOWVuX09GOVFhaTJZTGtVOTRTVEhZN1FUd0RKa09fb2hQQVdwS1Rka0pZYkZqRWIzSnZKV1dWLWVyODc1aHBObW9qUmtpekRyR0w2ckpGWDJ0ZmRkRHBEWVAxSU9J?oc=5,"Sun, 03 May 2026 07:00:00 GMT",2026-09-23T09:29:43+09:00
GoogleNews:物価　家計,物価　家計,家計負担「年間4万円増も」 原油高で忍び寄るさらなる物価上昇 - 毎日新聞,https://news.google.com/rss/articles/CBMiaEFVX3lxTE10YlJHS3dYc1hXZF9xNU5KRlF3M0JZRzA4VUF0NW5ZMUZLMmMxY08xdmFNTkUxREtfbmd5a21JQ1N6Z2JCT0JHZVFaT1BHYTdqTEVxWkdvRmRnN1pUbjNsNmo2Wm45OGFO?oc=5,"Mon, 27 Apr 2026 07:00:00 GMT",2026-09-23T09:29:43+09:00
GoogleNews:物価　家計,物価　家計,４世帯に１世帯が「赤字収支」で ❝ 懐の寒い夏 ❞ に！？「物価上昇」を受け約半数の家庭が「出費増」夏のボーナスは平均「54.0万円」、使い切るまでの平均日数は「55.2日」に | 株式会社ＦＰパートナーのプレスリリース - PR TIMES,https://news.google.com/rss/articles/CBMiakFVX3lxTE0yZW85SGxZRE1penBQM3pUN3Btb1ZuTU9rSjJyNEVMM0I4aWlHc245ZTZRZ2dKUVljRHlQVEFFNDZpNEtmUXlwNXNibEFHOHA2X2dWSTZWQnJFOHctN1JxNzQzYllfMW1oNnc?oc=5,"Mon, 17 Aug 2026 07:00:00 GMT",2026-09-23T09:29:43+09:00
GoogleNews:物価　家計,物価　家計,四万十町家計応援商品券の配布について - town.shimanto.lg.jp,https://news.google.com/rss/articles/CBMibEFVX3lxTE1JVWo2N0oyMGFUT0M4aXBYd3M2Mm8xWVRFaGQzVXV0d24xeEVVZHdfLUtjM1pWRWN3V2ZsYU9RMHQzTkI4cHIyRjUwa0JJaUdkVXViTklXUFlCeVF5SmlEZnVUaTRnbHpzYW9PdQ?oc=5,"Thu, 29 Jan 2026 04:01:56 GMT",2026-09-23T09:29:43+09:00
GoogleNews:物価　家計,物価　家計,住宅ローン利用者は金利・物価上昇にどう向き合うべきか（２）－家計債務の拡大がもたらす資産形成の後ろ倒しと対応策 - nli-research.co.jp,https://news.google.com/rss/articles/CBMib0FVX3lxTE9vN1NUSHVUMWRWbUJ5N0hWX1A2TXQwMXNmal9LOUJScXNkd3NoZjdHbTVsNDd4TzlvMktHVGFLT1doUU5ERmREUTQtLUstSWVkNTItcDVNT2RFTS1RbGlRSnFYdmNrRjdHWmtpSENlTdIBf0FVX3lxTE1EUE9MU2k3TUNpcEVrd3hYVnA5Y3JSYWNuVG5zQ29remh6bVFYcDkwNUdyWXZ5a2Qxd20yX2NZV29hOGFKbmdPNjhsNnBKZDlwOXRJanZTRkN1enZ1MDZ5NlFyLVczV2g3NmpMMWZPNW5FWWRxWFplbmlGcmdwQTA?oc=5,"Tue, 31 Mar 2026 07:00:00 GMT",2026-09-23T09:29:43+09:00
GoogleNews:物価　家計,物価　家計,家計を応援 物価高騰の中でイオングループが食品などを値下げ - khb東日本放送,https://news.google.com/rss/articles/CBMiT0FVX3lxTE5lUTlFNVB3ZDN3ZHVrV3NKWHpxMFdXUEp0aXhVLXd2N2hISnd4b2czc0JSSHZsanlQbHNhMmVSTW51Q1l5cEIxbE1SUlVKbXM?oc=5,"Wed, 20 May 2026 08:41:17 GMT",2026-09-23T09:29:43+09:00
GoogleNews:物価　家計,物価　家計,「物価の安定には時間がかかる」家計圧迫は続く？原油安で景気に追い風も――生活必需品は遅れて値上げか - 日テレNEWS NNN,https://news.google.com/rss/articles/CBMihwFBVV95cUxQenhhNnhOLUVUcXByRkczd0tFNWpPcTFDempPNEZobEg0VklhdDlQWTFaZ1pMSS1TRVdCekFZYVdlck5mZTFBQTRacGdGczh3MlZUT0l4YWlpcHZCUG9tOXYxLTBrUDQwV0g2NVR4SV8zRllKbkttQ1h3V0hHMl9NOC1EREhPM1k?oc=5,"Tue, 16 Jun 2026 07:00:00 GMT",2026-09-23T09:29:43+09:00
GoogleNews:物価　家計,物価　家計,日銀調査で家計や企業のインフレ期待の上昇続く、利上げ路線を支持 - Bloomberg.com,https://news.google.com/rss/articles/CBMid0FVX3lxTE9WQktHaTFieUdOSEkwd2lOOFd2WVplczJhX2M4dFdwbXp1WWtWY2hBaGtWY2FBY1FNS3JGYnRrb3NzZ2poUjNWQTNkR191OHhWc3JWODd1WHRIVlFDNzBFT1M3am1hbU82eHRFdEt6UWlGQzh6VGRv?oc=5,"Thu, 16 Jul 2026 07:00:00 GMT",2026-09-23T09:29:43+09:00
GoogleNews:物価　家計,物価　家計,住宅ローン利用者は金利・物価上昇にどう向き合うべきか（１）－返済比率制約と家計バランスシートからみた住宅取得の成立構造 - nli-research.co.jp,https://news.google.com/rss/articles/CBMib0FVX3lxTFBCdHlJc2pGRTNJSjhUaW5mX3Q1UlRTeGlUZHhxbG1QTXB6R0lFX0lEN2oxWjJZbEUtMGRsNmc3Q2F0ZU55NW1mN0xYUU9xQXdoNFRZQzd2X0NaSzlMNmh6Zi1MWTJPYXZBOUh2aG9RVdIBf0FVX3lxTFB0eHNDaDZmTmRveVlrZmJGYmdPRlFjYTZaQlRhTlJPaFNBMG9VVjVTYmYxWHhya0hwUmNwSXB4X0k3S3BjXzFCcGtjWUtLVUNnNy1uYjkxRHZnNXNXWDFKVmtuLXZqeXQxU1hZaXhQWXB1RHRTNzNDZkF6VXAxelU?oc=5,"Mon, 30 Mar 2026 07:00:00 GMT",2026-09-23T09:29:43+09:00
GoogleNews:物価　家計,物価　家計,令和6年全国家計構造調査における茨城県の状況 - pref.ibaraki.jp,https://news.google.com/rss/articles/CBMikgFBVV95cUxOb1RxLXpfcjB4ZDhDTVEwRF9ydkFOYnR3dllJQjdhOTMwZUlMSEFmc3NpTFlYX1ZSYVgyWUZYaC0wVmZsZ3hDVU1LNXFhUXhaYVpJOHU2R1d3V1VKQUxFTHpQUkJFOWhXY3BoeWRMNDlYb1VxdHphVEZ2R3RMZTZPRGJxb1dCSlNvd2tFeTZPWkJ2QQ?oc=5,"Fri, 26 Dec 2025 08:00:00 GMT",2026-09-23T09:29:43+09:00
GoogleNews:物価　家計,物価　家計,物価高時代に家計はどう守る？ 「支出・貯蓄・収入」のバランスの見直し（ファイナンシャルフィールド） - Yahoo!ニュース,https://news.google.com/rss/articles/CBMif0FVX3lxTE1LWHdveERubl9TQ05UYjNPMzlIUVJ5S0o5MU1DWXpieDNFYUpOLW5uNHNHcUJRWmxnTlRfcWhlOEI3U3hfX2R3SXNQTmVaNWNuQnNtdDRYdmVrR1RYMHh0QW5iSkdqN1B1cmZyOVpQUWJsS3l1bHlqdUVUbXhPWFE?oc=5,"Tue, 12 May 2026 07:00:00 GMT",2026-09-23T09:29:43+09:00
GoogleNews:物価　家計,物価　家計,家計調査が映す「切り詰めても軽くならない」食費。エンゲル係数は1981年以来44年ぶりの28.6％に - LIMO | くらしとお金の経済メディア,https://news.google.com/rss/articles/CBMiTEFVX3lxTE9VMERWNDQzVDlaT1BXZ190dG5URHJpakVSLXhQeWhjakFLdDg4QThBMmxkTWpyUVBoNjZ1bmxlMlF4dU15UjdIdWRnMjg?oc=5,"Sun, 13 Sep 2026 07:00:00 GMT",2026-09-23T09:29:43+09:00
GoogleNews:物価　家計,物価　家計,独身男女611人に聞いた…結婚の最大の壁は「物価上昇」 未来の家計に警戒感強く - Yahoo!ニュース,https://news.google.com/rss/articles/CBMif0FVX3lxTE1BeWozaE52a2xkWnlrNXl5RGNOaFNWRngwdDViYXFWaTMzUHgwa2pkRXBiMGQ2UUpTYUxsdXl1U1MzN0tpQkd5SEZFY0Q4bnhHUW02eERMd09kVjc1LUVQQ3pXZjUya25TTXcwMG0tdmRWN1Y1b21nV2c5dkFqdTQ?oc=5,"Wed, 08 Jul 2026 07:00:00 GMT",2026-09-23T09:29:43+09:00
GoogleNews:物価　家計,物価　家計,政策金利1％の家計プラス効果は「年1兆円」、高齢世帯は4万円プラスも住宅ローン抱える20・30歳代は4万円の負担増 - ダイヤモンド・オンライン,https://news.google.com/rss/articles/CBMiTEFVX3lxTFA2NDk4WldoMUo1WXVwZlQxRS1SczctQlVZY3lyQTJpVWhETjdqN0U5YTBTM045X05sRWpSWGRKd08wQTVaQmZlcE4wYjLSAU9BVV95cUxOaU92X2hRbmhjT2JsSF9fNWFWc1hMZUdKanpVc2ltejgyblBSZ0FPUDNvSWoxeUNPb0d2cmhfR1FDTjRPQ0JuazdKQ1MxTXFF?oc=5,"Thu, 18 Jun 2026 07:00:00 GMT",2026-09-23T09:29:43+09:00
GoogleNews:物価　家計,物価　家計,企業と家計の物価見通しのかい離 - scgr.co.jp,https://news.google.com/rss/articles/CBMiYEFVX3lxTE9rMnB5ajBHVzM4ZkxCYjk0dVVvMnNHVldvUktiTENDTFRMQjlJamRRd2hlclFnWU1STTM4YjdhRVpUVTdYcjdRcWc2eDg5elhIZUVOamtyQlBHcnVEZXd5ZQ?oc=5,"Thu, 26 Feb 2026 08:00:00 GMT",2026-09-23T09:29:43+09:00
GoogleNews:物価　家計,物価　家計,賃上げ5%でも家計が苦しい理由、コメ高騰と物価が奪う購買力 - mymo-ibank.com,https://news.google.com/rss/articles/CBMiSEFVX3lxTE93YkV3SU9KdzNyYlEwN3dkaWQ1NnNoR2NZN3BtRXpNZkNpU00zU3BEZ04wRV9xejJub01vWG5hUFNhR2hiS1EwZQ?oc=5,"Fri, 03 Jul 2026 07:00:00 GMT",2026-09-23T09:29:43+09:00
GoogleNews:物価　家計,物価　家計,【日本のチップフレーション】メモリ高騰が物価に与えるインパクトを試算、「家計の一人負け」傾向強める可能性 - JBpress,https://news.google.com/rss/articles/CBMiVkFVX3lxTFBRNk92bTJmaURMSUFRYU5vVTNHZ1FuNHVDWXE0cVlwOVJoQ1VtZ3Q2VENTdGw5VDFqQkRPX2JfNXNnVWgtdmhrLWNpOW1yWEFDY1dkWnZn?oc=5,"Wed, 05 Aug 2026 07:00:00 GMT",2026-09-23T09:29:43+09:00
GoogleNews:物価　家計,物価　家計,6月消費者物価1.6％上昇、3カ月ぶり伸び拡大 値上げの夏と猛暑が家計圧迫 - BigGo ファイナンス,https://news.google.com/rss/articles/CBMidEFVX3lxTE9BMVBwSlU0MnBvSS03UGhBWlRKZDVISTBVTTYtSV9QSEN0bG5FU0Vmdk9UVUZEVHY4eThOYTRTSW1lbHpmSE8yMTRhbkNUMkw0MW1QZ1hmOWNMWHVQMUtfeDFRTTBSZkZVWmpveFNkZEdZRkNf?oc=5,"Thu, 23 Jul 2026 07:00:00 GMT",2026-09-23T09:29:43+09:00
GoogleNews:物価　家計,物価　家計,物価高騰に苦しむ家計を応援「プレミアム付き商品券」市内各地で販売開始「長崎かんぼこ王国」共通商品券も《長崎》 - 日テレNEWS NNN,https://news.google.com/rss/articles/CBMihwFBVV95cUxQSmJqSlI2U3hlWDNWM1E5M2MzVE5CY3lPRnhJSjFwRTgyOVJpcEVKZWRYeWJKanhaZ1k3SkNOYm9MckZvN2E2cFJCYjN4eUZ1a25MZ2dUNllVR3BiRFZnbHdzRlBDVFdUbDFsOURpUlR2WS1STFdDaTY0NU5jSDd2Ym9VNC1pVkE?oc=5,"Thu, 02 Jul 2026 07:00:00 GMT",2026-09-23T09:29:43+09:00
GoogleNews:物価　家計,物価　家計,身近な家計の悩みも、マクロ経済の動きもこの一冊で。『図解でスッと頭に入る令和の物価高騰』6／12発売 - PR TIMES,https://news.google.com/rss/articles/CBMiakFVX3lxTE9NV01GZzNyWHY1d1NJUTkzWHhlaHprbFR1a19jQnlSWXlCYVo1Z1RJZENaQm9ERUZwZ0hXdTdVbTlScWtKbVlfQmtiWG5VWkI1UDdtc252NmdZZWFFT2lTWHlOODJfb2lLS3c?oc=5,"Thu, 21 May 2026 07:00:00 GMT",2026-09-23T09:29:43+09:00
GoogleNews:物価　家計,物価　家計,世帯年収別にみた家計収支の現状（2025年）－賃上げ３年目、それでも重い物価の壁 - nli-research.co.jp,https://news.google.com/rss/articles/CBMib0FVX3lxTE1PVmp3LXJsa1lla3M3X1lqSzNzdXEtSFh1RlBEZXNrbXlvRlExS2tHSVI2VV9OdmVWQmhIZFY4YlBZQzk2bXVKNUZxaTlPT3NyNnNhNVJLSWpCQXVGckc1MjFlQW9RT2lJdXd1d1hLVdIBf0FVX3lxTE1QdUwwakZEaUVLY1ZRM242QzdMRU1uQXp1MzRHSll3QV9DYUJmS2c0ZHdaX2pJeEhRcjk3TWpoVF9oeXRNb1FfblhQendUeFhibmtkOHVnQTBrM3Vvak04TGVFWlNpa2FPVFB4c2NNSWQ2QnRyUmJDUmNRNE1IcVk?oc=5,"Mon, 30 Mar 2026 07:00:00 GMT",2026-09-23T09:29:43+09:00
GoogleNews:物価　家計,物価　家計,現金5000円給付 5月末から「宮の家計応援給付金」宇都宮市－NEWS - tochigi-tv.jp,https://news.google.com/rss/articles/CBMiX0FVX3lxTFBZaGdaeFJCcHpkRE1ZRFJwMnBKS1F5ZF9CTGhzRFg0cGdpeE51cVFWWFROYksySW52UWlTcmJWNlZLTG5NM2N1a21hb2VJRUZaRFhSc3Q2YjhLNDZiU1lr?oc=5,"Thu, 23 Apr 2026 11:40:50 GMT",2026-09-23T09:29:43+09:00
GoogleNews:物価　家計,物価　家計,永濱利廣氏「原油高騰で2027年の家計負担3.6万円増の試算も」 - 日経ビジネス電子版,https://news.google.com/rss/articles/CBMiZ0FVX3lxTE1JRGVjUFJ3ZkJ4bWh4THVfWXRvMHZwbk1JVDN6ZDdQeWZOaV9BLVdlbUNtWW5HUTdES3BCRWxuUFNoUWxZLWtGZzFjUHZURFVIaTVTYUV0U3BuZkVzS3lQdHJPUHowR2M?oc=5,"Thu, 16 Apr 2026 07:00:00 GMT",2026-09-23T09:29:43+09:00
GoogleNews:物価　家計,物価　家計,与野党が競う「消費税減税」の効果は？経済・物価・家計への影響を徹底検証 - ダイヤモンド・オンライン,https://news.google.com/rss/articles/CBMiTEFVX3lxTE44UXluZzNzUTJVRHRhbXRULWwteFpTRzk4RTNKWXhpY1FUUVNNemhDYjA3Q09aRERGSUdhNWExem9Ib3dnUHEtREpaQ1rSAU9BVV95cUxPeERJLUpyR194SDRVNV9heHQwcFBNMjhUUW5qdjhMNnh0alhJUnIwdnBHQjBGNTFwb21ibTVVZ1U4RUkta1lrZnB1MnNLV0xr?oc=5,"Fri, 06 Feb 2026 08:00:00 GMT",2026-09-23T09:29:43+09:00
GoogleNews:物価　家計,物価　家計,「おかずは5品から3品、2品に」家計簿から見える物価高騰 8.9兆円の対策に専門家が警告「100％違う」【報道特集】 - TBS NEWS DIG,https://news.google.com/rss/articles/CBMiV0FVX3lxTE1jMGZBUk1sOElxaGVNVjY3ZUdBQ2ZyVUUxOGJCazBDNnp6WVN1TER0UXVjVEtJWlBmbjJzdGpSd0dBVHNrVVh0ZzJVUk9qNUdNS1ZickxnQQ?oc=5,"Sat, 20 Dec 2025 08:00:00 GMT",2026-09-23T09:29:43+09:00
GoogleNews:物価　家計,物価　家計,「物価高騰対策」としての家計補助 東京都と比べて少ない近隣県、格差に広がる不公平感 - 産経ニュース,https://news.google.com/rss/articles/CBMidkFVX3lxTE5sR0hoRDIwM1VfdEROanBGMUZyR2wxb2tLM2xpZ0VaUXB6NTZuZnQwSDdDOGVhRDhyTzNHSXlyRHF6OG5wYi1ZYkY4a0xNTEM1MUZLYmNuWWNKcUhkMzdOb3F1Slh4dGhMUUpwT1JxcTRRbGZQQlE?oc=5,"Wed, 27 May 2026 07:00:00 GMT",2026-09-23T09:29:43+09:00
GoogleNews:物価　家計,物価　家計,［経済フォーカス 識者の眼］原油高 家計厳しく転嫁困難 インフレ加速回避か - 読売新聞,https://news.google.com/rss/articles/CBMibkFVX3lxTFBPNTRjbnhiQVRfaHMtMFlTX0Q1VnBqVGxPZGhFM0w0OXBwUVphN1U2TGxjUldNQjVLdnhWMl9aeTZzU25MX01ZS1BnZzUybE05QTB5b2llcHNuS3VfMTNwaGFKX21pbEIyZkNMXzNR?oc=5,"Mon, 06 Apr 2026 07:00:00 GMT",2026-09-23T09:29:43+09:00
GoogleNews:物価　家計,物価　家計,「5年後」物価予測は過去最高 家計の景況感、改善続く 日銀調査 - kankokeizai.com,https://news.google.com/rss/articles/CBMiVEFVX3lxTE5UQ0xKN3hLNVRCbk00cGo0UmVjcUlJODVkeUVybENtYzZEcjM1WkxZQTVoYWhXWUN5eGtxRjVIaFJEbnZERHJQTnZ4cks5V1JfeHVneQ?oc=5,"Sun, 03 May 2026 07:00:00 GMT",2026-09-23T09:29:43+09:00
GoogleNews:物価　家計,物価　家計,"岐阜県美濃加茂市、物価高騰による家計負担軽減を目的に6,000円相当を給付 デジタルギフトサービス「デジコ」を活用 - AMP[アンプ]",https://news.google.com/rss/articles/CBMiW0FVX3lxTFBQSHFxSHpvWDBFV1JEdUZuQlBTUWNaUm9Ob0l6dm5PQl9NbUdwejI5TllJSzVxcnowTHNUS0s4YlhoRmhVQlFROU5tcDc5ZnZVUVh1OEdJM3Nja0k?oc=5,"Fri, 22 May 2026 07:00:00 GMT",2026-09-23T09:29:43+09:00
GoogleNews:物価　家計,物価　家計,ホルムズ海峡封鎖「原油109ドルで家計負担3.6万円増」第一生命・永濱氏 - 日経ビジネス電子版,https://news.google.com/rss/articles/CBMiZ0FVX3lxTE1OamQtOWRwTlo5TzlybXNMblBuVzEweE9oWjJENC14aDdHMTlRdHd1V2hyQXVvNk01UHkzbk15R3gyWW1qUmRocVNZQnVBc3plWEl3VFliaW93OUh6TEYtNWVtYjdCQWc?oc=5,"Fri, 06 Mar 2026 08:00:00 GMT",2026-09-23T09:29:43+09:00
GoogleNews:物価　家計,物価　家計,2026年、物価上昇に負けない家計管理 住宅ローン「2馬力」注意点も - 日本経済新聞,https://news.google.com/rss/articles/CBMibEFVX3lxTE14Um8tVldNNzFPZ0pwbE1qU3ExLTNnMHhSNGdQSF8tUGlVSDM4OG5OSGpqRUhwSmhHN0hmalpVSkYtQ2JXU0xPMUpZUEVUUDFCSWJ5eVJBN2EzeUVqdU1QVXlMLW1KQkxYSGlWMQ?oc=5,"Fri, 02 Jan 2026 08:00:00 GMT",2026-09-23T09:29:43+09:00
GoogleNews:物価　家計,物価　家計,【現役記者が解説】スマホ前提の家計支援でよいのか｜成田市デジタルポイントに高齢者から不安の声 - 選挙ドットコム,https://news.google.com/rss/articles/CBMiX0FVX3lxTE5aZTRaa1ltSnRWYjNpdHRtaEd0ZHZFM21UVnpuM1NteV9aakQyVlNJWFJKRDhkajVET1JsRURXSE91SklLclNmczAxUnUxTmhaalkzdTFKLWlFdUszcDJz?oc=5,"Sun, 12 Jul 2026 07:00:00 GMT",2026-09-23T09:29:43+09:00
GoogleNews:物価　家計,物価　家計,1食351円へ下落のカレー物価。エアコン代高騰の夏に、あえて食費を切り詰める「家計防衛」のリアル (LIMO) - Yahoo!ニュース,https://news.google.com/rss/articles/CBMijgFBVV95cUxNLXF6ckFQRVJtTDMyOGpXYXRnanhMLUJDcWVkY3l4ZU44OGdwazgxcWdKY1JwcEQyMjV6NWZyVkRSWHJsaFZBbHVOdGZ6c19vWWVjeUNOZlJLMXdocHA4blR2dnVnRkNnc0hwbnlYS3dTUEs4QXlWaVhPT0ljc2hLaWpWazkxbDVhMElXT0J3?oc=5,"Tue, 11 Aug 2026 07:00:00 GMT",2026-09-23T09:29:43+09:00
GoogleNews:物価　家計,物価　家計,一部に無理をした投資も＝物価高騰下でNISA投資家の状況を調査－家計診断・相談サービス「オカネコ」 - 時事フィナンシャルソリューションズ,https://news.google.com/rss/articles/CBMidkFVX3lxTE51NElFaU9Td1lPSHF6N0NSbU9MZ2M0cEV2czdEeWY0TmZZenFndU00X0JhTXBRTEZXRmxucVdpVlg2SjYyaG0wSXdIR2Rta1VtM0lEdktuNnhrVHBMbU91ZlBLMXZCZHBENEV4WFprZ2tSc0psbXc?oc=5,"Thu, 30 Apr 2026 07:00:00 GMT",2026-09-23T09:29:43+09:00
GoogleNews:物価　家計,物価　家計,食品消費税ゼロ、物価抑制効果は「1年間」だけ 家計の苦しさはそう簡単に変わらない - JBpress,https://news.google.com/rss/articles/CBMiVkFVX3lxTE51RFdGcUxXUE5iZ2NHbVh0anZBcnM5NDZNNlV4V1F6ai1DOFNLN2o0d3NUcmRlMG0zNC1UNGtjZTJSekxVajVJendCOGg4VDkxbWdBdERR?oc=5,"Fri, 27 Feb 2026 08:00:00 GMT",2026-09-23T09:29:43+09:00
GoogleNews:物価　家計,物価　家計,新登場！アップサイクル「はちみつ梅」。物価高騰から家計を救う、オフプライスストア・アエナから。 - PR TIMES,https://news.google.com/rss/articles/CBMiakFVX3lxTE9iNzVoc0dyU2tfa2tNRVBqaHdiUWZxbElVeW5ad3hpcnpjSWZocEdDNXVOT0JQajZVd2tBT3BUMHRFejlsTU5fMGVNdGE0enhyUVdxem5icHZWaFk2OGdCTWhFal8wSHZXWEE?oc=5,"Mon, 13 Jul 2026 07:00:00 GMT",2026-09-23T09:29:43+09:00
GoogleNews:物価　家計,物価　家計,2026年 家計の負担は減少へ～インフレに大きなブレーキ、物価高対策も効果を発揮か～ - TBS NEWS DIG,https://news.google.com/rss/articles/CBMiZ0FVX3lxTE5pVFNGRU9JdVNtVXZZc3J3S21FZm45dE1MaDIyWEZheHk5WDlHRUJFNUZmTmYzZ0ZhUzBlZmZSVnNkUkxJclhKYkFyMG5mblVRSHRKcktVcXNCYzB4MzlfNmRRSW9EX3M?oc=5,"Mon, 12 Jan 2026 08:00:00 GMT",2026-09-23T09:29:43+09:00
GoogleNews:物価　家計,物価　家計,家計を助ける物価高騰対策 「お米券」からデジタル商品券まで多彩に - BCN Retail,https://news.google.com/rss/articles/CBMibEFVX3lxTFBqLU5xMmZJUVlmdS0wdGsxd1FheE1JLWNVdlhpeDFDZDBrX2FNSXVZRzJ1N21Fd0RnS3lEMnk2aUhKX1FuMlJSRVdrZ2Zab2dXd1Vzc0xWTGZXVEdFcTYtMlBZMG5VVkpXdENNUQ?oc=5,"Sat, 28 Mar 2026 07:00:00 GMT",2026-09-23T09:29:43+09:00
GoogleNews:物価　家計,物価　家計,年収の壁に物価連動案、2年ごと見直し 家計負担緩和も 政府・与党 - 毎日新聞,https://news.google.com/rss/articles/CBMiaEFVX3lxTE1KdHpnY0dlemhTRkNKdk15YWlpajI4MDVjMENzQUszNkhVcjdfVEcxczNDRGk5M0hBYlZiclJ0MVZtRlg5VDl5Z0RPYlBqdzZDRFpPQVpxbnI0d3lSNERWa0VhaENBR0hM?oc=5,"Wed, 10 Dec 2025 08:00:00 GMT",2026-09-23T09:29:43+09:00
GoogleNews:物価　家計,物価　家計,「おかずは5品から3品、2品に」家計簿から見える物価高騰 8.9兆円の対策に専門家が警告「100％違う」【報道特集】 - TBS NEWS DIG,https://news.google.com/rss/articles/CBMiYEFVX3lxTFBmRTRpZFFsRnc0X2dtMndleVNUc0dlV0hsalprY2lnWk53VkRBSG1KUWZ5dElvNkJHbFdiRjZXMVNTX1E3bjJQMG5IcVVidmhwT2FuVy10b1Q1cm1PYlF3VQ?oc=5,"Sat, 20 Dec 2025 08:00:00 GMT",2026-09-23T09:29:43+09:00
GoogleNews:買い物　調査,買い物　調査,買い物・ショッピングに関する実態・意識調査（2026年7月定点ココロスタイルリサーチ） - クロス・マーケティング,https://news.google.com/rss/articles/CBMiW0FVX3lxTE1EV09vR1RhV1BlcEg3cVFaaDRtVUN4S3BGWTBnMFNNZHQzYXQwUXNldnZKbHVzYl9SYXZsRUtJdlRqcnpYd0JLYUNRTHhELWVuVDdRMjBIeFRaUWs?oc=5,"Thu, 30 Jul 2026 07:00:00 GMT",2026-09-23T09:29:45+09:00
GoogleNews:買い物　調査,買い物　調査,PRESS | CLASSY.[クラッシィ] - CLASSY.[クラッシィ],https://news.google.com/rss/articles/CBMiV0FVX3lxTE83SGh1MkU1NWN4VHJVWThUYWw2aElwVlR1a05BUGpGSlE1OVZaS1M4UThSOHkta0NpdVE0UEFTQXR2NjZhdExMbzB1Y1JQZ3FINGZITFJXNA?oc=5,"Mon, 07 Sep 2026 19:59:14 GMT",2026-09-23T09:29:45+09:00
GoogleNews:買い物　調査,買い物　調査,【買い物のタイパ調査】「遠い」けど「安い」スーパー、足を運ぶ人が7割から4割に減る境界線とは？ - shinmai.co.jp,https://news.google.com/rss/articles/CBMiZkFVX3lxTE5pWWNhcURtZDVjV2VwR0g3amVhM0E0dkNvUXM2WmpTT1hWdlM3c1JhOU5ncUF2M3I0bmxDaVZfMmNjbWtYbUFGTV9KTUUxZTRpdzhCVldjQi01Yk51QUp3NzFrYVo3Zw?oc=5,"Wed, 02 Sep 2026 07:00:00 GMT",2026-09-23T09:29:45+09:00
GoogleNews:買い物　調査,買い物　調査,買物の決め手は“レビュー”から“生成AI”へ 生成AIの信頼度はユーザーレビューを超え、約6割が最終判断も委ねたいと回答―博報堂買物研究所「AIショッパー調査」―｜ニュースリリース｜博報堂 Hakuhodo Inc. - hakuhodo.co.jp,https://news.google.com/rss/articles/CBMiYEFVX3lxTE4teENtNUh5b0w0TXlPS2xyYmFZeXhyTjFmc24tcldLeU9keWxEN2NOZnp5d2dTZUdRMEFCcHVhTW9Td0RzNFpFNURkQnhmOG5qaTlURjF2Vk1XTzRtUEJHcQ?oc=5,"Mon, 01 Jun 2026 07:00:00 GMT",2026-09-23T09:29:45+09:00
GoogleNews:買い物　調査,買い物　調査,雨の日でも82.9%がデリバリーより自分で買い物派！値上げ時代一人暮らしの削る出費削らない出費を調査 - PR TIMES,https://news.google.com/rss/articles/CBMiakFVX3lxTE5wSk1ZRE5xUDk0b0ZvMFEyZGFxRk5nUERXbkZ5b3RLbVo0ZFI1d3RxclE0YjZYenhqNTlheFl3alRWQVNWN25SQS04ampnblJ6Qm9JUDdWNVlTNXBwcW10N3lIUDlGdXJpanc?oc=5,"Thu, 17 Sep 2026 04:00:01 GMT",2026-09-23T09:29:45+09:00
GoogleNews:買い物　調査,買い物　調査,310万人のレシートデータから見る「買い物動向」調査 2026年5月の買い物市場を読み解く - global.toshiba,https://news.google.com/rss/articles/CBMipwFBVV95cUxOZmtUaU96cGg3dEt0OTFVLWh0b0drazFLX2wyVlVhSXNKWmR1T0dLYmVtR2F0ZlhXc3Z5RnA5aTdxMXlhc3hFNk52emZ0d1NJMVB0b1ZCeHNxdEktMG4ydlFyREJ0eGdFVDM0RWY2aUdFLUJMWFJsbm0yeFA4WGd0MC1Dc2FIalg0ZTUxMXliY3hwcDhlbDNoQzNxSWZncm8tRGNoeUkwdw?oc=5,"Fri, 10 Jul 2026 07:00:00 GMT",2026-09-23T09:29:45+09:00
GoogleNews:買い物　調査,買い物　調査,Z世代の買い物は「欲しい」から始まらない？ 15カテゴリ・30ブランド調査で見えた「偶発購買」の現在地 - AdverTimes.（アドタイ） by 宣伝会議,https://news.google.com/rss/articles/CBMiX0FVX3lxTE9HdGp5d3BhelA0YW1BcWJudXpJU29FSXZsc0syZmZnOWd0Uk1mSnUyM0xUX05yNEdlNXA2SXZJNWRCY3VHZlVZdjdSN0MyMk15OXIzNGVSdllpVlM3alVZ?oc=5,"Thu, 20 Aug 2026 07:00:00 GMT",2026-09-23T09:29:45+09:00
GoogleNews:買い物　調査,買い物　調査,「調べもの」はAIに任せても、「大きな買い物・お金の使い道」は自分で決めたい。40代女性300人に聞く生成AIとの付き - ニコニコニュース,https://news.google.com/rss/articles/CBMiVEFVX3lxTE5GTlEwd0ZHWW1lS1pKazhaTXVCRXBSWWgxWTdPaUlBLTdPNzFHS2NNNmhmRHhLZW5ldV9wTFlucWMwLWstemNMdEV3am95UTRKWDVEQw?oc=5,"Fri, 11 Sep 2026 13:30:34 GMT",2026-09-23T09:29:45+09:00
GoogleNews:買い物　調査,買い物　調査,博報堂生活総合研究所 写真調査サイト『生活図鑑』 第七弾となる｢買い物｣カテゴリーを公開 - hakuhodo.co.jp,https://news.google.com/rss/articles/CBMiV0FVX3lxTFBhVEV4ZUNFUFZGVHlmWXJsQlFqR3F4NnlOMlhMUm1QcnB6VklZb3JmemVRYk5hR1UydTY4VWdQSGVpdHdWRS14ZTcwa3d5VElQX3ozdU9hNA?oc=5,"Wed, 01 Jul 2026 07:00:00 GMT",2026-09-23T09:29:45+09:00
GoogleNews:買い物　調査,買い物　調査,年末セール買い物予定者は34.9%、まとめ買い意向は50.7%に チャネルトークがECサイト問い合わせ意識調査を実施 - コマースピック,https://news.google.com/rss/articles/CBMiV0FVX3lxTE9tN2lUMms3TjlnQ3k2ZXNURFVtN2xyRmRPU09EbURWdWUwYmZYRENUUWlyY2NfZE9WYm5FMy1kQWdkdlhzQm5GdDBOSGQydkNuMzVVMG9hYw?oc=5,"Thu, 27 Aug 2026 07:00:00 GMT",2026-09-23T09:29:45+09:00
GoogleNews:買い物　調査,買い物　調査,物価高の中、生活者は何にお金をかけるのか？「生活者動向調査」で消費実態と買い物行動の変化を公開 - PR TIMES,https://news.google.com/rss/articles/CBMiakFVX3lxTE9pczktTnhVOGdMc2VYVWwxa3ljWTJ2cGIxQWdycnhUREJhSXEwTnMyZV9hS3dDd183OGlDNXdfZW93NEQyaXBiUkxjT29GNDFiQ0o3eF95OV9oOGZtdDJPTE1wUDUxNHlHWnc?oc=5,"Tue, 04 Aug 2026 07:00:00 GMT",2026-09-23T09:29:45+09:00
GoogleNews:買い物　調査,買い物　調査,【調査リリース】生成AIを活用した購買行動調査｜株式会社マインディア - PR TIMES,https://news.google.com/rss/articles/CBMiakFVX3lxTE8zS3pKblhVSFVkOGZ5ZGVjeFJRc1dLek4zLUVEOVl6QmloY1NqV3NacEdGaWhTMFhYSUJiLVNNYUNSOElpVV9TV3lrYTktZHIzcmFMUXZKdnpIVVdCVENjSEhrTnFCYUV6dEE?oc=5,"Thu, 23 Jul 2026 07:00:00 GMT",2026-09-23T09:29:45+09:00
GoogleNews:買い物　調査,買い物　調査,Amazon、「プライムデー」の開催に向けた「今夏のお買い物に関する意識・実態調査」を実施。「ストック」「クオリティ」「リフレッシュ」がこの夏の消費の3大ポイント | アマゾンジャパン合同会社のプレスリリース - PR TIMES,https://news.google.com/rss/articles/CBMiakFVX3lxTE8yb2lTNjdJUFV1bXg2WDliZ0ZncUJkZWFFYXBQOWhMWlFxazlyenk2dE9MMFhGcW41dHZHR0liY3pyQjJCZUoyOUhHcDM2eGFTZjNBZkVZWU9RSy1ER05TV2VZbEozV0xGVkE?oc=5,"Tue, 16 Jun 2026 07:00:00 GMT",2026-09-23T09:29:45+09:00
GoogleNews:買い物　調査,買い物　調査,共働き夫婦の4割に秘密の買い物経験あり。金額が高いほど、喧嘩も多いと判明。パートナーとお金に関する話ができている夫婦は、関係満足度92%に【500名調査】 | 株式会社Hajimariのプレスリリース - PR TIMES,https://news.google.com/rss/articles/CBMiakFVX3lxTE9Cd295R1RMU0duNXZSMEZZcnA0RFEyTGFwQ0F4U0lqc05rV0YtTW1DY213YlJveTFiX1cxdVhfTjhrTUJKQnJXWW9mWVdCdmJWVlh0VHBDQzJZbEpDbHJKT3FlSXdRUE1fU2c?oc=5,"Mon, 11 May 2026 07:00:00 GMT",2026-09-23T09:29:45+09:00
GoogleNews:買い物　調査,買い物　調査,ボーナス時の買い物に関する意識調査、4人に1人が貯金割合を増やす傾向に―創作品モールあるる調べ - コマースピック,https://news.google.com/rss/articles/CBMiVkFVX3lxTFBweGFmTzlpSnJxZkY3SVZDRDd3VjhkYXNlM043RF9wemdNMmE2bV9aSUNjOGQ5S3p0b1R2ekJyYXV4bWw4X0hqRi1vdGxKZ09fak5PSXFn?oc=5,"Fri, 26 Jun 2026 07:00:00 GMT",2026-09-23T09:29:45+09:00
GoogleNews:買い物　調査,買い物　調査,年末年始の買い物情報は「店頭POP・店内表示」が最多、全世代で上位に―アルファ調査 - コマースピック,https://news.google.com/rss/articles/CBMiV0FVX3lxTE02MFplR2NUUjFjdkw2dmdXVy1rNzBfS3ZyNWo2UWxiOEc5eUItcUxSVnE3dUhEX2dMSkF5VWVkWXlrd21xWC1udmxvRUFkT1g4cFVGTEhFRQ?oc=5,"Fri, 21 Aug 2026 01:53:21 GMT",2026-09-23T09:29:45+09:00
GoogleNews:買い物　調査,買い物　調査,「買い物でAI利用」25% 時短や納得感向上 民間調査 - 日本経済新聞,https://news.google.com/rss/articles/CBMibEFVX3lxTE9TZzlxZEMtaENaUEh5WjY5ejJ0a0h3Ql81UGVmZ0VuTXctLUF5cjdtTDdjRDJEbkQ4blVyUFhBUlZZV1U3OE1VMzhfODh3dm5WVENCOXI2QlFuUWNxTjJlMXY4dzgtMFNzREhfdg?oc=5,"Thu, 11 Jun 2026 07:00:00 GMT",2026-09-23T09:29:45+09:00
GoogleNews:買い物　調査,買い物　調査,「生成AIの回答、口コミより信頼できる」 買い物の情報源として……博報堂調査 - ITmedia,https://news.google.com/rss/articles/CBMibEFVX3lxTE1jeGVlV3FUZmlkakhkVlowTUIzckFSTjdPTmJCNTd3c09CemsteHFGMERsREJUNDc3S1Nvc2dORVlvVU5sMjNmNzE0SjlGa1hhdi1DamtvNUZlZjBhWktGX2RtRFk0ZkFwSkU4Sg?oc=5,"Tue, 02 Jun 2026 07:00:00 GMT",2026-09-23T09:29:45+09:00
GoogleNews:買い物　調査,買い物　調査,【買い物のタイパ調査】「遠い」けど「安い」スーパー、足を運ぶ人が7割から4割に減る境界線とは？ - 千葉テレビ放送,https://news.google.com/rss/articles/CBMiX0FVX3lxTE5tbGJNbl9TTU5XVy05Y2dneUxnSU5EVmxwY3d4VGxYV1BpRWx5eGNqRTJRQmg1TDBFUTNZVkxJMGwxeE5Ma0hGVFlfZ2stMEd6QWhlSGJkWmY4LTJ2aDhN?oc=5,"Wed, 02 Sep 2026 07:00:00 GMT",2026-09-23T09:29:45+09:00
GoogleNews:買い物　調査,買い物　調査,「あなたはAIエージェントに買い物を任せたいですか」 Visaが調査--消費者の回答は - japan.cnet.com,https://news.google.com/rss/articles/CBMiUkFVX3lxTFB2OGxrNnZiSGZqWXhXQUdMOWd6TFhqUjFVRXN1ZW8zekJWc2tNYkhJcHlFR3pLSUV4a0pHUnhUM05fOE5QMWNGampaSHY4QXIyV1E?oc=5,"Mon, 17 Aug 2026 07:00:00 GMT",2026-09-23T09:29:45+09:00
GoogleNews:買い物　調査,買い物　調査,生成AI利用者の約7割が買い物で活用、生成AIで調べた・おすすめされた商品やサービスを実際に購買した経験があるのは、うち約6割（エクスクリエ調べ） | 株式会社クロス・マーケティンググループのプレスリリース - PR TIMES,https://news.google.com/rss/articles/CBMiakFVX3lxTE1FWUJiXzBKV1RGLVQ2eDBwXzc2cUhaajB3SHRfeUIwY0l5OVZGU1IyV2FIcWxFQmNnNy1qTXh5YzdxNUppZVFZTlNlTGFLWUpNUmNLZFlUU3U3TU1XXzRrb2QxRVZhSFRTUkE?oc=5,"Fri, 15 May 2026 07:00:00 GMT",2026-09-23T09:29:45+09:00
GoogleNews:買い物　調査,買い物　調査,博報堂生活総合研究所 写真調査サイト『生活図鑑』第七弾となる「買い物」カテゴリーを公開 - PR TIMES,https://news.google.com/rss/articles/CBMiakFVX3lxTE5EeC1GV1p6QUlrdmk4VkF4NlBBQkMwZlV2QVBNYzVDWXByNms1TEZjb044U0tLUFhrWHN6UDQ1SkIwLUg2S1g4c0F6U2FtUG1Ic0ZDY2lVbW9RdWQtWmx3SVZmdUVIOUJwcGc?oc=5,"Thu, 02 Jul 2026 07:00:00 GMT",2026-09-23T09:29:45+09:00
GoogleNews:買い物　調査,買い物　調査,生成AI活用で「買物時間は短くなり納得感が高まる」。買物情報源としての信頼は「生成AIの回答」が51.7% - Yahoo!ニュース,https://news.google.com/rss/articles/CBMif0FVX3lxTE5PRUhIYVJHczd0SHdFbWNsUmtseDdNWkxqTGhxNWF1LTVoYzl0bnRqa1diTE1mNWtNZHZBcEtpMTNSQ1Q4UWVWZHZsMFJiUUJYcElxbnZuREFfVXlGdmlzV1FNcDU3ZHVKbU0yUzVEMl9qSzY2QUpSVUs0bl9qZzA?oc=5,"Thu, 25 Jun 2026 07:00:00 GMT",2026-09-23T09:29:45+09:00
GoogleNews:買い物　調査,買い物　調査,生成AI利用者の約7割が買い物で活用！生成AIで調べた・おすすめされた商品やサービスを実際に購買した経験があるのは、うち約6割【エクスクリエ調査】 - 株式会社ヴァリューズ,https://news.google.com/rss/articles/CBMiV0FVX3lxTE82dTdxRGRTd3RqWUtDdWRxdHphZXFwQTFnNHAwQ3Q1MDBLWkpDMmFrMWJtU1p3UXE0bmlnckdIZFdKTWc0ek1kZDc3dFlMMmtfSDFnYUhsUQ?oc=5,"Tue, 19 May 2026 07:00:00 GMT",2026-09-23T09:29:45+09:00
GoogleNews:買い物　調査,買い物　調査,AIに買い物相談する人は4割 50代は検索よりAI重視、タイパ実感75％ - xtrend.nikkei.com,https://news.google.com/rss/articles/CBMiZkFVX3lxTFBOQjNaZVdPRS1FMHFibVM0bVRQRkQ2emdQM0MwMlJhOERGSWh3MW9rUGVrOGpZVEJqYktqZ3U1bnZVSktRaUlkUktIT2ktallsMmt0TDRDQkQ5VUloSXNLQUNnYklBZw?oc=5,"Fri, 31 Jul 2026 07:00:00 GMT",2026-09-23T09:29:45+09:00
GoogleNews:買い物　調査,買い物　調査,IBM–NRF調査：AIが買い物の前段階で消費者の意思決定に影響を与える中、ブランドと小売業者は新たな現実への対応を迫られている - PR TIMES,https://news.google.com/rss/articles/CBMiakFVX3lxTFBZVGZSaTY5RjRuTDBlLUhwcVJZSDM0QnJmT0xueXhFYWpBR25rc1R3NmJCYkE0dEpRWW1iWXFCNW5EbW1DZ2pvb3J1RFNGZXE1SkhCeUpjVnd2VGRNMGktaG0zaTJYaTFvTkE?oc=5,"Mon, 25 May 2026 07:00:00 GMT",2026-09-23T09:29:45+09:00
GoogleNews:買い物　調査,買い物　調査,300万人のレシートデータから見る「買い物動向」調査 4月、全国・地方別のアイス売れ筋ランキング - global.toshiba,https://news.google.com/rss/articles/CBMipwFBVV95cUxPb1hFU3d0TVdOOVlKdFVFRGVpNFp4N0tPQjNFT2lVMzE2ZlBKb19rOF9fSUtHV0NDLWtTMUJMNUZ5aGRyYWRzUHBQM0o1dWxvRkdUWEtXU3ktbFBFNDdWTnU2ajd0RnBPaGlicU1icWNLTVJnZ0F3M002dVh2Um5Qdk90OXVGRDdTUWdvMVZ0UjdPODRpUTZLS1dHZXBfXzVqOFFOQVV5Zw?oc=5,"Fri, 22 May 2026 07:00:00 GMT",2026-09-23T09:29:45+09:00
GoogleNews:買い物　調査,買い物　調査,【2026年 買い物に関する実態調査】 店舗選びの新常識。「安さ・近さ」から「タイパ・体験」の時代へ - PR TIMES,https://news.google.com/rss/articles/CBMiakFVX3lxTFAzVFZFWGpmdGE0Q1dYUWNtSC1LbG5HZDVyRjFCTlhsbTUtYlZhelBVVXMxRll3c3ZVQWw3VnFnZl9rVmh4M2szVG9VWjg4UEpGelZkbUNkeXh0aUxaTlZscFd0TWRnWG5Qc2c?oc=5,"Fri, 24 Apr 2026 07:00:00 GMT",2026-09-23T09:29:45+09:00
GoogleNews:買い物　調査,買い物　調査,「節約しながらもワクワクしたい」 2026年夏、消費者のお買い物意識をアマゾンジャパンが調査：commercezine - MarkeZine,https://news.google.com/rss/articles/CBMiT0FVX3lxTE5NU1NKc1M3Uy01NENwRUt3U1p2UUJxVEtrbVhQODY3aGJTaGV4WTRzeWdULXVuNUtvMGF2ODRseC1SdGJfbWE0eUpYbDBzMm8?oc=5,"Wed, 17 Jun 2026 07:00:00 GMT",2026-09-23T09:29:45+09:00
GoogleNews:買い物　調査,買い物　調査,【エージェンティック・コマース】オンラインの買い物、AIにどこまで委ねる? 購入判断から決済まで完全に任せられると回答した人の割合は - Visa調査 - マイナビニュース,https://news.google.com/rss/articles/CBMiXEFVX3lxTE9KSkJINWJQTlduZUR4Q0Jtemc4WVZkT0hoX1pYQzEwTVhZdHRaLTNMaUdOdXBHb3QyZWxOV0FBYlFfclBkREYxZ1NlR1FxS0YzQlZlT0tBcjRoY1RT?oc=5,"Mon, 17 Aug 2026 07:00:00 GMT",2026-09-23T09:29:45+09:00
GoogleNews:買い物　調査,買い物　調査,「生成AI利用者」約7割が買い物で活用、うち約6割が購入 エクスクリエ調査 - ECのミカタ,https://news.google.com/rss/articles/CBMiWkFVX3lxTE9nVG13UnVqS2dtZ3Z5MjliYVQtb1ozZEU0NERzcWVSUlpmTTc2V2pzcUJEU0tyRGZUSVl3R0xCeS1BNXhET3plYzBBM1RBeTRzRW1QMlZ3X1ZQQQ?oc=5,"Thu, 21 May 2026 07:00:00 GMT",2026-09-23T09:29:45+09:00
GoogleNews:買い物　調査,買い物　調査,AI時代の買い物、約5割がAIで選んだ商品で「後悔・失敗」を経験 約9割がAI活用後さらに情報収集 - AMP[アンプ],https://news.google.com/rss/articles/CBMiVkFVX3lxTE9xZTFuZDIxYXM5ZnM0Nko2X0lLbFZQSjBjbE5Ib0ZhTUkyNTZKU2VNUk1ha0V2MjI1UWM0aFFmZ056NFZSaGRveTdnaW9yTENwc1U2R1ln?oc=5,"Tue, 05 May 2026 07:00:00 GMT",2026-09-23T09:29:45+09:00
GoogleNews:買い物　調査,買い物　調査,AIで買い物する人の68%が抱える不安。「信頼税」がブランドを蝕みはじめた - TABI LABO,https://news.google.com/rss/articles/CBMiX0FVX3lxTE8yN1BEdGtzZlpkOWw4REotZVZiRTdZSUktZHI3cmN5emxrbGhWNFJ3SnRIanM1alpCZGNFQXlfTmItUi1SM25YbERvNW5EWnAzd2FtUjUwUGFLRU9xRWdN?oc=5,"Tue, 21 Jul 2026 07:00:00 GMT",2026-09-23T09:29:45+09:00
GoogleNews:買い物　調査,買い物　調査,生成AI別の買い物相談回答を比較調査、ラクサス・テクノロジーズがブランドバッグに関する提案傾向を分析 - コマースピック,https://news.google.com/rss/articles/CBMiVkFVX3lxTFB6U1g0TFNOX2MtYV9LS0ZCb3BVN1hGRTF0QVBoeHpkWkhSOWRBeURQbmNPdTRiamd6ZUhYVmdUZlZSM20tdlNNSXMtWnhvTzY1RFpJSEl3?oc=5,"Tue, 14 Jul 2026 07:00:00 GMT",2026-09-23T09:29:45+09:00
GoogleNews:買い物　調査,買い物　調査,300万人のレシートデータから見る「買い物動向」調査 2025年度売れ筋ランキング - global.toshiba,https://news.google.com/rss/articles/CBMipwFBVV95cUxNUzFaYnBKNjBQcWYyUlljRzc3U1NhNi1DcTdEZVZidS1iSVRUOC0xbzlsSExWZzBKSmt4azJfbFNzWmp0OW90a1k3V3RZYVFncUJzZkFDbDBoNGtZdHRRdUJVV193ejg5MDJ1Uy1IRmpvVEFxNUZzV0pRY2VYd1loOTc5TjF5bHlKTnFVM2dJbDF6SjFpUDBqRlQxSlpURklEbWJZYV9GMA?oc=5,"Tue, 28 Apr 2026 07:00:00 GMT",2026-09-23T09:29:45+09:00
GoogleNews:買い物　調査,買い物　調査,DHL調査:5年以内にAIが買い物を代行する時代へ、消費者の29%が容認姿勢を示す - コマースピック,https://news.google.com/rss/articles/CBMiVkFVX3lxTFB5Q1RROUpvb0JUZzQ0ZkZFZUY3S282blhLYkVDWGZwT3RzMjgxUW5oekRYVURTdjVTa1NsWDdJUnZpRDdoRkMtNXVDbEloeDRCNHdna3Vn?oc=5,"Fri, 12 Jun 2026 07:00:00 GMT",2026-09-23T09:29:45+09:00
GoogleNews:買い物　調査,買い物　調査,【深夜の買い物に関する実態調査】深夜1時は「理性がログアウト」する魔の時間帯。24kgの漂白剤、3kgの牡蠣…「スケール感の麻痺」が招く悲劇とは？ | 株式会社HADOのプレスリリース - PR TIMES,https://news.google.com/rss/articles/CBMiakFVX3lxTFBkUmhCblV0anQtay1GLUJSY19hUXFKcVJ1bWRfMm1YMUNBTzgxcG9vOFJaOGxoa1VBeUtCSFJnc2IycjBJc1Eza2JiNzhSMEpBdzU4WkFUclFDTDdZNDk4VnRVYjh6OFFEVEE?oc=5,"Tue, 07 Apr 2026 07:00:00 GMT",2026-09-23T09:29:45+09:00
GoogleNews:買い物　調査,買い物　調査,大人気「ハンズマン」関西人は何を買う？商品数は28万超！驚異の品揃え 年間売り上げ“約348億円”のホームセンターで買い物調査 - TVer,https://news.google.com/rss/articles/CBMiS0FVX3lxTE1PeGlza1VhTEhtM3lMQTBqS2hKNlQwV293a1Vfc3BmTXp0b1VaQXBDSDNLZXUxalRNLXpDemxYeTRYWktwY21JM080aw?oc=5,"Wed, 15 Jul 2026 03:36:05 GMT",2026-09-23T09:29:45+09:00
GoogleNews:買い物　調査,買い物　調査,AI が“買い物”を代行する時代へ Stripe、エージェンティック コマースへの対応準備に関する調査を実施 - PR TIMES,https://news.google.com/rss/articles/CBMiakFVX3lxTE0zMEF1SXIyUGpudlN5a1ZiSGxBRnJYeWhQVTR1eWJIR0lkc3hzcXl6SV9NUHBHdVV0ZUtMcENnVXRJYXhucjl5OUxBZG5fWmNYSkp4LUw1aGRLTkI4a3hJemw4aUF3bDFCYWc?oc=5,"Wed, 15 Apr 2026 07:00:00 GMT",2026-09-23T09:29:45+09:00
GoogleNews:買い物　調査,買い物　調査,「Amazonプライムデー」先行セール開幕 Apple製品も登場 特別価格で販売【きょうから3日間開催】 - オリコンニュース,https://news.google.com/rss/articles/CBMiWkFVX3lxTE1Vam54MGxtUFlUWTg5dFNaVHZ5MEFqOEl2bnJiT2pUZGJ3OXZaUldYajNlYmxiZzg3bHNfZ01qc1BYN1BDRWhHRmoxVWhhZHFOV3BIbjJhQkk5QQ?oc=5,"Tue, 07 Jul 2026 07:00:00 GMT",2026-09-23T09:29:45+09:00
GoogleNews:買い物　調査,買い物　調査,AI時代の新消費モデルは「AICAS」 500人独自調査に見る購買行動の変化 - xtrend.nikkei.com,https://news.google.com/rss/articles/CBMiZkFVX3lxTE9OS1ZlU3luRy1zVVJ0ME1tSHlwbHI3NjRfOVdZUGNtWHdxSnljRmxOQ195WDdPZHozNGlLMTZkNzkwaGpESlp1QzNGMGhHSzR3YTRwSGxkd281ZndnSWtEZkw2NHBIUQ?oc=5,"Fri, 10 Apr 2026 07:00:00 GMT",2026-09-23T09:29:45+09:00
GoogleNews:買い物　調査,買い物　調査,インパクトフィールド、2026年買い物実態調査を実施「タイパ」と「感情価値」重視にシフト - コマースピック,https://news.google.com/rss/articles/CBMiVkFVX3lxTE1WdzN4LVE4ZDZnZnlkeWstS2w2MDZsMFNJT0RfdUVCOFlzTTRMOFBKNm9fTFFSd1J6a2dYa1BZYTlmWjN4Z3RsSlU1LS1ZVklDNko3UXpn?oc=5,"Fri, 24 Apr 2026 07:00:00 GMT",2026-09-23T09:29:45+09:00
GoogleNews:買い物　調査,買い物　調査,【AI消費トレンド2026】買い物相談が前年比6.4倍 - aainc.co.jp,https://news.google.com/rss/articles/CBMiXEFVX3lxTE5LaHJRQ2c4ZjV5b1NGUXB2enBoNWM0T3Q1RDJpclZBZEhmSldUNlhlcmxaQkZyMk9TUV9GV2Z1M3Z5a1RNRm1Pdk9hZVEteG9oV2QxOHlhQmpiZnpl?oc=5,"Thu, 02 Apr 2026 07:00:00 GMT",2026-09-23T09:29:45+09:00
GoogleNews:買い物　調査,買い物　調査,地球に優しい買い物って？ 金沢市と金大生連携 SDGs催し フォーラス きょうまで意識調査やPR活動 - chunichi.co.jp,https://news.google.com/rss/articles/CBMiVEFVX3lxTFBudU9QYWdUdmRReWVHOFRFVS1sbGNjTjBkYjZYeEpNSTdSSENsc296a2VFb0Y1Uk8yRGl6VmNFQ2JRTjNpYUlocGRRX1VtNHRDQ1ZmSQ?oc=5,"Sun, 26 Apr 2026 07:00:00 GMT",2026-09-23T09:29:45+09:00
GoogleNews:買い物　調査,買い物　調査,買い物は「コスパ」、家事は「タイパ」、休息は「メンパ」を重視 日本インフォメーション調査 - ECのミカタ,https://news.google.com/rss/articles/CBMiWkFVX3lxTFAxY012cE1JVThvRUpEUUdnZC1namlsaVdVelZmZENGVXFBMF8ya0RhRDVYb1JiNEYtZXlIOUNpdVZ5UklSb282VzMweGVrQTNUZjBPV3JjUjVvdw?oc=5,"Wed, 01 Apr 2026 07:00:00 GMT",2026-09-23T09:29:45+09:00
GoogleNews:買い物　調査,買い物　調査,290万人のレシートデータから見る「買い物動向」調査 2024年～2025年の買い物市場を読み解く - global.toshiba,https://news.google.com/rss/articles/CBMipwFBVV95cUxOX194WHRoelBFNGZraHdQTlhTTTBJRk5EWGFxdDdKNXNZSEYtMVpCYVJjakdwdi1BLWNLLTFsdUVTdE9CV21OLWIyT2xVSmlmNGdOWVkyTVdSQmZmV05pQkpSOEs3YXE1a0kwYTlZcU84RlgzVkxzd2xUakZtWE9wXzhyUGxOWG1QZFFsYkdCSFNFT3c5S21EWTBXVTZWenZjOEdUMEViOA?oc=5,"Mon, 23 Mar 2026 07:00:00 GMT",2026-09-23T09:29:45+09:00
GoogleNews:買い物　調査,買い物　調査,買い物・ショッピングに関する実態・意識調査（2025年7月定点ココロスタイルリサーチ） - クロス・マーケティング,https://news.google.com/rss/articles/CBMiW0FVX3lxTE1PTlFvUTd0Z242UG5nQkFxQVdpR3dTLUxQMUNZOURPaTZkUmd6R2RKckJSX3BBR3ZlQ1VTYm1zby1JZVpvbEJkaXZvUWJ1bHY5TkZxbWp2SHFEQU0?oc=5,"Wed, 23 Jul 2025 07:00:00 GMT",2026-09-23T09:29:45+09:00
GoogleNews:買い物　調査,買い物　調査,Z世代の2025年買い物調査、「ファッション」「推し活・エンタメ」が上位に - PR TIMES,https://news.google.com/rss/articles/CBMiakFVX3lxTE5qQXloMEhYMzdsZC1hQUt4Ymc3OENQUlBja1lIelJEUkJJXzVxSV9DTi1MZlJROFk3VTBoRUdlTFBocHFHOTdTNVZOQXFIcEdta2p4T2htYm9HcGNCQ0trWFJueUJYeEkyZmc?oc=5,"Tue, 23 Dec 2025 08:00:00 GMT",2026-09-23T09:29:45+09:00
GoogleNews:買い物　調査,買い物　調査,【マイベスト｜買い物のストレス・選択疲れに関する調査】61.3%が買い物で迷い・不安を実感。情報過多による“選択疲れ”がメンタルに影響。新価値観「メンパ」を意識した買い物が重要。 - PR TIMES,https://news.google.com/rss/articles/CBMiakFVX3lxTE1mcTVmOW5RRExmcHlvaVJYNS1GYnhWckVXaklWcTRLNEU5Q3drMEl6MF9ud3ZiLW5FVGtvaFk5TEx1T2VWX1FGTHY5RnZWRGZ4azN2OHAwVnZhREk0elp3S0Q4VHVfODM4Nnc?oc=5,"Thu, 05 Mar 2026 08:00:00 GMT",2026-09-23T09:29:45+09:00
GoogleNews:買い物　調査,買い物　調査,290万人のレシートデータから見る「買い物動向」調査 1月、全国・地方別のキャンディ売れ筋ランキング - global.toshiba,https://news.google.com/rss/articles/CBMipwFBVV95cUxOQTdhTnltY1pmY3liYW5jenJ0cU9XZDdPN3JVN2lPUFR2MWYwc1JQNGdGTWtYMEx2X19rSHNURV9BSjZhVzZKOTdqLVA3UkNGWkM2U0xYaEpQTUVUMERwQ0YzTjhYVGR5SGJJVGgzSERCRDkyMnc2d3JoZk93WlBfNGJYNjFmdDU3MllBMUswLU15ajhWdTh1UGtUR3YwU2VaX2J2RHpYQQ?oc=5,"Wed, 25 Feb 2026 08:00:00 GMT",2026-09-23T09:29:45+09:00
GoogleNews:買い物　調査,買い物　調査,日本の購買行動調査―購買行動から読み解く生活者の類型 - PwC,https://news.google.com/rss/articles/CBMikAFBVV95cUxNUk1IUFVhWk5FdENMM04yYzJ3N0FzaVdhX1VPUVpOVzcyUXhpTXdBNmhTeGZDcFplOFd0TURiODVuU2cxb1pmaVQ3WXB3YVFYWkFYRW1kNVVMa1hXd3pydDYxOWRPUjRBYzQ5OXAyaTZRQ0VPVjJPLXpGajl1RTJOejU5UFdScEZOY0ZiWldzcHg?oc=5,"Tue, 26 Aug 2025 07:00:00 GMT",2026-09-23T09:29:45+09:00
GoogleNews:買い物　調査,買い物　調査,応援購入サービス「Makuake」サポーター調査から紐解く、ECにおけるお買い物の新たな価値観「楽しみとしての購買」とは？ 〜「こんなものが欲しかった！」という出会いと作り手・ストーリーへの共感から生まれる、「作業」ではないお買い物体験の実態を解説〜 | 株式会社マクア - makuake.co.jp,https://news.google.com/rss/articles/CBMiRkFVX3lxTFBKVXR5OWU1dmpBc2hTMDNSdUkyOW1lS2dldVh1eTFsMVozOEtBVjQyczRqaU1zVHZGV2dfSlN0QkswbXlMNlE?oc=5,"Fri, 06 Feb 2026 08:00:00 GMT",2026-09-23T09:29:45+09:00
GoogleNews:買い物　調査,買い物　調査,280万人のレシートデータから見る「買い物動向」調査 12月、全国・地方別の味噌売れ筋ランキング - global.toshiba,https://news.google.com/rss/articles/CBMipwFBVV95cUxObzdXRlVKazBoUFc5TGhjS2Rab2J2bTF0MllnM3hsejYyS3dDWHJzaGJVd0RVS3pXUS1FamxNZTNuUkpFQ2NDSElmaVlYVnBocXFSNms3OHBwSVo3Q2ludTkwNmRNbE1OdG5OWGpXUkM2S2hHb2lQcDdVOUJXU1dSUHRna1RDdWhXMzdBR2VxNUFpQU1WdllvOXNVVjFXYjBrWnNLODZaUQ?oc=5,"Thu, 29 Jan 2026 08:00:00 GMT",2026-09-23T09:29:45+09:00
GoogleNews:テクノロジー　健康,テクノロジー　健康,働き方×AI×アロマ NECがテクノロジーで拓く健康経営の未来: NEC Stories - NEC,https://news.google.com/rss/articles/CBMiXEFVX3lxTE92ZFZucHo4b1FpRzI5VzB3b3lnT0JjazlCX1pjVG1DN2RsTGJ1WlpMMDFmVFlnMGZVZ2FUdVdVbVp2WS1sMnZQR09DdlhqaDBidVh5UGphX0JrRVBF?oc=5,"Tue, 04 Aug 2026 07:00:00 GMT",2026-09-23T09:29:47+09:00
GoogleNews:テクノロジー　健康,テクノロジー　健康,健康経営 : 企業情報 - NEC,https://news.google.com/rss/articles/CBMib0FVX3lxTFBYTEdhd3RUODZvbFJsX3o3b1BUYTkyMnVqX3BTeFJFamphUWpyU2U1cHZ0SEthYk5WQ0hrVEdYQWZlRURfOFRPUmd2VHRkVmh5Z1JpdXFmWVpTdzJIX08tLXhEdFZ1anRuWDE5SXVJQQ?oc=5,"Thu, 17 Sep 2026 11:48:50 GMT",2026-09-23T09:29:47+09:00
GoogleNews:テクノロジー　健康,テクノロジー　健康,食事・栄養を解析する健康管理アプリ「カロミル」を提供するライフログテクノロジー株式会社を完全子会社化 - 共同通信PRワイヤー,https://news.google.com/rss/articles/CBMiW0FVX3lxTE52SGlCS3E1aGF5MTFqSkRxTGtpUFFVQzlnYzlRMVd6dktYdW1xVEZBdFRZaE1scTM5VmN6VmFjdzNUblc5VGl3ZkxSRmZweTUzNWlIdUpNRDNya1E?oc=5,"Tue, 16 Jun 2026 07:00:00 GMT",2026-09-23T09:29:47+09:00
GoogleNews:テクノロジー　健康,テクノロジー　健康,健康への取り組み - DXC Technology,https://news.google.com/rss/articles/CBMiWEFVX3lxTFBYMElGejdmNVN2ak16S0VxZHlSazNCdy14S2ViS0hVT01HSXJWUE5qSkxzcTVkdEFhc2FzT2Z4SFZJU0ExZHlBRmFqYkdmdkJqYUdJVDZTWmg?oc=5,"Wed, 10 Dec 2025 10:32:39 GMT",2026-09-23T09:29:47+09:00
GoogleNews:テクノロジー　健康,テクノロジー　健康,パナソニックがAIで挑む介護予防 「デジタル同居」で健康寿命を延ばす - Sustainable Brands Japan,https://news.google.com/rss/articles/CBMiWkFVX3lxTFByb0J5M2MtZjNHWVdmQ1NKY0ZVSXNTUENDRC1QTkRKR1JxazlCX2JidGhiOEh5czFIdFFncGppRGFtcVlOYTFsaXlLN29kMnA5SGJwV2tBdjI4Zw?oc=5,"Wed, 10 Jun 2026 23:29:03 GMT",2026-09-23T09:29:47+09:00
GoogleNews:テクノロジー　健康,テクノロジー　健康,テクノロジーで“健康寿命”を伸ばすAgeTechの最前線 米国で関心が高まる - Forbes JAPAN,https://news.google.com/rss/articles/CBMiWEFVX3lxTE8wNE1qZVB4b2xhSzFVLWMyRUtBUWxiNlNLMDFMZ1FNVk5xVThYdkk0WjB1RTMwWTdPY1E0RW85MXI1ZTB0S3lTaC1DdjVYVEtBaHloT0k0aXE?oc=5,"Thu, 15 Jan 2026 08:00:00 GMT",2026-09-23T09:29:47+09:00
GoogleNews:テクノロジー　健康,テクノロジー　健康,“ヒト×保険×テクノロジー”健康診断書・人間ドック結果のデータ化を実現「スマートOCR：SDクラウド健康診断書パック」を提供開始 - PR TIMES,https://news.google.com/rss/articles/CBMiakFVX3lxTE9jT3pVWlNOb1BrWmRaeFU4RWFubHVFUUlBNWQwU20zc21NZlFyR1VVVWRKLXR5bkdab29EU1AyT2I5dUd1QXNlSGFneHg3NWVxNFVpYkYza01GVUMzYkt4YVdMMjJyZUJUX3c?oc=5,"Tue, 17 Mar 2026 07:00:00 GMT",2026-09-23T09:29:47+09:00
GoogleNews:テクノロジー　健康,テクノロジー　健康,「共創が拓く 健康・医療・介護の未来〜人とテクノロジーが築く安心社会〜」をテーマに国際モダンホスピタルショウ2026が3日間開催 - インナビネット,https://news.google.com/rss/articles/CBMib0FVX3lxTE5vQWZDaF93aHV2cm1PeU41UUhTODZlcEI4cWd5MHJZNFZyZzN5dGlGM2ZieGRXRnl6X2htVms1ODNxUnVxSUhXamZfSm1aQVdqa1JkSDl3WFUwREFmU3JBS1E5M0JBd2dBbkRNNk11NA?oc=5,"Tue, 14 Jul 2026 07:00:00 GMT",2026-09-23T09:29:47+09:00
GoogleNews:テクノロジー　健康,テクノロジー　健康,【おおいた学生ビジネスプランコンテスト2025】おおいたから世界へAI睡眠テクノロジーで挑む未来の健康革命 - city.oita.oita.jp,https://news.google.com/rss/articles/CBMingFBVV95cUxQT1h4cllUcXRldTNTTm1lSHJ4QXNnT05JOUtyS1RVYVRHMmtyaTB0Y1Z0a095VHpaQ2g0bVN1a25feGdkUnU1Y3NTVmZDVEE3eHZMcmd2Q3RBNzdHS1piTlozaUE0RGl3bHBjV0ZCeERncFNkR2lEY1ZHRXhxNXVxUjFuamI0Z2dCZzdvX2tPeUR6VmpxTVVjcmp0Y084UQ?oc=5,"Wed, 15 Apr 2026 07:00:00 GMT",2026-09-23T09:29:47+09:00
GoogleNews:テクノロジー　健康,テクノロジー　健康,食事データ×ウェアラブルデータで、 健康行動を価値化する新たなウェルネス体験へ ピクセラ、健康管理アプリ「カロミル」を展開する ライフログテクノロジーと共創に向けた取り... - アットプレス,https://news.google.com/rss/articles/CBMiTkFVX3lxTE5BZkRVbGpERmpDYW53SnpVblF2SXlYWHZKZ2pockw0a0x6c05BT1piRFY3Rno4WmJGZnp3TFV0RWF4TGt2cUt2ODVlU1VoZw?oc=5,"Fri, 08 May 2026 07:00:00 GMT",2026-09-23T09:29:47+09:00
GoogleNews:テクノロジー　健康,テクノロジー　健康,【締切5/13】「2026年度横浜市トライアル助成金」～健康・医療分野、バイオテクノロジーを基盤とする環境・エネルギー分野の研究成果・アイデアの実用化を支援 - スタートアップポートヨコハマ,https://news.google.com/rss/articles/CBMiZ0FVX3lxTFBpd0YtU09ZQ3NrSGNRbjhYaTNCcjRFQ2RrTVh3SUdINjhoZDJINF93aGFqSTFCWEZUTzMzZmJ6REFhU3gyQU5GbVBNLWZFUEZwZU40M0cwLW5hUUQ0LWxhWGtyTl9KN0E?oc=5,"Fri, 08 May 2026 07:00:00 GMT",2026-09-23T09:29:47+09:00
GoogleNews:テクノロジー　健康,テクノロジー　健康,つくば市民の市民の皆様の健康寿命延伸や生活習慣病予防を目指しPHRデータを活用した商品提案・健康支援による食生活改善の実証事業を実施 | アルフレッサ ホールディングス株式会社のプレスリリース - PR TIMES,https://news.google.com/rss/articles/CBMiakFVX3lxTE9wSHpPZ0NGTEJUbzRwUUhRd044eFU5WlNqZno3QzMxQ0VjZGVSb0xFb1dzMTBuZ0hncmlzVWx3MkhaVm92NTUwU1A4YmdmbDR3M0xib3hkeEZGSF92clNaWUdQQjlHS3V6bWc?oc=5,"Fri, 21 Aug 2026 07:00:00 GMT",2026-09-23T09:29:47+09:00
GoogleNews:テクノロジー　健康,テクノロジー　健康,教育テクノロジー企業の株式会社ビルディット、健康経営優良法人2026（中小規模法人部門）「ブライト500」に認定 - PR TIMES,https://news.google.com/rss/articles/CBMiakFVX3lxTE1mVEp1YXBMNmtKdjFhbW5qaUlYcVhvU1BQYVgweEdtbzB1VVNHR2w2NWNpVGNjNHRzWU9vakgwQ1RjWXg3U0ZmY2NRUHoxVmlVNUx0UUE3ampWZlUtMU9UYlJLekFWLVJ3SFE?oc=5,"Fri, 13 Mar 2026 07:00:00 GMT",2026-09-23T09:29:47+09:00
GoogleNews:テクノロジー　健康,テクノロジー　健康,2年連続「健康経営優良法人2026（大規模法人部門）」に認定 - PR TIMES,https://news.google.com/rss/articles/CBMiakFVX3lxTFBndDZFekZPbW9udm5YUmJ0V055M1pOdmdlTXgxVWpNaG5HYmQxVG1WWHp5RGVUWTJsZGwyUkRzV1BVb0tfOFU4NUszZ0FheWNhRERpVUx6Z29vRG5EVGd0U3ZJSUowUkk0MGc?oc=5,"Mon, 09 Mar 2026 07:00:00 GMT",2026-09-23T09:29:47+09:00
GoogleNews:テクノロジー　健康,テクノロジー　健康,カロミル×ぼんたぼんた、アンケート調査から生まれた“健康おにぎり”新商品を共同開発 - PR TIMES,https://news.google.com/rss/articles/CBMiakFVX3lxTE5IUnEzOHFIcXN2bE42WHptNERNbUhUTDlrWHVnM1BDdWlJTERFTzNtM0V3dFhDcHlySlB4VFNrQlBkUG5XU2RGbXVpWXBxcWZPVGYzWm5pVklMbUg1OWxGX3kwZlp1aXF3Wnc?oc=5,"Thu, 09 Jul 2026 07:00:00 GMT",2026-09-23T09:29:47+09:00
GoogleNews:テクノロジー　健康,テクノロジー　健康,喫食データ×生成AIでここまで見える多様化する 健康意識層の“リアルな食実態”と商品開発・マーケティング活用 - PR TIMES,https://news.google.com/rss/articles/CBMiakFVX3lxTFBYNUstWTFkbWh1dkFkZmZhRDFiYTF5bW91YjR5TUlXQUk1U2ZOQWZpNGt6U2lfbXFtSEFOVTVJLVRWa2dZRUJ4TTB2c0VMdVVwR0Z0eDRlSl9JeFdJZGRMQndwbzV4WUZhcGc?oc=5,"Thu, 04 Jun 2026 07:00:00 GMT",2026-09-23T09:29:47+09:00
GoogleNews:テクノロジー　健康,テクノロジー　健康,女性活躍推進テクノロジー協議会、新検定「WETC認定女性健康経営カウンセラー検定試験」をリリース - PR TIMES,https://news.google.com/rss/articles/CBMiakFVX3lxTE45ejJIb1RqSEx2X3A2NlZmWUdOeDVUdHNxSUw3TFptWEpvdjlRQlpEcDFCZWp5bjF1MVRsVngtbU5nRDhqNVRLTzl5ZTkwLWttdEtMMXc4WnJyWHFUbDY2Z1lCNmZyVGpaMHc?oc=5,"Fri, 14 Nov 2025 08:00:00 GMT",2026-09-23T09:29:47+09:00
GoogleNews:テクノロジー　健康,テクノロジー　健康,「米国を再び健康に」 ワクチン削減の保健副長官、 「老化逆転」 の野望を語る - MITテクノロジーレビュー,https://news.google.com/rss/articles/CBMitgFBVV95cUxQSms1bG05M0kwRXJPZXFrb3ZyTHRTTlFjMk5mYUIxWG55amJSY0NkNzhQZFpCWmlZUXpmRmtyandzcnIxSTNIS0ZtLTZoVWRMTVZ1STVyYXdRTGNPMk9nUkd5MzJmQVJzb0hiY2N2UGlNRU13Z25PcmNSNWNXOHhiM25SaTJMWmpocDdSc2pidTZ0MEh1ME9OREJsQTFPSkZFcnFSR1JiU3pkZE5Ea2pTX1pfWWdfQQ?oc=5,"Wed, 25 Feb 2026 08:00:00 GMT",2026-09-23T09:29:47+09:00
GoogleNews:テクノロジー　健康,テクノロジー　健康,健康に貢献する信念を胸に、新しいテクノロジーに挑む - otsuka.co.jp,https://news.google.com/rss/articles/CBMia0FVX3lxTFBNNGVZOW1tZXRxeFpUNVlvVFBOMkxWbWhtVjI4Sm12ZW5tRmptclhuWTRxVGhMclpKYV9RTV9mcjhxZEszNVFOSk8xdUxPZVk5RVEwSW5kdmlFNlAzTUpmMXBQdm95d2ZUaUUw?oc=5,"Tue, 04 Nov 2025 22:17:22 GMT",2026-09-23T09:29:47+09:00
GoogleNews:テクノロジー　健康,テクノロジー　健康,東京パワーテクノロジーが、スポーツ庁より「スポーツエールカンパニー」に認定 - PR TIMES,https://news.google.com/rss/articles/CBMiakFVX3lxTE5MWEZMRmFDZWVUUGtNN2NOQ256RlNkTmkzalZyRHFfQUV4emFmV1k5aHRRTldDcm9yNkVyTVdIY2lfM2NmaTllRU9oTU5JS2JjWW1uNm5jN0NPUl9FVk44R0lfUWh0ejFtOWc?oc=5,"Fri, 30 Jan 2026 08:00:00 GMT",2026-09-23T09:29:47+09:00
GoogleNews:テクノロジー　健康,テクノロジー　健康,ロベルテ、国際スポーツ科学・テクノロジー会議（ICSST 2026）に協賛 - 健康美容EXPO,https://news.google.com/rss/articles/CBMiaEFVX3lxTE80clFTMUZkWUtRbm52NEh1dWJEeFdsa3JIa3BLck41ZGhua29qRkkzWFlOT2gtZ3BheGpfNEJqSW9VckYySEhiRWxVM2s1b2Z5T0hfUkpSZUpTdHZFdTlkTmJPSGN2Q0k5?oc=5,"Wed, 20 May 2026 07:00:00 GMT",2026-09-23T09:29:47+09:00
GoogleNews:テクノロジー　健康,テクノロジー　健康,東京パワーテクノロジー、健康経営を経営戦略の柱に - PR TIMES,https://news.google.com/rss/articles/CBMiakFVX3lxTE41MkllQXBNNDZQM1JIZTJNWHEwNElKRnFQNElIcjNQdjBxS1N3Tmhsa2N4VVp4azNDSmc4NEJhV2pWWkx5WTdqRW0zemdFSEpKdUFHeUlQNWI0MC1JR2FFNFlscXVwVnFFeXc?oc=5,"Thu, 09 Oct 2025 07:00:00 GMT",2026-09-23T09:29:47+09:00
GoogleNews:テクノロジー　健康,テクノロジー　健康,働く女性の健康サポート フェムテック製品一堂に 月経、妊娠出産、更年期…健康課題をテクノロジーで解決 - 下野新聞社,https://news.google.com/rss/articles/CBMiW0FVX3lxTFBhcXpfU1JhM21pOVBObTc4V3dmc1JqZlZ6aHA2ajR6eWJoSnp4NzFQVTAtOVE1T3dOeDlTVi13Y3lDXzZHNlJpaWpuWmVIajBYcEZnOEVzSG1LOW8?oc=5,"Wed, 26 Nov 2025 08:00:00 GMT",2026-09-23T09:29:47+09:00
GoogleNews:テクノロジー　健康,テクノロジー　健康,スマートシティ×公共交通・都市DX・未来テクノロジー・人材育成・健康・自治体経営｜調布市70周年の寄稿も掲載──見逃せない最新トピックを一挙公開 - PR TIMES,https://news.google.com/rss/articles/CBMiakFVX3lxTE9sQTl5czhZN3lIX2lDRjdTR0VSWGxLZ0gtc3JMcnEwSmNvdGh5RFBZMzdjajVwcGd1VDl4V185dU5VcmRsckZTdncxVThhR0F4MTRVVkhZNDZiMGFTRkdqMTRWcDZiaXRNb3c?oc=5,"Fri, 05 Dec 2025 08:00:00 GMT",2026-09-23T09:29:47+09:00
GoogleNews:テクノロジー　健康,テクノロジー　健康,Flora、「第10回HRテクノロジー大賞」授賞式に出席 フェムテック×地方の挑戦に注目 - PR TIMES,https://news.google.com/rss/articles/CBMiakFVX3lxTE1JWUJKWmcxQm1QVEpsbXFIa0xUT3Vmdlp3SDNmUzJRSm1vSVR0RkdHbUhER0dhWVdEZkN6eG4temh1TmthVmhudmV6bnRIWUo1Zy1WZkoxcHkzOUxQdDVLcjdJZUg2cGdLQmc?oc=5,"Fri, 17 Oct 2025 07:00:00 GMT",2026-09-23T09:29:47+09:00
GoogleNews:テクノロジー　健康,テクノロジー　健康,アボットと、テクノロジー時代における積極的なヘルスケア。 - Vietnam.vn,https://news.google.com/rss/articles/CBMikgFBVV95cUxNQ0J5UzQ0SVpQaXpnVC1OZExYeGJ1YTgwTTNZQ2ZTSy10SXlVdDhhTHZFRmRpSkFaNmF5NHJla2FqV1h5TWVoWS1vY245b3g3WXo3dEpvRlJ3RmRhaWVVRXByRVBSZXh1Ym5fdF9mZmdhUFU0bGtnMFFkUmVSZ2lvZC1WNkFreHpWLV93ZkFwSHRyZw?oc=5,"Fri, 03 Apr 2026 07:00:00 GMT",2026-09-23T09:29:47+09:00
GoogleNews:テクノロジー　健康,テクノロジー　健康,『家事負担低減』や『美容・健康』の社会ニーズをうけ「Air Bubble Technology」搭載商品が累計 15 万台を突破 - PR TIMES,https://news.google.com/rss/articles/CBMiakFVX3lxTE1ZbXNNQlZLWVd1RGV4SGpJYjRLU0hvdWN3SlpkU3pxVEp1QW82S2I3YUlQX25qcTZsRTZyR2daTzJQcE9hOXJybV8weUp4dGZtMEs0S25YTl9VU0FFajZPS0UwUDdkdURlTUE?oc=5,"Mon, 27 Oct 2025 07:00:00 GMT",2026-09-23T09:29:47+09:00
GoogleNews:テクノロジー　健康,テクノロジー　健康,未来調査2026-2035 先端テクノロジー編｜日経BP【公式】 - 日経BP,https://news.google.com/rss/articles/CBMiWkFVX3lxTE5TLVRKT1VDblFfcUJRb1BsMnB1VnB0QTVVVWtyb01IalFpbHBob0s5R1ZGMzFoaWRVdHRpX3c1Z21TbWhQeFc0ZWxMd0VuTnB1WDBjVUVTZHJFdw?oc=5,"Thu, 02 Oct 2025 16:29:05 GMT",2026-09-23T09:29:47+09:00
GoogleNews:テクノロジー　健康,テクノロジー　健康,信頼、テクノロジー、女性の健康が導く次世代ヘルスケア、アメリカ発のウェルネス最新レポートを公開 - PR TIMES,https://news.google.com/rss/articles/CBMiakFVX3lxTE5ibEc0RUNzMTV1cTRhNElHaXNsZnhBWkJCRGU1MnhObVMwc3NYVW1vb216VWFRZ0ZUWHZaV3BkaEpHZDZPTXFGMFN0MzZUcTBvYXpNRXNTSG13TnR4U0ZITjBoNmRZOTBMcUE?oc=5,"Thu, 09 Oct 2025 07:00:00 GMT",2026-09-23T09:29:47+09:00
GoogleNews:テクノロジー　健康,テクノロジー　健康,セゾンテクノロジーの健康経営は経営のためではない 社員の豊かな人生を願う社長のライフワーク (1/3) - HRzine,https://news.google.com/rss/articles/CBMiTkFVX3lxTFB2MEY2MXJKVjV2U0V1Y3hQdEdHZjlJd29DUHhsbm9qY1VpTHdSLW9JLUlOX1JuOHJQX21aV3FuVVJ3NEZxWTlfcW9Na2JfZw?oc=5,"Wed, 30 Jul 2025 07:00:00 GMT",2026-09-23T09:29:47+09:00
GoogleNews:テクノロジー　健康,テクノロジー　健康,食×テクノロジーで健康を支える - シルタス - MUGENLABO Magazine,https://news.google.com/rss/articles/CBMiX0FVX3lxTFBGaEpDV1h2R3Nfb0tkd3U4QThwMk4wVlVXUTkxd0wwTm9OS2ZtTElteEdfNklIMlhmX1RlcnByams3SEE5UXNyeUFQMFduLU5ocTJ1d0ZrZ1dUOG4xdmZn?oc=5,"Tue, 24 Jun 2025 07:00:00 GMT",2026-09-23T09:29:47+09:00
GoogleNews:テクノロジー　健康,テクノロジー　健康,最新の美容・健康テクノロジーが集まる展示会「WELLNESS ＆ BEAUTY TECH 2025」を初開催！ - PR TIMES,https://news.google.com/rss/articles/CBMiakFVX3lxTE1vZlE3Q01pSGN0SGZTT3Myc2hlMFZvVmRuTjMyS3A3dGdBV1Q2cGNtSEFhNnNPVWI0elBNTnN1RzJxRnNrOG1YSjFjN3BlS3ltelljSVNhVEtQN3VwNWZtampTTXRvXzdhd1E?oc=5,"Tue, 15 Apr 2025 07:00:00 GMT",2026-09-23T09:29:47+09:00
GoogleNews:テクノロジー　健康,テクノロジー　健康,【プレスリリース】政策提言：超高齢社会におけるイノベーション ～テクノロジー・健康・介護・都市計画へのインパクト～（2019年4月15日） - 日本医療政策機構,https://news.google.com/rss/articles/CBMiTkFVX3lxTE84LWYxTDltSVN2M1NJRl9uTEVjNjVKU1pQU3hVNUV0NnlQdk5kQXZkZV9CMmFXek55Mk9lTEU4TWtqaUgwNzByTnRUdG43QQ?oc=5,"Tue, 16 Apr 2019 07:00:00 GMT",2026-09-23T09:29:47+09:00
GoogleNews:テクノロジー　健康,テクノロジー　健康,ブランディングテクノロジー、「健康経営優良法人2023」認定のお知らせ - PR TIMES,https://news.google.com/rss/articles/CBMiakFVX3lxTE8zT0lrSjNkbWQ2UWZUcER5T2F6STdCb3NCcmhsc0FZS2o5ejdvMEtGMnhGQnJZZmJ6ZVM0OF9kZFRKZVJtY0FfX1hhTXNjaUhqT1p5QzFDY0FCRDVXdmQ3Qlg5clBsRm9XRWc?oc=5,"Fri, 10 Mar 2023 08:00:00 GMT",2026-09-23T09:29:47+09:00
GoogleNews:テクノロジー　健康,テクノロジー　健康,ブリヂストン 女性特有の健康課題をテクノロジーの活用で解決する フェムテックプログラムを導入 - 株式会社ブリヂストン,https://news.google.com/rss/articles/CBMibEFVX3lxTFBLcENCeWdJdzdHczVDc2RwanBWR0lMQ2FJaG8taF9GX3JucjczRVRYc0FtdlQzejhHanRiQXJKSWp3ODdkQ0NOdnZrc2lISkhicnFzZDJTeVZvS1F4ckVDUmlqcW5ETHZPQm05ag?oc=5,"Thu, 27 Apr 2023 07:00:00 GMT",2026-09-23T09:29:47+09:00
GoogleNews:テクノロジー　健康,テクノロジー　健康,『仕事と人生を変える 勝間家電』書評｜テクノロジーで「時間」と「健康」を取り戻す実践的ライフハック - smartwatchlife.jp,https://news.google.com/rss/articles/CBMiTEFVX3lxTE8zTV9ZaFRMdnA3c1RIS1ZkbElZZzFuTDQyQ3F2bGFGNHN5bkcyQ042VjduZFhJcThHb0tvVFVXdGxtakJWVnBvb1R4WUk?oc=5,"Wed, 22 Oct 2025 07:00:00 GMT",2026-09-23T09:29:47+09:00
GoogleNews:テクノロジー　健康,テクノロジー　健康,フェムテックとは？ 女性特有の健康課題に挑むテクノロジーに注目 - 日経ビジネス電子版,https://news.google.com/rss/articles/CBMiZ0FVX3lxTE5xVXVzUHVRd05pamFicmNYWWdQZGhYSUVieXRTNmQ0QnY2Q2I5eW83VEY5YWxkSkxoRVhyb0tTZFE2alJ0M1JlZVFaZzI1RG1xSnExX09ObWZiMVItZktVV2pxNDhGMjA?oc=5,"Tue, 19 Oct 2021 07:00:00 GMT",2026-09-23T09:29:47+09:00
GoogleNews:テクノロジー　健康,テクノロジー　健康,テクノロジーは「健康」を変えるか？進む静かなるイノベーション - MITテクノロジーレビュー,https://news.google.com/rss/articles/CBMirwFBVV95cUxOd1ZtbU96UmFMYy1oWXV3TlVvTkpKSWRxRTVhVE1PZjdmQXdNWUV6QVZUa1dod3RxRmFQdjNtdUFFRWRCNDAtaEdjV2RQY2RHWjNNMzd6RFptY1pwd213VC0xbm5tTEhZSm1xTDZVVXRjckVtWGZuZ2dBdXZMRmhRQlhhdE05NDlqak1fb0FvTmE4dXo3SGZ3LUEtRFJNVy1Wemc5djBPVEpkaHBRSTJN?oc=5,"Fri, 24 Aug 2018 07:00:00 GMT",2026-09-23T09:29:47+09:00
GoogleNews:テクノロジー　健康,テクノロジー　健康,テクノロジーによるヘルスケアオートメーション（健康の自動化）を目指すドリコス社と資本業務提携 - 株式会社エアトリ,https://news.google.com/rss/articles/CBMiTEFVX3lxTFBMeFEzT1ZIM0hZb1J6NDhSMVJqMFFyZWVOSjcxcGdCaGZUTjBudlBBT0RycFhoOEpWWGZwYzVvVExNUFQ2VGFJVFZodWM?oc=5,"Tue, 25 Jul 2023 07:00:00 GMT",2026-09-23T09:29:47+09:00
GoogleNews:テクノロジー　健康,テクノロジー　健康,健康・医療の問題をテクノロジーで解決する—イノベーション・マネジメント実践演習－ - seijo.ac.jp,https://news.google.com/rss/articles/CBMickFVX3lxTFA4aVNoQmlPaklLbU0wWXFwWVE1QUxKZjlZemlNWXpmWC0wWDhNT2tGR0d3bnNOLTZZbjZObzgzRzNBeGJwZXZuTW5NV3JybVJYRTZnWWk5cmFqUHRfZFpRUVk3TW0ycjUtXzNkU1NhR0lwdw?oc=5,"Wed, 04 Jun 2025 07:00:00 GMT",2026-09-23T09:29:47+09:00
GoogleNews:テクノロジー　健康,テクノロジー　健康,"企業向けヘルステクノロジー企業で健康福利サービスを提供する""Judi Health""がSeries Fで総額$400Mを調達 - AT PARTNERS",https://news.google.com/rss/articles/CBMi_gFBVV95cUxNWlhMdnFoNm9zbXd5QkRfUzdGajl4TldsTERfQlotT2dLSHVQUHBfSlA3eWNfZEdHSnIyMzdkUjUtTm1jbml6MF9JdE5uY0RMWGZFUnJjZndBMFFudjVPcFQ0MnltMm5jOHdqVFhtYk5pb05WaWpONjRRMzNFYkRPV0stNVotU0k1TXRjN192YlhSNGZ0U0VsMHpENENuWDE4MW4tdENsaEZCOElQZXE2UnlZWk10SnpIY0d1emwwSVNVSEhuUUo0RDdUd2dRYzM0TVFQWTBvWl9md2lOY0lqai1mTnNlUUVzVFhRSEtEYUpsekZnTXd1WlpCbmt3Zw?oc=5,"Thu, 25 Sep 2025 07:00:00 GMT",2026-09-23T09:29:47+09:00
GoogleNews:テクノロジー　健康,テクノロジー　健康,Flora株式会社、「第10回HRテクノロジー大賞」にて「地方活性賞」を受賞 - PR TIMES,https://news.google.com/rss/articles/CBMiakFVX3lxTE84VTJTOUUxNTAyeUo5Z0FWaExCbzV2b2lDSnhIaGhSNEloUXRzWm1CQk1MLXdxM0wzNXIzTEl1MHpSMXRNUURSUUk5U2kxLWZ6NEl0RDhlcThSY0ZVVGIxbVNaR3gzYzVsX2c?oc=5,"Thu, 07 Aug 2025 07:00:00 GMT",2026-09-23T09:29:47+09:00
GoogleNews:テクノロジー　健康,テクノロジー　健康,コントロールテクノロジーが、大学の健康診断に特化した予約システムをリリース - PR TIMES,https://news.google.com/rss/articles/CBMiakFVX3lxTE5FaEJ5T3RqNzRYMjhkNUpJV1ZJb3l5bG4xbUJXeHNxdnh1LTVBV1lEQTJkczFSdXNnNkcweC1iWXREWEdWLS02TndOWGtZc3gxbWRfREF0QkF3MndMZ3RrZWNrY29YeEh0R2c?oc=5,"Thu, 22 Feb 2024 08:00:00 GMT",2026-09-23T09:29:47+09:00
GoogleNews:テクノロジー　健康,テクノロジー　健康,日高地方の浦河町で健康教室を実施！ ～地域の元気と交流を促進～ 北海道ハイテクノロジー専門学校 - jikeigroup.net,https://news.google.com/rss/articles/CBMiT0FVX3lxTE8xeG0xbFF1OHBlY0xZQmNhWlNpWDFaLWtUb2poS0NuOTdVdmNFVXlxdFg5d3RFeTFWY203Ti1CNWpSR0R5NFdfT0lnV3VBdnM?oc=5,"Tue, 15 Jul 2025 07:00:00 GMT",2026-09-23T09:29:47+09:00
GoogleNews:テクノロジー　健康,テクノロジー　健康,挑戦者2024：テクノロジーで女性の健康支援―― 杉本亜美奈さん - 週刊エコノミスト Online,https://news.google.com/rss/articles/CBMif0FVX3lxTE1hQUptVml1QnZUVHkwVGwzNDBEMHI5c3pvbXl3S05kU0ppelNmVmFfVWx0TTA0eE14UDVlbTNpNk1SRGlSZVdKYmhQMTdtSWxxemhJQ3pVYk55YmhOWnp3NG4xN1U2VlNLNHNIcFdTVElITHBUOUh0T2ZCSTUwMjQ?oc=5,"Mon, 11 Mar 2024 07:00:00 GMT",2026-09-23T09:29:47+09:00
GoogleNews:テクノロジー　健康,テクノロジー　健康,女性の健康をテクノロジーで考えるフェムテックイベントに 漢方専門薬局が出展 「WEHealth2025」＠原宿 - アットプレス,https://news.google.com/rss/articles/CBMiTkFVX3lxTE9SOTN6MUZ2RkpUWkVrV0hMQ2FzbXRrQTBvRE15clFkRkdfLWZHZzl1MC1wTEQ4cUp3a2pHZ1ZQNFU0aWpVSWhJM2tEMWtTQQ?oc=5,"Wed, 26 Feb 2025 08:00:00 GMT",2026-09-23T09:29:47+09:00
GoogleNews:テクノロジー　健康,テクノロジー　健康,女性特有の健康課題解決へ向けたテクノロジーやサービスの展示会 Femtech Japan 2024/Femcare Japan 2024 に出展 - PR TIMES,https://news.google.com/rss/articles/CBMiakFVX3lxTFBFekhIWW5FaW9pdzI3cmtkZ3RjR1FId24yVlUzek1ueXhJc2pxMUZzUUt4Y2piWmNkZmZmT0JlRnJGQ3RUMXVfdjNqTWQ3cDVtYVJxZFBYLWkwbEpTeWo1S2JNVGVOcWEydGc?oc=5,"Wed, 20 Nov 2024 08:00:00 GMT",2026-09-23T09:29:47+09:00
GoogleNews:テクノロジー　健康,テクノロジー　健康,「京都発 テクノロジー×医療・健康」 社会課題の解決、エコシステム構築へ - techblitz.com,https://news.google.com/rss/articles/CBMiakFVX3lxTE5ZMlo2cDFldXJOOWJPZXVWUlZ3RE1vS0I3ODBRZUdDS3NYcTZVMHRCOFRIbEVYUThRSklwVzZOZWpla1Rmeko1Y0dHempEcWpKN3hxY25iWEYycGVFZXNxT19pSlpSNHBYTEE?oc=5,"Wed, 20 Apr 2022 07:00:00 GMT",2026-09-23T09:29:47+09:00
GoogleNews:テクノロジー　健康,テクノロジー　健康,先端テクノロジーを活用し新宿・初台エリアのライフパフォーマンスを向上させる「Wellness Lounge™」をグランドオープン - NTT Data,https://news.google.com/rss/articles/CBMia0FVX3lxTE4xYUhqUUN0Snk2WGk2R2hvYnF5WU5HU195Y0NYU2JsQ1JFRlZ5STdzQ1dLaUp3R0JtWUtDOEJxelpWZHlDTDcyaGthd0N4UndaV24tMGxMQkM0bnBOTHBmYk1lVklPVUI5Tm5j?oc=5,"Wed, 23 Apr 2025 07:00:00 GMT",2026-09-23T09:29:47+09:00
GoogleNews:テクノロジー　健康,テクノロジー　健康,テクノロジーが人類の健康寿命を延ばす！ iOS健康管理アプリ「ヘルストレーナー」をリリース - PR TIMES,https://news.google.com/rss/articles/CBMiakFVX3lxTE5uZ3o1OHRIekc2aEVxMFhRNFdtYVNMcUZ3aEw2Qzk1X2ZOSnFTNEZfRkJJcFFFNTlZNm1tUEZLcWtmckMxTnRCVWhlWGVuSEdKOGRfdW9mQ0dsNFl6X1MzQjhsNTY1YzVpNnc?oc=5,"Thu, 17 Oct 2024 07:00:00 GMT",2026-09-23T09:29:47+09:00
GoogleNews:テクノロジー　健康,テクノロジー　健康,テクノロジー×健康! HURONブランド認知拡大プロジェクト - CAMPFIRE (キャンプファイヤー),https://news.google.com/rss/articles/CBMiU0FVX3lxTE9yaTQtbDdMUEl1bEg0YjJxYkE1RS01aUF0VnA0RGFfSXlRenV0a1BCQk00enRwdll1U0pQVmY5MXdGR29sbE5QbTZzblg1RXNudUtF?oc=5,"Wed, 01 May 2024 07:00:00 GMT",2026-09-23T09:29:47+09:00
GoogleNews:テクノロジー　健康,テクノロジー　健康,女性従業員の健康をテクノロジーでサポートする フェムテックサービス『ルナルナ オフィス』を7月3日（月）より導入します - PR TIMES,https://news.google.com/rss/articles/CBMiakFVX3lxTE02T1hHbjFPclZIRnN0MnhSLVFyM3FmUkJvdXlGMjYyTHlUd2tISGFYcWRHOGVZWWpJaE42NUhGZ3BqYXpKblZmRlFtRERrQlBFQXVKSjA0OGl3cFBYNkRDZ29uOXZzTXNhenc?oc=5,"Mon, 03 Jul 2023 07:00:00 GMT",2026-09-23T09:29:47+09:00
GoogleNews:テクノロジー　健康,テクノロジー　健康,小児の時間外の健康支援アプリ『キッズドクター』がテクノロジーを活用した子育て支援サービスの展示会「BabyTech（ベビーテック） TOUCH」に出展 - PR TIMES,https://news.google.com/rss/articles/CBMiakFVX3lxTFB0RkN1T0dLRGZUQmJybVJFLWJBVWVWMENYUWNDay1LYUY1QUNxTEZ5OEZQNTJhNDJkZjIwbWxfWFFHS2RUbU8yV2NIRWhUNlJRRGxDUVJkdUZVTHBEQ18yYXZaZXpncHQtY1E?oc=5,"Thu, 10 Jun 2021 07:00:00 GMT",2026-09-23T09:29:47+09:00
GoogleNews:テクノロジー　健康,テクノロジー　健康,パーソルクロステクノロジー、医療機関への厚生労働省立ち入り検査に対応する『セキュリティ健康診断サービス』の提供開始 - PR TIMES,https://news.google.com/rss/articles/CBMiakFVX3lxTFBaN1hpRHB2UkptcldUT0d1eV9veGN0amptZ2l2ZjdDZVZXQW4zcnI2YTZRVHJpRGlBYzZObTVBYWY5XzNwN1BlMmlTYTlCV2s2T3V5bDJidmliQkhmTnRxWEVLb191NlNyZUE?oc=5,"Tue, 06 Aug 2024 07:00:00 GMT",2026-09-23T09:29:47+09:00
GoogleNews:テクノロジー　健康,テクノロジー　健康,ライフログテクノロジーとハウス食品グループ本社が資本業務提携を締結 | ライフログテクノロジー株式会社のプレスリリース - PR TIMES,https://news.google.com/rss/articles/CBMiakFVX3lxTFBoMXJ6VmUzU3NIMXhDdjIyUzRhdXd4Mkh5SVVFaFBxcTJQV1pIYlRiVGlESGlYcldxbmpyQXdSRGY5U3JwNVlTNzZiWEdoVnZRMk5OdDdkbHU3MlYwRTFxRjU4dUtUS1p4RUE?oc=5,"Wed, 29 Mar 2023 07:00:00 GMT",2026-09-23T09:29:47+09:00
GoogleNews:テクノロジー　健康,テクノロジー　健康,ペットの健康を最新テクノロジーでバックアップ！「Dog&Cat Healty Station ピーサポ」OPENのお知らせ - PR TIMES,https://news.google.com/rss/articles/CBMiakFVX3lxTE1FY3JMLW1oVnZEWEJCa1BuWXh3RXdyaklyT0NVNG0zLTZTZzNETlZiNVNybmRVZVM2LS1aSmJvN2g4SE1FWFVWcjZZSGkwYlV3d2VKVW51NGpITVYyMXp4cmRlbnVJeWt5N0E?oc=5,"Sun, 29 May 2022 07:00:00 GMT",2026-09-23T09:29:47+09:00
GoogleNews:テクノロジー　健康,テクノロジー　健康,【協会けんぽ】社員の健康づくりを応援！『FAシンカテクノロジー 株式会社』の取り組みを紹介 - 日刊CJ Monmo Web,https://news.google.com/rss/articles/CBMiXkFVX3lxTE5oVzlPNEV3WXZhNnVKMW1TQVJLT3M2enFnLXdoNzh6eTVfUDBlRU9hVWI2NGNKQVFmMzBaN0JqYmZaSXZmYVJUeTZ1RzJmRW5jNUo4ZXVCZUUxN01WcEE?oc=5,"Thu, 06 May 2021 07:00:00 GMT",2026-09-23T09:29:47+09:00
GoogleNews:テクノロジー　健康,テクノロジー　健康,【開催報告】グローバル専門家会合『超高齢社会におけるイノベーション ～テクノロジー・健康・介護・都市計画へのインパクト～』GCOA-HGPI共催ラウンドテーブル（2018年11月2日） - 日本医療政策機構,https://news.google.com/rss/articles/CBMiTEFVX3lxTFA3OVpaR3NJbE5lSEtqSkdLS1Bac1RxWkNyOVZxaVRleEpIODVaMXllMm41aTA0RFVOUVEzaXRWcTQyMzc1VUVXVnd1Um0?oc=5,"Wed, 16 Jan 2019 08:00:00 GMT",2026-09-23T09:29:47+09:00
GoogleNews:テクノロジー　健康,テクノロジー　健康,健康管理アプリカロミルを提供するライフログテクノロジーと管理栄養士によるパーソナル食事指導サービスCHONPSを提供するNwithが連携 - PR TIMES,https://news.google.com/rss/articles/CBMiakFVX3lxTE81Wk5ndnJIUTAta0xKS21lVEJkMWl3dzFCN29aVlBpSzhXZnMzOHhYdl8tWUFIS2lSUkdob0lJaExGYUhyaVg0YnZSSGgwNmFtNWZFWEpnS2xCUkd4cmJqcDBJNktmM3dsNlE?oc=5,"Tue, 02 Jul 2024 07:00:00 GMT",2026-09-23T09:29:47+09:00
GoogleNews:テクノロジー　健康,テクノロジー　健康,ライフログテクノロジーが宮崎県高鍋町と連携協定を締結 - PR TIMES,https://news.google.com/rss/articles/CBMiakFVX3lxTE1ibEtVTWVQQmQxSm1ySXNUQWEwLWgyZ3dtQkVpYldpMm40TF8zYjdLTUlhQk52R0dsY0h6dy1jN2kyU01PaGUzMGJpd2hhUk1jTWJJQWREV0VaZGpGMUVIQXo3SFhXQzlJLXc?oc=5,"Tue, 22 Feb 2022 08:00:00 GMT",2026-09-23T09:29:47+09:00
GoogleNews:食　政府,食　政府,何をどれだけ？ 食べながら備える食品の家庭備蓄 - gov-online.go.jp,https://news.google.com/rss/articles/CBMia0FVX3lxTE5kRExFZUpnOU9McklKU05YVlhPZGtkcWZ2alYtelFXNWNUOGVlVmpDaV94dHh1MkNwMDYxYUlsUUpZbVRVVm5nbUJxSG5HOC1TVTdxNnBGcjRMdlZmeGdvLWdXLUd6d0t4MU9j?oc=5,"Mon, 27 Jul 2026 07:00:00 GMT",2026-09-23T09:29:49+09:00
GoogleNews:食　政府,食　政府,フードテックが経済成長を牽引する分野となるには | MRIオピニオン（2026年6月号） | ナレッジ・コラム - mri.co.jp,https://news.google.com/rss/articles/CBMiakFVX3lxTE5LR2xMbWZXaDE0TjlPZjVEZ3h5clQxZG5GT2VuMnZLTWxnTWRRRkxFeENSQVBHYk9DSHZxMWlvNkRuVVNxYjJSeG51RWk4a1BQRWtpdXYyd2VWLS1uQjJxVHpXSWRFRVlmTVE?oc=5,"Mon, 01 Jun 2026 07:00:00 GMT",2026-09-23T09:29:49+09:00
GoogleNews:食　政府,食　政府,【信濃屋】イタリア政府公認オリーブオイル鑑定士®・長友姫世氏が登壇！「オリーブオイルの深〜いお話」セミナーを9月26日（木）虎ノ門ヒルズ「cask」にて開催 - PR TIMES,https://news.google.com/rss/articles/CBMiakFVX3lxTE1xS1Ntd08xOXVoNnRhc0VPLXBBUW5hOUNRMFBHT0JTM0t4aXFpZ1ViRHM2TjhTX0dNQmNsc0J6SFAzNEU0a0thcmtsdG5OTldvc05WbXY4d19ZX192UVVCcm5NcTVPektOWWc?oc=5,"Mon, 07 Sep 2026 07:00:00 GMT",2026-09-23T09:29:49+09:00
GoogleNews:食　政府,食　政府,｢政府の人口統制､5Gで操られる…｣《コオロギ昆虫食》給食コロッケから始まった大炎上→倒産したグリラス元社長の告白 - toyokeizai.net,https://news.google.com/rss/articles/CBMiW0FVX3lxTE5reE4xTWpJeXNHbC16Wm5MWmdRUkxnYmJxa2V0M1VFaDA1UlBlLUNHWVh2WnI2VjYzdkx5VThhUFRncGhHWHFyWENQMFJ1eUhDNXdDam1FWVYzalU?oc=5,"Tue, 04 Aug 2026 07:00:00 GMT",2026-09-23T09:29:49+09:00
GoogleNews:食　政府,食　政府,移民と社会：特定技能「制限」 食の現場困惑（その2止） 上限突破、政府「分かっていた」 - 毎日新聞,https://news.google.com/rss/articles/CBMiaEFVX3lxTE1ob0tQRXFlQWZ4ZUNxbTNFYXpuWnhjZzdNRFBESDhQUVZnRnlKQko0cE9fcDdITDJSajlsM19NbnAwLUNTbUctR2s4NjdyMzYteXhJajFCWFNzdGxyV2VFOFNLVXNwRVNF?oc=5,"Tue, 18 Aug 2026 07:00:00 GMT",2026-09-23T09:29:49+09:00
GoogleNews:食　政府,食　政府,政府の成長戦略17分野「フードテック」や食と農林水産業の未来を「協創」する研修型カンファレンス「ONE SUMMIT 2026 in 新潟」を開催 - 新潟日報,https://news.google.com/rss/articles/CBMiXkFVX3lxTE5VckZZT3E4Wi1vcHp0NDFSQXJBQjlFbm1uNHRZbklPUGVyOGsyOEI4dWEyeGNhTHBrQzlQQmM2VTFZMUVYLWsyODVMaVFzd2dRTzNIa01kNDB5bnNrNEE?oc=5,"Mon, 06 Apr 2026 07:00:00 GMT",2026-09-23T09:29:49+09:00
GoogleNews:食　政府,食　政府,25年度食育白書 栄養教諭の地場産物の食指導は目標上回る - kyobun.co.jp,https://news.google.com/rss/articles/CBMiVkFVX3lxTFB2cHVJajEzUWt4MVMxeUtocnhiZkxQTkVIQ20zRi1GbmRlMC11WTRXZTNQNlRpNUVQOTkwNW1FX29OY05ncVpxaWxURG9JUXFLZGNrblFn?oc=5,"Fri, 19 Jun 2026 07:00:00 GMT",2026-09-23T09:29:49+09:00
GoogleNews:食　政府,食　政府,飲食業界の「今」を可視化する「食産業ダッシュボード Ver1」を公開｜お知らせ｜食団連 - 一般社団法人日本飲食団体連合会,https://news.google.com/rss/articles/CBMiVEFVX3lxTFBTY0pMbU01WHJ0NXA5M2xTSHRueW9hYzdaOGlna3NXYmw2NXRlc3JiTVgtdW9ld0wtUlQ3c2lydm5uRnp1Rk9wNW1sSmpselhaUGMtZg?oc=5,"Wed, 01 Apr 2026 07:00:00 GMT",2026-09-23T09:29:49+09:00
GoogleNews:食　政府,食　政府,政府、フードテックに9.7兆円の官民投資を想定｜植物工場、陸上養殖、食品機械、新規食品の4分野 - foodtech-japan.com,https://news.google.com/rss/articles/CBMib0FVX3lxTFBSVzNZTEFzTnh2c0hMOENERmtSelZpT0M3a3FvNjh1TmhXQjQwRVNXU1NCRC1nbmtFMXF1OGpxSFgtY1A3OThmdkVSanE1b00tVFozOG82VmdNeW5tVkNnZ2pFcXlkT01JaVlqZnFjcw?oc=5,"Sat, 27 Jun 2026 07:00:00 GMT",2026-09-23T09:29:49+09:00
GoogleNews:食　政府,食　政府,ユネスコ認定食文化遺産発信 ＡＳＥＡＮ日本政府代表部、レセプション開催 - じゃかるた新聞,https://news.google.com/rss/articles/CBMiY0FVX3lxTE02NWc4S2U3X2x3ekQ5UFZqTkdGMDUtSGlxZEt0X0FUMWJCdUVZbE9TV0RIWmxrV05NYzRLdzhKeHN6RFdidm9halFlV0NPV19hS0ZpbGw1SnBZQ1RnSXB3Zl81WQ?oc=5,"Fri, 03 Jul 2026 07:00:00 GMT",2026-09-23T09:29:49+09:00
GoogleNews:食　政府,食　政府,世界22市場の旅行基礎調査を発表、インバウンド地方誘客のカギは「食・自然・体験」 ―日本政府観光局 - トラベルボイス,https://news.google.com/rss/articles/CBMiVEFVX3lxTE9ZaG12R1JGdzJiaTFfdzJsZmRFMUN1WkVtaFFkOVhNZ1gxRkx4OWluU0R0Q1VLRUJWUTRveW15YmFWenJXdzdmS3p6MG94Y2xZa1RoXw?oc=5,"Tue, 28 Apr 2026 07:00:00 GMT",2026-09-23T09:29:49+09:00
GoogleNews:食　政府,食　政府,フードテック（後編） - gov-online.go.jp,https://news.google.com/rss/articles/CBMiZ0FVX3lxTE5tWE5aSFR6eGg5c3NNQldKRGxqbGlyUXFXSGRIeldCeW1VdXhvOXZKaWwtd0hUUHFsY1ZCS25BTUVWNTg4VmFnRGE5ZHlwZms1aDlyWkFfMS1QaTR1bjBPWmszc0p2dEk?oc=5,"Thu, 16 Jul 2026 07:00:00 GMT",2026-09-23T09:29:49+09:00
GoogleNews:食　政府,食　政府,｢政府の人口統制､5Gで操られる…｣《コオロギ昆虫食》給食コロッケから始まった大炎上→倒産したグリラス元社長の告白 - toyokeizai.net,https://news.google.com/rss/articles/CBMiUkFVX3lxTE0ySDlyUjNIdlJiYTRIbnkwWmxfM2RNVmVRb3pSNmVOQ2dlTXh0Q0ZtS3NRRkh5V3RvOHoydUdNUl9lTU9RZ014ajIweWwxSGp2M1E?oc=5,"Tue, 04 Aug 2026 07:00:00 GMT",2026-09-23T09:29:49+09:00
GoogleNews:食　政府,食　政府,高市首相、フードテック関連企業5社と面会｜国内外の需要創出に意欲 - foodtech-japan.com,https://news.google.com/rss/articles/CBMib0FVX3lxTE9PWEdOQ2hWYXR1c3lKUlpoamJCTjhmYUlISWRhbjVUaE1UZmpsQUE4V05IWW9pTzR3dDZSMHYwWUFkcTN2RUtDLTIwUkhmMVFaTHFJbVlkRGhZYVdLdkg5azItSHZmdGFFeFJfZjJIQQ?oc=5,"Mon, 27 Apr 2026 07:00:00 GMT",2026-09-23T09:29:49+09:00
GoogleNews:食　政府,食　政府,フードテック（前編） - gov-online.go.jp,https://news.google.com/rss/articles/CBMiZ0FVX3lxTFBTQnl5NkdUQ3BFZU1hOEdSWXo2WXIwUFVSRXBKYTIyTk9MdGNRQWRjTWpzNC1VeE8tejU5WGZLa2VoTXc4U1ZkMGJUUjFmcW4tZHE0QzZWOVg0ZW1rb0M2alFlTnRnaDA?oc=5,"Thu, 09 Jul 2026 07:00:00 GMT",2026-09-23T09:29:49+09:00
GoogleNews:食　政府,食　政府,政府の成長戦略のフードテック、食料安全保障、バイオエコノミー、AI・ロボティクス・精密発酵の最前線までを一体的に読み解くイベントを開催 - PR TIMES,https://news.google.com/rss/articles/CBMiakFVX3lxTE5rWkRDbzUyNVdSLWh1b2c5d3h2LXlBckRVY2F5RGdKaFlOUUxSNmZUY2RycDNqY2EwVkVEZjN2Y2xqN2k1R05PdjI5RjFOWHp2YWNQUjBTaEd0bmE2OGc3OFdEQnJ2T0NMOWc?oc=5,"Thu, 07 May 2026 07:00:00 GMT",2026-09-23T09:29:49+09:00
GoogleNews:食　政府,食　政府,｢政府の人口統制､5Gで操られる…｣《コオロギ昆虫食》給食コロッケから始まった大炎上→倒産したグリラス元社長の告白 - toyokeizai.net,https://news.google.com/rss/articles/CBMiW0FVX3lxTE44bHVUOFJQUXN5RXkzN1JOS295TU13cHlUWHNzV1Y5LTZrb296YkRZUFI1Q0JVVWo3QkpwQTRoV3puWHdlYUFYS1pyb2tlcXMwQWdyRzNNaFlKeEE?oc=5,"Tue, 04 Aug 2026 07:00:00 GMT",2026-09-23T09:29:49+09:00
GoogleNews:食　政府,食　政府,政府、17の戦略分野で先行技術を指定｜フードテック4分野では植物工場・陸上養殖を先行検討 - foodtech-japan.com,https://news.google.com/rss/articles/CBMib0FVX3lxTE5HYmN5ZkpqVlpxOWtjd29xZmxnSDFINFRrT2pQemhwVzVBOXBCV0RCS1FOTmNaQTJYajZURGplSjc0TDVtUFBFSS1jNzZlYUpIQlVPMllTUnFSc1NtMF9QYmg2Y05TSGg4WXR3UThOcw?oc=5,"Mon, 06 Apr 2026 07:00:00 GMT",2026-09-23T09:29:49+09:00
GoogleNews:食　政府,食　政府,「世界一幸せな国」が贈る、至福のディナー！フィンランドが世界を史上初の公式試食会へ招待 - PR TIMES,https://news.google.com/rss/articles/CBMiakFVX3lxTE41QmgweHRfU0Y1ZDlzXzAxS0ZsUGwwWFJ1anFvT0tfTmIyVTdoLXp4Y1JZLWcwLVRFaEVYTktsRVpJeDh0QXZ1clBPNU9UT1RaeU9JM09tV2JvTXZkMGpIeFdWSDZMMjlyQ3c?oc=5,"Mon, 18 May 2026 07:00:00 GMT",2026-09-23T09:29:49+09:00
GoogleNews:食　政府,食　政府,英国政府観光庁、日本の旅行会社を英国へ招聘 イングランド各地の文化・自然・食の魅力を紹介し、地方への送客を促進 - PR TIMES,https://news.google.com/rss/articles/CBMiakFVX3lxTE5tNXpGeEFLbHE3ZzZGdkNudm1SdFBrUXJ6a1lDMWpfb3NXdkNIVC1jdXBCd3ZIaDNXQUZzNndST2cyV1FLcUl2NUZmRndJYmN4OEVLanktLVVlZ1RHMWZNWnFLQXVDb2Zycmc?oc=5,"Wed, 29 Jul 2026 07:00:00 GMT",2026-09-23T09:29:49+09:00
GoogleNews:食　政府,食　政府,過去最大規模「FOOMA JAPAN」開催へ、政府成長戦略「フードテック」の実装焦点 - MONOist,https://news.google.com/rss/articles/CBMib0FVX3lxTE85OU5Uc3U0U3R6UkM1TW1BWmNLUnZ6Q2p6Yk1lOFpLQ1cya1pweGFzTUp3QTRUMTE1ZWdPMDNjcUpoamt4QW1sQ0xva1hoLVY4X2JQd19XcUV0bmxtUzN1WjFkYkRnUTlZNENvcmNrVQ?oc=5,"Fri, 03 Apr 2026 07:00:00 GMT",2026-09-23T09:29:49+09:00
GoogleNews:食　政府,食　政府,政府、フードテックWGを設置 17の戦略分野で成長戦略の検討体制固める - foodtech-japan.com,https://news.google.com/rss/articles/CBMib0FVX3lxTE1UZUI3U1RjV0w2MTY0S3F5QU03T2tqZzY3QXlFeVRaMnF5UXBNVmlZU2RROV9sdXdXU1h3MHBVY3VEcDRTdXpLWVlkMEI4ZjN5ZGdJMTgxbHhGNDBTbmFkRzdzYi1ZWFVHNlZRWjNWSQ?oc=5,"Fri, 26 Dec 2025 08:00:00 GMT",2026-09-23T09:29:49+09:00
GoogleNews:食　政府,食　政府,政府が経産省の食品輸出事業者を支援する「日本の食輸出1万者支援プログラム」とは？ 中小企業庁、農水省、JETROなどが連携（ネットショップ担当者フォーラム） - Yahoo!ニュース,https://news.google.com/rss/articles/CBMif0FVX3lxTFBoOG5ITWZUSHFyb0Uyc2Vha3ZoZzMxSFFsX0t4Y0gwajZUc3FrNmY2VXRxN2FILXZaMGdMZk5jX0hOSWJobWZTNGx0NUs1THFjRl8wSm1xNTAtcXdwWE9ENGlyYlZ4SFdJYURjWU8tUEVUOUV1VUFIdzgtVnU1UGs?oc=5,"Sun, 26 Apr 2026 07:00:00 GMT",2026-09-23T09:29:49+09:00
GoogleNews:食　政府,食　政府,物価高で生活苦しい学生たちを応援…「フードバンク霧島」が政府備蓄米50トン、1人10キロずつ無償配布 - 南日本新聞,https://news.google.com/rss/articles/CBMiV0FVX3lxTFBuZ1RnU1M1X3NzdXRDamZtbWNkMlVNYVliT1FSME5tZlRKSFJBRE5CejNMT3k0REk5TkpmQk9OVmVlR2h1ak1YYUJDbTJLVkNtZDFub2dOSQ?oc=5,"Mon, 01 Jun 2026 07:00:00 GMT",2026-09-23T09:29:49+09:00
GoogleNews:食　政府,食　政府,香港政府観光局、新キャンペーン「テイスト香港」で美食のまちをアピール、旅行会社向けに販促サポートも（PR） - トラベルボイス,https://news.google.com/rss/articles/CBMiVEFVX3lxTFAzMENVVEJiZlZTSW9uOS0xcmJiTG1GQzE5RDNZV3lfbExCYjE4U3pVbzRqYjFOSzA5dmd2VFE5dGZEMDlwbzd6cmo2QzlLcVRaMlVxZg?oc=5,"Thu, 23 Apr 2026 07:00:00 GMT",2026-09-23T09:29:49+09:00
GoogleNews:食　政府,食　政府,日本政府、フードテックを国家戦略分野に指定｜官民連携で供給力を抜本的強化 - foodtech-japan.com,https://news.google.com/rss/articles/CBMibEFVX3lxTFBZTUh6VldEdzJiQmw1VVMySTlMSGIxTGVDRWR6V1BmMDdyZUhPUGtTMmVsN1FVSVduM05ZNGNuelMyaXFiYURHTjJuQ3VVbk01bThiLTBQa3FUeXFTNU5aMVZablZrV0FYYU9tcw?oc=5,"Fri, 07 Nov 2025 08:00:00 GMT",2026-09-23T09:29:49+09:00
GoogleNews:食　政府,食　政府,フィンランドの自然が育む食の魅力、レストラン「Grön」がミシュラン二つ星、「Boreal」が一つ星を獲得 - PR TIMES,https://news.google.com/rss/articles/CBMiakFVX3lxTFBIdDVmUVpWYmxNdjlqaGJORERQNmxhc1BOZVlZa1g1VVNXdEdHcEVRY3F3WUpsSG1UZWRTZ1FSZmpJck1QTWltT0pPUkRmLVhma1FXV2FMU2FUWEtKRFp1RlE0ckNVbGcxSVE?oc=5,"Wed, 24 Jun 2026 07:00:00 GMT",2026-09-23T09:29:49+09:00
GoogleNews:食　政府,食　政府,政府が経産省の食品輸出事業者を支援する「日本の食輸出1万者支援プログラム」とは？ 中小企業庁、農水省、JETROなどが連携 - ネットショップ担当者フォーラム,https://news.google.com/rss/articles/CBMiXEFVX3lxTE5RUnZSY05GdUtZenQ3S2s2bjcxZk5hNjUtN28yVEE4clNIVkhlbHJWYUQtWGh0RFRpNmRobGpMZGtsZnB2S2dtbDduS1FvRVhxT083VEV4SGM5OW1h?oc=5,"Wed, 15 Apr 2026 07:00:00 GMT",2026-09-23T09:29:49+09:00
GoogleNews:食　政府,食　政府,片山さつき財務大臣へ、外食産業の持続的発展に向けた緊急要望書を提出｜お知らせ｜食団連 - 一般社団法人日本飲食団体連合会,https://news.google.com/rss/articles/CBMiVEFVX3lxTFBkZVRuN3k4YlZIUDBFRWxpUERNU2FwR2VVLUt3cnBHdjFLTHUyZzh6Q2t1WEMwVUprU1lndi1pN0NLMlNDMEZudFpYZTFvLW5QU0NsXw?oc=5,"Thu, 29 Jan 2026 08:00:00 GMT",2026-09-23T09:29:49+09:00
GoogleNews:食　政府,食　政府,【お知らせ】2025年10月こども食堂へ政府備蓄米の無償交付の追加支援について - musubie.org,https://news.google.com/rss/articles/CBMiTEFVX3lxTE51eFhFZEt0LWpWOHp5UHQ0X2FBRlB1TmFGLTZSazRMU05WcVdDQ3dCTVVJZlZra1AydDdUZFJFMGFrUkJtOEdNVWcxZkI?oc=5,"Wed, 08 Oct 2025 07:00:00 GMT",2026-09-23T09:29:49+09:00
GoogleNews:食　政府,食　政府,政府がすすめる｢食品備蓄｣。元海保で防災士の石油供給の不安を回避する｢防災備蓄｣とは（川崎みさ） - エキスパート - Yahoo!ニュース,https://news.google.com/rss/articles/CBMiiAFBVV95cUxPaXljdldQVGs3bE9pcXRSUF9rdUcxdlVlYmJIOTZyWGNRaDhXOXVmZFZKWndkeFBRcGdmbm1TZy1ZVW1aOGh4V19MSUlPcDlBUTFNVVVtVVhhQ1ZNQWw1Sk5ncU5tQ2RFMFd6dVJobWVSOUs4M0ZNN2J6eElPYkk2MlJaSVlheThZ?oc=5,"Sat, 04 Apr 2026 07:00:00 GMT",2026-09-23T09:29:49+09:00
GoogleNews:食　政府,食　政府,アメリカ政府が新しい栄養摂取ガイドラインを発表…タンパク質、脂肪を摂り、糖分を避ける - businessinsider.jp,https://news.google.com/rss/articles/CBMiiAFBVV95cUxQcC16Sm1oemxSeTVNb2d4R21hanhNcDhaMUhwdzBVa21Zd0FEWktwZnRCNFZaRmlxOGdMRHBfdHRfRi14RWRRbDh4MjVJczZfWFEzcXptTDJsU2dZYk92SDFaRGs2WXI1WGtsNVEtQXVVU1ptYkRaMnE1ZldsdzVRM2VVRkpQWG0t?oc=5,"Sat, 17 Jan 2026 08:00:00 GMT",2026-09-23T09:29:49+09:00
GoogleNews:食　政府,食　政府,日本政府「成長戦略17分野」のフードテックで農業課題を解決するAGRIST、北米市場展開に向けて投資家や現地企業パートナーシップ構築を加速 - PR TIMES,https://news.google.com/rss/articles/CBMiakFVX3lxTE9oOGgwR29oLWFETTNWRkhOV0dTOWV1WGt4Z3AtRWpjZ1dWNWRCX1VlbEtjMWZzakpHZWJTYkpsdWQ5d28wS0dtQnhHY0VWSkRqc0laN2ppSVZpRXpON3F1S0FIZGRwT0cyREE?oc=5,"Wed, 08 Apr 2026 07:00:00 GMT",2026-09-23T09:29:49+09:00
GoogleNews:食　政府,食　政府,オーストラリア政府観光局、「食べログ」と「クックパッド」と連携～食文化を包括的に発信 - MarkeZine,https://news.google.com/rss/articles/CBMiT0FVX3lxTE52Z2FIU2YzMElldkxtc2ZOdlZvblFkb0M2bXRwc0d0ZXFoTGk3bHRzb3FYNmVZWllKbk5PX2xjamEtTlhhZERjdzF5UXAzdXc?oc=5,"Sun, 22 Feb 2026 16:52:48 GMT",2026-09-23T09:29:49+09:00
GoogleNews:食　政府,食　政府,音楽から食・文学へ拡大する韓流…韓国政府の報告書が示す新潮流 - AFPBB News,https://news.google.com/rss/articles/CBMiUkFVX3lxTE9QTnNoWkw2MTNqVlc0YUw1U2xXZEtTN19OTWwzeVB4RnlGWjNGS01fZUJoTzBDVHNoZkI3dXRvclBLS1Rza3R6N3o1bl92Nm5PcnfSAVRBVV95cUxPcXowWm1Yb2FBQlYwbkJtMGdpelpldmxvNk1pZW5yTlVYT2gyY3duQm5nSnFMUTlsVkVrZXdTU3BhVV9QaWlBV3luVFVvQ2xtbGF5Vms?oc=5,"Thu, 26 Feb 2026 23:02:20 GMT",2026-09-23T09:29:49+09:00
GoogleNews:食　政府,食　政府,米政府職員がフードバンクに長蛇の列 長引く閉鎖で給与出ず、生活困窮 - CNN.co.jp,https://news.google.com/rss/articles/CBMiUEFVX3lxTE5wVmNSQjF4ZURmUXVabmNpVXQ2QXB5TVluYjNseFBkTl94WmZOaGF3T3IwT3NMcUk3cFd5U2xoaGlpdzdta0FmX0VQVHNrclpH?oc=5,"Wed, 22 Oct 2025 07:00:00 GMT",2026-09-23T09:29:49+09:00
GoogleNews:食　政府,食　政府,2025年のフードテックを振り返る：国内の細胞性食品が前進、精密発酵は市場投入拡大、日本政府もフードテックを重点分野に - foodtech-japan.com,https://news.google.com/rss/articles/CBMiX0FVX3lxTE1TVVZMcDBtQ3dTSXQ2Zk9mSEowUnJpTU13aFQyVjJfbFp6Sm9WMlE1Y0M1QktSTEJOUjlSOGZKTm5reXc2b0tyOTN3S3N1Rzh5RXBrc3V5M1RpNHpVTGVF?oc=5,"Mon, 29 Dec 2025 08:00:00 GMT",2026-09-23T09:29:49+09:00
GoogleNews:食　政府,食　政府,「新スタミナ食」ヤギ肉…韓国政府、韓豚・韓牛のように育てる - 中央日報,https://news.google.com/rss/articles/CBMid0FVX3lxTE5oX1Rxa1lValU1Ykp2MXB2bWhEbUlzcjFxUUFmNmxlQmdHazF1Xy1qQzF3Y191OHJ1MUduMVR4Y24wN21IclZqd3I5cXRscE51WDRneS1jSEJjVFdhcmlqMVNVSC1QRlU3aHVXUnpESkRSY3dKV0hZ?oc=5,"Wed, 25 Feb 2026 08:00:00 GMT",2026-09-23T09:29:49+09:00
GoogleNews:食　政府,食　政府,“食”の適正価格へ 政府の「フードGメン」が始動 公明推進 2025.10.28付 - 公明新聞電子版プラス,https://news.google.com/rss/articles/CBMibkFVX3lxTE1EM0pYVkVwYThla0FFZlcyWFZZYWN1QmNSNTNnUmR0dzNLM2dpcTQwckNCQWhiTWpvVTQwbVNOWlJFbUtDNTVfdC0yVzBVTU55LUo0X05iRlFhdDRMRm9mWndOUHM1WEpjTjA3NUt3?oc=5,"Tue, 28 Oct 2025 07:00:00 GMT",2026-09-23T09:29:49+09:00
GoogleNews:食　政府,食　政府,近代日本の栄養不足を救った“肉まん” 国を挙げた豚肉食普及政策と「田中式豚肉料理」が変えた日本人の食生活 肉まんが日本の国民食になったのは、明治政府による豚肉食啓蒙と栄養改善運動が発端だった(2/4) - JBpress,https://news.google.com/rss/articles/CBMiX0FVX3lxTE9BRWQ5OHJZcVBLOTE3WGgxbVBRTjNJZ0ktS04yQ21UbzFJUzNrcG1vQ1Q2eXc1TmpTandDc2RlaV9oeGZkNloyMzRucHRlT0o2X1lMUnkyWGNvdzlpekhv?oc=5,"Sun, 14 Dec 2025 08:00:00 GMT",2026-09-23T09:29:49+09:00
GoogleNews:食　政府,食　政府,【タイ国政府観光庁 後援】タイのおいしさは発酵食にあった！ 現地で食べて習って追求したタイ全国の発酵レシピが一冊に - PR TIMES,https://news.google.com/rss/articles/CBMiakFVX3lxTE0ycjRlVFFfNTNlNDZUWTc3U2hqb0ZJWG44bm5ZckhnekI2dk0xSV9vVkFFWnduaW5JRDJXSEw4MDQwVmM0akNZM2EtZUxoWlgwM21GdUVNREQxODlQSlZXWGVOVjNTUFFkZnc?oc=5,"Thu, 18 Dec 2025 08:00:00 GMT",2026-09-23T09:29:49+09:00
GoogleNews:食　政府,食　政府,【商業】タイ政府の消費刺激策でフードデリバリー急伸 初日だけで30万人が特典利用 - バンコク週報,https://news.google.com/rss/articles/CBMiUEFVX3lxTE1vdXpDU2t4aU9VOEZvRG1SSkNwbm83RXJ1VXdIQmo1YWgtNHYydzhzZnJLZWhHMzhfU0kxSUJQMmEwVmVaOGI0MG1nOEcxV2dH?oc=5,"Fri, 19 Jun 2026 07:00:00 GMT",2026-09-23T09:29:49+09:00
GoogleNews:食　政府,食　政府,帰国便はインドネシア政府専用機で驚きました！ - FlyTeam,https://news.google.com/rss/articles/CBMiZ0FVX3lxTE9HdEl2ODNTdnZDSHBiY2JLZ3NIZVBDMk42Y0g5Vmc0Zm5SU1ZPSWFLR3VkV3MwTTdQSkw4cm03UVBMZ01DT2pQVDcxZ0IzNFJBYmJhejZWdmRfNlJ4d2x5eE5sVTJlNTA?oc=5,"Tue, 19 May 2026 07:00:00 GMT",2026-09-23T09:29:49+09:00
GoogleNews:食　政府,食　政府,シンガポール政府観光局、キヤノンMJと共同企画「Canonと巡る、おいしいシンガポール」キャンペーンを開始 - PR TIMES,https://news.google.com/rss/articles/CBMiakFVX3lxTE1fS3k3Rmw5elM5a0RPekRCM1RhSldXQUJYZ21vRXMzVFdXVnJXQ2VQZldhcnBoQ1VpRUU4QzJscjZlbTdEM2UyUEc4ZlF2U19EWHJLTzZ6cW1CeHdjS0RVWUJDSXdiUVNwWmc?oc=5,"Tue, 13 Jan 2026 08:00:00 GMT",2026-09-23T09:29:49+09:00
GoogleNews:食　政府,食　政府,「食の危機管理」を政府一丸で対応食料供給困難事態対策法案 | お知らせ | ニュース - jimin.jp,https://news.google.com/rss/articles/CBMiXkFVX3lxTE1nZFlRZ2RBMHdWVXo0SnZpT3UwVElOUHpNY3RaN1RYXzdIamthdEE5QUZNQmRZNVJOd2ltbWJyZi00LWJMVUpzcXFxY0JyWjVUYXhZWnVteHlmVDFycUE?oc=5,"Thu, 21 Mar 2024 07:00:00 GMT",2026-09-23T09:29:49+09:00
GoogleNews:食　政府,食　政府,カリフォルニア含む25州、政府閉鎖中の フードスタンプの給付停止をめぐりトランプ政権を提訴（10/29） - LALALA USA,https://news.google.com/rss/articles/CBMiTEFVX3lxTE8zcjlFdjBQbXR5SVpSODN6Y1VISVpZYzZlOVktYmJZU0RRb213Vk41UXhQSzRpWjkxTENLWUZtSjlRWUVoUllSM2lhNWI?oc=5,"Wed, 29 Oct 2025 07:00:00 GMT",2026-09-23T09:29:49+09:00
GoogleNews:食　政府,食　政府,画像 | ｢政府の人口統制､5Gで操られる…｣《コオロギ昆虫食》給食コロッケから始まった大炎上→倒産したグリラス元社長の告白 - toyokeizai.net,https://news.google.com/rss/articles/CBMiXkFVX3lxTFBHdFk3UkZsX3FpdktadkM2cS1ibU9pNzBtZ1REeG9rcWtMMXdUdmZVdEdZa1d4b1hYNnphWEd2RUxGamUxaFo3aFJNYzRCNFVkNzZCNTNlZ0E2Z2VhX1E?oc=5,"Tue, 04 Aug 2026 00:16:20 GMT",2026-09-23T09:29:49+09:00
GoogleNews:食　政府,食　政府,【ご案内】政府備蓄米の無償交付に関する「食育」オンライン相談会を開催します - musubie.org,https://news.google.com/rss/articles/CBMiV0FVX3lxTFBNTW1CMGxTS0w0OVFBNkx6ckR4UnczOXp6Y0ZCMlFWN2dVNm1BVUM4WFFZWlZ3a3J6RFpPdDV3SGN6R1BZUEllOTZtYlZ6cDE1akV0bFRoUQ?oc=5,"Mon, 21 Oct 2024 07:00:00 GMT",2026-09-23T09:29:49+09:00
GoogleNews:食　政府,食　政府,イタリア政府、培養肉を禁止する法案を支持　食文化の保護が理由 - BBC,https://news.google.com/rss/articles/CBMiTkFVX3lxTE8xdDJTZVp3T0J5ekdRT0J4WFlldTF0WGFsS0IwbjRJYUhIMm9VaWNFVjdMU2E0M3lTal9mY0MwMGd6QTVWcDNfLTIwa2hzQdIBU0FVX3lxTE5FU2l4SE9Pa0JjdkZLSzBBRk10TzUwZnlfYWFkUE5KSFVHalJLbW12TTBzY3pTajh4UERwV29fekFVQU5JV0NyemhHc2hUNzZEa2FZ?oc=5,"Thu, 30 Mar 2023 07:00:00 GMT",2026-09-23T09:29:49+09:00
GoogleNews:食　政府,食　政府,【お知らせ】こども食堂へ政府備蓄米の無償交付の追加支援について - musubie.org,https://news.google.com/rss/articles/CBMiTEFVX3lxTE9CTDZFUkVpeERnd0VSZUlJeWVCT1Z5OE00cVJtQm9Zak8yQ2VXTThOT0V3QV9DaFI5M3dtMUp5cEZtV0o4Q01OSzVmXzQ?oc=5,"Thu, 10 Jul 2025 07:00:00 GMT",2026-09-23T09:29:49+09:00
GoogleNews:食　政府,食　政府,政府備蓄米の売渡し拡大 中食・外食・給食向けにQ&Aで詳細を提示 - wellness-news.co.jp,https://news.google.com/rss/articles/CBMiVkFVX3lxTE9MREllM1hESEtyd1lTSlFYellQTXVaTU8zWXp1SVFGZTl0bmxYWm1YZFFXaVUtSU9IcEJ4Wk9iMWVxQVRORzVzcmEtMENMa2k4NUNNbzFB?oc=5,"Fri, 20 Jun 2025 07:00:00 GMT",2026-09-23T09:29:49+09:00
GoogleNews:食　政府,食　政府,政府備蓄米 フードバンクに - jcp.or.jp,https://news.google.com/rss/articles/CBMidkFVX3lxTFAyQXFCQ3hPZWxTTXl6TUZmd2lJV2Zlejl2REZRQ1BVd2R5TU1MbjY1alVFSHpoMENBRkRNaGpJY296QmpFWVN2UTdPamRicTZHMlJ6cklUVG5FS0tLT1dxblVQeVRJQl9rbXRCZUFUekhGQ1RDekE?oc=5,"Tue, 07 Jan 2025 08:00:00 GMT",2026-09-23T09:29:49+09:00
GoogleNews:食　政府,食　政府,食支援と食品ロスの削減に貢献する「ファミマフードドライブ」 日本政府公式SNS「JapanGov」にて紹介 - family.co.jp,https://news.google.com/rss/articles/CBMidEFVX3lxTE1EWFh1bmczblBUTkFtOHpYQ2ZTN2tXZlVrcHV5VE5QRUcyRWFPajV5M0FyVnBQRnRJeDZYQldZRXVTTkp3TmlNQ1hzbk1Danh6T21CZTNzR0gzZ1hrNGctZ05LeDIyX3FxQTFodXBlVnQ1SnpI?oc=5,"Tue, 30 Jul 2024 07:00:00 GMT",2026-09-23T09:29:49+09:00
GoogleNews:食　政府,食　政府,フードバンクへの政府備蓄米の無償交付等について｜桜山 響詩朗 - note,https://news.google.com/rss/articles/CBMiWkFVX3lxTE1PMlpKRDhkU3BNb28tZTB0WGlTVW12U2xrRDEtUjNoZHN5cGxPMGhXLVBTeklHYzQ0dl81c3VPRk4ycnRLQUxRZnlIT3lwbWgtSXI0alhaY0JoZw?oc=5,"Sat, 30 Nov 2024 08:00:00 GMT",2026-09-23T09:29:49+09:00
GoogleNews:食　政府,食　政府,農水産品の輸出、さらに拡大へ 政府が決定した新たな政策の柱 : ブログ : ❤さかい妙子 練馬区議会議員❤ - 公明党,https://news.google.com/rss/articles/CBMi8wJBVV95cUxObno4cWVoU2hob2U4aGtaX1dzbDRtNEkwU3Z2MEpGbDNpVGc4MVR3U2ZPZ3pYTWVjUG9FWTNDUHZJczNoSWpmZks2ekNkbGhILVZJTUpjM0NDWDVFY1VFY0ZlNW1lcTdGZHhXalN4dWlORzM2UmEySHJnbnhWeTJyX2lwdDRkVlFrYnNRLTU1Mi0yVzJCZ3djZ0FYbVo3SkV2S2luV21JVHNIZFdZM3dWUHdUYUM2TlNYSnQ2MmhfYnhPQkxSWGg1ZElZcEJvdkh2X2F5d0x2VnF0ZFZmaVQtdXFVMFFJZ2tTMUwyUEwyWmY5ckQwMWJSSm1zZlJxeEtpNHR0TVY1QkpadGRKY0w5bUhsZXZwVWE1M0dUdzJLZlRydllJTVdrdG1QTFpqXzJqQU14RE1qTF9LaHhVRkZLVkZYdjZXQ2RWMFNXWEw1aDNmOWJZanNpblNCNDFxSGtyQmVTNEE5UXJmZjdENGVLV3JyUQ?oc=5,"Mon, 03 Feb 2025 08:00:00 GMT",2026-09-23T09:29:49+09:00
GoogleNews:食　政府,食　政府,世界韓食産業 ２０２７年までに３００兆ウォン規模に - Korea.net,https://news.google.com/rss/articles/CBMidkFVX3lxTFBLUkIxYmhLY1pfRzZiMzd1UWRETVBGWDRaTEdzeDFHdGhvVFlpV2JqcXlsNG15elJSWm9fcWwzdXlweWJTUkxGTlM4UUkxLXBtclR0bDM5TE5xcS1nczV3YzFBMFVUeGxUTTdMWUhQNHVsUDJybEE?oc=5,"Mon, 05 Feb 2024 08:00:00 GMT",2026-09-23T09:29:49+09:00
GoogleNews:食　政府,食　政府,シンガポール政府観光局が、食文化を通して新たな旅を提案 西武鉄道のレストラン車両「52席の至福」で味わう「予想外の体験。シンガポール」 - PR TIMES,https://news.google.com/rss/articles/CBMiakFVX3lxTE9aQ252SFZ3VWFReWQ2a2VIcEFNM1piQ20xQUVQcFoyaTNKcF9vUTJGQURDUEhyQXhNQzFIS2stTWNqaFlObGFXeENLTzdMT2NpVzY3S1VJTGcyS194NTZCUW9veUFVMjRRRHc?oc=5,"Mon, 09 Dec 2024 08:00:00 GMT",2026-09-23T09:29:49+09:00
GoogleNews:食　政府,食　政府,全国の困窮する子育て家庭 約1.2万世帯に届ける「夏休み給食便～政府備蓄米でこどもたちを支える～」記者会見を実施 - PR TIMES,https://news.google.com/rss/articles/CBMiakFVX3lxTE9mUUpBSDVSeXJZeWZ0UVhiYzZBeXZoV2I4dVhvVVBEZTVTZGxWQnVwLWsxQlM4XzUwWkZrR2lTckdyT1F4VS1lWXg3Z2xHT29qYUNWUWdRSkhFY0JWam91RE5kV0JaZVVQS1E?oc=5,"Wed, 02 Jul 2025 07:00:00 GMT",2026-09-23T09:29:49+09:00
GoogleNews:食　政府,食　政府,「農林水産省 政府備蓄米の無償交付の制度」説明会のお知らせ - PR TIMES,https://news.google.com/rss/articles/CBMiakFVX3lxTFBmQTh5ZVBEQVIyd1d1YnZVbHlIUTZ2QUFQcUVqVl9Bc2owdVFPemtMRVRaaUNGSldHS0lDTXRiUEdGS2c0N2FndVNxRnZScElTTGVqdG9nalBJVTdXcXIyYXE3ZHVaWXBwZ0E?oc=5,"Mon, 07 Oct 2024 07:00:00 GMT",2026-09-23T09:29:49+09:00
GoogleNews:食　政府,食　政府,チェコ政府観光局がチェコの「食」に特化した パンフレットを制作 知られざる美食の国チェコで2023年に開催される 食のイベントを紹介 - アットプレス,https://news.google.com/rss/articles/CBMiTkFVX3lxTE1ja2lvSWh4TUJNX0dQcXRNQ0ZJNmJIX0tEWEpnV2dlZDVQWGhTenRkUVNVQlRXVVBkeklSNTY2X2NnNS1qV3N2NXlNV2VnUQ?oc=5,"Tue, 28 Feb 2023 08:00:00 GMT",2026-09-23T09:29:49+09:00
