source,query,title,link,published,collected_jst
GoogleNews:コンビニ 新商品,コンビニ 新商品,【9月8日発売】コンビニ各社の新作アイス食べ比べ！今週買うべき商品は？スイーツライターが正直レビュー - Yahoo!ニュース,https://news.google.com/rss/articles/CBMiiAFBVV95cUxPdmNRM090WUwtdTlQaHVxZzFKX3NLQ0tzQTZpRllscDJ1THBXaWdWN3g0d2JHMTloSG5UMWtHbGNIam9yaDFOdGtSWGhpeDhkenNVMDVGbURJOFNEaFdQcklvb0FHWGhyVHlETEZjWXJ0Y2V5STQ2aGlkU3BjZERBUV83OXNxeE43?oc=5,"Fri, 11 Sep 2026 12:28:42 GMT",2026-09-12T09:15:58+09:00
GoogleNews:コンビニ 新商品,コンビニ 新商品,韓国コンビニで買える最新Kデザート3選！話題のお餅スイーツから新作クリームパンまで【ハングクTIMES Vol.277】 - オリコンニュース,https://news.google.com/rss/articles/CBMiUEFVX3lxTE8zY1FNbUg4OVBxYmtZbzRTRE5GQ3M4aktxRG1FWHI1dk1IclRnMF9yOF9keU1UZUR4VUZ1bWpnWHY2cW56eUpMRTdhbjdENW9J?oc=5,"Fri, 11 Sep 2026 07:10:00 GMT",2026-09-12T09:15:58+09:00
GoogleNews:コンビニ 新商品,コンビニ 新商品,【2026秋】極上新作アイス11選！コンビニ・スーパーで♪雪見・ハーゲンダッツ・パルム - いこーよニュース,https://news.google.com/rss/articles/CBMiUkFVX3lxTFAwbjVROHF5TUhWT1drYkYyUENxRlMwWTRHa2p4VEVVR0xFWDF1N2Q4bW5BN0JSNHlTN1p2SUUzamozb2NtejR2bFk1eDczbUVrZ3c?oc=5,"Thu, 10 Sep 2026 07:17:06 GMT",2026-09-12T09:15:58+09:00
GoogleNews:コンビニ 新商品,コンビニ 新商品,【コンビニ新商品】9月8日発売の気になる商品を実食！スイーツライターのおすすめは…？（なかべぇ） - エキスパート - Yahoo!ニュース,https://news.google.com/rss/articles/CBMiiAFBVV95cUxNdTVFWEFuTUNVT1k2N3dQOVhxZURYa3RXV3IzNEs2aEVyQy1sS3IwWC1hTGhhUFdZUEZUdm1QcGxqOXpVZFhrNGFqSUtKendLOWc5U210QVVEUzkzbXpFQ0p3Q0pwV3ZPMEFjdTl6Q1IzT1VnVFJCd242ek1WTmZRbUxSVFBvSG5f?oc=5,"Tue, 08 Sep 2026 06:44:42 GMT",2026-09-12T09:15:58+09:00
GoogleNews:コンビニ 新商品,コンビニ 新商品,「真顔で食べられない」強烈酸味も！コンビニ最新グミ19選 - tbsradio.jp,https://news.google.com/rss/articles/CBMiUkFVX3lxTE9KM1owQ0EweVJCVS04ckFza0FJczN5LWdhSGxfdmZXamlOTkh1SDZrTElScWZZeFNtaXBPWTQ4UFBBMC1reXVNWTFUdVdmN2ZzZFE?oc=5,"Fri, 11 Sep 2026 02:00:00 GMT",2026-09-12T09:15:58+09:00
GoogleNews:コンビニ 新商品,コンビニ 新商品,セブン-イレブンから新登場!! 間違いのない美味しさ「397円の新商品」を実食レポ（いぬきち） - エキスパート - Yahoo!ニュース,https://news.google.com/rss/articles/CBMiiAFBVV95cUxOZ3FiNl8wMDFBVTQtWUNRcFM2VnZoV1pCU0RWUmhoYXBGUjV6Wm9ER0VsZnNFcGhja0FYck1vWGRaOG5KaWpEaUI0SG1TUXRyaVl1SzQwVzRpUkZaRnp6OFkyMHpoTGVfQ0xFU3hNdFcyY2RGOVlCVGdjYl9EZ0cwdkgxbHp0eXpF?oc=5,"Thu, 10 Sep 2026 18:01:24 GMT",2026-09-12T09:15:58+09:00
GoogleNews:コンビニ 新商品,コンビニ 新商品,セブン-イレブンから新登場!! 食べ出すと止まらなくなる美味しさ「289円の新商品」を実食レポ（いぬきち） - エキスパート - Yahoo!ニュース,https://news.google.com/rss/articles/CBMiiAFBVV95cUxNUVZ5SXcwWjBVeWxncHlvNFB2ME5oSk9LdFVmRlcyLXF0MTNTc2FxUFdYTjFrdTNXWm1TeERrNml4d3c3eHBuLXZNYjdMdlprclBuaE5xeE9IakNtWUZDekV0ZlFqN3VlakdiTWZjZVpTOVJJT193TEwxNERpdllfMzl6WjF2akht?oc=5,"Fri, 11 Sep 2026 18:45:15 GMT",2026-09-12T09:15:58+09:00
GoogleNews:コンビニ 新商品,コンビニ 新商品,【これはハマります！食べ出すと止まらなくなる美味しさ！】ローソンのコラボ新商品に歓喜！（キャプテン福田） - エキスパート - Yahoo!ニュース,https://news.google.com/rss/articles/CBMiiAFBVV95cUxPWVhvSnVwelYwb2JhaVBSVUZudUlJcWllSm00LWJYRks0LURmWVRKeWVScFR4WTRPSjlFNEItdnZqdDZLczFCaDBHMTVQeXRwQUE0c01nRExjamdSVmdxN09KRDhYSHlNN2VXbW1ESWw1ck5aNko2aUdEZHQxRWM2UExrRzRGZFIw?oc=5,"Fri, 11 Sep 2026 20:55:12 GMT",2026-09-12T09:15:58+09:00
GoogleNews:コンビニ 新商品,コンビニ 新商品,【ペヤングの焼きそばがまさかの生麺に！しかも美味しい！】ファミマ「コラボ祭」の新商品に感謝感激！ - Yahoo!ニュース,https://news.google.com/rss/articles/CBMiiAFBVV95cUxNajdmLXBKeDV5QzBXeFJOZUR3eUhZMnl5dDlKcGp1Skp4c0xHeTdvZk43V2xERjI0LUZzU3d0UTZwakw4TF9Lc1dHUzB6eUxNY3JkU2UxMDlYVEpjWlFTT05veGJUdEVWY3oya0s1TjlzV2pPTVhPbVlrWHNIUDJiSkdDSnhNbE1L?oc=5,"Fri, 11 Sep 2026 15:35:17 GMT",2026-09-12T09:15:58+09:00
GoogleNews:コンビニ 新商品,コンビニ 新商品,【ちいかわ】新商品！「ちいかわペロペロチョコ」コンビニに新登場★かわいすぎて食べられない…ってコト？ - Yahoo!ニュース,https://news.google.com/rss/articles/CBMiiAFBVV95cUxPcEJKQU5ISHVuY0FaOTBhS3NYUXdCZ1JmNVRRQWRLSjNoVUwtdHBlZzdFMFVURXVVYzk2V2M1TGhpT0ljcnZpdmtMQ3pfTmg0dmlDUU5EUXY3RThreENVNUhPMnpfTHVZcmJoNVJ4cTUxSVItYjZoMlg0SmJkOU5pLXgtZnk2bTNN?oc=5,"Fri, 11 Sep 2026 09:00:54 GMT",2026-09-12T09:15:58+09:00
GoogleNews:コンビニ 新商品,コンビニ 新商品,セブン-イレブンから新登場!! ドハマり確定の美味しさ「話題の新商品」を実食レポ（いぬきち） - エキスパート - Yahoo!ニュース,https://news.google.com/rss/articles/CBMiiAFBVV95cUxPYmY5LXRaTy0xdEtsc214UFBDb1VXRVZCV2xBVE9oYUoyemF6ekhfeUlPVXZhZnBMUEp4dzM5YVpUTTJDRFBzcGtuN1dyRUdzT0xzdzg3VE8zRFpqWTdQM0ZUZGhRaHg2NTREUEdrUzdJLUNFYnBJVHQycXl2VldDMWVqN2lNRjcy?oc=5,"Wed, 09 Sep 2026 14:01:25 GMT",2026-09-12T09:15:58+09:00
GoogleNews:コンビニ 新商品,コンビニ 新商品,セブン-イレブンから新登場!! 優勝すぎる組み合わせ「289円のおむすび」を実食レポ（いぬきち） - エキスパート - Yahoo!ニュース,https://news.google.com/rss/articles/CBMiiAFBVV95cUxPOENyRWpTV3ZlSTRzdHJ3M2RnT1kwY2RwZFpuRkVGZy0wMVktXzJqLW8zUFdOZk9ENnZWNDNNR3RKSU51MVgwVURtUGh0cVFzVzZxM0ZRZVFPbUY5ZHk4UUtNdld2RklhUVJ0VGx6a3ZHOXl5SmowdWNzV0tXdDFyNk55YWZsV3M2?oc=5,"Thu, 10 Sep 2026 00:35:32 GMT",2026-09-12T09:15:58+09:00
GoogleNews:コンビニ 新商品,コンビニ 新商品,【コンビニ新商品】9月1日発売の気になる商品を実食！スイーツライターのおすすめは…？（なかべぇ） - エキスパート - Yahoo!ニュース,https://news.google.com/rss/articles/CBMiiAFBVV95cUxQY1hqSEZzSGFJY2JLaUZwRjdPY2lXazBhYXpzZGp2MFZUT2otbzZvMGNGRUpDa0VWLWFTZ2tPS3Y2c2o2U3V3UWVHTEh1Z19ITFItRlhOU3ZfTjB5bUM1c3J6STNmSDJDeTBFSDV5U0s2RHpQeHV3OXRaLTkyYUdHaUhTcVlSS2tq?oc=5,"Tue, 01 Sep 2026 05:58:45 GMT",2026-09-12T09:15:58+09:00
GoogleNews:コンビニ 新商品,コンビニ 新商品,まるで『モンブラン』みたいなローソンで人気の定番スイーツ新商品をコンビニスイーツブロガーが食べてみた - Yahoo!ニュース,https://news.google.com/rss/articles/CBMiiAFBVV95cUxQMXB6SjdrWm1oeHYwOXRPbzNYWDNBWkZHMlhtT2hiX25rdnhzZmFlVFpQajd1WHlZdTVPWEpaU0llbDFUUVdfbXJkdlJhNUtfWUk0V3E3OVJyX25lcDE0N0ozdWRKTHpvR3ROdGZtNTlLYmgxb0VGX2NTUGdvcDdnR3lFd1N6QjlY?oc=5,"Tue, 08 Sep 2026 10:01:22 GMT",2026-09-12T09:15:58+09:00
GoogleNews:コンビニ 新商品,コンビニ 新商品,【これはスゴイ！マジで美味しくてビックリ！】ファミマ「コラボ祭」の新商品にハマった！（キャプテン福田） - エキスパート - Yahoo!ニュース,https://news.google.com/rss/articles/CBMiiAFBVV95cUxObTVCWnNZOUxTRG9ESzY0WXprNTFoUjJjVlFBR3F6WGctdHJOSmgtaFN1TzlPQUNlNVk4MVNBRnhqUFpjd3l2QjYzMFNOYlVxVDJzRVVWalA4VVFCX1JaRlR6SnQ4MnZkaTFTbURSYWdKY0ljN0l5Z1NiN3hDRktORjZ3TFBtakYy?oc=5,"Tue, 08 Sep 2026 20:55:11 GMT",2026-09-12T09:15:58+09:00
GoogleNews:コンビニ 新商品,コンビニ 新商品,森永乳業の人気アイスバー新商品！カスタードプリンみたいなキャラメルアイスを食べてみた - Yahoo!ニュース,https://news.google.com/rss/articles/CBMiiAFBVV95cUxNdXllSmszSjh3ZHdGeFRwaGpJSVdXclp5eXFrMDdnYXBqZllfWndzZkJCemt2ODdQR0dPSm1lSXY4NkxiM3F4TTJHcmdWRG04cmdIMWdMQWtvOGdYd19QSE5sWDBzUUdEd2l0dDJlNkJ1cElualB2ZDAxQVd5OFVQNWNKRkExRm81?oc=5,"Fri, 11 Sep 2026 10:01:20 GMT",2026-09-12T09:15:58+09:00
GoogleNews:コンビニ 新商品,コンビニ 新商品,セブン-イレブンから新登場!! 見つけるとつい買ってしまう「213円のスイーツ」を実食レポ（いぬきち） - エキスパート - Yahoo!ニュース,https://news.google.com/rss/articles/CBMiiAFBVV95cUxOZTFpeVNGeWVObzZ4Tnc5WWZqVzlZUzVDdGZxUW91anNOTlBzYVRzTzNIQmFsX0ZzYmV4dHpSUDNxeEprR1hQTmd6eUpjYnNGaFhZd3U5a1l1Y0RROWVpaTJwMlNHcTl1VU0zdUVnQl9GUW81SlJSWUVqSGdBcVY2TEhUQTBrdkQ2?oc=5,"Thu, 10 Sep 2026 14:01:01 GMT",2026-09-12T09:15:58+09:00
GoogleNews:コンビニ 新商品,コンビニ 新商品,【セブンイレブン】お店で焼いたクッキーにさつまいもが新発売！【コンビニ新商品】（なこくん） - エキスパート - Yahoo!ニュース,https://news.google.com/rss/articles/CBMiiAFBVV95cUxNY2dVREtYQUtxQXd5NUVCVXRub0RfVm5XT05FNFEwT243Yjkyb2RYTFJZQmFNaWl3YlJ1ejl6SnBCQjZOczExZnp0c0lBREVjVTVZQmhFbExrbG1rRG1LTl9rWXZuYnpLQmp6dl9GNnpiMDJfdjQwMkdwZktUaHZpZ2ZjVGtYWk5B?oc=5,"Tue, 08 Sep 2026 21:31:08 GMT",2026-09-12T09:15:58+09:00
GoogleNews:コンビニ 新商品,コンビニ 新商品,【これはスゴイ！デカくて美味しくてボリューム満点！】ファミマの新商品に歓喜！（キャプテン福田） - エキスパート - Yahoo!ニュース,https://news.google.com/rss/articles/CBMiiAFBVV95cUxNalNVcnEydzNuVjZYX2huVUoyakFEN3JqT1NVdUZvS2tsM3NPQmJJVDBLdGxuclhRZXI1TWlKSm9MOGMyMGdYQUVyU1k2REdzQ0hJR05DM1FyYVlDeVc3N3FxOVdnR0ZDbHdLUHRCYWxrYjgyRHhERnZuUkZNdGF5TnBPUTJBRHpT?oc=5,"Thu, 10 Sep 2026 20:55:11 GMT",2026-09-12T09:15:58+09:00
GoogleNews:コンビニ 新商品,コンビニ 新商品,セブン-イレブンから新登場!! この時期に食べたくなる一品「213円の新商品」を実食レビュー（いぬきち） - エキスパート - Yahoo!ニュース,https://news.google.com/rss/articles/CBMiiAFBVV95cUxPc2Y0TzJMNVpqU1Vyb0VjTW9pbG9lVkVJRE5tcm9aOHJIclBVdDJVZzJMSWZ2ejVlc2dMZlJfbEJQNnRSY2tKcXpGYkVnenpaMGRLaHhOMk5pTDJfMmNLSHdZTVB4bnhlVnU3MjIwZ3VzcmtpLW9YZE5hV21Bb3Z0eXhmU3JNQ3k3?oc=5,"Wed, 09 Sep 2026 22:31:10 GMT",2026-09-12T09:15:58+09:00
GoogleNews:コンビニ 新商品,コンビニ 新商品,ファミマ45周年記念！過去最多のコラボ商品が登場！ あの味だから、うまいの確定。 「ファミマとコラボ祭」9月1日（火）から開催 全15企業のお馴染みの味がパンやおむすびになって全18種類が大集結！ - family.co.jp,https://news.google.com/rss/articles/CBMid0FVX3lxTE11eEJ5SDlpcDFCWUUxTFFNSm4yQk1DOG1hc2NVcnVPRFU3Z3V6UmRMOFBjRGFhczBjUElFSDE4cDVUOTlpM2dzY2JiQ0NqYnpoREktYWlFUi1kV2ZGaE5YY2dIOU9YUXFoSVBEQ19Sd2o0Vi1zQTVZ?oc=5,"Mon, 31 Aug 2026 07:00:00 GMT",2026-09-12T09:15:58+09:00
GoogleNews:コンビニ 新商品,コンビニ 新商品,セブン-イレブンから新登場!! ミルクの風味にドハマり確定「246円の新商品」を実食レポ（いぬきち） - エキスパート - Yahoo!ニュース,https://news.google.com/rss/articles/CBMiiAFBVV95cUxOczJ3ZkVfOHpaTThUSWx3QzQ0MUZQRG5nd0tlOHo4OFBONmw5V2hiYVI5R1hFa0VwZ1o5YS1INGMyLVZOTlh2UnkyX0xXemsyUVR4ZzM5azZFQ180OVJiYjB3OXNEbkxWeHI5TjkwZ3ZSLWFpSXY2QndmdW5ZU3R1SmluV3NSVWty?oc=5,"Thu, 10 Sep 2026 22:01:21 GMT",2026-09-12T09:15:58+09:00
GoogleNews:コンビニ 新商品,コンビニ 新商品,セブン-イレブンから新登場!! 何度も食べたくなる美味しさ「429円の新商品」を実食レビュー（いぬきち） - エキスパート - Yahoo!ニュース,https://news.google.com/rss/articles/CBMiiAFBVV95cUxPamtGeWRCcmNLdDR6NFBkYUl5LXhPX2RHVFVQWmRIel91WTJXLWwzblV5em1XU1RIVld3RWtuVld3bUxOUTJEUy1la0VDSlhWbmNuX3hEZzdzTzdnTkVrbWxGYV93NGR2azVhUVJnLWVYVnBtWGwzUEtfOWJYVFA2TVNXbF9IOS1u?oc=5,"Fri, 11 Sep 2026 00:01:31 GMT",2026-09-12T09:15:58+09:00
GoogleNews:コンビニ 新商品,コンビニ 新商品,ファミリーマートから新登場!! 1個55円で爆売れの予感!?「220円の新商品」を実食レビュー（いぬきち） - エキスパート - Yahoo!ニュース,https://news.google.com/rss/articles/CBMiiAFBVV95cUxNRHE3RFh6OWUxX0F6bDh3cjdUSWtmRDR5X3pGMTJ6d2ZyYzhoOU81dThac3BhcTMwTl9QUVFaUXRwZjgwdFprUElvaDBabVhVcFpjMGNMNU42ZXgzNlB4SHZVVHlWaXFUQjBndUJxYkV0X0hfYUZwX3ozenZORmhoTWFmSUZOdGlh?oc=5,"Tue, 08 Sep 2026 22:00:55 GMT",2026-09-12T09:15:58+09:00
GoogleNews:コンビニ 新商品,コンビニ 新商品,ファミリーマートから新登場!! 想像を超える辛さ!?「コラボした新商品」を実食レポ（いぬきち） - エキスパート - Yahoo!ニュース,https://news.google.com/rss/articles/CBMiiAFBVV95cUxQeDdDNkZLSkN4RFhueERrdlRKOFNnVmpubGNSZXlkNmJHendWRnJSZ0VXVEprVU9RQzRybnNsd2c5RXA0SDNtUDQ3Sy1JUnJhZUxOMzJLcHRwM1FfUk5mOFNvTkc2VUs5NHBFTEF6T3ZEcEExZ3ZjNVFmcDN6ZE1fU29NZk5CRGlK?oc=5,"Thu, 10 Sep 2026 12:01:09 GMT",2026-09-12T09:15:58+09:00
GoogleNews:コンビニ 新商品,コンビニ 新商品,【今週の1位決定！】スイーツライター厳選！今すぐコンビニで買いたい絶品スイーツBEST3（なかべぇ） - エキスパート - Yahoo!ニュース,https://news.google.com/rss/articles/CBMiiAFBVV95cUxPU2R5SWFtQThjZnM1d3R3UXlQWUJ4Rkl4b3ZSdGdleHJwREhZUzhQcjFaWVNTNkEtVmp5ZXhvTjZYc2pqUkJtSmN1Q3prQ08zcTBYdlEwamVEMHhkYTlyRGlrYXdlQTF1N28xNmZVOFlmVm13T3d4X3J5YUpUN2NwV0ZtTDJ5QWk4?oc=5,"Fri, 04 Sep 2026 02:55:16 GMT",2026-09-12T09:15:58+09:00
GoogleNews:コンビニ 新商品,コンビニ 新商品,セブン-イレブンで話題の新商品（289円）を買ってみた ハッピーターンとコラボ（進撃のグルメ） - エキスパート - Yahoo!ニュース,https://news.google.com/rss/articles/CBMiiAFBVV95cUxOX3E5QjVlLUdBWjlfWW9iOWxtOS1fWXJ0N193MWVkS2VUQnMzYnNBamhmYXdpbkVjR0VrSnFqR1hCWGFQSHVPUmlfMk5xeF9UbllGeGduVzF5N2tjTGRyLWpwVExfeTlMa0xnUWZwQ0pXVEx3MWk2c0t1bXBTY1RwLTM2WkxmSk5y?oc=5,"Wed, 09 Sep 2026 08:24:24 GMT",2026-09-12T09:15:58+09:00
GoogleNews:コンビニ 新商品,コンビニ 新商品,【想像を超えて来た！クリームがめっちゃ美味しい！】セブン‐イレブンのスイーツにハマった！（キャプテン福田） - エキスパート - Yahoo!ニュース,https://news.google.com/rss/articles/CBMiiAFBVV95cUxPdTdwbDFnSDFNZmgtVFJLZE84bTNUdjk4SWVDallvbjRCTU0wU1hlSGduazJTSndNMFNWR0JPaG1Pb3NjcmhlX2wyNi0zUzR1LUI2Y3liSzdWYk4xTFk5S3lKeDlpTTJrU3M3Y05VWjlkVTFWYXQzRDJPeDhjRjlDdFZNMzhzX0xO?oc=5,"Mon, 07 Sep 2026 15:35:18 GMT",2026-09-12T09:15:58+09:00
GoogleNews:コンビニ 新商品,コンビニ 新商品,【9月15日発売】ローソン 新商品スイーツまとめ「ごろっと栗のモンブランケーキ 2個入」「巨峰ティーフラッペ」など - えん食べ [グルメニュース],https://news.google.com/rss/articles/CBMickFVX3lxTFB5SGZ0WmR4SF9MdWt6M0VZQ2kyVUt6MG81cHI4eHFlSjdVQ1g3bUxoaThhYXhhenpUanpQc1pDcGdYZjBLczlkaDFCdjd5S0hfRWdxcmJDaXdTV0VMcjF1RmdPWnBJSUNrU2k4M2FGZVdCd9IBd0FVX3lxTE5ielNGS2gyd2R6Mkp6enhPWm5FUVRKWlhkUURrYzRjQXJHSVRlS1RUZ0RpSldiRXlDMEthMVRRVDU4XzFFc1V1dFBMYXlVTGtrWWNEc2NYVzlZVndkU0ZNNlBvSjl4UmwtYVBqUkF5R3FmME00UC1r?oc=5,"Fri, 11 Sep 2026 10:00:00 GMT",2026-09-12T09:15:58+09:00
GoogleNews:コンビニ 新商品,コンビニ 新商品,【これはハマります！もう1個食べたくなる！】ファミマの新作パンに歓喜！（キャプテン福田） - エキスパート - Yahoo!ニュース,https://news.google.com/rss/articles/CBMiiAFBVV95cUxNZmxldllsLXVrM1lUcDBFTU5UdGItY19xVDE4ODlwOGNHTzYxbllkSHJRWFVJZTBVV1czLUtvSnVuZE5McTZ0ekhYaXNiSlhKN3BpVHZFbWJnVUQ2eGpQWW9YeXhmaENaay1jU3ZaeGdjY1NSMjlOaWZyVXR3aWpVcG1PVFlQX3JY?oc=5,"Wed, 09 Sep 2026 20:55:10 GMT",2026-09-12T09:15:58+09:00
GoogleNews:コンビニ 新商品,コンビニ 新商品,【これはハマります！マジで美味すぎる！】ローソンの絶品スイーツに歓喜！（キャプテン福田） - エキスパート - Yahoo!ニュース,https://news.google.com/rss/articles/CBMiiAFBVV95cUxOdExjc0RPWk0yWHFOTl9yOVh6WTRnbS1laTNVS0hZY0VYazlJQUdubmxpQktMZVQxZzZpY28yWXN5a1oycWZBTDVJbXhtUDFZclhFZnVjMnQ1X2Z5c3hOMXNWeDFVQU5BUGQ4SUNTSHY0a3lPNHgyYVktcEh3dGJFLVNpYTNsTXpT?oc=5,"Wed, 09 Sep 2026 12:55:14 GMT",2026-09-12T09:15:58+09:00
GoogleNews:コンビニ 新商品,コンビニ 新商品,【ジョブチューンで最高評価の名作に新味！マジで美味しい！】ローソンのスイーツに歓喜！（キャプテン福田） - エキスパート - Yahoo!ニュース,https://news.google.com/rss/articles/CBMiiAFBVV95cUxQbU9DUmJ3eGJ0ejVnZ0ktM05lM3NvOFAxNnFsdFJEanE4SFpIcmJWTmI0TjJfUmxlQ1dNRVlzYzdUMjRSTFZyb1l4VDg2Szc5RjEyZk5zOUt4dWNlS1JmZlhXSnhTeC1DWjFtOGl3TW5QNk5BcmpFQXNjNGVpSm1Hb21lWVg2ekpK?oc=5,"Mon, 07 Sep 2026 12:55:11 GMT",2026-09-12T09:15:58+09:00
GoogleNews:コンビニ 新商品,コンビニ 新商品,セブン-イレブンから新登場!! やみつきになる美味しさ「BTSと共同開発したカップ麺」を実食レポ（いぬきち） - エキスパート - Yahoo!ニュース,https://news.google.com/rss/articles/CBMiiAFBVV95cUxNRHl1TUFLcGhncGpFRzFVZFJhd0F3bVZVdXJudkltV1dnZ1FYRjZIbENrTm9FWEZub0VCeHZTWElkR1hmTXlPMnV5ekswNFZKcklaT0xYZGVyQ0J1elBQSGVPNFBidWVGVTJIVmVxcmIzelBfWFdFNHlMSGlxdlg0SDV4UFEyX2R2?oc=5,"Wed, 09 Sep 2026 18:01:13 GMT",2026-09-12T09:15:58+09:00
GoogleNews:コンビニ 新商品,コンビニ 新商品,【これはハマります！食べ出すと止まらなくなる美味しさ！】セブン‐イレブンの新商品に歓喜！（キャプテン福田） - エキスパート - Yahoo!ニュース,https://news.google.com/rss/articles/CBMiiAFBVV95cUxQNW15MUJZZmxROFR3ejc1SDhacGVnQ1hxVUlzMWpzRzN6RVlMTGFlTGxVcUY1QWliWndCcWNxVzduLU12WGJESGpERHhhMndyT0FfbVlGd210azk0ZkVnbHJOMXZHdmtodnJqTWJSX3NvSGpBaGYxcmN3VjdwcnoxYkZlRDBaVXJ2?oc=5,"Fri, 04 Sep 2026 20:55:12 GMT",2026-09-12T09:15:58+09:00
GoogleNews:コンビニ 新商品,コンビニ 新商品,ファミマ45周年記念！「ファミマとコラボ祭」｜キャンペーン - family.co.jp,https://news.google.com/rss/articles/CBMie0FVX3lxTFA3eE5Ndmh0Qk1XUV9TeTJ0N3h6TmUwX3R6clN3WG5TZ1dZbm5HMG1GM1N4M0tHb0xwOURoXzdhNG1DWmhVUWlZOVJoQTB1UjNUV2tUSzVBVWRnNHdnRS1NSk1kX1ZHdXpjWkMtcVAwOW1pMFJJdWRzOXRpSQ?oc=5,"Mon, 31 Aug 2026 03:03:04 GMT",2026-09-12T09:15:58+09:00
GoogleNews:コンビニ 新商品,コンビニ 新商品,【想像を超えて来た！めっちゃ美味しい！】ファミマ「コラボ祭」のアイスにハマった！（キャプテン福田） - エキスパート - Yahoo!ニュース,https://news.google.com/rss/articles/CBMiiAFBVV95cUxQX0N6UE9wRU5kUDVwYXg4azJnemxhUGFhclg0eExVdV9jNC1tRGdadDVxX1VQREQ3cVp3T1VLVXdydW5uYlFPYUtHLUUtSFJTNUFLbnJSTzVVdmxwRkVRZy1sR1FoN2E0SUotSklEeUJOS2RhVWdKaUlUQUtjTWs1OEs4S0RGZnJu?oc=5,"Wed, 09 Sep 2026 15:35:28 GMT",2026-09-12T09:15:58+09:00
GoogleNews:コンビニ 新商品,コンビニ 新商品,黒ごま和スイーツみたいなハーゲンダッツの期間限定新商品を食べてみた（かな@コンビニスイーツブロガー） - エキスパート - Yahoo!ニュース,https://news.google.com/rss/articles/CBMiiAFBVV95cUxOY0l2UnV5WXU3dEsyRmRPVjhNWXZkUkFwaWwwUG1sX2t3d2JQaE9Na0ZzYjZqMWR3RGxHUTlaUnFrVFZYWVpqNktZMktDUVlQM3d5RXVPT1lGM1NnWURtYS1sU3h0Yl9aRWhyQUpOdDduQ3FBbVBIcjNGbEtoNks2U2pKTGVlcVVt?oc=5,"Tue, 08 Sep 2026 06:01:25 GMT",2026-09-12T09:15:58+09:00
GoogleNews:コンビニ 新商品,コンビニ 新商品,【2026年9月第2週】コンビニドーナツランキング1位はきなこドーナツ！新商品・久しぶりランクインも続々まとめ - もぐナビ,https://news.google.com/rss/articles/CBMiZkFVX3lxTE9rRjYyd2xHa0I1MjZHd05kb2xvVFc2eFluejQycS1kZWNmQXVzMHhObWVfTUFkT1NvZE1DZFdkYWdkX0pqOE43b1I2WG1zdWFXd1dXWTdxMkROeFd5dS1OcmxIRDR0Zw?oc=5,"Fri, 11 Sep 2026 05:02:51 GMT",2026-09-12T09:15:58+09:00
GoogleNews:コンビニ 新商品,コンビニ 新商品,【2026年9月第2週】コンビニスイーツの新商品！なめらかエクレアや生カヌレスティックなど話題作まとめ - もぐナビ,https://news.google.com/rss/articles/CBMiYkFVX3lxTE9VVlJBR0ZCRGh5aHB0Z3hXNm9LVllVWTZabHJGQVdQTjBQcWFGUm0yUGxXcEFjZTlxd01HTTRvWGFjU3dYWGxCUzBiZkM2Tk5xQ3ZrQlVPOG9vZEVWdVdaRkln?oc=5,"Wed, 09 Sep 2026 06:16:41 GMT",2026-09-12T09:15:58+09:00
GoogleNews:コンビニ 新商品,コンビニ 新商品,セブン-イレブンから新登場!! やみつきになってしまう美味しさ「192円のおむすび」を実食レポ（いぬきち） - エキスパート - Yahoo!ニュース,https://news.google.com/rss/articles/CBMiiAFBVV95cUxPZHZNdHZpcEtRS19qMjlHTjdnc280cGQ1RE1SSno1VXc2S05zcFpIVTBCUUVPaUF0VFlUSm1wblhxdl9pbURTSXpVQzVNUndfZk0xWjhwbC14QjhOQkJ5Q3ZQbmJMX3N6TGJfWDhja1VHdWV5OWU4TGl3MXdCc1VJQ0l6ekNNU0l5?oc=5,"Tue, 08 Sep 2026 00:01:20 GMT",2026-09-12T09:15:58+09:00
GoogleNews:コンビニ 新商品,コンビニ 新商品,【2026年9月第2週】コンビニスイーツランキング1位はローソンもち食感ロール！秋の新商品続々まとめ - もぐナビ,https://news.google.com/rss/articles/CBMiZkFVX3lxTE5oWmJpdXZuSmVuWU9KSVN3aXB3VXJsaXA0UzhMZEV1Nl9yaW9naFZ4ZmhJRzVyYThWVzA1NTJUSFlVc3U1R3ZQSndqZ1RPQUpVLWdycDBhNVd5SjBuc25SSmduNllNZw?oc=5,"Fri, 11 Sep 2026 01:21:02 GMT",2026-09-12T09:15:58+09:00
GoogleNews:コンビニ 新商品,コンビニ 新商品,【とんでもない新作キターーッ！】発売早々コンビニに駆け込む人続出！？「やばい、笠間産って本気じゃん」「全種類食べます！」ファン歓喜のスイーツ - ヨムーノ,https://news.google.com/rss/articles/CBMiREFVX3lxTE5oZVlqTnkxZ1JqTHctVS16NnVQOXlwODRtb3gyVmlaMlZqWndsUkJmN25PZHVYbTZLZC1CeTJHY3VHa1ZC?oc=5,"Fri, 11 Sep 2026 08:00:43 GMT",2026-09-12T09:15:58+09:00
GoogleNews:コンビニ 新商品,コンビニ 新商品,【2026年9月第2週】コンビニホットスナックランキング1位は激辛！台湾ミンチカツ！新商品・急上昇商品まとめ - もぐナビ,https://news.google.com/rss/articles/CBMiZkFVX3lxTFBwUGs2eEhwSDd5VnZPRTJrbENNOWk0ZGl6djg0WnZpTjl2aVViTFlOdGhXSjBXMlV1SllyY3hnLVQxaUc1TEtDQVkzc3dsNTZ5blh4STRHZzhBbjc4XzJkZ2o3WW94UQ?oc=5,"Fri, 11 Sep 2026 02:33:56 GMT",2026-09-12T09:15:58+09:00
GoogleNews:コンビニ 新商品,コンビニ 新商品,ファミリーマートから新登場!! 箸が止まらなくなる美味しさ「人気店監修のコンビニ麺」を実食レポ（いぬきち） - エキスパート - Yahoo!ニュース,https://news.google.com/rss/articles/CBMiiAFBVV95cUxNNENXaThIYTRzdkM1ckZtTXlPM1FmajlRLVFId3NSRlJMTWFLMnZTMjB2QWVVdHAyaGFrSVFpYzJobWxwU1lJdWkyOWJ3RUU2OFB0WlVyeVNhM211cC0zclJtVFVqeEQ1OWFuakFwSFdkOGc3cC1naFRhNGxPTks4eTFfeXozZ3Rh?oc=5,"Thu, 10 Sep 2026 06:01:08 GMT",2026-09-12T09:15:58+09:00
GoogleNews:コンビニ 新商品,コンビニ 新商品,【これはスゴイ！名作スイーツが1.45倍の爆盛りに！】ファミマの新商品に驚嘆！（キャプテン福田） - エキスパート - Yahoo!ニュース,https://news.google.com/rss/articles/CBMiiAFBVV95cUxPTmhnRzRxZkFaYTN4cEdoSmpvSjAzYzBCWXVDdHZpYWR2WlJDeGViYTQtQ1ZQeWJSOVoxVXdHQ3N5OEE0QjJLMUVNTEdmUjhwcDhGc056VDFjT2F5RHhCMFFjUkdhMkx3elNILXhMS2g3RW9RT25TYnN1eE1XeE9zNmVHVmdIS3Fq?oc=5,"Sat, 29 Aug 2026 07:00:00 GMT",2026-09-12T09:15:58+09:00
GoogleNews:コンビニ 新商品,コンビニ 新商品,ファミリーマート限定「生ペヤングソースやきそば」を食べた正直な感想（進撃のグルメ） - エキスパート - Yahoo!ニュース,https://news.google.com/rss/articles/CBMiiAFBVV95cUxOYlUwQ2JoMzVxZWVwTWY5aDNYYnFja0l0Y2JMT0VDMEotQlJWMTJXTHphc1N3SXBjaDdZNDZzWmtrQ293cE8zZXRVYWl0amRCeV9sNzdrSnZRUHp5SE56YWhHMVRZNDlCbnlHVzFwc0xSdHN5bGV4SDRjOF8zbmhXZFc2VE5aWkow?oc=5,"Tue, 08 Sep 2026 07:27:00 GMT",2026-09-12T09:15:58+09:00
GoogleNews:コンビニ 新商品,コンビニ 新商品,ファミリーマートから新登場!! ファミマ45周年記念コラボ「398円のサンドイッチ」を実食レビュー（いぬきち） - エキスパート - Yahoo!ニュース,https://news.google.com/rss/articles/CBMiiAFBVV95cUxPNzFUZG4wSkI1a2VRUGlLeDhKTmRoWGJCaTJsY0otUlRpQklld1pYZGxiR1V5NzdMZjV3SUk5Y1ZEakY1Nks0TWp2UHRScmJYZFUyUVdNWHYtY0llc1RLU1NBS1RSdm5EeEk0cUdtLVpiUzNITzlaMTBEMXpEZjJsbzhWRDI4bUR3?oc=5,"Mon, 07 Sep 2026 22:15:28 GMT",2026-09-12T09:15:58+09:00
GoogleNews:コンビニ 新商品,コンビニ 新商品,ローソンから新登場!! ハマってしまうおいしさ「599円のコンビニ麺」を実食レビュー（いぬきち） - エキスパート - Yahoo!ニュース,https://news.google.com/rss/articles/CBMiiAFBVV95cUxOYlBMQjB2YmVheHl0SXh4ckl5Q0JYOG1OTTdlVmtkRUZBQnNUTU9DOTY4NzJfMUNFOTZoTHlDelFPMnFWYUI1YlhQTllUWUtBNnEwUEdTRF9LRThKdTUwYUxBdGtpOXk4dm9HWDdOQUJaZUNjVHFaZjhSVkhSUTFkekxrbUY2QjRL?oc=5,"Wed, 09 Sep 2026 06:01:14 GMT",2026-09-12T09:15:58+09:00
GoogleNews:コンビニ 新商品,コンビニ 新商品,2026年8月コンビニ新作グルメが豪華すぎ！セブン「レモンもこ」・ファミマ東京ばな奈 - いこーよニュース,https://news.google.com/rss/articles/CBMiUkFVX3lxTE1INXBUYmJDdHkxb1VfZmRCRnVzYVpiRnRlY3k4WVhZWnQtNDZoU3FDNXpoS21NcklfeDlCSzBkb2NOejMtY1lxQ3pldHdNOTZVbWc?oc=5,"Tue, 18 Aug 2026 07:00:00 GMT",2026-09-12T09:15:58+09:00
GoogleNews:コンビニ 新商品,コンビニ 新商品,2026年8月25日(火)発売！ローソン研究所おすすめ「今週の注目商品」｜ローソン公式サイト - LAWSON,https://news.google.com/rss/articles/CBMia0FVX3lxTE9VZE01eHhHbHczLXJWMWZrbzRHZjYxeDRTaFBNQ0hpZXRJVUdUN1ZIazNPYnpBU1ZZc0tsZ1EtZWY2cHdHNWxSYWExUmZDZGJYS2VJcU5vM2kyWU82MnNjbkFPblBaODZ1Nm53?oc=5,"Tue, 25 Aug 2026 07:00:00 GMT",2026-09-12T09:15:58+09:00
GoogleNews:コンビニ 新商品,コンビニ 新商品,【大当たり出ました！これは感動級！】今週のコンビニスイーツランキング３（8月30日）（キャプテン福田） - エキスパート - Yahoo!ニュース,https://news.google.com/rss/articles/CBMiiAFBVV95cUxPNkpzYU01N19aZkt2M1FwRUlXQ2xrSEtQNTBHR09RX2Y1RkdiLWpVQS1TZnNlUDJ5SmxQdWFjcTNaMEJ3ZURwTFBrQUZWZ0tTd2VaS0ctZTlpMkMtMm1yTFJkcV9WdGRKbXZQczJWMUVYYzZXcFppWFhrRnV0MFpMdjJKYnVKbmVy?oc=5,"Sun, 30 Aug 2026 07:00:00 GMT",2026-09-12T09:15:58+09:00
GoogleNews:コンビニ 新商品,コンビニ 新商品,「コンビニ大手3社の月見商戦動向」今週のおすすめ9品【セブン・ローソン・ファミマ】 - 特選街web,https://news.google.com/rss/articles/CBMiS0FVX3lxTE9LVGkzWlplN3FHNDdCWnZCZHJzdjlmZ003bzk0amJqSVlheExkS0FiNnNmaFpfRV8yYTYza3oxSnctS29KcGtmWXBLZw?oc=5,"Tue, 08 Sep 2026 03:47:52 GMT",2026-09-12T09:15:58+09:00
GoogleNews:コンビニ 新商品,コンビニ 新商品,【2026年9月第2週】コンビニ惣菜の新商品！明太子ポテトチーズ焼きや梅だれ焼鳥など注目グルメまとめ - もぐナビ,https://news.google.com/rss/articles/CBMiYkFVX3lxTE9TNUpIaFNhR1Z2d01rVnF0VHBoSGVSSVV4SUxPcldkN2RuR1FqSDAzUGpSYkkyRGNWMmdha2lEVGluTEJULWVISXN5NFJmZHhuamVyNW1TMWpWR0xMQTJNaWdB?oc=5,"Wed, 09 Sep 2026 03:51:38 GMT",2026-09-12T09:15:58+09:00
GoogleNews:コンビニ 新商品,コンビニ 新商品,【2026年9月上旬】アイス・コンビニアイスの新商品！ガリガリ君リッチミルクミルクやPARMほうじ茶ラテなど話題作まとめ - もぐナビ,https://news.google.com/rss/articles/CBMiYkFVX3lxTE5qdVVWWWRxM0o5WFVzNzItZW5JRlFRcndYQlRkRzJKLWFHZ2M5TUFkMDhkVGZiQWs0RkJldUE0SUFWNTFKWkJUYi1OLVk3dW9jUWprM01qdE1kbk92QWsxdkVB?oc=5,"Thu, 10 Sep 2026 07:19:38 GMT",2026-09-12T09:15:58+09:00
GoogleNews:コンビニ 新商品,コンビニ 新商品,【2026年9月第2週】コンビニホットスナックの新商品！ローソン特撰豚まんやサクッとチキン コンポタ味などまとめ - もぐナビ,https://news.google.com/rss/articles/CBMiYkFVX3lxTE91SS1YZEE5RzFjSEFaYXZGRm1OTzFGQkZ3LWQwWm1LTnA5NXVsOERkUjZRVXRhMGQxV196dUpWRVRzdjJua3lta1Q0YW1jeUNqMnNVNUpVWXdMem8xa19NN1V3?oc=5,"Wed, 09 Sep 2026 07:01:29 GMT",2026-09-12T09:15:58+09:00
GoogleNews:コンビニ 新商品,コンビニ 新商品,2026年9月1日(火)発売！ローソン研究所おすすめ「今週の注目商品」｜ローソン公式サイト - LAWSON,https://news.google.com/rss/articles/CBMia0FVX3lxTE9ZWHpKM2ZyazRlenBSWVRUeE5BNERDN3RUdS14Ukh3SXJqbV9YQ0xEeV9TMkxhS2Z3NWxGMWRONjR2YmJleGVfWElqSU9lcWVwNlJOM3dRRE1VT3RTSWtMS2FNdTFNcThYNzQ0?oc=5,"Fri, 28 Aug 2026 07:00:00 GMT",2026-09-12T09:15:58+09:00
GoogleNews:コンビニ 新商品,コンビニ 新商品,ファミリーマートから新登場!! 箸が止まらなくなる美味しさ「698円のコンビニ麺」を実食レビュー（いぬきち） - エキスパート - Yahoo!ニュース,https://news.google.com/rss/articles/CBMiiAFBVV95cUxPQmZYczlGdjF0TFlQM1NGM2xYSjlsZy1pZUlueEJUMzl1WW9oU3RTTjFSOVJlZzNzVTNfR09SQU9iUjdad09xX2hLU3JNUFNzTHdJU0ZKUVJvQl9VUE1wNDJybmNGcE9HVk1YZVExcS1BaTRtbXBUVlk5UmlYTmN2SHVVM2FiUzln?oc=5,"Tue, 08 Sep 2026 06:01:25 GMT",2026-09-12T09:15:58+09:00
GoogleNews:コンビニ 新商品,コンビニ 新商品,【2026年9月第2週】コンビニ寿司・コンビニ弁当の新商品！豚焼肉弁当や助六寿司など注目グルメまとめ - もぐナビ,https://news.google.com/rss/articles/CBMiYkFVX3lxTFBZM3VCdVVrNW9fODlJUjE4d1ZhMlp2bF8xQkhxNnd1TUlaZDBfTVl5RWFhUmo1eklYTXhfRHp3SGJVTXFTYmpCa0hMeV9xQ1Q0SGZ1XzZDdnBIRDVoTDV6Ymhn?oc=5,"Wed, 09 Sep 2026 02:13:06 GMT",2026-09-12T09:15:58+09:00
GoogleNews:コンビニ 新商品,コンビニ 新商品,【2026年9月第2週】コンビニ麺・コンビニパスタの新商品！焦がしチーズのカルボナーラやラーメンサラダなどまとめ - もぐナビ,https://news.google.com/rss/articles/CBMiYkFVX3lxTFA0S0dONVRweHRIM2tfWHkyTkxIRDlSXzdXQTNqWmRCU0o4Sm5qNFQxTXRmeGJuRUlWZGhzVU1JRkc2QVR0dFYzMF8yMVUyYnc0WXRqZGZSc3FfbU0tWlQwN2hB?oc=5,"Wed, 09 Sep 2026 02:56:11 GMT",2026-09-12T09:15:58+09:00
GoogleNews:コンビニ 新商品,コンビニ 新商品,【2026年9月第2週】コンビニサンドイッチ・コンビニパンの新商品！たんぱく質が摂れるチキン系やハムカツたまごサンドなどまとめ - もぐナビ,https://news.google.com/rss/articles/CBMiYkFVX3lxTE9LaWRINEN4WHFjeDdzX0ZYNVdxelJtZkRLcV9VMlc2SXN1eHVUci1WRWY0VjlwckVpYVJ3MENvVDJaN3ZtblJfMnNjZDdMaTdGTEZxVW9ROFZNbzRBdFlNam13?oc=5,"Wed, 09 Sep 2026 02:15:43 GMT",2026-09-12T09:15:58+09:00
GoogleNews:食　新商品,食　新商品,ローソン、和栗『ロールケーキ』に焼き芋の『もち食感ロール』、秋の味覚“ごろっごろ”な新作スイーツ続々 - オリコンニュース,https://news.google.com/rss/articles/CBMiT0FVX3lxTFBKVks0dmRZU1oxdFMzVHFyZktyb3JSbW10emJRaW5ZUDRFemxNSDBjMUNoajlVTUlwZ3I1UkFEdVVCOTF5S3UxT3JBLWo5dW8?oc=5,"Fri, 11 Sep 2026 08:18:00 GMT",2026-09-12T09:16:00+09:00
GoogleNews:食　新商品,食　新商品,日清シスコ「グラノーラキッチン from ごろグラ」新商品発表会、飯豊まりえさんが“ザクッ”“ほろっ”な食感をレポート - 食品産業新聞社ニュースWEB,https://news.google.com/rss/articles/CBMiS0FVX3lxTFBKb3gwczJqVmhROXk1LU9fS3RkbkhiZlZUNHlPSGk3TUJFdlBVSmxMb3E1OHA0emYyTk1VSVhUY3RGdmI0WTl2VlBKRQ?oc=5,"Fri, 11 Sep 2026 02:14:54 GMT",2026-09-12T09:16:00+09:00
GoogleNews:食　新商品,食　新商品,【2026秋】ファストフード新作11選！マックフルーリー明治コラボ・KFCにんにく醤油も - いこーよニュース,https://news.google.com/rss/articles/CBMiUkFVX3lxTE9rLVFHcVh3aDRiTVRLY1N3WENKQ29rYnN0YVdaaWJRdklVcVNHTm16d1FtODhtUWVzc1ZPSEhpbkxmUVFXbUE0ZXRSMzg4NDdNTVE?oc=5,"Fri, 11 Sep 2026 01:30:27 GMT",2026-09-12T09:16:00+09:00
GoogleNews:食　新商品,食　新商品,"【ファミマ】累計販売数2,900万食突破の「超も～っちりパン」から新作カレーパンが登場! 期間限定割引も - au Webポータル",https://news.google.com/rss/articles/CBMibkFVX3lxTFBSVnAzVVR5S08taDlfS1k2TmlHTnBsZDBKMENJcWFBZmJZNDA5dlpidWVjZmQ2dEFVWFpZRjNXelptNU9lZ3Y1eW9hcjZac3k5d0RtSVdaNVUyVXhvYndtN25WcWlNYkhHc28tREpR?oc=5,"Fri, 11 Sep 2026 06:38:19 GMT",2026-09-12T09:16:00+09:00
GoogleNews:食　新商品,食　新商品,【2026年9月】ビアードパパで販売中の新商品3種類 また食べたくなるおいしさ（進撃のグルメ） - エキスパート - Yahoo!ニュース,https://news.google.com/rss/articles/CBMiiAFBVV95cUxQZjBxVTNYTXY5WkF2eDZTcUFPUmstbjJGVVBnd28weHRFWGdpa2hsd0t1T01vNWpxUlBwSjNDTl9ubnJxaWM1cy00aXRTTl9XSnZlc09lVFJLMENSSmVzQm1CTGpQbHV2bG04V3BhWGVkb0FncXJEUWlxUjVNa184MXhmbU5nMUdq?oc=5,"Fri, 11 Sep 2026 09:13:48 GMT",2026-09-12T09:16:00+09:00
GoogleNews:食　新商品,食　新商品,銀だこ「810円の定番メニュー」を実食 また注文したくなるおいしさ（進撃のグルメ） - エキスパート - Yahoo!ニュース,https://news.google.com/rss/articles/CBMiiAFBVV95cUxPUHphaFhtU0R2Q2U0b1FvVDc2bVVpN0swcWM5ZXpXakdWNnByRjRfMTRIS3VadjJCdEpKUzBBVzRtdnpMVjdDNk4wejlqa2pyZ0h2aXBnU0wzZnIwajViZmVNS3Ryd09LS2JQUjA2X0xyajdWeC1CV0hDS2wtRHhsa0dVR2xJM0Yx?oc=5,"Fri, 11 Sep 2026 11:27:18 GMT",2026-09-12T09:16:00+09:00
GoogleNews:食　新商品,食　新商品,かつや新作「チャーハン」が登場 食べた正直な感想（進撃のグルメ） - エキスパート - Yahoo!ニュース,https://news.google.com/rss/articles/CBMiiAFBVV95cUxNVmc4Q0M0NGdTcEFfZzBUbHk1Z0xwZVNhdDBDWGc2ZjFpajJGVU1SWnIzdUlQaERiMm9WVWY4Tml5UW41VGkybUg1VllNY0N2ZnFkVGdoX1NZTC1ScDJ6X2xzTm51YkJKS2VTNEJybk5xOTZWWTZySXBpT2pMZlJoa0JIQzZtQlBG?oc=5,"Fri, 11 Sep 2026 00:27:21 GMT",2026-09-12T09:16:00+09:00
GoogleNews:食　新商品,食　新商品,モスバーガー「630円の新商品」を食べた正直な感想（進撃のグルメ） - エキスパート - Yahoo!ニュース,https://news.google.com/rss/articles/CBMiiAFBVV95cUxPM2J1bTdRYTNUSnZMQ2JtWGJ0S1BKM0lLNDh3UnJ4Nk4xcnNOb09Cd1pMR3gzd1FWNjRCTDdrekdsN2tmZ0c3YUNSZTlwUDNuaktQaHYzRXJoeGtPR3pKWGg3SFE0WDljVkdVQlJpaHUtX3k5WWxKN2FMaFR1TUw2c3hicDhSaEZi?oc=5,"Wed, 09 Sep 2026 05:24:11 GMT",2026-09-12T09:16:00+09:00
GoogleNews:食　新商品,食　新商品,モス新作「510円バーガー」を食べた正直な感想（進撃のグルメ） - エキスパート - Yahoo!ニュース,https://news.google.com/rss/articles/CBMiiAFBVV95cUxPcFZUX2NEY1h4Yy1YRUpudzc2ZVY4Ym56SGY1TUZKZnJFeXFFWmNkYU4xQ2E3SGVZLVlMZG10TTNDZ2ZEZXVvdGZsWllOckdqUU9mRkdHV19lYmx6QlczUy1kdXVMS1ZTY2tGT3pDWlhoMVZaa21kTXAxbXE1NlB2UlNHNGIzM1Jh?oc=5,"Thu, 10 Sep 2026 00:35:06 GMT",2026-09-12T09:16:00+09:00
GoogleNews:食　新商品,食　新商品,すき家で「780円の新メニュー」を実食 一度食べたらやみつきのおいしさ（進撃のグルメ） - エキスパート - Yahoo!ニュース,https://news.google.com/rss/articles/CBMiiAFBVV95cUxOeGNWd0FHbVJWMEcxUUhxVlBVQ2t1emp5bGszZlFndVduMFNZUk9QU25WdWZ3cWhkQmpsTFdJRHZzemUtSFUzSEl4cXVfLTgyQlhVVFUtX2s2djBRVnBfVEZoUjZFLXZZODVZWWpSZGdEamF2VG1qVUd6RDloYjdxUXJmTG1GM1Yw?oc=5,"Tue, 08 Sep 2026 03:36:07 GMT",2026-09-12T09:16:00+09:00
GoogleNews:食　新商品,食　新商品,《ハーゲンダッツ》パキパキ食感ととろーりチョコソースが◎まるでチョコサンデーの味わいの新商品♪ - Yahoo!ニュース,https://news.google.com/rss/articles/CBMiiAFBVV95cUxQak1aeXRoNFM3UWFxXzBibmJTMnk5b2t6b0loRXA2WXU2VTFuZ093el8wdFVkWjYzcVpFcl9jVlEzMy1SVVRpOVBMSjRQV0s2SGI4YVMwTmpMSUxMSWlzWEJzSUZfVW5FU1h0VVoxSGVWekk1TUFaRXhPNHI4dE5xQkdkQlJJNUZK?oc=5,"Thu, 10 Sep 2026 22:01:20 GMT",2026-09-12T09:16:00+09:00
GoogleNews:食　新商品,食　新商品,中津川名物「栗きんとん」がサクサク食感のクッキーに！ちこり村から新商品が登場 - valuepress,https://news.google.com/rss/articles/CBMiW0FVX3lxTE5zLWNxS1oyeHlidHhpTTlwN2s0eU1rdXo4dDBJLVF5Ym9CRjVIblJ2bVY0b3M4Uzd6NmNEX2JXekpiRk41M05GMTdLaElXNndYWjgtSTcycG04YWs?oc=5,"Fri, 11 Sep 2026 02:00:00 GMT",2026-09-12T09:16:00+09:00
GoogleNews:食　新商品,食　新商品,松屋の新作「780円セット」を注文してみた（進撃のグルメ） - エキスパート - Yahoo!ニュース,https://news.google.com/rss/articles/CBMiiAFBVV95cUxNZVd1OHJZNE5zMmUyYTg0dTZmanNaRTVmYlkxN1RwNWxIX2VxRmwzc09kR1hqTm5aMktITDVDNW9kd0Zyd29ubWl6bjRJQzNYaTlIdXplYkZvVVo2VzI2c1AxVjdrSDFYMzBJMnZUWEJBdV85SDJENXZFVGpGdEFZdFFGTjFKU0tD?oc=5,"Wed, 09 Sep 2026 00:30:45 GMT",2026-09-12T09:16:00+09:00
GoogleNews:食　新商品,食　新商品,【タカキベーカリー】個食・即食ニーズに対応、石窯パンから新商品「石窯パン 個食シリーズ」第二弾を9月1日発売 ～3月発売商品で見えた新たな需要を受け、季節素材の個食パンを展開～ - PR TIMES,https://news.google.com/rss/articles/CBMiakFVX3lxTE5ES1RYdEhoWE5XdlhkeVJGbjJjVEVaVUJRdDBQbV9LWlBCM3QtMXBGSUhfd0dUX0JxTlc3Z2N5Wm5VMnBJR2g1OFVORFlkVEpEcnlfaF9aeFRxNEpGb1JWckNTTGY2dElLNWc?oc=5,"Mon, 31 Aug 2026 02:30:01 GMT",2026-09-12T09:16:00+09:00
GoogleNews:食　新商品,食　新商品,人気チェーン店の「月見バーガー」7種類を紹介 マクドナルド・ケンタッキー・モスバーガー・コメダ珈琲店 - Yahoo!ニュース,https://news.google.com/rss/articles/CBMiiAFBVV95cUxPbTRxWWRJM0R2NTVYMU94R2RQekphb1RrcFh0dnJidXpBLXl5d1V3WWkxVGVaTDJiR05kM3AwTGE5NVFnamhycDJQVTkwNnMzUkt1REUxRlowMm9nYk5LZV9Sdk9nb25WNVZjMzZaRXJfWXBkQkRFMm5jbUo5RlVzQVk2V1NnNTZI?oc=5,"Thu, 10 Sep 2026 07:13:00 GMT",2026-09-12T09:16:00+09:00
GoogleNews:食　新商品,食　新商品,ファミリーマート新作『生カヌレスティックケーキ』はどんな食感？実食レビュー（木南きなこ） - エキスパート - Yahoo!ニュース,https://news.google.com/rss/articles/CBMiiAFBVV95cUxQeDAxVE93UDBBLTFTR29objZsVUd3bDAyeThKOUxQTFZvQ1N5WkZfT1VvTkdNVVIzUEFVZVVJTGtrenIzQ2dkNENrTW1vWm0wcU91alpscU5nSUx6Z1RVbmFtMkt2VmRtbV9CRmxDclBvRmQtMzg2SXpHRjkzQmNTMDVfTEo3ZFBJ?oc=5,"Fri, 11 Sep 2026 02:55:14 GMT",2026-09-12T09:16:00+09:00
GoogleNews:食　新商品,食　新商品,■世にも珍しい「スティック×サンド型」！最後の一口まで“カリむち”が続くワンハンドスイーツ - family.co.jp,https://news.google.com/rss/articles/CBMid0FVX3lxTFBFaDFtaEhWTDJNUy04czB1cV90eXRPSVJha0FibmRVQ0FkWFRsaDlaWWZYSDlvWnhFVXdGZDlYUkJwWWhmM1hPWXlDLXpTTm5CUDREQTZIUWFQRW90UkhUVTlfMVVxSno0NlJyclRqbkkxamVka3Jz?oc=5,"Mon, 07 Sep 2026 01:09:45 GMT",2026-09-12T09:16:00+09:00
GoogleNews:食　新商品,食　新商品,長期保存食の新商品・リニューアル品を2026年10月より順次出荷 - アットプレス,https://news.google.com/rss/articles/CBMiTkFVX3lxTE1malNLNzJ6X3VIMG55NEdNRXZYT2ZlMHFxMWlZRFQ1WnRMalh0Tl8yYlhXZmdjcmx1b0FtN0VnWGtkTXhsQW1mc191djg1QQ?oc=5,"Tue, 01 Sep 2026 07:00:00 GMT",2026-09-12T09:16:00+09:00
GoogleNews:食　新商品,食　新商品,すき家「350円の新商品」を飲んだら、個人的に最高だった（進撃のグルメ） - エキスパート - Yahoo!ニュース,https://news.google.com/rss/articles/CBMiiAFBVV95cUxNaUNqamZ4aVpnWHl1dVRGWHFPWlBkOURlaDZpMnFOY3ZlMVc2QkhkazI4M2ViUXVNMkM5NGRzellOYVZqdUhCQVFuUUZZYVRxY0pMNVpvNHdJQVZsWkNCZjRrZnZuSFZXdmNWZkJwR0Q4eXFiZU1SSU9kQ3J0UW52Q1VxdUU3cHdv?oc=5,"Tue, 08 Sep 2026 01:40:30 GMT",2026-09-12T09:16:00+09:00
GoogleNews:食　新商品,食　新商品,【2026年9月】サンマルクカフェ「5種のフルーツスムージー」やKOI Theなど人気カフェの新作ドリンク＆フード大特集 - えん食べ [グルメニュース],https://news.google.com/rss/articles/CBMigAFBVV95cUxQV3lYeEpyMGY4S2V2TXRTZzVEZEZxOTZEOVZLMkVYWTVJMUlTSGVpaDg3aXlLOWFOWWk5YkVORWZzZ25PUEwycWtDLWQ2Uk80LXRaZUdPRFhqV1YxTm5VUzVWTDd0cUl0WVRramhIV3FlWWtqTkVUdXRqcmstMEcxU9IBhgFBVV95cUxNUldscHlTSnAzUjh4UjVOVDlBeHBkb2JxcWN1NHNGMmFWTFowYjI2bWhCSHNHY3FXTkdGOTRKcGNIa2dYaXFxeWJPTENMdkdoSjVMb2NPSXNUdjV4WUxiN3dfNTRhVHRleERHMGxGRUpJV1pLOEpFWTZzR2tOc3FObGdHU1hxQQ?oc=5,"Fri, 11 Sep 2026 05:00:00 GMT",2026-09-12T09:16:00+09:00
GoogleNews:食　新商品,食　新商品,【9月15日～発売】セブン-イレブン 新商品パンまとめ「7プレミアム ミルキー蒸しケーキ 2個入」「もちもち食感どーなつ きなこ」など - えん食べ [グルメニュース],https://news.google.com/rss/articles/CBMid0FVX3lxTE5uYjlVMUtYZ3NyeXh6WndWRFo3LXUtRnFxckxROXI5cDdscHBOYUhKdjZVNXBaWGhmVkp1LXBrekRvSHBoaXZXaXdqZjhDa1dxaGRqMzl6SHEwOE9SNjN0T0NEQWlVQ2UySHpmVDhtcm5NZ1FCbnpF0gF8QVVfeXFMT2R5V1pCM2xNdlVhSEY4QjcwUDNrNnd2U1h0Q2trQ2ZvdkFSZ1hHT05MbXdQS2t2RkF0X1BYak1vVmhFS3hPRWloUW1QbG5vX0wwcFFyYks5LXlKM3o3eWVLZ0M3ejE1eG0yNjNxVUgzN3hJREZ6NVlhcGRtVA?oc=5,"Thu, 10 Sep 2026 02:00:00 GMT",2026-09-12T09:16:00+09:00
GoogleNews:食　新商品,食　新商品,4種の異なる食感のドライ粒で、飽きずに夢中なおいしさを楽しめる猫フード 『銀のスプーン ザクッと食感ブレンド』新発売 - unicharm.co.jp,https://news.google.com/rss/articles/CBMibEFVX3lxTE5lY2RnWHNTTnplaU1QMExBeUVQajFoSXlva0syMVdnRy1nN0NzV1B3VEhPOWJweHoxVWdicFpfTjY2c2tYTXZ5TEJPZXlyVmxLOWJGZWtQT1d4S0VsTFJReEJJOXh0QTFWRVdKNg?oc=5,"Tue, 18 Aug 2026 07:00:00 GMT",2026-09-12T09:16:00+09:00
GoogleNews:食　新商品,食　新商品,ビアードパパ「話題の新商品（290円）」を実食 昨年完売続出の大ヒットシューが帰ってきた（進撃のグルメ） - エキスパート - Yahoo!ニュース,https://news.google.com/rss/articles/CBMiiAFBVV95cUxQbUllMmEyenVhdklxNzB0Ny16M0lMT3FQYkhTZFlTOE1kajNDemxGTGoycDF3ZkFwVEFYN2IxT1AzS2hQblQ5U3EwM21OVGlCSTdBQUNyaVdXRm5CdkZlV0c4djVzYlRXa3l5cUtDSl9LMUJtRjlnN1loOU4teUhTbnlVUDg3ZVZO?oc=5,"Tue, 01 Sep 2026 07:00:00 GMT",2026-09-12T09:16:00+09:00
GoogleNews:食　新商品,食　新商品,スターバックス「700円の新商品」を飲んだら、個人的に物足りなかった（進撃のグルメ） - エキスパート - Yahoo!ニュース,https://news.google.com/rss/articles/CBMiiAFBVV95cUxNZDVuNHBIVDB5cWlYOTBGLWlRc0I0bG5BdGZVMkdzajVQbm1Pcm1OTWt3NkFZM0JNSmhFTnNzRDU1dFFFbV9fdXdUWDNFS0hJQkF6WlNXR3kzUURpblRoYlBnZkw3UXBtQU9CZUV2UGFGNFpMZkJnNUlQMmdwUGl5SGhqbXFMSUhx?oc=5,"Wed, 02 Sep 2026 07:00:00 GMT",2026-09-12T09:16:00+09:00
GoogleNews:食　新商品,食　新商品,『フジパンPREMIUM』から極上の食感を楽しむ新商品が２品発売 生クリーム仕立てのしっとり食感と加水率約90%のもっちり食感！｜お知らせ｜フジパン - フジパン,https://news.google.com/rss/articles/CBMiVEFVX3lxTE9pSV83WVhMb09wVFBjOE5IQS0xRlZCcDJIMWJCR0JNcUFTUFNQNTQ0WnZqNG5ZWW9iSThwU3NqazhlcWNiYlRaVFNLLUc0WUpoZEdROA?oc=5,"Tue, 25 Aug 2026 07:00:00 GMT",2026-09-12T09:16:00+09:00
GoogleNews:食　新商品,食　新商品,日本最大規模の食の発表会で決定！「新商品グランプリ2026年春夏」のグランプリは「リケンのノンオイル かけちゃえ エスニック」 - ウォーカープラス,https://news.google.com/rss/articles/CBMiVkFVX3lxTFBkY0NaYzZVa0owRWJ2UGlXbkhFNktDaDl2dklHMjlCbl9aSWNZazVwRlNHNmJtbXN5cnMyWEtvYXpvbXRSc3hlN0o4WXROcXByZjRnWVdR0gFbQVVfeXFMTV81RG5BVjRhMlRIYU5xd1hNdGJWUjJOT3oxSUF5aUZmb1JqMGN4clNHeGdCT3FaNXpIZzgzUjAwb1JxNk5IU1VMeThFenIyaWd1c0wyanhoZ3F1aw?oc=5,"Fri, 04 Sep 2026 07:00:00 GMT",2026-09-12T09:16:00+09:00
GoogleNews:食　新商品,食　新商品,【今週発売】バンダイ食玩新商品全7種まとめ!「サンリオ」チョコボックスや「ちいかわ」スイングチャームなど注目ラインアップ(2026年9月7日発売) - マイナビニュース,https://news.google.com/rss/articles/CBMiXkFVX3lxTE1xakhES1pydVVIRTBOdU84RW1EbklvQ0YxbUM4bjYxUnVFbGlZS1IwN3l5RHR6Z1o1R2pNWWlNUVBJUE5janNhLUpQd09URWs3V0Z3RTZySHdMeVlYNUE?oc=5,"Sun, 06 Sep 2026 08:23:00 GMT",2026-09-12T09:16:00+09:00
GoogleNews:食　新商品,食　新商品,〔新商品〕もちもち食感のチョコボール＝森永製菓【時事通信速報】 - 日本食糧新聞・電子版,https://news.google.com/rss/articles/CBMiU0FVX3lxTE5UcnNWcmVkZDJoaVl3cXZpZ2JkLUZuRTk4TGZLSEh5aG8yTWpJYzFySG1zcnBRSkhxXzdXNmR5ZGltM2pGd0JKWFExOG5IMENDUVJ3?oc=5,"Thu, 03 Sep 2026 06:53:44 GMT",2026-09-12T09:16:00+09:00
GoogleNews:食　新商品,食　新商品,ばかうけの栗山米菓から新作あられ誕生！「たぶん日本一堅いあられ」シリーズにピリ辛タコス風味 ガリっと食感とスパイスの風味で小腹を満たす｜グルメとフード - 旅とおでかけ 鉄道チャンネル,https://news.google.com/rss/articles/CBMiTEFVX3lxTFBvM1N0aEE3c3hETUQyTE85OVVJRUhYNkRUNElfQ19qSm1HQzNjdUh1VFFucmtQZEZfbEVDUXhTcXdpNXBINkxFZURtWkE?oc=5,"Sat, 05 Sep 2026 20:00:01 GMT",2026-09-12T09:16:00+09:00
GoogleNews:食　新商品,食　新商品,【秋の味覚】丹波のブランド栗「丹波栗」のほくほく食感と濃厚な甘みを味わう新商品 神戸・灘の誠味「栗ごはんの素」期間限定発売 - 神戸新聞,https://news.google.com/rss/articles/CBMicEFVX3lxTE1KeTU2bm00SDJLYXl1c3JyRjZsWVQwbU9SOXk4REVBY3FOblBMa3otLVdwbGRWbjZYYUFBakEweUF4TWduV3dBTXd6SGs5QTBZZ3RmRVo4LTBIRlBjMGotdnJPT3lmNXdtXzRxc0phZmo?oc=5,"Thu, 03 Sep 2026 07:00:00 GMT",2026-09-12T09:16:00+09:00
GoogleNews:食　新商品,食　新商品,スターバックス「680円の新商品」を実食 一番大きいサイズがおすすめ（進撃のグルメ） - エキスパート - Yahoo!ニュース,https://news.google.com/rss/articles/CBMiiAFBVV95cUxPVG96Q2lkSkY1TGdXSjB3Ymp2aGxXUkJYRndkNDdEaEQwUWZJQ3UtclJvcVNSSWh3ZVo3aEtCZ3VybjFqakpTb1gzRXhZSktvS2trQno1eE04NUUxSnJDOFJEZUVZTGRjNkVpWm5fQXVDV0NZazZKbk41TWhNVWJWRnY0VUFEbmo2?oc=5,"Mon, 17 Aug 2026 07:00:00 GMT",2026-09-12T09:16:00+09:00
GoogleNews:食　新商品,食　新商品,ファミリーマートから新登場!! シンプルながら美味しい「321円の新商品」を実食レポ（いぬきち） - エキスパート - Yahoo!ニュース,https://news.google.com/rss/articles/CBMiiAFBVV95cUxNd1VkRnA2b3d4ckV2N1lKMlJkOW1OREp4Y3hic0MzaUZCaE5wSXA2TGtCZDVzdGcxcjNueGN6SWtMdmptREJZWVZWWVI1WVZRMmZQcTRuaVNpblVNYlpPWHJyU1FTSVJoaHdtUVNOQ1ZVMUFBdTV0SzJPbWpnT1phSVZjM29HLWVz?oc=5,"Mon, 31 Aug 2026 07:00:00 GMT",2026-09-12T09:16:00+09:00
GoogleNews:食　新商品,食　新商品,【ファミマ】200円以下で買える、お得な新商品を実食レビュー（進撃のグルメ） - エキスパート - Yahoo!ニュース,https://news.google.com/rss/articles/CBMiiAFBVV95cUxPenpKQ3VhWEJfNjdnTVZIdE03M1dEUXZtMmw2bmx1bE0zbG9kZ1VDaEFnOHdHdlMxQk5ldTR0Mkx5R01TdVhBbXYyNWJkMjJ3WFN2NE84OElTMjYydjJxT3B6WWNCSldIbFQ2dmtELW10V2ctY0pFazJwRGZHNzEwTkNjZkVzbmJn?oc=5,"Sat, 15 Aug 2026 07:00:00 GMT",2026-09-12T09:16:00+09:00
GoogleNews:食　新商品,食　新商品,【新商品】“あさげ”だからできた！減塩なのに、だしが効いててちゃんとおいしい「生みそタイプみそ汁 あさげ減塩徳用 10食入」リニューアル＆「フリーズドライあさげ 減塩 8袋入」新発売 - PR TIMES,https://news.google.com/rss/articles/CBMiakFVX3lxTE05S00wbTNZQkFIaVluTEN4WmlZREcyaDl5QW1JQ20tdDl1ZXRQalFfNGJuWFBpZGxFRm1hN2E1SnpqaUVTb0U1Y0k0ZlpFM1dGN3g0bWZFY3RHSk9xZ1NhanRjbmp1UTFHVHc?oc=5,"Fri, 21 Aug 2026 07:00:00 GMT",2026-09-12T09:16:00+09:00
GoogleNews:食　新商品,食　新商品,【むっちむちむち！】横浜バニラ、究極の“むち栗食感”が魅力の《塩バニラフィナンシェ むっちむちむちマロン》を9月4日（金）に秋限定で新発売！ - PR TIMES,https://news.google.com/rss/articles/CBMiakFVX3lxTE9iMkRRd0JzcHR5bDM4UDFRczh2MXVKNGFNemdPeFFoc1NDZDkzMk1GV0JKczRMQzBWaUdXeC1RUVl0MzFtVzJQby1LbEhGSmJUZTd1SGhDNEdfWkVxRjdsY0FIQTliSFY5T3c?oc=5,"Fri, 28 Aug 2026 07:00:00 GMT",2026-09-12T09:16:00+09:00
GoogleNews:食　新商品,食　新商品,ローソンで秋の新作スイーツ「プレミアムロールケーキ 栗粉」が2026年9月15日発売、「ごろっと栗のモンブランケーキ」「ごろっとした焼き芋のもち食感ロール(紅はるか)」も登場 - コンビニ チェッカー,https://news.google.com/rss/articles/CBMiY0FVX3lxTE4wSlV3ekRKM1E4WnBIRWRLLUl2Q2RSTzloQlVPYUtZY0tNREM5cE82VGoyclBXc1lacVdheXY3Y3lYVEpRM3pPMWpVTk1tRXhnRDgxUVNvbjhPbkFKVTJhQ0lubw?oc=5,"Fri, 11 Sep 2026 02:23:15 GMT",2026-09-12T09:16:00+09:00
GoogleNews:食　新商品,食　新商品,≪ 1年ぶりの新商品！ ≫サクサク食感で、ほろりとほどける。『ガレット ジャンドゥーヤ』が、9月1日(火)【COCORIS】から新発売！ - PR TIMES,https://news.google.com/rss/articles/CBMiakFVX3lxTE9BajZWVjU4VFRGNDNFZUFSTmwxZE9RVkJZTll0MWZqak1ySlBVTnRBaEdub01vTUJtaDY3MkxVaUxHcmd5MlFPMmMzU3g2Y0hFT2E4d1NWSFlqT24tTkduM3dSS2RobTJkWUE?oc=5,"Thu, 27 Aug 2026 07:00:00 GMT",2026-09-12T09:16:00+09:00
GoogleNews:食　新商品,食　新商品,ビアードパパに話題の新商品「月見シュー」が次回登場 1年前に食べた感想（進撃のグルメ） - エキスパート - Yahoo!ニュース,https://news.google.com/rss/articles/CBMiiAFBVV95cUxPMVQyM19tVVk0X05MTW12NHVkdlR6VHk0VHRBSGZ2QUhERnZ4Tm9vTTJXSVhRckxmdjEtZ3lxWldLcWU3TEpONDYyNFBsZDNXX0plRTYyOXRHWVEtRXVNampITjFkaTcyb3U1am43UFVmRC13cUVXUnktNjlZOHNFUVN3THRoQjVN?oc=5,"Fri, 21 Aug 2026 07:00:00 GMT",2026-09-12T09:16:00+09:00
GoogleNews:食　新商品,食　新商品,ロイヤルカナン、空気のようなふわっと軽くとろける猫用の総合栄養食 「ウルトラ ソフト ムース（AIRLIFT™技術）」を新発売 - PR TIMES,https://news.google.com/rss/articles/CBMiakFVX3lxTE1JSkdkYjMyZ2tkZmh3UTZ1Yk1ZS3BYWTFWT0RNd0d5c24zZWtvNFlHQm5aV0RiaFlaeXNoT2hRemFtVHRIZXpxQTdVSFFwR2hvSzhBUWxOcjVfMThHSkJ0dEpsdFBwZWJtWXc?oc=5,"Tue, 18 Aug 2026 07:00:00 GMT",2026-09-12T09:16:00+09:00
GoogleNews:食　新商品,食　新商品,【今週発売】バンダイ食玩新商品全7種まとめ!「サンリオ」チョコボックスや「ちいかわ」スイングチャームなど注目ラインアップ(2026年9月7日発売) - ｄメニューニュース,https://news.google.com/rss/articles/CBMic0FVX3lxTE9SVWpiY3lSRjBxTElsSTljNlI3anl5MTVJOXBmWi1WQjlwanI0OUloclBiSVl6cmd4eEtOZDI5Y1h2Qk41bFhKeFRQMWpvRHBSNmd2enBNZFNSM2Z3Sm5pXzZKS2NGY1N4Zl9Oc2V6VWZjVUnSAXhBVV95cUxOUnBOMmRkUExhLWdZdDFhM1RWbENyNWpPai0wVnJkb0xwM2RqU2NXYXZrTS1BRjdYcnhPdTB6UklpQ3lvSGxFWEk4WFM3ZlZYSTBxYXUtdk1lVGw4SU5Cc2kyWDlQN3hGTElybmdOVXBmRVNldXZlZno?oc=5,"Sun, 06 Sep 2026 10:05:36 GMT",2026-09-12T09:16:00+09:00
GoogleNews:食　新商品,食　新商品,ひかり味噌 2026年秋冬新商品発売 気分やシーンで選べるアソートタイプのスープ春雨『おいしさ選べるスープはるさめ 10食』に、人気の「麻辣湯」フレーバーが仲間入り！ - PR TIMES,https://news.google.com/rss/articles/CBMiakFVX3lxTE9zYkJnejJFRlFNVkwxSlRhNWtYQXpCTFhiWlJqN1JDMXZmVEkxN2hSS2RrenhscXpzNFl3OERMOUhFYXJfLXc4cnZTTloxUjI2Uk9VZEUzckZudmdTTHI2QzdsQUZYbms3d2c?oc=5,"Wed, 22 Jul 2026 07:00:00 GMT",2026-09-12T09:16:00+09:00
GoogleNews:食　新商品,食　新商品,コンビニ先行発売「話題の新商品」を食べたら、個人的に中途半端だった（進撃のグルメ） - エキスパート - Yahoo!ニュース,https://news.google.com/rss/articles/CBMiiAFBVV95cUxPR2Rja0xwbGFPcktFTlVDQzAwdkVwa3RsZ2lRbmllN1ZSWG5JaGFoQmV5NEpiNUpITUxMWFc4anhiUG02aVdhbVhpbzF3bWFoWkRyYmUyNkFsMEhjYVNINW54cF85YjZCTEJWV1dOdi1XbHdDSXVTUHQ3REFJY1lOdTNzVk42TWND?oc=5,"Tue, 25 Aug 2026 07:00:00 GMT",2026-09-12T09:16:00+09:00
GoogleNews:食　新商品,食　新商品,【秋の味覚】丹波のブランド栗「丹波栗」のほくほく食感と濃厚な甘みを味わう新商品 神戸・灘の誠味「栗ごはんの素」期間限定発売 - フーズチャネル,https://news.google.com/rss/articles/CBMiVkFVX3lxTE91Q2Jxc25zckctUWt6TXd5WFJpTjVMdGIyWjFqRmkxOEFtT3RMdUVwTmVRQ3FsM0ZKRmdabVh5QlhtbWk3X3VKYURLeGlDVEVmV1p1bUtB?oc=5,"Thu, 03 Sep 2026 04:37:50 GMT",2026-09-12T09:16:00+09:00
GoogleNews:食　新商品,食　新商品,タカチホの新作「信州りんごしみしみ」9月14日発売！異なる食感の絶妙なハーモニー - ニュースメディアVOIX,https://news.google.com/rss/articles/CBMiR0FVX3lxTE15aEV1b1gycDlyYUhSbGNEMGVFazRwVkRidldCVmRVVU1hTHFnNEFqNW1fZ3djTXlfclZINDBPaWF2cFJXWHNj?oc=5,"Fri, 11 Sep 2026 05:59:06 GMT",2026-09-12T09:16:00+09:00
GoogleNews:食　新商品,食　新商品,マクドナルド新作「たまご入りバーガー」を食べた正直な感想（進撃のグルメ） - エキスパート - Yahoo!ニュース,https://news.google.com/rss/articles/CBMiiAFBVV95cUxQR1Q0dXp2OTVEMzdNVk01YVVoTG1IbVdPSVpuVURBR3A5TjY2aEs1akZJbHdTbUdlLTJfNkJmWjEwalFEN0QyOFRIdkNMX3pYWTNPZXZDU2JhQVpBenlVaEtQVm9mb01VTU80WG9LV0l6S0NTLXRjbG5HaDNOMmR4djl3ZDJ0X29s?oc=5,"Sat, 05 Sep 2026 01:00:05 GMT",2026-09-12T09:16:00+09:00
GoogleNews:食　新商品,食　新商品,モスバーガーの新商品5種類を紹介 また注文したくなるおいしさ（進撃のグルメ） - エキスパート - Yahoo!ニュース,https://news.google.com/rss/articles/CBMiiAFBVV95cUxQZmFXR3BFbUc1ZDBpb24za2IxWlRxX09xdHBKM1lGeUVxbUpSaUl5RW1PRXBKUDhLQzZkcDVTdzk2aWswZWgzN1ppWnlwOXEzSmVEQXlnb0tfNkhMTVZlOVJscVpxeEJlRVFZOERhZ1hNLXNEV1FCV0JvSDdWeWFpYmpzUXh1OE1o?oc=5,"Sat, 29 Aug 2026 07:00:00 GMT",2026-09-12T09:16:00+09:00
GoogleNews:食　トレンド,食　トレンド,"""うまい""が確定！令和の食のトレンド「うま確」 物価高のいま、若者たちが食に求める「安心感」 - TBS NEWS DIG",https://news.google.com/rss/articles/CBMiWkFVX3lxTFA3QzFnMmdZamJKRGV1dHZGZ2NOcGtzY2wwV3dUMURDSnNnX241aWxSbGpTYjFGM3NOMkZYNV9ibG44T1dpVWJkb2hrYl83NVBXSEZwQlhHWHMwUQ?oc=5,"Fri, 11 Sep 2026 21:00:00 GMT",2026-09-12T09:16:02+09:00
GoogleNews:食　トレンド,食　トレンド,"""うまい""が確定!令和の食のトレンド「うま確」 物価高のいま、若者たちが食に求める「安心感」（静岡放送（SBS）） - Yahoo!ニュース",https://news.google.com/rss/articles/CBMif0FVX3lxTE1vdnFRR3pabEVyRk5VT3dsbjNidGFkWm1JbkJHVkw0bTNKTHN0ZXdMXzN1TTR0QS1zWDl1bDBqSy0yVEJ2dUFBSWV6UmZuSE5GSXBsR1JIM043TFBvNzhURVoxUnJhV2Q0MFQ4SVBqQWVCWmE5WTNmZnJPTUxzWHc?oc=5,"Fri, 11 Sep 2026 21:05:40 GMT",2026-09-12T09:16:02+09:00
GoogleNews:食　トレンド,食　トレンド,【2026食トレンド】「一品完結型おにぎり」に約8割が関心あり。特別感やエンタメ性に加え、タイパ・コスパ重視のニーズも後押し - PR TIMES,https://news.google.com/rss/articles/CBMiakFVX3lxTE9QYS0xRGNIaE9FYmFrMWdyMmJBeHBjMEdpZ0NTQ3FVQ1ByY1oyTUpydmZ5Rk4wdlFBcGw0bUd4OEVocXZYY203ZUthMFV2bDdGdUpPZktXSkw4RUg4akNIUFRCbmJmZGNEMnc?oc=5,"Fri, 11 Sep 2026 02:00:02 GMT",2026-09-12T09:16:02+09:00
GoogleNews:食　トレンド,食　トレンド,2026食トレンド アーカイブ - マイライフニュース,https://news.google.com/rss/articles/CBMiiAFBVV95cUxNRnhrSTZhdHJKWXZFWGxHTlUwU1prUU16QkRWSHZIZW9rQzZGNkQ2cDBRbEp3LXdUc2FjN3k2LTg4dnhlT3puM3l2VkptYXA5YmN4dUNyQ3FXNG43R05xRDgxcG1tUzdscVQtVk5ub2VmZWRGWlJjMjM4RUlXdmFram0tcGlwSDJ4?oc=5,"Fri, 11 Sep 2026 14:27:00 GMT",2026-09-12T09:16:02+09:00
GoogleNews:食　トレンド,食　トレンド,画像1 / 4＞2026年の食のトレンドは「Swicy」！アジア最大級の食品・飲料展「FOODEX JAPAN」が発表した3つのキーワード - ウォーカープラス,https://news.google.com/rss/articles/CBMibkFVX3lxTE41RVpBQnNiQzF5Z3V4N3JGSE1Fc0tLSU9nTWdaekRTTmQzZE1xd0FZYm9JeWlESUEzMjhXaVg3ckxFYS1WbGZUd1ZUNmFXZzVTMzJDM1FiTzdMaU1vRTh0VHFfaVJmQTdZdkI3X3VR?oc=5,"Wed, 09 Sep 2026 14:48:55 GMT",2026-09-12T09:16:02+09:00
GoogleNews:食　トレンド,食　トレンド,2026年上半期「食トレンドランキング」＆下半期「食トレンド予測」を『デリッシュキッチン』が発表！ - PR TIMES,https://news.google.com/rss/articles/CBMiakFVX3lxTE9venRmem0wY3ptejR1TkFHUERqbGdlWTV0SmFxcjlnN3ZoTnR3ZW1OUWs2TkVUclc1TGN2QTdNOWhHUWtOblc5NGViMmprSk9PQlBZTFB6M2hlRDQwcDJrUFJ4NmNURXloYXc?oc=5,"Thu, 18 Jun 2026 07:00:00 GMT",2026-09-12T09:16:02+09:00
GoogleNews:食　トレンド,食　トレンド,8/3 定量×定性で読み解く「食」トレンドの現在地と未来 ― 生活者の「潜在ニーズ」と「欲望の変化」から導く“次のヒットの兆し” - クロス・マーケティング,https://news.google.com/rss/articles/CBMiVEFVX3lxTE96WmlUMFdId2NCLW1rMnF4ZHdwZFlqenczOXZKZC1CRF9wVFdiNzB5OGdNaHpDUEY5X19PSVhLMEZtM3ZydU5KTzVwUnZlSVdJam5mbQ?oc=5,"Mon, 03 Aug 2026 07:00:00 GMT",2026-09-12T09:16:02+09:00
GoogleNews:食　トレンド,食　トレンド,猛暑で「キッチンに立ちたくない」が急増！ au PAY マーケットECコンサルタントに聞く、この夏注目の「NOコンロタイパ飯」とは - 舌肥,https://news.google.com/rss/articles/CBMiWkFVX3lxTE8zeWh5eGZaQWJpbm5YREF6NWRTMUlraVFJSWl1NlhnbHBSM1hRa3gxQ3hmZXNnRnlaTG9fMWU5OTRKZ1JzU05MS3VKekFTNHlkWUVHa0dQTGh4dw?oc=5,"Sun, 23 Aug 2026 07:00:00 GMT",2026-09-12T09:16:02+09:00
GoogleNews:食　トレンド,食　トレンド,"""うまい""が確定！令和の食のトレンド「うま確」 物価高のいま、若者たちが食に求める「安心感」 - TBS NEWS DIG",https://news.google.com/rss/articles/CBMi9gFBVV95cUxOWEh3ejlEbk9BMVRqdExzekljOS1fNkQ1LXZPWTc1TGNQY0VjcnVpc1g5SXNQa2EtaGFTajQ3OGFwcjJFNWlJUmxUY2tfeUJscmc3SGFjY3czejYtbm5SUXdSbWRHS3VFc3hCd0pwQ05LbTRWVEtJLXZoMTdMaHRLd2daeVQ4NWFPWkJHbUhhNzVqSHp4bkR4Um1sYWduR0ZrMGpHUnhqNjR6ajlCMHhURjJhSTJfeUgtcmZ0SWtMbWtMSlBYM2ZFNTA4cmRTcUNTRFdwUU4wYXZBLVpRVkhKbzloTVdsN2ZnZk1DbjlBNHJyaWVwYkE?oc=5,"Fri, 11 Sep 2026 21:00:00 GMT",2026-09-12T09:16:02+09:00
GoogleNews:食　トレンド,食　トレンド,月刊「食品 新製品トレンド」2026年7月号 ロングセラーが劇的アップデート 食感も味もコンセプトも新次元へ！ - 日本食糧新聞・電子版,https://news.google.com/rss/articles/CBMiaEFVX3lxTFBwbmlJR3F1Nk1LZWxRTUI2VWw5YkJvdng3aTdrZGlveGNuQXlQQkNvV1Q5RzMyczV5RlpGaVFITVpnWDFPaHdZTnE3aGtYVzJrcER5UWN1dXlOQVF3dTk2T2V0VUZDNG9r?oc=5,"Tue, 21 Jul 2026 07:00:00 GMT",2026-09-12T09:16:02+09:00
GoogleNews:食　トレンド,食　トレンド,定量×定性で読み解く 「食」トレンドの現在地と未来 生活者の潜在ニーズと欲望の変化から導く次のヒットの兆し 2026年8月3日（月）14時～15時30分 無料オンライン共催セミナー - クロス・マーケティング,https://news.google.com/rss/articles/CBMiYEFVX3lxTE12dmJGNnhYTUtkbGhBWTdXQko0UnpmNHE1LXdWRThDaU1lVEQyVjRjZmZTTXpQa2NVejdldG90SlplMnB5RGcxX25qM1pvQlY2VDRfbktzYTVHeld1UUxGQw?oc=5,"Thu, 23 Jul 2026 07:00:00 GMT",2026-09-12T09:16:02+09:00
GoogleNews:食　トレンド,食　トレンド,次の食トレンドと注目商品が集う、「おいしい博覧会2026秋冬」を10月15日(木) 開催 - PR TIMES,https://news.google.com/rss/articles/CBMiakFVX3lxTE1yOWJZVWFuVmZCamlwV0RZaHhSYk13U0FqcEp2ci1qaXdsQm9qYkZCNEFta1hGT2hGRy1TY21Lb01sLTdIV1NFM2U2eWRycnh4eGVIc1ZiZVRDY1VzdlhLc0Z1UDRNRllGd0E?oc=5,"Fri, 21 Aug 2026 07:00:00 GMT",2026-09-12T09:16:02+09:00
GoogleNews:食　トレンド,食　トレンド,猛暑の夏、「軽め」と「刺激」の二極化が加速？味の素㈱、「2026年夏猛暑食トレンド」を発表暑さと気分で切り替える『夏のオン⇔オフ スイッチメシ』とは？ - PR TIMES,https://news.google.com/rss/articles/CBMiakFVX3lxTE0zUFpEeUVOVUxmVlJlU1NCMzJTUUlUZHYtREhtS3Y1bG8tNlJPUUJfV0R5b05USjJsS3k4Um1XQjlSWW8xeXhvekozdFY0QXBYZ2JqUkFMd1cyUm5BRE5RUkphdDdIR2RJUVE?oc=5,"Fri, 15 May 2026 07:00:00 GMT",2026-09-12T09:16:02+09:00
GoogleNews:食　トレンド,食　トレンド,クックパッド「食トレンド大賞2025・食トレンド予測2026」を発表 - PR TIMES,https://news.google.com/rss/articles/CBMiakFVX3lxTE8xdHRCeHliOFlnUm9LZmt3d2MxdlVORDNfYjFLc0NoV1lNZmlXdVVzVDEyWkpTVDRsYVMzN1g3NVJETEZYV0hLbTB1Wkk0R2laQURDWTR1WG5aS081OEk5azBjcG1keFhrM2c?oc=5,"Wed, 26 Nov 2025 08:00:00 GMT",2026-09-12T09:16:02+09:00
GoogleNews:食　トレンド,食　トレンド,今年の食トレンドは甘くて、辛い！？日本最速！「スワイシー」な味わいの「スワイシーブルダック炒め麺BIGカップ」を8月18日（火）より先行発売 - PR TIMES,https://news.google.com/rss/articles/CBMiakFVX3lxTE42SDNVT2k5LW42VGNwbG9XeHFTSDJVYzE0cGFQSk5KZ05yUFpFM0loTnV4aFFUR3haQ2pjWVM4NTkxNEJxR0I5bTF6WTV0Q2o1RVlGcWZ4STh2N3EwVzRtTWYxT1NrVE5TUmc?oc=5,"Wed, 12 Aug 2026 07:00:00 GMT",2026-09-12T09:16:02+09:00
GoogleNews:食　トレンド,食　トレンド,「2026年上半期トレンド料理ワード」から読み解く食品系SNS運用のためのマーケティングセミナー アーカイブ動画の配布開始 - PR TIMES,https://news.google.com/rss/articles/CBMiakFVX3lxTE56QUJ5M01LYmdPODBRLVRmOUM5TXdYNzZwQUtUXzdXUDU4SldHTzB1MmJBWXVEOXdhNDM2X212MmctdUdOSk5Gcmx0MGhQOFZfdm5WWU96UE9xSFFCRWZxSkU0aFJma2ZJU3c?oc=5,"Tue, 16 Jun 2026 07:00:00 GMT",2026-09-12T09:16:02+09:00
GoogleNews:食　トレンド,食　トレンド,2025年 食のトレンドを振り返り ― 「自由」と「ノスタルジー」がキーワード - PR TIMES,https://news.google.com/rss/articles/CBMiakFVX3lxTE0xMFpZQ0lPbjJ6MVFsdDJRYnh2WTBZSTgxRGJlY2NrWDVLejhMQnUwazRmTTI1dXlUcWhKNmRBSi02V3U0XzY5LTRNSEMwSEtZN3pPMUVfQ1MzV0xwUy01Z3Y5cy1PUnlPUEE?oc=5,"Fri, 12 Dec 2025 08:00:00 GMT",2026-09-12T09:16:02+09:00
GoogleNews:食　トレンド,食　トレンド,2026年の食のトレンドは「Swicy」！アジア最大級の食品・飲料展「FOODEX JAPAN」が発表した3つのキーワード - ウォーカープラス,https://news.google.com/rss/articles/CBMiVkFVX3lxTE1HcVhYRk85dXh4YURib2VFdzV4VVNUaFNweWFEY2M2U2NnY0VzUWczckNQWVpGdDJuZWt2S3hnMUtkbjBwWllXRVU4X2I4UktUUmJUaEt30gFbQVVfeXFMUGhjdUk1bkJYZGtKYWZkdGhXazlGaEs4Y2paM2ZGSjhGVTVrUzdLVF82bUFsOFl3bW9vNElIVHktNGJuSHdGWWZTM0k3SlprWi1VVjNWN3U0c2cxcw?oc=5,"Fri, 28 Aug 2026 07:00:00 GMT",2026-09-12T09:16:02+09:00
GoogleNews:食　トレンド,食　トレンド,【トレンド発信】2026年秋冬『新商品グランプリ』結果発表！ - PR TIMES,https://news.google.com/rss/articles/CBMiakFVX3lxTE9aNUlsczU0WWhUOWc0S1pPd3RmalZfVW5CQ3BlZWFpcDFsckpLdm5Neml1Z1lXTXhHbUpkaVVzUGVKbWNYcjVNOTNqQ0FYV2lNSzN6X2lVR0dnRTRiZ1d0TEJuZ0cxME83cXc?oc=5,"Thu, 27 Aug 2026 07:00:00 GMT",2026-09-12T09:16:02+09:00
GoogleNews:食　トレンド,食　トレンド,内食・外食データが導く2026年夏の最適解！今年の夏はお家で「辛酸冷・麺」と外食で「酸辛香グルメ」 - PR TIMES,https://news.google.com/rss/articles/CBMiakFVX3lxTFBaZXlTN0RJaEktZW5aaGZZMzg3alJCcWl5T2tHS1EyUENlRjA4QVJ1U085QWd6blItNnVUbk9OVEY0eTNmYVlsc0RTVkM1bVRua2FaWFhoNXVyQUFzbTVfazNvajd0bFFmQmc?oc=5,"Tue, 21 Jul 2026 07:00:00 GMT",2026-09-12T09:16:02+09:00
GoogleNews:食　トレンド,食　トレンド,【2026年最新】麻辣湯の次に流行るのは？日本初上陸の韓国発トレンドグルメ3選（サンキュ！） - Yahoo!ニュース,https://news.google.com/rss/articles/CBMif0FVX3lxTE1ZVXRTN04ybExLRzEzUXJSbm5tLVVCNGFNVUU0RV8xRFdXa1p6YTdvQ1RwMW94dU1LX2xES3lUYkxZVlotQ25ZcEg3dUZSX3h3ZjFFQjJfTWZZM0tsaVJmSFBrb2owTDF0U1ZwWUo2dkRzdHBrb3F2b21oeVR3OFE?oc=5,"Tue, 25 Aug 2026 07:00:00 GMT",2026-09-12T09:16:02+09:00
GoogleNews:食　トレンド,食　トレンド,FOODEX JAPANで見つける、2026年の食のトレンドの兆し！甘辛の新味覚 “Swicy（スウィーシー）”スナックやまるでヨーグルトな進化系こんにゃく、氷の要らないかき氷機まで | 一般社団法人日本能率協会のプレスリリース - PR TIMES,https://news.google.com/rss/articles/CBMiakFVX3lxTE9xS0pZRFd0aVJub3F2THNBeHpIZEpNckVlVXAxMmJBclFhWnVjZ1BGYV94ckNlSjJpWkpmMi1aeUZ2UndXSXR5THUxWVAzMlNtM3hTem9jeGNMRDhOU0o2RXVNU1Q0MkRrQWc?oc=5,"Thu, 12 Mar 2026 07:00:00 GMT",2026-09-12T09:16:02+09:00
GoogleNews:食　トレンド,食　トレンド,大賞は「麻辣湯」！ゆる腸活から魔改造レシピまで2026年上半期トレンド料理ワード大賞＆注目5選を発表～キーワードは「味わうだけでなく楽しむ食のエンタメ化」～ | アイランド株式会社のプレスリリース - PR TIMES,https://news.google.com/rss/articles/CBMiakFVX3lxTE10M3RuQWJsYUhZRXZTZWk4eFBZbHBwNmdvdGU2anhBaFdFUlRqaEN1T1huTzFfSWxMc1hoMnlJUWVTLUg5NHVyZzd5YkJqd0lDT29EMlFNVTlybUczRHJLRmdUc2tVdUNaWVE?oc=5,"Thu, 04 Jun 2026 07:00:00 GMT",2026-09-12T09:16:02+09:00
GoogleNews:食　トレンド,食　トレンド,クックパッド食トレンド大賞2025『今年の顔』を発表 - PR TIMES,https://news.google.com/rss/articles/CBMiakFVX3lxTFBNZV9FUC0taGRnV0N5bGtaQUpBWFF6dXM5bVptWmZpTm9nRUFJZlhVZTZYdGpyc3JmSk9OMHM0MTB3TUtKX1J4OC1Nc00tZHdUQU8xLWVic042bG50ZjhmN3hKWENGY2FDUHc?oc=5,"Wed, 26 Nov 2025 08:00:00 GMT",2026-09-12T09:16:02+09:00
GoogleNews:食　トレンド,食　トレンド,クックパッド「食トレンド大賞2025・食トレンド予測2026」発表会レポート｜食トレンド大賞は「ワンプレートせいろ」 - PR TIMES,https://news.google.com/rss/articles/CBMiakFVX3lxTFBPUFRjaUZ2WHBhZXI0cVJ1VlNnS2VqMjNNaVJwZ3Zxd2l5eDBQa1p0UnQxNlNuMThIemxRRF9OSzFmMlBiVms3SlY1SkQtMmlhc1BzZFo2OWZEXzhvTHZHcWN1RXBIdU1RMXc?oc=5,"Thu, 04 Dec 2025 08:00:00 GMT",2026-09-12T09:16:02+09:00
GoogleNews:食　トレンド,食　トレンド,2026年「猛暑グルメ™」は「酸辛香グルメ™」 - 株式会社ぐるなび,https://news.google.com/rss/articles/CBMiZEFVX3lxTE1lVzVlOXZoUXgwYm5qZmJwX3VBX0EzNXBxWTY0MWpFU096VWVWeUNVTjNzcURTRmNFU0NNb2FtdjJfd2tKZzA1Ujd4cGhRR0ZyN1lra1lpYzRtTWstb0lfQ2JWRFQ?oc=5,"Thu, 04 Jun 2026 07:00:00 GMT",2026-09-12T09:16:02+09:00
GoogleNews:食　トレンド,食　トレンド,【ミヨシ油脂】「2026年食のトレンド予測」第４弾、「餃子・焼売編」発表、餃子におけるリピート需要獲得のカギは「ジューシーさ」と「パリパリ食感」 - PR TIMES,https://news.google.com/rss/articles/CBMiakFVX3lxTE1kSTdEbHZpMEpsajUxZmw2NzE2UE5jc0NzN1dfMzVjUXM0WFJ6NzBqU3hOSnRnZERmXzlRSHVrSXhGLTU2M2JvbUgzM0JOT1N3OEJSbjhEMi1Oc1QyUnRGVUtHLW1JOG41Umc?oc=5,"Wed, 20 May 2026 07:00:00 GMT",2026-09-12T09:16:02+09:00
GoogleNews:食　トレンド,食　トレンド,次の食トレンドを予測、「おいしい博覧会2026秋冬」10月15日開催 - Koubo,https://news.google.com/rss/articles/CBMiRkFVX3lxTE9kZDcxWjFPNjFDYy1UU0hqcFl2MEVSVG4wN3lYVktoaHF3cUx3WGxvcHZjVl81MTl4YXBpQ1hjUzNvek1WaHc?oc=5,"Sat, 22 Aug 2026 07:00:00 GMT",2026-09-12T09:16:02+09:00
GoogleNews:食　トレンド,食　トレンド,2026食トレンド「コンボケア」をバーで最速実装 オーセンティックバーが提案する新習慣 「ゼブラ飲みキャンペーン」2026年7月1日開始 | 株式会社ティグリス - アットプレス,https://news.google.com/rss/articles/CBMiTkFVX3lxTE5EeVVlUVdOeGFMSW1ROVd1enhTQnBEZ3dyWFVaSEp4MFdpVUszb1pkREVjeC1xYXhUUDZqYTViSWpldm1TMjZieUE4c0pidw?oc=5,"Mon, 15 Jun 2026 07:00:00 GMT",2026-09-12T09:16:02+09:00
GoogleNews:食　トレンド,食　トレンド,2026年秋冬の食のトレンドとは？99品から選ばれた新商品グランプリ結果発表 - Koubo,https://news.google.com/rss/articles/CBMiRkFVX3lxTE5nQndhR1d0dW8yU3pRLWxxVDVoSVFFenktZFRaYy1rdENQTGJjZ0NwUUlHTDNtclZEakYxbW9ZbThpQzdSdWc?oc=5,"Fri, 28 Aug 2026 07:00:00 GMT",2026-09-12T09:16:02+09:00
GoogleNews:食　トレンド,食　トレンド,ゴーヤ鍋と、市内で流行している「健康食」トレンド。 - Vietnam.vn,https://news.google.com/rss/articles/CBMigAFBVV95cUxQUTFFbjNYQml4V2xlRXh4SnVYb3ZHckJZenQ0TjZMRl9Icmk3VTVSa3p0T3d6UWU5U1RiV2N1T1hxbTFsSEFKMV9oTGNfb2phUmtzamVhQTh0eF9uZmRFRHR3RFZscnZYRzhQNkN1RnRieFNKS2QxYmttdGljTjVYdg?oc=5,"Thu, 03 Sep 2026 07:00:00 GMT",2026-09-12T09:16:02+09:00
GoogleNews:食　トレンド,食　トレンド,"2026年上半期""食トレンド""ランキング1位は「冷凍ストック」! 下半期は「直パケレシピ」「ネオ厚揚げ」「ドリンク調味料レシピ」がブームに? - マイナビニュース",https://news.google.com/rss/articles/CBMiXEFVX3lxTFBYWlg5ZG9SQ2JDZk1LMVhjR0U0N3Z3NFhIVnQ0OE1ienowM25nV3hRbjRGZ2t1Y3BwbzhUUS1Yc0JtZkkwaW92czlNMGhGWUFzV3ZsUXk3WS1IbEc3?oc=5,"Fri, 19 Jun 2026 07:00:00 GMT",2026-09-12T09:16:02+09:00
GoogleNews:食　トレンド,食　トレンド,2026年「食トレンド予測」を『デリッシュキッチン』が発表！次にくるのは「AIフード」「進化系こんにゃく」「指定野菜 ブロッコリー」？！ - PR TIMES,https://news.google.com/rss/articles/CBMiakFVX3lxTE5GUEFXS2tySk1sUHc3NFI1b2NuT0g2ZnBHT2xzcXU0NTNSUnRqRFd1d1F3U05LWVB1dm1tQ2FSNElJNEtxbE5hejdraFQzNGJfX0paNFJnWldaTjQtZlJ2SW52MTFxcXctZWc?oc=5,"Thu, 27 Nov 2025 08:00:00 GMT",2026-09-12T09:16:02+09:00
GoogleNews:食　トレンド,食　トレンド,「クラシル」が2025年の食トレンド分析結果を発表 「時短・手軽・健康」がより強く求められた一年に - PR TIMES,https://news.google.com/rss/articles/CBMiakFVX3lxTE9SaHFIRHo0eWpCZHFTWVR3THZGc2tLa2k0dkl4TDRtRjdGOTZSR3B4cy1VUTNwZ0xyaDBfOE95M19EcUFhVm5Pd0puSWp1dnIweDJfN3lwY3c5NzZnTUo2RFMwdmo4Wm5fR1E?oc=5,"Tue, 16 Dec 2025 08:00:00 GMT",2026-09-12T09:16:02+09:00
GoogleNews:食　トレンド,食　トレンド,今年のFOODEXが予想するトレンドキーワードを発表！アジア最大級の食品・飲料展示会「FOODEX JAPAN 2026」 3月10日(火)より開催 - PR TIMES,https://news.google.com/rss/articles/CBMiakFVX3lxTE1vRHpaaDFrUlNpSUxSa0dOWVpZVURKZWx5Z3k0bXVnUFNrUHFucTdyMWkxejFpcUI2TGxLcEpnZlJqMXNKRTYtTDZMT3phc1JRZFhQZktMZmpnYmJPYmxkdXlrRTI4bXpZOFE?oc=5,"Tue, 03 Mar 2026 08:00:00 GMT",2026-09-12T09:16:02+09:00
GoogleNews:食　トレンド,食　トレンド,【ファミマ】最新食トレンド「スワイシー」ってどんな味?「スワイシーブルダック炒め麺BIGカップ」先行発売 - マイナビニュース,https://news.google.com/rss/articles/CBMiXEFVX3lxTE5DUTFKLW82RUt3Yk1TT1BvUW50c1A1SElKYWZfaENNRWQ1N0Q3TkxPdENncXFGYmFRVG1XUHZ3blpaWEZ0OEt1VE9GTE9HcDBKRkJtVlFENmhJZ0g2?oc=5,"Mon, 17 Aug 2026 07:00:00 GMT",2026-09-12T09:16:02+09:00
GoogleNews:食　トレンド,食　トレンド,「2026夏の猛暑食トレンド」予測を「味の素」が発表！ 「麻辣湯」レシピ検索が右肩上がり、エスニックブームが猛暑の食卓を変える?! - HugKum,https://news.google.com/rss/articles/CBMiQkFVX3lxTFBBQ2hwSE5BRm1zU0hnSU5KbnQ1ak1qRnJoU1hQTUJScEpxOWctcEFJX3lSTnhmbEQ3SDhiVXdxLXJCQQ?oc=5,"Sun, 31 May 2026 02:03:52 GMT",2026-09-12T09:16:02+09:00
GoogleNews:食　トレンド,食　トレンド,ヨーカドーの冷食ポッポが好調 2カ月で50万食爆売れのなぜ - 日経クロストレンド,https://news.google.com/rss/articles/CBMiZkFVX3lxTE91VEFCc0J5aDVVNnZMOVVTcy12VXhELWJCWDRuc19CekhoVjQ1SHlpZldhX21Kb2RHYVNIcndsMkw1RjhaMzg4elhzOXZDY21aTEtmSWZCWnp2b3FLejE5S04zT1lmdw?oc=5,"Mon, 29 Jun 2026 07:00:00 GMT",2026-09-12T09:16:02+09:00
GoogleNews:食　トレンド,食　トレンド,【食のトレンド｜2025年振り返り・2026年予測】来年は、節約冷凍テク・深まる健康志向・海外グルメの内食化で家庭の食卓が進化 - フーズチャネル,https://news.google.com/rss/articles/CBMiVkFVX3lxTE1XWGVVYmxiSXE0SVp2OXkwXzE5d05SUzF4VW82WTczWG82MzV3b3F5UzI2T05pU002S1d5dHQ2d2NUVTYwNmZBc2V4SUo2dGRUMFdvcFd3?oc=5,"Fri, 28 Nov 2025 08:00:00 GMT",2026-09-12T09:16:02+09:00
GoogleNews:食　トレンド,食　トレンド,【味の素】今夏「猛暑食トレンド」 調理工程・味わい軽い 「オフ飯」＆刺激的・満足感「オン飯」のスイッチ - オトナンサー,https://news.google.com/rss/articles/CBMiSkFVX3lxTE5Da3JHUGd5M1h1bHVwZlFkeUJhOEFZX1NCVzZWV3R3Q3R1MjFsZjI2WDJsMUprWW9SWGp4R3JfcW5jQWpCb3VsenVB?oc=5,"Sun, 17 May 2026 07:00:00 GMT",2026-09-12T09:16:02+09:00
GoogleNews:食　トレンド,食　トレンド,【味の素】2026年夏の食トレンド「オン・オフを切り替えるスイッチメシ」とは? - 猛暑を乗り切る異国料理や火や油を使わないメニューを提案 - マイナビニュース,https://news.google.com/rss/articles/CBMiXEFVX3lxTE02WmtKU25PelVTdE5uLVJ6clpfOFkySm9ycXh3WXRNTjA1aUFISExpdkpEWGdoaGlNSHlHTGd1bDEtWTlxY3ZPcDR6Q3FqTjVjYlpmalhnRGxjMGVz?oc=5,"Mon, 18 May 2026 07:00:00 GMT",2026-09-12T09:16:02+09:00
GoogleNews:食　トレンド,食　トレンド,クックパッド食トレンド大賞2025『今年の顔』授賞式を開催 - PR TIMES,https://news.google.com/rss/articles/CBMiakFVX3lxTFB5Rk0tTmRWZTZQM2pKS2M5Q052ckxqWVMtNkNQa0V5d3NiR0lJcDF3VFVmNmprd1lUMFBSMkNRWDQ4NDJqSTVvaUt4TkI5SXlUWExlNndsVmpfdklDUHR6Q1lST3IybE0yQ0E?oc=5,"Fri, 05 Dec 2025 08:00:00 GMT",2026-09-12T09:16:02+09:00
GoogleNews:食　トレンド,食　トレンド,食のトレンドは「手軽＋日々の健康」がキーワード！手軽に健康を意識した料理で自分を労わる、新たな食のスタイルに注目 - TOKYO MX,https://news.google.com/rss/articles/CBMibkFVX3lxTE12cm81bEFYRVg0ZnhOdnU5U2Rtd3FVSkpDWGF2cngtbXc0Z1FNdTNualRNeEVHQkJDYlZqSm1DWjVIOFptRVJhRGpxbEN6cF8zWGF0SGVsXzhFdGh5ZVhlZ2pDclY4ZUVHb3p1VXlB?oc=5,"Thu, 29 Jan 2026 08:00:00 GMT",2026-09-12T09:16:02+09:00
GoogleNews:食　トレンド,食　トレンド,夏の相棒「そうめん」も“生”がトレンド？モチモチ食感がクセに 個性豊かなアレンジ術も【Nスタ】 - TBS NEWS DIG,https://news.google.com/rss/articles/CBMiV0FVX3lxTE9ydzk4VzFzM0hSSDRFWHNvNURhR0VHbkdDYXc4cHFKbmMzYXU2N2tyQnJ0VGN1cXY2ZllkSmhiQ1RjS1NjTjNGaVVXZWZ4WXdsOWt3TUE4WQ?oc=5,"Mon, 18 May 2026 07:00:00 GMT",2026-09-12T09:16:02+09:00
GoogleNews:食　トレンド,食　トレンド,尾西食品「携帯おにぎり鮭」 日本アクセスのトレンド賞受賞 市川社長「便利な日常食目指す」｜Infoseekニュース - Infoseek,https://news.google.com/rss/articles/CBMiYkFVX3lxTE11OWVNSXRHMEt4OXJFQ2UtQUNDcEhpd3J1b0hUNExxREstb0lGUWdfX0N5S09KaXFrVEROUXRJRTZCMzBjZWpBd2VqRXg4MlEyZlpSdGJ0eWFkRGdjUWxrUEFB?oc=5,"Fri, 04 Sep 2026 02:10:03 GMT",2026-09-12T09:16:02+09:00
GoogleNews:食　トレンド,食　トレンド,"小さな贅沢がたくさん…2026年トレンドグルメ「豆皿定食」ナゼ人気？【THE TIME,】 - TBS NEWS DIG",https://news.google.com/rss/articles/CBMiV0FVX3lxTE5mUmxFa3RmeWk2MWtUTHZ6TmdITXVOdXV0dk0wVFNtdWJ5d2cyUjYzQlhHQzlZTmh1Q1AzcElKM3RwWldycC1rMnFZZ0MxQ3hDMXRCQ3FROA?oc=5,"Tue, 19 May 2026 07:00:00 GMT",2026-09-12T09:16:02+09:00
GoogleNews:食　トレンド,食　トレンド,【無料レポート】デジタル・トレンド白書2025 – 食トレンド編｜ダウンロードページ - 株式会社ヴァリューズ,https://news.google.com/rss/articles/CBMiV0FVX3lxTE5PUy1LeDE3R2UxLXAzUnJ6OVZPRzlYSlZ5d1ZQZUFGUmlxc2drbFdSS3EyRDY0OWFibERmdGhseEU3WUkyLW5zeXNFVWRzVW9nQ29HS2kwWQ?oc=5,"Thu, 27 Nov 2025 08:00:00 GMT",2026-09-12T09:16:02+09:00
GoogleNews:食　トレンド,食　トレンド,トレンドトラッカー：ゼリースティック、「食は薬」の概念、グリコのインサイト - foodnavigator.com,https://news.google.com/rss/articles/CBMiggFBVV95cUxQaVVtZVhVWjlNdDBqdEFTa2tWbWpaU0lNRmJBQ2xFTW5rSUxWdGZ5bFFtQWU0MFNfN0xnS3QwaVpTSl9VV3NIc1pobmhPaTZkQk1McjNMQXdrblN2ZkpuX1RZcUppS09XaEFmNWhaanhNWE9pRTc5dUQ5Y0FkZHJpMC1n?oc=5,"Sat, 13 Jun 2026 07:00:00 GMT",2026-09-12T09:16:02+09:00
GoogleNews:食　トレンド,食　トレンド,中国で大ブーム！食べて健康になる薬食同源（やくしょくどうげん）と最新トレンド - 株式会社ヴァリューズ,https://news.google.com/rss/articles/CBMiV0FVX3lxTFBMcGQtVDAybXNXVTFQY3VEY1l5Y3Q5d040WEFjQnRBVXVDVnRLRTF5UlhubDdJZUhINlotQmFkLUZJMDlITEtjNy1MY2tnaGdreEw0VnljVQ?oc=5,"Fri, 19 Jun 2026 07:00:00 GMT",2026-09-12T09:16:02+09:00
GoogleNews:食　トレンド,食　トレンド,【食のトレンド｜2025年振り返り・2026年予測】来年は、節約冷凍テク・深まる健康志向・海外グルメの内食化で家庭の食卓が進化 - PR TIMES,https://news.google.com/rss/articles/CBMiakFVX3lxTE9Ec3lPNmVIeUNtNnZ6SmxYbldQTTlKUk85VC1Nem1Va3RFWkV4Y2x6ZU9sMWVMNmUwM3psTldwMW9CS0ZrMnFGOE5PZ0pQRGlYQzRGLU1PQ3daNFJrSG1RbXdMZV8xYXZySFE?oc=5,"Fri, 28 Nov 2025 08:00:00 GMT",2026-09-12T09:16:02+09:00
GoogleNews:食　トレンド,食　トレンド,１回の食事で様々な食感「サクもち」や「パリとろ」がトレンド “ハイブリット食感”の食事に注目！ - Yahoo!ニュース,https://news.google.com/rss/articles/CBMif0FVX3lxTE5lTWNEUVhpOEUyd1BSWm1vbXhiSjdVVWF6YUNTVkg0bFRUMXhsSmFWNG5SN0FfVy1MamlMX3lsVXlMUXU4U1l6d1JPNTRKUmlNaXNMQ1pVaU5ueFVpSEFTTnUzSkdzY3BBY1lhcHJhUjFWc0VOajJOd29TeXM2bUE?oc=5,"Wed, 15 Jul 2026 07:00:00 GMT",2026-09-12T09:16:02+09:00
GoogleNews:食　トレンド,食　トレンド,ファミリーマートから新登場!! SNSを中心に人気が広がる食トレンド「話題のカップ麺」を実食レポ（いぬきち） - エキスパート - Yahoo!ニュース,https://news.google.com/rss/articles/CBMiiAFBVV95cUxOWGlHWV9xOW81S2lndnA2LVdvNmlqTTFQV3Z5aS1aTW5zeTRvUGpoQVdYZ1p5ekk2QUE3aUpjSlRVS05tWGdIdGhlcEN4RGxwOUFzY3JXTE44NWpCTmpwTEdvWk1tOUVNdF84dDhMZ0d3VDJ0cTNHTTlZVzE5d2FQYXZ5TXVOaS1N?oc=5,"Fri, 21 Aug 2026 07:00:00 GMT",2026-09-12T09:16:02+09:00
GoogleNews:食　トレンド,食　トレンド,"【2026年上半期トレンド調査】""平成ブーム""がさらに加速。Z世代116名が選ぶ美容・キャラクター・食・楽曲・カルチャーの5部門トレンドを発表 - PR TIMES",https://news.google.com/rss/articles/CBMiakFVX3lxTE9jbkt3QzVybzBvVy1IY2syVGRwMWI2WVJhRFZpSExUVXZDZnl0emFvWU9CWFlWcXJIWGh5b2FfUlQwZmR3cl9uQWNoQnFwNURaZWZvakpIY3lRTDlOckx1U1NIOG9SMHNpZ0E?oc=5,"Tue, 14 Jul 2026 07:00:00 GMT",2026-09-12T09:16:02+09:00
GoogleNews:食　トレンド,食　トレンド,ミシュランが示す「2026年の食」7大トレンド なぜいま世界は“日本の価値”に注目するのか - AMP[アンプ],https://news.google.com/rss/articles/CBMiWEFVX3lxTE45R25nY2tpQVV2U3VpRms0WXlXRVFVVmxqaDR5QmFHNHlteWs2S1lOZlg0amVLaVV1TWFMaWh5TjBYNkw2ckZ4eXIxVEJMNG1pektPeUtOYUM?oc=5,"Wed, 18 Feb 2026 08:00:00 GMT",2026-09-12T09:16:02+09:00
GoogleNews:食　トレンド,食　トレンド,【おにぎりトレンド予測2026】2026年、おにぎりは「世界に広がり、価格で役割が分かれ、一個で食事を完結させる食」へ進化する - PR TIMES,https://news.google.com/rss/articles/CBMiakFVX3lxTE9NNHlfMnRBSkJ4NjFsSnVoaUE0bGRaS3hLa2JmTkl0QXNOZDZ2Z2tmbnF4TzRVcGxYSUtSUHg0eWJRalRma0drMm5WcXhtWVpteHlGaDVQNEc4blJWNEMtUUV4MVNXdDI0OVE?oc=5,"Tue, 27 Jan 2026 08:00:00 GMT",2026-09-12T09:16:02+09:00
GoogleNews:食　トレンド,食　トレンド,「アサイー」継続、「ハイボール」は高級化へ。経営者が予測する2026年の食トレンドとメニュー戦略 - inshokuten.com,https://news.google.com/rss/articles/CBMiY0FVX3lxTE1Ub0t6Y2JmNkk0R2hyRU5IVTloV1VaRXNXLWJTSkxjOExyYjRCTjBKbVpzSExZby1iR3czVXl3MmJsclFtcWYzS29QTkFJWXVvcW1SWThFOVVKSjRDYVRLUk9kQQ?oc=5,"Thu, 08 Jan 2026 08:00:00 GMT",2026-09-12T09:16:02+09:00
GoogleNews:食　トレンド,食　トレンド,2026年の食のトレンドは「Swicy」！アジア最大級の食品・飲料展「FOODEX JAPAN」が発表した3つのキーワード - Yahoo!ニュース,https://news.google.com/rss/articles/CBMijgFBVV95cUxPMTRYVGgxeWhkaDItV1RwVEI2bEtOUTkyR3gwRDl2cG1PMXQ4cTFmYVJhektlSkprVU1PSWxLdUNuaThXX1pXb2wtYjFhMG5Ebzc2dGh4UGktRzBHbHVVSUJvX05vMUt3MVlkMkhyZkxHQnpCakI3Z3lYWF91SFVnYUxVY3lFNWk5c0JhMm53?oc=5,"Thu, 19 Mar 2026 07:56:48 GMT",2026-09-12T09:16:02+09:00
GoogleNews:食　トレンド,食　トレンド,ブロッコリー指定野菜化で激変する食卓と2026年最新食トレンド - Forbes JAPAN,https://news.google.com/rss/articles/CBMiWkFVX3lxTE1ZMzBkcXBsTlBMMnhNVGEwMmVEdkpPOGN0d2s5MlFJMGNXaFpldWVFSXlMWG11Q3JmN0N5d0l3Y3B6ODlrODYzN2lXeFhvcVU0S1NrTHA0SzdpQQ?oc=5,"Thu, 02 Jul 2026 07:00:00 GMT",2026-09-12T09:16:02+09:00
GoogleNews:食　トレンド,食　トレンド,味の素 猛暑には「オン⇔オフ スイッチ飯」を 「麻辣混ぜそば」「氷点下そうめん」提案（食品新聞） - Yahoo!ニュース,https://news.google.com/rss/articles/CBMif0FVX3lxTE9QeDM4QWJFUkVZMHVKSmJjWWJaX0Q4a3Q2Wm5VbFQ4ck9SaFdaYmpTTW1xTm9hLWFFT0VyRFdldGdEa1M1aGdIMlBibXpTUkRoYVVOUDRjZjhRd1J3NnVfc3VFUXhsM0pmOGEyckVVZEdybG1YZjVGUWVkMDZOZVE?oc=5,"Wed, 20 May 2026 07:00:00 GMT",2026-09-12T09:16:02+09:00
GoogleNews:食　トレンド,食　トレンド,2026年上半期「食トレンドランキング」＆下半期「食トレンド予測」を『デリッシュキッチン』が発表！ - Mantan Web,https://news.google.com/rss/articles/CBMidkFVX3lxTE9iQUswcFVyM1ZtY2c1LWoxZE4zcXpTbWFPdDJNSm1NT290M2J1X0xiY2lOZHlGSVNOOWtmMWlCS1VITjNSZE1xU3V6NjhaRDNqb3cxU19MSTdmS1p6LVZBNmVpWFdvNFBzVkN2SDc4NkdOc3BDMEE?oc=5,"Thu, 18 Jun 2026 07:00:00 GMT",2026-09-12T09:16:02+09:00
GoogleNews:健康　栄養,健康　栄養,2026年「Yidan Prize」、健康・栄養・経済の交差点で教育とケアのあり方を再定義する変革者を表彰 - 共同通信PRワイヤー,https://news.google.com/rss/articles/CBMiW0FVX3lxTFBXMlNLZEpkNHB1N1Ayd1pENXkxcFB0dks3U0kyMW4yTmw5d09YS1hMS0VxV3dMNVhPUENhRVZxZ2RSVTgzb0RsajctcUhhcUNINVY3THh3RFQ5SVk?oc=5,"Mon, 07 Sep 2026 01:02:24 GMT",2026-09-12T09:16:04+09:00
GoogleNews:健康　栄養,健康　栄養,子どもの肥満、治療の対象は？ 夜食や運動不足…生活改善のポイント - 朝日新聞,https://news.google.com/rss/articles/CBMiZ0FVX3lxTE95VmNJUWFrTmVMUEJkSGhkc1lpbl94WW13ZXhwdGlwUFpfZXYtS0dJM3N4d2RhQnFjY2xWV3pJamROTmFhbjRsX1phQzRrbUhsSDBmYzBtRnNZNGJmaFNlaHJYNnJwT3M?oc=5,"Sat, 05 Sep 2026 23:00:00 GMT",2026-09-12T09:16:04+09:00
GoogleNews:健康　栄養,健康　栄養,江崎グリコ、パーソナライズド健康支援サービスを開始 - PR TIMES,https://news.google.com/rss/articles/CBMiakFVX3lxTFBmYzBzUllVZXV6Wmk2U2ZyZFZ0bnB1Nnl6RVJ5WVpXU1JrQktDUXQtVG5PQkFwUGZaSFdqa19Da015NTRselpDbm9Nel9DN3ZKVHBPdW5YNHRHMVk5VEVCaXZvQ2VHM0RNUFE?oc=5,"Wed, 09 Sep 2026 04:00:01 GMT",2026-09-12T09:16:04+09:00
GoogleNews:健康　栄養,健康　栄養,【健康栄養学科】本学学生が『食育アドベンチャーランド』にボランティアとして参加しました - 相模女子大学,https://news.google.com/rss/articles/CBMiWEFVX3lxTFA3eEtrbjNoc0xpdktFeFd6czlkX3N4UWUxZlFZbjMtR3JtU29vVTBYb2RHcjQ0cURnR3FHN29hTmVoNlltcWkwb25Tdjh6X1dQTVl3YmxDOTg?oc=5,"Fri, 21 Aug 2026 02:59:32 GMT",2026-09-12T09:16:04+09:00
GoogleNews:健康　栄養,健康　栄養,地域高齢者への取組み『80GO(ハチマルゴー)マージャン』女子大生考案の｢マージャン｣～ツモって脳トレ！楽しく学んでフレイル予防！～ - AGARA紀伊民報,https://news.google.com/rss/articles/CBMiT0FVX3lxTE1aSElZeU5laVJUcFJabmpxVDFqdGtJb1dKX3VtQ09LemFSQnJkcEdxa1MybFpKZkptbmtTbzR6X2xBMEVsMmhOdGFacnlfVUE?oc=5,"Fri, 11 Sep 2026 02:20:00 GMT",2026-09-12T09:16:04+09:00
GoogleNews:健康　栄養,健康　栄養,ご挨拶（国立健康・栄養研究所 所長） - nibn.go.jp,https://news.google.com/rss/articles/CBMiakFVX3lxTFA2OXVaZ1ozZm1uTUc2ZHpDSmxjNTRaYVlDdmlfcDZ2akZBR08ycTBNMEtwTVBHZ2E0X0U5ZUxHM2ozRVJSc01NQ2NRbXg3Y2tvZF8yTkk1WFI3bnZwUnRwUC1VSTRlX1RLeXc?oc=5,"Tue, 31 Mar 2026 18:07:57 GMT",2026-09-12T09:16:04+09:00
GoogleNews:健康　栄養,健康　栄養,写真：2026年「Yidan Prize」、健康・栄養・経済の交差点で教育とケアのあり方を再定義する変革者を表彰 - 沖縄タイムス社,https://news.google.com/rss/articles/CBMiZkFVX3lxTFBuTUd4clZsbU41aWFxcldqQnoxaENlRjAzWFp1UEI4N2dBVzJvY3VuZXk4cHdNVWlBN19hOWNfbzNraEFGRXNtLXVncFpqYXp2ZU9sZXBpQWlwQjRuSUhQdFQ3TFBFUQ?oc=5,"Mon, 07 Sep 2026 01:02:00 GMT",2026-09-12T09:16:04+09:00
GoogleNews:健康　栄養,健康　栄養,2026年「Yidan Prize」、健康・栄養・経済の交差点で教育とケアのあり方を再定義する変革者を表彰 - 北海道新聞デジタル,https://news.google.com/rss/articles/CBMiiAFBVV95cUxQRnZLQ1htOUU2a1FjczdsTUUzVHJyZE1KMHktQ3NNQzlRanYzMFFXTUJTMHNqdlB0T0F4Yld6LWpzTHZieHVQNXV3VXh3b2p6U2NvMjlnY2ZIVTJXbkZfbXN3WXZYUkNhQ1YtQmVISGVyYUE0UzZxNXJEMjA1NVF4dmVhR2kwQktw?oc=5,"Mon, 07 Sep 2026 03:03:42 GMT",2026-09-12T09:16:04+09:00
GoogleNews:健康　栄養,健康　栄養,【健康栄養科学科】8月オープンキャンパスを開催しました！ - 福山大学,https://news.google.com/rss/articles/CBMiW0FVX3lxTE9yQjctUjFPMmFxVmZvVHlJQ3ZmV2FKSl9lTDlZN0N5NlctQi14ZUg1aFA5b0xkOFlOMW5acGdRQTdRbTN2VW8wQldFRjR6cll6YVhqLUwxVEhKbVk?oc=5,"Wed, 02 Sep 2026 14:43:15 GMT",2026-09-12T09:16:04+09:00
GoogleNews:健康　栄養,健康　栄養,令和3年度ひょうご栄養・食生活実態調査結果 - pref.hyogo.lg.jp,https://news.google.com/rss/articles/CBMifkFVX3lxTE55Z3hQcG9Ia01YWXQxNDhoSHpNX2lBQjFPREtFaEdxaVQyZk9zaGZYZXhmdVJxSlYxZkRzQjNSXzB1TjMtcG1RX3VTSU5xSHJpT3FnUk9ZNVZPT2cyTUJhZ1J4SWl1WDhHVlBkeG01NDZVTkFNTWw1U2hUWWEzQQ?oc=5,"Mon, 22 Dec 2025 08:00:00 GMT",2026-09-12T09:16:04+09:00
GoogleNews:健康　栄養,健康　栄養,食生活改善推進員養成教室のご案内 - city.kitakyushu.lg.jp,https://news.google.com/rss/articles/CBMiZ0FVX3lxTE05bVhTUUtiZ0JFdnFMcFFpWTFmRDNNT2I4QlFjRjhTRURFNDRnMFhZeUdocGZyekdOU0VpTTZWOHM2NEdVaUdWYXdXMnFMQUc0clhZek9XeTNJeDZVSUlKck1TOXZuOTA?oc=5,"Tue, 25 Aug 2026 07:00:00 GMT",2026-09-12T09:16:04+09:00
GoogleNews:健康　栄養,健康　栄養,高齢者の健康寿命延伸に新知見 抑うつ症状の「タイプ」が要介護・死亡リスクに影響か－「鶴ヶ谷プロジェクト」約18年の追跡研究より－ - tohoku.ac.jp,https://news.google.com/rss/articles/CBMifkFVX3lxTE9XNi1OMHlsTTctNXNtVndTZnhveU5VcW5VLXFfSUNVMHlVbjZjb2otajBkaXpIa084azVRSHNwY3VUZTRLcDlxZ1haQTJFYWtQWHNoTWxBNjNnN3V3WVE1Tnd2OEI0ZGR3OFdRMF96bzZxbEFhc2hkTjR1TlQzZw?oc=5,"Tue, 19 May 2026 07:00:00 GMT",2026-09-12T09:16:04+09:00
GoogleNews:健康　栄養,健康　栄養,和光市中央公民館で開催された「夏フェス2026」に本学プラスちゃんくらぶと健康栄養学科 伊藤ゼミが参加しました - jumonji-u.ac.jp,https://news.google.com/rss/articles/CBMiWkFVX3lxTE1nVDEtNnVId2hMMjkwRUtIeHI0Z1FJeldpdzRLUVF4SmRUVjJOTjhXazdKd3U2VUIwVnRmYk1PUG56YW5GRmQya2xHV2NILUdxWkNnOHdGZEhaQQ?oc=5,"Mon, 24 Aug 2026 00:15:16 GMT",2026-09-12T09:16:04+09:00
GoogleNews:健康　栄養,健康　栄養,第28回ダノン健康栄養フォーラム開催 テーマは「更年期とホルモン変動」 - wellness-news.co.jp,https://news.google.com/rss/articles/CBMiVkFVX3lxTE1rTnhLdWJrTWJDZGFfeXlqV3Znd0tFaHNaaFVGcmVVT3liaGZGbk5WUC1Nb2ZKNTRLX25qNDFMOUI0TjlCcVNKNVRFVEROMVN5ZmxmTGln?oc=5,"Wed, 26 Aug 2026 07:02:58 GMT",2026-09-12T09:16:04+09:00
GoogleNews:健康　栄養,健康　栄養,地域・職域の取組（栄養・健康増進）について - pref.saitama.lg.jp,https://news.google.com/rss/articles/CBMifEFVX3lxTE5tSVZtcFdDTEd3SFRJclBJZ0txb25RVTZ1SFpfeUF5bXRTT0dxSzBDeUFoYmhmSFdNblU4UUxGNWxnUnNHWTlyS211dHpUWDloYlFlNmRHU0hKbGxpc1FhTUhyNjhhRExRNGtLeDFUaXktTGh1Q2FoTjFCczU?oc=5,"Wed, 19 Aug 2026 07:00:00 GMT",2026-09-12T09:16:04+09:00
GoogleNews:健康　栄養,健康　栄養,2026年「Yidan Prize」、健康・栄養・経済の交差点で教育とケアのあり方を再定義する変革者を表彰 - AGARA紀伊民報,https://news.google.com/rss/articles/CBMif0FVX3lxTE9vSjQzVFlkX2JZMW5HWF9RTXZwSmN5OWRHd2Z1amZSQTRyVEZmekhlSFJFZWZNX1VkNW9OblNJcmN0Z3J2dDZUMkdaUjh0LTU1VzBmOGtQNDIxNUFQSmhIaU9ScFNPeU9CcERtWjZENmNYeDViR2xxN1BkXzhYV0E?oc=5,"Mon, 07 Sep 2026 01:02:00 GMT",2026-09-12T09:16:04+09:00
GoogleNews:健康　栄養,健康　栄養,【生活デザイン学科・健康栄養学科】産学連携プロジェクトでデリア食品株式会社を訪問しました - 相模女子大学,https://news.google.com/rss/articles/CBMiWEFVX3lxTE5rN0xPXzRZWlFrWnNfTVVldk5JeGt0azl4TnVjT0dJbzRqVU1tdWVJdHpSbjVQNWJmYzd4aFppS1EwMWdMOXZaX1Utbm1XYVplMEFaeEZpcXE?oc=5,"Wed, 22 Jul 2026 07:00:00 GMT",2026-09-12T09:16:04+09:00
GoogleNews:健康　栄養,健康　栄養,常葉大学健康栄養学科 講演会「食の安全の落とし穴～AI時代の食のリスクを議論する～」開催のお知らせ - at-s.com,https://news.google.com/rss/articles/CBMiVEFVX3lxTE1JaWNfbTVESmEzSkpuOVRGVWc4NEhwbHFRZC1NdVJ0d2hzOFZUU2JubVFNQnRoTnpOM2o5N3FEeDVzNjAzNmVDUXo0THZOSmdXYmdjMg?oc=5,"Fri, 28 Aug 2026 07:00:00 GMT",2026-09-12T09:16:04+09:00
GoogleNews:健康　栄養,健康　栄養,「令和8年度スポーツ栄養のための人材育成研修会」を開催します！ - pref.gunma.jp,https://news.google.com/rss/articles/CBMiYEFVX3lxTE52T0c0VlBGZGt4SWxoUFFya0tfUEh0dFNFOGtSR3hvT3IwdTVvQlkyWm1wWW5YdzZFLVZpT19icG5nX0g1M000SzJmSnJhOEt5dFpWMHJyVnRrdFN5azRPbA?oc=5,"Tue, 14 Jul 2026 02:04:19 GMT",2026-09-12T09:16:04+09:00
GoogleNews:健康　栄養,健康　栄養,同じ食事内容でも吸収されるエネルギーは異なる？ | 国立研究開発法人医薬基盤・健康・栄養研究所のプレスリリース - PR TIMES,https://news.google.com/rss/articles/CBMiakFVX3lxTE16S1ZOLWxwaDZUWlQ5dTdxekdDUi1ySnJGYzFXT25HbU13WHkzWC1rempFQW5iTk82d19UWVd6MDVMSmgtbERJTG9MZlA2OF82RHdUYm1Hc19SUzc0b3I0N0xjblZDQzdzLXc?oc=5,"Mon, 02 Mar 2026 08:00:00 GMT",2026-09-12T09:16:04+09:00
GoogleNews:健康　栄養,健康　栄養,国立健康・栄養研究所の畑本陽一先生をお招きし、講義を行っていただきました！ | ニュース一覧 | スポーツ健康科学研究科 - ritsumei.ac.jp,https://news.google.com/rss/articles/CBMiZEFVX3lxTE43OVpGUGNadDZhTXdWR2hzeUtQcjZzT0JTOWVEeVhuaEJhSDJLTkQ4cFNSaTlLX2lxUDFuX2c1b2RNQlNIUDA1VHdOZzcwbFZLVzQ4VlNSVDJCTDF4N2pGVFN5R2s?oc=5,"Tue, 30 Jun 2026 07:59:58 GMT",2026-09-12T09:16:04+09:00
GoogleNews:健康　栄養,健康　栄養,企業の誘致 - city.suita.osaka.jp,https://news.google.com/rss/articles/CBMiakFVX3lxTE5zZHdRMFZCMzJOMkN1WEhUcWM5aUNqOUpBaGtIbnliWmpMeWNnWGNPVXBwejh0cGhYOGdGNXFuWmhTby1aVkpXNUxoUEt2aDNfMUVuRUotXzdQRWw2UmF6OERLcFpjT0dkQ1E?oc=5,"Wed, 08 Jul 2026 07:00:00 GMT",2026-09-12T09:16:04+09:00
GoogleNews:健康　栄養,健康　栄養,【授業レポート】健康栄養学科『キャリアデザイン入門』で株式会社LEOCに勤務する卒業生が特別講義を行いました - jumonji-u.ac.jp,https://news.google.com/rss/articles/CBMiYEFVX3lxTE9tQUpHNS1memIwVU9wY0FZd3dnekNsSzhNNVRjYjk3Z0kwb19lMWE3eEI2TVotSGg4V3h0bFF2b2pjY18xVEgxclhfRXBUQ0RkVmM2X1Z2ZFhEdWhxMHNXWQ?oc=5,"Thu, 23 Jul 2026 09:16:40 GMT",2026-09-12T09:16:04+09:00
GoogleNews:健康　栄養,健康　栄養,《医師・歯科医師・薬剤師向け》 無料オンラインセミナー9/13(日)朝10時開催 『Precision Nutrition時代における 腸内環境研究と健康医療への展開』 國澤 純 先生 (国立研究開発法人 医薬基盤・健康・栄養研究所 / 副所長) - アットプレス,https://news.google.com/rss/articles/CBMiTkFVX3lxTE1nemxEbm5lcHRfNFdQM1d5VjNIVDh0Y0FtTjk1WDlkYjRyM3NCSTFCWDUwZ1l2RHlIQzhJZ3cyUHlpdERfMlBpdUYwUlpXdw?oc=5,"Fri, 28 Aug 2026 07:00:00 GMT",2026-09-12T09:16:04+09:00
GoogleNews:健康　栄養,健康　栄養,学年を超えて広がるつながり！健康栄養学科が「1・2年生交流会」を開催しました - jumonji-u.ac.jp,https://news.google.com/rss/articles/CBMiX0FVX3lxTE9Sc2djUnBWMGJoa29kUTBsM3h3OVJIWkhyVWtZc1BrQnI4NkhSdGdWdjFEN3VsRUwyMnZTb1NXdHVLUUNxbEZ2TTVIZmpvenFEYV9CblVveVM2aDdyR1hr?oc=5,"Tue, 16 Jun 2026 12:17:11 GMT",2026-09-12T09:16:04+09:00
GoogleNews:健康　栄養,健康　栄養,水分補給、コーヒーや緑茶でも大丈夫？ 西九州大健康栄養学科・福山隆志学科長に聞く 利尿作用あるが…専門家の答えは - 佐賀新聞,https://news.google.com/rss/articles/CBMiVkFVX3lxTE8yaXBIYndYblZxVS1mM21RNEc4VU5nWjN4T05oQ2JZY20wUHJJQUE3Vms4cVR5bF8zVzVDN3ZHcmR4d2hIenRKZmhhdEV4OV9PQ2lwRXNB?oc=5,"Sun, 12 Jul 2026 07:00:00 GMT",2026-09-12T09:16:04+09:00
GoogleNews:健康　栄養,健康　栄養,第28回ダノン健康栄養フォーラム 更年期とホルモン変動をテーマに無料開催【日本栄養士会共催】 - アットプレス,https://news.google.com/rss/articles/CBMiT0FVX3lxTFBDYXJaYk5UZ21DbkdDYUhyOThnSWc2dV80WDlhNzl5c2Q1Y2p3cGZBRnMxd0gxczFmQzQyQ3hGZFhucm03TmYwM2psb0tXSXM?oc=5,"Fri, 10 Jul 2026 07:00:00 GMT",2026-09-12T09:16:04+09:00
GoogleNews:健康　栄養,健康　栄養,国立研究開発法人医薬基盤・健康・栄養研究所 国立健康・栄養研究所セミナーを開催します - PR TIMES,https://news.google.com/rss/articles/CBMiakFVX3lxTE1oUk55UjRXMDhOLUpMcmxQTXRLcmVWcXFrU2RVTE8xNWtLSU9TM1NSRFp5aFVEakJpSnJmUTAyQkhCZGNKMDR6U2ZXREdlOVF4NHc4b2tuMmpGTE8tcWRPVDJPQUE5M2xtSWc?oc=5,"Thu, 26 Mar 2026 07:00:00 GMT",2026-09-12T09:16:04+09:00
GoogleNews:健康　栄養,健康　栄養,"就労者は非就労者に比べ、栄養素充足スコアが低いことを確認-成人3,520人の健康栄養調査データより- - PR TIMES",https://news.google.com/rss/articles/CBMiakFVX3lxTE1IOEVGTVRwc1ZvRW52MFM5SWptZmFHZnhxazRJQlkyMnJOZVMxMTREUDRxTklFUHk1TWlIUkgwdGY0elRLTkJMNENvVUEzQzhTdUVPZldhV0RFTFRiQkVUZndWZW5oSF9NVHc?oc=5,"Tue, 19 May 2026 07:00:00 GMT",2026-09-12T09:16:04+09:00
GoogleNews:健康　栄養,健康　栄養,健康栄養学科が「色彩検定協会 奨励賞」を受賞しました - jumonji-u.ac.jp,https://news.google.com/rss/articles/CBMiZkFVX3lxTFA1YkdscmtNYU1ENElvdW5vc0ZNUGRod1hsUWlqLXJ0NjAzZ3U4LWxWbTFSaXZlN3Z4NFV5YUw0TEloUTVsRGxIS0xwOVB4dTNHOG9IWEY5ZTQwdGlsTHl1bngzVTAwQQ?oc=5,"Thu, 23 Apr 2026 01:15:09 GMT",2026-09-12T09:16:04+09:00
GoogleNews:健康　栄養,健康　栄養,【5/31（日）オープンキャンパス】健康栄養学科で体験！本格麻婆豆腐＆杏仁豆腐づくり - jumonji-u.ac.jp,https://news.google.com/rss/articles/CBMiYkFVX3lxTFBIN2x0X3pMZHNVTTJEUXZ3dWFBd0lXQXBZT0pnSUxheXd2ZkNPbk1DSW4wWXhrSFZtZS16aEJOTzV3enZlTHBmM1ZITXBlTEVtOXpidUZPbVZCcTgxTHllaHJR?oc=5,"Tue, 12 May 2026 04:28:37 GMT",2026-09-12T09:16:04+09:00
GoogleNews:健康　栄養,健康　栄養,国立健康・栄養研究所の畑本陽一先生をお招きし、講義を行っていただきました | イベント | スポーツ健康科学部 - ritsumei.ac.jp,https://news.google.com/rss/articles/CBMibkFVX3lxTE5nRFNsU2NUTGNLMHlVYTZTNHRnVnNPTGNKcXM0enA5SFp3bURtXzF6OExWZE9wRDN3aHh4MXFmbzlXM1RoaFN0cjNoaVNNWHdvSWZYVVRPOFB1T2M5LXZZSDQ3bG9lS1pfM1VsZ3pR?oc=5,"Mon, 11 May 2026 07:00:00 GMT",2026-09-12T09:16:04+09:00
GoogleNews:健康　栄養,健康　栄養,栄養改善に関すること（草津保健所） - pref.shiga.lg.jp,https://news.google.com/rss/articles/CBMiZ0FVX3lxTE9lajRJcmxhVzNJVEExMVBxQlFZRDMwMEdMa0Y2SFBvS05GeGpVaGttalFubnhHcGU3NHNGbzNtcEp6VXk1MUJDSzZEaWR6WXRhZVFiSVl0a2xFdmkyQ1RBVEN1SFZJY0k?oc=5,"Thu, 23 Jul 2026 07:00:00 GMT",2026-09-12T09:16:04+09:00
GoogleNews:健康　栄養,健康　栄養,園田学園大学 スポーツ栄養学研究室と - jumonji-u.ac.jp,https://news.google.com/rss/articles/CBMiWkFVX3lxTFA1YlFsNHVfVHYzcEQ1MkQ1WkVvRzZ2TXFRd1NySHBGRUhfZURVY2haeHJLb29RNHdqYTdIZFBBaDVwYjFnMWZGSnVRTmI0TWlBb2VibU5FVDRGUQ?oc=5,"Wed, 08 Apr 2026 07:00:00 GMT",2026-09-12T09:16:04+09:00
GoogleNews:健康　栄養,健康　栄養,健康栄養学科学生が「栄養士実力認定試験 成績優良者」として表彰されました - jumonji-u.ac.jp,https://news.google.com/rss/articles/CBMiVkFVX3lxTE9vSUlMbno1Z2VhMS1wV211b25PY2ZBaHNTdy12WHZnbkhWRldmNlpGZ3R4WlVqeG5EX1ZuczZrRndQa05IT2RjWlJsX0xvUXNBZlpHcUlB?oc=5,"Fri, 24 Apr 2026 07:00:00 GMT",2026-09-12T09:16:04+09:00
GoogleNews:健康　栄養,健康　栄養,"「糖尿病が強く疑われる人」は推計1,100万人―「国民健康・栄養調査」｜ニュース - dm-net.co.jp",https://news.google.com/rss/articles/CBMiWEFVX3lxTE5ON3AyQkN2cUpncXphRlNPSzltRGhvWmp5c0ExdUNvZEdmMW0xR2xrci1PS2pMc2taOHAzN1lVeVYwajBGOHZUWmJKc2lPRmFFWl9aZGxzVmg?oc=5,"Fri, 16 Jan 2026 08:00:00 GMT",2026-09-12T09:16:04+09:00
GoogleNews:健康　栄養,健康　栄養,【村上】食品の健康・栄養に関する表示等について - pref.niigata.lg.jp,https://news.google.com/rss/articles/CBMieEFVX3lxTE9rNDJsV2xjejVHS2VFSUk2bDhNVFZ4ajBpSmtIaUxIbllxQkVvMFZnUVM3UEdHYlRwX1g3UGU3N2hJSGZFeTd1elhibEhWNEU0bW51b0hVcGtfYzNLQVNXR01EYnRDaTFvSkpMSzRHbGpEOFFQb0JhRg?oc=5,"Tue, 06 Jan 2026 08:00:00 GMT",2026-09-12T09:16:04+09:00
GoogleNews:健康　栄養,健康　栄養,心身の健康は朝ごはんから - city.akashi.lg.jp,https://news.google.com/rss/articles/CBMibEFVX3lxTE1mZ1g1TWRRU0dQd0FsMjZyZTZRSGNvVlJSU3Z5d0ZHTEdHV1oteVVVbWlwLVUtYjI0WDJNbFRlWTNnSUx5OTBza1JEV1E4WFBQTFBqQWhQTE43NkZKQ1hNMTBQR3ZaVFJMNlcyOQ?oc=5,"Tue, 16 Jun 2026 07:00:00 GMT",2026-09-12T09:16:04+09:00
GoogleNews:健康　栄養,健康　栄養,【健康栄養科学科】青森りんごオリジナルレシピコンテストで 2つの賞を受賞しました！ - 福山大学,https://news.google.com/rss/articles/CBMiX0FVX3lxTE96SFlJa3FuN2RMdXkzRTQxNkp5eGhUS0pSLUZVNWpiSy0tSE83YW5DaWhCRVFmZEg1aG5XZ3NkMnotXzZ6aFY3YVg0WnM3aWFUVW5RemI1enNoaGFYUHlF?oc=5,"Thu, 05 Mar 2026 08:00:00 GMT",2026-09-12T09:16:04+09:00
GoogleNews:健康　栄養,健康　栄養,栄養・健康づくり - pref.saitama.lg.jp,https://news.google.com/rss/articles/CBMiXkFVX3lxTE0zR2ludm11UHBkalBpMzQ4TzRKVzBsZTNkM2RvcHlQaFhSdHpCUjBER3dlMEdvbm91eWtOMGRQQlI0eHl6aG56MHJ0aS1TalpFT1ZvTlpwb1oxQ1l2T1E?oc=5,"Fri, 06 Feb 2026 08:00:00 GMT",2026-09-12T09:16:04+09:00
GoogleNews:健康　栄養,健康　栄養,「第17回浄見寺地元まつり」に健康栄養学部と学生ボランティア21名が参加しました／教育・研究 湘南 - bunkyo.ac.jp,https://news.google.com/rss/articles/CBMiakFVX3lxTE9WdHpfc2VKbF9DeGVBcktPMFRwYTYwa2F4eTRZRnN5eTJaODdTQVVETmRlb19xRFVpa0RtQUZZa2FicmhnbWZfU2NWMU4wTFZiZUw5YThLTnVqYUhJSWF1aUFkM0dfM0VKS3c?oc=5,"Thu, 23 Apr 2026 04:51:24 GMT",2026-09-12T09:16:04+09:00
GoogleNews:健康　栄養,健康　栄養,【健康栄養科学科】管理栄養士・栄養士のための栄養研究セミナーを開催します！ - 福山大学,https://news.google.com/rss/articles/CBMiVEFVX3lxTE15TUM1d08zbTNfT1VWS3g2WlVmSmtTTFJUYy05SVNDU1BDMDN4UXJoVjNxZGliMzR2WW1FZzk1enNQVXhOYVFJTHU4ZkZmRGlycVloMQ?oc=5,"Sat, 14 Feb 2026 08:00:00 GMT",2026-09-12T09:16:04+09:00
GoogleNews:健康　栄養,健康　栄養,2026年「Yidan Prize」、健康・栄養・経済の交差点で教育とケアのあり方を再定義する変革者を表彰 - 千葉テレビ放送株式会社,https://news.google.com/rss/articles/CBMiX0FVX3lxTE8yOGxHVEhWTWxlWGVNUlpYNVFKR21PV0Rpam0yZF9NWXdtbTNfYlhDNFZ3WWk4WHlHcVV1Rk1sNDhOOXU5cXZvRDlVRXlPWU5kUDhhWnJoWFMyUWtZMGFN?oc=5,"Mon, 07 Sep 2026 01:51:38 GMT",2026-09-12T09:16:04+09:00
GoogleNews:健康　栄養,健康　栄養,同じ食事内容でも摂取エネルギーが減る「消化可能エネルギー」とは？ 食物繊維やナッツ類で低下するエネルギー吸収の実態 医薬基盤・健康・栄養研究所 - sndj-web.jp,https://news.google.com/rss/articles/CBMiS0FVX3lxTFBzdW54bHdiUV93VnA0WkptZVpVQWJ2SXFCM1oyNzhKZGV4Z1FKVHR2aWtBZU50LWF3azJSclVmVEhIdkVmWUpTTjJJUQ?oc=5,"Sun, 19 Apr 2026 07:00:00 GMT",2026-09-12T09:16:04+09:00
GoogleNews:健康　栄養,健康　栄養,【健康栄養学科】学科の魅力がぎゅっと詰まった！学生デザインのクリアファイル完成しました - jumonji-u.ac.jp,https://news.google.com/rss/articles/CBMiVkFVX3lxTE5VWXJDeG1Wc3pWRnNKVm9sTk54T0tGdmd0bjNGU2JjZjZRMmZUUWh2aGxZTVFUM3dNN0Vna2dUSFV6SFVscU16UGRkSUNnVEJlWHdHNEdR?oc=5,"Mon, 23 Mar 2026 07:00:00 GMT",2026-09-12T09:16:04+09:00
GoogleNews:健康　栄養,健康　栄養,「健康と食、栄養に関する調査」結果を公開 - 国分グループ本社株式会社,https://news.google.com/rss/articles/CBMiaEFVX3lxTFBzRnI2RmFzVWpvdmNYMzJ5czY3LVJ5ZGpQVG5ZN2gyQ3NUMklBakF5VDdlRnJGdmtlTi1VSS13T2dyOXBXN3BSc1FQV1FGSVFsWWotWnRvRWplamdPVEFnRVAxX3BNcTNC?oc=5,"Fri, 19 Dec 2025 08:00:00 GMT",2026-09-12T09:16:04+09:00
GoogleNews:健康　栄養,健康　栄養,健康栄養学部 土田美登世准教授が「名誉フードスペシャリスト」の称号を授与されました／取り組み事例／BUNKYO × SDGs - bunkyo.ac.jp,https://news.google.com/rss/articles/CBMiZkFVX3lxTFBFNnBGV1VnbGJpbHNTb203cXl1MnlfRVdUaTdNQ1FFdmpoWDg1RU9CLVpVMFY4RmhFWnZBN3NzYUx5SlpkQm53VzVHSWM4YXRUbW10SUlMSVdXb0hGMFNZWS1PaEFZdw?oc=5,"Tue, 16 Jun 2026 17:12:32 GMT",2026-09-12T09:16:04+09:00
GoogleNews:健康　栄養,健康　栄養,-障がい者を対象に食と健康の意識調査を実施- - PR TIMES,https://news.google.com/rss/articles/CBMiakFVX3lxTE1LSWxtNVVJYW9QbG9GVHkwYkQ3SU1fS1VCTnJZeDVHRDM5aElEWlctVVVjMGFGMWdDOTNYZFpiMUlVZkprcUlUd1E2MkZMa19BWFBUTTNOOWdJQmFCNmE1R1g1eXB4a1VYVFE?oc=5,"Wed, 17 Jun 2026 07:00:00 GMT",2026-09-12T09:16:04+09:00
GoogleNews:健康　栄養,健康　栄養,食塩摂取量は平均9.6gとなり過去12年間で最低 令和6年「国民健康・栄養調査」②【栄養、身体活動、睡眠、飲酒、喫煙の状況】 - sndj-web.jp,https://news.google.com/rss/articles/CBMiS0FVX3lxTE1OTHdZbzE4SGRpdmtjZGVCZ1RQY1ZDVDVQQlBQN20zWG9QRTRLQkRnQWZPWnBZeHI0QWxyRlNKWlhPamp3aGhUNTlFQQ?oc=5,"Sat, 24 Jan 2026 08:00:00 GMT",2026-09-12T09:16:04+09:00
GoogleNews:健康　栄養,健康　栄養,「健康的な食事不可能に」 栄養価の高い食品、５年間に２５％上昇 国連機関：時事ドットコム - jiji.com,https://news.google.com/rss/articles/CBMiY0FVX3lxTFBJTkdnZFQzazVOTkljei1WelkxWmkyZEVicnhaX3JxVVZFSzRMQ3RhSFZzY0RvbVRBTHVCOGRLU1lXNS1uZk1VdnlfSTl1TmtLRUFGanltbXlwd193bUdSUmRzYw?oc=5,"Wed, 05 Aug 2026 07:00:00 GMT",2026-09-12T09:16:04+09:00
GoogleNews:健康　栄養,健康　栄養,【講座】日本栄養大学との共同プロジェクト！食と健康のプランニングセミナー開催 - city.sakado.lg.jp,https://news.google.com/rss/articles/CBMiYEFVX3lxTE5hUzQwTmUxeHRFNUVtWDNTTWFGSmVZamM2cXRqVV8xSzJXWEVxbS1pVHRvR3VFZ2ZKTjJlcHBUaDNEZGlKQnZQQlg1ZnNJMXA2WElNQS15QjcweC04R29Beg?oc=5,"Fri, 24 Apr 2026 07:00:00 GMT",2026-09-12T09:16:04+09:00
GoogleNews:健康　栄養,健康　栄養,国立健康危機管理研究機構、医薬基盤・健康・栄養研究所が新たな“協働大学院”を設置 ―研究・臨床・行政をつなぐ実践型教育で、次のパンデミックに備える― | プレスリリース - 筑波大学 - tsukuba.ac.jp,https://news.google.com/rss/articles/CBMiakFVX3lxTE9aQ1Noc1ExeVZLM2tlZ3RpZ0lLMHRSY0lPTjRQS2ppRDctVnF2Wmlnc25vNGZwVW1oa0kyMTFHdzdob1RzZGxZNVdFa2NiblFVZEZrNlY4M1VxZ3prbFh3cVZOT054Qm44S0E?oc=5,"Thu, 23 Apr 2026 07:00:00 GMT",2026-09-12T09:16:04+09:00
GoogleNews:健康　栄養,健康　栄養,北海道食環境整備推進セミナーを開催します - pref.hokkaido.lg.jp,https://news.google.com/rss/articles/CBMiZ0FVX3lxTE1fWjh0S3AyaDQzQjI4MUNfUGJQNGw2X1lKdEdmcGVrcFQyVUhHaTdxaWpOcWpkS1lRSjQwVl9hVEZCVmx0TnJrRzBIc2hjbndzLUZTald4NHY3WENTbHYzUS1lUnAyQ00?oc=5,"Mon, 19 Jan 2026 08:00:00 GMT",2026-09-12T09:16:04+09:00
GoogleNews:健康　栄養,健康　栄養,同じ食事内容でも吸収されるエネルギーは異なる？ ～食事や健康状態で変わる「消化可能エネルギー」の最新レビュー～ - tohoku.ac.jp,https://news.google.com/rss/articles/CBMidkFVX3lxTE02dzZrYXN6UjRKaWk5RGFKc0RndXJuSlZ0RTZQdmc4dWllT0g3a2Myci1oZTROUTRmSDRycUptRUExaUFHdVpMN1hRcGd2Rl92ZWp2SldqQktjbkdrQlEycnp0NHRncXNHWF82M0FJVGpEdG45TVE?oc=5,"Mon, 02 Mar 2026 08:00:00 GMT",2026-09-12T09:16:04+09:00
GoogleNews:健康　栄養,健康　栄養,食環境づくりと日本版NPMを考える産学官対話シンポジウム | 国立研究開発法人医薬基盤・健康・栄養研究所のプレスリリース - PR TIMES,https://news.google.com/rss/articles/CBMiakFVX3lxTE1UWk5fbk43dDRnYnhNV0tSYkVjTHJTczd5R1JXbmJQTkx6NUt1Nmk5YVB6ZHI3dmVOWWdsSGw3VGRiWWQtWUZhdUIyc255WFlnYkRYZzJoU2RQOHhTb3FhaVBNSTQ1SnpOVFE?oc=5,"Tue, 03 Feb 2026 08:00:00 GMT",2026-09-12T09:16:04+09:00
GoogleNews:健康　栄養,健康　栄養,公益財団法人ダノン健康栄養財団の最新ニュース・プレスリリース - Newscast.jp,https://news.google.com/rss/articles/CBMiTEFVX3lxTFBBR0NTZFFnSktVZGcxdFpUSnF6MUZaaHhRRi0tN1JPRjFvTDk1UmVuam81WDl3NlpKeUZrTGJLQW5aLTJPNFRWeHMxNFQ?oc=5,"Fri, 10 Jul 2026 07:00:00 GMT",2026-09-12T09:16:04+09:00
GoogleNews:健康　栄養,健康　栄養,【活動レポート】B.LEAGUE Hope×日本生命 地域を元気に！バスケACTION「日本生命×愛知学院大学 健康栄養学科～べジチェックを活用した栄養教育～」を実施 - 名古屋ダイヤモンドドルフィンズ,https://news.google.com/rss/articles/CBMiaEFVX3lxTFBGSV9oZHVCVnZqeVcxNy03V2tSYmVJaFdTQlltNVg0NVRFWGZlZ2FVWGd1aUpzcVlpUkJ0b3piRnhraDJZbkJLZ0t1eDIxS0dtemJxVXc2Smd6VS12dEdtRXBCd2M0SFpO?oc=5,"Wed, 18 Mar 2026 07:00:00 GMT",2026-09-12T09:16:04+09:00
GoogleNews:健康　栄養,健康　栄養,歯列状態がフレイル重症度と関連し、食事の質がその関連を部分的に緩和 米国国民健康栄養調査 - sndj-web.jp,https://news.google.com/rss/articles/CBMiS0FVX3lxTE5QWHNSa3E5NjAyNTdKZkNVSnZqNVhuaHhYQ2dqOW54S2wtQUtJSTNtdVE4YkkxT182SW5zMnVZSlhPcDlTbncxbGhOcw?oc=5,"Fri, 22 May 2026 07:00:00 GMT",2026-09-12T09:16:04+09:00
GoogleNews:健康　栄養,健康　栄養,健康メディカル学部 健康栄養学科の学生がレシピコンテストで優秀賞を受賞しました。 | ニュース - 2025年度 | ニュース - 帝京平成大学,https://news.google.com/rss/articles/CBMiU0FVX3lxTFBfVVo5X3d1dHdZVjBxTWdQSWhGUENGdHBNeUpRaHpJV0FBbjA2YWg5Y0Y2eWF6U0VHQUVfNjBHbWhKLVZkVFJQNjNpNGNhRk9JTEN3?oc=5,"Thu, 27 Nov 2025 08:00:00 GMT",2026-09-12T09:16:04+09:00
GoogleNews:健康　栄養,健康　栄養,体力の変化や生活習慣を見直すきっかけに『くすのき健康栄養フェア2026』を開催 - Digital PR Platform,https://news.google.com/rss/articles/CBMiQ0FVX3lxTE93cTN6VXJWbVBUVzY3bWRTWDRnbVZXMWl0TXNWaHVmUnpoVnNZZ3N6bkxKaEhxR3pNOFJXZG5IaFhhNzg?oc=5,"Fri, 08 May 2026 07:00:00 GMT",2026-09-12T09:16:04+09:00
GoogleNews:健康　トレンド,健康　トレンド,“心地よく整える健康”が新基準に！ 2026年下半期の「FYTTEヘルスケアトレンド2026」発表！ - PR TIMES,https://news.google.com/rss/articles/CBMiakFVX3lxTE0wSzAzQnRrdjVDWXFPaDh5bkZhcXNRWDJwUWJqeDdDWEQ5bjluNEhLbDhXMW9mbVh4UkFuY20xN29kX3pSNThIeGdQQU9YSml0MjhMUDI1V1A4cTBxSFVFSGdqWF9vT3ZiZFE?oc=5,"Wed, 01 Jul 2026 07:00:00 GMT",2026-09-12T09:16:07+09:00
GoogleNews:健康　トレンド,健康　トレンド,カルビー江原社長「最大市場の北米に資源集中」 健康トレンドに勝算 - 日本経済新聞,https://news.google.com/rss/articles/CBMibEFVX3lxTFBEZ29Pd1RXd2RxWnZJM1pValR4VUpidzFpRXF6RlIxUURsUmdhNFVKTDJmbExtU3VHY051Wm0zaVVVeXVlOGRuTG9sZGVYWFhiV01nNmw2R0hHR3RMSmhqcENlZThsZ1p1S3JVOA?oc=5,"Tue, 05 May 2026 07:00:00 GMT",2026-09-12T09:16:07+09:00
GoogleNews:健康　トレンド,健康　トレンド,心と体がととのう「瞑想」 脳の機能や構造に起きる変化とは：医療・健康トレンドピックアップ：日経Gooday（グッデイ） - 日経Gooday,https://news.google.com/rss/articles/CBMijAFBVV95cUxOOXVuRjJSeTRFUG9DbU1IY2J2Qzl4dTNGd19QMWZTcHM0M2p1T2ZXTUJ4RjV4TndGQ3AwY3p6Nl9YdjQ4SWVsSTBWcXVWMm1iRWxIcElpMHYyZ0lNM3ludll5Z29kd2pRSTV5c2h1YktEbmg2RVByZUxPTnBnaFJ5YWZLVVFCZFhBVk1PWQ?oc=5,"Wed, 02 Sep 2026 15:00:00 GMT",2026-09-12T09:16:07+09:00
GoogleNews:健康　トレンド,健康　トレンド,豆乳カテゴリー、健康志向を背景に金額PI・数量PIともに2ケタ増 - ダイヤモンド・チェーンストアオンライン,https://news.google.com/rss/articles/CBMiaEFVX3lxTE1OWXNXa2pSQ3J0S3NQTExRRC1ZSWp2MDBaUi1pRlVvVk1UVk1VaWQzSTVITFZXU3FkaktERmJCV1RhZlRQQlZkOFh2cmM0TGNnTzhjWXVOczMwa0ZLX1FhR1B4dmVGQjk10gFuQVVfeXFMTTJrM2lDUlJCZ2lOTnJyemxPTl9EOUpBU2tELWpMRlIyRTMtdGtXOEYzUWZOVEhaR2Q3d2ZQYjlWTzIxLXJrSTdtMWt0NHMyVlY2ejA3c25JWDdnRmk0TUtreVF2VnFuMDR3ck1NSUE?oc=5,"Mon, 26 Jan 2026 08:00:00 GMT",2026-09-12T09:16:07+09:00
GoogleNews:健康　トレンド,健康　トレンド,TPCマーケティングリサーチ株式会社、『2026年 健康食品市場トレンドレポート』について、調査のポイントをインタビューした記事を公開 - ドリームニュース,https://news.google.com/rss/articles/CBMiU0FVX3lxTE1SQW1mQ0toMmtnVEV3R3liRndza1hsS3JwLVcybElvalBYN2czQ29sd1VLNm9mNmRoWUFTRExUSkt0cVdoVlBGWE9pcGFvU2N2RFY0?oc=5,"Wed, 19 Aug 2026 07:00:00 GMT",2026-09-12T09:16:07+09:00
GoogleNews:健康　トレンド,健康　トレンド,「24時間の健康管理」へと「トレンド」が「変化」した最新「ウエアラブルデバイス」6選【本当に売れているモノ＆売れ続けているモノ】 - Yahoo!ニュース,https://news.google.com/rss/articles/CBMif0FVX3lxTE1tN0FoSmZhSjRiVjJDd09sd2p0cF9qelNqMVRrRXM4ZUl1dllRaDRKam1HdndkRWlyZXJ6Y002WVFKOFZwNlZseWpkeDhJUFNhdy0zX3Y2OUtVSTNMWmJDdE9SbjZqcW5vVmRwVm0xSkp1WEc4NVhySVMzdy1zbVk?oc=5,"Wed, 06 May 2026 07:00:00 GMT",2026-09-12T09:16:07+09:00
GoogleNews:健康　トレンド,健康　トレンド,筋膜が今、健康トレンドの中心に──その正体と科学的根拠 - Forbes JAPAN,https://news.google.com/rss/articles/CBMiWEFVX3lxTE94enRfbkpnVU1pbE9OOVJWakdLQk1saDUtZ0ljLU5YbVgzWHhoUUU5eHJxRlMzTUV3T2JQMEVQaVdrY29uZ2Rxb3NoRDhwOUNoam1GQ0JXNWM?oc=5,"Thu, 30 Apr 2026 07:00:00 GMT",2026-09-12T09:16:07+09:00
GoogleNews:健康　トレンド,健康　トレンド,「座りっぱなし」「長時間労働」… 腎機能低下につながりやすい要注意習慣 - 日経Gooday,https://news.google.com/rss/articles/CBMijAFBVV95cUxOcGlZeGxFVnYtU25kZDBoQm9QRi03d3ZMaExIZjdibTJKOF82cTNVaDdYMjdaSEpFR0J5c1ZVN29kampCeENRN3ctV1NPempndU5hVkkzaDVZNDJOMGtKam56RGtFb0RtbE53N3VOZWlKS0VONjFqeVBKMHd4MzRaNmZkQUpFbTJuVkFEUA?oc=5,"Mon, 31 Aug 2026 15:00:00 GMT",2026-09-12T09:16:07+09:00
GoogleNews:健康　トレンド,健康　トレンド,【健康経営セミナー】【FiNC Technologies×GPS-Business 共催】Z世代に選ばれる企業とは？ 新卒採用×健康経営の最新トレンド ～2026年9月3日 開催！ - PR TIMES,https://news.google.com/rss/articles/CBMiakFVX3lxTFBHVEdCVWpUQ2h2WGJWWTNnbHVsNERuaXJhaW9fdXhlYVl5X25OR0I3eGo4ZmVsYnBfTTQ0V1llMkNuWGptdFV6akozdDlkQjVvQ2REeERLb2F5TlZGTmd2c1JoTG1RTHJ6Qmc?oc=5,"Wed, 19 Aug 2026 07:00:00 GMT",2026-09-12T09:16:07+09:00
GoogleNews:健康　トレンド,健康　トレンド,ミツカン参入の背徳市場が首位 ECに効く6月記事ランキング - 日経クロストレンド,https://news.google.com/rss/articles/CBMiZkFVX3lxTE1TM0d4MUFZQlVkOVZqeGxtaS1jYUNpZEhQRWxTbGZoTjF0X2I1S3ZzY2UxdHJwV1NjZ09wakNOb29PUEFscDJ1QzF1LTdZUWJyS1pzbWw2Q0xFcmRxbkxLMW9IZ0l0dw?oc=5,"Fri, 03 Jul 2026 07:00:00 GMT",2026-09-12T09:16:07+09:00
GoogleNews:健康　トレンド,健康　トレンド,「紅茶」の健康効果 飲み続けて生活習慣病を予防、腸内細菌叢も改善 - 日経Gooday,https://news.google.com/rss/articles/CBMicEFVX3lxTE5TalVyUWZTclNsR3Fza3BkZmtrNUlZdkFjT2xsaXpnMmtMaXhhZkJPRHdRczBIQThLQ0I4UDZsRHVrWmVFMnhSYjVPR1RnTkZMRkhOZVJ2eEwzQnRNNmRZcHBDeGUtNFotV0dfdkwzN2s?oc=5,"Mon, 06 Jul 2026 07:00:00 GMT",2026-09-12T09:16:07+09:00
GoogleNews:健康　トレンド,健康　トレンド,【速報】今年の健康トレンド総決算！「からだにいいこと大賞2025」受賞結果発表＆オンライン授賞式レポート - PR TIMES,https://news.google.com/rss/articles/CBMiakFVX3lxTE9HWHN2OFBrblJ3UnMtRW5OZ1kzRnpQTzA2bEI3WGxESXBrdVJXTUFYdXkzYmpjemRTUmplT014T0MyOFVRcldKNVNrMFE5YVZjT0hndlVTX3ptUzk5MlFLTVFrcXpQQWNpZ3c?oc=5,"Tue, 16 Dec 2025 08:00:00 GMT",2026-09-12T09:16:07+09:00
GoogleNews:健康　トレンド,健康　トレンド,カルビーが芋のミルクをセブンでテスト販売 狙うは「ゆる健康」市場 （2ページ目） - 日経クロストレンド,https://news.google.com/rss/articles/CBMidEFVX3lxTE4tVnMtRFh6RlhmeWVxMVkyalR5elNveUt2R3dvWDBZc2RhZkF4aDZYTlZ2d0FXU0N6UWVBRDZRcndiTm1DQ0ZiSnYtOUtfYkhlZUdOSlNMRTJ4eUUtRVVqSE90VzRiNTNuUlVNR0x6NlVXQ0dZ?oc=5,"Thu, 20 Aug 2026 07:00:00 GMT",2026-09-12T09:16:07+09:00
GoogleNews:健康　トレンド,健康　トレンド,腎機能の指標「血清クレアチニン検査」が企業健診で必須に その理由とは - 日経Gooday,https://news.google.com/rss/articles/CBMicEFVX3lxTE0tZEpoeE90T011LUE1TmlNNjZaMnVzaUw3VElCdUJpei15Z05rbXN1QzYtbTQ4Rl9PTlFnMW10MUFpTnM0WFZybGNDVW5sNGczNHZtU2x3TGdNNVRXY3haYXlWQzNpVmFLXzVNZnN2LVI?oc=5,"Mon, 24 Aug 2026 07:00:00 GMT",2026-09-12T09:16:07+09:00
GoogleNews:健康　トレンド,健康　トレンド,【速報】「からだにいいこと大賞2026」の開催が決定！健康トレンドを牽引する祭典が今年も始動、まもなくエントリー開始 - PR TIMES,https://news.google.com/rss/articles/CBMiakFVX3lxTE5IVWYzVm40VGhMaF9wWHVTRVFSVFc3NEhBZzM3REpsU3IyRk9qbmFIRWw0NG5Ed3c2ZlRvRXhhajQ1NURtazZXbF8wcUxFWngyeFdWWWhNQk81MXNjcXB0M0RvMUVVazlMRUE?oc=5,"Fri, 22 May 2026 07:00:00 GMT",2026-09-12T09:16:07+09:00
GoogleNews:健康　トレンド,健康　トレンド,ミツカンも参入、「背徳市場」が急拡大 健康志向と真逆の新トレンド - 日経クロストレンド,https://news.google.com/rss/articles/CBMib0FVX3lxTE5qTTR4ZW9Gb1RvMGxGRU5UNTFlYzd0a21hREdOM2t6Q19GYVdkOXNPNk13dXdPR05QWjFFR1pwY1JEazJ1bUdRc1ZDMDhwZFp2R0RXWDBDLVN0X1l1TWx6UzdGMC1VR3R3c0wxUzJxMA?oc=5,"Thu, 11 Jun 2026 07:00:00 GMT",2026-09-12T09:16:07+09:00
GoogleNews:健康　トレンド,健康　トレンド,舌の筋力低下を防ぐ！ 舌圧を鍛える舌トレーニング、姿勢も改善 - 日経Gooday,https://news.google.com/rss/articles/CBMicEFVX3lxTE5wRnVxS1liNzQtdXVrVjVVS3dkMmxoZk5zVUR4UHZLWVhvOXc3OUxTdzJXZTlRWmFNMzd5dGUyMEgxVFdIRm50NDRJS3VIbm03UTV3SWVvZWhvUWRzYTFhSDBvN21IV2szcUUtMjB3UG4?oc=5,"Tue, 21 Apr 2026 07:00:00 GMT",2026-09-12T09:16:07+09:00
GoogleNews:健康　トレンド,健康　トレンド,1日ひとつ「ヤセ行動」を選ぶだけ！ 大学病院で考案 “我慢しない”ダイエット - 日経Gooday,https://news.google.com/rss/articles/CBMicEFVX3lxTE84QjRnQWN4SDlaUklZNWdNWkRYY1QtNDUwRVR4bVJDOXNYaVpqZVpWTW1xRlNSQVU3cUJyOUpSenNlMGFadWNSOGdWT1RoSVA1Mnl0WDBHYUJJV0RJYXZOdWJsTUFFZHV2UTl6ZVF4dHU?oc=5,"Tue, 28 Jul 2026 07:00:00 GMT",2026-09-12T09:16:07+09:00
GoogleNews:健康　トレンド,健康　トレンド,ランナーに優しいカフェが韓国で急増している。これは韓国における新たな健康トレンドだ。 - Vietnam.vn,https://news.google.com/rss/articles/CBMiuAFBVV95cUxPNmlCaS13S01nNGhobHhjNTRNSktNS3NaWVJyQkNTZ3d4UFM2SnhfSFFnSlZ0dzcyMXplZ1FmZkhZSEFwTDRFT2Q5MUE3b2FRa19hVVEzcDA0cXpNY3c3TkpnR0l3QlpIYjBJMkE1UXlKOWRfN0x3RFVPdHZ1YksxWDZXdFUxU1d6VkZoaDJSZkhCZVZVdWxUS1U5Y3Uwak5SYWF2WERqUTN0OU5pWVhTd2U4aWgwVE5G?oc=5,"Wed, 02 Sep 2026 04:30:15 GMT",2026-09-12T09:16:07+09:00
GoogleNews:健康　トレンド,健康　トレンド,「おならサラダ」は本当に健康にいい？ 栄養士が解説 - ELLE,https://news.google.com/rss/articles/CBMirwFBVV95cUxNd2lQZnBoZ2M3ay0wX2ZudjNGOE9QQlJkeHJldGhPd085WkNwUnpzRTdSTXdSbjNlWTlCZFR0LXJOOTVJTElrWWxoaVVrSnk4Q2dLX01fUzk1bS1WQV9weEMwMEg2YnZnVHVXMmdodVFBOC1WaFNxOWRMbm1WMW5jUHM5TktjbXl5QkpLa3pPV1hnMHZDZ0VPRExPMFJXRWExRUh0R0g5NC1pZWtFR0hZ?oc=5,"Sun, 28 Jun 2026 07:00:00 GMT",2026-09-12T09:16:07+09:00
GoogleNews:健康　トレンド,健康　トレンド,味の素がeスポーツ参入 目指すは「健康なゲーマーこそ強い」の証明（日経Gaming） - 日経クロストレンド,https://news.google.com/rss/articles/CBMiZkFVX3lxTFBXMjJFNUltYU1CVDdfdjJjN0N3Tl9pbjVqQm5hYzQ3U0VQN1BFMW5MSUlPcU41dTRiNXlxSzdvNmRmR1YzMzZpaWZBeWFrQ0ZGWHNNaDJaUmF6Yk1ZdHFqbmZsVFNsUQ?oc=5,"Mon, 06 Jul 2026 07:00:00 GMT",2026-09-12T09:16:07+09:00
GoogleNews:健康　トレンド,健康　トレンド,2025年の健康トレンドを凝縮！過去最多567商品から選ばれた『からだにいいこと大賞2025』全受賞商品を一挙公開 - PR TIMES,https://news.google.com/rss/articles/CBMiakFVX3lxTFBkNGFvd0hsWmhlemFYMDFUbkRoNHo4YjJ6NDFsdENxYjV4OHptMm5oT0NtSmhNMmJGOEtSbk5xQU9VUFpuY3piNGpMRjdJWG5ia1dFVlJBVEpDTngweFhsZlpoaUNCNWNqd3c?oc=5,"Fri, 26 Dec 2025 08:00:00 GMT",2026-09-12T09:16:07+09:00
GoogleNews:健康　トレンド,健康　トレンド,TPCマーケティングリサーチ株式会社、健康食品市場トレンドレポートについて調査結果を発表 - ドリームニュース,https://news.google.com/rss/articles/CBMiU0FVX3lxTE96Y3VIMGVjQ1l5elhZU0ZkbTV5VmluaGt0UDc3UkpySXhZSnozN2gxdmFRRTJ4ZGxKX21ybFFLNk02c2VqYnhUSl9jU1JZY1dFcVVv?oc=5,"Tue, 16 Jun 2026 07:00:00 GMT",2026-09-12T09:16:07+09:00
GoogleNews:健康　トレンド,健康　トレンド,健康トレンド2026！注目の健康食品・サプリメントビジネス - PR TIMES,https://news.google.com/rss/articles/CBMiakFVX3lxTE5wTlg4MDNuZXEycnpCX2dGTTdZMk9NYVpiRnYxRVlxcEhsV2RJU1YwVVgyQnEwOU90ZkhsV21RNDhlRUZvZUZhODVoQWZ6V0NSNi1QbjEwckNLY3VPcW8tSF96MGp4S0FFeGc?oc=5,"Thu, 19 Mar 2026 07:00:00 GMT",2026-09-12T09:16:07+09:00
GoogleNews:健康　トレンド,健康　トレンド,食のトレンドは「手軽＋日々の健康」がキーワード！手軽に健康を意識した料理で自分を労わる、新たな食のスタイルに注目 - TOKYO MX,https://news.google.com/rss/articles/CBMiZEFVX3lxTE10a2NWbHI1OGxKUGJCbm1YR2J1eWI3UHBlMDBHbFBzekhQbW5mRGpVVlFSX3dsOFYzNzdrQUNRdmVOUjFiT3ZYZmhpalRxaUJxb3d0UDJpLXJQa2tWOHkzM0doZTg?oc=5,"Thu, 29 Jan 2026 08:00:00 GMT",2026-09-12T09:16:07+09:00
GoogleNews:健康　トレンド,健康　トレンド,CES2026における「女性の健康」トレンド - newspicks.com,https://news.google.com/rss/articles/CBMiU0FVX3lxTFA0LWFVOERtZHBvMXE5MEZ6Mm8tNXE4c2xzMVg0bWtNNmFvc1hIc1U2V3FIczk1YlB3UFJxUnVHY29saGVpUmZ2SnRhX2VrWWhXa2F3?oc=5,"Sun, 11 Jan 2026 08:00:00 GMT",2026-09-12T09:16:07+09:00
GoogleNews:健康　トレンド,健康　トレンド,今年の「食と健康」のトレンドは？『あすけんトレンド大賞2025・あすけんトレンド予測2026』を発表 〜90億件超の食事記録データから見えた2025年のトレンドは「パーソナルカスタムフード」〜 - PR TIMES,https://news.google.com/rss/articles/CBMiakFVX3lxTFBoaXdSb1NNMGdfbTRqbkpGQnFVeEgwakhCSEsyR21rMGxpMXVrVkRneTFvaTcxQUVMMDRjbldRV0w1VnhNby1rQTZ0ZUo1Z2Z3MDYzUTV2YWVhcTJiX081cEUyM1RtdWxmVmc?oc=5,"Wed, 26 Nov 2025 08:00:00 GMT",2026-09-12T09:16:07+09:00
GoogleNews:健康　トレンド,健康　トレンド,物価高への不安は「収入・資産不安」より強く、女性は10代‐20代から健康不安が高い｜2026年トレンド調査 - PR TIMES,https://news.google.com/rss/articles/CBMiakFVX3lxTFBseEpuYVRDRG1aX29MUGxMenhqUXZXeXBBZjlSa2NkSWhBdDE3RUdFMl9YbEhpNnVzc2VhdU1Ib0hTUXM0VW1PbUZaOExmR21BZG9kX09SMHVtdHhQeXk2TUgyb1lVMjg5ZlE?oc=5,"Fri, 09 Jan 2026 08:00:00 GMT",2026-09-12T09:16:07+09:00
GoogleNews:健康　トレンド,健康　トレンド,『あすけんトレンド大賞2025・あすけんトレンド予測2026』を発表しました - 株式会社asken (あすけん）,https://news.google.com/rss/articles/CBMiZkFVX3lxTE9xbVp2WkRQSUYwdWVjWGZRdEZFUWdTZjB4QVdMcnVnQ0NqUnJCUFRHbjhqblVUSnVMRE5aMk9WdWdDci1IalpVUkpQQXB3MlJKcnBicWVFMzlPenhUMllfdVhMcXlJZw?oc=5,"Wed, 26 Nov 2025 08:00:00 GMT",2026-09-12T09:16:07+09:00
GoogleNews:健康　トレンド,健康　トレンド,腸内健康の新トレンド「ファイバーレイヤリング」って、なんだ？ - TABI LABO,https://news.google.com/rss/articles/CBMiU0FVX3lxTE1NNi15RU9MQ3BxaGcwYmZPZHR0aWhBZnh5elJ5ZDNNcVpqUWJMWTJhZFBSYXd2dno2dW5ibXNiRWtYWGJ5cVQ4ZnB6VGMtSXk3eHNZ?oc=5,"Wed, 08 Apr 2026 07:00:00 GMT",2026-09-12T09:16:07+09:00
GoogleNews:健康　トレンド,健康　トレンド,「1日1万歩」の必要はない！ 日本式ウォーキングが世界的な健康トレンドに - marie claire [マリ・クレール],https://news.google.com/rss/articles/CBMiWkFVX3lxTE9DLWxHaUVHT2dJZGg0cU9MbmY0M3diRDUxeVM1QWlydkNHcDg3c2t3bkVtQ2N4azgyQnpybTBCbGl2bTZkeTRxbmhzcEE1MzBKZXpnZGFrdEJPdw?oc=5,"Wed, 07 Jan 2026 08:00:00 GMT",2026-09-12T09:16:07+09:00
GoogleNews:健康　トレンド,健康　トレンド,加齢黄斑変性は早期発見がカギ 将来の視力を左右する - 日経Gooday,https://news.google.com/rss/articles/CBMicEFVX3lxTE1mS0NPSEdaNmxiWDNDUk10TWkzTktKVmNjanBycHZxV1ZzaGlkMHVvWkpsd24tVGtQWGJKcWJvUVVPNXpUYWJpbm5oS1ZDdl80QnhuVnc0M25WUEVBRnhqbEV3a1RNWUtwWmR2ZDFZeDk?oc=5,"Mon, 01 Jun 2026 07:00:00 GMT",2026-09-12T09:16:07+09:00
GoogleNews:健康　トレンド,健康　トレンド,消化器系の健康市場の規模とシェア、トレンドと成長、2034 - Fortune Business Insights,https://news.google.com/rss/articles/CBMiswFBVV95cUxOd3VKcWdDMWZoWGNzblQwWFJUUnBQRXF0Y1UwS2FRZVdjRVJZang1RjdSMkN5TWZDMURqZ1hFX1J1RE95RExrQW40b010VE03UG5PR0FLMERpYVRScnQyMjZGemdVOFE0enFJUVNGUEV2RDZwR19qbDhhbEtOeExnaGlDV2U4Y0tjeWNHV0M1VmFZX1ZDOGNCTjRxWkM4ekpNR2FfSWFnSUw5RndMdk1LeExITQ?oc=5,"Mon, 06 Jul 2026 07:00:00 GMT",2026-09-12T09:16:07+09:00
GoogleNews:健康　トレンド,健康　トレンド,私たちの一生を支える「漢方薬」 そのエビデンスと強みとは - 日経Gooday,https://news.google.com/rss/articles/CBMicEFVX3lxTE5BUUMyTlhIclBfMDBSLVJsZ1dOSDNQV2c0aGNFaG4zajFpRzZiOWs2U245OG9OZHl3ZnY0VU9ydDY5dTh0b2ZiZUI1azVPaFhzTmtpRkNqQktOVGNRall1WnJpWFY4YW51aV9ZZG9Edlk?oc=5,"Thu, 25 Jun 2026 07:00:00 GMT",2026-09-12T09:16:07+09:00
GoogleNews:健康　トレンド,健康　トレンド,プレスリリース：健康・美容の最新トレンドが今年も集結「からだにいいこと大賞2026」本日よりエントリー開始！“あなたの愛用＆NEXTアイテムを教えてプレゼントキャンペーン”も同時開催中（PR TIMES） - mainichi.jp,https://news.google.com/rss/articles/CBMiaEFVX3lxTE5sOHRMc3pwUWpZYXJTRGctSnlzTzkta3Nla3A1N2VtVFZGWnIwNUNiRHRka1RkaEZnVU5peklxS095UmIzUzJmYmtkb0ZLSzJzRDB5THM5V1ROeFBXOHZxN05CT3Q0YUFP?oc=5,"Mon, 01 Jun 2026 07:00:00 GMT",2026-09-12T09:16:07+09:00
GoogleNews:健康　トレンド,健康　トレンド,インフルかかりやすい人5つのタイプが明らかに 2026年新株の特徴は - 日経Gooday,https://news.google.com/rss/articles/CBMicEFVX3lxTE43RXd1N0RIUW5qLXZDTExnMUlRcnBUX1g0eXNJc2lscjNwaDhhNUNhVDFZZk9pWkxMSG41ems3SkZxYV9UeEtEWnhPUjhMTEtQRUNpR2dkVWRibnhDalVQUHQwdXVod1N0UkEzLWxBaDg?oc=5,"Wed, 07 Jan 2026 08:00:00 GMT",2026-09-12T09:16:07+09:00
GoogleNews:健康　トレンド,健康　トレンド,皮膚の若返りがトレンド、治療は今や内側から健康に焦点を当てています - VOI.ID,https://news.google.com/rss/articles/CBMiSkFVX3lxTE5ldml1TjFYYmEtOE1PUms0TmpCTnI2LU0zbnpPOUJyaGJDaHVUX0hHMmtTSURWamMwN19tSG9DNy1ONnFVMWhmUGNn0gFCQVVfeXFMTzlTa2t0UkFZblRzSFkzbmNPNzEwdUJsZlBWRWlGOWNHNl9NMS1EMk94YlVBRXA3Qm5iUWxCUTF5Zml3?oc=5,"Fri, 04 Sep 2026 08:42:00 GMT",2026-09-12T09:16:07+09:00
GoogleNews:健康　トレンド,健康　トレンド,女性の健康投資市場を形成する6つの重要トレンド - Forbes JAPAN,https://news.google.com/rss/articles/CBMiWEFVX3lxTE9vNmVHR05adG5oeElQNjJhT3lFMERIMzNOUWR0czRqUWZuTTA2bGc1VGZqZldXb1dOUEtaOTNoNENDZjk2ekI1OU5oOXkxWjIyc3JuM21UeTY?oc=5,"Thu, 15 Jan 2026 08:00:00 GMT",2026-09-12T09:16:07+09:00
GoogleNews:健康　トレンド,健康　トレンド,女性ヘルスケア白書 市場動向予測2026 〜健康トレンド・業界動向・女性ニーズ〜 - ウーマンズラボ,https://news.google.com/rss/articles/CBMiRkFVX3lxTE8yQ1BXMXpwVDZsTS1YLTZ4WWVTZF9UQ3ZfSTdGb2FoZE5ZdXFENlpIS21QcFE1T1lYVzlmOWE0RkN0TlRpZkE?oc=5,"Thu, 16 Apr 2026 07:00:00 GMT",2026-09-12T09:16:07+09:00
GoogleNews:健康　トレンド,健康　トレンド,韓国流通業界、紫色の「ウベ」商品で新トレンド狙う…視覚と健康感で人気（KOREA WAVE） - Yahoo!ニュース,https://news.google.com/rss/articles/CBMif0FVX3lxTE45SmIwRDZpdzNzdDdkTnViTTlxdUxsejhobzJvQzRCV05GeGowUHBKZVV0SEFTaHpvWE9GVklGSDB6UXJoLU1LRlpseHRTWXlxSHdOMlVoNU1iLW55djNQSWEtbXRtLXFQT09Pc29NdXNSZ29SemdYdWZoNC1UUEU?oc=5,"Tue, 28 Apr 2026 07:00:00 GMT",2026-09-12T09:16:07+09:00
GoogleNews:健康　トレンド,健康　トレンド,健康・機能性市場トレンド2025 秋・冬 - ダイヤモンド・チェーンストアオンライン,https://news.google.com/rss/articles/CBMiaEFVX3lxTFBFcEhtbl9kYmYxYk1kZjQ1Sjg3NVdZaENmQmhIQmlwWXVBMGpJUHA5YnJfWlN6bDZSUU5SV19IMWxoRmFYeGdETmUtT0JoLVBtXy1yLS1sQWxtcV9FNEVJUGxKM3Q4QWNN0gFuQVVfeXFMUHc1OVFLaTFkM2tCTmtZRDFHdG5XcC1VUVMzNG5oRDRNcFlfTFUwWmR2ekh4TXBEWG1JWEJUcVR4RUM3bnRTR2l6alVaeVA1VV9kYmpfaHRIbDNBemtFSnE1SGlHdnlkWUV1Y3AzMGc?oc=5,"Fri, 24 Oct 2025 07:00:00 GMT",2026-09-12T09:16:07+09:00
GoogleNews:健康　トレンド,健康　トレンド,「ホルモン・ウェルビーイング」「養生コスパワー食」「カスタム免疫ケア」など、2026年上半期の健康・美容分野の動向を予測した「FYTTEヘルスケアトレンド2026」を発表！ | 株式会社ワン・パブリッシングのプレスリリース - PR TIMES,https://news.google.com/rss/articles/CBMiakFVX3lxTE1sajZsRS1kTElFaXE3ekxKY2t2cUE1MThEczZOYlNQd0pJUlNETWxLbU5zcHBXcDBfejNPdG5RN0VXZXhpYTFzb1lHZFdPYm5EbHRSdklTbEp3UW9JdHpQcmN2QVd3RlgtNWc?oc=5,"Fri, 12 Dec 2025 08:00:00 GMT",2026-09-12T09:16:07+09:00
GoogleNews:健康　トレンド,健康　トレンド,「24時間の健康管理」へとトレンドが変化した最新ウエアラブルデバイス6選【本当に売れているモノ＆売れ続けているモノ】 - GoodsPress Web,https://news.google.com/rss/articles/CBMiVEFVX3lxTE5OaHhwdGkzU2xfUEl3ZnNnUnNGR1RXcUdZLWRiMXlXMXJZdE1GT2ZpYTVrdEdUZUxIQmJzcDdvUEMzNmVFeEExTXdDR21qUGtQbHJYdQ?oc=5,"Wed, 15 Apr 2026 07:00:00 GMT",2026-09-12T09:16:07+09:00
GoogleNews:健康　トレンド,健康　トレンド,健康な社会づくりを目指すミラノ・コルティナ2026とイタリアのAI／サイバー政策：海外医療技術トレンド（128）（1/3 ページ） - MONOist,https://news.google.com/rss/articles/CBMib0FVX3lxTE5ac1ZPTVdMZXEwRjIzNDFLMjk2U0JFR1lucjFSeDBSWi1jOWllMndZRVJEQ0tYUFJVZWhRQk1uVXRucXlOU2ZPWmVrMjBWeld3TzZEUGIweEQtMEREMVRMNDVXQkRieHFQYmNoMjIxVQ?oc=5,"Fri, 13 Feb 2026 08:00:00 GMT",2026-09-12T09:16:07+09:00
GoogleNews:健康　トレンド,健康　トレンド,【最新トレンド調査】健康を考える飲食品〜中国、台湾、タイ、アメリカ、イギリス - 株式会社ヴァリューズ,https://news.google.com/rss/articles/CBMiV0FVX3lxTE9lRjZuSW5SU0RXR2JzU3d3ek91SF9ZM28xeG1UMVpGQWIxNXlwY2dXWXNnSkVyX3Z6Xy0xcmN2d3Mwb29rZnNFWnJsRW0zQ0pSR01TbVJaVQ?oc=5,"Fri, 28 Nov 2025 08:00:00 GMT",2026-09-12T09:16:07+09:00
GoogleNews:健康　トレンド,健康　トレンド,新春特集第1部：重大トレンド解説2026＝健康寿命の延伸 エピゲノム年齢で提案 - 日本食糧新聞・電子版,https://news.google.com/rss/articles/CBMiakFVX3lxTFBUdUwxX25iY0VDczl6bkV1WlRTLXZTaGttS20wWkxUQnd2bEFrZ19JOFRFekl1Nk5UZ09pVGRTS2M0QWxNMVB0TW1vc0FxVWJ1OFhaRjg3N25ZMEh0cjJFVGpSV2ZtOFJJQUE?oc=5,"Thu, 01 Jan 2026 08:00:00 GMT",2026-09-12T09:16:07+09:00
GoogleNews:健康　トレンド,健康　トレンド,トレンド トラッカー：日本FFCの普及状況、韓国の健康補助食品生産状況 - NutraIngredients.com,https://news.google.com/rss/articles/CBMihgFBVV95cUxOdmxKWmI3SW53d2FvTnlFVHpfdTBVeGg2T2xFZzVfclpNQkNYclJKRXVrbjdVR3ZhajZ0bWxfam5vN2o4ZHA3cU52Tml5cHRVWFZlbWpYSDlLSlR5ZmJHZGt0UlJaUlhvQ3RkMkx4QUI0Z0dqSGhzZm5qSG02OWlCRmhhN0FIdw?oc=5,"Mon, 27 Jul 2026 07:00:00 GMT",2026-09-12T09:16:07+09:00
GoogleNews:健康　トレンド,健康　トレンド,【母の日検索トレンド発表】母の日関連の人気検索キーワード、2026年の傾向・トレンドを紐解く。2026年は「健康・癒し・実用性」。「母の日検索キーワードランキング TOP15 2026年4月版」を発表 - PR TIMES,https://news.google.com/rss/articles/CBMiakFVX3lxTE1WSm1yUlM0MUFubDNSRllDZ1BBVzlweEl6THVOdVphU3lvSGhuZXhTYlowUEVLZTh4Ul9YaWZ6NWJjS1lzSXNpbmg5TC1zUEI2UEg2TFVBQkxNN044dW9yRjR1YUNPUHNoYmc?oc=5,"Sun, 03 May 2026 07:00:00 GMT",2026-09-12T09:16:07+09:00
GoogleNews:健康　トレンド,健康　トレンド,24時間リカバリーウェア「ReD（レッド）」 マイベストアワード2025トレンド健康グッズ部門 最優秀賞受賞 - 株式会社MTG,https://news.google.com/rss/articles/CBMia0FVX3lxTFBiTS1RT01fcWotcDhVLXJkYURYU3hYMmFSODk2RHhVdmc5UTVzMUdWUFp2aXJpNUVkaXJYMWhNaDBJWDl0cHpCdlZVZUc0QzE5U0xYMjRnWXR4N2JSMDlPNXNLb2dwRVltVU1n?oc=5,"Fri, 28 Nov 2025 03:02:19 GMT",2026-09-12T09:16:07+09:00
GoogleNews:健康　トレンド,健康　トレンド,SIXPADやエクサガンがさらに進化？ 「健康グッズ大賞2026」を決定 - 日経クロストレンド,https://news.google.com/rss/articles/CBMiZkFVX3lxTE4xVHRsdVo4QTZGTng4YVoyb2djbW0zd0FSYWgyRHJsWnpSanhRTXd5RmNCaTdZTnpMRDc3aVE4UW9za3BvbG1tREFwUTY1OUFpbUhQbjAwWmM1NTkwRkt0Y2dJOUdtZw?oc=5,"Tue, 17 Mar 2026 07:00:00 GMT",2026-09-12T09:16:07+09:00
GoogleNews:健康　トレンド,健康　トレンド,栄養士・管理栄養士200人に聞いた！2026年トレンド食材予想TOP３は「発酵食品」「冷凍野菜」「サステナブル食材」キーワードは健康×時短×環境 - PR TIMES,https://news.google.com/rss/articles/CBMiakFVX3lxTE0wdTFzOHM2a1ZhaXE2TjY5Q2F1Ry00cWFkcXZWQ0dzTDhMTXR3a1FyVWl0SWNQUS1yRkFmU1RkRXYtMTl0RzVrdEhBZzlWdllxaHNNMDZkZExpTHRPTVc3VHBZSUhtdVJjc0E?oc=5,"Thu, 04 Dec 2025 08:00:00 GMT",2026-09-12T09:16:07+09:00
GoogleNews:健康　トレンド,健康　トレンド,コカ・コーラのCEOは健康的な食事のトレンドに注目しているが、それはプロテインではない - Business Insider Japan,https://news.google.com/rss/articles/CBMingFBVV95cUxQX083ZzFWRGdzY2htZkV3ODcwRFQ2UWlUM2hsNk9TNlZIM2VFQnZVLTB3WWljU0VGa3huaUJvcWhNZG8teFVqMDhJMXVHVE4zQ2tNRzRmT1BfMFlQelRwN1c1cUZxRTFmbE9LZ0lVTGNhUnFreXVPNkdHQXlPTWpqV0NCeG5qQ3RLN2FPN2lPalZZNnd0T3gyZlhfbUJKUQ?oc=5,"Mon, 26 Jan 2026 08:00:00 GMT",2026-09-12T09:16:07+09:00
GoogleNews:健康　トレンド,健康　トレンド,ミンテル 2026年: 世界のビューティ＆パーソナルケアトレンド予測を発表－医療・美容領域の接近とメンタルヘルスをサポートする美容品、「不完全」で人間らしい美への回帰 - Mintel,https://news.google.com/rss/articles/CBMiiAFBVV95cUxOZDVhVGpKMk12ZnJzN196TWJOTUxMTVhwR2kyQ0VHYm1pN01XMDR1US1tb1hGREcyMGhFeElLdjNwVjRHdVN4QnViR3JJOVRhRUZpWklkNlBGSUhiYjR3RDM1dTl2N21FVGpIa25KOUJjdGdHSEM0Yl8zRkdDbUR5TU1xcV92c1Y5?oc=5,"Thu, 09 Oct 2025 07:00:00 GMT",2026-09-12T09:16:07+09:00
GoogleNews:健康　トレンド,健康　トレンド,「もうちょっと父の日も頑張ってもらいたい」健康を気遣う商品に…疲れを癒やすケアグッズ 今年の父の日ギフトのトレンドは？ - 日テレNEWS NNN,https://news.google.com/rss/articles/CBMihwFBVV95cUxPaUsyNkhHWEdhcWdKNEs0S1NPLVl4WThQMkJuT0FQZ01tMEttRjZJallHZW1rVHo3UExXWEpib1YydFJjNTRKSWRFUEJTVW93MTR0c2hrWTJJc1lORFh3UlkzVE1YczgzaXl4Y0RwTGFzOUJFVDFIbFZyWHFKZ1kyT3BJNmpEbnM?oc=5,"Thu, 18 Jun 2026 07:00:00 GMT",2026-09-12T09:16:07+09:00
GoogleNews:健康　トレンド,健康　トレンド,【来場登録開始】国内最大級の健康・美容ビジネス展「健康博覧会2026」2/25-27開催 ～新企画続々、400社が最新トレンド発信～ | インフォーママーケッツジャパン株式会社のプレスリリース - PR TIMES,https://news.google.com/rss/articles/CBMiakFVX3lxTE5tUlR3Mnk0T3U1WmhsZHhTTWNTSDB1YUFDVm5iZWF2b0xSenFFdVhMSDEyTTJEQTZxNVdOaDAtdmEyNEZ2aDJPb0xnRWFYR01kVWUyQVgtSGZZZGlDbzFGaUJicGhlNEREcnc?oc=5,"Wed, 24 Dec 2025 08:00:00 GMT",2026-09-12T09:16:07+09:00
GoogleNews:健康　調査,健康　調査,「女性労働者の労働実態及びジェンダー平等・健康実態調査」「妊娠・出産・育児に関する実態調査」2025年調査報告書ができました - 全国労働組合総連合（全労連）,https://news.google.com/rss/articles/CBMiU0FVX3lxTFBURy1yQ3kyUXRWZWVtanF4SW5vQzQ5WFFLRGVYUjh2b3FQNnpkd2llVlotVHdvbHh0ZmktdmFuUWp2bTdxR1RCbGNQbThZWGhiYjZr?oc=5,"Wed, 09 Sep 2026 06:25:18 GMT",2026-09-12T09:16:09+09:00
GoogleNews:健康　調査,健康　調査,氷見大雨、被災宅訪れ寄り添い 県内各地から保健師、健康調査・支援に奔走 - 北日本新聞webunプラス,https://news.google.com/rss/articles/CBMiS0FVX3lxTE16TXlBR1lKdXExM0kxclFSQW9mNnFoSEJGUzZvWHRROE9RQWRCVGlRNnpXN0FBcm5pbHZuZ0VpNUhGOVg0S2NsRnRIQQ?oc=5,"Thu, 10 Sep 2026 20:00:00 GMT",2026-09-12T09:16:09+09:00
GoogleNews:健康　調査,健康　調査,各種健康診査・がん検診 - city.fukaya.saitama.jp,https://news.google.com/rss/articles/CBMiugFBVV95cUxQT2oxZkZfbW5TdHJPSFpXblhWenRYOC1GdjNSN1RTQ040WkZTeTMwanpPZXZIc1RubUsxRFR2cXZQbEJzSFFUQzE3Y20tc3hYNWtzWGtYb2VqWWdEX3FEbWxacEJPNHFLUDdqVU9NUFVTMFZsUHNDbkNhOFpaaTNNWVZyRW9fT0tNZEQ4bWN4cGNKUlJWNFNIaFpBR0k3M0k0OVhMNTVsRC1oNEJyZko1cnNDWlU5ZTJlZUE?oc=5,"Tue, 01 Sep 2026 07:00:00 GMT",2026-09-12T09:16:09+09:00
GoogleNews:健康　調査,健康　調査,【住まいの「空気・素材」と健康に関する意識調査】家の中の「空気の質」が気になる層は33.2%。家を建てるなら「自然素材を使いたい」層は53.2%に - PR TIMES,https://news.google.com/rss/articles/CBMiakFVX3lxTE1JOHpEenJnMG5EWHVhVHFnRDd5VXcyYlZGblZwS3VPTzdSaThtSjkyMXVLdUtTZkwzcWJSZmk5ZWRhTlZFT2NDUjRaOU5lY3VMczdNdlVINmdGUzFFTUl2RjhtcDZhcGFHWlE?oc=5,"Wed, 09 Sep 2026 05:00:02 GMT",2026-09-12T09:16:09+09:00
GoogleNews:健康　調査,健康　調査,「健康経営銘柄2027」・「健康経営優良法人2027」の申請受付を開始しました - meti.go.jp,https://news.google.com/rss/articles/CBMiY0FVX3lxTE9wQjg2SC1uZjR3WDE0RUxOckpqMFM4cTlOazRUUXIzYmxheTNZT3YyVDlZem54SWNoZi1LRnZLWTlGajhTU21zVnRSUkJQM1BqYUo4T2g0V0lFYjl1Yl80T2RNVQ?oc=5,"Mon, 17 Aug 2026 07:00:00 GMT",2026-09-12T09:16:09+09:00
GoogleNews:健康　調査,健康　調査,水俣病の健康調査、協力者確保に課題 患者団体「即刻中止すべきだ」 - 朝日新聞,https://news.google.com/rss/articles/CBMiZ0FVX3lxTE5JdHZ0Q1MxRXA1X2NyOVU5VkZhN2xzNHBtZjFKMWtueHJXblNsT19LdTBCRlJFZHVJMFNkcDVWc3BBQ1pRZTRFNVZWVXJUVEE5em5KeWhCaUg3aU5qYnJlNlVIN3Ayb3c?oc=5,"Thu, 26 Feb 2026 08:00:00 GMT",2026-09-12T09:16:09+09:00
GoogleNews:健康　調査,健康　調査,水俣病対策に111億4千万円、環境省が概算要求 健康調査の開始、見通し立たず - nishinippon.co.jp,https://news.google.com/rss/articles/CBMiVkFVX3lxTE9WeTJjZVA5UmtUdnlleXVWQXlCaGFSWW05aVJSTDNyWnY2UndJNlpFS3lBeWxQRmE0S3dmcjhlNUhDVlEtWmh5YzBDMmxuNVBIeFlOWG1n?oc=5,"Fri, 28 Aug 2026 07:00:00 GMT",2026-09-12T09:16:09+09:00
GoogleNews:健康　調査,健康　調査,厚生労働省 老人保健事業推進費等補助金 老人保健健康増進等事業 - nttdata-strategy.com,https://news.google.com/rss/articles/CBMiVEFVX3lxTE5Bdm1MMzVNY1ZaWkVSWEdFa2ZOZjNnWmEyRElvbEljREtoZzNsS09rTWRJek1DNHVTMWxzS043UDhjd19mLV9rOWwydnh6TjJQbVp0dQ?oc=5,"Mon, 17 Aug 2026 07:00:00 GMT",2026-09-12T09:16:09+09:00
GoogleNews:健康　調査,健康　調査,令和7年度「県民健康調査」こころの健康度・生活習慣に関する調査 ここから調査のお知らせ - town.okuma.fukushima.jp,https://news.google.com/rss/articles/CBMic0FVX3lxTE8yZmp2ODZWUmdpLXFHM18wYjJ1QnBYMUU0dHBOTkpVNmVmaHEzajg3WFRaLWhXZHlmZ0JMb01aM1IwM19odkVQR0dVZ3N6bEVfMGIxY1NmSDJqbVdQM2U2WmZ3VlFWbG1reXczdktSODZlUlk?oc=5,"Mon, 26 Jan 2026 08:00:00 GMT",2026-09-12T09:16:09+09:00
GoogleNews:健康　調査,健康　調査,能登半島地震の被災者7346世帯の健康調査結果 仮設住宅居住者で心理的ストレス「高度リスク」が増加 - TBS NEWS DIG,https://news.google.com/rss/articles/CBMiZ0FVX3lxTE10eHllaDdqTm5GaXNjSUFOcVQydldmWURUcUE1VGk3ZFBvcXdqdlNUWTUxUmJHcm9MaWZtTmZ1UGJVNjNSTmJaZ1R1bHFJS3BxdTFHTmlEcmgxY2JvVG5XY3JiZjNUbjQ?oc=5,"Tue, 18 Aug 2026 07:00:00 GMT",2026-09-12T09:16:09+09:00
GoogleNews:健康　調査,健康　調査,北海道の喫煙の状況 - pref.hokkaido.lg.jp,https://news.google.com/rss/articles/CBMigwFBVV95cUxNdFpfN1FUNXFwUm40T0toUGZxS2VSci0wV2p0WDdNbTg0VnNZa2tCdVlDQ3YyMGI1alVMWU40NVRjeks2dlZwT2dqOVJPU190VW94THUzV0xjU2haNUhONFRBa3F4ekwxUzI3Zk9Ia2wwV2dLUmVkRlJJT2tHWXBpbEpNWQ?oc=5,"Wed, 19 Aug 2026 07:00:00 GMT",2026-09-12T09:16:09+09:00
GoogleNews:健康　調査,健康　調査,能登半島地震・奥能登豪雨の被災者、65歳以上の半数がフレイル予備群 石川県が健康調査結果報告書を公表 - 中日新聞Web,https://news.google.com/rss/articles/CBMiVEFVX3lxTE5VWm15Q1JSUU04OXk5aGRyN3NoQTAyWURuWW5tTmFoSktHNDZYSzBFUmdRMFpUMU82c2VSYlJ4WHViajZ6VU9QelZZMk9DaElxNUhmaA?oc=5,"Thu, 03 Sep 2026 10:21:26 GMT",2026-09-12T09:16:09+09:00
GoogleNews:健康　調査,健康　調査,女子のやせ志向が顕著 過度のダイエット×朝食抜き×意識啓発へ 県が初の専門学校生健康調査 - 千葉日報オンライン,https://news.google.com/rss/articles/CBMiUEFVX3lxTE9wbExvWnhWOFpzVWZHWGRvZmdZMTRWV2dkMWdWdzJIUXdzd0RzMVM5cjI4R0l1NWFRUGlpdW9oOHE1M1RhdWM0X0ROVnhqREYx?oc=5,"Mon, 07 Sep 2026 14:49:00 GMT",2026-09-12T09:16:09+09:00
GoogleNews:健康　調査,健康　調査,令和7年度健康食品試買調査結果|3月 - metro.tokyo.lg.jp,https://news.google.com/rss/articles/CBMidEFVX3lxTE1oNWRiOFlRQWp0V2JhTEdIQmtFbUVYaDloQ19UNm82d05lQlNCNVBoU1FxalcxcDBQd2tPTG41ODl1RVMyaWxyZXZEWkdSSUpzdFFHOXpTcmxzbDRXa0kyUlZDbDFlWmZLbTNHRmdkS01uWVpt?oc=5,"Mon, 23 Mar 2026 07:00:00 GMT",2026-09-12T09:16:09+09:00
GoogleNews:健康　調査,健康　調査,奄美市健康体験交流施設再整備活用プロジェクト - city.amami.lg.jp,https://news.google.com/rss/articles/CBMiZ0FVX3lxTE1IVkp0ODNuMzRNOF95YVh4aVczVHpPVjYzN281c3F5QjhVbTI5ZjdmRWVUcmMySVR4ZFpHSlI5eE5XaXdqVGhmZko3dWRlRTdoSnI3MHpQSHlucEFlT1E1cTJKbnR4Ymc?oc=5,"Wed, 01 Jul 2026 07:00:00 GMT",2026-09-12T09:16:09+09:00
GoogleNews:健康　調査,健康　調査,甲状腺検査の利益めぐり応酬〜福島「県民健康調査」検討委員会 - OurPlanet-TV,https://news.google.com/rss/articles/CBMiS0FVX3lxTFBKUFlOSmZ4bTB2VU5BYzdkaFNCQUFZQ1U4Z09vM0J4WmVMUklLYWVMTWNHYTNBbnUwQW5MMlVsV1ZrM3gxZldDRVhkWQ?oc=5,"Wed, 25 Mar 2026 07:00:00 GMT",2026-09-12T09:16:09+09:00
GoogleNews:健康　調査,健康　調査,水俣病の健康調査、環境省研究班「実施し得る」今年度実施に向け結論 - 朝日新聞,https://news.google.com/rss/articles/CBMiZ0FVX3lxTE9XNDRSdjVnLVQ1b2tNT1RkYzVMMUZwSW5yWkhGTU9QT05wQ1lab1F4WVF2RzZzbWFScndLZ1cwX1BseVhfcEFoRl9qM0xURVJXSG51TzhOT2pxekxEcWkxbDVMeGNiVTA?oc=5,"Wed, 22 Apr 2026 07:00:00 GMT",2026-09-12T09:16:09+09:00
GoogleNews:健康　調査,健康　調査,能登半島地震の被災者7346世帯の健康調査結果 仮設住宅居住者で心理的ストレス「高度リスク」が増加 - TBS NEWS DIG,https://news.google.com/rss/articles/CBMiV0FVX3lxTE83ZDdyWk1kTFBPSXdFQjJYbExfOVNrSDhLUDBITTNGYnFzeUdMTzVXejdlbkFwcVA4dkdfRUxvcHgtdHk5TGdZcDBzRmNPdVZaQnFqbXlSdw?oc=5,"Tue, 18 Aug 2026 07:00:00 GMT",2026-09-12T09:16:09+09:00
GoogleNews:健康　調査,健康　調査,仮設住宅の被災者、心の健康リスク高まる？ 石川県が2度目の調査 [石川県] [能登半島地震] - 朝日新聞,https://news.google.com/rss/articles/CBMiZ0FVX3lxTFBfcllQd0dNNkViY3RNOHdfbGc5cGsyazlTTjNXR1BMSmJ3UU0xbVlxT0RsU1UybGtjcmU1V0JzZzJLRExWNlRsdDQ1ejJwbGpuZ3c1SUtvT09EVGpvaHJ5UGFfM25mdFE?oc=5,"Wed, 19 Aug 2026 07:00:00 GMT",2026-09-12T09:16:09+09:00
GoogleNews:健康　調査,健康　調査,能登半島地震の被災者7346世帯の健康調査結果 仮設住宅居住者で心理的ストレス「高度リスク」が増加 - TBS NEWS DIG,https://news.google.com/rss/articles/CBMiYEFVX3lxTE50VnIzblBpUWdrVzhDQy1rQUR1NmJDZ3R2ZFd1U2Vlc3NUMzJkZTJ3MDdtYUhubll0d1FVQmE5MFhhOUxrbzVsbHRjZmI2cTNjWmd4ZWpfR0FRNk5oWW9nZQ?oc=5,"Tue, 18 Aug 2026 07:00:00 GMT",2026-09-12T09:16:09+09:00
GoogleNews:健康　調査,健康　調査,能登半島地震の被災者7346世帯の健康調査結果 仮設住宅居住者で心理的ストレス「高度リスク」が増加 - TBS NEWS DIG,https://news.google.com/rss/articles/CBMiX0FVX3lxTE1uVWZuOUVOdkZhaGI3X1RwMGllY3ZvS2pNQ0ZyMmExbVVUOHBscTZoSDRNSEdkbVhrVVBaYXlLRkhmX1pwSWtsbF9HRkZuM21vaUNJVXZseFRJR1BMU0hN?oc=5,"Tue, 18 Aug 2026 07:00:00 GMT",2026-09-12T09:16:09+09:00
GoogleNews:健康　調査,健康　調査,健康上の問題による日常生活への影響の経年変化～国民生活基礎調査（2025年）からみた高齢層と若年層 - nli-research.co.jp,https://news.google.com/rss/articles/CBMib0FVX3lxTE81X0VwaGdZLUdkQkFhd1E3aHZaZ2JqazNhRVg3dUZoX05aRUpGOWlKT0tpTjBmaTAyQXVldjlfTnN6LXZteXFLTEtnRXI5cTZYMUhhNk5wYWVxUV9fRUNnR3I4RzRyZnhzM0J6Vloya9IBf0FVX3lxTE1FUlk2LWx5NkxIeFBkT0xBN2xFNC12djMxUmlIU3FFTm9FakRhV2hoVTRxVmwwa0ZQcDN4dmwyY1ZtcHlacFk5cmtXY0xxTnNMWTFFelE3NlFLU2hVN0JYQmFqa2IyVUdJZjBKYUNSenlVSm5KSi15ckRmQW5pQk0?oc=5,"Thu, 13 Aug 2026 07:00:00 GMT",2026-09-12T09:16:09+09:00
GoogleNews:健康　調査,健康　調査,令和7年度幼児歯科健康診断実施状況 - pref.ibaraki.jp,https://news.google.com/rss/articles/CBMigwFBVV95cUxQRnBuM2doTnlQTi1POWIwM0J3OUtQTmpZMHpiSnJGRUthYU5Dbk1udnlhZENLR2hJeWtoX0J6T05Pai1jMmI4VTA4REtPOXEzT3dFYkoxVU0yRmYxMVNHS1ZISGpOSTY1OUNvcmVsWVI0MVM1TEFkd2JRMHloY21vSEpkVQ?oc=5,"Thu, 18 Jun 2026 16:24:37 GMT",2026-09-12T09:16:09+09:00
GoogleNews:健康　調査,健康　調査,能登半島地震の被災者7346世帯の健康調査結果 仮設住宅居住者で心理的ストレス「高度リスク」が増加 - TBS NEWS DIG,https://news.google.com/rss/articles/CBMiWkFVX3lxTE5lMUVWeGFfei1xT085YndkSzVGa25SNmhScnlWWXpsMmRTcmpJWnpJN05wLXNLcktWWGxZRGdpeElsNkxRSjBwUDVidldkT3NtUUdzRlJxM0Fldw?oc=5,"Tue, 18 Aug 2026 07:00:00 GMT",2026-09-12T09:16:09+09:00
GoogleNews:健康　調査,健康　調査,「しびれは悪化の一方」やまぬ救済の訴え 健康調査の実効性は? - mainichi.jp,https://news.google.com/rss/articles/CBMiaEFVX3lxTFBoSEZZMzVDQTRUTURpX2d2aUdHYXljN0l4T3I0dkI2OGUzVzhSMHNmSm5NbUFJSGN3NVc2bTE3Ql9SWkllMDl4c3cxTU5CQThOa0Z0aW82RTdHM0EyMWRPLXEwTjI0T1Nl?oc=5,"Fri, 01 May 2026 07:00:00 GMT",2026-09-12T09:16:09+09:00
GoogleNews:健康　調査,健康　調査,水俣病の健康調査、1000人規模に 26年度から実施予定 - mainichi.jp,https://news.google.com/rss/articles/CBMiaEFVX3lxTFBIOGRNUnVqYXdkM2daVk9VSEQ1ZTF0a3dSNGx5bFQtMktxbFEyem5kSnYzd19PMXMyQXduNVBxQW9hWTZIWTg0LS1ZMHhUd0NnbDNwc29SSzV6NnY3WWY3WThVOEpNQlBn?oc=5,"Wed, 22 Apr 2026 07:00:00 GMT",2026-09-12T09:16:09+09:00
GoogleNews:健康　調査,健康　調査,各種検診（特定健診・がん検診等） - city.satte.lg.jp,https://news.google.com/rss/articles/CBMib0FVX3lxTE5NeXVzRHJaYU8xSmpYNWRzZEVOdzJGZHp1NEx4ejBHZU9DWndlUWZFRWNOZFdFMk9Ca3BBMm9UOXg3ZW5yRXZxLUNiOS1QOGJSNDNHSHhTYXN1bnFITzg0MzdFQU1Tc04xaU9Ub1dPQQ?oc=5,"Fri, 01 May 2026 07:00:00 GMT",2026-09-12T09:16:09+09:00
GoogleNews:健康　調査,健康　調査,能登半島地震と奥能登豪雨の被災者 仮設住宅生活で心理的ストレスのリスク上昇 石川県が健康調査 - 日テレNEWS NNN,https://news.google.com/rss/articles/CBMihwFBVV95cUxOWXFSRUw0UHBSUjhwQ00tY2lIeXhLQUZabnpHZ085VGFRV0V2aFBtczY4ek1xeUtLc0I5Wm1VeWl2TDhyV0pqTUh6NDhaMXVZQnJjQS1MU0xjNWYtR255ODlWWW1JRmZDaWlYaUFHc0RndFBsRXRYNVJOeThpTFJPd2FMYWtBVDQ?oc=5,"Tue, 18 Aug 2026 07:00:00 GMT",2026-09-12T09:16:09+09:00
GoogleNews:健康　調査,健康　調査,［水俣病公式確認70年］「住民健康調査」科学重視の国、救済求める被害者団体の間に深い溝…新たな線引き懸念 - 新潟日報,https://news.google.com/rss/articles/CBMiXkFVX3lxTFAwMVdVdWdqcXpIQk1NYnlhLUctWk10TE1EVjFpcGk1MUJRSC1vSlVwRm1RU1RteTFRcDdoUHhoakNwNDA1NW5SWUhyMzFYcGUycmJiR3k0SXFrU3g4Z3c?oc=5,"Mon, 08 Jun 2026 07:00:00 GMT",2026-09-12T09:16:09+09:00
GoogleNews:健康　調査,健康　調査,-第3回 食と健康の意識調査を実施- | 一般社団法人 日本最適化栄養食協会のプレスリリース - PR TIMES,https://news.google.com/rss/articles/CBMiakFVX3lxTE1hSjJxUktvSUgyT1M3RVlQZFBIMk9JdEVadzgzUk9laENxeUstNGRlc1Z6eTN0M3EzN25BT1o4TmdJaGk2bkx2S21rVmRQdmhnZ3FHXzZRZXhQbDM3cE01a0pqelJ5QjQ2d3c?oc=5,"Wed, 17 Jun 2026 07:00:00 GMT",2026-09-12T09:16:09+09:00
GoogleNews:健康　調査,健康　調査,子供の2型糖尿病、有病率は想定を上回る可能性～全米小児健康調査｜ニュース - dm-net.co.jp,https://news.google.com/rss/articles/CBMiWEFVX3lxTE9yVVhOcVNRUkpfQnlNMUNiQXljWll2YkdoYUs1TFZOYUVjeWpXaDNNdk04aWY1NFB4SDg3clI4RVoxMi1GeDhjTjdpNGRJNlppZkFlU3Zjaks?oc=5,"Thu, 25 Jun 2026 07:00:00 GMT",2026-09-12T09:16:09+09:00
GoogleNews:健康　調査,健康　調査,特定健康診査・後期高齢者医療健康診査 - city.ibaraki.osaka.jp,https://news.google.com/rss/articles/CBMiogFBVV95cUxPdFNJYkdPSjJrR0ZnbjZSV3hOZUthSUVIeU9YV0JORkd5RnFBb000dXZNNDVvNXBBanZ5cXpGb1hGTXdOYXctbUVoYjVadGZlY2I1bU1xS0RBY1h1YnlKMkpoNDY0YlgxY29tckQ3aU11LURyWndiZjNzc0pKVnpLd1FCOHdMSnBjd2pfWmx4LVhZVXV6Mm9DeU9TYjIzQi1HeHc?oc=5,"Wed, 01 Apr 2026 07:00:00 GMT",2026-09-12T09:16:09+09:00
GoogleNews:健康　調査,健康　調査,Sansan、女性のライフスタイル調査を実施美容・健康意識は高い一方、 リフレッシュや人とのつながりは不足～現代女性の「隠れたギャップ」が明らかに - Sansan株式会社,https://news.google.com/rss/articles/CBMiWkFVX3lxTE5adUpCS0ZadjZHV0hNd2dYZXBFTFN4LUZLWFVvTUdKRW53UlFkdDB2N2JsMmhFVjJpbndTaVNFdkJQWFAzeHZIdVZQWUJtN3BCaGNDdHlMQVB2Zw?oc=5,"Wed, 27 May 2026 07:00:00 GMT",2026-09-12T09:16:09+09:00
GoogleNews:健康　調査,健康　調査,アルコールを控えるでも､糖分を控えるでもない…1200人･15年調査で衝撃の結果｢最も死亡率が低い人の傾向｣ - president.jp,https://news.google.com/rss/articles/CBMiWEFVX3lxTFBicXRjN1JRRGNEanhXOFNKdGF5UTdtdEo0VmVmTEhhSkZQV3hPQkNUNG5DM0pScnZTSnhGS3ZjM1JkVVVkTVBJcnlHQk0wSlZZa2ZNSUdqUEY?oc=5,"Sat, 21 Mar 2026 07:00:00 GMT",2026-09-12T09:16:09+09:00
GoogleNews:健康　調査,健康　調査,環境省が水俣病の健康調査を本格化へ 先行調査で「不満少ない」と結論付けるも 被害者団体側は「実態解明に繋がらない」と批判 - TBS NEWS DIG,https://news.google.com/rss/articles/CBMiZ0FVX3lxTFBtYU5xeW11VTJ6RF9fUF85dW1hZjJhY0NxN29YOXFMRVJURVkyUVFXemFrYkNOVDMtdXNIYmNDTnllS3Zsd0w5S1VZQlE3cjVGUi0xRmo4bW1ITm42WEFiWl9vNWZvTU0?oc=5,"Thu, 23 Apr 2026 07:00:00 GMT",2026-09-12T09:16:09+09:00
GoogleNews:健康　調査,健康　調査,がん検診のご案内 - city.nagoya.jp,https://news.google.com/rss/articles/CBMijwFBVV95cUxQM2I4a0pQQzhyTVNGOWg2MEtBOWJWSFdzSHJhanVqX2FNQ0l3VkZWOUgySFpGaHcyOVZaOE82eUZ3Ti1taXhOVjNicGdJQ2dEV20tWm5MdF9sbWtoQ3J6SDR3NnpBeGpiVW5oN0xULXJJUWJYdTkyV1ZFMU1HQTN2RklrcmNZRTg5RVBUam5zaw?oc=5,"Wed, 27 May 2026 07:00:00 GMT",2026-09-12T09:16:09+09:00
GoogleNews:健康　調査,健康　調査,健康福祉常任委員会が県内調査を実施しました（令和8年4月24日） - pref.gunma.jp,https://news.google.com/rss/articles/CBMiXEFVX3lxTE1tWXVHdFJod3BuOGFYcENxbVdPRWdWOEdZY1JQOWdrYUJBdnpXSmh6eVZILS1YS05ibXdidjJkN2UtYVZCMXQtX3Jzc1ZEVDVUMzhFdWstdUl1c2Fo?oc=5,"Fri, 24 Apr 2026 07:00:00 GMT",2026-09-12T09:16:09+09:00
GoogleNews:健康　調査,健康　調査,世界肝炎デー 2026 in SAGA にて健康一番プロジェクト「健康調査イベント」×「ロマンディスコ」開催 - PR TIMES,https://news.google.com/rss/articles/CBMiakFVX3lxTE5aa0cyTS1ndlNmcGl5Wk1yVlQ1YldZbjQwVkwzUDRlenFxUDViTTVOMXdGTmNiUm42b21NZXhDZ1c0V1pFNkk4aUhscGRSNGdBWFFLZVI2LWhmWlVTZzRjV181NlYxamV2N1E?oc=5,"Thu, 06 Aug 2026 07:00:00 GMT",2026-09-12T09:16:09+09:00
GoogleNews:健康　調査,健康　調査,水俣病健康調査、来年度から本格調査に入る方針…「１日最大４人」環境省が被害者団体に説明：地域ニュース - 読売新聞,https://news.google.com/rss/articles/CBMickFVX3lxTE10N1JjcWZPTzljekl1OUxZRTlCVTBvN0kzNFhYdV85alFnLWxiR3FXV0l3UUJXX2lTSlFVU3JIQkJDYWphdmpvY3hSSlhONm5oTVZfX0Y3dE1ZZl8yZFZVSjMyTlUzMTlQbTR5SDVEMXBVdw?oc=5,"Thu, 26 Feb 2026 08:00:00 GMT",2026-09-12T09:16:09+09:00
GoogleNews:健康　調査,健康　調査,パートナーシップ証明制度と性的マイノリティの精神的健康との関連を調査 | 医療・健康 - TSUKUBA JOURNAL - tsukuba.ac.jp,https://news.google.com/rss/articles/CBMieEFVX3lxTE1zc1VQc0xpbmcxTlU4emxTT0cwdHowX0w4N2xyRVBiNUJhTGhwU3hsQkdwbW9jZzczZmRnR3hLQ3IxR1RQYVI0NlVLMUdQN1kxWDhrSzlmY3Qwb3h6WVFDZXNiUUVtLUt0RTVPLVZEMDRPR2VjSTFvYg?oc=5,"Tue, 19 May 2026 07:00:00 GMT",2026-09-12T09:16:09+09:00
GoogleNews:健康　調査,健康　調査,安全・健康・コミュニティに関する調査報告書(令和7年調査) - city.atsugi.kanagawa.jp,https://news.google.com/rss/articles/CBMifkFVX3lxTE1YNmZINTNvVTNudVYxOFVISjhwVElPTDdMUnBwMUV4cnRsLVdMODFxVm16TzU2Q3pScTF6cTRMOC1WWW9INXZ0Z1Y5Wldwb2Z3VjZaUl9hVjV6OWhXdnRzME9fdnZhOFZQU2dnRmpETDluWU5PMmJib0lDQ0Uzdw?oc=5,"Wed, 18 Feb 2026 08:00:00 GMT",2026-09-12T09:16:09+09:00
GoogleNews:健康　調査,健康　調査,被害者側「誰も望まぬ」調査を準備 水俣病で環境省 遠い全容解明 - 朝日新聞,https://news.google.com/rss/articles/CBMiZ0FVX3lxTE8zRmdoTEJya0x4aV9pT2NMZUdQQ2Y0OC1objM4Y3h3cl9hVll1R21UbEFoMUN5RXNJUll4anU5bkRJVThDZU9tTk1pb0k0YlJYOFctMElXRlhFb01TX1BaRWVMUjd2cjQ?oc=5,"Thu, 25 Dec 2025 08:00:00 GMT",2026-09-12T09:16:09+09:00
GoogleNews:健康　調査,健康　調査,住民約1000人の健康調査を20年以上続けている「岩木健康増進プロジェクト」を青森県 宮下宗一郎 知事が視察 長年蓄積した調査結果を活用しながら企業誘致を目指す考え示す - TBS NEWS DIG,https://news.google.com/rss/articles/CBMiZ0FVX3lxTE4xOUhjalBoVS1Fcm5Gdi1fM2dPMWVFYWZUenE2aExoNmEyYmdmSjYzZFRiZU9rM1hGVE0wVFBaRzA1MTJNaklZVy0ta3VhLUVfQlhSTkNkU1g2TUtscFdYa2I3X3FHWTg?oc=5,"Wed, 03 Jun 2026 07:00:00 GMT",2026-09-12T09:16:09+09:00
GoogleNews:健康　調査,健康　調査,令和8年度 3歳児健康診査 - city.hachinohe.aomori.jp,https://news.google.com/rss/articles/CBMikAFBVV95cUxPVEtuLWZ3aVV4SFBHbk16SmdZUXc4S1VPU01qNGljNmFxZGlCYXloR29yWGxZeEo3NWdUOWUxWDRMS0JTVm52WE5UMXBmNFJKOTFUSHozREN2UHkwWnRWTVJUOEYyVnVxSl9XRm9aMzdtekRqX3FkbnJzSHk3cHpSeWJvNGI4cl9wZmktakI4UzY?oc=5,"Wed, 01 Apr 2026 07:00:00 GMT",2026-09-12T09:16:09+09:00
GoogleNews:健康　調査,健康　調査,「健康経営優良法人2026」認定法人が決定しました - meti.go.jp,https://news.google.com/rss/articles/CBMic0FVX3lxTE9IYjZmWTEya3R0bDhBWmFIVGJuNlZqM0ZtVEh5NVpQQnRDWFR1RDZVd0JWdElqdEl4XzNUdktnb2FLblE0NnJxaVY5R0ZETUhxRllyeTk3UnhoS1lCNXZUOVA1NGNTNk96c2NndzFoMV9iZFU?oc=5,"Mon, 09 Mar 2026 07:00:00 GMT",2026-09-12T09:16:09+09:00
GoogleNews:健康　調査,健康　調査,住まいにおける幸福や心身の健康に関する調査報告書 | 株式会社LIXIL住宅研究所のプレスリリース - PR TIMES,https://news.google.com/rss/articles/CBMiakFVX3lxTFBrU0NrOV85Q3A1MXRGbGR4ckVjeFBEYkhZeWVXR01iVXY2UDNETndZMlZxUlVKa1lBMlQ3bVlpeHVDOHQwNUZxQWREQkQ4OHdoUGR0SWNNdUJNbzlFQ3U1WnJhNVA2aDAwMEE?oc=5,"Fri, 15 May 2026 07:00:00 GMT",2026-09-12T09:16:09+09:00
GoogleNews:健康　調査,健康　調査,「健康経営銘柄2026」に44社を選定しました - meti.go.jp,https://news.google.com/rss/articles/CBMic0FVX3lxTE11MnBRZ2QxZk8xMFZwYi13OUZMYXRDSUNudkRSX0NzUV9ZOEdsV1dqMkZTbDhFTnVjQVBIRk1YY2VXQkMxSmhMTTVHSE5pOWZOZHdZMnF4Mk81eDZvSzd2MjR2bVdRX1Y1YWpxYk52amZucXc?oc=5,"Mon, 09 Mar 2026 07:00:00 GMT",2026-09-12T09:16:09+09:00
GoogleNews:健康　調査,健康　調査,能登半島地震・奥能登豪雨の被災者、65歳以上の半数がフレイル予備群 石川県が健康調査結果報告書を公表 - 47NEWS,https://news.google.com/rss/articles/CBMiS0FVX3lxTE9GTkZkYUs3QURPb3hITGFkWmlNem9WajdaSjJQdERLdkpFT0w2ZTAzZHp3dTBUcVlsZlJGOHNuR0VpZ1JjQVA5cHFWaw?oc=5,"Thu, 03 Sep 2026 10:21:00 GMT",2026-09-12T09:16:09+09:00
GoogleNews:健康　調査,健康　調査,水俣病住民健康調査に患者団体が反発「全容解明調査と言えず」 - NHKニュース,https://news.google.com/rss/articles/CBMiWEFVX3lxTE8yYWZMOE9MOGYyNEVXQTF0SlNaamYyMkFPWmc0ZHdVa2ZuUUlyNUx5ZDN4MXBTMGp0N3FzaTdWWlFZVHhoanR2cmFEM3J2V0p2Mkh1Qm1kNGs?oc=5,"Wed, 25 Feb 2026 08:00:00 GMT",2026-09-12T09:16:09+09:00
GoogleNews:健康　調査,健康　調査,被災者の１割に健康リスク - 福井新聞社,https://news.google.com/rss/articles/CBMiXkFVX3lxTFBPNDZaMXNycU1yMVJ1SDRhdU5ENDJ2SnF5SlR4bkZ5Tk4yblFTdTlabFR5cjlScE5QbjR4UTE0Y3NVY1V6UVhZdDJPVEExeDIwV0RqVnV1VVJ5QzlZaFE?oc=5,"Tue, 18 Aug 2026 07:00:00 GMT",2026-09-12T09:16:09+09:00
GoogleNews:健康　調査,健康　調査,令和7年度「市役所からはじめる健康づくり」に関するアンケート調査結果を報告します - city.asahi.lg.jp,https://news.google.com/rss/articles/CBMiWkFVX3lxTE5hc1BMc2F3cDFIbzUwOHNCVEtQb1VvUm5RdG5Sb3VOSVN1VVl3TlJEV0xOU3NxazU1b0hZMXJLUzB4NXkxb3dPbjA5bEwxOXR0cm9PY2oyaHpXQQ?oc=5,"Tue, 20 Jan 2026 08:00:00 GMT",2026-09-12T09:16:09+09:00
GoogleNews:健康　調査,健康　調査,目的、手法…国と隔たり 被害者側「実態把握できない」【水俣病70年第３部 健康調査の行方①】 - 熊本日日新聞社,https://news.google.com/rss/articles/CBMiT0FVX3lxTE1yZlBPeTZiQTB6TW95YkphZWJsYk9SelhVQUVVZG9wMS1nTXNfQ1p2T1Btalp0OHZTSUZhYWxJYkYxZFFKQ25pUzEzVGlUcDQ?oc=5,"Wed, 03 Jun 2026 07:00:00 GMT",2026-09-12T09:16:09+09:00
GoogleNews:健康　調査,健康　調査,クラシエ、「間食と健康意識に関する調査」を実施 - PR TIMES,https://news.google.com/rss/articles/CBMiakFVX3lxTE5uWW1nY0xfRm9IallpdDQ3WVJmWGNkUHBEMFNGRkFISEZSWlV1THE1UGZ4c1JaS2VFNEhJZnRnanhhY0FzcHRhdjl5WDRuaTJwbDZ4ZDBFemZjVEdGQ09QSGl3S1E3Ul9SMXc?oc=5,"Thu, 21 May 2026 07:00:00 GMT",2026-09-12T09:16:09+09:00
GoogleNews:健康　調査,健康　調査,語る・水俣病：公式確認70年 健康調査、国が一蹴 空白20年超 多くの人他界 元熊本知事・潮谷義子さん（87） - mainichi.jp,https://news.google.com/rss/articles/CBMiaEFVX3lxTE5SdWc2Q1F2ajdDaUFwVmp4SzcyTU96eUtoYnROZEFjN0g1R3BHRjJOeTBvV1ZvXzl4Mk84VmxZX1ZmYWxUY2dWNEE3Q045NlR0NG1kTFhRUnNBb0ExUmFKcURlZHp1a3Rm?oc=5,"Tue, 28 Apr 2026 07:00:00 GMT",2026-09-12T09:16:09+09:00
GoogleNews:健康　調査,健康　調査,【「女性の健康週間」に合わせ、実態調査を実施】更年期症状を有する中〜高年女性のうち中等度以上の症状を有する者の約７割は医療機関含め誰にも相談していないことが明らかに - PR TIMES,https://news.google.com/rss/articles/CBMiakFVX3lxTE8yUE9WRXRtMUF2cFl0MlF0bmhjRkl3enpFVzhXT3ZXNFMzcmtPY05ESU5TZDNfNkRXczN3dF9yTHM0dWgtZ1BPcERBczMtdG84aXBnZ0tBZUpHNDZwZUJpRzNlbkpxTkFzeHc?oc=5,"Fri, 27 Feb 2026 08:00:00 GMT",2026-09-12T09:16:09+09:00
GoogleNews:健康　調査,健康　調査,健康食品市場に関する調査を実施（2026年） - yano.co.jp,https://news.google.com/rss/articles/CBMiZkFVX3lxTE9yV05CTDhjQjZrSHJiVGRRWUp3V3pLZkRsODFteWF4YWM3UTNWQjFoX0dGUVhjM2lTSndqcFFyNUwyRWFDM1R3ZDZONGE1djJXQWRRbzBJdUxzbVVEbE9ZTlRlVlU0Zw?oc=5,"Mon, 09 Feb 2026 08:00:00 GMT",2026-09-12T09:16:09+09:00
GoogleNews:健康　課題　政府,健康　課題　政府,女性の健康課題対応、医療機関を「見える化」　　厚労省 - MEDIFAX web,https://news.google.com/rss/articles/CBMiSEFVX3lxTFBzcEN0aEtkMTZxem9XZmVGc3p0dnYyZTNpVmJKUWZ1aUF5d0xEcHZweTdjZ2dJdHMyOFI1dkZHd3Q1TzN6dldyUdIBTkFVX3lxTE9od2FXM0pQRVkzTTZ2OGFiMXdiWERyeHFDX2pWeDJpUWRpbmtZejQ1aTJPVFc1dzZsUmFlSXk2b0hIUm1jdGtxTGxIM2s2dw?oc=5,"Fri, 11 Sep 2026 09:06:00 GMT",2026-09-12T09:16:11+09:00
GoogleNews:健康　課題　政府,健康　課題　政府,女性の健康課題巡る経済損失は３兆円超、解決目指す「フェムテック」広がる…トイレにナプキン・体調予測 - 読売新聞,https://news.google.com/rss/articles/CBMibkFVX3lxTFAySV9aTXpoVUhRbmp1MExITHk0WE5zZWVQUi0wSGZ5SFpmV0hlRGNrV1I0X0xuNklXY3lxQ2FTTTRCS01JTXUtbjhYajdtZ1RrSmdMVzVHTkhfTGw2dU1NcG1HRWEyRTNDVWtjUllB?oc=5,"Sat, 25 Jul 2026 07:00:00 GMT",2026-09-12T09:16:11+09:00
GoogleNews:健康　課題　政府,健康　課題　政府,更年期世代の女性を適切な医療へ 対応機関、ポータルサイトに掲載（共同通信） - Yahoo!ニュース,https://news.google.com/rss/articles/CBMif0FVX3lxTE01QmxHUlFCUEN2c3R3Y3JkemJQdnp3Wnp3VkdwRHRWWGFlME9rbTVGOWRLNlRXT3BfLUszaUlRYy1DQWVUTndtXzBTc0ZUYnlqWlJDYm5EZnlZbTZBR2U2dFNDUUlPd3JMd1NDYWpwRWJrd2ktalcxa3hZMm8zV1k?oc=5,"Mon, 25 May 2026 07:00:00 GMT",2026-09-12T09:16:11+09:00
GoogleNews:健康　課題　政府,健康　課題　政府,高市政権初「女性版骨太の方針」政府が近く決定へ 3つの重点分野「健康」「成長戦略分野」「地域」 - TBS NEWS DIG,https://news.google.com/rss/articles/CBMijAFBVV95cUxOQ0VRMnBNRTJCVE84OXA0RFpWRld5b3BrckFFeGNDZVh3T0lFbEI2WWRYeTVSMjk2VmFNRTl6Vk9PeFZvU2lJcWJNV3hHRnNHVzNfUm1pNnhxNFgwV0FYdkE3S3dzNzIxd0VzN2o1OXFHYVR3NnBfU3gzMHVDMkFjUm1DeU5wTHpLdXJyZg?oc=5,"Sat, 20 Jun 2026 07:00:00 GMT",2026-09-12T09:16:11+09:00
GoogleNews:健康　課題　政府,健康　課題　政府,更年期、どこを受診？ 政府が医療機関検索のポータルサイト整備など更年期対策強化へ - 産経ニュース,https://news.google.com/rss/articles/CBMidkFVX3lxTFBKZkVIUS1DSTluT21PYWMzc0hob2dyUXZmYUt2NUhyd1A2bl9ySXc0a3doMVRpVUJkdnRxTW94LXd6YmdjR3RIMi1SbXJvSjZ3UkU2R2pyY3Bab2xYYVNZLVVidjVPU2JnMnpSWWZhRGdNbXRaYUE?oc=5,"Mon, 25 May 2026 07:00:00 GMT",2026-09-12T09:16:11+09:00
GoogleNews:健康　課題　政府,健康　課題　政府,二つの政府レベル、喫緊の課題は一つ：医療情報における混乱を防ぐこと。 - Vietnam.vn,https://news.google.com/rss/articles/CBMioAFBVV95cUxQREhCNEwzODl5WUgxMjIxU1FvYUJ4MHBEc1Y0NFNKeE82c3BJMkp4UGE5enhNQWNwc1RGdHpzUmhDRHNER2poeFlYLXNRVlFzVndnLVdjMG8tdW8tZlcxem9WNkVmdWtDdmtGcUFNZ3BrZXJBUkxlVXpZQ0RqbENEM1oyejVyMXNhOXpUNUk0NmRqVU5TZE9Tek1salFvNmJ2?oc=5,"Thu, 27 Aug 2026 07:00:00 GMT",2026-09-12T09:16:11+09:00
GoogleNews:健康　課題　政府,健康　課題　政府,子どもの「スマホ依存」深刻 学校で健康問題やトラブルが 「政府の責任で何とか…」頭を抱える養護教諭 - 東京新聞,https://news.google.com/rss/articles/CBMiU0FVX3lxTE02RWR1TnFHVnA2VkwxN3NsRFBtZklWcVRRd2VMaFNUTlNZNU1HbTBEeElZdUd1bjVNX0d2UkZsUE92WlQ3djV0ZUxSRURxUlVIdFVF?oc=5,"Sat, 18 Apr 2026 07:00:00 GMT",2026-09-12T09:16:11+09:00
GoogleNews:健康　課題　政府,健康　課題　政府,健康寿命と平均寿命の「10年のギャップ」に挑む。マレーシア政府公認プロジェクトと、日本の整形外科専門医がサステナブルな「エシカル・ツバメの巣」の共同臨床検証を開始 - Newscast.jp,https://news.google.com/rss/articles/CBMiR0FVX3lxTE0wdHB2VnBYeHR6V3p5c3otbE9HZkFmcFhrNldvZFZzWjdYT1k0TUxtOThhUWl5c1pPVFo1ZlVuVlNXVjBYQk5z?oc=5,"Thu, 06 Aug 2026 07:00:00 GMT",2026-09-12T09:16:11+09:00
GoogleNews:健康　課題　政府,健康　課題　政府,「健康経営」推進企業を補助金審査で優遇 政府、「骨太」反映へ論点整理案を提示 - 産経ニュース,https://news.google.com/rss/articles/CBMidkFVX3lxTFB6MlkwVjV2Mm50d1RVUzJmNjVtY0M0WTF6dURhOXo3UTRuUU83WDRSZ2NxRVpxV25mRWtBS2F6WHZ0cl9zZVpNOVd1TjIzMXVxSGF3dDRtM0wxcGZwTHRFMkltNzFOSVA2NERoSm05Q19UOEI2Ync?oc=5,"Thu, 23 Apr 2026 07:00:00 GMT",2026-09-12T09:16:11+09:00
GoogleNews:健康　課題　政府,健康　課題　政府,女性の健康問題、診療アクセスしやすく 政府が新会議 - 日本経済新聞,https://news.google.com/rss/articles/CBMibEFVX3lxTE5UVFZ0cFBheC0yOEd5WWZfSVVoSndPR2tiajZjSGpJSHlOeDZybUh5YTAtRTJlLWNVS1RfMlJ1c2xBdi1RazdRSURLWXh4S19JN1VUWU12TVdKLURvQzhPTXVpMlBBYnA4TERWRw?oc=5,"Wed, 24 Dec 2025 08:00:00 GMT",2026-09-12T09:16:11+09:00
GoogleNews:健康　課題　政府,健康　課題　政府,政府 予防医療に注力 健康寿命を延ばす環境整備へ - NHKニュース,https://news.google.com/rss/articles/CBMiX0FVX3lxTE5BN0Ffb016dHZoWGhCQWFYSnlTdjFVNzl2SUJ4bVBFWlhGN1VlaXpWWTZaZXhoemxrV0M2NDdCWVNTVDExSDY1UHRBNlIxSkxWVGpNMXF3OUxtazNZb3VB?oc=5,"Sun, 04 Jan 2026 08:00:00 GMT",2026-09-12T09:16:11+09:00
GoogleNews:健康　課題　政府,健康　課題　政府,見過ごされている女性の更年期症状の治療改善へ社会課題として取り組む時代 - 朝日新聞,https://news.google.com/rss/articles/CBMiYkFVX3lxTE52VElGOFpCdWc0UF9sZ2c0MXdzSDl4WkRKcXBqLUo0eS1fZ1pLR1c4anB3YXM4aW1YZU1DdHlUV2RXdGU2NDBFQWpad2dOMk93NHlMMktvc1VZR1BkUkNhVzRR?oc=5,"Fri, 06 Mar 2026 11:52:20 GMT",2026-09-12T09:16:11+09:00
GoogleNews:健康　課題　政府,健康　課題　政府,女性の健康問題、診療受けやすく 政府が会議設置 - 日本経済新聞,https://news.google.com/rss/articles/CBMibEFVX3lxTFBzTVUtMF9TWjAzdVVvWXF1MWdDVjRqcDdPZ0tCckpiZ3dJdHZjS0hDbEZHM2d3SGZ2eHA3TER4enh3Zk9TN2NLMTJQYVZNQzk4MHMzNUFWemgwRUc1UnpycElfSVB5ei1pdEpoMA?oc=5,"Thu, 25 Dec 2025 08:00:00 GMT",2026-09-12T09:16:11+09:00
GoogleNews:健康　課題　政府,健康　課題　政府,「私も更年期が早くて…」 高市総理“女性のヘルスケア中高年期編ガイダンス”に共感 政府としても取り組み進める考え示す - TBS NEWS DIG,https://news.google.com/rss/articles/CBMidEFVX3lxTFB6X2Q3Q2tSQU05WDg5XzJ4ZDZtWXFJNWkwdXFETGVXaDlYUUNyM1h2WnowUkxidWotSGhNaXNqZWw2RVNBRXowckw0VmJkazBrU1d4aEg4NFJkdnRrUkdjVElkMDAtZlR1QTlkOFJpS3BOdmN1?oc=5,"Thu, 23 Jul 2026 07:00:00 GMT",2026-09-12T09:16:11+09:00
GoogleNews:健康　課題　政府,健康　課題　政府,女性の健康、診療体制整備 政府、更年期障害や月経に対応（共同通信） - Yahoo!ニュース,https://news.google.com/rss/articles/CBMif0FVX3lxTE5WcWtfYTRXSkF1ZFA4LTI4bGZ3eElzZzR6Q2FFdVQ1enlpdmhraHE0V2ZCZkZqb2RXN1hxdW5tVzVVUVJ6WXljZG94OV9FdlYtek00aWVXWXhQQWdycXlnQ082b1FXb1RnWFE2YlR0MkZQQklIZE1paGtLWUdPZHc?oc=5,"Thu, 25 Dec 2025 08:00:00 GMT",2026-09-12T09:16:11+09:00
GoogleNews:健康　課題　政府,健康　課題　政府,佐藤啓官房副長官、女性の健康課題「医療提供体制を確保」 - 日本経済新聞,https://news.google.com/rss/articles/CBMibEFVX3lxTE0wRjV2RUxrZWNINlRxWmVpczBsMGFaR0dZcGVlbi12YkZMT2p4N1U5VzF5LVJCRVV1LVlxUU94TTdRUDRmWENScFlWOEhuLXVuYmItNE4yMTMzRUlvTTdiZVRtRGpMNXptOEtFVQ?oc=5,"Thu, 25 Dec 2025 08:00:00 GMT",2026-09-12T09:16:11+09:00
GoogleNews:健康　課題　政府,健康　課題　政府,政府、健康寿命延伸へ有識者に聞き取り 骨太方針や成長戦略に反映 5月にも論点整理 - 産経ニュース,https://news.google.com/rss/articles/CBMidkFVX3lxTFBKa2g5QVBndzZyMTdCTmZrTDhoOVgwbFRZWncwbUwwZWJOYWwwZ3ZYaFhvUTZ5eWxQZTZwcjJTelhxdGh5ZFZJZzk3VXdXNzdRSHM1WEZmM1VpUDduZzFvaXd3aGN1Z1RqLWFwX2NFWWFEUG5Za0E?oc=5,"Mon, 09 Mar 2026 07:00:00 GMT",2026-09-12T09:16:11+09:00
GoogleNews:健康　課題　政府,健康　課題　政府,男性の更年期障害など健康課題、経済損失は1・2兆円超 国は研究に本腰 国際男性デー ととのえるココロとカラダ - 産経ニュース,https://news.google.com/rss/articles/CBMidkFVX3lxTE1vSG4yMDlqZzlLTHFxV2otZDlNMHdQUVlvRndhN05WN3dzZzVEZ2w2eGlIdlVublpTVmVkdzNmblFENnRpRkZWM3lRTmtOaTBmc3o1WFNQOVZVZDl3WlVDanJRbmNnUzJzSTVaWUlrbnpDZlYtd2c?oc=5,"Sat, 25 Oct 2025 07:00:00 GMT",2026-09-12T09:16:11+09:00
GoogleNews:健康　課題　政府,健康　課題　政府,女性特有の健康課題の理解促進 - pref.shizuoka.jp,https://news.google.com/rss/articles/CBMikgFBVV95cUxNYTVQRER4RTNWanBLSk41WDFLSXVYaUZHOFNhcFE3VkFtRkFPY08xNTBHLXlPVWRUbllMZm9QRUxvZjRzaklwRWpta0FBZGM3aW9Fbnk2dUxVU1pPT2tMeUlQanUwNkZSc0ZkS3hWNWVpZGdiRUhOVGVqTlhuQWhnb05qMjktc2lPNFFPcXJibHhRdw?oc=5,"Thu, 03 Jul 2025 07:00:00 GMT",2026-09-12T09:16:11+09:00
GoogleNews:健康　課題　政府,健康　課題　政府,働き手の健康課題を放置→年間4.6兆円の損失に 経産省が「健康経営」を国家戦略に据える理由 - ログミーBusiness,https://news.google.com/rss/articles/CBMiS0FVX3lxTE1TUXJ3TGhFcUU4dDdudmtvWkM2MjBtZGFaOEZJbUpaQl9GYTZULTdtOElqQ3ZZVkhWdVloVTNnUmZfNHhSbFdQNUpzOA?oc=5,"Tue, 18 Nov 2025 02:34:24 GMT",2026-09-12T09:16:11+09:00
GoogleNews:健康　課題　政府,健康　課題　政府,女性活躍推進へ健康課題の解決を - 公明党,https://news.google.com/rss/articles/CBMiVEFVX3lxTE5uLUFBQWQ5UE9QbTR1X2MzLXZibmUtV2x2V0F2TnRJZXdDdDhHblExZDZLYzJORTA5TEMtMU5ZTGZwVGZmQXBtTHNRRXBtYVdHMU9CZA?oc=5,"Mon, 08 Jul 2024 07:00:00 GMT",2026-09-12T09:16:11+09:00
GoogleNews:健康　課題　政府,健康　課題　政府,女性の健康課題 解決へ - 公明党,https://news.google.com/rss/articles/CBMiVEFVX3lxTFBaR1oydmMyaDg1TzYxUDdDUGxkSmZZQjA2WHVRcmJoN3VQMno4UWRiM2VhNW4xY1I5cjZpM1FFMklYSmJ2N1RrY2xtTVBoRjQyWkl1VA?oc=5,"Sat, 05 Oct 2024 07:00:00 GMT",2026-09-12T09:16:11+09:00
GoogleNews:健康　課題　政府,健康　課題　政府,「女性の健康」特化のセンター、国が開設 経済損失への懸念も背景に - 朝日新聞,https://news.google.com/rss/articles/CBMiZ0FVX3lxTE1udEZtejV3N0VVNnJfbHY2OTY1bFRGRnhSWk1vcnVld3drQXFLWnM5VjdYY09UQ0YyMGJNTWoyNVhvbjFiZW9TRGg0UUwzZ3M3dFhLT3hXUHZINTNzVzlhNDlCNVVHMk0?oc=5,"Tue, 01 Oct 2024 07:00:00 GMT",2026-09-12T09:16:11+09:00
GoogleNews:健康　課題　政府,健康　課題　政府,令和7年10月24日 第２１９回国会における高市内閣総理大臣所信表明演説 | 総理の演説・記者会見など - 首相官邸,https://news.google.com/rss/articles/CBMieEFVX3lxTE56SXR0b1hvMS1BX2dvSVdyVEpLdTR1OGx6MWpTT0tCRjFOcXF6LVNESmhtSDVDSVczN2c1b1pnNGNyckpEazRrQ1cxQnpnN1BaVVFUUEJ1akNLVE8yRVhrRUVEOXhfbnVNYjBSM0dUT1FVQmJKTUlqZA?oc=5,"Fri, 24 Oct 2025 07:00:00 GMT",2026-09-12T09:16:11+09:00
GoogleNews:健康　課題　政府,健康　課題　政府,日本企業の技術も活用 健康課題に取り組むユニットエイド幹部が来日｜with Planet - 朝日新聞,https://news.google.com/rss/articles/CBMiXkFVX3lxTE5VT2h1cFk1NkttcjF1LUlhU2I1ZWpxdkFJazBSNDdWSXhmWldBdVRlN0pZMEpubVQ5RkFRdjBpaEtBZTNNUkg1OVU2TENSTktmTjVEeHhtMHB3OV9HV1E?oc=5,"Fri, 27 Jun 2025 07:00:00 GMT",2026-09-12T09:16:11+09:00
GoogleNews:健康　課題　政府,健康　課題　政府,不妊や更年期、女性の健康課題の研究を本格化、政府が司令塔創設へ - 朝日新聞,https://news.google.com/rss/articles/CBMiZkFVX3lxTE03OHdkTlE4bjZwQzNLb2V2VlRwSXNFbEFJVzhpdHJpa2d2dnlJMW9LTlZIVS1kZ0EwSlNRTmpEVlVPXzB6aVQzcDVNRFdhTUREUzhpWVpON2V0cFFRNUk5cjM2X09Edw?oc=5,"Fri, 31 Mar 2023 07:00:00 GMT",2026-09-12T09:16:11+09:00
GoogleNews:健康　課題　政府,健康　課題　政府,政府、企業の「健康投資」促進 健康寿命の延伸へ5月に論点整理 - 日本経済新聞,https://news.google.com/rss/articles/CBMibEFVX3lxTE9aN21Qb2taT05mU21ielFRbXQxdDQ1MnB1ZTJic0x1SVpwdkdSNWlpaDI1MG9kdUxfV0Q2TjVfcERlNE1Eb1B6TkVid2ZQMmVtTndPZV9VUm9FVDRFczh5MWpyOXhjcUZOeXl0cA?oc=5,"Mon, 09 Mar 2026 07:00:00 GMT",2026-09-12T09:16:11+09:00
GoogleNews:健康　課題　政府,健康　課題　政府,女性の健康課題、経済損失3.4兆円 更年期など離職重く - 日本経済新聞,https://news.google.com/rss/articles/CBMibEFVX3lxTE1oR2U3S0JKRHZnNFc0Znl3aWRaUjExQzBzV1Z2ZUdKOVlTWF9wS050LTgtREdsRWNwenBvdWZHWm5CcUJpVm4tVFlXVExrX205b1dIenV5QmJrNU5paHZXbEdZUnVNQTliajBiNQ?oc=5,"Tue, 20 Feb 2024 08:00:00 GMT",2026-09-12T09:16:11+09:00
GoogleNews:健康　課題　政府,健康　課題　政府,ズバリ聞きます！ - 公明党,https://news.google.com/rss/articles/CBMiVEFVX3lxTE1wSmhTUUdrQkJPalRSVGVoUnZmQ1E3VXJxallFOGxMSVphcVdIUThlTTN1YXFWV0c4UWRyaWhycndrQ2FmblpqWVBsanlRSzZwZkYxaw?oc=5,"Mon, 02 Mar 2026 02:37:08 GMT",2026-09-12T09:16:11+09:00
GoogleNews:健康　課題　政府,健康　課題　政府,働く女性がライフステージで向き合う健康課題とフェムテックへの期待 - jri.co.jp,https://news.google.com/rss/articles/CBMiUkFVX3lxTE5KdlhaU0dGM3JGQVFtUUxfMDduNXZ0WFR2djZBemhQbHNCVEFaczZDRkxzSEw1NkNkVFI2UVZpcEF1NVhFS2toa3Nld0FuNmpZeUE?oc=5,"Wed, 09 Nov 2022 08:00:00 GMT",2026-09-12T09:16:11+09:00
GoogleNews:健康　課題　政府,健康　課題　政府,〈累計10万DL突破〉政府採択の次世代健康支援アプリが”頑張らない”ヘルスケアを実現。買い物データを自動で栄養素に変換する独自技術に上場企業も熱視線 - FUNDINNO,https://news.google.com/rss/articles/CBMiSEFVX3lxTE5TV01nTnVvaWE3WUg2dVpkUnhtNzA5Y1ZXdk1ZMG9FWm1MWGVqWXowZTRSUmI1b2FuUHFlRElRUXdFUUQxQmJoUQ?oc=5,"Mon, 29 Sep 2025 01:52:25 GMT",2026-09-12T09:16:11+09:00
GoogleNews:健康　課題　政府,健康　課題　政府,政府・自治体・地方のフェムテック最前線 - newspicks.com,https://news.google.com/rss/articles/CBMiU0FVX3lxTE96YkowLUJnTDNwTnZUQ09VeUFUOE95dXdfSURrQ2tmdW1lR09kWC1VWVoxMnNGUVR3a2dVbzh0QVNEaks1N1NfazM2YVZEcDBHc1BB?oc=5,"Sun, 03 Nov 2024 07:00:00 GMT",2026-09-12T09:16:11+09:00
GoogleNews:健康　課題　政府,健康　課題　政府,サプリの健康被害、届け出を義務に 紅麹問題受けて厚労省検討 - 日本経済新聞,https://news.google.com/rss/articles/CBMibEFVX3lxTE9KcFhUVklMdEpnZHdxZnZVeXE4MWUwTWs3RkxBLTNBYjBlMDlDNzRCd3pGVmVDc2h1NTBwelUxbEhZamJ5WWpfcHBhblFQR0tkV3VxQmJWOVdRRVVwYUZscnpFRDJ5NnFTTEhEeA?oc=5,"Mon, 29 Jun 2026 07:00:00 GMT",2026-09-12T09:16:11+09:00
GoogleNews:健康　課題　政府,健康　課題　政府,労働者の健康保持増進措置のあり方 (2026年6月25日 No.3734) - keidanren.or.jp,https://news.google.com/rss/articles/CBMia0FVX3lxTFAxckp3dW1IbFRQUXVnMkw3R1RJVDdfeHdBM00xMWFqdkI3Yy1wTTdfNTdsa0Y3Nmt5TXk3YW5GYUpZeUNCdTJFUnRPQVVBbzRHcVZYVlBVNlBPekU3RzA1X2xneF96WGcxMmVj?oc=5,"Thu, 25 Jun 2026 07:00:00 GMT",2026-09-12T09:16:11+09:00
GoogleNews:健康　課題　政府,健康　課題　政府,SDGs目標3「すべての人に健康と福祉を」の取り組み事例｜世界・日本・企業別 - 国際協力NGOワールド・ビジョン・ジャパン,https://news.google.com/rss/articles/CBMiZ0FVX3lxTE9XZUd0azZMWDRpek4tTWNpUUtlandIWWswOHVBX2JoUUQxM0h5M1dmVUVoLVFSdHhzRXdlU1dYNnhrZERqeG84TlE2RU85YTVzVzE5bDEzWkNGSDJtZmxnZl9WWDNiUEk?oc=5,"Tue, 25 Mar 2025 07:00:00 GMT",2026-09-12T09:16:11+09:00
GoogleNews:健康　課題　政府,健康　課題　政府,大塚製薬・働く女性の健康意識調査～「女性の健康課題」（PMS/更年期）がキャリアに影響を及ぼす 個人の対処だけに任せず企業ゴトとして捉えることが求められる｜2022年3月8日｜ニュースリリース - otsuka.co.jp,https://news.google.com/rss/articles/CBMidEFVX3lxTE5YWmRvcFBqSGVpOUpsSEcxNzJ0TnRVTGtWbmF1SVptQVMxNVFwY21vUEw3MzB1enRsY09RYkRxRTlITTdhbkVxUEsxVDFBSDJuUDhhRXVsYWtvbElzc1hXOFhySkF4MDNuTWV3V3V1YUhhSm9G?oc=5,"Tue, 08 Mar 2022 08:00:00 GMT",2026-09-12T09:16:11+09:00
GoogleNews:健康　課題　政府,健康　課題　政府,【政策提言】共同声明「地球と人の健康を同時に守る～気候危機を健康・経済・成長の『機会』に変える日本型プラネタリーヘルス戦略～」（2026年6月24日） - 日本医療政策機構,https://news.google.com/rss/articles/CBMiVkFVX3lxTE1yWG43RDA2UzY3LUI3RVZOc0F5cGJ3X1RCVVpfQlMzVkp2ZEZmYmJWRDdPbUNUWEhSUFpJSXkxdGNWenpVT09MdTB6MkpzdVZOY1ZtWnpB?oc=5,"Wed, 24 Jun 2026 07:00:00 GMT",2026-09-12T09:16:11+09:00
GoogleNews:健康　課題　政府,健康　課題　政府,ベトナム×ヘルスケア 第1回：DXを見据えた健康ビジネスの展望と課題 - mri.co.jp,https://news.google.com/rss/articles/CBMiZEFVX3lxTE9Icm9lcjRNaUNHWXhTa0trenRMRmhmTHRsLTlPNEJjM1F1YzVWa3I1cG56SkhIQmZNQVYxdTFiRGNub0JGVmJqT0U1TUNnNGhWRjZkZkZyeUtSOE9ncFNpcU1ncDc?oc=5,"Mon, 13 Jun 2022 07:00:00 GMT",2026-09-12T09:16:11+09:00
GoogleNews:健康　課題　政府,健康　課題　政府,タイ・バンコクで健康増進施策に関する日泰の官民共催セミナーを開催 - mri.co.jp,https://news.google.com/rss/articles/CBMiWkFVX3lxTE9BNWNEak04TXdpRm9CdVItd1ZnRHhSZDBtazdvOW84NV9SdWtfa0UxQnJTb0czdlFyaXM0bW16UDFFdy03TUJuZGhXMG90WVpkNlhIU0Z6Vktqdw?oc=5,"Fri, 27 Jun 2025 07:00:00 GMT",2026-09-12T09:16:11+09:00
GoogleNews:健康　課題　政府,健康　課題　政府,地球の健康は、みんなの問題。グローバルヘルスをZ世代と話します｜with Planet - 朝日新聞,https://news.google.com/rss/articles/CBMiXkFVX3lxTFBsZzlpam1Qb0tabFNNeG1mc2M3WklkaGdLa2ZjY28yMEVlR0xraDQyTDlXbWhGcVNoVjg2anNUeWdLY3lhMVNDSXZYM0tTRnZielc3TFNtN043RkZfMFE?oc=5,"Fri, 21 Apr 2023 07:00:00 GMT",2026-09-12T09:16:11+09:00
GoogleNews:健康　課題　政府,健康　課題　政府,高齢者の7割「物価上昇に不安」 働きたくても健康問題に壁【高齢社会白書】 - PT-OT-ST.NET,https://news.google.com/rss/articles/CBMiY0FVX3lxTE43MGxtTF8xTlRaZ1VPWEpKSWphanJQczV4NFNZblVYNjBTY09PLUstaFBSdlpES0U4SWpYV2hEM19pT09DVWpXazVjTWRuS19PbmpkUGhfbVZtYnFlalJSTG9law?oc=5,"Wed, 25 Jun 2025 07:00:00 GMT",2026-09-12T09:16:11+09:00
GoogleNews:健康　課題　政府,健康　課題　政府,ヘルスハブの衝撃 ～シンガポールで展開される究極の健康情報ポータルとは～ | 柏村 祐 | 第一ライフ資産運用経済研究所 - 第一ライフ資産運用経済研究所,https://news.google.com/rss/articles/CBMiV0FVX3lxTFBJNTdFNUZueUJENURjMGxqeWZuWjZlcTdTQmVXRTlBTmp2TzJEbnU4dVZDVGZpOHNaVnhPM1RXZ1RGb2FpZ0owY0pYR01YNXBuRV9CQm5mMA?oc=5,"Wed, 09 Aug 2023 07:00:00 GMT",2026-09-12T09:16:11+09:00
GoogleNews:健康　課題　政府,健康　課題　政府,この記事の主なポイント - 日経メディカル,https://news.google.com/rss/articles/CBMiZ0FVX3lxTFBoYUVURlNLbGxhOGw0YW1RQUxvWi1TaFB0Zm5qZmtiY2hqNVUxU3VYWW1nRkVrZ2h1OEV4bXJKdmVBaFdxZldwZzdNeHpHcjg1bmZUUnZTVXhHcnU5NFcwRHlLZWNKa2M?oc=5,"Mon, 19 Aug 2024 03:17:57 GMT",2026-09-12T09:16:11+09:00
GoogleNews:健康　課題　政府,健康　課題　政府,フェムテックが切り拓く女性の健康課題解決とビジネスの可能性 デジタルヘルスケアの新潮流【後編】 - PwC,https://news.google.com/rss/articles/CBMigAFBVV95cUxNZTAwd3RBdjRHZ1YzamxHMHZjUFRzZDNiNXo4X2IyVkpMc1A0eDhrakpFUUNXcVJfRWhPUXdPWEF6NXozX1k2YmEyMjczaTh5MjNaelJid0xVSjdnQk5yR0Ytakh4UHpUUjhDVDdwWW9lSW1UbUE1eGc4X0tnY2VLVw?oc=5,"Wed, 09 Oct 2024 07:00:00 GMT",2026-09-12T09:16:11+09:00
GoogleNews:健康　課題　政府,健康　課題　政府,アフリカの健康危機、どう伝える？ TICADを前に討論｜with Planet - 朝日新聞,https://news.google.com/rss/articles/CBMiXkFVX3lxTE5hQnhFY3VhbEVCUTlLSHZ2MExjWGVWelVPTVkzb3pCc1dvaW10amJyWXBSNEVxR3RjVzg2ZllDVGw3ZG1CejJsMnRtbmNEY25VZ3diSUh3NVpNeUJXVVE?oc=5,"Tue, 25 Mar 2025 07:00:00 GMT",2026-09-12T09:16:11+09:00
GoogleNews:健康　課題　政府,健康　課題　政府,女性の健康支援で“司令塔” - 公明党,https://news.google.com/rss/articles/CBMiVEFVX3lxTE9LNnlVSlZmSlFGSXFxRWl3UDhxemJwMUlzeV9aSnJTV3REdjFzSXgzQl9hU3gzRndDVzJJaDZSUkFtUllCaWJUbXF2a1J6eEpCRVVpNg?oc=5,"Tue, 03 Oct 2023 07:00:00 GMT",2026-09-12T09:16:11+09:00
GoogleNews:健康　課題　政府,健康　課題　政府,インドの健康課題を解決するヘルスワーカー養成｜Beyond Health｜ビヨンドヘルス - 日経BP,https://news.google.com/rss/articles/CBMieEFVX3lxTFBlc29CT0s2VVhkLTRxVnM4c0o0Qy1XQlA3dk1Jek4taDFyU1lpbW1XMXJKUzZqTV9JU0YwRDlOTWNNUTRmWXVhY1M1c0lDTGkwVllFcW1xbFVlNll5Z0hEU2IySTZWV3p4SGgyVEcxQ3NVdFFnUURZYw?oc=5,"Fri, 17 Apr 2020 07:00:00 GMT",2026-09-12T09:16:11+09:00
GoogleNews:健康　課題　政府,健康　課題　政府,【開催報告】プラネタリーヘルス専門家会合「健康な地球・健康な人々：アジア太平洋地域における気候変動と健康をきっかけとした新たな協力体制の構築に向けて」（2023年11月2日） - 日本医療政策機構,https://news.google.com/rss/articles/CBMiV0FVX3lxTE5WaF9yaU0zQVhfY0NpMTJOaTJrQTlZMmRHU01iR1VxWWlRd0N5V193TlpVSzNjMmZpNmFBOXRRNTdPM3BZcFM1ZVd3QWFndkZqRnZwYm9nTQ?oc=5,"Fri, 10 Nov 2023 08:00:00 GMT",2026-09-12T09:16:11+09:00
GoogleNews:健康　課題　政府,健康　課題　政府,若い世代の生涯にわたる健康めざす「プレコンセプションケア」 - 公明党,https://news.google.com/rss/articles/CBMiVEFVX3lxTE53QlR3bFNIRThoTkN3bWxfWi13UnFMWVlpLWVwZDN0Y3ROSjlMRHM2cXVpLUJ0dlhpdU5XOWRLc1RNNGp2QXliY2dFOGg4MnlOYUhDVA?oc=5,"Fri, 08 Aug 2025 07:00:00 GMT",2026-09-12T09:16:11+09:00
GoogleNews:健康　課題　政府,健康　課題　政府,世界の健康のために日本は何ができる？ Z世代が政治家に提言｜with Planet - 朝日新聞,https://news.google.com/rss/articles/CBMiXkFVX3lxTE1WMVJLcXg4aF94cnY1MnVKNWg3S3RYMHlybFFaVkc5NXUzYktXdFNQY05EQnp4UFp4QWJiVjhwTUd5cmxLQk56bDY2T1NwVU5lZEp2aU1KRVNOeTFneXc?oc=5,"Thu, 06 Jun 2024 07:00:00 GMT",2026-09-12T09:16:11+09:00
GoogleNews:健康　課題　政府,健康　課題　政府,【お知らせ】グリーン保健医療システムの構築に向けた大きな一歩：世界保健機関（WHO）執行理事会における日本政府代表団による「気候変動と健康に関する変革的行動のためのアライアンス（ATACH）」への正式な関心表明を支持（2024年2月16日） - 日本医療政策機構,https://news.google.com/rss/articles/CBMiUkFVX3lxTFAtQ1hTcC1RT3pqVEpHYUdlVmgta1lvZ1Q5ZUlUcmYzYzJQN3ZqM3dwOERZeV9EQmo3Wk55NzdnMTlYQVNnUU1Hd05odDdWRFFyZnc?oc=5,"Fri, 16 Feb 2024 08:00:00 GMT",2026-09-12T09:16:11+09:00
GoogleNews:健康　課題　政府,健康　課題　政府,グローバルヘルスにおける日本の国際協力 | January 2023 | Highlighting Japan - 政府広報オンライン,https://news.google.com/rss/articles/CBMiiAFBVV95cUxNZlEtR19sYk5Xbm5wcmxGVnJ6aW1LN29hMlR4MjFvaHBOWV9RSGFMaWtyckRCbG5iNDc0d1ZXSEFtU29obGtjVmIxVXlwZlBKWDVxaWlTYUhTRXFyUVlFTUNjUmdsZnFFM1dOT09EX2hORi1nZVdYS3ZteEdVdWNlajVzRW8tbDJq?oc=5,"Tue, 24 Jan 2023 15:09:28 GMT",2026-09-12T09:16:11+09:00
GoogleNews:健康　課題　政府,健康　課題　政府,オーストラリア クイーンズランド州政府とJASHIE運営チーム （ミズノ株式会社・一般財団法人未来医療推進機構、JA NETWORK） スポーツおよび健康分野のイノベーションの促進に向け連携強化 - ミズノ株式会社,https://news.google.com/rss/articles/CBMiY0FVX3lxTFBiVnRzQVpuWTJVQnp1RVdtS3VXQXpNM2tjMG0zck9qZmViZmUxLXdwOVFjZ2FUUFh2RHZxdWpVZnlfekwzcnhOaWF5bnVscVE0Q3JBWXNpV0Zkd1BGSkJuc2hhVQ?oc=5,"Wed, 18 Mar 2026 07:00:00 GMT",2026-09-12T09:16:11+09:00
GoogleNews:健康　課題　政府,健康　課題　政府,「女性の健康」NC、診療機能の充実を　　自民議連、政府に要望 - MEDIFAX web,https://news.google.com/rss/articles/CBMiSEFVX3lxTE9Ua1pDRE9uYlAwMUplNlFrX0hzYkw4YVVFcHlwVGlyYW01NnlYTDdiS1BsN1JFakQza2ZpY21IeTdKLVFqYmJMbNIBTkFVX3lxTE84UFdWMHgydTRVNkY2ZWRhNW1MNGM1UFJJb0hTS1RNY1BlUk1PWHM5QnBSMlI5b2pzanFRc25LV2hvUUdIWDZ1WXVDRkpFQQ?oc=5,"Thu, 06 Jun 2024 07:00:00 GMT",2026-09-12T09:16:11+09:00
GoogleNews:健康　課題　政府,健康　課題　政府,【政策提言】環境と医療の融合で実現する持続可能な健康長寿社会～プラネタリーヘルスの視点を取り入れた第3期健康・医療戦略への提言～（2024年12月20日） - 日本医療政策機構,https://news.google.com/rss/articles/CBMiVEFVX3lxTE9FdHRTZXBnZGJMT1lTMUhyTzdCRzFjVkQ4WmRxa3NvMG5oeHdTRWZBRzdfX3hfZWVlY3FicW1OLS05MXItaGZzelQyZ3lhNnVCNUlFcQ?oc=5,"Fri, 20 Dec 2024 08:00:00 GMT",2026-09-12T09:16:11+09:00
GoogleNews:健康　課題　政府,健康　課題　政府,健康寿命と平均寿命の「10年のギャップ」に挑む。マレーシア政府公認プロジェクトと、日本の整形外科専門医がサステナブルな「エシカル・ツバメの巣」の共同臨床検証を開始 - アットプレス,https://news.google.com/rss/articles/CBMiT0FVX3lxTE9oSloxeG9kSUtzZnVsSGtEeXA4OVNHMm5HcGR3OUxjd3ZocUJfNi0yajJmdG5CMzU1M2hVQlEzVEhaMWx1NURkWFFqeVlvUVU?oc=5,"Thu, 06 Aug 2026 07:00:00 GMT",2026-09-12T09:16:11+09:00
GoogleNews:健康　課題　政府,健康　課題　政府,「旧姓の通称使用」にも言及 女性版骨太の方針、政府が正式決定 [高市早苗首相 自民党総裁] - 朝日新聞,https://news.google.com/rss/articles/CBMiZ0FVX3lxTE5ONXl6NEh6REl4UGxVUEtXYWhycGhtRlF3dUtrUFJfRm1ENEFpLUx5Sk44Nk1BZXpYaG1ET3RnTTZDdTY4NnE5VlV2aTAwUEdDb3F2Y2Y5dlMtSGRja3drQ2ZMU3VxWnM?oc=5,"Thu, 25 Jun 2026 07:00:00 GMT",2026-09-12T09:16:11+09:00
GoogleNews:健康　課題　政府,健康　課題　政府,2024年のグローバルヘルスを考える。気候変動と人間の健康のいま｜with Planet - 朝日新聞,https://news.google.com/rss/articles/CBMiXkFVX3lxTFBRZlBKM1pJSDFYY3p4Ul85b21zMlZWVHR1dGRWQ1I5TW9Vcnl1YVNkODg1a1BOVUNpOXZNdzFTSEh4OGh6OWZ3T1FKbzU5bmowZmUzYzhkTHdnTUNPa1E?oc=5,"Mon, 22 Jan 2024 08:00:00 GMT",2026-09-12T09:16:11+09:00
GoogleNews:健康　課題　政府,健康　課題　政府,日本の健康課題に対応した栄養評価システムを（株）明治が開発 既存システムとの比較で妥当性を確認 - sndj-web.jp,https://news.google.com/rss/articles/CBMiS0FVX3lxTE56VnljY0Y3dEszZjY4cnp1Si0xSWdiV1VNaHBnTm1peFZNQ3BFQVRoUFNXWXMwWEFsaU5Ma01xaUtIaXZ4cnV3TmdLTQ?oc=5,"Thu, 30 May 2024 07:00:00 GMT",2026-09-12T09:16:11+09:00
GoogleNews:健康　課題　政府,健康　課題　政府,性や健康の「正しい知識」を広める人材養成のテキストが物議…障害への偏見や、優生思想的な排除を危ぶむ声 - 東京新聞,https://news.google.com/rss/articles/CBMiU0FVX3lxTE8xR1Zfd1pfYjV6Y0pON2ROQTFpaTdVRFRiUE9QOFZMM1JTR05sR3F3d0gyRXFTM0lHanFydHVJZ25mU2FlaEtFQmZjakRVUThEMXlj?oc=5,"Sun, 24 May 2026 07:00:00 GMT",2026-09-12T09:16:11+09:00
GoogleNews:所得　食,所得　食,米低所得層に広がる「食の困難」、消費者心理悪化の要因か＝ＮＹ連銀調査 - jp.reuters.com,https://news.google.com/rss/articles/CBMiekFVX3lxTE1SU2g4T0prWExnNk83MG01dzByeHFwZWNpcUVnanJNSTQ2REtuM2ZUaEdoM0RFYVNTNlVXYnRvVlVHdms1YlUyOUplWnptTmxydERqbzBSbnQ4NVV3SmNjYkxfbTZjNE0xVXdQQWUxZ3ZZZ3FKUG5ET0hn?oc=5,"Wed, 27 May 2026 07:00:00 GMT",2026-09-12T09:16:14+09:00
GoogleNews:所得　食,所得　食,低所得者のペットフード支援、NYで初めてマムダニ市長が実現。動物保護団体は「前進」と歓迎 - ハフポスト,https://news.google.com/rss/articles/CBMilAFBVV95cUxOLXNYMjljY014MENiT2dlcEpKQm9DTmozRm5SM1pmWUQ4VDlWRzNhUzNGUXM1TldqYjJPSUIxcE9IMmE3MVV2UUxUX2FkRmdPYWljSzM0VThyZ2lWTVFLZmIzbVNtNENnUFpRc2V0bWY5dXl1OWVDYjZRUS00bV9fOTgxRjhFZHQwT0EzZ2FnZVZBWnBn?oc=5,"Tue, 07 Jul 2026 07:00:00 GMT",2026-09-12T09:16:14+09:00
GoogleNews:所得　食,所得　食,バフェットは毎日コーラ5杯、大谷翔平は徹底した食事管理…成功者の「食生活」を真似する人が陥る危険な錯覚 - マイナビニュース,https://news.google.com/rss/articles/CBMiZ0FVX3lxTE9PWWN1ZTVLVjVkZmJNd29MNlhwYzM2NEt5MEFSVmNwUDRpUGlpX1JXMlpDT3pkdG5vTGwtbXl0NDQ5U2kzVXkyNm5ZczNySHVYb3REQUVXZ3VMMUk1ZTd2SGhEZkpjVmc?oc=5,"Fri, 14 Aug 2026 07:00:00 GMT",2026-09-12T09:16:14+09:00
GoogleNews:所得　食,所得　食,"高所得者層ほど肉とスパゲッティを好む､では低所得者層は…データでわかった""収入差""による食生活の格差【2025年12月BEST】 - president.jp",https://news.google.com/rss/articles/CBMiWEFVX3lxTE5xWmlrdXZ3QUlBMkM2b09LbnNIVnppN2VvTnJNVW5KRnN6UFN5bXo2N1F3VTVVc1FROFhIZVJwaHdXUkpjclhXT0dDWkowVktkdzdESUlJOEQ?oc=5,"Sat, 10 Jan 2026 08:00:00 GMT",2026-09-12T09:16:14+09:00
GoogleNews:所得　食,所得　食,"高所得者層ほど肉とスパゲッティを好む､では低所得者層は…データでわかった""収入差""による食生活の格差【2025年12月BEST】 (PRESIDENT Online) - newspicks.com",https://news.google.com/rss/articles/CBMiWEFVX3lxTE9neE1jNWpUU19xdnpRaS1GM3Fpdi1nVXZFUUx0azVpd0g3OWRWZnV0M2kzajdQYWdaOERZNlhVZjc3cXZKMzBLQWxQeHFzLXBHcWRwTDNtQXU?oc=5,"Fri, 09 Jan 2026 08:00:00 GMT",2026-09-12T09:16:14+09:00
GoogleNews:所得　食,所得　食,247. 低・中所得国における急激に変化する食の選択 - jircas.go.jp,https://news.google.com/rss/articles/CBMia0FVX3lxTE5JY05Gc0RrSFlrNjdLOFQ5bFQ3STI2QjZaTUk4ZDBuWml3YkZQSExfeGlFenpCZTB3M3JkWWNFVk13UHdnekkxYXhnanZtOTdUTTZLRW5DMi10WWFnWTBtd3Uxc05WQWoyZk84?oc=5,"Fri, 05 Mar 2021 08:00:00 GMT",2026-09-12T09:16:14+09:00
GoogleNews:所得　食,所得　食,農業者向けの「直接支払制度」とは？ - mri.co.jp,https://news.google.com/rss/articles/CBMiYkFVX3lxTE9GcFlGNzZCWjFlLXRocU15N1lxNE5ibGJNMWRZSWZFaFdkeUFUbEZ4bGMyeXBqY284MjFNQmRzVkZPZGc2MlRSdDNpQWhVb0Ffa1hwOXVJYXdvbFk3NFNXTFNB?oc=5,"Thu, 28 Nov 2024 08:00:00 GMT",2026-09-12T09:16:14+09:00
GoogleNews:所得　食,所得　食,物価高騰×給食なし――二重苦の夏休み 低所得のひとり親家庭で、子どもの食事”減”の危機 『夏休み 子どもの食を守る支援プロジェクト』始動 | 特定非営利活動法人グッドネーバーズ・ジャパンのプレスリリース - PR TIMES,https://news.google.com/rss/articles/CBMiakFVX3lxTE5jSWR2VDBrSWNXMjVQRG51UzR2Y3pEN292a1EyMHZMeTUtMmdPOFhmQUpqT1N4NlMwQnlzdzNsNWNfSEhvM0wxTHNOZUtEVUhrVjhSalREbTEzeUdKQVkwRUJ4UEFqanF6MFE?oc=5,"Wed, 16 Jul 2025 07:00:00 GMT",2026-09-12T09:16:14+09:00
GoogleNews:所得　食,所得　食,JICA草の根技術協力事業「参加型フードバリューチェーンの構築を通じた所得向上」インドネシア・バリ島現地活動報告 - waseda.jp,https://news.google.com/rss/articles/CBMiYkFVX3lxTFBkeXBqZ25kaG0tdExlcU5CcWJJeFg4cWtTMFV6UmdmWG5qbE9xOWtGenNXMHNXVlpHb0ROR3YzWVY1LWxmV01mVUx6c28wdVdsVld1d1JaRGZvSnJkSjQtTW9B?oc=5,"Fri, 17 Apr 2026 07:00:00 GMT",2026-09-12T09:16:14+09:00
GoogleNews:所得　食,所得　食,世帯所得で違いがはっきり 不健康な食習慣と飲酒習慣 - ダイヤモンド・オンライン,https://news.google.com/rss/articles/CBMiS0FVX3lxTE05eDhxWi1QM0xSY3F1dG9LSEtQVTVtbXhoeHF1aTdNd1pyY25XM1U5NzRxNFdMR0F2YjJvcjNZa3ZIWTlTQ1NLNjZsTdIBTkFVX3lxTE5mc1o3UUp5aFduSW1ReENRWmE0ZmRjMVJTS3JMUUpXV1JRT1NvVnRQNzRXWE56bUplWmM4MnUzNFBKb0hoMGZxZmc1clZDQQ?oc=5,"Fri, 29 Jan 2016 08:00:00 GMT",2026-09-12T09:16:14+09:00
GoogleNews:所得　食,所得　食,低所得者ほど米・パン摂取 厚労省調査、野菜・肉類は少なく - 日本経済新聞,https://news.google.com/rss/articles/CBMibEFVX3lxTE5HTjhKTXNaMFFOVjB4TERoOFlpZ0pLYjQ4VWhzTG9GQWhBeWhuWDVLZXFFUWI4OXhJUlg5RGhFS2w0eEpYZFhGVExOQ0d3eE1qZXRfcnVqZnVnQzgwYXFib01peFUzdFpoQ3ROQw?oc=5,"Thu, 10 Dec 2015 08:00:00 GMT",2026-09-12T09:16:14+09:00
GoogleNews:所得　食,所得　食,給食のない夏休み、貧困家庭を圧迫 子どもの空腹救う「食」のバトン、想定超える需要 - 朝日新聞,https://news.google.com/rss/articles/CBMiVkFVX3lxTE82aFltd1ZhVlBBYnptTmZla2NPQWZDbUJsR0Y1OExlU0VUbXo0bGVUczJRSXdGcmhFMHMtX1Q1dWgxRmJjdVE1eDFkM2pYeWpOT0RWcGZB?oc=5,"Tue, 19 Aug 2025 07:00:00 GMT",2026-09-12T09:16:14+09:00
GoogleNews:所得　食,所得　食,子どもの3人に1人「1日2食以下」 低所得のひとり親家庭 給食のない夏休み【Nスタ解説】 - TBS NEWS DIG,https://news.google.com/rss/articles/CBMidEFVX3lxTE43U1lVNW9YbEc2c2YybEhBTEdlMUFnREN5WTZib3p5NnJOZ2hQM3BuYzlKZjZQNlhuM1F5NHJRQmdqbHJFaldOeTF1enNubVhMZkgwejc4ZnhNbUdqU0hIbVYyNkUtTWFlOHE0VWZ0UDEzNFkx?oc=5,"Wed, 25 Jun 2025 07:00:00 GMT",2026-09-12T09:16:14+09:00
GoogleNews:所得　食,所得　食,所得が低い人ほど食事の栄養バランスが悪いことが判明 :ニュース - almediaweb.jp,https://news.google.com/rss/articles/CBMiXkFVX3lxTE9MMWtqUlk0dEFvMVQyTkVxOFZ5NXg4QUg4YlExZ1ZTeTJuSU1idkp4QnFQQ0N5dFBwTFk4eDZOT1gxWFZNTXVvWHdiMXJqSTlRVVluYi1UbjFMZWgyQnc?oc=5,"Mon, 25 Jan 2016 08:00:00 GMT",2026-09-12T09:16:14+09:00
GoogleNews:所得　食,所得　食,"高所得者層ほど肉とスパゲッティを好む､では低所得者層は…データでわかった""収入差""による食生活の格差 - president.jp",https://news.google.com/rss/articles/CBMiWEFVX3lxTE5GSEYxWmRqaVVsODFOMXJDY1QxV3hkSEMxMXB5X0xPZXhwd0FVWm1YdGItdTRURzNZWk5SLVpGaU5mMEZGZ3kzWmZsYVpBckdvVXptOS1TTEw?oc=5,"Thu, 04 Dec 2025 08:00:00 GMT",2026-09-12T09:16:14+09:00
GoogleNews:所得　食,所得　食,461. 先進国における食生活のシフトによる地球・人類の健康の改善 - jircas.go.jp,https://news.google.com/rss/articles/CBMiZEFVX3lxTE1vS2JTbUM2M3RQdlRuRkxRZmx1Q1ozNUZQd09XY3oyaHFES1BKczRuN1U4c1hjcWd1V0gtb1BNcVd3dHZQUkVubnJkaGt1QTFsYUhUb0M1MmlybEJGYjVRWW1JTkw?oc=5,"Thu, 20 Jan 2022 08:00:00 GMT",2026-09-12T09:16:14+09:00
GoogleNews:所得　食,所得　食,「230円の社食も高い」 当事者が語る、“今起きている”貧困の実態 フルタイム就労でも低収入、食を諦める母――困窮する親子の暮らしとは？ 【ひとり親家庭の声】 - PR TIMES,https://news.google.com/rss/articles/CBMiakFVX3lxTE5ka1NTZmVfSmVhQ2FjeU53TVM5WmdOV2JoNWFsaE5fOEg2dWJPNGE2Q1FFNEJ5SXV3S1B0Szdldk5LZ21BNnFGdFo3VkxPeE1kUklpVXFfZjhoTndRSVQzb2R1WG9LdHQ1a1E?oc=5,"Thu, 22 May 2025 07:00:00 GMT",2026-09-12T09:16:14+09:00
GoogleNews:所得　食,所得　食,長期休みに子どもの「孤食」深刻化――欠食につながるリスクも 分析で浮かび上がった、“孤食を生み出す社会の構造”とは【ひとり親家庭調査】 | 特定非営利活動法人グッドネーバーズ・ジャパンのプレスリリース - PR TIMES,https://news.google.com/rss/articles/CBMiakFVX3lxTE5pRTVmTU5WY2g0SlZxMGR4dlFsZl82MVZRWlZlVkRmQVB4WTY3QXQyQURvTHo5bV92SmF2blZYSVVwOXBibi1VMkRweHJBcGJES3Y3ZVB0RUlzQVhodDlGOEptZ3F6NEFSUHc?oc=5,"Thu, 02 Jul 2026 07:00:00 GMT",2026-09-12T09:16:14+09:00
GoogleNews:所得　食,所得　食,1日1食の子どもも・・・ 学校給食のない長期休みに、困窮家庭で一層深刻化する食生活の実態とは？ 【フードバンクを利用するひとり親家庭への調査】 - PR TIMES,https://news.google.com/rss/articles/CBMiakFVX3lxTE1GNm8yRl9teVBkbVdEWDNiX3pmUUVzZWI2WC1yNUhZOWtRNUNyU2pmQmwxdTNZUlEzbmhFV0swQkxKbnhMLU04d0NpRHBxYWZBMFAtVllCanlHWGZkLWJidHlZREVBMVY2Y2c?oc=5,"Tue, 25 Jun 2024 07:00:00 GMT",2026-09-12T09:16:14+09:00
GoogleNews:所得　食,所得　食,コメ農家が赤字でもコメを作り続ける理由食料安全保障と農業のキホンの「キ」（4） | 食料安全保障と農業のキホンの「キ」 - mri.co.jp,https://news.google.com/rss/articles/CBMiYkFVX3lxTE16Q1k4SG9USnItdkJaanNHcEQxM2k3WVpuNWhVSGhVLTh2UE81TUluUkxVLThoT1ZvT01WQ1E4aUgxVTQxOU5GalBEcDNkYWV0MkJlZmh6T0VxWHNYT29GQjZR?oc=5,"Wed, 12 Jul 2023 07:00:00 GMT",2026-09-12T09:16:14+09:00
GoogleNews:所得　食,所得　食,JICA草の根技術協力事業「参加型フードバリューチェーンの構築を通じた所得向上」インドネシア・バリ島現地活動報告（vol.2） - waseda.jp,https://news.google.com/rss/articles/CBMiYkFVX3lxTE1kcDdGUW9BelhTMkg5SFg5RlB4ejN5SGlseTdXemJySnpiNU9kUVZxV3Y5ZklXMWNwWENhdlJlNXNxSUdSTUt0OUxrRlZyOE1sODVJUmVWOVRTSkxBX2s2M3JB?oc=5,"Wed, 01 Jul 2026 07:00:00 GMT",2026-09-12T09:16:14+09:00
GoogleNews:所得　食,所得　食,“食の砂漠”をなくす。LA発、低所得者に新鮮な野菜を届けるアプリ「tangelo」 - IDEAS FOR GOOD,https://news.google.com/rss/articles/CBMiVkFVX3lxTE9IeVRfTk05bFFmVy1VNXVzTWpZbjNMZjBSMDR5X2k5aGY2Z1NfX29RcXFWbFg4TGYtOEhHbGRNaGdNUnUwUmp5a0ozM2NkV1FJRmVyNHNB?oc=5,"Fri, 02 Oct 2020 07:00:00 GMT",2026-09-12T09:16:14+09:00
GoogleNews:所得　食,所得　食,“やせ薬”が流行する米国で低所得層へ拡大した機能性食品市場 ファイゲンバーム裕香 - 週刊エコノミスト Online,https://news.google.com/rss/articles/CBMif0FVX3lxTE9Id29fSy1qUVJvUEJOU2VYMG5Bc2VaSDFvdXpWejdFSk9wYllUMzVlZEpWR1VwUzRlbXI1QW9JOE0zQnBVR2RDbXpRQTVwS2JhdUlVbkhzZHZrTnZYcmNlaTZHODRsbXNDUTZJakkwU3RFNEpkaGFGM2FKNENIXzA?oc=5,"Mon, 20 Apr 2026 07:00:00 GMT",2026-09-12T09:16:14+09:00
GoogleNews:所得　食,所得　食,低所得が「食」「育児」直撃―子どもの貧困の実相（上） - nippon.com,https://news.google.com/rss/articles/CBMiVEFVX3lxTFBFSzY5cGpHTi1SMGlwNlpEbWJmZlJIWExPbjZlcFpTSEczUmFkVWZRMDUzVkdPME1TUERELThFVXNMOUVqWjljZ3NERldFWDVRVVJ6Ug?oc=5,"Wed, 16 Oct 2019 07:00:00 GMT",2026-09-12T09:16:14+09:00
GoogleNews:所得　食,所得　食,"米、肉・魚、野菜の購入「経済的に困難」9割 物価上昇で 食事量・栄養足りず「子どもの成長への影響心配」【フードバンクを利用するひとり親家庭2,000名超による回答】 - PR TIMES",https://news.google.com/rss/articles/CBMiakFVX3lxTE4zV1dOZ2dtM1JwNmlrS0hqTUNhUmV1ZEdwQVM1b0RnSjRrbkd0TTV1UWMxTE5kUlFUOE9CdjgwakI4b0dMMTVKMURkVTdpU1JhcWZZT1ZXYjRucUtTd1JaRF9vYWp5a3QwNVE?oc=5,"Tue, 25 Mar 2025 07:00:00 GMT",2026-09-12T09:16:14+09:00
GoogleNews:所得　食,所得　食,低所得層のマクドナルド離れが深刻に 広がるファストフード格差の真相 | 安さによる集客が困難に - クーリエ・ジャポン,https://news.google.com/rss/articles/CBMiU0FVX3lxTE5mazhCYy1xMElpVGZUZ0VUUG5WM3htblVoNWg2U01Qb1ZFWHA4eVFRcm1YWDVvamxpTnl1ckhPZElxMU9vdE1HWXRMWTFycHV3YVhZ?oc=5,"Tue, 09 Dec 2025 08:00:00 GMT",2026-09-12T09:16:14+09:00
GoogleNews:所得　食,所得　食,平成30年 国民健康・栄養調査（2）身体状況、および所得と生活習慣の関連 - sndj-web.jp,https://news.google.com/rss/articles/CBMiS0FVX3lxTE1Hcl9GZnRfUnhVUWk2MVRjZEo1bUpoSlBLZWNwTGFtNTkxcHlTa2g2OENGZVN1WjZLMmNhZUF3bnNfUkozUnYxUHpGSQ?oc=5,"Tue, 21 Jan 2020 08:00:00 GMT",2026-09-12T09:16:14+09:00
GoogleNews:所得　食,所得　食,夏休み 子どもに昼食提供/愛知 みよし市 全国初 １食３５０円で | しんぶん赤旗 - jcp.or.jp,https://news.google.com/rss/articles/CBMidEFVX3lxTE9nQ3d1d1U3NVh3ZHVCV3NVUGFkSGlYTXAxbTZGSzJLY19LOW91Unh2M2IyNzBPTXhvb2d6VWpiUHRZT2ZfSFBxdHlZSXFOQnZBcXl2ZmtfUlFOMXlES0F2cEptM1VONXB2OW9DQkdmR1M1SFJx?oc=5,"Fri, 29 May 2026 07:00:00 GMT",2026-09-12T09:16:14+09:00
GoogleNews:所得　食,所得　食,食を通じてひとり親家庭を支える、食品支援ボランティア募集【近畿・九州】 ～低所得のひとり親家庭に向けたフードバンク「グッドごはん」～ | 特定非営利活動法人グッドネーバーズ・ジャパンのプレスリリース - PR TIMES,https://news.google.com/rss/articles/CBMiakFVX3lxTE1fbGU5V2sxbVNGWEFhUzcxNDd4STJ3UmJDblZQOXZXY0xGQkJJNE1idVdHVW1MOW9xRHREbHkwWDl2by1NT3AyV1hPVXVmMW9rSHBVWmJQRWJaSmVFVUJYSGdfLXhLWmxUUVE?oc=5,"Thu, 27 Mar 2025 07:00:00 GMT",2026-09-12T09:16:14+09:00
GoogleNews:所得　食,所得　食,高所得国での非喫煙者の肺がん、よく料理する人ほどリスク高い？｜CareNet.com - CareNet.com,https://news.google.com/rss/articles/CBMiX0FVX3lxTE8xTGg4QXNUUi1JTlQwSXgxZkhldWM3MEM0enpSUlZjZ2VxcXNCYmkzZEY5TDV6VG1ZbW16SzFXSWpvcGFsd2wxR2phUFh6SFBtSFQ3QW5vM21XYTgwQlln?oc=5,"Wed, 02 Jul 2025 07:00:00 GMT",2026-09-12T09:16:14+09:00
GoogleNews:所得　食,所得　食,【休日に3倍増える「1日2食以下」の子どもたち】続く物価高、「食」が奪われていく家庭の実態を調査：フードバンク利用のひとり親家庭アンケート | 特定非営利活動法人グッドネーバーズ・ジャパンのプレスリリース - PR TIMES,https://news.google.com/rss/articles/CBMiakFVX3lxTFA4bFZCOGNYOVEybzl3NS16T1lKTUJ6emVVY2d3eXhrR1hTeURLRnZwMm9Renh4dmREcllzZlhjNENET1I2RW1SVDN0TktIOFhzVm5JSEg5alY0UXJreFp0TzI3X0NHWko2MUE?oc=5,"Tue, 14 Apr 2026 07:00:00 GMT",2026-09-12T09:16:14+09:00
GoogleNews:所得　食,所得　食,低所得世帯の食事は「主食頼み」、満腹より栄養に注目を - ダイヤモンド・オンライン,https://news.google.com/rss/articles/CBMiTEFVX3lxTE9ndGRlVF9rbEhNR0Nfa2VQZmhyZUJhamF5Qkt0SklYSGh0ZWpOV2FPOWZjVDk3Z3dFM3lWTXJSZ0htZHA5dy1DOFpKeG_SAU9BVV95cUxQOTlxUzBRTTBkR2RtcXRPeTllYmpYNWlpRFJicW9SWUcyT1F4Vm40LU9oLWxGWDB4QzltdTNydGxmX2I5MkVQMHpMTEtMZ1lB?oc=5,"Fri, 26 May 2017 07:00:00 GMT",2026-09-12T09:16:14+09:00
GoogleNews:所得　食,所得　食,価格保障と所得補償を/高知 食と農を考えるつどい/紙参院議員と白川予定候補迎え - jcp.or.jp,https://news.google.com/rss/articles/CBMidkFVX3lxTE5iTjdhUmNkR1ItNUJBMXR6M3lCX1Y1VnUzSFh2Z3otZlMzcjFOOHVSS3dROTRpQjFRLWEzUElPeUlxbDA1Yng2cXJqcHRRVThzMkU3QWxLbzEwdndUUG9FcU5ENkV4MzVkdE43algxUFNxQ3NRS0E?oc=5,"Tue, 15 Apr 2025 07:00:00 GMT",2026-09-12T09:16:14+09:00
GoogleNews:所得　食,所得　食,【新型コロナ】ひとり親家庭への収入と食への影響を5月と9月に調査。子どもに食べさせるため食事を減らす親が増加 - PR TIMES,https://news.google.com/rss/articles/CBMiakFVX3lxTE9BcWM5cE80V1RwaXJIZjAtZ2dFT3lYTjlkS2ROMzRmLW1hOHY5QUlUZW1WVndKU3B0MTgyM1JEZjFQY1NDT3g1c0JPeFFMU2lMY3A1QlQ1UVkwYTV6dktJei1xQTdsQXBUZ3c?oc=5,"Tue, 20 Oct 2020 07:00:00 GMT",2026-09-12T09:16:14+09:00
GoogleNews:所得　食,所得　食,入院時の食事に係る患者負担を2025年度から「20円」アップ、ただし低所得者では「10円増」「据え置き」の配慮―厚労省 - GemMed,https://news.google.com/rss/articles/CBMiSEFVX3lxTE9jR2NNSDNneUpSOWwtLVdBSUdEZU91UnJ6bEl5OWlGeklJdExXZUlEbl85OVJzaHRnMUd5YXlZNkg4Y19sdmN3eQ?oc=5,"Mon, 06 Jan 2025 08:00:00 GMT",2026-09-12T09:16:14+09:00
GoogleNews:所得　食,所得　食,出店により“都市に豊かな食生活を届け”、“産地の所得向上”に。都市型八百屋「旬八青果店」が連続出店します！ - PR TIMES,https://news.google.com/rss/articles/CBMiakFVX3lxTE9SNVY4R3p3QmROT0tYOUM5VGpuM0RxU3oxNWhNSUxVYkw2T0pXbDJnTENyVFh5SFpMQ0NIeGwxOWo3b2gzU3F2d2RzbXc3X2hkcjJWbDdFNjhmeHZqMEstSE5KalNhV0cwd1E?oc=5,"Fri, 01 Mar 2024 08:00:00 GMT",2026-09-12T09:16:14+09:00
GoogleNews:所得　食,所得　食,廃棄される食品で低所得者層を支援 マレーシア政府が推進するフードバンク活動 (2ページ目) | 未来コトハジメ - 日経BP,https://news.google.com/rss/articles/CBMickFVX3lxTE9DTXZhck9IX1cxYWJTSzFvUm5hZlF5TDViQjFQdUZfQklmR1pCbXFLSjNGbS1BUFBjeXN4ZWpDbUE2UzlkTVNCNExqckZNLXcwQl9yU2VGeXRoSVBvdVNnaHZ1ZVJSejNzNllhVV93LTJjZw?oc=5,"Tue, 20 Jul 2021 07:00:00 GMT",2026-09-12T09:16:14+09:00
GoogleNews:所得　食,所得　食,"所得の割に食にこだわる｢エンゲル係数の高い県民｣が不思議と好む､米でも麺でもない割高な""粉もの料理"" - president.jp",https://news.google.com/rss/articles/CBMiV0FVX3lxTE1hR2NxX1NmY0trT1p6azdmQS00TGVPcmkyQWF5bEo2aTRrOUk2OUZPYk1uUGM5YWZTY0ZvODFRMXJDel9jZjhKNWU4QjN1WDd1cUlrNzEzWQ?oc=5,"Tue, 12 Jul 2022 07:00:00 GMT",2026-09-12T09:16:14+09:00
GoogleNews:所得　食,所得　食,「フードスタンプ」来月1日から給付停止の方針 市民に不安広がる アメリカ（2025年10月30日掲載）｜日テレNEWS NNN - 日テレNEWS NNN,https://news.google.com/rss/articles/CBMihAFBVV95cUxNLTNwU2lyTVNKNkxwYjBkclBOVElSM2h1Z1B3MU1KaFhSbUtRYndCY2JxRlVxMUd6dHhkMkdXZHNEYzg2bm1NV0cwM3E1Wnk3WFhYelpsdEk0dlY3VGlfdmdYQmszZ1Nad2hPbW04Y2VvUHlTWl93YWk1Unh0dFlsUFd2OEI?oc=5,"Thu, 30 Oct 2025 07:00:00 GMT",2026-09-12T09:16:14+09:00
GoogleNews:所得　食,所得　食,所得に比べ幸福度低い韓国人…１日２食は「ひとり」、隣人も「信頼できない」 : 文化 - japan.hani.co.kr,https://news.google.com/rss/articles/CBMiXEFVX3lxTE90bkszTFFaUGlJTmtEVGlKbkVyV053UkgwUEJqanVLSlF3NU1UM2tpRVZ6Sm05QlhrSkNqMTNqeDFPa3UxZ1FYazNiUkNtUEhIVmd4MmpuaUIwZExS?oc=5,"Tue, 25 Mar 2025 07:00:00 GMT",2026-09-12T09:16:14+09:00
GoogleNews:所得　食,所得　食,世帯収入、200万円未満が2.5ポイント増 「衣.食」の確保難しく、病院受診も抑制＜2022年度沖縄子ども調査＞ - 琉球新報デジタル,https://news.google.com/rss/articles/CBMiW0FVX3lxTE95ZU1zOGMyZ0IxWUpxRVgwb2FJNWFaaEVwS3pkcmlXaUNyYUt2YjBfdHpDOGhZWUpjcVYxdnNLVHkyU3JTOVF4ZmcxMlZsZUFpVXFQaElzVHdXNjg?oc=5,"Fri, 09 Jun 2023 07:00:00 GMT",2026-09-12T09:16:14+09:00
GoogleNews:所得　食,所得　食,令和の百姓一揆 「食と農と命を大事にする国へ」 農家の所得補償求め、トラクター先頭に4500人が都内をデモ行進 - 長周新聞,https://news.google.com/rss/articles/CBMiVEFVX3lxTFBaTVBSSFVSZnlPNk1nTEk4NHVhWS00QVExZDlWS3gwVmxqSXFJTURYUTdhRVBremFFbUQyQ0M3RkFSdmZ1RjR0NnJ0NDVPYUYwTDVfVQ?oc=5,"Wed, 09 Apr 2025 07:00:00 GMT",2026-09-12T09:16:14+09:00
GoogleNews:所得　食,所得　食,栄養改善と収入向上を試みる、ラオスにおける「昆虫食」のあるべき姿 - JBpress,https://news.google.com/rss/articles/CBMiVkFVX3lxTE0yeFFVRlNLdmxZX0RJRW0zSUh5a1pzdjhhRjlYZVoxS040blotTGt0TXBOUmtFMk15YTlFcjRJYzZwbk9HMDVzQ0R6Yk5YbjdTYlJDWHFB?oc=5,"Wed, 14 Jun 2023 07:00:00 GMT",2026-09-12T09:16:14+09:00
GoogleNews:所得　食,所得　食,所得と野菜を食べる量の悲しい関係、野菜マーケットはいまや「局地戦」へ 味の社会学（第6回）(1/4) - JBpress,https://news.google.com/rss/articles/CBMiVkFVX3lxTFBBV0hOaUtlZVFvZU5PVUFsTWlpeURXY0YyRlFqaW96dGVnd2hHNUVBU3ZkN0kzRG1JcTl3QVhiRk1VbnRTVlV0NzN1djNFdEVrSUJtVE13?oc=5,"Wed, 26 Feb 2014 08:00:00 GMT",2026-09-12T09:16:14+09:00
GoogleNews:所得　食,所得　食,【最新データ】「中所得者層」がAIに食われている - newspicks.com,https://news.google.com/rss/articles/CBMiU0FVX3lxTE1pME1nY0o5eWlhLUIyRl9Bc0xwUE94QmM5YmVfUW5rTjdqOTUwQnZ0LXJwZXR0Ni11NVZMdk5TcGJEc0xFUFhSSlNLZDF4QVo2XzJZ?oc=5,"Sat, 15 Feb 2025 08:00:00 GMT",2026-09-12T09:16:14+09:00
GoogleNews:所得　食,所得　食,所得が高くなると健康投資が増える？－高血圧診断が食生活に与える影響をもとに 小西萌 助教 （2011年4月当時） - waseda.jp,https://news.google.com/rss/articles/CBMiYkFVX3lxTE9iMmUzSWpFcVdOOXdqM0dXbGJJZEJEc0p5QzVkNjNyR0FwWk1qb3ZGTjFnSklWQ2hsdkU2U1pkNkNtYVVnRG0tRnNyNFhMZ2dRLXlWa1lvYU9ISGtuNFYwcWFB?oc=5,"Sun, 17 Apr 2011 07:00:00 GMT",2026-09-12T09:16:14+09:00
GoogleNews:所得　食,所得　食,【新型コロナ】ひとり親家庭の収入と食、子どもへの影響を東京と大阪で調査。 - PR TIMES,https://news.google.com/rss/articles/CBMiakFVX3lxTE9aTmQ4dWJZV2NlUGNLSzRxLVh0eDlKbHVRQWtJZXNOUHU5QnEwQXRwQ2FuV0pYTThfdlJoVW5VQ2poX2xxVkxheXFSTFE2Mk54d0l2c2RGRFQ5TWtQLXo4ZTZBYWhaZ2pCaVE?oc=5,"Thu, 24 Dec 2020 08:00:00 GMT",2026-09-12T09:16:14+09:00
GoogleNews:所得　食,所得　食,明石家さんま、食生活を共演者が告白「高額所得者やのに…」 健康の秘訣も明かす - encount.press,https://news.google.com/rss/articles/CBMiT0FVX3lxTE9MRGs5MU9IWk0xTm4yRFl0QVlDdFRYQVBjNzNxTVVSQV9DTnlEWGJYYlJCT1Z4NDBhQzRWNkZMUE5TWDBmQU5lN252U2d2Nlk?oc=5,"Sun, 26 Oct 2025 07:00:00 GMT",2026-09-12T09:16:14+09:00
GoogleNews:所得　食,所得　食,「健康的な食品」の価格は「不健康な食品」の2倍以上！英国の調査で発覚 - Women's Health,https://news.google.com/rss/articles/CBMisgFBVV95cUxNUkJVYUFTc1VhMUw3WHdpdmM2MXc4YjhaMW14N2VxOHV4TVZROVhWZGp1ODE0QWRHVlhpbS1hWnloZnJNUXdFelhzN2hyLW1xdkdpTGg1NkFJa0dhTTVSc2MtRzhTZlo4VGppWUMyS0VpZzVnSWZUM1hNc0hzUkdISGlyckFRc0o3X21MWkZMY2VRa1cwY3RtUVJqUk1TbHliLUVfaGZVMGNtMXpha0JmV2Rn?oc=5,"Fri, 21 Feb 2025 08:00:00 GMT",2026-09-12T09:16:14+09:00
GoogleNews:所得　食,所得　食,68カ国の12〜15歳18万人の調査で、食料不安とファストフード摂取量に有意な関連 - sndj-web.jp,https://news.google.com/rss/articles/CBMiS0FVX3lxTFB0M19BaFAyQjhRTWpfWmZQci01N1NHTUtkVTVnMTBCQ0paQVZWTG1TalZSLV9DakItN2l1b0hGWnBkNWkyODlIRk1pdw?oc=5,"Fri, 14 May 2021 07:00:00 GMT",2026-09-12T09:16:14+09:00
GoogleNews:所得　食,所得　食,【動画あり】世界一の経済大国アメリカに広がる「食の砂漠」 生鮮食品入手できない貧困層 - 東京新聞,https://news.google.com/rss/articles/CBMiUkFVX3lxTE9zc3J3anEwVTljRUdFclZNMnFSV0IwUEZMM2pJUjBkVXpxYlFnZl9TS21VdzBRX1hEU2RsOVNhXzZqTC1YY2xLc0xKdEpvWVBSc3c?oc=5,"Thu, 24 Dec 2020 08:00:00 GMT",2026-09-12T09:16:14+09:00
GoogleNews:所得　食,所得　食,猛暑でもエアコンを使えない、食費は1食110円以下…物価高が招く子育て世帯の困窮 - 現代ビジネス,https://news.google.com/rss/articles/CBMiWEFVX3lxTE5QYmYtRVZSMHhFSmh5VTBKZEJYRHpsUm1laWFKWmxLUVNRSy1UUFpPSXg4allKNEVPTWZRZ3NTT0FjRGE2cHpXeFd1bXY1SU5lU3lnMjV0YUw?oc=5,"Wed, 19 Jul 2023 07:00:00 GMT",2026-09-12T09:16:14+09:00
GoogleNews:所得　食,所得　食,ネスレ、低所得国のベビーフードに大量の砂糖添加 - SWI swissinfo.ch,https://news.google.com/rss/articles/CBMioANBVV95cUxOWDJFM0xjRmdzRTVTOG1oMEdTYnlMVG52cEU5LUNBWnFHUl8tLTA2bkhNZFZQYUpfbUxVOVpiVzh5NWE2NzJBaWZCS0hXaEZLc0VadlFBaUVVSnQ3aVRYNUs3MkhuVnJWNk1ENmRSU2pXZlVFQWZVZnZLaEx4aVNCODdmWEJoV3MtRGpqYW9nM09aYm9BZVJ5d2ZNNHBFdXp5NWplN1lfN085clpKTXd3MXItUy1mSGlKSURJY0MyVGhaQjYzemNJb3ppakdQWW10cE9TRUctZFo1eFFvSnlRZEkwT0dFd2Z6czhRR0hoYTJJSlVyZEZDSWRmbC1oMUhIbXlqenhSV00teUVFb1VLLTFXcExkMkxiTk5BRmhTRjI3UDFNRUJxekc1MW9zT1h4RjJmWUhzUWNHN0RVZTRIMmM1RTBEOGRyUDNrQ0hZYXVsZWYwb1haVzBBVXAwcW1fV2k3elhmeUNweGJnUl9kMXJyVm1GUDFyMmozdjRYU3FqaFByTlV5TDBFQlBJUVIweW00Ynl0R0hxNTJJNVBDaQ?oc=5,"Fri, 31 May 2024 07:00:00 GMT",2026-09-12T09:16:14+09:00
GoogleNews:所得　食,所得　食,預金残高は6268円、あと1週間は収入ゼロ 物価高で1日2食に 通路の電灯を頼りに料理 - 沖縄タイムス社,https://news.google.com/rss/articles/CBMiXkFVX3lxTFBiOV9yYldpTDE3eVhUNHVaVE1qS3JQT1NOUWxhTFdreGdFSjZ1bHRPQWpHNWcwTy1qQVkzb21VVUprOU5GeXBIMy1UaERrcm1lbjl6VEFITTVHZWExVlE?oc=5,"Thu, 09 Mar 2023 08:00:00 GMT",2026-09-12T09:16:14+09:00
GoogleNews:所得　食,所得　食,「1日4ドルで作れる」低所得者向け料理本、米国で大ヒット - ナショナルジオグラフィック日本版,https://news.google.com/rss/articles/CBMiakFVX3lxTE8zVmQwT1VyZDNsOVpnS3JZS01UdEFQaTQxMWpDY0xtbjNqV19XdVpfNlBaWExaakZnRjZuTktDYnpBVXNkR2dUTlFHVVhFbHd5ajd4eFM3Z2Z4ZXhqMXMxRXNsaVVaa2pWdkE?oc=5,"Tue, 26 Aug 2014 07:00:00 GMT",2026-09-12T09:16:14+09:00
GoogleNews:所得　食,所得　食,マクドナルドなどのファストフード業界で値上げにより急速に低所得者層の客離れが起きているという指摘 - GIGAZINE,https://news.google.com/rss/articles/CBMiZkFVX3lxTFAwOXRxLWdtZ0RPTnRKcTRWVkhQUWZ2dXNwN2xXSG8tdnRXT3hsRDM4ajZ0X2lQYzQ2VE9uS0QxYmhVaVYwV0pfY1VkaFhEOGplM3BFX1JZU1dIMUVRX1V4SVhkVkFMQQ?oc=5,"Fri, 28 Nov 2025 08:00:00 GMT",2026-09-12T09:16:14+09:00
GoogleNews:所得　食,所得　食,「高所得の人」と「低所得の人」の健康格差をシミュレートしてみた。NHKスペシャル取材班が総力を挙げて迫る - ダ・ヴィンチWeb,https://news.google.com/rss/articles/CBMiTkFVX3lxTFAzN092b24tVVNfRi13bXppb2ViRGQ2ZXVzcUwydTkwLUllMS10NDNTaHJJTDVOSUFXNGFxRklmOGNzaFRkUXN0LXdHa3NNdw?oc=5,"Mon, 29 Jan 2018 08:00:00 GMT",2026-09-12T09:16:14+09:00
GoogleNews:所得　食,所得　食,米の消費、高所得世帯ほど食の外部化すすむ/米穀機構調べ - 食品産業新聞社ニュースWEB,https://news.google.com/rss/articles/CBMiS0FVX3lxTFBWNE1LR2dFd2tCNk5Mc3R5UWtHUXE5ZTJ4ZDM3MXBpYWZyV0tNeTljb3N4cms4elRrNVIxUE1ka3ZVcTl6d2JxYmd5dw?oc=5,"Fri, 28 Dec 2018 08:00:00 GMT",2026-09-12T09:16:14+09:00
GoogleNews:所得　食,所得　食,子どもの食習慣と保護者の学歴・世帯収入の関連、厚労省が調査 - resemom.jp,https://news.google.com/rss/articles/CBMiXEFVX3lxTE9uZXQyemxTWF9TbGVVZWRFSDFXVnpSYmhEcENyZ01yc2VwOVRoN0cyTlZqd1UtMlNraVpCNlAtN1RhRGxxZnZHemNxOFR2dHNLNlFfVldYaWlUVWs1?oc=5,"Mon, 06 Apr 2015 07:00:00 GMT",2026-09-12T09:16:14+09:00
GoogleNews:所得　食,所得　食,"高学歴､高所得世帯ほど""早生まれ""の子の義務教育入学を1年遅らせる…米エリート教育最新ウラ事情 - president.jp",https://news.google.com/rss/articles/CBMiU0FVX3lxTE5yRlhlbVJDaVRxLXJiRHJMbmZBaUYxdUpzMl9UNDlfNnE3OUxOT0gxdHAwVG91WVFyWXpkT3VGeEN3YWszcE1ZT085WWlkNVI5Z2Rr?oc=5,"Fri, 26 Aug 2022 07:00:00 GMT",2026-09-12T09:16:14+09:00
GoogleNews:所得　暮らし,所得　暮らし,「老人福祉医療費助成制度」「ひとり暮らし高齢寡婦福祉医療費助成制度」の対象者のみなさまへ - pref.shiga.lg.jp,https://news.google.com/rss/articles/CBMiV0FVX3lxTFBzN0Jzd0V6amlrN2NDalE3UnVnTFA0Zkt0MVBSczlsR3RsbTd2RzhwaWM2TW5SeHdVQ3RaMWdva3JHdDlFOGpKSmlPc0JVaWl6amRiTHlzZw?oc=5,"Fri, 31 Jul 2026 07:00:00 GMT",2026-09-12T09:16:16+09:00
GoogleNews:所得　暮らし,所得　暮らし,【連載】沖縄県知事選 公約比較（上）経済と暮らし、県民所得は最下位 - 世界日報DIGITAL,https://news.google.com/rss/articles/CBMia0FVX3lxTE1wSjFvZFZnRnBEV1VabkNFbDlQRmMxc1FaLTlTYkNQaU83UENSZElGQ1pDSFpnYXRpZmFJUjVUUmhMellHUXJoOTdKa0ZpeVN2SXp2OVRVbTdrNmdrOUpNU0FiSmFaUUpJNUJn?oc=5,"Mon, 07 Sep 2026 21:20:00 GMT",2026-09-12T09:16:16+09:00
GoogleNews:所得　暮らし,所得　暮らし,輸出は好調、暮らしは厳しい、韓国経済に広がる「K字型二極化」－半導体依存の成長を内需・雇用・家計所得へどう波及させるか－ - nli-research.co.jp,https://news.google.com/rss/articles/CBMib0FVX3lxTE04aUFRODJ3anRyUmtrQ1hRMnpsamRjTzRSSm9EaWVXUDBPa01zQy05cU1ZNW5yZ2RQRmduXzlwRHd4ZWxJcXUzeVdtS3M4SGZ2RE4yUWFaV3pwTjYxTXVjVWRNUzFvVk9MbnhqMFpUVdIBf0FVX3lxTFBzY085NXZ2cHc1RU1tYUZZaHFxd210Y2t6NmRFMlBzem5jV0U1X1hBY21LUVNuTktBaGhyc21KbTFncjhIb0hONUtqWEJjZGRWT0FFZWRxRnJFZlZtNjluUlVwWVVLbGRYNmhRZUx2and3STQ5SElPdU4zdkhQQmc?oc=5,"Fri, 14 Aug 2026 07:00:00 GMT",2026-09-12T09:16:16+09:00
GoogleNews:所得　暮らし,所得　暮らし,物価高・増えない手取りに追い詰められる暮らし――ひとり親家庭アンケート 生活は“工夫”ではなく“犠牲”の段階へ【当事者の声】 - PR TIMES,https://news.google.com/rss/articles/CBMiakFVX3lxTE1tcnNsSlNiZkxJWnM3OUxXNGRlT2xMOEhJMDUwcERDZ0FCS01yNEpzUHlvVWFPNTNGTlBpOC1ZX20yc0x2LUdwWXlkNVMtYTNxZUYxMnI2eGdzLW1vWExRWHZMNmlWTjRvNGc?oc=5,"Tue, 24 Mar 2026 07:00:00 GMT",2026-09-12T09:16:16+09:00
GoogleNews:所得　暮らし,所得　暮らし,東京23区の暮らしが極めて苛酷になったわけ 「経済的豊かさ」は東京が全国で圧倒的な最下位だ（中原圭介） - エキスパート - Yahoo!ニュース,https://news.google.com/rss/articles/CBMiiAFBVV95cUxPN29LS2lMa09tREJYRjQ0Q2NzZzhMMWxHeVpTNGpiNi1Fam1ob0JfenNxTkVyaWZtc004MmVzQjJ4YlNnb1Z3ZFNYdGlUdXVKbGZOUlpvbURXUFl6SkRUWlFpSi02ak9nSDB3Tm9NTGNXN2NkRDJkcGcwblhvSG93WkpIQXQyUk4t?oc=5,"Fri, 05 Jun 2026 07:00:00 GMT",2026-09-12T09:16:16+09:00
GoogleNews:所得　暮らし,所得　暮らし,宮崎県民所得が過去最高269万円に！それでも暮らしが楽にならない理由｜ほんみや宮崎 - ほんみや宮崎,https://news.google.com/rss/articles/CBMikwFBVV95cUxQUnRjNEFWTGcya0R4eko1bkJSZTR5Q1lpVVREUzkzNHc2N3E4SjVod0EtakdoaXJ2VEoxelBPV3VFV0hDUGYyZVA2SURnM19Tb3d0V3BWQjFuX2F3WEx2MUZqNnROVGxpSW41R3hRejdKOHU5TEtrQ1ZicW5Pa2FBR1Yyd3R1RzgyY29ZOXhFWHR0Wlk?oc=5,"Thu, 12 Mar 2026 07:00:00 GMT",2026-09-12T09:16:16+09:00
GoogleNews:所得　暮らし,所得　暮らし,中間層の暮らし向きは案外良くない - jil.go.jp,https://news.google.com/rss/articles/CBMiakFVX3lxTE45WlM5TWFnbnN4U0ZnQzdVTkRxdFJINGtaWlhhV0pQaWY0ZFRvRTQ0N2tZUmNYMFNTeExEcVRKdFVOUWNwOEhMZEpZc0hINmYyZ0VxV0NxWmc5TWJnUFBacFA1TnBvc2hCLWc?oc=5,"Wed, 19 Mar 2025 07:00:00 GMT",2026-09-12T09:16:16+09:00
GoogleNews:所得　暮らし,所得　暮らし,"「お正月どころではない」――年末年始、8割が家計苦・物価高が拍車 低所得のひとり親家庭に迫る困窮【2,000人超調査】 - PR TIMES",https://news.google.com/rss/articles/CBMiakFVX3lxTE9ZTGVna1pSOENZclQ0QWViY3M0TkE3T25hQWpoNTFuUWVHTGQ3NGk2ak5zbWZIVDBsd0NHcFFESjZ1U0xobXZtOFc3NmFIbFlidHo1dDVaUk5kZ0dacnp5d0ljWS1vb2NBMHc?oc=5,"Thu, 04 Dec 2025 08:00:00 GMT",2026-09-12T09:16:16+09:00
GoogleNews:所得　暮らし,所得　暮らし,物価高から国民の暮らしを守る令和6年度補正・7年度予算 あらゆる政策総動員で可処分所得を増やす | お知らせ | ニュース - jimin.jp,https://news.google.com/rss/articles/CBMiXkFVX3lxTE5qSkFyUlMycENWTDZQbEpLNzZCNnlFVDU3LWM2UDJwQ0ZRWDJFQ3lIdV8zWlk0QldyOEQ4OHBFVmZpUGtEWTJxa0FPX3ZJNDdoVWw3MXl3cEJ6Y1R4SHc?oc=5,"Wed, 30 Apr 2025 07:00:00 GMT",2026-09-12T09:16:16+09:00
GoogleNews:所得　暮らし,所得　暮らし,暮らし守る定額減税・給付 - 公明党,https://news.google.com/rss/articles/CBMiVEFVX3lxTE5VSGxLdUZUNmJMOENqSnY3a0RBWURBMUc4elZfN0Y2YjRwZ2FtTmNyY2ZpSkNzVEpGZENYR3dwWTlRN2RaS01iWjdWalRzM0g4ZnRmbw?oc=5,"Thu, 28 Dec 2023 08:00:00 GMT",2026-09-12T09:16:16+09:00
GoogleNews:所得　暮らし,所得　暮らし,千代田区ホームページ - 【千代田区独自事業】暮らしを支える直接支援を実施！【所得制限なし】物価高騰対策として区民にギフトカードを配付（令和7年6月2日配信） - city.chiyoda.lg.jp,https://news.google.com/rss/articles/CBMihwFBVV95cUxQVFZobXVXdWJ6djhLa3JmMnVDR092XzBHakRCYkg5XzRvTExuSVMzblpmT19FSjhTNm40X1lqOEUweUFSUHU3MmRNamxzamdYZjhjRWhNUXZMSUVaRFVTWlRnNVplYzJ6RHg5aC0tcXROeHVpR3p2c3BsYmN2cnVqeEZtcjhjemM?oc=5,"Mon, 02 Jun 2025 07:00:00 GMT",2026-09-12T09:16:16+09:00
GoogleNews:所得　暮らし,所得　暮らし,都市は誰のものか 都心に中低所得層が暮らすパリの「空間の再分配」 - 朝日新聞,https://news.google.com/rss/articles/CBMiZ0FVX3lxTFB1dHgzdFY3WktDT2g5SE1zMmxrX1I0eDNja0RjVzNydWhBUzRFd0lYNjhPZFVsazNEVEdhekFwa1Nja3RnYVR2NGNQUXNNY1N5aU9Ybzdycm00YVpHSHJ1a2FGbG11ejg?oc=5,"Fri, 10 Jul 2026 07:00:00 GMT",2026-09-12T09:16:16+09:00
GoogleNews:所得　暮らし,所得　暮らし,物価高騰、暮らしの危機打開へ――経済政策を転換する緊急要求 - jcp.or.jp,https://news.google.com/rss/articles/CBMiVkFVX3lxTE9IOFVBVHhWUm9IY2drNDBBLWY1ZElJeXAyUXY0bmlfUVFfU0h4U3JUdFlONkZDaTJXVzBoVnVDT2trei1PcHFUQm1XQjQyWXBJTDNYOFJn?oc=5,"Tue, 14 Jul 2026 07:45:21 GMT",2026-09-12T09:16:16+09:00
GoogleNews:所得　暮らし,所得　暮らし,年金受給者は確定申告が不要？確定申告で得する可能性がある8つのケース - aeonbank.co.jp,https://news.google.com/rss/articles/CBMif0FVX3lxTE5QdTFhbnJlYjNiM2oxRF9MUU1YZXZjSDFtZ29xcUZrT29fMXBRTjJnNkp2WnlLaWFMWnRCTHpEMko0WlgybzY0eHBvbjlSRXlqd1Q5N2hYTjlrb3AtOTZDUDZqMlZ1cG16a2YwdEZJb2pONmpQTm9QVVJUU1ZKdmc?oc=5,"Wed, 13 Dec 2023 08:00:00 GMT",2026-09-12T09:16:16+09:00
GoogleNews:所得　暮らし,所得　暮らし,【東京】「所得を上げ、負担を減らし、生活者の暮らしを良くしたい」玉木代表が秋葉原駅前で演説 - 新・国民民主党,https://news.google.com/rss/articles/CBMiW0FVX3lxTFBpbkpqazFBT21ObXdxLWFuWDZOaE1XQ1Myd0ZXX29ST2dVZXJMWmJRUGN4cDdCa1A1ckpjekdHc0JoclA5R2EzYnM2amZiVmVsZzNET0NVLWZiblk?oc=5,"Fri, 28 Jul 2023 07:00:00 GMT",2026-09-12T09:16:16+09:00
GoogleNews:所得　暮らし,所得　暮らし,現役世代の手取りを増やす「金融所得課税」による世代間格差の是正と暮らしへの影響（高橋成壽） - エキスパート - Yahoo!ニュース,https://news.google.com/rss/articles/CBMiiAFBVV95cUxQZktYX3FQV1ByNzN5ZHdfNEdMSU0zS0szSy04emhDVDhjNm1LbkktaUpKQm9xSkFsVDd1ekxWTkM1NWtfM09fNkhSei1DN1NQeFNkVkpXS1hXN3BKb2Flb05iMERmUTFyMW9GYTJfdk55SDdaN2tkZkJKYnFMekRtOXh5eFk4S1c2?oc=5,"Mon, 24 Nov 2025 08:00:00 GMT",2026-09-12T09:16:16+09:00
GoogleNews:所得　暮らし,所得　暮らし,1. 強い経済で、笑顔あふれる暮らしを。｜政権公約2026｜「日本列島を、強く豊かに。」 2026年 第51回 衆議院選挙 - jimin.jp,https://news.google.com/rss/articles/CBMihgFBVV95cUxNNVBEM2Jla0xLd0prdm04ajNzYmdEV2JudldQRzZfa0dBSEFUM0NDS29yel9OTUprYWFxZGkxVWI1WnBhRGFmMW5hNlp3NXg4M2FQZmZEb0RZNXZVaFk4bExXcWthRFd0UzlWNkUyang5QWd3VXctRU1IUHlrWDgtTVJaZXByZw?oc=5,"Fri, 13 Feb 2026 10:00:21 GMT",2026-09-12T09:16:16+09:00
GoogleNews:所得　暮らし,所得　暮らし,暮らしと意識に関するNHK・JILPT共同調査 - jil.go.jp,https://news.google.com/rss/articles/CBMiZEFVX3lxTE5rOC1sVmxmbEh1cC0ySFFtcUh5Nl9xbFNkMmZJUVNySlk4SVZQYTFsMGFOaDhZc0dqalk5TEdCRkZjcDVjdXpMWkgwdUJfVkNVTkgwMi1QLWwzT2llMmpVRDkzN3E?oc=5,"Fri, 31 Mar 2023 07:00:00 GMT",2026-09-12T09:16:16+09:00
GoogleNews:所得　暮らし,所得　暮らし,（６月からスタート）暮らし守る定額減税／１人４万円の負担減に #公明新聞電子版 2024年05月07日付 - 公明党,https://news.google.com/rss/articles/CBMi6wJBVV95cUxOaW5PdXZKVVJhc3IzWmFlN19pa053T1J5SWJQVGRFMWhOMXhoNHA2SzJRWklVaWpVZ2xXWnI1VlJDYkp6d2J4LWNrb3JIUUF6alp5WTkzM3hBZkxpSEVNOGdhNG1wNjhQUHJYT21tVW5yZkhwdG9PY2xzSUluT2NFMHhHWUtuOWt5em1nbm96bGM2Z19BTjRDNGVvWE51T0NwRkUwZzhibkVDemJHUVNMRTVMZ0hrOW1jNlIxU0ZWdGR3UWxIREhPaGJ0MTE5RnVPb0I5LVlmbE5EX21VTmM0T2RzTFM0WkxPcFhyVVRJRmpQcXpTWnNDUWNJTHhmUlU1Rm1nN3lwTzRzYi1SWUlrQTgtZkFGNDNEXzJwbEtRNWVHTWdHa2dQa2p6VzZtOThDaDd5eXpHSkZhUEhZQXJrd3J6NmdiWkg5ODRSQUVZV2IydmFxU1gteTMzVmk1OGR2bmtza096bV8zQlk?oc=5,"Thu, 16 May 2024 07:00:00 GMT",2026-09-12T09:16:16+09:00
GoogleNews:所得　暮らし,所得　暮らし,「日本を動かす 暮らしを豊かに」参院選の公約を発表 | お知らせ | ニュース - jimin.jp,https://news.google.com/rss/articles/CBMiXkFVX3lxTFA4d3NFXzlKV2JZYmtoQ0Z5R2d5MzBHaFctZV9qNm5hM1BueGk4SEZ1U1dfa3RDNzVTVXpKUXF0bHdkaGc4UEs2T1FNVk9XUHJ1UWtuQ2VXRHppemZJR0E?oc=5,"Thu, 19 Jun 2025 07:00:00 GMT",2026-09-12T09:16:16+09:00
GoogleNews:所得　暮らし,所得　暮らし,暮らしを守る定額減税・給付 - 公明党,https://news.google.com/rss/articles/CBMiVEFVX3lxTE1sOHVfdUtaTlh0UnBxd0hzNDZrYnIxMzNJVGtkalY0MHh2UG56Wk5DUUlTVnItMGdpekNkbGhsQ3piY0lkbXZhZW91d2NMSERFaEpYQw?oc=5,"Sun, 14 Jan 2024 08:00:00 GMT",2026-09-12T09:16:16+09:00
GoogleNews:所得　暮らし,所得　暮らし,物価高から暮らし守る - 公明党,https://news.google.com/rss/articles/CBMiVEFVX3lxTE1aNExYVXFpdzNzbXVKY3JQby1PT3pTS050TDBPTUVLZ3huS2Q4R1Y0emcxLVk3Q3JTc1RadUd5eWdNa0c3MGZ4bzBNMFBaNFBLTTYtaA?oc=5,"Fri, 07 Jun 2024 07:00:00 GMT",2026-09-12T09:16:16+09:00
GoogleNews:所得　暮らし,所得　暮らし,2026年度税制改正 物価配慮、暮らし底上げ 年収の壁 中所得層の基礎控除拡大 - 日本経済新聞,https://news.google.com/rss/articles/CBMibEFVX3lxTFAzMG1wUElYRGNCRE84VmxzQVlRVzNyMmFlRTNtajlHOFNidjFtUjBIS2k5TUN2enlmSHZOME1URTQxN1gyR2ZrWGt1MlA3X29haE9SeW84WlFLQmdGWEQwZ0c1Tk1sSWJJQUpxWQ?oc=5,"Wed, 01 Apr 2026 07:00:00 GMT",2026-09-12T09:16:16+09:00
GoogleNews:所得　暮らし,所得　暮らし,4月から暮らし・身近な制度こう変わる 値上げ続々、共同親権も開始 - 朝日新聞,https://news.google.com/rss/articles/CBMiZ0FVX3lxTFBUbVFxTVJYeWJveWdYM1BTTjU5QnMwSWlSTUdDN1VfOE5fVHNrbWVkaGUyU1ZyRHE3WEJ0RmpKZmhDanF6RnJUbWhKTEUyalNVU002Sm5Yamp0OU14RVdvdTRoYW9NOGM?oc=5,"Sat, 28 Mar 2026 07:00:00 GMT",2026-09-12T09:16:16+09:00
GoogleNews:所得　暮らし,所得　暮らし,石破内閣の主な実績｜「日本を動かす 暮らしを豊かに」 2025年 第27回 参議院選挙 - jimin.jp,https://news.google.com/rss/articles/CBMihgFBVV95cUxOODRNLWplckFwbmIyQUNsYnpKS1AyUlJOeVh4bjIzVzM5cWVYalBIVk1mY1RiNjdacWUyQmQtTWJHQkxRdEtQVGpUNGoxdGFRaGtFRU1zdHV5c2FkN0JkY1Btb2pLeE1Ia0dCeDU1cDIwU2hTb3BWdWp6ems5dFZqMm14UjE2QQ?oc=5,"Fri, 25 Jul 2025 09:22:03 GMT",2026-09-12T09:16:16+09:00
GoogleNews:所得　暮らし,所得　暮らし,公明の主張が反映 暮らしに根差す予算・税制 - 公明党,https://news.google.com/rss/articles/CBMiVEFVX3lxTE1hblhPRHlPYzJkQ3dOOTFndWJxNW5fZ3B1WGVkSnJmQXNIWWl6a3FHVFBSUzFxVk5vc2thWGhHUGl3YWdUQ1F0UzRiczlfWTJMdkVXNQ?oc=5,"Mon, 13 Jan 2025 08:00:00 GMT",2026-09-12T09:16:16+09:00
GoogleNews:所得　暮らし,所得　暮らし,基礎控除引き上げを/辰巳氏 暮らし置き去り追及/衆院総務委 - jcp.or.jp,https://news.google.com/rss/articles/CBMidkFVX3lxTE11RUJBNnZjWFg3bXVLRXVhTkpCenlhUTJKQ2kxcXVHekhQUlJvRFczdmp4Tnh1aHAyb214YUEyaTZiSGRCMzUtaGhwQWhkYTFxSjByb3hXdmU5QVRZUG9TRXJtazM5SFo3UzBiUUtZaTRjYmJFcnc?oc=5,"Wed, 26 Feb 2025 08:00:00 GMT",2026-09-12T09:16:16+09:00
GoogleNews:所得　暮らし,所得　暮らし,"物価上昇でも賃金上がらず困窮 日常的に”減らす・買わない・使わない”ものとは？【低所得のひとり親家庭2,000名超による回答】 - PR TIMES",https://news.google.com/rss/articles/CBMiakFVX3lxTE9zLWpiVzltRFpSaFhLTE9WaTFhRXJFT1lYQnZ3WjNYOWVldnJ0QUVpaXowRjM3ekMzWGNobFczdEJIaEhxVkx4SUZid2ZnRDljZmJNMXJmNDNUT29YeXp0ZWNVVEtEN25WT1E?oc=5,"Wed, 19 Mar 2025 07:00:00 GMT",2026-09-12T09:16:16+09:00
GoogleNews:所得　暮らし,所得　暮らし,暮らし守る定額減税が6月からスタートします。 - 公明党,https://news.google.com/rss/articles/CBMi7gJBVV95cUxQU3RrMHZSYmltbmNZLXByLWJhUER0MGlWa0RlM3dpWGZLTERDUURvMFpoYnM3SVZzdmhZdUZlX0JqZmNkUWk3TEF5YzRmNVJtWU9Bdm5DZVRLc0gwTzhTWFlyUldXNU90SndYaTFYN0tOV0NVQjl1NWZRZWljSnFoZXNVT0M5OXFmekxZUVBWRDA5dVA1dW0wNG8yc25yZkdoYkk1U2hwM0E2WjBkY2pSZ3owU0hkTFJtb1FUTkJ2NE1ySHR4UWNVbTBlc3VOWHRzOEhvd0pNN3V2bjNCdW9wN3FKMjQzWnNmMkx3amVHR3dSWWphZ2VvVjRDR3NPLUhhVXR3clQ2dGlYN3k1REtJM0VaN1ZOMVVLajRRaTNNU0FUMUNEUG52Ry16Z280a2tsbUdpMWtLRHRkT051OTBWNkRETHcwTHFuVWtQMGJ2WGJ1MjlVYWl1eFZVNEI1RmljZDRndUFsdDE4TzI0Snc?oc=5,"Thu, 09 May 2024 07:00:00 GMT",2026-09-12T09:16:16+09:00
GoogleNews:所得　暮らし,所得　暮らし,【公明の主張が反映 暮らし守る予算・税制】生活支援 - 公明党,https://news.google.com/rss/articles/CBMiVEFVX3lxTE81QmEtcEpsN3QtbC1ieW9SMVNVdGxMclp6Q0pjdzZ6Nzd6dkI0d1NJSnJrd053TWVmTFZoMEIteXA1QVFfM214b0IyOEZtcGl6eWdBdg?oc=5,"Thu, 11 Jan 2024 08:00:00 GMT",2026-09-12T09:16:16+09:00
GoogleNews:所得　暮らし,所得　暮らし,公明の主張が反映 暮らし守る予算・税制 生活支援 減税・ 給付で家計底上げ／政府試算、物価高超す所得増に 公明新聞2024/0 1/11 １面より - 公明党,https://news.google.com/rss/articles/CBMieEFVX3lxTFBMQmRJY0RsZVVGdi13LW40UXdkTUo3NDJvcUNvOVBnUG5EdFUxbHZWUE5zNnoteVNTbnZINERFZFF4ZnhGR0NiUzFBR2FoX0NHYWczY0ZnNEVkUm95emFZRTdiVEp5c3Iwbi1RRzVqWHU1RVRLVDlSUQ?oc=5,"Thu, 11 Jan 2024 08:00:00 GMT",2026-09-12T09:16:16+09:00
GoogleNews:所得　暮らし,所得　暮らし,暮らし守る定額減税と給付 - 公明党,https://news.google.com/rss/articles/CBMigAJBVV95cUxNQ1J5d2NFWUZfaWhZeWxRYjF1WUNnWTFnMWNrS1AyMDMxRExPX3dLOERwZ0dlU1FhWjUyQUQwYWt2S3czS3pwWGU2cWlBS2U2YjVMTnZ4bjZaXzNnVGFvaHhOSnlaRXo4ZUY5aGY5M3hQRHZxNm5CWFowRXgzV3BUQWI5cUhGU3daQ1RDVXNRcm9MMjZwZkFoRElhTy0wVHh6WGYydXVqOU5xM0JiRFg0bU1ULUxSLUhSV0V1VkFnVC1rV1dpZnBhakVrYlVuNUw2MTg3SHkxdDF5MTZ5eDFsajRITkxNbTQtRVZnV1MyWmZpQVd6Wm1HSlJnN2IwSHJF?oc=5,"Thu, 28 Dec 2023 08:00:00 GMT",2026-09-12T09:16:16+09:00
GoogleNews:所得　暮らし,所得　暮らし,「80歳以上女性」の34.8％が1人暮らし、世帯全体では所得減少し「生活が苦しい」との声は過去5年間で最多―2023年国民生活基礎調査 - GemMed,https://news.google.com/rss/articles/CBMiSEFVX3lxTE15ZHhXOVhFdEQzMFZIQ2RONXI0anBjWXhkZ3FCS0Exalk0TlJyT0RSU2c2QWlMejJvZ2ZLd0lkOUlfbTJvWXRvZQ?oc=5,"Tue, 09 Jul 2024 07:00:00 GMT",2026-09-12T09:16:16+09:00
GoogleNews:所得　暮らし,所得　暮らし,【沖縄こども調査】物価高騰 低所得世帯ほど暮らしに直撃 2024年度 - 沖縄タイムス社,https://news.google.com/rss/articles/CBMiXkFVX3lxTE50V3paU3d0ZXlQNE9qb2Z4YV9vbmNUTmR5bEpmX0daS2Y4LXhySGpUellLTmF1MlNPTGxVX0JYZ2Nfcnl5WDE2c3lEcnljV0Jhc2ZweUtOUlBPa1hIcGc?oc=5,"Tue, 27 May 2025 07:00:00 GMT",2026-09-12T09:16:16+09:00
GoogleNews:所得　暮らし,所得　暮らし,物価高で変わる単身世帯の暮らし 外食減少と調理食品需要の拡大、若年層は“賃貸9割”も年代とともに「持ち家率」上昇 - TBS NEWS DIG,https://news.google.com/rss/articles/CBMiZ0FVX3lxTE55ckpwNHdrSjcySzNMZ3Y0YTFDYVJneEJGUWlFbWRjTEIwRlVDSG42R2xTOEUtbTN0WmlqNFktUFBUeHdodGxXUmlMdzd0cFZRazJzY0pCTnVlbVdxVTh5dFQ1WW5JQjg?oc=5,"Thu, 04 Sep 2025 07:00:00 GMT",2026-09-12T09:16:16+09:00
GoogleNews:所得　暮らし,所得　暮らし,声を聴き暮らしを守る 公明党の実績＝１１ 高等教育の無償 化 奨学金と授業料減免拡充で低所得世帯の進学率を向上 公明新 聞2023/11/10 ３面より - 公明党,https://news.google.com/rss/articles/CBMieEFVX3lxTE9VQjJnOWNBN3d6Znc5X3ZqUk1hMm1SR2lTdG8xX0lLLTExcTlOWF9UZE9LeFBMYk10RHJGZ1ZWMm5QM25PVDBRQ2U5VmVtZThweWprWDBfTThSTi1tdzNrRzBaS2x1Z2djS3dzT2FSWHpnOXRUZE5uRw?oc=5,"Fri, 10 Nov 2023 08:00:00 GMT",2026-09-12T09:16:16+09:00
GoogleNews:所得　暮らし,所得　暮らし,値上げが暮らしを直撃/低所得者ほど被害甚大/給付や消費税減税を - jcp.or.jp,https://news.google.com/rss/articles/CBMidkFVX3lxTE9lQkJYWndaWnQ5bXVJMTNMWklwYkwwWlRhR0t6b1VSRHJjcWJnZjVaUzBTdjNpSDE5SjJsTWNYdlRBOE03cElTYmdCaTA4anZMMXQ0bWk0Tk5BTkR0VkNvLTBhRlZ3NFV5UkxPRDFWS3I4ODlKRWc?oc=5,"Tue, 08 Feb 2022 08:00:00 GMT",2026-09-12T09:16:16+09:00
GoogleNews:所得　暮らし,所得　暮らし,所得再分配が不十分 富裕層の税負担軽い―トランプ政権１年で米専門家 - jiji.com,https://news.google.com/rss/articles/CBMiY0FVX3lxTE91YzI2RjJETkRmRzRoWXpGV1hLWWJpekZBbnRCdUx6MS1ucTNkRkhOQUFQeHlNWWhvVXhDSUJMQWhiSU1TTnJINnAwY3Z4VUZMLUVCcnRMMGducFFETUFWMDN4Yw?oc=5,"Tue, 20 Jan 2026 08:00:00 GMT",2026-09-12T09:16:16+09:00
GoogleNews:所得　暮らし,所得　暮らし,確定申告とふるさと納税｜みんなでつくる！暮らしのマネーメディア みんなのマネ活 - 楽天カード,https://news.google.com/rss/articles/CBMibEFVX3lxTE95aDFjbmxCUXR0eFRxd1YxMlJXeHU1TFVIX3RXRFNkZHE2MzN1emhQaVo0UWZ5cEVHNTlCODk2dUszSVg1Uk9kMlF6eHpqSDFCd2E4dll3eVlWamZCSVFMNkVkZ3FrSUlUTThmSg?oc=5,"Tue, 30 Sep 2025 07:00:00 GMT",2026-09-12T09:16:16+09:00
GoogleNews:所得　暮らし,所得　暮らし,暮らしよくなる？ 2025参院選＞社会保障費 所得の半分近く 負担にあえぐ若者 年金「どれほどもらえるのか」 - 北海道新聞デジタル,https://news.google.com/rss/articles/CBMiWkFVX3lxTFBkdGVtbW1RNm5Sa0gxRjgzNUxCelRoNllLWGpNNnl6TmdrTzlXald4cjIzR3VCV2NCUFZWX2NyRVl4dWo5OGs2eUNUcG1IdEtHN0hjWGlLRVpzQQ?oc=5,"Sat, 12 Jul 2025 07:00:00 GMT",2026-09-12T09:16:16+09:00
GoogleNews:所得　暮らし,所得　暮らし,住民税は、年金暮らしの65歳以降も支払わなくてはならないのでしょうか？【2026年】 - ｄメニューニュース,https://news.google.com/rss/articles/CBMif0FVX3lxTE5rYUVrZVhwMnRZOFBDZ0JvQnpua2c2M1VucVlKQ2NxUGFOaE1iNVVZRTlfdmFfdHdKLThRMnBwMnkta0JMcjJ1MGowclRndU1PdlJiaXR1YUc1SnItLWxjanNtYlNwSktmUmZoczIybmFiX1pHU3JkTlhicHNOUnPSAX9BVV95cUxOa2FFa2VYcDJ0WThQQ2dCb0J6bmtnNjNVbnFZSkNjcVBhTmhNYjVVWUU5X3ZhX3R3Si04UTJwcDJ5LWtCTHIydTBqMHJUZ3VNT3ZSYml0dWFHNUpyLS1sY2pzbWJTcEpLZlJmaHMyMm5hYl9aR1NyZE5YYnBzTlJz?oc=5,"Tue, 08 Sep 2026 23:10:00 GMT",2026-09-12T09:16:16+09:00
GoogleNews:所得　暮らし,所得　暮らし,4月から暮らしこう変わる 医療や介護負担増、働き方めぐる見直しも - 朝日新聞,https://news.google.com/rss/articles/CBMiZkFVX3lxTFBnTFRfZnhpOVo0cjY0MTdFLXJNTUFRN1BkSUIzbU5UTFYwSWUzTmtGbFh6cHlJX0EtLXZkby1XRjlhaFlPYmtEVjBOdnl3RXNZNUxfWEZhcUd0NUNjc1M5b0pVckUtdw?oc=5,"Wed, 27 Mar 2024 07:00:00 GMT",2026-09-12T09:16:16+09:00
GoogleNews:所得　暮らし,所得　暮らし,株の配当控除について｜みんなでつくる！暮らしのマネーメディア みんなのマネ活 - 楽天カード,https://news.google.com/rss/articles/CBMic0FVX3lxTFA4X2J1ZEhXQl9TalRyWHV1cW5lR19sZDRwVktFSmtBZEQ4LUdSOHV4OVFyRGQ2U0xOUjZCWjZwZ2ZrOTFYMURqN05pdmxpS3FBR2lnXzlrNC1vUTFDdi1Sc09jOHlhNlQ5ZVhJWUtxd2ZpS0U?oc=5,"Thu, 12 Jun 2025 07:00:00 GMT",2026-09-12T09:16:16+09:00
GoogleNews:所得　暮らし,所得　暮らし,医療費の窓口負担2割の条件は? 判定方法と配慮措置、対策を紹介 - 朝日新聞,https://news.google.com/rss/articles/CBMiWEFVX3lxTE5JcThtUjFtaTdkRlFVTUw3NTluV1p1bE9OTm5VSHJSMExVeVpoOFNodUpYZl9Da1E0ZmpuRUpDcU1ZdnlwTEE3aHFPSjdWTlVqNmowZHZqdTE?oc=5,"Fri, 20 Jan 2023 08:00:00 GMT",2026-09-12T09:16:16+09:00
GoogleNews:所得　暮らし,所得　暮らし,複数の種類で生活必需品の購入を支援し、低所得世帯の不安を和らげる「物価高騰対策臨時くらし応援事業」 - TOKYO MX,https://news.google.com/rss/articles/CBMiZEFVX3lxTE54U0lTa3ZrSS1NRGRxUUxlYjBhc2ZlcnZ6WWhpRW5ydzF3YUVlMFR4R0J0MEwwMWlvZlBnUWlnWGtCSDAxNGY4QTNjN0dqbnRNNjFzYlNlY2VYYktSYUFSQnp6Vm0?oc=5,"Tue, 18 Jun 2024 07:00:00 GMT",2026-09-12T09:16:16+09:00
GoogleNews:所得　暮らし,所得　暮らし,「経済的ゆとり」1位は福井県 年収だけでは見えない都道府県別の暮らしやすさ - Forbes JAPAN,https://news.google.com/rss/articles/CBMiWEFVX3lxTE5Gc1AyMFVEazVqaEF5U2VyZVlJbzlMby1qakRmelJrNFZUb0tBRG5GanpEMW9GcVhGSjZGSzZCX3lmQWlPNzBxZnJnTlJ0NVM3NERiM2RnTzY?oc=5,"Mon, 22 Jun 2026 07:00:00 GMT",2026-09-12T09:16:16+09:00
GoogleNews:所得　暮らし,所得　暮らし,贅沢ではないが貧困でもない？ 年金生活者のリアルな実態 - マネーフォワード,https://news.google.com/rss/articles/CBMiV0FVX3lxTE9RbjJyeDBHWHN2dlVTcFRMT01HbmxCdEY3RlJpWmt1U0lISVJRZHNQZ1R3a0JIOG1sQzNPc1ZtRVRoX21ZX1lwMXJESFR1N0hMbVVSbGxpbw?oc=5,"Sat, 18 Jan 2025 08:00:00 GMT",2026-09-12T09:16:16+09:00
GoogleNews:所得　暮らし,所得　暮らし,海外で所得倍増リタイアのプチ富裕層 コロナ後の運命 - 日経ビジネス電子版,https://news.google.com/rss/articles/CBMiZ0FVX3lxTE82eVQxcExkVnF1YTZ5QVJFWHVaa1B3aEROYkJoSl9vRzZ3WEpEN2FmTFdaSC12dkNSNUJaWHRkdEpGMlExaFlISktVaU8zN0w3OVc2dGNJZ09mMHFFNVRhS18xZW9yUEU?oc=5,"Fri, 01 May 2020 07:00:00 GMT",2026-09-12T09:16:16+09:00
GoogleNews:所得　暮らし,所得　暮らし,暮らしに安心 軽減税率 識者に聞く - 公明党,https://news.google.com/rss/articles/CBMiU0FVX3lxTFA1amQyZFdlcTVRWEpkN2NyZS1VYW55LWMzaG1BSmFzLXJyZ3pBVHZUUzFLQi1IWExJVXlOVzY2SHd6eXJ3S2FCWjlEdDROTE9KVkVN?oc=5,"Fri, 17 Jan 2020 08:00:00 GMT",2026-09-12T09:16:16+09:00
GoogleNews:所得　暮らし,所得　暮らし,暮らしを守る生活保護に都道府県格差は存在するのか - Wedge ONLINE(ウェッジ・オンライン),https://news.google.com/rss/articles/CBMiaEFVX3lxTE1KYWFSWlpseEZ2NGhwY0oxZ3VubzFZNEJfdzQ3M3NFd3RwY3JBN2diM3lzZDhSSElISkdPOVdWcEJvbnBUTURQUGlGTVpjTFotSlFqUG40cmdzSGM1M0pzOEpfVUtvalJG?oc=5,"Fri, 27 Jan 2023 08:00:00 GMT",2026-09-12T09:16:16+09:00
GoogleNews:所得　暮らし,所得　暮らし,２０２６長崎県知事選 県民５００人アンケート（２） 暮らし「満足」６５％ - 長崎新聞ホームページ,https://news.google.com/rss/articles/CBMiggFBVV95cUxOcDNhcEc3OHFEZlg2Q2pfdG50ZXVjMjNHbmFTUkJ4bG8tSmx1R0VEX3lxaVhaeGVxb3dNWWIzLVRWcDRHUmZSbExCVkhFQnpRMzR1c0otNk9tOUtwc09zZmJ2Tzk2T0J0RDllZW9pOUx6akVuampnY3YtQ01RenVUaEt3?oc=5,"Sat, 10 Jan 2026 08:00:00 GMT",2026-09-12T09:16:16+09:00
GoogleNews:所得　暮らし,所得　暮らし,遺族年金11万円「死別のためか、低所得だとは思われていません」57歳女性の非課税生活 - All About（オールアバウト）,https://news.google.com/rss/articles/CBMiTEFVX3lxTE9SNHZOUW5ucTVjWFk3eGM3V2xzbEx3cjlBMHZRTlNqRTJtUElXbGkzeVBRTEdVdS1XNnk5UFVrZFFBSXJfbkhSeWhKTDI?oc=5,"Mon, 17 Aug 2026 07:00:00 GMT",2026-09-12T09:16:16+09:00
GoogleNews:所得　暮らし,所得　暮らし,〈トンポの暮らしを支える／こちら同胞法律・生活センターです！63〉年末調整の仕組みと２０２５年の変更点 | 朝鮮新報 - 조선신보,https://news.google.com/rss/articles/CBMiVEFVX3lxTE4zblpnQWk1VXo3NXgtLXlPOW1sX2RqVzlGekJMWmhtM052WTNkUC1WWUQ1LVV3VzROWHNhMDRnNC1scmxFNnNVU0VkR1RZZjA3ZmRjSA?oc=5,"Fri, 24 Oct 2025 07:00:00 GMT",2026-09-12T09:16:16+09:00
GoogleNews:所得　暮らし,所得　暮らし,暮らしに安心 軽減税率 識者に聞く - 公明党,https://news.google.com/rss/articles/CBMiU0FVX3lxTE5lNG5hWG44N20zVjhrVk9ENEY3cjROd1YtNmt1azlreGxEN3NFbW9EZmNBdVZyODJDcDZXaVhXMC1sTTdfVEJ6b1hxX1ZmbWxZLXAw?oc=5,"Wed, 22 Jan 2020 08:00:00 GMT",2026-09-12T09:16:16+09:00
GoogleNews:所得　暮らし,所得　暮らし,年収500万超でも可処分所得「月8000円」で散髪にも行けず “中間層”を襲う3重の所得低下 | from AERAdot. - ダイヤモンド・オンライン,https://news.google.com/rss/articles/CBMiTEFVX3lxTE4xZm9sMkExYnZudDhDQTFWQVRkUjVBMHNrUFFMNWIya3lxNDU4bjBKYVNoSk1yaHdXUGR1a3QwOWd3YV9OdjJYMmdfMFI?oc=5,"Sat, 24 Sep 2022 07:00:00 GMT",2026-09-12T09:16:16+09:00
GoogleNews:所得　暮らし,所得　暮らし,アジア12都市の暮らし実態、可処分所得トップはシンガポール、中国・ベトナム・タイは「共稼ぎ」が95％以上 ―日本総研 - トラベルボイス,https://news.google.com/rss/articles/CBMiU0FVX3lxTE4zX0ZGZjRWMHZnc0tDTldSbzltMVA0ZVowc0hNVlpYakY4VngtY2hWZ0FEX00zTlV3Tm9nSTRza1NoNWx3a2ZGVVlLWGxEZXdyMTc0?oc=5,"Wed, 18 May 2016 07:00:00 GMT",2026-09-12T09:16:16+09:00
GoogleNews:所得　暮らし,所得　暮らし,神戸市 給付金「定額減税・調整給付」「暮らし支援臨時特別給付金」のお知らせ - 選挙ドットコム,https://news.google.com/rss/articles/CBMiXkFVX3lxTFBGMVh1M1ZXS1o1YkVtNmJScWlQNkhfdWxvb2VucE5mWnp5QnNoZ1R6OFh1LXdiR3NzNTZEUVQxeDRzamhsY1FOUG1idnA4TnJKVDFtd2tnVmNkek5KY1E?oc=5,"Sat, 11 May 2024 07:00:00 GMT",2026-09-12T09:16:16+09:00
GoogleNews:所得　暮らし,所得　暮らし,「地獄の日々が始まる」“給食のない夏休み”前に所得300万円未満「子育て困窮家庭」悲鳴 物価高苦しく“2人前のおかずを5人で”分けるケースも - Yahoo!ニュース,https://news.google.com/rss/articles/CBMif0FVX3lxTE1IVHBmZHV1QlBIQTVpSnZvLWdEamE0bmN2bHAwOUVTa3BpUHpxaS1lZjhUOEEwdFJBR203RDNDOERVZEk4X2ROUWd0U1NWTHRZRy1IZDJTUVdLRlMtSHFVUkdxSlRUM0JHQjVwY0xfalhuMjhGdExVVFp2ZTlFTjg?oc=5,"Thu, 02 Jul 2026 07:00:00 GMT",2026-09-12T09:16:16+09:00
GoogleNews:Z世代　意識,Z世代　意識,9月11日「公衆電話の日」に考える、Z世代の「電話離れ」についてJiffcyが実態を調査 - ニコニコニュース,https://news.google.com/rss/articles/CBMiVEFVX3lxTE9QaFJnMThvQzZSZEhOcmVhVkZ0TWhRYmMzYmZoaUYwVlNNQ0VSbVdHTVRGQVZlT2t3LUx2cTRxdFZPTTcxc0pGX3VBNE1TREF6MzdMSw?oc=5,"Fri, 11 Sep 2026 02:45:18 GMT",2026-09-12T09:16:18+09:00
GoogleNews:Z世代　意識,Z世代　意識,Z世代の79%が「ご褒美消費」を実践。きっかけは努力・成果の承認(42%)よりストレス・落ち込み(44%)。Z世代のご褒美消費についての意識調査をZ-SOZOKEN（Z世代創造性研究所）が実施。 | Fiom合同会社のプレスリリース - PR TIMES,https://news.google.com/rss/articles/CBMiakFVX3lxTE9ubTd1cm5fcFh6RzNrTHlFVWlTXzQ2RmxxSzAtMldHblVEaFBfb3FCWlNGaE5sN3ZZSlhJV0dFUFFyMlhqTnM2bnhuMk83TW9mQW10SHNCM0NrMmlhX1lfZXg1WHp1eVRjUmc?oc=5,"Fri, 28 Aug 2026 07:00:00 GMT",2026-09-12T09:16:18+09:00
GoogleNews:Z世代　意識,Z世代　意識,Z世代の95%がミーム経由で商品購入・利用に至らず。企業のミーム活用、39%が「下手だとブランドイメージ悪化」。Z世代のミーム化についての意識調査をZ-SOZOKEN（Z世代創造性研究所）が実施。｜Infoseekニュース - Infoseek,https://news.google.com/rss/articles/CBMickFVX3lxTFAwX1V5UjBCOUVuSk45TmZ2RElPeWFENHFwWlM5TkdRak9VRTZBaWhtMXo2b3pXQkxxbWdobzFqN3hjVGN0ZHZZUmhDbHBBNUhRQ3dZMzNoYkpGdkxydnhReUVxSW5QWkdwcXdyY1VWdmM5Zw?oc=5,"Mon, 24 Aug 2026 07:00:00 GMT",2026-09-12T09:16:18+09:00
GoogleNews:Z世代　意識,Z世代　意識,「原則出社」命じる企業とテレワーク社員の意識ギャップ／“推し活依存”自覚するZ世代が2割／シニアの利用が盛んな○○アプリ、ほか - 週刊アスキー,https://news.google.com/rss/articles/CBMiXkFVX3lxTE5qNU5kQ0s1V21iN3gzeWV5dnFYT1FGNWlfYVRVOG45WkR5Ql9FUUd6cDVETF9jMjBaT1BqSm91Y1pXM1BEdHN6WVhQYndhQWNMdHljekJHNWQ5OU9DZHc?oc=5,"Sun, 30 Aug 2026 23:04:55 GMT",2026-09-12T09:16:18+09:00
GoogleNews:Z世代　意識,Z世代　意識,「簡単だよ、大丈夫だよ、すぐ行けるよ」タレント浜川結琳さん 知事選投票呼びかけ Z世代意識、イメージキャラクターに 沖縄 - 47NEWS,https://news.google.com/rss/articles/CBMiS0FVX3lxTE1BbzlpOFlFTDlzREtRRkQwcUhzZHRadlB6ejBDRFJmelluLUxpUGx4anV1S1BrTEtvVVhWQ21ITEoySkxqM1kwZGstVQ?oc=5,"Sat, 29 Aug 2026 07:00:00 GMT",2026-09-12T09:16:18+09:00
GoogleNews:Z世代　意識,Z世代　意識,若手の6割以上が「人よりもAIと電話する方がラク」と回答〜Z世代の電話とAIに関する意識調査〜 - 自治体通信Online,https://news.google.com/rss/articles/CBMid0FVX3lxTFBZRFlnOEZ4eF9rX3ZkMjJmVHdtVFFkWnlSYVBzNGY0cG15STJYcW1jWVhHSS1pOGZKMXREN0Z2QlFzQ1ZVNXp1ei1PcVROb3RVdTFvZEpvai03dFU5V0hJTk5DNjBJZUoyQmpMcVJWSkZ2WlZrYlc0?oc=5,"Fri, 17 Jul 2026 07:00:00 GMT",2026-09-12T09:16:18+09:00
GoogleNews:Z世代　意識,Z世代　意識,地方のZ世代「クルマ離れ」意識急速、4年で倍増47% サブスクに関心 - 日本経済新聞,https://news.google.com/rss/articles/CBMibEFVX3lxTE8zbHFnRThJWUdoLXpwVkNUN0w1SkFRNEZKWGFxb1BwRk5MLVpiQTh5N2tBZjNMdUhsUVdoRFc5ZGswektmSnBhTnhNenJ6V2l1TFJuSjBpbTJNckhCeU1qc2xzWW9NNzZ1dV8yMQ?oc=5,"Sun, 28 Jun 2026 07:00:00 GMT",2026-09-12T09:16:18+09:00
GoogleNews:Z世代　意識,Z世代　意識,WAKA、「Z世代・α世代のタイパ意識とデジタルサービス利用実態調査」を実施 - 日本ネット経済新聞,https://news.google.com/rss/articles/CBMiVkFVX3lxTE5VYnloQ2FnVmQ2Q3VtdC01TDRETzJZcjN6cGdVaXdsblQxeVlDQTNqWjJaWFh6dE1CcVVwX08tdnlrVzgxeF9iOHoyWmlfdFFqN0dOMFV3?oc=5,"Mon, 20 Jul 2026 07:00:00 GMT",2026-09-12T09:16:18+09:00
GoogleNews:Z世代　意識,Z世代　意識,「Z世代の大学生の海外旅行意識・実態調査」結果を発表 - PR TIMES,https://news.google.com/rss/articles/CBMiakFVX3lxTFB5LTBhelVYbkFJYTNmMU1zazJVM0FWQWo5MnBmSXRaemdxQi03dWtmUkpodDduSVVDYVgyU01ESm1DemdjZExMN3MxZWg3QjR0V0ZJTkxWWlRzUzZ5YlJHWW5jZ212NWlZNlE?oc=5,"Fri, 31 Jul 2026 07:00:00 GMT",2026-09-12T09:16:18+09:00
GoogleNews:Z世代　意識,Z世代　意識,Z世代の84%が「恋愛したい」、一方34%は交際経験ゼロ。理想の出会いは「学校・職場など自然なコミュニティ」(61%)。Z世代の恋愛についての意識調査をZ-SOZOKEN（Z世代創造性研究所）が実施。 - Infoseek,https://news.google.com/rss/articles/CBMickFVX3lxTE0zcEp5U2dLYlVMc2ZZcnJjeUdsNmlmU2xrSWxLMGlaNkZKLWd0TG5tU0VIYWNpZkxoQXllLXIzUnRNQ2RhUTRoZUFXd0xaSXN1SEZNeE5Qc0cwR0gxVkdBbjJWdXpRS0thbDVSZEVaNURLZw?oc=5,"Sat, 22 Aug 2026 07:00:00 GMT",2026-09-12T09:16:18+09:00
GoogleNews:Z世代　意識,Z世代　意識,Z世代の77%が「宣伝・広告感の強い投稿」をスキップ。刺さるのは面白さ(42%)より世界観(65%)。Z世代に刺さるク - ニコニコニュース,https://news.google.com/rss/articles/CBMiVEFVX3lxTE82WmlXSDg3QUFkUXVNX0lfZlA4UUVDZER6NVdJWndHQmFmRDY4WmtQclZMYzRnWk5Yd3ZJaG9rTE5FTUU2TG5YZ2RwS0Zkc2s1ZklWMw?oc=5,"Sat, 29 Aug 2026 07:00:00 GMT",2026-09-12T09:16:18+09:00
GoogleNews:Z世代　意識,Z世代　意識,若者の『NO』と言えることに関する意識調査 | アサヒ飲料株式会社のプレスリリース - PR TIMES,https://news.google.com/rss/articles/CBMiakFVX3lxTE9FT2haYlJjcGxKUmJYb0ktSzZEelRkYThYWURFcTdNRjhRdURJSktERElBaXB1bkRLWVFJNlItdnl6Y3hmN2pEbU5OZEd0VkFtRkg5Ung2cjRMVE1hQ3hBWVp5QUs4U18yYXc?oc=5,"Tue, 28 Apr 2026 07:00:00 GMT",2026-09-12T09:16:18+09:00
GoogleNews:Z世代　意識,Z世代　意識,Z世代が自治体情報で最も信頼するのは「地域のお店・施設の公式アカウント」39%。市長・議員はわずか1%。Z世代の自治体プロモーションについての意識調査をZ-SOZOKEN（Z世代創造性研究所）が実施。 - Infoseek,https://news.google.com/rss/articles/CBMickFVX3lxTE53djZ0ZXdDc0kzZEtGRFZWcDlyUDZxZWZBUG9IM2gwUi1KcE0xUnVBY3lUWlhiQlRVWWRRcGhYamNvNU0yZ0tTVHlHMjdtOWxCNTUwTjJQOWdrRW1GRVhGZl9EQTZJUlh0MTBJRERrRW10QQ?oc=5,"Sun, 23 Aug 2026 07:00:00 GMT",2026-09-12T09:16:18+09:00
GoogleNews:Z世代　意識,Z世代　意識,【Z世代の結婚観とお金に関する意識調査2026】 物価高で、結婚願望のあるZ世代の半数以上が結婚観に変化 男女ともに7割以上が「結婚前に家計ルールの話し合い」を希望 - PR TIMES,https://news.google.com/rss/articles/CBMiakFVX3lxTE1DczFvMnZBZ1FfX3lzUkVVd2R5bHJlNW0yMVZTX2F6T2dnSGtERnN4UmNSRG5jTEp4QlZPYzhjYUtyWlU2aVNSdWhSZDFhWUVadnlPb1N5TlRDOVFnUGFzWVFId2R0YmhBQnc?oc=5,"Tue, 02 Jun 2026 07:00:00 GMT",2026-09-12T09:16:18+09:00
GoogleNews:Z世代　意識,Z世代　意識,Z世代の49%がGREEN×EXPO 2027を知らず。7千円なら55%が高い・払わない。Z世代のGREEN×EXPO - ニコニコニュース,https://news.google.com/rss/articles/CBMiVEFVX3lxTE9zUl9lVkx5blpXUHYwU2dTeVJYUXBtbkhVVnVRSnFYMGtGTVBpbnMwMVM2MmNHY3gxLTVzZVRUczVYa1RFakhqcGFlNFhwTGJnTF9EaQ?oc=5,"Wed, 26 Aug 2026 03:15:25 GMT",2026-09-12T09:16:18+09:00
GoogleNews:Z世代　意識,Z世代　意識,Z世代の約4人に1人が副業を「SNS」で探す。副業には「自分を見つめ直す」効果も？Z世代・Y世代の副業に関する意識調査を実施 | 僕と私と株式会社のプレスリリース - PR TIMES,https://news.google.com/rss/articles/CBMiakFVX3lxTFAzdEZPZUlxa292X29pN0h6WjM1Zkh6WkNQUTBNX2pTSXVPcnFMaTgwLXBZdThMMjhOUVFpekFXQ0ZCNEVUX1dtb0RBaGVoZVJzTXUtMDBhRGJIOVpaU0Nsd0dhY2VLZVl5OFE?oc=5,"Thu, 14 May 2026 07:00:00 GMT",2026-09-12T09:16:18+09:00
GoogleNews:Z世代　意識,Z世代　意識,「簡単だよ、大丈夫だよ、すぐ行けるよ」タレント浜川結琳さん　知事選投票呼びかけ　Z世代意識、イメージキャラクターに　沖縄 - ｄメニューニュース,https://news.google.com/rss/articles/CBMigAFBVV95cUxQRmZ5Qk96VmlhTGRnSnBWbGFraEFsRWZORl9iUzdBa2tBM2ZHUFA0M1VvMklzWGVjNGpCUjdEYXZ2YjZlOVNNczVnamU4MjB3WG91UjFKTmE4dFRYUmp4UU1zS0htVXgyOGxEMk9Ta0FZWmlCbHJnN2xLNG1NZVlQRNIBhgFBVV95cUxOcnM4NG84dXF0aVB2TTFwQkJqZDRjeGQ4WndhLWh5c3FNa2l5R0VsQmpDWmdjZzVEOUV6ZklPMlFiUk80Q0RxRFJReUtvRXRXRExnQmVRamJsYWdKeE9hLW5uWjMzbEpvZlJDSEdSSkFTSUlnZ0ZNNHFyUkszV1BLVTZ5aDZQUQ?oc=5,"Sat, 29 Aug 2026 07:00:00 GMT",2026-09-12T09:16:18+09:00
GoogleNews:Z世代　意識,Z世代　意識,「原則出社」命じる企業とテレワーク社員の意識ギャップ／“推し活依存”自覚するZ世代が2割／シニアの利用が盛んな○○アプ - ニコニコニュース,https://news.google.com/rss/articles/CBMib0FVX3lxTE5TNW1OT0xmQkFfenFiUjFJUEozY0kwTHdDSWYtZVdTS19FUTRWU2JpY1JCcjZ5b2M5LTVhajJaS0N5alhyODRZaEhidWhLQi1XRzZjaUtZQjJvQWFWQjNiMTRGTmU2OExoV2Fpd0lnNA?oc=5,"Sun, 30 Aug 2026 23:12:07 GMT",2026-09-12T09:16:18+09:00
GoogleNews:Z世代　意識,Z世代　意識,20代の推し活支出が突出して高い理由——「推しのために働く」Z世代のマネー意識（ファイナンシャルフィールド） - Yahoo!ニュース,https://news.google.com/rss/articles/CBMiiAFBVV95cUxNbkJwM3pfQTVVcE5VaTMxNVFXSU9DN19SS0NSWmEzRU1RbzlCS0IwZ2Y0aGtCeV8waHhOb1lraUJKUHByendJSG4wYUhzbHJSNjBVSXdvUXJVX2EzY0JpNjlBdFR0aW85cHBYVEcyS1YwNXBWWXN3Y3E4V2JiNk1tSXVQSmdUMmVu?oc=5,"Sat, 23 May 2026 07:00:00 GMT",2026-09-12T09:16:18+09:00
GoogleNews:Z世代　意識,Z世代　意識,過去1年でZ世代52％が中古購入 - リユース経済新聞,https://news.google.com/rss/articles/CBMiY0FVX3lxTE83ZTl3b09hVFRReDc2YzBHUEZiZ2NsM1FwbUF2TmVDbll5MG1LVG9iNmotbFhNcElPVi1PbU5iN3dYYjBQdzF1dXUxQ2EyeU5VeW8zLXlRVW13WmhDY0Q2U3ZYbw?oc=5,"Fri, 12 Jun 2026 07:00:00 GMT",2026-09-12T09:16:18+09:00
GoogleNews:Z世代　意識,Z世代　意識,日本旅行業協会「Z世代の大学生海外旅行意識調査」約8割が「海外旅行に行きたい」費用はアルバイトで - ツーリズムメディアサービス,https://news.google.com/rss/articles/CBMiSEFVX3lxTE1zZmRvTkpRRGVQWGU2ZGluMWhEazJXb241Nkc4T0Z1N21Hc3RjUmg5TUdNU3BPaEhXVnNoSTJzU1RDWnYxRGRoQw?oc=5,"Tue, 04 Aug 2026 07:00:00 GMT",2026-09-12T09:16:18+09:00
GoogleNews:Z世代　意識,Z世代　意識,【調査リリース】Z世代における「ブルーカラー・施工管理職」に関する意識調査／6割以上が「就職先としてまったく考えられない」と回答／20代で年収500万円でも「施工管理職を希望する」は0％ - PR TIMES,https://news.google.com/rss/articles/CBMiakFVX3lxTE1BS2g1M1JJX2ZpTVRjY3U2ZDRzSVFZZ0stZUE1MHBpei1BQWNEcXA1YUtId1lnWFNSODRUdk9OUS14YllBdHVrSWo0MzFQUllNTlVCb1VUTUR5REpJaDZJQ2tJVkMyMzFMUUE?oc=5,"Tue, 14 Apr 2026 07:00:00 GMT",2026-09-12T09:16:18+09:00
GoogleNews:Z世代　意識,Z世代　意識,APACのZ世代半数が毎日AI利用 安全意識に課題 - CHOSUNBIZ - Chosunbiz,https://news.google.com/rss/articles/CBMiekFVX3lxTE1teEZpTXR0VU8zSjl2aXdBTVlESTJSZ3JiMFNRdUlnMmo5RFpuSE53Y3VCQ3pwREU3LWtRaWRFWWw4d1pqam9hQWpjU1V0MW1OMVVsLVUwcXp3c2hPdWhqVGxwRVc5Y3M1MXZ6dk5iSmpud1d6alZRbGx30gGOAUFVX3lxTE0ydG9nLUwtQmc5OVpRQnc2SEZUbG5wdjJwOW9FYlVYWWx1VFBsanQtQWE4TS1JeTlLd1lCLUlpYjVFV18zR0c5bkFReDNaMzBleVNSSE9BNU8zZ1pERHhmM2c2VTNhSWFTWFc3ekJ0RUt4djJ1YXV3bFdYbnRPdW0tVHktYWdmaDI3eC01OFE?oc=5,"Thu, 03 Sep 2026 02:38:00 GMT",2026-09-12T09:16:18+09:00
GoogleNews:Z世代　意識,Z世代　意識,Z世代、「新生活への意識・関心」ライフステージで異なる志向 GMO NIKKO調査 - ECのミカタ,https://news.google.com/rss/articles/CBMiWkFVX3lxTE5nNE9DODZNOThMVWVQSDgyekgwZ2xsbmJ3WWV4TFh4aGItOWRhak1pcGNRczM2M19HYUdpUGhYdUtVVlFOYXdtQnQyMmxNOVBnODA4NVM4NUx5Zw?oc=5,"Thu, 14 May 2026 07:00:00 GMT",2026-09-12T09:16:18+09:00
GoogleNews:Z世代　意識,Z世代　意識,【母の日】Z世代の半数以上が母親と「ほぼ毎日」連絡、約2割がインスタの繋がりあり？Z世代の母親に関する意識調査を実施 - PR TIMES,https://news.google.com/rss/articles/CBMiakFVX3lxTE11MUc3RTBFZlFrQ1BMUG5WbFM5SjJ2SEhMdFdkZWFEcWpwamtsdWp2aFFKUDFVVTJHa19HanN6RXhkNTNYX3V6MDZGQ292TEtLNHdxRUVjOVIzRjN0R1NGSDRvNWNJbTRidmc?oc=5,"Thu, 23 Apr 2026 07:00:00 GMT",2026-09-12T09:16:18+09:00
GoogleNews:Z世代　意識,Z世代　意識,Z世代の55%が「生成AIのアドバイスが行動や判断に影響」株式会社マインディアの意識調査で判明 - コマースピック,https://news.google.com/rss/articles/CBMiVkFVX3lxTE1HWjRXMk93RFNhWUM3OExweHhEd1E5XzVoTEZJTThvemNFLXVmNDdJb1B5SjJrWDhTY244bjV5UV9uc2F2ejRxUU8wb3hvbWRUVkh2ZUl3?oc=5,"Tue, 09 Jun 2026 07:00:00 GMT",2026-09-12T09:16:18+09:00
GoogleNews:Z世代　意識,Z世代　意識,Z世代の69%が動画広告を即スキップ。没入型広告の成功の鍵は「世界観の破壊」(25%)を避けること。Z世代の没入型広告についての意識調査をZ-SOZOKEN（Z世代創造性研究所）が実施。 | Fiom合同会社のプレスリリース - PR TIMES,https://news.google.com/rss/articles/CBMiakFVX3lxTE0zQ2s2cnViZVBUellWMW04TWFhX3RWWkJKMHF4bXM5TFc2VlV3aFJyTy1BZEFseEF0d2c3RXVyMVhDUkprX0lHUGdzdGNSMkIycG92TlZzMjlvbmtFWklPdmN1VW9iTUpkQnc?oc=5,"Fri, 27 Mar 2026 07:00:00 GMT",2026-09-12T09:16:18+09:00
GoogleNews:Z世代　意識,Z世代　意識,Z世代と上司世代のお金の使い方を比較調査、SNS活用やコスパ意識に年収別ギャップ|SMBCコンシューマーファイナンス - コマースピック,https://news.google.com/rss/articles/CBMiVkFVX3lxTE5HSE5oSGdvczlNZDVJSFJBTVpyYThzcjFqRjFJRDMzSnp4eXN4WV90SUdSOTd0VkQ5blRzOGk3RWs4Z3pyTGtLU1FENjY2eUVCaDdkaXBR?oc=5,"Thu, 07 May 2026 07:00:00 GMT",2026-09-12T09:16:18+09:00
GoogleNews:Z世代　意識,Z世代　意識,【今月のチャート】健康意識が高まるZ世代、依然としてカフェインは重要な役割を担う - Euromonitor,https://news.google.com/rss/articles/CBMinAFBVV95cUxQdmJkX3dMcjJ5T2NEdmNIWjE4cVotM1pDeXpjb0ZId2IwYmk1UW12QXVObzdteTJ2VHc1cXJja0h4ZkZjTkFoNFFZa2ZlVjlfajNDeU9GSGxMV2R6ZVd1RkEzNFZVT3dYTDd2TXZDM0lkMVNnN0hfNElSRU5fa1RVa1pZdVNMZVZkdmlwc3FlVXJnMXg5TklDTnktQmE?oc=5,"Fri, 24 Apr 2026 07:00:00 GMT",2026-09-12T09:16:18+09:00
GoogleNews:Z世代　意識,Z世代　意識,ＳＭＢＣコンシューマーファイナンス調べ 有意義だと感じるお金の使い方 Z世代・若手では“将来のため”、 上司・先輩では“人のため”の優先度が高い結果に | ＳＭＢＣコンシューマーファイナンス株式会社 - アットプレス,https://news.google.com/rss/articles/CBMiTkFVX3lxTE5RRzljUkxpTFpZTDk4eGMtS1VuYi1adWJScWR2d3ZVWUQ1Sk9kTnhaMEtGYS04M210SlJReFVmTksxMmhZZVd0cDNKUTE0Zw?oc=5,"Fri, 01 May 2026 07:00:00 GMT",2026-09-12T09:16:18+09:00
GoogleNews:Z世代　意識,Z世代　意識,サステナは“意識”から“習慣”へ──Levi’sが仕掛ける、Z世代のリペア文化再設計 - AMP[アンプ],https://news.google.com/rss/articles/CBMiYEFVX3lxTE94NFF6M0JVZTBmWGp3THNjZ0N0RTh0dU43cmFOX2xCdHJDWUxGcWxGM2N6UGZiOElsc2VfVHdyMGVPZnJoS0o4V2p0clhIdWxITUwxTVEybS00NG5VYmM4NA?oc=5,"Sun, 03 May 2026 07:00:00 GMT",2026-09-12T09:16:18+09:00
GoogleNews:Z世代　意識,Z世代　意識,4割がビジネスマナーに苦手意識のZ世代 「古い慣習との違いがわからない」の声も／manebi調査：saleszine - MarkeZine,https://news.google.com/rss/articles/CBMiT0FVX3lxTE1LRnpIV0Vyc2ptVVNlR1BiUVhjbndueVVSNXFTdkhSN3hLTXllRTBucElod2xaYmpiMHZ4bWwtUDlHcHZCSkFTcG90dGNnSEU?oc=5,"Sun, 21 Jun 2026 22:17:58 GMT",2026-09-12T09:16:18+09:00
GoogleNews:Z世代　意識,Z世代　意識,アサヒ飲料、若者の「NO」といえることに関する意識調査、Z世代の約9割が「いらないものにはNO」といえる人がかっこいいと回答 - マイライフニュース,https://news.google.com/rss/articles/CBMiWEFVX3lxTFBGVXpaeHM2VHktT3BtdXRNNmZURWkycDZsem96dDZ1RnY0WU5Yb2RhQ2JTcVllVWN3RFF6RzlFMW1RNkl2YWVqSlhpMnhuUF9Ic2ZBX0FiNnA?oc=5,"Tue, 28 Apr 2026 07:00:00 GMT",2026-09-12T09:16:18+09:00
GoogleNews:Z世代　意識,Z世代　意識,Z世代の47%が企業の中途半端な復刻に拒否感。懐かしさ消費の原動力は自己肯定感（36%）。Z世代のノスタルジーマーケティングについての意識調査をZ-SOZOKEN（Z世代創造性研究所）が実施。 | Fiom合同会社のプレスリリース - PR TIMES,https://news.google.com/rss/articles/CBMiakFVX3lxTE9RUUxzazFUY3RORnQ5Z3dIWDI1OFhmc2gydExDTFRWZDdzXzNfeFRUMnFHSVVVTVcxSFNWSEJMSi1qTDRxQ19RdGp5WGgxNVd4aVU0ZnVvRlV6dXFrMDVrd1kxMjZicUd4dVE?oc=5,"Thu, 26 Mar 2026 07:00:00 GMT",2026-09-12T09:16:18+09:00
GoogleNews:Z世代　意識,Z世代　意識,大人の8割が知らないZ世代のメンヘラ消費。82%が親や教師には秘密。企業の病みかわアピールを30%が一刀両断。Z世代のメンヘラ消費についての意識調査をZ-SOZOKEN（Z世代創造性研究所）が実施。 - PR TIMES,https://news.google.com/rss/articles/CBMiakFVX3lxTFBmS0FCQXB6NW9CRzc3MjhRd25uU2JWUC1IWXZLQWdxMG1BSl9rWEJTVWRpS3N4bGc0UkFrMVVNUHRJMWpNbnFGQ21FVHR6djJoeEE2ZmJSX1VaYTFZTnV4c0NycTNoM1hvMXc?oc=5,"Wed, 25 Mar 2026 07:00:00 GMT",2026-09-12T09:16:18+09:00
GoogleNews:Z世代　意識,Z世代　意識,就社意識は高いがキャリア意欲は高くない Z世代新入社員の8つの特徴とリスク - ログミーBusiness,https://news.google.com/rss/articles/CBMiS0FVX3lxTE5kMnp5T2VtMXkyN2M1YzViNXJqM0U3RWM5TGlXdkc3Z3Z0SmdvN0hfZERydTh1VkFyaks0Qk5fbWtHeWx5Ty1WdlhtOA?oc=5,"Tue, 24 Mar 2026 02:24:40 GMT",2026-09-12T09:16:18+09:00
GoogleNews:Z世代　意識,Z世代　意識,2025年度「国内Z世代意識・購買行動調査」 | デロイト トーマツ グループ - Deloitte,https://news.google.com/rss/articles/CBMiowFBVV95cUxPbmhHS05YY1dKeUdFVV90b3kzMnpkNTZoRVBNMUZWMUFiQmFvUHhLT1JWUzYyZ2dtSlhhZ1phcVFxa0x1Yk92RmNTOGNKSU9DTTNsaTFscXlTV0psZjE4LXc1VW9wbE1uWm5IX1dYX1Z0QVJ3MXBiQ053LWk0YlNhRnJpZDRybGJDTTNLUTVIMm1ac1FLRHZZNTJCWEFIbzdGa3Zv?oc=5,"Fri, 28 Nov 2025 08:00:00 GMT",2026-09-12T09:16:18+09:00
GoogleNews:Z世代　意識,Z世代　意識,【Z世代の結婚観とお金に関する意識調査2026】 物価高で、結婚願望のあるZ世代の半数以上が結婚観に変化 男女ともに7割以上が「結婚前に家計ルールの話し合い」を希望 - Mantan Web,https://news.google.com/rss/articles/CBMiiAFBVV95cUxNRmJpeFFha0dnX2xvaTgtb2ZLay0yN01KNjAwbFZlZkd0aEZPc0E3WWFzV2NnWWhCUWhfRFIzcFU4amxEdGl4cE14LW9SNG9QcVVjUFFXUWVJUE9XOTh5SmpkZkxqWXBoZ2FCUExoV1dLRDRUVjRwdFcyMG0wU2VYVHlfMzNLVk44?oc=5,"Tue, 02 Jun 2026 07:00:00 GMT",2026-09-12T09:16:18+09:00
GoogleNews:Z世代　意識,Z世代　意識,Z世代の45%が「小学生頃」に郷愁 ノスタルジーマーケティングの意識調査でFiom合同会社が発表 - コマースピック,https://news.google.com/rss/articles/CBMiVkFVX3lxTE9KZDdIN2Vjd0JvYmFfX0Zybnc1QzFZeWU0dDFOaDNsSlptdklFR2NKOS1QOE16N0Q4MEoyQ0NIbmVQazRTR2dqT3EzZ19JeUlEaDQwckx3?oc=5,"Thu, 26 Mar 2026 07:00:00 GMT",2026-09-12T09:16:18+09:00
GoogleNews:Z世代　意識,Z世代　意識,2026年Z世代女子トレンド調査発表--63.8%が「節約意識が高まる」、流行りそうな言葉は「滅」 - マイナビニュース,https://news.google.com/rss/articles/CBMiXEFVX3lxTE4zZmd0dUdPcGpXbjZEdWYtdWxfSlVsNmdzbmhMbWZrTFpZYnVlLVNWblctUTZVZFF6TGNSeDNzSzJHckJwT3JJVGRyaEk0djh0MTZsTzhxOENiUFJl?oc=5,"Mon, 06 Apr 2026 07:00:00 GMT",2026-09-12T09:16:18+09:00
GoogleNews:Z世代　意識,Z世代　意識,Ｚ世代にとってサステナビリティは本当に「意識高い系」なのか（２）－データで見る「責任意識」から「サステナ行動」へ至る経路と構造 - nli-research.co.jp,https://news.google.com/rss/articles/CBMib0FVX3lxTE1pTTJkYzhyWEtvOHpRdDVoUTlfNU5UM3RadVhnZzhsLVN3NmctcnRQYWdqeTl0aDVHY3BDY0E0QU5GeGpkcGtUOWplVDhOY2dqSzU2Rk93WGZRMV9QRnVwc01leGE4d2ZQVHZIZ1RxUdIBf0FVX3lxTE5lZHVaWVdQaHFuZ0ZORXNJenY4NnhnR3NLaWhNTlFqbnVLTjFJelFpc0JnT0U0WTFnd2dIOEF4SnBxTmNYbkxDRTYyYjI3RlhBMzZtcmFSZE5tODBHMmxmVXQxQzY5TThTaHlJTms1VVNXdVRiQzdXVEJDSXphbnc?oc=5,"Tue, 17 Mar 2026 07:00:00 GMT",2026-09-12T09:16:18+09:00
GoogleNews:Z世代　意識,Z世代　意識,Z世代クルマ離れ加速、都内67.6%・地方47.6%が自覚…KINTO調査 - レスポンス（Response.jp）,https://news.google.com/rss/articles/CBMiX0FVX3lxTFByWW1BS2l6NWwwNDZ4R2RwcV9uY0xBckstSlU5aWFPY2M0cm5GUm42RTRtTVhKajNELXlMOEFaQTNsXzA3QXAtVWl1VURBZHV6SzVIeHJpVGlRSmdvcHY0?oc=5,"Thu, 26 Mar 2026 07:00:00 GMT",2026-09-12T09:16:18+09:00
GoogleNews:Z世代　意識,Z世代　意識,【調査リリース】Z世代における社会人基礎力に関する意識調査／就職・転職活動中の64.2%が「電話対応が負担」と回答／「咄嗟の対応」や「言葉だけでのやり取り」に不安強い傾向 - PR TIMES,https://news.google.com/rss/articles/CBMiakFVX3lxTE5PdTJQbVB1R2VoUmdwUUlxX1VELXloYVd4X3V1UUZLd2JnTTA1ZVJVZ2VUekNEUDZSZVZhYWhwMXUyYXVBT1dZNWpOUkp2dHNkQWl6MEFxVkkxYmU5NVZBRzF0dFBiVUNqelE?oc=5,"Fri, 06 Feb 2026 08:00:00 GMT",2026-09-12T09:16:18+09:00
GoogleNews:Z世代　意識,Z世代　意識,【2026年Z世代消費行動調査レポート】Z世代は一括りにできない！3世代に細分化すると消費行動の違いが明らかに！OASIZ「３層から読み解くZ世代新構造」 - PR TIMES,https://news.google.com/rss/articles/CBMiakFVX3lxTE9icVBZb1Z3bHJrdXpGdDA2TDRWcmd3OHZNSjNGR2ZYTTVvTjdPcTlSZ2t4V2pERW5jbUFKNktjQmtubFFTR2owNlpZXzRabE9ObF9zSmwzS0MtY1pBUVBoX2J4SGpFMzhSMFE?oc=5,"Tue, 23 Dec 2025 08:00:00 GMT",2026-09-12T09:16:18+09:00
GoogleNews:Z世代　意識,Z世代　意識,Z世代の3人に1人が職場の飲み会に不参加。参加条件は「会社負担」「2時間以内」などコスパ・タイパ重視か。「飲み会」に関する意識調査を実施 - PR TIMES,https://news.google.com/rss/articles/CBMiakFVX3lxTE80aUstbjVWUmVIT1pnVi1ybHRlYld3YW9DcDRhVHkwQzVxS25yNlVYM3ZfR2lkQnBhNGJMWWhCRnRFSFhOQVJpRlppZUp4MWlqUnFuMHdMVFhPR3NRQ0NKZXFiWEQtRk1hUWc?oc=5,"Fri, 06 Mar 2026 08:00:00 GMT",2026-09-12T09:16:18+09:00
GoogleNews:Z世代　意識,Z世代　意識,【働き方の意識調査】Z世代は本当に安定志向？ベンチャー若手の“約半数”が描く「自ら選ぶ」キャリア像 - PR TIMES,https://news.google.com/rss/articles/CBMiakFVX3lxTE93UnlsclJMb3VldERDUnhXb1Q0UXdLS0ZtMHRzYU5XVk15NHRpUW9OaWdIZVdxVkhzVEFPQWtabGU0dTRBdUxDTGZaSVBDY1NqU0xkUUxGZEVmU3E0UHlmSHdkNFpFZ3dWS1E?oc=5,"Fri, 13 Feb 2026 08:00:00 GMT",2026-09-12T09:16:18+09:00
GoogleNews:Z世代　意識,Z世代　意識,日本のZ世代意識調査：SNSのイメージや消費感度編 - ネオマーケティング,https://news.google.com/rss/articles/CBMie0FVX3lxTFBuVFNQeDFZWDBsXzJzWm9tdGdqSnpUSy1vVHVycUtEY3pPemExVE5pbUh3QU1OQnZMUTRCRkRWMGlnY3JWeHBPOVZhaGlnMjlHRUdTRGU3dmJnVmRJc3paa1ZmMFM0S2lwMFgwUXllek81QkN3SEJnNEQySdIBiwFBVV95cUxQVXNFYjRtOTdva3ljMXc4U0lYcnhjTFVqdE9PaUdkdjRrbFpjeHZ1Q0ZkR2FHd2wzdmpRQnppV2liU0NyUEVhS09zd1ZXbDNPTU9EVlNDVVFVdjJVZXF2SlV5d0VmUVVxTlY0TWRRcldEMmNENXVHLTlpdXE5UFVUcU14emRyMEp5YUln?oc=5,"Fri, 26 Sep 2025 07:00:00 GMT",2026-09-12T09:16:18+09:00
GoogleNews:Z世代　意識,Z世代　意識,【調査リリース】Z世代における転職に関する意識調査／就職・転職活動中の80.6%が「転職にいいイメージがある」と回答／「3年は仕事を続けるべき」との考えは、7割強が否定的な受け止め - PR TIMES,https://news.google.com/rss/articles/CBMiakFVX3lxTE5tRlJkOVNTNzM4cEZRLXFxaDlDU09ZNm50aDF0UmpkRUMwbnF1UXc3R2M2Y3F2SnhvS1ZRV2dlOTh5V3RCYmlsSFFtalF1cXp6VkRHeE1ZOUUxU3Rxa25TV1N1SV9pSkhaUmc?oc=5,"Fri, 21 Nov 2025 08:00:00 GMT",2026-09-12T09:16:18+09:00
GoogleNews:Z世代　意識,Z世代　意識,Z世代の時間の使い方に関する意識調査 - PR TIMES,https://news.google.com/rss/articles/CBMiakFVX3lxTE9QZm90YmZ5UkVGTjUyNk9qclRKMHVTY3U5NVQ0MHlzekpJaGFsUjBjQzdORlF0SkxPa21NQlJzeTRPcEJncEM3azJBbHQzazZlX0I0YTR5b3pYbTMzZVBJVVhtaTBBRjQ1RVE?oc=5,"Wed, 25 Sep 2024 07:00:00 GMT",2026-09-12T09:16:18+09:00
GoogleNews:Z世代　意識,Z世代　意識,Z世代の約8割に「ストック消費」が定着。「外食」に関する意識調査を実施 - PR TIMES,https://news.google.com/rss/articles/CBMiakFVX3lxTE8zMHVaTjdHTG4zbFNtdnNhSS1fS2w3VkNYQXMyS3hrVGt2MGIwT2V6bTJORHZsWjlsSWl4TFRhdjJKODJsYkhRT1pRdzRnMzloaTYwcG5UQ3BYQjZCQzBOZV9iTF8zNjdjR2c?oc=5,"Wed, 07 Jan 2026 08:00:00 GMT",2026-09-12T09:16:18+09:00
GoogleNews:Z世代　意識,Z世代　意識,Ｚ世代にとってサステナビリティは本当に「意識高い系」なのか－若年層の「利他性」をめぐるジレンマと、その突破口の分析 - nli-research.co.jp,https://news.google.com/rss/articles/CBMib0FVX3lxTE85c0lQWWZGYzdIZ21Bd0NnNUgyMzczOHQ4eXpNT1hHMTlQa1paUW9qSndhVW1mdGVxZUo4dk1ETTNGTXYySzVoaFBjZmI1TFpIUkVrTXdPY2doSTM0Z0EyazYtYmc3VXlPeWlySHplY9IBf0FVX3lxTE5zNVd5S09lYVlCS19nU1dsZlQ3TVc1bFNJd2ZaWTVxdmVJdEtqRm1BbllVU0xEX2RrZ0w1M1Z2SzZ5RjV0OGcwcUdleEVJaEYxbEdWM0pmUTNEakhlNEV4TWJ6bTlTNWx6ejlWcjh1ZkpHS2VXXzhzd1hXTFM3R0k?oc=5,"Wed, 27 Aug 2025 07:00:00 GMT",2026-09-12T09:16:18+09:00
GoogleNews:Z世代　意識,Z世代　意識,“Z世代は飲み会嫌い”は本当か？ 世代を隔てる“配慮”の存在 - 電通報,https://news.google.com/rss/articles/CBMiS0FVX3lxTE5XdjRnVnU0RlBTaWo5amxPSGVNTnFSb3BNM2RZWklGamVHLXl5Yi1UOE5pc252Z01iU2VuamcxanMzbEJ4T2VHVlp1bw?oc=5,"Fri, 19 Dec 2025 08:00:00 GMT",2026-09-12T09:16:18+09:00
GoogleNews:Z世代　意識,Z世代　意識,Z世代はどう見ている？最新調査から見えてくる企業のSDGs・社会貢献活動の形 - PR TIMES,https://news.google.com/rss/articles/CBMiakFVX3lxTE5GdEZ3Y19KUE5lbm85T0RUWjNtcHR6Yk50dzVpS0dxVXdTZ1B0bDdDR3ZLeDllMXotVG5MUktMdHBSWDFJa0FzQXJxbElheHBwLUt4b0RyWW9tUS04aWtXdHZacGQ2cmd6akE?oc=5,"Thu, 06 Nov 2025 08:00:00 GMT",2026-09-12T09:16:18+09:00
GoogleNews:Z世代　意識,Z世代　意識,Z世代はS（ソーシャル）世代に 大学生意識調査2025発表 - AdverTimes.（アドタイ） by 宣伝会議,https://news.google.com/rss/articles/CBMiX0FVX3lxTE43a3p4VDluRmtZZ2pKMUJyMXhJUnl1Mjc3TkhodC1ETkhrM0dLZk9MVl9fQ29IOWU0RldFb2s0d0RSR0NKeGJraUlnUG41bjl5eHBScEJVSHUtNzVVNGdr?oc=5,"Mon, 22 Dec 2025 08:00:00 GMT",2026-09-12T09:16:18+09:00
GoogleNews:Z世代　意識,Z世代　意識,Z世代の熱狂を生み出すマーケティングに注目 - nikkinonline.com,https://news.google.com/rss/articles/CBMiYEFVX3lxTFA2Sm5rbU40VFdwVnI1RkJyUmVPS1dfcEpvc2pzU0ZmTGNVdWNuZGZqQnU1WW8zd1dzaElHZ21Ob0lpWWJHeFFjM2lEQjZDUlA0b0NhOThtUkRDUnczaE9ZYQ?oc=5,"Sat, 31 Jan 2026 08:00:00 GMT",2026-09-12T09:16:18+09:00
GoogleNews:Z世代　意識,Z世代　意識,BeRealの魅力は「比較からの解放」。Z世代の50%がリアルな友情の深化を実感、「SNS疲れ」の受け皿に。Z世代のBeRealについての意識調査をZ-SOZOKEN（Z世代創造性研究所）が実施。 - PR TIMES,https://news.google.com/rss/articles/CBMiakFVX3lxTFBZQklLUUFlNTBuRUlUVElPYWdtUWxXXzVrUmxFTURHVjF5ZERmLXdTd0h5M2YyUHp1SC1POFk1Wll3X0JocjlycDNrdUVwNzVBY2RJRW56dThLLTRFbnNQOHJpQUtjS04yYWc?oc=5,"Thu, 13 Nov 2025 08:00:00 GMT",2026-09-12T09:16:18+09:00
GoogleNews:Z世代　意識,Z世代　意識,むしろ、ひとりが楽しい!?Z世代の4割が“ソロ活”経験あり。「ひとり時間の過ごし方」に関する意識調査を実施 - PR TIMES,https://news.google.com/rss/articles/CBMiakFVX3lxTE5qUVhSX25ISTg2a0hEbmZqMk5CWkxOZlNTNUNkc3Q4LV9uOVdVQklLZUVIV3lkQXNpMDEwdVNDTllRbDl3NXhaVzBDLWlIZnE3MzV5TU5td3JKOHc3SDJRVnFCcDVBNTZFZEE?oc=5,"Thu, 30 Oct 2025 07:00:00 GMT",2026-09-12T09:16:18+09:00
GoogleNews:Z世代　意識,Z世代　意識,"X世代・Y世代・Z世代の3世代2,050人の働き手を対象にした、仕事での生成AI利用に関する意識調査 - アデコ コーポレートサイト",https://news.google.com/rss/articles/CBMiV0FVX3lxTE01eFhRYmwzNkZPb2VYQmlFXzFnLU5ZZ2VUMml3N3hYR0FYeEN3U2RsSVk5RDVEUjZraEt4QXJyN3VZVHA4V05fZEFqMnNsMkdOemdpaGVHRQ?oc=5,"Thu, 16 Oct 2025 01:19:24 GMT",2026-09-12T09:16:18+09:00
GoogleNews:Z世代　意識,Z世代　意識,Z世代の人権意識に焦点 ひょうご人権シンポジウム、26日に神戸で [兵庫県] - 朝日新聞,https://news.google.com/rss/articles/CBMiZ0FVX3lxTE9qUGlRNGJvWHFwMnYwTXBIOE1qRXpvWEtQRWZHUmthcTZpV0pCOEV0eTdySGFTekhhX1J2WlEydV9IMmRJanZjZW5aZmQ2RTAtbUhjeXpScUxQNlVaTWZma2MyYkc5SkU?oc=5,"Fri, 27 Feb 2026 08:00:00 GMT",2026-09-12T09:16:18+09:00
GoogleNews:Z世代　意識,Z世代　意識,Z世代は節約しながらも趣味やご褒美には積極消費、デロイト トーマツ調査 - こどもとIT,https://news.google.com/rss/articles/CBMiZEFVX3lxTE1CSzhNcjVLZHZpRTkwRWdHSVdxN2EtY2VIYW5PVVRyaHI0SmVCeGhsSHNHNUw0OC1QWjZnSVhvT1pGWndhYWFaMk5LNDNLTVlnZEV0VzdVc3A3SmhvdnV4cnlBczE?oc=5,"Mon, 01 Dec 2025 08:00:00 GMT",2026-09-12T09:16:18+09:00
GoogleNews:シニア　意識,シニア　意識,ミドルシニアの働く意識に関する実態調査 - マイナビキャリアリサーチLab,https://news.google.com/rss/articles/CBMiakFVX3lxTFBCcTN3QlE5dllMTjlhSEdNS1A3MUhDSWFsVFkyVkRnV1N6c2lwUDBoRFFmMUdxNm9SeUd5WklzSnFERlRHZ1JDbVFaeXkwRHV3SVNoYndBUXQ5Y1Vlenl1a0tEMzJrbXg1NGc?oc=5,"Fri, 28 Aug 2026 07:00:00 GMT",2026-09-12T09:16:21+09:00
GoogleNews:シニア　意識,シニア　意識,"【シニアの意識調査】Zoomより録画配信（67.7%）？ 1,146名調査に見る「スマホで15～30分」のシニア向けオンライン学習の最適解 - jiji.com",https://news.google.com/rss/articles/CBMia0FVX3lxTE5tWVVfODRVMkZHZF9tLW1HVmxnMFRiN2NtUUNzaE40UGxGeUlyZnc3eUtiS0lqSHl5ejBjd25Tb29iQVVhQUwteUpZcXV0TndiUHhfN3hJTTktWU8zRlNkTFdpNVlXRFVrOG5z?oc=5,"Wed, 09 Sep 2026 13:40:00 GMT",2026-09-12T09:16:21+09:00
GoogleNews:シニア　意識,シニア　意識,マイナビ「ミドルシニアの働く意識に関する実態調査」を発表 | 株式会社マイナビのプレスリリース - PR TIMES,https://news.google.com/rss/articles/CBMiakFVX3lxTE9PQ2dSM0NwUmFSYXpvQWw2XzVIeDRzQlVFNmtuV015RklieHN5NHVJTDdveGF6RjJwUDlxdE53ejhzSVpVdmVBY3FobDRTUzdWVll2bzlweVN0UVh3YnFwXzUweEZGNGFMNHc?oc=5,"Fri, 28 Aug 2026 07:00:00 GMT",2026-09-12T09:16:21+09:00
GoogleNews:シニア　意識,シニア　意識,転職サービス「doda」、 ミドルシニアの転職意識調査レポート【2026年版】を発表 ～ミドルシニアの5人に1人が「転職検討・活動中」、 転職では入社後の人間関係や能力発揮など「環境への適応」を懸念・重視する傾向に 企業による受け入れ体制の整備が定着・活躍のカギ～ | パ - パーソルキャリア,https://news.google.com/rss/articles/CBMif0FVX3lxTE9pUjdwZVdtOS1xbUNnYnBDb19MSUZJdVZ3MjdnY2cyUkZPdGNYbXpiS3pvbERvWTRCNHJqSVRQellkeFZjcGExcmc4MkJCblk4N1ZwTXhaT0Z6UTExeHJYM2pVVkg1b3dZUkFtY0hWLXpEcnp1Q2FxTVJQU2tQSVk?oc=5,"Thu, 25 Jun 2026 07:00:00 GMT",2026-09-12T09:16:21+09:00
GoogleNews:シニア　意識,シニア　意識,"【シニアの意識調査】「まあ満足」層に潜む巨大な乗り換え需要。スキンケアに関する1,147名調査から掴むシニアコスメの顧客化インサイト - 朝日新聞",https://news.google.com/rss/articles/CBMiW0FVX3lxTFByWjN1Z29PQVd5dVBWSlhtSWxWN3FQeWQ5ZWxSc1dBMkE3RDRzaHZldHJQeVNkcXEta29BOXNVak9aMFZ0eXoyT1NpTTRybVZQV3B2Wk5ZY2hrWW8?oc=5,"Sat, 05 Sep 2026 07:56:06 GMT",2026-09-12T09:16:21+09:00
GoogleNews:シニア　意識,シニア　意識,"【シニアの意識調査】ヘルスケアの訴求は「不調のメカニズム解説」から入るのが正解？ 2,079名調査から掴むシニアの顧客化戦略 - PR TIMES",https://news.google.com/rss/articles/CBMiakFVX3lxTE90RkdzUDF1dlZ3SldlYk43QW1PZksyUzZ6b1ZTSWhTNFgzRkdjR0FxMndzcktvTjN6dVhwd3lBaVpFTklZckNPQVNHcV9DUXNKZXlFa3ZTRXItSWM5NHNkaUlyektmMWxWNXc?oc=5,"Wed, 19 Aug 2026 07:00:00 GMT",2026-09-12T09:16:21+09:00
GoogleNews:シニア　意識,シニア　意識,ミドルシニアの希望退職に対する意識調査 - マイナビキャリアリサーチLab,https://news.google.com/rss/articles/CBMiakFVX3lxTFB3Z21SUW1aRUxucWZHeTEzT05ZTlBlRjQ1RWlld2tTTWl6UjhDREVYeExHQzBreWFlelZobGZ3dDUwT0VhRmhUQnN4UEltOEpPNEhVVWNrWEdmSjVFN3ZmTkdRLTdnU1dUWnc?oc=5,"Thu, 19 Feb 2026 08:00:00 GMT",2026-09-12T09:16:21+09:00
GoogleNews:シニア　意識,シニア　意識,"【シニアの意識調査】スマホ所有率99.3%も「操作不安」は7割超。コスモラボが1,716名にスマートフォン利用の実態を調査 - PR TIMES",https://news.google.com/rss/articles/CBMiakFVX3lxTE1YRmxPNElMWHhVSHlLRGU4cHFBMEZCR2FnUUpaSUNQMlYxaVZXdzRrQ05xN0hiQ3FCc3dDVE1NajVMWUR1bFZmRTFwTUpIakMybS1ZWE5TNVliSFdoX2JqdFdMZ0xVZWhMVGc?oc=5,"Wed, 02 Sep 2026 07:00:00 GMT",2026-09-12T09:16:21+09:00
GoogleNews:シニア　意識,シニア　意識,【シニアの意識調査】93.0%が食料品の負担増を実感、67.8%が節約行動を変化。物価高に立ち向かう高齢者のリアルな購買行動とは？ - PR TIMES,https://news.google.com/rss/articles/CBMiakFVX3lxTE1PSmxzYUJVbUUyUFhyaUxZYWRnN0tMbm4zRXQySndyZVdIZ2o3V0FrMzJoa3NjaHFYWENuRVc0NEo1M0V0aVlYS2otWXpiM01pZVNNYkdOWjNjek1mWmotd1lpRzRsUDVrZlE?oc=5,"Wed, 20 May 2026 07:00:00 GMT",2026-09-12T09:16:21+09:00
GoogleNews:シニア　意識,シニア　意識,"【シニアの意識調査】1,426名の回答から判明。シニアが腸内検査に求めるのは「3,000円未満」と「手軽さ」。専門性より“生活改善の答え合わせ”を重視。 | コスモヘルス株式会社のプレスリリース - PR TIMES",https://news.google.com/rss/articles/CBMiakFVX3lxTE9OT1VqMXlibHYySHotVVlCRHk2WUFwdEU4c0c0dk04Wk85U0NpWjRMaFRTa2xIZVUza3pFQmdtN18tV3MyaGM1VDdZaUc3S3NycTc4eUd4WnBUcTBldGgwME41OW1Yc0FJYUE?oc=5,"Wed, 13 May 2026 07:00:00 GMT",2026-09-12T09:16:21+09:00
GoogleNews:シニア　意識,シニア　意識,"【シニアの意識調査】シニアの約7割がサプリ継続を「効果を見ながら決めたい」と回答。1,211名調査から見えた、一律の定期縛りが敬遠される理由 - PR TIMES",https://news.google.com/rss/articles/CBMiakFVX3lxTE15dDdfMmRtZjJqSkRWVHhSWklERFpKMm43UzBhSTdvdmVxdDlDRUxxQUZlMW5PZlR6VnEySUhLeGhFTWhma3NXVXdVbUE4aVFFbml5SDliWFRBbUtMV2c2RDM4TkMyM1M0cHc?oc=5,"Wed, 08 Jul 2026 07:00:00 GMT",2026-09-12T09:16:21+09:00
GoogleNews:シニア　意識,シニア　意識,【シニアの意識調査】2026年の決意──「今年こそ健康に！」でも、約8割がまだ未定 - PR TIMES,https://news.google.com/rss/articles/CBMiakFVX3lxTE0zbk9sODRJOUJUbFZEUVN6cmFwX3QyalNxUkNBM0ZJTkJ4Nnk1eE9nWGQtNWFmSmxDRDVRUUhxSXlUNldPTVR4Z09FX3YyYXVUQ1hIWE5qamJ0anZObnZSRE1XRWF2b3h0dXc?oc=5,"Wed, 21 Jan 2026 08:00:00 GMT",2026-09-12T09:16:21+09:00
GoogleNews:シニア　意識,シニア　意識,【お金に関する意識・実態調査2026】シニア女性の「お金の使い方」「守り方・増やし方」の満足度は増加傾向 続く物価高で節約意向が高まる一方、年金の補完や趣味・旅行の原資作りに「投資意欲」も拡大 - PR TIMES,https://news.google.com/rss/articles/CBMiakFVX3lxTE1nckJmTy1Sa0h6NDF6UWwwaG91QlU4eGxxZjRfeHR3aFV6U2doMTZWanRaMWJubXBWSGN5b2JiNTZIZmxHYVVnTHJMUm1DdUVPWUZ6OUhYMGUyV1QyWjJEanNmd2ZLbmxISHc?oc=5,"Wed, 05 Aug 2026 07:00:00 GMT",2026-09-12T09:16:21+09:00
GoogleNews:シニア　意識,シニア　意識,"【シニアの意識調査】1,144名に聞く社会参加のホンネ。不参加の理由は無関心ではなく「予定を縛られたくない（31.6%）」「人付き合いの気疲れ（29.9%）」 - PR TIMES",https://news.google.com/rss/articles/CBMiakFVX3lxTE04ZU5ZTDNfbXl5UGVRbDRHZ1I1M3dlaHVmTDcwa1VhQVdtWWpaMHBRNkZ6ZmpMQlBCMUtXSllzY2N2cUxGTi03LWtmMWxJclREZTVkTnRCM3oxWUZaN1lLTnp4T1Y1QS1VNWc?oc=5,"Wed, 01 Jul 2026 07:00:00 GMT",2026-09-12T09:16:21+09:00
GoogleNews:シニア　意識,シニア　意識,【シニアの意識調査】40％が眼科未受診？シニアの目のケア実態を徹底調査 | コスモヘルス株式会社のプレスリリース - PR TIMES,https://news.google.com/rss/articles/CBMiakFVX3lxTE1DNVpBaUE4dmtsWTZ0MHNKXzRXM2VKaWx0MWJ5VVNWX2gyYzdYWHdqNGJPcVl4b2ItQWltUDFuRjNFbzZIa3NmQ1BFVzNDbld1WVlQSTA3eVJKSmlGRGxpb2FsTUJqdU1jYVE?oc=5,"Wed, 11 Mar 2026 07:00:00 GMT",2026-09-12T09:16:21+09:00
GoogleNews:シニア　意識,シニア　意識,"【シニアの意識調査】約9割が「将来歩けなくなること」に不安。シニア層1,524名が明かす、転倒ケガや歩行変化へのリアルな危機感 - PR TIMES",https://news.google.com/rss/articles/CBMiakFVX3lxTE0xR2pHQUlSNlpxWXZVTGNtRVVTeTBVWndGMkhSNktLbThXV0VUd3lxQnp0REk4WXNucmVQQTRJRnZURXFLWnQ1aFRUamk3cVJlRzVKSVRxb0V4M1JCS25sYmdlZGF2NXc1Ymc?oc=5,"Wed, 15 Jul 2026 07:00:00 GMT",2026-09-12T09:16:21+09:00
GoogleNews:シニア　意識,シニア　意識,"【シニアの意識調査】野菜高騰でも「量を減らして野菜を優先」が約4割。野菜不足による健康不安は9割に上る。コスモラボが1,482名のシニアに実態調査 - PR TIMES",https://news.google.com/rss/articles/CBMiakFVX3lxTFBEX0IwYXQ3V19nVEJZQzY3bjdxZXNGRDg2WmlsYXI3bFJaNEhPNXJxQ3RLYTRRdlFvUG5sUkIteFhrbkViR0VDM1YzbGctYjZtaGpwS1hWN1NRVlV4ZGdSVHEyVFFkU2NiN1E?oc=5,"Wed, 29 Jul 2026 07:00:00 GMT",2026-09-12T09:16:21+09:00
GoogleNews:シニア　意識,シニア　意識,"【シニアの意識調査】「リアル体験×短動画フォロー」が顧客化の鍵。1,291名調査から紐解く、シニアのLTVを高めるOMOマーケティング - PR TIMES",https://news.google.com/rss/articles/CBMiakFVX3lxTFBDUkM4Z3h5TnVVamVkUC1VT1J2ekNNVVF0TWkwZnhYcVhCc0pjU2pCeTlPRnEwMWFKbW1BZDBPODQ4dzNjSF95R1AxXzhuTXpWX3FnbjdVN2owYnlaSzRTUWpOTDhoYXdvV3c?oc=5,"Wed, 05 Aug 2026 07:00:00 GMT",2026-09-12T09:16:21+09:00
GoogleNews:シニア　意識,シニア　意識,"【シニアの意識調査】病名認知は7割超も、約3割が骨密度検査「未受診」。コスモラボが1,476名のシニアに聞いた骨粗しょう症の実態 | コスモヘルス株式会社のプレスリリース - PR TIMES",https://news.google.com/rss/articles/CBMiakFVX3lxTFBTZWphd2h0UjlEOXFhbFYwMmNhTm9vVl9hZUhWbmhteDdOUUlYQVJoeVFzZmd1MUthRS1VNzd0RXBEWHo4WU9na2h0ZXpVaDk3QUdQVWkyWUhHc21Td29KNXBJMEhrLVZuX3c?oc=5,"Wed, 03 Jun 2026 07:00:00 GMT",2026-09-12T09:16:21+09:00
GoogleNews:シニア　意識,シニア　意識,"【シニアの意識調査】自宅で「毎日測定」するシニアが4割超！一方でデータ管理は紙（37.4%）が中心。コスモラボが1,762名に『健康測定』の実態を調査 - jiji.com",https://news.google.com/rss/articles/CBMia0FVX3lxTE9hT2d1MlBic3d1YnpTV2dlTWxLbW5UR3pQbjQ0c2k0NlVjWjdhUGVCeThwaTNvUVJoYXEyYndXTmxWa1M0ckh2NWxfUHNSMEJnSFhROUd3T3B3LU4xejVGT2czZVdzMVJkUWhr?oc=5,"Wed, 26 Aug 2026 07:00:00 GMT",2026-09-12T09:16:21+09:00
GoogleNews:シニア　意識,シニア　意識,"【シニアの意識調査】対症療法より「予防・習慣改善」に商機あり。胃もたれに関する1,961名調査から読み解く、シニアの顧客化インサイト - PR TIMES",https://news.google.com/rss/articles/CBMiakFVX3lxTE1qUm9fWktWM3FJcUFpdUFtZmdCU00zZmptRzNZZjUxLUNZTTNZM29tNTk2c1BhaUEyQlI3ckVwWGlYQ3RNaElCMzBuTy1TOWFHVW1xNTRQRGtDQk9aUGp0RGswNno2b3JzOXc?oc=5,"Wed, 10 Jun 2026 07:00:00 GMT",2026-09-12T09:16:21+09:00
GoogleNews:シニア　意識,シニア　意識,【シニアの意識調査】改善意欲は80.7% も、約3割は「何もしていない」 。コスモラボが958名のシニアを対象に姿勢（猫背・円背）の実態を大調査 - PR TIMES,https://news.google.com/rss/articles/CBMiakFVX3lxTE1PU3RmTVdHUDZ6U3VlTFRTc05oU2hPeFptblhXVnZYdENwMEljN1hmbkcwTXpUdDJqTU9aOG00WDNQeWJfQWVMWC1pZTFOVC1xV1FKQ0s2cXdtZ19rYmYyZFF3RVVzMVRQR0E?oc=5,"Wed, 27 May 2026 07:00:00 GMT",2026-09-12T09:16:21+09:00
GoogleNews:シニア　意識,シニア　意識,"【シニアの意識調査】シニア通販は「現金決済」の安心感が主役に？ 1,071名の大規模調査で浮き彫りになったシニアの決済・注文インサイト - PR TIMES",https://news.google.com/rss/articles/CBMiakFVX3lxTFBzMVU5QkwtekVqb1BtVFhRY1BzQncwNk4zTG9zLTFpYWMtYjVVZGxUWi0xZVBGSmk3NWxlYUJnTWhCRW5xeDBlWDZXQy1jQU96SDZGbktMbWNIRkNQbXFuVXR1VTlCTmpYd0E?oc=5,"Wed, 17 Jun 2026 07:00:00 GMT",2026-09-12T09:16:21+09:00
GoogleNews:シニア　意識,シニア　意識,“今どきシニア” は家族に依存せずにソロ活重視 ―博報堂調査 : 夫婦一緒意識も低下 - nippon.com,https://news.google.com/rss/articles/CBMiV0FVX3lxTFBadk5LYUpVOXBtMFRPYlNzNE04dHZUc2YyaXpUZkFxcTl3bWRsYjR3LVhDY1JiYmtUZWhTeHgyRmQ2ZjdSbzJ3SkhKQ1g3TjFINVhJOFRJSQ?oc=5,"Wed, 08 Jul 2026 07:00:00 GMT",2026-09-12T09:16:21+09:00
GoogleNews:シニア　意識,シニア　意識,【シニアの意識調査】シニア層が今後お金をかけたい分野は？ | コスモヘルス株式会社のプレスリリース - PR TIMES,https://news.google.com/rss/articles/CBMiakFVX3lxTFAyT2RhX2lxM3FhYkNMdElsZEp5Mm0wLTJaWHBaMzVNOFV2elpXM1ZzV3p1ZmpYV2RNWGpDSzNrZ056eDAzdk4tUG90dDRfNUxIWGI2aWFvM2l0SjZlQk1WcHlRbnFzVS1FYlE?oc=5,"Mon, 05 Jan 2026 08:00:00 GMT",2026-09-12T09:16:21+09:00
GoogleNews:シニア　意識,シニア　意識,令和のシニアは何歳から？ 40年でこうも変わったシニアのライフスタイル - AdverTimes.（アドタイ） by 宣伝会議,https://news.google.com/rss/articles/CBMiX0FVX3lxTE9DVEFDVmR5OUhFeG9iRngtd2JOYk14d3FhN2FzOFVFbG5nM0JyaGNHNEFoY244ZG12UmFWOTRaY1NOaUo3cnYxMllzQVlWQkhwZGlXaGZKMWhfYTFyd2g4?oc=5,"Wed, 29 Jul 2026 07:00:00 GMT",2026-09-12T09:16:21+09:00
GoogleNews:シニア　意識,シニア　意識,【シニアの意識調査】ひざ痛経験が約7割──継続改善に課題、最新調査公開 | コスモヘルス株式会社のプレスリリース - PR TIMES,https://news.google.com/rss/articles/CBMiakFVX3lxTE1nODJ3dTdzcHpsZlNBT0pkY0w4U2g1aWhQM1NhdVpZNWFoUEJhdmRRYzlkZnhjZm9hU201NEN0T21ReHhwTTV3R2NNQVlrLWRkVGhXWklrVUFrTmluel9GMzFhazRMR0xoWGc?oc=5,"Thu, 26 Feb 2026 08:00:00 GMT",2026-09-12T09:16:21+09:00
GoogleNews:シニア　意識,シニア　意識,【シニアの意識調査】2026年版！シニア663名へのストレス調査：原因1位は「身体の痛み」 。深刻な「不眠」に悩む層へ、今求められるのは“専門的支援”より“お茶会”？ - PR TIMES,https://news.google.com/rss/articles/CBMiakFVX3lxTE9MQlR6QTV4ZG1QcFFVdTY3WllQZ21yTktCMDEwOVlxTUlsMWRRMWtRQkNudk1FeHZFSlM4QWs5MmVuTkFwTnpmZXZFbVFRc3RXcWtxSTBJRU1IVWRlOE45MEJYTUxVZ1dEV0E?oc=5,"Wed, 15 Apr 2026 07:00:00 GMT",2026-09-12T09:16:21+09:00
GoogleNews:シニア　意識,シニア　意識,【幸福に関する意識・実態調査2026】シニア女性の幸福度は7.75点で、2024年調査の7.84点とほぼ変わらず。 - PR TIMES,https://news.google.com/rss/articles/CBMiakFVX3lxTE55QmVla0NwUHc2VkdOSDAxOUh3Wi1oZVNRMUlUc2JhSHJhbl9CR09DWTd5dlI2eXRlOUJUdGhiWERyZF9HX2ZOSnA5V184WG53eDNFTE1PbWp5SldQVkV5QVh6ZFhkVS00T3c?oc=5,"Wed, 22 Jul 2026 07:00:00 GMT",2026-09-12T09:16:21+09:00
GoogleNews:シニア　意識,シニア　意識,"【シニアの意識調査】運動習慣ありでもジム未経験が44%。入会・継続を阻む最大の壁は「続けられる自信」。コスモラボが1,309名にジム利用の実態を調査 - PR TIMES",https://news.google.com/rss/articles/CBMiakFVX3lxTE5EU1g4RnVTZDI1cmFIZy1GdkhCWjM1Qmx2OHBDMGRjNS1KcHJNVTVycFhpZk1wOHBVMzNkcFJTd2F1TlZtZTFiZ1dWVGRXOWxtSk1ZWFhJV1dJUzFidkxsM0tyczhwSEtIOWc?oc=5,"Wed, 12 Aug 2026 07:00:00 GMT",2026-09-12T09:16:21+09:00
GoogleNews:シニア　意識,シニア　意識,【シニアの意識調査】記憶力低下への対策「特に何もしていない」層が約3割。シニア市場の行動化を阻む壁と、求められる“習慣・食・予防”の情報設計とは - PR TIMES,https://news.google.com/rss/articles/CBMiakFVX3lxTE9rMExJTHd5ZlAxQjQ4NS1MWVQxYlQ4TGpYMFRGNVdtbWNaN3JwRlJMUUt5cXo0RUNYVkhJSi1Xb2gxMEZ3UWdmSUhtd1hnc3paaE5TZmduaEd6TWE2YjN2d2ZQM1Nnc0hUZGc?oc=5,"Wed, 06 May 2026 07:00:00 GMT",2026-09-12T09:16:21+09:00
GoogleNews:シニア　意識,シニア　意識,"【シニアの意識調査】認知不足ではなく「個別性の不安」に商機あり。足裏に関する1,372名調査から掴む、シニアを納得させるプロモーション手法 - PR TIMES",https://news.google.com/rss/articles/CBMiakFVX3lxTE5WZnZONkxuYzF4OF90TzZfUzU1d1VGbXRhcVhTeWIxbW9rTEZfaUN4NVFyTUo4VkJJWEMzYnpGRi1MYUZPcWEzdjNwa0xheGtWVmZ4YjJTdDk3QTF6UFllT1lXZFFKUFBsc1E?oc=5,"Wed, 24 Jun 2026 07:00:00 GMT",2026-09-12T09:16:21+09:00
GoogleNews:シニア　意識,シニア　意識,"【60～74歳のシニア1,000名 就業意識調査】在職老齢年金改正でシニアの就業意欲向上へ 制度認知シニアの86.2％が就業継続に前向き、認知有無で28.3ポイント差 - PR TIMES",https://news.google.com/rss/articles/CBMiakFVX3lxTE5HZ3FSRklIeXdhTUxCazlKd0N2SDU1QWRjUG5SWkNNb3NiNnRyLWdNZjdCVjN2NGFGM3ZJRUZsSVlpTUFSdGluSkNjUGlGc01fWXBLQ3JnUXM3a2JXc3A5cUlOTWxpUDlOWHc?oc=5,"Tue, 03 Mar 2026 08:00:00 GMT",2026-09-12T09:16:21+09:00
GoogleNews:シニア　意識,シニア　意識,【シニアの意識調査】シニアの7割がSNS利用―“LINE中心”で生活に定着― - PR TIMES,https://news.google.com/rss/articles/CBMiakFVX3lxTE14UlVYMURsbFJxZDMydXhtd1Nib0hGVEZKbENjMko1VHVxMTAtOHN2ODI2YmtyNjhxdENSR2REQUkybzVQdDg4LVZ3a1JLamY0TVFFTWUtTmNsZGVDOHBLQlhFRV9Ud0p5ZVE?oc=5,"Wed, 04 Feb 2026 08:00:00 GMT",2026-09-12T09:16:21+09:00
GoogleNews:シニア　意識,シニア　意識,【シニアの意識調査】シニアの52.6%が睡眠に悩み 「夜中に目が覚める」が最多、67%が睡眠の可視化に関心 - PR TIMES,https://news.google.com/rss/articles/CBMiakFVX3lxTE5jQnY2Wm5QcTd5cTAyNUdneHR5UU9LOURUeENQd1ZGLWVxWFFTSERkdnV3dDdrdDlhMlJWLXVlbUN2OUVOVVdWRlozUXNaZ0FESDFFUnltRHhBOFlSQVpVVlRiU0tiRHAzS1E?oc=5,"Wed, 25 Mar 2026 07:00:00 GMT",2026-09-12T09:16:21+09:00
GoogleNews:シニア　意識,シニア　意識,シニア女性の2人に1人が働く時代へ 「お金のため」から「生きがい・社会還元」へと変わるシニアの就労意識とは - Yahoo!ニュース,https://news.google.com/rss/articles/CBMif0FVX3lxTFB4R3pQc0gtY3dOdU82Y1NjYUswRC1ybHVFOXVwQWNDZloxZkYyLVY0cWhld2szamdDY3k5ZVR1ZzhtUXRtM0g5NHFldDFCNVNIYm10Mk5qTkd5RzhRcEdHemRBSXoxckdQRWU0X2ItTXBMZDlGd2M2VURzaW93aFE?oc=5,"Sun, 12 Jul 2026 07:00:00 GMT",2026-09-12T09:16:21+09:00
GoogleNews:シニア　意識,シニア　意識,【シニアの意識調査】聞こえにくさを感じても、約8割が対策なし――シニア層の耳の不調実態調査レポート - PR TIMES,https://news.google.com/rss/articles/CBMiakFVX3lxTFBIUHRDTjhxY3VBSE5IQXFVaVBoUDFRNE9sRGNfaDZjN1JzQ0FnXzBwdnRRdnFjR19Edk9uR3ZwaDBVMWwzd0lLUHhHY3pSRzZKSUlFM1NwMGhPazBpeDBuSHhUVXZMbDlBaGc?oc=5,"Wed, 18 Mar 2026 07:00:00 GMT",2026-09-12T09:16:21+09:00
GoogleNews:シニア　意識,シニア　意識,【シニアの意識調査】シニアの心を動かすものは？――文化活動が生む、感動・刺激・つながり - PR TIMES,https://news.google.com/rss/articles/CBMiakFVX3lxTFBHa19jYUw1SUZMbW9mYm5EWnNlMHNBZ2xQdEJyV25zRHROTXAwaUdyUk9PNmxJMUNrZHJOSzl5YmNHdFo1dW4zeHF6cXFfR0x4S2xkWjdPTnFrSHNscVl5UDk2QUJuVWJTV1E?oc=5,"Wed, 28 Jan 2026 08:00:00 GMT",2026-09-12T09:16:21+09:00
GoogleNews:シニア　意識,シニア　意識,【シニアの意識調査】シニアの4割以上が「3か月に1回」歯科受診。受診理由の1位は「予防・定期健診」56.5％となり、口腔ケアは“治療”から“メンテナンス”の時代へ - PR TIMES,https://news.google.com/rss/articles/CBMiakFVX3lxTE1laDRMM3BxRE9WU1dBZUFlc2JXZjFvQ0lMYVprZm1zcllianZUdU9lVXJSaUJIYm9zRzZqczJTZ1VwSmdDMURZQWVWbmFOUGRjU1JYVElRalBaSldVU09UcmlhUGdBOGlma1E?oc=5,"Wed, 22 Apr 2026 07:00:00 GMT",2026-09-12T09:16:21+09:00
GoogleNews:シニア　意識,シニア　意識,猛暑の外出自粛で高まる筋力低下のリスク》プロが教える「室内スクワット」と手軽な家トレ術（4ページ目 - 週刊女性PRIME,https://news.google.com/rss/articles/CBMiWEFVX3lxTE1KT0JocTkwcTdFNFpUaldRLWlDOWJOQzdUR2dERTBTV3RINE50VFotMWlXRDBuMHRMT0tkeUo0Nkx0VTVaOHZfcFlmYXBYQ1Mta3dpOHY2SlQ?oc=5,"Sun, 30 Aug 2026 07:00:00 GMT",2026-09-12T09:16:21+09:00
GoogleNews:シニア　意識,シニア　意識,マイナビ「ミドルシニアの希望退職に関する意識調査」を発表 | 株式会社マイナビのプレスリリース - PR TIMES,https://news.google.com/rss/articles/CBMiakFVX3lxTFA0QmZkM2o4M2hKQWdHdHhGYzM1N1ZZbFZBWWduTDgyZmVCMjFlcVB0aVhOSUFfOC1YdXBXbGtkWTBNQnJIYlUwSS1zRTFOak5lTGp6ZWZGODBjSHdKNEdOaDU4QVUyOHAzRUE?oc=5,"Thu, 19 Feb 2026 08:00:00 GMT",2026-09-12T09:16:21+09:00
GoogleNews:シニア　意識,シニア　意識,【シニアの意識調査】シニア層に広がる腰痛の実態――持続支援ニーズが浮き彫りに - PR TIMES,https://news.google.com/rss/articles/CBMiakFVX3lxTE52LTNfc0RsZUtOcy1UaFVnX0dRUG1ubERiVHNYRHVDSlZiMFJ3V1FyWE9fbi1TcE5JVnFKM01WTExoVWl1X3ROR1A0dlczTUQ2bkhBT0Rsa0t2RmRPZnFFeEhmQTE4NG9penc?oc=5,"Wed, 18 Feb 2026 08:00:00 GMT",2026-09-12T09:16:21+09:00
GoogleNews:シニア　意識,シニア　意識,"【シニアの意識調査】自宅で「毎日測定」するシニアが4割超！一方でデータ管理は紙（37.4%）が中心。コスモラボが1,7 - ニコニコニュース",https://news.google.com/rss/articles/CBMiVEFVX3lxTFBfdl83Q2J5T3pya2Ezc2Z0bG16Tms2WlBab1d4cTlZM2lYekl4Y19rdFlkdW9JN19IRUVMMndFbkNrVkRWeWpaTlB6TlB6VGFjc3ZzWQ?oc=5,"Wed, 26 Aug 2026 07:00:00 GMT",2026-09-12T09:16:21+09:00
GoogleNews:シニア　意識,シニア　意識,【シニアの意識調査】シニアの80.6%が「昔より疲れが取れにくい」と実感50代以降で広がる“疲労回復ニーズ”を669名に調査 - PR TIMES,https://news.google.com/rss/articles/CBMiakFVX3lxTE9uTUh3WmJGenA0YzU3TFJZWjdkQ3VIYjhxaXdDQzlPQUxCT0dTbjQtaGZYQjJDd3VfX25hbDhkUGlFQl9UTUs0ZTlEN0NCaDRvamxqNFFZdW9WbFFaT18ydUdLV09hWnRFNlE?oc=5,"Wed, 01 Apr 2026 07:00:00 GMT",2026-09-12T09:16:21+09:00
GoogleNews:シニア　意識,シニア　意識,【シニアの意識調査】人生100年時代の歯のメンテナンス～定期ケア習慣の二極化が浮き彫りに～ - PR TIMES,https://news.google.com/rss/articles/CBMiakFVX3lxTFA2djRTSVlXUzNhOVotUHJwNG9Dd01URURSNUtERlI0Sm5HdXNnMDVlSFRDTm9QV2VjRUc3WS05Yl9mSXVvV1NpdTRyWjNuRDdfdXZhNmdMcHZ1aHpMUy1UWnR1cTlEd0l5bVE?oc=5,"Fri, 31 Oct 2025 07:00:00 GMT",2026-09-12T09:16:21+09:00
GoogleNews:シニア　意識,シニア　意識,シニアの生活意識調査2025 - PR TIMES,https://news.google.com/rss/articles/CBMiakFVX3lxTFB1WURlNW1aS2Zmcm4ycE5MTDVITUlWSkhOSXFrTnJGNUY2Zk80Q2ZyNFlsYm1PTmhqS0VERE54ZnM2Zjl1Y0g5RUVsX3VnT2ljT0ZteGIySTFrVkNycEY5OEVJNWdZQkZPNmc?oc=5,"Thu, 20 Nov 2025 08:00:00 GMT",2026-09-12T09:16:21+09:00
GoogleNews:シニア　意識,シニア　意識,【シニアの意識調査】むくみの原因1位は「長時間の座り・立ち仕事」。58.1％が求めるのは「家で簡単にできるマッサージ」。生活習慣に潜むニーズを可視化。 - PR TIMES,https://news.google.com/rss/articles/CBMiakFVX3lxTE5sZEVYXzZtWmpZeWNDenFBT3poY0ZBQXEyM1hISDBUSHpGOG96UkR5Q1BkUG1ORVJBQ2Y0dlZ3MHJhVWVZM3hVTV9sQmdGdUJzcHFxU0t0bVNEYzJXcURHVDFvTVgyQ21jb1E?oc=5,"Wed, 29 Apr 2026 07:00:00 GMT",2026-09-12T09:16:21+09:00
GoogleNews:シニア　意識,シニア　意識,【シニアの意識調査】7割が肩こりを自覚、それでも医療には行かない ― シニア886名調査で見えた“セルフケア市場”の可能性 - PR TIMES,https://news.google.com/rss/articles/CBMiakFVX3lxTFAwVTAtZGRpRV81QmZCY1lQejNwTjBJU0ZUWEhCQktFemlCa01WYlMtSUhiWE0xSUFmYVp6LWNaQmp6QmczcVVsMHRPZ3RnQWZFdjM5ck1BTDlPWC1lc200MVFYUnhBc0d0Y1E?oc=5,"Wed, 04 Mar 2026 08:00:00 GMT",2026-09-12T09:16:21+09:00
GoogleNews:シニア　意識,シニア　意識,【アクティビティに関する意識・実態調査】シニア女性の96.3％が運動や習い事などのアクティビティに意欲的 - PR TIMES,https://news.google.com/rss/articles/CBMiakFVX3lxTFBWSmVxNWkwdzMxMWZnbTQ4bmp3ZF9ZN2lIZ05EQk1yalVENlYtcXRpUE1VLURMcTJaaERRelQ4Y3drQ1BzMHRBSFhBZWdxek5iSUZqZEZOUzZEVDBzbVdORHEtODMxY2pBN1E?oc=5,"Wed, 25 Mar 2026 07:00:00 GMT",2026-09-12T09:16:21+09:00
GoogleNews:シニア　意識,シニア　意識,ミドルシニアのセカンドキャリア戦略－65歳からの働き方を考える - マイナビキャリアリサーチLab,https://news.google.com/rss/articles/CBMiaEFVX3lxTE54cFg3bEs4LWxGRUlzX2JqZlhpNmx2SGlXOVJ5YXBHTGJaWmE3c3BnUjlZMFhVdW1OSzVKc09URTRaWEdtRXFLTU9iX3BNNVhOV051UmJFaFk2cjJKUXZUSUtUa2dkRWFm?oc=5,"Thu, 18 Dec 2025 08:00:00 GMT",2026-09-12T09:16:21+09:00
GoogleNews:シニア　意識,シニア　意識,"【シニアの意識調査】ヘルスケアの訴求は「不調のメカニズム解説」から入るのが正解？ 2,079名調査から掴むシニアの顧客化戦略 - Infoseek",https://news.google.com/rss/articles/CBMickFVX3lxTFA4UU5sd1VERHoxRkxUU2JsLXFBN3dIOHJEWUt2R2Jrb253UHI0cHpYV0NRLWJWTjdGUU5PWGU5YWs4cXpWbUlRYzBPWXAtcjlBbDh6SXlLajBHMkVaaERzeTRQOEw0NHdQbjdieVRSeENLQQ?oc=5,"Wed, 19 Aug 2026 07:00:00 GMT",2026-09-12T09:16:21+09:00
GoogleNews:シニア　意識,シニア　意識,マイナビ「ミドルシニアの働く意識に関する実態調査」を発表 - Excite エキサイト,https://news.google.com/rss/articles/CBMidEFVX3lxTE53YjRHVDUyWWUxMlI1eGJidmVaNElMTTVoT1dzRk5qRnRwblhiRVZIeWw4NW10aDltUjJRWkl5emR1MVBGeFdqSFl4ZURUODgtZHFZOVVFbkpwcndRV012MjhLb3hNUERidWpOaGx0SG5laHZC?oc=5,"Fri, 28 Aug 2026 06:15:00 GMT",2026-09-12T09:16:21+09:00
GoogleNews:シニア　意識,シニア　意識,「住まいの終活に関する意識・実態調査」を実施 - tv-tokyo.co.jp,https://news.google.com/rss/articles/CBMibEFVX3lxTE4wd0VaaWxGZl9VNjJsOU1TRUxtMGYwV0UwbEx5RFBhZG03RDlqNm92Nk9GZVVhX2xxa0QzVW1nZFl1NTM4ZlA0azY2U1ZHNU9hV1RaeUhnRDVmRFluM0RXUUxnUm03MDkwTGhmVw?oc=5,"Thu, 19 Mar 2026 07:00:00 GMT",2026-09-12T09:16:21+09:00
GoogleNews:シニア　意識,シニア　意識,KOMEHYO 全国65歳以上のアクティブシニアを対象に 「消費意識調査」を実施。アクティブシニアの7割超が「リユース」を活用！ “タンス資産”を「旅行・美食」へ再投資する、“循環消費”に意欲 - PR TIMES,https://news.google.com/rss/articles/CBMiakFVX3lxTE02UzBucnJrc2pzbTg5ZWJhdmxQNUJfdWZMZHdGWE4zNmt6eS14VGt1a09BUlZ4V0xTaVpmNjBnVmZZYTgyQ09qN0E4NWpVdVBPcG9aQUlSM21IZE1NOHBPNm5pbzFfZS1naXc?oc=5,"Mon, 16 Mar 2026 07:00:00 GMT",2026-09-12T09:16:21+09:00
GoogleNews:シニア　意識,シニア　意識,マイナビ「ミドルシニアの働く意識に関する実態調査」を発表 - ニコニコニュース,https://news.google.com/rss/articles/CBMiVEFVX3lxTE5xbFNEci0xemdGUnVuVVA5VVFNY1ZyTzZZcDJkejUxTVAwaGdhTVhXek40bi1YeFYwYzBsZlA4ZTZOQmhpbjFmRUoxZXRqVDRQWmF3TA?oc=5,"Fri, 28 Aug 2026 12:18:17 GMT",2026-09-12T09:16:21+09:00
GoogleNews:シニア　意識,シニア　意識,【シニアの意識調査】シニアのアトピー対策に新たなニーズ──高い改善意欲と“効果実感の壁”が浮き彫りに - PR TIMES,https://news.google.com/rss/articles/CBMiakFVX3lxTFBIQlpmUWFqWmIwQmladUpqVEFqV1JNaXpMV1JlWVdlYVhZUm9iZ1pqSUgzcUdsTVVfdVZSdEJlY09vQ29uOUJlWGRIQ2NwbmZ5MkxjSjJHVWpGajNGSnhsaXFldTJWeUNkZ0E?oc=5,"Wed, 08 Apr 2026 07:00:00 GMT",2026-09-12T09:16:21+09:00
GoogleNews:シニア　意識,シニア　意識,【シニアの意識調査】シニア層の約8割が清掃を「負担」と回答――ハウスクリーニングに関する実態調査レポート - PR TIMES,https://news.google.com/rss/articles/CBMiakFVX3lxTE5mZFZUQWUyTXp4bkN0NjJKZ2tpd0NJZmsxMEVyTWN0ZVJJRTdYWnVLTG5rYlVVV2JxVm85RXFzeTF1bDZqek9Pd0tYeGNDZnUyMWNzU1hQeDk2bDZNSnVReXRmN1N6WmdMVkE?oc=5,"Thu, 12 Feb 2026 08:00:00 GMT",2026-09-12T09:16:21+09:00
GoogleNews:シニア　意識,シニア　意識,【シニアの意識調査】ヘルスケアの訴求は「不調のメカニズム解説」から入るのが正解？ - ニコニコニュース,https://news.google.com/rss/articles/CBMiVEFVX3lxTE5MWFlMNjJFZzZGMXVwRGhPYXpFQWRCQ2UwZHV5cDItREgzRHF6MUZsVXc1V0I2VWVrZ3luV3Y5R2hrTWtZdU1XUERheGpfUEx2aU94ZQ?oc=5,"Wed, 19 Aug 2026 07:00:00 GMT",2026-09-12T09:16:21+09:00
GoogleNews:シニア　意識,シニア　意識,"【シニアの意識調査】野菜高騰でも「量を減らして野菜を優先」が約4割。野菜不足による健康不安は9割に上る。コスモラボが1,482名のシニアに実態調査 - 朝日新聞",https://news.google.com/rss/articles/CBMiW0FVX3lxTE1jV3RLSGNxQXJqeW1sSVJyTERvUWktMzRDTFh2LURBcGtORjlnODZfb1R3SjhIdU1ubmE3X0Z1N25DcGZPYTJzcTRiWXNTUFVQOXdxTHh0WmtKc00?oc=5,"Wed, 29 Jul 2026 07:00:00 GMT",2026-09-12T09:16:21+09:00
GoogleNews:シニア　意識,シニア　意識,【シニアの意識調査】シニアが求める花粉症対策―薬に頼りすぎない花粉症対策へのニーズに注目 - PR TIMES,https://news.google.com/rss/articles/CBMiakFVX3lxTE91ZGlBQndnUkpjdFBwVnhPLXFqMnh2S251QUg0eWJGSTFWM3ZrbHY0T1dtVnVsRDlLS0xrMGZEN0ZlSm9wZ3UzelU3blZNMktHMGlXNWp0d2pEeFRES3lXSUZROXUwaFdNREE?oc=5,"Mon, 09 Mar 2026 07:00:00 GMT",2026-09-12T09:16:21+09:00
GoogleNews:AI　買い物,AI　買い物,メタ、AIエージェント「Muse」原則無料で提供 買い物やメール代行 - 日本経済新聞,https://news.google.com/rss/articles/CBMibEFVX3lxTE9lVlY1OXJMWTdwLWtoTWRXdGFUaFh5WnA3Q0RZUUh2aFFlRlBfRXZPb0YzV2RmWkVTWldRV3YzX29DX0VMVkFXbXRodi1pYmMzeWVBSzA0S2JfRnJrNDEteU1GWTZSTHpYVjVGcQ?oc=5,"Tue, 08 Sep 2026 20:56:34 GMT",2026-09-12T09:16:23+09:00
GoogleNews:AI　買い物,AI　買い物,AIが「買い物疲れ」の原因に 約6割が体験する購買におけるストレスとは／フロンティア調査：commercezine - MarkeZine,https://news.google.com/rss/articles/CBMiT0FVX3lxTE9vcUFkdjJKb2ZkUkhhd3hwc0l3dERsVUswUERqcC1kYlNNRnU5dlY3emFyUlRHVG1RNGl4MVJlby1RUkxUeEZpNFN6cGNFYVU?oc=5,"Fri, 11 Sep 2026 16:08:54 GMT",2026-09-12T09:16:23+09:00
GoogleNews:AI　買い物,AI　買い物,「調べもの」はAIに任せても、「大きな買い物・お金の使い道」は自分で決めたい。40代女性300人に聞く生成AIとの付き合い方【GLAM調査】 - PR TIMES,https://news.google.com/rss/articles/CBMiakFVX3lxTE16bmF1MG9RU3J2Y1pXUFJoUUFyWVZ3bE5pekZzMldJS002bWhMTm9yQVFWZ2Zma0FpRnNqUTJMWXVLWUw5UC1LUklKSDRPZGlkSkt5aUhIVHJzQjRkWnJvc3VlT2J3TWtIWnc?oc=5,"Fri, 11 Sep 2026 06:00:02 GMT",2026-09-12T09:16:23+09:00
GoogleNews:AI　買い物,AI　買い物,ＡＩがネットの買い物やメール送信を代行、メタが米国で新サービスの提供開始 - 読売新聞,https://news.google.com/rss/articles/CBMiZEFVX3lxTE92UjI5Tk1jR2pHeTlzM3drcWpONl82akJ3Vk91b1ZCeVB3UGEyd3VkY2xBbWNZRnNkZVNNSzRRS1pkczlaVVV4X04xM2pBS3lpaUhFTVRjWTY3cmFpQWQxdVV6VEE?oc=5,"Wed, 09 Sep 2026 04:19:00 GMT",2026-09-12T09:16:23+09:00
GoogleNews:AI　買い物,AI　買い物,メタのAIエージェント、無料で買い物や予約代行－「Muse」提供を開始 - Bloomberg.com,https://news.google.com/rss/articles/CBMid0FVX3lxTFBxR3BRZ2trS2pIc3RDUWQ0X0tKUVoyaE5leDdISTlESmEwUmdGdjZHX3dwbmhOaUlMUzFfSVhsN1FYVU0zci1Ld29xVU9Bc1c0dXRBUGpCZU1FOVBsbDB6SHhjSTZscnZ3TDVJeEc1Q0tlQkE1LUtR?oc=5,"Wed, 09 Sep 2026 00:07:00 GMT",2026-09-12T09:16:23+09:00
GoogleNews:AI　買い物,AI　買い物,Metaの個人向けAIエージェント「Muse」登場、買い物やメール返信を自律的に代行 - CNET Japan,https://news.google.com/rss/articles/CBMiUkFVX3lxTE1UeEFvcXdNNFYtdDVlRG9NSjdJcFBTMHpyT3dPOU90RFNZLVdZOEJoaUUzME9WWTdTUjRFNVlScDhvNFBOZ1RqUjg5VUtqaUJybHc?oc=5,"Wed, 09 Sep 2026 00:01:00 GMT",2026-09-12T09:16:23+09:00
GoogleNews:AI　買い物,AI　買い物,買い物時に「親友よりもAIを信じる」7割超──「エージェンティックコマース」時代に仕込みたい「3つの戦略」 - ITmedia,https://news.google.com/rss/articles/CBMickFVX3lxTFBiY2h0TEh4WF9tempsZ0ozdE0zMDV1QW9DTE13UFdhWlgxa05SMzRGNGZDUTZ0OVZyYURYMFpCcFRVa1NZQlUzQzVIbjZjcnN3ZUJfZ2tJNldQcTJYLVU2emlJRjBiZjlvTXJrcHM1dy1XUQ?oc=5,"Wed, 09 Sep 2026 23:00:00 GMT",2026-09-12T09:16:23+09:00
GoogleNews:AI　買い物,AI　買い物,若者の過半数が買い物決済をAIに一任、エージェンティックコマースの現在地 - Forbes JAPAN,https://news.google.com/rss/articles/CBMiWkFVX3lxTE1UdGhxdUNva3VlS1pKZHJOMmppYTVkb1hsWDRKVG9odzY4RmZHSnNCUkdqNFR2Z2JGNmNfcGY4Z3hEeW5LVndGY24zYy1zbk5zX2RXVUlLQVhhdw?oc=5,"Tue, 25 Aug 2026 07:00:00 GMT",2026-09-12T09:16:23+09:00
GoogleNews:AI　買い物,AI　買い物,Metaの個人向けAIエージェント「Muse」登場、買い物やメール返信を自律的に代行 - Yahoo!ニュース,https://news.google.com/rss/articles/CBMif0FVX3lxTE42MmpMc1RCaFZwSUpQRmhoSE5PXy0yYi03SFpPb2c1a3VMbjRpa3ExOUNxNWR5aFdBU284Qm1QdWFLZC1EZTNNX0FYcVVvZGk2SVhVcE1sWmcwRURjVDIzQ3VNWFJ6cXNkcjJmMmlyOVoteE9KdmNWX2ozTU1mQzg?oc=5,"Wed, 09 Sep 2026 00:01:00 GMT",2026-09-12T09:16:23+09:00
GoogleNews:AI　買い物,AI　買い物,メタのAIエージェント、無料で買い物や予約代行－「Muse」提供を開始 - TBS NEWS DIG,https://news.google.com/rss/articles/CBMiZ0FVX3lxTFBrLWwyNWJ3ZVN4TzBUQWVnaXl2NDJqMzZyVGRrRjZWWHZXM01QY3p3SHEtTHlyUTllWFEwVGhCWUFoRXpUdnduNUJyUjhFZDdqajY5VTZoTVFpYmNPNWFzM19nZ09yam8?oc=5,"Wed, 09 Sep 2026 00:07:00 GMT",2026-09-12T09:16:23+09:00
GoogleNews:AI　買い物,AI　買い物,Meta、パーソナルAIエージェント『Muse』発表 メール送信や買い物も代行、米国で提供開始 - Ledge.ai,https://news.google.com/rss/articles/CBMiY0FVX3lxTE0tMmZyTWQtVWNKdWZtN21hVUpVa2lncW5EaDl3aXlBVjROYWR2V2I1TGp5VUhQODN4V1h4SWxWTGFNWEp4Tm5ycWNfUm1rWDhoWkFrNUUwV0txYVFScW5faXF2Zw?oc=5,"Tue, 08 Sep 2026 07:00:00 GMT",2026-09-12T09:16:23+09:00
GoogleNews:AI　買い物,AI　買い物,「調べもの」はAIに任せても、「大きな買い物・お金の使い道」は自分で決めたい。40代女性300人に聞く生成AIとの付き合い方【GLAM調査】 - Mantan Web,https://news.google.com/rss/articles/CBMiiAFBVV95cUxNeGVfeEdSbkZoOTdheDE3UGZBOXNJSzlRLUNPMXRKa2JNU3lnUFJfVFc5LUVCc1NPM1Z2Q1pXZjhOamlyQmVKQWNzRjIzazhIOHdBNGJpUjc0Wlp0WlFvOGxkSXNpLUtHRDJfY2d4STBqVWVvNU5aQjBCeTVURmZwQ05haGNDNVZE?oc=5,"Fri, 11 Sep 2026 12:38:25 GMT",2026-09-12T09:16:23+09:00
GoogleNews:AI　買い物,AI　買い物,探さないEC、AIの正体 - 日経クロストレンド,https://news.google.com/rss/articles/CBMiZkFVX3lxTE9PT05CRk5YOWN6OWxrWVcwUlZucW5mcFgtTS0wOXlOanNGVURrc1d3eVNJMVh4LUIwVUxfUGloMnNmZmJSVkNiblYxOU54Q05oTWl3RHRyLWtxV0d2NUhhSm9qQ2ZkQQ?oc=5,"Thu, 10 Sep 2026 15:01:00 GMT",2026-09-12T09:16:23+09:00
GoogleNews:AI　買い物,AI　買い物,Meta、パーソナルAIエージェント「Muse」発表 メール送信や買い物も代行（まずは米国で無料提供開始） - ITmedia,https://news.google.com/rss/articles/CBMiakFVX3lxTE1ud0ZoZS1YOXF4V0tDRXc0cld4WnJ0QldHVUZmeFQ0bU8tYko5dGdiaGF0aWxrTnpiWVVkSV9PeGcxdE95ZkRJM0xmYzVlS1l5THZTVkRMRVlraTVueUswZ1hWeEVhYURrS1E?oc=5,"Tue, 08 Sep 2026 21:41:57 GMT",2026-09-12T09:16:23+09:00
GoogleNews:AI　買い物,AI　買い物,メタのAIエージェント、無料で買い物や予約代行－「Muse」提供を開始（Bloomberg） - Yahoo!ニュース,https://news.google.com/rss/articles/CBMif0FVX3lxTE9pODNhN3gxV1lPTHRYaDA5NkFOdXI5dTNTbXQ4ZXJRVjRFbU1GU2thM2h0M3QwQUl0ekNONmZfemU0UnhEdnBZdlJOalR0UTJKVUxXSmFaSTRFSnVaLWhfLTlvTUJldXJpZlFZR2FlZXY5c3RlN3RFdzZPZTA5aXc?oc=5,"Wed, 09 Sep 2026 00:07:52 GMT",2026-09-12T09:16:23+09:00
GoogleNews:AI　買い物,AI　買い物,Anthropic、Claude向けコマースAIの開発ひな型を公開 買い物・店舗運営の2エージェントをGitHubで提供 - Ledge.ai,https://news.google.com/rss/articles/CBMiYEFVX3lxTE1rSXEteGFIdWYyc3JXRk1YanYxYk1BM1VaVGVrX0NFUERBYWlMYjFIWmJTbzNjMl81bFk4VG1NSmNYWTc0NmczWTB6VUw0dE9HR2NVdDg3SVAyM2xPTjJWTA?oc=5,"Mon, 07 Sep 2026 23:03:48 GMT",2026-09-12T09:16:23+09:00
GoogleNews:AI　買い物,AI　買い物,Metaの個人向けAIエージェント「Muse」登場、買い物やメール返信を自律的に代行 - Yahoo!ニュース,https://news.google.com/rss/articles/CBMijgFBVV95cUxPRGxLWFZPNGNjOTg5akhlVXJoRlhoUDFjS2NtM3dta2pLM0JxRnBXWFRVQ0d4QnNuM1ptOXZpb2F2NnBaMVhXU3FWbi1BMUhNYkc3cWxsUEpjZDhXaGc1VWlFX194X1ZJRDlEMTdpc3VUUmZvR3pOcDlsWng4c3NRX2g5MVNQcnp0Y0htWmNR?oc=5,"Wed, 09 Sep 2026 00:01:00 GMT",2026-09-12T09:16:23+09:00
GoogleNews:AI　買い物,AI　買い物,ＡＩがネットの買い物やメール送信を代行、メタが米国で新サービスの提供開始 (読売新聞オンライン) - Yahoo!ニュース,https://news.google.com/rss/articles/CBMijgFBVV95cUxPazV5Q1ZsUzJoNnBXQXB5SmVDb3EyeEV2bUNMWkoxYlVGNjh0a29fNGlINUJiRDcxelc1WVJWVGNjME56d3hsNzgxckZtMTdReGxKMEFxUzlQWWZuQnZhdExQTWpHbXExNUNVd05oRVJCeUFpdGViSzRaWk83TDNBZmFWenE2anNra0RqbUNn?oc=5,"Wed, 09 Sep 2026 04:20:13 GMT",2026-09-12T09:16:23+09:00
GoogleNews:AI　買い物,AI　買い物,LINEヤフー「Yahoo!ショッピング」が始めた「AIおまかせコーディネート」とは。AIがコーディネート提案から着用イメージ、過去購入商品とのサイズを比較 - ネットショップ担当者フォーラム,https://news.google.com/rss/articles/CBMiXEFVX3lxTE5CMnVtZ09tUlZXX3FWWGlTd3Y4REU2eXBzQ1M2dXJmVy1ZUUFUMTkybzNtVl9xLUJqaDgtWjNkN0FFVFE3eDdwb2MtdzNqUXFieWk0VHE4cVV3NFB1?oc=5,"Tue, 08 Sep 2026 00:00:00 GMT",2026-09-12T09:16:23+09:00
GoogleNews:AI　買い物,AI　買い物,Yahoo!ショッピング「AIおまかせコーディネート」を先行提供！全身コーデ・着用画像をAIが提案 - 株式会社ヴァリューズ,https://news.google.com/rss/articles/CBMiV0FVX3lxTFAzT1h2RGwza19JckkyUlR1ekJDM0FlcXJxcHFYdGJNazBqMFk5R2czTUhXNFVuRUszaFNtSkN2ajVGZTdGQUJ0VVVldUpDa01KV0tZVXl6Yw?oc=5,"Mon, 07 Sep 2026 03:29:52 GMT",2026-09-12T09:16:23+09:00
GoogleNews:AI　買い物,AI　買い物,Meta「Muse」登場、AIがメールや買い物まで実行する時代へ - DXマガジン,https://news.google.com/rss/articles/CBMiUkFVX3lxTE84UndTTHp2dWU2LXhOQVpTR0JjQkdRV0JBNWpVbHEwS0VIbkR0ZkFYOG5SY1UtWUJkMTloSDNuR1FLWWJxb0hISXItSURCM1l0NGc?oc=5,"Wed, 09 Sep 2026 06:36:04 GMT",2026-09-12T09:16:23+09:00
GoogleNews:AI　買い物,AI　買い物,花王や森永「AIに選ばれるサイト」に チャット経由の買い物増に対応 - 日本経済新聞,https://news.google.com/rss/articles/CBMibEFVX3lxTE5GM1ZCTEtiT01uMXhkWHBpSkxYenpDeGY1VGVRZ1FpdGZUTFNFd0I3M1RlZUd4dUdkSzk4SUZmcXl3cmpfSUpPemJPaEhUQ1ItRGVFYVFHSDRGSk4zOGFSZGtQaG5Tdzc1dk8zQg?oc=5,"Tue, 01 Sep 2026 07:00:00 GMT",2026-09-12T09:16:23+09:00
GoogleNews:AI　買い物,AI　買い物,PRESS | CLASSY.[クラッシィ] - classy-online.jp,https://news.google.com/rss/articles/CBMiV0FVX3lxTE83SGh1MkU1NWN4VHJVWThUYWw2aElwVlR1a05BUGpGSlE1OVZaS1M4UThSOHkta0NpdVE0UEFTQXR2NjZhdExMbzB1Y1JQZ3FINGZITFJXNA?oc=5,"Mon, 07 Sep 2026 19:59:14 GMT",2026-09-12T09:16:23+09:00
GoogleNews:AI　買い物,AI　買い物,米メタ、個人向け自律型AI「ミューズ」の提供を米国で開始　買い物や飲食の手配など複雑な作業も代行 - サンスポ,https://news.google.com/rss/articles/CBMidkFVX3lxTE12aGs2VTNUTkpXRzVJMWFOX2JPSlZ1TkhOcTc3LWlKQ09ScFNjc24xOFJWLVg3Q3VYN2xwbmlPaG5GSEJDMk5hRXVKdEZrdFBFLUxUWGxuZUJ6VEhJU2YwMExmT05uZzJSOHZqejFNRUhNUUNkcUHSAYoBQVVfeXFMTUJYVE0xVjJWRUNNcC1Sdkc3TXI3dzBNb2tkZWI2ZnZKWk5YbVRYQzdKS0F0LTlEakMtSEVSOExvN3ZHMC0xMVN4LUthbTU4d3JMSWxsZTVxLXdVa01jMTFsdWxSUXNOTWZRaUxmLU9PQU9ia3RQVW9aZ3JVRlBCRU1RNEQ5NTZoMmpR?oc=5,"Wed, 09 Sep 2026 02:14:52 GMT",2026-09-12T09:16:23+09:00
GoogleNews:AI　買い物,AI　買い物,Metaの個人向けAIエージェント「Muse」登場、買い物やメール返信を自律的に代行 - au Webポータル,https://news.google.com/rss/articles/CBMieEFVX3lxTE5yUjZkVG81OU9DLWFIVkE5d1NlSlRPXzNUZWNTb0U0cTNSNGhoSzZsLWRQWUF2bTZRREdkZGpfNUg2ODliR3lhM2tzbW1SSDBld1FhX1Q1ZEcwdnp0YTBTbzBvQTd3clhMdlJJeXhYWFVwalFZZHFnRg?oc=5,"Wed, 09 Sep 2026 01:42:58 GMT",2026-09-12T09:16:23+09:00
GoogleNews:AI　買い物,AI　買い物,Yahoo!ショッピング、AI経由の購入が2割 商品選びに伴走 - 日本経済新聞,https://news.google.com/rss/articles/CBMibEFVX3lxTFAxOHpfdFZlSVlSUjdRT21ZalY2R19SM25YNENFeVZZU3FoV0R0Y0lySnVoalVpYU52eFpOTGVmV3dKc2pWcXo4ZlZ0UGs4UEpTMmFBcHA1S1NVYk8ydkd0OFRoTVgzWXRhMklIZA?oc=5,"Tue, 18 Aug 2026 07:00:00 GMT",2026-09-12T09:16:23+09:00
GoogleNews:AI　買い物,AI　買い物,買い物エージェントが迫るECサイト淘汰 生き残りのカギ握る「LLMO」 - 日本経済新聞,https://news.google.com/rss/articles/CBMibEFVX3lxTFAtR1FWZkZHX3NlanRJOTJBQS1Sal84d2JPSzZQZ1hNMklIdW9FM0N5NUlBYm5EVkdTQVlNaFA2bXZaY1l1RjA4UFhaX3Y0bmFCbC1Gc1ZJMkdqQ1FrN1Q5RHdaVHhaVE5MU2gwVQ?oc=5,"Tue, 25 Aug 2026 07:00:00 GMT",2026-09-12T09:16:23+09:00
GoogleNews:AI　買い物,AI　買い物,AIエージェントで「買う」と「売る」はどう変わる？ Yahoo!ショッピングが目指す新たな買い物体験｜LINEヤフー株式会社 - lycorp.co.jp,https://news.google.com/rss/articles/CBMibkFVX3lxTE1hSm9kczFEQWJjajlwR0NreXN6djhHaHFpM3VnbjZualNwelhUNndKN1daZld2Sjd1eTJoYmlYR0FsbzZIQ2Q3YkFPTDJEUHN6WjJGMGx5eEl1SlM3eWdTNGhkd2xyWXMzckQtOS1n?oc=5,"Thu, 20 Aug 2026 00:50:00 GMT",2026-09-12T09:16:23+09:00
GoogleNews:AI　買い物,AI　買い物,2030年までにAIショッピング・エージェントがeコマースの約4分の1を占める可能性を示唆【A.T. カーニー】 - PR TIMES,https://news.google.com/rss/articles/CBMiakFVX3lxTE44TWFCNlI4eTZVVGhKQU91RHBZdXk5NV9yeUpSOGtWSWtRNkhwLUUxVDc2MldObEJtaWVJNFg3eDZacHhjUDA5aG9jLW95MjNHYnVsTjROd2NHR3lwQ0pXZVdUVGJCR0FyWnc?oc=5,"Fri, 21 Aug 2026 07:00:00 GMT",2026-09-12T09:16:23+09:00
GoogleNews:AI　買い物,AI　買い物,【Yahoo!ショッピング】生成AIを活用した「AIおまかせコーディネート」を一部ストアで先行提供開始 - PR TIMES,https://news.google.com/rss/articles/CBMiakFVX3lxTE1BTzFXb0dJYjJ2cHdWSHd4RE1GVzVYSE1Yd2lPWExzVmhuaS0wRnJYWFNDYmNQdGtqTGo3M01zVzI4NEVaUnA5aXhrWVdGSUpSTmI5WXU2MG9nNUpPYVR2ZTlYQXR0VURIeWc?oc=5,"Wed, 02 Sep 2026 01:00:57 GMT",2026-09-12T09:16:23+09:00
GoogleNews:AI　買い物,AI　買い物,Metaの個人向けAIエージェント「Muse」登場、買い物やメール返信を自律的に代行 - UQライフ,https://news.google.com/rss/articles/CBMigAFBVV95cUxPaWpMWGxuYVQxbk03cGQ4MmR6UWY3UDhRSm9senBBeklmcWU4dVF6a0RObTZQZEFQMUhtMXNGb25BV1RYQzU5RTlMMmRKWG9DQ1FaWHNJMmMzVWtvOVFxNlVRQnFkd0JiTDV5a2k1b2ttUE9MOER0SlNJQkRaZUloRg?oc=5,"Wed, 09 Sep 2026 00:01:00 GMT",2026-09-12T09:16:23+09:00
GoogleNews:AI　買い物,AI　買い物,AIで買い物をする時代の消費行動とは？ 6割がECサイトへの移動に不満、価格の食い違いが摩擦を増幅 - ネットショップ担当者フォーラム,https://news.google.com/rss/articles/CBMiXEFVX3lxTFBFNFQyZXhJTEVSeXE3WG5wd3IyRGJRSk0yTnBpSE1sVGpYWEh4QUd1UUxQNXR5TWhjQ3A1bVJPN2ZuM3RPVDFQYVh4SmdJMjJpTzlxZEk3VGpUV2Nq?oc=5,"Thu, 20 Aug 2026 07:00:00 GMT",2026-09-12T09:16:23+09:00
GoogleNews:AI　買い物,AI　買い物,約3人に1人が「AIに買い物を相談」 最も多く利用するシーンは？ - ITmedia,https://news.google.com/rss/articles/CBMickFVX3lxTFA2dUpzVGMyR3Njc2lpWFVwSmwzSlV4bWR4eXo3MmZISU9IS2p5SmdXN1ppYVNvUGVrTFdHS19tYk4tbUE4emVrd2d6bmM2MWtQMlFNU1lFZGRYLTNVTnk1dWRraEVzMHMyQ21ibjdtYk1SQQ?oc=5,"Mon, 27 Jul 2026 07:00:00 GMT",2026-09-12T09:16:23+09:00
GoogleNews:AI　買い物,AI　買い物,DNP、AI買い物代行での不正購入防ぐ 個人IDとひも付け管理 - 日本経済新聞,https://news.google.com/rss/articles/CBMibEFVX3lxTFBadTJwaGVzdUJIWFJUOTJWN0NmYTZpSjFwb0k5RzJEemlTdU9NU2E5UXIxVHRrSG1ONlBHNmtBd004Vm9EN2VielhmRjJwX2JIaFZuRTB6SGZyMUJjRkFJaVJDaVA1VW1GTHU0Tg?oc=5,"Thu, 23 Jul 2026 07:00:00 GMT",2026-09-12T09:16:23+09:00
GoogleNews:AI　買い物,AI　買い物,アンソロピック、年末商戦を前に小売業向けAIショッピングエージェントを展開 - BigGo ファイナンス,https://news.google.com/rss/articles/CBMidEFVX3lxTE00eGQ1c1ZaUHpPWjlMblJ2NVBiUWtzVXQ1Ul9MRnRpbkFUMld1MmVqWU5pR3pyVXJDMGpyVXJsbEdyTGFJcldBMjVNU01UY3R6d1E3N3R5R2thdC00OXlyMDNyNUI4UVZtQUJDVVAtdXpkQmxE?oc=5,"Wed, 02 Sep 2026 07:00:00 GMT",2026-09-12T09:16:23+09:00
GoogleNews:AI　買い物,AI　買い物,AIで買い物をする時代の消費行動とは？ 6割がECサイトへの移動に不満、価格の食い違いが摩擦を増幅 - Yahoo!ニュース,https://news.google.com/rss/articles/CBMif0FVX3lxTE9wSWhLdzhYeTAyZmlyR3k1TnB6Smlfd2dSOEcteFRpUlFaY1MzZVJkeDB4Vl9MQ1QzUEJ4NTE3Z3MxVUJoenBac3NEV29fand5MTJMRi1WUy04QVM5akI1OHFzUkNiMVlWSl9CN0IxWV92STNqcVdwbHM1WFFGcEE?oc=5,"Thu, 20 Aug 2026 07:00:00 GMT",2026-09-12T09:16:23+09:00
GoogleNews:AI　買い物,AI　買い物,「AI経由の買い物客」は非AIよりもCVRは6割、購買力は53%高い。アパレル・家電・化粧品が「AIフレンドリー」な理由【最新AI関連データ】 - ネットショップ担当者フォーラム,https://news.google.com/rss/articles/CBMiXEFVX3lxTE00VU12WGNWeHBaLXFLTVJVUGRNUC0yaFA4OXlTT1ZEUE1zM2Z0bkdEQ096OVVscnM2WjFpbUJ2Wk1vSjMtcXFWUGIzWE5yWS13dnpuQndKc283UTF0?oc=5,"Thu, 27 Aug 2026 07:00:00 GMT",2026-09-12T09:16:23+09:00
GoogleNews:AI　買い物,AI　買い物,AI時代の買い物はどう変わる？ 20～30代の約3人に1人がAIによる自動決済に肯定的、「リアル店舗」の価値は失われない - ネットショップ担当者フォーラム,https://news.google.com/rss/articles/CBMiXEFVX3lxTE9hMjdKT2xGWlVVdXVPNDJtSkxlNFFkZGRNY0dhbzFoWEVWZ3VOU2VFV2ZKXzczb2ozRkVZakUtdklScnNKcE1kYlBWdnYyWkFpS0JfS1RhUEsxTnRT?oc=5,"Thu, 20 Aug 2026 07:00:00 GMT",2026-09-12T09:16:23+09:00
GoogleNews:AI　買い物,AI　買い物,「あなたはAIエージェントに買い物を任せたいですか」 Visaが調査--消費者の回答は - Yahoo!ニュース,https://news.google.com/rss/articles/CBMif0FVX3lxTFBvVHdNZ2VCbkJ1bU8wTjNQbm5KTnMwbTJ5eXM4V0hqYVhfMm1kYUZfQUxDS2tvQ2xvejJpYnRXMjVFZjE3ME1OMlZJZXlGd2JvdzFDSjB2RWxITFdfYi1NM0d1S2tMc1BMcXZTWnViWV9oeUEtZTZZUVpOM0JOeFE?oc=5,"Tue, 18 Aug 2026 07:00:00 GMT",2026-09-12T09:16:23+09:00
GoogleNews:AI　買い物,AI　買い物,49%がAIが買い物に抵抗なし 1万6000人調査で判明「5つの生活者変化」 - 日経クロストレンド,https://news.google.com/rss/articles/CBMiZkFVX3lxTE5Hc3dwWVctOHJCYmt4SWJGOHU3T0lwU2xjbGJldkY0cVd1UGlScDhfUkZuMjI1Zk9sYmRLYnFWa0VwdjlUOXhMa29fTXdJdW5fQncwOUd4RW0zeUd4OHg5dWZ4bU9hQQ?oc=5,"Wed, 02 Sep 2026 15:01:00 GMT",2026-09-12T09:16:23+09:00
GoogleNews:AI　買い物,AI　買い物,「AIに買い物相談する」4割、タイパ実感75% 50代は検索より重視 - 日本経済新聞,https://news.google.com/rss/articles/CBMibEFVX3lxTFBWdnd2MWkxVkhwRmUyR1JhX0YtTHdWVFZxOHRRdGdWdldSUDVQVjFKT3lkYnVsTGVfcFFIRloxeGRVUlRUenprYVJTd1FDeTdQUG1kM1lJeG9qbTJLeFBFQUhQT2VEblJzR0tvXw?oc=5,"Sat, 22 Aug 2026 07:00:00 GMT",2026-09-12T09:16:23+09:00
GoogleNews:AI　買い物,AI　買い物,Meta、ユーザーに代わって買い物やメール送信ができるAIエージェント「Muse」を発表 - Informat.ro,https://news.google.com/rss/articles/CBMirwFBVV95cUxOYU82SG1EM1pNQ3BDR0ZLVHQ1anVBZFFLbUNyY1FKdlpRY1FKQ0hEZlhqbnJ3d0RGZG40ZjhJTzZ6STBLS3JmdmxfLVk0UnZMczU2TG53LUJnN3dTUkJKVXlTMUhja0o5MFNlY3I2aDZ2LUZWY184a2k2WFdVbzFJZ0tNZWR6a2dYOTJFS3dHSmNGamcxZzk2MjhzSkFETzVBSU5FMmQ1YjV0Nm1mb2M0?oc=5,"Wed, 09 Sep 2026 09:01:21 GMT",2026-09-12T09:16:23+09:00
GoogleNews:AI　買い物,AI　買い物,買い物で生成AI利用25% 時短や納得感が向上、博報堂研究所調べ - 日本経済新聞,https://news.google.com/rss/articles/CBMibEFVX3lxTE1FN2J2STdETGdYTjIydzdGcUplaDYyck1weWthNEpKeGYtd2NodUdHQmpTb3ZiZ0NBVVJ1dXhfc2lBUXFqWFhHY1QyZGZZSG93SGM2ci1oV1ZtcVc5Y3pLd0JDQmZNdVowcDF5dw?oc=5,"Tue, 02 Jun 2026 07:00:00 GMT",2026-09-12T09:16:23+09:00
GoogleNews:AI　買い物,AI　買い物,「買い物にAI」シニア層の6人に1人 デジタル機器の購入が最多 - 日本経済新聞,https://news.google.com/rss/articles/CBMibEFVX3lxTFB3RVljZmhQaHB1d0VuYWppcUcyTndOY2xYS0JWUG1wZVpBTFc3V19WWTY4dTRYcFlLOEtoN1pnRVB6RjJtWUJzV2E4ZHhiZ1pMMTU1eUFRM24tdmxNTjc4S3pYQWs2VXFsWGU0QQ?oc=5,"Mon, 06 Jul 2026 07:00:00 GMT",2026-09-12T09:16:23+09:00
GoogleNews:AI　買い物,AI　買い物,「AI経由の買い物客」は非AIよりもCVRは6割、購買力は53%高い。アパレル・家電・化粧品が「AIフレンドリー」な理由【最新AI関連データ】 (ネットショップ担当者フォーラム) - Yahoo!ニュース,https://news.google.com/rss/articles/CBMijgFBVV95cUxOWlJMWGZZYlBfLXFvY2xld1hqVTJ1a211UWFKR2wwbXlEQjVvVGlRb3JvMHNqa1lkNEFKcThRSU9oWFBfNkgxNVUtZFhaOHpkQU83OUl5eVctY1dNZjRsRk5kaHlzWGNuT1g1VWQxaWQyRFNIbFlZOGZjUmtnUjFwZkU1b2ZWSlJ2MllQXzR3?oc=5,"Thu, 27 Aug 2026 07:00:00 GMT",2026-09-12T09:16:23+09:00
GoogleNews:AI　買い物,AI　買い物,Yahoo!ショッピング、9月11日から13日は誰でも最大21％戻ってくる「爆買ウルトラSALE」を本日から開催 - lycorp.co.jp,https://news.google.com/rss/articles/CBMiXEFVX3lxTE51WjllXzVXMTMzV2ZVMFRRdGNhRW9rZVRFSThidGUzRmRySUFuN3l0bkdWeU53UXdLZ1NQa0tTSXc3akprcGlPRV9EdVNHNXVfdnJfTFh5U21NNm1t?oc=5,"Wed, 26 Aug 2026 07:00:00 GMT",2026-09-12T09:16:23+09:00
GoogleNews:AI　買い物,AI　買い物,AIエージェントが買い物を変える：AppierがAIエージェント・コマース時代に向けたデュアル・マーケティング戦略を提唱 - PR TIMES,https://news.google.com/rss/articles/CBMiakFVX3lxTE5janpYZUo2NlNwSU9IeTZwZlR3RWxnMmg4eGNSR2pTSnAwalFWX1o1bDdTMjhGa2RvTUNIUzhmQklYRWhpaHFKeVU3aHJpcTFhOGhYaDFhSG9iMlo2c2NXUGNHQmJPbGZHQ2c?oc=5,"Tue, 14 Jul 2026 07:00:00 GMT",2026-09-12T09:16:23+09:00
GoogleNews:AI　買い物,AI　買い物,〈Leader's Voice〉EC、未来はAIが買い物も 仏ミラクル APAC担当CEOのツィピ・アビオズ氏 - 日本経済新聞,https://news.google.com/rss/articles/CBMibEFVX3lxTE5FX211N0JOQTFlN1NwYndiWklEZkdNWkRDaGFiSGRyX3NaaXFCdWtEbmlNQllXM2lIeDhOMXdvWXZnZEM3TVZPRnFqck1EcGZjNExWcFlMZ0ZGRjVKUDNqUWpLMlhVdHhYTUo2RQ?oc=5,"Mon, 17 Aug 2026 07:00:00 GMT",2026-09-12T09:16:23+09:00
GoogleNews:AI　買い物,AI　買い物,AIエージェントに買い物は任せても「完全自動購入」は1％ Visa調査、50％が「自分で確認」を重視 - Ledge.ai,https://news.google.com/rss/articles/CBMiZkFVX3lxTFBmejNJTl96UlJlWlVYM0J5enlaVk9LLXRpYW5EUXhVOGRGNGlfMDBkaW0xVE9GLTRBT095RHlXd0tVZGppVHBhVUFkQmR5QU9HcDdqeUhhZi1WYkxNMWFSN29JVURMQQ?oc=5,"Thu, 20 Aug 2026 07:00:00 GMT",2026-09-12T09:16:23+09:00
GoogleNews:AI　買い物,AI　買い物,Stripeのアナ・スピシュ氏：システムプロンプトが引き起こしたAIショッピングエージェントの暴走 - BigGo ファイナンス,https://news.google.com/rss/articles/CBMiWkFVX3lxTFBCZkVDanFXdVBSUWIwWUlSOHdYaS16ekp1czl4Rk5UUHFNRkIybWtMakVqMExQWldFUWhGSU9yVld3RzNzMFh4ZlZQT296dmJQZWJmUUJFWjZUUQ?oc=5,"Tue, 01 Sep 2026 07:00:00 GMT",2026-09-12T09:16:23+09:00
GoogleNews:AI　買い物,AI　買い物,トライアル、全国に低価格ネットスーパー 買い物代行AIの開発も視野 - 日本経済新聞,https://news.google.com/rss/articles/CBMibEFVX3lxTFBkRDYtVzBaU3NPU3JRWVJLMGxuUkdjbUwzT2VTSXBqTUxWaEtfblF1bThXWExBMEZzb3IxNkZpNHgxOU5wWGRpTFpsb2JFUUprTUpjYlBGQTFvNFlXNGdmS1ZHcFZKVkJvTU01Uw?oc=5,"Mon, 06 Jul 2026 07:00:00 GMT",2026-09-12T09:16:23+09:00
GoogleNews:AI　買い物,AI　買い物,AIが買い物を代行する時代、企業はどう選ばれるのか。シンプレクス三浦氏が語るオンチェーンの未来 - Business Insider Japan,https://news.google.com/rss/articles/CBMihgFBVV95cUxQY0toQmJXWTVrdHNlMW4zSmFqUER2T09WQ2Z4MHJTZ3BUU0VOc25CdWNfNnpTLXRyb1p3OHdGZlVUSDcyT3hVVmg4eEFiQS1vaHotVjI2WE02Ym5LcDRFUmc3anhFQUhZZ29OVi1wRTBTU1hscVYweUJBTjFNV3o3Q2dHMVVJdw?oc=5,"Mon, 06 Jul 2026 07:00:00 GMT",2026-09-12T09:16:23+09:00
GoogleNews:AI　買い物,AI　買い物,便利なはずのAIが『買い物疲れ』の原因にも…？約6割が体験する新時代のストレスとは - ニコニコニュース,https://news.google.com/rss/articles/CBMiZkFVX3lxTFA5djR2Njl4WU5Nblg5WkhtUmkwcmZKVlNQTXpGT1RjYk12NlFqZ0ZrMkJlVExyMGdieGlIX2V0LU8yb0NlX0o1RmdyNS1wSHAwTnFWYmhtT0QzeVZzbG5rUlpNLXpiQQ?oc=5,"Tue, 08 Sep 2026 08:00:36 GMT",2026-09-12T09:16:23+09:00
GoogleNews:AI　買い物,AI　買い物,「イオンお買物アプリ」、1552万会員に「170項目の趣味嗜好データ」付与 AI使った“パーソナル販促”の全容 - ITmedia,https://news.google.com/rss/articles/CBMickFVX3lxTFB3TmFFTlItVzVMWjdqbGd1a0lkQUdfNkIxTlJOaThfQ3BqZ3lhME92dkRrUGV5VjdIWGtUVnFGdWN3elZPYUlEc21VM3JBWUxmcnJ2a0dpTTN4T2Q1d2pnUkI1U0xSWEtKbkdjZjRpcWNwZw?oc=5,"Tue, 25 Aug 2026 07:00:00 GMT",2026-09-12T09:16:23+09:00
GoogleNews:AI　買い物,AI　買い物,NIQの最新レポート：買い物客の74%が商品の検索にAIを活用、消費者の購買プロセスにおけるAI活用の意味を解説 - Business Wire,https://news.google.com/rss/articles/CBMiZ0FVX3lxTFBTeXhJWEs5ZHF3Y09tVmVhTjNBUy1lZ2JkMndrTjZrXy14aFM0RjZXR2hVYlpXYUl2RmR2YmNfUWdaOV9XZkd5VFJSM1gzTWc2MXNuV0U4SHR6aVNjSFF6alR1UDRjaVU?oc=5,"Thu, 27 Aug 2026 07:00:00 GMT",2026-09-12T09:16:23+09:00
GoogleNews:AI　買い物,AI　買い物,AI時代の買い物はどう変わる？ 20～30代の約3人に1人がAIによる自動決済に肯定的、「リアル店舗」の価値は失われない - Yahoo!ニュース,https://news.google.com/rss/articles/CBMiiAFBVV95cUxOMWtSd3lTRi1wODFBUmk5UHltWDdaM2lKTEFhenJkSEFIeWZTR3hOb1NaaTRHTVF6cGN4YXdfMUJrQWpoUFY0a19SOG9MaEc5Y29FY1FtMkRLajZkeVRpWHl2VzNPeHJXNzVJWUhEQWNtMEo1S3MyTi1YU3pjTkpmLUxXX3Y3eHkx?oc=5,"Thu, 20 Aug 2026 07:00:00 GMT",2026-09-12T09:16:23+09:00
GoogleNews:AI　買い物,AI　買い物,AIに買い物相談する人は4割 50代は検索よりAI重視、タイパ実感75％ - 日経クロストレンド,https://news.google.com/rss/articles/CBMiZkFVX3lxTFBOQjNaZVdPRS1FMHFibVM0bVRQRkQ2emdQM0MwMlJhOERGSWh3MW9rUGVrOGpZVEJqYktqZ3U1bnZVSktRaUlkUktIT2ktallsMmt0TDRDQkQ5VUloSXNLQUNnYklBZw?oc=5,"Fri, 31 Jul 2026 07:00:00 GMT",2026-09-12T09:16:23+09:00
GoogleNews:AI　買い物,AI　買い物,買い物の主役は「人」から「AIエージェントとの協働」へ -- 2030年までにAIエージェントが世界の消費者向け商取引3兆〜5兆ドルを仲介する可能性 | マッキンゼー・アンド・カンパニージャパンのプレスリリース - PR TIMES,https://news.google.com/rss/articles/CBMiakFVX3lxTE1heHBpaEZUNWYwRGNTRHlZbWJkdHhnaDkzSDkzRExZTkV2bTAzWXJ6aTV2dnh4YklqMzlPSmFhd0g0RnhHWTV4R2JfcHJjajlfMW5jMDZaQnBWYVpWMFJKNENxUVVuVzhSMnc?oc=5,"Thu, 09 Jul 2026 07:00:00 GMT",2026-09-12T09:16:23+09:00
GoogleNews:AI　買い物,AI　買い物,AI時代の買い物はどう変わる？ 20～30代の約3人に1人がAIによる自動決済に肯定的、「リアル店舗」の価値は失われない - Yahoo!ニュース,https://news.google.com/rss/articles/CBMijgFBVV95cUxPMDFYYW9GN0xRU0NsVFpjbDJFTF9NREVLR1BzREgyTzJFUmQ3LUR0Q084ekNmLW9Nd0RBLUZHTDdwQmhmSUl0Y2YyUzVMWUd1WENhZ1BLdS00YU1pX2VEVGYxZjBDZVVxU0dKZG5YQnBMZi0yMTBSNWtiRGxxcEMxQ196dEVkV1BMenVoSF9n?oc=5,"Thu, 20 Aug 2026 07:00:00 GMT",2026-09-12T09:16:23+09:00
GoogleNews:AI　買い物,AI　買い物,AI時代の買い物はどう変わる？ 20～30代の約3人に1人がAIによる自動決済に肯定的、「リアル店舗」の価値は失われない - Yahoo!ニュース,https://news.google.com/rss/articles/CBMijgFBVV95cUxNWDJtY25raEtYTEEwUU1nVnF1eEM2UHp5QmNteEVMUHo1OXZrd0ZLRGMyZXBsSW1ScEpMUk1NLUhKMy1fSnkwWWhYSlM2WDFITEFNazIwNlJ6cnFfa0RIWlA1S1IyTHFjSkNOOFpja3QzWTd1eGlQTFNMVzhMaWpBLXlCQUN1RDNXODFnRlh3?oc=5,"Thu, 20 Aug 2026 07:00:00 GMT",2026-09-12T09:16:23+09:00
GoogleNews:AI　情報検索,AI　情報検索,Z世代、商品購入で生成AIは「比較検討する商品を絞るとき」に44%が利用。ただ、情報源でも最も信頼するのは「検索エンジン」が断トツ - ネットショップ担当者フォーラム,https://news.google.com/rss/articles/CBMiXEFVX3lxTE1fVjFGbWtmVl9COVNQTFg4YlFzMWJUSmd2YjRFNXhjZnd0WUQ4cWRoQkxISkdDYkNDMTVrTU8zUGVYcWxPS1Njb2ZXSEpZT3ZsN1FUX0U0OHVBMTIt?oc=5,"Mon, 07 Sep 2026 01:00:00 GMT",2026-09-12T09:16:25+09:00
GoogleNews:AI　情報検索,AI　情報検索,企業内検索基盤「活文」最新版、MCPに対応--AIエージェントに信頼性の高い情報を提供 - ZDNET Japan,https://news.google.com/rss/articles/CBMiU0FVX3lxTFBYN25rZldTNTB1MXpqamNVd1QtSG9pNzBGTFBWNENwX1V0ZGFjX2toZWNmU0xoZVJ1ZXRTbG1MeENGVVE4bDBiWGwyUE9vWkpPcU9R?oc=5,"Tue, 08 Sep 2026 07:40:00 GMT",2026-09-12T09:16:25+09:00
GoogleNews:AI　情報検索,AI　情報検索,佐賀県内企業「AI活用」8割 佐賀新聞社調査 用途は文書作成8割、情報検索、分析に6割 「作業時間大幅短縮」の回答も - 佐賀新聞,https://news.google.com/rss/articles/CBMiVkFVX3lxTFB4eEZXanVPUmNkSnV6WDktaEI0d1J5bWFiUkNldkxRZVN3RHNtUVd3TVI2R09CZnhPbVZVN2ZVUFFncHNxUDFWd1FXb3FSeXdyaGpXVkdB?oc=5,"Wed, 09 Sep 2026 22:33:30 GMT",2026-09-12T09:16:25+09:00
GoogleNews:AI　情報検索,AI　情報検索,横浜ゴムがRAGを活用した生成AIシステムを開発 タイヤ開発の意思決定を高度化：製造ITニュース - MONOist,https://news.google.com/rss/articles/CBMib0FVX3lxTE1WR0t3TGs4NE9lZ20yOVAzWmJzc0pIelNELUFYbWQwbzhIZ2ljb2VtbW4tS203S0dtT2FRVmdnU21IcC1wZUswQVluLURsM3k1MlJ2MU5TZTduLUZZeFVGTWVrS08wRHBzc0xVdjJMbw?oc=5,"Sun, 30 Aug 2026 21:45:00 GMT",2026-09-12T09:16:25+09:00
GoogleNews:AI　情報検索,AI　情報検索,【新宿本店３階 アカデミック・ラウンジ】―『生成AI時代の情報検索入門』刊行記念イベント―図書館情報学の専門家と語る！今こそ求められる「本当に必要な情報を探す力」 - 紀伊國屋書店ウェブストア,https://news.google.com/rss/articles/CBMiXEFVX3lxTE9HSVpkeXo0OWVsajVtVFpHZDBSNllPdWEyb1RIZFI2SVdIMHlKdHN4NEFsR3FOZTRuYVZNMHR1WW1XUUVlNXpLb1EtMUtrbU4zUkxEbGxveFJDOTNZ?oc=5,"Mon, 24 Aug 2026 01:52:40 GMT",2026-09-12T09:16:25+09:00
GoogleNews:AI　情報検索,AI　情報検索,AI開示情報検索サービス（J-LENS）（β版）のリリースについて | 日本取引所グループ - jpx.co.jp,https://news.google.com/rss/articles/CBMifEFVX3lxTE1EX3FyUzRwUkN6ZFpsV05Edm9lQnpIOWNHZFdGX19xT3NfUEpwRDZEczNHbGFvc1djU3p2eGE1SDU2ZWlCNXRiU3NkaWlKT3dLa0Z2ZnBGaEVVdDFyNFpjZjFtM3dPV1FZWmVINzJ3eVZMbXZsQ3JFZFUxeXI?oc=5,"Tue, 09 Dec 2025 08:00:00 GMT",2026-09-12T09:16:25+09:00
GoogleNews:AI　情報検索,AI　情報検索,AIで情報検索すると従来のウェブ検索に比べて身につく知識が減る可能性がある - GIGAZINE,https://news.google.com/rss/articles/CBMifEFVX3lxTFAyMWtPdmNyS2NWVm54eE9FRHVFU2dzTm9hVUdNaVhySnU1VVBKZ01zb1ZBV1JsRDNfRkJwTmotNUVlZVlydzhHQ0tUMkw0b2oxdkRCS0pYb2JpMTJ5UnFlaWhfZ2dEYVZDcjFoTGFqekVRdnVfM29hSlAzMXY?oc=5,"Sun, 08 Feb 2026 08:00:00 GMT",2026-09-12T09:16:25+09:00
GoogleNews:AI　情報検索,AI　情報検索,市場調査の「検索・整理・深掘り」をAIで効率化 - 共同通信PRワイヤー,https://news.google.com/rss/articles/CBMiW0FVX3lxTE52cHFTT1lFc0ZWZVplVkJIa0NGMDRJSHRaQ0MwY2dldVcwc2JSWlBlUTBZYnRqVmpxbDh6ZWxtcDFxQ2V3c2dJLXUxMXNqdEl2ZVRFNGREVnNxQTQ?oc=5,"Fri, 07 Aug 2026 07:00:00 GMT",2026-09-12T09:16:25+09:00
GoogleNews:AI　情報検索,AI　情報検索,医師の調べ物に役立つAI検索ツール、何ができる？ どう使い分ける？ - 日経メディカル,https://news.google.com/rss/articles/CBMif0FVX3lxTE1McnpneGhtSEVyMk9qaDAzSThMbDM5UUNiMVdwZVFaWHAwc2Mzb0hVOWZrelEtODl2UXl0MlQyd0FuSUdWQmJoLWFaeGFOQVVGdzhDQjZIZGktRXJVc05oM1phRDJvdFNWMUs3eUNhaEs0XzVGSkk1R3RSMXI4Ymc?oc=5,"Wed, 11 Mar 2026 07:00:00 GMT",2026-09-12T09:16:25+09:00
GoogleNews:AI　情報検索,AI　情報検索,AI議事録「Rimo Voice」、蓄積した議事録をチャット形式で横断検索できる「AI検索」機能をリリース - PR TIMES,https://news.google.com/rss/articles/CBMiakFVX3lxTFBQYVVMUGo5NDFZeFh3X2V0SmpxaG5OOUZhODAzQ2xfY3lGNUt6dDlmMDE4UGtKQzdMMHB6LTc0NzJYVEhjYnU2ZjRNYlJKUllvVkZwdGg0S19KVmk5dUgwQkJFTnZKellNUWc?oc=5,"Wed, 27 May 2026 07:00:00 GMT",2026-09-12T09:16:25+09:00
GoogleNews:AI　情報検索,AI　情報検索,【活用5選】グーグルの「AI検索」が手放せなくなってきた - newspicks.com,https://news.google.com/rss/articles/CBMiU0FVX3lxTE9WQXdWWkdsMVRrRkhaek1EbzFzb2JfTXp6clBiSVl1NnJrakc1VW1OVVpNeElFd0NQbndnMENlWkFMdW5KalF5YkliV3I2UUs1QnhR?oc=5,"Sun, 17 May 2026 07:00:00 GMT",2026-09-12T09:16:25+09:00
GoogleNews:AI　情報検索,AI　情報検索,テスラ、日本でEVに対話型AI「Grok」 走行中の情報検索しやすく - 日本経済新聞,https://news.google.com/rss/articles/CBMibEFVX3lxTE05akFjT0VVMURDSWI1ZmxKQzZaNmNzVDF1OEJnWXo0NXAxXzh0VnZKdDFVblJHRDdvZ25kWlNGRldpNmpRaUpWYVEwYlVKQzhwUEdmZjBUazFMVkFSY2JUNXp5eXJiS3V2T0hCQQ?oc=5,"Fri, 10 Jul 2026 07:00:00 GMT",2026-09-12T09:16:25+09:00
GoogleNews:AI　情報検索,AI　情報検索,"AnySearch、学生・開発者にAI検索を1日2,000回無料提供 大学生やOSS開発者を支援、世界20万人が利用 - Newscast.jp",https://news.google.com/rss/articles/CBMiR0FVX3lxTE1EaFZxTU5ZM1VhN0ZsMEV0N0VIWHV4SGpybTJIai1YMzlvd3NtSzg0cUNfbVNaWkRkbi15T0U1OFczYUlrbUo4?oc=5,"Mon, 27 Jul 2026 07:00:00 GMT",2026-09-12T09:16:25+09:00
GoogleNews:AI　情報検索,AI　情報検索,技術情報検索時間を20分の1にする生成AIアプリ、開発の工夫と体制とは？：モノづくり総合版メルマガ 編集後記 - MONOist,https://news.google.com/rss/articles/CBMib0FVX3lxTE81U2hoSlVLQS1GYzIwU20yR1hyVUdncnRidXVTQVd1TXZ1a19YdjVOY2VxaEVCODBGLTJ4bHZLVS1ZdDk5OWwzcE9IQkMtOVhNaHhhZUlDN2VOcGFkNHRrNi12XzdmYzZWMG9MWHNJUQ?oc=5,"Thu, 14 May 2026 07:00:00 GMT",2026-09-12T09:16:25+09:00
GoogleNews:AI　情報検索,AI　情報検索,AI利用経験は43%、活用目的は「情報検索・ニュース把握」「学習・自己啓発」「創作・エンタメ」が上位 - ネットショップ担当者フォーラム,https://news.google.com/rss/articles/CBMiXEFVX3lxTE53bVk0TmhZWUhFeEZGcnhaajdaSDJVcVpqeTJsYUoydTVwQ2hCTjJxR0NRclduQno4ZXNXNjZXZW5GanZOR1NwQVMtTTc5U0pxODA1NllPVWZxa1Nr?oc=5,"Thu, 02 Apr 2026 07:00:00 GMT",2026-09-12T09:16:25+09:00
GoogleNews:AI　情報検索,AI　情報検索,AIを活用した音楽権利情報検索 MIPPIA（ミピア）日本語版を正式リリース - PR TIMES,https://news.google.com/rss/articles/CBMiakFVX3lxTFBxdlJ6eC1kd1ppN2k5UkFDeTNtSExESUZfeENIeEtJTF9lVjNJaTI5NXVyWk1Ba3o4U0lnclhsQ0JPQVR3bjMzRk04dTBVQWlwVFlzanR2NndTb0NUTnExaUFXT1lLUjUwSXc?oc=5,"Tue, 23 Jun 2026 07:00:00 GMT",2026-09-12T09:16:25+09:00
GoogleNews:AI　情報検索,AI　情報検索,150コンテンツの「信頼性の高い」情報を一括検索　KDDIが新AIサービス「Buffmee」提供、1年間は無制限で利用可能 - ITmedia Mobile - ITmedia,https://news.google.com/rss/articles/CBMib0FVX3lxTFBrUFlKUjZ4WVJKRnc4czBkWXlDSjY2WWNQcHBGV1NVVFMxd3hLMGtLRkpGMEFEcV85TVNEMS1adjQyWU13OERIZ1B0UURiTjFZeFFYakNDTEM0UnBmOFZvSTZEcW1lZ0xraUNwOU5jUdIBaEFVX3lxTE9mWWdvVkcxZjQ0aVdSWGZJNjZCZ2VqclZHTjhyanZISFZ0T3FadjZYdUk1MjB0dkExd2ctUlhadFBEaGVIRHNJX29pUFZoa0t3dllIVlkwTi1Ya0tuZS0xdmtUN0FabHJa?oc=5,"Tue, 28 Jul 2026 07:00:00 GMT",2026-09-12T09:16:25+09:00
GoogleNews:AI　情報検索,AI　情報検索,ニュース Google、生成型AIを活用しAI検索機能を改善 - 株式会社インプレス,https://news.google.com/rss/articles/CBMiY0FVX3lxTE40OElXLXc1OHd6M21DNFU1eE1QVUZjRHF5MXp5TjdXZjNGZm04cnFQbWdmTXdtNEhQODFuNUlRVTFmS3VmcjVna3ZzZ1JGdHlsVFBPaFZHUkRVTkxleGNIRjEtcw?oc=5,"Thu, 07 May 2026 07:00:00 GMT",2026-09-12T09:16:25+09:00
GoogleNews:AI　情報検索,AI　情報検索,AIで脱属人化を加速！ 日本ペイントGが技術情報検索時間を20分の1に：マテリアルズインフォマティクス最前線（8）（1/3 ページ） - MONOist,https://news.google.com/rss/articles/CBMib0FVX3lxTE5yUjVhc1haTWREeTllMG5XTEE0TlZOel9VM1V5RWtRSjJrdERaUV9hUlV6Mkl5Qm5aOW9BYktmYVV3RTl4bWFOUW1HMV93ZmJVamNaTkxiMFJoTmw5aGNwN0ZVay1qc25EMF9Tb1Y0bw?oc=5,"Thu, 23 Apr 2026 07:00:00 GMT",2026-09-12T09:16:25+09:00
GoogleNews:AI　情報検索,AI　情報検索,鍵は「検索できるPDF」 アドビとPFUが語るAI時代の文書活用 - Impress Watch,https://news.google.com/rss/articles/CBMiZEFVX3lxTE5WUEJ4Zk1nQ2JpSnBpREhjTHpXMlhlR0VhY2lKdnV5T0tLblRVYkREckVEdG0tV1NsV3FoSGpkYTZMN0VkWWkzTEVlU0JfR0k0bGx0N3JaWEtFSkw3N3NJaTNiLXc?oc=5,"Mon, 15 Jun 2026 07:00:00 GMT",2026-09-12T09:16:25+09:00
GoogleNews:AI　情報検索,AI　情報検索,AIが情報を大量生産する時代に最も希少で価値のあるものとは？検索トラフィックが半減しても生き残るコンテンツ 【生成AI事件簿】ロイターのAI戦略に見る企業におけるAI活用の本質、AIは“速い“が信頼を作り出すのは人間の役割(1/5) - JBpress,https://news.google.com/rss/articles/CBMiVkFVX3lxTE1ta1AzM056MFlrbC1CV0FDLWZhaW54Z0tNMjVzT3JEdVFiXzlhOGw1LTg3akpPR1hoa1JlQkxRWGZfWlFJeTZYdXk0aVpuaXNkZkY4cndB?oc=5,"Tue, 07 Apr 2026 07:00:00 GMT",2026-09-12T09:16:25+09:00
GoogleNews:AI　情報検索,AI　情報検索,「ググる」は死語になる？何でも生成AIに聞く時代に私たちは“調べる力”を失うのか - 東京報道新聞,https://news.google.com/rss/articles/CBMiU0FVX3lxTE5BZktxcFkwdnNzOHM0ZHdOZ3JuQ0p6QkRvZXNJSkxOb04xbGhzUEtqUXdmTlRVNFMtMVZlNGJqRGlsNEhrbnU2QlpfQXVIQjdab0pF?oc=5,"Sat, 15 Aug 2026 07:00:00 GMT",2026-09-12T09:16:25+09:00
GoogleNews:AI　情報検索,AI　情報検索,グーグル検索のAIモード、検索結果から離脱せずにプレイリスト作成やフライヤーデザイン、買い物が可能に - BigGo ファイナンス,https://news.google.com/rss/articles/CBMidEFVX3lxTE1GLXlWOXU5OWVlSTVXRUR6a3ZIYkxQTTIyTUpob3R5ZWFlTnNPaGl3RXBjTnJpYl83Y05CVGtRRl9xNEhCbW9HNy1jS2UtMFZSX1RfelBUQ1dMdlgyTUlHMXJoVkRzRmlFbHlkclBpeEQ5VTFE?oc=5,"Thu, 16 Jul 2026 07:00:00 GMT",2026-09-12T09:16:25+09:00
GoogleNews:AI　情報検索,AI　情報検索,AIグラスはMeta超え？ Googleが描く「Geminiの未来」が7分で早分かり - 日経クロストレンド,https://news.google.com/rss/articles/CBMilgFBVV95cUxNN1lidTNoMks5UTZlTlZZY25zQVdGV3JCZnUyS01lM1ZHQnhmTVVVRjRpY3hhRmwzZ0hmNUplZTMweGdOMk5vek1xTHFoLVZlY1pQZW9FS1NfMm4yTVJ3M0VSWjhTdzltMmdpODdBMGd0eFNGOGQxOElqR1J5alRBektyNXhxLXNLY0k3SWpFQW9PTDN3cHc?oc=5,"Tue, 07 Jul 2026 07:00:00 GMT",2026-09-12T09:16:25+09:00
GoogleNews:AI　情報検索,AI　情報検索,Naver Cloud、公共機関向けコラボツールにAI検索・文書作成・エージェント機能を搭載 - BigGo ファイナンス,https://news.google.com/rss/articles/CBMidEFVX3lxTE1oeDFpaTFtV21seEljWlAySkpWYldVclVPRm94c1ZpSm42ZktoT3R2MWM2dVA2QkFteGhwUl80ZGRVSGJPZV9zOWp4blQwODVWX2otd2F6a201MHhWVW5hNXJFNmhfcTk3d2ZWMk9ObVRKNUdZ?oc=5,"Tue, 11 Aug 2026 07:00:00 GMT",2026-09-12T09:16:25+09:00
GoogleNews:AI　情報検索,AI　情報検索,寄稿：生成 AI で“探せなかった開示情報”を見つけ出す 〜 JPX の AI 開示情報検索サービス J-LENS〜 | Amazon Web Services - Amazon Web Services (AWS),https://news.google.com/rss/articles/CBMigAFBVV95cUxNWHBnVllEWS05X1NveGdhbEN2M3h1b1poeFhiTlZJZGxFWE85R1JZWkNxUXVBcW5HbUVud0tTRkVka0JvV2FacWpQUjNYbXJVc194NlByRWpDQVVSa01rOUkydWRNNVBJb2RWX05RWmtHcWNfTURLSjJiTUpELVB0cA?oc=5,"Tue, 26 May 2026 07:00:00 GMT",2026-09-12T09:16:25+09:00
GoogleNews:AI　情報検索,AI　情報検索,Naver、対話型AI検索「AIタブ」を投入 ChatGPTに対抗 - BigGo ファイナンス,https://news.google.com/rss/articles/CBMiX0FVX3lxTFBxRVdBTVJERm0yVmFrUDNtZ0pZWlR5RWVWYnFnbkhtSDhha3NtdU5lcU5OWmZTUld5eEdYbWNHMm9EYXVaWl9USHdUbF91YW1EcFhHZUc0Y3JVQzlUTm9j?oc=5,"Mon, 27 Apr 2026 07:00:00 GMT",2026-09-12T09:16:25+09:00
GoogleNews:AI　情報検索,AI　情報検索,生成AI利用者の44%が、検索エンジンの利用が「減った」。購買意欲の高い検索はECモール、情報検索はAIへと分散の傾向【検索行動調査】 - ネットショップ担当者フォーラム,https://news.google.com/rss/articles/CBMiXEFVX3lxTE54VnRwQm9sVTA2OEhjZDdrejV1QURZYnF5bDFkZjhYaDdSMmViYlFnaElNVGFmU1R5ZXZ6d0FZMGlTdEp6aVZ3V2ktRUlvY0IzdFdIZHJjRXpDaEpn?oc=5,"Wed, 10 Dec 2025 08:00:00 GMT",2026-09-12T09:16:25+09:00
GoogleNews:AI　情報検索,AI　情報検索,Synology® 、正確で信頼性の高い情報検索を実現する AI Advisor を正式発表 | Synology Japan株式会社のプレスリリース - PR TIMES,https://news.google.com/rss/articles/CBMiakFVX3lxTFBoUml3Y2ZyRGRZNzRFWjl1bThOTk9MM3RDYkFfQzQ4U2NSNHBHOUQwMzZNZXlMTVpicURaTDZCTVdhOWZRdkotNUNVb1pwVl9QbFQxbnVJbFIyTDUtUm5YNkplVWlfaFZqRXc?oc=5,"Thu, 07 May 2026 07:00:00 GMT",2026-09-12T09:16:25+09:00
GoogleNews:AI　情報検索,AI　情報検索,AIを活用した開示情報活用サービス「J-LENS」シリーズ提供開始 | 株式会社JPX総研のプレスリリース - PR TIMES,https://news.google.com/rss/articles/CBMiakFVX3lxTFBJby1ubUNReWNxUXR0UlprTm8yQi1vbjNXVldVdlZ6dTBuREo3OVEyWE1LM0VCeFNwQTh5MzVhSkVLOGVZdFpobjBCcjd5SDhLTnlDbnU2ZUtyMm1LQkRkbVRRdnFvd1UyTnc?oc=5,"Mon, 29 Jun 2026 07:00:00 GMT",2026-09-12T09:16:25+09:00
GoogleNews:AI　情報検索,AI　情報検索,【AI検索時代のマーケター必携｜無料】「何から手をつければいいか」がわかるLLMO対策チェックリスト（全30項目・優先度つき）を公開 | 株式会社ＥＸＩＤＥＡのプレスリリース - PR TIMES,https://news.google.com/rss/articles/CBMiakFVX3lxTE9IR1J1eGZWUnNkZlcwVktVNEo3WUVnTzJEZUxibW1SU2thWE5wRlkzTlhFM3hOODU1YkdaNVhsM1A5RDhCOF9DZ2JjSkJOZ3A3V1hQVGdKRmE1R1ZpR3l6Z0hGUHVxdXdiNlE?oc=5,"Wed, 25 Mar 2026 07:00:00 GMT",2026-09-12T09:16:25+09:00
GoogleNews:AI　情報検索,AI　情報検索,GoogleがAI新機能｢Spark｣、検索や買い物を代行 30億人の生活自動化 - 日本経済新聞,https://news.google.com/rss/articles/CBMibEFVX3lxTFBxNDRVQ09WNVhMT04xT25ZamhIM3J6azNaWnczdnFVNkhHYkhBQUNRTmtCWUlzY3hqT0VTUDVLdlRYZzMzN3BYS0FmWWhJVnlvc2RpMi1ZVjgzWkxZSkFjNkhOaVh4SHNDV2IycQ?oc=5,"Wed, 20 May 2026 07:00:00 GMT",2026-09-12T09:16:25+09:00
GoogleNews:AI　情報検索,AI　情報検索,DATAFLUCT、自律型AIエージェント「Airlake BI Agent v2」を発表。社内に散在する顧客DBや提案資料を、自然言語で検索・分析・資料化 - PR TIMES,https://news.google.com/rss/articles/CBMiakFVX3lxTE9tdTVKMVZ4Z196QXQ1SXVWOGI0NHFXSlo5VUwzTkx4LVNDN1VoWXN1eEdIaHI0VTR4TnQycXZsZDBaVU90Z0YtQ3dOMUhpbUhMTHZ5YW1PSU5Cb29TZzRZckVPZHR0a3N1TUE?oc=5,"Mon, 06 Jul 2026 07:00:00 GMT",2026-09-12T09:16:25+09:00
GoogleNews:AI　情報検索,AI　情報検索,住宅分野の消費者の生成AIを使ったWebでの情報検索行動の実態を可視化、業界初「生成AI対策/LLMO弱点あぶり出し調査」サービス開始、生成AI時代のWebマーケティング戦略を立案（ニュースリリース） | 大和ハウス工業株式会社のプレスリリース - PR TIMES,https://news.google.com/rss/articles/CBMiakFVX3lxTFA0V0Nqc1ItcEtfcnF6QUV6Q2FYX0pLcFBYTVVId3VWeXBmMUNWVFgtVGhCOWJmbHU4Y0F5V3Q1NzRBSVNVR1MtaWZvRGpzdmxlbFBOdFJvMjFqODZ2WXFMNXVGRjNUSU9wNUE?oc=5,"Wed, 14 Jan 2026 08:00:00 GMT",2026-09-12T09:16:25+09:00
GoogleNews:AI　情報検索,AI　情報検索,モノづくり専門メディアMONOistに生成AIを活用した技術情報検索システムに関する記事が掲載されました - nipponpaint-holdings.com,https://news.google.com/rss/articles/CBMic0FVX3lxTE1WV3lYZVMwMng2VkVSYU1HRUlqWVNqOUZHTVVWcTM2RGJ2RVFWMnhCZVg5YmgtQ05tWldIeUR0UjdnTzk5MTBjYTNnZHpNQWJyMmZfNTlaOGo2OHlWZ2lBMldzdS0wM2ltell2TEFac0FHdE0?oc=5,"Thu, 23 Apr 2026 07:00:00 GMT",2026-09-12T09:16:25+09:00
GoogleNews:AI　情報検索,AI　情報検索,津波警報の発表中にグーグル検索、AIが「すべて解除」と誤情報 [AIの時代] - 朝日新聞,https://news.google.com/rss/articles/CBMiZ0FVX3lxTFBab0pKWkZNYVNTUUlwTHpUdXdPeFBEMEF4TnctdWQzU3R5eEgwbm5BalBzQW5XMVRqc0RnT3RnS3hvNUVZWkRyMDc2Q18tMlp3QzBoZmYtb1pGb3VnMGJKLUJGZk5vTjg?oc=5,"Wed, 10 Dec 2025 08:00:00 GMT",2026-09-12T09:16:25+09:00
GoogleNews:AI　情報検索,AI　情報検索,AI Lab、情報検索・推薦システム分野の国際会議「SIGIR 2026」のShort Papers Trackにて論文採択 - cyberagent.co.jp,https://news.google.com/rss/articles/CBMiakFVX3lxTE5uakJPWDhWdm9oeEEzaDRKZHluNURvUEQzeGxwLS03ckdxU0hpZ09Fc2t3VklhX201NV81Y2JpU0hEcjNNSW5IdGc1NFoweDhxUHNydXlqb29yd2hqNjlmZFB0MFR3dVNGYUE?oc=5,"Fri, 15 May 2026 07:00:00 GMT",2026-09-12T09:16:25+09:00
GoogleNews:AI　情報検索,AI　情報検索,Google、AI検索に「優先ソース」機能追加 信頼できる情報を見つけやすく - ケータイ Watch,https://news.google.com/rss/articles/CBMiZ0FVX3lxTFBJajVGVkVjaDgzXy1mbXVybkdMMUZHdnU5eGdBMXpwY2tsWHhZS3BVa0FVRWFQbmtvRDMtOTJmYjR5NjdSOUR5TGhtazhWOW9xOWkxUnlFdk0xQm5HcHVwY2xESkluNGs?oc=5,"Thu, 28 May 2026 07:00:00 GMT",2026-09-12T09:16:25+09:00
GoogleNews:AI　情報検索,AI　情報検索,2026年中国GEOサービス事業者トップ8徹底評価：AI検索時代のブランドポジショニング戦争、勝者は誰か - BigGo ファイナンス,https://news.google.com/rss/articles/CBMidEFVX3lxTE83aFI3ZzU0MVdaMl9mWmZwSnJLWi1BMkdhVDYzbXRLcng1SS1pUXBPV0hUeURBaXFrVkhSYk56aFBpdUU3c0xPVk1OQ1FjNzltRFhzWU45TjBvZEN2eEpha0l3UVVSMTI2bG9LcU91NlEydzZW?oc=5,"Thu, 25 Jun 2026 07:00:00 GMT",2026-09-12T09:16:25+09:00
GoogleNews:AI　情報検索,AI　情報検索,メック、医学生向け初期研修情報サイトを「メクキャリ」へリブランディング＆リニューアルオープン！AI検索機能を新たに搭載 - PR TIMES,https://news.google.com/rss/articles/CBMiakFVX3lxTE5xcmxCTHozcjdDZkwxT2d5MkVnYk9WVmFUWTlmZm9xblZRT2M3aW5KSThKcXZSUG1FT1lGSUlWWk5sSzhvWVppLTVRU1VDMzlIbmJGbnJ2cTZhTzVaSVFDT3FqejZLSDZfOFE?oc=5,"Fri, 31 Jul 2026 07:00:00 GMT",2026-09-12T09:16:25+09:00
GoogleNews:AI　情報検索,AI　情報検索,久世、生成AIで商品情報検索高度化 - LOGISTICS TODAY,https://news.google.com/rss/articles/CBMiSEFVX3lxTE9wOUhsaUdIcWEwMkRtOTZvQXUtWFpwaV9WSV94dS10a0pmQ2dqbVVUUjRIc3p6U0I0ZXZhbldHNWNaNXhMRzlFbw?oc=5,"Wed, 13 May 2026 07:00:00 GMT",2026-09-12T09:16:25+09:00
GoogleNews:AI　情報検索,AI　情報検索,生成AI活用で「社内情報探し」の非効率解消、年間1万4000時間相当を削減 - 日経クロステック Active,https://news.google.com/rss/articles/CBMiZkFVX3lxTE9QV2FialNEN3Y1R1ZVV0V6UzhpT0Q5UUxVUWRzVnpoYXVjOVhCdHNhNHQ2aXk1X2R5Q3BpS1JqSHN5VENkdVlPcDhvTHE1dzJaSUZFWnBxc01oTEYtUWhFejhtRWxKdw?oc=5,"Thu, 14 May 2026 07:00:00 GMT",2026-09-12T09:16:25+09:00
GoogleNews:AI　情報検索,AI　情報検索,日本原子力研究開発機構、「研究開発成果検索・閲覧システム」にAI検索を試験導入 - current.ndl.go.jp,https://news.google.com/rss/articles/CBMiTEFVX3lxTFAzNTU5SkpvZ2tSaE1iNkRxVFI5bWNsZHlLa1VxdWo4VVdpVG5oengtV1VpOXhMWkY2NURxVWlZMWlDNHRJc3J4aDdtMUQ?oc=5,"Fri, 16 Jan 2026 08:00:00 GMT",2026-09-12T09:16:25+09:00
GoogleNews:AI　情報検索,AI　情報検索,Google検索「AIモード」に個人情報を入力しないで――立教大など、学内に注意喚起 - ITmedia,https://news.google.com/rss/articles/CBMiakFVX3lxTE85RFB2a25hWjBEcXE3TTZ4YXo2cjZ1VV9KTjVqMDFNR3ZSYWpyTUxJYU5ObHdDUmt3MEVwVFBhX3dwNHAyTFJ2MkRUTkdSYzVWTWVqNERnemtIZ055aWpKRkJ1MkNHVU9YT2c?oc=5,"Mon, 20 Apr 2026 07:00:00 GMT",2026-09-12T09:16:25+09:00
GoogleNews:AI　情報検索,AI　情報検索,グーグルのAI検索機能に誤情報のリスク--英紙が医療情報の正確性を検証 - ZDNET Japan,https://news.google.com/rss/articles/CBMiU0FVX3lxTE53VUJVa2w5d09CZnhxektJOTdEeU9ja01KUmZuQnd5aXRHVjdHaGJNMzZ1b0VkQ3VFX1BUSnlKTE42WTMzcEd3QTdpR3dhRGRfQ3ZJ?oc=5,"Wed, 07 Jan 2026 08:00:00 GMT",2026-09-12T09:16:25+09:00
GoogleNews:AI　情報検索,AI　情報検索,市場調査の「検索・整理・深掘り」をAIで効率化 - 信濃毎日新聞デジタル,https://news.google.com/rss/articles/CBMiZkFVX3lxTE9mQTJvX1VKSzV3ajN2WmhXeGx5SzROUUpnV0lSMXU4OHduWDNyYU9ubzNYT2MyRERDaUxpNy1SRVlUZDdNZXlwcWdpXzZtQkxBbV80bERMMkxvRmhaTmY0LVZZWUhNUQ?oc=5,"Fri, 07 Aug 2026 07:00:00 GMT",2026-09-12T09:16:25+09:00
GoogleNews:AI　情報検索,AI　情報検索,利用するSNSの上位は「LINE」「YouTube」「Instagram」。情報検索は検索エンジンが8割超、生成AIに質問が約29%に急上昇 - ネットショップ担当者フォーラム,https://news.google.com/rss/articles/CBMiXEFVX3lxTE04QXVhcVBWNEdNbGo0T3U5SFhzcDhsM1hWeVdZOXZ0WGluRHZwUVRiV2QzNmROeDdvMlRhTmJKeGxraXlxLV9fVVJrY1JtUjVyVWp6QlBXdFdzbWcz?oc=5,"Tue, 23 Dec 2025 08:00:00 GMT",2026-09-12T09:16:25+09:00
GoogleNews:AI　情報検索,AI　情報検索,プレスリリース：AIを活用した音楽権利情報検索 MIPPIA（ミピア）日本語版を正式リリース（PR TIMES） - mainichi.jp,https://news.google.com/rss/articles/CBMiaEFVX3lxTE8xeUJ1NldzV3VDSkdBVXQtZV9vbGN3eWNpcll2ZHhjR1p6Z1RoNk5LZ0IzVElxRzh3NmhWbldJQ2JkaHA0N3lBWGNEM3BVQ3lpYzB5eEl1enpPVzJWYnd2YXBvekVFZGRw?oc=5,"Tue, 23 Jun 2026 07:00:00 GMT",2026-09-12T09:16:25+09:00
GoogleNews:AI　情報検索,AI　情報検索,AI利用経験は43%、活用目的は「情報検索・ニュース把握」「学習・自己啓発」「創作・エンタメ」が上位 - Yahoo!ニュース,https://news.google.com/rss/articles/CBMijgFBVV95cUxQa2pobC1hNGNWZkh1bUk4TV8ybTRCaFphcU1DN2swZUhTRFBWRVpRS2JJbS02Q0NzWERzdndYMTNhOXp5ZmNKNllkWEpOMW1nZlV4blIzdWIyOXlUdlR4WHhxazUxUkNrWkVHXzFOdTQzbFZGMXlfOVN5elpJZmEzTGVjOGUtTXgxc2cyQ2lR?oc=5,"Thu, 02 Apr 2026 07:00:00 GMT",2026-09-12T09:16:25+09:00
GoogleNews:AI　情報検索,AI　情報検索,エンタープライズサーチ QuickSolution® が検索エージェントを搭載 ～ AIエージェントが社内情報を検索して回答、情報探しの負担を大幅削減 ～ | 住友電工情報システム株式会社 - Digital PR Platform,https://news.google.com/rss/articles/CBMiQ0FVX3lxTE9oYThTMF9TbS01S19vRFdUaGN4TElNUDljV0EwM3pQSHVPM01PdFJPN005SXRCeHlrSFJIZFhIVUUzaFU?oc=5,"Tue, 07 Apr 2026 04:30:28 GMT",2026-09-12T09:16:25+09:00
GoogleNews:AI　情報検索,AI　情報検索,Google検索結果からAIの応答を削除する方法 - Vietnam.vn,https://news.google.com/rss/articles/CBMiiwFBVV95cUxQcTdrRzZCSEt0dER2M2lmNFpOUEV3WFZudWp0NkljOC1RSDluUmhIa0dxa0d0dTdiQ2pRdE9Sck5JQlZlNlFHYjBZdHVhUVhXTGEwMHlDYzh0S1JnUVBXY3pwMkpzRjUyY3dNQUJ4Vk51WU9keUNpMU93YmNmSGxLOEZZNmNrZE5EYnJv?oc=5,"Thu, 28 May 2026 07:00:00 GMT",2026-09-12T09:16:25+09:00
GoogleNews:AI　情報検索,AI　情報検索,仮想統合データベース「Con:tegration®」に生成AIで文書管理業務の分類や検索を支援する新機能を追加 - holdings.toppan.com,https://news.google.com/rss/articles/CBMieEFVX3lxTE8ycEFrLTRJWWk3VThJZ25fRnVSdTQ3LUdhMi0wcktZdGN3Y2swcGFYYXhSR3Fydy04VGlnUEUzQmFRT2xJcmFYZkpVUkFtRllkaTJoNmpnTjNDenVoa3MyWVFjQ2g0bTVrVERtdHVGYnRSclNSUlMxSw?oc=5,"Tue, 24 Mar 2026 07:00:00 GMT",2026-09-12T09:16:25+09:00
GoogleNews:AI　情報検索,AI　情報検索,市場調査の「検索・整理・深掘り」をAIで効率化 - 宮崎日日新聞,https://news.google.com/rss/articles/CBMicEFVX3lxTE03ZWRPcG5zdlhvVUZrbXo4SmFMakFrbXRYZWpNOVNuQXBHWDg3bEc0OG1ZaEdKWG9tM3NvNFBVZlJaSVI0OEVFbkFNaU51M21hRHo4SkFTOXF3R0dnRERNcV9oNFFhZC02R1FoMkctNHQ?oc=5,"Fri, 07 Aug 2026 07:00:00 GMT",2026-09-12T09:16:25+09:00
GoogleNews:AI　情報検索,AI　情報検索,AI検索時代の勝者は誰に？ 美容業界で激化する「GEO（生成AI最適化）戦争」 - wwdjapan.com,https://news.google.com/rss/articles/CBMiU0FVX3lxTE03RmtMNWZYMlBoaGxMSkRjRzJaYm12ckh5cXcxTDdqVHlNbnhwZ0FGOUh3Z2x2X1AtVm1uTUE2TTVONzJlc0txWnF1cnI4bGxUa3Bv?oc=5,"Tue, 31 Mar 2026 02:17:14 GMT",2026-09-12T09:16:25+09:00
GoogleNews:AI　情報検索,AI　情報検索,ChatGPT Atlas入門、OpenAIの「AIブラウザ」は検索体験をどう変えるのか | Moz - SEOとインバウンドマーケティングの実践情報 - Web担当者Forum,https://news.google.com/rss/articles/CBMiW0FVX3lxTE5YYU5vUXM3SHNUenh0eXZwTEE0RUVJMUZOb0VieFk4WVFlNFM5Vk1wZU53U09leTRPWm9pZndhaTRXMGViMUI5Rm5uUzZLWDZwaXFXbHNnZFI4dUk?oc=5,"Mon, 18 May 2026 07:00:00 GMT",2026-09-12T09:16:25+09:00
GoogleNews:AI　情報検索,AI　情報検索,市場調査の「検索・整理・深掘り」をAIで効率化 - Infoseek,https://news.google.com/rss/articles/CBMiZ0FVX3lxTE5lQWxfY1RHVVBVZUxmbmRnXzdlcEEwNjNXRzdNajN4b09hSG5MTDNKS2NpLUMzcDk2WmxtbEtfOXpkZ1BieHJieUxRaHMwTDRkMHdfTUgzMi0tZF80X1RNWjNSRUJnMnM?oc=5,"Fri, 07 Aug 2026 07:00:00 GMT",2026-09-12T09:16:25+09:00
GoogleNews:AI　情報検索,AI　情報検索,上場企業の開示情報、AI検索サービス開始 JPXが9日から試行 - 日本経済新聞,https://news.google.com/rss/articles/CBMibEFVX3lxTFA4OTlfQlZ6SEsyemRQU0V0TE84VUd4WjVaMjJ1VDlVTGg2OUx6eEM3eHQxZEtmaEU4OGQwMVgtRlBlR0dlcG1mWFNSNzhfdXIxWDhIaEpKQzFUT2Z0cXRSajEzV1VqQkxNZWlaVQ?oc=5,"Tue, 09 Dec 2025 08:00:00 GMT",2026-09-12T09:16:25+09:00
GoogleNews:AI　情報検索,AI　情報検索,【調査結果】生成AI利用者の44%が「検索離れ」、半数がAI回答のみで情報取得 - シードの検索行動実態調査 - コマースピック,https://news.google.com/rss/articles/CBMiVkFVX3lxTFB4cENVVE9KOVBVaDZ2OTNFWE5NNjRpUkVuWWFWSWtDeFJnMURvTUN3NHhrRElDN2JMOGtEbFNMcVY5VEN3eEYwTWtlbzV0THFzZWRnbjRn?oc=5,"Tue, 09 Dec 2025 08:00:00 GMT",2026-09-12T09:16:25+09:00
GoogleNews:AI　情報検索,AI　情報検索,一般生活者の利用している生成AIは「ChatGPT」がトップ AIに連携しても良い情報は「ポイントや会員情報」「利用しているサイトやアプリ内での閲覧履歴」「過去の購買履歴」 - MMD研究所,https://news.google.com/rss/articles/CBMiXkFVX3lxTE5ULVczMzNTMHFPdGZsZndzcFNqYVo0QUZUNUtSTG8wV1hxbEpCQ0lyODI5RjJqWHZ0TjVjWE53ejNZclBnSzNfbThEdi1tT2ZDLWwzc3d0QmtWdC0weEE?oc=5,"Wed, 10 Dec 2025 08:00:00 GMT",2026-09-12T09:16:25+09:00
GoogleNews:AI　情報検索,AI　情報検索,「KDDI Conata Data Agent」提供開始 セキュアな環境でAIを活用し社内文書検索：saleszine - MarkeZine,https://news.google.com/rss/articles/CBMiT0FVX3lxTE9ucThaQ3MyYm82ZnI1QlMyWF9Jb01taEctMk5QSnA4SGQ1SEg1MmF4aGxXbkFQdEk4WnZvdEsyZDE4clNsRGU4d2lNeDJndms?oc=5,"Tue, 16 Jun 2026 11:28:37 GMT",2026-09-12T09:16:25+09:00
GoogleNews:SNS　買い物,SNS　買い物,Z世代の買い物の起点、SNS4媒体の合計45.2%が検索エンジン33.6%を逆転。「#PRがつくと参考にしない」はわずか13.2%【TaTap SNS調査】 | 株式会社TaTapのプレスリリース - PR TIMES,https://news.google.com/rss/articles/CBMiakFVX3lxTE5nNWJ1VWxxWkRrSTZWV0stRjFiSl9ObnE4SDlhUFJFaUFWMlcwYUg1Zm9fYXQwcElGSEZycHZ5TjdwSDV6SklFU0VpWHJ3NFQ1QUhkRGlFLWYtTHp2OEFqa1BzVl81MldOZ1E?oc=5,"Tue, 18 Aug 2026 07:00:00 GMT",2026-09-12T09:16:27+09:00
GoogleNews:SNS　買い物,SNS　買い物,人生最大の買い物なのに……なぜSNSで中古マンションを買う人が増えているのか（1/5 ページ） - ITmedia,https://news.google.com/rss/articles/CBMickFVX3lxTFBlTk9xQ0JWRXdpVXE3NFJMd1RRNUc0aTlleGh3dTRfV1h6ek9paVFVbmltbXdYX0dkWFRpS1BsZ29ycDVITWFLNlpIU2d3bUo0aW41QjU1MUlEeVRGN0tHaEVOVmJGOWRCUFhzUThTMDkzUQ?oc=5,"Thu, 23 Jul 2026 07:00:00 GMT",2026-09-12T09:16:27+09:00
GoogleNews:SNS　買い物,SNS　買い物,Z世代の買い物の起点、検索エンジンからSNSへ 「#PRがつくと参考にしない」は13.2%とどまる - AMP[アンプ],https://news.google.com/rss/articles/CBMiVkFVX3lxTE5uUEV5dGkzMzVJdVA4SHdhN3V3LXl1aUN6Z09CT2k2OU4xRVQ1RkdNYjU3VHJWZW9sWGFtSDNCckJ4aHR2SXpzLXh6ejV5eEluZjVWbEdn?oc=5,"Tue, 18 Aug 2026 07:00:00 GMT",2026-09-12T09:16:27+09:00
GoogleNews:SNS　買い物,SNS　買い物,物価高×情報過多で、子育て世帯の買い物は「二段構え」に。SNSで絞り、リアルで決める新しい購買行動。体験後、約9割が購買へ | 株式会社エンファムのプレスリリース - PR TIMES,https://news.google.com/rss/articles/CBMiakFVX3lxTE9sTHpVcTJ1V2ZKYkNqRkJQZGVyMWN1Q09tMDBrdDdhOGM4SGNhSEloUWo0UlE0UGlqa1VVNnRPZmxmalFmNDFSVmJLT21HdUZsMFdKaGhKY2RPVU5ONzF2cTJmQ3RNd0lkT0E?oc=5,"Thu, 20 Aug 2026 07:00:00 GMT",2026-09-12T09:16:27+09:00
GoogleNews:SNS　買い物,SNS　買い物,Yahoo!ショッピング、SNSを通じて誰でも気軽に始められる「Yahoo!ショッピングアフィリエイト」の提供を開始 - lycorp.co.jp,https://news.google.com/rss/articles/CBMiXEFVX3lxTFBkQWZKZVBxdjd6VkpOdGFRZzZqWk1jSG1HV0dMSDRQUTVQX2hIQXpMQlk5MU1CN2dfQUtpSnRnejhFX1FKU3FxbjBVTGQyd0lfekZVaVo4emIwUDJM?oc=5,"Mon, 26 Jan 2026 08:00:00 GMT",2026-09-12T09:16:27+09:00
GoogleNews:SNS　買い物,SNS　買い物,買い物不要、店内で涼んで 県内コンビニの張り紙 SNSで話題 優しさ巡り 今年の夏も ／新潟 - mainichi.jp,https://news.google.com/rss/articles/CBMiaEFVX3lxTE9yTFQxYW1FMTdEN3g2MnBCa21pMElWLVFaVFNjeGxWM3pYMFREa1I3cC12UGRfWlIyU2gxR3Z0eHVRdm9YZkZsYXNuSzJ2N1d1YkNBcUkwdVdhbHlVeDhpelFvOHdrV2Na?oc=5,"Sun, 07 Jun 2026 07:00:00 GMT",2026-09-12T09:16:27+09:00
GoogleNews:SNS　買い物,SNS　買い物,LINEヤフー、「Yahoo!ショッピングアフィリエイト」を刷新。SNS経由の集客・取扱高拡大を促進 - ネットショップ担当者フォーラム,https://news.google.com/rss/articles/CBMiXEFVX3lxTE1taTkzdGZDNkVOVUJzX0FidlA1a3dQd1pwMVA4eGtNZ291blQwa2VhWFZJSWUtQVFiOTEzemxfRFRvYnUzcVhjODZtZkdVSzlGNjJsaGwwd2xNWHNm?oc=5,"Wed, 28 Jan 2026 08:00:00 GMT",2026-09-12T09:16:27+09:00
GoogleNews:SNS　買い物,SNS　買い物,ブラックフライデーが映し出す「デジタル社会での買い物」― SNSとAIが変える消費行動の構造（佐藤仁） - エキスパート - Yahoo!ニュース,https://news.google.com/rss/articles/CBMiiAFBVV95cUxOMkh0RWl6RkdMM2wtNENlRzgtMlZhbUJpSFlHQ0JUODNJd1ZPYm4wRm5PN0VqbnZUSUhWekxyY0ZRSWc0cmpaQUh3SmwwUlZic0pDc2ZDekhHMngzdXFjZE5zR2wwMVlYeFIyUTR0T2tRX1E4Zk1VSU1jd0lHclpNYWJlZi1HTEZD?oc=5,"Sun, 30 Nov 2025 08:00:00 GMT",2026-09-12T09:16:27+09:00
GoogleNews:SNS　買い物,SNS　買い物,7人家族・辻希美、コストコで“爆買い” 買い物シーンにSNS「気持ちいい！」「どんどんカゴに入ってく」 - オリコンニュース,https://news.google.com/rss/articles/CBMiVkFVX3lxTE9BamhtdUdxdE1pemhweUdRTVJ0SHhHZE93TGMwekthc25nNmhHTmNxSi1YUVJwYmxoZzRsMk84cVBuanZMTnIzTDZUZ01wQlE1QTU1MFdn?oc=5,"Tue, 19 May 2026 07:00:00 GMT",2026-09-12T09:16:27+09:00
GoogleNews:SNS　買い物,SNS　買い物,ヴィレヴァンSNSフォローでお得にお買い物しちゃぉぅぜ！！ - ヴィレッジヴァンガード,https://news.google.com/rss/articles/CBMiWEFVX3lxTFBjTV9uUnpBakZtODY0UDRYSHZUODRpTi05bzJob0ltR196V3lMMnQ4cWp4dXRmekRMNmJTbVlxY3dnVHBWVl9OUFVrb0lXdUp3NUhHeG5RSXk?oc=5,"Thu, 25 Dec 2025 17:34:07 GMT",2026-09-12T09:16:27+09:00
GoogleNews:SNS　買い物,SNS　買い物,ノース・ウェスト12歳、顔ピアス風メイク＆ド派手ウィッグで買い物へ「大人びすぎ」SNSで賛否 - ELLEgirl,https://news.google.com/rss/articles/CBMiiAFBVV95cUxOMzdLeUpKLVFVQ2s4aEswSVZaQ01HWlo1ZjNDY1Q4SUF3clJmZzQ5dVV5RDZBSDV5OTE5bjczYS1NS3dZblBnT2pSRVJWNU9nOHo1VlY0MmZfZkZNZWg5cTlUMjdTcDFmdlZKUmdlT1VZQjJoQWc2OGd2RlJFTWhLVnQ2cWJuQ0NB?oc=5,"Thu, 19 Feb 2026 08:00:00 GMT",2026-09-12T09:16:27+09:00
GoogleNews:SNS　買い物,SNS　買い物,CookGo／SNSで見たレシピ、もう探さない。AIレシピアプリ「CookGo」、新たに「献立自動作成」「買い物リスト」機能を追加 - Newscast.jp,https://news.google.com/rss/articles/CBMiR0FVX3lxTFA1cUpLaVZUOWdlNVdpM2dSVnFUTkVhVFFGNkE4X21YVXdNNTRLLU5EcVJBRlcwWGZ6NC15M3h3YVZVcF9hQzdR?oc=5,"Thu, 14 May 2026 07:00:00 GMT",2026-09-12T09:16:27+09:00
GoogleNews:SNS　買い物,SNS　買い物,Faker「間違えて買いました」―“なにか深い意味が？”とSNSで話題を呼んだ「謎の買い物」、ミスだったことを正直に告白【LCK】 - FISTBUMP,https://news.google.com/rss/articles/CBMiY0FVX3lxTFBZbldKRWpfT0x3NUNsZU1xQkl4Wm1YQmdKUjgxbU9FSzJpRF9ZN2pLNFE0Q00xYWxtZjJUbUpBM2ZHSkQ4cU5iLUlybERkUXZVenlZSjZDckFMMTZOejVXR3hzUQ?oc=5,"Mon, 02 Feb 2026 08:00:00 GMT",2026-09-12T09:16:27+09:00
GoogleNews:SNS　買い物,SNS　買い物,三井ショッピングパーク アーバン・RAYARD対象施設でスタンプラリーやSNSキャンペーン - マイナビニュース,https://news.google.com/rss/articles/CBMiXEFVX3lxTE56LU5wRVlsVFhsaWlJeUZMUDRsYTU0TG42ZF8zQ3BuU1VBU1QwZENVaW1QdVFUTWZmMmJucl9iSzZLTDBZRVR0RFNNODNSSzd3TWx0VTl3TUM3WW45?oc=5,"Wed, 11 Mar 2026 07:00:00 GMT",2026-09-12T09:16:27+09:00
GoogleNews:SNS　買い物,SNS　買い物,Yahoo!ショッピングでSNSを活用した新機能「Yahoo!ショッピングアフィリエイト」 - ケータイ Watch,https://news.google.com/rss/articles/CBMiZ0FVX3lxTE50dzFZdGN3RzcyT1hBY3BHdGJxYlZ4Y09fak1GMndsUlh3a2J2MHFXVnFuMko3UGhXVzBQVzJsbWhIUElwelZxaE16bG1xOWNsNVg4Qm9HVThJYUlRRjZfZFhhWUtKTms?oc=5,"Mon, 26 Jan 2026 08:00:00 GMT",2026-09-12T09:16:27+09:00
GoogleNews:SNS　買い物,SNS　買い物,Yahoo!ショッピングアフィリエイト刷新 SNS流入にテコ入れ - Impress Watch,https://news.google.com/rss/articles/CBMiZEFVX3lxTE1fekpQTDhBX2NGZG9JS1BCZUhPcDk3ZHpSd3puT29zZkE1QjR6YS00WTFRTGlOLUdPTmNsZnFkMnZLa3J0STU4dlJVdDIwX3FSanNHaEZQRURlSlJnejlUVGtGNlQ?oc=5,"Mon, 26 Jan 2026 08:00:00 GMT",2026-09-12T09:16:27+09:00
GoogleNews:SNS　買い物,SNS　買い物,【コストコ】遂にコストコが店内撮影OKに！SNSへの掲載も歓迎（コストコ好き主婦 みんご） - エキスパート - Yahoo!ニュース,https://news.google.com/rss/articles/CBMiiAFBVV95cUxOeXpLd1ZLUlFDQ2plSWRDdUw0ZVdUZXhFdlZOcENId05TWW56RThhaEJGakczOG5FWlY4SFUwR09HTnQzcU5kVFlOcFU4ai0xWHdSUWlPZmRTeC1BaWxkZkI4NlQ2bEQ5X0ZFTnVwQi1zVEk4dzY2M3VKa2RaVHBPUXRfa0cyM3g0?oc=5,"Tue, 06 Jan 2026 08:00:00 GMT",2026-09-12T09:16:27+09:00
GoogleNews:SNS　買い物,SNS　買い物,SNSを通じて簡単に始められる「Yahoo!ショッピングアフィリエイト」を提供開始 - Web担当者Forum,https://news.google.com/rss/articles/CBMiW0FVX3lxTE1ScTV2U0R1VjVtMVhxbDF6bTJJOGYxNHphU2xOSEtMS1JnSzMwb3Vmdk5VUUNNbUFSdnZsLUdNeUlEM2NHV0hMdy1OdE44aFlzbDBzOWJrSWc1dVU?oc=5,"Tue, 27 Jan 2026 08:00:00 GMT",2026-09-12T09:16:27+09:00
GoogleNews:SNS　買い物,SNS　買い物,ショッピングモールを現実版バトルロイヤルのフィールドにするARゲームが中国SNSで注目されている - GIGAZINE,https://news.google.com/rss/articles/CBMicEFVX3lxTE1UcVpNTWlEQnVtVl81b0l6MVY5aWdSVUFaX3Yxc0V0N1FvYU9zdFdmV09xc3dYTGVFODgyWlBoWXZ0bzlQczJSSDFrNUU0RjNXQ1VBb1QzTEhfSWpGUk14VHVybWtJS0pmR1dPRHZUX2c?oc=5,"Wed, 06 May 2026 07:00:00 GMT",2026-09-12T09:16:27+09:00
GoogleNews:SNS　買い物,SNS　買い物,ヘブンに買い物を頼まれたトキ、その奮闘にＳＮＳ爆笑「完全にモノボケ」 - Lmaga.jp,https://news.google.com/rss/articles/CBMiU0FVX3lxTE5lRktjYlVsYUJhRDBMTUVrQXUtelFuNEdZWGJ4ZzVscUVqbTdhM1k0eHhEZENoWkx6R3JnWVFvN3hDLVhVVmN5MmVhYzNZbVgyZWNz?oc=5,"Mon, 17 Nov 2025 08:00:00 GMT",2026-09-12T09:16:27+09:00
GoogleNews:SNS　買い物,SNS　買い物,SNSきっかけの買い物、「インフルエンサーから影響」が最多に 20代の6割近くは「商品知って1週間以内に購入」 - AMP[アンプ],https://news.google.com/rss/articles/CBMiXkFVX3lxTE5DRW40OVRvb1V2ZHRhaXZQa2YtNlZEZmZQZXNzTUJDMGg0N0E4d1dBam1CRi1JLVlJbzlhSUY1LWpUTHBhMmFyUkU1QkVvbjhTZkZYMWEzUUZUVmZZekE?oc=5,"Wed, 20 Aug 2025 07:00:00 GMT",2026-09-12T09:16:27+09:00
GoogleNews:SNS　買い物,SNS　買い物,認知症の母がテレビショッピング止まらず困惑→SNSに投稿 →ジャパネットたかたが直接連絡…神対応に絶賛【裏側を聞いた】 - まいどなニュース,https://news.google.com/rss/articles/CBMiUEFVX3lxTE1FZWpnSzQ1WjVXVFYyV1BpZVFOdDktZGtLVVlXYmZKVTAwMG5rZVdMbnZJbEhvZ0ZPOXNCUHlTdkxjOWhocEJoZ3Y0NFVqanAt?oc=5,"Thu, 04 Dec 2025 08:00:00 GMT",2026-09-12T09:16:27+09:00
GoogleNews:SNS　買い物,SNS　買い物,オンラインショッピングにおけるSNSと購買行動に関する調査結果レポート - コマースピック,https://news.google.com/rss/articles/CBMiVkFVX3lxTE5jMGhsa2I3bUsyZjdUZGxmTnFrRlhMX3FBMjlfWHV0THloOVFzMlpiVUZ3X3cwXzFhbVpDTzVZaGtyTlV0YzlZTHVsS3BqY3RKSW9hREZn?oc=5,"Thu, 17 Oct 2024 07:00:00 GMT",2026-09-12T09:16:27+09:00
GoogleNews:SNS　買い物,SNS　買い物,【みついショッピングパーク キッズクラブ】“かわいい×ミステリー”SNSで話題『うそ探偵トマント』公式キャラクターに就任！ - PR TIMES,https://news.google.com/rss/articles/CBMiakFVX3lxTE1rcGNCeDJ3dU5jQ3NlSTFmeXR4RGJRcEIwOHdXX0ZSbjJQZHJBTDlUdVltaGtab0tyb1VUajNjTmhjVnNsTE91cUtZZE9WR1pJS0ZRaXhxS2RHMUtrMzFuWENWREpPbHJnbkE?oc=5,"Wed, 01 Oct 2025 07:00:00 GMT",2026-09-12T09:16:27+09:00
GoogleNews:SNS　買い物,SNS　買い物,Z世代の「買い物は投票」ってどういう意味？ SNSを駆使した購買行動 - 朝日新聞 Business Hub,https://news.google.com/rss/articles/CBMiWkFVX3lxTE8tZXBadDRDR1hTNEVxc2xHWlVEckhZRloxTEVkOGlrMmdKX3VMN2VZNW9LeElqeFJUOXF4R1NMLTRHQ3dCclVCYUVycUNMNEtpeUpxQlMyOHBOZw?oc=5,"Wed, 09 Aug 2023 07:00:00 GMT",2026-09-12T09:16:27+09:00
GoogleNews:SNS　買い物,SNS　買い物,SNSやショッピングサイトの不正ログインに関する相談が増加中！ IPAが注意喚起 - INTERNET Watch,https://news.google.com/rss/articles/CBMia0FVX3lxTE13TUNibFl2Ul9hb092RVdKZ3FtSS1oa0F2NVJ6TVJsQVZ2ZHVzQUsyUVl4MzJBdVBsSkxpZUh6YldPYzlPTFd3NUUwa0tqOG9aejQ1WjlKQ2FOV3VxRGtXZFhlVUI2aG1JVnFz?oc=5,"Fri, 29 Aug 2025 07:00:00 GMT",2026-09-12T09:16:27+09:00
GoogleNews:SNS　買い物,SNS　買い物,Z世代は選ばない 買い物はSNSの「お薦め」 - 日本経済新聞,https://news.google.com/rss/articles/CBMibEFVX3lxTFBWdm9tWXhCemtzNkZGb040RHhialZPZHo1bTFZU0pnZnkxb1d2YWFiUmMtWUhCMHNibW83MnNMaG83d3J6YXN2Vk9ibnZYcFRERmtaNnF4Q3hZVDkxcXk4UTlQelRiSm5Lb2tvVw?oc=5,"Sun, 16 May 2021 07:00:00 GMT",2026-09-12T09:16:27+09:00
GoogleNews:SNS　買い物,SNS　買い物,大手SNSの広告から誘導される偽ショッピングサイトにご注意ください。 - pref.shiga.lg.jp,https://news.google.com/rss/articles/CBMiYEFVX3lxTE85dV85Y2hHUkZWYjJPZEtuU0xZWUdCNmw2a2NLenJFb0tzaXJudTJlQVU4dklTQ0lhdnhPWFNaU0ZBWTQwdENHQ2ZiSVhNX213VTc4ckR4aFVBSjVIWTR3Rw?oc=5,"Tue, 21 Jun 2022 07:00:00 GMT",2026-09-12T09:16:27+09:00
GoogleNews:SNS　買い物,SNS　買い物,【2024年オンライン消費者実態調査】オンラインショッピングの際の情報収集、SNSを利用が28％ - PR TIMES,https://news.google.com/rss/articles/CBMiakFVX3lxTE1iR2YxU1BJTktzR0w3dUoxaXEwSUQ3Zmx6ZDNKbnVuLU85cXIwcmI5d3ZISTdPRkFNa292d2NGSXItOWhiN2JYSnltTmttdjM2ZHlndm5INGM1ZjcwYllIU3VIa2pVS2VLUnc?oc=5,"Thu, 04 Jul 2024 07:00:00 GMT",2026-09-12T09:16:27+09:00
GoogleNews:SNS　買い物,SNS　買い物,【Z世代調査】よく使うSNSは？ショッピングなどSNS利用目的は？買い物に対する意識や行動は？ - ネットショップ担当者フォーラム,https://news.google.com/rss/articles/CBMiUEFVX3lxTFBjcU9rYkt1Rk9DeDlkcXpHRkVHVWpvOVpwOWEtVTV2aWFFeTlQaWQ5R19sUnVtZ2Q0dHNoVVlKOGlwZVpZZDJhaENCUHkzS2tJ?oc=5,"Thu, 20 Jan 2022 08:00:00 GMT",2026-09-12T09:16:27+09:00
GoogleNews:SNS　買い物,SNS　買い物,"SNSで大人気""べじまる""の「レジカゴぴったり」ショッピングバッグが登場！ - （株）Gakken公式ブログ",https://news.google.com/rss/articles/CBMiXEFVX3lxTE5Ba1Bnb29mdy1wQ0s2WERnaTdaTktPSURKWnQwbE1PUnV3MXkwcm5qZEpHT1c4UU55SFZjemRLWnVfNXphN1djVWxvQ1Z6TEtlNmlBa2tHSFR1cE1C?oc=5,"Thu, 13 Mar 2025 07:00:00 GMT",2026-09-12T09:16:27+09:00
GoogleNews:SNS　買い物,SNS　買い物,Z世代が「いい買い物をした」商品との出会いでSNSが急増、店舗での遭遇率は低下も、購入は店舗がトップ - トラベルボイス,https://news.google.com/rss/articles/CBMiVEFVX3lxTFBaUDV0cTFubWxBTktxbjk3NkpNTERhRV9iTzdYMHhuczlqbnlCMlo4Y1lrRTRaQ2hSY2VKVEkya2pscUNhTWxsbUFpb0wtY3c1bEZrTQ?oc=5,"Mon, 07 Mar 2022 08:00:00 GMT",2026-09-12T09:16:27+09:00
GoogleNews:SNS　買い物,SNS　買い物,買い物メディア「your SELECT.」公式SNSのショート動画が累計1億回再生を突破！本格運用開始から1年で総フォロワー数も13万超 | 株式会社キュービックのプレスリリース - PR TIMES,https://news.google.com/rss/articles/CBMiakFVX3lxTE5hNkNHYk9oeFBhSjZXTTlyNktQQzA3MmdKSzk3WE9vTlctcXpDb0FTVUhBZEowb0JLTkZtbEY5OF83ZTlQdHFOenV0elkxZDd5aWVtTjBVMUpkaGJjeTlfU3B4Z25HX0RaSVE?oc=5,"Tue, 03 Sep 2024 07:00:00 GMT",2026-09-12T09:16:27+09:00
GoogleNews:SNS　買い物,SNS　買い物,【主婦層リサーチ】SNS利用と買い物行動についてのアンケートを公開 効果的な主婦向け広告手法が明らかに - PR TIMES,https://news.google.com/rss/articles/CBMiakFVX3lxTFB1UWZ5cVNNbU5mTlFza185OW5KWkR6bFc2MjY3VTNkNkF4ajV0TUFoelZzVXlfc255TWhsVXVpTnVOTFZIUmV2QWxvTkd2YkJCODJGeE5mTW5aeW1hUmsxQ0FzOGZydXBieEE?oc=5,"Wed, 11 Nov 2020 08:00:00 GMT",2026-09-12T09:16:27+09:00
GoogleNews:SNS　買い物,SNS　買い物,SNS、投資サギかも 門別署と町、富川高合同 買い物客に被害防止啓発【日高】 - 北海道ニュースリンク,https://news.google.com/rss/articles/CBMiTEFVX3lxTE5vcTNOZHYzQkJMajZqSV93engwZ0J4Ui00U3J2cXpVQUQ0Y2twd1J0UjBWcWw5cWozQU5GUHNxVGpBcXZEb1hFTm1qeVU?oc=5,"Mon, 21 Oct 2024 07:00:00 GMT",2026-09-12T09:16:27+09:00
GoogleNews:SNS　買い物,SNS　買い物,【Z世代の買い物事情】InstagramなどのSNSをきっかけに購買…？ - limo.media,https://news.google.com/rss/articles/CBMiVEFVX3lxTFA2OERTX0dlQ0JwN19vblZldEFfSjF4NklxTTM0UUFWVDRlOHF1MGFISU04cG1RYUo1TUZPb0otelA5Z3FCQ3F4SlhyTzJvR2pMOHBkaQ?oc=5,"Sat, 08 Mar 2025 08:00:00 GMT",2026-09-12T09:16:27+09:00
GoogleNews:SNS　買い物,SNS　買い物,オンラインAI 接客×SNSチャットでECの買い物体験が向上 Appier (エイピア) とピアラが手がけるサービスとは？ - ECのミカタ,https://news.google.com/rss/articles/CBMiVkFVX3lxTFBSaXlpU191cklKZER5bzhZT292MDBISVR5MWxpdEhPV2xpUWVWYm5teEpYWGxVbHFoMXZybktCZnNWM0ZSTzQ3bjFINW5XeVBMYnFkMlRR?oc=5,"Wed, 10 Aug 2022 07:00:00 GMT",2026-09-12T09:16:27+09:00
GoogleNews:SNS　買い物,SNS　買い物,【SNSで話題沸騰】丸くてかわいい野菜の妖精“べじまる”初の公式BOOK！「レジカゴぴったり」のショッピングバッグに描き下ろし漫画10話掲載のミニブックも付いてくる！ | 株式会社 学研ホールディングスのプレスリリース - PR TIMES,https://news.google.com/rss/articles/CBMiakFVX3lxTFA1MGIzMm5QeUJBUlRCcWZCMm45Y1FjSUhTRkczS3lkNmdldGVoaWNHRXhTampDY21IMjhmN0prRjY4WTEyZDBOZHZaYlZuWkdJbmRPRXVCVlk4Vm0xeW81cW5jcUJMQ3hlRnc?oc=5,"Fri, 07 Feb 2025 08:00:00 GMT",2026-09-12T09:16:27+09:00
GoogleNews:SNS　買い物,SNS　買い物,オンラインと店頭の架け橋になるのはSNSコンテンツ 買い物の効率化と楽しさが両立する店頭販促が鍵 - 宣伝会議,https://news.google.com/rss/articles/CBMickFVX3lxTE1lbm1Lb0l5WTN0UTVUalJaa0pSaXVBM2tiZXNlenExRzJlalM1Q2hYZllBWmJWWVdtYnRKa2Jib3I5ZFE2V1oyUzJWeENaUXFRSDZvQUdEOEZTczhWWHpTTmpzQVlCeE1NbEt2QldMT1NUZw?oc=5,"Tue, 28 Jan 2025 08:00:00 GMT",2026-09-12T09:16:27+09:00
GoogleNews:SNS　買い物,SNS　買い物,「買い物依存症」「SNS依存症」 “止メラレナイ”はあなたの身近にも潜んでいるかも…？ - abc-magazine.asahi.co.jp,https://news.google.com/rss/articles/CBMiV0FVX3lxTFBHR1lPbktfT0F0WUh0NTNpRER4X2t1bUdIczJEZFoyTWlhMlR2MVc2RDhCTjAzVE91QzJkN29vQkstN3gzcm9mRk91NGs5MzhxSVltMWZ0aw?oc=5,"Tue, 30 Apr 2024 07:00:00 GMT",2026-09-12T09:16:27+09:00
GoogleNews:SNS　買い物,SNS　買い物,｢買い物依存｣｢SNS｣｢お酒｣うつが悪化するNG行為 しがみついてしまうことで良くない状態になる - 東洋経済オンライン,https://news.google.com/rss/articles/CBMiUkFVX3lxTE5vaXdzYl9aMUtnbVJxLXJXVUJVVkc0dWoySkNncWFaQWpTY1ZMSzVQUU1vT3ZmYW1CUlJYMFdmXzBDQ3NCbjBoWlJ4a1RZdGZOaUE?oc=5,"Tue, 18 Oct 2022 07:00:00 GMT",2026-09-12T09:16:27+09:00
GoogleNews:SNS　買い物,SNS　買い物,「絶対失敗したくない」大学生の買い物はSNS至上主義「公式信頼できない」 - 高校生新聞,https://news.google.com/rss/articles/CBMiW0FVX3lxTFBDeEgtNFprd3k4NjJRcWRQdlo4YVZhZGNuRHRtNnh5QUNWMmthSm9MYmpNRUtUbXpGazI2TjRibkdGUXRkUGN0QjhqSE5KYTVISW5ZLWJyZ3ZLaHc?oc=5,"Thu, 09 Jun 2022 07:00:00 GMT",2026-09-12T09:16:27+09:00
GoogleNews:SNS　買い物,SNS　買い物,悪質なショッピングサイトやSNSを利用した詐欺にご注意ください - PayPay,https://news.google.com/rss/articles/CBMiVEFVX3lxTFAyclBWUTk4Nm1ITFZidkhrNUVKWTFfZFdoOXFMako1aC1UME9Ib2U3Njk5b3BWY1pYcFBTUGNDNzJIRy1qZ1ZYR3FmNUV1SG1Fc2U4Qw?oc=5,"Mon, 16 Dec 2024 08:00:00 GMT",2026-09-12T09:16:27+09:00
GoogleNews:SNS　買い物,SNS　買い物,SNS情報収集はユーチューブ キャプテラがネットショッピング実態調査 - OVO [オーヴォ],https://news.google.com/rss/articles/CBMiT0FVX3lxTFBwYUhiTmhKN1B3Q29xZXdJLUV6Wjh0TElXV2J0aGJzOTdDdkQ4SDZFbXhsaEdtMEJrUkdYclk3UVJ4ckxnSGZXS3E3NU1Kc0k?oc=5,"Tue, 16 Jul 2024 07:00:00 GMT",2026-09-12T09:16:27+09:00
GoogleNews:SNS　買い物,SNS　買い物,PayPay、悪質なショッピングサイトやSNSを利用した詐欺に関する注意喚起 - ECのミカタ,https://news.google.com/rss/articles/CBMiV0FVX3lxTE1jREsxVDJMM0xoaUNjRU1DRHRYajdlMjBtYkVKYkpIdVVyUHhxQWJwdWh2RG1KVE1FNS1PUURPbVVkTDR1TlVwUTlCR0lodTU1X0xIcTJkcw?oc=5,"Tue, 17 Dec 2024 08:00:00 GMT",2026-09-12T09:16:27+09:00
GoogleNews:SNS　買い物,SNS　買い物,大型商業施設利用に関する意識調査、利用目的は「買い物（95%）」「飲食（64%）」、期待するのは「何でも揃って便利なこと」 - PR TIMES,https://news.google.com/rss/articles/CBMiakFVX3lxTFBUeUhhb0JRVThlYXpRVDBzVmZDVXBFN3NLaFpjN1Q4ZVhFWTl6eTQzY2VBeHZTUkxRX2NybmFFNVIxMlFSZVFiUjdvN1pfYnZ6cTVuSUQ3OW1SR0RDZWtuR181VlFQb0hpUlE?oc=5,"Thu, 09 Dec 2021 08:00:00 GMT",2026-09-12T09:16:27+09:00
GoogleNews:SNS　買い物,SNS　買い物,PayPay、悪質なショッピングサイトやSNSを利用した詐欺に注意呼びかけ - ケータイ Watch,https://news.google.com/rss/articles/CBMiZ0FVX3lxTE1MSS1MY1RqRFhfVm9mdkg0bHMyQzNCNDB4MExvRExfZ1VhS3JtM3ZDVlNnelFmd1ptTVh1Y2c2bHlmRk5PVkdRb0taYlFYUElqbi1EWUFQZVJXZUZDYV9Bc1I1RHNiOGM?oc=5,"Tue, 17 Dec 2024 08:00:00 GMT",2026-09-12T09:16:27+09:00
GoogleNews:SNS　買い物,SNS　買い物,SNS投稿・拡散や買い物をしてがん治療研究を応援する「#deleteC大作戦」開始！ - STRAIGHT PRESS,https://news.google.com/rss/articles/CBMiU0FVX3lxTE1abEpUUkVBWW5BUUliSGRlaDNhSXVGSEQ3YnY4LWdBV3dCY3U3Wjhvb01tYmNjQmplRzNONEpvZzU5dzdnaWdjYXNOZDBDOUlnSUM0?oc=5,"Wed, 28 Aug 2024 07:00:00 GMT",2026-09-12T09:16:27+09:00
GoogleNews:SNS　買い物,SNS　買い物,【ＳＮＳ特報班】買い物や自治会 影響懸念 「縮小社会」読者の声 - 宮崎日日新聞,https://news.google.com/rss/articles/CBMicEFVX3lxTFBKNWp6NDZFLWdTTUpvRTJOYmEtZ2pTUFU0YWEyZ3dzWjVPZkRmSElGUmdkZHhhSWR0ZkhzUXpxWUt2QVBlUE1HcGpWdndoWWZoMmpTMXVyejExa2FEX2VYNDU3czVhdlhlQVJqLU9hZmU?oc=5,"Wed, 17 Apr 2024 07:00:00 GMT",2026-09-12T09:16:27+09:00
GoogleNews:SNS　買い物,SNS　買い物,買い物メディア「your SELECT.」公式SNSでの動画総再生数1億回突破を記念して紹介したアイテムの中から、いいね数が多かったアイテムBest5をプレゼント！ - PR TIMES,https://news.google.com/rss/articles/CBMiakFVX3lxTFBUWVZ2b2hIcGMwdW9jaVRyY2s3ZFk5ZUhPVnFmdGRvN25WM2lLWUFxTEhKaWtSNnUxNWJGM3o3UmQ0Y1diZHFGWUF4TXI0ckExVWxteTc1NW54bUg0bUxGWWl2RVlTTjVOQmc?oc=5,"Tue, 03 Dec 2024 08:00:00 GMT",2026-09-12T09:16:27+09:00
GoogleNews:SNS　買い物,SNS　買い物,ドラマ「満タサレズ、止メラレズ」買い物依存、SNS依存に向き合う麻衣＆美穂のKV（コメントあり） - ナタリー,https://news.google.com/rss/articles/CBMiTEFVX3lxTFBLaGZsNHdQOHRMVmxHZTNHZ0otTGFqUThyMU9QcURZX0Judk1rM1BXZzUyaDZjMnRORmQxelNxWjVaN2ZKaHpiVlhiTDY?oc=5,"Thu, 06 Jun 2024 07:00:00 GMT",2026-09-12T09:16:27+09:00
GoogleNews:SNS　買い物,SNS　買い物,買い物、SNS、アルコール…依存症の人々を描くマンガ「満タサレズ、止メラレズ」がドラマ化 - ぴあエンタメ情報,https://news.google.com/rss/articles/CBMiX0FVX3lxTE8tbGVMZmwtTmNjZ2w0c1kteWJXUm91NndYSXU4RnJHRHpaMGJpVlBZYWtoajBSZTFubkMwN2tqV0p6ZTdiMlpfY1Y2Nm83TGtDM21Hb1h6ZVNsMDVNZHVr?oc=5,"Tue, 30 Apr 2024 07:00:00 GMT",2026-09-12T09:16:27+09:00
GoogleNews:SNS　買い物,SNS　買い物,若い人ほどSNSの投稿を見て買い物する意欲が高い、SNSが与える消費行動への影響調査 - ネットショップ担当者フォーラム,https://news.google.com/rss/articles/CBMiT0FVX3lxTE1OTk0yY0VsRkpYOEQzU1phVjJmQTZlUW1nYlBTLXo4TGhoaTNHZ3RMREgtTVdfVkxNRlp2U29SVklwbWEtdnVIZkV3aFpfSm8?oc=5,"Mon, 17 Nov 2014 06:00:27 GMT",2026-09-12T09:16:27+09:00
GoogleNews:SNS　買い物,SNS　買い物,"いいね！で買い物ができるSNS『Pocolo（ポコロ）』が、YouTuberの""JJコンビ""や""関根りさ""参画のVC『iFund』と資本業務提携。""お金で買えない体験""をいいね！で買える新機能リリース - PR TIMES",https://news.google.com/rss/articles/CBMiakFVX3lxTE5xY0tndG9SN2FHWTUxUUZUdG5RYTdiRV9mbWVPTTRxeTlsZ1VXWllrQzRWTDk1eW5wVnNFSzBvTHQwM0JlOTR2elEySXZVZWEzeG9Id0VTSnNxNmpKcVFyVFZNaG5SeTh2SUE?oc=5,"Mon, 30 Nov 2020 08:00:00 GMT",2026-09-12T09:16:27+09:00
GoogleNews:SNS　買い物,SNS　買い物,そこでは昼ドラ並みのマウント合戦が!? SNSで高級ブランド品を投稿するハッシュタグと出会い…／夫に内緒の買い物日記 - ダ・ヴィンチWeb,https://news.google.com/rss/articles/CBMiT0FVX3lxTFBCSjVEaG9PcTlYRF9uUG5sWEdzNHNYai11anctVF9acDhfdkVHSTE3ckFITXI5SVhXR3BBdUlvNDNaMEpMbFZVWEtZdUNSSjg?oc=5,"Sat, 19 Aug 2023 07:00:00 GMT",2026-09-12T09:16:27+09:00
GoogleNews:SNS　買い物,SNS　買い物,「買い物しない金曜日」がSNSで拡散。2月28日限定の不買運動でアメリカの消費者が求めるものとは - ハフポスト,https://news.google.com/rss/articles/CBMieEFVX3lxTE1pa1FrWVRQQy1vVXFPMEoyZVVxZkZPWU42OG0tSXJFQ3pvU1BZWXppeGNROHV4a1hmc0ZSYTNhMGIteTBQdjNiT0ttVlFReU9rVFQ2MElRdVJaY3FRbHJ3YUc5Skg1eE14SVZKS1ZvcmR2d0V1cU1iSQ?oc=5,"Fri, 28 Feb 2025 08:00:00 GMT",2026-09-12T09:16:27+09:00
GoogleNews:SNS　買い物,SNS　買い物,取引手数料完全無料SNSとショッピングの複合アプリ「売買（Buy Buy）」をリリース - PR TIMES,https://news.google.com/rss/articles/CBMiakFVX3lxTE1aZkFVczBvMUJuWVhlSGRGeE5BWnoxa3FmSDIzNU15MDg2SUFCTTJWZThkc3E3WmFYRUItd0xXMjZMSEFoQlJFX1U4Q3htY0xXNV9xZVdPRnJldHFVeTAzQU0zS2R0UjFrOGc?oc=5,"Thu, 17 Dec 2020 08:00:00 GMT",2026-09-12T09:16:27+09:00
GoogleNews:SNS　買い物,SNS　買い物,筧美和子→買い物依存症、鈴木ゆうか→SNS依存症 『満タサレズ、止メラレズ』でW主演 - encount.press,https://news.google.com/rss/articles/CBMiT0FVX3lxTE5VeGtRLUVybGw0VHFmWm4wODBrdkZVa21LLU1oLVV2QlhGdVZvdVpQNktTSWJDXzZQRGY0ckRpN3ZoUEx4Vkh1ZElpSWNTR0k?oc=5,"Tue, 30 Apr 2024 07:00:00 GMT",2026-09-12T09:16:27+09:00
GoogleNews:SNS　買い物,SNS　買い物,楽天、ショッピングSNS「ROOM」において、「コーディネート機能」を提供開始 - PR TIMES,https://news.google.com/rss/articles/CBMiakFVX3lxTFB2VGFKVVgzaUlVem8yNTc3MHJsNXRQVVRlRS1PYUhGMUlZU2VfcmNkci1nbGdmbGhRZ2o4VFJKQXQyUUFKZ1VPRzF5QTIwNXRMdWpialNoczVNRTY4amRvdmZUQ0lpNEJob2c?oc=5,"Tue, 25 Aug 2020 07:00:00 GMT",2026-09-12T09:16:27+09:00
GoogleNews:SNS　買い物,SNS　買い物,SNSの悪口で買い物中に涙……　店員お勧めの深夜ラーメンとセルフハグをキメて乗り切る漫画があったかい（1/2） | ねとらぼ - ねとらぼ,https://news.google.com/rss/articles/CBMiXkFVX3lxTE56UTYxZ0dFbmxZaWduSmM4cmZNWm9QbWVLWFkwdE5vV0RFQWpDM3dOOFc5LVBCbnNueWhtOWN5dzVid3Z1eEtYWDVpU1VEd3B6MEd1bmFfbWNScXFjMVHSAWNBVV95cUxQTHJneFJ3RVlRMFhnVTN1V1hnaWZVbUtKUVZIQXAwQzlVdXZBT2xDdHNVNlJpNENnZkZRZE84QVNhOWNNT3lqa21wc09WMXlDdlRvSV9zejhQUFBiVmZkbW1xYUE?oc=5,"Tue, 18 May 2021 07:00:00 GMT",2026-09-12T09:16:27+09:00
GoogleNews:物価　家計,物価　家計,名目成長率急騰、企業・家計・政府に温かさ拡散…物価・家計負債には警告灯 - jp.ajunews.com,https://news.google.com/rss/articles/CBMiW0FVX3lxTFBhcDN2bmpnVDFTNmVkcWZKanRfd3FqcFM3VEJEbFpONWZuelFuSTFpVmVJRjRlLUxDTndWT09YRTZOamItWUtZcWV4V01TZ2J5VGxPNDQ3VFRSTnc?oc=5,"Thu, 10 Sep 2026 03:08:20 GMT",2026-09-12T09:16:29+09:00
GoogleNews:物価　家計,物価　家計,家計のインフレ予想「0％」は消失も、「2％」が定着しない理由とは？物価と為替を安定化させる“アンカー”不在となるリスクも - cigs.canon,https://news.google.com/rss/articles/CBMiWkFVX3lxTE1FQWpSdlFwcnhoTG53U1pqM2V4MG5VSDJiVURoTGpMY2hGZ2U3dlFhd2tPZHhwYmRxWVBoNzI3cGF6Q0FvVkxXd3JweVdPSVJYd04zMVRMRXp0Zw?oc=5,"Thu, 27 Aug 2026 07:00:00 GMT",2026-09-12T09:16:29+09:00
GoogleNews:物価　家計,物価　家計,インフレが再燃し物価上昇が家計を直撃 トランプ政策と対イラン影響を検証 - Межа. Новини України.,https://news.google.com/rss/articles/CBMiakFVX3lxTFBYeFByYkotV1RBcVp5RjFjMW4zVzJzdzFsQ3lFbURfTUJaSjM0N2gzYVl2Q1dicmJpSU9RSXhsUmFSWXduaHNQazlJM0szbE9lQkR3c1ZaczZSSTVGSnFMaWRYNjJ0UXRnLWc?oc=5,"Thu, 10 Sep 2026 22:01:00 GMT",2026-09-12T09:16:29+09:00
GoogleNews:物価　家計,物価　家計,"【衝撃の物価！家系ラーメン一杯5,000円】スイスの「町田商店＜Machida Shoten＞」実食レビュー！ - TABIZINE～人生に旅心を～",https://news.google.com/rss/articles/CBMiS0FVX3lxTE5nQVlJaWJESGZxcXJ3QjUxb3pEVnlDUnBteVdsTDVsX092NEZlRkluSUxRUmQteVJCZ0RRNng3UUI1LUZuQVd5RGFGOA?oc=5,"Tue, 08 Sep 2026 22:30:01 GMT",2026-09-12T09:16:29+09:00
GoogleNews:物価　家計,物価　家計,４世帯に１世帯が「赤字収支」で ❝ 懐の寒い夏 ❞ に！？「物価上昇」を受け約半数の家庭が「出費増」夏のボーナスは平均「54.0万円」、使い切るまでの平均日数は「55.2日」に | 株式会社ＦＰパートナーのプレスリリース - PR TIMES,https://news.google.com/rss/articles/CBMiakFVX3lxTE0yZW85SGxZRE1penBQM3pUN3Btb1ZuTU9rSjJyNEVMM0I4aWlHc245ZTZRZ2dKUVljRHlQVEFFNDZpNEtmUXlwNXNibEFHOHA2X2dWSTZWQnJFOHctN1JxNzQzYllfMW1oNnc?oc=5,"Mon, 17 Aug 2026 07:00:00 GMT",2026-09-12T09:16:29+09:00
GoogleNews:物価　家計,物価　家計,"【衝撃の物価！家系ラーメン一杯5,000円】スイスの「町田商店＜Machida Shoten＞」実食レビュー！ - 千葉テレビ放送株式会社",https://news.google.com/rss/articles/CBMiX0FVX3lxTE1pc0ZseGdRZkprNVowdXdWdHpmWGdtS0szRzZlTFFSV1dpaTAtZTZTNHgyelNTdjVRM1VHaFhHbWdwQkRPeWd6VFdKWjhOd2tOLVptMmsxYUJKcFdSeE1j?oc=5,"Tue, 08 Sep 2026 23:26:31 GMT",2026-09-12T09:16:29+09:00
GoogleNews:物価　家計,物価　家計,家計支出の調査で品目見直し 巨峰→シャイン 煮干し→塩サバ - 朝日新聞,https://news.google.com/rss/articles/CBMiZ0FVX3lxTE5lUGN4SGJmWlRWOFVIa1ZxTjY4OHpkc0p0Z1NoNy02N2szUGxMVUhzUFhBOHdDMlBEalYyd05aeldOZExRUGwxSVp0T1BmQ3lNY1hQdmktTlZLMnNiME15bllUS1hmY2M?oc=5,"Fri, 07 Aug 2026 07:00:00 GMT",2026-09-12T09:16:29+09:00
GoogleNews:物価　家計,物価　家計,令和6年消費者物価地域差指数の概況 - pref.ibaraki.jp,https://news.google.com/rss/articles/CBMiiAFBVV95cUxPMDkwa0pzc0ZoZTNlUTdvWlZaeFA2U2M3bmdyS0FyNHJYTHdacjZaYkhzSnJUb0h2QXVuVlg2d3JmcHE3UF9Oc1Y0MXJvOE9WLVZMQzVxd1hCaDgwQTg2aFp2SkF6OEllUGRzbWQ1YTE3cGI2Snh1Z0JsQkV2THpfOXRfY0l2X2R4?oc=5,"Fri, 03 Jul 2026 07:00:00 GMT",2026-09-12T09:16:29+09:00
GoogleNews:物価　家計,物価　家計,高砂市家計応援事業（プリペイド型ギフトカード配布事業）について - city.takasago.lg.jp,https://news.google.com/rss/articles/CBMikwFBVV95cUxNMm1LaDVmZnFZNXlBdElGbk9lUV9uS1JRd3pfM0FOREd5WWw3UGlCYjNUZzFxM0E4Z1Q0Ry1nMTVNTjZyMnFlMmQ1QW1fdG01a2dONjVVOHdTa19KOE9tYkZraV9kZWc5Z0xaQjZGSmVJTGFjY3ktSEhrN3NOWS1IX3hxa2ZZZjFMUGx3bmdQeWx5VG8?oc=5,"Thu, 21 May 2026 07:00:00 GMT",2026-09-12T09:16:29+09:00
GoogleNews:物価　家計,物価　家計,インフレによる「見えない増税」とは－物価高で増す家計負担の仕組み（Bloomberg） - Yahoo!ニュース,https://news.google.com/rss/articles/CBMif0FVX3lxTE50OFVTME5ETE5nbTRLUlVGU21peUc1LTQ4S1Vkb2FFcFNoUHZIR0xZZDUxVVNPT25KdGUzc19GNVFVajJzS1U4czM5ZVRBanlMdXdwV1FtaTZZbVlyYnpmOUxrWWw0MmZGS1RmRy1DNDVFYXlIa0t2Qzgwck53dDg?oc=5,"Fri, 24 Jul 2026 07:00:00 GMT",2026-09-12T09:16:29+09:00
GoogleNews:物価　家計,物価　家計,エネルギー価格高騰が家計へ及ぼす影響－イラン情勢を踏まえた現状と課題 - nli-research.co.jp,https://news.google.com/rss/articles/CBMib0FVX3lxTE9lSXRzVW01X3BvWWZNNUgzd0ZYeFVMYnFIdldhM01wSDJzTVU0Z3o1YVJ2dzZwN2tLQzNWNWJuQk5sWTdwTXNHbzE5bHZObUZOUVh3dGNLcDRjenM2c0dvVDlxS0t3T2pEQ24tZ29wTdIBf0FVX3lxTE5lQkI0WVRwa0FnWXE2dHNJTVVZYkdFeHozdWdCeDlDLWlLT09sTXhsMXNSV3l1X1VCR2NRaUlydG1wMW9COExvRXdVVFpWbGZFM2RYWTJ5dlZSTExsWU9jR0NheVppQnNoZ1RzZ2dwX19ZSnh6OXB4d25YbHE2ZTA?oc=5,"Wed, 27 May 2026 07:00:00 GMT",2026-09-12T09:16:29+09:00
GoogleNews:物価　家計,物価　家計,家計のインフレ感が高まり、日銀の利上げの根拠が強まる - アラブニュース,https://news.google.com/rss/articles/CBMi_gJBVV95cUxNcjRPYnBwNnhGenR2WVcxNjNvZWRqYVM0MktKR0hCNXRfdUxIM0hPd3o0OTVEQkJpUTVzMW5MajBCQzVCU2VtcDJHckNJUjFkM3ZKUDFMaTQwb1U3cjJVdFpBNl9jNkRRU2hWVC1NZUxjcXBNZF9ibmxCcmhuX1A3czkyRUhBY0VqVzBkdkRCc1dxdFZjTnh6c2tDSVNCS2ViMHJBbEh0akVFc2FBSjRndXo0M2g2VURmM09DRXc1UUxyblBuaVMwU0hYQ00weUU2VXFEU1lwdHFmMWVEbzlzX3VzNlFYUUQydDFXNGUySGVkZVM1VTR0RkFTWnlIQnRMMGNPZWxBblpmTFh0MWV1Z2lLbG5jdEU1T1FtNTRGVzhKRGs0aUZGeDFfVGw2aFpMQkxaMkd1dmRnNlNvYUJyTDQzM0ozcmVKdDBEOTk4cDh2NlduNTh1emlMZk1vRkJwbU9SY0xBS0RocmpIbDBybXcwRHc1M1hWbmpOX3p3?oc=5,"Thu, 16 Jul 2026 07:00:00 GMT",2026-09-12T09:16:29+09:00
GoogleNews:物価　家計,物価　家計,金利上昇とインフレがもたらす日本経済および家計への影響と構造転換 | 永濱 利廣 | 第一ライフ資産運用経済研究所 - 第一ライフ資産運用経済研究所,https://news.google.com/rss/articles/CBMiW0FVX3lxTE1mTUR0LTZPV2RDUE1yUnFpdjJlbEtCWFNHYmNkV2hUNTN0ZXhFMHp0dVlHU2FMdlhURkwwOUg2VW9DcmVwTUpyOFIzdmZVdzM5V3MyZmxkZG1RZWs?oc=5,"Thu, 18 Jun 2026 07:00:00 GMT",2026-09-12T09:16:29+09:00
GoogleNews:物価　家計,物価　家計,日銀調査で家計や企業のインフレ期待の上昇続く、利上げ路線を支持 - Bloomberg.com,https://news.google.com/rss/articles/CBMid0FVX3lxTE9WQktHaTFieUdOSEkwd2lOOFd2WVplczJhX2M4dFdwbXp1WWtWY2hBaGtWY2FBY1FNS3JGYnRrb3NzZ2poUjNWQTNkR191OHhWc3JWODd1WHRIVlFDNzBFT1M3am1hbU82eHRFdEt6UWlGQzh6VGRv?oc=5,"Thu, 16 Jul 2026 07:00:00 GMT",2026-09-12T09:16:29+09:00
GoogleNews:物価　家計,物価　家計,第2四半期の家計調査：3%台の物価上昇、下位20%世帯の生活費増加と月28万ウォンの赤字 - jp.ajunews.com,https://news.google.com/rss/articles/CBMiW0FVX3lxTE85OEJ3S09VbUJGLU9CMGEyTEFfN0pVTDBISGpKSUp5UjVsWWxLZE4zblgyU0M3RGxZMklqNm0tMU8wWFNhSW1HcXRtZU14SFk0UmRtZWRDUlgtdDQ?oc=5,"Thu, 27 Aug 2026 07:00:00 GMT",2026-09-12T09:16:29+09:00
GoogleNews:物価　家計,物価　家計,物価高騰が続く中、給食のない夏休みで家計負担が増加 | 一般社団法人全国フードバンク推進協議会のプレスリリース - PR TIMES,https://news.google.com/rss/articles/CBMiakFVX3lxTFBhQkIzVFhyT0xCX3RoZnVyS2d3OTg3YzZkZG9VcjNOWGhZa1dNbzNjTE8zZnVISDVmR3YySXE1eGZXaTBTYThfeV9HYTQtSHdNRVd2LXFlYjByRWVfazRYSmFHaW0tanp1dmc?oc=5,"Mon, 15 Jun 2026 07:00:00 GMT",2026-09-12T09:16:29+09:00
GoogleNews:物価　家計,物価　家計,令和5年消費者物価地域差指数の概況 - pref.ibaraki.jp,https://news.google.com/rss/articles/CBMiiAFBVV95cUxPQ3ZUdWljLXRDRXRqeFRuRFA3RU5LbllrTmpSNjVhcms0NU5Obkt2b01hSTVaa2NIYWtaODNTcFNlR21hWXp2ZElFSTdJeHFROUNkSVdMSll2ZWMwZjlvTElsRXZkLVo4c1hVQk02cnJfSWNLOEZqcDFVOXl4czY1d2QxSFdSeEhi?oc=5,"Sat, 11 Jul 2026 07:00:00 GMT",2026-09-12T09:16:29+09:00
GoogleNews:物価　家計,物価　家計,1食351円へ下落のカレー物価。エアコン代高騰の夏に、あえて食費を切り詰める「家計防衛」のリアル（LIMO） - Yahoo!ニュース,https://news.google.com/rss/articles/CBMif0FVX3lxTFBabE85bWM0dDZQRXdpT005eG1pV3hGcnFfN2g1Wnd3VV9hNjNZSUk2Q1NtM2t3NnJ6eFBRN1BkV1NDVTNlY25lT2hpdEx6ekJvdXlqT0pHaHpCUl92QTZMdTUzR3VudnR1dkRwR2NMNE9MWmw0S1dqRVRaTFFJblk?oc=5,"Tue, 11 Aug 2026 07:00:00 GMT",2026-09-12T09:16:29+09:00
GoogleNews:物価　家計,物価　家計,【約9割がインフレを痛感】体感インフレ率は平均34％と政府発表と大きく乖離！限界に近づく家計防衛の実態調査 - PR TIMES,https://news.google.com/rss/articles/CBMiakFVX3lxTE0zdTRCVllHSThvNDZtVEI0QW5lWEZCbTNHNm13TUEwcHhFblp1OEVJUml6LVphZGhmX18xWmpoRGpmd3p5VGtZVGs0dVRyaTJSaGdlWjlVWXNJaENpOEVYekxfLUplWFJHZ3c?oc=5,"Fri, 24 Jul 2026 07:00:00 GMT",2026-09-12T09:16:29+09:00
GoogleNews:物価　家計,物価　家計,賃上げ5%でも家計が苦しい理由、コメ高騰と物価が奪う購買力 - mymo-ibank.com,https://news.google.com/rss/articles/CBMiSEFVX3lxTE93YkV3SU9KdzNyYlEwN3dkaWQ1NnNoR2NZN3BtRXpNZkNpU00zU3BEZ04wRV9xejJub01vWG5hUFNhR2hiS1EwZQ?oc=5,"Fri, 03 Jul 2026 07:00:00 GMT",2026-09-12T09:16:29+09:00
GoogleNews:物価　家計,物価　家計,家計負担「年間4万円増も」 原油高で忍び寄るさらなる物価上昇 - mainichi.jp,https://news.google.com/rss/articles/CBMiaEFVX3lxTE10YlJHS3dYc1hXZF9xNU5KRlF3M0JZRzA4VUF0NW5ZMUZLMmMxY08xdmFNTkUxREtfbmd5a21JQ1N6Z2JCT0JHZVFaT1BHYTdqTEVxWkdvRmRnN1pUbjNsNmo2Wm45OGFO?oc=5,"Mon, 27 Apr 2026 07:00:00 GMT",2026-09-12T09:16:29+09:00
GoogleNews:物価　家計,物価　家計,「物価の安定には時間がかかる」家計圧迫は続く？原油安で景気に追い風も――生活必需品は遅れて値上げか - 日テレNEWS NNN,https://news.google.com/rss/articles/CBMihwFBVV95cUxQenhhNnhOLUVUcXByRkczd0tFNWpPcTFDempPNEZobEg0VklhdDlQWTFaZ1pMSS1TRVdCekFZYVdlck5mZTFBQTRacGdGczh3MlZUT0l4YWlpcHZCUG9tOXYxLTBrUDQwV0g2NVR4SV8zRllKbkttQ1h3V0hHMl9NOC1EREhPM1k?oc=5,"Tue, 16 Jun 2026 07:00:00 GMT",2026-09-12T09:16:29+09:00
GoogleNews:物価　家計,物価　家計,【日本のチップフレーション】メモリ高騰が物価に与えるインパクトを試算、「家計の一人負け」傾向強める可能性 - JBpress,https://news.google.com/rss/articles/CBMiVkFVX3lxTFBRNk92bTJmaURMSUFRYU5vVTNHZ1FuNHVDWXE0cVlwOVJoQ1VtZ3Q2VENTdGw5VDFqQkRPX2JfNXNnVWgtdmhrLWNpOW1yWEFDY1dkWnZn?oc=5,"Wed, 05 Aug 2026 07:00:00 GMT",2026-09-12T09:16:29+09:00
GoogleNews:物価　家計,物価　家計,独身男女611人に聞いた…結婚の最大の壁は「物価上昇」 未来の家計に警戒感強く（まいどなニュース） - Yahoo!ニュース,https://news.google.com/rss/articles/CBMif0FVX3lxTE1BeWozaE52a2xkWnlrNXl5RGNOaFNWRngwdDViYXFWaTMzUHgwa2pkRXBiMGQ2UUpTYUxsdXl1U1MzN0tpQkd5SEZFY0Q4bnhHUW02eERMd09kVjc1LUVQQ3pXZjUya25TTXcwMG0tdmRWN1Y1b21nV2c5dkFqdTQ?oc=5,"Wed, 08 Jul 2026 07:00:00 GMT",2026-09-12T09:16:29+09:00
GoogleNews:物価　家計,物価　家計,家計を応援 物価高騰の中でイオングループが食品などを値下げ - khb東日本放送,https://news.google.com/rss/articles/CBMiT0FVX3lxTE5lUTlFNVB3ZDN3ZHVrV3NKWHpxMFdXUEp0aXhVLXd2N2hISnd4b2czc0JSSHZsanlQbHNhMmVSTW51Q1l5cEIxbE1SUlVKbXM?oc=5,"Wed, 20 May 2026 08:41:17 GMT",2026-09-12T09:16:29+09:00
GoogleNews:物価　家計,物価　家計,6月消費者物価1.6％上昇、3カ月ぶり伸び拡大 値上げの夏と猛暑が家計圧迫 - BigGo ファイナンス,https://news.google.com/rss/articles/CBMidEFVX3lxTE9BMVBwSlU0MnBvSS03UGhBWlRKZDVISTBVTTYtSV9QSEN0bG5FU0Vmdk9UVUZEVHY4eThOYTRTSW1lbHpmSE8yMTRhbkNUMkw0MW1QZ1hmOWNMWHVQMUtfeDFRTTBSZkZVWmpveFNkZEdZRkNf?oc=5,"Thu, 23 Jul 2026 07:00:00 GMT",2026-09-12T09:16:29+09:00
GoogleNews:物価　家計,物価　家計,政策金利1％の家計プラス効果は「年1兆円」、高齢世帯は4万円プラスも住宅ローン抱える20・30歳代は4万円の負担増 - ダイヤモンド・オンライン,https://news.google.com/rss/articles/CBMiTEFVX3lxTFA2NDk4WldoMUo1WXVwZlQxRS1SczctQlVZY3lyQTJpVWhETjdqN0U5YTBTM045X05sRWpSWGRKd08wQTVaQmZlcE4wYjLSAU9BVV95cUxOaU92X2hRbmhjT2JsSF9fNWFWc1hMZUdKanpVc2ltejgyblBSZ0FPUDNvSWoxeUNPb0d2cmhfR1FDTjRPQ0JuazdKQ1MxTXFF?oc=5,"Thu, 18 Jun 2026 07:00:00 GMT",2026-09-12T09:16:29+09:00
GoogleNews:物価　家計,物価　家計,日銀調査で家計のインフレ期待が過去最高を更新、利上げ路線支持（Bloomberg） - Yahoo!ニュース,https://news.google.com/rss/articles/CBMif0FVX3lxTE9uV3ZGMWxzcFhIdmFFM1RGOEhiTC12ODVhVjdmR0lPcGNwQ1l4OVZSd0RkX3pvLUhtaXZHYldTS2RrbGw3S1lLU3prT2I2ZFpGam8wcERuem5oQXd5WEROdlZyTjVzazEzd200WnJKNWZ4TFpXQVlEUTJTaVBPODQ?oc=5,"Thu, 16 Jul 2026 07:00:00 GMT",2026-09-12T09:16:29+09:00
GoogleNews:物価　家計,物価　家計,物価高騰に苦しむ家計を応援「プレミアム付き商品券」市内各地で販売開始「長崎かんぼこ王国」共通商品券も《長崎》 - 日テレNEWS NNN,https://news.google.com/rss/articles/CBMihwFBVV95cUxQSmJqSlI2U3hlWDNWM1E5M2MzVE5CY3lPRnhJSjFwRTgyOVJpcEVKZWRYeWJKanhaZ1k3SkNOYm9MckZvN2E2cFJCYjN4eUZ1a25MZ2dUNllVR3BiRFZnbHdzRlBDVFdUbDFsOURpUlR2WS1STFdDaTY0NU5jSDd2Ym9VNC1pVkE?oc=5,"Thu, 02 Jul 2026 07:00:00 GMT",2026-09-12T09:16:29+09:00
GoogleNews:物価　家計,物価　家計,物価高時代に家計はどう守る？ 「支出・貯蓄・収入」のバランスの見直し（ファイナンシャルフィールド） - Yahoo!ニュース,https://news.google.com/rss/articles/CBMif0FVX3lxTE1LWHdveERubl9TQ05UYjNPMzlIUVJ5S0o5MU1DWXpieDNFYUpOLW5uNHNHcUJRWmxnTlRfcWhlOEI3U3hfX2R3SXNQTmVaNWNuQnNtdDRYdmVrR1RYMHh0QW5iSkdqN1B1cmZyOVpQUWJsS3l1bHlqdUVUbXhPWFE?oc=5,"Tue, 12 May 2026 07:00:00 GMT",2026-09-12T09:16:29+09:00
GoogleNews:物価　家計,物価　家計,金利・物価上昇環境における家計の資産形成の論点 - nli-research.co.jp,https://news.google.com/rss/articles/CBMib0FVX3lxTFBBdVBsZDNCYXRueWdxLURjWWw1MXVHMUZlVEpkOTR2TFAxWVVpT0xnRHhJWWZuSTdRWjVFUmVFM0c2b1RXMkxsTXNyQjl5NDFpbHQ0RU5MZHhvM1FVRW8xNS1vV1cxYlVmbjVadXdTVdIBf0FVX3lxTE1DRlUxNFVkTUVtUVYwM2hmQkRTOWZ4TlBvT0dYZnMxZHVyOTBPYTZOLVFaZC1NVDdmTE55U2hWazVwY2ZfWENONjdlQnBudTBOYmFsM19WY1dkZ0RZNktDV2NyNndhMWoyaWNmTWhHdVl2YV82aDJZcGpNc01xTWM?oc=5,"Fri, 03 Apr 2026 07:00:00 GMT",2026-09-12T09:16:29+09:00
GoogleNews:物価　家計,物価　家計,1食351円へ下落のカレー物価。エアコン代高騰の夏に、あえて食費を切り詰める「家計防衛」のリアル (LIMO) - Yahoo!ニュース,https://news.google.com/rss/articles/CBMijgFBVV95cUxNLXF6ckFQRVJtTDMyOGpXYXRnanhMLUJDcWVkY3l4ZU44OGdwazgxcWdKY1JwcEQyMjV6NWZyVkRSWHJsaFZBbHVOdGZ6c19vWWVjeUNOZlJLMXdocHA4blR2dnVnRkNnc0hwbnlYS3dTUEs4QXlWaVhPT0ljc2hLaWpWazkxbDVhMElXT0J3?oc=5,"Tue, 11 Aug 2026 07:00:00 GMT",2026-09-12T09:16:29+09:00
GoogleNews:物価　家計,物価　家計,食料品「消費税1％」は家計を本当に助けるのか - mainichi.jp,https://news.google.com/rss/articles/CBMif0FVX3lxTE5WdFRCclMwdjFWODlrVmxWNE1YaVRhc1UxbWRHN2RyNEl5bEdGTWxsdDZvSUlxcU94S0c0MFQ1b1RxZVZYdUpIUXl2N1V6QmFtNzRnZDBtbW83dUJtbjV6ZDhxMktwd3BVNUo5YmoxM19oWllyOGtTUXNGTnpRNjA?oc=5,"Fri, 10 Jul 2026 07:00:00 GMT",2026-09-12T09:16:29+09:00
GoogleNews:物価　家計,物価　家計,身近な家計の悩みも、マクロ経済の動きもこの一冊で。『図解でスッと頭に入る令和の物価高騰』6／12発売 - PR TIMES,https://news.google.com/rss/articles/CBMiakFVX3lxTE9NV01GZzNyWHY1d1NJUTkzWHhlaHprbFR1a19jQnlSWXlCYVo1Z1RJZENaQm9ERUZwZ0hXdTdVbTlScWtKbVlfQmtiWG5VWkI1UDdtc252NmdZZWFFT2lTWHlOODJfb2lLS3c?oc=5,"Thu, 21 May 2026 07:00:00 GMT",2026-09-12T09:16:29+09:00
GoogleNews:物価　家計,物価　家計,「物価高騰対策」としての家計補助 東京都と比べて少ない近隣県、格差に広がる不公平感 - 産経ニュース,https://news.google.com/rss/articles/CBMidkFVX3lxTE5sR0hoRDIwM1VfdEROanBGMUZyR2wxb2tLM2xpZ0VaUXB6NTZuZnQwSDdDOGVhRDhyTzNHSXlyRHF6OG5wYi1ZYkY4a0xNTEM1MUZLYmNuWWNKcUhkMzdOb3F1Slh4dGhMUUpwT1JxcTRRbGZQQlE?oc=5,"Wed, 27 May 2026 07:00:00 GMT",2026-09-12T09:16:29+09:00
GoogleNews:物価　家計,物価　家計,「どんなに物価が高騰しても変更はしません」節約に励む世帯年収500万円・59歳女性が強くこだわるもの - All About（オールアバウト）,https://news.google.com/rss/articles/CBMiTEFVX3lxTE5aMFdIeEtWbGhzUmt0RW1NZVJIeVlOWkFmTDFDc1ZoSUpyaEVUdnp6dUktREdBeXMydDJMVkxlOWVDWWVBcFpvWEEwNXI?oc=5,"Thu, 18 Jun 2026 07:00:00 GMT",2026-09-12T09:16:29+09:00
GoogleNews:物価　家計,物価　家計,新登場！アップサイクル「はちみつ梅」。物価高騰から家計を救う、オフプライスストア・アエナから。 - PR TIMES,https://news.google.com/rss/articles/CBMiakFVX3lxTE9iNzVoc0dyU2tfa2tNRVBqaHdiUWZxbElVeW5ad3hpcnpjSWZocEdDNXVOT0JQajZVd2tBT3BUMHRFejlsTU5fMGVNdGE0enhyUVdxem5icHZWaFk2OGdCTWhFal8wSHZXWEE?oc=5,"Mon, 13 Jul 2026 07:00:00 GMT",2026-09-12T09:16:29+09:00
GoogleNews:物価　家計,物価　家計,"岐阜県美濃加茂市、物価高騰による家計負担軽減を目的に6,000円相当を給付 デジタルギフトサービス「デジコ」を活用 - AMP[アンプ]",https://news.google.com/rss/articles/CBMiW0FVX3lxTFBQSHFxSHpvWDBFV1JEdUZuQlBTUWNaUm9Ob0l6dm5PQl9NbUdwejI5TllJSzVxcnowTHNUS0s4YlhoRmhVQlFROU5tcDc5ZnZVUVh1OEdJM3Nja0k?oc=5,"Fri, 22 May 2026 07:00:00 GMT",2026-09-12T09:16:29+09:00
GoogleNews:物価　家計,物価　家計,クレーンゲームに並ぶ卵や野菜 物価高騰で「家計応援」も依存には注意 - 北海道新聞デジタル,https://news.google.com/rss/articles/CBMiWkFVX3lxTFBkSTRqcFpWV2c5SzFaUk5NVk5kVGt5aVFpMEFPVTlzR0dTTmQza3NXQnJYeWhzcWswOG53NGdwV2VZWkN2NHRvZEVnRFlrcXZYUWZaNTlPT2FKdw?oc=5,"Fri, 03 Jul 2026 07:00:00 GMT",2026-09-12T09:16:29+09:00
GoogleNews:物価　家計,物価　家計,"「食料品・飲料」９割、「ガソリン・交通費」７割――家計を圧迫する項目を挙げながらも、「食の安全・おいしさ」や「健康維持」は妥協したくない…――鹿児島「みなみパス」会員に物価高騰の影響を聞いた"" - 南日本新聞",https://news.google.com/rss/articles/CBMiV0FVX3lxTFB1bXZ2ZXhNZFVEU0RzQWgwZHRVNWJmX2s3dnVhTkJaY3FacEJSdm85bUFRWUhyV010eXl5eFBraE5nQS1RajR6aC1YZnk2MGJvZGxPZm1ycw?oc=5,"Wed, 20 May 2026 07:00:00 GMT",2026-09-12T09:16:29+09:00
GoogleNews:物価　家計,物価　家計,韓国銀行シン総裁「物価・住宅価格・家計債務の三重苦…適切な時期に利上げ」 - BigGo ファイナンス,https://news.google.com/rss/articles/CBMidEFVX3lxTFB1YVB0MG1qMlpQUTRPYUQtXzZBZkJjNEppOTVhVkhubjRJRmdiOE1oMEs3S2Vsc01Ydm93c2s0eDd3TWtPdk85ald5ZVlNMk9NRHRHNXFrd3VkWHNOQzZQV1d5WnJTUjNYck9QTTVmdmh1MVNC?oc=5,"Wed, 08 Jul 2026 07:00:00 GMT",2026-09-12T09:16:29+09:00
GoogleNews:物価　家計,物価　家計,「5年後」物価予測は過去最高 家計の景況感、改善続く 日銀調査 - 観光経済新聞,https://news.google.com/rss/articles/CBMiVEFVX3lxTE5UQ0xKN3hLNVRCbk00cGo0UmVjcUlJODVkeUVybENtYzZEcjM1WkxZQTVoYWhXWUN5eGtxRjVIaFJEbnZERHJQTnZ4cks5V1JfeHVneQ?oc=5,"Sun, 03 May 2026 07:00:00 GMT",2026-09-12T09:16:29+09:00
GoogleNews:物価　家計,物価　家計,物価高騰背景にふるさと納税で「家計応援」お礼品の人気急上昇 大容量・訳あり返礼品が人気 | 黃信維（コウ・シンイ） | ニュース - 風傳媒,https://news.google.com/rss/articles/CBMiUEFVX3lxTE1BRWo1TFNzYWx3aFMtN0M2c0dlZTJSVUhCVlVzR1hvYWJTVnhwSmNOdzRBMm9RYnFrTWw1WTdhWUNoMVhodlZxSE5XeWlkNGJf?oc=5,"Fri, 14 Aug 2026 07:00:00 GMT",2026-09-12T09:16:29+09:00
GoogleNews:物価　家計,物価　家計,現金5000円給付 5月末から「宮の家計応援給付金」宇都宮市－NEWS - tochigi-tv.jp,https://news.google.com/rss/articles/CBMiX0FVX3lxTFBZaGdaeFJCcHpkRE1ZRFJwMnBKS1F5ZF9CTGhzRFg0cGdpeE51cVFWWFROYksySW52UWlTcmJWNlZLTG5NM2N1a21hb2VJRUZaRFhSc3Q2YjhLNDZiU1lr?oc=5,"Thu, 23 Apr 2026 11:40:50 GMT",2026-09-12T09:16:29+09:00
GoogleNews:物価　家計,物価　家計,永濱利廣氏「原油高騰で2027年の家計負担3.6万円増の試算も」 - 日経ビジネス電子版,https://news.google.com/rss/articles/CBMiZ0FVX3lxTE1JRGVjUFJ3ZkJ4bWh4THVfWXRvMHZwbk1JVDN6ZDdQeWZOaV9BLVdlbUNtWW5HUTdES3BCRWxuUFNoUWxZLWtGZzFjUHZURFVIaTVTYUV0U3BuZkVzS3lQdHJPUHowR2M?oc=5,"Thu, 16 Apr 2026 07:00:00 GMT",2026-09-12T09:16:29+09:00
GoogleNews:物価　家計,物価　家計,住宅ローン利用者は金利・物価上昇にどう向き合うべきか（２）－家計債務の拡大がもたらす資産形成の後ろ倒しと対応策 - nli-research.co.jp,https://news.google.com/rss/articles/CBMib0FVX3lxTE9vN1NUSHVUMWRWbUJ5N0hWX1A2TXQwMXNmal9LOUJScXNkd3NoZjdHbTVsNDd4TzlvMktHVGFLT1doUU5ERmREUTQtLUstSWVkNTItcDVNT2RFTS1RbGlRSnFYdmNrRjdHWmtpSENlTdIBf0FVX3lxTE1EUE9MU2k3TUNpcEVrd3hYVnA5Y3JSYWNuVG5zQ29remh6bVFYcDkwNUdyWXZ5a2Qxd20yX2NZV29hOGFKbmdPNjhsNnBKZDlwOXRJanZTRkN1enZ1MDZ5NlFyLVczV2g3NmpMMWZPNW5FWWRxWFplbmlGcmdwQTA?oc=5,"Tue, 31 Mar 2026 07:00:00 GMT",2026-09-12T09:16:29+09:00
GoogleNews:物価　家計,物価　家計,一部に無理をした投資も＝物価高騰下でNISA投資家の状況を調査－家計診断・相談サービス「オカネコ」 - 時事フィナンシャルソリューションズ,https://news.google.com/rss/articles/CBMidkFVX3lxTE51NElFaU9Td1lPSHF6N0NSbU9MZ2M0cEV2czdEeWY0TmZZenFndU00X0JhTXBRTEZXRmxucVdpVlg2SjYyaG0wSXdIR2Rta1VtM0lEdktuNnhrVHBMbU91ZlBLMXZCZHBENEV4WFprZ2tSc0psbXc?oc=5,"Thu, 30 Apr 2026 07:00:00 GMT",2026-09-12T09:16:29+09:00
GoogleNews:物価　家計,物価　家計,住宅ローン利用者は金利・物価上昇にどう向き合うべきか（１）－返済比率制約と家計バランスシートからみた住宅取得の成立構造 - nli-research.co.jp,https://news.google.com/rss/articles/CBMib0FVX3lxTFBCdHlJc2pGRTNJSjhUaW5mX3Q1UlRTeGlUZHhxbG1QTXB6R0lFX0lEN2oxWjJZbEUtMGRsNmc3Q2F0ZU55NW1mN0xYUU9xQXdoNFRZQzd2X0NaSzlMNmh6Zi1MWTJPYXZBOUh2aG9RVdIBf0FVX3lxTFB0eHNDaDZmTmRveVlrZmJGYmdPRlFjYTZaQlRhTlJPaFNBMG9VVjVTYmYxWHhya0hwUmNwSXB4X0k3S3BjXzFCcGtjWUtLVUNnNy1uYjkxRHZnNXNXWDFKVmtuLXZqeXQxU1hZaXhQWXB1RHRTNzNDZkF6VXAxelU?oc=5,"Mon, 30 Mar 2026 07:00:00 GMT",2026-09-12T09:16:29+09:00
GoogleNews:物価　家計,物価　家計,原油価格倍増で家計負担は年5万円アップ：低所得層ほど深刻な影響 - nippon.com,https://news.google.com/rss/articles/CBMiV0FVX3lxTE41RmZoZWlYOXY5SUtPQnpDSW04d0FtM2FDT0dqZ2VZUVFvTF8wbWpYbGpOQ0s1NGllQTlqaFNody1NXzNEMU1QblM2dFVwa0lsY0h3ZkU1dw?oc=5,"Fri, 03 Apr 2026 07:00:00 GMT",2026-09-12T09:16:29+09:00
GoogleNews:物価　家計,物価　家計,宮の家計応援給付金＆家計応援キャンペーン！食料品の物価高騰による家計負担の軽減や地域経済を下支... - 選挙ドットコム,https://news.google.com/rss/articles/CBMiX0FVX3lxTFBFeVFmWUlUdFJndlA1bWJveWVBYXRHY0hzVDVIMXhidGlMclEwMTdQcEgwejRtelZydWFiTHhDUzc4N1NRVUNtVTVEYzJhLUxER3BrclczQ0JWRTZUV01v?oc=5,"Thu, 28 May 2026 07:00:00 GMT",2026-09-12T09:16:29+09:00
GoogleNews:物価　家計,物価　家計,世帯年収別にみた家計収支の現状（2025年）－賃上げ３年目、それでも重い物価の壁 - nli-research.co.jp,https://news.google.com/rss/articles/CBMib0FVX3lxTE1PVmp3LXJsa1lla3M3X1lqSzNzdXEtSFh1RlBEZXNrbXlvRlExS2tHSVI2VV9OdmVWQmhIZFY4YlBZQzk2bXVKNUZxaTlPT3NyNnNhNVJLSWpCQXVGckc1MjFlQW9RT2lJdXd1d1hLVdIBf0FVX3lxTE1QdUwwakZEaUVLY1ZRM242QzdMRU1uQXp1MzRHSll3QV9DYUJmS2c0ZHdaX2pJeEhRcjk3TWpoVF9oeXRNb1FfblhQendUeFhibmtkOHVnQTBrM3Vvak04TGVFWlNpa2FPVFB4c2NNSWQ2QnRyUmJDUmNRNE1IcVk?oc=5,"Mon, 30 Mar 2026 07:00:00 GMT",2026-09-12T09:16:29+09:00
GoogleNews:物価　家計,物価　家計,商店街プレミアム券 家計を支える追い風 県・市の物価高騰対策始動 | 横須賀・三浦 - townnews.co.jp,https://news.google.com/rss/articles/CBMiZEFVX3lxTE1KaXpnRjlKYVFIN2VsQzQyc25PaW5EVHl3SEpaWHpnamp1a0VKV1N6ZGlZc1Z3WVNGcGZpaXR0T3NTUU54Y3FtT1ltYVpIQnFlQ2luN3F5bWJraXM3cjFJVjVRa3Q?oc=5,"Fri, 01 May 2026 07:00:00 GMT",2026-09-12T09:16:29+09:00
GoogleNews:物価　家計,物価　家計,🔷成田市物価高騰対応家計応援全市民対象にスマートフォンなどで利用できるデジタルポイントを給付h... - 選挙ドットコム,https://news.google.com/rss/articles/CBMiX0FVX3lxTE9yUXlHRWg3WjNPdG9zeGhuRTRJNXNlN0RRdlp1QUVHRTBBaTdRSXZrM3JZQU02T08tSm9vQnVIOU9DMVRNRGRfdWZ2MTAxc29VSFNFblZjX3ZPdlRYMVpj?oc=5,"Wed, 06 May 2026 07:00:00 GMT",2026-09-12T09:16:29+09:00
GoogleNews:物価　家計,物価　家計,食料品減税は家計を救うのか？ 近年の物価高騰で「便乗値上げ」の抑制困難に… ４～５兆円規模を確保できる財源も見当たらない！【エコノミスト解説】 - 朝日放送,https://news.google.com/rss/articles/CBMiYkFVX3lxTFAyRlU4MDI3am1OZEttYkswMnJJSnZNUXl0c294YUtMZGl3bXBMOWE3N3F1c3dZSFhhc20wQ3lYVThnaVdtX3BkeFJRMm1ybjVqRGNuOE9DclViWC1OTmQtSHp3?oc=5,"Fri, 01 May 2026 07:00:00 GMT",2026-09-12T09:16:29+09:00
GoogleNews:物価　家計,物価　家計,加古川市の「家計応援ギフト配付事業」に、デジタルギフトサービス「デジコ」が採用 - 神戸新聞,https://news.google.com/rss/articles/CBMicEFVX3lxTFA4eU1ZSnJvMUQ5aGZjQlVYWVBkSnM1Y3FuZ0pnbklFRE5FSE5Nc1BXbU0tRmpURUZPM01iVUdUa0hlYlZINmxCLTBJU3VVMGVZSlN6aGRoVEV1QXBfSUI0ODJwVEFmOE9kUXhobmFVdmc?oc=5,"Thu, 30 Apr 2026 07:00:00 GMT",2026-09-12T09:16:29+09:00
GoogleNews:物価　家計,物価　家計,物価高騰が家計を圧迫し自己破産が急増中…3年連続で増加、14年ぶりの高水準に｜仕事力がアップする経済ノート - 日刊ゲンダイDIGITAL,https://news.google.com/rss/articles/CBMiZ0FVX3lxTFBZWHlnLWRoVl91cXNReHktd3hsdkdIZG9PaG9sLWpJQkk4QU5NWmNSN2hDX0JHVTlxMERJcnRiTy02RlQtU0k0SXNMUFhKSV92WkdNUjJWS3Y1NTZvV2IzMS1vX2M4TzQ?oc=5,"Tue, 31 Mar 2026 07:00:00 GMT",2026-09-12T09:16:29+09:00
GoogleNews:物価　家計,物価　家計,加古川市の物価高騰対策 家計応援ギフト、4月末から発送 5千円分のデジタルクーポンなど|東播 - 神戸新聞,https://news.google.com/rss/articles/CBMibEFVX3lxTFBWWG5EQzAyd3l4R1ItVzBUSXF6bmEyX0pMc3ZRTktwM1p0VXpnLTJteDZBWUg1SldnaWJWbWNhWFp2WUo0dnM1RlVVSW1ld0lZcS1nVlluZTk0d0pEbWQxd2ZYY1NCM0VSRExuLQ?oc=5,"Sat, 25 Apr 2026 07:00:00 GMT",2026-09-12T09:16:29+09:00
GoogleNews:物価　家計,物価　家計,2月の家計調査 世帯の実質消費支出 前年同月比1.8％減｜西岡良 - mbp-japan.com,https://news.google.com/rss/articles/CBMiZkFVX3lxTE5jTG9KbTItQXpxbFFwSDNCSTlld2phOXRncC1RVVBITmlxeXN0Z3dkVFpTUUozV01fOXRNZW5KbXFsbkVwMC1YZW5GMVp0c3JETWU1NW1JTkNtV19RQnBiRkJUUzM3QQ?oc=5,"Wed, 08 Apr 2026 07:00:00 GMT",2026-09-12T09:16:29+09:00
GoogleNews:物価　家計,物価　家計,家計を助ける物価高騰対策 「お米券」からデジタル商品券まで多彩に - bcnretail.com,https://news.google.com/rss/articles/CBMibEFVX3lxTFBqLU5xMmZJUVlmdS0wdGsxd1FheE1JLWNVdlhpeDFDZDBrX2FNSXVZRzJ1N21Fd0RnS3lEMnk2aUhKX1FuMlJSRVdrZ2Zab2dXd1Vzc0xWTGZXVEdFcTYtMlBZMG5VVkpXdENNUQ?oc=5,"Sat, 28 Mar 2026 07:00:00 GMT",2026-09-12T09:16:29+09:00
GoogleNews:物価　家計,物価　家計,【業務スーパー】『物価高騰きつい・・・』家計に優しいコスパ最強副菜♪ちくわ×豆板醤の簡単アレンジ3選（みみこ） - エキスパート - Yahoo!ニュース,https://news.google.com/rss/articles/CBMiiAFBVV95cUxPcFNWdWtLbUg1NDc2d1B1amlWUlNvWFM2TlpJRFRmTkJxYTBqUkMxUlNqUjRoNFVaZUo3eGlHQjlwOGg5Zlg2YUVXYzVrNnJuUFdkYWZKYUpwV1RiRlBGZjZySWlEWUlrcU9WRGcxQXhwbXhHMnBnT1dDRDJTUDQyWmowMURkZWpM?oc=5,"Thu, 26 Mar 2026 07:00:00 GMT",2026-09-12T09:16:29+09:00
GoogleNews:買い物　調査,買い物　調査,2026年度「国内消費者意識・購買行動調査」 ｜デロイト トーマツ グループ - Deloitte,https://news.google.com/rss/articles/CBMikwFBVV95cUxPdzUwSzdMaDFxOGNwVGp1MDlvSVVrdjhCS1VRV29NckpfVDZ2NlFyTlhLZUxQNHJpekRLNDRDSkJvcFNBX0FTc2VrS1p5TUl4VVExUm16RVF1SVNkdDM5NkV5Z3Q1ZWlieVlRUldUOFJiWmJnOU85a3hfOHh0YXUwQTdrRFJZM0FyUDVqSV83OU8tb1U?oc=5,"Wed, 26 Aug 2026 07:00:00 GMT",2026-09-12T09:16:32+09:00
GoogleNews:買い物　調査,買い物　調査,「調べもの」はAIに任せても、「大きな買い物・お金の使い道」は自分で決めたい。40代女性300人に聞く生成AIとの付き - ニコニコニュース,https://news.google.com/rss/articles/CBMiVEFVX3lxTE5GTlEwd0ZHWW1lS1pKazhaTXVCRXBSWWgxWTdPaUlBLTdPNzFHS2NNNmhmRHhLZW5ldV9wTFlucWMwLWstemNMdEV3am95UTRKWDVEQw?oc=5,"Fri, 11 Sep 2026 13:30:34 GMT",2026-09-12T09:16:32+09:00
GoogleNews:買い物　調査,買い物　調査,買物の決め手は“レビュー”から“生成AI”へ 生成AIの信頼度はユーザーレビューを超え、約6割が最終判断も委ねたいと回答―博報堂買物研究所「AIショッパー調査」―｜ニュースリリース｜博報堂 Hakuhodo Inc. - hakuhodo.co.jp,https://news.google.com/rss/articles/CBMiYEFVX3lxTE4teENtNUh5b0w0TXlPS2xyYmFZeXhyTjFmc24tcldLeU9keWxEN2NOZnp5d2dTZUdRMEFCcHVhTW9Td0RzNFpFNURkQnhmOG5qaTlURjF2Vk1XTzRtUEJHcQ?oc=5,"Mon, 01 Jun 2026 07:00:00 GMT",2026-09-12T09:16:32+09:00
GoogleNews:買い物　調査,買い物　調査,買い物・ショッピングに関する実態・意識調査（2026年7月定点ココロスタイルリサーチ） - クロス・マーケティング,https://news.google.com/rss/articles/CBMiW0FVX3lxTE1EV09vR1RhV1BlcEg3cVFaaDRtVUN4S3BGWTBnMFNNZHQzYXQwUXNldnZKbHVzYl9SYXZsRUtJdlRqcnpYd0JLYUNRTHhELWVuVDdRMjBIeFRaUWs?oc=5,"Thu, 30 Jul 2026 07:00:00 GMT",2026-09-12T09:16:32+09:00
GoogleNews:買い物　調査,買い物　調査,【買い物のタイパ調査】「遠い」けど「安い」スーパー、足を運ぶ人が7割から4割に減る境界線とは？ - 共同通信PRワイヤー,https://news.google.com/rss/articles/CBMiW0FVX3lxTE1BWGlROXRXY01BbEc1RExoUWc2V05EV3NlaTd3aFluSmlNVEVDOUdZV2RlLUdQOHdJRDZhSmhrNGFTRVV2NFZUTlpER2pRai1CSHFXWWl5WnFFTTg?oc=5,"Wed, 02 Sep 2026 01:00:00 GMT",2026-09-12T09:16:32+09:00
GoogleNews:買い物　調査,買い物　調査,Z世代の買い物は「欲しい」から始まらない？ 15カテゴリ・30ブランド調査で見えた「偶発購買」の現在地 - AdverTimes.（アドタイ） by 宣伝会議,https://news.google.com/rss/articles/CBMiX0FVX3lxTE9HdGp5d3BhelA0YW1BcWJudXpJU29FSXZsc0syZmZnOWd0Uk1mSnUyM0xUX05yNEdlNXA2SXZJNWRCY3VHZlVZdjdSN0MyMk15OXIzNGVSdllpVlM3alVZ?oc=5,"Thu, 20 Aug 2026 07:00:00 GMT",2026-09-12T09:16:32+09:00
GoogleNews:買い物　調査,買い物　調査,290万人のレシートデータから見る「買い物動向」調査 2024年～2025年の買い物市場を読み解く - global.toshiba,https://news.google.com/rss/articles/CBMipwFBVV95cUxOX194WHRoelBFNGZraHdQTlhTTTBJRk5EWGFxdDdKNXNZSEYtMVpCYVJjakdwdi1BLWNLLTFsdUVTdE9CV21OLWIyT2xVSmlmNGdOWVkyTVdSQmZmV05pQkpSOEs3YXE1a0kwYTlZcU84RlgzVkxzd2xUakZtWE9wXzhyUGxOWG1QZFFsYkdCSFNFT3c5S21EWTBXVTZWenZjOEdUMEViOA?oc=5,"Mon, 23 Mar 2026 07:00:00 GMT",2026-09-12T09:16:32+09:00
GoogleNews:買い物　調査,買い物　調査,博報堂生活総合研究所 写真調査サイト『生活図鑑』 第七弾となる｢買い物｣カテゴリーを公開 - hakuhodo.co.jp,https://news.google.com/rss/articles/CBMiV0FVX3lxTFBhVEV4ZUNFUFZGVHlmWXJsQlFqR3F4NnlOMlhMUm1QcnB6VklZb3JmemVRYk5hR1UydTY4VWdQSGVpdHdWRS14ZTcwa3d5VElQX3ozdU9hNA?oc=5,"Wed, 01 Jul 2026 07:00:00 GMT",2026-09-12T09:16:32+09:00
GoogleNews:買い物　調査,買い物　調査,310万人のレシートデータから見る「買い物動向」調査 6月、全国・地方別のビール・発泡酒売れ筋ランキング - global.toshiba,https://news.google.com/rss/articles/CBMipwFBVV95cUxNazJBMUx2c1lnZ3U1bG9CdVVoQVUxSVNBNEhxNjk2Q3FMUFNXUkFmZDItR2Zuc05yUm5jT1hWZ3BqU1FFUU9NNElSOFFJM2plVjFpQ04xbTZBYVhSUGxORXBkSkRlSklJaDlCMm11OTAzdGhybVVhaHZuR3F2ZFYzOEhLOGFxNndhYWdxZXNBWG1rbmhSbDZtZmtFVE5NN1h3aXUxMEtrZw?oc=5,"Fri, 31 Jul 2026 07:00:00 GMT",2026-09-12T09:16:32+09:00
GoogleNews:買い物　調査,買い物　調査,物価高の中、生活者は何にお金をかけるのか？「生活者動向調査」で消費実態と買い物行動の変化を公開 - PR TIMES,https://news.google.com/rss/articles/CBMiakFVX3lxTE9pczktTnhVOGdMc2VYVWwxa3ljWTJ2cGIxQWdycnhUREJhSXEwTnMyZV9hS3dDd183OGlDNXdfZW93NEQyaXBiUkxjT29GNDFiQ0o3eF95OV9oOGZtdDJPTE1wUDUxNHlHWnc?oc=5,"Tue, 04 Aug 2026 07:00:00 GMT",2026-09-12T09:16:32+09:00
GoogleNews:買い物　調査,買い物　調査,【お盆・夏休みの消費行動調査】賢く節約したい！購買意欲を高めるのは「手軽さ」と「確実なお得感」 - PR TIMES,https://news.google.com/rss/articles/CBMiakFVX3lxTE9mSjBzZFFUOVJ4WHd0czRUeEgwQ3FFWWllVFN5M2h1TzBNd3d5dUFkMVExTWxxNUkxeEd1TjUwS21pSFZtZDdUM2RYMjdrLVVITXM0NEh4ODBtV0ZTTmpta3JLWXFwQlFERHc?oc=5,"Wed, 05 Aug 2026 07:00:00 GMT",2026-09-12T09:16:32+09:00
GoogleNews:買い物　調査,買い物　調査,Amazon、「プライムデー」の開催に向けた「今夏のお買い物に関する意識・実態調査」を実施。「ストック」「クオリティ」「リフレッシュ」がこの夏の消費の3大ポイント | アマゾンジャパン合同会社のプレスリリース - PR TIMES,https://news.google.com/rss/articles/CBMiakFVX3lxTE8yb2lTNjdJUFV1bXg2WDliZ0ZncUJkZWFFYXBQOWhMWlFxazlyenk2dE9MMFhGcW41dHZHR0liY3pyQjJCZUoyOUhHcDM2eGFTZjNBZkVZWU9RSy1ER05TV2VZbEozV0xGVkE?oc=5,"Tue, 16 Jun 2026 07:00:00 GMT",2026-09-12T09:16:32+09:00
GoogleNews:買い物　調査,買い物　調査,共働き夫婦の4割に秘密の買い物経験あり。金額が高いほど、喧嘩も多いと判明。パートナーとお金に関する話ができている夫婦は、関係満足度92%に【500名調査】 | 株式会社Hajimariのプレスリリース - PR TIMES,https://news.google.com/rss/articles/CBMiakFVX3lxTE9Cd295R1RMU0duNXZSMEZZcnA0RFEyTGFwQ0F4U0lqc05rV0YtTW1DY213YlJveTFiX1cxdVhfTjhrTUJKQnJXWW9mWVdCdmJWVlh0VHBDQzJZbEpDbHJKT3FlSXdRUE1fU2c?oc=5,"Mon, 11 May 2026 07:00:00 GMT",2026-09-12T09:16:32+09:00
GoogleNews:買い物　調査,買い物　調査,生成AI利用者の約7割が買い物で活用、生成AIで調べた・おすすめされた商品やサービスを実際に購買した経験があるのは、うち約6割（エクスクリエ調べ） | 株式会社クロス・マーケティンググループのプレスリリース - PR TIMES,https://news.google.com/rss/articles/CBMiakFVX3lxTE1FWUJiXzBKV1RGLVQ2eDBwXzc2cUhaajB3SHRfeUIwY0l5OVZGU1IyV2FIcWxFQmNnNy1qTXh5YzdxNUppZVFZTlNlTGFLWUpNUmNLZFlUU3U3TU1XXzRrb2QxRVZhSFRTUkE?oc=5,"Fri, 15 May 2026 07:00:00 GMT",2026-09-12T09:16:32+09:00
GoogleNews:買い物　調査,買い物　調査,年末年始の買い物情報は「店頭POP・店内表示」が最多、全世代で上位に―アルファ調査 - コマースピック,https://news.google.com/rss/articles/CBMiV0FVX3lxTE02MFplR2NUUjFjdkw2dmdXVy1rNzBfS3ZyNWo2UWxiOEc5eUItcUxSVnE3dUhEX2dMSkF5VWVkWXlrd21xWC1udmxvRUFkT1g4cFVGTEhFRQ?oc=5,"Fri, 21 Aug 2026 01:53:21 GMT",2026-09-12T09:16:32+09:00
GoogleNews:買い物　調査,買い物　調査,年末セール買い物予定者は34.9%、まとめ買い意向は50.7%に チャネルトークがECサイト問い合わせ意識調査を実施 - コマースピック,https://news.google.com/rss/articles/CBMiV0FVX3lxTE9tN2lUMms3TjlnQ3k2ZXNURFVtN2xyRmRPU09EbURWdWUwYmZYRENUUWlyY2NfZE9WYm5FMy1kQWdkdlhzQm5GdDBOSGQydkNuMzVVMG9hYw?oc=5,"Thu, 27 Aug 2026 07:00:00 GMT",2026-09-12T09:16:32+09:00
GoogleNews:買い物　調査,買い物　調査,【マイベスト｜買い物のストレス・選択疲れに関する調査】61.3%が買い物で迷い・不安を実感。情報過多による“選択疲れ”がメンタルに影響。新価値観「メンパ」を意識した買い物が重要。 - PR TIMES,https://news.google.com/rss/articles/CBMiakFVX3lxTE1mcTVmOW5RRExmcHlvaVJYNS1GYnhWckVXaklWcTRLNEU5Q3drMEl6MF9ud3ZiLW5FVGtvaFk5TEx1T2VWX1FGTHY5RnZWRGZ4azN2OHAwVnZhREk0elp3S0Q4VHVfODM4Nnc?oc=5,"Thu, 05 Mar 2026 08:00:00 GMT",2026-09-12T09:16:32+09:00
GoogleNews:買い物　調査,買い物　調査,Z世代の2025年買い物調査、「ファッション」「推し活・エンタメ」が上位に - PR TIMES,https://news.google.com/rss/articles/CBMiakFVX3lxTE5qQXloMEhYMzdsZC1hQUt4Ymc3OENQUlBja1lIelJEUkJJXzVxSV9DTi1MZlJROFk3VTBoRUdlTFBocHFHOTdTNVZOQXFIcEdta2p4T2htYm9HcGNCQ0trWFJueUJYeEkyZmc?oc=5,"Tue, 23 Dec 2025 08:00:00 GMT",2026-09-12T09:16:32+09:00
GoogleNews:買い物　調査,買い物　調査,「生成AIの回答、口コミより信頼できる」 買い物の情報源として……博報堂調査 - ITmedia,https://news.google.com/rss/articles/CBMibEFVX3lxTE1jeGVlV3FUZmlkakhkVlowTUIzckFSTjdPTmJCNTd3c09CemsteHFGMERsREJUNDc3S1Nvc2dORVlvVU5sMjNmNzE0SjlGa1hhdi1DamtvNUZlZjBhWktGX2RtRFk0ZkFwSkU4Sg?oc=5,"Tue, 02 Jun 2026 07:00:00 GMT",2026-09-12T09:16:32+09:00
GoogleNews:買い物　調査,買い物　調査,【2026年 買い物に関する実態調査】 店舗選びの新常識。「安さ・近さ」から「タイパ・体験」の時代へ - PR TIMES,https://news.google.com/rss/articles/CBMiakFVX3lxTFAzVFZFWGpmdGE0Q1dYUWNtSC1LbG5HZDVyRjFCTlhsbTUtYlZhelBVVXMxRll3c3ZVQWw3VnFnZl9rVmh4M2szVG9VWjg4UEpGelZkbUNkeXh0aUxaTlZscFd0TWRnWG5Qc2c?oc=5,"Fri, 24 Apr 2026 07:00:00 GMT",2026-09-12T09:16:32+09:00
GoogleNews:買い物　調査,買い物　調査,IBM–NRF調査：AIが買い物の前段階で消費者の意思決定に影響を与える中、ブランドと小売業者は新たな現実への対応を迫られている - PR TIMES,https://news.google.com/rss/articles/CBMiakFVX3lxTFBZVGZSaTY5RjRuTDBlLUhwcVJZSDM0QnJmT0xueXhFYWpBR25rc1R3NmJCYkE0dEpRWW1iWXFCNW5EbW1DZ2pvb3J1RFNGZXE1SkhCeUpjVnd2VGRNMGktaG0zaTJYaTFvTkE?oc=5,"Mon, 25 May 2026 07:00:00 GMT",2026-09-12T09:16:32+09:00
GoogleNews:買い物　調査,買い物　調査,「買い物でAI利用」25% 時短や納得感向上 民間調査 - 日本経済新聞,https://news.google.com/rss/articles/CBMibEFVX3lxTE9TZzlxZEMtaENaUEh5WjY5ejJ0a0h3Ql81UGVmZ0VuTXctLUF5cjdtTDdjRDJEbkQ4blVyUFhBUlZZV1U3OE1VMzhfODh3dm5WVENCOXI2QlFuUWNxTjJlMXY4dzgtMFNzREhfdg?oc=5,"Thu, 11 Jun 2026 07:00:00 GMT",2026-09-12T09:16:32+09:00
GoogleNews:買い物　調査,買い物　調査,【深夜の買い物に関する実態調査】深夜1時は「理性がログアウト」する魔の時間帯。24kgの漂白剤、3kgの牡蠣…「スケール感の麻痺」が招く悲劇とは？ | 株式会社HADOのプレスリリース - PR TIMES,https://news.google.com/rss/articles/CBMiakFVX3lxTFBkUmhCblV0anQtay1GLUJSY19hUXFKcVJ1bWRfMm1YMUNBTzgxcG9vOFJaOGxoa1VBeUtCSFJnc2IycjBJc1Eza2JiNzhSMEpBdzU4WkFUclFDTDdZNDk4VnRVYjh6OFFEVEE?oc=5,"Tue, 07 Apr 2026 07:00:00 GMT",2026-09-12T09:16:32+09:00
GoogleNews:買い物　調査,買い物　調査,【AI消費トレンド2026】買い物相談が前年比6.4倍 - アライドアーキテクツ株式会社,https://news.google.com/rss/articles/CBMiXEFVX3lxTE5LaHJRQ2c4ZjV5b1NGUXB2enBoNWM0T3Q1RDJpclZBZEhmSldUNlhlcmxaQkZyMk9TUV9GV2Z1M3Z5a1RNRm1Pdk9hZVEteG9oV2QxOHlhQmpiZnpl?oc=5,"Thu, 02 Apr 2026 07:00:00 GMT",2026-09-12T09:16:32+09:00
GoogleNews:買い物　調査,買い物　調査,博報堂生活総合研究所 写真調査サイト『生活図鑑』第七弾となる「買い物」カテゴリーを公開 - PR TIMES,https://news.google.com/rss/articles/CBMiakFVX3lxTE5EeC1GV1p6QUlrdmk4VkF4NlBBQkMwZlV2QVBNYzVDWXByNms1TEZjb044U0tLUFhrWHN6UDQ1SkIwLUg2S1g4c0F6U2FtUG1Ic0ZDY2lVbW9RdWQtWmx3SVZmdUVIOUJwcGc?oc=5,"Thu, 02 Jul 2026 07:00:00 GMT",2026-09-12T09:16:32+09:00
GoogleNews:買い物　調査,買い物　調査,290万人のレシートデータから見る「買い物動向」調査 1月、全国・地方別のキャンディ売れ筋ランキング - global.toshiba,https://news.google.com/rss/articles/CBMipwFBVV95cUxOQTdhTnltY1pmY3liYW5jenJ0cU9XZDdPN3JVN2lPUFR2MWYwc1JQNGdGTWtYMEx2X19rSHNURV9BSjZhVzZKOTdqLVA3UkNGWkM2U0xYaEpQTUVUMERwQ0YzTjhYVGR5SGJJVGgzSERCRDkyMnc2d3JoZk93WlBfNGJYNjFmdDU3MllBMUswLU15ajhWdTh1UGtUR3YwU2VaX2J2RHpYQQ?oc=5,"Wed, 25 Feb 2026 08:00:00 GMT",2026-09-12T09:16:32+09:00
GoogleNews:買い物　調査,買い物　調査,応援購入サービス「Makuake」サポーター調査から紐解く、ECにおけるお買い物の新たな価値観「楽しみとしての購買」とは？ 〜「こんなものが欲しかった！」という出会いと作り手・ストーリーへの共感から生まれる、「作業」ではないお買い物体験の実態を解説 - makuake.co.jp,https://news.google.com/rss/articles/CBMiRkFVX3lxTFBKVXR5OWU1dmpBc2hTMDNSdUkyOW1lS2dldVh1eTFsMVozOEtBVjQyczRqaU1zVHZGV2dfSlN0QkswbXlMNlE?oc=5,"Fri, 06 Feb 2026 08:00:00 GMT",2026-09-12T09:16:32+09:00
GoogleNews:買い物　調査,買い物　調査,280万人のレシートデータから見る「買い物動向」調査 12月、全国・地方別の味噌売れ筋ランキング - global.toshiba,https://news.google.com/rss/articles/CBMipwFBVV95cUxObzdXRlVKazBoUFc5TGhjS2Rab2J2bTF0MllnM3hsejYyS3dDWHJzaGJVd0RVS3pXUS1FamxNZTNuUkpFQ2NDSElmaVlYVnBocXFSNms3OHBwSVo3Q2ludTkwNmRNbE1OdG5OWGpXUkM2S2hHb2lQcDdVOUJXU1dSUHRna1RDdWhXMzdBR2VxNUFpQU1WdllvOXNVVjFXYjBrWnNLODZaUQ?oc=5,"Thu, 29 Jan 2026 08:00:00 GMT",2026-09-12T09:16:32+09:00
GoogleNews:買い物　調査,買い物　調査,ボーナス時の買い物に関する意識調査、4人に1人が貯金割合を増やす傾向に―創作品モールあるる調べ - コマースピック,https://news.google.com/rss/articles/CBMiVkFVX3lxTFBweGFmTzlpSnJxZkY3SVZDRDd3VjhkYXNlM043RF9wemdNMmE2bV9aSUNjOGQ5S3p0b1R2ekJyYXV4bWw4X0hqRi1vdGxKZ09fak5PSXFn?oc=5,"Fri, 26 Jun 2026 07:00:00 GMT",2026-09-12T09:16:32+09:00
GoogleNews:買い物　調査,買い物　調査,物価高で6割以上が今年に入って「買い物レシートを二度見した」経験あり。約4割が「細かく見るようになった」と変化を実感 - PR TIMES,https://news.google.com/rss/articles/CBMiakFVX3lxTE9BcU5Fc2dhNldFLTRLRUlqblBxc0JSOXFHb0hXX3oyaEhWalNWc2xPdTZ2c1RWMjFNbVY4Rjh6VHZaODFHdl9jRGdHZkdqOEVJWGd2Y05kc041NHhtMXFlTW1OODVvY3o1WVE?oc=5,"Thu, 19 Mar 2026 07:00:00 GMT",2026-09-12T09:16:32+09:00
GoogleNews:買い物　調査,買い物　調査,生成AI利用者の約7割が買い物で活用！生成AIで調べた・おすすめされた商品やサービスを実際に購買した経験があるのは、うち約6割【エクスクリエ調査】 - 株式会社ヴァリューズ,https://news.google.com/rss/articles/CBMiV0FVX3lxTE82dTdxRGRTd3RqWUtDdWRxdHphZXFwQTFnNHAwQ3Q1MDBLWkpDMmFrMWJtU1p3UXE0bmlnckdIZFdKTWc0ek1kZDc3dFlMMmtfSDFnYUhsUQ?oc=5,"Tue, 19 May 2026 07:00:00 GMT",2026-09-12T09:16:32+09:00
GoogleNews:買い物　調査,買い物　調査,＜Qoo10「2025年買い物における女性の心理白書」＞2025年、女性たちが買い物において重視してきた考え方とは？Qoo10「2025年買い物における女性の心理白書」発表 - PR TIMES,https://news.google.com/rss/articles/CBMiakFVX3lxTE9IY3JKSl8zY2RWWS1pT0xPR0VNNlpPOFRHenJMZUpWRGs0c2VhdE5nOWpqZzJWalpXR01fd2NKUkhsZUs3WGhldHNPZ2c3c0VvWkJxZHBLRkt6T05yQ181OWJ4bF91UmhrRnc?oc=5,"Tue, 20 Jan 2026 08:00:00 GMT",2026-09-12T09:16:32+09:00
GoogleNews:買い物　調査,買い物　調査,【買い物のタイパ調査】「遠い」けど「安い」スーパー、足を運ぶ人が7割から4割に減る境界線とは？ - 千葉テレビ放送株式会社,https://news.google.com/rss/articles/CBMiX0FVX3lxTE5tbGJNbl9TTU5XVy05Y2dneUxnSU5EVmxwY3d4VGxYV1BpRWx5eGNqRTJRQmg1TDBFUTNZVkxJMGwxeE5Ma0hGVFlfZ2stMEd6QWhlSGJkWmY4LTJ2aDhN?oc=5,"Wed, 02 Sep 2026 01:03:23 GMT",2026-09-12T09:16:32+09:00
GoogleNews:買い物　調査,買い物　調査,mitorizが実施した食品と日用品に関する買い物調査の結果 - コマースピック,https://news.google.com/rss/articles/CBMiVkFVX3lxTFBLeWxoVTEzTDN5aDZVallZSmk4RmdPNVVOSFlZMmUwc3Q2T3RvZGhxUUVHaXZaNXRRbkVuRGJ4dXlTWnpaOGtnbmF3c1k2a2RrRnJjR2hn?oc=5,"Thu, 04 Dec 2025 08:00:00 GMT",2026-09-12T09:16:32+09:00
GoogleNews:買い物　調査,買い物　調査,AI時代の買い物、約5割がAIで選んだ商品で「後悔・失敗」を経験 約9割がAI活用後さらに情報収集 - AMP[アンプ],https://news.google.com/rss/articles/CBMiVkFVX3lxTE9xZTFuZDIxYXM5ZnM0Nko2X0lLbFZQSjBjbE5Ib0ZhTUkyNTZKU2VNUk1ha0V2MjI1UWM0aFFmZ056NFZSaGRveTdnaW9yTENwc1U2R1ln?oc=5,"Tue, 05 May 2026 07:00:00 GMT",2026-09-12T09:16:32+09:00
GoogleNews:買い物　調査,買い物　調査,300万人のレシートデータから見る「買い物動向」調査 4月、全国・地方別のアイス売れ筋ランキング - global.toshiba,https://news.google.com/rss/articles/CBMipwFBVV95cUxPb1hFU3d0TVdOOVlKdFVFRGVpNFp4N0tPQjNFT2lVMzE2ZlBKb19rOF9fSUtHV0NDLWtTMUJMNUZ5aGRyYWRzUHBQM0o1dWxvRkdUWEtXU3ktbFBFNDdWTnU2ajd0RnBPaGlicU1icWNLTVJnZ0F3M002dVh2Um5Qdk90OXVGRDdTUWdvMVZ0UjdPODRpUTZLS1dHZXBfXzVqOFFOQVV5Zw?oc=5,"Fri, 22 May 2026 07:00:00 GMT",2026-09-12T09:16:32+09:00
GoogleNews:買い物　調査,買い物　調査,AI時代の新消費モデルは「AICAS」 500人独自調査に見る購買行動の変化 - 日経クロストレンド,https://news.google.com/rss/articles/CBMiZkFVX3lxTE9OS1ZlU3luRy1zVVJ0ME1tSHlwbHI3NjRfOVdZUGNtWHdxSnljRmxOQ195WDdPZHozNGlLMTZkNzkwaGpESlp1QzNGMGhHSzR3YTRwSGxkd281ZndnSWtEZkw2NHBIUQ?oc=5,"Fri, 10 Apr 2026 07:00:00 GMT",2026-09-12T09:16:32+09:00
GoogleNews:買い物　調査,買い物　調査,300万人のレシートデータから見る「買い物動向」調査 2025年度売れ筋ランキング - global.toshiba,https://news.google.com/rss/articles/CBMipwFBVV95cUxNUzFaYnBKNjBQcWYyUlljRzc3U1NhNi1DcTdEZVZidS1iSVRUOC0xbzlsSExWZzBKSmt4azJfbFNzWmp0OW90a1k3V3RZYVFncUJzZkFDbDBoNGtZdHRRdUJVV193ejg5MDJ1Uy1IRmpvVEFxNUZzV0pRY2VYd1loOTc5TjF5bHlKTnFVM2dJbDF6SjFpUDBqRlQxSlpURklEbWJZYV9GMA?oc=5,"Tue, 28 Apr 2026 07:00:00 GMT",2026-09-12T09:16:32+09:00
GoogleNews:買い物　調査,買い物　調査,「生成AI利用者」約7割が買い物で活用、うち約6割が購入 エクスクリエ調査 - ECのミカタ,https://news.google.com/rss/articles/CBMiWkFVX3lxTE9nVG13UnVqS2dtZ3Z5MjliYVQtb1ozZEU0NERzcWVSUlpmTTc2V2pzcUJEU0tyRGZUSVl3R0xCeS1BNXhET3plYzBBM1RBeTRzRW1QMlZ3X1ZQQQ?oc=5,"Thu, 21 May 2026 07:00:00 GMT",2026-09-12T09:16:32+09:00
GoogleNews:買い物　調査,買い物　調査,AI が“買い物”を代行する時代へ Stripe、エージェンティック コマースへの対応準備に関する調査を実施 - PR TIMES,https://news.google.com/rss/articles/CBMiakFVX3lxTE0zMEF1SXIyUGpudlN5a1ZiSGxBRnJYeWhQVTR1eWJIR0lkc3hzcXl6SV9NUHBHdVV0ZUtMcENnVXRJYXhucjl5OUxBZG5fWmNYSkp4LUw1aGRLTkI4a3hJemw4aUF3bDFCYWc?oc=5,"Wed, 15 Apr 2026 07:00:00 GMT",2026-09-12T09:16:32+09:00
GoogleNews:買い物　調査,買い物　調査,"アマゾンが1,000人規模の今夏買い物調査を発表！7月の予算は平均8.2万円、家計防衛と賢い消費がカギ - DXマガジン",https://news.google.com/rss/articles/CBMiTkFVX3lxTE5WRnV4eVlPa2N3YUcwRlh1RDdsT1g4N0R5YUV0OHJ1NFlySTBmXzhOTGM4bmJhZFFuN1RiSFRHS3ZfdjFLcGRkNE5IRmpwZw?oc=5,"Wed, 17 Jun 2026 07:00:00 GMT",2026-09-12T09:16:32+09:00
GoogleNews:買い物　調査,買い物　調査,Amazon、今夏のお買い物に関する調査を実施「節約意識高まる中、7割がワクワクする」プライムデー開催に向けた消費者動向を発表 - コマースピック,https://news.google.com/rss/articles/CBMiVkFVX3lxTE9KWWdHa2VIR0dHRU9nWWNQMmd2c3JWNG1hWnhJeklKcy1yQlEzSVUwVGlLa2ExQ0JUMXRoUFN5SXF2NmE2UXJPT04zYmlvZC0yeE5QRXpR?oc=5,"Tue, 16 Jun 2026 07:00:00 GMT",2026-09-12T09:16:32+09:00
GoogleNews:買い物　調査,買い物　調査,【マイベスト｜AI時代の買い物に関する調査】約5割がAIで選んで「後悔・失敗したことがある」と回答。後悔理由1位は「AIの情報誤り」～9割がAI後にさらに情報収集。5割が本当に自分に合うか確かめたかったと回答～｜株式会社マイベスト - マイベスト,https://news.google.com/rss/articles/CBMiU0FVX3lxTE9wNmNCY1hCUklfWW54SkhwYUhuWVFTdjdQMnIzRWRBWUQwSE5rLU5xZWdGOWlPVlV0Qi0ycUNNbDBOWEpuQmxiUFJQaGxlZXVBamtJ?oc=5,"Sun, 26 Apr 2026 07:00:00 GMT",2026-09-12T09:16:32+09:00
GoogleNews:買い物　調査,買い物　調査,「節約しながらもワクワクしたい」 2026年夏、消費者のお買い物意識をアマゾンジャパンが調査：commercezine - MarkeZine,https://news.google.com/rss/articles/CBMiT0FVX3lxTE5NU1NKc1M3Uy01NENwRUt3U1p2UUJxVEtrbVhQODY3aGJTaGV4WTRzeWdULXVuNUtvMGF2ODRseC1SdGJfbWE0eUpYbDBzMm8?oc=5,"Wed, 17 Jun 2026 07:00:00 GMT",2026-09-12T09:16:32+09:00
GoogleNews:買い物　調査,買い物　調査,買い物の情報源はチラシや店頭POPが主流も、若年層ほど“口コミ”も重視！日用品の購入は“特売・割引”よりも“ポイントが貯まる”をより意識 - PR TIMES,https://news.google.com/rss/articles/CBMiakFVX3lxTE9OelJBZ1BYVGVvM1RjTldVbU9hWk1SMWpiVEtIY3ZiaDU3bG5LaXdDR0l4YUZPUkJsNEhScXYxLTlDTUVjdGYybDI5X2IxVkpzbk5uNTdWdDJYaEEwVGZidXFVWFk4TU1oTEE?oc=5,"Thu, 04 Dec 2025 08:00:00 GMT",2026-09-12T09:16:32+09:00
GoogleNews:買い物　調査,買い物　調査,ECサイト利用とそのAI利用の実態調査 - MMD研究所,https://news.google.com/rss/articles/CBMiXkFVX3lxTE5VaDVfTWNrM1VOSUd0SGVUNW05WE1Sc0RDU09PUWVBd3hhMC1lU0dOLXpoblh4TEFBem5EQkdfcExORjhYSkViX0tEbkhqLUEyUmkwQkFMX3BuUWdhY2c?oc=5,"Fri, 12 Dec 2025 08:00:00 GMT",2026-09-12T09:16:32+09:00
GoogleNews:買い物　調査,買い物　調査,DHL調査:5年以内にAIが買い物を代行する時代へ、消費者の29%が容認姿勢を示す - コマースピック,https://news.google.com/rss/articles/CBMiVkFVX3lxTFB5Q1RROUpvb0JUZzQ0ZkZFZUY3S282blhLYkVDWGZwT3RzMjgxUW5oekRYVURTdjVTa1NsWDdJUnZpRDdoRkMtNXVDbEloeDRCNHdna3Vn?oc=5,"Fri, 12 Jun 2026 07:00:00 GMT",2026-09-12T09:16:32+09:00
GoogleNews:買い物　調査,買い物　調査,長引く物価高の影響か、8割の消費者が買い物スタイルの変化を実感！変わった点は「ポイント還元・キャッシュレスの活用」が4割超で最多 - PR TIMES,https://news.google.com/rss/articles/CBMiakFVX3lxTFBVcFR2bGRza3BudnJwbkdWcXBJNVRFOVVoS0N5WWJjLW5ma1ZLYmFkbzdMMXIwUTNIZ2tkdnBpajRaTVN2YXZwT0RHY2g3cnZMYks2UUtKNlBmZnpkSUtnSXBWS0NrVjlTTlE?oc=5,"Thu, 25 Dec 2025 08:00:00 GMT",2026-09-12T09:16:32+09:00
GoogleNews:買い物　調査,買い物　調査,買い物をするときに「迷いや不安を感じる人」6割超 マイベスト調査 - ECのミカタ,https://news.google.com/rss/articles/CBMiWkFVX3lxTFBqZ1lBc0stdU1RVXdUX2t3N2tMSVM4bDJlaW9zQUQtS2d4bHd4MnVWR3dHS190Z0FtMXFMSzhHd0NNYjFYVThjZjhMMTBDUEFXekc0MmJkRW9Jdw?oc=5,"Tue, 10 Mar 2026 07:00:00 GMT",2026-09-12T09:16:32+09:00
GoogleNews:買い物　調査,買い物　調査,Amazon、ブラックフライデーの開催に向けて、「年末のお買い物に関する調査」を実施。「お買い得」「品揃え」「利便性」が3大ポイント - PR TIMES,https://news.google.com/rss/articles/CBMiakFVX3lxTFBfRlVQdk1CY2pvd2pBNlZMdTIxbTl2N3BLNEJYdjRHR1dxUDI5Y2s2SmdUY1pFeHBKY05OOG4xUVJvNXgyUk5QUW00ZU1EcEdSVzBqZVhlcnBlYjdUd2hiaGRRV0M1clVGd0E?oc=5,"Fri, 14 Nov 2025 08:00:00 GMT",2026-09-12T09:16:32+09:00
GoogleNews:買い物　調査,買い物　調査,ECサイトでの買い物についての消費者調査 | 株式会社ファンくるのプレスリリース - PR TIMES,https://news.google.com/rss/articles/CBMiakFVX3lxTE1NN3ZiczBRUVJaWXlTUUROekdiWTU0dm1McHBVdzVIS254QWo5eWdjaDB4aTVHVTFwZDN5QmZRelZJRkctU0FMNHVockFsbUViUFZtNzdGTWY0VDNvemRxbTFXSWtCdjF0dnc?oc=5,"Mon, 22 Dec 2025 08:00:00 GMT",2026-09-12T09:16:32+09:00
GoogleNews:買い物　調査,買い物　調査,レシート意識調査2026:物価高で4割が「細かく見るようになった」、9割以上が紙レシートを受け取る結果に - コマースピック,https://news.google.com/rss/articles/CBMiVkFVX3lxTFBuWlZUZFhpOERoLWhMSUZGV2dxUUN2dUlYdFN4YkRlTmQwcE56X2FXaGh1UDYzN1UwYkxlLXQ3dDZKbzNfM0lVZXk5ZnBRUXBHQXUtNjV3?oc=5,"Mon, 23 Mar 2026 07:00:00 GMT",2026-09-12T09:16:32+09:00
GoogleNews:買い物　調査,買い物　調査,「自分へのご褒美」5割超がECで買い物 1位はスイーツ・グルメ スポルアップ調査 - ECのミカタ,https://news.google.com/rss/articles/CBMiWkFVX3lxTE1oNGkzYUZxamdrUl9KMWljY3piQlVVdmktQjF3NTBObFlocHNrQTFlOE92ZzdhS2N6aFc3aFR3MFB6cTdMTmVwVExOcEo1a0VHakRqdjlPQmxWdw?oc=5,"Wed, 24 Jun 2026 07:00:00 GMT",2026-09-12T09:16:32+09:00
GoogleNews:買い物　調査,買い物　調査,生活者意識調査 第5弾 - ネオマーケティング,https://news.google.com/rss/articles/CBMijwFBVV95cUxPLTRxdlRqVkc4Mm96SEU3bVVsaEsxZGNkOXlCWjVWQmdpcjN5S0dqTjZIZmg0UXktMldXLXhXOFRsSXdhVlJ3Q2p2S08xRmJxTDJJbVFVS3N3b0xieDl1Qm1Qbkh2UzYweklRcVQwWl9peUF1TlFsdS16b0FSOGl1NHM5LVdpYWRSQV81OXZBWdIBnwFBVV95cUxPTlp1dmJNN1ZTQzJPZ2t2cEtoU25qZ3VBcldyMUg4Vnc0enl3QWVSZFZnWk9zWkl2b2VIRzZRNGZ2YkJxMGVJZnd3RkZsRGNMVFpmUGIwXy05enpGTDgyN2F3azlWMm1BdHZxQXhUUkNpN3RhRkRheHpqNnlHQ3RfYXRNNTZEcUtjOUR0cnFHNzVLeDBZZ0tKU180d3E5Rzg?oc=5,"Wed, 15 Oct 2025 07:00:00 GMT",2026-09-12T09:16:32+09:00
GoogleNews:買い物　調査,買い物　調査,ネットショッピングでよく利用するサイトは？学生の約9割はAmazonを利用【MMDLabo調査】 - MarkeZine,https://news.google.com/rss/articles/CBMiT0FVX3lxTE9xMVZKRVotQ3hFUXAtb0ZMSTZkdUFqV3d1UUJRR3NraEdsNFU5X3BpeG12cWJRX2hMSkVSblRGRklJbkxqSHBWblh2OWxWV0E?oc=5,"Sun, 22 Feb 2026 07:43:05 GMT",2026-09-12T09:16:32+09:00
GoogleNews:テクノロジー　健康,テクノロジー　健康,働き方×AI×アロマ NECがテクノロジーで拓く健康経営の未来｜日本電気株式会社のストーリー - PR TIMES,https://news.google.com/rss/articles/CBMiVkFVX3lxTE93Ri1raHVqdEg5anAzQnNDSENQcy1IQXNBODdWbnFyTUZkV3VGYmdJZVg1WWo4OVAtVEFTZnpPZHFQcVpsMnlaM2VvVFpxbE5PeG1EOGx3?oc=5,"Mon, 17 Aug 2026 07:00:00 GMT",2026-09-12T09:16:34+09:00
GoogleNews:テクノロジー　健康,テクノロジー　健康,食事・栄養を解析する健康管理アプリ「カロミル」を提供するライフログテクノロジー株式会社を完全子会社化 - 共同通信PRワイヤー,https://news.google.com/rss/articles/CBMiW0FVX3lxTE52SGlCS3E1aGF5MTFqSkRxTGtpUFFVQzlnYzlRMVd6dktYdW1xVEZBdFRZaE1scTM5VmN6VmFjdzNUblc5VGl3ZkxSRmZweTUzNWlIdUpNRDNya1E?oc=5,"Tue, 16 Jun 2026 07:00:00 GMT",2026-09-12T09:16:34+09:00
GoogleNews:テクノロジー　健康,テクノロジー　健康,健康への取り組み - DXC Technology,https://news.google.com/rss/articles/CBMiWEFVX3lxTFBYMElGejdmNVN2ak16S0VxZHlSazNCdy14S2ViS0hVT01HSXJWUE5qSkxzcTVkdEFhc2FzT2Z4SFZJU0ExZHlBRmFqYkdmdkJqYUdJVDZTWmg?oc=5,"Wed, 10 Dec 2025 10:32:39 GMT",2026-09-12T09:16:34+09:00
GoogleNews:テクノロジー　健康,テクノロジー　健康,テクノロジーで“健康寿命”を伸ばすAgeTechの最前線 米国で関心が高まる - Forbes JAPAN,https://news.google.com/rss/articles/CBMiWEFVX3lxTE8wNE1qZVB4b2xhSzFVLWMyRUtBUWxiNlNLMDFMZ1FNVk5xVThYdkk0WjB1RTMwWTdPY1E0RW85MXI1ZTB0S3lTaC1DdjVYVEtBaHloT0k0aXE?oc=5,"Thu, 15 Jan 2026 08:00:00 GMT",2026-09-12T09:16:34+09:00
GoogleNews:テクノロジー　健康,テクノロジー　健康,パーソルグループ11社、経済産業省と日本健康会議が協同で選定する「健康経営優良法人2026」に認定 - persol-group.co.jp,https://news.google.com/rss/articles/CBMiXEFVX3lxTE9CTHNsUnNGdlpIYTNldTBjdnNEbWVfLTY5aGZCX0Y2WHVPVnVKWUQwb3pyVjZlaHQtbHlneldqMDRuREk3THFiRVAwZXJzZ3ZLR0l3UkhaN1hqQ1E4?oc=5,"Mon, 09 Mar 2026 07:00:00 GMT",2026-09-12T09:16:34+09:00
GoogleNews:テクノロジー　健康,テクノロジー　健康,【おおいた学生ビジネスプランコンテスト2025】おおいたから世界へAI睡眠テクノロジーで挑む未来の健康革命 - city.oita.oita.jp,https://news.google.com/rss/articles/CBMingFBVV95cUxQT1h4cllUcXRldTNTTm1lSHJ4QXNnT05JOUtyS1RVYVRHMmtyaTB0Y1Z0a095VHpaQ2g0bVN1a25feGdkUnU1Y3NTVmZDVEE3eHZMcmd2Q3RBNzdHS1piTlozaUE0RGl3bHBjV0ZCeERncFNkR2lEY1ZHRXhxNXVxUjFuamI0Z2dCZzdvX2tPeUR6VmpxTVVjcmp0Y084UQ?oc=5,"Wed, 15 Apr 2026 07:00:00 GMT",2026-09-12T09:16:34+09:00
GoogleNews:テクノロジー　健康,テクノロジー　健康,写真：働き方×AI×アロマ NECがテクノロジーで拓く健康経営の未来 - 沖縄タイムス社,https://news.google.com/rss/articles/CBMiZkFVX3lxTFBCVWdESHFOUFpkSmJIMDd5a0R3TWJDYW5GZXppRkpsRW1DWHR2RjdzWERldjZWYlRXUHlPOGRQaC1ldmFLY19ILTV0cF81cUtvOXlGUHZIcVMteHgyRDUzMDBrVlM5QQ?oc=5,"Mon, 17 Aug 2026 07:00:00 GMT",2026-09-12T09:16:34+09:00
GoogleNews:テクノロジー　健康,テクノロジー　健康,食事データ×ウェアラブルデータで、 健康行動を価値化する新たなウェルネス体験へ ピクセラ、健康管理アプリ「カロミル」を展開する ライフログテクノロジーと共創に向けた取り組みを開始 - Newscast.jp,https://news.google.com/rss/articles/CBMiT0FVX3lxTE1IbUhsZWMwNkk4MEtBUnlUTEpVS00xMFdDVkU1NjhEcjFvdXJFaVhSR1h3bVhCeVBDS2phSlpLT2RJaFhSalhWcHgxNzhmSzQ?oc=5,"Fri, 08 May 2026 07:00:00 GMT",2026-09-12T09:16:34+09:00
GoogleNews:テクノロジー　健康,テクノロジー　健康,【締切5/13】「2026年度横浜市トライアル助成金」～健康・医療分野、バイオテクノロジーを基盤とする環境・エネルギー分野の研究成果・アイデアの実用化を支援 - スタートアップポートヨコハマ,https://news.google.com/rss/articles/CBMiZ0FVX3lxTFBpd0YtU09ZQ3NrSGNRbjhYaTNCcjRFQ2RrTVh3SUdINjhoZDJINF93aGFqSTFCWEZUTzMzZmJ6REFhU3gyQU5GbVBNLWZFUEZwZU40M0cwLW5hUUQ0LWxhWGtyTl9KN0E?oc=5,"Fri, 08 May 2026 07:00:00 GMT",2026-09-12T09:16:34+09:00
GoogleNews:テクノロジー　健康,テクノロジー　健康,パーソルクロステクノロジー、Health ISAC Japanのアセスメントサービス「セキュリティかかりつけ医」に採択 - PR TIMES,https://news.google.com/rss/articles/CBMiakFVX3lxTE11X3FpZGpNVGpMUmV6Z2lwYVRBekdWX3M4WHJQYktOemdkTWZ3WG0xRGt6TzZqR01uMkZLVEdNVDZWOWR3ZjRLc0pxNmdYMVhSSlVVaThfdUdMc1djOHFVSXdQV2xrNzZxV0E?oc=5,"Thu, 20 Aug 2026 07:00:00 GMT",2026-09-12T09:16:34+09:00
GoogleNews:テクノロジー　健康,テクノロジー　健康,つくば市民の皆様の健康寿命延伸や生活習慣病予防を目指しPHRデータを活用した商品提案・健康支援による食生活改善の実証事業を実施 | ライフログテクノロジー株式会社のプレスリリース - PR TIMES,https://news.google.com/rss/articles/CBMiakFVX3lxTE1wLXhtR1VaUFU0YTQxYzh5TkFubWVxZDlxT2JMRDY2Y1ZTSUF2M2NYT2w5cXBfQnh0d3lkQW5YZ0VnMUVta2VFSGJ4TVZoZUpFWk9zRGlxMVAwMElZaXZvNVM0dmozcC10WUE?oc=5,"Fri, 21 Aug 2026 07:00:00 GMT",2026-09-12T09:16:34+09:00
GoogleNews:テクノロジー　健康,テクノロジー　健康,“ヒト×保険×テクノロジー”健康診断書・人間ドック結果のデータ化を実現「スマートOCR：SDクラウド健康診断書パック」を提供開始 - PR TIMES,https://news.google.com/rss/articles/CBMiakFVX3lxTE9jT3pVWlNOb1BrWmRaeFU4RWFubHVFUUlBNWQwU20zc21NZlFyR1VVVWRKLXR5bkdab29EU1AyT2I5dUd1QXNlSGFneHg3NWVxNFVpYkYza01GVUMzYkt4YVdMMjJyZUJUX3c?oc=5,"Tue, 17 Mar 2026 07:00:00 GMT",2026-09-12T09:16:34+09:00
GoogleNews:テクノロジー　健康,テクノロジー　健康,教育テクノロジー企業の株式会社ビルディット、健康経営優良法人2026（中小規模法人部門）「ブライト500」に認定 - PR TIMES,https://news.google.com/rss/articles/CBMiakFVX3lxTE1mVEp1YXBMNmtKdjFhbW5qaUlYcVhvU1BQYVgweEdtbzB1VVNHR2w2NWNpVGNjNHRzWU9vakgwQ1RjWXg3U0ZmY2NRUHoxVmlVNUx0UUE3ampWZlUtMU9UYlJLekFWLVJ3SFE?oc=5,"Fri, 13 Mar 2026 07:00:00 GMT",2026-09-12T09:16:34+09:00
GoogleNews:テクノロジー　健康,テクノロジー　健康,東京パワーテクノロジー、「健康経営優良法人」「くるみん」「スポーツエールカンパニー」認定を新規取得 - PR TIMES,https://news.google.com/rss/articles/CBMiakFVX3lxTE52Q096UlMtQXdNcGdoNTdsVXNrN1FJQllCbldHMGVLVlVvVllMOVlRRHdaT3ltVjFhdEdmRXItU1ZJRnFHSlNydkJwelIyOFk3UjJ1eGdQVmVKdmRYZVNoYlE5MkhTSGp1dUE?oc=5,"Tue, 24 Mar 2026 07:00:00 GMT",2026-09-12T09:16:34+09:00
GoogleNews:テクノロジー　健康,テクノロジー　健康,カロミル×ぼんたぼんた、アンケート調査から生まれた“健康おにぎり”新商品を共同開発 - PR TIMES,https://news.google.com/rss/articles/CBMiakFVX3lxTE5IUnEzOHFIcXN2bE42WHptNERNbUhUTDlrWHVnM1BDdWlJTERFTzNtM0V3dFhDcHlySlB4VFNrQlBkUG5XU2RGbXVpWXBxcWZPVGYzWm5pVklMbUg1OWxGX3kwZlp1aXF3Wnc?oc=5,"Thu, 09 Jul 2026 07:00:00 GMT",2026-09-12T09:16:34+09:00
GoogleNews:テクノロジー　健康,テクノロジー　健康,喫食データ×生成AIでここまで見える多様化する 健康意識層の“リアルな食実態”と商品開発・マーケティング活用 - PR TIMES,https://news.google.com/rss/articles/CBMiakFVX3lxTFBYNUstWTFkbWh1dkFkZmZhRDFiYTF5bW91YjR5TUlXQUk1U2ZOQWZpNGt6U2lfbXFtSEFOVTVJLVRWa2dZRUJ4TTB2c0VMdVVwR0Z0eDRlSl9JeFdJZGRMQndwbzV4WUZhcGc?oc=5,"Thu, 04 Jun 2026 07:00:00 GMT",2026-09-12T09:16:34+09:00
GoogleNews:テクノロジー　健康,テクノロジー　健康,健康に貢献する信念を胸に、新しいテクノロジーに挑む - otsuka.co.jp,https://news.google.com/rss/articles/CBMia0FVX3lxTFBNNGVZOW1tZXRxeFpUNVlvVFBOMkxWbWhtVjI4Sm12ZW5tRmptclhuWTRxVGhMclpKYV9RTV9mcjhxZEszNVFOSk8xdUxPZVk5RVEwSW5kdmlFNlAzTUpmMXBQdm95d2ZUaUUw?oc=5,"Tue, 04 Nov 2025 22:17:22 GMT",2026-09-12T09:16:34+09:00
GoogleNews:テクノロジー　健康,テクノロジー　健康,スマートシティ×公共交通・都市DX・未来テクノロジー・人材育成・健康・自治体経営｜調布市70周年の寄稿も掲載──見逃せない最新トピックを一挙公開 - PR TIMES,https://news.google.com/rss/articles/CBMiakFVX3lxTE9sQTl5czhZN3lIX2lDRjdTR0VSWGxLZ0gtc3JMcnEwSmNvdGh5RFBZMzdjajVwcGd1VDl4V185dU5VcmRsckZTdncxVThhR0F4MTRVVkhZNDZiMGFTRkdqMTRWcDZiaXRNb3c?oc=5,"Fri, 05 Dec 2025 08:00:00 GMT",2026-09-12T09:16:34+09:00
GoogleNews:テクノロジー　健康,テクノロジー　健康,「米国を再び健康に」 ワクチン削減の保健副長官、 「老化逆転」 の野望を語る - technologyreview.jp,https://news.google.com/rss/articles/CBMitgFBVV95cUxQSms1bG05M0kwRXJPZXFrb3ZyTHRTTlFjMk5mYUIxWG55amJSY0NkNzhQZFpCWmlZUXpmRmtyandzcnIxSTNIS0ZtLTZoVWRMTVZ1STVyYXdRTGNPMk9nUkd5MzJmQVJzb0hiY2N2UGlNRU13Z25PcmNSNWNXOHhiM25SaTJMWmpocDdSc2pidTZ0MEh1ME9OREJsQTFPSkZFcnFSR1JiU3pkZE5Ea2pTX1pfWWdfQQ?oc=5,"Wed, 25 Feb 2026 08:00:00 GMT",2026-09-12T09:16:34+09:00
GoogleNews:テクノロジー　健康,テクノロジー　健康,働く女性の健康サポート フェムテック製品一堂に 月経、妊娠出産、更年期…健康課題をテクノロジーで解決 - 下野新聞社,https://news.google.com/rss/articles/CBMiW0FVX3lxTFBhcXpfU1JhM21pOVBObTc4V3dmc1JqZlZ6aHA2ajR6eWJoSnp4NzFQVTAtOVE1T3dOeDlTVi13Y3lDXzZHNlJpaWpuWmVIajBYcEZnOEVzSG1LOW8?oc=5,"Wed, 26 Nov 2025 08:00:00 GMT",2026-09-12T09:16:34+09:00
GoogleNews:テクノロジー　健康,テクノロジー　健康,未来調査2026-2035 先端テクノロジー編｜日経BP【公式】 - 日経BP,https://news.google.com/rss/articles/CBMiWkFVX3lxTE5TLVRKT1VDblFfcUJRb1BsMnB1VnB0QTVVVWtyb01IalFpbHBob0s5R1ZGMzFoaWRVdHRpX3c1Z21TbWhQeFc0ZWxMd0VuTnB1WDBjVUVTZHJFdw?oc=5,"Thu, 02 Oct 2025 16:29:05 GMT",2026-09-12T09:16:34+09:00
GoogleNews:テクノロジー　健康,テクノロジー　健康,『家事負担低減』や『美容・健康』の社会ニーズをうけ「Air Bubble Technology」搭載商品が累計 15 万台を突破 - PR TIMES,https://news.google.com/rss/articles/CBMiakFVX3lxTE1ZbXNNQlZLWVd1RGV4SGpJYjRLU0hvdWN3SlpkU3pxVEp1QW82S2I3YUlQX25qcTZsRTZyR2daTzJQcE9hOXJybV8weUp4dGZtMEs0S25YTl9VU0FFajZPS0UwUDdkdURlTUE?oc=5,"Mon, 27 Oct 2025 07:00:00 GMT",2026-09-12T09:16:34+09:00
GoogleNews:テクノロジー　健康,テクノロジー　健康,信頼、テクノロジー、女性の健康が導く次世代ヘルスケア、アメリカ発のウェルネス最新レポートを公開 - PR TIMES,https://news.google.com/rss/articles/CBMiakFVX3lxTE5ibEc0RUNzMTV1cTRhNElHaXNsZnhBWkJCRGU1MnhObVMwc3NYVW1vb216VWFRZ0ZUWHZaV3BkaEpHZDZPTXFGMFN0MzZUcTBvYXpNRXNTSG13TnR4U0ZITjBoNmRZOTBMcUE?oc=5,"Thu, 09 Oct 2025 07:00:00 GMT",2026-09-12T09:16:34+09:00
GoogleNews:テクノロジー　健康,テクノロジー　健康,2026年最新テクノロジートレンド総まとめ。プライバシー、健康、集中力、環境、身体拡張まで網羅する注目のスマートデバイス5選 - internetcom.jp,https://news.google.com/rss/articles/CBMiigFBVV95cUxNR2szMW1kbzgwbW1rTXd5RmNaQUs5Ti1VVzJ0YzVTNXhoWlhUUmtkbXI1M05JNHBaTkVhMzNtaTVVMDBfQjQ2WWpvTGxSYUR0WXl5ZzRzdmF0TnVWX0NnYjBCNDhPbVlMUDZpdVM0ZXVlS3ZjN2VwN3o5NlBQVnVOVU9UbjVlTnRtdHfSAY8BQVVfeXFMUGl6M1NDdVI4V0gxSUk0ZHFKV1lkbFBSd1piYTlGU1R5UVFMcmtSMFBQamh6ZkRNSVZuVVZySEZ6N2Zid1lZV25zZnpteTBIWXdHSmp4Y2lYZ2NVYTl6OGlOblMxOXFaeTgwdVJsaHc4ODY1WGVKUnVBeHp4VTNtazNJejFJTjRrYzBPZWJ1RDA?oc=5,"Sat, 24 Jan 2026 08:00:00 GMT",2026-09-12T09:16:34+09:00
GoogleNews:テクノロジー　健康,テクノロジー　健康,Pestalozzi Technology株式会社 日本健康・運動データ総合研究所、10月13日のスポーツの日から、個人のウェルビーイングを高めるためのフィジカルリテラシー診断を無料で一般提供開始 - スポーツマニア,https://news.google.com/rss/articles/CBMiREFVX3lxTE5fZmdPTl9RLTNuRFh5R1AzY2dRNWNfSnFnOXZCdFp2XzRIZk1kNHJJa0lPRUpDNVgwVjdSSHFNMzd4MlAx0gFKQVVfeXFMTmlZTTZlWlJHRk82Vi1rU19hQ3hBdndoU1E4VThjbE45Q0J4cVBZeUd2OWREWGZxOTJyWXo3OGVuUWpQWTJpLUlqMHc?oc=5,"Mon, 13 Oct 2025 07:00:00 GMT",2026-09-12T09:16:34+09:00
GoogleNews:テクノロジー　健康,テクノロジー　健康,食×テクノロジーで健康を支える - シルタス - MUGENLABO Magazine,https://news.google.com/rss/articles/CBMiX0FVX3lxTFBGaEpDV1h2R3Nfb0tkd3U4QThwMk4wVlVXUTkxd0wwTm9OS2ZtTElteEdfNklIMlhmX1RlcnByams3SEE5UXNyeUFQMFduLU5ocTJ1d0ZrZ1dUOG4xdmZn?oc=5,"Tue, 24 Jun 2025 07:00:00 GMT",2026-09-12T09:16:34+09:00
GoogleNews:テクノロジー　健康,テクノロジー　健康,セゾンテクノロジーの健康経営は経営のためではない 社員の豊かな人生を願う社長のライフワーク (1/3) - HRzine,https://news.google.com/rss/articles/CBMiTkFVX3lxTFB2MEY2MXJKVjV2U0V1Y3hQdEdHZjlJd29DUHhsbm9qY1VpTHdSLW9JLUlOX1JuOHJQX21aV3FuVVJ3NEZxWTlfcW9Na2JfZw?oc=5,"Wed, 30 Jul 2025 07:00:00 GMT",2026-09-12T09:16:34+09:00
GoogleNews:テクノロジー　健康,テクノロジー　健康,最新の美容・健康テクノロジーが集まる展示会「WELLNESS ＆ BEAUTY TECH 2025」を初開催！ - PR TIMES,https://news.google.com/rss/articles/CBMiakFVX3lxTE1vZlE3Q01pSGN0SGZTT3Myc2hlMFZvVmRuTjMyS3A3dGdBV1Q2cGNtSEFhNnNPVWI0elBNTnN1RzJxRnNrOG1YSjFjN3BlS3ltelljSVNhVEtQN3VwNWZtampTTXRvXzdhd1E?oc=5,"Tue, 15 Apr 2025 07:00:00 GMT",2026-09-12T09:16:34+09:00
GoogleNews:テクノロジー　健康,テクノロジー　健康,Flora株式会社、「第10回HRテクノロジー大賞」にて「地方活性賞」を受賞 - PR TIMES,https://news.google.com/rss/articles/CBMiakFVX3lxTE84VTJTOUUxNTAyeUo5Z0FWaExCbzV2b2lDSnhIaGhSNEloUXRzWm1CQk1MLXdxM0wzNXIzTEl1MHpSMXRNUURSUUk5U2kxLWZ6NEl0RDhlcThSY0ZVVGIxbVNaR3gzYzVsX2c?oc=5,"Thu, 07 Aug 2025 07:00:00 GMT",2026-09-12T09:16:34+09:00
GoogleNews:テクノロジー　健康,テクノロジー　健康,『仕事と人生を変える 勝間家電』書評｜テクノロジーで「時間」と「健康」を取り戻す実践的ライフハック - Smart Watch Life,https://news.google.com/rss/articles/CBMiTEFVX3lxTE8zTV9ZaFRMdnA3c1RIS1ZkbElZZzFuTDQyQ3F2bGFGNHN5bkcyQ042VjduZFhJcThHb0tvVFVXdGxtakJWVnBvb1R4WUk?oc=5,"Wed, 22 Oct 2025 07:00:00 GMT",2026-09-12T09:16:34+09:00
GoogleNews:テクノロジー　健康,テクノロジー　健康,コントロールテクノロジーが、大学の健康診断に特化した予約システムをリリース - PR TIMES,https://news.google.com/rss/articles/CBMiakFVX3lxTE5FaEJ5T3RqNzRYMjhkNUpJV1ZJb3l5bG4xbUJXeHNxdnh1LTVBV1lEQTJkczFSdXNnNkcweC1iWXREWEdWLS02TndOWGtZc3gxbWRfREF0QkF3MndMZ3RrZWNrY29YeEh0R2c?oc=5,"Thu, 22 Feb 2024 08:00:00 GMT",2026-09-12T09:16:34+09:00
GoogleNews:テクノロジー　健康,テクノロジー　健康,ブリヂストン 女性特有の健康課題をテクノロジーの活用で解決する フェムテックプログラムを導入 - 株式会社ブリヂストン,https://news.google.com/rss/articles/CBMibEFVX3lxTFBLcENCeWdJdzdHczVDc2RwanBWR0lMQ2FJaG8taF9GX3JucjczRVRYc0FtdlQzejhHanRiQXJKSWp3ODdkQ0NOdnZrc2lISkhicnFzZDJTeVZvS1F4ckVDUmlqcW5ETHZPQm05ag?oc=5,"Thu, 27 Apr 2023 07:00:00 GMT",2026-09-12T09:16:34+09:00
GoogleNews:テクノロジー　健康,テクノロジー　健康,【プレスリリース】政策提言：超高齢社会におけるイノベーション ～テクノロジー・健康・介護・都市計画へのインパクト～（2019年4月15日） - 日本医療政策機構,https://news.google.com/rss/articles/CBMiTkFVX3lxTE84LWYxTDltSVN2M1NJRl9uTEVjNjVKU1pQU3hVNUV0NnlQdk5kQXZkZV9CMmFXek55Mk9lTEU4TWtqaUgwNzByTnRUdG43QQ?oc=5,"Tue, 16 Apr 2019 07:00:00 GMT",2026-09-12T09:16:34+09:00
GoogleNews:テクノロジー　健康,テクノロジー　健康,テクノロジーは「健康」を変えるか？進む静かなるイノベーション - technologyreview.jp,https://news.google.com/rss/articles/CBMirwFBVV95cUxOd1ZtbU96UmFMYy1oWXV3TlVvTkpKSWRxRTVhVE1PZjdmQXdNWUV6QVZUa1dod3RxRmFQdjNtdUFFRWRCNDAtaEdjV2RQY2RHWjNNMzd6RFptY1pwd213VC0xbm5tTEhZSm1xTDZVVXRjckVtWGZuZ2dBdXZMRmhRQlhhdE05NDlqak1fb0FvTmE4dXo3SGZ3LUEtRFJNVy1Wemc5djBPVEpkaHBRSTJN?oc=5,"Fri, 24 Aug 2018 07:00:00 GMT",2026-09-12T09:16:34+09:00
GoogleNews:テクノロジー　健康,テクノロジー　健康,テクノロジーによるヘルスケアオートメーション（健康の自動化）を目指すドリコス社と資本業務提携 - 株式会社エアトリ,https://news.google.com/rss/articles/CBMiTEFVX3lxTFBMeFEzT1ZIM0hZb1J6NDhSMVJqMFFyZWVOSjcxcGdCaGZUTjBudlBBT0RycFhoOEpWWGZwYzVvVExNUFQ2VGFJVFZodWM?oc=5,"Tue, 25 Jul 2023 07:00:00 GMT",2026-09-12T09:16:34+09:00
GoogleNews:テクノロジー　健康,テクノロジー　健康,健康長寿のためのARDD：科学、テクノロジー、投資が再定義する未来 - EurekAlert!,https://news.google.com/rss/articles/CBMidEFVX3lxTE5PdEtabFVoY3A2Q1M4SkQyX2pOZFNaWWIzM1dOREJRR2stU2FrUXdvVTdhUXo5dF9FZ0NsUFdTVXo2QmJkRnpSRWhVZnlzZVRCMEQydzF6WVVSQXFBOFVRWmJDem9HbUVkOWlCX1NBSllVLUpV?oc=5,"Thu, 21 Aug 2025 07:00:00 GMT",2026-09-12T09:16:34+09:00
GoogleNews:テクノロジー　健康,テクノロジー　健康,ライフログテクノロジーとハウス食品グループ本社が資本業務提携を締結 | ライフログテクノロジー株式会社のプレスリリース - PR TIMES,https://news.google.com/rss/articles/CBMiakFVX3lxTFBoMXJ6VmUzU3NIMXhDdjIyUzRhdXd4Mkh5SVVFaFBxcTJQV1pIYlRiVGlESGlYcldxbmpyQXdSRGY5U3JwNVlTNzZiWEdoVnZRMk5OdDdkbHU3MlYwRTFxRjU4dUtUS1p4RUE?oc=5,"Wed, 29 Mar 2023 07:00:00 GMT",2026-09-12T09:16:34+09:00
GoogleNews:テクノロジー　健康,テクノロジー　健康,日高地方の浦河町で健康教室を実施！ ～地域の元気と交流を促進～ 北海道ハイテクノロジー専門学校 - 滋慶学園グループ,https://news.google.com/rss/articles/CBMiT0FVX3lxTE8xeG0xbFF1OHBlY0xZQmNhWlNpWDFaLWtUb2poS0NuOTdVdmNFVXlxdFg5d3RFeTFWY203Ti1CNWpSR0R5NFdfT0lnV3VBdnM?oc=5,"Tue, 15 Jul 2025 07:00:00 GMT",2026-09-12T09:16:34+09:00
GoogleNews:テクノロジー　健康,テクノロジー　健康,テクノロジーが人類の健康寿命を延ばす！ iOS健康管理アプリ「ヘルストレーナー」をリリース - PR TIMES,https://news.google.com/rss/articles/CBMiakFVX3lxTE5uZ3o1OHRIekc2aEVxMFhRNFdtYVNMcUZ3aEw2Qzk1X2ZOSnFTNEZfRkJJcFFFNTlZNm1tUEZLcWtmckMxTnRCVWhlWGVuSEdKOGRfdW9mQ0dsNFl6X1MzQjhsNTY1YzVpNnc?oc=5,"Thu, 17 Oct 2024 07:00:00 GMT",2026-09-12T09:16:34+09:00
GoogleNews:テクノロジー　健康,テクノロジー　健康,女性の健康をテクノロジーで考えるフェムテックイベントに 漢方専門薬局が出展 「WEHealth2025」＠原宿 - アットプレス,https://news.google.com/rss/articles/CBMiTkFVX3lxTE9SOTN6MUZ2RkpUWkVrV0hMQ2FzbXRrQTBvRE15clFkRkdfLWZHZzl1MC1wTEQ4cUp3a2pHZ1ZQNFU0aWpVSWhJM2tEMWtTQQ?oc=5,"Wed, 26 Feb 2025 08:00:00 GMT",2026-09-12T09:16:34+09:00
GoogleNews:テクノロジー　健康,テクノロジー　健康,挑戦者2024：テクノロジーで女性の健康支援―― 杉本亜美奈さん - 週刊エコノミスト Online,https://news.google.com/rss/articles/CBMif0FVX3lxTE1hQUptVml1QnZUVHkwVGwzNDBEMHI5c3pvbXl3S05kU0ppelNmVmFfVWx0TTA0eE14UDVlbTNpNk1SRGlSZVdKYmhQMTdtSWxxemhJQ3pVYk55YmhOWnp3NG4xN1U2VlNLNHNIcFdTVElITHBUOUh0T2ZCSTUwMjQ?oc=5,"Mon, 11 Mar 2024 07:00:00 GMT",2026-09-12T09:16:34+09:00
GoogleNews:テクノロジー　健康,テクノロジー　健康,女性特有の健康課題解決へ向けたテクノロジーやサービスの展示会 Femtech Japan 2024/Femcare Japan 2024 に出展 - PR TIMES,https://news.google.com/rss/articles/CBMiakFVX3lxTFBFekhIWW5FaW9pdzI3cmtkZ3RjR1FId24yVlUzek1ueXhJc2pxMUZzUUt4Y2piWmNkZmZmT0JlRnJGQ3RUMXVfdjNqTWQ3cDVtYVJxZFBYLWkwbEpTeWo1S2JNVGVOcWEydGc?oc=5,"Wed, 20 Nov 2024 08:00:00 GMT",2026-09-12T09:16:34+09:00
GoogleNews:テクノロジー　健康,テクノロジー　健康,小児の時間外の健康支援アプリ『キッズドクター』がテクノロジーを活用した子育て支援サービスの展示会「BabyTech（ベビーテック） TOUCH」に出展 - PR TIMES,https://news.google.com/rss/articles/CBMiakFVX3lxTFB0RkN1T0dLRGZUQmJybVJFLWJBVWVWMENYUWNDay1LYUY1QUNxTEZ5OEZQNTJhNDJkZjIwbWxfWFFHS2RUbU8yV2NIRWhUNlJRRGxDUVJkdUZVTHBEQ18yYXZaZXpncHQtY1E?oc=5,"Thu, 10 Jun 2021 07:00:00 GMT",2026-09-12T09:16:34+09:00
GoogleNews:テクノロジー　健康,テクノロジー　健康,美容、健康チェック、食事診断ヘルスケア領域に広がる先端テクノロジー - ダイヤモンド・オンライン,https://news.google.com/rss/articles/CBMiTEFVX3lxTE4ySnZsVG51ZTU3T05veG15WXc5T3R4Z1QzbUV4aHpVVTBjQmxEY3ZKbGJfSzRoNkRmNzNHXzdvM1VMN1lId1hvOEIxQ00?oc=5,"Mon, 25 Feb 2019 08:00:00 GMT",2026-09-12T09:16:34+09:00
GoogleNews:テクノロジー　健康,テクノロジー　健康,テクノロジー×健康! HURONブランド認知拡大プロジェクト - CAMPFIRE (キャンプファイヤー),https://news.google.com/rss/articles/CBMiU0FVX3lxTE9yaTQtbDdMUEl1bEg0YjJxYkE1RS01aUF0VnA0RGFfSXlRenV0a1BCQk00enRwdll1U0pQVmY5MXdGR29sbE5QbTZzblg1RXNudUtF?oc=5,"Wed, 01 May 2024 07:00:00 GMT",2026-09-12T09:16:34+09:00
GoogleNews:テクノロジー　健康,テクノロジー　健康,【開催報告】グローバル専門家会合『超高齢社会におけるイノベーション ～テクノロジー・健康・介護・都市計画へのインパクト～』GCOA-HGPI共催ラウンドテーブル（2018年11月2日） - 日本医療政策機構,https://news.google.com/rss/articles/CBMiTEFVX3lxTFA3OVpaR3NJbE5lSEtqSkdLS1Bac1RxWkNyOVZxaVRleEpIODVaMXllMm41aTA0RFVOUVEzaXRWcTQyMzc1VUVXVnd1Um0?oc=5,"Wed, 16 Jan 2019 08:00:00 GMT",2026-09-12T09:16:34+09:00
GoogleNews:テクノロジー　健康,テクノロジー　健康,先端テクノロジーを活用し新宿・初台エリアのライフパフォーマンスを向上させる「Wellness Lounge™」をグランドオープン - NTT Data,https://news.google.com/rss/articles/CBMia0FVX3lxTE4xYUhqUUN0Snk2WGk2R2hvYnF5WU5HU195Y0NYU2JsQ1JFRlZ5STdzQ1dLaUp3R0JtWUtDOEJxelpWZHlDTDcyaGthd0N4UndaV24tMGxMQkM0bnBOTHBmYk1lVklPVUI5Tm5j?oc=5,"Wed, 23 Apr 2025 07:00:00 GMT",2026-09-12T09:16:34+09:00
GoogleNews:テクノロジー　健康,テクノロジー　健康,「京都発 テクノロジー×医療・健康」 社会課題の解決、エコシステム構築へ - TECHBLITZ,https://news.google.com/rss/articles/CBMiakFVX3lxTE5ZMlo2cDFldXJOOWJPZXVWUlZ3RE1vS0I3ODBRZUdDS3NYcTZVMHRCOFRIbEVYUThRSklwVzZOZWpla1Rmeko1Y0dHempEcWpKN3hxY25iWEYycGVFZXNxT19pSlpSNHBYTEE?oc=5,"Wed, 20 Apr 2022 07:00:00 GMT",2026-09-12T09:16:34+09:00
GoogleNews:テクノロジー　健康,テクノロジー　健康,【協会けんぽ】社員の健康づくりを応援！『FAシンカテクノロジー 株式会社』の取り組みを紹介 - 日刊CJ Monmo Web,https://news.google.com/rss/articles/CBMiXkFVX3lxTE5oVzlPNEV3WXZhNnVKMW1TQVJLT3M2enFnLXdoNzh6eTVfUDBlRU9hVWI2NGNKQVFmMzBaN0JqYmZaSXZmYVJUeTZ1RzJmRW5jNUo4ZXVCZUUxN01WcEE?oc=5,"Thu, 06 May 2021 07:00:00 GMT",2026-09-12T09:16:34+09:00
GoogleNews:テクノロジー　健康,テクノロジー　健康,HRテクノロジーの活用で従業員の「幸福度」「働き方」はどう変化するのか - 日本の人事部,https://news.google.com/rss/articles/CBMidkFVX3lxTE03ZHVkR1N2YVQxNXdRbHBhY3ZQR1ZMRnU2NjZOSDRGY0p1a0ZPUGc1Q3JVNE0yb1QzenRMeUR3V0lfRmFpb0FBcFA3b2NtN284YzhBZ2tNU0JzQUt6UzR6UE1rVnQ2b1Z1NTV5dUtzX3VEcHR5QVE?oc=5,"Tue, 28 Jul 2020 07:00:00 GMT",2026-09-12T09:16:34+09:00
GoogleNews:テクノロジー　健康,テクノロジー　健康,圧倒的なデータ蓄積と分析精度の健康管理アプリで注目！ AIでヘルスケア領域に革新を起こす、棚橋繁行の挑戦 - 創業手帳株式会社,https://news.google.com/rss/articles/CBMibkFVX3lxTFBuVWRkMWFUMkc0aDBEbzZQaHlWMmpmTHZHUDNsaDVFTEhxYWl5Rm41VGhQdk0tZWlZNjlOckdkLWI3aGVOa0Q3Uzc5andBT0dMbENXTVk5X2pURllHWk4zOFo0d1BiVURsTWE5Zlp3?oc=5,"Wed, 10 May 2023 07:00:00 GMT",2026-09-12T09:16:34+09:00
GoogleNews:テクノロジー　健康,テクノロジー　健康,「心を健康に保つテクノロジー」は未来の成長産業／ニコール・ブラッドフォード - Business Insider Japan,https://news.google.com/rss/articles/CBMia0FVX3lxTE0zWlZ0aWc3Y3RGaUJrMVQ0d0ppYldzNUdDQjhzWlhLR1k5R0EzZVZjZV9manI2X3ZOV0dFVy1nN3Q4NFkxQnhLLVFhdHpyWW5sc1JTVFk0U3E4Mk81OWhHZW5zQ2poZ255UVE4?oc=5,"Wed, 16 Dec 2020 08:00:00 GMT",2026-09-12T09:16:34+09:00
GoogleNews:テクノロジー　健康,テクノロジー　健康,世界的健康ブームは「トイレテック」と「脳テック」 “自称健康マニアアナ”が見た世界最先端テクノロジー⑤ - TBS NEWS DIG,https://news.google.com/rss/articles/CBMiVkFVX3lxTE1DMGRURnlYTjJhdzN3b2dlN3FXUjlNWEl1Rko0RTlVU2h6bUNXM1A1WjZ2cjRXSmZTQWFkVTE1V3k3VTFWU2tOMHUybkRGNkRMRG94WmlB?oc=5,"Sun, 22 Jan 2023 08:00:00 GMT",2026-09-12T09:16:34+09:00
GoogleNews:テクノロジー　健康,テクノロジー　健康,オンライン健康管理システムの開発と運用が健康経営を後押し！ライフログテクノロジーが健康経営優良法人2020に認定 - PR TIMES,https://news.google.com/rss/articles/CBMiakFVX3lxTE9CaHVsVm9HWVRoV2VlYXFnRWdSSDd4ZFNOU3hDb25CQnJSNkdHVUFEMWdmSXk5ZXpiLWxNUVRHRVAzc05ob3FLaTRWcjg2QUg2YUo3R2NEMkhxX3I5UzNOcnRrMFFCbldraGc?oc=5,"Tue, 09 Jun 2020 07:00:00 GMT",2026-09-12T09:16:34+09:00
GoogleNews:テクノロジー　健康,テクノロジー　健康,（株）あつまる、ファミリーイナダ（株）と業務提携を発表。AIとIotテクノロジーで健康経営の観点からSDGsを推進。 - PR TIMES,https://news.google.com/rss/articles/CBMiakFVX3lxTE00dWZOMTRiM3pFaWRlclNxN1dXSUNWcHB5QjhMRHYxRlk0TDNHemZNT25DbFVtcF9xRmxjLXJCOE9GZEhySlp2eUFpUTVjbEg3ekNkdWRJdVpoSnFlYlhZejJCeVNZazN2REE?oc=5,"Wed, 22 Sep 2021 07:00:00 GMT",2026-09-12T09:16:34+09:00
GoogleNews:テクノロジー　健康,テクノロジー　健康,明治安田生命が生活習慣改善につながるサービスとしてAI身体計測テクノロジー「Bodygram」を導入！保険加入者の健康診断結果改善に向け、日々の体型管理をサポート - PR TIMES,https://news.google.com/rss/articles/CBMiakFVX3lxTE9jOHlvQnRxd3ZIN1lpVnVtbXJwS3VjbWRibHo5TEFqeVozTEVnazcwRmVMVE1fRjlUd2tzWXJiQ1RQa050VV9oLS1yX1hkc1JrVHQzRTR2OUd2VlZuT2QwNGVyT0o4Q2t4N1E?oc=5,"Mon, 06 Feb 2023 08:00:00 GMT",2026-09-12T09:16:34+09:00
GoogleNews:テクノロジー　健康,テクノロジー　健康,JMDCとライフログテクノロジー、食事データを含めたライフログデータの活用に向けた業務提携を締結 - PR TIMES,https://news.google.com/rss/articles/CBMiakFVX3lxTE9vdUE0RFYwMFZiN1F1LWo1aURwSmNVb1RLcVZRV2l0d2ZlQXBYMU5LVWRZSHFUTV9VVnBuMV8yeW5JTGVSQ2E3bmlkcllCRjVDZC00VEpMVHliV1BKUGVJcXphNk8yRmc3Vnc?oc=5,"Tue, 07 Mar 2023 08:00:00 GMT",2026-09-12T09:16:34+09:00
GoogleNews:テクノロジー　健康,テクノロジー　健康,TISの健康活動サポートアプリ「ASTARI」とライフログテクノロジーのヘルスケアアプリ「カロミル」がキャッシュレス決済による食事の自動記録を実現 - PR TIMES,https://news.google.com/rss/articles/CBMiakFVX3lxTE04YXZxUHphVGcyczlLUXZBVWFDaF9tOS1VaFo5c2M5OHU4SUF0MkNGVzhpSXdycDlqek1tLXJCTVhlNWtJOFdMWDhSYmJmMjhsNDl6RmUzOEJjWGlWTmNHRjBWdkJSNk5FUWc?oc=5,"Wed, 24 Mar 2021 07:00:00 GMT",2026-09-12T09:16:34+09:00
GoogleNews:テクノロジー　健康,テクノロジー　健康,女性特有の健康課題やニーズをテクノロジーで解決【フェムテックトレンドレポート】 - TECHBLITZ,https://news.google.com/rss/articles/CBMiX0FVX3lxTE1xT3lMTVZCSGtQUjE0TU1fU24tSDg4NWFYVTRreGR2MmFoTGlIQnBPRk1WYnk4Q1JTc1pTUE1rVzlwbkl1azBwNUNoeVl5RERfV0JpVXRKWVBwZ0FxSkZZ?oc=5,"Tue, 29 Nov 2022 08:00:00 GMT",2026-09-12T09:16:34+09:00
GoogleNews:テクノロジー　健康,テクノロジー　健康,健康管理アプリ「カロミル 」が累計70万ダウンロード突破！コロナ禍で健康への関心が高まり5月から半年で20万人の増加 - PR TIMES,https://news.google.com/rss/articles/CBMiakFVX3lxTFB2Tnl3Y3lsYm5MLWFwTUg0WlhhTXZWTHZyTm1GNDJ2VEx1eHhVQzl0WHI5TU5rS0hFQVhZS1h6aWZVMnZvMzl6SGhPYmM2dnFOeHdsbDlsZmpyeHByblNXbS1sOVVXX21TNEE?oc=5,"Thu, 19 Nov 2020 08:00:00 GMT",2026-09-12T09:16:34+09:00
GoogleNews:食　政府,食　政府,７か国の政府職員など 小学校で日本の食文化理解深める 筑西 - NHKニュース,https://news.google.com/rss/articles/CBMiWEFVX3lxTE9sQVVYRERCd29DcFJOUTcxZU42VGNLdFNYXzFCQnFaTzl3ZDctMzd2QUdRbk83Z0tKdUxKd3lOZFJvZW5tUUFoM3ZuUG5DdDJaZFBvcTZBRkQ?oc=5,"Fri, 11 Sep 2026 09:04:00 GMT",2026-09-12T09:16:36+09:00
GoogleNews:食　政府,食　政府,移民と社会：特定技能「制限」 食の現場困惑（その2止） 上限突破、政府「分かっていた」 - mainichi.jp,https://news.google.com/rss/articles/CBMiaEFVX3lxTE1ob0tQRXFlQWZ4ZUNxbTNFYXpuWnhjZzdNRFBESDhQUVZnRnlKQko0cE9fcDdITDJSajlsM19NbnAwLUNTbUctR2s4NjdyMzYteXhJajFCWFNzdGxyV2VFOFNLVXNwRVNF?oc=5,"Tue, 18 Aug 2026 07:00:00 GMT",2026-09-12T09:16:36+09:00
GoogleNews:食　政府,食　政府,フードテック（後編） - 政府広報オンライン,https://news.google.com/rss/articles/CBMiZ0FVX3lxTE5tWE5aSFR6eGg5c3NNQldKRGxqbGlyUXFXSGRIeldCeW1VdXhvOXZKaWwtd0hUUHFsY1ZCS25BTUVWNTg4VmFnRGE5ZHlwZms1aDlyWkFfMS1QaTR1bjBPWmszc0p2dEk?oc=5,"Thu, 16 Jul 2026 07:00:00 GMT",2026-09-12T09:16:36+09:00
GoogleNews:食　政府,食　政府,米価暴落「備蓄米買戻しを」京都食健連が近畿農政局に要請「米農家は不安でいっぱい」 - 京都民報Web,https://news.google.com/rss/articles/CBMib0FVX3lxTE1jWDVFa3ktemdfZ0Izb0kweWpRZ3E1SUtqc3k3QWxjTXpBaXYydXlRLUdOUVNyRHRGS2NmQ2xzYVRBQWxpTXRfNWljckVaVmwza2RzV0xfRlNuV1ZycmdBZWtNOVZHOW82SnJiSUwzWQ?oc=5,"Sat, 22 Aug 2026 07:00:00 GMT",2026-09-12T09:16:36+09:00
GoogleNews:食　政府,食　政府,フードテックが経済成長を牽引する分野となるには | MRIオピニオン（2026年6月号） | ナレッジ・コラム - mri.co.jp,https://news.google.com/rss/articles/CBMiakFVX3lxTE5LR2xMbWZXaDE0TjlPZjVEZ3h5clQxZG5GT2VuMnZLTWxnTWRRRkxFeENSQVBHYk9DSHZxMWlvNkRuVVNxYjJSeG51RWk4a1BQRWtpdXYyd2VWLS1uQjJxVHpXSWRFRVlmTVE?oc=5,"Mon, 01 Jun 2026 07:00:00 GMT",2026-09-12T09:16:36+09:00
GoogleNews:食　政府,食　政府,｢政府の人口統制､5Gで操られる…｣《コオロギ昆虫食》給食コロッケから始まった大炎上→倒産したグリラス元社長の告白 - 東洋経済オンライン,https://news.google.com/rss/articles/CBMiUkFVX3lxTE0ySDlyUjNIdlJiYTRIbnkwWmxfM2RNVmVRb3pSNmVOQ2dlTXh0Q0ZtS3NRRkh5V3RvOHoydUdNUl9lTU9RZ014ajIweWwxSGp2M1E?oc=5,"Tue, 04 Aug 2026 07:00:00 GMT",2026-09-12T09:16:36+09:00
GoogleNews:食　政府,食　政府,25年度食育白書 栄養教諭の地場産物の食指導は目標上回る - 教育新聞,https://news.google.com/rss/articles/CBMiVkFVX3lxTFB2cHVJajEzUWt4MVMxeUtocnhiZkxQTkVIQ20zRi1GbmRlMC11WTRXZTNQNlRpNUVQOTkwNW1FX29OY05ncVpxaWxURG9JUXFLZGNrblFn?oc=5,"Fri, 19 Jun 2026 07:00:00 GMT",2026-09-12T09:16:36+09:00
GoogleNews:食　政府,食　政府,政府の成長戦略のフードテック、食料安全保障、バイオエコノミー、AI・ロボティクス・精密発酵の最前線までを一体的に読み解くイベントを開催 - PR TIMES,https://news.google.com/rss/articles/CBMiakFVX3lxTE5rWkRDbzUyNVdSLWh1b2c5d3h2LXlBckRVY2F5RGdKaFlOUUxSNmZUY2RycDNqY2EwVkVEZjN2Y2xqN2k1R05PdjI5RjFOWHp2YWNQUjBTaEd0bmE2OGc3OFdEQnJ2T0NMOWc?oc=5,"Thu, 07 May 2026 07:00:00 GMT",2026-09-12T09:16:36+09:00
GoogleNews:食　政府,食　政府,政府、フードテックに9.7兆円の官民投資を想定｜植物工場、陸上養殖、食品機械、新規食品の4分野 - Foovo,https://news.google.com/rss/articles/CBMib0FVX3lxTFBSVzNZTEFzTnh2c0hMOENERmtSelZpT0M3a3FvNjh1TmhXQjQwRVNXU1NCRC1nbmtFMXF1OGpxSFgtY1A3OThmdkVSanE1b00tVFozOG82VmdNeW5tVkNnZ2pFcXlkT01JaVlqZnFjcw?oc=5,"Sat, 27 Jun 2026 07:00:00 GMT",2026-09-12T09:16:36+09:00
GoogleNews:食　政府,食　政府,ユネスコ認定食文化遺産発信 ＡＳＥＡＮ日本政府代表部、レセプション開催 - じゃかるた新聞,https://news.google.com/rss/articles/CBMiY0FVX3lxTE02NWc4S2U3X2x3ekQ5UFZqTkdGMDUtSGlxZEt0X0FUMWJCdUVZbE9TV0RIWmxrV05NYzRLdzhKeHN6RFdidm9halFlV0NPV19hS0ZpbGw1SnBZQ1RnSXB3Zl81WQ?oc=5,"Fri, 03 Jul 2026 07:00:00 GMT",2026-09-12T09:16:36+09:00
GoogleNews:食　政府,食　政府,物価高で生活苦しい学生たちを応援…「フードバンク霧島」が政府備蓄米50トン、1人10キロずつ無償配布 - 南日本新聞,https://news.google.com/rss/articles/CBMiV0FVX3lxTFBuZ1RnU1M1X3NzdXRDamZtbWNkMlVNYVliT1FSME5tZlRKSFJBRE5CejNMT3k0REk5TkpmQk9OVmVlR2h1ak1YYUJDbTJLVkNtZDFub2dOSQ?oc=5,"Mon, 01 Jun 2026 07:00:00 GMT",2026-09-12T09:16:36+09:00
GoogleNews:食　政府,食　政府,政府の成長戦略17分野「フードテック」や食と農林水産業の未来を「協創」する研修型カンファレンス「ONE SUMMIT 2026 in 新潟」を開催 - 新潟日報,https://news.google.com/rss/articles/CBMiXkFVX3lxTE5VckZZT3E4Wi1vcHp0NDFSQXJBQjlFbm1uNHRZbklPUGVyOGsyOEI4dWEyeGNhTHBrQzlQQmM2VTFZMUVYLWsyODVMaVFzd2dRTzNIa01kNDB5bnNrNEE?oc=5,"Mon, 06 Apr 2026 07:00:00 GMT",2026-09-12T09:16:36+09:00
GoogleNews:食　政府,食　政府,世界22市場の旅行基礎調査を発表、インバウンド地方誘客のカギは「食・自然・体験」 ―日本政府観光局 - トラベルボイス,https://news.google.com/rss/articles/CBMiVEFVX3lxTE9ZaG12R1JGdzJiaTFfdzJsZmRFMUN1WkVtaFFkOVhNZ1gxRkx4OWluU0R0Q1VLRUJWUTRveW15YmFWenJXdzdmS3p6MG94Y2xZa1RoXw?oc=5,"Tue, 28 Apr 2026 07:00:00 GMT",2026-09-12T09:16:36+09:00
GoogleNews:食　政府,食　政府,フードテック（前編） - 政府広報オンライン,https://news.google.com/rss/articles/CBMiZ0FVX3lxTFBTQnl5NkdUQ3BFZU1hOEdSWXo2WXIwUFVSRXBKYTIyTk9MdGNRQWRjTWpzNC1VeE8tejU5WGZLa2VoTXc4U1ZkMGJUUjFmcW4tZHE0QzZWOVg0ZW1rb0M2alFlTnRnaDA?oc=5,"Thu, 09 Jul 2026 07:00:00 GMT",2026-09-12T09:16:36+09:00
GoogleNews:食　政府,食　政府,｢政府の人口統制､5Gで操られる…｣《コオロギ昆虫食》給食コロッケから始まった大炎上→倒産したグリラス元社長の告白 - 東洋経済オンライン,https://news.google.com/rss/articles/CBMiW0FVX3lxTE44bHVUOFJQUXN5RXkzN1JOS295TU13cHlUWHNzV1Y5LTZrb296YkRZUFI1Q0JVVWo3QkpwQTRoV3puWHdlYUFYS1pyb2tlcXMwQWdyRzNNaFlKeEE?oc=5,"Tue, 04 Aug 2026 07:00:00 GMT",2026-09-12T09:16:36+09:00
GoogleNews:食　政府,食　政府,英国政府観光庁、日本の旅行会社を英国へ招聘 イングランド各地の文化・自然・食の魅力を紹介し、地方への送客を促進 - PR TIMES,https://news.google.com/rss/articles/CBMiakFVX3lxTE5tNXpGeEFLbHE3ZzZGdkNudm1SdFBrUXJ6a1lDMWpfb3NXdkNIVC1jdXBCd3ZIaDNXQUZzNndST2cyV1FLcUl2NUZmRndJYmN4OEVLanktLVVlZ1RHMWZNWnFLQXVDb2Zycmc?oc=5,"Wed, 29 Jul 2026 07:00:00 GMT",2026-09-12T09:16:36+09:00
GoogleNews:食　政府,食　政府,「世界一幸せな国」が贈る、至福のディナー！フィンランドが世界を史上初の公式試食会へ招待 - PR TIMES,https://news.google.com/rss/articles/CBMiakFVX3lxTE41QmgweHRfU0Y1ZDlzXzAxS0ZsUGwwWFJ1anFvT0tfTmIyVTdoLXp4Y1JZLWcwLVRFaEVYTktsRVpJeDh0QXZ1clBPNU9UT1RaeU9JM09tV2JvTXZkMGpIeFdWSDZMMjlyQ3c?oc=5,"Mon, 18 May 2026 07:00:00 GMT",2026-09-12T09:16:36+09:00
GoogleNews:食　政府,食　政府,フィンランドの自然が育む食の魅力、レストラン「Grön」がミシュラン二つ星、「Boreal」が一つ星を獲得 - PR TIMES,https://news.google.com/rss/articles/CBMiakFVX3lxTFBIdDVmUVpWYmxNdjlqaGJORERQNmxhc1BOZVlZa1g1VVNXdEdHcEVRY3F3WUpsSG1UZWRTZ1FSZmpJck1QTWltT0pPUkRmLVhma1FXV2FMU2FUWEtKRFp1RlE0ckNVbGcxSVE?oc=5,"Wed, 24 Jun 2026 07:00:00 GMT",2026-09-12T09:16:36+09:00
GoogleNews:食　政府,食　政府,高市首相、フードテック関連企業5社と面会｜国内外の需要創出に意欲 - Foovo,https://news.google.com/rss/articles/CBMib0FVX3lxTE9PWEdOQ2hWYXR1c3lKUlpoamJCTjhmYUlISWRhbjVUaE1UZmpsQUE4V05IWW9pTzR3dDZSMHYwWUFkcTN2RUtDLTIwUkhmMVFaTHFJbVlkRGhZYVdLdkg5azItSHZmdGFFeFJfZjJIQQ?oc=5,"Mon, 27 Apr 2026 07:00:00 GMT",2026-09-12T09:16:36+09:00
GoogleNews:食　政府,食　政府,飲食業界の「今」を可視化する「食産業ダッシュボード Ver1」を公開｜お知らせ｜食団連 - 一般社団法人日本飲食団体連合会,https://news.google.com/rss/articles/CBMiVEFVX3lxTFBTY0pMbU01WHJ0NXA5M2xTSHRueW9hYzdaOGlna3NXYmw2NXRlc3JiTVgtdW9ld0wtUlQ3c2lydm5uRnp1Rk9wNW1sSmpselhaUGMtZg?oc=5,"Wed, 01 Apr 2026 07:00:00 GMT",2026-09-12T09:16:36+09:00
GoogleNews:食　政府,食　政府,政府が経産省の食品輸出事業者を支援する「日本の食輸出1万者支援プログラム」とは？ 中小企業庁、農水省、JETROなどが連携（ネットショップ担当者フォーラム） - Yahoo!ニュース,https://news.google.com/rss/articles/CBMif0FVX3lxTFBoOG5ITWZUSHFyb0Uyc2Vha3ZoZzMxSFFsX0t4Y0gwajZUc3FrNmY2VXRxN2FILXZaMGdMZk5jX0hOSWJobWZTNGx0NUs1THFjRl8wSm1xNTAtcXdwWE9ENGlyYlZ4SFdJYURjWU8tUEVUOUV1VUFIdzgtVnU1UGs?oc=5,"Sun, 26 Apr 2026 07:00:00 GMT",2026-09-12T09:16:36+09:00
GoogleNews:食　政府,食　政府,香港政府観光局、新キャンペーン「テイスト香港」で美食のまちをアピール、旅行会社向けに販促サポートも（PR） - トラベルボイス,https://news.google.com/rss/articles/CBMiVEFVX3lxTFAzMENVVEJiZlZTSW9uOS0xcmJiTG1GQzE5RDNZV3lfbExCYjE4U3pVbzRqYjFOSzA5dmd2VFE5dGZEMDlwbzd6cmo2QzlLcVRaMlVxZg?oc=5,"Thu, 23 Apr 2026 07:00:00 GMT",2026-09-12T09:16:36+09:00
GoogleNews:食　政府,食　政府,政府、17の戦略分野で先行技術を指定｜フードテック4分野では植物工場・陸上養殖を先行検討 - Foovo,https://news.google.com/rss/articles/CBMib0FVX3lxTE5HYmN5ZkpqVlpxOWtjd29xZmxnSDFINFRrT2pQemhwVzVBOXBCV0RCS1FOTmNaQTJYajZURGplSjc0TDVtUFBFSS1jNzZlYUpIQlVPMllTUnFSc1NtMF9QYmg2Y05TSGg4WXR3UThOcw?oc=5,"Mon, 06 Apr 2026 07:00:00 GMT",2026-09-12T09:16:36+09:00
GoogleNews:食　政府,食　政府,過去最大規模「FOOMA JAPAN」開催へ、政府成長戦略「フードテック」の実装焦点 - MONOist,https://news.google.com/rss/articles/CBMib0FVX3lxTE85OU5Uc3U0U3R6UkM1TW1BWmNLUnZ6Q2p6Yk1lOFpLQ1cya1pweGFzTUp3QTRUMTE1ZWdPMDNjcUpoamt4QW1sQ0xva1hoLVY4X2JQd19XcUV0bmxtUzN1WjFkYkRnUTlZNENvcmNrVQ?oc=5,"Fri, 03 Apr 2026 07:00:00 GMT",2026-09-12T09:16:36+09:00
GoogleNews:食　政府,食　政府,政府が経産省の食品輸出事業者を支援する「日本の食輸出1万者支援プログラム」とは？ 中小企業庁、農水省、JETROなどが連携 - ネットショップ担当者フォーラム,https://news.google.com/rss/articles/CBMiXEFVX3lxTE5RUnZSY05GdUtZenQ3S2s2bjcxZk5hNjUtN28yVEE4clNIVkhlbHJWYUQtWGh0RFRpNmRobGpMZGtsZnB2S2dtbDduS1FvRVhxT083VEV4SGM5OW1h?oc=5,"Wed, 15 Apr 2026 07:00:00 GMT",2026-09-12T09:16:36+09:00
GoogleNews:食　政府,食　政府,日本政府「成長戦略17分野」のフードテックで農業課題を解決するAGRIST、北米市場展開に向けて投資家や現地企業パートナーシップ構築を加速 - PR TIMES,https://news.google.com/rss/articles/CBMiakFVX3lxTE9oOGgwR29oLWFETTNWRkhOV0dTOWV1WGt4Z3AtRWpjZ1dWNWRCX1VlbEtjMWZzakpHZWJTYkpsdWQ5d28wS0dtQnhHY0VWSkRqc0laN2ppSVZpRXpON3F1S0FIZGRwT0cyREE?oc=5,"Wed, 08 Apr 2026 07:00:00 GMT",2026-09-12T09:16:36+09:00
GoogleNews:食　政府,食　政府,【商業】タイ政府の消費刺激策でフードデリバリー急伸 初日だけで30万人が特典利用 - bangkokshuho.com,https://news.google.com/rss/articles/CBMiUEFVX3lxTE1vdXpDU2t4aU9VOEZvRG1SSkNwbm83RXJ1VXdIQmo1YWgtNHYydzhzZnJLZWhHMzhfU0kxSUJQMmEwVmVaOGI0MG1nOEcxV2dH?oc=5,"Fri, 19 Jun 2026 07:00:00 GMT",2026-09-12T09:16:36+09:00
GoogleNews:食　政府,食　政府,帰国便はインドネシア政府専用機で驚きました！ - FlyTeam,https://news.google.com/rss/articles/CBMiZ0FVX3lxTE9HdEl2ODNTdnZDSHBiY2JLZ3NIZVBDMk42Y0g5Vmc0Zm5SU1ZPSWFLR3VkV3MwTTdQSkw4cm03UVBMZ01DT2pQVDcxZ0IzNFJBYmJhejZWdmRfNlJ4d2x5eE5sVTJlNTA?oc=5,"Tue, 19 May 2026 07:00:00 GMT",2026-09-12T09:16:36+09:00
GoogleNews:食　政府,食　政府,画像 | ｢政府の人口統制､5Gで操られる…｣《コオロギ昆虫食》給食コロッケから始まった大炎上→倒産したグリラス元社長の告白 - 東洋経済オンライン,https://news.google.com/rss/articles/CBMiV0FVX3lxTE1PZ0txdlJ2MFNHclpHbjFTTEJKZkRlamI3Rjczc1dHRk1KZTc3dlNtaUNiWnRvWTZYc3hvb0NYMHlhd3VpeURyNjhGOEZsYkY3a1htY0tyRQ?oc=5,"Mon, 03 Aug 2026 21:47:22 GMT",2026-09-12T09:16:36+09:00
GoogleNews:食　政府,食　政府,片山さつき財務大臣へ、外食産業の持続的発展に向けた緊急要望書を提出｜お知らせ｜食団連 - 一般社団法人日本飲食団体連合会,https://news.google.com/rss/articles/CBMiVEFVX3lxTFBkZVRuN3k4YlZIUDBFRWxpUERNU2FwR2VVLUt3cnBHdjFLTHUyZzh6Q2t1WEMwVUprU1lndi1pN0NLMlNDMEZudFpYZTFvLW5QU0NsXw?oc=5,"Thu, 29 Jan 2026 08:00:00 GMT",2026-09-12T09:16:36+09:00
GoogleNews:食　政府,食　政府,【お知らせ】2025年10月こども食堂へ政府備蓄米の無償交付の追加支援について - musubie.org,https://news.google.com/rss/articles/CBMiTEFVX3lxTE51eFhFZEt0LWpWOHp5UHQ0X2FBRlB1TmFGLTZSazRMU05WcVdDQ3dCTVVJZlZra1AydDdUZFJFMGFrUkJtOEdNVWcxZkI?oc=5,"Wed, 08 Oct 2025 07:00:00 GMT",2026-09-12T09:16:36+09:00
GoogleNews:食　政府,食　政府,政府、フードテックWGを設置 17の戦略分野で成長戦略の検討体制固める - Foovo,https://news.google.com/rss/articles/CBMib0FVX3lxTE1UZUI3U1RjV0w2MTY0S3F5QU03T2tqZzY3QXlFeVRaMnF5UXBNVmlZU2RROV9sdXdXU1h3MHBVY3VEcDRTdXpLWVlkMEI4ZjN5ZGdJMTgxbHhGNDBTbmFkRzdzYi1ZWFVHNlZRWjNWSQ?oc=5,"Fri, 26 Dec 2025 08:00:00 GMT",2026-09-12T09:16:36+09:00
GoogleNews:食　政府,食　政府,日本政府、フードテックを国家戦略分野に指定｜官民連携で供給力を抜本的強化 - Foovo,https://news.google.com/rss/articles/CBMibEFVX3lxTFBZTUh6VldEdzJiQmw1VVMySTlMSGIxTGVDRWR6V1BmMDdyZUhPUGtTMmVsN1FVSVduM05ZNGNuelMyaXFiYURHTjJuQ3VVbk01bThiLTBQa3FUeXFTNU5aMVZablZrV0FYYU9tcw?oc=5,"Fri, 07 Nov 2025 08:00:00 GMT",2026-09-12T09:16:36+09:00
GoogleNews:食　政府,食　政府,アメリカ政府が新しい栄養摂取ガイドラインを発表…タンパク質、脂肪を摂り、糖分を避ける - Business Insider Japan,https://news.google.com/rss/articles/CBMiiAFBVV95cUxQcC16Sm1oemxSeTVNb2d4R21hanhNcDhaMUhwdzBVa21Zd0FEWktwZnRCNFZaRmlxOGdMRHBfdHRfRi14RWRRbDh4MjVJczZfWFEzcXptTDJsU2dZYk92SDFaRGs2WXI1WGtsNVEtQXVVU1ptYkRaMnE1ZldsdzVRM2VVRkpQWG0t?oc=5,"Sat, 17 Jan 2026 08:00:00 GMT",2026-09-12T09:16:36+09:00
GoogleNews:食　政府,食　政府,「食の危機管理」を政府一丸で対応食料供給困難事態対策法案 | お知らせ | ニュース - jimin.jp,https://news.google.com/rss/articles/CBMiXkFVX3lxTE1nZFlRZ2RBMHdWVXo0SnZpT3UwVElOUHpNY3RaN1RYXzdIamthdEE5QUZNQmRZNVJOd2ltbWJyZi00LWJMVUpzcXFxY0JyWjVUYXhZWnVteHlmVDFycUE?oc=5,"Thu, 21 Mar 2024 07:00:00 GMT",2026-09-12T09:16:36+09:00
GoogleNews:食　政府,食　政府,米政府職員がフードバンクに長蛇の列 長引く閉鎖で給与出ず、生活困窮 - CNN.co.jp,https://news.google.com/rss/articles/CBMiUEFVX3lxTE5wVmNSQjF4ZURmUXVabmNpVXQ2QXB5TVluYjNseFBkTl94WmZOaGF3T3IwT3NMcUk3cFd5U2xoaGlpdzdta0FmX0VQVHNrclpH?oc=5,"Wed, 22 Oct 2025 07:00:00 GMT",2026-09-12T09:16:36+09:00
GoogleNews:食　政府,食　政府,オーストラリア政府観光局、「食べログ」と「クックパッド」と連携～食文化を包括的に発信 - MarkeZine,https://news.google.com/rss/articles/CBMiT0FVX3lxTE52Z2FIU2YzMElldkxtc2ZOdlZvblFkb0M2bXRwc0d0ZXFoTGk3bHRzb3FYNmVZWllKbk5PX2xjamEtTlhhZERjdzF5UXAzdXc?oc=5,"Sun, 22 Feb 2026 16:52:48 GMT",2026-09-12T09:16:36+09:00
GoogleNews:食　政府,食　政府,音楽から食・文学へ拡大する韓流…韓国政府の報告書が示す新潮流 - AFPBB News,https://news.google.com/rss/articles/CBMiUkFVX3lxTE9QTnNoWkw2MTNqVlc0YUw1U2xXZEtTN19OTWwzeVB4RnlGWjNGS01fZUJoTzBDVHNoZkI3dXRvclBLS1Rza3R6N3o1bl92Nm5PcnfSAVRBVV95cUxPcXowWm1Yb2FBQlYwbkJtMGdpelpldmxvNk1pZW5yTlVYT2gyY3duQm5nSnFMUTlsVkVrZXdTU3BhVV9QaWlBV3luVFVvQ2xtbGF5Vms?oc=5,"Thu, 26 Feb 2026 23:02:20 GMT",2026-09-12T09:16:36+09:00
GoogleNews:食　政府,食　政府,“食”の適正価格へ 政府の「フードGメン」が始動 公明推進 2025.10.28付 - 公明新聞電子版プラス,https://news.google.com/rss/articles/CBMibkFVX3lxTE1EM0pYVkVwYThla0FFZlcyWFZZYWN1QmNSNTNnUmR0dzNLM2dpcTQwckNCQWhiTWpvVTQwbVNOWlJFbUtDNTVfdC0yVzBVTU55LUo0X05iRlFhdDRMRm9mWndOUHM1WEpjTjA3NUt3?oc=5,"Tue, 28 Oct 2025 07:00:00 GMT",2026-09-12T09:16:36+09:00
GoogleNews:食　政府,食　政府,イタリア政府、培養肉を禁止する法案を支持　食文化の保護が理由 - BBC,https://news.google.com/rss/articles/CBMiTkFVX3lxTE8xdDJTZVp3T0J5ekdRT0J4WFlldTF0WGFsS0IwbjRJYUhIMm9VaWNFVjdMU2E0M3lTal9mY0MwMGd6QTVWcDNfLTIwa2hzQdIBU0FVX3lxTE5FU2l4SE9Pa0JjdkZLSzBBRk10TzUwZnlfYWFkUE5KSFVHalJLbW12TTBzY3pTajh4UERwV29fekFVQU5JV0NyemhHc2hUNzZEa2FZ?oc=5,"Thu, 30 Mar 2023 07:00:00 GMT",2026-09-12T09:16:36+09:00
GoogleNews:食　政府,食　政府,2025年のフードテックを振り返る：国内の細胞性食品が前進、精密発酵は市場投入拡大、日本政府もフードテックを重点分野に - Foovo,https://news.google.com/rss/articles/CBMiX0FVX3lxTE1TVVZMcDBtQ3dTSXQ2Zk9mSEowUnJpTU13aFQyVjJfbFp6Sm9WMlE1Y0M1QktSTEJOUjlSOGZKTm5reXc2b0tyOTN3S3N1Rzh5RXBrc3V5M1RpNHpVTGVF?oc=5,"Mon, 29 Dec 2025 08:00:00 GMT",2026-09-12T09:16:36+09:00
GoogleNews:食　政府,食　政府,政府「農山漁村の宝」 三本松高「食堂プロジェクト」選定 食育推進、地域連携を評価 - 四国新聞,https://news.google.com/rss/articles/CBMiiAFBVV95cUxQTUE4MDU0NkhaZ3BJTjdEbHJQcy1yQjR3N21ldjJXV3BzNW1WT1FyYTVvVlhQTFEtb015cjQ5SlI1M0ZJcTlLLV9zN1YyN2FrMGI1NFRBdUFHbThpdE9zRGVqYjlpbXhXTzBCVFJ2TGdDMU85c2xxU190MmNtaVNpRjYzZlluNXZf?oc=5,"Tue, 13 Jan 2026 08:00:00 GMT",2026-09-12T09:16:36+09:00
GoogleNews:食　政府,食　政府,政府備蓄米の売渡し拡大 中食・外食・給食向けにQ&Aで詳細を提示 - wellness-news.co.jp,https://news.google.com/rss/articles/CBMiVkFVX3lxTE9MREllM1hESEtyd1lTSlFYellQTXVaTU8zWXp1SVFGZTl0bmxYWm1YZFFXaVUtSU9IcEJ4Wk9iMWVxQVRORzVzcmEtMENMa2k4NUNNbzFB?oc=5,"Fri, 20 Jun 2025 07:00:00 GMT",2026-09-12T09:16:36+09:00
GoogleNews:食　政府,食　政府,シンガポール政府観光局、キヤノンMJと共同企画「Canonと巡る、おいしいシンガポール」キャンペーンを開始 - PR TIMES,https://news.google.com/rss/articles/CBMiakFVX3lxTE1fS3k3Rmw5elM5a0RPekRCM1RhSldXQUJYZ21vRXMzVFdXVnJXQ2VQZldhcnBoQ1VpRUU4QzJscjZlbTdEM2UyUEc4ZlF2U19EWHJLTzZ6cW1CeHdjS0RVWUJDSXdiUVNwWmc?oc=5,"Tue, 13 Jan 2026 08:00:00 GMT",2026-09-12T09:16:36+09:00
GoogleNews:食　政府,食　政府,【お知らせ】こども食堂へ政府備蓄米の無償交付の追加支援について - musubie.org,https://news.google.com/rss/articles/CBMiTEFVX3lxTE9CTDZFUkVpeERnd0VSZUlJeWVCT1Z5OE00cVJtQm9Zak8yQ2VXTThOT0V3QV9DaFI5M3dtMUp5cEZtV0o4Q01OSzVmXzQ?oc=5,"Thu, 10 Jul 2025 07:00:00 GMT",2026-09-12T09:16:36+09:00
GoogleNews:食　政府,食　政府,【タイ国政府観光庁 後援】タイのおいしさは発酵食にあった！ 現地で食べて習って追求したタイ全国の発酵レシピが一冊に - PR TIMES,https://news.google.com/rss/articles/CBMiakFVX3lxTE0ycjRlVFFfNTNlNDZUWTc3U2hqb0ZJWG44bm5ZckhnekI2dk0xSV9vVkFFWnduaW5JRDJXSEw4MDQwVmM0akNZM2EtZUxoWlgwM21GdUVNREQxODlQSlZXWGVOVjNTUFFkZnc?oc=5,"Thu, 18 Dec 2025 08:00:00 GMT",2026-09-12T09:16:36+09:00
GoogleNews:食　政府,食　政府,「農林水産省 政府備蓄米の無償交付の制度」説明会のお知らせ - PR TIMES,https://news.google.com/rss/articles/CBMiakFVX3lxTFBmQTh5ZVBEQVIyd1d1YnZVbHlIUTZ2QUFQcUVqVl9Bc2owdVFPemtMRVRaaUNGSldHS0lDTXRiUEdGS2c0N2FndVNxRnZScElTTGVqdG9nalBJVTdXcXIyYXE3ZHVaWXBwZ0E?oc=5,"Mon, 07 Oct 2024 07:00:00 GMT",2026-09-12T09:16:36+09:00
GoogleNews:食　政府,食　政府,政府備蓄米 フードバンクに - jcp.or.jp,https://news.google.com/rss/articles/CBMidkFVX3lxTFAyQXFCQ3hPZWxTTXl6TUZmd2lJV2Zlejl2REZRQ1BVd2R5TU1MbjY1alVFSHpoMENBRkRNaGpJY296QmpFWVN2UTdPamRicTZHMlJ6cklUVG5FS0tLT1dxblVQeVRJQl9rbXRCZUFUekhGQ1RDekE?oc=5,"Tue, 07 Jan 2025 08:00:00 GMT",2026-09-12T09:16:36+09:00
GoogleNews:食　政府,食　政府,年末年始「緊急 食育セミナー」開催 ～アンケート回答者へ政府備蓄米3kgを無償配布～ - Infoseek,https://news.google.com/rss/articles/CBMickFVX3lxTFBmajdIRVh1SFlMbmVuVFhOazZDRXY2Tk11c2kzOVZtNW11aWxlZFZ1OHlWRE5rMDRHREh4S3ktS21CZTRuQ0UwRUpBaEI1enRXT0p4MmVLUWxKTGJTLUlpazBPYlk4U290eEsyMW94T0lHZw?oc=5,"Mon, 01 Dec 2025 08:00:00 GMT",2026-09-12T09:16:36+09:00
GoogleNews:食　政府,食　政府,食支援と食品ロスの削減に貢献する「ファミマフードドライブ」 日本政府公式SNS「JapanGov」にて紹介 - family.co.jp,https://news.google.com/rss/articles/CBMidEFVX3lxTE1EWFh1bmczblBUTkFtOHpYQ2ZTN2tXZlVrcHV5VE5QRUcyRWFPajV5M0FyVnBQRnRJeDZYQldZRXVTTkp3TmlNQ1hzbk1Danh6T21CZTNzR0gzZ1hrNGctZ05LeDIyX3FxQTFodXBlVnQ1SnpI?oc=5,"Tue, 30 Jul 2024 07:00:00 GMT",2026-09-12T09:16:36+09:00
GoogleNews:食　政府,食　政府,フードバンクへの政府備蓄米の無償交付等について｜桜山 響詩朗 - note,https://news.google.com/rss/articles/CBMiWkFVX3lxTE1PMlpKRDhkU3BNb28tZTB0WGlTVW12U2xrRDEtUjNoZHN5cGxPMGhXLVBTeklHYzQ0dl81c3VPRk4ycnRLQUxRZnlIT3lwbWgtSXI0alhaY0JoZw?oc=5,"Sat, 30 Nov 2024 08:00:00 GMT",2026-09-12T09:16:36+09:00
GoogleNews:食　政府,食　政府,農水産品の輸出、さらに拡大へ 政府が決定した新たな政策の柱 : ブログ : ❤さかい妙子 練馬区議会議員❤ - 公明党,https://news.google.com/rss/articles/CBMi8wJBVV95cUxObno4cWVoU2hob2U4aGtaX1dzbDRtNEkwU3Z2MEpGbDNpVGc4MVR3U2ZPZ3pYTWVjUG9FWTNDUHZJczNoSWpmZks2ekNkbGhILVZJTUpjM0NDWDVFY1VFY0ZlNW1lcTdGZHhXalN4dWlORzM2UmEySHJnbnhWeTJyX2lwdDRkVlFrYnNRLTU1Mi0yVzJCZ3djZ0FYbVo3SkV2S2luV21JVHNIZFdZM3dWUHdUYUM2TlNYSnQ2MmhfYnhPQkxSWGg1ZElZcEJvdkh2X2F5d0x2VnF0ZFZmaVQtdXFVMFFJZ2tTMUwyUEwyWmY5ckQwMWJSSm1zZlJxeEtpNHR0TVY1QkpadGRKY0w5bUhsZXZwVWE1M0dUdzJLZlRydllJTVdrdG1QTFpqXzJqQU14RE1qTF9LaHhVRkZLVkZYdjZXQ2RWMFNXWEw1aDNmOWJZanNpblNCNDFxSGtyQmVTNEE5UXJmZjdENGVLV3JyUQ?oc=5,"Mon, 03 Feb 2025 08:00:00 GMT",2026-09-12T09:16:36+09:00
GoogleNews:食　政府,食　政府,食支援と食品ロスの削減に貢献する「ファミマフードドライブ」日本政府公式SNS「JapanGov」にて紹介 - PR TIMES,https://news.google.com/rss/articles/CBMiakFVX3lxTE9pSzlMS2xaUmpzdlB4VU1ibGpDZDM4V2dIX1pZWTFvcHc1Zmtxbjc5YVl2WTJZaVFkWEd4TkFYck94MVhqMEQ5RmZVS0NJV1RSOVZVb0VYTldIUWF5aS1HTEdFZGVKV3dibXc?oc=5,"Tue, 30 Jul 2024 07:00:00 GMT",2026-09-12T09:16:36+09:00
GoogleNews:食　政府,食　政府,シンガポール政府観光局が、食文化を通して新たな旅を提案 西武鉄道のレストラン車両「52席の至福」で味わう「予想外の体験。シンガポール」 - PR TIMES,https://news.google.com/rss/articles/CBMiakFVX3lxTE9aQ252SFZ3VWFReWQ2a2VIcEFNM1piQ20xQUVQcFoyaTNKcF9vUTJGQURDUEhyQXhNQzFIS2stTWNqaFlObGFXeENLTzdMT2NpVzY3S1VJTGcyS194NTZCUW9veUFVMjRRRHc?oc=5,"Mon, 09 Dec 2024 08:00:00 GMT",2026-09-12T09:16:36+09:00
GoogleNews:食　政府,食　政府,全国の困窮する子育て家庭 約1.2万世帯に届ける「夏休み給食便～政府備蓄米でこどもたちを支える～」記者会見を実施 - PR TIMES,https://news.google.com/rss/articles/CBMiakFVX3lxTE9mUUpBSDVSeXJZeWZ0UVhiYzZBeXZoV2I4dVhvVVBEZTVTZGxWQnVwLWsxQlM4XzUwWkZrR2lTckdyT1F4VS1lWXg3Z2xHT29qYUNWUWdRSkhFY0JWam91RE5kV0JaZVVQS1E?oc=5,"Wed, 02 Jul 2025 07:00:00 GMT",2026-09-12T09:16:36+09:00
GoogleNews:食　政府,食　政府,マカオ政府観光局「2025 マカオ国際美食都市カーニバル」を開催～21 カ国・34 のユネスコ食文化創造都市が集結する美食の祭典～ - PR TIMES,https://news.google.com/rss/articles/CBMiakFVX3lxTE9FRU5wb3ZDN3lWTm1WbDNERkVHcW12Y3N3Mi1tQ09JMjdONE1QNW5uQ3EwN1gxc3o1bjZmOFFvNTgwWk1GZjNBd0xzWnlEMGRpV2tSYTlqWGdGOXZfN2g0c3lvSTJjaWsyRmc?oc=5,"Tue, 08 Jul 2025 07:00:00 GMT",2026-09-12T09:16:36+09:00
GoogleNews:食　政府,食　政府,チェコ政府観光局がチェコの「食」に特化した パンフレットを制作 知られざる美食の国チェコで2023年に開催される 食のイベントを紹介 - アットプレス,https://news.google.com/rss/articles/CBMiTkFVX3lxTE1ja2lvSWh4TUJNX0dQcXRNQ0ZJNmJIX0tEWEpnV2dlZDVQWGhTenRkUVNVQlRXVVBkeklSNTY2X2NnNS1qV3N2NXlNV2VnUQ?oc=5,"Tue, 28 Feb 2023 08:00:00 GMT",2026-09-12T09:16:36+09:00
GoogleNews:食　政府,食　政府,植物性食品が未来をつくる デンマーク政府のプラントベースシフト政策 - eleminist.com,https://news.google.com/rss/articles/CBMiSkFVX3lxTFBrZzJFdUtvcFFZcTJTNi1WSzItRkhDVm9VZk9KZ0xkdm5MNFQ3YU80LTQ2ckhCMHBIemdGUUk1QVY0MDVqbi05Smd3?oc=5,"Tue, 16 Jul 2024 07:00:00 GMT",2026-09-12T09:16:36+09:00
GoogleNews:食　政府,食　政府,食の安定供給に必要な政府の機動的な対策【やさしいニュースワード解説】 - bizSPA!,https://news.google.com/rss/articles/CBMiREFVX3lxTFA4aFlxUEJXLUF0czRVUldYQ25xS2d4bnZsbXhua2t2VXhfYWxlWGtiVHRwN09fWTJXaHZ0bGdPc0ljWnVZ?oc=5,"Fri, 21 Mar 2025 07:00:00 GMT",2026-09-12T09:16:36+09:00
GoogleNews:食　政府,食　政府,ピカソが食べた「スペイン」 没後50年、食からしのぶ姿 - 朝日新聞,https://news.google.com/rss/articles/CBMiXkFVX3lxTE4wckwzNDZRMXdpT2JLM1RDTHh0VktTWGVwbVBoR0cxd01BRXlUYS1zOHEwTGhseDcwMXJBWXNSanVvZGM2UkNaYVpYUU1FOVZURjRjSnJiUDlMZ3ZxRHc?oc=5,"Fri, 21 Jul 2023 07:00:00 GMT",2026-09-12T09:16:36+09:00
