source,query,title,link,published,collected_jst
GoogleNews:コンビニ 新商品,コンビニ 新商品,【コンビニ新商品】9月1日発売の気になる商品を実食！スイーツライターのおすすめは…？（なかべぇ） - エキスパート - Yahoo!ニュース,https://news.google.com/rss/articles/CBMiiAFBVV95cUxQY1hqSEZzSGFJY2JLaUZwRjdPY2lXazBhYXpzZGp2MFZUT2otbzZvMGNGRUpDa0VWLWFTZ2tPS3Y2c2o2U3V3UWVHTEh1Z19ITFItRlhOU3ZfTjB5bUM1c3J6STNmSDJDeTBFSDV5U0s2RHpQeHV3OXRaLTkyYUdHaUhTcVlSS2tq?oc=5,"Tue, 01 Sep 2026 05:54:07 GMT",2026-09-07T08:51:14+09:00
GoogleNews:コンビニ 新商品,コンビニ 新商品,【2026】秋先取り！コンビニ・スーパーで買える芋栗スイーツ＆お菓子まとめ16選 - report.iko-yo.net,https://news.google.com/rss/articles/CBMiUkFVX3lxTFBwUjREd1ROalNva1VUS01UdDUzRjZ4QnZJYXRpcTM1RmZnT2JFUktjZVJnWDAwUzhKbVZwRGhHN3BZaFRWUVdUaDVMbGR6Q1FNNlE?oc=5,"Fri, 04 Sep 2026 07:00:00 GMT",2026-09-07T08:51:14+09:00
GoogleNews:コンビニ 新商品,コンビニ 新商品,セブン-イレブンから新登場!! まさに大勝利の組み合わせ「203円の新商品」を実食レポ（いぬきち） - エキスパート - Yahoo!ニュース,https://news.google.com/rss/articles/CBMiiAFBVV95cUxPRndVdUx0STFLNDVOWkdIbzNJTnlTcU1QUHVqRm1xTVkyMTdKcWdFaHVVRUFtWkRwM0JBOWRGYVVVQ09DcWhUZlBRdDhGTE5JUFYxekpFanp4MGdZWHJveTQ2bi1PUG10SzNrclFYYk1KNFlVa09JOEZaRW9leDdFY1J2cU1XY1hC?oc=5,"Sun, 06 Sep 2026 22:31:09 GMT",2026-09-07T08:51:14+09:00
GoogleNews:コンビニ 新商品,コンビニ 新商品,【今週の1位決定！】スイーツライター厳選！今すぐコンビニで買いたい絶品スイーツBEST3（なかべぇ） - エキスパート - Yahoo!ニュース,https://news.google.com/rss/articles/CBMiiAFBVV95cUxPU2R5SWFtQThjZnM1d3R3UXlQWUJ4Rkl4b3ZSdGdleHJwREhZUzhQcjFaWVNTNkEtVmp5ZXhvTjZYc2pqUkJtSmN1Q3prQ08zcTBYdlEwamVEMHhkYTlyRGlrYXdlQTF1N28xNmZVOFlmVm13T3d4X3J5YUpUN2NwV0ZtTDJ5QWk4?oc=5,"Fri, 04 Sep 2026 02:55:16 GMT",2026-09-07T08:51:14+09:00
GoogleNews:コンビニ 新商品,コンビニ 新商品,セブン-イレブンから新登場!! 間違いのない美味しさ「170円の新商品」を実食レポ（いぬきち） - エキスパート - Yahoo!ニュース,https://news.google.com/rss/articles/CBMiiAFBVV95cUxOU2cxMnRMREh6N2NrdXFEcVBZSU44UG5GaExyREM1S0gtZ2pvaGZlZDdaQV9yY1ZSZW54cTBRU1NCMVFDRm5ZdEFDcFRONXE3R2N5cUs0YTJfVmxuOS1CcWVrMTJTU0ZOTmlUZjkxNXpLN19yTkl6X1J4V1paa2V2LXMzbi1RWHAz?oc=5,"Sat, 05 Sep 2026 00:01:25 GMT",2026-09-07T08:51:14+09:00
GoogleNews:コンビニ 新商品,コンビニ 新商品,【また今日も買ってしまった！マジで美味しい！】セブン‐イレブンのスイーツにハマった！（キャプテン福田） - エキスパート - Yahoo!ニュース,https://news.google.com/rss/articles/CBMiiAFBVV95cUxQOWRxbEdUY18wclB4NlA3UUFPOGwxUUJrRHMzY080NVA4cXBmbVN5X2VPTkROcHVKNXZxNTAwMjBRZUFOUUxSUTFsMzEwOHhBdmZwY1FncnA2eUlKd3Z5V2ZiQWtiQVhkbUNFTzl6Z09VRDFmZmdpNGhBVGkzZU11UV9xOVVxQUtV?oc=5,"Fri, 04 Sep 2026 12:55:12 GMT",2026-09-07T08:51:14+09:00
GoogleNews:コンビニ 新商品,コンビニ 新商品,【これはスゴイ！マジで美味すぎます！】ファミマで話題のコラボ新商品に歓喜！（キャプテン福田） - エキスパート - Yahoo!ニュース,https://news.google.com/rss/articles/CBMiiAFBVV95cUxQVXUxXzNibllLMzZUOTNDbVVZUFBzcXJ4UWV4X1p3cHdmZzYwNzAzMlZDbDNBNFhTcFFjZ2NlRFh6bXAyRjVDVnctbXQ4N3UwaVI5MUsxTGEycXRWVkdVTUlvaFlSc293YWVrNlp2NFl1Uy1fQnBydjdkellYbVQ1WEtxMEZ5T0Ri?oc=5,"Thu, 03 Sep 2026 20:55:12 GMT",2026-09-07T08:51:14+09:00
GoogleNews:コンビニ 新商品,コンビニ 新商品,【久々の復活！見つけるとすぐに買ってしまう！】ファミマ「コラボ祭」の新商品に歓喜！（キャプテン福田） - エキスパート - Yahoo!ニュース,https://news.google.com/rss/articles/CBMiiAFBVV95cUxQODdJdm00SHpyT2pxN2U1RHVUN3J1cjlkNHFmQTJzNGFVUjJ6dHRtalA2UlN2ZldxeVBzbGRSMzg0eTNJeFNUcXY5VVd0RWFZbHBBQ0ZiSFNvSjRQQVljY1Z2SFd5cXJwOU9McC1qcWV6VDM5d3lkdDZaVFIxZFpMSDNrWktOcG9N?oc=5,"Sat, 05 Sep 2026 20:55:11 GMT",2026-09-07T08:51:14+09:00
GoogleNews:コンビニ 新商品,コンビニ 新商品,セブン-イレブンから新登場!! 1個約48円で爆売れの予感!?「192円の新商品」を実食レビュー（いぬきち） - エキスパート - Yahoo!ニュース,https://news.google.com/rss/articles/CBMiiAFBVV95cUxOMVBHN2pmdGFjMTNJTG8yMy1wLWl1dGQxUGc5SW9Dd1J0ZFhsbXkxNFpmd1dkSVY1NExJZUJKUU1FcXU1S1Bqa1pvem1qdjYzV29ZMncxRzJnWGhFYnVHRVJrRVNBTHpnb1hSaGdsMy14TkdwZ1hJaFc0ODB2OTBqY0RxQVpidWVK?oc=5,"Fri, 04 Sep 2026 22:00:53 GMT",2026-09-07T08:51:14+09:00
GoogleNews:コンビニ 新商品,コンビニ 新商品,セブン-イレブンから新登場!! ドハマり確定の組み合わせ「270円のスイーツ」を実食レポ（いぬきち） - エキスパート - Yahoo!ニュース,https://news.google.com/rss/articles/CBMiiAFBVV95cUxPcHlhMFl5a3pOcFZMZG9Za2YwUUNhUkNPQVU3QW9za3AtalRmYS03Rk1Oa1pPdER5akt5SEViLVpsaTVfQ3otRGpkX2JfQ0oxaEJhSnZWU01sa2xaeVZRQllUUUwzUWNCRERRM3NTN1pRZjJxN0xnbW1XczRtdkgxellBYUJMWWlG?oc=5,"Thu, 03 Sep 2026 14:15:25 GMT",2026-09-07T08:51:14+09:00
GoogleNews:コンビニ 新商品,コンビニ 新商品,【これはハマります！食べ出すと止まらなくなる美味しさ！】セブン‐イレブンの新商品に歓喜！（キャプテン福田） - エキスパート - Yahoo!ニュース,https://news.google.com/rss/articles/CBMiiAFBVV95cUxQNW15MUJZZmxROFR3ejc1SDhacGVnQ1hxVUlzMWpzRzN6RVlMTGFlTGxVcUY1QWliWndCcWNxVzduLU12WGJESGpERHhhMndyT0FfbVlGd210azk0ZkVnbHJOMXZHdmtodnJqTWJSX3NvSGpBaGYxcmN3VjdwcnoxYkZlRDBaVXJ2?oc=5,"Fri, 04 Sep 2026 20:55:12 GMT",2026-09-07T08:51:14+09:00
GoogleNews:コンビニ 新商品,コンビニ 新商品,【これはハマります！食べ出すと止まらなくなる美味しさ！】ファミマの新商品に歓喜！（キャプテン福田） - エキスパート - Yahoo!ニュース,https://news.google.com/rss/articles/CBMiiAFBVV95cUxQRFJ2a2pXYnhQVHdZM0xzeFk5VXB3UWpSWmJvS3N6cERFZU9DdlJkdzJ4NTBiVjdkbHlmTjZHZTNFMGZuWjEwTVV5Nm5xT2JnY2pGcjI2c0N4TUxWdjk2dTVzUHhnUk9INEtXbzlmeFN0SHlINkFrTko0T3IzWkhBLXZMTkxBME1O?oc=5,"Wed, 02 Sep 2026 20:55:13 GMT",2026-09-07T08:51:14+09:00
GoogleNews:コンビニ 新商品,コンビニ 新商品,セブン-イレブンから新登場!! 懐かしさを感じる美味しさ「140円の新商品」を実食レポ（いぬきち） - エキスパート - Yahoo!ニュース,https://news.google.com/rss/articles/CBMiiAFBVV95cUxOdnlxcW4tMFVHMVNqT0RTN05WTDRlNEwtRXRYSTZxZll4Y2U5end6M2ZnUV9DZXB5VXQ4LWFIeTZOTEtFNm5oQnNqWEZjU3UxVmRnRzlUZHdobEM3VXd6N0x5ZHhEeW5sYzlNd01rV2ZROVZBZHFaVDZKeWVGSUdSUmJPYVIwZXhC?oc=5,"Fri, 04 Sep 2026 16:30:49 GMT",2026-09-07T08:51:14+09:00
GoogleNews:コンビニ 新商品,コンビニ 新商品,セブン-イレブンから新登場!! 素朴ながら飽きのこない美味しさ「170円の新商品」を実食レポ（いぬきち） - エキスパート - Yahoo!ニュース,https://news.google.com/rss/articles/CBMiiAFBVV95cUxNTlllWjNpbFNJdTB0NlFOQmdSdUNYREc3OExOZWlnSTJXa1VseWRheEE1TlB0VHpYb1BPdWJXeGYwV01nX0VJMEhDUTU0dExnMWZwZGVPYXJDeFZSWWpUZ25kVEhaN1pIa2JKTC0zRUMySVF6bjljdUhSZGdtZVpjUTVzanUtR1At?oc=5,"Sun, 06 Sep 2026 00:30:47 GMT",2026-09-07T08:51:14+09:00
GoogleNews:コンビニ 新商品,コンビニ 新商品,【ファミマ】史上最多のコラボ商品発売！スイーツライターが濃厚チョコスイーツ3つを実食レビュー（なかべぇ） - エキスパート - Yahoo!ニュース,https://news.google.com/rss/articles/CBMiiAFBVV95cUxNTHhQdHVoeWVJaENBdmo5YWNIaWNMT2g5TG1UcXlKc2sxMzNkUTIwYUlaRmY0NlBkTV9GQnF1aG1KcFRBWUlaQjNMZWFMTFlPNkhNaDZfS0JUZnlWXzVCZUhDbHdfSEZRSmN2eUR2cWttSnd6T1pEMkVrcmJFSkJKQTMzd3ZQd2sw?oc=5,"Thu, 03 Sep 2026 02:55:13 GMT",2026-09-07T08:51:14+09:00
GoogleNews:コンビニ 新商品,コンビニ 新商品,セブン-イレブンから新登場!! やみつきになる美味しさ「人気ラーメン店監修のまぜ麺」を実食レポ（いぬきち） - エキスパート - Yahoo!ニュース,https://news.google.com/rss/articles/CBMiiAFBVV95cUxPdENYd2ktTEpkbm5SUHBXV2VzR3dYTW9kcW5aVGt3NFk2V2JSQ1BKMmFMZHZiV3l2OHc5RXk5ZnZuZy13T2lUT1diLS1DUDlvd3d6bTUweFR2YzdmMkVfcDZDYVRZMGRoaTJuclVLR3dHdC1DU3BBbEM1WFduam8tLU9nVDBZd25Q?oc=5,"Sat, 05 Sep 2026 08:01:19 GMT",2026-09-07T08:51:14+09:00
GoogleNews:コンビニ 新商品,コンビニ 新商品,ローソンから新登場!! 濃厚な味わいにハマってしまう「599円のコンビニ麺」を実食レビュー（いぬきち） - エキスパート - Yahoo!ニュース,https://news.google.com/rss/articles/CBMiiAFBVV95cUxNT05yZ1JRblBNZ1hYbWJGNkY0eHFRdGZpRjRXcHBJdF9MTUFyVnQtTnVXSzNRbXhwRGo3eHFMMG1Db2tpZlJMQjE2M09mMVNUZHZyMkNKUXV5VVFHcFFQSUpWcDFFY1VsN2lmVHpOUWs1RXlkUmduMVRTdmdNX2JaZmNWWm1yd1Fl?oc=5,"Sun, 06 Sep 2026 06:01:00 GMT",2026-09-07T08:51:14+09:00
GoogleNews:コンビニ 新商品,コンビニ 新商品,「2軒行ってもない」「ハンパじゃない」セブンの『新作378円スイーツ』まさにコンビニのレベルを超えた美味さなんです！ - Yahoo!ニュース,https://news.google.com/rss/articles/CBMif0FVX3lxTFBSTmktbUFuMld4ZW1VVkxVNEJ0RXlpNjJ3SkdaZDg3Q1Z1X1cyZU12Y3NiTjk2OVJtNTdWUHBvblMtRnJCb0Rnb2gzdWhtX0k0dEItczRSZ0FKRkZXSHpjNHRwUm5WeV8wQmNNeVRIZ0FWUmJFclJFSW1YZkNIemM?oc=5,"Thu, 03 Sep 2026 11:35:02 GMT",2026-09-07T08:51:14+09:00
GoogleNews:コンビニ 新商品,コンビニ 新商品,【ジョブチューンで最高評価の名作に新味！マジで美味しい！】ローソンのスイーツに歓喜！（キャプテン福田） - エキスパート - Yahoo!ニュース,https://news.google.com/rss/articles/CBMiiAFBVV95cUxNOHJpZUNDcVExVnlPb28tNVZyM2VHZ3JDZWl3R2FzaUtMSXU0LURNUnRBeGdLcFpCUFpGbWlCdGhxMk5nZ3I5ejBvS1k0S1lOWHJpMkVBQmFLSDFTU0xzSURZX2FaRXVYOUluVFc1NmhHa0tzd3I2M1VHbHh0N1Z2U0N4a2dfMndV?oc=5,"Sat, 05 Sep 2026 12:55:10 GMT",2026-09-07T08:51:14+09:00
GoogleNews:コンビニ 新商品,コンビニ 新商品,【たくさん入って安くて美味しい！食べ出すと止まらなくなる！】セブン‐イレブンの新商品2選！（キャプテン福田） - エキスパート - Yahoo!ニュース,https://news.google.com/rss/articles/CBMiiAFBVV95cUxOYUV4NC1FeDJfanZYLTJzbWo4S2xYczFSNHFVUFp1cDdrX0ZoOTdUX0syUG81aGV6VHF0ekVtbm9xd3haeFdtNG9Va0cyaFlvUjZxWWxVb0FOWmwzem0xQmtSQU9jVVdGTFJYRV85Z1ZuazQ2aUxBdG5STVpzcmtxZ0MtNVJObnJy?oc=5,"Thu, 03 Sep 2026 15:35:16 GMT",2026-09-07T08:51:14+09:00
GoogleNews:コンビニ 新商品,コンビニ 新商品,ローソンから新登場!! 1個じゃ足りません!!ドハマり確定「話題の新商品」を実食レポ（いぬきち） - エキスパート - Yahoo!ニュース,https://news.google.com/rss/articles/CBMiiAFBVV95cUxPNGtZdDIwNTJvM2w3QlR0OUktdndCS0FnazFFdi1NV3psUE9hVXIxRGd6VGV2ZGR0RWs3Y2hrVW4tMDh2RFd0UFFtSGdzYS03eU1IaDluTW9GSTItLUp2Z2hLVEE2cG5yOEF4d3IzTmoyQ1JyOFlqR0x3OXZla2pBOXdmbldQT0ZU?oc=5,"Thu, 03 Sep 2026 16:31:11 GMT",2026-09-07T08:51:14+09:00
GoogleNews:コンビニ 新商品,コンビニ 新商品,セブン-イレブンから新登場!! 1個43円で爆売れの予感!?「170円の新商品」を実食レビュー（いぬきち） - エキスパート - Yahoo!ニュース,https://news.google.com/rss/articles/CBMiiAFBVV95cUxPRUItLWt2aWFjcDJYeEs2NW1WSmNNOVdQc0txTmdWdEJoeFFPc0c3MHBhRXM4WXZhZGE0cVk4eTdEdjVDWmlFQTBZczlhQWRzZ0VDVjEyeTlteVFyay1IZEhLMUtDY1VacXJOb2Z4VGdUMEQzOUhCNl9sZnFKZzlkN0Q2SmMwOWJW?oc=5,"Wed, 02 Sep 2026 22:10:33 GMT",2026-09-07T08:51:14+09:00
GoogleNews:コンビニ 新商品,コンビニ 新商品,【大当たり出ました！これは感動級！】今週のコンビニスイーツランキング３（8月30日）（キャプテン福田） - エキスパート - Yahoo!ニュース,https://news.google.com/rss/articles/CBMiiAFBVV95cUxPNkpzYU01N19aZkt2M1FwRUlXQ2xrSEtQNTBHR09RX2Y1RkdiLWpVQS1TZnNlUDJ5SmxQdWFjcTNaMEJ3ZURwTFBrQUZWZ0tTd2VaS0ctZTlpMkMtMm1yTFJkcV9WdGRKbXZQczJWMUVYYzZXcFppWFhrRnV0MFpMdjJKYnVKbmVy?oc=5,"Sun, 30 Aug 2026 12:57:55 GMT",2026-09-07T08:51:14+09:00
GoogleNews:コンビニ 新商品,コンビニ 新商品,【これはスゴイ！マジで美味すぎます！】ローソンのスイーツに歓喜！（キャプテン福田） - エキスパート - Yahoo!ニュース,https://news.google.com/rss/articles/CBMiiAFBVV95cUxQN2djT0JqSllaQWlLUVZaUXRsVjU0SzhaQVZic1NzYmYwTjZWRXVfZ0VVdFl4aVZWaVpQcXBSdzVORDVhWGEtZURRVEpYemtRd3BIdkRqUkUzVjljbGlFZm5WeUhsWXIzQkt5dFRqVkN3SjllSEIyTzdkTGd2aVRBaVJmNWcxUzVF?oc=5,"Wed, 02 Sep 2026 12:55:14 GMT",2026-09-07T08:51:14+09:00
GoogleNews:コンビニ 新商品,コンビニ 新商品,セブン-イレブンから新登場!! やみつきになってしまう美味しさ「289円のカップ麺」を実食レポ（いぬきち） - エキスパート - Yahoo!ニュース,https://news.google.com/rss/articles/CBMiiAFBVV95cUxONWYyaEpUWDY4MzloV20tempaTERvOTA1U0g2UW1Pd0hCVVN1Ym9QN2ZWVENYZ0xOSGlBQ0pTU2doUFRVbXdfeWhOTjJXLVlpX1VfdG80aFFSNU9WMkkxbWJOR3QzcjZNNDRCVXdhTWhXWmVhdU5QMGwyM3F1WWhVUEQyc0Y2NXNs?oc=5,"Sat, 05 Sep 2026 18:30:24 GMT",2026-09-07T08:51:14+09:00
GoogleNews:コンビニ 新商品,コンビニ 新商品,2026年8月25日(火)発売！ローソン研究所おすすめ「今週の注目商品」｜ローソン公式サイト - LAWSON,https://news.google.com/rss/articles/CBMia0FVX3lxTE9VZE01eHhHbHczLXJWMWZrbzRHZjYxeDRTaFBNQ0hpZXRJVUdUN1ZIazNPYnpBU1ZZc0tsZ1EtZWY2cHdHNWxSYWExUmZDZGJYS2VJcU5vM2kyWU82MnNjbkFPblBaODZ1Nm53?oc=5,"Tue, 25 Aug 2026 07:00:00 GMT",2026-09-07T08:51:14+09:00
GoogleNews:コンビニ 新商品,コンビニ 新商品,2026年8月コンビニ新作グルメが豪華すぎ！セブン「レモンもこ」・ファミマ東京ばな奈 - report.iko-yo.net,https://news.google.com/rss/articles/CBMiUkFVX3lxTE1INXBUYmJDdHkxb1VfZmRCRnVzYVpiRnRlY3k4WVhZWnQtNDZoU3FDNXpoS21NcklfeDlCSzBkb2NOejMtY1lxQ3pldHdNOTZVbWc?oc=5,"Tue, 18 Aug 2026 07:00:00 GMT",2026-09-07T08:51:14+09:00
GoogleNews:コンビニ 新商品,コンビニ 新商品,ファミリーマートから新登場!! コラボで話題の人気商品「267円のカップ麺」を実食レポ（いぬきち） - エキスパート - Yahoo!ニュース,https://news.google.com/rss/articles/CBMiiAFBVV95cUxQUXpKcEQzZGFIYi1oVEJ3b1dkRGdYa0h2WVA2RlB2RW5DUXgycTR3S3ZxanVkSWM2WTFNeDl4bjJ0ZVJzWmpONFdYclRWaEhvRk1HMFNydGpFYUZKa2JFZEZJV0s3RzdUSjhXRnptUTVra0YwU04yZThPU0tlT3AtaHJQZmlicFVC?oc=5,"Fri, 04 Sep 2026 19:30:54 GMT",2026-09-07T08:51:14+09:00
GoogleNews:コンビニ 新商品,コンビニ 新商品,セブン-イレブンから新登場!! 何度も食べたくなる美味しさ「246円のおすすめ商品」を実食レビュー（いぬきち） - エキスパート - Yahoo!ニュース,https://news.google.com/rss/articles/CBMiiAFBVV95cUxPSzR3SWdkcW9XLXlyYTB3TnZ5NjRMczFyaUZtOTR4NXlYXzhhU2h3dTFId2xNMmZPTGt1RUhMZjlJcW1EUkNNRmFvTHVmMDFwNm9JQ1c4V05RcTdVbDRnWGEtUzdoUXF0SFVsWUNndnZuZ2ZtY3FBbWFWd3RLNjJNSFZxVFNfSmxD?oc=5,"Fri, 04 Sep 2026 00:00:56 GMT",2026-09-07T08:51:14+09:00
GoogleNews:コンビニ 新商品,コンビニ 新商品,ファミリーマートから新登場!!『ファミマとコラボ祭』開催!!「598円のパスタ」を実食レビュー（いぬきち） - エキスパート - Yahoo!ニュース,https://news.google.com/rss/articles/CBMiiAFBVV95cUxPSm81S09FQ1dvUVVPVDNrMkU0a0tjQXFPOHVjM0V4dk44dFk0VDZQX1ozaFBxSUNJM0plaTdiam15Z0NNcUl4dDV6di1SNjA4Vkt0d1ZVODk4SmJqY2dGem5ackt6TGRjSFE0U3Q0WEhzbkVQUTRpdS1DLWYtYWhPTzFLdkpwVVpr?oc=5,"Sat, 05 Sep 2026 06:15:25 GMT",2026-09-07T08:51:14+09:00
GoogleNews:コンビニ 新商品,コンビニ 新商品,セブン-イレブンから新登場!! ドハマり確定の組み合わせ「224円の新商品」を実食レビュー（いぬきち） - エキスパート - Yahoo!ニュース,https://news.google.com/rss/articles/CBMiiAFBVV95cUxQeHhCc3VleWY5X2pZSFpadGhGZzhKbDl5U0V2VXpmTU9RNXM2QnFvbDZUckZjMmVfeElRbEpNWThSMFRLdlEtMUg3NHN2Tm9WVEhVTTBrdEp4ZVd0NWxZdFVnVmVGM3ZSR2dsNTFSaW1CbmlMTHBrQ3Z3NS04TWZNWWt5YldUNE1w?oc=5,"Wed, 02 Sep 2026 00:01:30 GMT",2026-09-07T08:51:14+09:00
GoogleNews:コンビニ 新商品,コンビニ 新商品,コンビニ発のアパレルブランド「コンビニエンスウェア」 5周年を機に「Fami-FEST.2026」で初のペット用品への進出を発表 8月28日（金）から「秋の色」をテーマとした新商品が順次発売 - family.co.jp,https://news.google.com/rss/articles/CBMid0FVX3lxTE1ya3hWUlJFY1JhZElvZDMtZW4xQUwwT3ZPM3B4dV90d2pTOUxNZ3FSQlNYdzFrSWc4M0xuNExmMkRld1BWdEFsaDF0YTQ4cW4xLXNjUktFelZGYzFjYWh1eTc4SC1KUG1FcGlMcE9TMF9vVWloWE44?oc=5,"Fri, 28 Aug 2026 07:00:00 GMT",2026-09-07T08:51:14+09:00
GoogleNews:コンビニ 新商品,コンビニ 新商品,【遂に出ました！ずっと待ってた！】ファミマの名作コラボパン復活に感謝感激！（キャプテン福田） - エキスパート - Yahoo!ニュース,https://news.google.com/rss/articles/CBMiiAFBVV95cUxQNjJYbERuS1RjMXVIWnZpNDYweWwyVzBfcmRleldMQUc0dXdqUjJzbGctQXY0LVZOS0hYcWk5MzhtUDhEVHVlTlBzV0NhOE85SVBuclF1Y05jZS1NNF9nd1lkWlJ1NTJZNWRDNWFzV2ZtbUZJUHc1Wk1PV3ZkcVFhNFpaa19JUlgy?oc=5,"Tue, 01 Sep 2026 20:55:13 GMT",2026-09-07T08:51:14+09:00
GoogleNews:コンビニ 新商品,コンビニ 新商品,【4個で170円！食べ出すと止まらなくなる美味しさ！】セブン‐イレブンの新商品にハマった！（キャプテン福田） - エキスパート - Yahoo!ニュース,https://news.google.com/rss/articles/CBMiiAFBVV95cUxQUTcwUjhrWkR6dmNWMk9FbnY4dVdhNFNwcnZmZFVER3RkX2EtWWNtYUVObDJsTTZYYUw3anhZRE52al9CbFFDX2FVUHVldFpHYkdTa1hhMHA1UTNMN1FGVGl1czdXQ1FVb3g4RGJ4dVVWNGI4a0Q5TE5FOUNmcFQwczNlUm16Sk5P?oc=5,"Tue, 01 Sep 2026 15:35:19 GMT",2026-09-07T08:51:14+09:00
GoogleNews:コンビニ 新商品,コンビニ 新商品,ファミリーマートから新登場!! やみつきになってしまう美味しさ「話題のレジ横商品」を実食レビュー（いぬきち） - エキスパート - Yahoo!ニュース,https://news.google.com/rss/articles/CBMiiAFBVV95cUxOTDAwUTdpR0FzTkZpUGtrVVg0Z2JHYWx1SlhnOV9JaWlNcWpJVHBaelFpdkd1WGRVUEt3dHRXMEpXNU1oaU9oZ3hzZzh0Um1wTHVCaW9DUUc0czdlNTZfZER4YXlsa08zdm04N0JtLWJjSm5KYUpLTk0yMXluVzh0NEVlMEoxNS13?oc=5,"Fri, 04 Sep 2026 12:01:16 GMT",2026-09-07T08:51:14+09:00
GoogleNews:コンビニ 新商品,コンビニ 新商品,【これは猛烈！まさかの仕様に驚嘆！！】セブン‐イレブンで話題のぶっ飛びラーメン2選！（キャプテン福田） - エキスパート - Yahoo!ニュース,https://news.google.com/rss/articles/CBMiiAFBVV95cUxPTmhjZW5adDd4RUh3U1ptbzNpOVY1dDdQVDZQaTBLNnVOS0pHWVRQTVdGM1RCT3ZIbmlLUVB2dXZCX1A0ODVIc3czRldBamJZbHc0bjBhU3Y3dXJYYWtxMjZiRlJ1LVJsZXFQTm1Cc2NKdTg0bWRjeExDOXNtaklDcE9vZUR2Q3ll?oc=5,"Wed, 02 Sep 2026 07:45:32 GMT",2026-09-07T08:51:14+09:00
GoogleNews:コンビニ 新商品,コンビニ 新商品,サントリー新商品の店頭POPに“生成AI疑惑” 成分表示にも誤りで物議……同社に事実関係を聞いた（ITmedia NEWS） - Yahoo!ニュース,https://news.google.com/rss/articles/CBMif0FVX3lxTE11eWRvZkpRbVhJWWxQbzYyRUw1S1ZfeUtPUDQzM3RBUUNMRnpHTll2cjI0M3F5R25CM0p4eVFZdnFpWjRzSVNXdEJxbUdQekNVc1NtNEY4SVVCOHc3TFlmVlJQRlF0aUNFZTVTcHE1TktfVmlRQk1rSjdSSzh0WUU?oc=5,"Fri, 04 Sep 2026 09:42:26 GMT",2026-09-07T08:51:14+09:00
GoogleNews:コンビニ 新商品,コンビニ 新商品,セブン-イレブンから新登場!! BTSとの共同開発でも話題「365円のカップ麺」を実食レビュー（いぬきち） - エキスパート - Yahoo!ニュース,https://news.google.com/rss/articles/CBMiiAFBVV95cUxPQTVJQm9FYmRCY3F6MXZXZ1M3QXJVNWxxS0kyYnB2c0g3UWxyd2lGaWphMF91MXhjc2gxOEp5VllldldNR29iRi0tVGowTnAtZUJ3RldNN3R0ZnVXM1h2TXVDMkRoS2tYWU9iRW9HTmVnRjEyQ1k1NkZNRlVNb1M5eHNTeDVOUmFv?oc=5,"Wed, 02 Sep 2026 19:31:11 GMT",2026-09-07T08:51:14+09:00
GoogleNews:コンビニ 新商品,コンビニ 新商品,【9月8日発売】ローソン 新商品スイーツまとめ「とろける月見パンケーキ」「ほうじ茶ワッフルコーン」など - えん食べ [グルメニュース],https://news.google.com/rss/articles/CBMicEFVX3lxTE9WNkdwZnppd3N3NTYyTEhmcG95b1F1OU9ONlBiQjFfam9wMHhVLVNmdC1jNUtrb21uOVhsV0F0eVRTb0VmNmJQanlMRlVjN1lEU2t6RC1OZjBCT0pMbDhPMUF6OWQ3V2RRNjliaVl4b3jSAXZBVV95cUxPOXhmeHNDOWNOQnFoNVlQSTFkaUx3RDlxZFJ3VS12dHBQeklGOGlISmxhcFY3dnc0YS0xNEsxV1hGd0FtYUo5VDJKSjl1MkJOYzBDUUVWdW45S29keGJBMzJ1TUFLSGdpVDItdWlaNGVVd3lrS0V3?oc=5,"Sat, 05 Sep 2026 10:00:00 GMT",2026-09-07T08:51:14+09:00
GoogleNews:コンビニ 新商品,コンビニ 新商品,【これはハマります！もう1個食べたくなる！】今週のコンビニスイーツランキング３（8月23日）（キャプテン福田） - エキスパート - Yahoo!ニュース,https://news.google.com/rss/articles/CBMiiAFBVV95cUxPVlcxSkh1SDJBWEYtck9sSWNFNXhjTXBuUFBheUI3eFJIZW53TlR2a0p3SUhMbFZBcklLRGYyYTVWMHlaLWQ4WFFqcE5wV3pnQW5zN0RqZnU4Z3ZzbGY1VE1iNy0ydVdaSVFZWFJKOHduUkJpdmx2Y1JjYkVwbk1kV0lGR2RrNkJX?oc=5,"Sun, 23 Aug 2026 13:03:05 GMT",2026-09-07T08:51:14+09:00
GoogleNews:コンビニ 新商品,コンビニ 新商品,【2026年9月第1週】コンビニスイーツの新商品！アップルパイやお月見スイーツなどまとめ - もぐナビ,https://news.google.com/rss/articles/CBMiYkFVX3lxTE1KT1QtRzlnRkhqT2tIVElYaEFVajRCQjhjY09HcXhBaFo3N0FyQmZuWmdGa2VFVW51MFFjWEVKemo5NldqbnpRMTRieGczSVozMnFRaVNlc3pHQlR1SW9IUW5R?oc=5,"Wed, 02 Sep 2026 06:20:16 GMT",2026-09-07T08:51:14+09:00
GoogleNews:コンビニ 新商品,コンビニ 新商品,セブン-イレブンから新登場!! 『究極のフライドチキン』が登場!?「極みチキン」を実食レポ（いぬきち） - エキスパート - Yahoo!ニュース,https://news.google.com/rss/articles/CBMiiAFBVV95cUxOaFgzd25iN01ZZzZ4NmpDWktZTTI4Z0JzeEc0VG42WTNGMGNEZ1dOblEtbXhsaEVIRVJHUG5DSndHM3JvUlJFNGZiODluQ1hOMzVOOTZYbjBhTUJ1bXlmX1QtSWJSWmZKYnFDSUtuWHNoVGtUYWhpWjBzU2Q3RGhtZXBkZFdYMWZz?oc=5,"Wed, 02 Sep 2026 16:31:06 GMT",2026-09-07T08:51:14+09:00
GoogleNews:コンビニ 新商品,コンビニ 新商品,【2026年9月第1週】コンビニスイーツランキング1位はローソンもち食感ロール！新商品＆急上昇注目まとめ - もぐナビ,https://news.google.com/rss/articles/CBMiZkFVX3lxTFBHTmJxTDRFbWxTOGZSMWxtZ0hrSElrN3lzY3J4OWdtQzA4LWlwZjZyR3hqaVN0NEJKRlJfTGE5cG9sdXE4dlF5TC04SWJ3T0RCN1Ita01PQlRoYy1XVXdFbm9fS0FlQQ?oc=5,"Fri, 04 Sep 2026 01:05:43 GMT",2026-09-07T08:51:14+09:00
GoogleNews:コンビニ 新商品,コンビニ 新商品,【2026年9月第1週】コンビニ寿司・コンビニ弁当の新商品！セブン-イレブン豚焼肉弁当シリーズなどまとめ - もぐナビ,https://news.google.com/rss/articles/CBMiYkFVX3lxTE9SQ1pYc3BnNVcxZlZ3aVhRRUZqUEF5ZU91Rnh2TGdPazVPUWVNMVVxbUV0eVE1VXBjQ1VyOWo2c2hXZVIxaHFmWXlBNFJILWhsSldoWC1mNjFzakZLYVd2dnp3?oc=5,"Wed, 02 Sep 2026 01:50:11 GMT",2026-09-07T08:51:14+09:00
GoogleNews:コンビニ 新商品,コンビニ 新商品,俳優・城田優、キム・ジェジュンの東京の大豪邸に感嘆…「家の中にエレベーターがある」（中央日報日本語版） - Yahoo!ニュース,https://news.google.com/rss/articles/CBMif0FVX3lxTFAwQWNUNVRXNlZWeWI1NmhpWGQ5aG1JNFNRNEp2UDJZN0h4MVc1Vmc2N1lNelVyNkF4MVVVS3lvdDZSNHhCMTdKQ1Q2SXVTcWxCSzhnYVQ1Yk9SM0FTd0RoZ0stRmRaU0VmbnBhYTFoeWR3ZWQwVkVoV2J4Z21OOVE?oc=5,"Fri, 04 Sep 2026 00:41:48 GMT",2026-09-07T08:51:14+09:00
GoogleNews:コンビニ 新商品,コンビニ 新商品,【2026年9月第1週】アイス・コンビニアイスランキング1位はティラミス氷！新商品＆急上昇商品まとめ - もぐナビ,https://news.google.com/rss/articles/CBMiZkFVX3lxTE5SZkROYW1Ya1lsTktRSVl4bEQ0am1IWlg0Qk1RX2JLUFlXNlJVLUZjZG5UbWpSX3RoeTdvV1k3dm9jX3FuenlQN0luMm5tNW1hY3dES1NNbkd6U3NOSXFpMzVzdDV0Zw?oc=5,"Sat, 05 Sep 2026 06:01:54 GMT",2026-09-07T08:51:14+09:00
GoogleNews:コンビニ 新商品,コンビニ 新商品,【これはスゴイ！マジで美味しくてビックリ！】今週のコンビニパンランキング３（8月24日）（キャプテン福田） - エキスパート - Yahoo!ニュース,https://news.google.com/rss/articles/CBMiiAFBVV95cUxOclNrbm9LamNMalBrRFM0TzRzYUZKN09KVk1qUWd6clNFZkRNeHlFNkxpbzUtaURycHFGakU2aWNUM2YtUkw1aERfTU9sdzVldmpNZHN3aXdFd01PSjNyb0NYdklLM1lBQzd3MTNud3M1QXhSM0RRNUlpbHY5Q2RHU3VRN2owaktk?oc=5,"Mon, 24 Aug 2026 07:00:00 GMT",2026-09-07T08:51:14+09:00
GoogleNews:コンビニ 新商品,コンビニ 新商品,【2026年9月最新版】ローソンストア100 新商品まとめ「ツインシュー 芋クリーム＆ホイップ」「大きなチーズピザまん」など - えん食べ [グルメニュース],https://news.google.com/rss/articles/CBMie0FVX3lxTE9sSjZQU1lsak9VSlhpYlJNbjA2eEQwVnZCb0JIQnUyZWxZVnlQSUJDZWYtM0VlQ2dPd0pLRnpiNExSUkw3dkdaVE9KcHY4VFVIV1hjZXpaLWlGdTNwdUVWdERfbWFCUnpKVU82STVnNGV1bFR4OEE1OFNZONIBgAFBVV95cUxQZEF2SEpnVGNqdHlPaXVIM1pJczg3bE1ySFNJSzViU0M2Wm8xbk5fdFcwZWU3UlJUN1RHQUdMX3lfR1RqZThaY01QbzNIYWpJYkIyTmdVYTZXM0cycWtKaGlTX2JqaXRZQThrQ2N0bkdiYlVIMzFqR093Mi1GSF90NA?oc=5,"Fri, 04 Sep 2026 02:30:00 GMT",2026-09-07T08:51:14+09:00
GoogleNews:コンビニ 新商品,コンビニ 新商品,【2026年9月第1週】コンビニホットスナックランキング1位は激辛！台湾ミンチカツ！新商品・急上昇アイテムまとめ - もぐナビ,https://news.google.com/rss/articles/CBMiZkFVX3lxTFBfZm1CTm1wczhxRy1wWFE5UENBdW1VU001NmlwYVJjRWZ1TmxSckZ5T1k0Q2tuOFNTS2psZWlaY0VKbEhZRnBFaS1TMzJNdlJUVlJJQWtCbWNnZEFHYkdqSHhCTm1jdw?oc=5,"Fri, 04 Sep 2026 02:05:43 GMT",2026-09-07T08:51:14+09:00
GoogleNews:コンビニ 新商品,コンビニ 新商品,【8月25日発売】コンビニアイス新商品まとめ「7プレミアム カリッと ピスタチオチョコバー」「赤城 たべる牧場パフェカフェモカ」など - えん食べ [グルメニュース],https://news.google.com/rss/articles/CBMieEFVX3lxTE1mTFlRRGxNbDhmQVZxWkpieEtEYmNBU0RXc3o2U1lVSDlKYVBUTzVmclZ4N21oa0JWcXBKUm9hQzJkRUE4VGlZNmNKSDVKMFJjTkVQN21TaDBSU0d6c3JfWlF0ZmRzZVpYcXhFUk1hamgxSVlmLUtjR9IBfkFVX3lxTE9jQmZhRFR0ZTlYMld6RUNySUFYb3NxNzlvMEx1ZDZtZ1lPdWQ5N3hSbnJDbDYwZThHSDJBR3plQ2FDakxxOVY2Q2dERjZXVGVmRDVGcU8tQmlfZnpSSkJCSjIwc3JqSm1QNTQ1ZnN5RnRHVmxQSHRzcFppd2d2UQ?oc=5,"Tue, 25 Aug 2026 07:00:00 GMT",2026-09-07T08:51:14+09:00
GoogleNews:コンビニ 新商品,コンビニ 新商品,今週コンビニ行ったら要チェック！新商品＆得ワザ9選｜8月17日〜22日【随時更新】 - report.iko-yo.net,https://news.google.com/rss/articles/CBMiUkFVX3lxTFBKcFhXbTJhajhDZDB0OVBGbGZuODZTaklCNzJmeFM2X0VZLXVRRXJXM255Z2R4bWlQdG9MSkR4YlNlb3RFTUVTRGV3UmQ1b2NjR2c?oc=5,"Mon, 17 Aug 2026 07:00:00 GMT",2026-09-07T08:51:14+09:00
GoogleNews:コンビニ 新商品,コンビニ 新商品,【ジョブチューンで合格の名作シリーズに新味登場！】今週のコンビニスイーツランキング３（8月16日） - Yahoo!ニュース,https://news.google.com/rss/articles/CBMiiAFBVV95cUxQcm5UMTlvVUJGeFFvdHNSbm5hSUFQVERpQkRDSGdMTkVhWElrank4cGZ3czVEa1RrYXB3MVIwaVVYb21QLVUxS2VBR3MzY1NiV2VaQmFUeEdxQnBtd19zRmw4WlJXYjc4S20tbVJIelRMeklkMnBkQ2FtaF8tdm9DTGFybzgyMnpp?oc=5,"Sun, 16 Aug 2026 07:00:00 GMT",2026-09-07T08:51:14+09:00
GoogleNews:コンビニ 新商品,コンビニ 新商品,【これはスゴイ！まさかの仕様に驚嘆！】今週のコンビニスイーツランキング３（7月26日）（キャプテン福田） - エキスパート - Yahoo!ニュース,https://news.google.com/rss/articles/CBMiiAFBVV95cUxQbFRTNzFRRjBULXRGandFdjBqZmlkVFFsRHdBU3hLdktsNHRPNU9PQmVTZHlDeW9lWjVvMTRBNG9IdnE5UGZ5bktzeWpGMTZ6Y2lXaWhBN2xkSUNKcHc2dFVoQUF1bl9oSlNLd05QeEVLQXJ1RXU2WWljNDJRZTR4bDBpQktTa05f?oc=5,"Sun, 26 Jul 2026 13:00:46 GMT",2026-09-07T08:51:14+09:00
GoogleNews:コンビニ 新商品,コンビニ 新商品,"累計販売数2,000万食を突破！ファミマの『超も～っちりパン』シリーズに “サクサク”の常識を覆すクロワッサンなど、いつものパンとひと味違う 驚きの“超も～っちり”食感の2商品が7月14日から発売！｜ニュースリリース - family.co.jp",https://news.google.com/rss/articles/CBMid0FVX3lxTE9vNUFGVVh4dDAzc0xwS0dnMVcwMERkT2pjeFlJb1huZ2NiNFk4UkV5NVZBd0NrTlR4WW1RVFZYNmMwOHFGM2VTckhtV1dRQUt3NVJwb1F0UTlEOEptU0VBeFpDQWVGZVR3MlVpY1BWNVZVV2RYTHVN?oc=5,"Fri, 10 Jul 2026 07:00:00 GMT",2026-09-07T08:51:14+09:00
GoogleNews:コンビニ 新商品,コンビニ 新商品,【2026年8月下旬】コンビニスイーツの新商品！もち食感ロールやパリパリショコラシフォンなど話題作まとめ - もぐナビ,https://news.google.com/rss/articles/CBMiYkFVX3lxTE1sR1RkblVwYzdLYmVRbDJQc2EyOTlUbjQydmVDX0ZxNUxsME5xVklwWk50UWdfVTVXSWxsM0RtUTN2VWNGSFk5WWVUcHEwb3VJLVQzMnpIU1NpR25SOFBMejF3?oc=5,"Wed, 19 Aug 2026 07:00:00 GMT",2026-09-07T08:51:14+09:00
GoogleNews:コンビニ 新商品,コンビニ 新商品,ファミマのシュークリームが進化！ ザクほろ・もちむにの“新食感シュー”2品が5月12日（火）発売！ スイーツ売上No.1※の“大人気シュー”もリニューアルして 絶品シュークリーム4品が大集（シュー）合！｜ニュースリリース - family.co.jp,https://news.google.com/rss/articles/CBMid0FVX3lxTE5EZHFEa1J1cGRSSG9Lc09JOUdHcGNmODlJSU02blUzZ3BhLVg0b0lhOXhaNjh2Q29WUGVUVFRwOGs4VXJJd0FwekhLLV9XVWhGNloyR25aV0RYVDkzV2tOWENGWWduR0VfcHR2WUMwbU5oMnR1djd3?oc=5,"Mon, 11 May 2026 07:00:00 GMT",2026-09-07T08:51:14+09:00
GoogleNews:コンビニ 新商品,コンビニ 新商品,セブン‐イレブン限定！冷凍弁当『ジム飯』が新登場 首都圏エリア(※)で7月7日（火）より順次発売！ - PR TIMES,https://news.google.com/rss/articles/CBMiakFVX3lxTE53SGhaRmVFcm81RXk1aDZCZi1GV0pDY3FNVlNyNmFaeU81SVVxSWowTkp3aGNWR3lNdTRscDBiRGJXMWY4dmtYWVdEX2xwMGh2dU1keUM1dnNkUkNqd2l2dUcyMWlGdzZ6RXc?oc=5,"Tue, 07 Jul 2026 07:00:00 GMT",2026-09-07T08:51:14+09:00
GoogleNews:コンビニ 新商品,コンビニ 新商品,「Afternoon Tea」監修、過去最多の全28種類を同時展開！ 紅茶が華やかに香る「アフタヌーンティー」フェアを 6月16日（火）から開催 ～累計販売数4億本突破の飲料シリーズから初のお酒が新登場～｜ニュースリリース - family.co.jp,https://news.google.com/rss/articles/CBMid0FVX3lxTE51WjNIZUhHZS1MaDNDTmxmYy1LOWR4ZWZ1NWw3MWowSzhHbzc0ODBUbnRRNjlOYnZqRkdJRWlmVEszMW42dHlFeEJlZ1dUc0hWd1F1RmlpZ2Z1VE9wcExsckpZMUpxblNabTdCZGFtYUlEXzBvME0w?oc=5,"Thu, 11 Jun 2026 07:00:00 GMT",2026-09-07T08:51:14+09:00
GoogleNews:コンビニ 新商品,コンビニ 新商品,セブンの新商品！濃厚爽やかな味わいが絶品のシュークリームが、まるでチーズケーキみたいな美味しさだった - Yahoo!ニュース,https://news.google.com/rss/articles/CBMiiAFBVV95cUxOUGFxX3Z2Q2FVNVNhVjJIcUI4Q0xBeFJvZkdwNm9yd3F0cTNHQ0VINFMteDFHV0JZVWVxelY4TkFFYUpDZ3NKSGJoN0ZXc19nWElMU0thYWNyTzdRY3JrVUw2eUh6UmZ1OGtZclZBVVpBUi1vTXBNT0Y3Ym1PWlpnS1REZU9NbmJn?oc=5,"Thu, 13 Aug 2026 07:00:00 GMT",2026-09-07T08:51:14+09:00
GoogleNews:コンビニ 新商品,コンビニ 新商品,【6月16日～発売】セブン・ファミマ・ローソン新作スイーツ特集｜しっとりビスケットサンド レアチーズ・「Afternoon Tea」監修シリーズなど注目デザートまとめ - えん食べ [グルメニュース],https://news.google.com/rss/articles/CBMigAFBVV95cUxPa3J0U0JkNmJBYVZCSnBkcDZ6RE81S1NnZTZwWi15cHgwWmdmdmJjOWp4aXpsMVVTbDliSHRrN1dna1BlTjdCZkFVcGh5d2EtbkMtUG10UWFqTExBdEZ5S1gxV1kxb2s0VXNsNjIxWm9iZkFRNXBhQzZGbkxwUXdqRdIBhgFBVV95cUxNNmJ6WGFKaWNhaVdTMHVpYkoyT0xHQm5JZGRVWUcweklxdHlYX0FsVXN1bTlDLVlnQ0JzaVNqWjR2ZEtuLUVBYlZqcmZkVHFYeDZBMnlFcWhIX2MyWnR0WUthQ1pZLW43SE5JaUcyeUhSUG1tRV9XVzZ6bnVuSVJvaFgwMlZDQQ?oc=5,"Tue, 16 Jun 2026 07:00:00 GMT",2026-09-07T08:51:14+09:00
GoogleNews:食　新商品,食　新商品,【今週発売】バンダイ食玩新商品全7種まとめ!「サンリオ」チョコボックスや「ちいかわ」スイングチャームなど注目ラインアップ(2026年9月7日発売) - マイナビニュース,https://news.google.com/rss/articles/CBMiXkFVX3lxTE1xakhES1pydVVIRTBOdU84RW1EbklvQ0YxbUM4bjYxUnVFbGlZS1IwN3l5RHR6Z1o1R2pNWWlNUVBJUE5janNhLUpQd09URWs3V0Z3RTZySHdMeVlYNUE?oc=5,"Sun, 06 Sep 2026 08:23:00 GMT",2026-09-07T08:51:16+09:00
GoogleNews:食　新商品,食　新商品,長期保存食の新商品・リニューアル品を2026年10月より順次出荷 - atpress.ne.jp,https://news.google.com/rss/articles/CBMiTkFVX3lxTE1malNLNzJ6X3VIMG55NEdNRXZYT2ZlMHFxMWlZRFQ1WnRMalh0Tl8yYlhXZmdjcmx1b0FtN0VnWGtkTXhsQW1mc191djg1QQ?oc=5,"Tue, 01 Sep 2026 06:00:00 GMT",2026-09-07T08:51:16+09:00
GoogleNews:食　新商品,食　新商品,【新商品】“ふにっと濃厚”な新食感ソフトキャンディ『ミルクと練乳』が2026年9月14日(月)発売開始！ - フーズチャネル,https://news.google.com/rss/articles/CBMiVkFVX3lxTFAtQkl5RnJPa01hdlI4TlNtTi15X2RFR3o3V21xNFlUeVpQRnpJRnhMVVpEZU9Wd3B6RmE2Mk5BMDlpOHYxSkpoT2M2Qy1ZYkp2bHlHTXdR?oc=5,"Tue, 01 Sep 2026 04:53:16 GMT",2026-09-07T08:51:16+09:00
GoogleNews:食　新商品,食　新商品,ばかうけの栗山米菓から新作あられ誕生！「たぶん日本一堅いあられ」シリーズにピリ辛タコス風味 ガリっと食感とスパイスの風味で小腹を満たす｜グルメとフード - 旅とおでかけ 鉄道チャンネル,https://news.google.com/rss/articles/CBMiTEFVX3lxTFBvM1N0aEE3c3hETUQyTE85OVVJRUhYNkRUNElfQ19qSm1HQzNjdUh1VFFucmtQZEZfbEVDUXhTcXdpNXBINkxFZURtWkE?oc=5,"Sat, 05 Sep 2026 20:00:01 GMT",2026-09-07T08:51:16+09:00
GoogleNews:食　新商品,食　新商品,ローソンの「もちもち食感バター餅」が話題！新食感の韓国風スイーツです！《実食レビュー》 - BuzzFeed,https://news.google.com/rss/articles/CBMie0FVX3lxTFB0YTFWVHlhdnFlSlMzdDBvUXU0WFM4UkFYeWtyUXppOUVrOVJISlNNM0ZVX1gzQXB2enpnOE9nQVpTV0ZoQ0w3VmdrVDZDY2U4b1FBc3haQl9LaGFhRnQwSF9lMDFYQkY5ZjRkeUtpZ0VEQlptUG9CaFdKRQ?oc=5,"Sun, 06 Sep 2026 11:01:04 GMT",2026-09-07T08:51:16+09:00
GoogleNews:食　新商品,食　新商品,【今週発売】バンダイ食玩新商品全7種まとめ!「サンリオ」チョコボックスや「ちいかわ」スイングチャームなど注目ラインアップ(2026年9月7日発売) - ｄメニューニュース,https://news.google.com/rss/articles/CBMiyAFBVV95cUxNOUFBWEZKMC1ibGpxRVJPNWpOTDFjaDBZNmE2T2tkN3Q3T3VndlZzZGJPdDlGZVRNSHZtZ19XSXVRUnhXa044NHoyeWZRdWYwajRhSHVKamMxb0MydHltZnVJQ2liVTZYQWFiVDZLS1hkTURSUmVDSk9BcnpRNktyR0ZXd1U4YlpkLXJlUFBvVUF5UjdsMG84b05XVHhTWmY0bjJRWmcxNVczNmozZXZmZkc1S2VpdkNtTi1KR0o3MUx4ZTgtZlp6bdIBeEFVX3lxTE5ScE4yZGRQTGEtZ1l0MWEzVFZsQ3I1ak9qLTBWcmRvTHAzZGpTY1dhdmtNLUFGN1hyeE91MHpSSWlDeW9IbEVYSThYUzdmVlhJMHFhdS12TWVUbDhJTkJzaTJYOVA3eEZMSXJuZ05VcGZFU2V1dmVmeg?oc=5,"Sun, 06 Sep 2026 08:34:35 GMT",2026-09-07T08:51:16+09:00
GoogleNews:食　新商品,食　新商品,「サンリオ新作食玩」をローソンでGET→これは全部集めたくなるわ…！（正直レビュー）（ぴあ） - Yahoo!ニュース,https://news.google.com/rss/articles/CBMif0FVX3lxTE1TVVRmVWpzeDhnclBLZVI2Vk1leHZpUWppc0JzOFRYSEVDbHpBSm4zUlhFTFVoQ2NpYXdBckhzN2M1RVYwU01qRlZQZlNRSm1RcXVYVjBWZHQ1UGlUdmlnWmFnUlR3eW8yYVQwVURjSUZuazFFQjAwVTRTeDhXQUE?oc=5,"Sun, 06 Sep 2026 12:30:35 GMT",2026-09-07T08:51:16+09:00
GoogleNews:食　新商品,食　新商品,マクドナルド新作「670円バーガー」を食べてみた感想（進撃のグルメ） - エキスパート - Yahoo!ニュース,https://news.google.com/rss/articles/CBMiiAFBVV95cUxQLTNpQWtObi0tSm1wUTByMWctdzh5SFVYOGdGR2VLcXBSVEpMYnpncGpRajYwd0xYcDBieHd4Z3pOOHVqRWRld1ZfN3p6OTZJeE1oSjY4RlEtOFZFNDJuRWNuNnBVQXVrRGhNZ1hHcmZ0WmY3ektxQnRXYXJQTnRCZDFveExKQUxK?oc=5,"Thu, 03 Sep 2026 15:36:56 GMT",2026-09-07T08:51:16+09:00
GoogleNews:食　新商品,食　新商品,【丸亀製麺】1玉でも3玉でも同一価格！おトクさにも注目の新作「豚つけ汁うどん」実食レポ（サンキュ！） - Yahoo!ニュース,https://news.google.com/rss/articles/CBMif0FVX3lxTE9GOGZtM3NPZ2tGM1ZYLXVxSjFITng3VmwzbWVpR2ZtZnVpX01rUFNNTlVnMVZKR01kVVhBcVY3aTVTTW9RTHdaUXhXZEFDQV9iMFNEZ2lDR19sMkhOTmk2Z2gxU2hQUHRkdnBlV01HeWtEMDdRWDZIV1ZITGNRb28?oc=5,"Fri, 04 Sep 2026 07:10:00 GMT",2026-09-07T08:51:16+09:00
GoogleNews:食　新商品,食　新商品,松屋に「990円カレー」が登場 店舗限定メニューを実食（進撃のグルメ） - エキスパート - Yahoo!ニュース,https://news.google.com/rss/articles/CBMiiAFBVV95cUxNNzlJVWstbnlxWFJaNVZXYmlLbk9rN2FmeWpNNDc4R29GQ2VpbHlfTC1fSWRucW41VlNwbml6T3pVU1l1RTdTRHJvQm9uVWxJV3NCUl9KY3B3dGtTZllqUXhiYXIwS3pJN0dSX1dBaVI1czlPVE9FQXMydzJlRGpxQ3RZZGlvM1Fs?oc=5,"Fri, 04 Sep 2026 03:20:03 GMT",2026-09-07T08:51:16+09:00
GoogleNews:食　新商品,食　新商品,ビアードパパ「話題の新商品（290円）」を実食 昨年完売続出の大ヒットシューが帰ってきた（進撃のグルメ） - エキスパート - Yahoo!ニュース,https://news.google.com/rss/articles/CBMiiAFBVV95cUxQbUllMmEyenVhdklxNzB0Ny16M0lMT3FQYkhTZFlTOE1kajNDemxGTGoycDF3ZkFwVEFYN2IxT1AzS2hQblQ5U3EwM21OVGlCSTdBQUNyaVdXRm5CdkZlV0c4djVzYlRXa3l5cUtDSl9LMUJtRjlnN1loOU4teUhTbnlVUDg3ZVZO?oc=5,"Tue, 01 Sep 2026 02:19:27 GMT",2026-09-07T08:51:16+09:00
GoogleNews:食　新商品,食　新商品,スターバックス「640円の新商品」を飲んだ感想 個人的に「微妙」「複雑な味」（進撃のグルメ） - エキスパート - Yahoo!ニュース,https://news.google.com/rss/articles/CBMiiAFBVV95cUxOOWZ6Q0E0bkVzZU1iVnBRVGFiaFFtVUtINl9VdHFOdHVtUUYxMm5qNFdQTVBJMnpXMUk3azI1TU9hMmk2LU9vMGY3R3JkNTV4SGhtaktvSEFoUHlMSk5HTlZsdF9OeDJnWF90WjdYbU5od09DNnV0c2loYm1xQnhValdsdTlTQzdz?oc=5,"Thu, 03 Sep 2026 23:15:21 GMT",2026-09-07T08:51:16+09:00
GoogleNews:食　新商品,食　新商品,ケンタッキー「390円の新メニュー」を食べた正直な感想（進撃のグルメ） - エキスパート - Yahoo!ニュース,https://news.google.com/rss/articles/CBMiiAFBVV95cUxQdlhyelZ3VUtwUzRpbUNMclAxQWp0YnYwcDU4ZFpEd1JrNjEtUkc4c2tRZXdiSGFSS3R6bDF4SVZVZ3ZlakRLT3VEN3dwamtKdkhCRTVpY1l6dV9CTVlmVWFOQ1gxdmlhNDNYNlJld25oWkpYd0RiS2t2MkRmYWxmaVUtOVE0VXdL?oc=5,"Sat, 05 Sep 2026 05:34:23 GMT",2026-09-07T08:51:16+09:00
GoogleNews:食　新商品,食　新商品,〔新商品〕もちもち食感のチョコボール＝森永製菓【時事通信速報】 - 日本食糧新聞・電子版,https://news.google.com/rss/articles/CBMiU0FVX3lxTE5UcnNWcmVkZDJoaVl3cXZpZ2JkLUZuRTk4TGZLSEh5aG8yTWpJYzFySG1zcnBRSkhxXzdXNmR5ZGltM2pGd0JKWFExOG5IMENDUVJ3?oc=5,"Thu, 03 Sep 2026 06:53:44 GMT",2026-09-07T08:51:16+09:00
GoogleNews:食　新商品,食　新商品,【秋の味覚】丹波のブランド栗「丹波栗」のほくほく食感と濃厚な甘みを味わう新商品 神戸・灘の誠味「栗ごはんの素」期間限定発売 - PR TIMES,https://news.google.com/rss/articles/CBMiakFVX3lxTFA4S096bzJlRHNjX3JuQjBZeW9wUkx1cG1FZ0ZId1djTWJnMEtSRS1PSTNDRHVwQkNVcmN5RG5nRHN4bkVnaXBQRklsU0ZyMWgyUnJaNWFwcnM3UHROYTl3am1qTERjXzNOTlE?oc=5,"Thu, 03 Sep 2026 01:36:06 GMT",2026-09-07T08:51:16+09:00
GoogleNews:食　新商品,食　新商品,【秋の味覚】丹波のブランド栗「丹波栗」のほくほく食感と濃厚な甘みを味わう新商品 神戸・灘の誠味「栗ごはんの素」期間限定発売 - フーズチャネル,https://news.google.com/rss/articles/CBMiVkFVX3lxTE91Q2Jxc25zckctUWt6TXd5WFJpTjVMdGIyWjFqRmkxOEFtT3RMdUVwTmVRQ3FsM0ZKRmdabVh5QlhtbWk3X3VKYURLeGlDVEVmV1p1bUtB?oc=5,"Thu, 03 Sep 2026 04:37:50 GMT",2026-09-07T08:51:16+09:00
GoogleNews:食　新商品,食　新商品,4種の異なる食感のドライ粒で、飽きずに夢中なおいしさを楽しめる猫フード 『銀のスプーン ザクッと食感ブレンド』新発売 - unicharm.co.jp,https://news.google.com/rss/articles/CBMibEFVX3lxTE5lY2RnWHNTTnplaU1QMExBeUVQajFoSXlva0syMVdnRy1nN0NzV1B3VEhPOWJweHoxVWdicFpfTjY2c2tYTXZ5TEJPZXlyVmxLOWJGZWtQT1d4S0VsTFJReEJJOXh0QTFWRVdKNg?oc=5,"Tue, 18 Aug 2026 07:00:00 GMT",2026-09-07T08:51:16+09:00
GoogleNews:食　新商品,食　新商品,なか卯で「1780円の新メニュー」を注文してみた（進撃のグルメ） - エキスパート - Yahoo!ニュース,https://news.google.com/rss/articles/CBMiiAFBVV95cUxPWG0tQ1Vfc2xGS0NWbnV0SUxiWlZMdGpiLU9QcHRWVWZQZ1ZURDN2OGZBUHR0WEZPY0QtN1FlclBkRV9yN3BtSWVvaWlvU0RFY0dqajdoS0FwUFhjV28ydm9ZaUlmYkVFeV8tSUxxT1ctQ3dpQjhLemlRNk9ZdHFzYVdOdWdSZnIw?oc=5,"Thu, 03 Sep 2026 01:17:40 GMT",2026-09-07T08:51:16+09:00
GoogleNews:食　新商品,食　新商品,【地域チーズ】岩手の生乳と酒かすで共通ラベルの新商品 県内6か所の工房ごとに異なる風味と食感 - 日テレNEWS NNN,https://news.google.com/rss/articles/CBMihwFBVV95cUxNVEtkeXZVOHpyZVgwcXc0cVZBbWdZUDVqZjdTbmd6MzFMUElVbm9KUk5kdEhoblZaSk94OXdaa0hmRGltOVZNSEU4YWRXQmx3akJiZGJDblJQRXZFZm1Ib3NVMUZkSVpHMjlZQVhjM190V2V6Y09UeFRTUTNvTzFyVk5XaGVaVHM?oc=5,"Fri, 04 Sep 2026 09:29:00 GMT",2026-09-07T08:51:16+09:00
GoogleNews:食　新商品,食　新商品,≪ 1年ぶりの新商品！ ≫サクサク食感で、ほろりとほどける。『ガレット ジャンドゥーヤ』が、9月1日(火)【COCORIS】から新発売！ - PR TIMES,https://news.google.com/rss/articles/CBMiakFVX3lxTE9BajZWVjU4VFRGNDNFZUFSTmwxZE9RVkJZTll0MWZqak1ySlBVTnRBaEdub01vTUJtaDY3MkxVaUxHcmd5MlFPMmMzU3g2Y0hFT2E4d1NWSFlqT24tTkduM3dSS2RobTJkWUE?oc=5,"Thu, 27 Aug 2026 07:00:00 GMT",2026-09-07T08:51:16+09:00
GoogleNews:食　新商品,食　新商品,業務用天ぷら粉の新商品発売 小田象製粉、揚げたて食感持続で食品ロス削減 - 山陽新聞,https://news.google.com/rss/articles/CBMiUkFVX3lxTE5ndmNxWHBQb2tGQkVSWDFoYTJXSlBENDl0RzhsbFRwaXkxU0lHN1F6REhVbnQydnRGSzVvOHdQdDBySDgwVDc4blh1c2o5ZDRUc0E?oc=5,"Fri, 04 Sep 2026 07:00:00 GMT",2026-09-07T08:51:16+09:00
GoogleNews:食　新商品,食　新商品,ファミリーマートから新登場!! シンプルながら美味しい「321円の新商品」を実食レポ（いぬきち） - エキスパート - Yahoo!ニュース,https://news.google.com/rss/articles/CBMiiAFBVV95cUxNd1VkRnA2b3d4ckV2N1lKMlJkOW1OREp4Y3hic0MzaUZCaE5wSXA2TGtCZDVzdGcxcjNueGN6SWtMdmptREJZWVZWWVI1WVZRMmZQcTRuaVNpblVNYlpPWHJyU1FTSVJoaHdtUVNOQ1ZVMUFBdTV0SzJPbWpnT1phSVZjM29HLWVz?oc=5,"Mon, 31 Aug 2026 12:01:16 GMT",2026-09-07T08:51:16+09:00
GoogleNews:食　新商品,食　新商品,【松屋】70店舗限定メニューを注文してみた（進撃のグルメ） - エキスパート - Yahoo!ニュース,https://news.google.com/rss/articles/CBMiiAFBVV95cUxNSUQ3LXItQm1jdFhReWZhN0RuekFUbFdPaGVSVGRTLUYwT2ZjeFRVdENBZ05kcUdPYVRPNXY0c290UU9ZREtiNGZUbndqdU9oZklXdXR3eDBEMmYyREVTVlhZQ0JMcjlic250dlY4YldyVkxBc0tSZnhyZHRPYXJXVGhlQnRUUzZV?oc=5,"Thu, 03 Sep 2026 06:21:30 GMT",2026-09-07T08:51:16+09:00
GoogleNews:食　新商品,食　新商品,【2026年9月発売】さつまいもスイーツ新商品まとめ第2弾！ミスタードーナツ「さつまいもド」・カルビー「さつまりこ 焼きいも」など - えん食べ [グルメニュース],https://news.google.com/rss/articles/CBMiiAFBVV95cUxPb2VSWVRXczhTYkczTTJNS0FCVklqQ3dheFhxYmRVLUkzUnlnVUVuRDVmaDB3NmxaWV9kUEJpR0dfMkdqRmhiMHNhRFN1TkZBRzAxTGdvZGVmQWdHTTc0MVlncEgwUV9ScER1WU92dUo5UGVaVEpqcERxblpSM2J4VXFBV2xuc1Ny0gGOAUFVX3lxTFB3RURFdkhteG54M3haZ19pTEJES183NVl1aUdYVmdUaTdacmtWQTYtbUhad1BXTjdDSnNqSkpPNXp1UThveEFpc1lMZVdXa2lKZ0N4R2FYNURYNkVVMEpYY0pnRkxGWTNqZ2xfTUIxR3Fpb0FKX1hmNUIyd2hQTTNZSmpSci1fMC11bW9wTEE?oc=5,"Sun, 06 Sep 2026 03:00:00 GMT",2026-09-07T08:51:16+09:00
GoogleNews:食　新商品,食　新商品,【タカキベーカリー】個食・即食ニーズに対応、石窯パンから新商品「石窯パン 個食シリーズ」第二弾を9月1日発売 ～3月発売商品で見えた新たな需要を受け、季節素材の個食パンを展開～ - PR TIMES,https://news.google.com/rss/articles/CBMiakFVX3lxTE5ES1RYdEhoWE5XdlhkeVJGbjJjVEVaVUJRdDBQbV9LWlBCM3QtMXBGSUhfd0dUX0JxTlc3Z2N5Wm5VMnBJR2g1OFVORFlkVEpEcnlfaF9aeFRxNEpGb1JWckNTTGY2dElLNWc?oc=5,"Mon, 31 Aug 2026 02:30:01 GMT",2026-09-07T08:51:16+09:00
GoogleNews:食　新商品,食　新商品,コンビニ先行発売「話題の新商品」を食べたら、個人的に中途半端だった（進撃のグルメ） - エキスパート - Yahoo!ニュース,https://news.google.com/rss/articles/CBMiiAFBVV95cUxPR2Rja0xwbGFPcktFTlVDQzAwdkVwa3RsZ2lRbmllN1ZSWG5JaGFoQmV5NEpiNUpITUxMWFc4anhiUG02aVdhbVhpbzF3bWFoWkRyYmUyNkFsMEhjYVNINW54cF85YjZCTEJWV1dOdi1XbHdDSXVTUHQ3REFJY1lOdTNzVk42TWND?oc=5,"Tue, 25 Aug 2026 07:00:00 GMT",2026-09-07T08:51:16+09:00
GoogleNews:食　新商品,食　新商品,『フジパンPREMIUM』から極上の食感を楽しむ新商品が２品発売生クリーム仕立てのしっとり食感と加水率約90%のもっちり食感！ - PR TIMES,https://news.google.com/rss/articles/CBMiakFVX3lxTE9nY3JVQlNRb2dOaEMtVHZzUlFSSXBCeUNJU1VYMWZydnNzVEpUT3FLLW4tbEpyZ1haWUJYUEcwV1FKZ1E0OXZrY3ZjNEpyYWtLWUZTSzZ3YWdJUkJPWkxlaUFMbEExMF9LcWc?oc=5,"Tue, 25 Aug 2026 07:00:00 GMT",2026-09-07T08:51:16+09:00
GoogleNews:食　新商品,食　新商品,「とろける」「ふんわり」“食感”推しが勢揃い！【ファミマ】大人女性のご褒美に「新作スイーツ」 - ｄメニューニュース,https://news.google.com/rss/articles/CBMiogFBVV95cUxNNG8tMWlkYks0aVROQzljc09PMlN0cElpa3pjaDR5WjBEeGo5RVg1ZnJzak13U3otcFBfa0l0ZEhtbVdxVjFrbHhXclRtZUU0RWFBRWI4bk85YV9NNXRrVkVHTVFqUl9jZ2l3RThTSU5iSjBTUF9VWWVtaFBqUU5VWEhJU2U3VlFqM1d0a285TzBUdkxrdkw5U3RlM2xId1I4NXfSAacBQVVfeXFMTmlLQmFTWS1uZWNnb01tS1FjV2l4SUNMdHJYVVE5b0VreGxNSGZsV0lLc28wQk1TSUFNZFhpMFpEOXFhSlVianMyR3Z0MHpwcVNJcnlXNHEwVVJkQ0lWcGNYbzN0dkRIdVJ2TVozdjJ1YTVabzFvUjFlM1N3N3BITlZSek5OUXRBOTg3U3FnSF9BYW5RRFVHQ2pKa0lNVXR5NEpYTy1lUmM?oc=5,"Sun, 06 Sep 2026 04:05:00 GMT",2026-09-07T08:51:16+09:00
GoogleNews:食　新商品,食　新商品,【2026年9月発売】新作アイスまとめ「雪見だいふく 濃厚チョコ～パリッと食感チョコ入り～」「ヨーロピアンシュガーコーン ティラミス」など - えん食べ [グルメニュース],https://news.google.com/rss/articles/CBMib0FVX3lxTE5NRjF0bTlaZzRTMFk3MnRLTWVSWEFMdGVSWEpaN2pjTW9tQVhwLWRiWWd0M2NjMVdfR1VWc2lnUnhILTl5ZWJ2bVR5Nmd6U1hNWHJtaDVsOVE5SXlQdXBNU3RicU9GM0NzZDlrVmJDY9IBdEFVX3lxTFBsTXdPZEE1c1M5UmxVMnFzLS0zNWtBeTFUamd0d3dnU19vVzJJSENlZGtGX0tfeUFrWms1WFRMdzVMdG9RMG9uMUcxR1dubFIyV1FzeHBEcktoTG9xcHBrTno2NnFiVV9jS2J5OVNUOEsydjEz?oc=5,"Sat, 05 Sep 2026 11:00:00 GMT",2026-09-07T08:51:16+09:00
GoogleNews:食　新商品,食　新商品,新進「ゆず香るぽん酢おろし」新商品グランプリでW受賞 常温化で売場拡大へ - 食品新聞 WEB版,https://news.google.com/rss/articles/CBMiZkFVX3lxTE5pd1hXMFJrY19MM2M5R1FLRkQ0U3hfNERhVnhIMWxuSXRrOHhwWFVjc2JYQ2QxYVJRYUFTZ2dPTUZwdm5TYWU4Q3VDZUdwY3BSd3c5RTJtOTVwcUlOMFNTcWZvdmNYZw?oc=5,"Wed, 02 Sep 2026 01:02:51 GMT",2026-09-07T08:51:16+09:00
GoogleNews:食　新商品,食　新商品,【ファミマ】200円以下で買える、お得な新商品を実食レビュー（進撃のグルメ） - エキスパート - Yahoo!ニュース,https://news.google.com/rss/articles/CBMiiAFBVV95cUxPenpKQ3VhWEJfNjdnTVZIdE03M1dEUXZtMmw2bmx1bE0zbG9kZ1VDaEFnOHdHdlMxQk5ldTR0Mkx5R01TdVhBbXYyNWJkMjJ3WFN2NE84OElTMjYydjJxT3B6WWNCSldIbFQ2dmtELW10V2ctY0pFazJwRGZHNzEwTkNjZkVzbmJn?oc=5,"Sat, 15 Aug 2026 07:00:00 GMT",2026-09-07T08:51:16+09:00
GoogleNews:食　新商品,食　新商品,エキナカ地域フェア「山形庄内MEGURIP」 追加ラインナップ公開山形・庄内エリアの“食の恵み”を感じられる新商品を期間限定で販売します！ - PR TIMES,https://news.google.com/rss/articles/CBMiakFVX3lxTE95akFRWTc4NzMyNWNnUHVfWmlYVXJFOU5mbnRVNHNwUGNrRnZXQUJtdk5GVlNlQkNOTWtKeGNKbXBudk11RHFqYjVHOUhXckpDR0NsemYtdWlyZXZOTDlTQmtxUEN3S1QzMlE?oc=5,"Thu, 27 Aug 2026 07:00:00 GMT",2026-09-07T08:51:16+09:00
GoogleNews:食　新商品,食　新商品,累計販売3億食突破のファミマルKITCHEN「ちょいデリ」シリーズから たんぱく質が摂れる！惣菜が8月25日（火）登場！ ～たんぱく質10g以上！中には期間限定でゆでたまご1/2個プラスする商品も！～ - family.co.jp,https://news.google.com/rss/articles/CBMid0FVX3lxTE12YklJc05tTDRJRi1YX1Rwam1tN0tIOGZWbVE0Sk5PeTNWNm9zaGNCdURMS29tNXZsRVJRcm1wV0tqMFFHTmJnYjV6cE1EU2xpbk5JeURqSUVtR0l2b09PdkRSeGNRbXBIRURQSWRmQWF0X3Bib19N?oc=5,"Mon, 24 Aug 2026 07:00:00 GMT",2026-09-07T08:51:16+09:00
GoogleNews:食　新商品,食　新商品,『フジパンPREMIUM』から極上の食感を楽しむ新商品が２品発売生クリーム仕立てのしっとり食感と加水率約90%のもっちり食感！ - フーズチャネル,https://news.google.com/rss/articles/CBMiVkFVX3lxTE0zUGZkN2tuV1lxTDJkU3VhZ3l6TTJOVkJjbV9fdmg2eGhrbnVTYzRxcExLR2dLektPaXBncTc2blhQVHAtcmd2UDdTbGxBRC1uUkxLejl3?oc=5,"Wed, 26 Aug 2026 04:00:34 GMT",2026-09-07T08:51:16+09:00
GoogleNews:食　新商品,食　新商品,マクドナルド新作「月見バーガー」はどれが美味しい？話題の3種を実食！ - ヨムーノ,https://news.google.com/rss/articles/CBMiREFVX3lxTE5ybWlYMUFIeWs0YnB3alBETVZwS290cFdNRmlmMUJ1WW9uMEQ4WWlkN3R5NVVtU2dZSmRLQ3pIY0dHUWE5?oc=5,"Sat, 05 Sep 2026 21:02:58 GMT",2026-09-07T08:51:16+09:00
GoogleNews:食　新商品,食　新商品,ビアードパパに話題の新商品「月見シュー」が次回登場 1年前に食べた感想（進撃のグルメ） - エキスパート - Yahoo!ニュース,https://news.google.com/rss/articles/CBMiiAFBVV95cUxPMVQyM19tVVk0X05MTW12NHVkdlR6VHk0VHRBSGZ2QUhERnZ4Tm9vTTJXSVhRckxmdjEtZ3lxWldLcWU3TEpONDYyNFBsZDNXX0plRTYyOXRHWVEtRXVNampITjFkaTcyb3U1am43UFVmRC13cUVXUnktNjlZOHNFUVN3THRoQjVN?oc=5,"Fri, 21 Aug 2026 07:00:00 GMT",2026-09-07T08:51:16+09:00
GoogleNews:食　新商品,食　新商品,モスバーガーの新商品5種類を紹介 また注文したくなるおいしさ（進撃のグルメ） - エキスパート - Yahoo!ニュース,https://news.google.com/rss/articles/CBMiiAFBVV95cUxQZmFXR3BFbUc1ZDBpb24za2IxWlRxX09xdHBKM1lGeUVxbUpSaUl5RW1PRXBKUDhLQzZkcDVTdzk2aWswZWgzN1ppWnlwOXEzSmVEQXlnb0tfNkhMTVZlOVJscVpxeEJlRVFZOERhZ1hNLXNEV1FCV0JvSDdWeWFpYmpzUXh1OE1o?oc=5,"Sat, 29 Aug 2026 07:00:00 GMT",2026-09-07T08:51:16+09:00
GoogleNews:食　新商品,食　新商品,ケンタッキー新作「590円バーガー」を食べてみた感想（進撃のグルメ） - エキスパート - Yahoo!ニュース,https://news.google.com/rss/articles/CBMiiAFBVV95cUxPbkNyeGpYaVNyYjhUN0lwNnRxMEJ3NVpUX1pXTkJRZ2ctM2E4Sm80VGJqQ0RZRGs0V2JjZHF1OXJzMDgzclFrQWF3TzVsbi1aWEpHbmNFMXItTXpnYmJCTmVVS1VPRzhsQjFEWUpDdllPOE54T2JkT2RIQXVwdEg0cmJqQXFxQXV0?oc=5,"Fri, 28 Aug 2026 07:00:00 GMT",2026-09-07T08:51:16+09:00
GoogleNews:食　新商品,食　新商品,日本アクセス「新商品グランプリ2026年秋冬」消費者が選んだトレンド賞 パッケージ賞 ネーミング賞をチェック！ 背徳ブースターにバキサク食感...審査員のコメントも◎（tokyochips） - ｄメニューニュース,https://news.google.com/rss/articles/CBMifkFVX3lxTE5Uc1BNZk9vaXNQbGNkSjJyQ3ZQMVEwQlFTZ2tmSGNRbFNJcHo2cGVRUjdHQVVuODktbFgxU0M4VTdGVmd6clc1UG9ZSmY5Z1BqVGFPbE9LamV4UngxR3FDX3hyeTNGZzZYdjJRT0xTTk5Va2VyTDNsSmVBRHFGQQ?oc=5,"Mon, 31 Aug 2026 13:54:00 GMT",2026-09-07T08:51:16+09:00
GoogleNews:食　新商品,食　新商品,【新商品】“ふにっと濃厚”な新食感ソフトキャンディ『ミルクと練乳』が2026年9月14日(月)発売開始！ - オリコンニュース,https://news.google.com/rss/articles/CBMiWkFVX3lxTE9FaW9HekJEU0VaVGtob3lPQkQ2aFoySTRiMzJ4Xzl6MEFGdzVBZDFwUkNPemZxeGhEV2xUNjdUeDZKS2NfdjFSV2U2TGNvejE0dUhxbi00d1ItZw?oc=5,"Tue, 01 Sep 2026 02:46:00 GMT",2026-09-07T08:51:16+09:00
GoogleNews:食　新商品,食　新商品,モスバーガーで「470円の新商品」を注文してみた 一度飲んだらやみつきのおいしさ（進撃のグルメ） - エキスパート - Yahoo!ニュース,https://news.google.com/rss/articles/CBMiiAFBVV95cUxQQV84S2Q4dlZvTDZUS1F5OUl0SnlUVVlJNEJvdGhfWVp0SGRRRm9qUEZXRW1tQ2l6V3RaaUxiWEZLVngwWmdYQS0wWE5STzlTclFJZzNVZjBLTzR5bVNJWjRzTUp1Xzc5eUNTeVVKNFc5SDUtZkpReXcxRVdoTjhMVWo1dUVhLW5S?oc=5,"Fri, 28 Aug 2026 07:00:00 GMT",2026-09-07T08:51:16+09:00
GoogleNews:食　新商品,食　新商品,チョコのパリパリ食感と濃厚バニラがたまらない！ハーゲンダッツの「バニラチョコレートサンデー」が2026年も期間限定で登場 - 旅とおでかけ 鉄道チャンネル,https://news.google.com/rss/articles/CBMiTEFVX3lxTE93cVZmd09FU21YQXpLYV9ROURjaERqaWtsSHgyZWpMWW4xMjM0VDczSDIyNnlUazlxaUFFMnE1elFEY1JtR0xYbGsyeTE?oc=5,"Mon, 31 Aug 2026 02:44:34 GMT",2026-09-07T08:51:16+09:00
GoogleNews:食　新商品,食　新商品,【周南】棒アイスで新たな食感 クラキチが新商品発売 - shinshunan.co.jp,https://news.google.com/rss/articles/CBMidkFVX3lxTE1wQjlUU3h4b1pMNXNQVzUzcHpFUUNRQVVPT1kycTNHTE52WEVNbUE5d3p1NHZwUEtVN0p5THF1UGhwMXc2NmVzMFhOU3VoY2hhc0F1bnNWRlNYak1ObVB0MTljN3NlSXA0cV80MnFRdEJHc2N3bWc?oc=5,"Wed, 26 Aug 2026 07:00:00 GMT",2026-09-07T08:51:16+09:00
GoogleNews:食　新商品,食　新商品,ひかり味噌 2026年秋冬新商品発売 気分やシーンで選べるアソートタイプのスープ春雨『おいしさ選べるスープはるさめ 10食』に、人気の「麻辣湯」フレーバーが仲間入り！ - PR TIMES,https://news.google.com/rss/articles/CBMiakFVX3lxTE9zYkJnejJFRlFNVkwxSlRhNWtYQXpCTFhiWlJqN1JDMXZmVEkxN2hSS2RrenhscXpzNFl3OERMOUhFYXJfLXc4cnZTTloxUjI2Uk9VZEUzckZudmdTTHI2QzdsQUZYbms3d2c?oc=5,"Wed, 22 Jul 2026 07:00:00 GMT",2026-09-07T08:51:16+09:00
GoogleNews:食　新商品,食　新商品,【新商品】“あさげ”だからできた！減塩なのに、だしが効いててちゃんとおいしい「生みそタイプみそ汁 あさげ減塩徳用 10食入」リニューアル＆「フリーズドライあさげ 減塩 8袋入」新発売 - PR TIMES,https://news.google.com/rss/articles/CBMiakFVX3lxTE05S00wbTNZQkFIaVluTEN4WmlZREcyaDl5QW1JQ20tdDl1ZXRQalFfNGJuWFBpZGxFRm1hN2E1SnpqaUVTb0U1Y0k0ZlpFM1dGN3g0bWZFY3RHSk9xZ1NhanRjbmp1UTFHVHc?oc=5,"Fri, 21 Aug 2026 07:00:00 GMT",2026-09-07T08:51:16+09:00
GoogleNews:食　トレンド,食　トレンド,次の食トレンドと注目商品が集う、「おいしい博覧会2026秋冬」を10月15日(木) 開催 - PR TIMES,https://news.google.com/rss/articles/CBMiakFVX3lxTE1yOWJZVWFuVmZCamlwV0RZaHhSYk13U0FqcEp2ci1qaXdsQm9qYkZCNEFta1hGT2hGRy1TY21Lb01sLTdIV1NFM2U2eWRycnh4eGVIc1ZiZVRDY1VzdlhLc0Z1UDRNRllGd0E?oc=5,"Fri, 21 Aug 2026 07:00:00 GMT",2026-09-07T08:51:18+09:00
GoogleNews:食　トレンド,食　トレンド,女性の健康食品トレンドと、市場ニーズの変化を捉えた企業の開発トレンド2026 - ウーマンズラボ,https://news.google.com/rss/articles/CBMiTkFVX3lxTE9iSmtMSkhKazNJM042LUpNM3Q1RXlxM0JtQmF1bE5kUWJDN1ZuVXZNcC1mLUVNRktkakQ2Zmt3N3JFdHlRV3RIWHUtMVY4QQ?oc=5,"Tue, 01 Sep 2026 07:00:00 GMT",2026-09-07T08:51:18+09:00
GoogleNews:食　トレンド,食　トレンド,画像1 / 4＞2026年の食のトレンドは「Swicy」！アジア最大級の食品・飲料展「FOODEX JAPAN」が発表した3つのキーワード - walkerplus.com,https://news.google.com/rss/articles/CBMibkFVX3lxTE41RVpBQnNiQzF5Z3V4N3JGSE1Fc0tLSU9nTWdaekRTTmQzZE1xd0FZYm9JeWlESUEzMjhXaVg3ckxFYS1WbGZUd1ZUNmFXZzVTMzJDM1FiTzdMaU1vRTh0VHFfaVJmQTdZdkI3X3VR?oc=5,"Fri, 04 Sep 2026 17:52:54 GMT",2026-09-07T08:51:18+09:00
GoogleNews:食　トレンド,食　トレンド,【2026年最新】麻辣湯の次に流行るのは？日本初上陸の韓国発トレンドグルメ3選（サンキュ！） - Yahoo!ニュース,https://news.google.com/rss/articles/CBMif0FVX3lxTE1ZVXRTN04ybExLRzEzUXJSbm5tLVVCNGFNVUU0RV8xRFdXa1p6YTdvQ1RwMW94dU1LX2xES3lUYkxZVlotQ25ZcEg3dUZSX3h3ZjFFQjJfTWZZM0tsaVJmSFBrb2owTDF0U1ZwWUo2dkRzdHBrb3F2b21oeVR3OFE?oc=5,"Tue, 25 Aug 2026 07:00:00 GMT",2026-09-07T08:51:18+09:00
GoogleNews:食　トレンド,食　トレンド,ゴーヤ鍋と、市内で流行している「健康食」トレンド。 - Vietnam.vn,https://news.google.com/rss/articles/CBMigAFBVV95cUxQUTFFbjNYQml4V2xlRXh4SnVYb3ZHckJZenQ0TjZMRl9Icmk3VTVSa3p0T3d6UWU5U1RiV2N1T1hxbTFsSEFKMV9oTGNfb2phUmtzamVhQTh0eF9uZmRFRHR3RFZscnZYRzhQNkN1RnRieFNKS2QxYmttdGljTjVYdg?oc=5,"Thu, 03 Sep 2026 07:00:00 GMT",2026-09-07T08:51:18+09:00
GoogleNews:食　トレンド,食　トレンド,8/3 定量×定性で読み解く「食」トレンドの現在地と未来 ― 生活者の「潜在ニーズ」と「欲望の変化」から導く“次のヒットの兆し” - クロス・マーケティング,https://news.google.com/rss/articles/CBMiVEFVX3lxTE96WmlUMFdId2NCLW1rMnF4ZHdwZFlqenczOXZKZC1CRF9wVFdiNzB5OGdNaHpDUEY5X19PSVhLMEZtM3ZydU5KTzVwUnZlSVdJam5mbQ?oc=5,"Mon, 03 Aug 2026 07:00:00 GMT",2026-09-07T08:51:18+09:00
GoogleNews:食　トレンド,食　トレンド,2026年上半期「食トレンドランキング」＆下半期「食トレンド予測」を『デリッシュキッチン』が発表！ - PR TIMES,https://news.google.com/rss/articles/CBMiakFVX3lxTE9venRmem0wY3ptejR1TkFHUERqbGdlWTV0SmFxcjlnN3ZoTnR3ZW1OUWs2TkVUclc1TGN2QTdNOWhHUWtOblc5NGViMmprSk9PQlBZTFB6M2hlRDQwcDJrUFJ4NmNURXloYXc?oc=5,"Thu, 18 Jun 2026 07:00:00 GMT",2026-09-07T08:51:18+09:00
GoogleNews:食　トレンド,食　トレンド,次の食トレンドを予測、「おいしい博覧会2026秋冬」10月15日開催 - Koubo,https://news.google.com/rss/articles/CBMiRkFVX3lxTE9kZDcxWjFPNjFDYy1UU0hqcFl2MEVSVG4wN3lYVktoaHF3cUx3WGxvcHZjVl81MTl4YXBpQ1hjUzNvek1WaHc?oc=5,"Sat, 22 Aug 2026 07:00:00 GMT",2026-09-07T08:51:18+09:00
GoogleNews:食　トレンド,食　トレンド,尾西食品「携帯おにぎり鮭」 日本アクセスのトレンド賞受賞 市川社長「便利な日常食目指す」 - Infoseek,https://news.google.com/rss/articles/CBMiYkFVX3lxTE11OWVNSXRHMEt4OXJFQ2UtQUNDcEhpd3J1b0hUNExxREstb0lGUWdfX0N5S09KaXFrVEROUXRJRTZCMzBjZWpBd2VqRXg4MlEyZlpSdGJ0eWFkRGdjUWxrUEFB?oc=5,"Fri, 04 Sep 2026 02:10:03 GMT",2026-09-07T08:51:18+09:00
GoogleNews:食　トレンド,食　トレンド,定量×定性で読み解く 「食」トレンドの現在地と未来 生活者の潜在ニーズと欲望の変化から導く次のヒットの兆し 2026年8月3日（月）14時～15時30分 無料オンライン共催セミナー - クロス・マーケティング,https://news.google.com/rss/articles/CBMiYEFVX3lxTE12dmJGNnhYTUtkbGhBWTdXQko0UnpmNHE1LXdWRThDaU1lVEQyVjRjZmZTTXpQa2NVejdldG90SlplMnB5RGcxX25qM1pvQlY2VDRfbktzYTVHeld1UUxGQw?oc=5,"Thu, 23 Jul 2026 07:00:00 GMT",2026-09-07T08:51:18+09:00
GoogleNews:食　トレンド,食　トレンド,2026年の食のトレンドは「Swicy」！アジア最大級の食品・飲料展「FOODEX JAPAN」が発表した3つのキーワード - walkerplus.com,https://news.google.com/rss/articles/CBMiVkFVX3lxTE1HcVhYRk85dXh4YURib2VFdzV4VVNUaFNweWFEY2M2U2NnY0VzUWczckNQWVpGdDJuZWt2S3hnMUtkbjBwWllXRVU4X2I4UktUUmJUaEt30gFbQVVfeXFMUGhjdUk1bkJYZGtKYWZkdGhXazlGaEs4Y2paM2ZGSjhGVTVrUzdLVF82bUFsOFl3bW9vNElIVHktNGJuSHdGWWZTM0k3SlprWi1VVjNWN3U0c2cxcw?oc=5,"Fri, 28 Aug 2026 07:00:00 GMT",2026-09-07T08:51:18+09:00
GoogleNews:食　トレンド,食　トレンド,【トレンド発信】2026年秋冬『新商品グランプリ』結果発表！ | 株式会社日本アクセスのプレスリリース - PR TIMES,https://news.google.com/rss/articles/CBMiakFVX3lxTE9aNUlsczU0WWhUOWc0S1pPd3RmalZfVW5CQ3BlZWFpcDFsckpLdm5Neml1Z1lXTXhHbUpkaVVzUGVKbWNYcjVNOTNqQ0FYV2lNSzN6X2lVR0dnRTRiZ1d0TEJuZ0cxME83cXc?oc=5,"Thu, 27 Aug 2026 07:00:00 GMT",2026-09-07T08:51:18+09:00
GoogleNews:食　トレンド,食　トレンド,クックパッド「食トレンド大賞2025・食トレンド予測2026」を発表 - PR TIMES,https://news.google.com/rss/articles/CBMiakFVX3lxTE8xdHRCeHliOFlnUm9LZmt3d2MxdlVORDNfYjFLc0NoV1lNZmlXdVVzVDEyWkpTVDRsYVMzN1g3NVJETEZYV0hLbTB1Wkk0R2laQURDWTR1WG5aS081OEk5azBjcG1keFhrM2c?oc=5,"Wed, 26 Nov 2025 08:00:00 GMT",2026-09-07T08:51:18+09:00
GoogleNews:食　トレンド,食　トレンド,猛暑の夏、「軽め」と「刺激」の二極化が加速？味の素㈱、「2026年夏猛暑食トレンド」を発表暑さと気分で切り替える『夏のオン⇔オフ スイッチメシ』とは？ - PR TIMES,https://news.google.com/rss/articles/CBMiakFVX3lxTE0zUFpEeUVOVUxmVlJlU1NCMzJTUUlUZHYtREhtS3Y1bG8tNlJPUUJfV0R5b05USjJsS3k4Um1XQjlSWW8xeXhvekozdFY0QXBYZ2JqUkFMd1cyUm5BRE5RUkphdDdIR2RJUVE?oc=5,"Fri, 15 May 2026 07:00:00 GMT",2026-09-07T08:51:18+09:00
GoogleNews:食　トレンド,食　トレンド,今年の食トレンドは甘くて、辛い！？日本最速！「スワイシー」な味わいの「スワイシーブルダック炒め麺BIGカップ」を8月18日（火）より先行発売 - PR TIMES,https://news.google.com/rss/articles/CBMiakFVX3lxTE42SDNVT2k5LW42VGNwbG9XeHFTSDJVYzE0cGFQSk5KZ05yUFpFM0loTnV4aFFUR3haQ2pjWVM4NTkxNEJxR0I5bTF6WTV0Q2o1RVlGcWZ4STh2N3EwVzRtTWYxT1NrVE5TUmc?oc=5,"Wed, 12 Aug 2026 07:00:00 GMT",2026-09-07T08:51:18+09:00
GoogleNews:食　トレンド,食　トレンド,「2026年上半期トレンド料理ワード」から読み解く食品系SNS運用のためのマーケティングセミナー アーカイブ動画の配布開始 - PR TIMES,https://news.google.com/rss/articles/CBMiakFVX3lxTE56QUJ5M01LYmdPODBRLVRmOUM5TXdYNzZwQUtUXzdXUDU4SldHTzB1MmJBWXVEOXdhNDM2X212MmctdUdOSk5Gcmx0MGhQOFZfdm5WWU96UE9xSFFCRWZxSkU0aFJma2ZJU3c?oc=5,"Tue, 16 Jun 2026 07:00:00 GMT",2026-09-07T08:51:18+09:00
GoogleNews:食　トレンド,食　トレンド,内食・外食データが導く2026年夏の最適解！今年の夏はお家で「辛酸冷・麺」と外食で「酸辛香グルメ」 - PR TIMES,https://news.google.com/rss/articles/CBMiakFVX3lxTFBaZXlTN0RJaEktZW5aaGZZMzg3alJCcWl5T2tHS1EyUENlRjA4QVJ1U085QWd6blItNnVUbk9OVEY0eTNmYVlsc0RTVkM1bVRua2FaWFhoNXVyQUFzbTVfazNvajd0bFFmQmc?oc=5,"Tue, 21 Jul 2026 07:00:00 GMT",2026-09-07T08:51:18+09:00
GoogleNews:食　トレンド,食　トレンド,大賞は「麻辣湯」！ゆる腸活から魔改造レシピまで2026年上半期トレンド料理ワード大賞＆注目5選を発表～キーワードは「味わうだけでなく楽しむ食のエンタメ化」～ | アイランド株式会社のプレスリリース - PR TIMES,https://news.google.com/rss/articles/CBMiakFVX3lxTE10M3RuQWJsYUhZRXZTZWk4eFBZbHBwNmdvdGU2anhBaFdFUlRqaEN1T1huTzFfSWxMc1hoMnlJUWVTLUg5NHVyZzd5YkJqd0lDT29EMlFNVTlybUczRHJLRmdUc2tVdUNaWVE?oc=5,"Thu, 04 Jun 2026 07:00:00 GMT",2026-09-07T08:51:18+09:00
GoogleNews:食　トレンド,食　トレンド,2025年 食のトレンドを振り返り ― 「自由」と「ノスタルジー」がキーワード - PR TIMES,https://news.google.com/rss/articles/CBMiakFVX3lxTE0xMFpZQ0lPbjJ6MVFsdDJRYnh2WTBZSTgxRGJlY2NrWDVLejhMQnUwazRmTTI1dXlUcWhKNmRBSi02V3U0XzY5LTRNSEMwSEtZN3pPMUVfQ1MzV0xwUy01Z3Y5cy1PUnlPUEE?oc=5,"Fri, 12 Dec 2025 08:00:00 GMT",2026-09-07T08:51:18+09:00
GoogleNews:食　トレンド,食　トレンド,FOODEX JAPANで見つける、2026年の食のトレンドの兆し！甘辛の新味覚 “Swicy（スウィーシー）”スナックやまるでヨーグルトな進化系こんにゃく、氷の要らないかき氷機まで | 一般社団法人日本能率協会のプレスリリース - PR TIMES,https://news.google.com/rss/articles/CBMiakFVX3lxTE9xS0pZRFd0aVJub3F2THNBeHpIZEpNckVlVXAxMmJBclFhWnVjZ1BGYV94ckNlSjJpWkpmMi1aeUZ2UndXSXR5THUxWVAzMlNtM3hTem9jeGNMRDhOU0o2RXVNU1Q0MkRrQWc?oc=5,"Thu, 12 Mar 2026 07:00:00 GMT",2026-09-07T08:51:18+09:00
GoogleNews:食　トレンド,食　トレンド,クックパッド食トレンド大賞2025『今年の顔』を発表 - PR TIMES,https://news.google.com/rss/articles/CBMiakFVX3lxTFBNZV9FUC0taGRnV0N5bGtaQUpBWFF6dXM5bVptWmZpTm9nRUFJZlhVZTZYdGpyc3JmSk9OMHM0MTB3TUtKX1J4OC1Nc00tZHdUQU8xLWVic042bG50ZjhmN3hKWENGY2FDUHc?oc=5,"Wed, 26 Nov 2025 08:00:00 GMT",2026-09-07T08:51:18+09:00
GoogleNews:食　トレンド,食　トレンド,クックパッド「食トレンド大賞2025・食トレンド予測2026」発表会レポート｜食トレンド大賞は「ワンプレートせいろ」 - PR TIMES,https://news.google.com/rss/articles/CBMiakFVX3lxTFBPUFRjaUZ2WHBhZXI0cVJ1VlNnS2VqMjNNaVJwZ3Zxd2l5eDBQa1p0UnQxNlNuMThIemxRRF9OSzFmMlBiVms3SlY1SkQtMmlhc1BzZFo2OWZEXzhvTHZHcWN1RXBIdU1RMXc?oc=5,"Thu, 04 Dec 2025 08:00:00 GMT",2026-09-07T08:51:18+09:00
GoogleNews:食　トレンド,食　トレンド,月刊「食品 新製品トレンド」2026年7月号 ロングセラーが劇的アップデート 食感も味もコンセプトも新次元へ！ - 日本食糧新聞・電子版,https://news.google.com/rss/articles/CBMiaEFVX3lxTFBwbmlJR3F1Nk1LZWxRTUI2VWw5YkJvdng3aTdrZGlveGNuQXlQQkNvV1Q5RzMyczV5RlpGaVFITVpnWDFPaHdZTnE3aGtYVzJrcER5UWN1dXlOQVF3dTk2T2V0VUZDNG9r?oc=5,"Tue, 21 Jul 2026 07:00:00 GMT",2026-09-07T08:51:18+09:00
GoogleNews:食　トレンド,食　トレンド,2026食トレンド「コンボケア」をバーで最速実装 オーセンティックバーが提案する新習慣 「ゼブラ飲みキャンペーン」2026年7月1日開始 | 株式会社ティグリス - atpress.ne.jp,https://news.google.com/rss/articles/CBMiTkFVX3lxTE5EeVVlUVdOeGFMSW1ROVd1enhTQnBEZ3dyWFVaSEp4MFdpVUszb1pkREVjeC1xYXhUUDZqYTViSWpldm1TMjZieUE4c0pidw?oc=5,"Mon, 15 Jun 2026 07:00:00 GMT",2026-09-07T08:51:18+09:00
GoogleNews:食　トレンド,食　トレンド,2026年「猛暑グルメ™」は「酸辛香グルメ™」 - 株式会社ぐるなび,https://news.google.com/rss/articles/CBMiZEFVX3lxTE1lVzVlOXZoUXgwYm5qZmJwX3VBX0EzNXBxWTY0MWpFU096VWVWeUNVTjNzcURTRmNFU0NNb2FtdjJfd2tKZzA1Ujd4cGhRR0ZyN1lra1lpYzRtTWstb0lfQ2JWRFQ?oc=5,"Thu, 04 Jun 2026 07:00:00 GMT",2026-09-07T08:51:18+09:00
GoogleNews:食　トレンド,食　トレンド,【ミヨシ油脂】「2026年食のトレンド予測」第４弾、「餃子・焼売編」発表、餃子におけるリピート需要獲得のカギは「ジューシーさ」と「パリパリ食感」 - PR TIMES,https://news.google.com/rss/articles/CBMiakFVX3lxTE1kSTdEbHZpMEpsajUxZmw2NzE2UE5jc0NzN1dfMzVjUXM0WFJ6NzBqU3hOSnRnZERmXzlRSHVrSXhGLTU2M2JvbUgzM0JOT1N3OEJSbjhEMi1Oc1QyUnRGVUtHLW1JOG41Umc?oc=5,"Wed, 20 May 2026 07:00:00 GMT",2026-09-07T08:51:18+09:00
GoogleNews:食　トレンド,食　トレンド,"2026年上半期""食トレンド""ランキング1位は「冷凍ストック」! 下半期は「直パケレシピ」「ネオ厚揚げ」「ドリンク調味料レシピ」がブームに? - マイナビニュース",https://news.google.com/rss/articles/CBMiXEFVX3lxTFBYWlg5ZG9SQ2JDZk1LMVhjR0U0N3Z3NFhIVnQ0OE1ienowM25nV3hRbjRGZ2t1Y3BwbzhUUS1Yc0JtZkkwaW92czlNMGhGWUFzV3ZsUXk3WS1IbEc3?oc=5,"Fri, 19 Jun 2026 07:00:00 GMT",2026-09-07T08:51:18+09:00
GoogleNews:食　トレンド,食　トレンド,【ファミマ】最新食トレンド「スワイシー」ってどんな味?「スワイシーブルダック炒め麺BIGカップ」先行発売 - マイナビニュース,https://news.google.com/rss/articles/CBMiXEFVX3lxTE5DUTFKLW82RUt3Yk1TT1BvUW50c1A1SElKYWZfaENNRWQ1N0Q3TkxPdENncXFGYmFRVG1XUHZ3blpaWEZ0OEt1VE9GTE9HcDBKRkJtVlFENmhJZ0g2?oc=5,"Mon, 17 Aug 2026 07:00:00 GMT",2026-09-07T08:51:18+09:00
GoogleNews:食　トレンド,食　トレンド,「2026夏の猛暑食トレンド」予測を「味の素」が発表！ 「麻辣湯」レシピ検索が右肩上がり、エスニックブームが猛暑の食卓を変える?! - HugKum,https://news.google.com/rss/articles/CBMiQkFVX3lxTFBBQ2hwSE5BRm1zU0hnSU5KbnQ1ak1qRnJoU1hQTUJScEpxOWctcEFJX3lSTnhmbEQ3SDhiVXdxLXJCQQ?oc=5,"Sun, 31 May 2026 02:03:52 GMT",2026-09-07T08:51:18+09:00
GoogleNews:食　トレンド,食　トレンド,三井物産流通G、食のトレンド一貫提案 フードショー手応え - 日刊工業新聞,https://news.google.com/rss/articles/CBMiWEFVX3lxTFBESVdvRDhyMG42ZzdTS0ZXOVlOMWU2NmF2STUya29LY0R4Z1VLQXFWMXZDb2RhRE9BYWlyVy1nTnpGeG15WWJWUlpiMy1XOXVRTmtORzhReGk?oc=5,"Wed, 29 Jul 2026 07:00:00 GMT",2026-09-07T08:51:18+09:00
GoogleNews:食　トレンド,食　トレンド,ファミリーマートから新登場!! SNSを中心に人気が広がる食トレンド「話題のカップ麺」を実食レポ（いぬきち） - エキスパート - Yahoo!ニュース,https://news.google.com/rss/articles/CBMiiAFBVV95cUxOWGlHWV9xOW81S2lndnA2LVdvNmlqTTFQV3Z5aS1aTW5zeTRvUGpoQVdYZ1p5ekk2QUE3aUpjSlRVS05tWGdIdGhlcEN4RGxwOUFzY3JXTE44NWpCTmpwTEdvWk1tOUVNdF84dDhMZ0d3VDJ0cTNHTTlZVzE5d2FQYXZ5TXVOaS1N?oc=5,"Fri, 21 Aug 2026 07:00:00 GMT",2026-09-07T08:51:18+09:00
GoogleNews:食　トレンド,食　トレンド,今年のFOODEXが予想するトレンドキーワードを発表！アジア最大級の食品・飲料展示会「FOODEX JAPAN 2026」 3月10日(火)より開催 - PR TIMES,https://news.google.com/rss/articles/CBMiakFVX3lxTE1vRHpaaDFrUlNpSUxSa0dOWVpZVURKZWx5Z3k0bXVnUFNrUHFucTdyMWkxejFpcUI2TGxLcEpnZlJqMXNKRTYtTDZMT3phc1JRZFhQZktMZmpnYmJPYmxkdXlrRTI4bXpZOFE?oc=5,"Tue, 03 Mar 2026 08:00:00 GMT",2026-09-07T08:51:18+09:00
GoogleNews:食　トレンド,食　トレンド,ヨーカドーの冷食ポッポが好調 2カ月で50万食爆売れのなぜ - 日経クロストレンド,https://news.google.com/rss/articles/CBMiZkFVX3lxTE91VEFCc0J5aDVVNnZMOVVTcy12VXhELWJCWDRuc19CekhoVjQ1SHlpZldhX21Kb2RHYVNIcndsMkw1RjhaMzg4elhzOXZDY21aTEtmSWZCWnp2b3FLejE5S04zT1lmdw?oc=5,"Mon, 29 Jun 2026 07:00:00 GMT",2026-09-07T08:51:18+09:00
GoogleNews:食　トレンド,食　トレンド,【ファミマ】最新食トレンド「スワイシー」ってどんな味?「スワイシーブルダック炒め麺BIGカップ」先行発売 - Infoseek,https://news.google.com/rss/articles/CBMiYEFVX3lxTE56MVpNam5JMmhITnQyWGV0NXFHcmthT2dMcXNhY3FDUWc5SDRxaVpYYUd3S1FVcmNXbUdFOFlqRlFCc2NybTdpOGRwWEM1TTJPMnhRMWNUakNqUndoalBGbg?oc=5,"Mon, 17 Aug 2026 07:00:00 GMT",2026-09-07T08:51:18+09:00
GoogleNews:食　トレンド,食　トレンド,2026年「食トレンド予測」を『デリッシュキッチン』が発表！次にくるのは「AIフード」「進化系こんにゃく」「指定野菜 ブロッコリー」？！ - PR TIMES,https://news.google.com/rss/articles/CBMiakFVX3lxTE5GUEFXS2tySk1sUHc3NFI1b2NuT0g2ZnBHT2xzcXU0NTNSUnRqRFd1d1F3U05LWVB1dm1tQ2FSNElJNEtxbE5hejdraFQzNGJfX0paNFJnWldaTjQtZlJ2SW52MTFxcXctZWc?oc=5,"Thu, 27 Nov 2025 08:00:00 GMT",2026-09-07T08:51:18+09:00
GoogleNews:食　トレンド,食　トレンド,【食のトレンド｜2025年振り返り・2026年予測】来年は、節約冷凍テク・深まる健康志向・海外グルメの内食化で家庭の食卓が進化 - フーズチャネル,https://news.google.com/rss/articles/CBMiVkFVX3lxTE1XWGVVYmxiSXE0SVp2OXkwXzE5d05SUzF4VW82WTczWG82MzV3b3F5UzI2T05pU002S1d5dHQ2d2NUVTYwNmZBc2V4SUo2dGRUMFdvcFd3?oc=5,"Fri, 28 Nov 2025 08:00:00 GMT",2026-09-07T08:51:18+09:00
GoogleNews:食　トレンド,食　トレンド,【味の素】今夏「猛暑食トレンド」 調理工程・味わい軽い 「オフ飯」＆刺激的・満足感「オン飯」のスイッチ - オトナンサー,https://news.google.com/rss/articles/CBMiSkFVX3lxTE5Da3JHUGd5M1h1bHVwZlFkeUJhOEFZX1NCVzZWV3R3Q3R1MjFsZjI2WDJsMUprWW9SWGp4R3JfcW5jQWpCb3VsenVB?oc=5,"Sun, 17 May 2026 07:00:00 GMT",2026-09-07T08:51:18+09:00
GoogleNews:食　トレンド,食　トレンド,食のトレンドは「手軽＋日々の健康」がキーワード！手軽に健康を意識した料理で自分を労わる、新たな食のスタイルに注目 - TOKYO MX,https://news.google.com/rss/articles/CBMibkFVX3lxTE12cm81bEFYRVg0ZnhOdnU5U2Rtd3FVSkpDWGF2cngtbXc0Z1FNdTNualRNeEVHQkJDYlZqSm1DWjVIOFptRVJhRGpxbEN6cF8zWGF0SGVsXzhFdGh5ZVhlZ2pDclY4ZUVHb3p1VXlB?oc=5,"Thu, 29 Jan 2026 08:00:00 GMT",2026-09-07T08:51:18+09:00
GoogleNews:食　トレンド,食　トレンド,【味の素】2026年夏の食トレンド「オン・オフを切り替えるスイッチメシ」とは? - 猛暑を乗り切る異国料理や火や油を使わないメニューを提案 - マイナビニュース,https://news.google.com/rss/articles/CBMiXEFVX3lxTE02WmtKU25PelVTdE5uLVJ6clpfOFkySm9ycXh3WXRNTjA1aUFISExpdkpEWGdoaGlNSHlHTGd1bDEtWTlxY3ZPcDR6Q3FqTjVjYlpmalhnRGxjMGVz?oc=5,"Mon, 18 May 2026 07:00:00 GMT",2026-09-07T08:51:18+09:00
GoogleNews:食　トレンド,食　トレンド,クックパッド食トレンド大賞2025『今年の顔』授賞式を開催 - PR TIMES,https://news.google.com/rss/articles/CBMiakFVX3lxTFB5Rk0tTmRWZTZQM2pKS2M5Q052ckxqWVMtNkNQa0V5d3NiR0lJcDF3VFVmNmprd1lUMFBSMkNRWDQ4NDJqSTVvaUt4TkI5SXlUWExlNndsVmpfdklDUHR6Q1lST3IybE0yQ0E?oc=5,"Fri, 05 Dec 2025 08:00:00 GMT",2026-09-07T08:51:18+09:00
GoogleNews:食　トレンド,食　トレンド,世界の食トレンド最前線「FOODEX JAPAN」で見えた次の一手 - テレ朝NEWS,https://news.google.com/rss/articles/CBMickFVX3lxTE94YlpRdHh3SmQ0QVNPTVBUZWlNcVpHOVdSWnNtdlBjMDFBdHlRaGc5aUJkc2tSb2R2R0RwZkdmRXpSb185UWlFRmttaTNkUkoxbkM0ODdsTEVlTTJ5TUp6S2E4ZnRuU1ZSMTU4ZkZvYmE3Zw?oc=5,"Sat, 18 Apr 2026 07:00:00 GMT",2026-09-07T08:51:18+09:00
GoogleNews:食　トレンド,食　トレンド,「クラシル」が2025年の食トレンド分析結果を発表 「時短・手軽・健康」がより強く求められた一年に - PR TIMES,https://news.google.com/rss/articles/CBMiakFVX3lxTE9SaHFIRHo0eWpCZHFTWVR3THZGc2tLa2k0dkl4TDRtRjdGOTZSR3B4cy1VUTNwZ0xyaDBfOE95M19EcUFhVm5Pd0puSWp1dnIweDJfN3lwY3c5NzZnTUo2RFMwdmo4Wm5fR1E?oc=5,"Tue, 16 Dec 2025 08:00:00 GMT",2026-09-07T08:51:18+09:00
GoogleNews:食　トレンド,食　トレンド,【無料レポート】デジタル・トレンド白書2025 – 食トレンド編｜ダウンロードページ - 株式会社ヴァリューズ,https://news.google.com/rss/articles/CBMiV0FVX3lxTE5PUy1LeDE3R2UxLXAzUnJ6OVZPRzlYSlZ5d1ZQZUFGUmlxc2drbFdSS3EyRDY0OWFibERmdGhseEU3WUkyLW5zeXNFVWRzVW9nQ29HS2kwWQ?oc=5,"Thu, 27 Nov 2025 08:00:00 GMT",2026-09-07T08:51:18+09:00
GoogleNews:食　トレンド,食　トレンド,【食のトレンド｜2025年振り返り・2026年予測】来年は、節約冷凍テク・深まる健康志向・海外グルメの内食化で家庭の食卓が進化 - PR TIMES,https://news.google.com/rss/articles/CBMiakFVX3lxTE9Ec3lPNmVIeUNtNnZ6SmxYbldQTTlKUk85VC1Nem1Va3RFWkV4Y2x6ZU9sMWVMNmUwM3psTldwMW9CS0ZrMnFGOE5PZ0pQRGlYQzRGLU1PQ3daNFJrSG1RbXdMZV8xYXZySFE?oc=5,"Fri, 28 Nov 2025 08:00:00 GMT",2026-09-07T08:51:18+09:00
GoogleNews:食　トレンド,食　トレンド,トレンドトラッカー：ゼリースティック、「食は薬」の概念、グリコのインサイト - FoodNavigator.com,https://news.google.com/rss/articles/CBMiggFBVV95cUxQaVVtZVhVWjlNdDBqdEFTa2tWbWpaU0lNRmJBQ2xFTW5rSUxWdGZ5bFFtQWU0MFNfN0xnS3QwaVpTSl9VV3NIc1pobmhPaTZkQk1McjNMQXdrblN2ZkpuX1RZcUppS09XaEFmNWhaanhNWE9pRTc5dUQ5Y0FkZHJpMC1n?oc=5,"Sat, 13 Jun 2026 07:00:00 GMT",2026-09-07T08:51:18+09:00
GoogleNews:食　トレンド,食　トレンド,夏の相棒「そうめん」も“生”がトレンド？モチモチ食感がクセに 個性豊かなアレンジ術も【Nスタ】 - TBS NEWS DIG,https://news.google.com/rss/articles/CBMiV0FVX3lxTE9ydzk4VzFzM0hSSDRFWHNvNURhR0VHbkdDYXc4cHFKbmMzYXU2N2tyQnJ0VGN1cXY2ZllkSmhiQ1RjS1NjTjNGaVVXZWZ4WXdsOWt3TUE4WQ?oc=5,"Mon, 18 May 2026 07:00:00 GMT",2026-09-07T08:51:18+09:00
GoogleNews:食　トレンド,食　トレンド,１回の食事で様々な食感「サクもち」や「パリとろ」がトレンド “ハイブリット食感”の食事に注目！ - Yahoo!ニュース,https://news.google.com/rss/articles/CBMif0FVX3lxTE5lTWNEUVhpOEUyd1BSWm1vbXhiSjdVVWF6YUNTVkg0bFRUMXhsSmFWNG5SN0FfVy1MamlMX3lsVXlMUXU4U1l6d1JPNTRKUmlNaXNMQ1pVaU5ueFVpSEFTTnUzSkdzY3BBY1lhcHJhUjFWc0VOajJOd29TeXM2bUE?oc=5,"Wed, 15 Jul 2026 07:00:00 GMT",2026-09-07T08:51:18+09:00
GoogleNews:食　トレンド,食　トレンド,「アサイー」継続、「ハイボール」は高級化へ。経営者が予測する2026年の食トレンドとメニュー戦略 - 飲食店ドットコム,https://news.google.com/rss/articles/CBMiY0FVX3lxTE1Ub0t6Y2JmNkk0R2hyRU5IVTloV1VaRXNXLWJTSkxjOExyYjRCTjBKbVpzSExZby1iR3czVXl3MmJsclFtcWYzS29QTkFJWXVvcW1SWThFOVVKSjRDYVRLUk9kQQ?oc=5,"Thu, 08 Jan 2026 08:00:00 GMT",2026-09-07T08:51:18+09:00
GoogleNews:食　トレンド,食　トレンド,中国で大ブーム！食べて健康になる薬食同源（やくしょくどうげん）と最新トレンド - 株式会社ヴァリューズ,https://news.google.com/rss/articles/CBMiV0FVX3lxTFBMcGQtVDAybXNXVTFQY3VEY1l5Y3Q5d040WEFjQnRBVXVDVnRLRTF5UlhubDdJZUhINlotQmFkLUZJMDlITEtjNy1MY2tnaGdreEw0VnljVQ?oc=5,"Fri, 19 Jun 2026 07:00:00 GMT",2026-09-07T08:51:18+09:00
GoogleNews:食　トレンド,食　トレンド,"【2026年上半期トレンド調査】""平成ブーム""がさらに加速。Z世代116名が選ぶ美容・キャラクター・食・楽曲・カルチャーの5部門トレンドを発表 - PR TIMES",https://news.google.com/rss/articles/CBMiakFVX3lxTE9jbkt3QzVybzBvVy1IY2syVGRwMWI2WVJhRFZpSExUVXZDZnl0emFvWU9CWFlWcXJIWGh5b2FfUlQwZmR3cl9uQWNoQnFwNURaZWZvakpIY3lRTDlOckx1U1NIOG9SMHNpZ0E?oc=5,"Tue, 14 Jul 2026 07:00:00 GMT",2026-09-07T08:51:18+09:00
GoogleNews:食　トレンド,食　トレンド,今年の食トレンドは甘くて、辛い！？日本最速！「スワイシー」な味わいの「スワイシーブルダック炒め麺BIGカップ」を8月18日（火）より先行発売 - 時事ドットコム,https://news.google.com/rss/articles/CBMia0FVX3lxTE91MkhRMC1tdXl4b1R3ZzUzVkpMTjNqUzJIRU12bTI0ZGZjTGNYaVJ6UGQwQnBCZDNZREp2M096RGZZZ3ViRURtLVpMY1ZhR1A2V1JCemQzN2YyQnV0Zm1jTHR3TlBVRzlzZC1v?oc=5,"Wed, 12 Aug 2026 07:00:00 GMT",2026-09-07T08:51:18+09:00
GoogleNews:食　トレンド,食　トレンド,【おにぎりトレンド予測2026】2026年、おにぎりは「世界に広がり、価格で役割が分かれ、一個で食事を完結させる食」へ進化する - PR TIMES,https://news.google.com/rss/articles/CBMiakFVX3lxTE9NNHlfMnRBSkJ4NjFsSnVoaUE0bGRaS3hLa2JmTkl0QXNOZDZ2Z2tmbnF4TzRVcGxYSUtSUHg0eWJRalRma0drMm5WcXhtWVpteHlGaDVQNEc4blJWNEMtUUV4MVNXdDI0OVE?oc=5,"Tue, 27 Jan 2026 08:00:00 GMT",2026-09-07T08:51:18+09:00
GoogleNews:食　トレンド,食　トレンド,ミツカンも参入、「背徳市場」が急拡大 健康志向と真逆の新トレンド - 日経クロストレンド,https://news.google.com/rss/articles/CBMib0FVX3lxTE5qTTR4ZW9Gb1RvMGxGRU5UNTFlYzd0a21hREdOM2t6Q19GYVdkOXNPNk13dXdPR05QWjFFR1pwY1JEazJ1bUdRc1ZDMDhwZFp2R0RXWDBDLVN0X1l1TWx6UzdGMC1VR3R3c0wxUzJxMA?oc=5,"Thu, 11 Jun 2026 07:00:00 GMT",2026-09-07T08:51:18+09:00
GoogleNews:食　トレンド,食　トレンド,ブロッコリー指定野菜化で激変する食卓と2026年最新食トレンド - forbesjapan.com,https://news.google.com/rss/articles/CBMiWkFVX3lxTE1ZMzBkcXBsTlBMMnhNVGEwMmVEdkpPOGN0d2s5MlFJMGNXaFpldWVFSXlMWG11Q3JmN0N5d0l3Y3B6ODlrODYzN2lXeFhvcVU0S1NrTHA0SzdpQQ?oc=5,"Thu, 02 Jul 2026 07:00:00 GMT",2026-09-07T08:51:18+09:00
GoogleNews:食　トレンド,食　トレンド,Ｚ世代が選ぶ2026年注目トレンド「SHIBUYA109 lab.トレンド予測2026」 - PR TIMES,https://news.google.com/rss/articles/CBMiakFVX3lxTFB2RkYwSTZzLVdBMWhDVkRjYkhsVE10TjR5RGlLcGs1ZE4tcnhWSVJMZHRFVGxqRG9uSlo3LUdHSjdkcVJmdGcyU1k4SzlOM21LZnFOYmdkd2JWUWhaem5FNjFDQUR3Ym5rSmc?oc=5,"Tue, 09 Dec 2025 08:00:00 GMT",2026-09-07T08:51:18+09:00
GoogleNews:食　トレンド,食　トレンド,2026年の食のトレンドは「Swicy」！アジア最大級の食品・飲料展「FOODEX JAPAN」が発表した3つのキーワード - Yahoo!ニュース,https://news.google.com/rss/articles/CBMijgFBVV95cUxPMTRYVGgxeWhkaDItV1RwVEI2bEtOUTkyR3gwRDl2cG1PMXQ4cTFmYVJhektlSkprVU1PSWxLdUNuaThXX1pXb2wtYjFhMG5Ebzc2dGh4UGktRzBHbHVVSUJvX05vMUt3MVlkMkhyZkxHQnpCakI3Z3lYWF91SFVnYUxVY3lFNWk5c0JhMm53?oc=5,"Thu, 19 Mar 2026 07:56:48 GMT",2026-09-07T08:51:18+09:00
GoogleNews:食　トレンド,食　トレンド,味の素 猛暑には「オン⇔オフ スイッチ飯」を 「麻辣混ぜそば」「氷点下そうめん」提案（食品新聞） - Yahoo!ニュース,https://news.google.com/rss/articles/CBMif0FVX3lxTE9QeDM4QWJFUkVZMHVKSmJjWWJaX0Q4a3Q2Wm5VbFQ4ck9SaFdaYmpTTW1xTm9hLWFFT0VyRFdldGdEa1M1aGdIMlBibXpTUkRoYVVOUDRjZjhRd1J3NnVfc3VFUXhsM0pmOGEyckVVZEdybG1YZjVGUWVkMDZOZVE?oc=5,"Wed, 20 May 2026 07:00:00 GMT",2026-09-07T08:51:18+09:00
GoogleNews:食　トレンド,食　トレンド,食の最新トレンドは「スウィーシー」アジア最大級の食の展示会開幕 “氷のいらない”かき氷機も【Nスタ解説】 - TBS NEWS DIG,https://news.google.com/rss/articles/CBMiV0FVX3lxTE1iZVVTUTRTd1Bfay1IMEJBUWNFajQ4ZmZ5M1dHcmEyY05mMkx4ZTV6OUpBTE93VmJXYnJ2RHc0eWZmSkh1WEllT1RVVXQzeGp4LV9jNEJGMA?oc=5,"Tue, 10 Mar 2026 07:00:00 GMT",2026-09-07T08:51:18+09:00
GoogleNews:食　トレンド,食　トレンド,【2026年食トレンド：ビリヤニ②】前日予約してでも食べたい！土鍋で炊き上げる至福の一皿『カレーアパート ニュートキワ』（福岡市早良区） - KBC九州朝日放送,https://news.google.com/rss/articles/CBMiTkFVX3lxTE5KRXlEbENWMVVsckFnTHpuVUQtOVU2Q3lQaG1qOFRtT1A0VjV1d3RHcHo1TE9UNUxFd2hRWHRWZ2pLN29vOThQa0FsSk8xUQ?oc=5,"Sat, 10 Jan 2026 08:00:00 GMT",2026-09-07T08:51:18+09:00
GoogleNews:食　トレンド,食　トレンド,外食・中食マーケットトレンド無料オンデマンドウェブセミナー2026年7月 - npdjapan.com,https://news.google.com/rss/articles/CBMiZEFVX3lxTFBVang1QnMzeVpCN2JDN29qZWx1aEFGejVDZlM3UldwOHlGazRBV2wzMlkyaXl2OW5GSWpuVnRRT1NEeG92V214eHo3Mzh4VXNsU0N3SEg4Smo5bEJpTm9qN2xwSHc?oc=5,"Mon, 29 Jun 2026 07:00:00 GMT",2026-09-07T08:51:18+09:00
GoogleNews:健康　栄養,健康　栄養,子どもの肥満、治療の対象は？ 夜食や運動不足…生活改善のポイント - 朝日新聞,https://news.google.com/rss/articles/CBMiZ0FVX3lxTE95VmNJUWFrTmVMUEJkSGhkc1lpbl94WW13ZXhwdGlwUFpfZXYtS0dJM3N4d2RhQnFjY2xWV3pJamROTmFhbjRsX1phQzRrbUhsSDBmYzBtRnNZNGJmaFNlaHJYNnJwT3M?oc=5,"Sat, 05 Sep 2026 23:00:00 GMT",2026-09-07T08:51:21+09:00
GoogleNews:健康　栄養,健康　栄養,2026年「Yidan Prize」、健康・栄養・経済の交差点で教育とケアのあり方を再定義する変革者を表彰 - 時事ドットコム,https://news.google.com/rss/articles/CBMiXEFVX3lxTE9FR3R6eFlzWGcwUF9JMnd0aVRQUVU5UmxCUXMyZjFuMExjYmhZZGZ5SUc0V1NWRy1pdzVON0J3bmdtZmpnUmtoNHNMZFlNdzhfRWc2Nk1KeGNpLXpK?oc=5,"Fri, 04 Sep 2026 14:53:00 GMT",2026-09-07T08:51:21+09:00
GoogleNews:健康　栄養,健康　栄養,健康科学研究科 健康栄養学専攻 - 帝京平成大学,https://news.google.com/rss/articles/CBMiXEFVX3lxTFBGSFAwOXFISmRITkUtaDVJNzNhZnNCTHhoTG9idlh0SjVrc2JMUi02OS1MbGpRNmRaaEE2N2RRX2dXVjE1MHpqUkJmZFZEYnk1Ul9pU0dWTFJDaEpI?oc=5,"Fri, 21 Aug 2026 06:53:21 GMT",2026-09-07T08:51:21+09:00
GoogleNews:健康　栄養,健康　栄養,【健康栄養学科】本学学生が『食育アドベンチャーランド』にボランティアとして参加しました - 相模女子大学,https://news.google.com/rss/articles/CBMiWEFVX3lxTFA3eEtrbjNoc0xpdktFeFd6czlkX3N4UWUxZlFZbjMtR3JtU29vVTBYb2RHcjQ0cURnR3FHN29hTmVoNlltcWkwb25Tdjh6X1dQTVl3YmxDOTg?oc=5,"Fri, 21 Aug 2026 02:59:32 GMT",2026-09-07T08:51:21+09:00
GoogleNews:健康　栄養,健康　栄養,米国のベジタリアンにおける食生活と消費行動 国民健康栄養調査からのデータ分析 - 認定NPO法人アニマルライツセンター,https://news.google.com/rss/articles/CBMiiANBVV95cUxPSnhVZ3lnOWtJVzVyTXVVNll4S1JjQjJfb2I3NkY4eHpwVG01UUdJTU9oMm1MNm05Qjdod1FSRUVWWDM1V1I0SGVLRHlwUXZnOWhDNDZCclJuT2hjcmtvbVkyXzg1MTZEaDNzU0dlMmxvR2VkZWQyajVQeW1VN3VCZEFfR29MSFl0aGVhQXkxSlhZcFYtcWFvRU9acjNma3E1RFJhY3BqNnZUZlNaZkVnelFRVk5EeUtOSFg2X3J2TS16S2t6RG1FUTAxNVFYb0ppYWF3R2dubmRkTjhlT2hzV2lKeVRwYUhqdnZ0SFpVRlFrdHQ2R1Vrcjd3cUJSNmpWbU1BNkpSR1gtUWVkVlZJcG1VSERQdDlKMnluZWtOVzNtTnJKeGxETjRyR3pROW1KWWZQUU1wUXY0TDlCaXAtdmlzY09UMzZzcnExMUxXSVdjRS0zU1A4YnFTZjZ4azB0RURlbHV2R2RobW1JVXppd0daS2dycUQ5alZ0d25Tc29QMUt3U2tGYg?oc=5,"Tue, 01 Sep 2026 14:10:40 GMT",2026-09-07T08:51:21+09:00
GoogleNews:健康　栄養,健康　栄養,ご挨拶（国立健康・栄養研究所 所長） - nibn.go.jp,https://news.google.com/rss/articles/CBMiakFVX3lxTFA2OXVaZ1ozZm1uTUc2ZHpDSmxjNTRaYVlDdmlfcDZ2akZBR08ycTBNMEtwTVBHZ2E0X0U5ZUxHM2ozRVJSc01NQ2NRbXg3Y2tvZF8yTkk1WFI3bnZwUnRwUC1VSTRlX1RLeXc?oc=5,"Tue, 31 Mar 2026 18:07:57 GMT",2026-09-07T08:51:21+09:00
GoogleNews:健康　栄養,健康　栄養,グミ市場 栄養軸に新領域へ “おいしく健康に”急成長 - 日本食糧新聞・電子版,https://news.google.com/rss/articles/CBMiZ0FVX3lxTE15OE5mX2c2a1ZOcGNIZkxFUEdnajlnYkVTbzNuVXE5YzYwVzVxc0ZuclBHQU9xLW9LV0NHRHRBODUzd1dhS2hYNlRFcWZWWWNLSmNpQzhXQVVjUzJRdnctOEZnWjBfNkk?oc=5,"Thu, 03 Sep 2026 15:07:31 GMT",2026-09-07T08:51:21+09:00
GoogleNews:健康　栄養,健康　栄養,食生活改善推進員養成教室のご案内 - city.kitakyushu.lg.jp,https://news.google.com/rss/articles/CBMiZ0FVX3lxTE05bVhTUUtiZ0JFdnFMcFFpWTFmRDNNT2I4QlFjRjhTRURFNDRnMFhZeUdocGZyekdOU0VpTTZWOHM2NEdVaUdWYXdXMnFMQUc0clhZek9XeTNJeDZVSUlKck1TOXZuOTA?oc=5,"Tue, 25 Aug 2026 07:00:00 GMT",2026-09-07T08:51:21+09:00
GoogleNews:健康　栄養,健康　栄養,令和3年度ひょうご栄養・食生活実態調査結果 - pref.hyogo.lg.jp,https://news.google.com/rss/articles/CBMifkFVX3lxTE55Z3hQcG9Ia01YWXQxNDhoSHpNX2lBQjFPREtFaEdxaVQyZk9zaGZYZXhmdVJxSlYxZkRzQjNSXzB1TjMtcG1RX3VTSU5xSHJpT3FnUk9ZNVZPT2cyTUJhZ1J4SWl1WDhHVlBkeG01NDZVTkFNTWw1U2hUWWEzQQ?oc=5,"Mon, 22 Dec 2025 08:00:00 GMT",2026-09-07T08:51:21+09:00
GoogleNews:健康　栄養,健康　栄養,駒沢女子大学・駒沢女子短期大学が多摩市と連携に関する基本協定を締結 ― 健幸ポイント事業への協力における京王ストアとの官民学連携企画など複数の事業を展開予定 - AGARA紀伊民報,https://news.google.com/rss/articles/CBMiT0FVX3lxTE1sNFVLRlprYVNNLXZDVTd4cUJ1bmJ0QW44aFNUd0cwLTZQM3RTUTVKYmx0WEVuaFlTcVhQTFlHYWRBaklpZk05ZUs2eFF5UUU?oc=5,"Fri, 04 Sep 2026 08:20:00 GMT",2026-09-07T08:51:21+09:00
GoogleNews:健康　栄養,健康　栄養,和光市中央公民館で開催された「夏フェス2026」に本学プラスちゃんくらぶと健康栄養学科 伊藤ゼミが参加しました - jumonji-u.ac.jp,https://news.google.com/rss/articles/CBMiWkFVX3lxTE1nVDEtNnVId2hMMjkwRUtIeHI0Z1FJeldpdzRLUVF4SmRUVjJOTjhXazdKd3U2VUIwVnRmYk1PUG56YW5GRmQya2xHV2NILUdxWkNnOHdGZEhaQQ?oc=5,"Mon, 24 Aug 2026 00:15:16 GMT",2026-09-07T08:51:21+09:00
GoogleNews:健康　栄養,健康　栄養,地域・職域の取組（栄養・健康増進）について - pref.saitama.lg.jp,https://news.google.com/rss/articles/CBMifEFVX3lxTE5tSVZtcFdDTEd3SFRJclBJZ0txb25RVTZ1SFpfeUF5bXRTT0dxSzBDeUFoYmhmSFdNblU4UUxGNWxnUnNHWTlyS211dHpUWDloYlFlNmRHU0hKbGxpc1FhTUhyNjhhRExRNGtLeDFUaXktTGh1Q2FoTjFCczU?oc=5,"Wed, 19 Aug 2026 07:00:00 GMT",2026-09-07T08:51:21+09:00
GoogleNews:健康　栄養,健康　栄養,第28回ダノン健康栄養フォーラム開催 テーマは「更年期とホルモン変動」 - ウェルネスデイリーニュース,https://news.google.com/rss/articles/CBMiVkFVX3lxTE1rTnhLdWJrTWJDZGFfeXlqV3Znd0tFaHNaaFVGcmVVT3liaGZGbk5WUC1Nb2ZKNTRLX25qNDFMOUI0TjlCcVNKNVRFVEROMVN5ZmxmTGln?oc=5,"Wed, 26 Aug 2026 07:02:58 GMT",2026-09-07T08:51:21+09:00
GoogleNews:健康　栄養,健康　栄養,高齢者の健康寿命延伸に新知見 抑うつ症状の「タイプ」が要介護・死亡リスクに影響か－「鶴ヶ谷プロジェクト」約18年の追跡研究より－ - tohoku.ac.jp,https://news.google.com/rss/articles/CBMifkFVX3lxTE9XNi1OMHlsTTctNXNtVndTZnhveU5VcW5VLXFfSUNVMHlVbjZjb2otajBkaXpIa084azVRSHNwY3VUZTRLcDlxZ1haQTJFYWtQWHNoTWxBNjNnN3V3WVE1Tnd2OEI0ZGR3OFdRMF96bzZxbEFhc2hkTjR1TlQzZw?oc=5,"Tue, 19 May 2026 07:00:00 GMT",2026-09-07T08:51:21+09:00
GoogleNews:健康　栄養,健康　栄養,常葉大学健康栄養学科 講演会「食の安全の落とし穴～AI時代の食のリスクを議論する～」開催のお知らせ - アットエス,https://news.google.com/rss/articles/CBMiVEFVX3lxTE1JaWNfbTVESmEzSkpuOVRGVWc4NEhwbHFRZC1NdVJ0d2hzOFZUU2JubVFNQnRoTnpOM2o5N3FEeDVzNjAzNmVDUXo0THZOSmdXYmdjMg?oc=5,"Fri, 28 Aug 2026 07:00:00 GMT",2026-09-07T08:51:21+09:00
GoogleNews:健康　栄養,健康　栄養,測ってみよう！生活習慣・健康状態見える化チャレンジ - pref.kagawa.lg.jp,https://news.google.com/rss/articles/CBMigAFBVV95cUxPRlBQYTF4ekFYeU1jZUpqNFNGR3QweFNoSWtxZ3NfbzNqT0k2UzRSNzcwU2JQUTdaQ3hlWVI1QmlWdEJlSVRMWno1YmtVY3hpd1BFMExIWDRLN2tuRGlaajFQY1RFSGpoQWs4Z1JZRURVWXNPZjhpbHYtV2FZQ2c2eA?oc=5,"Mon, 17 Aug 2026 07:00:00 GMT",2026-09-07T08:51:21+09:00
GoogleNews:健康　栄養,健康　栄養,「令和8年度スポーツ栄養のための人材育成研修会」を開催します！ - pref.gunma.jp,https://news.google.com/rss/articles/CBMiYEFVX3lxTE52T0c0VlBGZGt4SWxoUFFya0tfUEh0dFNFOGtSR3hvT3IwdTVvQlkyWm1wWW5YdzZFLVZpT19icG5nX0g1M000SzJmSnJhOEt5dFpWMHJyVnRrdFN5azRPbA?oc=5,"Tue, 14 Jul 2026 02:04:19 GMT",2026-09-07T08:51:21+09:00
GoogleNews:健康　栄養,健康　栄養,《医師・歯科医師・薬剤師向け》 無料オンラインセミナー9/13(日)朝10時開催 『Precision Nutrition時代における 腸内環境研究と健康医療への展開』 國澤 純 先生 (国立研究開発法人 医薬基盤・健康・栄養研究所 / 副所長) - atpress.ne.jp,https://news.google.com/rss/articles/CBMiTkFVX3lxTE1nemxEbm5lcHRfNFdQM1d5VjNIVDh0Y0FtTjk1WDlkYjRyM3NCSTFCWDUwZ1l2RHlIQzhJZ3cyUHlpdERfMlBpdUYwUlpXdw?oc=5,"Fri, 28 Aug 2026 07:00:00 GMT",2026-09-07T08:51:21+09:00
GoogleNews:健康　栄養,健康　栄養,【生活デザイン学科・健康栄養学科】産学連携プロジェクトでデリア食品株式会社を訪問しました - 相模女子大学,https://news.google.com/rss/articles/CBMiWEFVX3lxTE5rN0xPXzRZWlFrWnNfTVVldk5JeGt0azl4TnVjT0dJbzRqVU1tdWVJdHpSbjVQNWJmYzd4aFppS1EwMWdMOXZaX1Utbm1XYVplMEFaeEZpcXE?oc=5,"Wed, 22 Jul 2026 07:00:00 GMT",2026-09-07T08:51:21+09:00
GoogleNews:健康　栄養,健康　栄養,【ふるさと写真館】健康弁当を開発＝東京都多摩市、駒沢女子大、京王ストアが連携 - iJAMPポータル,https://news.google.com/rss/articles/CBMickFVX3lxTE1FSDVreGVnejR6U2dKTXRIbkpCeTI0eFFyaGtja0ZqWENyNnZmekxiV3BjWlJ3MWNxMDhhbDBWM3QxS1NLeTdvbkFiNVo3WF90dzJNRm1wdWNjcXJtbnZ6bmlTSzY0a1BqOWNCTjk3c3ZRUQ?oc=5,"Wed, 02 Sep 2026 07:00:00 GMT",2026-09-07T08:51:21+09:00
GoogleNews:健康　栄養,健康　栄養,同じ食事内容でも吸収されるエネルギーは異なる？ | 国立研究開発法人医薬基盤・健康・栄養研究所のプレスリリース - PR TIMES,https://news.google.com/rss/articles/CBMiakFVX3lxTE16S1ZOLWxwaDZUWlQ5dTdxekdDUi1ySnJGYzFXT25HbU13WHkzWC1rempFQW5iTk82d19UWVd6MDVMSmgtbERJTG9MZlA2OF82RHdUYm1Hc19SUzc0b3I0N0xjblZDQzdzLXc?oc=5,"Mon, 02 Mar 2026 08:00:00 GMT",2026-09-07T08:51:21+09:00
GoogleNews:健康　栄養,健康　栄養,企業の誘致 - city.suita.osaka.jp,https://news.google.com/rss/articles/CBMiakFVX3lxTE5zZHdRMFZCMzJOMkN1WEhUcWM5aUNqOUpBaGtIbnliWmpMeWNnWGNPVXBwejh0cGhYOGdGNXFuWmhTby1aVkpXNUxoUEt2aDNfMUVuRUotXzdQRWw2UmF6OERLcFpjT0dkQ1E?oc=5,"Wed, 08 Jul 2026 07:00:00 GMT",2026-09-07T08:51:21+09:00
GoogleNews:健康　栄養,健康　栄養,水分補給、コーヒーや緑茶でも大丈夫？ 西九州大健康栄養学科・福山隆志学科長に聞く 利尿作用あるが…専門家の答えは - 佐賀新聞,https://news.google.com/rss/articles/CBMiVkFVX3lxTE8yaXBIYndYblZxVS1mM21RNEc4VU5nWjN4T05oQ2JZY20wUHJJQUE3Vms4cVR5bF8zVzVDN3ZHcmR4d2hIenRKZmhhdEV4OV9PQ2lwRXNB?oc=5,"Sun, 12 Jul 2026 07:00:00 GMT",2026-09-07T08:51:21+09:00
GoogleNews:健康　栄養,健康　栄養,【授業レポート】健康栄養学科『キャリアデザイン入門』で株式会社LEOCに勤務する卒業生が特別講義を行いました - jumonji-u.ac.jp,https://news.google.com/rss/articles/CBMiYEFVX3lxTE9tQUpHNS1memIwVU9wY0FZd3dnekNsSzhNNVRjYjk3Z0kwb19lMWE3eEI2TVotSGg4V3h0bFF2b2pjY18xVEgxclhfRXBUQ0RkVmM2X1Z2ZFhEdWhxMHNXWQ?oc=5,"Thu, 23 Jul 2026 09:16:40 GMT",2026-09-07T08:51:21+09:00
GoogleNews:健康　栄養,健康　栄養,学年を超えて広がるつながり！健康栄養学科が「1・2年生交流会」を開催しました - jumonji-u.ac.jp,https://news.google.com/rss/articles/CBMiX0FVX3lxTE9Sc2djUnBWMGJoa29kUTBsM3h3OVJIWkhyVWtZc1BrQnI4NkhSdGdWdjFEN3VsRUwyMnZTb1NXdHVLUUNxbEZ2TTVIZmpvenFEYV9CblVveVM2aDdyR1hr?oc=5,"Tue, 16 Jun 2026 12:17:11 GMT",2026-09-07T08:51:21+09:00
GoogleNews:健康　栄養,健康　栄養,第28回ダノン健康栄養フォーラム 更年期とホルモン変動をテーマに無料開催【日本栄養士会共催】 - atpress.ne.jp,https://news.google.com/rss/articles/CBMiT0FVX3lxTFBDYXJaYk5UZ21DbkdDYUhyOThnSWc2dV80WDlhNzl5c2Q1Y2p3cGZBRnMxd0gxczFmQzQyQ3hGZFhucm03TmYwM2psb0tXSXM?oc=5,"Fri, 10 Jul 2026 07:00:00 GMT",2026-09-07T08:51:21+09:00
GoogleNews:健康　栄養,健康　栄養,"就労者は非就労者に比べ、栄養素充足スコアが低いことを確認-成人3,520人の健康栄養調査データより- - PR TIMES",https://news.google.com/rss/articles/CBMiakFVX3lxTE1IOEVGTVRwc1ZvRW52MFM5SWptZmFHZnhxazRJQlkyMnJOZVMxMTREUDRxTklFUHk1TWlIUkgwdGY0elRLTkJMNENvVUEzQzhTdUVPZldhV0RFTFRiQkVUZndWZW5oSF9NVHc?oc=5,"Tue, 19 May 2026 07:00:00 GMT",2026-09-07T08:51:21+09:00
GoogleNews:健康　栄養,健康　栄養,国民健康・栄養調査（神戸市） - city.kobe.lg.jp,https://news.google.com/rss/articles/CBMiXEFVX3lxTE1wcWs1ZG9maG1vX1YzelBjWHY5dVdkb3JGeVdYNFJxc2d6b0h6MTQ0ZDNIbV8ydjZfcmNZb1ZrOUhnV3R4YTZ0QzJqTC1KbkF3QlN4QjAxaW9hcnpm?oc=5,"Wed, 08 Oct 2025 07:00:00 GMT",2026-09-07T08:51:21+09:00
GoogleNews:健康　栄養,健康　栄養,国立健康・栄養研究所の畑本陽一先生をお招きし、講義を行っていただきました | イベント | スポーツ健康科学部 - ritsumei.ac.jp,https://news.google.com/rss/articles/CBMibkFVX3lxTE5nRFNsU2NUTGNLMHlVYTZTNHRnVnNPTGNKcXM0enA5SFp3bURtXzF6OExWZE9wRDN3aHh4MXFmbzlXM1RoaFN0cjNoaVNNWHdvSWZYVVRPOFB1T2M5LXZZSDQ3bG9lS1pfM1VsZ3pR?oc=5,"Mon, 11 May 2026 07:00:00 GMT",2026-09-07T08:51:21+09:00
GoogleNews:健康　栄養,健康　栄養,【5/31（日）オープンキャンパス】健康栄養学科で体験！本格麻婆豆腐＆杏仁豆腐づくり - jumonji-u.ac.jp,https://news.google.com/rss/articles/CBMiYkFVX3lxTFBIN2x0X3pMZHNVTTJEUXZ3dWFBd0lXQXBZT0pnSUxheXd2ZkNPbk1DSW4wWXhrSFZtZS16aEJOTzV3enZlTHBmM1ZITXBlTEVtOXpidUZPbVZCcTgxTHllaHJR?oc=5,"Tue, 12 May 2026 04:28:37 GMT",2026-09-07T08:51:21+09:00
GoogleNews:健康　栄養,健康　栄養,【村上】食品の健康・栄養に関する表示等について - pref.niigata.lg.jp,https://news.google.com/rss/articles/CBMieEFVX3lxTE9rNDJsV2xjejVHS2VFSUk2bDhNVFZ4ajBpSmtIaUxIbllxQkVvMFZnUVM3UEdHYlRwX1g3UGU3N2hJSGZFeTd1elhibEhWNEU0bW51b0hVcGtfYzNLQVNXR01EYnRDaTFvSkpMSzRHbGpEOFFQb0JhRg?oc=5,"Tue, 06 Jan 2026 08:00:00 GMT",2026-09-07T08:51:21+09:00
GoogleNews:健康　栄養,健康　栄養,"「糖尿病が強く疑われる人」は推計1,100万人―「国民健康・栄養調査」｜ニュース - dm-net.co.jp",https://news.google.com/rss/articles/CBMiWEFVX3lxTE5ON3AyQkN2cUpncXphRlNPSzltRGhvWmp5c0ExdUNvZEdmMW0xR2xrci1PS2pMc2taOHAzN1lVeVYwajBGOHZUWmJKc2lPRmFFWl9aZGxzVmg?oc=5,"Fri, 16 Jan 2026 08:00:00 GMT",2026-09-07T08:51:21+09:00
GoogleNews:健康　栄養,健康　栄養,園田学園大学 スポーツ栄養学研究室と - jumonji-u.ac.jp,https://news.google.com/rss/articles/CBMiWkFVX3lxTFA1YlFsNHVfVHYzcEQ1MkQ1WkVvRzZ2TXFRd1NySHBGRUhfZURVY2haeHJLb29RNHdqYTdIZFBBaDVwYjFnMWZGSnVRTmI0TWlBb2VibU5FVDRGUQ?oc=5,"Wed, 08 Apr 2026 07:00:00 GMT",2026-09-07T08:51:21+09:00
GoogleNews:健康　栄養,健康　栄養,健康栄養学科学生が「栄養士実力認定試験 成績優良者」として表彰されました - jumonji-u.ac.jp,https://news.google.com/rss/articles/CBMiVkFVX3lxTE9vSUlMbno1Z2VhMS1wV211b25PY2ZBaHNTdy12WHZnbkhWRldmNlpGZ3R4WlVqeG5EX1ZuczZrRndQa05IT2RjWlJsX0xvUXNBZlpHcUlB?oc=5,"Fri, 24 Apr 2026 07:00:00 GMT",2026-09-07T08:51:21+09:00
GoogleNews:健康　栄養,健康　栄養,国立研究開発法人医薬基盤・健康・栄養研究所 国立健康・栄養研究所セミナーを開催します - PR TIMES,https://news.google.com/rss/articles/CBMiakFVX3lxTE1oUk55UjRXMDhOLUpMcmxQTXRLcmVWcXFrU2RVTE8xNWtLSU9TM1NSRFp5aFVEakJpSnJmUTAyQkhCZGNKMDR6U2ZXREdlOVF4NHc4b2tuMmpGTE8tcWRPVDJPQUE5M2xtSWc?oc=5,"Thu, 26 Mar 2026 07:00:00 GMT",2026-09-07T08:51:21+09:00
GoogleNews:健康　栄養,健康　栄養,国立健康・栄養研究所の畑本陽一先生をお招きし、講義を行っていただきました！ | ニュース一覧 | スポーツ健康科学研究科 - ritsumei.ac.jp,https://news.google.com/rss/articles/CBMiZEFVX3lxTE43OVpGUGNadDZhTXdWR2hzeUtQcjZzT0JTOWVEeVhuaEJhSDJLTkQ4cFNSaTlLX2lxUDFuX2c1b2RNQlNIUDA1VHdOZzcwbFZLVzQ4VlNSVDJCTDF4N2pGVFN5R2s?oc=5,"Tue, 30 Jun 2026 07:59:58 GMT",2026-09-07T08:51:21+09:00
GoogleNews:健康　栄養,健康　栄養,【健康栄養科学科】青森りんごオリジナルレシピコンテストで 2つの賞を受賞しました！ - 福山大学,https://news.google.com/rss/articles/CBMiX0FVX3lxTE96SFlJa3FuN2RMdXkzRTQxNkp5eGhUS0pSLUZVNWpiSy0tSE83YW5DaWhCRVFmZEg1aG5XZ3NkMnotXzZ6aFY3YVg0WnM3aWFUVW5RemI1enNoaGFYUHlF?oc=5,"Thu, 05 Mar 2026 08:00:00 GMT",2026-09-07T08:51:21+09:00
GoogleNews:健康　栄養,健康　栄養,「第17回浄見寺地元まつり」に健康栄養学部と学生ボランティア21名が参加しました／教育・研究 湘南 - bunkyo.ac.jp,https://news.google.com/rss/articles/CBMiakFVX3lxTE9WdHpfc2VKbF9DeGVBcktPMFRwYTYwa2F4eTRZRnN5eTJaODdTQVVETmRlb19xRFVpa0RtQUZZa2FicmhnbWZfU2NWMU4wTFZiZUw5YThLTnVqYUhJSWF1aUFkM0dfM0VKS3c?oc=5,"Thu, 23 Apr 2026 04:51:24 GMT",2026-09-07T08:51:21+09:00
GoogleNews:健康　栄養,健康　栄養,栄養・健康づくり - pref.saitama.lg.jp,https://news.google.com/rss/articles/CBMiXkFVX3lxTE0zR2ludm11UHBkalBpMzQ4TzRKVzBsZTNkM2RvcHlQaFhSdHpCUjBER3dlMEdvbm91eWtOMGRQQlI0eHl6aG56MHJ0aS1TalpFT1ZvTlpwb1oxQ1l2T1E?oc=5,"Fri, 06 Feb 2026 08:00:00 GMT",2026-09-07T08:51:21+09:00
GoogleNews:健康　栄養,健康　栄養,【健康栄養科学科】管理栄養士・栄養士のための栄養研究セミナーを開催します！ - 福山大学,https://news.google.com/rss/articles/CBMiVEFVX3lxTE15TUM1d08zbTNfT1VWS3g2WlVmSmtTTFJUYy05SVNDU1BDMDN4UXJoVjNxZGliMzR2WW1FZzk1enNQVXhOYVFJTHU4ZkZmRGlycVloMQ?oc=5,"Sat, 14 Feb 2026 08:00:00 GMT",2026-09-07T08:51:21+09:00
GoogleNews:健康　栄養,健康　栄養,「健康と食、栄養に関する調査」結果を公開 - 国分グループ本社株式会社,https://news.google.com/rss/articles/CBMiaEFVX3lxTFBzRnI2RmFzVWpvdmNYMzJ5czY3LVJ5ZGpQVG5ZN2gyQ3NUMklBakF5VDdlRnJGdmtlTi1VSS13T2dyOXBXN3BSc1FQV1FGSVFsWWotWnRvRWplamdPVEFnRVAxX3BNcTNC?oc=5,"Fri, 19 Dec 2025 08:00:00 GMT",2026-09-07T08:51:21+09:00
GoogleNews:健康　栄養,健康　栄養,北海道食環境整備推進セミナーを開催します - pref.hokkaido.lg.jp,https://news.google.com/rss/articles/CBMiZ0FVX3lxTE1fWjh0S3AyaDQzQjI4MUNfUGJQNGw2X1lKdEdmcGVrcFQyVUhHaTdxaWpOcWpkS1lRSjQwVl9hVEZCVmx0TnJrRzBIc2hjbndzLUZTald4NHY3WENTbHYzUS1lUnAyQ00?oc=5,"Mon, 19 Jan 2026 08:00:00 GMT",2026-09-07T08:51:21+09:00
GoogleNews:健康　栄養,健康　栄養,同じ食事内容でも摂取エネルギーが減る「消化可能エネルギー」とは？ 食物繊維やナッツ類で低下するエネルギー吸収の実態 医薬基盤・健康・栄養研究所 - sndj-web.jp,https://news.google.com/rss/articles/CBMiS0FVX3lxTFBzdW54bHdiUV93VnA0WkptZVpVQWJ2SXFCM1oyNzhKZGV4Z1FKVHR2aWtBZU50LWF3azJSclVmVEhIdkVmWUpTTjJJUQ?oc=5,"Sun, 19 Apr 2026 07:00:00 GMT",2026-09-07T08:51:21+09:00
GoogleNews:健康　栄養,健康　栄養,【健康栄養学科】学科の魅力がぎゅっと詰まった！学生デザインのクリアファイル完成しました - jumonji-u.ac.jp,https://news.google.com/rss/articles/CBMiVkFVX3lxTE5VWXJDeG1Wc3pWRnNKVm9sTk54T0tGdmd0bjNGU2JjZjZRMmZUUWh2aGxZTVFUM3dNN0Vna2dUSFV6SFVscU16UGRkSUNnVEJlWHdHNEdR?oc=5,"Mon, 23 Mar 2026 07:00:00 GMT",2026-09-07T08:51:21+09:00
GoogleNews:健康　栄養,健康　栄養,-障がい者を対象に食と健康の意識調査を実施- - PR TIMES,https://news.google.com/rss/articles/CBMiakFVX3lxTE1LSWxtNVVJYW9QbG9GVHkwYkQ3SU1fS1VCTnJZeDVHRDM5aElEWlctVVVjMGFGMWdDOTNYZFpiMUlVZkprcUlUd1E2MkZMa19BWFBUTTNOOWdJQmFCNmE1R1g1eXB4a1VYVFE?oc=5,"Wed, 17 Jun 2026 07:00:00 GMT",2026-09-07T08:51:21+09:00
GoogleNews:健康　栄養,健康　栄養,食塩摂取量は平均9.6gとなり過去12年間で最低 令和6年「国民健康・栄養調査」②【栄養、身体活動、睡眠、飲酒、喫煙の状況】 - sndj-web.jp,https://news.google.com/rss/articles/CBMiS0FVX3lxTE1OTHdZbzE4SGRpdmtjZGVCZ1RQY1ZDVDVQQlBQN20zWG9QRTRLQkRnQWZPWnBZeHI0QWxyRlNKWlhPamp3aGhUNTlFQQ?oc=5,"Sat, 24 Jan 2026 08:00:00 GMT",2026-09-07T08:51:21+09:00
GoogleNews:健康　栄養,健康　栄養,【講座】日本栄養大学との共同プロジェクト！食と健康のプランニングセミナー開催 - city.sakado.lg.jp,https://news.google.com/rss/articles/CBMiYEFVX3lxTE5hUzQwTmUxeHRFNUVtWDNTTWFGSmVZamM2cXRqVV8xSzJXWEVxbS1pVHRvR3VFZ2ZKTjJlcHBUaDNEZGlKQnZQQlg1ZnNJMXA2WElNQS15QjcweC04R29Beg?oc=5,"Fri, 24 Apr 2026 07:00:00 GMT",2026-09-07T08:51:21+09:00
GoogleNews:健康　栄養,健康　栄養,「健康的な食事不可能に」 栄養価の高い食品、５年間に２５％上昇 国連機関：時事ドットコム - 時事ドットコム,https://news.google.com/rss/articles/CBMiY0FVX3lxTFBJTkdnZFQzazVOTkljei1WelkxWmkyZEVicnhaX3JxVVZFSzRMQ3RhSFZzY0RvbVRBTHVCOGRLU1lXNS1uZk1VdnlfSTl1TmtLRUFGanltbXlwd193bUdSUmRzYw?oc=5,"Wed, 05 Aug 2026 07:00:00 GMT",2026-09-07T08:51:21+09:00
GoogleNews:健康　栄養,健康　栄養,国立健康危機管理研究機構、医薬基盤・健康・栄養研究所が新たな“協働大学院”を設置 ―研究・臨床・行政をつなぐ実践型教育で、次のパンデミックに備える― | プレスリリース - 筑波大学 - tsukuba.ac.jp,https://news.google.com/rss/articles/CBMiakFVX3lxTE9aQ1Noc1ExeVZLM2tlZ3RpZ0lLMHRSY0lPTjRQS2ppRDctVnF2Wmlnc25vNGZwVW1oa0kyMTFHdzdob1RzZGxZNVdFa2NiblFVZEZrNlY4M1VxZ3prbFh3cVZOT054Qm44S0E?oc=5,"Thu, 23 Apr 2026 07:00:00 GMT",2026-09-07T08:51:21+09:00
GoogleNews:健康　栄養,健康　栄養,同じ食事内容でも吸収されるエネルギーは異なる？ ～食事や健康状態で変わる「消化可能エネルギー」の最新レビュー～ - tohoku.ac.jp,https://news.google.com/rss/articles/CBMidkFVX3lxTE02dzZrYXN6UjRKaWk5RGFKc0RndXJuSlZ0RTZQdmc4dWllT0g3a2Myci1oZTROUTRmSDRycUptRUExaUFHdVpMN1hRcGd2Rl92ZWp2SldqQktjbkdrQlEycnp0NHRncXNHWF82M0FJVGpEdG45TVE?oc=5,"Mon, 02 Mar 2026 08:00:00 GMT",2026-09-07T08:51:21+09:00
GoogleNews:健康　栄養,健康　栄養,歯列状態がフレイル重症度と関連し、食事の質がその関連を部分的に緩和 米国国民健康栄養調査 - sndj-web.jp,https://news.google.com/rss/articles/CBMiS0FVX3lxTE5QWHNSa3E5NjAyNTdKZkNVSnZqNVhuaHhYQ2dqOW54S2wtQUtJSTNtdVE4YkkxT182SW5zMnVZSlhPcDlTbncxbGhOcw?oc=5,"Fri, 22 May 2026 07:00:00 GMT",2026-09-07T08:51:21+09:00
GoogleNews:健康　栄養,健康　栄養,【活動レポート】B.LEAGUE Hope×日本生命 地域を元気に！バスケACTION「日本生命×愛知学院大学 健康栄養学科～べジチェックを活用した栄養教育～」を実施 - 名古屋ダイヤモンドドルフィンズ,https://news.google.com/rss/articles/CBMiaEFVX3lxTFBGSV9oZHVCVnZqeVcxNy03V2tSYmVJaFdTQlltNVg0NVRFWGZlZ2FVWGd1aUpzcVlpUkJ0b3piRnhraDJZbkJLZ0t1eDIxS0dtemJxVXc2Smd6VS12dEdtRXBCd2M0SFpO?oc=5,"Wed, 18 Mar 2026 07:00:00 GMT",2026-09-07T08:51:21+09:00
GoogleNews:健康　栄養,健康　栄養,健康メディカル学部 健康栄養学科の学生がレシピコンテストで優秀賞を受賞しました。 | ニュース - 2025年度 | ニュース - 帝京平成大学,https://news.google.com/rss/articles/CBMiU0FVX3lxTFBfVVo5X3d1dHdZVjBxTWdQSWhGUENGdHBNeUpRaHpJV0FBbjA2YWg5Y0Y2eWF6U0VHQUVfNjBHbWhKLVZkVFJQNjNpNGNhRk9JTEN3?oc=5,"Thu, 27 Nov 2025 08:00:00 GMT",2026-09-07T08:51:21+09:00
GoogleNews:健康　栄養,健康　栄養,健康栄養学科 嶋田ゼミが株式会社Mizkanと連携し新レシピを考案| 2026年度| 健康科学部 - shudo-u.ac.jp,https://news.google.com/rss/articles/CBMid0FVX3lxTE5PVDRHV0Y3Y3J0cDREajhGRmRoRW5XYVdEYnlhOGl2bkNKUEZFd3hGQ2lkelVTc2JsWlpTWHdMZENMUW5lY3QzQWwwVWl3SVBxWUViOEtDb1gxYURuQXNEQ0pXcWVKQmJDZlhET3czZ2FjMDhpaHow?oc=5,"Wed, 15 Jul 2026 07:00:00 GMT",2026-09-07T08:51:21+09:00
GoogleNews:健康　栄養,健康　栄養,食品関連事業者の減塩を支援 『食品関連事業者のための製品の減塩ガイド』を公開 国立健康・栄養研究所 - sndj-web.jp,https://news.google.com/rss/articles/CBMiS0FVX3lxTE1vVWVhQVAzRHpkc2JhVXh6NUV0T21LZEc2WDFxN2dJSnliVnNrcXBudlJhV1pEVkNLRmpTdExzS1lKMEJhTXhFQXR3NA?oc=5,"Sun, 18 Jan 2026 08:00:00 GMT",2026-09-07T08:51:21+09:00
GoogleNews:健康　栄養,健康　栄養,体力の変化や生活習慣を見直すきっかけに『くすのき健康栄養フェア2026』を開催 - Digital PR Platform,https://news.google.com/rss/articles/CBMiQ0FVX3lxTE93cTN6VXJWbVBUVzY3bWRTWDRnbVZXMWl0TXNWaHVmUnpoVnNZZ3N6bkxKaEhxR3pNOFJXZG5IaFhhNzg?oc=5,"Fri, 08 May 2026 05:23:38 GMT",2026-09-07T08:51:21+09:00
GoogleNews:健康　栄養,健康　栄養,北九州市 減塩ガイドブック 第4版 - city.kitakyushu.lg.jp,https://news.google.com/rss/articles/CBMiZ0FVX3lxTE1ta3BURkZEY3IycmhvOUdsQzU1UnVudnJLTURaa1dCbTJrTldUS1otczJIWWNaMmZFZUFBRE1HVnh5Wjg4S01TaDh0UkVfV1BRQjhkbEczUUhSRE9NbkRDSWNiMGs4cGs?oc=5,"Mon, 06 Jul 2026 07:00:00 GMT",2026-09-07T08:51:21+09:00
GoogleNews:健康　栄養,健康　栄養,アスリートたちの健康とパフォーマンスの向上を目指しスポーツ栄養学の礎を築く『大学時報』SNDJ鈴木志保子理事長インタビューを公開 - sndj-web.jp,https://news.google.com/rss/articles/CBMiS0FVX3lxTE9ZTDhTdUFpbGhrQUhEdUY3dXlkRnBHdUswLWNBdFo2MmlIdy1fa1ZxZG8tYzNrOFc2NTR1aUdQUXFFWjdObXUzalowdw?oc=5,"Fri, 13 Feb 2026 08:00:00 GMT",2026-09-07T08:51:21+09:00
GoogleNews:健康　栄養,健康　栄養,【日本学国際研究所】紀伊國屋書店新宿本店「相模女子大学日本学国際研究所と学ぶ・知る・考える」vol.9『戦後日本人は何をどのように食べてきたのか？～国民健康・栄養調査結果から考える～』を開催します | 大学からのお知らせ | 相模女子大学・相模女子大学短期大学部 - 相模女子大学,https://news.google.com/rss/articles/CBMiWEFVX3lxTE9FT0Y3dW5EejMzTWhLQVJkYzdVUkgxWHRocmU0WF9tUTZhRzdBbjVJbHRzcm9Pc18yQUd0N3hZQ0V6U01FanprS2lKYWIyVnl0VHgtSFRZQXE?oc=5,"Mon, 22 Dec 2025 08:00:00 GMT",2026-09-07T08:51:21+09:00
GoogleNews:健康　栄養,健康　栄養,【健康栄養科学科】臨地実習報告会を実施しました！ - 福山大学,https://news.google.com/rss/articles/CBMiW0FVX3lxTFByWTRiZVFQeTFQNThiS2VuOGpnRUJyZlZhOE5WOEJDb3RCejBYZ0RTU1hrV2xIbl8teWJ2Y3k4QnN0U0c2TjcwZEFNQTRnN2hOckw2Zy1xM1VrOGc?oc=5,"Fri, 13 Feb 2026 08:00:00 GMT",2026-09-07T08:51:21+09:00
GoogleNews:健康　トレンド,健康　トレンド,“心地よく整える健康”が新基準に！ 2026年下半期の「FYTTEヘルスケアトレンド2026」発表！ - PR TIMES,https://news.google.com/rss/articles/CBMiakFVX3lxTE0wSzAzQnRrdjVDWXFPaDh5bkZhcXNRWDJwUWJqeDdDWEQ5bjluNEhLbDhXMW9mbVh4UkFuY20xN29kX3pSNThIeGdQQU9YSml0MjhMUDI1V1A4cTBxSFVFSGdqWF9vT3ZiZFE?oc=5,"Wed, 01 Jul 2026 07:00:00 GMT",2026-09-07T08:51:23+09:00
GoogleNews:健康　トレンド,健康　トレンド,心と体がととのう「瞑想」 脳の機能や構造に起きる変化とは：医療・健康トレンドピックアップ：日経Gooday（グッデイ） - 日経Gooday,https://news.google.com/rss/articles/CBMijAFBVV95cUxOOXVuRjJSeTRFUG9DbU1IY2J2Qzl4dTNGd19QMWZTcHM0M2p1T2ZXTUJ4RjV4TndGQ3AwY3p6Nl9YdjQ4SWVsSTBWcXVWMm1iRWxIcElpMHYyZ0lNM3ludll5Z29kd2pRSTV5c2h1YktEbmg2RVByZUxPTnBnaFJ5YWZLVVFCZFhBVk1PWQ?oc=5,"Wed, 02 Sep 2026 15:00:00 GMT",2026-09-07T08:51:23+09:00
GoogleNews:健康　トレンド,健康　トレンド,ランナーに優しいカフェが韓国で急増している。これは韓国における新たな健康トレンドだ。 - Vietnam.vn,https://news.google.com/rss/articles/CBMiuAFBVV95cUxPNmlCaS13S01nNGhobHhjNTRNSktNS3NaWVJyQkNTZ3d4UFM2SnhfSFFnSlZ0dzcyMXplZ1FmZkhZSEFwTDRFT2Q5MUE3b2FRa19hVVEzcDA0cXpNY3c3TkpnR0l3QlpIYjBJMkE1UXlKOWRfN0x3RFVPdHZ1YksxWDZXdFUxU1d6VkZoaDJSZkhCZVZVdWxUS1U5Y3Uwak5SYWF2WERqUTN0OU5pWVhTd2U4aWgwVE5G?oc=5,"Wed, 02 Sep 2026 04:30:15 GMT",2026-09-07T08:51:23+09:00
GoogleNews:健康　トレンド,健康　トレンド,カルビー江原社長「最大市場の北米に資源集中」 健康トレンドに勝算 - 日本経済新聞,https://news.google.com/rss/articles/CBMibEFVX3lxTFBEZ29Pd1RXd2RxWnZJM1pValR4VUpidzFpRXF6RlIxUURsUmdhNFVKTDJmbExtU3VHY051Wm0zaVVVeXVlOGRuTG9sZGVYWFhiV01nNmw2R0hHR3RMSmhqcENlZThsZ1p1S3JVOA?oc=5,"Tue, 05 May 2026 07:00:00 GMT",2026-09-07T08:51:23+09:00
GoogleNews:健康　トレンド,健康　トレンド,豆乳カテゴリー、健康志向を背景に金額PI・数量PIともに2ケタ増 - ダイヤモンド・チェーンストアオンライン,https://news.google.com/rss/articles/CBMiaEFVX3lxTE1OWXNXa2pSQ3J0S3NQTExRRC1ZSWp2MDBaUi1pRlVvVk1UVk1VaWQzSTVITFZXU3FkaktERmJCV1RhZlRQQlZkOFh2cmM0TGNnTzhjWXVOczMwa0ZLX1FhR1B4dmVGQjk10gFuQVVfeXFMTTJrM2lDUlJCZ2lOTnJyemxPTl9EOUpBU2tELWpMRlIyRTMtdGtXOEYzUWZOVEhaR2Q3d2ZQYjlWTzIxLXJrSTdtMWt0NHMyVlY2ejA3c25JWDdnRmk0TUtreVF2VnFuMDR3ck1NSUE?oc=5,"Mon, 26 Jan 2026 08:00:00 GMT",2026-09-07T08:51:23+09:00
GoogleNews:健康　トレンド,健康　トレンド,皮膚の若返りがトレンド、治療は今や内側から健康に焦点を当てています - VOI.id,https://news.google.com/rss/articles/CBMiSkFVX3lxTE5ldml1TjFYYmEtOE1PUms0TmpCTnI2LU0zbnpPOUJyaGJDaHVUX0hHMmtTSURWamMwN19tSG9DNy1ONnFVMWhmUGNn0gFCQVVfeXFMTzlTa2t0UkFZblRzSFkzbmNPNzEwdUJsZlBWRWlGOWNHNl9NMS1EMk94YlVBRXA3Qm5iUWxCUTF5Zml3?oc=5,"Fri, 04 Sep 2026 08:42:00 GMT",2026-09-07T08:51:23+09:00
GoogleNews:健康　トレンド,健康　トレンド,TPCマーケティングリサーチ株式会社、『2026年 健康食品市場トレンドレポート』について、調査のポイントをインタビューした記事を公開 - ドリームニュース,https://news.google.com/rss/articles/CBMiU0FVX3lxTE1SQW1mQ0toMmtnVEV3R3liRndza1hsS3JwLVcybElvalBYN2czQ29sd1VLNm9mNmRoWUFTRExUSkt0cVdoVlBGWE9pcGFvU2N2RFY0?oc=5,"Wed, 19 Aug 2026 07:00:00 GMT",2026-09-07T08:51:23+09:00
GoogleNews:健康　トレンド,健康　トレンド,【健康経営セミナー】【FiNC Technologies×GPS-Business 共催】Z世代に選ばれる企業とは？ 新卒採用×健康経営の最新トレンド ～2026年9月3日 開催！ - PR TIMES,https://news.google.com/rss/articles/CBMiakFVX3lxTFBHVEdCVWpUQ2h2WGJWWTNnbHVsNERuaXJhaW9fdXhlYVl5X25OR0I3eGo4ZmVsYnBfTTQ0V1llMkNuWGptdFV6akozdDlkQjVvQ2REeERLb2F5TlZGTmd2c1JoTG1RTHJ6Qmc?oc=5,"Wed, 19 Aug 2026 07:00:00 GMT",2026-09-07T08:51:23+09:00
GoogleNews:健康　トレンド,健康　トレンド,カルビーが芋のミルクをセブンでテスト販売 狙うは「ゆる健康」市場 （2ページ目） - 日経クロストレンド,https://news.google.com/rss/articles/CBMidEFVX3lxTE4tVnMtRFh6RlhmeWVxMVkyalR5elNveUt2R3dvWDBZc2RhZkF4aDZYTlZ2d0FXU0N6UWVBRDZRcndiTm1DQ0ZiSnYtOUtfYkhlZUdOSlNMRTJ4eUUtRVVqSE90VzRiNTNuUlVNR0x6NlVXQ0dZ?oc=5,"Thu, 20 Aug 2026 07:00:00 GMT",2026-09-07T08:51:23+09:00
GoogleNews:健康　トレンド,健康　トレンド,「座りっぱなし」「長時間労働」… 腎機能低下につながりやすい要注意習慣 - 日経Gooday,https://news.google.com/rss/articles/CBMijAFBVV95cUxOcGlZeGxFVnYtU25kZDBoQm9QRi03d3ZMaExIZjdibTJKOF82cTNVaDdYMjdaSEpFR0J5c1ZVN29kampCeENRN3ctV1NPempndU5hVkkzaDVZNDJOMGtKam56RGtFb0RtbE53N3VOZWlKS0VONjFqeVBKMHd4MzRaNmZkQUpFbTJuVkFEUA?oc=5,"Mon, 31 Aug 2026 15:00:00 GMT",2026-09-07T08:51:23+09:00
GoogleNews:健康　トレンド,健康　トレンド,ミツカン参入の背徳市場が首位 ECに効く6月記事ランキング - 日経クロストレンド,https://news.google.com/rss/articles/CBMiZkFVX3lxTE1TM0d4MUFZQlVkOVZqeGxtaS1jYUNpZEhQRWxTbGZoTjF0X2I1S3ZzY2UxdHJwV1NjZ09wakNOb29PUEFscDJ1QzF1LTdZUWJyS1pzbWw2Q0xFcmRxbkxLMW9IZ0l0dw?oc=5,"Fri, 03 Jul 2026 07:00:00 GMT",2026-09-07T08:51:23+09:00
GoogleNews:健康　トレンド,健康　トレンド,【速報】今年の健康トレンド総決算！「からだにいいこと大賞2025」受賞結果発表＆オンライン授賞式レポート - PR TIMES,https://news.google.com/rss/articles/CBMiakFVX3lxTE9HWHN2OFBrblJ3UnMtRW5OZ1kzRnpQTzA2bEI3WGxESXBrdVJXTUFYdXkzYmpjemRTUmplT014T0MyOFVRcldKNVNrMFE5YVZjT0hndlVTX3ptUzk5MlFLTVFrcXpQQWNpZ3c?oc=5,"Tue, 16 Dec 2025 08:00:00 GMT",2026-09-07T08:51:23+09:00
GoogleNews:健康　トレンド,健康　トレンド,腎機能の指標「血清クレアチニン検査」が企業健診で必須に その理由とは - 日経Gooday,https://news.google.com/rss/articles/CBMicEFVX3lxTE0tZEpoeE90T011LUE1TmlNNjZaMnVzaUw3VElCdUJpei15Z05rbXN1QzYtbTQ4Rl9PTlFnMW10MUFpTnM0WFZybGNDVW5sNGczNHZtU2x3TGdNNVRXY3haYXlWQzNpVmFLXzVNZnN2LVI?oc=5,"Mon, 24 Aug 2026 07:00:00 GMT",2026-09-07T08:51:23+09:00
GoogleNews:健康　トレンド,健康　トレンド,健康・美容の最新トレンドが今年も集結「からだにいいこと大賞2026」本日よりエントリー開始！“あなたの愛用＆NEXTアイテムを教えてプレゼントキャンペーン”も同時開催中 - PR TIMES,https://news.google.com/rss/articles/CBMiakFVX3lxTE5zcDVlZVRmcXBnTjlyY0VqdG9FTllFZ0dJSl9pYklIYlMyVlpna2wwc3M5SmtmZFhkd1UzQnBFVzQyN3ZLczJpQVZsU3RTNDVYMmdjUUxWR2xWNWhkcnVXXzlwX2hsTGpOS1E?oc=5,"Mon, 01 Jun 2026 07:00:00 GMT",2026-09-07T08:51:23+09:00
GoogleNews:健康　トレンド,健康　トレンド,「紅茶」の健康効果 飲み続けて生活習慣病を予防、腸内細菌叢も改善 - 日経Gooday,https://news.google.com/rss/articles/CBMicEFVX3lxTE5TalVyUWZTclNsR3Fza3BkZmtrNUlZdkFjT2xsaXpnMmtMaXhhZkJPRHdRczBIQThLQ0I4UDZsRHVrWmVFMnhSYjVPR1RnTkZMRkhOZVJ2eEwzQnRNNmRZcHBDeGUtNFotV0dfdkwzN2s?oc=5,"Mon, 06 Jul 2026 07:00:00 GMT",2026-09-07T08:51:23+09:00
GoogleNews:健康　トレンド,健康　トレンド,舌の筋力低下を防ぐ！ 舌圧を鍛える舌トレーニング、姿勢も改善 - 日経Gooday,https://news.google.com/rss/articles/CBMicEFVX3lxTE5wRnVxS1liNzQtdXVrVjVVS3dkMmxoZk5zVUR4UHZLWVhvOXc3OUxTdzJXZTlRWmFNMzd5dGUyMEgxVFdIRm50NDRJS3VIbm03UTV3SWVvZWhvUWRzYTFhSDBvN21IV2szcUUtMjB3UG4?oc=5,"Tue, 21 Apr 2026 07:00:00 GMT",2026-09-07T08:51:23+09:00
GoogleNews:健康　トレンド,健康　トレンド,【速報】「からだにいいこと大賞2026」の開催が決定！健康トレンドを牽引する祭典が今年も始動、まもなくエントリー開始 - PR TIMES,https://news.google.com/rss/articles/CBMiakFVX3lxTE5IVWYzVm40VGhMaF9wWHVTRVFSVFc3NEhBZzM3REpsU3IyRk9qbmFIRWw0NG5Ed3c2ZlRvRXhhajQ1NURtazZXbF8wcUxFWngyeFdWWWhNQk81MXNjcXB0M0RvMUVVazlMRUE?oc=5,"Fri, 22 May 2026 07:00:00 GMT",2026-09-07T08:51:23+09:00
GoogleNews:健康　トレンド,健康　トレンド,1日ひとつ「ヤセ行動」を選ぶだけ！ 大学病院で考案 “我慢しない”ダイエット - 日経Gooday,https://news.google.com/rss/articles/CBMicEFVX3lxTE84QjRnQWN4SDlaUklZNWdNWkRYY1QtNDUwRVR4bVJDOXNYaVpqZVpWTW1xRlNSQVU3cUJyOUpSenNlMGFadWNSOGdWT1RoSVA1Mnl0WDBHYUJJV0RJYXZOdWJsTUFFZHV2UTl6ZVF4dHU?oc=5,"Tue, 28 Jul 2026 07:00:00 GMT",2026-09-07T08:51:23+09:00
GoogleNews:健康　トレンド,健康　トレンド,味の素がeスポーツ参入 目指すは「健康なゲーマーこそ強い」の証明（日経Gaming） - 日経クロストレンド,https://news.google.com/rss/articles/CBMiZkFVX3lxTFBXMjJFNUltYU1CVDdfdjJjN0N3Tl9pbjVqQm5hYzQ3U0VQN1BFMW5MSUlPcU41dTRiNXlxSzdvNmRmR1YzMzZpaWZBeWFrQ0ZGWHNNaDJaUmF6Yk1ZdHFqbmZsVFNsUQ?oc=5,"Mon, 06 Jul 2026 07:00:00 GMT",2026-09-07T08:51:23+09:00
GoogleNews:健康　トレンド,健康　トレンド,「24時間の健康管理」へと「トレンド」が「変化」した最新「ウエアラブルデバイス」6選【本当に売れているモノ＆売れ続けているモノ】 - Yahoo!ニュース,https://news.google.com/rss/articles/CBMif0FVX3lxTE1tN0FoSmZhSjRiVjJDd09sd2p0cF9qelNqMVRrRXM4ZUl1dllRaDRKam1HdndkRWlyZXJ6Y002WVFKOFZwNlZseWpkeDhJUFNhdy0zX3Y2OUtVSTNMWmJDdE9SbjZqcW5vVmRwVm0xSkp1WEc4NVhySVMzdy1zbVk?oc=5,"Wed, 06 May 2026 07:00:00 GMT",2026-09-07T08:51:23+09:00
GoogleNews:健康　トレンド,健康　トレンド,筋膜が今、健康トレンドの中心に──その正体と科学的根拠 - forbesjapan.com,https://news.google.com/rss/articles/CBMiWEFVX3lxTE94enRfbkpnVU1pbE9OOVJWakdLQk1saDUtZ0ljLU5YbVgzWHhoUUU5eHJxRlMzTUV3T2JQMEVQaVdrY29uZ2Rxb3NoRDhwOUNoam1GQ0JXNWM?oc=5,"Thu, 30 Apr 2026 07:00:00 GMT",2026-09-07T08:51:23+09:00
GoogleNews:健康　トレンド,健康　トレンド,「おならサラダ」は本当に健康にいい？ 栄養士が解説 - ELLE,https://news.google.com/rss/articles/CBMirwFBVV95cUxNd2lQZnBoZ2M3ay0wX2ZudjNGOE9QQlJkeHJldGhPd085WkNwUnpzRTdSTXdSbjNlWTlCZFR0LXJOOTVJTElrWWxoaVVrSnk4Q2dLX01fUzk1bS1WQV9weEMwMEg2YnZnVHVXMmdodVFBOC1WaFNxOWRMbm1WMW5jUHM5TktjbXl5QkpLa3pPV1hnMHZDZ0VPRExPMFJXRWExRUh0R0g5NC1pZWtFR0hZ?oc=5,"Sun, 28 Jun 2026 07:00:00 GMT",2026-09-07T08:51:23+09:00
GoogleNews:健康　トレンド,健康　トレンド,2025年の健康トレンドを凝縮！過去最多567商品から選ばれた『からだにいいこと大賞2025』全受賞商品を一挙公開 - PR TIMES,https://news.google.com/rss/articles/CBMiakFVX3lxTFBkNGFvd0hsWmhlemFYMDFUbkRoNHo4YjJ6NDFsdENxYjV4OHptMm5oT0NtSmhNMmJGOEtSbk5xQU9VUFpuY3piNGpMRjdJWG5ia1dFVlJBVEpDTngweFhsZlpoaUNCNWNqd3c?oc=5,"Fri, 26 Dec 2025 08:00:00 GMT",2026-09-07T08:51:23+09:00
GoogleNews:健康　トレンド,健康　トレンド,【今日のトレンド】【熱中症アラートの歌】夏の健康を守るために（フル）｜#熱中症 #夏 #健康 #歌にしてみた Alicja Szemplińska (tto3BDuPsP) - Mshale,https://news.google.com/rss/articles/CBMiW0FVX3lxTE5MdHhqcjNkXzJtNnVpaTRkSkthZ1dDeVZFZ25KWnJ2UVFJbW1mNG9KejhjR3BoVC1kN3NTWjJZa1ROa1V3Zm5oeEJiUDZUMzR6dkpKVlF6QnJWeFE?oc=5,"Wed, 02 Sep 2026 10:46:14 GMT",2026-09-07T08:51:23+09:00
GoogleNews:健康　トレンド,健康　トレンド,健康トレンド2026！注目の健康食品・サプリメントビジネス - PR TIMES,https://news.google.com/rss/articles/CBMiakFVX3lxTE5wTlg4MDNuZXEycnpCX2dGTTdZMk9NYVpiRnYxRVlxcEhsV2RJU1YwVVgyQnEwOU90ZkhsV21RNDhlRUZvZUZhODVoQWZ6V0NSNi1QbjEwckNLY3VPcW8tSF96MGp4S0FFeGc?oc=5,"Thu, 19 Mar 2026 07:00:00 GMT",2026-09-07T08:51:23+09:00
GoogleNews:健康　トレンド,健康　トレンド,TPCマーケティングリサーチ株式会社、健康食品市場トレンドレポートについて調査結果を発表 - ドリームニュース,https://news.google.com/rss/articles/CBMiU0FVX3lxTE96Y3VIMGVjQ1l5elhZU0ZkbTV5VmluaGt0UDc3UkpySXhZSnozN2gxdmFRRTJ4ZGxKX21ybFFLNk02c2VqYnhUSl9jU1JZY1dFcVVv?oc=5,"Tue, 16 Jun 2026 07:00:00 GMT",2026-09-07T08:51:23+09:00
GoogleNews:健康　トレンド,健康　トレンド,食のトレンドは「手軽＋日々の健康」がキーワード！手軽に健康を意識した料理で自分を労わる、新たな食のスタイルに注目 - TOKYO MX,https://news.google.com/rss/articles/CBMiZEFVX3lxTE10a2NWbHI1OGxKUGJCbm1YR2J1eWI3UHBlMDBHbFBzekhQbW5mRGpVVlFSX3dsOFYzNzdrQUNRdmVOUjFiT3ZYZmhpalRxaUJxb3d0UDJpLXJQa2tWOHkzM0doZTg?oc=5,"Thu, 29 Jan 2026 08:00:00 GMT",2026-09-07T08:51:23+09:00
GoogleNews:健康　トレンド,健康　トレンド,今年の「食と健康」のトレンドは？『あすけんトレンド大賞2025・あすけんトレンド予測2026』を発表 〜90億件超の食事記録データから見えた2025年のトレンドは「パーソナルカスタムフード」〜 - PR TIMES,https://news.google.com/rss/articles/CBMiakFVX3lxTFBoaXdSb1NNMGdfbTRqbkpGQnFVeEgwakhCSEsyR21rMGxpMXVrVkRneTFvaTcxQUVMMDRjbldRV0w1VnhNby1rQTZ0ZUo1Z2Z3MDYzUTV2YWVhcTJiX081cEUyM1RtdWxmVmc?oc=5,"Wed, 26 Nov 2025 08:00:00 GMT",2026-09-07T08:51:23+09:00
GoogleNews:健康　トレンド,健康　トレンド,CES2026における「女性の健康」トレンド - newspicks.com,https://news.google.com/rss/articles/CBMiU0FVX3lxTFA0LWFVOERtZHBvMXE5MEZ6Mm8tNXE4c2xzMVg0bWtNNmFvc1hIc1U2V3FIczk1YlB3UFJxUnVHY29saGVpUmZ2SnRhX2VrWWhXa2F3?oc=5,"Sun, 11 Jan 2026 08:00:00 GMT",2026-09-07T08:51:23+09:00
GoogleNews:健康　トレンド,健康　トレンド,物価高への不安は「収入・資産不安」より強く、女性は10代‐20代から健康不安が高い｜2026年トレンド調査 - PR TIMES,https://news.google.com/rss/articles/CBMiakFVX3lxTFBseEpuYVRDRG1aX29MUGxMenhqUXZXeXBBZjlSa2NkSWhBdDE3RUdFMl9YbEhpNnVzc2VhdU1Ib0hTUXM0VW1PbUZaOExmR21BZG9kX09SMHVtdHhQeXk2TUgyb1lVMjg5ZlE?oc=5,"Fri, 09 Jan 2026 08:00:00 GMT",2026-09-07T08:51:23+09:00
GoogleNews:健康　トレンド,健康　トレンド,『あすけんトレンド大賞2025・あすけんトレンド予測2026』を発表しました - 株式会社asken (あすけん）,https://news.google.com/rss/articles/CBMiZkFVX3lxTE9xbVp2WkRQSUYwdWVjWGZRdEZFUWdTZjB4QVdMcnVnQ0NqUnJCUFRHbjhqblVUSnVMRE5aMk9WdWdDci1IalpVUkpQQXB3MlJKcnBicWVFMzlPenhUMllfdVhMcXlJZw?oc=5,"Wed, 26 Nov 2025 08:00:00 GMT",2026-09-07T08:51:23+09:00
GoogleNews:健康　トレンド,健康　トレンド,腸内健康の新トレンド「ファイバーレイヤリング」って、なんだ？ - TABI LABO,https://news.google.com/rss/articles/CBMiU0FVX3lxTE1NNi15RU9MQ3BxaGcwYmZPZHR0aWhBZnh5elJ5ZDNNcVpqUWJMWTJhZFBSYXd2dno2dW5ibXNiRWtYWGJ5cVQ4ZnB6VGMtSXk3eHNZ?oc=5,"Wed, 08 Apr 2026 07:00:00 GMT",2026-09-07T08:51:23+09:00
GoogleNews:健康　トレンド,健康　トレンド,「1日1万歩」の必要はない！ 日本式ウォーキングが世界的な健康トレンドに - marie claire [マリ・クレール],https://news.google.com/rss/articles/CBMiWkFVX3lxTE9DLWxHaUVHT2dJZGg0cU9MbmY0M3diRDUxeVM1QWlydkNHcDg3c2t3bkVtQ2N4azgyQnpybTBCbGl2bTZkeTRxbmhzcEE1MzBKZXpnZGFrdEJPdw?oc=5,"Wed, 07 Jan 2026 08:00:00 GMT",2026-09-07T08:51:23+09:00
GoogleNews:健康　トレンド,健康　トレンド,私たちの一生を支える「漢方薬」 そのエビデンスと強みとは - 日経Gooday,https://news.google.com/rss/articles/CBMicEFVX3lxTE5BUUMyTlhIclBfMDBSLVJsZ1dOSDNQV2c0aGNFaG4zajFpRzZiOWs2U245OG9OZHl3ZnY0VU9ydDY5dTh0b2ZiZUI1azVPaFhzTmtpRkNqQktOVGNRall1WnJpWFY4YW51aV9ZZG9Edlk?oc=5,"Thu, 25 Jun 2026 07:00:00 GMT",2026-09-07T08:51:23+09:00
GoogleNews:健康　トレンド,健康　トレンド,インフルかかりやすい人5つのタイプが明らかに 2026年新株の特徴は - 日経Gooday,https://news.google.com/rss/articles/CBMicEFVX3lxTE43RXd1N0RIUW5qLXZDTExnMUlRcnBUX1g0eXNJc2lscjNwaDhhNUNhVDFZZk9pWkxMSG41ems3SkZxYV9UeEtEWnhPUjhMTEtQRUNpR2dkVWRibnhDalVQUHQwdXVod1N0UkEzLWxBaDg?oc=5,"Wed, 07 Jan 2026 08:00:00 GMT",2026-09-07T08:51:23+09:00
GoogleNews:健康　トレンド,健康　トレンド,健康・機能性市場トレンド2025 秋・冬 - ダイヤモンド・チェーンストアオンライン,https://news.google.com/rss/articles/CBMiaEFVX3lxTFBFcEhtbl9kYmYxYk1kZjQ1Sjg3NVdZaENmQmhIQmlwWXVBMGpJUHA5YnJfWlN6bDZSUU5SV19IMWxoRmFYeGdETmUtT0JoLVBtXy1yLS1sQWxtcV9FNEVJUGxKM3Q4QWNN0gFuQVVfeXFMUHc1OVFLaTFkM2tCTmtZRDFHdG5XcC1VUVMzNG5oRDRNcFlfTFUwWmR2ekh4TXBEWG1JWEJUcVR4RUM3bnRTR2l6alVaeVA1VV9kYmpfaHRIbDNBemtFSnE1SGlHdnlkWUV1Y3AzMGc?oc=5,"Fri, 24 Oct 2025 07:00:00 GMT",2026-09-07T08:51:23+09:00
GoogleNews:健康　トレンド,健康　トレンド,女性ヘルスケア白書 市場動向予測2026 〜健康トレンド・業界動向・女性ニーズ〜 - ウーマンズラボ,https://news.google.com/rss/articles/CBMiRkFVX3lxTE8yQ1BXMXpwVDZsTS1YLTZ4WWVTZF9UQ3ZfSTdGb2FoZE5ZdXFENlpIS21QcFE1T1lYVzlmOWE0RkN0TlRpZkE?oc=5,"Thu, 16 Apr 2026 07:00:00 GMT",2026-09-07T08:51:23+09:00
GoogleNews:健康　トレンド,健康　トレンド,韓国流通業界、紫色の「ウベ」商品で新トレンド狙う…視覚と健康感で人気（KOREA WAVE） - Yahoo!ニュース,https://news.google.com/rss/articles/CBMif0FVX3lxTE45SmIwRDZpdzNzdDdkTnViTTlxdUxsejhobzJvQzRCV05GeGowUHBKZVV0SEFTaHpvWE9GVklGSDB6UXJoLU1LRlpseHRTWXlxSHdOMlVoNU1iLW55djNQSWEtbXRtLXFQT09Pc29NdXNSZ29SemdYdWZoNC1UUEU?oc=5,"Tue, 28 Apr 2026 07:00:00 GMT",2026-09-07T08:51:23+09:00
GoogleNews:健康　トレンド,健康　トレンド,コカ・コーラのCEOは健康的な食事のトレンドに注目しているが、それはプロテインではない - Business Insider Japan,https://news.google.com/rss/articles/CBMingFBVV95cUxQX083ZzFWRGdzY2htZkV3ODcwRFQ2UWlUM2hsNk9TNlZIM2VFQnZVLTB3WWljU0VGa3huaUJvcWhNZG8teFVqMDhJMXVHVE4zQ2tNRzRmT1BfMFlQelRwN1c1cUZxRTFmbE9LZ0lVTGNhUnFreXVPNkdHQXlPTWpqV0NCeG5qQ3RLN2FPN2lPalZZNnd0T3gyZlhfbUJKUQ?oc=5,"Mon, 26 Jan 2026 08:00:00 GMT",2026-09-07T08:51:23+09:00
GoogleNews:健康　トレンド,健康　トレンド,健康な社会づくりを目指すミラノ・コルティナ2026とイタリアのAI／サイバー政策：海外医療技術トレンド（128）（1/3 ページ） - MONOist,https://news.google.com/rss/articles/CBMib0FVX3lxTE5ac1ZPTVdMZXEwRjIzNDFLMjk2U0JFR1lucjFSeDBSWi1jOWllMndZRVJEQ0tYUFJVZWhRQk1uVXRucXlOU2ZPWmVrMjBWeld3TzZEUGIweEQtMEREMVRMNDVXQkRieHFQYmNoMjIxVQ?oc=5,"Fri, 13 Feb 2026 08:00:00 GMT",2026-09-07T08:51:23+09:00
GoogleNews:健康　トレンド,健康　トレンド,新春特集第1部：重大トレンド解説2026＝健康寿命の延伸 エピゲノム年齢で提案 - 日本食糧新聞・電子版,https://news.google.com/rss/articles/CBMiakFVX3lxTFBUdUwxX25iY0VDczl6bkV1WlRTLXZTaGttS20wWkxUQnd2bEFrZ19JOFRFekl1Nk5UZ09pVGRTS2M0QWxNMVB0TW1vc0FxVWJ1OFhaRjg3N25ZMEh0cjJFVGpSV2ZtOFJJQUE?oc=5,"Thu, 01 Jan 2026 08:00:00 GMT",2026-09-07T08:51:23+09:00
GoogleNews:健康　トレンド,健康　トレンド,「24時間の健康管理」へとトレンドが変化した最新ウエアラブルデバイス6選【本当に売れているモノ＆売れ続けているモノ】 - GoodsPress Web,https://news.google.com/rss/articles/CBMiVEFVX3lxTE5OaHhwdGkzU2xfUEl3ZnNnUnNGR1RXcUdZLWRiMXlXMXJZdE1GT2ZpYTVrdEdUZUxIQmJzcDdvUEMzNmVFeEExTXdDR21qUGtQbHJYdQ?oc=5,"Wed, 15 Apr 2026 07:00:00 GMT",2026-09-07T08:51:23+09:00
GoogleNews:健康　トレンド,健康　トレンド,24時間リカバリーウェア「ReD（レッド）」 マイベストアワード2025トレンド健康グッズ部門 最優秀賞受賞 - 株式会社MTG,https://news.google.com/rss/articles/CBMia0FVX3lxTFBiTS1RT01fcWotcDhVLXJkYURYU3hYMmFSODk2RHhVdmc5UTVzMUdWUFp2aXJpNUVkaXJYMWhNaDBJWDl0cHpCdlZVZUc0QzE5U0xYMjRnWXR4N2JSMDlPNXNLb2dwRVltVU1n?oc=5,"Fri, 28 Nov 2025 03:02:19 GMT",2026-09-07T08:51:23+09:00
GoogleNews:健康　トレンド,健康　トレンド,ミンテル 2026年: 世界のビューティ＆パーソナルケアトレンド予測を発表－医療・美容領域の接近とメンタルヘルスをサポートする美容品、「不完全」で人間らしい美への回帰 - Mintel,https://news.google.com/rss/articles/CBMiiAFBVV95cUxOZDVhVGpKMk12ZnJzN196TWJOTUxMTVhwR2kyQ0VHYm1pN01XMDR1US1tb1hGREcyMGhFeElLdjNwVjRHdVN4QnViR3JJOVRhRUZpWklkNlBGSUhiYjR3RDM1dTl2N21FVGpIa25KOUJjdGdHSEM0Yl8zRkdDbUR5TU1xcV92c1Y5?oc=5,"Thu, 09 Oct 2025 07:00:00 GMT",2026-09-07T08:51:23+09:00
GoogleNews:健康　トレンド,健康　トレンド,トレンド トラッカー：日本FFCの普及状況、韓国の健康補助食品生産状況 - nutraingredients.com,https://news.google.com/rss/articles/CBMihgFBVV95cUxOdmxKWmI3SW53d2FvTnlFVHpfdTBVeGg2T2xFZzVfclpNQkNYclJKRXVrbjdVR3ZhajZ0bWxfam5vN2o4ZHA3cU52Tml5cHRVWFZlbWpYSDlLSlR5ZmJHZGt0UlJaUlhvQ3RkMkx4QUI0Z0dqSGhzZm5qSG02OWlCRmhhN0FIdw?oc=5,"Mon, 27 Jul 2026 07:00:00 GMT",2026-09-07T08:51:23+09:00
GoogleNews:健康　トレンド,健康　トレンド,栄養士・管理栄養士200人に聞いた！2026年トレンド食材予想TOP３は「発酵食品」「冷凍野菜」「サステナブル食材」キーワードは健康×時短×環境 - PR TIMES,https://news.google.com/rss/articles/CBMiakFVX3lxTE0wdTFzOHM2a1ZhaXE2TjY5Q2F1Ry00cWFkcXZWQ0dzTDhMTXR3a1FyVWl0SWNQUS1yRkFmU1RkRXYtMTl0RzVrdEhBZzlWdllxaHNNMDZkZExpTHRPTVc3VHBZSUhtdVJjc0E?oc=5,"Thu, 04 Dec 2025 08:00:00 GMT",2026-09-07T08:51:23+09:00
GoogleNews:健康　トレンド,健康　トレンド,SIXPADやエクサガンがさらに進化？ 「健康グッズ大賞2026」を決定 - 日経クロストレンド,https://news.google.com/rss/articles/CBMiZkFVX3lxTE4xVHRsdVo4QTZGTng4YVoyb2djbW0zd0FSYWgyRHJsWnpSanhRTXd5RmNCaTdZTnpMRDc3aVE4UW9za3BvbG1tREFwUTY1OUFpbUhQbjAwWmM1NTkwRkt0Y2dJOUdtZw?oc=5,"Tue, 17 Mar 2026 07:00:00 GMT",2026-09-07T08:51:23+09:00
GoogleNews:健康　トレンド,健康　トレンド,【母の日検索トレンド発表】母の日関連の人気検索キーワード、2026年の傾向・トレンドを紐解く。2026年は「健康・癒し・実用性」。「母の日検索キーワードランキング TOP15 2026年4月版」を発表 - PR TIMES,https://news.google.com/rss/articles/CBMiakFVX3lxTE1WSm1yUlM0MUFubDNSRllDZ1BBVzlweEl6THVOdVphU3lvSGhuZXhTYlowUEVLZTh4Ul9YaWZ6NWJjS1lzSXNpbmg5TC1zUEI2UEg2TFVBQkxNN044dW9yRjR1YUNPUHNoYmc?oc=5,"Sun, 03 May 2026 07:00:00 GMT",2026-09-07T08:51:23+09:00
GoogleNews:健康　トレンド,健康　トレンド,サントリー「NOPE」、コーラ以上の糖度でヒット 開発者3つの英断 - 日経クロストレンド,https://news.google.com/rss/articles/CBMiZkFVX3lxTFA4WXl5d25sNlVVYlZSSnJBOUZwbWZzeUVHdHFzX19IaG93YmoyLW10UkczMTdnNmdaTEhYU2JqeTI0cWMyQnVPUC1oUURLVExhSzl0TF9iR0JpS0JSVWgyWTh0X0JTUQ?oc=5,"Mon, 06 Jul 2026 07:00:00 GMT",2026-09-07T08:51:23+09:00
GoogleNews:健康　トレンド,健康　トレンド,【来場登録開始】国内最大級の健康・美容ビジネス展「健康博覧会2026」2/25-27開催 ～新企画続々、400社が最新トレンド発信～ | インフォーママーケッツジャパン株式会社のプレスリリース - PR TIMES,https://news.google.com/rss/articles/CBMiakFVX3lxTE5tUlR3Mnk0T3U1WmhsZHhTTWNTSDB1YUFDVm5iZWF2b0xSenFFdVhMSDEyTTJEQTZxNVdOaDAtdmEyNEZ2aDJPb0xnRWFYR01kVWUyQVgtSGZZZGlDbzFGaUJicGhlNEREcnc?oc=5,"Wed, 24 Dec 2025 08:00:00 GMT",2026-09-07T08:51:23+09:00
GoogleNews:健康　トレンド,健康　トレンド,トマトジュースが健康志向の高まりで人気 豊富な抗酸化成分【経済トレンド】 - 47NEWS,https://news.google.com/rss/articles/CBMiS0FVX3lxTE5CT250Y2JTSnVqRlFJTk1tek1fYUxQNDV3aXFjTEJjRllJUGlLRXJ5SHRzWkRtRHJVc1QtczN1Mm9qWTlZemlOQmdfMA?oc=5,"Thu, 12 Feb 2026 08:00:00 GMT",2026-09-07T08:51:23+09:00
GoogleNews:健康　トレンド,健康　トレンド,「もうちょっと父の日も頑張ってもらいたい」健康を気遣う商品に…疲れを癒やすケアグッズ 今年の父の日ギフトのトレンドは？ - 日テレNEWS NNN,https://news.google.com/rss/articles/CBMihwFBVV95cUxPaUsyNkhHWEdhcWdKNEs0S1NPLVl4WThQMkJuT0FQZ01tMEttRjZJallHZW1rVHo3UExXWEpib1YydFJjNTRKSWRFUEJTVW93MTR0c2hrWTJJc1lORFh3UlkzVE1YczgzaXl4Y0RwTGFzOUJFVDFIbFZyWHFKZ1kyT3BJNmpEbnM?oc=5,"Thu, 18 Jun 2026 07:00:00 GMT",2026-09-07T08:51:23+09:00
GoogleNews:健康　トレンド,健康　トレンド,40代以降でも「乱視」は進む 理由はゆがみの軸の変化にあった - 日経Gooday,https://news.google.com/rss/articles/CBMicEFVX3lxTE1zaGJmeEh2TVhlaU45TncxcW02RVZNWWIxandFU1ZRaE9zQkJac19kWEFQdkhIcXpIWVZaYkxkbmU1MUdyNkZ2V2c1RlloLWpqS1NoNXNBRUcwSVFaNDgyemtfTkRXTzg4b2lNazl6cng?oc=5,"Mon, 26 Jan 2026 08:00:00 GMT",2026-09-07T08:51:23+09:00
GoogleNews:健康　調査,健康　調査,能登半島地震・奥能登豪雨の被災者、65歳以上の半数がフレイル予備群 石川県が健康調査結果報告書を公表 - 中日新聞Web,https://news.google.com/rss/articles/CBMiVEFVX3lxTE5VWm15Q1JSUU04OXk5aGRyN3NoQTAyWURuWW5tTmFoSktHNDZYSzBFUmdRMFpUMU82c2VSYlJ4WHViajZ6VU9QelZZMk9DaElxNUhmaA?oc=5,"Thu, 03 Sep 2026 10:21:26 GMT",2026-09-07T08:51:25+09:00
GoogleNews:健康　調査,健康　調査,能登半島地震・奥能登豪雨の被災者、65歳以上の半数がフレイル予備群 石川県が健康調査結果報告書を公表 - 47NEWS,https://news.google.com/rss/articles/CBMiS0FVX3lxTE9GTkZkYUs3QURPb3hITGFkWmlNem9WajdaSjJQdERLdkpFT0w2ZTAzZHp3dTBUcVlsZlJGOHNuR0VpZ1JjQVA5cHFWaw?oc=5,"Thu, 03 Sep 2026 10:21:00 GMT",2026-09-07T08:51:25+09:00
GoogleNews:健康　調査,健康　調査,「健康経営銘柄2027」・「健康経営優良法人2027」の申請受付を開始しました - meti.go.jp,https://news.google.com/rss/articles/CBMiY0FVX3lxTE9wQjg2SC1uZjR3WDE0RUxOckpqMFM4cTlOazRUUXIzYmxheTNZT3YyVDlZem54SWNoZi1LRnZLWTlGajhTU21zVnRSUkJQM1BqYUo4T2g0V0lFYjl1Yl80T2RNVQ?oc=5,"Mon, 17 Aug 2026 07:00:00 GMT",2026-09-07T08:51:25+09:00
GoogleNews:健康　調査,健康　調査,北海道の喫煙の状況 - pref.hokkaido.lg.jp,https://news.google.com/rss/articles/CBMigwFBVV95cUxNdFpfN1FUNXFwUm40T0toUGZxS2VSci0wV2p0WDdNbTg0VnNZa2tCdVlDQ3YyMGI1alVMWU40NVRjeks2dlZwT2dqOVJPU190VW94THUzV0xjU2haNUhONFRBa3F4ekwxUzI3Zk9Ia2wwV2dLUmVkRlJJT2tHWXBpbEpNWQ?oc=5,"Wed, 19 Aug 2026 07:00:00 GMT",2026-09-07T08:51:25+09:00
GoogleNews:健康　調査,健康　調査,厚生労働省 老人保健事業推進費等補助金 老人保健健康増進等事業 - nttdata-strategy.com,https://news.google.com/rss/articles/CBMiZ0FVX3lxTE9sYXZFMndYY0l2R3FObUhZeVBzYzFDN21WZDlKVk1OeHptM2F2NEw5S3RfdXVORy1abURKLXJHakR1X25meEZTN1JrR2l1MGFvN0xPVmY4cFBqR1BISl90V1pqWVNtRVk?oc=5,"Mon, 17 Aug 2026 07:00:00 GMT",2026-09-07T08:51:25+09:00
GoogleNews:健康　調査,健康　調査,能登半島地震の被災者7346世帯の健康調査結果 仮設住宅居住者で心理的ストレス「高度リスク」が増加 - TBS NEWS DIG,https://news.google.com/rss/articles/CBMiX0FVX3lxTE1uVWZuOUVOdkZhaGI3X1RwMGllY3ZvS2pNQ0ZyMmExbVVUOHBscTZoSDRNSEdkbVhrVVBaYXlLRkhmX1pwSWtsbF9HRkZuM21vaUNJVXZseFRJR1BMU0hN?oc=5,"Tue, 18 Aug 2026 12:27:14 GMT",2026-09-07T08:51:25+09:00
GoogleNews:健康　調査,健康　調査,水俣病対策に111億4千万円、環境省が概算要求 健康調査の開始、見通し立たず - 西日本新聞me,https://news.google.com/rss/articles/CBMiVkFVX3lxTE9WeTJjZVA5UmtUdnlleXVWQXlCaGFSWW05aVJSTDNyWnY2UndJNlpFS3lBeWxQRmE0S3dmcjhlNUhDVlEtWmh5YzBDMmxuNVBIeFlOWG1n?oc=5,"Fri, 28 Aug 2026 07:00:00 GMT",2026-09-07T08:51:25+09:00
GoogleNews:健康　調査,健康　調査,健康診査・がん検診など - city.tsubame.niigata.jp,https://news.google.com/rss/articles/CBMiekFVX3lxTE9QaVlXdXRaZ1hvdW5hWG9CV3FxWDdQejRGNmtFTFkxY0lkUEZmUE5hOG5nd3c3NHUzMTZPdkJRTXJfT0didTJ3TktJbXhkYVNEUE5lSExhWGJJSFE0YW5MdHp5aDlwbm9tZ2dIVzRtRzdFZFotbmdFSkt3?oc=5,"Mon, 17 Aug 2026 07:00:00 GMT",2026-09-07T08:51:25+09:00
GoogleNews:健康　調査,健康　調査,健康上の問題による日常生活への影響の経年変化～国民生活基礎調査（2025年）からみた高齢層と若年層 - nli-research.co.jp,https://news.google.com/rss/articles/CBMib0FVX3lxTE81X0VwaGdZLUdkQkFhd1E3aHZaZ2JqazNhRVg3dUZoX05aRUpGOWlKT0tpTjBmaTAyQXVldjlfTnN6LXZteXFLTEtnRXI5cTZYMUhhNk5wYWVxUV9fRUNnR3I4RzRyZnhzM0J6Vloya9IBf0FVX3lxTE1FUlk2LWx5NkxIeFBkT0xBN2xFNC12djMxUmlIU3FFTm9FakRhV2hoVTRxVmwwa0ZQcDN4dmwyY1ZtcHlacFk5cmtXY0xxTnNMWTFFelE3NlFLU2hVN0JYQmFqa2IyVUdJZjBKYUNSenlVSm5KSi15ckRmQW5pQk0?oc=5,"Thu, 13 Aug 2026 07:00:00 GMT",2026-09-07T08:51:25+09:00
GoogleNews:健康　調査,健康　調査,能登地震と豪雨、被災者1割に健康リスク 県調査 - sankei.com,https://news.google.com/rss/articles/CBMidkFVX3lxTE14R3BiTVV1YUpMNnZpVjFsN2FTdW9TR1RRcC02UV84Zm9tUWQ1RWF0S2NQNEZtVXFQWWxndERQZjlJSFNWcUpMb1ZhbHNsYWdZTXZscEJ1ZjYtT2dOVFFoNkNYLWpJYS1GNS1WSDIzZVhNczBzMUE?oc=5,"Tue, 18 Aug 2026 07:00:00 GMT",2026-09-07T08:51:25+09:00
GoogleNews:健康　調査,健康　調査,仮設住宅の被災者、心の健康リスク高まる？ 石川県が2度目の調査 [石川県] [能登半島地震] - 朝日新聞,https://news.google.com/rss/articles/CBMiZ0FVX3lxTFBfcllQd0dNNkViY3RNOHdfbGc5cGsyazlTTjNXR1BMSmJ3UU0xbVlxT0RsU1UybGtjcmU1V0JzZzJLRExWNlRsdDQ1ejJwbGpuZ3c1SUtvT09EVGpvaHJ5UGFfM25mdFE?oc=5,"Wed, 19 Aug 2026 07:00:00 GMT",2026-09-07T08:51:25+09:00
GoogleNews:健康　調査,健康　調査,能登半島地震と奥能登豪雨の被災者 仮設住宅生活で心理的ストレスのリスク上昇 石川県が健康調査 - 日テレNEWS NNN,https://news.google.com/rss/articles/CBMihwFBVV95cUxOWXFSRUw0UHBSUjhwQ00tY2lIeXhLQUZabnpHZ085VGFRV0V2aFBtczY4ek1xeUtLc0I5Wm1VeWl2TDhyV0pqTUh6NDhaMXVZQnJjQS1MU0xjNWYtR255ODlWWW1JRmZDaWlYaUFHc0RndFBsRXRYNVJOeThpTFJPd2FMYWtBVDQ?oc=5,"Tue, 18 Aug 2026 07:00:00 GMT",2026-09-07T08:51:25+09:00
GoogleNews:健康　調査,健康　調査,奄美市健康体験交流施設再整備活用プロジェクト - city.amami.lg.jp,https://news.google.com/rss/articles/CBMiZ0FVX3lxTE1IVkp0ODNuMzRNOF95YVh4aVczVHpPVjYzN281c3F5QjhVbTI5ZjdmRWVUcmMySVR4ZFpHSlI5eE5XaXdqVGhmZko3dWRlRTdoSnI3MHpQSHlucEFlT1E1cTJKbnR4Ymc?oc=5,"Wed, 01 Jul 2026 07:00:00 GMT",2026-09-07T08:51:25+09:00
GoogleNews:健康　調査,健康　調査,能登半島地震の被災者7346世帯の健康調査結果 仮設住宅居住者で心理的ストレス「高度リスク」が増加 - TBS NEWS DIG,https://news.google.com/rss/articles/CBMiZ0FVX3lxTE10eHllaDdqTm5GaXNjSUFOcVQydldmWURUcUE1VGk3ZFBvcXdqdlNUWTUxUmJHcm9MaWZtTmZ1UGJVNjNSTmJaZ1R1bHFJS3BxdTFHTmlEcmgxY2JvVG5XY3JiZjNUbjQ?oc=5,"Tue, 18 Aug 2026 07:00:00 GMT",2026-09-07T08:51:25+09:00
GoogleNews:健康　調査,健康　調査,水俣病対策に111億4千万円、環境省が概算要求 健康調査の開始、見通し立たず - 47NEWS,https://news.google.com/rss/articles/CBMiS0FVX3lxTE9hT0w1VTd4T0Jjd09UVDZCOGtHcng3ZUxpT0NOZ1IzNFMta19ZRFpwQ1NnZnFPVHJzN3J1ektNdmthMDJFakRhUFBBQQ?oc=5,"Fri, 28 Aug 2026 06:15:00 GMT",2026-09-07T08:51:25+09:00
GoogleNews:健康　調査,健康　調査,仮設住宅やみなし仮設の住民、ストレス悪化 石川県が能登半島地震・奥能登豪雨被災者の健康調査 - 中日新聞Web,https://news.google.com/rss/articles/CBMiVEFVX3lxTE1wU2F1eEJ5XzBQbW1MZ29uWDVxUC14S29rLU1jS25yRkpwbFA3bHdSNlJNQ0hXbnFVaTJGbFZfQ2RMeXZIQzVaTDVTZGRnQTJpZ1pkbA?oc=5,"Wed, 19 Aug 2026 07:00:00 GMT",2026-09-07T08:51:25+09:00
GoogleNews:健康　調査,健康　調査,能登半島地震の被災者7346世帯の健康調査結果 仮設住宅居住者で心理的ストレス「高度リスク」が増加 - TBS NEWS DIG,https://news.google.com/rss/articles/CBMiYEFVX3lxTE50VnIzblBpUWdrVzhDQy1rQUR1NmJDZ3R2ZFd1U2Vlc3NUMzJkZTJ3MDdtYUhubll0d1FVQmE5MFhhOUxrbzVsbHRjZmI2cTNjWmd4ZWpfR0FRNk5oWW9nZQ?oc=5,"Tue, 18 Aug 2026 07:00:00 GMT",2026-09-07T08:51:25+09:00
GoogleNews:健康　調査,健康　調査,能登半島地震の被災者7346世帯の健康調査結果 仮設住宅居住者で心理的ストレス「高度リスク」が増加 - TBS NEWS DIG,https://news.google.com/rss/articles/CBMiV0FVX3lxTE83ZDdyWk1kTFBPSXdFQjJYbExfOVNrSDhLUDBITTNGYnFzeUdMTzVXejdlbkFwcVA4dkdfRUxvcHgtdHk5TGdZcDBzRmNPdVZaQnFqbXlSdw?oc=5,"Tue, 18 Aug 2026 09:35:00 GMT",2026-09-07T08:51:25+09:00
GoogleNews:健康　調査,健康　調査,能登半島地震の被災者7346世帯の健康調査結果 仮設住宅居住者で心理的ストレス「高度リスク」が増加 - TBS NEWS DIG,https://news.google.com/rss/articles/CBMiWkFVX3lxTE5lMUVWeGFfei1xT085YndkSzVGa25SNmhScnlWWXpsMmRTcmpJWnpJN05wLXNLcktWWGxZRGdpeElsNkxRSjBwUDVidldkT3NtUUdzRlJxM0Fldw?oc=5,"Tue, 18 Aug 2026 07:00:00 GMT",2026-09-07T08:51:25+09:00
GoogleNews:健康　調査,健康　調査,水俣病の健康調査、環境省研究班「実施し得る」今年度実施に向け結論 - 朝日新聞,https://news.google.com/rss/articles/CBMiZ0FVX3lxTE9XNDRSdjVnLVQ1b2tNT1RkYzVMMUZwSW5yWkhGTU9QT05wQ1lab1F4WVF2RzZzbWFScndLZ1cwX1BseVhfcEFoRl9qM0xURVJXSG51TzhOT2pxekxEcWkxbDVMeGNiVTA?oc=5,"Wed, 22 Apr 2026 07:00:00 GMT",2026-09-07T08:51:25+09:00
GoogleNews:健康　調査,健康　調査,令和7年度幼児歯科健康診断実施状況 - pref.ibaraki.jp,https://news.google.com/rss/articles/CBMigwFBVV95cUxQRnBuM2doTnlQTi1POWIwM0J3OUtQTmpZMHpiSnJGRUthYU5Dbk1udnlhZENLR2hJeWtoX0J6T05Pai1jMmI4VTA4REtPOXEzT3dFYkoxVU0yRmYxMVNHS1ZISGpOSTY1OUNvcmVsWVI0MVM1TEFkd2JRMHloY21vSEpkVQ?oc=5,"Thu, 18 Jun 2026 16:24:37 GMT",2026-09-07T08:51:25+09:00
GoogleNews:健康　調査,健康　調査,子供の2型糖尿病、有病率は想定を上回る可能性～全米小児健康調査｜ニュース - dm-net.co.jp,https://news.google.com/rss/articles/CBMiWEFVX3lxTE9yVVhOcVNRUkpfQnlNMUNiQXljWll2YkdoYUs1TFZOYUVjeWpXaDNNdk04aWY1NFB4SDg3clI4RVoxMi1GeDhjTjdpNGRJNlppZkFlU3Zjaks?oc=5,"Thu, 25 Jun 2026 07:00:00 GMT",2026-09-07T08:51:25+09:00
GoogleNews:健康　調査,健康　調査,［水俣病公式確認70年］「住民健康調査」科学重視の国、救済求める被害者団体の間に深い溝…新たな線引き懸念 - 新潟日報,https://news.google.com/rss/articles/CBMiXkFVX3lxTFAwMVdVdWdqcXpIQk1NYnlhLUctWk10TE1EVjFpcGk1MUJRSC1vSlVwRm1RU1RteTFRcDdoUHhoakNwNDA1NW5SWUhyMzFYcGUycmJiR3k0SXFrU3g4Z3c?oc=5,"Mon, 08 Jun 2026 07:00:00 GMT",2026-09-07T08:51:25+09:00
GoogleNews:健康　調査,健康　調査,調査会新設、女性健康課題に貢献 日薬連、政権の動向に反応 | 日刊薬業 - 医薬品産業の総合情報サイト - 日刊薬業,https://news.google.com/rss/articles/CBMiSEFVX3lxTFBxNEsyT2REc09HTGpkNFBIc01YOEEwNmV6UmNIaE12UWhiNXNhR1FfQW9yb3AtWTRMeGpYVmNraXpVSVpfbUxldw?oc=5,"Fri, 15 May 2026 07:00:00 GMT",2026-09-07T08:51:25+09:00
GoogleNews:健康　調査,健康　調査,-第3回 食と健康の意識調査を実施- | 一般社団法人 日本最適化栄養食協会のプレスリリース - PR TIMES,https://news.google.com/rss/articles/CBMiakFVX3lxTE1hSjJxUktvSUgyT1M3RVlQZFBIMk9JdEVadzgzUk9laENxeUstNGRlc1Z6eTN0M3EzN25BT1o4TmdJaGk2bkx2S21rVmRQdmhnZ3FHXzZRZXhQbDM3cE01a0pqelJ5QjQ2d3c?oc=5,"Wed, 17 Jun 2026 07:00:00 GMT",2026-09-07T08:51:25+09:00
GoogleNews:健康　調査,健康　調査,世界肝炎デー 2026 in SAGA にて健康一番プロジェクト「健康調査イベント」×「ロマンディスコ」開催 - PR TIMES,https://news.google.com/rss/articles/CBMiakFVX3lxTE5aa0cyTS1ndlNmcGl5Wk1yVlQ1YldZbjQwVkwzUDRlenFxUDViTTVOMXdGTmNiUm42b21NZXhDZ1c0V1pFNkk4aUhscGRSNGdBWFFLZVI2LWhmWlVTZzRjV181NlYxamV2N1E?oc=5,"Thu, 06 Aug 2026 07:00:00 GMT",2026-09-07T08:51:25+09:00
GoogleNews:健康　調査,健康　調査,目的、手法…国と隔たり 被害者側「実態把握できない」【水俣病70年第３部 健康調査の行方①】 - 熊本日日新聞社,https://news.google.com/rss/articles/CBMiT0FVX3lxTE1yZlBPeTZiQTB6TW95YkphZWJsYk9SelhVQUVVZG9wMS1nTXNfQ1p2T1Btalp0OHZTSUZhYWxJYkYxZFFKQ25pUzEzVGlUcDQ?oc=5,"Wed, 03 Jun 2026 07:00:00 GMT",2026-09-07T08:51:25+09:00
GoogleNews:健康　調査,健康　調査,Sansan、女性のライフスタイル調査を実施美容・健康意識は高い一方、 リフレッシュや人とのつながりは不足～現代女性の「隠れたギャップ」が明らかに - Sansan株式会社,https://news.google.com/rss/articles/CBMiWkFVX3lxTE5adUpCS0ZadjZHV0hNd2dYZXBFTFN4LUZLWFVvTUdKRW53UlFkdDB2N2JsMmhFVjJpbndTaVNFdkJQWFAzeHZIdVZQWUJtN3BCaGNDdHlMQVB2Zw?oc=5,"Wed, 27 May 2026 07:00:00 GMT",2026-09-07T08:51:25+09:00
GoogleNews:健康　調査,健康　調査,水俣病の健康調査、1000人規模に 26年度から実施予定 - 毎日新聞,https://news.google.com/rss/articles/CBMiaEFVX3lxTFBIOGRNUnVqYXdkM2daVk9VSEQ1ZTF0a3dSNGx5bFQtMktxbFEyem5kSnYzd19PMXMyQXduNVBxQW9hWTZIWTg0LS1ZMHhUd0NnbDNwc29SSzV6NnY3WWY3WThVOEpNQlBn?oc=5,"Wed, 22 Apr 2026 07:00:00 GMT",2026-09-07T08:51:25+09:00
GoogleNews:健康　調査,健康　調査,「精神的健康」調査で日本が最下位、韓国はワースト2位＝韓国ネット「納得」「もっと支援を」 - ｄメニューニュース,https://news.google.com/rss/articles/CBMiigFBVV95cUxPcVFDUFluanB0eFBJcnRISzhiRUtNb3MwNXJneGJzZDEyOGhBdl8xcjE5WTVaMTBYZlh4NVdPYkpPY1JybG40M3cxenJ5RzFRRWl2azBQQ3JaMjRxQnR0MF95alNadmp5RUV0c09wQkk0NC1WVDVQYWVQVGp6aVBMMXhSS25KOTlyUWfSAY8BQVVfeXFMTUxHT3lNNTBuU3BhVHpxdHg1VG9hNG9ST2tVMnYzUW5EV1d2N3g5S1FPLU9zb2g3T1lsRGNFUG9maUlTMnlHYzF5R2hHZm4zQThSQWQ0MGlSbGVxbU5MbHgtenhMNEgyUG01REN5UGFuc2ZacDJBRExhMHZWU2dyMUZndnZ3anBZNE91ZWhKTjg?oc=5,"Wed, 29 Jul 2026 13:44:43 GMT",2026-09-07T08:51:25+09:00
GoogleNews:健康　調査,健康　調査,がん検診のご案内 - city.nagoya.jp,https://news.google.com/rss/articles/CBMijwFBVV95cUxQM2I4a0pQQzhyTVNGOWg2MEtBOWJWSFdzSHJhanVqX2FNQ0l3VkZWOUgySFpGaHcyOVZaOE82eUZ3Ti1taXhOVjNicGdJQ2dEV20tWm5MdF9sbWtoQ3J6SDR3NnpBeGpiVW5oN0xULXJJUWJYdTkyV1ZFMU1HQTN2RklrcmNZRTg5RVBUam5zaw?oc=5,"Wed, 27 May 2026 07:00:00 GMT",2026-09-07T08:51:25+09:00
GoogleNews:健康　調査,健康　調査,【健康調査】Z世代の2.5人に1人がバイトで筋肉を鍛えられたと実感！バイトで鍛えられるNo.1筋肉は「上腕二頭筋」体を動かすバイトは働くことへの前向きさ・継続意欲にプラスと判明 - PR TIMES,https://news.google.com/rss/articles/CBMiakFVX3lxTFB3bFhpNmpJdk9EZGZjTGxSR2RPWUp1VXQyRVlTa1RaYlpZQnJMZUlxdlV0RU4zOExveFM2eUlMaGx5S1prcG43THExZFJGdVVmaXRxN3FPQ1F3SXg0Ti04Y0YxWHphQlg4Snc?oc=5,"Thu, 23 Jul 2026 07:00:00 GMT",2026-09-07T08:51:25+09:00
GoogleNews:健康　調査,健康　調査,［医療ルネサンス］長寿県の秘訣＜３＞大学が長期的な健康調査 - yomiuri.co.jp,https://news.google.com/rss/articles/CBMivAFBVV95cUxPVXZJMXdQQmcxWEU4Z1dCUXh0WHpfZTlBMzZOOFJiT3A0dEh0X3hVV0N6Q3BTMldrR3BaOEUwa2tyNkJFZFVBSFJPbnNnMFV3RlE0THEyVjZqS2x4S1dvdDIycURKaUNMeXFVdjJwQXBhWURFR0ZmcldDSXY0azBENjl1cWRlaXdTSmlWSGRtNDN2V1J1M1psUzZ1bDU1QUkyY2xjalNXYWNQc3pXQVlTdXVqWklCQ2taZkpXdw?oc=5,"Tue, 14 Jul 2026 07:00:00 GMT",2026-09-07T08:51:25+09:00
GoogleNews:健康　調査,健康　調査,パートナーシップ証明制度と性的マイノリティの精神的健康との関連を調査 | 医療・健康 - TSUKUBA JOURNAL - tsukuba.ac.jp,https://news.google.com/rss/articles/CBMieEFVX3lxTE1zc1VQc0xpbmcxTlU4emxTT0cwdHowX0w4N2xyRVBiNUJhTGhwU3hsQkdwbW9jZzczZmRnR3hLQ3IxR1RQYVI0NlVLMUdQN1kxWDhrSzlmY3Qwb3h6WVFDZXNiUUVtLUt0RTVPLVZEMDRPR2VjSTFvYg?oc=5,"Tue, 19 May 2026 07:00:00 GMT",2026-09-07T08:51:25+09:00
GoogleNews:健康　調査,健康　調査,住民約1000人の健康調査を20年以上続けている「岩木健康増進プロジェクト」を青森県 宮下宗一郎 知事が視察 長年蓄積した調査結果を活用しながら企業誘致を目指す考え示す - TBS NEWS DIG,https://news.google.com/rss/articles/CBMiV0FVX3lxTFBXNmtsNnMyRlZEdy11QmgxV0lSUElYV1V2ZFI2SGoxaWgyOUlyTnRBYXJneGhCWXZncEh0X25VQjFjWF9mX2xnZVVEYk9nZlpCWmpCUEVCYw?oc=5,"Wed, 03 Jun 2026 07:00:00 GMT",2026-09-07T08:51:25+09:00
GoogleNews:健康　調査,健康　調査,放射線健康不安は減少 次世代に影響「低い」8割 24年度調査:震災関連 - 福島民友新聞社,https://news.google.com/rss/articles/CBMiaEFVX3lxTE93bEw4RTVuLTZrNzRaQTN5b0EtaldsZ2lWVmZYb3VtaXlUNzJ6RmpONWQ3dWFGOXFBMkRaTC0ybDJ5MUtJb1Q1WHI2WUZXM2V0NGViRlZidW9oQXM5SFNoS0xwZk4xUHln?oc=5,"Fri, 31 Jul 2026 07:00:00 GMT",2026-09-07T08:51:25+09:00
GoogleNews:健康　調査,健康　調査,一次産業従事者の目の健康に関する実態調査＞ 一次産業従事者の3人に1人が「目の不調で仕事・作業に支障がある」と回答 一方で、4割超が目の不調を感じてもそのまま仕事を続けた経験があることが判明 - 株式会社インターメスティック,https://news.google.com/rss/articles/CBMiUkFVX3lxTE5GbEhIQWtISzdEZVZ2Zm0xcUdwLVVSXzJ5d1hZdGNVU2d0S21CV1NFaFUtdEg0Ql9XTHRWclJvR25PaUhwaFA1VjJ2NXJ4ZjNVTlE?oc=5,"Wed, 15 Jul 2026 07:00:00 GMT",2026-09-07T08:51:25+09:00
GoogleNews:健康　調査,健康　調査,水俣病 健康調査、1000人規模 今年度から複数年 環境省 - 毎日新聞,https://news.google.com/rss/articles/CBMiaEFVX3lxTFBRRzBodkJLX28wODJweDlfM1hCU0ZGNWtVQzA3MHJ4UkJJeXhCT1J2UVBvMXdNcFM4anhzR0owT2w5OXdWVWdLWUZ1akVyYzJVUnhaZzhCdWZRdDdmeGVkZzhjMTA4WTQ0?oc=5,"Thu, 23 Apr 2026 07:00:00 GMT",2026-09-07T08:51:25+09:00
GoogleNews:健康　調査,健康　調査,クラシエ、「間食と健康意識に関する調査」を実施 - PR TIMES,https://news.google.com/rss/articles/CBMiakFVX3lxTE5uWW1nY0xfRm9IallpdDQ3WVJmWGNkUHBEMFNGRkFISEZSWlV1THE1UGZ4c1JaS2VFNEhJZnRnanhhY0FzcHRhdjl5WDRuaTJwbDZ4ZDBFemZjVEdGQ09QSGl3S1E3Ul9SMXc?oc=5,"Thu, 21 May 2026 07:00:00 GMT",2026-09-07T08:51:25+09:00
GoogleNews:健康　調査,健康　調査,若者が健康に暮らすには…1人暮らし月27万円必要 岐阜で調査 - 毎日新聞,https://news.google.com/rss/articles/CBMiaEFVX3lxTE93MWZ4RWVCcUx5QTd0ZmJsUUxyTjVoeF95SS1POVFOX3N6bjhyenBaOFJGWk9vb2VsMjVYM0J1UVNyM04wMW5JSHdwUG5ZVEp3aTJtdkhOeldUYXVRclFzLXJ5Y2RCMG82?oc=5,"Mon, 18 May 2026 07:00:00 GMT",2026-09-07T08:51:25+09:00
GoogleNews:健康　調査,健康　調査,環境省が水俣病の健康調査を本格化へ 先行調査で「不満少ない」と結論付けるも 被害者団体側は「実態解明に繋がらない」と批判 - TBS NEWS DIG,https://news.google.com/rss/articles/CBMiZ0FVX3lxTFBtYU5xeW11VTJ6RF9fUF85dW1hZjJhY0NxN29YOXFMRVJURVkyUVFXemFrYkNOVDMtdXNIYmNDTnllS3Zsd0w5S1VZQlE3cjVGUi0xRmo4bW1ITm42WEFiWl9vNWZvTU0?oc=5,"Thu, 23 Apr 2026 07:00:00 GMT",2026-09-07T08:51:25+09:00
GoogleNews:健康　調査,健康　調査,PFAS問題で署名提出 基準見直し要望、市民団体（共同通信） - Yahoo!ニュース,https://news.google.com/rss/articles/CBMif0FVX3lxTFBxWUcwTmNpTkdqZ1JLS2tlbVJZQ2ZJWkZ2LVpuZ2xSZ0g1V3hxNTNZTGhLVE41N1JDSGdLNDVIRHBjRGhleGFUVWZOaV9TU056SjJpbkg5eXI4UEkwYkw3SWM4LV9LMS1DUzM2dUs4MU5sNFhERDFUdElXUjQwRVE?oc=5,"Mon, 13 Jul 2026 07:00:00 GMT",2026-09-07T08:51:25+09:00
GoogleNews:健康　調査,健康　調査,健康福祉常任委員会が県内調査を実施しました（令和8年4月24日） - pref.gunma.jp,https://news.google.com/rss/articles/CBMiXEFVX3lxTE1tWXVHdFJod3BuOGFYcENxbVdPRWdWOEdZY1JQOWdrYUJBdnpXSmh6eVZILS1YS05ibXdidjJkN2UtYVZCMXQtX3Jzc1ZEVDVUMzhFdWstdUl1c2Fo?oc=5,"Fri, 24 Apr 2026 07:00:00 GMT",2026-09-07T08:51:25+09:00
GoogleNews:健康　調査,健康　調査,少量の飲酒は死亡率を下げるのか～19万人を21年追跡｜CareNet.com - carenet.com,https://news.google.com/rss/articles/CBMiX0FVX3lxTE1PeFhjaTUzYW8xSEc2UUVBQ3ZTNW0xLVRTalA1aTF0OE9sX3lFLU9feDhFcjlxb3NnTjVNbUY2UlhjQ3RzUjJxODAzZ2NPOXI1bW9oY2lOWEdaV1RNTzVV?oc=5,"Wed, 22 Jul 2026 07:00:00 GMT",2026-09-07T08:51:25+09:00
GoogleNews:健康　調査,健康　調査,甲状腺検査の利益めぐり応酬〜福島「県民健康調査」検討委員会 - OurPlanet-TV,https://news.google.com/rss/articles/CBMiS0FVX3lxTFBKUFlOSmZ4bTB2VU5BYzdkaFNCQUFZQ1U4Z09vM0J4WmVMUklLYWVMTWNHYTNBbnUwQW5MMlVsV1ZrM3gxZldDRVhkWQ?oc=5,"Wed, 25 Mar 2026 07:00:00 GMT",2026-09-07T08:51:25+09:00
GoogleNews:健康　調査,健康　調査,語る・水俣病：公式確認70年 健康調査、国が一蹴 空白20年超 多くの人他界 元熊本知事・潮谷義子さん（87） - 毎日新聞,https://news.google.com/rss/articles/CBMiaEFVX3lxTE5SdWc2Q1F2ajdDaUFwVmp4SzcyTU96eUtoYnROZEFjN0g1R3BHRjJOeTBvV1ZvXzl4Mk84VmxZX1ZmYWxUY2dWNEE3Q045NlR0NG1kTFhRUnNBb0ExUmFKcURlZHp1a3Rm?oc=5,"Tue, 28 Apr 2026 07:00:00 GMT",2026-09-07T08:51:25+09:00
GoogleNews:健康　調査,健康　調査,住まいにおける幸福や心身の健康に関する調査報告書 | 株式会社LIXIL住宅研究所のプレスリリース - PR TIMES,https://news.google.com/rss/articles/CBMiakFVX3lxTFBrU0NrOV85Q3A1MXRGbGR4ckVjeFBEYkhZeWVXR01iVXY2UDNETndZMlZxUlVKa1lBMlQ3bVlpeHVDOHQwNUZxQWREQkQ4OHdoUGR0SWNNdUJNbzlFQ3U1WnJhNVA2aDAwMEE?oc=5,"Fri, 15 May 2026 07:00:00 GMT",2026-09-07T08:51:25+09:00
GoogleNews:健康　調査,健康　調査,令和7年度健康食品試買調査結果|3月 - metro.tokyo.lg.jp,https://news.google.com/rss/articles/CBMidEFVX3lxTE1oNWRiOFlRQWp0V2JhTEdIQmtFbUVYaDloQ19UNm82d05lQlNCNVBoU1FxalcxcDBQd2tPTG41ODl1RVMyaWxyZXZEWkdSSUpzdFFHOXpTcmxzbDRXa0kyUlZDbDFlWmZLbTNHRmdkS01uWVpt?oc=5,"Mon, 23 Mar 2026 07:00:00 GMT",2026-09-07T08:51:25+09:00
GoogleNews:健康　調査,健康　調査,健康食品・サプリメントに関する調査（2026年） - クロス・マーケティング,https://news.google.com/rss/articles/CBMibkFVX3lxTE9Kc3JsZmlMMXA0WUIzVTV6RkUteW1GN3FzQXZZRUU1NDFKLW0xaGR1Y0lvNVBicFR0dTNkT3pSeDdxR1VLN1hCLS1fLUFqWFVPb0FlcE9GNEpkNEw4WUVDWVYzZEhVSVNLVXVZSElB?oc=5,"Wed, 17 Jun 2026 07:00:00 GMT",2026-09-07T08:51:25+09:00
GoogleNews:健康　調査,健康　調査,［水俣病公式確認70年］疫学的知見の採用可否で分かれた判決…患者認定に立ちはだかる“制度の硬直化” - 新潟日報,https://news.google.com/rss/articles/CBMiXkFVX3lxTFBHRS1XNkdSWFlhYl90c0RUMFJ4ejRQVWxaU3VWUm84UV9oNmZVUGx0R2syX25Xd3d2bmpYZEJMbXRWNkl6dEw3MEJram91X1FaNVV3Z1N0S0dRcUszc1E?oc=5,"Tue, 09 Jun 2026 07:00:00 GMT",2026-09-07T08:51:25+09:00
GoogleNews:健康　調査,健康　調査,［医療ルネサンス］長寿県の秘訣＜３＞大学が長期的な健康調査 - yomiuri.co.jp,https://news.google.com/rss/articles/CBMilgFBVV95cUxNUG5RSHRxM29YNHlIX3VyT3RmaFhwV3ZGS1Z6Q1BUWFhSRElUMVpGQlctRkVDaTR2S0M0NlFMaE01M2dacU5Qamt5Y2Fua29EOWJBUkRadEZKSWQ1cWFGUi15OEozb1Nab251cm1TOFlRYmZISHh2NzBsZ3RUNDZzTkF1dVRZT1p1LWJBQVBXdTQ3b292bnc?oc=5,"Mon, 13 Jul 2026 07:00:00 GMT",2026-09-07T08:51:25+09:00
GoogleNews:健康　調査,健康　調査,水俣病特措法に基づく健康調査、新潟県での実施は「今後検討」と環境省 - 新潟日報,https://news.google.com/rss/articles/CBMiXkFVX3lxTE9YQk5zWXJKVnV5MjZ4WmVRUC1VRWp2OGsyRDRfNF96clRObThVQXpaOHpQc1ZkU2hWTUVyQWZBaVRrZ29vcE4td1BFNDdBcGZoTHdZYklJeXR2WENnNHc?oc=5,"Thu, 30 Apr 2026 07:00:00 GMT",2026-09-07T08:51:25+09:00
GoogleNews:健康　調査,健康　調査,（水俣病７０年）埋まらぬ溝、健康調査で国追及 患者・被害者団体、環境相と懇談 - 朝日新聞,https://news.google.com/rss/articles/CBMiXEFVX3lxTFBqdW9mRGNMY1FIc2x5T2E1MTFoYWIwR3hHTnI0UVgyS0wxVlRyNmdTcWx3T3ZYd2N2cThuUlhaeGRfLXFmS3QxYm91YkRoRTl0VVpobEUySTVkYXM5?oc=5,"Fri, 01 May 2026 07:00:00 GMT",2026-09-07T08:51:25+09:00
GoogleNews:健康　調査,健康　調査,環境省、水俣病健康調査千人規模に 複数年で実施も 個人の被害判断せず - 熊本日日新聞社,https://news.google.com/rss/articles/CBMiT0FVX3lxTE9lY1pqdWJSWTdCTUVTTExINUY4WUZvb29JNzM1VW1HVlBXVWRoOUNudThuNEJDbFRyQkt3WXpxa0I4RXVGcmR3Y1U2VXM1SlE?oc=5,"Wed, 22 Apr 2026 07:00:00 GMT",2026-09-07T08:51:25+09:00
GoogleNews:健康　調査,健康　調査,特定健康診査・後期高齢者医療健康診査 - city.ibaraki.osaka.jp,https://news.google.com/rss/articles/CBMiogFBVV95cUxPdFNJYkdPSjJrR0ZnbjZSV3hOZUthSUVIeU9YV0JORkd5RnFBb000dXZNNDVvNXBBanZ5cXpGb1hGTXdOYXctbUVoYjVadGZlY2I1bU1xS0RBY1h1YnlKMkpoNDY0YlgxY29tckQ3aU11LURyWndiZjNzc0pKVnpLd1FCOHdMSnBjd2pfWmx4LVhZVXV6Mm9DeU9TYjIzQi1HeHc?oc=5,"Wed, 01 Apr 2026 07:00:00 GMT",2026-09-07T08:51:25+09:00
GoogleNews:健康　調査,健康　調査,「本当にこれでいいのか」 長い時間と多額費用【水俣病70年第3部 健康調査の行方⑤】 - 熊本日日新聞社,https://news.google.com/rss/articles/CBMiT0FVX3lxTFBsNmtUWDc3UDBwWE14WmttMzhvNU1CcWpXbUxKekxUZXhOTmI1cTQ5VlllQ3pyMUxXVnBxSkdvTjdERzBRZEdiTEswRWgyU2s?oc=5,"Sun, 07 Jun 2026 07:00:00 GMT",2026-09-07T08:51:25+09:00
GoogleNews:健康　調査,健康　調査,水俣病健康調査が救済に向けた「手がかり」、環境相が発言 認定基準見直しは否定、患者らと懇談 - 西日本新聞me,https://news.google.com/rss/articles/CBMiVkFVX3lxTE5wUG9JRE9vdE9zcWRmWTJXTWdwQ2J3TEF5dHVuR21wNWxuN0c0VXBvZnM2WVhVWFV0bTMtN2hRSjB6cDVZODl1U284X3JfOFRUcXlqSUJB?oc=5,"Thu, 30 Apr 2026 07:00:00 GMT",2026-09-07T08:51:25+09:00
GoogleNews:健康　調査,健康　調査,小児甲状腺がん４１７人〜７巡目でも３人・福島県検討委員会 - OurPlanet-TV,https://news.google.com/rss/articles/CBMiS0FVX3lxTFBfQmZBMkZYU1RhQzJSdDVMN0xsekVpbGFpdGUzTzBUUHlmcmtDSkphY3NGaWZ5OVg1Sy1nbm5lU2hOSmVsaHQ3MDBtTQ?oc=5,"Thu, 23 Jul 2026 07:00:00 GMT",2026-09-07T08:51:25+09:00
GoogleNews:健康　課題　政府,健康　課題　政府,女性特有の健康課題 対応可能な医療機関公表など方向性確認 - NHKニュース,https://news.google.com/rss/articles/CBMiX0FVX3lxTE5tazVKcVFEekdmZnltWmtjenh4clFWUF9yNkNweG90MDE0Y3NVQUN2ZXkyQngxaVVxX0FrQjQyX3Q5V25ST1BWTV9iNmd5XzA1SlUtLUlmaGpudUpURmln?oc=5,"Mon, 25 May 2026 07:00:00 GMT",2026-09-07T08:51:27+09:00
GoogleNews:健康　課題　政府,健康　課題　政府,女性の健康課題巡る経済損失は３兆円超、解決目指す「フェムテック」広がる…トイレにナプキン・体調予測 - yomiuri.co.jp,https://news.google.com/rss/articles/CBMibkFVX3lxTFAySV9aTXpoVUhRbmp1MExITHk0WE5zZWVQUi0wSGZ5SFpmV0hlRGNrV1I0X0xuNklXY3lxQ2FTTTRCS01JTXUtbjhYajdtZ1RrSmdMVzVHTkhfTGw2dU1NcG1HRWEyRTNDVWtjUllB?oc=5,"Sat, 25 Jul 2026 07:00:00 GMT",2026-09-07T08:51:27+09:00
GoogleNews:健康　課題　政府,健康　課題　政府,更年期世代の女性を適切な医療へ 対応機関、ポータルサイトに掲載（共同通信） - Yahoo!ニュース,https://news.google.com/rss/articles/CBMif0FVX3lxTE01QmxHUlFCUEN2c3R3Y3JkemJQdnp3Wnp3VkdwRHRWWGFlME9rbTVGOWRLNlRXT3BfLUszaUlRYy1DQWVUTndtXzBTc0ZUYnlqWlJDYm5EZnlZbTZBR2U2dFNDUUlPd3JMd1NDYWpwRWJrd2ktalcxa3hZMm8zV1k?oc=5,"Mon, 25 May 2026 07:00:00 GMT",2026-09-07T08:51:27+09:00
GoogleNews:健康　課題　政府,健康　課題　政府,二つの政府レベル、喫緊の課題は一つ：医療情報におけるあらゆる「混乱」を防ぐこと。 - Vietnam.vn,https://news.google.com/rss/articles/CBMioAFBVV95cUxQREhCNEwzODl5WUgxMjIxU1FvYUJ4MHBEc1Y0NFNKeE82c3BJMkp4UGE5enhNQWNwc1RGdHpzUmhDRHNER2poeFlYLXNRVlFzVndnLVdjMG8tdW8tZlcxem9WNkVmdWtDdmtGcUFNZ3BrZXJBUkxlVXpZQ0RqbENEM1oyejVyMXNhOXpUNUk0NmRqVU5TZE9Tek1salFvNmJ2?oc=5,"Thu, 27 Aug 2026 07:00:00 GMT",2026-09-07T08:51:27+09:00
GoogleNews:健康　課題　政府,健康　課題　政府,更年期、どこを受診？ 政府が医療機関検索のポータルサイト整備など更年期対策強化へ - sankei.com,https://news.google.com/rss/articles/CBMidkFVX3lxTFBKZkVIUS1DSTluT21PYWMzc0hob2dyUXZmYUt2NUhyd1A2bl9ySXc0a3doMVRpVUJkdnRxTW94LXd6YmdjR3RIMi1SbXJvSjZ3UkU2R2pyY3Bab2xYYVNZLVVidjVPU2JnMnpSWWZhRGdNbXRaYUE?oc=5,"Mon, 25 May 2026 07:00:00 GMT",2026-09-07T08:51:27+09:00
GoogleNews:健康　課題　政府,健康　課題　政府,子どもの「スマホ依存」深刻 学校で健康問題やトラブルが 「政府の責任で何とか…」頭を抱える養護教諭 - 東京新聞,https://news.google.com/rss/articles/CBMiU0FVX3lxTE02RWR1TnFHVnA2VkwxN3NsRFBtZklWcVRRd2VMaFNUTlNZNU1HbTBEeElZdUd1bjVNX0d2UkZsUE92WlQ3djV0ZUxSRURxUlVIdFVF?oc=5,"Sat, 18 Apr 2026 07:00:00 GMT",2026-09-07T08:51:27+09:00
GoogleNews:健康　課題　政府,健康　課題　政府,健康寿命と平均寿命の「10年のギャップ」に挑む。マレーシア政府公認プロジェクトと、日本の整形外科専門医がサステナブルな「エシカル・ツバメの巣」の共同臨床検証を開始 - Newscast.jp,https://news.google.com/rss/articles/CBMiR0FVX3lxTE0wdHB2VnBYeHR6V3p5c3otbE9HZkFmcFhrNldvZFZzWjdYT1k0TUxtOThhUWl5c1pPVFo1ZlVuVlNXVjBYQk5z?oc=5,"Thu, 06 Aug 2026 07:00:00 GMT",2026-09-07T08:51:27+09:00
GoogleNews:健康　課題　政府,健康　課題　政府,高市政権初「女性版骨太の方針」政府が近く決定へ 3つの重点分野「健康」「成長戦略分野」「地域」 - TBS NEWS DIG,https://news.google.com/rss/articles/CBMidEFVX3lxTFBKTDcyTUVpd1ZRcVZxU2ZrNEotUjIxdmtyVWt5bmZtcnl4YjR0dC1xTXJDWV9MOGM5VVhQX3h2NnN5N1NTZEJEbmRBN0ZRdE1IVV9nV19sWDFaMExadXN0NjRoQk9aMWJTTVppckFWZjRrNlhU?oc=5,"Sat, 20 Jun 2026 07:00:00 GMT",2026-09-07T08:51:27+09:00
GoogleNews:健康　課題　政府,健康　課題　政府,「健康経営」推進企業を補助金審査で優遇 政府、「骨太」反映へ論点整理案を提示 - sankei.com,https://news.google.com/rss/articles/CBMidkFVX3lxTFB6MlkwVjV2Mm50d1RVUzJmNjVtY0M0WTF6dURhOXo3UTRuUU83WDRSZ2NxRVpxV25mRWtBS2F6WHZ0cl9zZVpNOVd1TjIzMXVxSGF3dDRtM0wxcGZwTHRFMkltNzFOSVA2NERoSm05Q19UOEI2Ync?oc=5,"Thu, 23 Apr 2026 07:00:00 GMT",2026-09-07T08:51:27+09:00
GoogleNews:健康　課題　政府,健康　課題　政府,「私も更年期が早くて…」 高市総理“女性のヘルスケア中高年期編ガイダンス”に共感 政府としても取り組み進める考え示す - TBS NEWS DIG,https://news.google.com/rss/articles/CBMidEFVX3lxTFB6X2Q3Q2tSQU05WDg5XzJ4ZDZtWXFJNWkwdXFETGVXaDlYUUNyM1h2WnowUkxidWotSGhNaXNqZWw2RVNBRXowckw0VmJkazBrU1d4aEg4NFJkdnRrUkdjVElkMDAtZlR1QTlkOFJpS3BOdmN1?oc=5,"Thu, 23 Jul 2026 07:00:00 GMT",2026-09-07T08:51:27+09:00
GoogleNews:健康　課題　政府,健康　課題　政府,女性の健康問題、診療アクセスしやすく 政府が新会議 - 日本経済新聞,https://news.google.com/rss/articles/CBMibEFVX3lxTE5UVFZ0cFBheC0yOEd5WWZfSVVoSndPR2tiajZjSGpJSHlOeDZybUh5YTAtRTJlLWNVS1RfMlJ1c2xBdi1RazdRSURLWXh4S19JN1VUWU12TVdKLURvQzhPTXVpMlBBYnA4TERWRw?oc=5,"Wed, 24 Dec 2025 08:00:00 GMT",2026-09-07T08:51:27+09:00
GoogleNews:健康　課題　政府,健康　課題　政府,見過ごされている女性の更年期症状の治療改善へ社会課題として取り組む時代 - 朝日新聞,https://news.google.com/rss/articles/CBMiYkFVX3lxTE52VElGOFpCdWc0UF9sZ2c0MXdzSDl4WkRKcXBqLUo0eS1fZ1pLR1c4anB3YXM4aW1YZU1DdHlUV2RXdGU2NDBFQWpad2dOMk93NHlMMktvc1VZR1BkUkNhVzRR?oc=5,"Fri, 06 Mar 2026 11:52:20 GMT",2026-09-07T08:51:27+09:00
GoogleNews:健康　課題　政府,健康　課題　政府,女性特有の健康課題の理解促進 - pref.shizuoka.jp,https://news.google.com/rss/articles/CBMikgFBVV95cUxNYTVQRER4RTNWanBLSk41WDFLSXVYaUZHOFNhcFE3VkFtRkFPY08xNTBHLXlPVWRUbllMZm9QRUxvZjRzaklwRWpta0FBZGM3aW9Fbnk2dUxVU1pPT2tMeUlQanUwNkZSc0ZkS3hWNWVpZGdiRUhOVGVqTlhuQWhnb05qMjktc2lPNFFPcXJibHhRdw?oc=5,"Thu, 03 Jul 2025 07:00:00 GMT",2026-09-07T08:51:27+09:00
GoogleNews:健康　課題　政府,健康　課題　政府,女性の健康問題、診療受けやすく 政府が会議設置 - 日本経済新聞,https://news.google.com/rss/articles/CBMibEFVX3lxTFBzTVUtMF9TWjAzdVVvWXF1MWdDVjRqcDdPZ0tCckpiZ3dJdHZjS0hDbEZHM2d3SGZ2eHA3TER4enh3Zk9TN2NLMTJQYVZNQzk4MHMzNUFWemgwRUc1UnpycElfSVB5ei1pdEpoMA?oc=5,"Thu, 25 Dec 2025 08:00:00 GMT",2026-09-07T08:51:27+09:00
GoogleNews:健康　課題　政府,健康　課題　政府,働き手の健康課題を放置→年間4.6兆円の損失に 経産省が「健康経営」を国家戦略に据える理由 - ログミーBusiness,https://news.google.com/rss/articles/CBMiS0FVX3lxTE1TUXJ3TGhFcUU4dDdudmtvWkM2MjBtZGFaOEZJbUpaQl9GYTZULTdtOElqQ3ZZVkhWdVloVTNnUmZfNHhSbFdQNUpzOA?oc=5,"Tue, 18 Nov 2025 02:34:24 GMT",2026-09-07T08:51:27+09:00
GoogleNews:健康　課題　政府,健康　課題　政府,女性活躍推進へ健康課題の解決を - 公明党,https://news.google.com/rss/articles/CBMiVEFVX3lxTE5uLUFBQWQ5UE9QbTR1X2MzLXZibmUtV2x2V0F2TnRJZXdDdDhHblExZDZLYzJORTA5TEMtMU5ZTGZwVGZmQXBtTHNRRXBtYVdHMU9CZA?oc=5,"Mon, 08 Jul 2024 07:00:00 GMT",2026-09-07T08:51:27+09:00
GoogleNews:健康　課題　政府,健康　課題　政府,政府 予防医療に注力 健康寿命を延ばす環境整備へ - NHKニュース,https://news.google.com/rss/articles/CBMiX0FVX3lxTE5BN0Ffb016dHZoWGhCQWFYSnlTdjFVNzl2SUJ4bVBFWlhGN1VlaXpWWTZaZXhoemxrV0M2NDdCWVNTVDExSDY1UHRBNlIxSkxWVGpNMXF3OUxtazNZb3VB?oc=5,"Sun, 04 Jan 2026 08:00:00 GMT",2026-09-07T08:51:27+09:00
GoogleNews:健康　課題　政府,健康　課題　政府,不妊や更年期、女性の健康課題の研究を本格化、政府が司令塔創設へ - 朝日新聞,https://news.google.com/rss/articles/CBMiZkFVX3lxTE03OHdkTlE4bjZwQzNLb2V2VlRwSXNFbEFJVzhpdHJpa2d2dnlJMW9LTlZIVS1kZ0EwSlNRTmpEVlVPXzB6aVQzcDVNRFdhTUREUzhpWVpON2V0cFFRNUk5cjM2X09Edw?oc=5,"Fri, 31 Mar 2023 07:00:00 GMT",2026-09-07T08:51:27+09:00
GoogleNews:健康　課題　政府,健康　課題　政府,佐藤啓官房副長官、女性の健康課題「医療提供体制を確保」 - 日本経済新聞,https://news.google.com/rss/articles/CBMibEFVX3lxTE0wRjV2RUxrZWNINlRxWmVpczBsMGFaR0dZcGVlbi12YkZMT2p4N1U5VzF5LVJCRVV1LVlxUU94TTdRUDRmWENScFlWOEhuLXVuYmItNE4yMTMzRUlvTTdiZVRtRGpMNXptOEtFVQ?oc=5,"Thu, 25 Dec 2025 08:00:00 GMT",2026-09-07T08:51:27+09:00
GoogleNews:健康　課題　政府,健康　課題　政府,政府、健康寿命延伸へ有識者に聞き取り 骨太方針や成長戦略に反映 5月にも論点整理 - sankei.com,https://news.google.com/rss/articles/CBMidkFVX3lxTFBKa2g5QVBndzZyMTdCTmZrTDhoOVgwbFRZWncwbUwwZWJOYWwwZ3ZYaFhvUTZ5eWxQZTZwcjJTelhxdGh5ZFZJZzk3VXdXNzdRSHM1WEZmM1VpUDduZzFvaXd3aGN1Z1RqLWFwX2NFWWFEUG5Za0E?oc=5,"Mon, 09 Mar 2026 07:00:00 GMT",2026-09-07T08:51:27+09:00
GoogleNews:健康　課題　政府,健康　課題　政府,女性の健康課題 解決へ - 公明党,https://news.google.com/rss/articles/CBMiVEFVX3lxTFBaR1oydmMyaDg1TzYxUDdDUGxkSmZZQjA2WHVRcmJoN3VQMno4UWRiM2VhNW4xY1I5cjZpM1FFMklYSmJ2N1RrY2xtTVBoRjQyWkl1VA?oc=5,"Sat, 05 Oct 2024 07:00:00 GMT",2026-09-07T08:51:27+09:00
GoogleNews:健康　課題　政府,健康　課題　政府,「女性の健康」特化のセンター、国が開設 経済損失への懸念も背景に - 朝日新聞,https://news.google.com/rss/articles/CBMiZ0FVX3lxTE1udEZtejV3N0VVNnJfbHY2OTY1bFRGRnhSWk1vcnVld3drQXFLWnM5VjdYY09UQ0YyMGJNTWoyNVhvbjFiZW9TRGg0UUwzZ3M3dFhLT3hXUHZINTNzVzlhNDlCNVVHMk0?oc=5,"Tue, 01 Oct 2024 07:00:00 GMT",2026-09-07T08:51:27+09:00
GoogleNews:健康　課題　政府,健康　課題　政府,令和7年10月24日 第２１９回国会における高市内閣総理大臣所信表明演説 | 総理の演説・記者会見など - 首相官邸,https://news.google.com/rss/articles/CBMieEFVX3lxTE56SXR0b1hvMS1BX2dvSVdyVEpLdTR1OGx6MWpTT0tCRjFOcXF6LVNESmhtSDVDSVczN2c1b1pnNGNyckpEazRrQ1cxQnpnN1BaVVFUUEJ1akNLVE8yRVhrRUVEOXhfbnVNYjBSM0dUT1FVQmJKTUlqZA?oc=5,"Fri, 24 Oct 2025 07:00:00 GMT",2026-09-07T08:51:27+09:00
GoogleNews:健康　課題　政府,健康　課題　政府,日本企業の技術も活用 健康課題に取り組むユニットエイド幹部が来日｜with Planet - 朝日新聞,https://news.google.com/rss/articles/CBMiXkFVX3lxTE5VT2h1cFk1NkttcjF1LUlhU2I1ZWpxdkFJazBSNDdWSXhmWldBdVRlN0pZMEpubVQ5RkFRdjBpaEtBZTNNUkg1OVU2TENSTktmTjVEeHhtMHB3OV9HV1E?oc=5,"Fri, 27 Jun 2025 07:00:00 GMT",2026-09-07T08:51:27+09:00
GoogleNews:健康　課題　政府,健康　課題　政府,女性の健康課題、沖縄県内の年間経済損失額が335億円に りゅうぎん総合研究所が試算 - okinawatimes.co.jp,https://news.google.com/rss/articles/CBMiXkFVX3lxTE5vSkNxVjd5Mk52VUpLOWZIanVmNFhzQ2I4dEtaSnJwT1VWTW5BWHJ0YkU4WnZUMnR6SW9lUGQ2a0lwSDZhY1lFeXhzUXlVVlozUHF3MHNLNm80OXM5RGc?oc=5,"Sat, 08 Mar 2025 08:00:00 GMT",2026-09-07T08:51:27+09:00
GoogleNews:健康　課題　政府,健康　課題　政府,政府、企業の「健康投資」促進 健康寿命の延伸へ5月に論点整理 - 日本経済新聞,https://news.google.com/rss/articles/CBMibEFVX3lxTE9aN21Qb2taT05mU21ielFRbXQxdDQ1MnB1ZTJic0x1SVpwdkdSNWlpaDI1MG9kdUxfV0Q2TjVfcERlNE1Eb1B6TkVid2ZQMmVtTndPZV9VUm9FVDRFczh5MWpyOXhjcUZOeXl0cA?oc=5,"Mon, 09 Mar 2026 07:00:00 GMT",2026-09-07T08:51:27+09:00
GoogleNews:健康　課題　政府,健康　課題　政府,労働者の健康保持増進措置のあり方 (2026年6月25日 No.3734) - keidanren.or.jp,https://news.google.com/rss/articles/CBMia0FVX3lxTFAxckp3dW1IbFRQUXVnMkw3R1RJVDdfeHdBM00xMWFqdkI3Yy1wTTdfNTdsa0Y3Nmt5TXk3YW5GYUpZeUNCdTJFUnRPQVVBbzRHcVZYVlBVNlBPekU3RzA1X2xneF96WGcxMmVj?oc=5,"Thu, 25 Jun 2026 07:00:00 GMT",2026-09-07T08:51:27+09:00
GoogleNews:健康　課題　政府,健康　課題　政府,女性の健康課題、経済損失3.4兆円 経産省試算 更年期などで離職・休職重く 睡眠改善・体調把握に補助 - 日本経済新聞,https://news.google.com/rss/articles/CBMibEFVX3lxTE9xVW9TMlhHaFA0bjVvdWgzQUtGSWlRMkRoeDdRTS1OaHZWWWQzWWw2QnU3SHVxejk1Zk4zY0IzOGhTMGF2dndvT3VHeXpESjRBWTdTWllrbmU0VHlpZVRRZ0YyU2tMRFhBUHdPWQ?oc=5,"Tue, 20 Feb 2024 08:00:00 GMT",2026-09-07T08:51:27+09:00
GoogleNews:健康　課題　政府,健康　課題　政府,ズバリ聞きます！ - 公明党,https://news.google.com/rss/articles/CBMiVEFVX3lxTE1wSmhTUUdrQkJPalRSVGVoUnZmQ1E3VXJxallFOGxMSVphcVdIUThlTTN1YXFWV0c4UWRyaWhycndrQ2FmblpqWVBsanlRSzZwZkYxaw?oc=5,"Mon, 02 Mar 2026 02:37:08 GMT",2026-09-07T08:51:27+09:00
GoogleNews:健康　課題　政府,健康　課題　政府,世界の健康課題に、官・民連携でもっと存在感を - 日経ビジネス電子版,https://news.google.com/rss/articles/CBMiZ0FVX3lxTE5rejhCcFdHX0JzOHU4TkFoNV9vZXptcG9waGtxWDBVSm9jWU5OOUZTRmVqRHI1N3dISV81V0U1VTZQcEtMX2VxaXZvc0VXTlY3Q1VpVkhFTHJSbVhQd1pPLXVJdHFjaXc?oc=5,"Mon, 20 Jun 2022 07:00:00 GMT",2026-09-07T08:51:27+09:00
GoogleNews:健康　課題　政府,健康　課題　政府,健康な社会づくりを目指すミラノ・コルティナ2026とイタリアのAI／サイバー政策：海外医療技術トレンド（128）（2/3 ページ） - MONOist,https://news.google.com/rss/articles/CBMickFVX3lxTE85ZmMzeGU1WVM0M1VELThaai11ZU04YU1qQkJJcGZfT19zX3JqSEFraUlBb1VuVE8zY0xUa3NXUWtMZmxNQVVjVXlEZEItMTVobFZ4VV9RZEZ3MVZnZDVGc2VBOXVxT1dTTjk1Q0xOdVRZQQ?oc=5,"Fri, 13 Feb 2026 08:00:00 GMT",2026-09-07T08:51:27+09:00
GoogleNews:健康　課題　政府,健康　課題　政府,〈累計10万DL突破〉政府採択の次世代健康支援アプリが”頑張らない”ヘルスケアを実現。買い物データを自動で栄養素に変換する独自技術に上場企業も熱視線 - FUNDINNO,https://news.google.com/rss/articles/CBMiSEFVX3lxTE5TV01nTnVvaWE3WUg2dVpkUnhtNzA5Y1ZXdk1ZMG9FWm1MWGVqWXowZTRSUmI1b2FuUHFlRElRUXdFUUQxQmJoUQ?oc=5,"Mon, 29 Sep 2025 01:52:25 GMT",2026-09-07T08:51:27+09:00
GoogleNews:健康　課題　政府,健康　課題　政府,政府・自治体・地方のフェムテック最前線 - newspicks.com,https://news.google.com/rss/articles/CBMiU0FVX3lxTE96YkowLUJnTDNwTnZUQ09VeUFUOE95dXdfSURrQ2tmdW1lR09kWC1VWVoxMnNGUVR3a2dVbzh0QVNEaks1N1NfazM2YVZEcDBHc1BB?oc=5,"Sun, 03 Nov 2024 07:00:00 GMT",2026-09-07T08:51:27+09:00
GoogleNews:健康　課題　政府,健康　課題　政府,大塚製薬・働く女性の健康意識調査～「女性の健康課題」（PMS/更年期）がキャリアに影響を及ぼす 個人の対処だけに任せず企業ゴトとして捉えることが求められる｜2022年3月8日｜ニュースリリース - otsuka.co.jp,https://news.google.com/rss/articles/CBMidEFVX3lxTE5YWmRvcFBqSGVpOUpsSEcxNzJ0TnRVTGtWbmF1SVptQVMxNVFwY21vUEw3MzB1enRsY09RYkRxRTlITTdhbkVxUEsxVDFBSDJuUDhhRXVsYWtvbElzc1hXOFhySkF4MDNuTWV3V3V1YUhhSm9G?oc=5,"Tue, 08 Mar 2022 08:00:00 GMT",2026-09-07T08:51:27+09:00
GoogleNews:健康　課題　政府,健康　課題　政府,女性の笑顔は社会の宝〜「フェムテック・健康経営展」開催 女性特有の健康上の悩みを共有〜 | お知らせ | ニュース - jimin.jp,https://news.google.com/rss/articles/CBMiXkFVX3lxTE5tSVVoanpCbGo4VWtCQm1UQVdia3Uzd3N0d2Ewb2x6SUZzQ3p4djRIWDctNGljcHRiTGFnclFrMmY3V1hpRzdpUG05aXQ2YWstRnVrZ21jczhQNEdYeVE?oc=5,"Mon, 11 Mar 2024 07:00:00 GMT",2026-09-07T08:51:27+09:00
GoogleNews:健康　課題　政府,健康　課題　政府,SDGs目標3「すべての人に健康と福祉を」の取り組み事例｜世界・日本・企業別 - 国際協力NGOワールド・ビジョン・ジャパン,https://news.google.com/rss/articles/CBMiZ0FVX3lxTE9XZUd0azZMWDRpek4tTWNpUUtlandIWWswOHVBX2JoUUQxM0h5M1dmVUVoLVFSdHhzRXdlU1dYNnhrZERqeG84TlE2RU85YTVzVzE5bDEzWkNGSDJtZmxnZl9WWDNiUEk?oc=5,"Tue, 25 Mar 2025 07:00:00 GMT",2026-09-07T08:51:27+09:00
GoogleNews:健康　課題　政府,健康　課題　政府,【政策提言】共同声明「地球と人の健康を同時に守る～気候危機を健康・経済・成長の『機会』に変える日本型プラネタリーヘルス戦略～」（2026年6月24日） - 日本医療政策機構,https://news.google.com/rss/articles/CBMiVkFVX3lxTE1yWG43RDA2UzY3LUI3RVZOc0F5cGJ3X1RCVVpfQlMzVkp2ZEZmYmJWRDdPbUNUWEhSUFpJSXkxdGNWenpVT09MdTB6MkpzdVZOY1ZtWnpB?oc=5,"Wed, 24 Jun 2026 07:00:00 GMT",2026-09-07T08:51:27+09:00
GoogleNews:健康　課題　政府,健康　課題　政府,ベトナム×ヘルスケア 第1回：DXを見据えた健康ビジネスの展望と課題 - mri.co.jp,https://news.google.com/rss/articles/CBMiZEFVX3lxTE9Icm9lcjRNaUNHWXhTa0trenRMRmhmTHRsLTlPNEJjM1F1YzVWa3I1cG56SkhIQmZNQVYxdTFiRGNub0JGVmJqT0U1TUNnNGhWRjZkZkZyeUtSOE9ncFNpcU1ncDc?oc=5,"Mon, 13 Jun 2022 07:00:00 GMT",2026-09-07T08:51:27+09:00
GoogleNews:健康　課題　政府,健康　課題　政府,女性の健康課題、欧州ではどう捉えている？ フェムテック関連サミットレポート - Business Insider Japan,https://news.google.com/rss/articles/CBMickFVX3lxTE1SckNxbS1QQ24wM1hpTmE5Z1pGN2NJOEwzRGdkUS1oYjVNNmxvVEhYd1dEUlpQbUdkWVNJVEsyRzV0Vmx5VFFSbHdpNmxmU0dySHhDTnQ2ZkV3SGJucl9rSEI1OTRPdWFDM3M3WlNsY0VoUQ?oc=5,"Wed, 08 May 2024 07:00:00 GMT",2026-09-07T08:51:27+09:00
GoogleNews:健康　課題　政府,健康　課題　政府,タイ・バンコクで健康増進施策に関する日泰の官民共催セミナーを開催 - mri.co.jp,https://news.google.com/rss/articles/CBMiWkFVX3lxTE9BNWNEak04TXdpRm9CdVItd1ZnRHhSZDBtazdvOW84NV9SdWtfa0UxQnJTb0czdlFyaXM0bW16UDFFdy03TUJuZGhXMG90WVpkNlhIU0Z6Vktqdw?oc=5,"Fri, 27 Jun 2025 07:00:00 GMT",2026-09-07T08:51:27+09:00
GoogleNews:健康　課題　政府,健康　課題　政府,高齢者の7割「物価上昇に不安」 働きたくても健康問題に壁【高齢社会白書】 - PT-OT-ST.NET,https://news.google.com/rss/articles/CBMiY0FVX3lxTE43MGxtTF8xTlRaZ1VPWEpKSWphanJQczV4NFNZblVYNjBTY09PLUstaFBSdlpES0U4SWpYV2hEM19pT09DVWpXazVjTWRuS19PbmpkUGhfbVZtYnFlalJSTG9law?oc=5,"Wed, 25 Jun 2025 07:00:00 GMT",2026-09-07T08:51:27+09:00
GoogleNews:健康　課題　政府,健康　課題　政府,フェムテックが切り拓く女性の健康課題解決とビジネスの可能性 デジタルヘルスケアの新潮流【後編】 - PwC,https://news.google.com/rss/articles/CBMigAFBVV95cUxNZTAwd3RBdjRHZ1YzamxHMHZjUFRzZDNiNXo4X2IyVkpMc1A0eDhrakpFUUNXcVJfRWhPUXdPWEF6NXozX1k2YmEyMjczaTh5MjNaelJid0xVSjdnQk5yR0Ytakh4UHpUUjhDVDdwWW9lSW1UbUE1eGc4X0tnY2VLVw?oc=5,"Wed, 09 Oct 2024 07:00:00 GMT",2026-09-07T08:51:27+09:00
GoogleNews:健康　課題　政府,健康　課題　政府,地球の健康は、みんなの問題。グローバルヘルスをZ世代と話します｜with Planet - 朝日新聞,https://news.google.com/rss/articles/CBMiXkFVX3lxTFBsZzlpam1Qb0tabFNNeG1mc2M3WklkaGdLa2ZjY28yMEVlR0xraDQyTDlXbWhGcVNoVjg2anNUeWdLY3lhMVNDSXZYM0tTRnZielc3TFNtN043RkZfMFE?oc=5,"Fri, 21 Apr 2023 07:00:00 GMT",2026-09-07T08:51:27+09:00
GoogleNews:健康　課題　政府,健康　課題　政府,Flora株式会社、経済産業省「グローバルサウス未来志向型共創等事業費補助金」に採択 日本型健康経営モデルのインド展開に向けた調査を開始 - PR TIMES,https://news.google.com/rss/articles/CBMiakFVX3lxTE11YnZXS2lfb0FneTJPS2pUclJxWk9uR1d1c0t6QTVqaXFJSFNESDgwRGVEV2FfejEzQWZVaTQ1Nm1PVnpscUxPUlNNR29hdWpMVURya3BsR3JyRUZmUmZFdUlNcU1sN1M2Y3c?oc=5,"Fri, 11 Apr 2025 07:00:00 GMT",2026-09-07T08:51:27+09:00
GoogleNews:健康　課題　政府,健康　課題　政府,ヘルスハブの衝撃 ～シンガポールで展開される究極の健康情報ポータルとは～ | 柏村 祐 | 第一ライフ資産運用経済研究所 - 第一ライフ資産運用経済研究所,https://news.google.com/rss/articles/CBMiV0FVX3lxTFBJNTdFNUZueUJENURjMGxqeWZuWjZlcTdTQmVXRTlBTmp2TzJEbnU4dVZDVGZpOHNaVnhPM1RXZ1RGb2FpZ0owY0pYR01YNXBuRV9CQm5mMA?oc=5,"Wed, 09 Aug 2023 07:00:00 GMT",2026-09-07T08:51:27+09:00
GoogleNews:健康　課題　政府,健康　課題　政府,この記事の主なポイント - 日経メディカル,https://news.google.com/rss/articles/CBMiZ0FVX3lxTFBoYUVURlNLbGxhOGw0YW1RQUxvWi1TaFB0Zm5qZmtiY2hqNVUxU3VYWW1nRkVrZ2h1OEV4bXJKdmVBaFdxZldwZzdNeHpHcjg1bmZUUnZTVXhHcnU5NFcwRHlLZWNKa2M?oc=5,"Mon, 19 Aug 2024 03:17:57 GMT",2026-09-07T08:51:27+09:00
GoogleNews:健康　課題　政府,健康　課題　政府,【開催報告】プラネタリーヘルス専門家会合「健康な地球・健康な人々：アジア太平洋地域における気候変動と健康をきっかけとした新たな協力体制の構築に向けて」（2023年11月2日） - 日本医療政策機構,https://news.google.com/rss/articles/CBMiV0FVX3lxTE5WaF9yaU0zQVhfY0NpMTJOaTJrQTlZMmRHU01iR1VxWWlRd0N5V193TlpVSzNjMmZpNmFBOXRRNTdPM3BZcFM1ZVd3QWFndkZqRnZwYm9nTQ?oc=5,"Fri, 10 Nov 2023 08:00:00 GMT",2026-09-07T08:51:27+09:00
GoogleNews:健康　課題　政府,健康　課題　政府,アフリカの健康危機、どう伝える？ TICADを前に討論｜with Planet - 朝日新聞,https://news.google.com/rss/articles/CBMiXkFVX3lxTE5hQnhFY3VhbEVCUTlLSHZ2MExjWGVWelVPTVkzb3pCc1dvaW10amJyWXBSNEVxR3RjVzg2ZllDVGw3ZG1CejJsMnRtbmNEY25VZ3diSUh3NVpNeUJXVVE?oc=5,"Tue, 25 Mar 2025 07:00:00 GMT",2026-09-07T08:51:27+09:00
GoogleNews:健康　課題　政府,健康　課題　政府,若い世代の生涯にわたる健康めざす「プレコンセプションケア」 - 公明党,https://news.google.com/rss/articles/CBMiVEFVX3lxTE53QlR3bFNIRThoTkN3bWxfWi13UnFMWVlpLWVwZDN0Y3ROSjlMRHM2cXVpLUJ0dlhpdU5XOWRLc1RNNGp2QXliY2dFOGg4MnlOYUhDVA?oc=5,"Fri, 08 Aug 2025 07:00:00 GMT",2026-09-07T08:51:27+09:00
GoogleNews:健康　課題　政府,健康　課題　政府,世界の健康のために日本は何ができる？ Z世代が政治家に提言｜with Planet - 朝日新聞,https://news.google.com/rss/articles/CBMiXkFVX3lxTE1WMVJLcXg4aF94cnY1MnVKNWg3S3RYMHlybFFaVkc5NXUzYktXdFNQY05EQnp4UFp4QWJiVjhwTUd5cmxLQk56bDY2T1NwVU5lZEp2aU1KRVNOeTFneXc?oc=5,"Thu, 06 Jun 2024 07:00:00 GMT",2026-09-07T08:51:27+09:00
GoogleNews:健康　課題　政府,健康　課題　政府,【お知らせ】グリーン保健医療システムの構築に向けた大きな一歩：世界保健機関（WHO）執行理事会における日本政府代表団による「気候変動と健康に関する変革的行動のためのアライアンス（ATACH）」への正式な関心表明を支持（2024年2月16日） - 日本医療政策機構,https://news.google.com/rss/articles/CBMiUkFVX3lxTFAtQ1hTcC1RT3pqVEpHYUdlVmgta1lvZ1Q5ZUlUcmYzYzJQN3ZqM3dwOERZeV9EQmo3Wk55NzdnMTlYQVNnUU1Hd05odDdWRFFyZnc?oc=5,"Fri, 16 Feb 2024 08:00:00 GMT",2026-09-07T08:51:27+09:00
GoogleNews:健康　課題　政府,健康　課題　政府,インドの健康課題を解決するヘルスワーカー養成｜Beyond Health｜ビヨンドヘルス - project.nikkeibp.co.jp,https://news.google.com/rss/articles/CBMieEFVX3lxTFBlc29CT0s2VVhkLTRxVnM4c0o0Qy1XQlA3dk1Jek4taDFyU1lpbW1XMXJKUzZqTV9JU0YwRDlOTWNNUTRmWXVhY1M1c0lDTGkwVllFcW1xbFVlNll5Z0hEU2IySTZWV3p4SGgyVEcxQ3NVdFFnUURZYw?oc=5,"Fri, 17 Apr 2020 07:00:00 GMT",2026-09-07T08:51:27+09:00
GoogleNews:健康　課題　政府,健康　課題　政府,グローバルヘルスにおける日本の国際協力 | January 2023 | Highlighting Japan - 政府広報オンライン,https://news.google.com/rss/articles/CBMiiAFBVV95cUxNZlEtR19sYk5Xbm5wcmxGVnJ6aW1LN29hMlR4MjFvaHBOWV9RSGFMaWtyckRCbG5iNDc0d1ZXSEFtU29obGtjVmIxVXlwZlBKWDVxaWlTYUhTRXFyUVlFTUNjUmdsZnFFM1dOT09EX2hORi1nZVdYS3ZteEdVdWNlajVzRW8tbDJq?oc=5,"Tue, 24 Jan 2023 15:09:28 GMT",2026-09-07T08:51:27+09:00
GoogleNews:健康　課題　政府,健康　課題　政府,【Weekly News】女性の健康支援モデル事業に４自治体、大学発ベンチャー過去最多6220社に ほか - ウーマンズラボ,https://news.google.com/rss/articles/CBMiVEFVX3lxTE5BUHl3bWNIVGJCakNWSE1sbDZxVFdESkJMZXh6ZmtpUzc3VkU1S0h6YkU5dnBGb1Z3N29pZmJuT0hWSFhEWkF4UnM0MFRUdmdzRGlINA?oc=5,"Mon, 15 Jun 2026 07:00:00 GMT",2026-09-07T08:51:27+09:00
GoogleNews:健康　課題　政府,健康　課題　政府,女性の健康支援で“司令塔” - 公明党,https://news.google.com/rss/articles/CBMiVEFVX3lxTE9LNnlVSlZmSlFGSXFxRWl3UDhxemJwMUlzeV9aSnJTV3REdjFzSXgzQl9hU3gzRndDVzJJaDZSUkFtUllCaWJUbXF2a1J6eEpCRVVpNg?oc=5,"Tue, 03 Oct 2023 07:00:00 GMT",2026-09-07T08:51:27+09:00
GoogleNews:健康　課題　政府,健康　課題　政府,あなたの身近な課題 公明党の取り組み（上） | ニュース - 公明党,https://news.google.com/rss/articles/CBMiVEFVX3lxTE1KeHNYWVhjTTZOblVDaThsaXZKT1JGdl95VDlLb0l3U0VwRzc5TW1FVnI4RWhwS3dMVFd1a0ttQ28zNHo2RGFZUE9CVmZZQ2ZwWTJaRA?oc=5,"Sat, 24 May 2025 07:00:00 GMT",2026-09-07T08:51:27+09:00
GoogleNews:健康　課題　政府,健康　課題　政府,オーストラリア クイーンズランド州政府とJASHIE運営チーム （ミズノ株式会社・一般財団法人未来医療推進機構、JA NETWORK） スポーツおよび健康分野のイノベーションの促進に向け連携強化 - ミズノ株式会社,https://news.google.com/rss/articles/CBMiY0FVX3lxTFBiVnRzQVpuWTJVQnp1RVdtS3VXQXpNM2tjMG0zck9qZmViZmUxLXdwOVFjZ2FUUFh2RHZxdWpVZnlfekwzcnhOaWF5bnVscVE0Q3JBWXNpV0Zkd1BGSkJuc2hhVQ?oc=5,"Wed, 18 Mar 2026 07:00:00 GMT",2026-09-07T08:51:27+09:00
GoogleNews:健康　課題　政府,健康　課題　政府,健康経営に悩んだら導入を目的化せずに労働生産性第一で考える - 日経ビジネス電子版,https://news.google.com/rss/articles/CBMiZ0FVX3lxTE1DQmE5aG8tbjg3YXZKWUp5NGtmOUZRaXBnUDVmR01BOUdDWnV6WU50QWJaejk1Qnd4TzNRU3hOc3JiTERJak9VSFY1QlhJbVlQVHhxeGFoU2FjLTROOGNOQlZULUtraWs?oc=5,"Thu, 28 Nov 2024 08:00:00 GMT",2026-09-07T08:51:27+09:00
GoogleNews:健康　課題　政府,健康　課題　政府,昭和から令和へ：変わる仕事と健康の両立 - newspicks.com,https://news.google.com/rss/articles/CBMiU0FVX3lxTE9xYUZOaEIyRklaT0UySjA4bkNGRi11djlTcHEtYmthSXlqUWhDQ0NfUV9CdDhxZWYzWXEteF9SQlNtM0RaXzIwMW92eWVLU05LVEVN?oc=5,"Sat, 22 Jun 2024 07:00:00 GMT",2026-09-07T08:51:27+09:00
GoogleNews:健康　課題　政府,健康　課題　政府,日本は世界の健康課題を解決できる。その潜在力を発揮するために必要なこと - dhbr.diamond.jp,https://news.google.com/rss/articles/CBMiWkFVX3lxTE96di01V2VOLWQ0czZoZGRpM1NnYmdONWhValRNSy03V1Z3ZjdNTkY5SUlpTmFIZnNWMW9pTllkcFVjTlVkbEdyN0FpQzIzUmJjeHQ4VGtHdmtKUQ?oc=5,"Fri, 17 Mar 2023 07:00:00 GMT",2026-09-07T08:51:27+09:00
GoogleNews:所得　食,所得　食,米低所得層に広がる「食の困難」、消費者心理悪化の要因か＝ＮＹ連銀調査 - Reuters,https://news.google.com/rss/articles/CBMiekFVX3lxTE1SU2g4T0prWExnNk83MG01dzByeHFwZWNpcUVnanJNSTQ2REtuM2ZUaEdoM0RFYVNTNlVXYnRvVlVHdms1YlUyOUplWnptTmxydERqbzBSbnQ4NVV3SmNjYkxfbTZjNE0xVXdQQWUxZ3ZZZ3FKUG5ET0hn?oc=5,"Wed, 27 May 2026 07:00:00 GMT",2026-09-07T08:51:30+09:00
GoogleNews:所得　食,所得　食,"高所得者層ほど肉とスパゲッティを好む､では低所得者層は…データでわかった""収入差""による食生活の格差【2025年12月BEST】 - PRESIDENT Online（プレジデントオンライン）",https://news.google.com/rss/articles/CBMiWEFVX3lxTE5xWmlrdXZ3QUlBMkM2b09LbnNIVnppN2VvTnJNVW5KRnN6UFN5bXo2N1F3VTVVc1FROFhIZVJwaHdXUkpjclhXT0dDWkowVktkdzdESUlJOEQ?oc=5,"Sat, 10 Jan 2026 08:00:00 GMT",2026-09-07T08:51:30+09:00
GoogleNews:所得　食,所得　食,"高所得者層ほど肉とスパゲッティを好む､では低所得者層は…データでわかった""収入差""による食生活の格差【2025年12月BEST】 (PRESIDENT Online) - newspicks.com",https://news.google.com/rss/articles/CBMiWEFVX3lxTE9neE1jNWpUU19xdnpRaS1GM3Fpdi1nVXZFUUx0azVpd0g3OWRWZnV0M2kzajdQYWdaOERZNlhVZjc3cXZKMzBLQWxQeHFzLXBHcWRwTDNtQXU?oc=5,"Fri, 09 Jan 2026 08:00:00 GMT",2026-09-07T08:51:30+09:00
GoogleNews:所得　食,所得　食,バフェットは毎日コーラ5杯、大谷翔平は徹底した食事管理…成功者の「食生活」を真似する人が陥る危険な錯覚 - マイナビニュース,https://news.google.com/rss/articles/CBMiZ0FVX3lxTE9PWWN1ZTVLVjVkZmJNd29MNlhwYzM2NEt5MEFSVmNwUDRpUGlpX1JXMlpDT3pkdG5vTGwtbXl0NDQ5U2kzVXkyNm5ZczNySHVYb3REQUVXZ3VMMUk1ZTd2SGhEZkpjVmc?oc=5,"Fri, 14 Aug 2026 07:00:00 GMT",2026-09-07T08:51:30+09:00
GoogleNews:所得　食,所得　食,若者の所得向上支援を強化 「食」クラスター形成も 県第５期産振計画 - kochinews.co.jp,https://news.google.com/rss/articles/CBMiXkFVX3lxTE9qUE9uajBOWUw2RmIzVDZwRjFnZW04ZkRlUUMzbWJ3ZE9xR0ItdkxEZzFKRWJ0eXNEYXdveGlDNHJNbTA1c251RGdXX09Ia25ZdjVONVR5SXM0YTFSVGc?oc=5,"Thu, 05 Feb 2026 08:00:00 GMT",2026-09-07T08:51:30+09:00
GoogleNews:所得　食,所得　食,低所得層のマクドナルド離れが深刻に 広がるファストフード格差の真相 | 安さによる集客が困難に - クーリエ・ジャポン,https://news.google.com/rss/articles/CBMiU0FVX3lxTE5mazhCYy1xMElpVGZUZ0VUUG5WM3htblVoNWg2U01Qb1ZFWHA4eVFRcm1YWDVvamxpTnl1ckhPZElxMU9vdE1HWXRMWTFycHV3YVhZ?oc=5,"Tue, 09 Dec 2025 08:00:00 GMT",2026-09-07T08:51:30+09:00
GoogleNews:所得　食,所得　食,"高所得者層ほど肉とスパゲッティを好む､では低所得者層は…データでわかった""収入差""による食生活の格差 - PRESIDENT Online（プレジデントオンライン）",https://news.google.com/rss/articles/CBMiWEFVX3lxTE5GSEYxWmRqaVVsODFOMXJDY1QxV3hkSEMxMXB5X0xPZXhwd0FVWm1YdGItdTRURzNZWk5SLVpGaU5mMEZGZ3kzWmZsYVpBckdvVXptOS1TTEw?oc=5,"Thu, 04 Dec 2025 08:00:00 GMT",2026-09-07T08:51:30+09:00
GoogleNews:所得　食,所得　食,247. 低・中所得国における急激に変化する食の選択 - jircas.go.jp,https://news.google.com/rss/articles/CBMia0FVX3lxTE5JY05Gc0RrSFlrNjdLOFQ5bFQ3STI2QjZaTUk4ZDBuWml3YkZQSExfeGlFenpCZTB3M3JkWWNFVk13UHdnekkxYXhnanZtOTdUTTZLRW5DMi10WWFnWTBtd3Uxc05WQWoyZk84?oc=5,"Fri, 05 Mar 2021 08:00:00 GMT",2026-09-07T08:51:30+09:00
GoogleNews:所得　食,所得　食,農業者向けの「直接支払制度」とは？ - mri.co.jp,https://news.google.com/rss/articles/CBMiYkFVX3lxTE9GcFlGNzZCWjFlLXRocU15N1lxNE5ibGJNMWRZSWZFaFdkeUFUbEZ4bGMyeXBqY284MjFNQmRzVkZPZGc2MlRSdDNpQWhVb0Ffa1hwOXVJYXdvbFk3NFNXTFNB?oc=5,"Thu, 28 Nov 2024 08:00:00 GMT",2026-09-07T08:51:30+09:00
GoogleNews:所得　食,所得　食,長期休みに子どもの「孤食」深刻化――欠食につながるリスクも 分析で浮かび上がった、“孤食を生み出す社会の構造”とは【ひとり親家庭調査】 | 特定非営利活動法人グッドネーバーズ・ジャパンのプレスリリース - PR TIMES,https://news.google.com/rss/articles/CBMiakFVX3lxTE5pRTVmTU5WY2g0SlZxMGR4dlFsZl82MVZRWlZlVkRmQVB4WTY3QXQyQURvTHo5bV92SmF2blZYSVVwOXBibi1VMkRweHJBcGJES3Y3ZVB0RUlzQVhodDlGOEptZ3F6NEFSUHc?oc=5,"Thu, 02 Jul 2026 07:00:00 GMT",2026-09-07T08:51:30+09:00
GoogleNews:所得　食,所得　食,JICA草の根技術協力事業「参加型フードバリューチェーンの構築を通じた所得向上」インドネシア・バリ島現地活動報告 - waseda.jp,https://news.google.com/rss/articles/CBMiYkFVX3lxTFBkeXBqZ25kaG0tdExlcU5CcWJJeFg4cWtTMFV6UmdmWG5qbE9xOWtGenNXMHNXVlpHb0ROR3YzWVY1LWxmV01mVUx6c28wdVdsVld1d1JaRGZvSnJkSjQtTW9B?oc=5,"Fri, 17 Apr 2026 07:00:00 GMT",2026-09-07T08:51:30+09:00
GoogleNews:所得　食,所得　食,世帯所得で違いがはっきり 不健康な食習慣と飲酒習慣 - ダイヤモンド・オンライン,https://news.google.com/rss/articles/CBMiS0FVX3lxTE05eDhxWi1QM0xSY3F1dG9LSEtQVTVtbXhoeHF1aTdNd1pyY25XM1U5NzRxNFdMR0F2YjJvcjNZa3ZIWTlTQ1NLNjZsTdIBTkFVX3lxTE5mc1o3UUp5aFduSW1ReENRWmE0ZmRjMVJTS3JMUUpXV1JRT1NvVnRQNzRXWE56bUplWmM4MnUzNFBKb0hoMGZxZmc1clZDQQ?oc=5,"Fri, 29 Jan 2016 08:00:00 GMT",2026-09-07T08:51:30+09:00
GoogleNews:所得　食,所得　食,明石家さんま、食生活を共演者が告白「高額所得者やのに…」 健康の秘訣も明かす - ENCOUNT,https://news.google.com/rss/articles/CBMiT0FVX3lxTE9MRGs5MU9IWk0xTm4yRFl0QVlDdFRYQVBjNzNxTVVSQV9DTnlEWGJYYlJCT1Z4NDBhQzRWNkZMUE5TWDBmQU5lN252U2d2Nlk?oc=5,"Sun, 26 Oct 2025 07:00:00 GMT",2026-09-07T08:51:30+09:00
GoogleNews:所得　食,所得　食,物価高騰×給食なし――二重苦の夏休み 低所得のひとり親家庭で、子どもの食事”減”の危機 『夏休み 子どもの食を守る支援プロジェクト』始動 | 特定非営利活動法人グッドネーバーズ・ジャパンのプレスリリース - PR TIMES,https://news.google.com/rss/articles/CBMiakFVX3lxTE5jSWR2VDBrSWNXMjVQRG51UzR2Y3pEN292a1EyMHZMeTUtMmdPOFhmQUpqT1N4NlMwQnlzdzNsNWNfSEhvM0wxTHNOZUtEVUhrVjhSalREbTEzeUdKQVkwRUJ4UEFqanF6MFE?oc=5,"Wed, 16 Jul 2025 07:00:00 GMT",2026-09-07T08:51:30+09:00
GoogleNews:所得　食,所得　食,461. 先進国における食生活のシフトによる地球・人類の健康の改善 - jircas.go.jp,https://news.google.com/rss/articles/CBMiZEFVX3lxTE1vS2JTbUM2M3RQdlRuRkxRZmx1Q1ozNUZQd09XY3oyaHFES1BKczRuN1U4c1hjcWd1V0gtb1BNcVd3dHZQUkVubnJkaGt1QTFsYUhUb0M1MmlybEJGYjVRWW1JTkw?oc=5,"Thu, 20 Jan 2022 08:00:00 GMT",2026-09-07T08:51:30+09:00
GoogleNews:所得　食,所得　食,コメ農家が赤字でもコメを作り続ける理由食料安全保障と農業のキホンの「キ」（4） | 食料安全保障と農業のキホンの「キ」 - mri.co.jp,https://news.google.com/rss/articles/CBMiYkFVX3lxTE16Q1k4SG9USnItdkJaanNHcEQxM2k3WVpuNWhVSGhVLTh2UE81TUluUkxVLThoT1ZvT01WQ1E4aUgxVTQxOU5GalBEcDNkYWV0MkJlZmh6T0VxWHNYT29GQjZR?oc=5,"Wed, 12 Jul 2023 07:00:00 GMT",2026-09-07T08:51:30+09:00
GoogleNews:所得　食,所得　食,「230円の社食も高い」 当事者が語る、“今起きている”貧困の実態 フルタイム就労でも低収入、食を諦める母――困窮する親子の暮らしとは？ 【ひとり親家庭の声】 - PR TIMES,https://news.google.com/rss/articles/CBMiakFVX3lxTE5ka1NTZmVfSmVhQ2FjeU53TVM5WmdOV2JoNWFsaE5fOEg2dWJPNGE2Q1FFNEJ5SXV3S1B0Szdldk5LZ21BNnFGdFo3VkxPeE1kUklpVXFfZjhoTndRSVQzb2R1WG9LdHQ1a1E?oc=5,"Thu, 22 May 2025 07:00:00 GMT",2026-09-07T08:51:30+09:00
GoogleNews:所得　食,所得　食,【休日に3倍増える「1日2食以下」の子どもたち】続く物価高、「食」が奪われていく家庭の実態を調査：フードバンク利用のひとり親家庭アンケート | 特定非営利活動法人グッドネーバーズ・ジャパンのプレスリリース - PR TIMES,https://news.google.com/rss/articles/CBMiakFVX3lxTFA4bFZCOGNYOVEybzl3NS16T1lKTUJ6emVVY2d3eXhrR1hTeURLRnZwMm9Renh4dmREcllzZlhjNENET1I2RW1SVDN0TktIOFhzVm5JSEg5alY0UXJreFp0TzI3X0NHWko2MUE?oc=5,"Tue, 14 Apr 2026 07:00:00 GMT",2026-09-07T08:51:30+09:00
GoogleNews:所得　食,所得　食,1日1食の子どもも・・・ 学校給食のない長期休みに、困窮家庭で一層深刻化する食生活の実態とは？ 【フードバンクを利用するひとり親家庭への調査】 - PR TIMES,https://news.google.com/rss/articles/CBMiakFVX3lxTE1GNm8yRl9teVBkbVdEWDNiX3pmUUVzZWI2WC1yNUhZOWtRNUNyU2pmQmwxdTNZUlEzbmhFV0swQkxKbnhMLU04d0NpRHBxYWZBMFAtVllCanlHWGZkLWJidHlZREVBMVY2Y2c?oc=5,"Tue, 25 Jun 2024 07:00:00 GMT",2026-09-07T08:51:30+09:00
GoogleNews:所得　食,所得　食,子どもの3人に1人「1日2食以下」 低所得のひとり親家庭 給食のない夏休み【Nスタ解説】 - TBS NEWS DIG,https://news.google.com/rss/articles/CBMidEFVX3lxTE43U1lVNW9YbEc2c2YybEhBTEdlMUFnREN5WTZib3p5NnJOZ2hQM3BuYzlKZjZQNlhuM1F5NHJRQmdqbHJFaldOeTF1enNubVhMZkgwejc4ZnhNbUdqU0hIbVYyNkUtTWFlOHE0VWZ0UDEzNFkx?oc=5,"Wed, 25 Jun 2025 07:00:00 GMT",2026-09-07T08:51:30+09:00
GoogleNews:所得　食,所得　食,給食のない夏休み、貧困家庭を圧迫 子どもの空腹救う「食」のバトン、想定超える需要 - 朝日新聞,https://news.google.com/rss/articles/CBMiVkFVX3lxTE82aFltd1ZhVlBBYnptTmZla2NPQWZDbUJsR0Y1OExlU0VUbXo0bGVUczJRSXdGcmhFMHMtX1Q1dWgxRmJjdVE1eDFkM2pYeWpOT0RWcGZB?oc=5,"Tue, 19 Aug 2025 07:00:00 GMT",2026-09-07T08:51:30+09:00
GoogleNews:所得　食,所得　食,JICA草の根技術協力事業「参加型フードバリューチェーンの構築を通じた所得向上」インドネシア・バリ島現地活動報告（vol.2） - waseda.jp,https://news.google.com/rss/articles/CBMiYkFVX3lxTE1kcDdGUW9BelhTMkg5SFg5RlB4ejN5SGlseTdXemJySnpiNU9kUVZxV3Y5ZklXMWNwWENhdlJlNXNxSUdSTUt0OUxrRlZyOE1sODVJUmVWOVRTSkxBX2s2M3JB?oc=5,"Wed, 01 Jul 2026 07:00:00 GMT",2026-09-07T08:51:30+09:00
GoogleNews:所得　食,所得　食,低所得者ほど米・パン摂取 厚労省調査、野菜・肉類は少なく - 日本経済新聞,https://news.google.com/rss/articles/CBMibEFVX3lxTE5HTjhKTXNaMFFOVjB4TERoOFlpZ0pLYjQ4VWhzTG9GQWhBeWhuWDVLZXFFUWI4OXhJUlg5RGhFS2w0eEpYZFhGVExOQ0d3eE1qZXRfcnVqZnVnQzgwYXFib01peFUzdFpoQ3ROQw?oc=5,"Thu, 10 Dec 2015 08:00:00 GMT",2026-09-07T08:51:30+09:00
GoogleNews:所得　食,所得　食,“やせ薬”が流行する米国で低所得層へ拡大した機能性食品市場 ファイゲンバーム裕香 - 週刊エコノミスト Online,https://news.google.com/rss/articles/CBMif0FVX3lxTE9Id29fSy1qUVJvUEJOU2VYMG5Bc2VaSDFvdXpWejdFSk9wYllUMzVlZEpWR1VwUzRlbXI1QW9JOE0zQnBVR2RDbXpRQTVwS2JhdUlVbkhzZHZrTnZYcmNlaTZHODRsbXNDUTZJakkwU3RFNEpkaGFGM2FKNENIXzA?oc=5,"Mon, 20 Apr 2026 07:00:00 GMT",2026-09-07T08:51:30+09:00
GoogleNews:所得　食,所得　食,所得が低い人ほど食事の栄養バランスが悪いことが判明 :ニュース - almediaweb.jp,https://news.google.com/rss/articles/CBMiXkFVX3lxTE9MMWtqUlk0dEFvMVQyTkVxOFZ5NXg4QUg4YlExZ1ZTeTJuSU1idkp4QnFQQ0N5dFBwTFk4eDZOT1gxWFZNTXVvWHdiMXJqSTlRVVluYi1UbjFMZWgyQnc?oc=5,"Mon, 25 Jan 2016 08:00:00 GMT",2026-09-07T08:51:30+09:00
GoogleNews:所得　食,所得　食,"米、肉・魚、野菜の購入「経済的に困難」9割 物価上昇で 食事量・栄養足りず「子どもの成長への影響心配」【フードバンクを利用するひとり親家庭2,000名超による回答】 - PR TIMES",https://news.google.com/rss/articles/CBMiakFVX3lxTE4zV1dOZ2dtM1JwNmlrS0hqTUNhUmV1ZEdwQVM1b0RnSjRrbkd0TTV1UWMxTE5kUlFUOE9CdjgwakI4b0dMMTVKMURkVTdpU1JhcWZZT1ZXYjRucUtTd1JaRF9vYWp5a3QwNVE?oc=5,"Tue, 25 Mar 2025 07:00:00 GMT",2026-09-07T08:51:30+09:00
GoogleNews:所得　食,所得　食,食を通じてひとり親家庭を支える、食品支援ボランティア募集【近畿・九州】 ～低所得のひとり親家庭に向けたフードバンク「グッドごはん」～ | 特定非営利活動法人グッドネーバーズ・ジャパンのプレスリリース - PR TIMES,https://news.google.com/rss/articles/CBMiakFVX3lxTE1fbGU5V2sxbVNGWEFhUzcxNDd4STJ3UmJDblZQOXZXY0xGQkJJNE1idVdHVW1MOW9xRHREbHkwWDl2by1NT3AyV1hPVXVmMW9rSHBVWmJQRWJaSmVFVUJYSGdfLXhLWmxUUVE?oc=5,"Thu, 27 Mar 2025 07:00:00 GMT",2026-09-07T08:51:30+09:00
GoogleNews:所得　食,所得　食,夏休み 子どもに昼食提供/愛知 みよし市 全国初 １食３５０円で | しんぶん赤旗 - jcp.or.jp,https://news.google.com/rss/articles/CBMidEFVX3lxTE9nQ3d1d1U3NVh3ZHVCV3NVUGFkSGlYTXAxbTZGSzJLY19LOW91Unh2M2IyNzBPTXhvb2d6VWpiUHRZT2ZfSFBxdHlZSXFOQnZBcXl2ZmtfUlFOMXlES0F2cEptM1VONXB2OW9DQkdmR1M1SFJx?oc=5,"Fri, 29 May 2026 07:00:00 GMT",2026-09-07T08:51:30+09:00
GoogleNews:所得　食,所得　食,平成30年 国民健康・栄養調査（2）身体状況、および所得と生活習慣の関連 - sndj-web.jp,https://news.google.com/rss/articles/CBMiS0FVX3lxTE1Hcl9GZnRfUnhVUWk2MVRjZEo1bUpoSlBLZWNwTGFtNTkxcHlTa2g2OENGZVN1WjZLMmNhZUF3bnNfUkozUnYxUHpGSQ?oc=5,"Tue, 21 Jan 2020 08:00:00 GMT",2026-09-07T08:51:30+09:00
GoogleNews:所得　食,所得　食,高所得国での非喫煙者の肺がん、よく料理する人ほどリスク高い？｜CareNet.com - carenet.com,https://news.google.com/rss/articles/CBMiX0FVX3lxTE8xTGg4QXNUUi1JTlQwSXgxZkhldWM3MEM0enpSUlZjZ2VxcXNCYmkzZEY5TDV6VG1ZbW16SzFXSWpvcGFsd2wxR2phUFh6SFBtSFQ3QW5vM21XYTgwQlln?oc=5,"Wed, 02 Jul 2025 07:00:00 GMT",2026-09-07T08:51:30+09:00
GoogleNews:所得　食,所得　食,給食のない夏休み 「1日2食以下」の子どもは低所得ひとり親家庭の3人に1人 コメの価格高騰で「お腹が満たせなく」 - TBS NEWS DIG,https://news.google.com/rss/articles/CBMiV0FVX3lxTE9RRG55ZkdMWmYtZmtDVDk2dTBJSWQ2WF80bHl2R1JEWHNZRTV1d2IwQTQ5WDVIT0xYQnd3V29mdzZWNW54Zm80RzRlYlFHdmtfbHpMQ3BVQQ?oc=5,"Wed, 25 Jun 2025 07:00:00 GMT",2026-09-07T08:51:30+09:00
GoogleNews:所得　食,所得　食,低所得世帯の食事は「主食頼み」、満腹より栄養に注目を - ダイヤモンド・オンライン,https://news.google.com/rss/articles/CBMiTEFVX3lxTE9ndGRlVF9rbEhNR0Nfa2VQZmhyZUJhamF5Qkt0SklYSGh0ZWpOV2FPOWZjVDk3Z3dFM3lWTXJSZ0htZHA5dy1DOFpKeG_SAU9BVV95cUxQOTlxUzBRTTBkR2RtcXRPeTllYmpYNWlpRFJicW9SWUcyT1F4Vm40LU9oLWxGWDB4QzltdTNydGxmX2I5MkVQMHpMTEtMZ1lB?oc=5,"Fri, 26 May 2017 07:00:00 GMT",2026-09-07T08:51:30+09:00
GoogleNews:所得　食,所得　食,価格保障と所得補償を/高知 食と農を考えるつどい/紙参院議員と白川予定候補迎え - jcp.or.jp,https://news.google.com/rss/articles/CBMidkFVX3lxTE5iTjdhUmNkR1ItNUJBMXR6M3lCX1Y1VnUzSFh2Z3otZlMzcjFOOHVSS3dROTRpQjFRLWEzUElPeUlxbDA1Yng2cXJqcHRRVThzMkU3QWxLbzEwdndUUG9FcU5ENkV4MzVkdE43algxUFNxQ3NRS0E?oc=5,"Tue, 15 Apr 2025 07:00:00 GMT",2026-09-07T08:51:30+09:00
GoogleNews:所得　食,所得　食,入院時の食事に係る患者負担を2025年度から「20円」アップ、ただし低所得者では「10円増」「据え置き」の配慮―厚労省 - GemMed,https://news.google.com/rss/articles/CBMiSEFVX3lxTE9jR2NNSDNneUpSOWwtLVdBSUdEZU91UnJ6bEl5OWlGeklJdExXZUlEbl85OVJzaHRnMUd5YXlZNkg4Y19sdmN3eQ?oc=5,"Mon, 06 Jan 2025 08:00:00 GMT",2026-09-07T08:51:30+09:00
GoogleNews:所得　食,所得　食,廃棄される食品で低所得者層を支援 マレーシア政府が推進するフードバンク活動 (2ページ目) | 未来コトハジメ - project.nikkeibp.co.jp,https://news.google.com/rss/articles/CBMickFVX3lxTE9DTXZhck9IX1cxYWJTSzFvUm5hZlF5TDViQjFQdUZfQklmR1pCbXFLSjNGbS1BUFBjeXN4ZWpDbUE2UzlkTVNCNExqckZNLXcwQl9yU2VGeXRoSVBvdVNnaHZ1ZVJSejNzNllhVV93LTJjZw?oc=5,"Tue, 20 Jul 2021 07:00:00 GMT",2026-09-07T08:51:30+09:00
GoogleNews:所得　食,所得　食,出店により“都市に豊かな食生活を届け”、“産地の所得向上”に。都市型八百屋「旬八青果店」が連続出店します！ - PR TIMES,https://news.google.com/rss/articles/CBMiakFVX3lxTE9SNVY4R3p3QmROT0tYOUM5VGpuM0RxU3oxNWhNSUxVYkw2T0pXbDJnTENyVFh5SFpMQ0NIeGwxOWo3b2gzU3F2d2RzbXc3X2hkcjJWbDdFNjhmeHZqMEstSE5KalNhV0cwd1E?oc=5,"Fri, 01 Mar 2024 08:00:00 GMT",2026-09-07T08:51:30+09:00
GoogleNews:所得　食,所得　食,高GI食、心血管疾患・死亡リスク増大と関連／NEJM｜CareNet.com - carenet.com,https://news.google.com/rss/articles/CBMiX0FVX3lxTE1JRS10UnlDN2M2Z29CSEJ4WnlkR2tfcDFvdEVxQndOYjUzb0xZdEdnOWFoRVYtbG85YU9wTUp0cnBfeVZiU3dGZU5jSnd6QU42LTF1TjZrOERGZ2puOTVv?oc=5,"Fri, 05 Mar 2021 08:00:00 GMT",2026-09-07T08:51:30+09:00
GoogleNews:所得　食,所得　食,［韓国発 食と農のいま］予算増加幅 過去３０年で最大 農漁村基本所得を拡大 - 日本農業新聞,https://news.google.com/rss/articles/CBMiV0FVX3lxTE05aU11d0FXZkhlYjNYc05jNndUcmhHRmpBX3haRXRPdHJ5Qk5fVjNTbGZIcm1oUU81dk1QYVBKX0dzUWVXZnNUWmNla1p6cW5GTG9aNTAtVQ?oc=5,"Sun, 06 Sep 2026 20:01:24 GMT",2026-09-07T08:51:30+09:00
GoogleNews:所得　食,所得　食,【新型コロナ】ひとり親家庭の収入と食、子どもへの影響を東京と大阪で調査。 - PR TIMES,https://news.google.com/rss/articles/CBMiakFVX3lxTE9aTmQ4dWJZV2NlUGNLSzRxLVh0eDlKbHVRQWtJZXNOUHU5QnEwQXRwQ2FuV0pYTThfdlJoVW5VQ2poX2xxVkxheXFSTFE2Mk54d0l2c2RGRFQ5TWtQLXo4ZTZBYWhaZ2pCaVE?oc=5,"Thu, 24 Dec 2020 08:00:00 GMT",2026-09-07T08:51:30+09:00
GoogleNews:所得　食,所得　食,"所得の割に食にこだわる｢エンゲル係数の高い県民｣が不思議と好む､米でも麺でもない割高な""粉もの料理"" - PRESIDENT Online（プレジデントオンライン）",https://news.google.com/rss/articles/CBMiV0FVX3lxTE1hR2NxX1NmY0trT1p6azdmQS00TGVPcmkyQWF5bEo2aTRrOUk2OUZPYk1uUGM5YWZTY0ZvODFRMXJDel9jZjhKNWU4QjN1WDd1cUlrNzEzWQ?oc=5,"Tue, 12 Jul 2022 07:00:00 GMT",2026-09-07T08:51:30+09:00
GoogleNews:所得　食,所得　食,低所得が糖尿病リスクに 1.2〜1.4倍の格差 ストレスや就労困難が原因か？｜ニュース - dm-net.co.jp,https://news.google.com/rss/articles/CBMiWEFVX3lxTE5iOTJPS0dTUlo5RU9mdVJyWmw5T2IzSUF3dU4xOEVnOFJ2Ri1rWC1WLWVjUnNkZmkxbUFWZVZYRHBaYzZQQ2c0TDg1X1FNQ3RmY0FpWkZnVi0?oc=5,"Wed, 13 Feb 2019 08:00:00 GMT",2026-09-07T08:51:30+09:00
GoogleNews:所得　食,所得　食,「フードスタンプ」来月1日から給付停止の方針 市民に不安広がる アメリカ（2025年10月30日掲載）｜日テレNEWS NNN - 日テレNEWS NNN,https://news.google.com/rss/articles/CBMihAFBVV95cUxNLTNwU2lyTVNKNkxwYjBkclBOVElSM2h1Z1B3MU1KaFhSbUtRYndCY2JxRlVxMUd6dHhkMkdXZHNEYzg2bm1NV0cwM3E1Wnk3WFhYelpsdEk0dlY3VGlfdmdYQmszZ1Nad2hPbW04Y2VvUHlTWl93YWk1Unh0dFlsUFd2OEI?oc=5,"Thu, 30 Oct 2025 07:00:00 GMT",2026-09-07T08:51:30+09:00
GoogleNews:所得　食,所得　食,所得に比べ幸福度低い韓国人…１日２食は「ひとり」、隣人も「信頼できない」 : 文化 - ハンギョレ新聞,https://news.google.com/rss/articles/CBMiXEFVX3lxTE90bkszTFFaUGlJTmtEVGlKbkVyV053UkgwUEJqanVLSlF3NU1UM2tpRVZ6Sm05QlhrSkNqMTNqeDFPa3UxZ1FYazNiUkNtUEhIVmd4MmpuaUIwZExS?oc=5,"Tue, 25 Mar 2025 07:00:00 GMT",2026-09-07T08:51:30+09:00
GoogleNews:所得　食,所得　食,世帯収入、200万円未満が2.5ポイント増 「衣.食」の確保難しく、病院受診も抑制＜2022年度沖縄子ども調査＞ - 琉球新報デジタル,https://news.google.com/rss/articles/CBMiW0FVX3lxTE95ZU1zOGMyZ0IxWUpxRVgwb2FJNWFaaEVwS3pkcmlXaUNyYUt2YjBfdHpDOGhZWUpjcVYxdnNLVHkyU3JTOVF4ZmcxMlZsZUFpVXFQaElzVHdXNjg?oc=5,"Fri, 09 Jun 2023 07:00:00 GMT",2026-09-07T08:51:30+09:00
GoogleNews:所得　食,所得　食,栄養改善と収入向上を試みる、ラオスにおける「昆虫食」のあるべき姿 - JBpress,https://news.google.com/rss/articles/CBMiVkFVX3lxTE0yeFFVRlNLdmxZX0RJRW0zSUh5a1pzdjhhRjlYZVoxS040blotTGt0TXBOUmtFMk15YTlFcjRJYzZwbk9HMDVzQ0R6Yk5YbjdTYlJDWHFB?oc=5,"Wed, 14 Jun 2023 07:00:00 GMT",2026-09-07T08:51:30+09:00
GoogleNews:所得　食,所得　食,令和の百姓一揆 「食と農と命を大事にする国へ」 農家の所得補償求め、トラクター先頭に4500人が都内をデモ行進 - 長周新聞,https://news.google.com/rss/articles/CBMiVEFVX3lxTFBaTVBSSFVSZnlPNk1nTEk4NHVhWS00QVExZDlWS3gwVmxqSXFJTURYUTdhRVBremFFbUQyQ0M3RkFSdmZ1RjR0NnJ0NDVPYUYwTDVfVQ?oc=5,"Wed, 09 Apr 2025 07:00:00 GMT",2026-09-07T08:51:30+09:00
GoogleNews:所得　食,所得　食,所得と野菜を食べる量の悲しい関係、野菜マーケットはいまや「局地戦」へ 味の社会学（第6回）(1/4) - JBpress,https://news.google.com/rss/articles/CBMiVkFVX3lxTFBBV0hOaUtlZVFvZU5PVUFsTWlpeURXY0YyRlFqaW96dGVnd2hHNUVBU3ZkN0kzRG1JcTl3QVhiRk1VbnRTVlV0NzN1djNFdEVrSUJtVE13?oc=5,"Wed, 26 Feb 2014 08:00:00 GMT",2026-09-07T08:51:30+09:00
GoogleNews:所得　食,所得　食,所得が高くなると健康投資が増える？－高血圧診断が食生活に与える影響をもとに 小西萌 助教 （2011年4月当時） - waseda.jp,https://news.google.com/rss/articles/CBMiYkFVX3lxTE9iMmUzSWpFcVdOOXdqM0dXbGJJZEJEc0p5QzVkNjNyR0FwWk1qb3ZGTjFnSklWQ2hsdkU2U1pkNkNtYVVnRG0tRnNyNFhMZ2dRLXlWa1lvYU9ISGtuNFYwcWFB?oc=5,"Sun, 17 Apr 2011 07:00:00 GMT",2026-09-07T08:51:30+09:00
GoogleNews:所得　食,所得　食,「健康的な食品」の価格は「不健康な食品」の2倍以上！英国の調査で発覚 - Women's Health,https://news.google.com/rss/articles/CBMisgFBVV95cUxNUkJVYUFTc1VhMUw3WHdpdmM2MXc4YjhaMW14N2VxOHV4TVZROVhWZGp1ODE0QWRHVlhpbS1hWnloZnJNUXdFelhzN2hyLW1xdkdpTGg1NkFJa0dhTTVSc2MtRzhTZlo4VGppWUMyS0VpZzVnSWZUM1hNc0hzUkdISGlyckFRc0o3X21MWkZMY2VRa1cwY3RtUVJqUk1TbHliLUVfaGZVMGNtMXpha0JmV2Rn?oc=5,"Fri, 21 Feb 2025 08:00:00 GMT",2026-09-07T08:51:30+09:00
GoogleNews:所得　食,所得　食,障害者アーティストの所得支援を目指すアートビリティとimperfectが協業し、パッケージデザインに障害者アーティストの作品を使用した「アート＆カカオ」第2弾を発売 - PR TIMES,https://news.google.com/rss/articles/CBMiakFVX3lxTE1DOFhIRDFhTEVTRFAzUUtvQzNxRE9yY1RPMVlsbnpPVEhxYkJpcElVMVVKb3NuZE4wcmJjZmVPWUhaZjRvYkRGamUybDFSYkNxY3lzcjhMLUNDbGs1U3JvUmxZb2p3TkhmOXc?oc=5,"Tue, 29 Nov 2022 08:00:00 GMT",2026-09-07T08:51:30+09:00
GoogleNews:所得　食,所得　食,68カ国の12〜15歳18万人の調査で、食料不安とファストフード摂取量に有意な関連 - sndj-web.jp,https://news.google.com/rss/articles/CBMiS0FVX3lxTFB0M19BaFAyQjhRTWpfWmZQci01N1NHTUtkVTVnMTBCQ0paQVZWTG1TalZSLV9DakItN2l1b0hGWnBkNWkyODlIRk1pdw?oc=5,"Fri, 14 May 2021 07:00:00 GMT",2026-09-07T08:51:30+09:00
GoogleNews:所得　食,所得　食,「貧困による食格差」が生む子どもの肥満やいじめ - 毎日新聞,https://news.google.com/rss/articles/CBMifEFVX3lxTE5wdWF3dUVPai1EQ2g0RVYwcGQxN04zV2NQZ2lUdjRiTzM0ejI4WUJiamRtTGtiLXNqTFRqdGpuY3NnWE9EWTRld0lLdjgxY0ZvNkVNb1NsWHdfZlU1Y25VMlc0SjFuZUppRUptTlhWUk9pWWVHNzVaeXVVdFY?oc=5,"Mon, 28 Jan 2019 08:00:00 GMT",2026-09-07T08:51:30+09:00
GoogleNews:所得　食,所得　食,【動画あり】世界一の経済大国アメリカに広がる「食の砂漠」 生鮮食品入手できない貧困層 - 東京新聞,https://news.google.com/rss/articles/CBMiUkFVX3lxTE9zc3J3anEwVTljRUdFclZNMnFSV0IwUEZMM2pJUjBkVXpxYlFnZl9TS21VdzBRX1hEU2RsOVNhXzZqTC1YY2xLc0xKdEpvWVBSc3c?oc=5,"Thu, 24 Dec 2020 08:00:00 GMT",2026-09-07T08:51:30+09:00
GoogleNews:所得　食,所得　食,低所得者のペットフード支援、NYで初めてマムダニ市長が実現。動物保護団体は「前進」と歓迎 - ｄメニューニュース,https://news.google.com/rss/articles/CBMiqwFBVV95cUxQLVdfdy0wTXBWTGhKWDRRbXI1RWpncENOdHM0VllsNWpTSGVkUDcweWtybVFBQWVIekFtVElub1ozMThJTFBfWWdKUmV3YzRLWHhwR1N5eUJDRk41ekFsTWdxVFJPeS01aTZhcGNwWWN4cWFMR3JsbzR0ZE5aVHpnak5SU0hpdk4zZjNMV3k2bk5pdjk4ZXBXTDlIOHBZaEF4NmVuUXVFRDlaLTjSAacBQVVfeXFMTUlFM0V0SEhUNUhWbElMdUwwaUxnR3lCaERDSDRKbWRWTU9SY01fZjVjNmVIeTRTTGU0bjk5R3hiY3liUURFYklhRDM4MVl3OHY3Sjk2Q2FQUG8xMEY0cG5fVUpITWJBaGZNSFplMHk1RWhENnZhMG1uYTM2aXp4S3BjNHFZTkwzUGFmVElNdkJCYkFLMGY5Z3pHRC1wQzJYWE1nb3Job28?oc=5,"Tue, 07 Jul 2026 07:00:00 GMT",2026-09-07T08:51:30+09:00
GoogleNews:所得　食,所得　食,猛暑でもエアコンを使えない、食費は1食110円以下…物価高が招く子育て世帯の困窮 - 現代ビジネス,https://news.google.com/rss/articles/CBMiWEFVX3lxTE5QYmYtRVZSMHhFSmh5VTBKZEJYRHpsUm1laWFKWmxLUVNRSy1UUFpPSXg4allKNEVPTWZRZ3NTT0FjRGE2cHpXeFd1bXY1SU5lU3lnMjV0YUw?oc=5,"Wed, 19 Jul 2023 07:00:00 GMT",2026-09-07T08:51:30+09:00
GoogleNews:所得　食,所得　食,ネスレ、低所得国のベビーフードに大量の砂糖添加 - swissinfo.ch,https://news.google.com/rss/articles/CBMioANBVV95cUxOWDJFM0xjRmdzRTVTOG1oMEdTYnlMVG52cEU5LUNBWnFHUl8tLTA2bkhNZFZQYUpfbUxVOVpiVzh5NWE2NzJBaWZCS0hXaEZLc0VadlFBaUVVSnQ3aVRYNUs3MkhuVnJWNk1ENmRSU2pXZlVFQWZVZnZLaEx4aVNCODdmWEJoV3MtRGpqYW9nM09aYm9BZVJ5d2ZNNHBFdXp5NWplN1lfN085clpKTXd3MXItUy1mSGlKSURJY0MyVGhaQjYzemNJb3ppakdQWW10cE9TRUctZFo1eFFvSnlRZEkwT0dFd2Z6czhRR0hoYTJJSlVyZEZDSWRmbC1oMUhIbXlqenhSV00teUVFb1VLLTFXcExkMkxiTk5BRmhTRjI3UDFNRUJxekc1MW9zT1h4RjJmWUhzUWNHN0RVZTRIMmM1RTBEOGRyUDNrQ0hZYXVsZWYwb1haVzBBVXAwcW1fV2k3elhmeUNweGJnUl9kMXJyVm1GUDFyMmozdjRYU3FqaFByTlV5TDBFQlBJUVIweW00Ynl0R0hxNTJJNVBDaQ?oc=5,"Fri, 31 May 2024 07:00:00 GMT",2026-09-07T08:51:30+09:00
GoogleNews:所得　食,所得　食,「1日4ドルで作れる」低所得者向け料理本、米国で大ヒット - ナショナルジオグラフィック日本版,https://news.google.com/rss/articles/CBMiakFVX3lxTE8zVmQwT1VyZDNsOVpnS3JZS01UdEFQaTQxMWpDY0xtbjNqV19XdVpfNlBaWExaakZnRjZuTktDYnpBVXNkR2dUTlFHVVhFbHd5ajd4eFM3Z2Z4ZXhqMXMxRXNsaVVaa2pWdkE?oc=5,"Tue, 26 Aug 2014 07:00:00 GMT",2026-09-07T08:51:30+09:00
GoogleNews:所得　食,所得　食,学歴･収入により女性の朝食摂取率は全然違う 働かない20､30代に欠食率が多い - PRESIDENT Online（プレジデントオンライン）,https://news.google.com/rss/articles/CBMiV0FVX3lxTE5PSTFuNnduSFlSeEd6MXN0QjYtd2pOUlZtdF8tcTJuSnhsSlhwTkVJWUcwWGxFWWtFZTdDc1Bhdkd5NWczMXBWZkE5U2Y4T1Vfbm1GaXk4aw?oc=5,"Sun, 11 Aug 2019 07:00:00 GMT",2026-09-07T08:51:30+09:00
GoogleNews:所得　食,所得　食,マクドナルドなどのファストフード業界で値上げにより急速に低所得者層の客離れが起きているという指摘 - GIGAZINE,https://news.google.com/rss/articles/CBMiZkFVX3lxTFAwOXRxLWdtZ0RPTnRKcTRWVkhQUWZ2dXNwN2xXSG8tdnRXT3hsRDM4ajZ0X2lQYzQ2VE9uS0QxYmhVaVYwV0pfY1VkaFhEOGplM3BFX1JZU1dIMUVRX1V4SVhkVkFMQQ?oc=5,"Fri, 28 Nov 2025 08:00:00 GMT",2026-09-07T08:51:30+09:00
GoogleNews:所得　食,所得　食,「高所得の人」と「低所得の人」の健康格差をシミュレートしてみた。NHKスペシャル取材班が総力を挙げて迫る - ダ・ヴィンチWeb,https://news.google.com/rss/articles/CBMiTkFVX3lxTFAzN092b24tVVNfRi13bXppb2ViRGQ2ZXVzcUwydTkwLUllMS10NDNTaHJJTDVOSUFXNGFxRklmOGNzaFRkUXN0LXdHa3NNdw?oc=5,"Mon, 29 Jan 2018 08:00:00 GMT",2026-09-07T08:51:30+09:00
GoogleNews:所得　暮らし,所得　暮らし,輸出は好調、暮らしは厳しい、韓国経済に広がる「K字型二極化」－半導体依存の成長を内需・雇用・家計所得へどう波及させるか－ - nli-research.co.jp,https://news.google.com/rss/articles/CBMib0FVX3lxTE04aUFRODJ3anRyUmtrQ1hRMnpsamRjTzRSSm9EaWVXUDBPa01zQy05cU1ZNW5yZ2RQRmduXzlwRHd4ZWxJcXUzeVdtS3M4SGZ2RE4yUWFaV3pwTjYxTXVjVWRNUzFvVk9MbnhqMFpUVdIBf0FVX3lxTFBzY085NXZ2cHc1RU1tYUZZaHFxd210Y2t6NmRFMlBzem5jV0U1X1hBY21LUVNuTktBaGhyc21KbTFncjhIb0hONUtqWEJjZGRWT0FFZWRxRnJFZlZtNjluUlVwWVVLbGRYNmhRZUx2and3STQ5SElPdU4zdkhQQmc?oc=5,"Fri, 14 Aug 2026 07:00:00 GMT",2026-09-07T08:51:32+09:00
GoogleNews:所得　暮らし,所得　暮らし,【年金暮らしの人】住民税が非課税になるのは年金収入155万円以下、扶養1人なら211万円以下。非課税世帯が対象になる給付金や医療費の上限もあわせて確認します - LIMO | くらしとお金の経済メディア,https://news.google.com/rss/articles/CBMiTEFVX3lxTFBjcEVoNzBiYVJRTEpWR0pBc0x0b2hnTGJHZWlKa0dBc2MxMHprbmIyOTM2VVdRUFRYR2t3cHB1anZCbzRhbHhaOHdnLWw?oc=5,"Tue, 01 Sep 2026 21:51:00 GMT",2026-09-07T08:51:32+09:00
GoogleNews:所得　暮らし,所得　暮らし,"「お正月どころではない」――年末年始、8割が家計苦・物価高が拍車 低所得のひとり親家庭に迫る困窮【2,000人超調査】 - PR TIMES",https://news.google.com/rss/articles/CBMiakFVX3lxTE9ZTGVna1pSOENZclQ0QWViY3M0TkE3T25hQWpoNTFuUWVHTGQ3NGk2ak5zbWZIVDBsd0NHcFFESjZ1U0xobXZtOFc3NmFIbFlidHo1dDVaUk5kZ0dacnp5d0ljWS1vb2NBMHc?oc=5,"Thu, 04 Dec 2025 08:00:00 GMT",2026-09-07T08:51:32+09:00
GoogleNews:所得　暮らし,所得　暮らし,物価高から国民の暮らしを守る令和6年度補正・7年度予算 あらゆる政策総動員で可処分所得を増やす | お知らせ | ニュース - jimin.jp,https://news.google.com/rss/articles/CBMiXkFVX3lxTE5qSkFyUlMycENWTDZQbEpLNzZCNnlFVDU3LWM2UDJwQ0ZRWDJFQ3lIdV8zWlk0QldyOEQ4OHBFVmZpUGtEWTJxa0FPX3ZJNDdoVWw3MXl3cEJ6Y1R4SHc?oc=5,"Wed, 30 Apr 2025 07:00:00 GMT",2026-09-07T08:51:32+09:00
GoogleNews:所得　暮らし,所得　暮らし,【申請受付終了】京都市くらし応援給付金（不足額給付）について - city.kyoto.lg.jp,https://news.google.com/rss/articles/CBMib0FVX3lxTE4wVkxDeWZ1SVRtSFVDM1VCb3QyZnF0UHNVRXpHZVZvdldmZDVIcmVRS05LOEk1aG1GdmtMUmoyY0tyUzNmQVVsOXhQZnEtNlVYbU9yVkU5LWFCWmZIcVFldU5pOWpNZVRxQzNPUHl6OA?oc=5,"Mon, 23 Dec 2024 12:30:19 GMT",2026-09-07T08:51:32+09:00
GoogleNews:所得　暮らし,所得　暮らし,調査シリーズNo.228「暮らしと意識に関するNHK・JILPT共同調査」 - jil.go.jp,https://news.google.com/rss/articles/CBMiZEFVX3lxTE5rOC1sVmxmbEh1cC0ySFFtcUh5Nl9xbFNkMmZJUVNySlk4SVZQYTFsMGFOaDhZc0dqalk5TEdCRkZjcDVjdXpMWkgwdUJfVkNVTkgwMi1QLWwzT2llMmpVRDkzN3E?oc=5,"Fri, 31 Mar 2023 07:00:00 GMT",2026-09-07T08:51:32+09:00
GoogleNews:所得　暮らし,所得　暮らし,千代田区ホームページ - 【千代田区独自事業】暮らしを支える直接支援を実施！【所得制限なし】物価高騰対策として区民にギフトカードを配付（令和7年6月2日配信） - city.chiyoda.lg.jp,https://news.google.com/rss/articles/CBMihwFBVV95cUxQVFZobXVXdWJ6djhLa3JmMnVDR092XzBHakRCYkg5XzRvTExuSVMzblpmT19FSjhTNm40X1lqOEUweUFSUHU3MmRNamxzamdYZjhjRWhNUXZMSUVaRFVTWlRnNVplYzJ6RHg5aC0tcXROeHVpR3p2c3BsYmN2cnVqeEZtcjhjemM?oc=5,"Mon, 02 Jun 2025 07:00:00 GMT",2026-09-07T08:51:32+09:00
GoogleNews:所得　暮らし,所得　暮らし,年金受給者は確定申告が不要？確定申告で得する可能性がある8つのケース - aeonbank.co.jp,https://news.google.com/rss/articles/CBMif0FVX3lxTE5QdTFhbnJlYjNiM2oxRF9MUU1YZXZjSDFtZ29xcUZrT29fMXBRTjJnNkp2WnlLaWFMWnRCTHpEMko0WlgybzY0eHBvbjlSRXlqd1Q5N2hYTjlrb3AtOTZDUDZqMlZ1cG16a2YwdEZJb2pONmpQTm9QVVJUU1ZKdmc?oc=5,"Wed, 13 Dec 2023 08:00:00 GMT",2026-09-07T08:51:32+09:00
GoogleNews:所得　暮らし,所得　暮らし,【東京】「所得を上げ、負担を減らし、生活者の暮らしを良くしたい」玉木代表が秋葉原駅前で演説 - 新・国民民主党,https://news.google.com/rss/articles/CBMiW0FVX3lxTFBpbkpqazFBT21ObXdxLWFuWDZOaE1XQ1Myd0ZXX29ST2dVZXJMWmJRUGN4cDdCa1A1ckpjekdHc0JoclA5R2EzYnM2amZiVmVsZzNET0NVLWZiblk?oc=5,"Fri, 28 Jul 2023 07:00:00 GMT",2026-09-07T08:51:32+09:00
GoogleNews:所得　暮らし,所得　暮らし,【受付は終了しました】食料品等価格高騰支援給付金について - city.funabashi.lg.jp,https://news.google.com/rss/articles/CBMickFVX3lxTE1qcHRmZi0yTjNpR3o4UUNwUVBWRzAycnNzY19zQ1BWM2pmVzJfdmRPdF9nbXBfYVg1U1FocFJCRXZfNjZzR2ZGYTF0XzNNTEh5Wl91eDRSUEE5NzItYjhqLTBSU0NxMTdMUlQzU21GZTdtZw?oc=5,"Sat, 01 Aug 2026 07:00:00 GMT",2026-09-07T08:51:32+09:00
GoogleNews:所得　暮らし,所得　暮らし,公共心の決定要因に関する実証分析―成人時の所得水準vs.学童時の社会性獲得 - rieti.go.jp,https://news.google.com/rss/articles/CBMiZkFVX3lxTE13NVlvNXhCWnJSWE9CNlloU0xqV2lHXy1uQkdsVkpwemVRWUxBQUJxOW9nb2JSQ3lINE5xZWNDc0UtSjBhSmd6ZVNGQnNidGQzYmxfMk4wM0ZQMUlINElCbXA4T3g2dw?oc=5,"Wed, 16 Oct 2024 08:29:08 GMT",2026-09-07T08:51:32+09:00
GoogleNews:所得　暮らし,所得　暮らし,ニーズに合わせて商品券が選べる 「物価高騰対策臨時くらし応援事業」を開始します|6月 - metro.tokyo.lg.jp,https://news.google.com/rss/articles/CBMidEFVX3lxTE5DU3NFTjA4Vjllb2dua0tncHRyVWloYXZGQmlqZWY3a0Q2SWFrdmQxTzkxZTZfcm45eS13MC1OY2x3Zm1VRGZ1M1pudXRwWUdidWM2S3VyWE4tYmhFSHpHcUk1N3VnT1NiY2VkZ1FvazB3R1ZF?oc=5,"Fri, 07 Jun 2024 07:00:00 GMT",2026-09-07T08:51:32+09:00
GoogleNews:所得　暮らし,所得　暮らし,「80歳以上女性」の34.8％が1人暮らし、世帯全体では所得減少し「生活が苦しい」との声は過去5年間で最多―2023年国民生活基礎調査 - GemMed,https://news.google.com/rss/articles/CBMiSEFVX3lxTE15ZHhXOVhFdEQzMFZIQ2RONXI0anBjWXhkZ3FCS0Exalk0TlJyT0RSU2c2QWlMejJvZ2ZLd0lkOUlfbTJvWXRvZQ?oc=5,"Tue, 09 Jul 2024 07:00:00 GMT",2026-09-07T08:51:32+09:00
GoogleNews:所得　暮らし,所得　暮らし,暮らしよくなる？ 2025参院選＞社会保障費 所得の半分近く 負担にあえぐ若者 年金「どれほどもらえるのか」 - 北海道新聞デジタル,https://news.google.com/rss/articles/CBMiWkFVX3lxTFBkdGVtbW1RNm5Sa0gxRjgzNUxCelRoNllLWGpNNnl6TmdrTzlXald4cjIzR3VCV2NCUFZWX2NyRVl4dWo5OGs2eUNUcG1IdEtHN0hjWGlLRVpzQQ?oc=5,"Sat, 12 Jul 2025 07:00:00 GMT",2026-09-07T08:51:32+09:00
GoogleNews:所得　暮らし,所得　暮らし,1.貧困をなくそう - 日本ユニセフ協会,https://news.google.com/rss/articles/CBMiZkFVX3lxTFBCS0c1bWQ4amotdnMtSzZZNHhCOUZrUURaV2kzMXo1dWFUUkc0dzIzY0lxa1czVkpwU2ZDbnVDWHBwRWxmRmhJdXd3XzNjOElZTG5wMG1VOC1meEh3eHl1RmNOWi1RZw?oc=5,"Sat, 01 Aug 2020 09:49:32 GMT",2026-09-07T08:51:32+09:00
GoogleNews:所得　暮らし,所得　暮らし,個人住民税にかかる給与所得控除の見直し - town-ono.jp,https://news.google.com/rss/articles/CBMiUEFVX3lxTE8tWmdYYXhlcy11NXo2MHhiMzhuRGtYMm5zSHR1bjk5bEh4QVZYZGpqSFVYNF9oUHdGMXdTVU5wVWZXUDdZeldHTjB0UHZZbUxC?oc=5,"Mon, 02 Jul 2018 07:00:00 GMT",2026-09-07T08:51:32+09:00
GoogleNews:所得　暮らし,所得　暮らし,【各候補者回答も公開】／「知事選２０２６：争点を歩く」(３) 「物価高」 - QAB 琉球朝日放送,https://news.google.com/rss/articles/CBMiWkFVX3lxTFB2V0szM0hWVExPc05vVTFIeDA5dTRKeXZPMVpwV2owbU14cWZ0ZGx0TDQyLVVfT2Y5d1doMXVZcDJUNWhfZld3anBaWFpZYUEzQjdGaFJsMTFBUQ?oc=5,"Fri, 04 Sep 2026 09:45:19 GMT",2026-09-07T08:51:32+09:00
GoogleNews:所得　暮らし,所得　暮らし,アジア12都市の暮らし実態、可処分所得トップはシンガポール、中国・ベトナム・タイは「共稼ぎ」が95％以上 ―日本総研 - トラベルボイス,https://news.google.com/rss/articles/CBMiU0FVX3lxTE4zX0ZGZjRWMHZnc0tDTldSbzltMVA0ZVowc0hNVlpYakY4VngtY2hWZ0FEX00zTlV3Tm9nSTRza1NoNWx3a2ZGVVlLWGxEZXdyMTc0?oc=5,"Wed, 18 May 2016 07:00:00 GMT",2026-09-07T08:51:32+09:00
GoogleNews:所得　暮らし,所得　暮らし,２９年春に中低所得者給付 政府案、消費減税と切れ目なく - 河北新報オンライン,https://news.google.com/rss/articles/CBMiY0FVX3lxTFBSQl80TnlaSlRUcGMzcEhHSWZuTWZVQW53RE1TNlBaYnlwSmV6ajI0UEtvRHV6UGNQYzN2aUxxaUM5eG9hVVpPSXJRVFhqVTFXMHZBa0VUdVB6U095NkJnU2Z3VQ?oc=5,"Sun, 06 Sep 2026 10:17:18 GMT",2026-09-07T08:51:32+09:00
GoogleNews:所得　暮らし,所得　暮らし,＜みんなの平均＞50代夫婦（都内暮らし）の平均年収や貯蓄額、生活費はいくら？ - aeonbank.co.jp,https://news.google.com/rss/articles/CBMifEFVX3lxTE5RdUFWMklvRWQ2eXJHMzJIVDlBSzEyQjJNR252NF9yT1hpVzJZQjU4dkFNMUtpM3J1R3pHa2R6ZHFBYTVRdy1sMDJDTnFGdXRONzd1dVJUS1h6LWRLdXdMQzFiWjhOSVloY0pNeXgtajJBODJaR0tqUjNTdHc?oc=5,"Mon, 18 Dec 2023 08:00:00 GMT",2026-09-07T08:51:32+09:00
GoogleNews:所得　暮らし,所得　暮らし,韓国の中高年、主な仕事を辞める平均年齢49.4歳…再就職後に雇用の質低下（KOREA WAVE） - Yahoo!ニュース,https://news.google.com/rss/articles/CBMif0FVX3lxTFAxUG81allUNEVwZ01GLUM0M1lST0V3N3NFTjJsNHNBY1Q0TnZqNXNyS3dWZFdDbGxIS21zUGN4Y25CbWhORWZJeFpZZmU0aE5Gb0t6aEtpLUhoSVNxRF8wUER4MWNzLXlobnoyWUVOd3NOM3k3eUlCWDBKSGp5dDA?oc=5,"Wed, 02 Sep 2026 02:45:31 GMT",2026-09-07T08:51:32+09:00
GoogleNews:所得　暮らし,所得　暮らし,沖縄県の健康問題と格差の壁 知事選を前に考えておきたいこと（高山義浩） - エキスパート - Yahoo!ニュース,https://news.google.com/rss/articles/CBMiiAFBVV95cUxOU2RfZnlhT1A5OVl5SHREeEEwNVdQUlg4TjdKTmtfX0NIa1h4ZUU0WGVvM0NJNDB2cmZvbVd2YWxWSHluN1BJVWFwc1hINGRZaEpHWFo3LVd5ZEt1MDhfczBpaGx6X0RWMnN4OXVLSkYtSUZ4NTBkbUpZaFhLeDQyRmUxOXZRT055?oc=5,"Sun, 06 Sep 2026 09:31:01 GMT",2026-09-07T08:51:32+09:00
GoogleNews:所得　暮らし,所得　暮らし,「アベノミクス」は低所得層の暮らしをどう変えたか 生活保護1254世帯調査でわかった残酷な実態 - ダイヤモンド・オンライン,https://news.google.com/rss/articles/CBMiS0FVX3lxTE54Qk90eUdEYnE2bzhISnphb2d1bGhsRWNtRjZoSGg1d28zMlJ0eWhCaFlrZ0NmWHo4dU9CV0czZXU4VWpQRkwxdmVGY9IBTkFVX3lxTE9MNV80WUhqdjVQQXVBX1hHbjQzeDdheVNpOXQ4V3IwX2FNNUNIX3RJRVdBTThmTWNCMnZ0TENuWjlCYTJLNzhZcDk0MXZ4QQ?oc=5,"Fri, 05 Dec 2014 08:00:00 GMT",2026-09-07T08:51:32+09:00
GoogleNews:所得　暮らし,所得　暮らし,９月６日 選挙スタート！【沖縄市議選】 高江洲よしつね - 参政党,https://news.google.com/rss/articles/CBMiR0FVX3lxTE16Nl9ubUtWQVlyQlhNbEk1RHRlY3A2OTZqQzltQmhXdmItb1BOS3N6U2tMQUE2UmJGc0YzQWU1bDM2aHA2aFlR?oc=5,"Sun, 06 Sep 2026 02:36:19 GMT",2026-09-07T08:51:32+09:00
GoogleNews:所得　暮らし,所得　暮らし,年収高＝豊かではない？全国家計構造調査が明かす「東京の高収入」vs「地方のゆとり」 - DXマガジン,https://news.google.com/rss/articles/CBMiT0FVX3lxTE1QVTdEMVRzdmdlRnRMdVllLWxxMzBvbzBpdWxQNVV6VzJ0eFR5T0pOSlk0VkRrVFpzRTg3Y0kyN0FESHRKSVBrTlNUN2N5TGs?oc=5,"Sun, 06 Sep 2026 10:07:07 GMT",2026-09-07T08:51:32+09:00
GoogleNews:所得　暮らし,所得　暮らし,どうなる沖縄「誰に投票すれば？」の前に知っておきたい。9月13日沖縄県知事選 6候補の政策をわかりやすく紹介 - OTV 沖縄テレビ放送,https://news.google.com/rss/articles/CBMiWEFVX3lxTE5GVWxnV29RVkR4Y0hDbUZlUEtvRE5CbHRUX3VnQm9aQXdCbkFQN0tJam9KQ0dkVU5ZbEo0dEJlNjZ3eUQzaEFTY3c1MDl6Mzd2OFBIT3lOWFE?oc=5,"Thu, 03 Sep 2026 01:06:40 GMT",2026-09-07T08:51:32+09:00
GoogleNews:所得　暮らし,所得　暮らし,親の年金28万円で暮らした50歳無職の次男、母の死で虚飾の生活が崩れた (2026年9月6日掲載) - ライブドアニュース,https://news.google.com/rss/articles/CBMiXkFVX3lxTE5VQzlmdFVfSTYwd0kwWFVkT3gtcjdLa1hVdE9VUFZpNlAyR3BOUXFaM0dPX2Z5Q1ltT0tlOWZncHlBcHdBdGs4Y0kzWlA3S3pCNjFLNjFNdk9nNEdNbUE?oc=5,"Sun, 06 Sep 2026 01:45:00 GMT",2026-09-07T08:51:32+09:00
GoogleNews:Z世代　意識,Z世代　意識,Z世代の97.6%がMBTIを認知、82.2%が自己理解に効果。Z世代のMBTI診断について独自の調査研究レポートをZ-SOZOKEN（Z世代創造性研究所）（運営：Fiom）が公開。 - PR TIMES,https://news.google.com/rss/articles/CBMiakFVX3lxTFBtSjI1T25IeHFnemNKUXRKVVl2TExGOUpma3ZtLWZlQ0ZkYkhnZl84TlNyQm1HcXJDakY3T2hhOGNURkwyNkxTa2JVbDBPNlNxbldtOENvX3RxNVZtaWlEMnZIVVJiYnVLbGc?oc=5,"Mon, 31 Aug 2026 01:00:02 GMT",2026-09-07T08:51:34+09:00
GoogleNews:Z世代　意識,Z世代　意識,「原則出社」命じる企業とテレワーク社員の意識ギャップ／“推し活依存”自覚するZ世代が2割／シニアの利用が盛んな○○アプリ、ほか (1/3) - ASCII.jp,https://news.google.com/rss/articles/CBMiVEFVX3lxTE9vaHRJODhWVWFhNWU5SzhVQUp3d3U1VldyYTJlSW4wLWMweDNsb3Z5UnFCWHZiSWhUZ0tiRi0taWx1S0Jkd3pYZkpZUXhQbVN3b0lNSg?oc=5,"Mon, 31 Aug 2026 00:55:33 GMT",2026-09-07T08:51:34+09:00
GoogleNews:Z世代　意識,Z世代　意識,Z世代の77%が「宣伝・広告感の強い投稿」をスキップ。刺さるのは面白さ(42%)より世界観(65%)。Z世代に刺さるクリエイティブについての意識調査をZ-SOZOKEN（Z世代創造性研究所）が実施。 - Excite エキサイト,https://news.google.com/rss/articles/CBMidEFVX3lxTFA0RkYtYnhvckt2VlE4T3ppSXFSckZHZ2hHaUtJUzRZeDBVNTNSY2R0MFBUWndnVU01Z1BQc0NkSkk0aERGQ0lPOWp0U1dKS0VOWHh5OTRFcWtNc3IxdC1PWHRQclZuandVNVVINjUwRDIyYXpI?oc=5,"Sat, 29 Aug 2026 02:15:00 GMT",2026-09-07T08:51:34+09:00
GoogleNews:Z世代　意識,Z世代　意識,Z世代の79%が「ご褒美消費」を実践。きっかけは努力・成果の承認(42%)よりストレス・落ち込み(44%)。Z世代のご - ニコニコニュース,https://news.google.com/rss/articles/CBMiVEFVX3lxTE9FSl9FSE9rZHp1MEhYcXlmU1M1a2dpTkVzNXNhTzFkU196NUtYN01WZTVnWUkzS0wyYlc3N0cwVDhCNWs3bUpBdHNveXQ0a21vRFpIVA?oc=5,"Fri, 28 Aug 2026 02:51:31 GMT",2026-09-07T08:51:34+09:00
GoogleNews:Z世代　意識,Z世代　意識,APACのZ世代半数が毎日AI利用 安全意識に課題 - CHOSUNBIZ - Chosunbiz,https://news.google.com/rss/articles/CBMiekFVX3lxTE1teEZpTXR0VU8zSjl2aXdBTVlESTJSZ3JiMFNRdUlnMmo5RFpuSE53Y3VCQ3pwREU3LWtRaWRFWWw4d1pqam9hQWpjU1V0MW1OMVVsLVUwcXp3c2hPdWhqVGxwRVc5Y3M1MXZ6dk5iSmpud1d6alZRbGx30gGOAUFVX3lxTE0ydG9nLUwtQmc5OVpRQnc2SEZUbG5wdjJwOW9FYlVYWWx1VFBsanQtQWE4TS1JeTlLd1lCLUlpYjVFV18zR0c5bkFReDNaMzBleVNSSE9BNU8zZ1pERHhmM2c2VTNhSWFTWFc3ekJ0RUt4djJ1YXV3bFdYbnRPdW0tVHktYWdmaDI3eC01OFE?oc=5,"Thu, 03 Sep 2026 02:38:00 GMT",2026-09-07T08:51:34+09:00
GoogleNews:Z世代　意識,Z世代　意識,「簡単だよ、大丈夫だよ、すぐ行けるよ」タレント浜川結琳さん 知事選投票呼びかけ Z世代意識、イメージキャラクターに 沖縄 - 47NEWS,https://news.google.com/rss/articles/CBMiS0FVX3lxTE1BbzlpOFlFTDlzREtRRkQwcUhzZHRadlB6ejBDRFJmelluLUxpUGx4anV1S1BrTEtvVVhWQ21ITEoySkxqM1kwZGstVQ?oc=5,"Sat, 29 Aug 2026 07:00:00 GMT",2026-09-07T08:51:34+09:00
GoogleNews:Z世代　意識,Z世代　意識,「ライブでの観客の歌声」ネットで沸騰、大声歌唱はありかなしか【Z世代の意識調査】 - 千葉テレビ放送,https://news.google.com/rss/articles/CBMiX0FVX3lxTFBXaS1tS0RvemctTk1Va3NTbzY2cXRZRHF1dDlPcUZNUnVrTFM4WUJ5YVVHRVJOZGVNcTBkOEFXM0pvLTFHSGNPam92Xzg0S1JfMXlKUGtxUTZwN2NIU01V?oc=5,"Sun, 23 Aug 2026 07:00:00 GMT",2026-09-07T08:51:34+09:00
GoogleNews:Z世代　意識,Z世代　意識,「簡単だよ、大丈夫だよ、すぐ行けるよ」タレント浜川結琳さん　知事選投票呼びかけ　Z世代意識、イメージキャラクターに　沖縄 - ｄメニューニュース,https://news.google.com/rss/articles/CBMigAFBVV95cUxQRmZ5Qk96VmlhTGRnSnBWbGFraEFsRWZORl9iUzdBa2tBM2ZHUFA0M1VvMklzWGVjNGpCUjdEYXZ2YjZlOVNNczVnamU4MjB3WG91UjFKTmE4dFRYUmp4UU1zS0htVXgyOGxEMk9Ta0FZWmlCbHJnN2xLNG1NZVlQRNIBhgFBVV95cUxOcnM4NG84dXF0aVB2TTFwQkJqZDRjeGQ4WndhLWh5c3FNa2l5R0VsQmpDWmdjZzVEOUV6ZklPMlFiUk80Q0RxRFJReUtvRXRXRExnQmVRamJsYWdKeE9hLW5uWjMzbEpvZlJDSEdSSkFTSUlnZ0ZNNHFyUkszV1BLVTZ5aDZQUQ?oc=5,"Sat, 29 Aug 2026 07:00:00 GMT",2026-09-07T08:51:34+09:00
GoogleNews:Z世代　意識,Z世代　意識,地方のZ世代「クルマ離れ」意識急速、4年で倍増47% サブスクに関心 - 日本経済新聞,https://news.google.com/rss/articles/CBMibEFVX3lxTE8zbHFnRThJWUdoLXpwVkNUN0w1SkFRNEZKWGFxb1BwRk5MLVpiQTh5N2tBZjNMdUhsUVdoRFc5ZGswektmSnBhTnhNenJ6V2l1TFJuSjBpbTJNckhCeU1qc2xzWW9NNzZ1dV8yMQ?oc=5,"Sun, 28 Jun 2026 07:00:00 GMT",2026-09-07T08:51:34+09:00
GoogleNews:Z世代　意識,Z世代　意識,WAKA、「Z世代・α世代のタイパ意識とデジタルサービス利用実態調査」を実施 - 日本ネット経済新聞,https://news.google.com/rss/articles/CBMiVkFVX3lxTE5VYnloQ2FnVmQ2Q3VtdC01TDRETzJZcjN6cGdVaXdsblQxeVlDQTNqWjJaWFh6dE1CcVVwX08tdnlrVzgxeF9iOHoyWmlfdFFqN0dOMFV3?oc=5,"Mon, 20 Jul 2026 07:00:00 GMT",2026-09-07T08:51:34+09:00
GoogleNews:Z世代　意識,Z世代　意識,「Z世代の大学生の海外旅行意識・実態調査」結果を発表 - PR TIMES,https://news.google.com/rss/articles/CBMiakFVX3lxTFB5LTBhelVYbkFJYTNmMU1zazJVM0FWQWo5MnBmSXRaemdxQi03dWtmUkpodDduSVVDYVgyU01ESm1DemdjZExMN3MxZWg3QjR0V0ZJTkxWWlRzUzZ5YlJHWW5jZ212NWlZNlE?oc=5,"Fri, 31 Jul 2026 07:00:00 GMT",2026-09-07T08:51:34+09:00
GoogleNews:Z世代　意識,Z世代　意識,Z世代の95%がミーム経由で商品購入・利用に至らず。企業のミーム活用、39%が「下手だとブランドイメージ悪化」。Z世代のミーム化についての意識調査をZ-SOZOKEN（Z世代創造性研究所）が実施。 - Excite エキサイト,https://news.google.com/rss/articles/CBMidEFVX3lxTFBJWDNyQW0zazRfUUMxbEZROTdodWRrekF6ankxemg2bFZNaWo1YlI1YkJ6TjFRQTFvRDBCRmV4VEI0TlFPWlhHd1V0UTVDa0tPLWZneG5GbktTNmJha01SRXBTRFplOV8wS1dURkVTTFZZQVVL?oc=5,"Mon, 24 Aug 2026 07:00:00 GMT",2026-09-07T08:51:34+09:00
GoogleNews:Z世代　意識,Z世代　意識,若者の『NO』と言えることに関する意識調査 | アサヒ飲料株式会社のプレスリリース - PR TIMES,https://news.google.com/rss/articles/CBMiakFVX3lxTE9FT2haYlJjcGxKUmJYb0ktSzZEelRkYThYWURFcTdNRjhRdURJSktERElBaXB1bkRLWVFJNlItdnl6Y3hmN2pEbU5OZEd0VkFtRkg5Ung2cjRMVE1hQ3hBWVp5QUs4U18yYXc?oc=5,"Tue, 28 Apr 2026 07:00:00 GMT",2026-09-07T08:51:34+09:00
GoogleNews:Z世代　意識,Z世代　意識,Z世代の49%がGREEN×EXPO 2027を知らず。7千円なら55%が高い・払わない。Z世代のGREEN×EXPO - ニコニコニュース,https://news.google.com/rss/articles/CBMiVEFVX3lxTE9zUl9lVkx5blpXUHYwU2dTeVJYUXBtbkhVVnVRSnFYMGtGTVBpbnMwMVM2MmNHY3gxLTVzZVRUczVYa1RFakhqcGFlNFhwTGJnTF9EaQ?oc=5,"Wed, 26 Aug 2026 03:15:25 GMT",2026-09-07T08:51:34+09:00
GoogleNews:Z世代　意識,Z世代　意識,【Z世代の結婚観とお金に関する意識調査2026】 物価高で、結婚願望のあるZ世代の半数以上が結婚観に変化 男女ともに7割以上が「結婚前に家計ルールの話し合い」を希望 - PR TIMES,https://news.google.com/rss/articles/CBMiakFVX3lxTE1DczFvMnZBZ1FfX3lzUkVVd2R5bHJlNW0yMVZTX2F6T2dnSGtERnN4UmNSRG5jTEp4QlZPYzhjYUtyWlU2aVNSdWhSZDFhWUVadnlPb1N5TlRDOVFnUGFzWVFId2R0YmhBQnc?oc=5,"Tue, 02 Jun 2026 07:00:00 GMT",2026-09-07T08:51:34+09:00
GoogleNews:Z世代　意識,Z世代　意識,Z世代の84%が「恋愛したい」、一方34%は交際経験ゼロ。理想の出会いは「学校・職場など自然なコミュニティ」(61%) - ニコニコニュース,https://news.google.com/rss/articles/CBMib0FVX3lxTFBHcEwzWFJVbWg4bFlBdVNGY2Vxa3pDdFhneHd4UjQyZ3pvREpob0drTUdBRDRheEN4eGVOZnhob1AzX3lrbVpYdkkwZXVVc2ZMQy1uTlR3MjVmRXlZbUNDVVlFeDN4OU5TZGloZ2RWNA?oc=5,"Sat, 22 Aug 2026 04:15:25 GMT",2026-09-07T08:51:34+09:00
GoogleNews:Z世代　意識,Z世代　意識,Z世代の約4人に1人が副業を「SNS」で探す。副業には「自分を見つめ直す」効果も？Z世代・Y世代の副業に関する意識調査を実施 | 僕と私と株式会社のプレスリリース - PR TIMES,https://news.google.com/rss/articles/CBMiakFVX3lxTFAzdEZPZUlxa292X29pN0h6WjM1Zkh6WkNQUTBNX2pTSXVPcnFMaTgwLXBZdThMMjhOUVFpekFXQ0ZCNEVUX1dtb0RBaGVoZVJzTXUtMDBhRGJIOVpaU0Nsd0dhY2VLZVl5OFE?oc=5,"Thu, 14 May 2026 07:00:00 GMT",2026-09-07T08:51:34+09:00
GoogleNews:Z世代　意識,Z世代　意識,「原則出社」命じる企業とテレワーク社員の意識ギャップ／“推し活依存”自覚するZ世代が2割／シニアの利用が盛んな○○アプ - ニコニコニュース,https://news.google.com/rss/articles/CBMib0FVX3lxTE5TNW1OT0xmQkFfenFiUjFJUEozY0kwTHdDSWYtZVdTS19FUTRWU2JpY1JCcjZ5b2M5LTVhajJaS0N5alhyODRZaEhidWhLQi1XRzZjaUtZQjJvQWFWQjNiMTRGTmU2OExoV2Fpd0lnNA?oc=5,"Sun, 30 Aug 2026 23:12:07 GMT",2026-09-07T08:51:34+09:00
GoogleNews:Z世代　意識,Z世代　意識,【調査リリース】Z世代における「ブルーカラー・施工管理職」に関する意識調査／6割以上が「就職先としてまったく考えられない」と回答／20代で年収500万円でも「施工管理職を希望する」は0％ - PR TIMES,https://news.google.com/rss/articles/CBMiakFVX3lxTE1BS2g1M1JJX2ZpTVRjY3U2ZDRzSVFZZ0stZUE1MHBpei1BQWNEcXA1YUtId1lnWFNSODRUdk9OUS14YllBdHVrSWo0MzFQUllNTlVCb1VUTUR5REpJaDZJQ2tJVkMyMzFMUUE?oc=5,"Tue, 14 Apr 2026 07:00:00 GMT",2026-09-07T08:51:34+09:00
GoogleNews:Z世代　意識,Z世代　意識,20代の推し活支出が突出して高い理由——「推しのために働く」Z世代のマネー意識（ファイナンシャルフィールド） - Yahoo!ニュース,https://news.google.com/rss/articles/CBMiiAFBVV95cUxNbkJwM3pfQTVVcE5VaTMxNVFXSU9DN19SS0NSWmEzRU1RbzlCS0IwZ2Y0aGtCeV8waHhOb1lraUJKUHByendJSG4wYUhzbHJSNjBVSXdvUXJVX2EzY0JpNjlBdFR0aW85cHBYVEcyS1YwNXBWWXN3Y3E4V2JiNk1tSXVQSmdUMmVu?oc=5,"Sat, 23 May 2026 07:00:00 GMT",2026-09-07T08:51:34+09:00
GoogleNews:Z世代　意識,Z世代　意識,過去1年でZ世代52％が中古購入 - リユース経済新聞,https://news.google.com/rss/articles/CBMiY0FVX3lxTE83ZTl3b09hVFRReDc2YzBHUEZiZ2NsM1FwbUF2TmVDbll5MG1LVG9iNmotbFhNcElPVi1PbU5iN3dYYjBQdzF1dXUxQ2EyeU5VeW8zLXlRVW13WmhDY0Q2U3ZYbw?oc=5,"Fri, 12 Jun 2026 07:00:00 GMT",2026-09-07T08:51:34+09:00
GoogleNews:Z世代　意識,Z世代　意識,Z世代の55%が「生成AIのアドバイスが行動や判断に影響」株式会社マインディアの意識調査で判明 - コマースピック,https://news.google.com/rss/articles/CBMiVkFVX3lxTE1HWjRXMk93RFNhWUM3OExweHhEd1E5XzVoTEZJTThvemNFLXVmNDdJb1B5SjJrWDhTY244bjV5UV9uc2F2ejRxUU8wb3hvbWRUVkh2ZUl3?oc=5,"Tue, 09 Jun 2026 07:00:00 GMT",2026-09-07T08:51:34+09:00
GoogleNews:Z世代　意識,Z世代　意識,Z世代、「新生活への意識・関心」ライフステージで異なる志向 GMO NIKKO調査 - ECのミカタ,https://news.google.com/rss/articles/CBMiWkFVX3lxTE5nNE9DODZNOThMVWVQSDgyekgwZ2xsbmJ3WWV4TFh4aGItOWRhak1pcGNRczM2M19HYUdpUGhYdUtVVlFOYXdtQnQyMmxNOVBnODA4NVM4NUx5Zw?oc=5,"Thu, 14 May 2026 07:00:00 GMT",2026-09-07T08:51:34+09:00
GoogleNews:Z世代　意識,Z世代　意識,【母の日】Z世代の半数以上が母親と「ほぼ毎日」連絡、約2割がインスタの繋がりあり？Z世代の母親に関する意識調査を実施 - PR TIMES,https://news.google.com/rss/articles/CBMiakFVX3lxTE11MUc3RTBFZlFrQ1BMUG5WbFM5SjJ2SEhMdFdkZWFEcWpwamtsdWp2aFFKUDFVVTJHa19HanN6RXhkNTNYX3V6MDZGQ292TEtLNHdxRUVjOVIzRjN0R1NGSDRvNWNJbTRidmc?oc=5,"Thu, 23 Apr 2026 07:00:00 GMT",2026-09-07T08:51:34+09:00
GoogleNews:Z世代　意識,Z世代　意識,【今月のチャート】健康意識が高まるZ世代、依然としてカフェインは重要な役割を担う - Euromonitor,https://news.google.com/rss/articles/CBMinAFBVV95cUxQdmJkX3dMcjJ5T2NEdmNIWjE4cVotM1pDeXpjb0ZId2IwYmk1UW12QXVObzdteTJ2VHc1cXJja0h4ZkZjTkFoNFFZa2ZlVjlfajNDeU9GSGxMV2R6ZVd1RkEzNFZVT3dYTDd2TXZDM0lkMVNnN0hfNElSRU5fa1RVa1pZdVNMZVZkdmlwc3FlVXJnMXg5TklDTnktQmE?oc=5,"Fri, 24 Apr 2026 07:00:00 GMT",2026-09-07T08:51:34+09:00
GoogleNews:Z世代　意識,Z世代　意識,日本旅行業協会「Z世代の大学生海外旅行意識調査」約8割が「海外旅行に行きたい」費用はアルバイトで - 千葉テレビ放送,https://news.google.com/rss/articles/CBMiX0FVX3lxTE0wOWNPdTNMd3JOdzkxXzA0cG9OTWx6Qi1BLVE2djkzemlzRmhhRlpNQ2VLQlBDYzBremxOSzE2QXJsazJDS2t2SksxbmlZRlcwVVJDd3RJeDlMbEVhNmp3?oc=5,"Tue, 04 Aug 2026 07:00:00 GMT",2026-09-07T08:51:34+09:00
GoogleNews:Z世代　意識,Z世代　意識,Z世代と上司世代のお金の使い方を比較調査、SNS活用やコスパ意識に年収別ギャップ|SMBCコンシューマーファイナンス - コマースピック,https://news.google.com/rss/articles/CBMiVkFVX3lxTE5HSE5oSGdvczlNZDVJSFJBTVpyYThzcjFqRjFJRDMzSnp4eXN4WV90SUdSOTd0VkQ5blRzOGk3RWs4Z3pyTGtLU1FENjY2eUVCaDdkaXBR?oc=5,"Thu, 07 May 2026 07:00:00 GMT",2026-09-07T08:51:34+09:00
GoogleNews:Z世代　意識,Z世代　意識,大人の8割が知らないZ世代のメンヘラ消費。82%が親や教師には秘密。企業の病みかわアピールを30%が一刀両断。Z世代のメンヘラ消費についての意識調査をZ-SOZOKEN（Z世代創造性研究所）が実施。 - PR TIMES,https://news.google.com/rss/articles/CBMiakFVX3lxTFBmS0FCQXB6NW9CRzc3MjhRd25uU2JWUC1IWXZLQWdxMG1BSl9rWEJTVWRpS3N4bGc0UkFrMVVNUHRJMWpNbnFGQ21FVHR6djJoeEE2ZmJSX1VaYTFZTnV4c0NycTNoM1hvMXc?oc=5,"Wed, 25 Mar 2026 07:00:00 GMT",2026-09-07T08:51:34+09:00
GoogleNews:Z世代　意識,Z世代　意識,サステナは“意識”から“習慣”へ──Levi’sが仕掛ける、Z世代のリペア文化再設計 - AMP[アンプ],https://news.google.com/rss/articles/CBMiYEFVX3lxTE94NFF6M0JVZTBmWGp3THNjZ0N0RTh0dU43cmFOX2xCdHJDWUxGcWxGM2N6UGZiOElsc2VfVHdyMGVPZnJoS0o4V2p0clhIdWxITUwxTVEybS00NG5VYmM4NA?oc=5,"Sun, 03 May 2026 07:00:00 GMT",2026-09-07T08:51:34+09:00
GoogleNews:Z世代　意識,Z世代　意識,ＳＭＢＣコンシューマーファイナンス調べ 有意義だと感じるお金の使い方 Z世代・若手では“将来のため”、 上司・先輩では“人のため”の優先度が高い結果に | ＳＭＢＣコンシューマーファイナンス株式会社 - atpress.ne.jp,https://news.google.com/rss/articles/CBMiTkFVX3lxTE5RRzljUkxpTFpZTDk4eGMtS1VuYi1adWJScWR2d3ZVWUQ1Sk9kTnhaMEtGYS04M210SlJReFVmTksxMmhZZVd0cDNKUTE0Zw?oc=5,"Fri, 01 May 2026 07:00:00 GMT",2026-09-07T08:51:34+09:00
GoogleNews:Z世代　意識,Z世代　意識,Ｚ世代にとってサステナビリティは本当に「意識高い系」なのか（２）－データで見る「責任意識」から「サステナ行動」へ至る経路と構造 - nli-research.co.jp,https://news.google.com/rss/articles/CBMib0FVX3lxTE1pTTJkYzhyWEtvOHpRdDVoUTlfNU5UM3RadVhnZzhsLVN3NmctcnRQYWdqeTl0aDVHY3BDY0E0QU5GeGpkcGtUOWplVDhOY2dqSzU2Rk93WGZRMV9QRnVwc01leGE4d2ZQVHZIZ1RxUdIBf0FVX3lxTE5lZHVaWVdQaHFuZ0ZORXNJenY4NnhnR3NLaWhNTlFqbnVLTjFJelFpc0JnT0U0WTFnd2dIOEF4SnBxTmNYbkxDRTYyYjI3RlhBMzZtcmFSZE5tODBHMmxmVXQxQzY5TThTaHlJTms1VVNXdVRiQzdXVEJDSXphbnc?oc=5,"Tue, 17 Mar 2026 07:00:00 GMT",2026-09-07T08:51:34+09:00
GoogleNews:Z世代　意識,Z世代　意識,アサヒ飲料、若者の「NO」といえることに関する意識調査、Z世代の約9割が「いらないものにはNO」といえる人がかっこいいと回答 - マイライフニュース,https://news.google.com/rss/articles/CBMiWEFVX3lxTFBGVXpaeHM2VHktT3BtdXRNNmZURWkycDZsem96dDZ1RnY0WU5Yb2RhQ2JTcVllVWN3RFF6RzlFMW1RNkl2YWVqSlhpMnhuUF9Ic2ZBX0FiNnA?oc=5,"Tue, 28 Apr 2026 07:00:00 GMT",2026-09-07T08:51:34+09:00
GoogleNews:Z世代　意識,Z世代　意識,Z世代の45%が「小学生頃」に郷愁 ノスタルジーマーケティングの意識調査でFiom合同会社が発表 - コマースピック,https://news.google.com/rss/articles/CBMiVkFVX3lxTE9KZDdIN2Vjd0JvYmFfX0Zybnc1QzFZeWU0dDFOaDNsSlptdklFR2NKOS1QOE16N0Q4MEoyQ0NIbmVQazRTR2dqT3EzZ19JeUlEaDQwckx3?oc=5,"Thu, 26 Mar 2026 07:00:00 GMT",2026-09-07T08:51:34+09:00
GoogleNews:Z世代　意識,Z世代　意識,2026年Z世代女子トレンド調査発表--63.8%が「節約意識が高まる」、流行りそうな言葉は「滅」 - マイナビニュース,https://news.google.com/rss/articles/CBMiXEFVX3lxTE4zZmd0dUdPcGpXbjZEdWYtdWxfSlVsNmdzbmhMbWZrTFpZYnVlLVNWblctUTZVZFF6TGNSeDNzSzJHckJwT3JJVGRyaEk0djh0MTZsTzhxOENiUFJl?oc=5,"Mon, 06 Apr 2026 07:00:00 GMT",2026-09-07T08:51:34+09:00
GoogleNews:Z世代　意識,Z世代　意識,2025年度「国内Z世代意識・購買行動調査」 | デロイト トーマツ グループ - Deloitte,https://news.google.com/rss/articles/CBMiowFBVV95cUxPbmhHS05YY1dKeUdFVV90b3kzMnpkNTZoRVBNMUZWMUFiQmFvUHhLT1JWUzYyZ2dtSlhhZ1phcVFxa0x1Yk92RmNTOGNKSU9DTTNsaTFscXlTV0psZjE4LXc1VW9wbE1uWm5IX1dYX1Z0QVJ3MXBiQ053LWk0YlNhRnJpZDRybGJDTTNLUTVIMm1ac1FLRHZZNTJCWEFIbzdGa3Zv?oc=5,"Fri, 28 Nov 2025 08:00:00 GMT",2026-09-07T08:51:34+09:00
GoogleNews:Z世代　意識,Z世代　意識,Z世代クルマ離れ加速、都内67.6%・地方47.6%が自覚…KINTO調査 - レスポンス（Response.jp）,https://news.google.com/rss/articles/CBMiX0FVX3lxTFByWW1BS2l6NWwwNDZ4R2RwcV9uY0xBckstSlU5aWFPY2M0cm5GUm42RTRtTVhKajNELXlMOEFaQTNsXzA3QXAtVWl1VURBZHV6SzVIeHJpVGlRSmdvcHY0?oc=5,"Thu, 26 Mar 2026 07:00:00 GMT",2026-09-07T08:51:34+09:00
GoogleNews:Z世代　意識,Z世代　意識,Z世代の55%がAIに「人間関係」を相談！ Y世代との意識差が明らかに - AppBank,https://news.google.com/rss/articles/CBMiakFVX3lxTE84cFp1bVo2a18zQW95UHNmWWM5cDdhX256NWh5MzBiMVVNa3FiWm9sUko3S2lnNTJMT2NkYkppTVRDRm40OVpwcm5ZYzJwWjc1T2JhSzBEdmd3d0F1MWFoVTRFMm54U3V0SHc?oc=5,"Mon, 30 Mar 2026 07:00:00 GMT",2026-09-07T08:51:34+09:00
GoogleNews:Z世代　意識,Z世代　意識,日本と米国のZ世代意識調査：日米のヒトモノについてのイメージ編 - ネオマーケティング,https://news.google.com/rss/articles/CBMihAFBVV95cUxPbTBiNnRlWXdZUTU3NG5VWUZzRGg4YkZmM3ZiVGNMMG1GX3QxQTJGVXM0TnZuMmt2X2lhZlYtejlKZkZnS1RmZFNiLU5Za25rZ3NWNHl4QTNhVnlramlxejB3ZjdNU3NVeHhvX0JsQ2hKc1dhRnBlOXhIYkxUbFozZkNVdFbSAZQBQVVfeXFMT0ttZ0NhWThzWU1DVnREWVBUQzZEYW42TTJ6TExSWmdCUVJnTUE2Zmk2RXIxbTJjb21RM3JmcllYZndxSGJUQ2VzSnNxQnNHbktwTjR1dHpvdjkwcGtUVGdpX2Z1WDFvcndMSTY3SXhVdTlkczMzSGhoeVc0ZWMwcXZKZUk3YzJTZDR0czFMLWJLVUdDRg?oc=5,"Tue, 13 Jan 2026 08:00:00 GMT",2026-09-07T08:51:34+09:00
GoogleNews:Z世代　意識,Z世代　意識,【2026年Z世代消費行動調査レポート】Z世代は一括りにできない！3世代に細分化すると消費行動の違いが明らかに！OASIZ「３層から読み解くZ世代新構造」 - PR TIMES,https://news.google.com/rss/articles/CBMiakFVX3lxTE9icVBZb1Z3bHJrdXpGdDA2TDRWcmd3OHZNSjNGR2ZYTTVvTjdPcTlSZ2t4V2pERW5jbUFKNktjQmtubFFTR2owNlpZXzRabE9ObF9zSmwzS0MtY1pBUVBoX2J4SGpFMzhSMFE?oc=5,"Tue, 23 Dec 2025 08:00:00 GMT",2026-09-07T08:51:34+09:00
GoogleNews:Z世代　意識,Z世代　意識,Z世代の3人に1人が職場の飲み会に不参加。参加条件は「会社負担」「2時間以内」などコスパ・タイパ重視か。「飲み会」に関する意識調査を実施 - PR TIMES,https://news.google.com/rss/articles/CBMiakFVX3lxTE80aUstbjVWUmVIT1pnVi1ybHRlYld3YW9DcDRhVHkwQzVxS25yNlVYM3ZfR2lkQnBhNGJMWWhCRnRFSFhOQVJpRlppZUp4MWlqUnFuMHdMVFhPR3NRQ0NKZXFiWEQtRk1hUWc?oc=5,"Fri, 06 Mar 2026 08:00:00 GMT",2026-09-07T08:51:34+09:00
GoogleNews:Z世代　意識,Z世代　意識,【働き方の意識調査】Z世代は本当に安定志向？ベンチャー若手の“約半数”が描く「自ら選ぶ」キャリア像 - PR TIMES,https://news.google.com/rss/articles/CBMiakFVX3lxTE93UnlsclJMb3VldERDUnhXb1Q0UXdLS0ZtMHRzYU5XVk15NHRpUW9OaWdIZVdxVkhzVEFPQWtabGU0dTRBdUxDTGZaSVBDY1NqU0xkUUxGZEVmU3E0UHlmSHdkNFpFZ3dWS1E?oc=5,"Fri, 13 Feb 2026 08:00:00 GMT",2026-09-07T08:51:34+09:00
GoogleNews:Z世代　意識,Z世代　意識,【調査リリース】Z世代における転職に関する意識調査／就職・転職活動中の80.6%が「転職にいいイメージがある」と回答／「3年は仕事を続けるべき」との考えは、7割強が否定的な受け止め - PR TIMES,https://news.google.com/rss/articles/CBMiakFVX3lxTE5tRlJkOVNTNzM4cEZRLXFxaDlDU09ZNm50aDF0UmpkRUMwbnF1UXc3R2M2Y3F2SnhvS1ZRV2dlOTh5V3RCYmlsSFFtalF1cXp6VkRHeE1ZOUUxU3Rxa25TV1N1SV9pSkhaUmc?oc=5,"Fri, 21 Nov 2025 08:00:00 GMT",2026-09-07T08:51:34+09:00
GoogleNews:Z世代　意識,Z世代　意識,日本のZ世代意識調査：SNSのイメージや消費感度編 - ネオマーケティング,https://news.google.com/rss/articles/CBMie0FVX3lxTFBuVFNQeDFZWDBsXzJzWm9tdGdqSnpUSy1vVHVycUtEY3pPemExVE5pbUh3QU1OQnZMUTRCRkRWMGlnY3JWeHBPOVZhaGlnMjlHRUdTRGU3dmJnVmRJc3paa1ZmMFM0S2lwMFgwUXllek81QkN3SEJnNEQySdIBiwFBVV95cUxQVXNFYjRtOTdva3ljMXc4U0lYcnhjTFVqdE9PaUdkdjRrbFpjeHZ1Q0ZkR2FHd2wzdmpRQnppV2liU0NyUEVhS09zd1ZXbDNPTU9EVlNDVVFVdjJVZXF2SlV5d0VmUVVxTlY0TWRRcldEMmNENXVHLTlpdXE5UFVUcU14emRyMEp5YUln?oc=5,"Fri, 26 Sep 2025 07:00:00 GMT",2026-09-07T08:51:34+09:00
GoogleNews:Z世代　意識,Z世代　意識,Z世代の約8割に「ストック消費」が定着。「外食」に関する意識調査を実施 - PR TIMES,https://news.google.com/rss/articles/CBMiakFVX3lxTE8zMHVaTjdHTG4zbFNtdnNhSS1fS2w3VkNYQXMyS3hrVGt2MGIwT2V6bTJORHZsWjlsSWl4TFRhdjJKODJsYkhRT1pRdzRnMzloaTYwcG5UQ3BYQjZCQzBOZV9iTF8zNjdjR2c?oc=5,"Wed, 07 Jan 2026 08:00:00 GMT",2026-09-07T08:51:34+09:00
GoogleNews:Z世代　意識,Z世代　意識,Ｚ世代にとってサステナビリティは本当に「意識高い系」なのか－若年層の「利他性」をめぐるジレンマと、その突破口の分析 - nli-research.co.jp,https://news.google.com/rss/articles/CBMib0FVX3lxTE85c0lQWWZGYzdIZ21Bd0NnNUgyMzczOHQ4eXpNT1hHMTlQa1paUW9qSndhVW1mdGVxZUo4dk1ETTNGTXYySzVoaFBjZmI1TFpIUkVrTXdPY2doSTM0Z0EyazYtYmc3VXlPeWlySHplY9IBf0FVX3lxTE5zNVd5S09lYVlCS19nU1dsZlQ3TVc1bFNJd2ZaWTVxdmVJdEtqRm1BbllVU0xEX2RrZ0w1M1Z2SzZ5RjV0OGcwcUdleEVJaEYxbEdWM0pmUTNEakhlNEV4TWJ6bTlTNWx6ejlWcjh1ZkpHS2VXXzhzd1hXTFM3R0k?oc=5,"Wed, 27 Aug 2025 07:00:00 GMT",2026-09-07T08:51:34+09:00
GoogleNews:Z世代　意識,Z世代　意識,“Z世代は飲み会嫌い”は本当か？ 世代を隔てる“配慮”の存在 - 電通報,https://news.google.com/rss/articles/CBMiS0FVX3lxTE5XdjRnVnU0RlBTaWo5amxPSGVNTnFSb3BNM2RZWklGamVHLXl5Yi1UOE5pc252Z01iU2VuamcxanMzbEJ4T2VHVlp1bw?oc=5,"Fri, 19 Dec 2025 08:00:00 GMT",2026-09-07T08:51:34+09:00
GoogleNews:Z世代　意識,Z世代　意識,Z世代はどう見ている？最新調査から見えてくる企業のSDGs・社会貢献活動の形 - PR TIMES,https://news.google.com/rss/articles/CBMiakFVX3lxTE5GdEZ3Y19KUE5lbm85T0RUWjNtcHR6Yk50dzVpS0dxVXdTZ1B0bDdDR3ZLeDllMXotVG5MUktMdHBSWDFJa0FzQXJxbElheHBwLUt4b0RyWW9tUS04aWtXdHZacGQ2cmd6akE?oc=5,"Thu, 06 Nov 2025 08:00:00 GMT",2026-09-07T08:51:34+09:00
GoogleNews:Z世代　意識,Z世代　意識,Z世代の熱狂を生み出すマーケティングに注目 - nikkinonline.com,https://news.google.com/rss/articles/CBMiYEFVX3lxTFA2Sm5rbU40VFdwVnI1RkJyUmVPS1dfcEpvc2pzU0ZmTGNVdWNuZGZqQnU1WW8zd1dzaElHZ21Ob0lpWWJHeFFjM2lEQjZDUlA0b0NhOThtUkRDUnczaE9ZYQ?oc=5,"Sat, 31 Jan 2026 08:00:00 GMT",2026-09-07T08:51:34+09:00
GoogleNews:Z世代　意識,Z世代　意識,Z世代の時間の使い方に関する意識調査 - PR TIMES,https://news.google.com/rss/articles/CBMiakFVX3lxTE9QZm90YmZ5UkVGTjUyNk9qclRKMHVTY3U5NVQ0MHlzekpJaGFsUjBjQzdORlF0SkxPa21NQlJzeTRPcEJncEM3azJBbHQzazZlX0I0YTR5b3pYbTMzZVBJVVhtaTBBRjQ1RVE?oc=5,"Wed, 25 Sep 2024 07:00:00 GMT",2026-09-07T08:51:34+09:00
GoogleNews:Z世代　意識,Z世代　意識,日本のZ世代意識調査：日米のヒトモノについてのイメージ編 - ネオマーケティング,https://news.google.com/rss/articles/CBMihwFBVV95cUxOVURDSzA0bEY3c0lmek0yLXNrQmI0NC02QUdUOF9RLUFzeVp3aXZkck0tYXZycnBWVjVhYXMzRWxYcEN2NnpXNDFEazNSamxSQlFJSkRJR3Q0bE5PM0I4MnB1NjJLejJQNXEydVZ6eEUySFhmOEU2UzBPazJzN3cyWUdYNjdsY3fSAZcBQVVfeXFMTVBXYVpXQ3ZjOWNLN211bWp2a0FyZ05aRXg4b3huWE5DSFVsb2pQUVpqaWpCM0EyVkhIREk3SlZDZThXMjJBNWdHZXc5ajRRc2RsNjUwREpYVVFMWXpXQWxnUVdUbXNlQ2pIQk11TU9iaTNwNDJuUi05Y3JnWThYRGR1SGFLSlB2V09ucktuRFo5NWFoak9Ecw?oc=5,"Fri, 26 Sep 2025 07:00:00 GMT",2026-09-07T08:51:34+09:00
GoogleNews:Z世代　意識,Z世代　意識,むしろ、ひとりが楽しい!?Z世代の4割が“ソロ活”経験あり。「ひとり時間の過ごし方」に関する意識調査を実施 - PR TIMES,https://news.google.com/rss/articles/CBMiakFVX3lxTE5qUVhSX25ISTg2a0hEbmZqMk5CWkxOZlNTNUNkc3Q4LV9uOVdVQklLZUVIV3lkQXNpMDEwdVNDTllRbDl3NXhaVzBDLWlIZnE3MzV5TU5td3JKOHc3SDJRVnFCcDVBNTZFZEE?oc=5,"Thu, 30 Oct 2025 07:00:00 GMT",2026-09-07T08:51:34+09:00
GoogleNews:Z世代　意識,Z世代　意識,Z世代の6割超が電話対応に負担感、社会人基礎力の意識調査で明らかに - こどもとIT,https://news.google.com/rss/articles/CBMiZEFVX3lxTE9HUFNYbmpSblFFeTAwQjJLYmR5SWdtekdrRG1CdGkzeUtzSmJOeDkzcVVRdUUyT1lUaEgzMXZqTUM3b3dQYkxaSGpZSXdMNUFRZk5YWmtvM0E1SmlwVlJsWTktMmg?oc=5,"Mon, 09 Feb 2026 08:00:00 GMT",2026-09-07T08:51:34+09:00
GoogleNews:Z世代　意識,Z世代　意識,Z世代の人権意識に焦点 ひょうご人権シンポジウム、26日に神戸で [兵庫県] - 朝日新聞,https://news.google.com/rss/articles/CBMiZ0FVX3lxTE9qUGlRNGJvWHFwMnYwTXBIOE1qRXpvWEtQRWZHUmthcTZpV0pCOEV0eTdySGFTekhhX1J2WlEydV9IMmRJanZjZW5aZmQ2RTAtbUhjeXpScUxQNlVaTWZma2MyYkc5SkU?oc=5,"Fri, 27 Feb 2026 08:00:00 GMT",2026-09-07T08:51:34+09:00
GoogleNews:Z世代　意識,Z世代　意識,"X世代・Y世代・Z世代の3世代2,050人の働き手を対象にした、仕事での生成AI利用に関する意識調査 - アデコ コーポレートサイト",https://news.google.com/rss/articles/CBMiV0FVX3lxTE01eFhRYmwzNkZPb2VYQmlFXzFnLU5ZZ2VUMml3N3hYR0FYeEN3U2RsSVk5RDVEUjZraEt4QXJyN3VZVHA4V05fZEFqMnNsMkdOemdpaGVHRQ?oc=5,"Thu, 16 Oct 2025 01:19:24 GMT",2026-09-07T08:51:34+09:00
GoogleNews:Z世代　意識,Z世代　意識,Z世代に聞いた「ビジネスマナーに対する意識調査」を発表、苦手最多は「電話対応」―manebi - HRzine,https://news.google.com/rss/articles/CBMiSkFVX3lxTFB1RDFIYW5ZRDY2VUZqVjY0TU5MNVNtLXp3czMyVUczTmxBeFBUdDZFdXpZVGxKelVqR04xOGR6V0NTMFBaQVp6R2hB?oc=5,"Thu, 19 Feb 2026 10:27:36 GMT",2026-09-07T08:51:34+09:00
GoogleNews:Z世代　意識,Z世代　意識,【Z世代の就活×環境の意識調査】7割以上が環境に悪影響のある企業を回避。就活条件と環境意識の両立とは？ - PR TIMES,https://news.google.com/rss/articles/CBMiakFVX3lxTE5MUFFTeGpuYnoyS1ZZXzdMZTEzZUV4RWQtUTBPQldCR2ZrUFc2YWZ1V1JmYnhCUFZkekdNQllXQTNvMDJIWXN2aU9yMk1ZSzI2WjFwaHB4OTBybU9xVW15UWt1UFFmQVFfWHc?oc=5,"Wed, 26 Feb 2025 08:00:00 GMT",2026-09-07T08:51:34+09:00
GoogleNews:Z世代　意識,Z世代　意識,BeRealの魅力は「比較からの解放」。Z世代の50%がリアルな友情の深化を実感、「SNS疲れ」の受け皿に。Z世代のBeRealについての意識調査をZ-SOZOKEN（Z世代創造性研究所）が実施。 - PR TIMES,https://news.google.com/rss/articles/CBMiakFVX3lxTFBZQklLUUFlNTBuRUlUVElPYWdtUWxXXzVrUmxFTURHVjF5ZERmLXdTd0h5M2YyUHp1SC1POFk1Wll3X0JocjlycDNrdUVwNzVBY2RJRW56dThLLTRFbnNQOHJpQUtjS04yYWc?oc=5,"Thu, 13 Nov 2025 08:00:00 GMT",2026-09-07T08:51:34+09:00
GoogleNews:Z世代　意識,Z世代　意識,Z世代は節約しながらも趣味やご褒美には積極消費、デロイト トーマツ調査 - こどもとIT,https://news.google.com/rss/articles/CBMiZEFVX3lxTE1CSzhNcjVLZHZpRTkwRWdHSVdxN2EtY2VIYW5PVVRyaHI0SmVCeGhsSHNHNUw0OC1QWjZnSVhvT1pGWndhYWFaMk5LNDNLTVlnZEV0VzdVc3A3SmhvdnV4cnlBczE?oc=5,"Mon, 01 Dec 2025 08:00:00 GMT",2026-09-07T08:51:34+09:00
GoogleNews:Z世代　意識,Z世代　意識,生成AI時代の「仕事」をめぐる大学生の不安の実情－高い就職率でも揺れ動く、Z世代の「自己成長」意識 - nli-research.co.jp,https://news.google.com/rss/articles/CBMib0FVX3lxTE9abWtpMFA0M0RDSjlHU21CdjNHd0hCVDdYUDFZRmJqWi1kWXdpX2FLNzRBRGFuVGE5R3ZuSE04Zm93M1VHdDRXZm15X3VZWUZLM24tT3JLWmVBSUpwU3g0UEtFS0ZuR3RuMldnTWIwONIBf0FVX3lxTFAtLWRlbG9od05zZDEwWVdUejlEbUdJM0MwVXY1eGpIQTVUS09vWnAtNFFGYkVQRFlBcXdVQVYtWk1YY2xsZUJ0ejRkakQ1TFVtREdYWk1taEtSSkpvaWJwSUFUQTFvNG84eXdBcnlqWFh5ZnBsanNjQmtvSmNUanc?oc=5,"Tue, 27 Jan 2026 08:00:00 GMT",2026-09-07T08:51:34+09:00
GoogleNews:Z世代　意識,Z世代　意識,日本と米国のZ世代意識調査：SDGs編 - ネオマーケティング,https://news.google.com/rss/articles/CBMiekFVX3lxTE9jWEdVVG1hMEJGQ3k4MGJVdVNxcE1PUVFSeXhkRG14MjBRWE9xQi1aUE9EU3kzUllYd1FZbzVVNWtzeWV2YndLRTVqcUVzRGJKdFBQcXhRT1VIZ1Y3N3g0NFJ1WGlBQW5DSW1ackltODBTaGpERnQ0dUtB0gGKAUFVX3lxTE42akZNR2libjJKTy1sN1hRM0hoR2IzNGZCd25BRDJVMExxbUxCZmRBaWl5eThvQWFrWlZkb1FvSVZEQ1F2OTFPUXdlWGROdXVlR2xTMks5UjZBSWFqRm5TNFpyYTlyZXRqaGtXejItMVc1TzhxWjYzVl9mOUFIa3kwQzUweW9mUkNnUQ?oc=5,"Thu, 18 Sep 2025 07:00:00 GMT",2026-09-07T08:51:34+09:00
GoogleNews:シニア　意識,シニア　意識,"【シニアの意識調査】スマホ所有率99.3%も「操作不安」は7割超。コスモラボが1,716名にスマートフォン利用の実態を調査 - PR TIMES",https://news.google.com/rss/articles/CBMiakFVX3lxTE1YRmxPNElMWHhVSHlLRGU4cHFBMEZCR2FnUUpaSUNQMlYxaVZXdzRrQ05xN0hiQ3FCc3dDVE1NajVMWUR1bFZmRTFwTUpIakMybS1ZWE5TNVliSFdoX2JqdFdMZ0xVZWhMVGc?oc=5,"Wed, 02 Sep 2026 01:30:02 GMT",2026-09-07T08:51:36+09:00
GoogleNews:シニア　意識,シニア　意識,ミドルシニアの働く意識に関する実態調査 - マイナビキャリアリサーチLab,https://news.google.com/rss/articles/CBMiakFVX3lxTFBCcTN3QlE5dllMTjlhSEdNS1A3MUhDSWFsVFkyVkRnV1N6c2lwUDBoRFFmMUdxNm9SeUd5WklzSnFERlRHZ1JDbVFaeXkwRHV3SVNoYndBUXQ5Y1Vlenl1a0tEMzJrbXg1NGc?oc=5,"Fri, 28 Aug 2026 07:00:00 GMT",2026-09-07T08:51:36+09:00
GoogleNews:シニア　意識,シニア　意識,"【シニアの意識調査】「まあ満足」層に潜む巨大な乗り換え需要。スキンケアに関する1,147名調査から掴むシニアコスメの顧客化インサイト - 朝日新聞",https://news.google.com/rss/articles/CBMiW0FVX3lxTFByWjN1Z29PQVd5dVBWSlhtSWxWN3FQeWQ5ZWxSc1dBMkE3RDRzaHZldHJQeVNkcXEta29BOXNVak9aMFZ0eXoyT1NpTTRybVZQV3B2Wk5ZY2hrWW8?oc=5,"Sat, 05 Sep 2026 07:56:06 GMT",2026-09-07T08:51:36+09:00
GoogleNews:シニア　意識,シニア　意識,転職サービス「doda」、 ミドルシニアの転職意識調査レポート【2026年版】を発表 ～ミドルシニアの5人に1人が「転職検討・活動中」、 転職では入社後の人間関係や能力発揮など「環境への適応」を懸念・重視する傾向に 企業による受け入れ体制の整備が定着・活躍のカギ～ | パ - パーソルキャリア,https://news.google.com/rss/articles/CBMif0FVX3lxTE9pUjdwZVdtOS1xbUNnYnBDb19MSUZJdVZ3MjdnY2cyUkZPdGNYbXpiS3pvbERvWTRCNHJqSVRQellkeFZjcGExcmc4MkJCblk4N1ZwTXhaT0Z6UTExeHJYM2pVVkg1b3dZUkFtY0hWLXpEcnp1Q2FxTVJQU2tQSVk?oc=5,"Thu, 25 Jun 2026 07:00:00 GMT",2026-09-07T08:51:36+09:00
GoogleNews:シニア　意識,シニア　意識,"【シニアの意識調査】自宅で「毎日測定」するシニアが4割超！一方でデータ管理は紙（37.4%）が中心。コスモラボが1,762名に『健康測定』の実態を調査 - 時事ドットコム",https://news.google.com/rss/articles/CBMia0FVX3lxTE9hT2d1MlBic3d1YnpTV2dlTWxLbW5UR3pQbjQ0c2k0NlVjWjdhUGVCeThwaTNvUVJoYXEyYndXTmxWa1M0ckh2NWxfUHNSMEJnSFhROUd3T3B3LU4xejVGT2czZVdzMVJkUWhr?oc=5,"Wed, 26 Aug 2026 03:46:00 GMT",2026-09-07T08:51:36+09:00
GoogleNews:シニア　意識,シニア　意識,マイナビ「ミドルシニアの働く意識に関する実態調査」を発表 | 株式会社マイナビのプレスリリース - PR TIMES,https://news.google.com/rss/articles/CBMiakFVX3lxTE9PQ2dSM0NwUmFSYXpvQWw2XzVIeDRzQlVFNmtuV015RklieHN5NHVJTDdveGF6RjJwUDlxdE53ejhzSVpVdmVBY3FobDRTUzdWVll2bzlweVN0UVh3YnFwXzUweEZGNGFMNHc?oc=5,"Fri, 28 Aug 2026 07:00:00 GMT",2026-09-07T08:51:36+09:00
GoogleNews:シニア　意識,シニア　意識,ミドルシニアの希望退職に対する意識調査 - マイナビキャリアリサーチLab,https://news.google.com/rss/articles/CBMiakFVX3lxTFB3Z21SUW1aRUxucWZHeTEzT05ZTlBlRjQ1RWlld2tTTWl6UjhDREVYeExHQzBreWFlelZobGZ3dDUwT0VhRmhUQnN4UEltOEpPNEhVVWNrWEdmSjVFN3ZmTkdRLTdnU1dUWnc?oc=5,"Thu, 19 Feb 2026 08:00:00 GMT",2026-09-07T08:51:36+09:00
GoogleNews:シニア　意識,シニア　意識,"【シニアの意識調査】ヘルスケアの訴求は「不調のメカニズム解説」から入るのが正解？ 2,079名調査から掴むシニアの顧客化戦略 - PR TIMES",https://news.google.com/rss/articles/CBMiakFVX3lxTE90RkdzUDF1dlZ3SldlYk43QW1PZksyUzZ6b1ZTSWhTNFgzRkdjR0FxMndzcktvTjN6dVhwd3lBaVpFTklZckNPQVNHcV9DUXNKZXlFa3ZTRXItSWM5NHNkaUlyektmMWxWNXc?oc=5,"Wed, 19 Aug 2026 07:00:00 GMT",2026-09-07T08:51:36+09:00
GoogleNews:シニア　意識,シニア　意識,【シニアの意識調査】93.0%が食料品の負担増を実感、67.8%が節約行動を変化。物価高に立ち向かう高齢者のリアルな購買行動とは？ - PR TIMES,https://news.google.com/rss/articles/CBMiakFVX3lxTE1PSmxzYUJVbUUyUFhyaUxZYWRnN0tMbm4zRXQySndyZVdIZ2o3V0FrMzJoa3NjaHFYWENuRVc0NEo1M0V0aVlYS2otWXpiM01pZVNNYkdOWjNjek1mWmotd1lpRzRsUDVrZlE?oc=5,"Wed, 20 May 2026 07:00:00 GMT",2026-09-07T08:51:36+09:00
GoogleNews:シニア　意識,シニア　意識,【シニアの意識調査】2026年の決意──「今年こそ健康に！」でも、約8割がまだ未定 - PR TIMES,https://news.google.com/rss/articles/CBMiakFVX3lxTE0zbk9sODRJOUJUbFZEUVN6cmFwX3QyalNxUkNBM0ZJTkJ4Nnk1eE9nWGQtNWFmSmxDRDVRUUhxSXlUNldPTVR4Z09FX3YyYXVUQ1hIWE5qamJ0anZObnZSRE1XRWF2b3h0dXc?oc=5,"Wed, 21 Jan 2026 08:00:00 GMT",2026-09-07T08:51:36+09:00
GoogleNews:シニア　意識,シニア　意識,"【シニアの意識調査】シニアの約7割がサプリ継続を「効果を見ながら決めたい」と回答。1,211名調査から見えた、一律の定期縛りが敬遠される理由 - PR TIMES",https://news.google.com/rss/articles/CBMiakFVX3lxTE15dDdfMmRtZjJqSkRWVHhSWklERFpKMm43UzBhSTdvdmVxdDlDRUxxQUZlMW5PZlR6VnEySUhLeGhFTWhma3NXVXdVbUE4aVFFbml5SDliWFRBbUtMV2c2RDM4TkMyM1M0cHc?oc=5,"Wed, 08 Jul 2026 07:00:00 GMT",2026-09-07T08:51:36+09:00
GoogleNews:シニア　意識,シニア　意識,"【シニアの意識調査】1,144名に聞く社会参加のホンネ。不参加の理由は無関心ではなく「予定を縛られたくない（31.6%）」「人付き合いの気疲れ（29.9%）」 - PR TIMES",https://news.google.com/rss/articles/CBMiakFVX3lxTE04ZU5ZTDNfbXl5UGVRbDRHZ1I1M3dlaHVmTDcwa1VhQVdtWWpaMHBRNkZ6ZmpMQlBCMUtXSllzY2N2cUxGTi03LWtmMWxJclREZTVkTnRCM3oxWUZaN1lLTnp4T1Y1QS1VNWc?oc=5,"Wed, 01 Jul 2026 07:00:00 GMT",2026-09-07T08:51:36+09:00
GoogleNews:シニア　意識,シニア　意識,"【シニアの意識調査】約9割が「将来歩けなくなること」に不安。シニア層1,524名が明かす、転倒ケガや歩行変化へのリアルな危機感 - PR TIMES",https://news.google.com/rss/articles/CBMiakFVX3lxTE0xR2pHQUlSNlpxWXZVTGNtRVVTeTBVWndGMkhSNktLbThXV0VUd3lxQnp0REk4WXNucmVQQTRJRnZURXFLWnQ1aFRUamk3cVJlRzVKSVRxb0V4M1JCS25sYmdlZGF2NXc1Ymc?oc=5,"Wed, 15 Jul 2026 07:00:00 GMT",2026-09-07T08:51:36+09:00
GoogleNews:シニア　意識,シニア　意識,【お金に関する意識・実態調査2026】シニア女性の「お金の使い方」「守り方・増やし方」の満足度は増加傾向 続く物価高で節約意向が高まる一方、年金の補完や趣味・旅行の原資作りに「投資意欲」も拡大 - PR TIMES,https://news.google.com/rss/articles/CBMiakFVX3lxTE1nckJmTy1Sa0h6NDF6UWwwaG91QlU4eGxxZjRfeHR3aFV6U2doMTZWanRaMWJubXBWSGN5b2JiNTZIZmxHYVVnTHJMUm1DdUVPWUZ6OUhYMGUyV1QyWjJEanNmd2ZLbmxISHc?oc=5,"Wed, 05 Aug 2026 07:00:00 GMT",2026-09-07T08:51:36+09:00
GoogleNews:シニア　意識,シニア　意識,【シニアの意識調査】40％が眼科未受診？シニアの目のケア実態を徹底調査 | コスモヘルス株式会社のプレスリリース - PR TIMES,https://news.google.com/rss/articles/CBMiakFVX3lxTE1DNVpBaUE4dmtsWTZ0MHNKXzRXM2VKaWx0MWJ5VVNWX2gyYzdYWHdqNGJPcVl4b2ItQWltUDFuRjNFbzZIa3NmQ1BFVzNDbld1WVlQSTA3eVJKSmlGRGxpb2FsTUJqdU1jYVE?oc=5,"Wed, 11 Mar 2026 07:00:00 GMT",2026-09-07T08:51:36+09:00
GoogleNews:シニア　意識,シニア　意識,"【シニアの意識調査】運動習慣ありでもジム未経験が44%。入会・継続を阻む最大の壁は「続けられる自信」。コスモラボが1,309名にジム利用の実態を調査 - PR TIMES",https://news.google.com/rss/articles/CBMiakFVX3lxTE5EU1g4RnVTZDI1cmFIZy1GdkhCWjM1Qmx2OHBDMGRjNS1KcHJNVTVycFhpZk1wOHBVMzNkcFJTd2F1TlZtZTFiZ1dWVGRXOWxtSk1ZWFhJV1dJUzFidkxsM0tyczhwSEtIOWc?oc=5,"Wed, 12 Aug 2026 07:00:00 GMT",2026-09-07T08:51:36+09:00
GoogleNews:シニア　意識,シニア　意識,"【シニアの意識調査】野菜高騰でも「量を減らして野菜を優先」が約4割。野菜不足による健康不安は9割に上る。コスモラボが1,482名のシニアに実態調査 - PR TIMES",https://news.google.com/rss/articles/CBMiakFVX3lxTFBEX0IwYXQ3V19nVEJZQzY3bjdxZXNGRDg2WmlsYXI3bFJaNEhPNXJxQ3RLYTRRdlFvUG5sUkIteFhrbkViR0VDM1YzbGctYjZtaGpwS1hWN1NRVlV4ZGdSVHEyVFFkU2NiN1E?oc=5,"Wed, 29 Jul 2026 07:00:00 GMT",2026-09-07T08:51:36+09:00
GoogleNews:シニア　意識,シニア　意識,"【シニアの意識調査】病名認知は7割超も、約3割が骨密度検査「未受診」。コスモラボが1,476名のシニアに聞いた骨粗しょう症の実態 | コスモヘルス株式会社のプレスリリース - PR TIMES",https://news.google.com/rss/articles/CBMiakFVX3lxTFBTZWphd2h0UjlEOXFhbFYwMmNhTm9vVl9hZUhWbmhteDdOUUlYQVJoeVFzZmd1MUthRS1VNzd0RXBEWHo4WU9na2h0ZXpVaDk3QUdQVWkyWUhHc21Td29KNXBJMEhrLVZuX3c?oc=5,"Wed, 03 Jun 2026 07:00:00 GMT",2026-09-07T08:51:36+09:00
GoogleNews:シニア　意識,シニア　意識,"【シニアの意識調査】「リアル体験×短動画フォロー」が顧客化の鍵。1,291名調査から紐解く、シニアのLTVを高めるOMOマーケティング - PR TIMES",https://news.google.com/rss/articles/CBMiakFVX3lxTFBDUkM4Z3h5TnVVamVkUC1VT1J2ekNNVVF0TWkwZnhYcVhCc0pjU2pCeTlPRnEwMWFKbW1BZDBPODQ4dzNjSF95R1AxXzhuTXpWX3FnbjdVN2owYnlaSzRTUWpOTDhoYXdvV3c?oc=5,"Wed, 05 Aug 2026 07:00:00 GMT",2026-09-07T08:51:36+09:00
GoogleNews:シニア　意識,シニア　意識,"【シニアの意識調査】シニア通販は「現金決済」の安心感が主役に？ 1,071名の大規模調査で浮き彫りになったシニアの決済・注文インサイト - PR TIMES",https://news.google.com/rss/articles/CBMiakFVX3lxTFBzMVU5QkwtekVqb1BtVFhRY1BzQncwNk4zTG9zLTFpYWMtYjVVZGxUWi0xZVBGSmk3NWxlYUJnTWhCRW5xeDBlWDZXQy1jQU96SDZGbktMbWNIRkNQbXFuVXR1VTlCTmpYd0E?oc=5,"Wed, 17 Jun 2026 07:00:00 GMT",2026-09-07T08:51:36+09:00
GoogleNews:シニア　意識,シニア　意識,【シニアの意識調査】改善意欲は80.7% も、約3割は「何もしていない」 。コスモラボが958名のシニアを対象に姿勢（猫背・円背）の実態を大調査 - PR TIMES,https://news.google.com/rss/articles/CBMiakFVX3lxTE1PU3RmTVdHUDZ6U3VlTFRTc05oU2hPeFptblhXVnZYdENwMEljN1hmbkcwTXpUdDJqTU9aOG00WDNQeWJfQWVMWC1pZTFOVC1xV1FKQ0s2cXdtZ19rYmYyZFF3RVVzMVRQR0E?oc=5,"Wed, 27 May 2026 07:00:00 GMT",2026-09-07T08:51:36+09:00
GoogleNews:シニア　意識,シニア　意識,【シニアの意識調査】ひざ痛経験が約7割──継続改善に課題、最新調査公開 - PR TIMES,https://news.google.com/rss/articles/CBMiakFVX3lxTE1nODJ3dTdzcHpsZlNBT0pkY0w4U2g1aWhQM1NhdVpZNWFoUEJhdmRRYzlkZnhjZm9hU201NEN0T21ReHhwTTV3R2NNQVlrLWRkVGhXWklrVUFrTmluel9GMzFhazRMR0xoWGc?oc=5,"Thu, 26 Feb 2026 08:00:00 GMT",2026-09-07T08:51:36+09:00
GoogleNews:シニア　意識,シニア　意識,【シニアの意識調査】2026年版！シニア663名へのストレス調査：原因1位は「身体の痛み」 。深刻な「不眠」に悩む層へ、今求められるのは“専門的支援”より“お茶会”？ - PR TIMES,https://news.google.com/rss/articles/CBMiakFVX3lxTE9MQlR6QTV4ZG1QcFFVdTY3WllQZ21yTktCMDEwOVlxTUlsMWRRMWtRQkNudk1FeHZFSlM4QWs5MmVuTkFwTnpmZXZFbVFRc3RXcWtxSTBJRU1IVWRlOE45MEJYTUxVZ1dEV0E?oc=5,"Wed, 15 Apr 2026 07:00:00 GMT",2026-09-07T08:51:36+09:00
GoogleNews:シニア　意識,シニア　意識,“今どきシニア” は家族に依存せずにソロ活重視 ―博報堂調査 : 夫婦一緒意識も低下 - nippon.com,https://news.google.com/rss/articles/CBMiV0FVX3lxTFBadk5LYUpVOXBtMFRPYlNzNE04dHZUc2YyaXpUZkFxcTl3bWRsYjR3LVhDY1JiYmtUZWhTeHgyRmQ2ZjdSbzJ3SkhKQ1g3TjFINVhJOFRJSQ?oc=5,"Wed, 08 Jul 2026 07:00:00 GMT",2026-09-07T08:51:36+09:00
GoogleNews:シニア　意識,シニア　意識,"【60～74歳のシニア1,000名 就業意識調査】在職老齢年金改正でシニアの就業意欲向上へ 制度認知シニアの86.2％が就業継続に前向き、認知有無で28.3ポイント差 - PR TIMES",https://news.google.com/rss/articles/CBMiakFVX3lxTE5HZ3FSRklIeXdhTUxCazlKd0N2SDU1QWRjUG5SWkNNb3NiNnRyLWdNZjdCVjN2NGFGM3ZJRUZsSVlpTUFSdGluSkNjUGlGc01fWXBLQ3JnUXM3a2JXc3A5cUlOTWxpUDlOWHc?oc=5,"Tue, 03 Mar 2026 08:00:00 GMT",2026-09-07T08:51:36+09:00
GoogleNews:シニア　意識,シニア　意識,"【シニアの意識調査】対症療法より「予防・習慣改善」に商機あり。胃もたれに関する1,961名調査から読み解く、シニアの顧客化インサイト - PR TIMES",https://news.google.com/rss/articles/CBMiakFVX3lxTE1qUm9fWktWM3FJcUFpdUFtZmdCU00zZmptRzNZZjUxLUNZTTNZM29tNTk2c1BhaUEyQlI3ckVwWGlYQ3RNaElCMzBuTy1TOWFHVW1xNTRQRGtDQk9aUGp0RGswNno2b3JzOXc?oc=5,"Wed, 10 Jun 2026 07:00:00 GMT",2026-09-07T08:51:36+09:00
GoogleNews:シニア　意識,シニア　意識,【シニアの意識調査】記憶力低下への対策「特に何もしていない」層が約3割。シニア市場の行動化を阻む壁と、求められる“習慣・食・予防”の情報設計とは - PR TIMES,https://news.google.com/rss/articles/CBMiakFVX3lxTE9rMExJTHd5ZlAxQjQ4NS1MWVQxYlQ4TGpYMFRGNVdtbWNaN3JwRlJMUUt5cXo0RUNYVkhJSi1Xb2gxMEZ3UWdmSUhtd1hnc3paaE5TZmduaEd6TWE2YjN2d2ZQM1Nnc0hUZGc?oc=5,"Wed, 06 May 2026 07:00:00 GMT",2026-09-07T08:51:36+09:00
GoogleNews:シニア　意識,シニア　意識,【幸福に関する意識・実態調査2026】シニア女性の幸福度は7.75点で、2024年調査の7.84点とほぼ変わらず。 - PR TIMES,https://news.google.com/rss/articles/CBMiakFVX3lxTE55QmVla0NwUHc2VkdOSDAxOUh3Wi1oZVNRMUlUc2JhSHJhbl9CR09DWTd5dlI2eXRlOUJUdGhiWERyZF9HX2ZOSnA5V184WG53eDNFTE1PbWp5SldQVkV5QVh6ZFhkVS00T3c?oc=5,"Wed, 22 Jul 2026 07:00:00 GMT",2026-09-07T08:51:36+09:00
GoogleNews:シニア　意識,シニア　意識,猛暑の外出自粛で高まる筋力低下のリスク》プロが教える「室内スクワット」と手軽な家トレ術（4ページ目 - 週刊女性PRIME,https://news.google.com/rss/articles/CBMiWEFVX3lxTE1KT0JocTkwcTdFNFpUaldRLWlDOWJOQzdUR2dERTBTV3RINE50VFotMWlXRDBuMHRMT0tkeUo0Nkx0VTVaOHZfcFlmYXBYQ1Mta3dpOHY2SlQ?oc=5,"Sun, 30 Aug 2026 02:00:00 GMT",2026-09-07T08:51:36+09:00
GoogleNews:シニア　意識,シニア　意識,【シニアの意識調査】シニアの52.6%が睡眠に悩み 「夜中に目が覚める」が最多、67%が睡眠の可視化に関心 - PR TIMES,https://news.google.com/rss/articles/CBMiakFVX3lxTE5jQnY2Wm5QcTd5cTAyNUdneHR5UU9LOURUeENQd1ZGLWVxWFFTSERkdnV3dDdrdDlhMlJWLXVlbUN2OUVOVVdWRlozUXNaZ0FESDFFUnltRHhBOFlSQVpVVlRiU0tiRHAzS1E?oc=5,"Wed, 25 Mar 2026 07:00:00 GMT",2026-09-07T08:51:36+09:00
GoogleNews:シニア　意識,シニア　意識,【シニアの意識調査】シニアの心を動かすものは？――文化活動が生む、感動・刺激・つながり - PR TIMES,https://news.google.com/rss/articles/CBMiakFVX3lxTFBHa19jYUw1SUZMbW9mYm5EWnNlMHNBZ2xQdEJyV25zRHROTXAwaUdyUk9PNmxJMUNrZHJOSzl5YmNHdFo1dW4zeHF6cXFfR0x4S2xkWjdPTnFrSHNscVl5UDk2QUJuVWJTV1E?oc=5,"Wed, 28 Jan 2026 08:00:00 GMT",2026-09-07T08:51:36+09:00
GoogleNews:シニア　意識,シニア　意識,【シニアの意識調査】シニア層に広がる腰痛の実態――持続支援ニーズが浮き彫りに - PR TIMES,https://news.google.com/rss/articles/CBMiakFVX3lxTE52LTNfc0RsZUtOcy1UaFVnX0dRUG1ubERiVHNYRHVDSlZiMFJ3V1FyWE9fbi1TcE5JVnFKM01WTExoVWl1X3ROR1A0dlczTUQ2bkhBT0Rsa0t2RmRPZnFFeEhmQTE4NG9penc?oc=5,"Wed, 18 Feb 2026 08:00:00 GMT",2026-09-07T08:51:36+09:00
GoogleNews:シニア　意識,シニア　意識,【シニアの意識調査】シニアの4割以上が「3か月に1回」歯科受診。受診理由の1位は「予防・定期健診」56.5％となり、口腔ケアは“治療”から“メンテナンス”の時代へ - PR TIMES,https://news.google.com/rss/articles/CBMiakFVX3lxTE1laDRMM3BxRE9WU1dBZUFlc2JXZjFvQ0lMYVprZm1zcllianZUdU9lVXJSaUJIYm9zRzZqczJTZ1VwSmdDMURZQWVWbmFOUGRjU1JYVElRalBaSldVU09UcmlhUGdBOGlma1E?oc=5,"Wed, 22 Apr 2026 07:00:00 GMT",2026-09-07T08:51:36+09:00
GoogleNews:シニア　意識,シニア　意識,【シニアの意識調査】聞こえにくさを感じても、約8割が対策なし――シニア層の耳の不調実態調査レポート - PR TIMES,https://news.google.com/rss/articles/CBMiakFVX3lxTFBIUHRDTjhxY3VBSE5IQXFVaVBoUDFRNE9sRGNfaDZjN1JzQ0FnXzBwdnRRdnFjR19Edk9uR3ZwaDBVMWwzd0lLUHhHY3pSRzZKSUlFM1NwMGhPazBpeDBuSHhUVXZMbDlBaGc?oc=5,"Wed, 18 Mar 2026 07:00:00 GMT",2026-09-07T08:51:36+09:00
GoogleNews:シニア　意識,シニア　意識,【シニアの意識調査】シニアの80.6%が「昔より疲れが取れにくい」と実感50代以降で広がる“疲労回復ニーズ”を669名に調査 - PR TIMES,https://news.google.com/rss/articles/CBMiakFVX3lxTE9uTUh3WmJGenA0YzU3TFJZWjdkQ3VIYjhxaXdDQzlPQUxCT0dTbjQtaGZYQjJDd3VfX25hbDhkUGlFQl9UTUs0ZTlEN0NCaDRvamxqNFFZdW9WbFFaT18ydUdLV09hWnRFNlE?oc=5,"Wed, 01 Apr 2026 07:00:00 GMT",2026-09-07T08:51:36+09:00
GoogleNews:シニア　意識,シニア　意識,シニア女性の2人に1人が働く時代へ 「お金のため」から「生きがい・社会還元」へと変わるシニアの就労意識とは - Yahoo!ニュース,https://news.google.com/rss/articles/CBMif0FVX3lxTFB4R3pQc0gtY3dOdU82Y1NjYUswRC1ybHVFOXVwQWNDZloxZkYyLVY0cWhld2szamdDY3k5ZVR1ZzhtUXRtM0g5NHFldDFCNVNIYm10Mk5qTkd5RzhRcEdHemRBSXoxckdQRWU0X2ItTXBMZDlGd2M2VURzaW93aFE?oc=5,"Sun, 12 Jul 2026 07:00:00 GMT",2026-09-07T08:51:36+09:00
GoogleNews:シニア　意識,シニア　意識,シニアの生活意識調査2025 - PR TIMES,https://news.google.com/rss/articles/CBMiakFVX3lxTFB1WURlNW1aS2Zmcm4ycE5MTDVITUlWSkhOSXFrTnJGNUY2Zk80Q2ZyNFlsYm1PTmhqS0VERE54ZnM2Zjl1Y0g5RUVsX3VnT2ljT0ZteGIySTFrVkNycEY5OEVJNWdZQkZPNmc?oc=5,"Thu, 20 Nov 2025 08:00:00 GMT",2026-09-07T08:51:36+09:00
GoogleNews:シニア　意識,シニア　意識,"【意識調査】働くシニア世代の本音、""人生100年時代""に「どんより」印象7割超え、レポート全文無料公開 - PR TIMES",https://news.google.com/rss/articles/CBMiakFVX3lxTE1uVzZqaHZfVDNEVUU5Skg0eEFQeU5DWl9mTVdJcTA4YnBROU5ZS3ZYcmRzcGZlTFQ2d09RVzU5cDFjc0N6Y1hrSVNoaGFINE5HZmt5S3R1c09YcEx1TkxNTFJnUGZZR0lYR0E?oc=5,"Wed, 24 Dec 2025 08:00:00 GMT",2026-09-07T08:51:36+09:00
GoogleNews:シニア　意識,シニア　意識,令和のシニアは何歳から？ 40年でこうも変わったシニアのライフスタイル - AdverTimes.（アドタイ） by 宣伝会議,https://news.google.com/rss/articles/CBMiX0FVX3lxTE9DVEFDVmR5OUhFeG9iRngtd2JOYk14d3FhN2FzOFVFbG5nM0JyaGNHNEFoY244ZG12UmFWOTRaY1NOaUo3cnYxMllzQVlWQkhwZGlXaGZKMWhfYTFyd2g4?oc=5,"Wed, 29 Jul 2026 07:00:00 GMT",2026-09-07T08:51:36+09:00
GoogleNews:シニア　意識,シニア　意識,【シニアの意識調査】人生100年時代の歯のメンテナンス～定期ケア習慣の二極化が浮き彫りに～ - PR TIMES,https://news.google.com/rss/articles/CBMiakFVX3lxTFA2djRTSVlXUzNhOVotUHJwNG9Dd01URURSNUtERlI0Sm5HdXNnMDVlSFRDTm9QV2VjRUc3WS05Yl9mSXVvV1NpdTRyWjNuRDdfdXZhNmdMcHZ1aHpMUy1UWnR1cTlEd0l5bVE?oc=5,"Fri, 31 Oct 2025 07:00:00 GMT",2026-09-07T08:51:36+09:00
GoogleNews:シニア　意識,シニア　意識,ミドルシニアのセカンドキャリア戦略－65歳からの働き方を考える - マイナビキャリアリサーチLab,https://news.google.com/rss/articles/CBMiaEFVX3lxTE54cFg3bEs4LWxGRUlzX2JqZlhpNmx2SGlXOVJ5YXBHTGJaWmE3c3BnUjlZMFhVdW1OSzVKc09URTRaWEdtRXFLTU9iX3BNNVhOV051UmJFaFk2cjJKUXZUSUtUa2dkRWFm?oc=5,"Thu, 18 Dec 2025 08:00:00 GMT",2026-09-07T08:51:36+09:00
GoogleNews:シニア　意識,シニア　意識,【シニアの意識調査】7割が肩こりを自覚、それでも医療には行かない ― シニア886名調査で見えた“セルフケア市場”の可能性 - PR TIMES,https://news.google.com/rss/articles/CBMiakFVX3lxTFAwVTAtZGRpRV81QmZCY1lQejNwTjBJU0ZUWEhCQktFemlCa01WYlMtSUhiWE0xSUFmYVp6LWNaQmp6QmczcVVsMHRPZ3RnQWZFdjM5ck1BTDlPWC1lc200MVFYUnhBc0d0Y1E?oc=5,"Wed, 04 Mar 2026 08:00:00 GMT",2026-09-07T08:51:36+09:00
GoogleNews:シニア　意識,シニア　意識,【シニアの意識調査】シニアの7割がSNS利用―“LINE中心”で生活に定着― - PR TIMES,https://news.google.com/rss/articles/CBMiakFVX3lxTE14UlVYMURsbFJxZDMydXhtd1Nib0hGVEZKbENjMko1VHVxMTAtOHN2ODI2YmtyNjhxdENSR2REQUkybzVQdDg4LVZ3a1JLamY0TVFFTWUtTmNsZGVDOHBLQlhFRV9Ud0p5ZVE?oc=5,"Wed, 04 Feb 2026 08:00:00 GMT",2026-09-07T08:51:36+09:00
GoogleNews:シニア　意識,シニア　意識,【シニアの意識調査】むくみの原因1位は「長時間の座り・立ち仕事」。58.1％が求めるのは「家で簡単にできるマッサージ」。生活習慣に潜むニーズを可視化。 - PR TIMES,https://news.google.com/rss/articles/CBMiakFVX3lxTE5sZEVYXzZtWmpZeWNDenFBT3poY0ZBQXEyM1hISDBUSHpGOG96UkR5Q1BkUG1ORVJBQ2Y0dlZ3MHJhVWVZM3hVTV9sQmdGdUJzcHFxU0t0bVNEYzJXcURHVDFvTVgyQ21jb1E?oc=5,"Wed, 29 Apr 2026 07:00:00 GMT",2026-09-07T08:51:36+09:00
GoogleNews:シニア　意識,シニア　意識,マイナビ「ミドルシニアの希望退職に関する意識調査」を発表 | 株式会社マイナビのプレスリリース - PR TIMES,https://news.google.com/rss/articles/CBMiakFVX3lxTFA0QmZkM2o4M2hKQWdHdHhGYzM1N1ZZbFZBWWduTDgyZmVCMjFlcVB0aVhOSUFfOC1YdXBXbGtkWTBNQnJIYlUwSS1zRTFOak5lTGp6ZWZGODBjSHdKNEdOaDU4QVUyOHAzRUE?oc=5,"Thu, 19 Feb 2026 08:00:00 GMT",2026-09-07T08:51:36+09:00
GoogleNews:シニア　意識,シニア　意識,KOMEHYO 全国65歳以上のアクティブシニアを対象に 「消費意識調査」を実施。アクティブシニアの7割超が「リユース」を活用！ “タンス資産”を「旅行・美食」へ再投資する、“循環消費”に意欲 - PR TIMES,https://news.google.com/rss/articles/CBMiakFVX3lxTE02UzBucnJrc2pzbTg5ZWJhdmxQNUJfdWZMZHdGWE4zNmt6eS14VGt1a09BUlZ4V0xTaVpmNjBnVmZZYTgyQ09qN0E4NWpVdVBPcG9aQUlSM21IZE1NOHBPNm5pbzFfZS1naXc?oc=5,"Mon, 16 Mar 2026 07:00:00 GMT",2026-09-07T08:51:36+09:00
GoogleNews:シニア　意識,シニア　意識,【アクティビティに関する意識・実態調査】シニア女性の96.3％が運動や習い事などのアクティビティに意欲的 - PR TIMES,https://news.google.com/rss/articles/CBMiakFVX3lxTFBWSmVxNWkwdzMxMWZnbTQ4bmp3ZF9ZN2lIZ05EQk1yalVENlYtcXRpUE1VLURMcTJaaERRelQ4Y3drQ1BzMHRBSFhBZWdxek5iSUZqZEZOUzZEVDBzbVdORHEtODMxY2pBN1E?oc=5,"Wed, 25 Mar 2026 07:00:00 GMT",2026-09-07T08:51:36+09:00
GoogleNews:シニア　意識,シニア　意識,"【シニアの意識調査】運動習慣ありでもジム未経験が44%。入会・継続を阻む最大の壁は「続けられる自信」。コスモラボが1,309名にジム利用の実態を調査 - Infoseek",https://news.google.com/rss/articles/CBMickFVX3lxTE1KNnd0alZ3dVJKUGxNbHdZaXE1UkNRU0hsMUZ6T09KWTZxYVJLN0dBOGt6S1lTRFhNSU1COUlCX1pYaFFrZVp0NXF2bjhrSXF6MG1XMVBIUWF3MlNtVUphTlJiM2dITFlNMEF3bUwyMWJiQQ?oc=5,"Wed, 12 Aug 2026 07:00:00 GMT",2026-09-07T08:51:36+09:00
GoogleNews:シニア　意識,シニア　意識,【シニアの意識調査】シニアのアトピー対策に新たなニーズ──高い改善意欲と“効果実感の壁”が浮き彫りに - PR TIMES,https://news.google.com/rss/articles/CBMiakFVX3lxTFBIQlpmUWFqWmIwQmladUpqVEFqV1JNaXpMV1JlWVdlYVhZUm9iZ1pqSUgzcUdsTVVfdVZSdEJlY09vQ29uOUJlWGRIQ2NwbmZ5MkxjSjJHVWpGajNGSnhsaXFldTJWeUNkZ0E?oc=5,"Wed, 08 Apr 2026 07:00:00 GMT",2026-09-07T08:51:36+09:00
GoogleNews:シニア　意識,シニア　意識,マイナビ「ミドルシニアの働く意識に関する実態調査」を発表 - Excite エキサイト,https://news.google.com/rss/articles/CBMif0FVX3lxTE5ubG9XRFNMNVN5dExhN1JvQ1QzNmRSXzBjdmxoMzVhUTdhNng4RHBtRnJKZGxmb2lwQUd6NUZMeU9FNl8zVVh3aEh5RG5QS3NweFVEeWdJYzQzWGFYRnlOWWFYZW9EZjJabHhyTndfVmlwMUpzZzZPRUpHQ3hwZVU?oc=5,"Fri, 28 Aug 2026 06:15:00 GMT",2026-09-07T08:51:36+09:00
GoogleNews:シニア　意識,シニア　意識,【11月23日は勤労感謝の日】シニアの「仕事とお金」に関する意識調査〜 60%が現役就労。なぜシニアは今も働くのか？シニアの働く価値観とは〜 - PR TIMES,https://news.google.com/rss/articles/CBMiakFVX3lxTE5HOU9GbllPLU43U0lnQjdQdVBsWGNMWEZhR3ZyZUl6TGhmRWt5NEhzb0FlRl8tNlY2cmZNaE0zR0VYdEEzc3F0M2F0YWY2c2YzZlNNa3huLWp5dnM0R2F3U3hZYVEtVkdLMlE?oc=5,"Sun, 23 Nov 2025 08:00:00 GMT",2026-09-07T08:51:36+09:00
GoogleNews:シニア　意識,シニア　意識,「住まいの終活に関する意識・実態調査」を実施 - tv-tokyo.co.jp,https://news.google.com/rss/articles/CBMibEFVX3lxTE4wd0VaaWxGZl9VNjJsOU1TRUxtMGYwV0UwbEx5RFBhZG03RDlqNm92Nk9GZVVhX2xxa0QzVW1nZFl1NTM4ZlA0azY2U1ZHNU9hV1RaeUhnRDVmRFluM0RXUUxnUm03MDkwTGhmVw?oc=5,"Thu, 19 Mar 2026 07:00:00 GMT",2026-09-07T08:51:36+09:00
GoogleNews:シニア　意識,シニア　意識,"プレスリリース：［シニアの意識調査］対症療法より「予防・習慣改善」に商機あり。胃もたれに関する1,961名調査から読み解く、シニアの顧客化インサイト（PR TIMES） - 毎日新聞",https://news.google.com/rss/articles/CBMiaEFVX3lxTE5jT296eGZOVU1laGVZekNZZkViSTNXdm1DdGJ3aTZxRDI4ejROdmRLeV9BZGtDY2ZoaG9ycDJkbXprRXV1V0RZeEVQNWpFeUEwUWtMWnNSekJSWDJxZ2tmY0N4ZTl4VXpY?oc=5,"Wed, 10 Jun 2026 07:00:00 GMT",2026-09-07T08:51:36+09:00
GoogleNews:シニア　意識,シニア　意識,コロナ禍を経て、シニア層の健康意識・行動が大きく改善 NTTドコモ「からだデータ白書2025」公開 50〜60代の歩数は5年で約20％増加し、フレイル予防にも - PR TIMES,https://news.google.com/rss/articles/CBMiakFVX3lxTE5MWWFvMXZIWE1VNFZvYU56T3dOZm1oUGFQNDVBSFpibElwZ19MQTBYRUw2ZmVncjRkMW51TXF3SHdsSWNobkpMdlVRTzdBVE1qM0xCWXdoOHhRcEd1cjJIOF9TTjdqYTFpSkE?oc=5,"Wed, 24 Dec 2025 08:00:00 GMT",2026-09-07T08:51:36+09:00
GoogleNews:シニア　意識,シニア　意識,【シニアの意識調査】定年後も働くシニアが約4割！就業スタイルは多様化の時代へ - PR TIMES,https://news.google.com/rss/articles/CBMiakFVX3lxTE5LcURrdklaYklJUHRCajYyRFNOVXo3M25Ibzc4RURiQWJFaGlyNmlTNkNJc1Y4eXZoTjlBZ0MwRlFzc3plLU1MWHpQelVlYl93bm1SMVZGcFh6bW1xTlRuMDVaRTZZVmw5RWc?oc=5,"Fri, 24 Oct 2025 07:00:00 GMT",2026-09-07T08:51:36+09:00
GoogleNews:シニア　意識,シニア　意識,"【シニアの意識調査】「リアル体験×短動画フォロー」が顧客化の鍵。1,291名調査から紐解く、シニアのLTVを高めるOMOマーケティング - Infoseek",https://news.google.com/rss/articles/CBMickFVX3lxTE1KMzNoWDRNN3RrMDB6eElaTlk1SlFhUHpqOXhNTGhiRktyaEFVdkg0RW5rSDV1VUI1TGRUclhvTDUyUjBfeU05eGdjZWlaZktSQkRvUGZOZkpISzRlR2V3MUFod0Rudi01WndUWUsxU2JLZw?oc=5,"Wed, 05 Aug 2026 07:00:00 GMT",2026-09-07T08:51:36+09:00
GoogleNews:シニア　意識,シニア　意識,【50・60代の生成AI意識調査】7割超が「専門知識が必要」と回答、それでも74.6%が将来的な重要性を認識 - PR TIMES,https://news.google.com/rss/articles/CBMiakFVX3lxTE5RamJzWEpoazNpckJ1bFJWZlpVTW5QejV0MDJEY2NzWHdLXzhJNnE0OFF6ZHFuR1hVdGFxMnNHdmtmTS1QMXBqaVFQZy1GdHdfb0ZtZWI1RlJBd0hzMTM4X1R4WUI0TnZiYmc?oc=5,"Tue, 07 Apr 2026 03:11:09 GMT",2026-09-07T08:51:36+09:00
GoogleNews:シニア　意識,シニア　意識,再雇用者を組織の戦力へ！失速を防ぐ『意識リセット』の秘訣。貢献意欲を引き出す定年前キャリア研修設計 - HRプロ,https://news.google.com/rss/articles/CBMia0FVX3lxTE1SeVNaaUVLRXBvU2g4WWJ0dDRMdldiRHgtdm9mOXJQOUhqTWkxbnpsX1N6ZFVLWFF1ZW94Ul9lNlRhZnowak5kdldybk4wWkljems4Mk5sWmhTSGpCMjNiV3VLUnUyRHl5T1Vn?oc=5,"Fri, 24 Jul 2026 08:41:08 GMT",2026-09-07T08:51:36+09:00
GoogleNews:シニア　意識,シニア　意識,若者は「価格」シニアは「健康」重視 食への投資意識に世代差／日本最適化栄養食協会 - フードウイークリーWEB,https://news.google.com/rss/articles/CBMiU0FVX3lxTE5hT2hVaDdINjdYZnAwTWRtVmNISTY2R1VTTkIyaWl1dkgzcHNYWXVqdWptdHhweE5IY2luZUgwMXp6alBsalN5WXZWMjZPdXlqc19V?oc=5,"Thu, 18 Jun 2026 07:00:00 GMT",2026-09-07T08:51:36+09:00
GoogleNews:シニア　意識,シニア　意識,【シニアの意識調査】ヘルスケアの訴求は「不調のメカニズム解説」から入るのが正解？ - ニコニコニュース,https://news.google.com/rss/articles/CBMiVEFVX3lxTE5MWFlMNjJFZzZGMXVwRGhPYXpFQWRCQ2UwZHV5cDItREgzRHF6MUZsVXc1V0I2VWVrZ3luV3Y5R2hrTWtZdU1XUERheGpfUEx2aU94ZQ?oc=5,"Wed, 19 Aug 2026 07:00:00 GMT",2026-09-07T08:51:36+09:00
GoogleNews:AI　買い物,AI　買い物,Yahoo!ショッピング、生成AIを活用した「AIおまかせコーディネート」を一部ストアで先行提供開始｜LINEヤフー株式会社 - lycorp.co.jp,https://news.google.com/rss/articles/CBMiXEFVX3lxTE5jUTg3RXNTRnoyVFMwX0s5bi1Pb0VkaFY1M05KZi1kVHdiR3RNeVU3Y2hCbDhrNDFMZGdGV2FnNU5MWm5lOEZBWnFrT2NFVlVqdTlPSlBISUdwU3k1?oc=5,"Wed, 02 Sep 2026 01:00:00 GMT",2026-09-07T08:51:38+09:00
GoogleNews:AI　買い物,AI　買い物,花王や森永「AIに選ばれるサイト」に チャット経由の買い物増に対応 - 日本経済新聞,https://news.google.com/rss/articles/CBMibEFVX3lxTE5GM1ZCTEtiT01uMXhkWHBpSkxYenpDeGY1VGVRZ1FpdGZUTFNFd0I3M1RlZUd4dUdkSzk4SUZmcXl3cmpfSUpPemJPaEhUQ1ItRGVFYVFHSDRGSk4zOGFSZGtQaG5Tdzc1dk8zQg?oc=5,"Mon, 31 Aug 2026 20:00:00 GMT",2026-09-07T08:51:38+09:00
GoogleNews:AI　買い物,AI　買い物,アンソロピック、年末商戦を前に小売業向けAIショッピングエージェントを展開 - BigGo ファイナンス,https://news.google.com/rss/articles/CBMidEFVX3lxTE00eGQ1c1ZaUHpPWjlMblJ2NVBiUWtzVXQ1Ul9MRnRpbkFUMld1MmVqWU5pR3pyVXJDMGpyVXJsbEdyTGFJcldBMjVNU01UY3R6d1E3N3R5R2thdC00OXlyMDNyNUI4UVZtQUJDVVAtdXpkQmxE?oc=5,"Wed, 02 Sep 2026 16:35:00 GMT",2026-09-07T08:51:38+09:00
GoogleNews:AI　買い物,AI　買い物,Yahoo!ショッピングで「AIおまかせコーディネート」提供開始 - Impress Watch,https://news.google.com/rss/articles/CBMiZEFVX3lxTE1WRmtwcEFkUlk2cGI5dW1KbW1nREVvZkZJQ3lXSlBKWVJxS09DMUNHdHc5enNjM0g0R1loa2ozVk9paFM0VVBrWmxKUFp2R0tzeXZxTlFYblRwazJoejZWUE5NS2s?oc=5,"Wed, 02 Sep 2026 10:07:30 GMT",2026-09-07T08:51:38+09:00
GoogleNews:AI　買い物,AI　買い物,ホームデポ、AIショッピングアシスタント「マジックエプロン」新機能を追加 - gekiryu-online.jp,https://news.google.com/rss/articles/CBMiUkFVX3lxTFB0Uk14dlZlbmpfdXJJaGZPN1pTN01pTDdxdnBkUXEwbTRZbTZ1b1pHTmp3MFllVjlNZFhXZjBZNVJXczNpajFMYUc1QV9MWTJxVkE?oc=5,"Thu, 03 Sep 2026 03:13:08 GMT",2026-09-07T08:51:38+09:00
GoogleNews:AI　買い物,AI　買い物,Yahoo!ショッピング、AIがファッションコーディネートを提案する「AIおまかせコーディネート」を先行提供開始 - コマースピック,https://news.google.com/rss/articles/CBMiV0FVX3lxTFBVM0R5Z1M4X0tlZ2VXam9tMVhudFJNUEdnMTJIem50MTFMSXFwcjdlMmUxOXVYS0g3ZnFrTVp1MVdBYzNtUmJEcmdwYjJNNm1oMkZHaXZ6SQ?oc=5,"Wed, 02 Sep 2026 03:12:19 GMT",2026-09-07T08:51:38+09:00
GoogleNews:AI　買い物,AI　買い物,2030年までにAIショッピング・エージェントがeコマースの約4分の1を占める可能性を示唆【A.T. カーニー】 - PR TIMES,https://news.google.com/rss/articles/CBMiakFVX3lxTE44TWFCNlI4eTZVVGhKQU91RHBZdXk5NV9yeUpSOGtWSWtRNkhwLUUxVDc2MldObEJtaWVJNFg3eDZacHhjUDA5aG9jLW95MjNHYnVsTjROd2NHR3lwQ0pXZVdUVGJCR0FyWnc?oc=5,"Fri, 21 Aug 2026 07:00:00 GMT",2026-09-07T08:51:38+09:00
GoogleNews:AI　買い物,AI　買い物,「AI経由の買い物客」は非AIよりもCVRは6割、購買力は53%高い。アパレル・家電・化粧品が「AIフレンドリー」な理由【最新AI関連データ】（ネットショップ担当者フォーラム） - Yahoo!ニュース,https://news.google.com/rss/articles/CBMif0FVX3lxTE1LOTBVVXV0UUJTSlFETFQzcllkdnBPcTRTVkxWTGI5RjVrLXE1X2M0QkRCR0JKRW9BcUVGbTktUVVETHZyUzhDNnEwUzVRZUxFQV9nSXJhWjZBN2FKSG5LY0Q1Mnp4UHpIb3dlQy1PUkdBU2dteFliVkluTEdiNnc?oc=5,"Thu, 27 Aug 2026 07:00:00 GMT",2026-09-07T08:51:38+09:00
GoogleNews:AI　買い物,AI　買い物,Yahoo!ショッピング、AIが服選びを支援 コーディネートやサイズ比較を提案 - ｄメニューニュース,https://news.google.com/rss/articles/CBMif0FVX3lxTE9QTnVRXzRTZUhJR2ZRbjVvdnAwQkRKRGhvSy1aUWJaTkZacjRpemhjaFpNRnNLNzVwUFVtY3VlaVNIR1drQWxNeWdXdmxDM3lBSjBVRk9zS25jMUhNVE96aHQ5YkhUeWZNZWlMZ0JEY0pQT0wtZTVNRWkxay03YjjSAYQBQVVfeXFMTWMtMlhFcE56d1dfVzJKTHdTS3FPdXRYWlRWNnN2eEpuaklWRi1LWVNzSHdwY2UzTXdjZ1JvV1Rsc0dQMkliOEZ2bG9RNGh5UXkyZXhLZWtBZ2ZmNkM0WmhrSVdmRnpzaEZWMGltLVJPN0NnWjgtM1BmMkFkSTZlalVCMDBT?oc=5,"Wed, 02 Sep 2026 02:00:00 GMT",2026-09-07T08:51:38+09:00
GoogleNews:AI　買い物,AI　買い物,49%がAIが買い物に抵抗なし 1万6000人調査で判明「5つの生活者変化」 - 日経クロストレンド,https://news.google.com/rss/articles/CBMiZkFVX3lxTE5Hc3dwWVctOHJCYmt4SWJGOHU3T0lwU2xjbGJldkY0cVd1UGlScDhfUkZuMjI1Zk9sYmRLYnFWa0VwdjlUOXhMa29fTXdJdW5fQncwOUd4RW0zeUd4OHg5dWZ4bU9hQQ?oc=5,"Wed, 02 Sep 2026 15:01:00 GMT",2026-09-07T08:51:38+09:00
GoogleNews:AI　買い物,AI　買い物,Stripeのアナ・スピシュ氏：システムプロンプトが引き起こしたAIショッピングエージェントの暴走 - BigGo ファイナンス,https://news.google.com/rss/articles/CBMiWkFVX3lxTFBCZkVDanFXdVBSUWIwWUlSOHdYaS16ekp1czl4Rk5UUHFNRkIybWtMakVqMExQWldFUWhGSU9yVld3RzNzMFh4ZlZQT296dmJQZWJmUUJFWjZUUQ?oc=5,"Tue, 01 Sep 2026 18:08:00 GMT",2026-09-07T08:51:38+09:00
GoogleNews:AI　買い物,AI　買い物,AIエージェントで「買う」と「売る」はどう変わる？ Yahoo!ショッピングが目指す新たな買い物体験｜LINEヤフー株式会社 - lycorp.co.jp,https://news.google.com/rss/articles/CBMibkFVX3lxTE1hSm9kczFEQWJjajlwR0NreXN6djhHaHFpM3VnbjZualNwelhUNndKN1daZld2Sjd1eTJoYmlYR0FsbzZIQ2Q3YkFPTDJEUHN6WjJGMGx5eEl1SlM3eWdTNGhkd2xyWXMzckQtOS1n?oc=5,"Thu, 20 Aug 2026 00:50:00 GMT",2026-09-07T08:51:38+09:00
GoogleNews:AI　買い物,AI　買い物,AI時代の買い物はどう変わる？ 20～30代の約3人に1人がAIによる自動決済に肯定的、「リアル店舗」の価値は失われない - ネットショップ担当者フォーラム,https://news.google.com/rss/articles/CBMiXEFVX3lxTE9hMjdKT2xGWlVVdXVPNDJtSkxlNFFkZGRNY0dhbzFoWEVWZ3VOU2VFV2ZKXzczb2ozRkVZakUtdklScnNKcE1kYlBWdnYyWkFpS0JfS1RhUEsxTnRT?oc=5,"Thu, 20 Aug 2026 07:00:00 GMT",2026-09-07T08:51:38+09:00
GoogleNews:AI　買い物,AI　買い物,「AI経由の買い物客」は非AIよりもCVRは6割、購買力は53%高い。アパレル・家電・化粧品が「AIフレンドリー」な理由【最新AI関連データ】 (ネットショップ担当者フォーラム) - Yahoo!ニュース,https://news.google.com/rss/articles/CBMijgFBVV95cUxOWlJMWGZZYlBfLXFvY2xld1hqVTJ1a211UWFKR2wwbXlEQjVvVGlRb3JvMHNqa1lkNEFKcThRSU9oWFBfNkgxNVUtZFhaOHpkQU83OUl5eVctY1dNZjRsRk5kaHlzWGNuT1g1VWQxaWQyRFNIbFlZOGZjUmtnUjFwZkU1b2ZWSlJ2MllQXzR3?oc=5,"Thu, 27 Aug 2026 08:31:20 GMT",2026-09-07T08:51:38+09:00
GoogleNews:AI　買い物,AI　買い物,2030年のAIコマース 精緻な回答を越えた「共に悩むパートナー」へ - 日経クロストレンド,https://news.google.com/rss/articles/CBMiZkFVX3lxTE1MS1RyWFlZUWt2OW9iVjFUcGlPX09meEx3YVJ0MlFkTnl5YlNLd3htcFBGakJJdm5XbnZNWjExY3UtOFhFckVQOGt3Q1JERldURlhHRGY4cXVIMnZLLXhET1dzOFRqQQ?oc=5,"Tue, 01 Sep 2026 15:01:00 GMT",2026-09-07T08:51:38+09:00
GoogleNews:AI　買い物,AI　買い物,AIで買い物をする時代の消費行動とは？ 6割がECサイトへの移動に不満、価格の食い違いが摩擦を増幅 - ネットショップ担当者フォーラム,https://news.google.com/rss/articles/CBMiXEFVX3lxTFBFNFQyZXhJTEVSeXE3WG5wd3IyRGJRSk0yTnBpSE1sVGpYWEh4QUd1UUxQNXR5TWhjQ3A1bVJPN2ZuM3RPVDFQYVh4SmdJMjJpTzlxZEk3VGpUV2Nq?oc=5,"Thu, 20 Aug 2026 01:30:00 GMT",2026-09-07T08:51:38+09:00
GoogleNews:AI　買い物,AI　買い物,Yahoo!ショッピング、AI経由の購入が2割 商品選びに伴走 - 日本経済新聞,https://news.google.com/rss/articles/CBMibEFVX3lxTFAxOHpfdFZlSVlSUjdRT21ZalY2R19SM25YNENFeVZZU3FoV0R0Y0lySnVoalVpYU52eFpOTGVmV3dKc2pWcXo4ZlZ0UGs4UEpTMmFBcHA1S1NVYk8ydkd0OFRoTVgzWXRhMklIZA?oc=5,"Tue, 18 Aug 2026 07:00:00 GMT",2026-09-07T08:51:38+09:00
GoogleNews:AI　買い物,AI　買い物,買い物エージェントが迫るECサイト淘汰 生き残りのカギ握る「LLMO」 - 日本経済新聞,https://news.google.com/rss/articles/CBMibEFVX3lxTFAtR1FWZkZHX3NlanRJOTJBQS1Sal84d2JPSzZQZ1hNMklIdW9FM0N5NUlBYm5EVkdTQVlNaFA2bXZaY1l1RjA4UFhaX3Y0bmFCbC1Gc1ZJMkdqQ1FrN1Q5RHdaVHhaVE5MU2gwVQ?oc=5,"Tue, 25 Aug 2026 07:00:00 GMT",2026-09-07T08:51:38+09:00
GoogleNews:AI　買い物,AI　買い物,DNP、AI買い物代行での不正購入防ぐ 個人IDとひも付け管理 - 日本経済新聞,https://news.google.com/rss/articles/CBMibEFVX3lxTFBadTJwaGVzdUJIWFJUOTJWN0NmYTZpSjFwb0k5RzJEemlTdU9NU2E5UXIxVHRrSG1ONlBHNmtBd004Vm9EN2VielhmRjJwX2JIaFZuRTB6SGZyMUJjRkFJaVJDaVA1VW1GTHU0Tg?oc=5,"Thu, 23 Jul 2026 07:00:00 GMT",2026-09-07T08:51:38+09:00
GoogleNews:AI　買い物,AI　買い物,「AIに買い物相談する」4割、タイパ実感75% 50代は検索より重視 - 日本経済新聞,https://news.google.com/rss/articles/CBMibEFVX3lxTFBWdnd2MWkxVkhwRmUyR1JhX0YtTHdWVFZxOHRRdGdWdldSUDVQVjFKT3lkYnVsTGVfcFFIRloxeGRVUlRUenprYVJTd1FDeTdQUG1kM1lJeG9qbTJLeFBFQUhQT2VEblJzR0tvXw?oc=5,"Sat, 22 Aug 2026 07:00:00 GMT",2026-09-07T08:51:38+09:00
GoogleNews:AI　買い物,AI　買い物,NIQの最新レポート：買い物客の74%が商品の検索にAIを活用、消費者の購買プロセスにおけるAI活用の意味を解説 - Business Wire,https://news.google.com/rss/articles/CBMiZ0FVX3lxTFBTeXhJWEs5ZHF3Y09tVmVhTjNBUy1lZ2JkMndrTjZrXy14aFM0RjZXR2hVYlpXYUl2RmR2YmNfUWdaOV9XZkd5VFJSM1gzTWc2MXNuV0U4SHR6aVNjSFF6alR1UDRjaVU?oc=5,"Thu, 27 Aug 2026 07:00:00 GMT",2026-09-07T08:51:38+09:00
GoogleNews:AI　買い物,AI　買い物,「AIエージェント」登場でネット通販激変 〝アマゾン飛ばし〟でビジネスモデル崩壊も（産経新聞） - Yahoo!ニュース,https://news.google.com/rss/articles/CBMif0FVX3lxTE5SdjE0OWdXSEc2YmxjM0FxQklkRmoxVEF2YUs1eVRVUURoVWNSZUtJZTJ4VFRsNVhJMk1VZ2x0V2RPRHFtSVVidEkzVkVoNG9HZ1U3R2d3aklpenVvQzVqYkFRSDA3OVhIVnAtVHBDcGprXzV0NVZYU05HYUZheDA?oc=5,"Fri, 28 Aug 2026 07:00:00 GMT",2026-09-07T08:51:38+09:00
GoogleNews:AI　買い物,AI　買い物,「あなたはAIエージェントに買い物を任せたいですか」 Visaが調査--消費者の回答は - Yahoo!ニュース,https://news.google.com/rss/articles/CBMif0FVX3lxTFBvVHdNZ2VCbkJ1bU8wTjNQbm5KTnMwbTJ5eXM4V0hqYVhfMm1kYUZfQUxDS2tvQ2xvejJpYnRXMjVFZjE3ME1OMlZJZXlGd2JvdzFDSjB2RWxITFdfYi1NM0d1S2tMc1BMcXZTWnViWV9oeUEtZTZZUVpOM0JOeFE?oc=5,"Tue, 18 Aug 2026 07:00:00 GMT",2026-09-07T08:51:38+09:00
GoogleNews:AI　買い物,AI　買い物,「買い物にAI」シニア層の6人に1人 デジタル機器の購入が最多 - 日本経済新聞,https://news.google.com/rss/articles/CBMibEFVX3lxTFB3RVljZmhQaHB1d0VuYWppcUcyTndOY2xYS0JWUG1wZVpBTFc3V19WWTY4dTRYcFlLOEtoN1pnRVB6RjJtWUJzV2E4ZHhiZ1pMMTU1eUFRM24tdmxNTjc4S3pYQWs2VXFsWGU0QQ?oc=5,"Mon, 06 Jul 2026 07:00:00 GMT",2026-09-07T08:51:38+09:00
GoogleNews:AI　買い物,AI　買い物,買い物で生成AI利用25% 時短や納得感が向上、博報堂研究所調べ - 日本経済新聞,https://news.google.com/rss/articles/CBMibEFVX3lxTE1FN2J2STdETGdYTjIydzdGcUplaDYyck1weWthNEpKeGYtd2NodUdHQmpTb3ZiZ0NBVVJ1dXhfc2lBUXFqWFhHY1QyZGZZSG93SGM2ci1oV1ZtcVc5Y3pLd0JDQmZNdVowcDF5dw?oc=5,"Tue, 02 Jun 2026 07:00:00 GMT",2026-09-07T08:51:38+09:00
GoogleNews:AI　買い物,AI　買い物,若者の過半数が買い物決済をAIに一任、エージェンティックコマースの現在地 - forbesjapan.com,https://news.google.com/rss/articles/CBMiWkFVX3lxTE1UdGhxdUNva3VlS1pKZHJOMmppYTVkb1hsWDRKVG9odzY4RmZHSnNCUkdqNFR2Z2JGNmNfcGY4Z3hEeW5LVndGY24zYy1zbk5zX2RXVUlLQVhhdw?oc=5,"Tue, 25 Aug 2026 07:00:00 GMT",2026-09-07T08:51:38+09:00
GoogleNews:AI　買い物,AI　買い物,AIエージェントに買い物は任せても「完全自動購入」は1％ Visa調査、50％が「自分で確認」を重視 - Ledge.ai,https://news.google.com/rss/articles/CBMiZkFVX3lxTFBmejNJTl96UlJlWlVYM0J5enlaVk9LLXRpYW5EUXhVOGRGNGlfMDBkaW0xVE9GLTRBT095RHlXd0tVZGppVHBhVUFkQmR5QU9HcDdqeUhhZi1WYkxNMWFSN29JVURMQQ?oc=5,"Thu, 20 Aug 2026 07:00:00 GMT",2026-09-07T08:51:38+09:00
GoogleNews:AI　買い物,AI　買い物,【特許権利化】AIエージェントが買い物を代行する「エージェンティックコマース」元年。誤発注、なりすまし、偽物購入を「確定前」に止め、証跡は「BaaS」へ刻む日本初の特許を権利化（※1） - Excite エキサイト,https://news.google.com/rss/articles/CBMigAFBVV95cUxNclpla1VKTnU2c2tFV2drbWNoVk9kTUZDRWNMaTN2RUdteHlHVkJidFc0RFM0Mm9CV0pDcy1tSmxQcDNmd29GOEwxREptM2VJUGRfRWhfYktVYWltTWlfR3JSODhlZGZFSjlSUXpqUUlpWUV0amp6azF5QkhoRWwtVQ?oc=5,"Fri, 04 Sep 2026 14:40:00 GMT",2026-09-07T08:51:38+09:00
GoogleNews:AI　買い物,AI　買い物,AIで買い物をする時代の消費行動とは？ 6割がECサイトへの移動に不満、価格の食い違いが摩擦を増幅 - Yahoo!ニュース,https://news.google.com/rss/articles/CBMif0FVX3lxTE9wSWhLdzhYeTAyZmlyR3k1TnB6Smlfd2dSOEcteFRpUlFaY1MzZVJkeDB4Vl9MQ1QzUEJ4NTE3Z3MxVUJoenBac3NEV29fand5MTJMRi1WUy04QVM5akI1OHFzUkNiMVlWSl9CN0IxWV92STNqcVdwbHM1WFFGcEE?oc=5,"Thu, 20 Aug 2026 07:00:00 GMT",2026-09-07T08:51:38+09:00
GoogleNews:AI　買い物,AI　買い物,AIエージェントが買い物を変える：AppierがAIエージェント・コマース時代に向けたデュアル・マーケティング戦略を提唱 - PR TIMES,https://news.google.com/rss/articles/CBMiakFVX3lxTE5janpYZUo2NlNwSU9IeTZwZlR3RWxnMmg4eGNSR2pTSnAwalFWX1o1bDdTMjhGa2RvTUNIUzhmQklYRWhpaHFKeVU3aHJpcTFhOGhYaDFhSG9iMlo2c2NXUGNHQmJPbGZHQ2c?oc=5,"Tue, 14 Jul 2026 07:00:00 GMT",2026-09-07T08:51:38+09:00
GoogleNews:AI　買い物,AI　買い物,AIが買い物を代行する時代、企業はどう選ばれるのか。シンプレクス三浦氏が語るオンチェーンの未来 - Business Insider Japan,https://news.google.com/rss/articles/CBMihgFBVV95cUxQY0toQmJXWTVrdHNlMW4zSmFqUER2T09WQ2Z4MHJTZ3BUU0VOc25CdWNfNnpTLXRyb1p3OHdGZlVUSDcyT3hVVmg4eEFiQS1vaHotVjI2WE02Ym5LcDRFUmc3anhFQUhZZ29OVi1wRTBTU1hscVYweUJBTjFNV3o3Q2dHMVVJdw?oc=5,"Mon, 06 Jul 2026 07:00:00 GMT",2026-09-07T08:51:38+09:00
GoogleNews:AI　買い物,AI　買い物,欲しいものが「もう揃ってる」へ 「ヤフショ」AIエージェントの世界 - Impress Watch,https://news.google.com/rss/articles/CBMiZEFVX3lxTE90SGxQa1NydTlJUWE0NXJSemZSY1hTQkllWGJQTDRPTktVRmZUX3pxNEFLT3lnelRidWkxd1ZsOEdwSmx3MGswZy1lcXUyc21GdUN1T19xMDgwdmdDYm54WXpFZFA?oc=5,"Tue, 18 Aug 2026 07:00:00 GMT",2026-09-07T08:51:38+09:00
GoogleNews:AI　買い物,AI　買い物,AI時代の買い物はどう変わる？ 20～30代の約3人に1人がAIによる自動決済に肯定的、「リアル店舗」の価値は失われない - Yahoo!ニュース,https://news.google.com/rss/articles/CBMiiAFBVV95cUxOMWtSd3lTRi1wODFBUmk5UHltWDdaM2lKTEFhenJkSEFIeWZTR3hOb1NaaTRHTVF6cGN4YXdfMUJrQWpoUFY0a19SOG9MaEc5Y29FY1FtMkRLajZkeVRpWHl2VzNPeHJXNzVJWUhEQWNtMEo1S3MyTi1YU3pjTkpmLUxXX3Y3eHkx?oc=5,"Thu, 20 Aug 2026 07:00:00 GMT",2026-09-07T08:51:38+09:00
GoogleNews:AI　買い物,AI　買い物,約3人に1人が「AIに買い物を相談」 最も多く利用するシーンは？ - ITmedia,https://news.google.com/rss/articles/CBMickFVX3lxTFA2dUpzVGMyR3Njc2lpWFVwSmwzSlV4bWR4eXo3MmZISU9IS2p5SmdXN1ppYVNvUGVrTFdHS19tYk4tbUE4emVrd2d6bmM2MWtQMlFNU1lFZGRYLTNVTnk1dWRraEVzMHMyQ21ibjdtYk1SQQ?oc=5,"Mon, 27 Jul 2026 07:00:00 GMT",2026-09-07T08:51:38+09:00
GoogleNews:AI　買い物,AI　買い物,トライアル、全国に低価格ネットスーパー 買い物代行AIの開発も視野 - 日本経済新聞,https://news.google.com/rss/articles/CBMibEFVX3lxTFBkRDYtVzBaU3NPU3JRWVJLMGxuUkdjbUwzT2VTSXBqTUxWaEtfblF1bThXWExBMEZzb3IxNkZpNHgxOU5wWGRpTFpsb2JFUUprTUpjYlBGQTFvNFlXNGdmS1ZHcFZKVkJvTU01Uw?oc=5,"Mon, 06 Jul 2026 07:00:00 GMT",2026-09-07T08:51:38+09:00
GoogleNews:AI　買い物,AI　買い物,AI時代の買い物はどう変わる？ 20～30代の約3人に1人がAIによる自動決済に肯定的、「リアル店舗」の価値は失われない - Yahoo!ニュース,https://news.google.com/rss/articles/CBMijgFBVV95cUxPMDFYYW9GN0xRU0NsVFpjbDJFTF9NREVLR1BzREgyTzJFUmQ3LUR0Q084ekNmLW9Nd0RBLUZHTDdwQmhmSUl0Y2YyUzVMWUd1WENhZ1BLdS00YU1pX2VEVGYxZjBDZVVxU0dKZG5YQnBMZi0yMTBSNWtiRGxxcEMxQ196dEVkV1BMenVoSF9n?oc=5,"Thu, 20 Aug 2026 07:00:00 GMT",2026-09-07T08:51:38+09:00
GoogleNews:AI　買い物,AI　買い物,AIで買い物をする時代の消費行動とは？ 6割がECサイトへの移動に不満、価格の食い違いが摩擦を増幅 - Yahoo!ニュース,https://news.google.com/rss/articles/CBMijgFBVV95cUxOc0pfOGtGdms4Rl9lSEJZalZDVTRUb2NTVVluQk9EVEZPTHFsZTZXdVVFODk1aTRqUnpzakFHeVhQM3FmRlgwc1Q4S3RQdHJXVEpnbk1JS3h1S2gzVDE1M0xmVHAtZUViTHMtNkcySmdNd1VrZDhuR3BuVnphNFlGcEVZRGpUMlF1S1JJZ0lB?oc=5,"Thu, 20 Aug 2026 07:00:00 GMT",2026-09-07T08:51:38+09:00
GoogleNews:AI　買い物,AI　買い物,「イオンお買物アプリ」、1552万会員に「170項目の趣味嗜好データ」付与 AI使った“パーソナル販促”の全容 - ITmedia,https://news.google.com/rss/articles/CBMickFVX3lxTFB3TmFFTlItVzVMWjdqbGd1a0lkQUdfNkIxTlJOaThfQ3BqZ3lhME92dkRrUGV5VjdIWGtUVnFGdWN3elZPYUlEc21VM3JBWUxmcnJ2a0dpTTN4T2Q1d2pnUkI1U0xSWEtKbkdjZjRpcWNwZw?oc=5,"Tue, 25 Aug 2026 07:00:00 GMT",2026-09-07T08:51:38+09:00
GoogleNews:AI　買い物,AI　買い物,AIに買い物相談する人は4割 50代は検索よりAI重視、タイパ実感75％ - 日経クロストレンド,https://news.google.com/rss/articles/CBMiZkFVX3lxTFBOQjNaZVdPRS1FMHFibVM0bVRQRkQ2emdQM0MwMlJhOERGSWh3MW9rUGVrOGpZVEJqYktqZ3U1bnZVSktRaUlkUktIT2ktallsMmt0TDRDQkQ5VUloSXNLQUNnYklBZw?oc=5,"Fri, 31 Jul 2026 07:00:00 GMT",2026-09-07T08:51:38+09:00
GoogleNews:AI　買い物,AI　買い物,新学期の買い物が示す小売AIの次のフェーズ - Unite.AI,https://news.google.com/rss/articles/CBMie0FVX3lxTE5MQVZJdnctMTF0QVBQdGhEVnpXWFhUU05iT2g3VGYzZjNrNUVRalJKWmt0VWhYY0NNbmJrSXRvdUVJOE5QNkMxQ3FuTDcyWjFiV1ZrT3pGbkpfMF9WVnM2MFA4QjJXdExULTFfdjZkcngwUm1aLXNkNzhGSQ?oc=5,"Mon, 31 Aug 2026 15:52:23 GMT",2026-09-07T08:51:38+09:00
GoogleNews:AI　買い物,AI　買い物,「あなたはAIエージェントに買い物を任せたいですか」 Visaが調査--消費者の回答は - Yahoo!ニュース,https://news.google.com/rss/articles/CBMijgFBVV95cUxPWHowRE9HTzcwYmJWMnNCUXNsTnNjMUM5Y0tfSXNsbFE4ZnVrTWJOX3RUSDF3WjROUW1QRm5pN3NhVmhSU1hHUHgwOG40eDU1UlFjb0l1cWRnbm8tOHJIVUswVFhYV1JzWXBzNHNWci1YaWtDOVdXOXpUTUlQVHlrMjI0RW9oRmkyTE1xTmNR?oc=5,"Mon, 17 Aug 2026 07:00:00 GMT",2026-09-07T08:51:38+09:00
GoogleNews:AI　買い物,AI　買い物,買い物の主役は「人」から「AIエージェントとの協働」へ -- 2030年までにAIエージェントが世界の消費者向け商取引3兆〜5兆ドルを仲介する可能性 | マッキンゼー・アンド・カンパニージャパンのプレスリリース - PR TIMES,https://news.google.com/rss/articles/CBMiakFVX3lxTE1heHBpaEZUNWYwRGNTRHlZbWJkdHhnaDkzSDkzRExZTkV2bTAzWXJ6aTV2dnh4YklqMzlPSmFhd0g0RnhHWTV4R2JfcHJjajlfMW5jMDZaQnBWYVpWMFJKNENxUVVuVzhSMnc?oc=5,"Thu, 09 Jul 2026 07:00:00 GMT",2026-09-07T08:51:38+09:00
GoogleNews:AI　買い物,AI　買い物,Yahoo!ショッピング、AIがメモから商品提案「AIお買い物メモ」 - Impress Watch,https://news.google.com/rss/articles/CBMiZEFVX3lxTE5VM2Y1ZS1KelJPYTBIdWRIcTlJSTFfQWpVUDZwbW1ja184VzU0UHA2QlJpR0h2NmJxSnZURmNQYzVqTTU2b3dvaU9obFUtY2RvX0hSOE9kT0ctZWotMVV3aXdTU1A?oc=5,"Tue, 23 Jun 2026 07:00:00 GMT",2026-09-07T08:51:38+09:00
GoogleNews:AI　買い物,AI　買い物,AIエージェント「Agent i」の「お買い物」に、写真から商品を探せる「ショッピングレンズ」機能を追加｜LINEヤフー株式会社 - lycorp.co.jp,https://news.google.com/rss/articles/CBMiXEFVX3lxTE83N0c0M3pQcTBiWVpiMEgtVDVBa05WUjF4YjZFT3h6U3c4Rzk3THdUc1Q0d1pfR1ZtcTFoeF9vNEljQnlsd19tWXd5V1RTaG84aXY2RzRab3EzbXNr?oc=5,"Thu, 30 Jul 2026 07:00:00 GMT",2026-09-07T08:51:38+09:00
GoogleNews:AI　買い物,AI　買い物,【９月特集】AI×消費、女性の買い物はどう変わる？ 激変する購買行動、マーケティングの新常識 - ウーマンズラボ,https://news.google.com/rss/articles/CBMiT0FVX3lxTFBEaFlhcDdNRVpxOGFVcm40QjU5RlhmZ0NJSmdvZldTd21lMHFnTlBaeGFRMEJ4R1NmaDhOa0oxanRNRHhxVlRYVkxHbUFsTVU?oc=5,"Wed, 26 Aug 2026 03:22:33 GMT",2026-09-07T08:51:38+09:00
GoogleNews:AI　買い物,AI　買い物,Yahoo!ショッピング、AIが自動で複数の商品を比較し、最適な商品を提案する新機能「AIおまかせ比較」を提供開始 - lycorp.co.jp,https://news.google.com/rss/articles/CBMiXEFVX3lxTE1HZE5iZFFxaUtXOHRTNUxHNFN5UGhIYm9jeG1SaV8xQk5yMHB6dTRSVmlVVHRzZ1ZINU5ZRHljdWdsTnRGZHZMOXZlcnZXVXdQcExTSXFzeDVxZkFF?oc=5,"Wed, 20 May 2026 07:00:00 GMT",2026-09-07T08:51:38+09:00
GoogleNews:AI　買い物,AI　買い物,LINEヤフー、AIエージェント「Agent i」に写真から商品を探せる「ショッピングレンズ」追加 - 日本ネット経済新聞,https://news.google.com/rss/articles/CBMiVkFVX3lxTE14bzlKTUUzcmtHbDJEQ2tlMWY1cTlnck9oU242aFhrMU1hZkRRN295cF85dURRODhObHNFNHc5Z3F6WTNLaGF1WktqVTNWbnYxS1JMenpR?oc=5,"Wed, 19 Aug 2026 03:55:41 GMT",2026-09-07T08:51:38+09:00
GoogleNews:AI　買い物,AI　買い物,「買い物でAI利用」25% 時短や納得感向上 民間調査 - 日本経済新聞,https://news.google.com/rss/articles/CBMibEFVX3lxTE9TZzlxZEMtaENaUEh5WjY5ejJ0a0h3Ql81UGVmZ0VuTXctLUF5cjdtTDdjRDJEbkQ4blVyUFhBUlZZV1U3OE1VMzhfODh3dm5WVENCOXI2QlFuUWNxTjJlMXY4dzgtMFNzREhfdg?oc=5,"Thu, 11 Jun 2026 07:00:00 GMT",2026-09-07T08:51:38+09:00
GoogleNews:AI　買い物,AI　買い物,AIが「買い物代行」するのはまだ先？ AIが「相談相手」として浸透する時代にEC事業者が押さえておくべきポイント - Yahoo!ニュース,https://news.google.com/rss/articles/CBMif0FVX3lxTE5HdGlwY3IwUFZmTkV4Y1ZzY2JEaXhZbmxlczRpZF9nN21LSzJQTlJvSDc1c0VVckREZFpVMHZvak1STlEzcV9xMFRpVEtoWXNHa09seTRZTHNuYTVRMTQ4dW0zVXhIbWMzUjFoUFU5WEZQWHVHdzloMmVpcW5UMXc?oc=5,"Sun, 26 Apr 2026 07:00:00 GMT",2026-09-07T08:51:38+09:00
GoogleNews:AI　買い物,AI　買い物,CloudflareがAIエージェントの安全な買い物を実現する本人確認と決済基盤の提供を発表 - Web担当者Forum,https://news.google.com/rss/articles/CBMiW0FVX3lxTE54ZUhrSEVHWmd6VFFqNEFZRDhiVVlkaDE1N1dpRC1RTXZoOVhXcFAtR3VCdkU0Zmd5anhpLXVhYzMzMHpuT3hpRmlGNmF3QWthRU9FN0V1Ulh6U1U?oc=5,"Thu, 06 Aug 2026 07:00:00 GMT",2026-09-07T08:51:38+09:00
GoogleNews:AI　買い物,AI　買い物,AIが買い物支援、米国で26年5月に提供開始のAmazon「Alexa for Shopping」 - xtech.nikkei.com,https://news.google.com/rss/articles/CBMibEFVX3lxTE9sTjJhY1pvZzNlTmtfdVQ3UHI5VVBSV0lnMTc2cmhHNjNHU2czZnFGWU9MekFINHZIUEQwY3ZTNkRpUktUTXI1QUp2QXZxNy1VWTZiSVN3LXI4T0pIVnFRakpXZUZlemVHdG5GYg?oc=5,"Mon, 17 Aug 2026 07:00:00 GMT",2026-09-07T08:51:38+09:00
GoogleNews:AI　買い物,AI　買い物,Visa、「AIエージェントが本物のECサイトで買い物開始」と発表 - CNET Japan,https://news.google.com/rss/articles/CBMiUkFVX3lxTFBvZmZNd2pPT2lhUjhzU3BubHUxLVVCY1kzdHE1NUJTY3poWmpvOXFuckdwZUtsV3pJQ25LSlk4emh0bnNkc3QtTHlmbVJGUGlSdWc?oc=5,"Fri, 03 Jul 2026 07:00:00 GMT",2026-09-07T08:51:38+09:00
GoogleNews:AI　買い物,AI　買い物,買い物の際に信頼するのは「SNS情報よりも生成AIの回答」、20代では7割が購買時にAI活用 - weekly.ascii.jp,https://news.google.com/rss/articles/CBMiYEFVX3lxTE9jblJLaVdnNXNXM2RXdTNPN2hrQTQ5WnVqYXFCOUVSOUU2R3JBQ1NvY2poUm1UZ1dhS3VhZG5oci1LTk41OGV5MHZvQTVzbFNQbDRWWXRJQURlLWhjNE4yNQ?oc=5,"Sun, 23 Aug 2026 23:00:00 GMT",2026-09-07T08:51:38+09:00
GoogleNews:AI　買い物,AI　買い物,「楽天市場」、AI活用による「楽天スーパーSALE」のお買い物体験を強化 - 楽天グループ株式会社,https://news.google.com/rss/articles/CBMiZkFVX3lxTE13dXhQQzJUSURoZG9kX21xYzhlZk9DQV9hNjlMdXAydy1zNnc0dmxGWThqUlYtaGRLVzlCS2lNVTh3REw1bW9jNFBIQ3JfeUNCbGMydjliLXVLM0ZqWDcyQ3RmejRWUQ?oc=5,"Tue, 02 Jun 2026 07:00:00 GMT",2026-09-07T08:51:38+09:00
GoogleNews:AI　買い物,AI　買い物,買い物にAIを頼る消費者は過半間近 モンデリーズがAIマーケ専任者 - 日経クロストレンド,https://news.google.com/rss/articles/CBMib0FVX3lxTE1OMXh2dGY3eGVRQUs3Q3FjcTFwVlN4LWl0Z0l4dnhCeTNmYlFrUUEwN0lBWTFSZWY1ZmJCZmJSNUd0OVFXQmZNZ0RqSnREeUdKQXIzQ1V5Nm9kSW9oZ1FrengxOFNuck5jakpNUUNpVQ?oc=5,"Thu, 16 Jul 2026 07:00:00 GMT",2026-09-07T08:51:38+09:00
GoogleNews:AI　買い物,AI　買い物,Adyen株が12%急騰、AIショッピングの脅威で加盟店ロイヤルティ強化へ - BigGo ファイナンス,https://news.google.com/rss/articles/CBMidEFVX3lxTFA4bFNGQ2NJVW9ZWUM4WllZblEtSzViSnNMMTRQZncxeUo3OENLQWNaLXJRQ1UtZVg3OFBJZVFkY1ozcmFXZk5mUG9aenVUemVmOWExalNZOXJINGh1N1JrR1E0Skg0SEpZOU9pZE1LaHZYaUFt?oc=5,"Thu, 13 Aug 2026 07:00:00 GMT",2026-09-07T08:51:38+09:00
GoogleNews:AI　買い物,AI　買い物,【エージェンティック・コマース】オンラインの買い物、AIにどこまで委ねる? 購入判断から決済まで完全に任せられると回答した人の割合は - Visa調査 - マイナビニュース,https://news.google.com/rss/articles/CBMiXEFVX3lxTE9KSkJINWJQTlduZUR4Q0Jtemc4WVZkT0hoX1pYQzEwTVhZdHRaLTNMaUdOdXBHb3QyZWxOV0FBYlFfclBkREYxZ1NlR1FxS0YzQlZlT0tBcjRoY1RT?oc=5,"Mon, 17 Aug 2026 07:00:00 GMT",2026-09-07T08:51:38+09:00
GoogleNews:AI　買い物,AI　買い物,Visa、AIエージェントによる「買い物代行」の実取引を欧州で開始 独立加盟店サイトで購入完了 - Ledge.ai,https://news.google.com/rss/articles/CBMifEFVX3lxTE1WeXVLS1JzUkw5OF9pNnUtWVpvVGpqMlFCNElONGJLelZUdlJkQ0JISTBqb3pVcTFTQmtMUDVqQWpXaTloRWhtMmJyZWZieEVrUEtSSXBWa0RpTVBmeUZKV2VScThKVmdpUlZzUmROQ1pqUWVneFUxUFEtQ24?oc=5,"Sun, 05 Jul 2026 00:10:17 GMT",2026-09-07T08:51:38+09:00
GoogleNews:AI　買い物,AI　買い物,食料品チェーンが自社 AIアシスタント に広告導入。買い物支援ツールの勝算は？ - DIGIDAY［日本版］,https://news.google.com/rss/articles/CBMiiAFBVV95cUxPb24wMUx6WkI3UG5OVEdRWFpFRGJVU3FCRlB5LVhSM2ZuNzktVzF1UHJ5d2NoX3JWMFFfUGFDMVdSeW9HaWpwQWxjYUl1MkQ2THdKWEp4cWtMRXY4MW5yZko3ZUdWelNqZFNSWXZUZ3dqTTYwbF9LNHF6WTFwY0xhdG44TTRQQVY4?oc=5,"Fri, 14 Aug 2026 07:00:00 GMT",2026-09-07T08:51:38+09:00
GoogleNews:AI　買い物,AI　買い物,AI利用者の3割以上が「買い物」でAIに相談…旅行・金融商品で上昇傾向 - 通販通信ECMO,https://news.google.com/rss/articles/CBMiVkFVX3lxTFBoc3ZwMDc2dTNCVWpldThRWXF1UE9yLXZSTmVyN2sxZEJYN2lNaTZZV0U3VlZfT1ozLWRlRFdIaklNaHdIREpNX3JPMjFtbVBJUi1qRTRn?oc=5,"Fri, 24 Jul 2026 07:00:00 GMT",2026-09-07T08:51:38+09:00
GoogleNews:SNS　買い物,SNS　買い物,物価高×情報過多で、子育て世帯の買い物は「二段構え」に。SNSで絞り、リアルで決める新しい購買行動。体験後、約9割が購買へ | 株式会社エンファムのプレスリリース - PR TIMES,https://news.google.com/rss/articles/CBMiakFVX3lxTE9sTHpVcTJ1V2ZKYkNqRkJQZGVyMWN1Q09tMDBrdDdhOGM4SGNhSEloUWo0UlE0UGlqa1VVNnRPZmxmalFmNDFSVmJLT21HdUZsMFdKaGhKY2RPVU5ONzF2cTJmQ3RNd0lkT0E?oc=5,"Thu, 20 Aug 2026 07:00:00 GMT",2026-09-07T08:51:43+09:00
GoogleNews:SNS　買い物,SNS　買い物,人生最大の買い物なのに……なぜSNSで中古マンションを買う人が増えているのか（1/5 ページ） - ITmedia,https://news.google.com/rss/articles/CBMickFVX3lxTFBlTk9xQ0JWRXdpVXE3NFJMd1RRNUc0aTlleGh3dTRfV1h6ek9paVFVbmltbXdYX0dkWFRpS1BsZ29ycDVITWFLNlpIU2d3bUo0aW41QjU1MUlEeVRGN0tHaEVOVmJGOWRCUFhzUThTMDkzUQ?oc=5,"Thu, 23 Jul 2026 07:00:00 GMT",2026-09-07T08:51:43+09:00
GoogleNews:SNS　買い物,SNS　買い物,Z世代の買い物の起点、検索エンジンからSNSへ 「#PRがつくと参考にしない」は13.2%とどまる - AMP[アンプ],https://news.google.com/rss/articles/CBMiVkFVX3lxTE5uUEV5dGkzMzVJdVA4SHdhN3V3LXl1aUN6Z09CT2k2OU4xRVQ1RkdNYjU3VHJWZW9sWGFtSDNCckJ4aHR2SXpzLXh6ejV5eEluZjVWbEdn?oc=5,"Tue, 18 Aug 2026 07:00:00 GMT",2026-09-07T08:51:43+09:00
GoogleNews:SNS　買い物,SNS　買い物,「武器輸出にNO」 母の日に大企業商品買い控え SNSで拡散 - 毎日新聞,https://news.google.com/rss/articles/CBMiaEFVX3lxTE80R191RVhYOW9BajJ1RFBldGkxZ2NxOHlETHlZMThneGhJMW1tejY2RHlaX0QzUFhJdExvRkt0SVQzRVN4LWNmYkpPMFVRLVFoa0FraTVzQXA4SGNKNlFyRjdwVFZCT081?oc=5,"Sat, 09 May 2026 07:00:00 GMT",2026-09-07T08:51:43+09:00
GoogleNews:SNS　買い物,SNS　買い物,Z世代の買い物の起点、SNS4媒体の合計45.2%が検索エンジン33.6%を逆転。「#PRがつくと参考にしない」はわずか13.2%【TaTap SNS調査】 - Infoseek,https://news.google.com/rss/articles/CBMickFVX3lxTE9NcDRHMUpDSmRhdnhhc1pPSjdBZ0Y4ODdiTThVejFubERlQlk4NDdIYnBzWFNjX2F1d0EwdGp0UG5MOENzWVNNeGU2VC0zVk9JVkNBd0dZV0FyN01nVjBUcHZLVVFJVE4tdGlYeWZVbmh0QQ?oc=5,"Wed, 19 Aug 2026 07:00:00 GMT",2026-09-07T08:51:43+09:00
GoogleNews:SNS　買い物,SNS　買い物,人生最大の買い物なのに……なぜSNSで中古マンションを買う人が増えているのか (ITmedia ビジネスオンライン) - newspicks.com,https://news.google.com/rss/articles/CBMijwFBVV95cUxOWlc4c1BmZ2FwbFVKUktUeXRBdnlqQ2dBeTNTOWJIbElOY1JjUXNiaDYyaU1ZNEtqQTFWNzRWTUVwQmVfckNpaFNWeWRZcVZYNHVyNEhfMC1lcnNXUDlhSXloamE3dzluMEVrOGNLMldLbEM1d0YtSWZiRXk4R0F6dGE5Q2d1bzJVY3Z2VTlxMA?oc=5,"Wed, 22 Jul 2026 07:00:00 GMT",2026-09-07T08:51:43+09:00
GoogleNews:SNS　買い物,SNS　買い物,Yahoo!ショッピング、SNSを通じて誰でも気軽に始められる「Yahoo!ショッピングアフィリエイト」の提供を開始 - lycorp.co.jp,https://news.google.com/rss/articles/CBMiXEFVX3lxTFBkQWZKZVBxdjd6VkpOdGFRZzZqWk1jSG1HV0dMSDRQUTVQX2hIQXpMQlk5MU1CN2dfQUtpSnRnejhFX1FKU3FxbjBVTGQyd0lfekZVaVo4emIwUDJM?oc=5,"Mon, 26 Jan 2026 08:00:00 GMT",2026-09-07T08:51:43+09:00
GoogleNews:SNS　買い物,SNS　買い物,Yahoo!ショッピングでSNSを活用した新機能「Yahoo!ショッピングアフィリエイト」 - ケータイ Watch,https://news.google.com/rss/articles/CBMiZ0FVX3lxTE50dzFZdGN3RzcyT1hBY3BHdGJxYlZ4Y09fak1GMndsUlh3a2J2MHFXVnFuMko3UGhXVzBQVzJsbWhIUElwelZxaE16bG1xOWNsNVg4Qm9HVThJYUlRRjZfZFhhWUtKTms?oc=5,"Mon, 26 Jan 2026 08:00:00 GMT",2026-09-07T08:51:43+09:00
GoogleNews:SNS　買い物,SNS　買い物,ブラックフライデーが映し出す「デジタル社会での買い物」― SNSとAIが変える消費行動の構造（佐藤仁） - エキスパート - Yahoo!ニュース,https://news.google.com/rss/articles/CBMiiAFBVV95cUxOMkh0RWl6RkdMM2wtNENlRzgtMlZhbUJpSFlHQ0JUODNJd1ZPYm4wRm5PN0VqbnZUSUhWekxyY0ZRSWc0cmpaQUh3SmwwUlZic0pDc2ZDekhHMngzdXFjZE5zR2wwMVlYeFIyUTR0T2tRX1E4Zk1VSU1jd0lHclpNYWJlZi1HTEZD?oc=5,"Sun, 30 Nov 2025 08:00:00 GMT",2026-09-07T08:51:43+09:00
GoogleNews:SNS　買い物,SNS　買い物,ヴィレヴァンSNSフォローでお得にお買い物しちゃぉぅぜ！！ - ヴィレッジヴァンガード,https://news.google.com/rss/articles/CBMiWEFVX3lxTFBjTV9uUnpBakZtODY0UDRYSHZUODRpTi05bzJob0ltR196V3lMMnQ4cWp4dXRmekRMNmJTbVlxY3dnVHBWVl9OUFVrb0lXdUp3NUhHeG5RSXk?oc=5,"Thu, 25 Dec 2025 17:34:07 GMT",2026-09-07T08:51:43+09:00
GoogleNews:SNS　買い物,SNS　買い物,Yahoo!ショッピング、アフィリエイトサービス提供 SNSで誰でも手軽に報酬獲得できる - 日本ネット経済新聞,https://news.google.com/rss/articles/CBMiVkFVX3lxTE1rNE5NTEwzUkdiZ1NuemtwSUhuUzRBYTBuY3dtZmRGSlU3Y3BTbTZoNUc4clItN0Q4dDhfUjlYQ3U5Q3Jmam1vOFpybm5UMHM1UC1lR3Vn?oc=5,"Tue, 27 Jan 2026 04:02:22 GMT",2026-09-07T08:51:43+09:00
GoogleNews:SNS　買い物,SNS　買い物,7人家族・辻希美、コストコで“爆買い” 買い物シーンにSNS「気持ちいい！」「どんどんカゴに入ってく」 - オリコンニュース,https://news.google.com/rss/articles/CBMiVkFVX3lxTE9BamhtdUdxdE1pemhweUdRTVJ0SHhHZE93TGMwekthc25nNmhHTmNxSi1YUVJwYmxoZzRsMk84cVBuanZMTnIzTDZUZ01wQlE1QTU1MFdn?oc=5,"Tue, 19 May 2026 07:00:00 GMT",2026-09-07T08:51:43+09:00
GoogleNews:SNS　買い物,SNS　買い物,ノース・ウェスト12歳、顔ピアス風メイク＆ド派手ウィッグで買い物へ「大人びすぎ」SNSで賛否 - ELLEgirl,https://news.google.com/rss/articles/CBMiiAFBVV95cUxOMzdLeUpKLVFVQ2s4aEswSVZaQ01HWlo1ZjNDY1Q4SUF3clJmZzQ5dVV5RDZBSDV5OTE5bjczYS1NS3dZblBnT2pSRVJWNU9nOHo1VlY0MmZfZkZNZWg5cTlUMjdTcDFmdlZKUmdlT1VZQjJoQWc2OGd2RlJFTWhLVnQ2cWJuQ0NB?oc=5,"Thu, 19 Feb 2026 08:00:00 GMT",2026-09-07T08:51:43+09:00
GoogleNews:SNS　買い物,SNS　買い物,買い物不要、店内で涼んで 県内コンビニの張り紙 SNSで話題 優しさ巡り 今年の夏も ／新潟 - 毎日新聞,https://news.google.com/rss/articles/CBMiaEFVX3lxTE9yTFQxYW1FMTdEN3g2MnBCa21pMElWLVFaVFNjeGxWM3pYMFREa1I3cC12UGRfWlIyU2gxR3Z0eHVRdm9YZkZsYXNuSzJ2N1d1YkNBcUkwdVdhbHlVeDhpelFvOHdrV2Na?oc=5,"Sun, 07 Jun 2026 07:00:00 GMT",2026-09-07T08:51:43+09:00
GoogleNews:SNS　買い物,SNS　買い物,LINEヤフー、「Yahoo!ショッピングアフィリエイト」を刷新。SNS経由の集客・取扱高拡大を促進 - ネットショップ担当者フォーラム,https://news.google.com/rss/articles/CBMiXEFVX3lxTE1taTkzdGZDNkVOVUJzX0FidlA1a3dQd1pwMVA4eGtNZ291blQwa2VhWFZJSWUtQVFiOTEzemxfRFRvYnUzcVhjODZtZkdVSzlGNjJsaGwwd2xNWHNm?oc=5,"Wed, 28 Jan 2026 08:00:00 GMT",2026-09-07T08:51:43+09:00
GoogleNews:SNS　買い物,SNS　買い物,Yahoo!ショッピングアフィリエイト刷新 SNS流入にテコ入れ - Impress Watch,https://news.google.com/rss/articles/CBMiZEFVX3lxTE1fekpQTDhBX2NGZG9JS1BCZUhPcDk3ZHpSd3puT29zZkE1QjR6YS00WTFRTGlOLUdPTmNsZnFkMnZLa3J0STU4dlJVdDIwX3FSanNHaEZQRURlSlJnejlUVGtGNlQ?oc=5,"Mon, 26 Jan 2026 08:00:00 GMT",2026-09-07T08:51:43+09:00
GoogleNews:SNS　買い物,SNS　買い物,CookGo／SNSで見たレシピ、もう探さない。AIレシピアプリ「CookGo」、新たに「献立自動作成」「買い物リスト」機能を追加 - Newscast.jp,https://news.google.com/rss/articles/CBMiR0FVX3lxTFA1cUpLaVZUOWdlNVdpM2dSVnFUTkVhVFFGNkE4X21YVXdNNTRLLU5EcVJBRlcwWGZ6NC15M3h3YVZVcF9hQzdR?oc=5,"Thu, 14 May 2026 07:00:00 GMT",2026-09-07T08:51:43+09:00
GoogleNews:SNS　買い物,SNS　買い物,Faker「間違えて買いました」―“なにか深い意味が？”とSNSで話題を呼んだ「謎の買い物」、ミスだったことを正直に告白【LCK】 - FISTBUMP,https://news.google.com/rss/articles/CBMiY0FVX3lxTFBZbldKRWpfT0x3NUNsZU1xQkl4Wm1YQmdKUjgxbU9FSzJpRF9ZN2pLNFE0Q00xYWxtZjJUbUpBM2ZHSkQ4cU5iLUlybERkUXZVenlZSjZDckFMMTZOejVXR3hzUQ?oc=5,"Mon, 02 Feb 2026 08:00:00 GMT",2026-09-07T08:51:43+09:00
GoogleNews:SNS　買い物,SNS　買い物,【コストコ】遂にコストコが店内撮影OKに！SNSへの掲載も歓迎（コストコ好き主婦 みんご） - エキスパート - Yahoo!ニュース,https://news.google.com/rss/articles/CBMiiAFBVV95cUxOeXpLd1ZLUlFDQ2plSWRDdUw0ZVdUZXhFdlZOcENId05TWW56RThhaEJGakczOG5FWlY4SFUwR09HTnQzcU5kVFlOcFU4ai0xWHdSUWlPZmRTeC1BaWxkZkI4NlQ2bEQ5X0ZFTnVwQi1zVEk4dzY2M3VKa2RaVHBPUXRfa0cyM3g0?oc=5,"Tue, 06 Jan 2026 08:00:00 GMT",2026-09-07T08:51:43+09:00
GoogleNews:SNS　買い物,SNS　買い物,三井ショッピングパーク アーバン・RAYARD対象施設でスタンプラリーやSNSキャンペーン - マイナビニュース,https://news.google.com/rss/articles/CBMiXEFVX3lxTE56LU5wRVlsVFhsaWlJeUZMUDRsYTU0TG42ZF8zQ3BuU1VBU1QwZENVaW1QdVFUTWZmMmJucl9iSzZLTDBZRVR0RFNNODNSSzd3TWx0VTl3TUM3WW45?oc=5,"Wed, 11 Mar 2026 07:00:00 GMT",2026-09-07T08:51:43+09:00
GoogleNews:SNS　買い物,SNS　買い物,ショッピングモールを現実版バトルロイヤルのフィールドにするARゲームが中国SNSで注目されている - GIGAZINE,https://news.google.com/rss/articles/CBMicEFVX3lxTE1UcVpNTWlEQnVtVl81b0l6MVY5aWdSVUFaX3Yxc0V0N1FvYU9zdFdmV09xc3dYTGVFODgyWlBoWXZ0bzlQczJSSDFrNUU0RjNXQ1VBb1QzTEhfSWpGUk14VHVybWtJS0pmR1dPRHZUX2c?oc=5,"Wed, 06 May 2026 07:00:00 GMT",2026-09-07T08:51:43+09:00
GoogleNews:SNS　買い物,SNS　買い物,【みついショッピングパーク キッズクラブ】“かわいい×ミステリー”SNSで話題『うそ探偵トマント』公式キャラクターに就任！ - PR TIMES,https://news.google.com/rss/articles/CBMiakFVX3lxTE1rcGNCeDJ3dU5jQ3NlSTFmeXR4RGJRcEIwOHdXX0ZSbjJQZHJBTDlUdVltaGtab0tyb1VUajNjTmhjVnNsTE91cUtZZE9WR1pJS0ZRaXhxS2RHMUtrMzFuWENWREpPbHJnbkE?oc=5,"Wed, 01 Oct 2025 07:00:00 GMT",2026-09-07T08:51:43+09:00
GoogleNews:SNS　買い物,SNS　買い物,ヘブンに買い物を頼まれたトキ、その奮闘にＳＮＳ爆笑「完全にモノボケ」 - Lmaga.jp,https://news.google.com/rss/articles/CBMiU0FVX3lxTE5lRktjYlVsYUJhRDBMTUVrQXUtelFuNEdZWGJ4ZzVscUVqbTdhM1k0eHhEZENoWkx6R3JnWVFvN3hDLVhVVmN5MmVhYzNZbVgyZWNz?oc=5,"Mon, 17 Nov 2025 08:00:00 GMT",2026-09-07T08:51:43+09:00
GoogleNews:SNS　買い物,SNS　買い物,SNSきっかけの買い物、「インフルエンサーから影響」が最多に 20代の6割近くは「商品知って1週間以内に購入」 - AMP[アンプ],https://news.google.com/rss/articles/CBMiXkFVX3lxTE5DRW40OVRvb1V2ZHRhaXZQa2YtNlZEZmZQZXNzTUJDMGg0N0E4d1dBam1CRi1JLVlJbzlhSUY1LWpUTHBhMmFyUkU1QkVvbjhTZkZYMWEzUUZUVmZZekE?oc=5,"Wed, 20 Aug 2025 07:00:00 GMT",2026-09-07T08:51:43+09:00
GoogleNews:SNS　買い物,SNS　買い物,Z世代の「買い物は投票」ってどういう意味？ SNSを駆使した購買行動 - adv.asahi.com,https://news.google.com/rss/articles/CBMiWkFVX3lxTE8tZXBadDRDR1hTNEVxc2xHWlVEckhZRloxTEVkOGlrMmdKX3VMN2VZNW9LeElqeFJUOXF4R1NMLTRHQ3dCclVCYUVycUNMNEtpeUpxQlMyOHBOZw?oc=5,"Wed, 09 Aug 2023 07:00:00 GMT",2026-09-07T08:51:43+09:00
GoogleNews:SNS　買い物,SNS　買い物,SNSやショッピングサイトの不正ログインに関する相談が増加中！ IPAが注意喚起 - INTERNET Watch,https://news.google.com/rss/articles/CBMia0FVX3lxTE13TUNibFl2Ul9hb092RVdKZ3FtSS1oa0F2NVJ6TVJsQVZ2ZHVzQUsyUVl4MzJBdVBsSkxpZUh6YldPYzlPTFd3NUUwa0tqOG9aejQ1WjlKQ2FOV3VxRGtXZFhlVUI2aG1JVnFz?oc=5,"Fri, 29 Aug 2025 07:00:00 GMT",2026-09-07T08:51:43+09:00
GoogleNews:SNS　買い物,SNS　買い物,若者のSNSを活用したオンラインショッピングの新常識 - forbesjapan.com,https://news.google.com/rss/articles/CBMiWEFVX3lxTE1CZ2ZsT2xxLU8zcXVLVm1tbGNjdk1HaTVwQkdiV2FFcWNlaW5MSnRPUTZIdDkzZjBMa2xMQXV1ZFNQWUc5cmtKMGVTQXc4T0E4bi0wcUcwVUk?oc=5,"Fri, 12 Jul 2024 07:00:00 GMT",2026-09-07T08:51:43+09:00
GoogleNews:SNS　買い物,SNS　買い物,Z世代は選ばない 買い物はSNSの「お薦め」 - 日本経済新聞,https://news.google.com/rss/articles/CBMibEFVX3lxTFBWdm9tWXhCemtzNkZGb040RHhialZPZHo1bTFZU0pnZnkxb1d2YWFiUmMtWUhCMHNibW83MnNMaG83d3J6YXN2Vk9ibnZYcFRERmtaNnF4Q3hZVDkxcXk4UTlQelRiSm5Lb2tvVw?oc=5,"Sun, 16 May 2021 07:00:00 GMT",2026-09-07T08:51:43+09:00
GoogleNews:SNS　買い物,SNS　買い物,【Z世代の買い物事情】InstagramなどのSNSをきっかけに購買…？ - LIMO | くらしとお金の経済メディア,https://news.google.com/rss/articles/CBMiS0FVX3lxTE90anFHamFtT1VsdkFuTF95RHBRMjltYjRtSU5kNl9kWm5CNE1RNlEzRVpLUVFCU2E5SGxCcEZfeDgzS0tjYU1sQ0VXYw?oc=5,"Sat, 08 Mar 2025 08:00:00 GMT",2026-09-07T08:51:43+09:00
GoogleNews:SNS　買い物,SNS　買い物,"SNSで大人気""べじまる""の「レジカゴぴったり」ショッピングバッグが登場！ - （株）Gakken公式ブログ",https://news.google.com/rss/articles/CBMiXEFVX3lxTE5Ba1Bnb29mdy1wQ0s2WERnaTdaTktPSURKWnQwbE1PUnV3MXkwcm5qZEpHT1c4UU55SFZjemRLWnVfNXphN1djVWxvQ1Z6TEtlNmlBa2tHSFR1cE1C?oc=5,"Thu, 13 Mar 2025 07:00:00 GMT",2026-09-07T08:51:43+09:00
GoogleNews:SNS　買い物,SNS　買い物,【2024年オンライン消費者実態調査】ネットショッピングの情報収集に最も使われるSNSは67% でYoutube - 共同通信PRワイヤー,https://news.google.com/rss/articles/CBMiW0FVX3lxTE1rLUdySnpTcGIwdlQyQjZVOERZYTBtT0owdnc4YWd5b3VlVmhNZlFvVXdRNTJBOXo0cVhJN2VleUJ4c0JhQk1kc25SWG11b2I2UGpnLVY4STIwZTA?oc=5,"Thu, 04 Jul 2024 07:00:00 GMT",2026-09-07T08:51:43+09:00
GoogleNews:SNS　買い物,SNS　買い物,【Z世代調査】よく使うSNSは？ショッピングなどSNS利用目的は？買い物に対する意識や行動は？ - ネットショップ担当者フォーラム,https://news.google.com/rss/articles/CBMiUEFVX3lxTFBjcU9rYkt1Rk9DeDlkcXpHRkVHVWpvOVpwOWEtVTV2aWFFeTlQaWQ5R19sUnVtZ2Q0dHNoVVlKOGlwZVpZZDJhaENCUHkzS2tJ?oc=5,"Thu, 20 Jan 2022 08:00:00 GMT",2026-09-07T08:51:43+09:00
GoogleNews:SNS　買い物,SNS　買い物,"SNS で大人気""べじまる""の「レジカゴぴったり」ショッピングバッグが発売！ - （株）Gakken公式ブログ",https://news.google.com/rss/articles/CBMiXEFVX3lxTE9qcmRPQVV5M1htMTZIRllBVDMwLTh5Vl9vZFJOVmxQMkxxaklPU2ltNzJtTDVfWk8zVGNGdFA2ejRQcHY1cmFXV2tFNWI0S2t0bmx6WlJCZXR6Y0lQ?oc=5,"Fri, 04 Apr 2025 07:00:00 GMT",2026-09-07T08:51:43+09:00
GoogleNews:SNS　買い物,SNS　買い物,SNS、投資サギかも 門別署と町、富川高合同 買い物客に被害防止啓発【日高】 - 北海道ニュースリンク,https://news.google.com/rss/articles/CBMiTEFVX3lxTE5vcTNOZHYzQkJMajZqSV93engwZ0J4Ui00U3J2cXpVQUQ0Y2twd1J0UjBWcWw5cWozQU5GUHNxVGpBcXZEb1hFTm1qeVU?oc=5,"Mon, 21 Oct 2024 07:00:00 GMT",2026-09-07T08:51:43+09:00
GoogleNews:SNS　買い物,SNS　買い物,買い物メディア「your SELECT.」公式SNSのショート動画が累計1億回再生を突破！本格運用開始から1年で総フォロワー数も13万超 | 株式会社キュービックのプレスリリース - PR TIMES,https://news.google.com/rss/articles/CBMiakFVX3lxTE5hNkNHYk9oeFBhSjZXTTlyNktQQzA3MmdKSzk3WE9vTlctcXpDb0FTVUhBZEowb0JLTkZtbEY5OF83ZTlQdHFOenV0elkxZDd5aWVtTjBVMUpkaGJjeTlfU3B4Z25HX0RaSVE?oc=5,"Tue, 03 Sep 2024 07:00:00 GMT",2026-09-07T08:51:43+09:00
GoogleNews:SNS　買い物,SNS　買い物,Z世代が「いい買い物をした」商品との出会いでSNSが急増、店舗での遭遇率は低下も、購入は店舗がトップ - トラベルボイス,https://news.google.com/rss/articles/CBMiVEFVX3lxTFBaUDV0cTFubWxBTktxbjk3NkpNTERhRV9iTzdYMHhuczlqbnlCMlo4Y1lrRTRaQ2hSY2VKVEkya2pscUNhTWxsbUFpb0wtY3c1bEZrTQ?oc=5,"Mon, 07 Mar 2022 08:00:00 GMT",2026-09-07T08:51:43+09:00
GoogleNews:SNS　買い物,SNS　買い物,がん治療研究を応援 SNS投稿や買い物で／Support cancer treatment research through socialnet posts and shopping. - TOKYO MX,https://news.google.com/rss/articles/CBMib0FVX3lxTE5lTk9MZEhPaW40SnZUUjUydHZuM1VjQ3YtcDM0OHIwbkZ4OThfeXR0TlFqaXRSbS10Z3hpWE5qcDZNN0xWY1FQb2NwVVcxR0xkeXBXNG1fSHNqaC1URHVLcnpLVHZ6MHJVaWZtVTMtSdIBakFVX3lxTE4yT2NKLXlrN3pyaWZKMXNXM0lSV1VUX2tpS2JrSTZ1LXhzZThBNXhYamJNNC10X2RSN2xrSy16dUhzOXZ6YUdKSmlNVlBybmtzR285ckdsYkhZY3YwbDZkYzBqU2I5SE1XeUE?oc=5,"Mon, 02 Sep 2024 07:00:00 GMT",2026-09-07T08:51:43+09:00
GoogleNews:SNS　買い物,SNS　買い物,オンラインと店頭の架け橋になるのはSNSコンテンツ 買い物の効率化と楽しさが両立する店頭販促が鍵 - 宣伝会議,https://news.google.com/rss/articles/CBMickFVX3lxTE1lbm1Lb0l5WTN0UTVUalJaa0pSaXVBM2tiZXNlenExRzJlalM1Q2hYZllBWmJWWVdtYnRKa2Jib3I5ZFE2V1oyUzJWeENaUXFRSDZvQUdEOEZTczhWWHpTTmpzQVlCeE1NbEt2QldMT1NUZw?oc=5,"Tue, 28 Jan 2025 08:00:00 GMT",2026-09-07T08:51:43+09:00
GoogleNews:SNS　買い物,SNS　買い物,オンラインAI 接客×SNSチャットでECの買い物体験が向上 Appier (エイピア) とピアラが手がけるサービスとは？ - ECのミカタ,https://news.google.com/rss/articles/CBMiVkFVX3lxTFBSaXlpU191cklKZER5bzhZT292MDBISVR5MWxpdEhPV2xpUWVWYm5teEpYWGxVbHFoMXZybktCZnNWM0ZSTzQ3bjFINW5XeVBMYnFkMlRR?oc=5,"Wed, 10 Aug 2022 07:00:00 GMT",2026-09-07T08:51:43+09:00
GoogleNews:SNS　買い物,SNS　買い物,【SNSで話題沸騰】丸くてかわいい野菜の妖精“べじまる”初の公式BOOK！「レジカゴぴったり」のショッピングバッグに描き下ろし漫画10話掲載のミニブックも付いてくる！ | 株式会社 学研ホールディングスのプレスリリース - PR TIMES,https://news.google.com/rss/articles/CBMiakFVX3lxTFA1MGIzMm5QeUJBUlRCcWZCMm45Y1FjSUhTRkczS3lkNmdldGVoaWNHRXhTampDY21IMjhmN0prRjY4WTEyZDBOZHZaYlZuWkdJbmRPRXVCVlk4Vm0xeW81cW5jcUJMQ3hlRnc?oc=5,"Fri, 07 Feb 2025 08:00:00 GMT",2026-09-07T08:51:43+09:00
GoogleNews:SNS　買い物,SNS　買い物,「買い物依存症」「SNS依存症」 “止メラレナイ”はあなたの身近にも潜んでいるかも…？ - abc-magazine.asahi.co.jp,https://news.google.com/rss/articles/CBMiV0FVX3lxTFBHR1lPbktfT0F0WUh0NTNpRER4X2t1bUdIczJEZFoyTWlhMlR2MVc2RDhCTjAzVE91QzJkN29vQkstN3gzcm9mRk91NGs5MzhxSVltMWZ0aw?oc=5,"Tue, 30 Apr 2024 07:00:00 GMT",2026-09-07T08:51:43+09:00
GoogleNews:SNS　買い物,SNS　買い物,｢買い物依存｣｢SNS｣｢お酒｣うつが悪化するNG行為 しがみついてしまうことで良くない状態になる - 東洋経済オンライン,https://news.google.com/rss/articles/CBMiUkFVX3lxTE5vaXdzYl9aMUtnbVJxLXJXVUJVVkc0dWoySkNncWFaQWpTY1ZMSzVQUU1vT3ZmYW1CUlJYMFdmXzBDQ3NCbjBoWlJ4a1RZdGZOaUE?oc=5,"Tue, 18 Oct 2022 07:00:00 GMT",2026-09-07T08:51:43+09:00
GoogleNews:SNS　買い物,SNS　買い物,「絶対失敗したくない」大学生の買い物はSNS至上主義「公式信頼できない」 - 高校生新聞,https://news.google.com/rss/articles/CBMiW0FVX3lxTFBDeEgtNFprd3k4NjJRcWRQdlo4YVZhZGNuRHRtNnh5QUNWMmthSm9MYmpNRUtUbXpGazI2TjRibkdGUXRkUGN0QjhqSE5KYTVISW5ZLWJyZ3ZLaHc?oc=5,"Thu, 09 Jun 2022 07:00:00 GMT",2026-09-07T08:51:43+09:00
GoogleNews:SNS　買い物,SNS　買い物,悪質なショッピングサイトやSNSを利用した詐欺にご注意ください - paypay.ne.jp,https://news.google.com/rss/articles/CBMiVEFVX3lxTFAyclBWUTk4Nm1ITFZidkhrNUVKWTFfZFdoOXFMako1aC1UME9Ib2U3Njk5b3BWY1pYcFBTUGNDNzJIRy1qZ1ZYR3FmNUV1SG1Fc2U4Qw?oc=5,"Mon, 16 Dec 2024 08:00:00 GMT",2026-09-07T08:51:43+09:00
GoogleNews:SNS　買い物,SNS　買い物,スーパー利用者9万人に聞いたお買い物に関する調査 - 株式会社ロイヤリティマーケティング,https://news.google.com/rss/articles/CBMiTkFVX3lxTE5oV3cxYmdxbHFJckp1TXJwS0NBSUFQVGhOd1lCYXdYYzZNRmZTVGFDbGtaTTBBOXNPeEhxSDZmaXJENjN0dkZSOWdHSTJ5dw?oc=5,"Wed, 31 Aug 2022 07:00:00 GMT",2026-09-07T08:51:43+09:00
GoogleNews:SNS　買い物,SNS　買い物,PayPay、悪質なショッピングサイトやSNSを利用した詐欺に関する注意喚起 - ECのミカタ,https://news.google.com/rss/articles/CBMiV0FVX3lxTE1jREsxVDJMM0xoaUNjRU1DRHRYajdlMjBtYkVKYkpIdVVyUHhxQWJwdWh2RG1KVE1FNS1PUURPbVVkTDR1TlVwUTlCR0lodTU1X0xIcTJkcw?oc=5,"Tue, 17 Dec 2024 08:00:00 GMT",2026-09-07T08:51:43+09:00
GoogleNews:SNS　買い物,SNS　買い物,PayPay、悪質なショッピングサイトやSNSを利用した詐欺に注意呼びかけ - ケータイ Watch,https://news.google.com/rss/articles/CBMiZ0FVX3lxTE1MSS1MY1RqRFhfVm9mdkg0bHMyQzNCNDB4MExvRExfZ1VhS3JtM3ZDVlNnelFmd1ptTVh1Y2c2bHlmRk5PVkdRb0taYlFYUElqbi1EWUFQZVJXZUZDYV9Bc1I1RHNiOGM?oc=5,"Tue, 17 Dec 2024 08:00:00 GMT",2026-09-07T08:51:43+09:00
GoogleNews:SNS　買い物,SNS　買い物,プリン出店者 会場を変え販売 SNS通じて買い物客 佐賀バルーンフェスタ出店ブース中止で | 行政・社会 | 佐賀県のニュース - 佐賀新聞,https://news.google.com/rss/articles/CBMiVkFVX3lxTE9oSk5qVzFzTzdDNDhFMlRmVXN4RUxoVEhGNHk5bnZWcjE4UHpTamhtYk9Ka3NvSkVGbXF2LXJ5T0tnWm5IbF9QekNRcUFJczBfb2Jla0t3?oc=5,"Sat, 02 Nov 2024 07:00:00 GMT",2026-09-07T08:51:43+09:00
GoogleNews:SNS　買い物,SNS　買い物,買い物メディア「your SELECT.」公式SNSでの動画総再生数1億回突破を記念して紹介したアイテムの中から、いいね数が多かったアイテムBest5をプレゼント！ - PR TIMES,https://news.google.com/rss/articles/CBMiakFVX3lxTFBUWVZ2b2hIcGMwdW9jaVRyY2s3ZFk5ZUhPVnFmdGRvN25WM2lLWUFxTEhKaWtSNnUxNWJGM3o3UmQ0Y1diZHFGWUF4TXI0ckExVWxteTc1NW54bUg0bUxGWWl2RVlTTjVOQmc?oc=5,"Tue, 03 Dec 2024 08:00:00 GMT",2026-09-07T08:51:43+09:00
GoogleNews:SNS　買い物,SNS　買い物,【Z世代の買い物事情】InstagramなどのSNSをきっかけに購買…？ - LIMO | くらしとお金の経済メディア,https://news.google.com/rss/articles/CBMiVkFVX3lxTE51ekd2bE9DdDF0R3JOczctX28xVzZTdE5DSTlvbm5ISGxkQ1B3RVJWcjZScUNySlFKY1pla3dvM01temVoZy1yeWtRdlhSeENoS1d1ZFdn?oc=5,"Sat, 08 Mar 2025 08:00:00 GMT",2026-09-07T08:51:43+09:00
GoogleNews:SNS　買い物,SNS　買い物,｢買い物依存｣｢SNS｣｢お酒｣うつが悪化するNG行為 しがみついてしまうことで良くない状態になる - 東洋経済オンライン,https://news.google.com/rss/articles/CBMiX0FVX3lxTE0yMVl0eDlnOTVjOEgyM1lueGxIZkJVSFFoOWpQSk1ONmk1R2tocjFFbk1tV3ZzN0tNVTlNVkI2bllWYU5kdXc4em82V2RwWXFTQWVnX1VVUWx5OFV1d1gw?oc=5,"Tue, 18 Oct 2022 07:00:00 GMT",2026-09-07T08:51:43+09:00
GoogleNews:SNS　買い物,SNS　買い物,そこでは昼ドラ並みのマウント合戦が!? SNSで高級ブランド品を投稿するハッシュタグと出会い…／夫に内緒の買い物日記 - ダ・ヴィンチWeb,https://news.google.com/rss/articles/CBMiT0FVX3lxTFBCSjVEaG9PcTlYRF9uUG5sWEdzNHNYai11anctVF9acDhfdkVHSTE3ckFITXI5SVhXR3BBdUlvNDNaMEpMbFZVWEtZdUNSSjg?oc=5,"Sat, 19 Aug 2023 07:00:00 GMT",2026-09-07T08:51:43+09:00
GoogleNews:SNS　買い物,SNS　買い物,"いいね！で買い物ができるSNS『Pocolo（ポコロ）』が、YouTuberの""JJコンビ""や""関根りさ""参画のVC『iFund』と資本業務提携。""お金で買えない体験""をいいね！で買える新機能リリース - PR TIMES",https://news.google.com/rss/articles/CBMiakFVX3lxTE5xY0tndG9SN2FHWTUxUUZUdG5RYTdiRV9mbWVPTTRxeTlsZ1VXWllrQzRWTDk1eW5wVnNFSzBvTHQwM0JlOTR2elEySXZVZWEzeG9Id0VTSnNxNmpKcVFyVFZNaG5SeTh2SUE?oc=5,"Mon, 30 Nov 2020 08:00:00 GMT",2026-09-07T08:51:43+09:00
GoogleNews:SNS　買い物,SNS　買い物,「買い物しない金曜日」がSNSで拡散。2月28日限定の不買運動でアメリカの消費者が求めるものとは - ハフポスト,https://news.google.com/rss/articles/CBMieEFVX3lxTE1pa1FrWVRQQy1vVXFPMEoyZVVxZkZPWU42OG0tSXJFQ3pvU1BZWXppeGNROHV4a1hmc0ZSYTNhMGIteTBQdjNiT0ttVlFReU9rVFQ2MElRdVJaY3FRbHJ3YUc5Skg1eE14SVZKS1ZvcmR2d0V1cU1iSQ?oc=5,"Fri, 28 Feb 2025 08:00:00 GMT",2026-09-07T08:51:43+09:00
GoogleNews:SNS　買い物,SNS　買い物,買い物、SNS、アルコール…依存症の人々を描くマンガ「満タサレズ、止メラレズ」がドラマ化 - natalie.mu,https://news.google.com/rss/articles/CBMiS0FVX3lxTFAzclVrRVZXdTJaN0lvZFI3ZnZrQjBxR21faFNBY0p6eGVwdjMzTzAzV3pTYWJFUGc1OTRlVHU5amxua2ZZWHFhU0tzVQ?oc=5,"Tue, 30 Apr 2024 07:00:00 GMT",2026-09-07T08:51:43+09:00
GoogleNews:SNS　買い物,SNS　買い物,若い人ほどSNSの投稿を見て買い物する意欲が高い、SNSが与える消費行動への影響調査 - ネットショップ担当者フォーラム,https://news.google.com/rss/articles/CBMiT0FVX3lxTE1OTk0yY0VsRkpYOEQzU1phVjJmQTZlUW1nYlBTLXo4TGhoaTNHZ3RMREgtTVdfVkxNRlp2U29SVklwbWEtdnVIZkV3aFpfSm8?oc=5,"Mon, 17 Nov 2014 06:00:27 GMT",2026-09-07T08:51:43+09:00
GoogleNews:SNS　買い物,SNS　買い物,筧美和子→買い物依存症、鈴木ゆうか→SNS依存症 『満タサレズ、止メラレズ』でW主演 - ENCOUNT,https://news.google.com/rss/articles/CBMiT0FVX3lxTE5VeGtRLUVybGw0VHFmWm4wODBrdkZVa21LLU1oLVV2QlhGdVZvdVpQNktTSWJDXzZQRGY0ckRpN3ZoUEx4Vkh1ZElpSWNTR0k?oc=5,"Tue, 30 Apr 2024 07:00:00 GMT",2026-09-07T08:51:43+09:00
GoogleNews:SNS　買い物,SNS　買い物,取引手数料完全無料SNSとショッピングの複合アプリ「売買（Buy Buy）」をリリース - PR TIMES,https://news.google.com/rss/articles/CBMiakFVX3lxTE1aZkFVczBvMUJuWVhlSGRGeE5BWnoxa3FmSDIzNU15MDg2SUFCTTJWZThkc3E3WmFYRUItd0xXMjZMSEFoQlJFX1U4Q3htY0xXNV9xZVdPRnJldHFVeTAzQU0zS2R0UjFrOGc?oc=5,"Thu, 17 Dec 2020 08:00:00 GMT",2026-09-07T08:51:43+09:00
GoogleNews:SNS　買い物,SNS　買い物,買い物メディア「your SELECT.」公式SNSでの動画総再生数1億回突破を記念して紹介したアイテムの中から、いいね数が多かったアイテムBest5をプレゼント！ - ラブすぽ,https://news.google.com/rss/articles/CBMiygJBVV95cUxNMlpZanhQWWgtTndSZVlhWDFDQlNObXR3bWN2MU9MX0xGOTdmV0hOQ0JUWDFTMUhidkVJUk1GV09DZ01YcmF5SkZKU1N4ckkwZTBsemMtcVp4OEQwcUIxcWlKR25JUnpNRkhNZXAtcl9Ub2Y1d3QySXVUVVdhYW91bG5EOXlGcDdmdHVXTjRqaFRzTU1iN1ZtUllYZmxabTV3QXFEQWNkYmNTczl6eXNqNVZhZXkwcU1leUdVeUQ0TXNxdUNMNXRWaWlOUkZ1S0dyNUdVWEJTZTk0ejFQNWtveTNxeFJ1MTBUdndxSW10ZFh0elNld2RJREtGaXBMajJMeGdJbDBrRG9LdzZObnZFUl9vOGsxYjA2NnRGUVZWZHJESEp2YldDRVZ5bWxleGtWX3hPOXNTWmgycHJ3bGdsLUdDLTBialdxU0E?oc=5,"Wed, 04 Dec 2024 08:00:00 GMT",2026-09-07T08:51:43+09:00
GoogleNews:SNS　買い物,SNS　買い物,SNSで話題”デートも女子会も推せる「ビストロ」へ♡【おしゃれプロのお買い物日記】 - CanCam.jp,https://news.google.com/rss/articles/CBMiSkFVX3lxTE16Z3NzVVRMN3Y2WDN1eFB4Y1l0UkNzbTQ5WGw5NU1YSk1zTGg4QWhHWnJHSndmTkZZU0VjeUU3dW1iUVBkbHM3TjRB?oc=5,"Thu, 09 Mar 2023 08:00:00 GMT",2026-09-07T08:51:43+09:00
GoogleNews:物価　家計,物価　家計,家計のインフレ予想「0％」は消失も、「2％」が定着しない理由とは？物価と為替を安定化させる“アンカー”不在となるリスクも - キヤノングローバル戦略研究所,https://news.google.com/rss/articles/CBMiWkFVX3lxTE1FQWpSdlFwcnhoTG53U1pqM2V4MG5VSDJiVURoTGpMY2hGZ2U3dlFhd2tPZHhwYmRxWVBoNzI3cGF6Q0FvVkxXd3JweVdPSVJYd04zMVRMRXp0Zw?oc=5,"Thu, 27 Aug 2026 07:00:00 GMT",2026-09-07T08:51:45+09:00
GoogleNews:物価　家計,物価　家計,第2四半期の家計調査：3%台の物価上昇、下位20%世帯の生活費増加と月28万ウォンの赤字 - jp.ajunews.com,https://news.google.com/rss/articles/CBMiW0FVX3lxTE85OEJ3S09VbUJGLU9CMGEyTEFfN0pVTDBISGpKSUp5UjVsWWxLZE4zblgyU0M3RGxZMklqNm0tMU8wWFNhSW1HcXRtZU14SFk0UmRtZWRDUlgtdDQ?oc=5,"Thu, 27 Aug 2026 07:08:00 GMT",2026-09-07T08:51:45+09:00
GoogleNews:物価　家計,物価　家計,1食351円へ下落のカレー物価。エアコン代高騰の夏に、あえて食費を切り詰める「家計防衛」のリアル（LIMO） - Yahoo!ニュース,https://news.google.com/rss/articles/CBMif0FVX3lxTFBabE85bWM0dDZQRXdpT005eG1pV3hGcnFfN2g1Wnd3VV9hNjNZSUk2Q1NtM2t3NnJ6eFBRN1BkV1NDVTNlY25lT2hpdEx6ekJvdXlqT0pHaHpCUl92QTZMdTUzR3VudnR1dkRwR2NMNE9MWmw0S1dqRVRaTFFJblk?oc=5,"Tue, 11 Aug 2026 07:00:00 GMT",2026-09-07T08:51:45+09:00
GoogleNews:物価　家計,物価　家計,家計支出の調査で品目見直し 巨峰→シャイン 煮干し→塩サバ - 朝日新聞,https://news.google.com/rss/articles/CBMiZ0FVX3lxTE5lUGN4SGJmWlRWOFVIa1ZxTjY4OHpkc0p0Z1NoNy02N2szUGxMVUhzUFhBOHdDMlBEalYyd05aeldOZExRUGwxSVp0T1BmQ3lNY1hQdmktTlZLMnNiME15bllUS1hmY2M?oc=5,"Fri, 07 Aug 2026 07:00:00 GMT",2026-09-07T08:51:45+09:00
GoogleNews:物価　家計,物価　家計,物価高騰が続く中、給食のない夏休みで家計負担が増加 | 一般社団法人全国フードバンク推進協議会のプレスリリース - PR TIMES,https://news.google.com/rss/articles/CBMiakFVX3lxTFBhQkIzVFhyT0xCX3RoZnVyS2d3OTg3YzZkZG9VcjNOWGhZa1dNbzNjTE8zZnVISDVmR3YySXE1eGZXaTBTYThfeV9HYTQtSHdNRVd2LXFlYjByRWVfazRYSmFHaW0tanp1dmc?oc=5,"Mon, 15 Jun 2026 07:00:00 GMT",2026-09-07T08:51:45+09:00
GoogleNews:物価　家計,物価　家計,高砂市家計応援事業（プリペイド型ギフトカード配布事業）について - city.takasago.lg.jp,https://news.google.com/rss/articles/CBMikwFBVV95cUxNMm1LaDVmZnFZNXlBdElGbk9lUV9uS1JRd3pfM0FOREd5WWw3UGlCYjNUZzFxM0E4Z1Q0Ry1nMTVNTjZyMnFlMmQ1QW1fdG01a2dONjVVOHdTa19KOE9tYkZraV9kZWc5Z0xaQjZGSmVJTGFjY3ktSEhrN3NOWS1IX3hxa2ZZZjFMUGx3bmdQeWx5VG8?oc=5,"Thu, 21 May 2026 07:00:00 GMT",2026-09-07T08:51:45+09:00
GoogleNews:物価　家計,物価　家計,エネルギー価格高騰が家計へ及ぼす影響－イラン情勢を踏まえた現状と課題 - nli-research.co.jp,https://news.google.com/rss/articles/CBMib0FVX3lxTE9lSXRzVW01X3BvWWZNNUgzd0ZYeFVMYnFIdldhM01wSDJzTVU0Z3o1YVJ2dzZwN2tLQzNWNWJuQk5sWTdwTXNHbzE5bHZObUZOUVh3dGNLcDRjenM2c0dvVDlxS0t3T2pEQ24tZ29wTdIBf0FVX3lxTE5lQkI0WVRwa0FnWXE2dHNJTVVZYkdFeHozdWdCeDlDLWlLT09sTXhsMXNSV3l1X1VCR2NRaUlydG1wMW9COExvRXdVVFpWbGZFM2RYWTJ5dlZSTExsWU9jR0NheVppQnNoZ1RzZ2dwX19ZSnh6OXB4d25YbHE2ZTA?oc=5,"Wed, 27 May 2026 07:00:00 GMT",2026-09-07T08:51:45+09:00
GoogleNews:物価　家計,物価　家計,金利上昇とインフレがもたらす日本経済および家計への影響と構造転換 | 永濱 利廣 | 第一ライフ資産運用経済研究所 - 第一ライフ資産運用経済研究所,https://news.google.com/rss/articles/CBMiW0FVX3lxTE1mTUR0LTZPV2RDUE1yUnFpdjJlbEtCWFNHYmNkV2hUNTN0ZXhFMHp0dVlHU2FMdlhURkwwOUg2VW9DcmVwTUpyOFIzdmZVdzM5V3MyZmxkZG1RZWs?oc=5,"Thu, 18 Jun 2026 07:00:00 GMT",2026-09-07T08:51:45+09:00
GoogleNews:物価　家計,物価　家計,令和5年消費者物価地域差指数の概況 - pref.ibaraki.jp,https://news.google.com/rss/articles/CBMiiAFBVV95cUxPQ3ZUdWljLXRDRXRqeFRuRFA3RU5LbllrTmpSNjVhcms0NU5Obkt2b01hSTVaa2NIYWtaODNTcFNlR21hWXp2ZElFSTdJeHFROUNkSVdMSll2ZWMwZjlvTElsRXZkLVo4c1hVQk02cnJfSWNLOEZqcDFVOXl4czY1d2QxSFdSeEhi?oc=5,"Sat, 11 Jul 2026 07:00:00 GMT",2026-09-07T08:51:45+09:00
GoogleNews:物価　家計,物価　家計,家計のインフレ感が高まり、日銀の利上げの根拠が強まる - arabnews.jp,https://news.google.com/rss/articles/CBMiZ0FVX3lxTE9NbmJXOVNSR3gyZUh6QjVjeVl0UEptQXVZeVROTmpEaHp6M0hDNHpkYldqQ080aUxIdEFEU1VDdnVOT1VDUmhCYVVZWUZXcFVFMnJ6MVRraVRYcTZLV2QwVHQ1MFE4QkU?oc=5,"Thu, 16 Jul 2026 07:00:00 GMT",2026-09-07T08:51:45+09:00
GoogleNews:物価　家計,物価　家計,暑さが物価を動かす「気候インフレ」－家計圧迫、低所得者層は食料さえ遠のく時代に - Bloomberg.com,https://news.google.com/rss/articles/CBMid0FVX3lxTFB3T2E0bU5QQ2hDQ0hqcTM4WDFEOWVuX09GOVFhaTJZTGtVOTRTVEhZN1FUd0RKa09fb2hQQVdwS1Rka0pZYkZqRWIzSnZKV1dWLWVyODc1aHBObW9qUmtpekRyR0w2ckpGWDJ0ZmRkRHBEWVAxSU9J?oc=5,"Sun, 03 May 2026 07:00:00 GMT",2026-09-07T08:51:45+09:00
GoogleNews:物価　家計,物価　家計,賃上げ5%でも家計が苦しい理由、コメ高騰と物価が奪う購買力 - mymo-ibank.com,https://news.google.com/rss/articles/CBMiSEFVX3lxTE93YkV3SU9KdzNyYlEwN3dkaWQ1NnNoR2NZN3BtRXpNZkNpU00zU3BEZ04wRV9xejJub01vWG5hUFNhR2hiS1EwZQ?oc=5,"Fri, 03 Jul 2026 07:00:00 GMT",2026-09-07T08:51:45+09:00
GoogleNews:物価　家計,物価　家計,「物価の安定には時間がかかる」家計圧迫は続く？原油安で景気に追い風も――生活必需品は遅れて値上げか - 日テレNEWS NNN,https://news.google.com/rss/articles/CBMihwFBVV95cUxQenhhNnhOLUVUcXByRkczd0tFNWpPcTFDempPNEZobEg0VklhdDlQWTFaZ1pMSS1TRVdCekFZYVdlck5mZTFBQTRacGdGczh3MlZUT0l4YWlpcHZCUG9tOXYxLTBrUDQwV0g2NVR4SV8zRllKbkttQ1h3V0hHMl9NOC1EREhPM1k?oc=5,"Tue, 16 Jun 2026 07:00:00 GMT",2026-09-07T08:51:45+09:00
GoogleNews:物価　家計,物価　家計,物価高騰背景にふるさと納税で「家計応援」お礼品の人気急上昇 大容量・訳あり返礼品が人気 | 黃信維（コウ・シンイ） | ニュース - Storm.mg,https://news.google.com/rss/articles/CBMiUEFVX3lxTE1BRWo1TFNzYWx3aFMtN0M2c0dlZTJSVUhCVlVzR1hvYWJTVnhwSmNOdzRBMm9RYnFrTWw1WTdhWUNoMVhodlZxSE5XeWlkNGJf?oc=5,"Fri, 14 Aug 2026 07:00:00 GMT",2026-09-07T08:51:45+09:00
GoogleNews:物価　家計,物価　家計,【日本のチップフレーション】メモリ高騰が物価に与えるインパクトを試算、「家計の一人負け」傾向強める可能性 - JBpress,https://news.google.com/rss/articles/CBMiVkFVX3lxTFBRNk92bTJmaURMSUFRYU5vVTNHZ1FuNHVDWXE0cVlwOVJoQ1VtZ3Q2VENTdGw5VDFqQkRPX2JfNXNnVWgtdmhrLWNpOW1yWEFDY1dkWnZn?oc=5,"Wed, 05 Aug 2026 07:00:00 GMT",2026-09-07T08:51:45+09:00
GoogleNews:物価　家計,物価　家計,インフレによる「見えない増税」とは－物価高で増す家計負担の仕組み（Bloomberg） - Yahoo!ニュース,https://news.google.com/rss/articles/CBMif0FVX3lxTE50OFVTME5ETE5nbTRLUlVGU21peUc1LTQ4S1Vkb2FFcFNoUHZIR0xZZDUxVVNPT25KdGUzc19GNVFVajJzS1U4czM5ZVRBanlMdXdwV1FtaTZZbVlyYnpmOUxrWWw0MmZGS1RmRy1DNDVFYXlIa0t2Qzgwck53dDg?oc=5,"Fri, 24 Jul 2026 07:00:00 GMT",2026-09-07T08:51:45+09:00
GoogleNews:物価　家計,物価　家計,令和6年消費者物価地域差指数の概況 - pref.ibaraki.jp,https://news.google.com/rss/articles/CBMiiAFBVV95cUxPMDkwa0pzc0ZoZTNlUTdvWlZaeFA2U2M3bmdyS0FyNHJYTHdacjZaYkhzSnJUb0h2QXVuVlg2d3JmcHE3UF9Oc1Y0MXJvOE9WLVZMQzVxd1hCaDgwQTg2aFp2SkF6OEllUGRzbWQ1YTE3cGI2Snh1Z0JsQkV2THpfOXRfY0l2X2R4?oc=5,"Fri, 03 Jul 2026 07:00:00 GMT",2026-09-07T08:51:45+09:00
GoogleNews:物価　家計,物価　家計,1食351円へ下落のカレー物価。エアコン代高騰の夏に、あえて食費を切り詰める「家計防衛」のリアル (LIMO) - Yahoo!ニュース,https://news.google.com/rss/articles/CBMijgFBVV95cUxNLXF6ckFQRVJtTDMyOGpXYXRnanhMLUJDcWVkY3l4ZU44OGdwazgxcWdKY1JwcEQyMjV6NWZyVkRSWHJsaFZBbHVOdGZ6c19vWWVjeUNOZlJLMXdocHA4blR2dnVnRkNnc0hwbnlYS3dTUEs4QXlWaVhPT0ljc2hLaWpWazkxbDVhMElXT0J3?oc=5,"Tue, 11 Aug 2026 07:00:00 GMT",2026-09-07T08:51:45+09:00
GoogleNews:物価　家計,物価　家計,インフレによる「見えない増税」とは－物価高で増す家計負担の仕組み(Bloomberg) - Yahoo!ファイナンス,https://news.google.com/rss/articles/CBMihwFBVV95cUxPZEdBcXlpRF9XZkRVNk1DeEQtVl95Q0VibUpfZ3hETzk3LWJOTFdpYTJNUGV0akI3dkNnbEV3a3pFX01fMmtWM2l6akU1Wmtxc0o1eUNjOGJjSkNzMWhsUzZ3T0RtNkxiSzNjR2FqaVp6c1FtcGlQMGpmLTE0QTFtNTFBblE4V28?oc=5,"Fri, 24 Jul 2026 07:00:00 GMT",2026-09-07T08:51:45+09:00
GoogleNews:物価　家計,物価　家計,独身男女611人に聞いた…結婚の最大の壁は「物価上昇」 未来の家計に警戒感強く（まいどなニュース） - Yahoo!ニュース,https://news.google.com/rss/articles/CBMif0FVX3lxTE1BeWozaE52a2xkWnlrNXl5RGNOaFNWRngwdDViYXFWaTMzUHgwa2pkRXBiMGQ2UUpTYUxsdXl1U1MzN0tpQkd5SEZFY0Q4bnhHUW02eERMd09kVjc1LUVQQ3pXZjUya25TTXcwMG0tdmRWN1Y1b21nV2c5dkFqdTQ?oc=5,"Wed, 08 Jul 2026 07:00:00 GMT",2026-09-07T08:51:45+09:00
GoogleNews:物価　家計,物価　家計,政策金利1％の家計プラス効果は「年1兆円」、高齢世帯は4万円プラスも住宅ローン抱える20・30歳代は4万円の負担増 - ダイヤモンド・オンライン,https://news.google.com/rss/articles/CBMiTEFVX3lxTFA2NDk4WldoMUo1WXVwZlQxRS1SczctQlVZY3lyQTJpVWhETjdqN0U5YTBTM045X05sRWpSWGRKd08wQTVaQmZlcE4wYjLSAU9BVV95cUxOaU92X2hRbmhjT2JsSF9fNWFWc1hMZUdKanpVc2ltejgyblBSZ0FPUDNvSWoxeUNPb0d2cmhfR1FDTjRPQ0JuazdKQ1MxTXFF?oc=5,"Thu, 18 Jun 2026 07:00:00 GMT",2026-09-07T08:51:45+09:00
GoogleNews:物価　家計,物価　家計,金利・物価上昇環境における家計の資産形成の論点 - nli-research.co.jp,https://news.google.com/rss/articles/CBMib0FVX3lxTFBBdVBsZDNCYXRueWdxLURjWWw1MXVHMUZlVEpkOTR2TFAxWVVpT0xnRHhJWWZuSTdRWjVFUmVFM0c2b1RXMkxsTXNyQjl5NDFpbHQ0RU5MZHhvM1FVRW8xNS1vV1cxYlVmbjVadXdTVdIBf0FVX3lxTE1DRlUxNFVkTUVtUVYwM2hmQkRTOWZ4TlBvT0dYZnMxZHVyOTBPYTZOLVFaZC1NVDdmTE55U2hWazVwY2ZfWENONjdlQnBudTBOYmFsM19WY1dkZ0RZNktDV2NyNndhMWoyaWNmTWhHdVl2YV82aDJZcGpNc01xTWM?oc=5,"Fri, 03 Apr 2026 07:00:00 GMT",2026-09-07T08:51:45+09:00
GoogleNews:物価　家計,物価　家計,家計を応援 物価高騰の中でイオングループが食品などを値下げ - khb東日本放送,https://news.google.com/rss/articles/CBMiT0FVX3lxTE5lUTlFNVB3ZDN3ZHVrV3NKWHpxMFdXUEp0aXhVLXd2N2hISnd4b2czc0JSSHZsanlQbHNhMmVSTW51Q1l5cEIxbE1SUlVKbXM?oc=5,"Wed, 20 May 2026 08:41:17 GMT",2026-09-07T08:51:45+09:00
GoogleNews:物価　家計,物価　家計,日銀調査で家計のインフレ期待が過去最高を更新、利上げ路線支持（Bloomberg） - Yahoo!ニュース,https://news.google.com/rss/articles/CBMif0FVX3lxTE9uV3ZGMWxzcFhIdmFFM1RGOEhiTC12ODVhVjdmR0lPcGNwQ1l4OVZSd0RkX3pvLUhtaXZHYldTS2RrbGw3S1lLU3prT2I2ZFpGam8wcERuem5oQXd5WEROdlZyTjVzazEzd200WnJKNWZ4TFpXQVlEUTJTaVBPODQ?oc=5,"Thu, 16 Jul 2026 07:00:00 GMT",2026-09-07T08:51:45+09:00
GoogleNews:物価　家計,物価　家計,物価高騰に苦しむ家計を応援「プレミアム付き商品券」市内各地で販売開始「長崎かんぼこ王国」共通商品券も《長崎》 - 日テレNEWS NNN,https://news.google.com/rss/articles/CBMihwFBVV95cUxQSmJqSlI2U3hlWDNWM1E5M2MzVE5CY3lPRnhJSjFwRTgyOVJpcEVKZWRYeWJKanhaZ1k3SkNOYm9MckZvN2E2cFJCYjN4eUZ1a25MZ2dUNllVR3BiRFZnbHdzRlBDVFdUbDFsOURpUlR2WS1STFdDaTY0NU5jSDd2Ym9VNC1pVkE?oc=5,"Thu, 02 Jul 2026 07:00:00 GMT",2026-09-07T08:51:45+09:00
GoogleNews:物価　家計,物価　家計,物価高時代に家計はどう守る？ 「支出・貯蓄・収入」のバランスの見直し（ファイナンシャルフィールド） - Yahoo!ニュース,https://news.google.com/rss/articles/CBMif0FVX3lxTE1LWHdveERubl9TQ05UYjNPMzlIUVJ5S0o5MU1DWXpieDNFYUpOLW5uNHNHcUJRWmxnTlRfcWhlOEI3U3hfX2R3SXNQTmVaNWNuQnNtdDRYdmVrR1RYMHh0QW5iSkdqN1B1cmZyOVpQUWJsS3l1bHlqdUVUbXhPWFE?oc=5,"Tue, 12 May 2026 07:00:00 GMT",2026-09-07T08:51:45+09:00
GoogleNews:物価　家計,物価　家計,身近な家計の悩みも、マクロ経済の動きもこの一冊で。『図解でスッと頭に入る令和の物価高騰』6／12発売 - PR TIMES,https://news.google.com/rss/articles/CBMiakFVX3lxTE9NV01GZzNyWHY1d1NJUTkzWHhlaHprbFR1a19jQnlSWXlCYVo1Z1RJZENaQm9ERUZwZ0hXdTdVbTlScWtKbVlfQmtiWG5VWkI1UDdtc252NmdZZWFFT2lTWHlOODJfb2lLS3c?oc=5,"Thu, 21 May 2026 07:00:00 GMT",2026-09-07T08:51:45+09:00
GoogleNews:物価　家計,物価　家計,【現役記者が解説】スマホ前提の家計支援でよいのか｜成田市デジタルポイントに高齢者から不安の声 - 選挙ドットコム,https://news.google.com/rss/articles/CBMiX0FVX3lxTE5aZTRaa1ltSnRWYjNpdHRtaEd0ZHZFM21UVnpuM1NteV9aakQyVlNJWFJKRDhkajVET1JsRURXSE91SklLclNmczAxUnUxTmhaalkzdTFKLWlFdUszcDJz?oc=5,"Sun, 12 Jul 2026 07:00:00 GMT",2026-09-07T08:51:45+09:00
GoogleNews:物価　家計,物価　家計,クレーンゲームに並ぶ卵や野菜 物価高騰で「家計応援」も依存には注意 - 北海道新聞デジタル,https://news.google.com/rss/articles/CBMiWkFVX3lxTFBkSTRqcFpWV2c5SzFaUk5NVk5kVGt5aVFpMEFPVTlzR0dTTmQza3NXQnJYeWhzcWswOG53NGdwV2VZWkN2NHRvZEVnRFlrcXZYUWZaNTlPT2FKdw?oc=5,"Fri, 03 Jul 2026 07:00:00 GMT",2026-09-07T08:51:45+09:00
GoogleNews:物価　家計,物価　家計,「物価高騰対策」としての家計補助 東京都と比べて少ない近隣県、格差に広がる不公平感 - sankei.com,https://news.google.com/rss/articles/CBMidkFVX3lxTE5sR0hoRDIwM1VfdEROanBGMUZyR2wxb2tLM2xpZ0VaUXB6NTZuZnQwSDdDOGVhRDhyTzNHSXlyRHF6OG5wYi1ZYkY4a0xNTEM1MUZLYmNuWWNKcUhkMzdOb3F1Slh4dGhMUUpwT1JxcTRRbGZQQlE?oc=5,"Wed, 27 May 2026 07:00:00 GMT",2026-09-07T08:51:45+09:00
GoogleNews:物価　家計,物価　家計,「どんなに物価が高騰しても変更はしません」節約に励む世帯年収500万円・59歳女性が強くこだわるもの - All About（オールアバウト）,https://news.google.com/rss/articles/CBMiTEFVX3lxTE5aMFdIeEtWbGhzUmt0RW1NZVJIeVlOWkFmTDFDc1ZoSUpyaEVUdnp6dUktREdBeXMydDJMVkxlOWVDWWVBcFpvWEEwNXI?oc=5,"Thu, 18 Jun 2026 07:00:00 GMT",2026-09-07T08:51:45+09:00
GoogleNews:物価　家計,物価　家計,新登場！アップサイクル「はちみつ梅」。物価高騰から家計を救う、オフプライスストア・アエナから。 - PR TIMES,https://news.google.com/rss/articles/CBMiakFVX3lxTE9iNzVoc0dyU2tfa2tNRVBqaHdiUWZxbElVeW5ad3hpcnpjSWZocEdDNXVOT0JQajZVd2tBT3BUMHRFejlsTU5fMGVNdGE0enhyUVdxem5icHZWaFk2OGdCTWhFal8wSHZXWEE?oc=5,"Mon, 13 Jul 2026 07:00:00 GMT",2026-09-07T08:51:45+09:00
GoogleNews:物価　家計,物価　家計,"岐阜県美濃加茂市、物価高騰による家計負担軽減を目的に6,000円相当を給付 デジタルギフトサービス「デジコ」を活用 - AMP[アンプ]",https://news.google.com/rss/articles/CBMiW0FVX3lxTFBQSHFxSHpvWDBFV1JEdUZuQlBTUWNaUm9Ob0l6dm5PQl9NbUdwejI5TllJSzVxcnowTHNUS0s4YlhoRmhVQlFROU5tcDc5ZnZVUVh1OEdJM3Nja0k?oc=5,"Fri, 22 May 2026 07:00:00 GMT",2026-09-07T08:51:45+09:00
GoogleNews:物価　家計,物価　家計,"「食料品・飲料」９割、「ガソリン・交通費」７割――家計を圧迫する項目を挙げながらも、「食の安全・おいしさ」や「健康維持」は妥協したくない…――鹿児島「みなみパス」会員に物価高騰の影響を聞いた"" - 南日本新聞",https://news.google.com/rss/articles/CBMiV0FVX3lxTFB1bXZ2ZXhNZFVEU0RzQWgwZHRVNWJmX2s3dnVhTkJaY3FacEJSdm85bUFRWUhyV010eXl5eFBraE5nQS1RajR6aC1YZnk2MGJvZGxPZm1ycw?oc=5,"Wed, 20 May 2026 07:00:00 GMT",2026-09-07T08:51:45+09:00
GoogleNews:物価　家計,物価　家計,6月の消費者物価が低下したが家計の実質負担は軽くならずFRBの利上げ可能性も消えない - Межа. Новини України.,https://news.google.com/rss/articles/CBMiakFVX3lxTE5ScVA2T2JsX0hSMkxUTWpIRGhmQmRyUS1odVg3a0FSRW1kTDJDWkxYRG96cEdSbFpBNVJGTGpvVTBBbmVKa2Q1MW1ZeHZ2Wktfc3NTOGlBRGRBOU1CTVZBM3lvRTVPT2g4MEE?oc=5,"Tue, 14 Jul 2026 05:05:27 GMT",2026-09-07T08:51:45+09:00
GoogleNews:物価　家計,物価　家計,韓国銀行シン総裁「物価・住宅価格・家計債務の三重苦…適切な時期に利上げ」 - BigGo ファイナンス,https://news.google.com/rss/articles/CBMidEFVX3lxTFB1YVB0MG1qMlpQUTRPYUQtXzZBZkJjNEppOTVhVkhubjRJRmdiOE1oMEs3S2Vsc01Ydm93c2s0eDd3TWtPdk85ald5ZVlNMk9NRHRHNXFrd3VkWHNOQzZQV1d5WnJTUjNYck9QTTVmdmh1MVNC?oc=5,"Wed, 08 Jul 2026 07:00:00 GMT",2026-09-07T08:51:45+09:00
GoogleNews:物価　家計,物価　家計,「5年後」物価予測は過去最高 家計の景況感、改善続く 日銀調査 - 観光経済新聞,https://news.google.com/rss/articles/CBMiVEFVX3lxTE5UQ0xKN3hLNVRCbk00cGo0UmVjcUlJODVkeUVybENtYzZEcjM1WkxZQTVoYWhXWUN5eGtxRjVIaFJEbnZERHJQTnZ4cks5V1JfeHVneQ?oc=5,"Sun, 03 May 2026 07:00:00 GMT",2026-09-07T08:51:45+09:00
GoogleNews:物価　家計,物価　家計,現金5000円給付 5月末から「宮の家計応援給付金」宇都宮市－NEWS - tochigi-tv.jp,https://news.google.com/rss/articles/CBMiX0FVX3lxTFBZaGdaeFJCcHpkRE1ZRFJwMnBKS1F5ZF9CTGhzRFg0cGdpeE51cVFWWFROYksySW52UWlTcmJWNlZLTG5NM2N1a21hb2VJRUZaRFhSc3Q2YjhLNDZiU1lr?oc=5,"Thu, 23 Apr 2026 11:40:50 GMT",2026-09-07T08:51:45+09:00
GoogleNews:物価　家計,物価　家計,永濱利廣氏「原油高騰で2027年の家計負担3.6万円増の試算も」 - 日経ビジネス電子版,https://news.google.com/rss/articles/CBMiZ0FVX3lxTE1JRGVjUFJ3ZkJ4bWh4THVfWXRvMHZwbk1JVDN6ZDdQeWZOaV9BLVdlbUNtWW5HUTdES3BCRWxuUFNoUWxZLWtGZzFjUHZURFVIaTVTYUV0U3BuZkVzS3lQdHJPUHowR2M?oc=5,"Thu, 16 Apr 2026 07:00:00 GMT",2026-09-07T08:51:45+09:00
GoogleNews:物価　家計,物価　家計,住宅ローン利用者は金利・物価上昇にどう向き合うべきか（２）－家計債務の拡大がもたらす資産形成の後ろ倒しと対応策 - nli-research.co.jp,https://news.google.com/rss/articles/CBMib0FVX3lxTE9vN1NUSHVUMWRWbUJ5N0hWX1A2TXQwMXNmal9LOUJScXNkd3NoZjdHbTVsNDd4TzlvMktHVGFLT1doUU5ERmREUTQtLUstSWVkNTItcDVNT2RFTS1RbGlRSnFYdmNrRjdHWmtpSENlTdIBf0FVX3lxTE1EUE9MU2k3TUNpcEVrd3hYVnA5Y3JSYWNuVG5zQ29remh6bVFYcDkwNUdyWXZ5a2Qxd20yX2NZV29hOGFKbmdPNjhsNnBKZDlwOXRJanZTRkN1enZ1MDZ5NlFyLVczV2g3NmpMMWZPNW5FWWRxWFplbmlGcmdwQTA?oc=5,"Tue, 31 Mar 2026 07:00:00 GMT",2026-09-07T08:51:45+09:00
GoogleNews:物価　家計,物価　家計,一部に無理をした投資も＝物価高騰下でNISA投資家の状況を調査－家計診断・相談サービス「オカネコ」 - 時事フィナンシャルソリューションズ,https://news.google.com/rss/articles/CBMidkFVX3lxTE51NElFaU9Td1lPSHF6N0NSbU9MZ2M0cEV2czdEeWY0TmZZenFndU00X0JhTXBRTEZXRmxucVdpVlg2SjYyaG0wSXdIR2Rta1VtM0lEdktuNnhrVHBMbU91ZlBLMXZCZHBENEV4WFprZ2tSc0psbXc?oc=5,"Thu, 30 Apr 2026 07:00:00 GMT",2026-09-07T08:51:45+09:00
GoogleNews:物価　家計,物価　家計,住宅ローン利用者は金利・物価上昇にどう向き合うべきか（１）－返済比率制約と家計バランスシートからみた住宅取得の成立構造 - nli-research.co.jp,https://news.google.com/rss/articles/CBMib0FVX3lxTFBCdHlJc2pGRTNJSjhUaW5mX3Q1UlRTeGlUZHhxbG1QTXB6R0lFX0lEN2oxWjJZbEUtMGRsNmc3Q2F0ZU55NW1mN0xYUU9xQXdoNFRZQzd2X0NaSzlMNmh6Zi1MWTJPYXZBOUh2aG9RVdIBf0FVX3lxTFB0eHNDaDZmTmRveVlrZmJGYmdPRlFjYTZaQlRhTlJPaFNBMG9VVjVTYmYxWHhya0hwUmNwSXB4X0k3S3BjXzFCcGtjWUtLVUNnNy1uYjkxRHZnNXNXWDFKVmtuLXZqeXQxU1hZaXhQWXB1RHRTNzNDZkF6VXAxelU?oc=5,"Mon, 30 Mar 2026 07:00:00 GMT",2026-09-07T08:51:45+09:00
GoogleNews:物価　家計,物価　家計,［経済フォーカス 識者の眼］原油高 家計厳しく転嫁困難 インフレ加速回避か - yomiuri.co.jp,https://news.google.com/rss/articles/CBMibkFVX3lxTFBPNTRjbnhiQVRfaHMtMFlTX0Q1VnBqVGxPZGhFM0w0OXBwUVphN1U2TGxjUldNQjVLdnhWMl9aeTZzU25MX01ZS1BnZzUybE05QTB5b2llcHNuS3VfMTNwaGFKX21pbEIyZkNMXzNR?oc=5,"Mon, 06 Apr 2026 07:00:00 GMT",2026-09-07T08:51:45+09:00
GoogleNews:物価　家計,物価　家計,原油価格倍増で家計負担は年5万円アップ：低所得層ほど深刻な影響 - nippon.com,https://news.google.com/rss/articles/CBMiV0FVX3lxTE41RmZoZWlYOXY5SUtPQnpDSW04d0FtM2FDT0dqZ2VZUVFvTF8wbWpYbGpOQ0s1NGllQTlqaFNody1NXzNEMU1QblM2dFVwa0lsY0h3ZkU1dw?oc=5,"Fri, 03 Apr 2026 07:00:00 GMT",2026-09-07T08:51:45+09:00
GoogleNews:物価　家計,物価　家計,世帯年収別にみた家計収支の現状（2025年）－賃上げ３年目、それでも重い物価の壁 - nli-research.co.jp,https://news.google.com/rss/articles/CBMib0FVX3lxTE1PVmp3LXJsa1lla3M3X1lqSzNzdXEtSFh1RlBEZXNrbXlvRlExS2tHSVI2VV9OdmVWQmhIZFY4YlBZQzk2bXVKNUZxaTlPT3NyNnNhNVJLSWpCQXVGckc1MjFlQW9RT2lJdXd1d1hLVdIBf0FVX3lxTE1QdUwwakZEaUVLY1ZRM242QzdMRU1uQXp1MzRHSll3QV9DYUJmS2c0ZHdaX2pJeEhRcjk3TWpoVF9oeXRNb1FfblhQendUeFhibmtkOHVnQTBrM3Vvak04TGVFWlNpa2FPVFB4c2NNSWQ2QnRyUmJDUmNRNE1IcVk?oc=5,"Mon, 30 Mar 2026 07:00:00 GMT",2026-09-07T08:51:45+09:00
GoogleNews:物価　家計,物価　家計,商店街プレミアム券 家計を支える追い風 県・市の物価高騰対策始動 | 横須賀・三浦 - タウンニュース,https://news.google.com/rss/articles/CBMiZEFVX3lxTE1KaXpnRjlKYVFIN2VsQzQyc25PaW5EVHl3SEpaWHpnamp1a0VKV1N6ZGlZc1Z3WVNGcGZpaXR0T3NTUU54Y3FtT1ltYVpIQnFlQ2luN3F5bWJraXM3cjFJVjVRa3Q?oc=5,"Fri, 01 May 2026 07:00:00 GMT",2026-09-07T08:51:45+09:00
GoogleNews:物価　家計,物価　家計,宮の家計応援給付金＆家計応援キャンペーン！食料品の物価高騰による家計負担の軽減や地域経済を下支... - 選挙ドットコム,https://news.google.com/rss/articles/CBMiX0FVX3lxTFBFeVFmWUlUdFJndlA1bWJveWVBYXRHY0hzVDVIMXhidGlMclEwMTdQcEgwejRtelZydWFiTHhDUzc4N1NRVUNtVTVEYzJhLUxER3BrclczQ0JWRTZUV01v?oc=5,"Thu, 28 May 2026 07:00:00 GMT",2026-09-07T08:51:45+09:00
GoogleNews:物価　家計,物価　家計,🔷成田市物価高騰対応家計応援全市民対象にスマートフォンなどで利用できるデジタルポイントを給付h... - 選挙ドットコム,https://news.google.com/rss/articles/CBMiX0FVX3lxTE9yUXlHRWg3WjNPdG9zeGhuRTRJNXNlN0RRdlp1QUVHRTBBaTdRSXZrM3JZQU02T08tSm9vQnVIOU9DMVRNRGRfdWZ2MTAxc29VSFNFblZjX3ZPdlRYMVpj?oc=5,"Wed, 06 May 2026 07:00:00 GMT",2026-09-07T08:51:45+09:00
GoogleNews:物価　家計,物価　家計,中東発の原油高ショックで5月の消費者物価3.1%に急騰…家計は「三重苦」に直面 - BigGo ファイナンス,https://news.google.com/rss/articles/CBMiX0FVX3lxTE52Z29lck5YcmxIenZ1VDZYSmJZWnRvQTJYdzFZUlg1bkhlU0lqaEdTT3QtS3NTZng1TV9fZUNkV2JkSnc4UTIxbVMwX2Z5YkVKWEstN1k0RmdIcEdsUFdn?oc=5,"Tue, 02 Jun 2026 07:00:00 GMT",2026-09-07T08:51:45+09:00
GoogleNews:物価　家計,物価　家計,食料品減税は家計を救うのか？ 近年の物価高騰で「便乗値上げ」の抑制困難に… ４～５兆円規模を確保できる財源も見当たらない！【エコノミスト解説】 - 朝日放送,https://news.google.com/rss/articles/CBMiYkFVX3lxTFAyRlU4MDI3am1OZEttYkswMnJJSnZNUXl0c294YUtMZGl3bXBMOWE3N3F1c3dZSFhhc20wQ3lYVThnaVdtX3BkeFJRMm1ybjVqRGNuOE9DclViWC1OTmQtSHp3?oc=5,"Fri, 01 May 2026 07:00:00 GMT",2026-09-07T08:51:45+09:00
GoogleNews:物価　家計,物価　家計,原油価格高騰「家計の購買力低下」懸念 TDB調査 - ECのミカタ,https://news.google.com/rss/articles/CBMiWkFVX3lxTE5aUndLc2RCa2JvMXpVbmJkdURIeFBFXzUxZXRwR3pmdEF1Z0lSNkpOLUJKeUIzYndxZjllSEswS1NybGdkTHlaTXIwRm0yVEd4N3hhQlhyd2hQUQ?oc=5,"Wed, 25 Mar 2026 07:00:00 GMT",2026-09-07T08:51:45+09:00
GoogleNews:物価　家計,物価　家計,物価や家計管理を親子で学べる無料講座 「杉村太蔵と考える知っておくこと、しておくこと」 西宮市 - Kiss PRESS(キッスプレス),https://news.google.com/rss/articles/CBMiSEFVX3lxTE1qY2RGa3NPYThBcWNJUE52TnFxZE93Y08yTnNndzZCcFJYVXF0MnQ5UjNSYjBERWswOFBtUkJvdTlTaE1YaExiag?oc=5,"Sun, 03 May 2026 07:00:00 GMT",2026-09-07T08:51:45+09:00
GoogleNews:物価　家計,物価　家計,物価高騰が家計を圧迫し自己破産が急増中…3年連続で増加、14年ぶりの高水準に｜仕事力がアップする経済ノート - 日刊ゲンダイDIGITAL,https://news.google.com/rss/articles/CBMiZ0FVX3lxTFBZWHlnLWRoVl91cXNReHktd3hsdkdIZG9PaG9sLWpJQkk4QU5NWmNSN2hDX0JHVTlxMERJcnRiTy02RlQtU0k0SXNMUFhKSV92WkdNUjJWS3Y1NTZvV2IzMS1vX2M4TzQ?oc=5,"Tue, 31 Mar 2026 07:00:00 GMT",2026-09-07T08:51:45+09:00
GoogleNews:物価　家計,物価　家計,2月の家計調査 世帯の実質消費支出 前年同月比1.8％減｜西岡良 - mbp-japan.com,https://news.google.com/rss/articles/CBMiZkFVX3lxTE5jTG9KbTItQXpxbFFwSDNCSTlld2phOXRncC1RVVBITmlxeXN0Z3dkVFpTUUozV01fOXRNZW5KbXFsbkVwMC1YZW5GMVp0c3JETWU1NW1JTkNtV19RQnBiRkJUUzM3QQ?oc=5,"Wed, 08 Apr 2026 07:00:00 GMT",2026-09-07T08:51:45+09:00
GoogleNews:物価　家計,物価　家計,家計を助ける物価高騰対策 「お米券」からデジタル商品券まで多彩に - BCN Retail,https://news.google.com/rss/articles/CBMibEFVX3lxTFBqLU5xMmZJUVlmdS0wdGsxd1FheE1JLWNVdlhpeDFDZDBrX2FNSXVZRzJ1N21Fd0RnS3lEMnk2aUhKX1FuMlJSRVdrZ2Zab2dXd1Vzc0xWTGZXVEdFcTYtMlBZMG5VVkpXdENNUQ?oc=5,"Sat, 28 Mar 2026 07:00:00 GMT",2026-09-07T08:51:45+09:00
GoogleNews:物価　家計,物価　家計,【業務スーパー】『物価高騰きつい・・・』家計に優しいコスパ最強副菜♪ちくわ×豆板醤の簡単アレンジ3選（みみこ） - エキスパート - Yahoo!ニュース,https://news.google.com/rss/articles/CBMiiAFBVV95cUxPcFNWdWtLbUg1NDc2d1B1amlWUlNvWFM2TlpJRFRmTkJxYTBqUkMxUlNqUjRoNFVaZUo3eGlHQjlwOGg5Zlg2YUVXYzVrNnJuUFdkYWZKYUpwV1RiRlBGZjZySWlEWUlrcU9WRGcxQXhwbXhHMnBnT1dDRDJTUDQyWmowMURkZWpM?oc=5,"Thu, 26 Mar 2026 07:00:00 GMT",2026-09-07T08:51:45+09:00
GoogleNews:物価　家計,物価　家計,CPI上昇率1.3%に鈍化も、食料・サービスは2.5%高　家計負担の“中身”を解剖 - 財経新聞,https://news.google.com/rss/articles/CBMiY0FVX3lxTFBKcHEzb1pIZjBhVS1OT2FUX0FVWHNOMUtPak9mbG14R3NVSkJtbjZBb09KS3NJektKUjBaVUdlWkhEODlyWS14cGJ3a2p5dmFVN0N0WWpGenFrWG9Pd25NT1Z4c9IBaEFVX3lxTE5UV0VHcGUtQklTM2s4Ty1qUTktdW52NV90bm13cjE1dWpYdUNOUUdNTVlxd19FV3BBdTQyS1VncTREd3hKOE9tX0FKOTItUHZsb0ltLWpkcTdCZFBnNll6WElYZ3BvUUQy?oc=5,"Tue, 24 Mar 2026 07:00:00 GMT",2026-09-07T08:51:45+09:00
GoogleNews:物価　家計,物価　家計,食品値上げ2万品目超　エンゲル係数28.6%が映す家計の負担増 - 財経新聞,https://news.google.com/rss/articles/CBMiY0FVX3lxTFBaU2xHMVZDU3dNaVBPZVhsOHJZUXZ1YnB5R0w1cVBTcVhFRGlFem41bjd2UGpWeS1ZbzBBVWFLNjZ5Yk1md2lVQXAteEdwbTNZWnlWcER5MkQ4RnN1UUxTNXN6c9IBaEFVX3lxTE1NX25FanFjODU5Qlc3NFlDUm9sZFQ5d2ZiNFMyRVdva0Y3Z1F6MElZOW55b3VXSzNDMDNuaFRONjFiRVdhbERCdzZqWTZIZ0p0QnpBS1BYSk45UW9MbG9GYjktTEdGOU9p?oc=5,"Mon, 16 Mar 2026 07:00:00 GMT",2026-09-07T08:51:45+09:00
GoogleNews:物価　家計,物価　家計,家計は物価上昇にいかに対応しているのか？ - jcer.or.jp,https://news.google.com/rss/articles/CBMiaEFVX3lxTE1OcVlIZXJlVm94VlJZNmdBVFZxbjd1azRXMV9pbWNoc1dDbjdVRXBrVC13eUVydXVUZVNYUF9aVDRNeGVUTDdBR3FtUGllYjdyRHVBQnVEeGR0enNwY0dwa2c4cUxwQkxk?oc=5,"Tue, 02 Dec 2025 08:00:00 GMT",2026-09-07T08:51:45+09:00
GoogleNews:物価　家計,物価　家計,～25年から4人家族で約8.9万円増加の可能性。物価高対策で同▲2.5万円負担減～ - 第一ライフ資産運用経済研究所,https://news.google.com/rss/articles/CBMiW0FVX3lxTE9aS0NCdGJJRUItZEl5aHB1WmhkTHUwcU5HZkczYk44Tk9QWUY2MFN0aDIwVVBweDlwZnBybi1nbmJDclIwMlhsMFA1cy0tNURYclpOR3l4MHF6YzA?oc=5,"Mon, 05 Jan 2026 08:00:00 GMT",2026-09-07T08:51:45+09:00
GoogleNews:買い物　調査,買い物　調査,2026年度「国内消費者意識・購買行動調査」 ｜デロイト トーマツ グループ - Deloitte,https://news.google.com/rss/articles/CBMikwFBVV95cUxPdzUwSzdMaDFxOGNwVGp1MDlvSVVrdjhCS1VRV29NckpfVDZ2NlFyTlhLZUxQNHJpekRLNDRDSkJvcFNBX0FTc2VrS1p5TUl4VVExUm16RVF1SVNkdDM5NkV5Z3Q1ZWlieVlRUldUOFJiWmJnOU85a3hfOHh0YXUwQTdrRFJZM0FyUDVqSV83OU8tb1U?oc=5,"Wed, 26 Aug 2026 07:00:00 GMT",2026-09-07T08:51:48+09:00
GoogleNews:買い物　調査,買い物　調査,【買い物のタイパ調査】「遠い」けど「安い」スーパー、足を運ぶ人が7割から4割に減る境界線とは？ - 共同通信PRワイヤー,https://news.google.com/rss/articles/CBMiW0FVX3lxTE1BWGlROXRXY01BbEc1RExoUWc2V05EV3NlaTd3aFluSmlNVEVDOUdZV2RlLUdQOHdJRDZhSmhrNGFTRVV2NFZUTlpER2pRai1CSHFXWWl5WnFFTTg?oc=5,"Wed, 02 Sep 2026 01:00:00 GMT",2026-09-07T08:51:48+09:00
GoogleNews:買い物　調査,買い物　調査,買物の決め手は“レビュー”から“生成AI”へ 生成AIの信頼度はユーザーレビューを超え、約6割が最終判断も委ねたいと回答―博報堂買物研究所「AIショッパー調査」―｜ニュースリリース｜博報堂 Hakuhodo Inc. - hakuhodo.co.jp,https://news.google.com/rss/articles/CBMiYEFVX3lxTE4teENtNUh5b0w0TXlPS2xyYmFZeXhyTjFmc24tcldLeU9keWxEN2NOZnp5d2dTZUdRMEFCcHVhTW9Td0RzNFpFNURkQnhmOG5qaTlURjF2Vk1XTzRtUEJHcQ?oc=5,"Mon, 01 Jun 2026 07:00:00 GMT",2026-09-07T08:51:48+09:00
GoogleNews:買い物　調査,買い物　調査,買い物・ショッピングに関する実態・意識調査（2026年7月定点ココロスタイルリサーチ） - クロス・マーケティング,https://news.google.com/rss/articles/CBMiW0FVX3lxTE1EV09vR1RhV1BlcEg3cVFaaDRtVUN4S3BGWTBnMFNNZHQzYXQwUXNldnZKbHVzYl9SYXZsRUtJdlRqcnpYd0JLYUNRTHhELWVuVDdRMjBIeFRaUWs?oc=5,"Thu, 30 Jul 2026 07:00:00 GMT",2026-09-07T08:51:48+09:00
GoogleNews:買い物　調査,買い物　調査,【買い物のタイパ調査】「遠い」けど「安い」スーパー、足を運ぶ人が7割から4割に減る境界線とは？ - 千葉テレビ放送,https://news.google.com/rss/articles/CBMiX0FVX3lxTE5tbGJNbl9TTU5XVy05Y2dneUxnSU5EVmxwY3d4VGxYV1BpRWx5eGNqRTJRQmg1TDBFUTNZVkxJMGwxeE5Ma0hGVFlfZ2stMEd6QWhlSGJkWmY4LTJ2aDhN?oc=5,"Wed, 02 Sep 2026 01:03:23 GMT",2026-09-07T08:51:48+09:00
GoogleNews:買い物　調査,買い物　調査,290万人のレシートデータから見る「買い物動向」調査 2024年～2025年の買い物市場を読み解く - global.toshiba,https://news.google.com/rss/articles/CBMipwFBVV95cUxOX194WHRoelBFNGZraHdQTlhTTTBJRk5EWGFxdDdKNXNZSEYtMVpCYVJjakdwdi1BLWNLLTFsdUVTdE9CV21OLWIyT2xVSmlmNGdOWVkyTVdSQmZmV05pQkpSOEs3YXE1a0kwYTlZcU84RlgzVkxzd2xUakZtWE9wXzhyUGxOWG1QZFFsYkdCSFNFT3c5S21EWTBXVTZWenZjOEdUMEViOA?oc=5,"Mon, 23 Mar 2026 07:00:00 GMT",2026-09-07T08:51:48+09:00
GoogleNews:買い物　調査,買い物　調査,Amazon、「プライムデー」の開催に向けた「今夏のお買い物に関する意識・実態調査」を実施。「ストック」「クオリティ」「リフレッシュ」がこの夏の消費の3大ポイント | アマゾンジャパン合同会社のプレスリリース - PR TIMES,https://news.google.com/rss/articles/CBMiakFVX3lxTE8yb2lTNjdJUFV1bXg2WDliZ0ZncUJkZWFFYXBQOWhMWlFxazlyenk2dE9MMFhGcW41dHZHR0liY3pyQjJCZUoyOUhHcDM2eGFTZjNBZkVZWU9RSy1ER05TV2VZbEozV0xGVkE?oc=5,"Tue, 16 Jun 2026 07:00:00 GMT",2026-09-07T08:51:48+09:00
GoogleNews:買い物　調査,買い物　調査,年末年始の買い物情報は「店頭POP・店内表示」が最多、全世代で上位に―アルファ調査 - コマースピック,https://news.google.com/rss/articles/CBMiV0FVX3lxTE02MFplR2NUUjFjdkw2dmdXVy1rNzBfS3ZyNWo2UWxiOEc5eUItcUxSVnE3dUhEX2dMSkF5VWVkWXlrd21xWC1udmxvRUFkT1g4cFVGTEhFRQ?oc=5,"Fri, 21 Aug 2026 01:53:21 GMT",2026-09-07T08:51:48+09:00
GoogleNews:買い物　調査,買い物　調査,【お盆・夏休みの消費行動調査】賢く節約したい！購買意欲を高めるのは「手軽さ」と「確実なお得感」 - PR TIMES,https://news.google.com/rss/articles/CBMiakFVX3lxTE9mSjBzZFFUOVJ4WHd0czRUeEgwQ3FFWWllVFN5M2h1TzBNd3d5dUFkMVExTWxxNUkxeEd1TjUwS21pSFZtZDdUM2RYMjdrLVVITXM0NEh4ODBtV0ZTTmpta3JLWXFwQlFERHc?oc=5,"Wed, 05 Aug 2026 07:00:00 GMT",2026-09-07T08:51:48+09:00
GoogleNews:買い物　調査,買い物　調査,年末セール買い物予定者は34.9%、まとめ買い意向は50.7%に チャネルトークがECサイト問い合わせ意識調査を実施 - コマースピック,https://news.google.com/rss/articles/CBMiV0FVX3lxTE9tN2lUMms3TjlnQ3k2ZXNURFVtN2xyRmRPU09EbURWdWUwYmZYRENUUWlyY2NfZE9WYm5FMy1kQWdkdlhzQm5GdDBOSGQydkNuMzVVMG9hYw?oc=5,"Thu, 27 Aug 2026 07:00:00 GMT",2026-09-07T08:51:48+09:00
GoogleNews:買い物　調査,買い物　調査,310万人のレシートデータから見る「買い物動向」調査 6月、全国・地方別のビール・発泡酒売れ筋ランキング - global.toshiba,https://news.google.com/rss/articles/CBMipwFBVV95cUxNazJBMUx2c1lnZ3U1bG9CdVVoQVUxSVNBNEhxNjk2Q3FMUFNXUkFmZDItR2Zuc05yUm5jT1hWZ3BqU1FFUU9NNElSOFFJM2plVjFpQ04xbTZBYVhSUGxORXBkSkRlSklJaDlCMm11OTAzdGhybVVhaHZuR3F2ZFYzOEhLOGFxNndhYWdxZXNBWG1rbmhSbDZtZmtFVE5NN1h3aXUxMEtrZw?oc=5,"Fri, 31 Jul 2026 07:00:00 GMT",2026-09-07T08:51:48+09:00
GoogleNews:買い物　調査,買い物　調査,共働き夫婦の4割に秘密の買い物経験あり。金額が高いほど、喧嘩も多いと判明。パートナーとお金に関する話ができている夫婦は、関係満足度92%に【500名調査】 | 株式会社Hajimariのプレスリリース - PR TIMES,https://news.google.com/rss/articles/CBMiakFVX3lxTE9Cd295R1RMU0duNXZSMEZZcnA0RFEyTGFwQ0F4U0lqc05rV0YtTW1DY213YlJveTFiX1cxdVhfTjhrTUJKQnJXWW9mWVdCdmJWVlh0VHBDQzJZbEpDbHJKT3FlSXdRUE1fU2c?oc=5,"Mon, 11 May 2026 07:00:00 GMT",2026-09-07T08:51:48+09:00
GoogleNews:買い物　調査,買い物　調査,クロス・マーケティングが買い物・ショッピングに関する実態調査を実施、値上げ対応や店舗利用状況が明らかに - コマースピック,https://news.google.com/rss/articles/CBMiVkFVX3lxTFB3M1h4ZFUxbm1Fa3VRYlBJQnJyU2RxYzg1cjNhb19Wa1ZGNWdSRU8yb1FFdWFvb2JiOXp6eGRuZDhkWXQ4NS1xT0FyRjc2bmVEUkFvcjV3?oc=5,"Thu, 30 Jul 2026 07:00:00 GMT",2026-09-07T08:51:48+09:00
GoogleNews:買い物　調査,買い物　調査,物価高の中、生活者は何にお金をかけるのか？「生活者動向調査」で消費実態と買い物行動の変化を公開 - PR TIMES,https://news.google.com/rss/articles/CBMiakFVX3lxTE9pczktTnhVOGdMc2VYVWwxa3ljWTJ2cGIxQWdycnhUREJhSXEwTnMyZV9hS3dDd183OGlDNXdfZW93NEQyaXBiUkxjT29GNDFiQ0o3eF95OV9oOGZtdDJPTE1wUDUxNHlHWnc?oc=5,"Tue, 04 Aug 2026 07:00:00 GMT",2026-09-07T08:51:48+09:00
GoogleNews:買い物　調査,買い物　調査,Z世代の買い物の起点、SNS4媒体の合計45.2%が検索エンジン33.6%を逆転。「#PRがつくと参考にしない」はわずか13.2%【TaTap SNS調査】 | 株式会社TaTapのプレスリリース - PR TIMES,https://news.google.com/rss/articles/CBMiakFVX3lxTE5nNWJ1VWxxWkRrSTZWV0stRjFiSl9ObnE4SDlhUFJFaUFWMlcwYUg1Zm9fYXQwcElGSEZycHZ5TjdwSDV6SklFU0VpWHJ3NFQ1QUhkRGlFLWYtTHp2OEFqa1BzVl81MldOZ1E?oc=5,"Tue, 18 Aug 2026 07:00:00 GMT",2026-09-07T08:51:48+09:00
GoogleNews:買い物　調査,買い物　調査,【マイベスト｜AI時代の買い物に関する調査】約5割がAIで選んで「後悔・失敗したことがある」と回答。後悔理由1位は「AIの情報誤り」 - PR TIMES,https://news.google.com/rss/articles/CBMiakFVX3lxTE50YXJveV9qNlhZYTUxUXdBV0wzMDRDckJ3MjJZX1VPeUJiUHgyaUVZZkY0ZE02NUVjcmVNOXE1azk2QlRUUml0aUl0dU1DQWVCT084Z0RZNHRTZDd6VUJOeEMwU2FaVkExbWc?oc=5,"Mon, 27 Apr 2026 07:00:00 GMT",2026-09-07T08:51:48+09:00
GoogleNews:買い物　調査,買い物　調査,「生成AIの回答、口コミより信頼できる」 買い物の情報源として……博報堂調査 - ITmedia,https://news.google.com/rss/articles/CBMibEFVX3lxTE1jeGVlV3FUZmlkakhkVlowTUIzckFSTjdPTmJCNTd3c09CemsteHFGMERsREJUNDc3S1Nvc2dORVlvVU5sMjNmNzE0SjlGa1hhdi1DamtvNUZlZjBhWktGX2RtRFk0ZkFwSkU4Sg?oc=5,"Tue, 02 Jun 2026 07:00:00 GMT",2026-09-07T08:51:48+09:00
GoogleNews:買い物　調査,買い物　調査,Z世代の2025年買い物調査、「ファッション」「推し活・エンタメ」が上位に - PR TIMES,https://news.google.com/rss/articles/CBMiakFVX3lxTE5qQXloMEhYMzdsZC1hQUt4Ymc3OENQUlBja1lIelJEUkJJXzVxSV9DTi1MZlJROFk3VTBoRUdlTFBocHFHOTdTNVZOQXFIcEdta2p4T2htYm9HcGNCQ0trWFJueUJYeEkyZmc?oc=5,"Tue, 23 Dec 2025 08:00:00 GMT",2026-09-07T08:51:48+09:00
GoogleNews:買い物　調査,買い物　調査,【2026年 買い物に関する実態調査】 店舗選びの新常識。「安さ・近さ」から「タイパ・体験」の時代へ - PR TIMES,https://news.google.com/rss/articles/CBMiakFVX3lxTFAzVFZFWGpmdGE0Q1dYUWNtSC1LbG5HZDVyRjFCTlhsbTUtYlZhelBVVXMxRll3c3ZVQWw3VnFnZl9rVmh4M2szVG9VWjg4UEpGelZkbUNkeXh0aUxaTlZscFd0TWRnWG5Qc2c?oc=5,"Fri, 24 Apr 2026 07:00:00 GMT",2026-09-07T08:51:48+09:00
GoogleNews:買い物　調査,買い物　調査,博報堂生活総合研究所 写真調査サイト『生活図鑑』第七弾となる「買い物」カテゴリーを公開 - PR TIMES,https://news.google.com/rss/articles/CBMiakFVX3lxTE5EeC1GV1p6QUlrdmk4VkF4NlBBQkMwZlV2QVBNYzVDWXByNms1TEZjb044U0tLUFhrWHN6UDQ1SkIwLUg2S1g4c0F6U2FtUG1Ic0ZDY2lVbW9RdWQtWmx3SVZmdUVIOUJwcGc?oc=5,"Thu, 02 Jul 2026 07:00:00 GMT",2026-09-07T08:51:48+09:00
GoogleNews:買い物　調査,買い物　調査,【AI消費トレンド2026】買い物相談が前年比6.4倍 - アライドアーキテクツ株式会社,https://news.google.com/rss/articles/CBMiXEFVX3lxTE5LaHJRQ2c4ZjV5b1NGUXB2enBoNWM0T3Q1RDJpclZBZEhmSldUNlhlcmxaQkZyMk9TUV9GV2Z1M3Z5a1RNRm1Pdk9hZVEteG9oV2QxOHlhQmpiZnpl?oc=5,"Thu, 02 Apr 2026 07:00:00 GMT",2026-09-07T08:51:48+09:00
GoogleNews:買い物　調査,買い物　調査,【深夜の買い物に関する実態調査】深夜1時は「理性がログアウト」する魔の時間帯。24kgの漂白剤、3kgの牡蠣…「スケール感の麻痺」が招く悲劇とは？ | 株式会社HADOのプレスリリース - PR TIMES,https://news.google.com/rss/articles/CBMiakFVX3lxTFBkUmhCblV0anQtay1GLUJSY19hUXFKcVJ1bWRfMm1YMUNBTzgxcG9vOFJaOGxoa1VBeUtCSFJnc2IycjBJc1Eza2JiNzhSMEpBdzU4WkFUclFDTDdZNDk4VnRVYjh6OFFEVEE?oc=5,"Tue, 07 Apr 2026 07:00:00 GMT",2026-09-07T08:51:48+09:00
GoogleNews:買い物　調査,買い物　調査,【マイベスト｜買い物のストレス・選択疲れに関する調査】61.3%が買い物で迷い・不安を実感。情報過多による“選択疲れ”がメンタルに影響。新価値観「メンパ」を意識した買い物が重要。 - PR TIMES,https://news.google.com/rss/articles/CBMiakFVX3lxTE1mcTVmOW5RRExmcHlvaVJYNS1GYnhWckVXaklWcTRLNEU5Q3drMEl6MF9ud3ZiLW5FVGtvaFk5TEx1T2VWX1FGTHY5RnZWRGZ4azN2OHAwVnZhREk0elp3S0Q4VHVfODM4Nnc?oc=5,"Thu, 05 Mar 2026 08:00:00 GMT",2026-09-07T08:51:48+09:00
GoogleNews:買い物　調査,買い物　調査,280万人のレシートデータから見る「買い物動向」調査 12月、全国・地方別の味噌売れ筋ランキング - global.toshiba,https://news.google.com/rss/articles/CBMipwFBVV95cUxObzdXRlVKazBoUFc5TGhjS2Rab2J2bTF0MllnM3hsejYyS3dDWHJzaGJVd0RVS3pXUS1FamxNZTNuUkpFQ2NDSElmaVlYVnBocXFSNms3OHBwSVo3Q2ludTkwNmRNbE1OdG5OWGpXUkM2S2hHb2lQcDdVOUJXU1dSUHRna1RDdWhXMzdBR2VxNUFpQU1WdllvOXNVVjFXYjBrWnNLODZaUQ?oc=5,"Thu, 29 Jan 2026 08:00:00 GMT",2026-09-07T08:51:48+09:00
GoogleNews:買い物　調査,買い物　調査,IBM–NRF調査：AIが買い物の前段階で消費者の意思決定に影響を与える中、ブランドと小売業者は新たな現実への対応を迫られている - IBM Japan Newsroom,https://news.google.com/rss/articles/CBMi5gFBVV95cUxNai02UzZoRWFvWDRVRS03bURnRjlsX2s4Q21jRTdYYkR4eWE2RWl4NzR2VXVDekFGeVNOdjE2dnVpallDSEx2ZHpBRmhLdWdRSTRIWkdQb0xvNmNGYXdYM1Z0SkpteTRpeFhmNkR5blJrM3RQdWxjeXQyQjRHUDdzRmRLMVdCZmluUmRxV01BTXcxVkExRVUyWlZWX1ZlUV9oS0xCX0RBNjIwbEZYbFJ6MXotQjd2cFliY056WTJPT3ZVVmlSaDl3S0V2cXpDdE8wemJORjFMQ2hXQ0tMdnJla0Q2TnE0QQ?oc=5,"Mon, 25 May 2026 07:00:00 GMT",2026-09-07T08:51:48+09:00
GoogleNews:買い物　調査,買い物　調査,ボーナス時の買い物に関する意識調査、4人に1人が貯金割合を増やす傾向に―創作品モールあるる調べ - コマースピック,https://news.google.com/rss/articles/CBMiVkFVX3lxTFBweGFmTzlpSnJxZkY3SVZDRDd3VjhkYXNlM043RF9wemdNMmE2bV9aSUNjOGQ5S3p0b1R2ekJyYXV4bWw4X0hqRi1vdGxKZ09fak5PSXFn?oc=5,"Fri, 26 Jun 2026 07:00:00 GMT",2026-09-07T08:51:48+09:00
GoogleNews:買い物　調査,買い物　調査,物価高で6割以上が今年に入って「買い物レシートを二度見した」経験あり。約4割が「細かく見るようになった」と変化を実感 - PR TIMES,https://news.google.com/rss/articles/CBMiakFVX3lxTE9BcU5Fc2dhNldFLTRLRUlqblBxc0JSOXFHb0hXX3oyaEhWalNWc2xPdTZ2c1RWMjFNbVY4Rjh6VHZaODFHdl9jRGdHZkdqOEVJWGd2Y05kc041NHhtMXFlTW1OODVvY3o1WVE?oc=5,"Thu, 19 Mar 2026 07:00:00 GMT",2026-09-07T08:51:48+09:00
GoogleNews:買い物　調査,買い物　調査,2023年の消費傾向 ネット購入品1位はZ世代「服」、Y世代「日用品・消耗品」／Qoo10調査：commercezine - MarkeZine,https://news.google.com/rss/articles/CBMiT0FVX3lxTE9UQVgyeWl5Qzl0b1lUZVR1ZXBEUDFkM2F2TWR3aUxzWkFwNmR5ellPLTV3ajRPWW1pTFlsWTJ6UlA5OGZTMGJTXzMxanZ2dHc?oc=5,"Wed, 17 Jun 2026 20:40:13 GMT",2026-09-07T08:51:48+09:00
GoogleNews:買い物　調査,買い物　調査,mitorizが実施した食品と日用品に関する買い物調査の結果 - コマースピック,https://news.google.com/rss/articles/CBMiVkFVX3lxTFBLeWxoVTEzTDN5aDZVallZSmk4RmdPNVVOSFlZMmUwc3Q2T3RvZGhxUUVHaXZaNXRRbkVuRGJ4dXlTWnpaOGtnbmF3c1k2a2RrRnJjR2hn?oc=5,"Thu, 04 Dec 2025 08:00:00 GMT",2026-09-07T08:51:48+09:00
GoogleNews:買い物　調査,買い物　調査,＜Qoo10「2025年買い物における女性の心理白書」＞2025年、女性たちが買い物において重視してきた考え方とは？Qoo10「2025年買い物における女性の心理白書」発表 - PR TIMES,https://news.google.com/rss/articles/CBMiakFVX3lxTE9IY3JKSl8zY2RWWS1pT0xPR0VNNlpPOFRHenJMZUpWRGs0c2VhdE5nOWpqZzJWalpXR01fd2NKUkhsZUs3WGhldHNPZ2c3c0VvWkJxZHBLRkt6T05yQ181OWJ4bF91UmhrRnc?oc=5,"Tue, 20 Jan 2026 08:00:00 GMT",2026-09-07T08:51:48+09:00
GoogleNews:買い物　調査,買い物　調査,生成AI利用者の約7割が買い物で活用！生成AIで調べた・おすすめされた商品やサービスを実際に購買した経験があるのは、うち約6割【エクスクリエ調査】 - 株式会社ヴァリューズ,https://news.google.com/rss/articles/CBMiV0FVX3lxTE82dTdxRGRTd3RqWUtDdWRxdHphZXFwQTFnNHAwQ3Q1MDBLWkpDMmFrMWJtU1p3UXE0bmlnckdIZFdKTWc0ek1kZDc3dFlMMmtfSDFnYUhsUQ?oc=5,"Tue, 19 May 2026 07:00:00 GMT",2026-09-07T08:51:48+09:00
GoogleNews:買い物　調査,買い物　調査,「節約しながらもワクワクしたい」 2026年夏、消費者のお買い物意識をアマゾンジャパンが調査：commercezine - MarkeZine,https://news.google.com/rss/articles/CBMiT0FVX3lxTE5NU1NKc1M3Uy01NENwRUt3U1p2UUJxVEtrbVhQODY3aGJTaGV4WTRzeWdULXVuNUtvMGF2ODRseC1SdGJfbWE0eUpYbDBzMm8?oc=5,"Wed, 17 Jun 2026 07:00:00 GMT",2026-09-07T08:51:48+09:00
GoogleNews:買い物　調査,買い物　調査,300万人のレシートデータから見る「買い物動向」調査 4月、全国・地方別のアイス売れ筋ランキング - global.toshiba,https://news.google.com/rss/articles/CBMipwFBVV95cUxPb1hFU3d0TVdOOVlKdFVFRGVpNFp4N0tPQjNFT2lVMzE2ZlBKb19rOF9fSUtHV0NDLWtTMUJMNUZ5aGRyYWRzUHBQM0o1dWxvRkdUWEtXU3ktbFBFNDdWTnU2ajd0RnBPaGlicU1icWNLTVJnZ0F3M002dVh2Um5Qdk90OXVGRDdTUWdvMVZ0UjdPODRpUTZLS1dHZXBfXzVqOFFOQVV5Zw?oc=5,"Fri, 22 May 2026 07:00:00 GMT",2026-09-07T08:51:48+09:00
GoogleNews:買い物　調査,買い物　調査,Visaの最新調査で発覚！買い物AIで「全自動購入まで任せる」人はたった1%！最後のポチりは自分で - DXマガジン,https://news.google.com/rss/articles/CBMiTEFVX3lxTE5DUThla3NjVkhfeko5VWtWb0stZUJHOUZQOFZMS2xPT3hsZ2R0c0cyeXRNdzcxQ0VLbUoyMnhrSjhyZjBiWnRnc0QxbWo?oc=5,"Fri, 21 Aug 2026 07:37:22 GMT",2026-09-07T08:51:48+09:00
GoogleNews:買い物　調査,買い物　調査,300万人のレシートデータから見る「買い物動向」調査 2025年度売れ筋ランキング - global.toshiba,https://news.google.com/rss/articles/CBMipwFBVV95cUxNUzFaYnBKNjBQcWYyUlljRzc3U1NhNi1DcTdEZVZidS1iSVRUOC0xbzlsSExWZzBKSmt4azJfbFNzWmp0OW90a1k3V3RZYVFncUJzZkFDbDBoNGtZdHRRdUJVV193ejg5MDJ1Uy1IRmpvVEFxNUZzV0pRY2VYd1loOTc5TjF5bHlKTnFVM2dJbDF6SjFpUDBqRlQxSlpURklEbWJZYV9GMA?oc=5,"Tue, 28 Apr 2026 07:00:00 GMT",2026-09-07T08:51:48+09:00
GoogleNews:買い物　調査,買い物　調査,AI時代の新消費モデルは「AICAS」 500人独自調査に見る購買行動の変化 - 日経クロストレンド,https://news.google.com/rss/articles/CBMiZkFVX3lxTE9OS1ZlU3luRy1zVVJ0ME1tSHlwbHI3NjRfOVdZUGNtWHdxSnljRmxOQ195WDdPZHozNGlLMTZkNzkwaGpESlp1QzNGMGhHSzR3YTRwSGxkd281ZndnSWtEZkw2NHBIUQ?oc=5,"Fri, 10 Apr 2026 07:00:00 GMT",2026-09-07T08:51:48+09:00
GoogleNews:買い物　調査,買い物　調査,AI時代の買い物、約5割がAIで選んだ商品で「後悔・失敗」を経験 約9割がAI活用後さらに情報収集 - AMP[アンプ],https://news.google.com/rss/articles/CBMiVkFVX3lxTE9xZTFuZDIxYXM5ZnM0Nko2X0lLbFZQSjBjbE5Ib0ZhTUkyNTZKU2VNUk1ha0V2MjI1UWM0aFFmZ056NFZSaGRveTdnaW9yTENwc1U2R1ln?oc=5,"Tue, 05 May 2026 07:00:00 GMT",2026-09-07T08:51:48+09:00
GoogleNews:買い物　調査,買い物　調査,もはや値上げは生活の一部？7割以上が「値上げ慣れ」を実感。約4割が「10円20円の値上げには驚かない」と回答 - PR TIMES,https://news.google.com/rss/articles/CBMiakFVX3lxTE1INlEtOGVxOXVoVUloVUpHcHBuOUlhRm5jeElucThQQlRWWDBzWTNLemNKTHhhV2VQMGl4X2V0T25DeHZyRU5RemdzM3dDU0pXSXR4UmJnVHJ2Q2czWVItVW1NY2RsRWRKSWc?oc=5,"Mon, 01 Jun 2026 07:00:00 GMT",2026-09-07T08:51:48+09:00
GoogleNews:買い物　調査,買い物　調査,「生成AI利用者」約7割が買い物で活用、うち約6割が購入 エクスクリエ調査 - ECのミカタ,https://news.google.com/rss/articles/CBMiWkFVX3lxTE9nVG13UnVqS2dtZ3Z5MjliYVQtb1ozZEU0NERzcWVSUlpmTTc2V2pzcUJEU0tyRGZUSVl3R0xCeS1BNXhET3plYzBBM1RBeTRzRW1QMlZ3X1ZQQQ?oc=5,"Thu, 21 May 2026 07:00:00 GMT",2026-09-07T08:51:48+09:00
GoogleNews:買い物　調査,買い物　調査,AI が“買い物”を代行する時代へ Stripe、エージェンティック コマースへの対応準備に関する調査を実施 - PR TIMES,https://news.google.com/rss/articles/CBMiakFVX3lxTE0zMEF1SXIyUGpudlN5a1ZiSGxBRnJYeWhQVTR1eWJIR0lkc3hzcXl6SV9NUHBHdVV0ZUtMcENnVXRJYXhucjl5OUxBZG5fWmNYSkp4LUw1aGRLTkI4a3hJemw4aUF3bDFCYWc?oc=5,"Wed, 15 Apr 2026 07:00:00 GMT",2026-09-07T08:51:48+09:00
GoogleNews:買い物　調査,買い物　調査,Amazon、今夏のお買い物に関する調査を実施「節約意識高まる中、7割がワクワクする」プライムデー開催に向けた消費者動向を発表 - コマースピック,https://news.google.com/rss/articles/CBMiVkFVX3lxTE9KWWdHa2VIR0dHRU9nWWNQMmd2c3JWNG1hWnhJeklKcy1yQlEzSVUwVGlLa2ExQ0JUMXRoUFN5SXF2NmE2UXJPT04zYmlvZC0yeE5QRXpR?oc=5,"Tue, 16 Jun 2026 07:00:00 GMT",2026-09-07T08:51:48+09:00
GoogleNews:買い物　調査,買い物　調査,Amazon、ブラックフライデーの開催に向けて、「年末のお買い物に関する調査」を実施。「お買い得」「品揃え」「利便性」が3大ポイント - PR TIMES,https://news.google.com/rss/articles/CBMiakFVX3lxTFBfRlVQdk1CY2pvd2pBNlZMdTIxbTl2N3BLNEJYdjRHR1dxUDI5Y2s2SmdUY1pFeHBKY05OOG4xUVJvNXgyUk5QUW00ZU1EcEdSVzBqZVhlcnBlYjdUd2hiaGRRV0M1clVGd0E?oc=5,"Fri, 14 Nov 2025 08:00:00 GMT",2026-09-07T08:51:48+09:00
GoogleNews:買い物　調査,買い物　調査,ECサイト利用とそのAI利用の実態調査 - mmdlabo.jp,https://news.google.com/rss/articles/CBMiXkFVX3lxTE5VaDVfTWNrM1VOSUd0SGVUNW05WE1Sc0RDU09PUWVBd3hhMC1lU0dOLXpoblh4TEFBem5EQkdfcExORjhYSkViX0tEbkhqLUEyUmkwQkFMX3BuUWdhY2c?oc=5,"Fri, 12 Dec 2025 01:03:44 GMT",2026-09-07T08:51:48+09:00
GoogleNews:買い物　調査,買い物　調査,買い物をするときに「迷いや不安を感じる人」6割超 マイベスト調査 - ECのミカタ,https://news.google.com/rss/articles/CBMiWkFVX3lxTFBqZ1lBc0stdU1RVXdUX2t3N2tMSVM4bDJlaW9zQUQtS2d4bHd4MnVWR3dHS190Z0FtMXFMSzhHd0NNYjFYVThjZjhMMTBDUEFXekc0MmJkRW9Jdw?oc=5,"Tue, 10 Mar 2026 07:00:00 GMT",2026-09-07T08:51:48+09:00
GoogleNews:買い物　調査,買い物　調査,応援購入サービス「Makuake」サポーター調査から紐解く、ECにおけるお買い物の新たな価値観「楽しみとしての購買」とは？ - PR TIMES,https://news.google.com/rss/articles/CBMiakFVX3lxTE1KRzVDd1Jtb3A0UFVvRW9aZmV5NXoxUmx3Nkxkb2NwbEZqZ1J6RU1GTDVhX1FraTZSVGJMRmtzU18tUF9CXzlLak81amdkTXg1bzNDcmxkUm9zS2FpYXZvVHpBMzZYMDI0VWc?oc=5,"Fri, 06 Feb 2026 08:00:00 GMT",2026-09-07T08:51:48+09:00
GoogleNews:買い物　調査,買い物　調査,DHL調査:5年以内にAIが買い物を代行する時代へ、消費者の29%が容認姿勢を示す - コマースピック,https://news.google.com/rss/articles/CBMiVkFVX3lxTFB5Q1RROUpvb0JUZzQ0ZkZFZUY3S282blhLYkVDWGZwT3RzMjgxUW5oekRYVURTdjVTa1NsWDdJUnZpRDdoRkMtNXVDbEloeDRCNHdna3Vn?oc=5,"Fri, 12 Jun 2026 07:00:00 GMT",2026-09-07T08:51:48+09:00
GoogleNews:買い物　調査,買い物　調査,生活者意識調査 第5弾 - ネオマーケティング,https://news.google.com/rss/articles/CBMijwFBVV95cUxPLTRxdlRqVkc4Mm96SEU3bVVsaEsxZGNkOXlCWjVWQmdpcjN5S0dqTjZIZmg0UXktMldXLXhXOFRsSXdhVlJ3Q2p2S08xRmJxTDJJbVFVS3N3b0xieDl1Qm1Qbkh2UzYweklRcVQwWl9peUF1TlFsdS16b0FSOGl1NHM5LVdpYWRSQV81OXZBWdIBnwFBVV95cUxPTlp1dmJNN1ZTQzJPZ2t2cEtoU25qZ3VBcldyMUg4Vnc0enl3QWVSZFZnWk9zWkl2b2VIRzZRNGZ2YkJxMGVJZnd3RkZsRGNMVFpmUGIwXy05enpGTDgyN2F3azlWMm1BdHZxQXhUUkNpN3RhRkRheHpqNnlHQ3RfYXRNNTZEcUtjOUR0cnFHNzVLeDBZZ0tKU180d3E5Rzg?oc=5,"Wed, 15 Oct 2025 07:00:00 GMT",2026-09-07T08:51:48+09:00
GoogleNews:買い物　調査,買い物　調査,インパクトフィールド、2026年買い物実態調査を実施「タイパ」と「感情価値」重視にシフト - コマースピック,https://news.google.com/rss/articles/CBMiVkFVX3lxTE1WdzN4LVE4ZDZnZnlkeWstS2w2MDZsMFNJT0RfdUVCOFlzTTRMOFBKNm9fTFFSd1J6a2dYa1BZYTlmWjN4Z3RsSlU1LS1ZVklDNko3UXpn?oc=5,"Fri, 24 Apr 2026 07:00:00 GMT",2026-09-07T08:51:48+09:00
GoogleNews:買い物　調査,買い物　調査,「自分へのご褒美」5割超がECで買い物 1位はスイーツ・グルメ スポルアップ調査 - ECのミカタ,https://news.google.com/rss/articles/CBMiWkFVX3lxTE1oNGkzYUZxamdrUl9KMWljY3piQlVVdmktQjF3NTBObFlocHNrQTFlOE92ZzdhS2N6aFc3aFR3MFB6cTdMTmVwVExOcEo1a0VHakRqdjlPQmxWdw?oc=5,"Wed, 24 Jun 2026 07:00:00 GMT",2026-09-07T08:51:48+09:00
GoogleNews:買い物　調査,買い物　調査,レシート意識調査2026:物価高で4割が「細かく見るようになった」、9割以上が紙レシートを受け取る結果に - コマースピック,https://news.google.com/rss/articles/CBMiVkFVX3lxTFBuWlZUZFhpOERoLWhMSUZGV2dxUUN2dUlYdFN4YkRlTmQwcE56X2FXaGh1UDYzN1UwYkxlLXQ3dDZKbzNfM0lVZXk5ZnBRUXBHQXUtNjV3?oc=5,"Mon, 23 Mar 2026 07:00:00 GMT",2026-09-07T08:51:48+09:00
GoogleNews:買い物　調査,買い物　調査,【ネットショッピングの購買行動に関する調査（2025年）】 Amazonの利用がトップ、ECモールと企業オンラインストアの使い分けが鮮明 ―エクスクリエ調査 | 株式会社クロス・マーケティンググループのプレスリリース - PR TIMES,https://news.google.com/rss/articles/CBMiakFVX3lxTE9NTHdNUjY5S19IeFdPZWJVZmZ3QVcxbHdsQ256b1l1NHJ1N0diVFF3al9XaXd4b0xEZzZoeVZRcU9VQVgxbU9LejVwVXM2WFpoNTZFNHZ3bUlKVjljODh2ankxQzRtam9DeWc?oc=5,"Tue, 28 Oct 2025 07:00:00 GMT",2026-09-07T08:51:48+09:00
GoogleNews:買い物　調査,買い物　調査,大人気「ハンズマン」関西人は何を買う？商品数は28万超！驚異の品揃え 年間売り上げ“約348億円”のホームセンターで買い物調査 - TVer,https://news.google.com/rss/articles/CBMiS0FVX3lxTE1PeGlza1VhTEhtM3lMQTBqS2hKNlQwV293a1Vfc3BmTXp0b1VaQXBDSDNLZXUxalRNLXpDemxYeTRYWktwY21JM080aw?oc=5,"Wed, 15 Jul 2026 03:36:05 GMT",2026-09-07T08:51:48+09:00
GoogleNews:買い物　調査,買い物　調査,Z世代の買い物の起点、SNS4媒体の合計45.2%が検索エンジン33.6%を逆転。「#PRがつくと参考にしない」はわず - ニコニコニュース,https://news.google.com/rss/articles/CBMiVEFVX3lxTE1VeFdEaTBORnM5cnZjcmsyLWhKbWxiTVVScGIzN19DLUp4X0Nma2hXYWMxOVNaS2lTYmFzanY0S3p4cVZHRVV2dmZDWjNVdV9ld0ZweQ?oc=5,"Tue, 18 Aug 2026 07:00:00 GMT",2026-09-07T08:51:48+09:00
GoogleNews:買い物　調査,買い物　調査,生成AI別の買い物相談回答を比較調査、ラクサス・テクノロジーズがブランドバッグに関する提案傾向を分析 - コマースピック,https://news.google.com/rss/articles/CBMiVkFVX3lxTFB6U1g0TFNOX2MtYV9LS0ZCb3BVN1hGRTF0QVBoeHpkWkhSOWRBeURQbmNPdTRiamd6ZUhYVmdUZlZSM20tdlNNSXMtWnhvTzY1RFpJSEl3?oc=5,"Tue, 14 Jul 2026 07:00:00 GMT",2026-09-07T08:51:48+09:00
GoogleNews:買い物　調査,買い物　調査,ネットショッピングでよく利用するサイトは？学生の約9割はAmazonを利用【MMDLabo調査】 - MarkeZine,https://news.google.com/rss/articles/CBMiT0FVX3lxTE9xMVZKRVotQ3hFUXAtb0ZMSTZkdUFqV3d1UUJRR3NraEdsNFU5X3BpeG12cWJRX2hMSkVSblRGRklJbkxqSHBWblh2OWxWV0E?oc=5,"Sun, 22 Feb 2026 07:43:05 GMT",2026-09-07T08:51:48+09:00
GoogleNews:買い物　調査,買い物　調査,"子育て世代1,000人への調査で判明 商業施設を訪れる理由トップは「購入したい商品がある」 - atpress.ne.jp",https://news.google.com/rss/articles/CBMiTkFVX3lxTFBhQmhmcEdfZk5LRVZuUkJORTE3T1dDLUFnUWplUk5Rb1lsdEl4cmpHVTV3MHlFVU5ESHEyeW9lNlBlNmN1MmdkcHhPQW5oQQ?oc=5,"Wed, 12 Nov 2025 08:00:00 GMT",2026-09-07T08:51:48+09:00
GoogleNews:買い物　調査,買い物　調査,290万人のレシートデータから見る「買い物動向」調査 1月、全国・地方別のキャンディ売れ筋ランキング - PR TIMES,https://news.google.com/rss/articles/CBMiakFVX3lxTE9oc1FuXzllb05NdDlTV0VmakVvSTgyV09KSmpmME1peHIzMG82cUhWeldJMXVma0ZyTlBraVdzT1J0eHFLZkJKRW15SW9Vb3VHWk12elVrZHdlbGZzdXhpWi1sc0VlelZ6ckE?oc=5,"Wed, 25 Feb 2026 08:00:00 GMT",2026-09-07T08:51:48+09:00
GoogleNews:買い物　調査,買い物　調査,270万人のレシートデータから見る「買い物動向」調査 9月、全国・地方別のカップ麺売れ筋ランキング - global.toshiba,https://news.google.com/rss/articles/CBMipwFBVV95cUxPVE01ck95LWt4VmcxZGhjQ1R5VjItQU52dnU1TkhRa2thZU1DbWFrOG9vbkh3S203MGRqbHI4VTdNZElhVFpjWkpaVndGSUdETlM5ekxtd3NybkZndWFMTXlYVkVhN2lzRzFWamZpYi1HSUNTS0w0Xy1LQXZtOWs1aDRaekl4WjhIR2dLYTFFM1JGQmRQZ2NfMmYweUt5U3J6MXdRUUJ3MA?oc=5,"Thu, 30 Oct 2025 07:00:00 GMT",2026-09-07T08:51:48+09:00
GoogleNews:テクノロジー　健康,テクノロジー　健康,働き方×AI×アロマ NECがテクノロジーで拓く健康経営の未来｜日本電気株式会社のストーリー - PR TIMES,https://news.google.com/rss/articles/CBMiVkFVX3lxTE93Ri1raHVqdEg5anAzQnNDSENQcy1IQXNBODdWbnFyTUZkV3VGYmdJZVg1WWo4OVAtVEFTZnpPZHFQcVpsMnlaM2VvVFpxbE5PeG1EOGx3?oc=5,"Mon, 17 Aug 2026 07:00:00 GMT",2026-09-07T08:51:50+09:00
GoogleNews:テクノロジー　健康,テクノロジー　健康,食事・栄養を解析する健康管理アプリ「カロミル」を提供するライフログテクノロジー株式会社を完全子会社化 - 共同通信PRワイヤー,https://news.google.com/rss/articles/CBMiW0FVX3lxTE52SGlCS3E1aGF5MTFqSkRxTGtpUFFVQzlnYzlRMVd6dktYdW1xVEZBdFRZaE1scTM5VmN6VmFjdzNUblc5VGl3ZkxSRmZweTUzNWlIdUpNRDNya1E?oc=5,"Tue, 16 Jun 2026 07:00:00 GMT",2026-09-07T08:51:50+09:00
GoogleNews:テクノロジー　健康,テクノロジー　健康,健康への取り組み - DXC Technology,https://news.google.com/rss/articles/CBMiWEFVX3lxTFBYMElGejdmNVN2ak16S0VxZHlSazNCdy14S2ViS0hVT01HSXJWUE5qSkxzcTVkdEFhc2FzT2Z4SFZJU0ExZHlBRmFqYkdmdkJqYUdJVDZTWmg?oc=5,"Wed, 10 Dec 2025 10:32:39 GMT",2026-09-07T08:51:50+09:00
GoogleNews:テクノロジー　健康,テクノロジー　健康,テクノロジーで“健康寿命”を伸ばすAgeTechの最前線 米国で関心が高まる - forbesjapan.com,https://news.google.com/rss/articles/CBMiWEFVX3lxTE8wNE1qZVB4b2xhSzFVLWMyRUtBUWxiNlNLMDFMZ1FNVk5xVThYdkk0WjB1RTMwWTdPY1E0RW85MXI1ZTB0S3lTaC1DdjVYVEtBaHloT0k0aXE?oc=5,"Thu, 15 Jan 2026 08:00:00 GMT",2026-09-07T08:51:50+09:00
GoogleNews:テクノロジー　健康,テクノロジー　健康,写真：働き方×AI×アロマ NECがテクノロジーで拓く健康経営の未来 - okinawatimes.co.jp,https://news.google.com/rss/articles/CBMiZkFVX3lxTFBCVWdESHFOUFpkSmJIMDd5a0R3TWJDYW5GZXppRkpsRW1DWHR2RjdzWERldjZWYlRXUHlPOGRQaC1ldmFLY19ILTV0cF81cUtvOXlGUHZIcVMteHgyRDUzMDBrVlM5QQ?oc=5,"Mon, 17 Aug 2026 07:00:00 GMT",2026-09-07T08:51:50+09:00
GoogleNews:テクノロジー　健康,テクノロジー　健康,パーソルグループ11社、経済産業省と日本健康会議が協同で選定する「健康経営優良法人2026」に認定 - persol-group.co.jp,https://news.google.com/rss/articles/CBMiXEFVX3lxTE9CTHNsUnNGdlpIYTNldTBjdnNEbWVfLTY5aGZCX0Y2WHVPVnVKWUQwb3pyVjZlaHQtbHlneldqMDRuREk3THFiRVAwZXJzZ3ZLR0l3UkhaN1hqQ1E4?oc=5,"Mon, 09 Mar 2026 07:00:00 GMT",2026-09-07T08:51:50+09:00
GoogleNews:テクノロジー　健康,テクノロジー　健康,【おおいた学生ビジネスプランコンテスト2025】おおいたから世界へAI睡眠テクノロジーで挑む未来の健康革命 - city.oita.oita.jp,https://news.google.com/rss/articles/CBMingFBVV95cUxQT1h4cllUcXRldTNTTm1lSHJ4QXNnT05JOUtyS1RVYVRHMmtyaTB0Y1Z0a095VHpaQ2g0bVN1a25feGdkUnU1Y3NTVmZDVEE3eHZMcmd2Q3RBNzdHS1piTlozaUE0RGl3bHBjV0ZCeERncFNkR2lEY1ZHRXhxNXVxUjFuamI0Z2dCZzdvX2tPeUR6VmpxTVVjcmp0Y084UQ?oc=5,"Wed, 15 Apr 2026 07:00:00 GMT",2026-09-07T08:51:50+09:00
GoogleNews:テクノロジー　健康,テクノロジー　健康,「共創が拓く 健康・医療・介護の未来〜人とテクノロジーが築く安心社会〜」をテーマに国際モダンホスピタルショウ2026が3日間開催 - インナビネット,https://news.google.com/rss/articles/CBMib0FVX3lxTE5vQWZDaF93aHV2cm1PeU41UUhTODZlcEI4cWd5MHJZNFZyZzN5dGlGM2ZieGRXRnl6X2htVms1ODNxUnVxSUhXamZfSm1aQVdqa1JkSDl3WFUwREFmU3JBS1E5M0JBd2dBbkRNNk11NA?oc=5,"Tue, 14 Jul 2026 07:00:00 GMT",2026-09-07T08:51:50+09:00
GoogleNews:テクノロジー　健康,テクノロジー　健康,食事データ×ウェアラブルデータで、 健康行動を価値化する新たなウェルネス体験へ ピクセラ、健康管理アプリ「カロミル」を展開する ライフログテクノロジーと共創に向けた取り... - atpress.ne.jp,https://news.google.com/rss/articles/CBMiTkFVX3lxTE5BZkRVbGpERmpDYW53SnpVblF2SXlYWHZKZ2pockw0a0x6c05BT1piRFY3Rno4WmJGZnp3TFV0RWF4TGt2cUt2ODVlU1VoZw?oc=5,"Fri, 08 May 2026 07:00:00 GMT",2026-09-07T08:51:50+09:00
GoogleNews:テクノロジー　健康,テクノロジー　健康,【締切5/13】「2026年度横浜市トライアル助成金」～健康・医療分野、バイオテクノロジーを基盤とする環境・エネルギー分野の研究成果・アイデアの実用化を支援 - スタートアップポートヨコハマ,https://news.google.com/rss/articles/CBMiZ0FVX3lxTFBpd0YtU09ZQ3NrSGNRbjhYaTNCcjRFQ2RrTVh3SUdINjhoZDJINF93aGFqSTFCWEZUTzMzZmJ6REFhU3gyQU5GbVBNLWZFUEZwZU40M0cwLW5hUUQ0LWxhWGtyTl9KN0E?oc=5,"Fri, 08 May 2026 07:00:00 GMT",2026-09-07T08:51:50+09:00
GoogleNews:テクノロジー　健康,テクノロジー　健康,教育テクノロジー企業の株式会社ビルディット、健康経営優良法人2026（中小規模法人部門）「ブライト500」に認定 - tv-tokyo.co.jp,https://news.google.com/rss/articles/CBMibEFVX3lxTE8tcV81a050VS1hd2VkdXQ2S3VWbWVrOEswX1kxTlVVdG9KMkZBekxYNk9McV9yZG8zVktRUjhiRU5jbm5SeFVYZ2V1cmI3b1VLYU1TdHc0cXlVek9ZUGFpV1FBZ1VxaXRieVJINg?oc=5,"Sun, 01 Mar 2026 08:19:49 GMT",2026-09-07T08:51:50+09:00
GoogleNews:テクノロジー　健康,テクノロジー　健康,健康に貢献する信念を胸に、新しいテクノロジーに挑む - otsuka.co.jp,https://news.google.com/rss/articles/CBMia0FVX3lxTFBNNGVZOW1tZXRxeFpUNVlvVFBOMkxWbWhtVjI4Sm12ZW5tRmptclhuWTRxVGhMclpKYV9RTV9mcjhxZEszNVFOSk8xdUxPZVk5RVEwSW5kdmlFNlAzTUpmMXBQdm95d2ZUaUUw?oc=5,"Tue, 04 Nov 2025 22:17:22 GMT",2026-09-07T08:51:50+09:00
GoogleNews:テクノロジー　健康,テクノロジー　健康,“ヒト×保険×テクノロジー”健康診断書・人間ドック結果のデータ化を実現「スマートOCR：SDクラウド健康診断書パック」を提供開始 - PR TIMES,https://news.google.com/rss/articles/CBMiakFVX3lxTE9jT3pVWlNOb1BrWmRaeFU4RWFubHVFUUlBNWQwU20zc21NZlFyR1VVVWRKLXR5bkdab29EU1AyT2I5dUd1QXNlSGFneHg3NWVxNFVpYkYza01GVUMzYkt4YVdMMjJyZUJUX3c?oc=5,"Tue, 17 Mar 2026 07:00:00 GMT",2026-09-07T08:51:50+09:00
GoogleNews:テクノロジー　健康,テクノロジー　健康,カロミル×ぼんたぼんた、アンケート調査から生まれた“健康おにぎり”新商品を共同開発 - PR TIMES,https://news.google.com/rss/articles/CBMiakFVX3lxTE5IUnEzOHFIcXN2bE42WHptNERNbUhUTDlrWHVnM1BDdWlJTERFTzNtM0V3dFhDcHlySlB4VFNrQlBkUG5XU2RGbXVpWXBxcWZPVGYzWm5pVklMbUg1OWxGX3kwZlp1aXF3Wnc?oc=5,"Thu, 09 Jul 2026 07:00:00 GMT",2026-09-07T08:51:50+09:00
GoogleNews:テクノロジー　健康,テクノロジー　健康,喫食データ×生成AIでここまで見える多様化する 健康意識層の“リアルな食実態”と商品開発・マーケティング活用 - PR TIMES,https://news.google.com/rss/articles/CBMiakFVX3lxTFBYNUstWTFkbWh1dkFkZmZhRDFiYTF5bW91YjR5TUlXQUk1U2ZOQWZpNGt6U2lfbXFtSEFOVTVJLVRWa2dZRUJ4TTB2c0VMdVVwR0Z0eDRlSl9JeFdJZGRMQndwbzV4WUZhcGc?oc=5,"Thu, 04 Jun 2026 07:00:00 GMT",2026-09-07T08:51:50+09:00
GoogleNews:テクノロジー　健康,テクノロジー　健康,女性活躍推進テクノロジー協議会、新検定「WETC認定女性健康経営カウンセラー検定試験」をリリース - PR TIMES,https://news.google.com/rss/articles/CBMiakFVX3lxTE45ejJIb1RqSEx2X3A2NlZmWUdOeDVUdHNxSUw3TFptWEpvdjlRQlpEcDFCZWp5bjF1MVRsVngtbU5nRDhqNVRLTzl5ZTkwLWttdEtMMXc4WnJyWHFUbDY2Z1lCNmZyVGpaMHc?oc=5,"Fri, 14 Nov 2025 08:00:00 GMT",2026-09-07T08:51:50+09:00
GoogleNews:テクノロジー　健康,テクノロジー　健康,スマートシティ×公共交通・都市DX・未来テクノロジー・人材育成・健康・自治体経営｜調布市70周年の寄稿も掲載──見逃せない最新トピックを一挙公開 - PR TIMES,https://news.google.com/rss/articles/CBMiakFVX3lxTE9sQTl5czhZN3lIX2lDRjdTR0VSWGxLZ0gtc3JMcnEwSmNvdGh5RFBZMzdjajVwcGd1VDl4V185dU5VcmRsckZTdncxVThhR0F4MTRVVkhZNDZiMGFTRkdqMTRWcDZiaXRNb3c?oc=5,"Fri, 05 Dec 2025 08:00:00 GMT",2026-09-07T08:51:50+09:00
GoogleNews:テクノロジー　健康,テクノロジー　健康,「米国を再び健康に」 ワクチン削減の保健副長官、 「老化逆転」 の野望を語る - MITテクノロジーレビュー,https://news.google.com/rss/articles/CBMitgFBVV95cUxQSms1bG05M0kwRXJPZXFrb3ZyTHRTTlFjMk5mYUIxWG55amJSY0NkNzhQZFpCWmlZUXpmRmtyandzcnIxSTNIS0ZtLTZoVWRMTVZ1STVyYXdRTGNPMk9nUkd5MzJmQVJzb0hiY2N2UGlNRU13Z25PcmNSNWNXOHhiM25SaTJMWmpocDdSc2pidTZ0MEh1ME9OREJsQTFPSkZFcnFSR1JiU3pkZE5Ea2pTX1pfWWdfQQ?oc=5,"Wed, 25 Feb 2026 08:00:00 GMT",2026-09-07T08:51:50+09:00
GoogleNews:テクノロジー　健康,テクノロジー　健康,未来調査2026-2035 先端テクノロジー編｜日経BP【公式】 - project.nikkeibp.co.jp,https://news.google.com/rss/articles/CBMiWkFVX3lxTE5TLVRKT1VDblFfcUJRb1BsMnB1VnB0QTVVVWtyb01IalFpbHBob0s5R1ZGMzFoaWRVdHRpX3c1Z21TbWhQeFc0ZWxMd0VuTnB1WDBjVUVTZHJFdw?oc=5,"Thu, 02 Oct 2025 16:29:05 GMT",2026-09-07T08:51:50+09:00
GoogleNews:テクノロジー　健康,テクノロジー　健康,信頼、テクノロジー、女性の健康が導く次世代ヘルスケア、アメリカ発のウェルネス最新レポートを公開 - PR TIMES,https://news.google.com/rss/articles/CBMiakFVX3lxTE5ibEc0RUNzMTV1cTRhNElHaXNsZnhBWkJCRGU1MnhObVMwc3NYVW1vb216VWFRZ0ZUWHZaV3BkaEpHZDZPTXFGMFN0MzZUcTBvYXpNRXNTSG13TnR4U0ZITjBoNmRZOTBMcUE?oc=5,"Thu, 09 Oct 2025 07:00:00 GMT",2026-09-07T08:51:50+09:00
GoogleNews:テクノロジー　健康,テクノロジー　健康,株式会社KALOS BEAUTY TECHNOLOGY メディア向け新製品発表、体験会開催のご案内 最新の美容、健康、生活製品の新製品を発表いたします。 - PR TIMES,https://news.google.com/rss/articles/CBMiakFVX3lxTFBHQnNMY3NJLWd0SnlVYVhMMW5DZy1yRGFxeWJEMk1fQmhYQWw1c3Y3MGp1S3lzVWswV3I4bUg1MC1YWXlzRVEtTFJNVlVEeW9PMUFuRjBzUFZsWjFnakhMc0RFX2Y4bXFtLXc?oc=5,"Fri, 07 Nov 2025 08:00:00 GMT",2026-09-07T08:51:50+09:00
GoogleNews:テクノロジー　健康,テクノロジー　健康,2026年最新テクノロジートレンド総まとめ。プライバシー、健康、集中力、環境、身体拡張まで網羅する注目のスマートデバイス5選 - internetcom.jp,https://news.google.com/rss/articles/CBMiigFBVV95cUxNR2szMW1kbzgwbW1rTXd5RmNaQUs5Ti1VVzJ0YzVTNXhoWlhUUmtkbXI1M05JNHBaTkVhMzNtaTVVMDBfQjQ2WWpvTGxSYUR0WXl5ZzRzdmF0TnVWX0NnYjBCNDhPbVlMUDZpdVM0ZXVlS3ZjN2VwN3o5NlBQVnVOVU9UbjVlTnRtdHfSAY8BQVVfeXFMUGl6M1NDdVI4V0gxSUk0ZHFKV1lkbFBSd1piYTlGU1R5UVFMcmtSMFBQamh6ZkRNSVZuVVZySEZ6N2Zid1lZV25zZnpteTBIWXdHSmp4Y2lYZ2NVYTl6OGlOblMxOXFaeTgwdVJsaHc4ODY1WGVKUnVBeHp4VTNtazNJejFJTjRrYzBPZWJ1RDA?oc=5,"Sat, 24 Jan 2026 08:00:00 GMT",2026-09-07T08:51:50+09:00
GoogleNews:テクノロジー　健康,テクノロジー　健康,セゾンテクノロジーの健康経営は経営のためではない 社員の豊かな人生を願う社長のライフワーク (1/3) - HRzine,https://news.google.com/rss/articles/CBMiTkFVX3lxTFB2MEY2MXJKVjV2U0V1Y3hQdEdHZjlJd29DUHhsbm9qY1VpTHdSLW9JLUlOX1JuOHJQX21aV3FuVVJ3NEZxWTlfcW9Na2JfZw?oc=5,"Wed, 30 Jul 2025 07:00:00 GMT",2026-09-07T08:51:50+09:00
GoogleNews:テクノロジー　健康,テクノロジー　健康,『仕事と人生を変える 勝間家電』書評｜テクノロジーで「時間」と「健康」を取り戻す実践的ライフハック - smartwatchlife.jp,https://news.google.com/rss/articles/CBMiTEFVX3lxTE8zTV9ZaFRMdnA3c1RIS1ZkbElZZzFuTDQyQ3F2bGFGNHN5bkcyQ042VjduZFhJcThHb0tvVFVXdGxtakJWVnBvb1R4WUk?oc=5,"Wed, 22 Oct 2025 07:00:00 GMT",2026-09-07T08:51:50+09:00
GoogleNews:テクノロジー　健康,テクノロジー　健康,最新の美容・健康テクノロジーが集まる展示会「WELLNESS ＆ BEAUTY TECH 2025」を初開催！ - PR TIMES,https://news.google.com/rss/articles/CBMiakFVX3lxTE1vZlE3Q01pSGN0SGZTT3Myc2hlMFZvVmRuTjMyS3A3dGdBV1Q2cGNtSEFhNnNPVWI0elBNTnN1RzJxRnNrOG1YSjFjN3BlS3ltelljSVNhVEtQN3VwNWZtampTTXRvXzdhd1E?oc=5,"Tue, 15 Apr 2025 07:00:00 GMT",2026-09-07T08:51:50+09:00
GoogleNews:テクノロジー　健康,テクノロジー　健康,女性の健康課題をテクノロジーで解決 仙台・青葉区でイベント - khb東日本放送,https://news.google.com/rss/articles/CBMiT0FVX3lxTFAxV09DOEFqRC1KVlVFODlnNDNQMEg5RmdRdDFOb1pibm94aTlWOUZMY0pZOThlcGdsUEtrdzI2RmtkZW5QQ3dWdkpacXZVOFU?oc=5,"Fri, 01 Nov 2024 07:00:00 GMT",2026-09-07T08:51:50+09:00
GoogleNews:テクノロジー　健康,テクノロジー　健康,テクノロジーは「健康」を変えるか？進む静かなるイノベーション - MITテクノロジーレビュー,https://news.google.com/rss/articles/CBMirwFBVV95cUxOd1ZtbU96UmFMYy1oWXV3TlVvTkpKSWRxRTVhVE1PZjdmQXdNWUV6QVZUa1dod3RxRmFQdjNtdUFFRWRCNDAtaEdjV2RQY2RHWjNNMzd6RFptY1pwd213VC0xbm5tTEhZSm1xTDZVVXRjckVtWGZuZ2dBdXZMRmhRQlhhdE05NDlqak1fb0FvTmE4dXo3SGZ3LUEtRFJNVy1Wemc5djBPVEpkaHBRSTJN?oc=5,"Fri, 24 Aug 2018 07:00:00 GMT",2026-09-07T08:51:50+09:00
GoogleNews:テクノロジー　健康,テクノロジー　健康,【プレスリリース】政策提言：超高齢社会におけるイノベーション ～テクノロジー・健康・介護・都市計画へのインパクト～（2019年4月15日） - 日本医療政策機構,https://news.google.com/rss/articles/CBMiTkFVX3lxTE84LWYxTDltSVN2M1NJRl9uTEVjNjVKU1pQU3hVNUV0NnlQdk5kQXZkZV9CMmFXek55Mk9lTEU4TWtqaUgwNzByTnRUdG43QQ?oc=5,"Tue, 16 Apr 2019 07:00:00 GMT",2026-09-07T08:51:50+09:00
GoogleNews:テクノロジー　健康,テクノロジー　健康,ブリヂストン 女性特有の健康課題をテクノロジーの活用で解決する フェムテックプログラムを導入 - 株式会社ブリヂストン,https://news.google.com/rss/articles/CBMibEFVX3lxTFBLcENCeWdJdzdHczVDc2RwanBWR0lMQ2FJaG8taF9GX3JucjczRVRYc0FtdlQzejhHanRiQXJKSWp3ODdkQ0NOdnZrc2lISkhicnFzZDJTeVZvS1F4ckVDUmlqcW5ETHZPQm05ag?oc=5,"Thu, 27 Apr 2023 07:00:00 GMT",2026-09-07T08:51:50+09:00
GoogleNews:テクノロジー　健康,テクノロジー　健康,テクノロジーによるヘルスケアオートメーション（健康の自動化）を目指すドリコス社と資本業務提携 - 株式会社エアトリ,https://news.google.com/rss/articles/CBMiTEFVX3lxTFBMeFEzT1ZIM0hZb1J6NDhSMVJqMFFyZWVOSjcxcGdCaGZUTjBudlBBT0RycFhoOEpWWGZwYzVvVExNUFQ2VGFJVFZodWM?oc=5,"Tue, 25 Jul 2023 07:00:00 GMT",2026-09-07T08:51:50+09:00
GoogleNews:テクノロジー　健康,テクノロジー　健康,健康・医療の問題をテクノロジーで解決する—イノベーション・マネジメント実践演習－ - seijo.ac.jp,https://news.google.com/rss/articles/CBMickFVX3lxTFA4aVNoQmlPaklLbU0wWXFwWVE1QUxKZjlZemlNWXpmWC0wWDhNT2tGR0d3bnNOLTZZbjZObzgzRzNBeGJwZXZuTW5NV3JybVJYRTZnWWk5cmFqUHRfZFpRUVk3TW0ycjUtXzNkU1NhR0lwdw?oc=5,"Wed, 04 Jun 2025 07:00:00 GMT",2026-09-07T08:51:50+09:00
GoogleNews:テクノロジー　健康,テクノロジー　健康,フェムテックとは？ 女性特有の健康課題に挑むテクノロジーに注目 - 日経ビジネス電子版,https://news.google.com/rss/articles/CBMiZ0FVX3lxTE5xVXVzUHVRd05pamFicmNYWWdQZGhYSUVieXRTNmQ0QnY2Q2I5eW83VEY5YWxkSkxoRVhyb0tTZFE2alJ0M1JlZVFaZzI1RG1xSnExX09ObWZiMVItZktVV2pxNDhGMjA?oc=5,"Tue, 19 Oct 2021 07:00:00 GMT",2026-09-07T08:51:50+09:00
GoogleNews:テクノロジー　健康,テクノロジー　健康,パンデミックで加速する「医療･健康」の変革 テクノロジーがけん引する未来の新ビジネスを描く - project.nikkeibp.co.jp,https://news.google.com/rss/articles/CBMibEFVX3lxTE81LWlITEhrQ093T284b3QtT1Z1T3cwZnNraDhiTkFKT21UZUx3MFN0ZXBXaUNCQ1Bkb2JNZUZYZGdVUmJUSmZYY3U3ZEZDNFc2Zk5fV3VZY0pyTUZ2ci1sQVRPQjhEamFOT0phaw?oc=5,"Mon, 16 Nov 2020 08:00:00 GMT",2026-09-07T08:51:50+09:00
GoogleNews:テクノロジー　健康,テクノロジー　健康,体力テストのデータ活用で子どもたちの健康と体力増進を目指す。宮崎市教育委員会ら三者で連携協定締結 - softbank.jp,https://news.google.com/rss/articles/CBMiXEFVX3lxTFBRNGZBNnJvdWh5YlZnRmkwR3hES29LRjFJdFJ2QTNkV0JkSGZNUHBHN1VTSlBYMHpwYk5ZUXhCVkxNS1NkZ19ZMWVHYXVPbWJxVk5uRFE5bUNFN3FJ?oc=5,"Mon, 02 Jun 2025 07:00:00 GMT",2026-09-07T08:51:50+09:00
GoogleNews:テクノロジー　健康,テクノロジー　健康,女性の健康をテクノロジーで考えるフェムテックイベントに 漢方専門薬局が出展 「WEHealth2025」＠原宿 - atpress.ne.jp,https://news.google.com/rss/articles/CBMiTkFVX3lxTE9SOTN6MUZ2RkpUWkVrV0hMQ2FzbXRrQTBvRE15clFkRkdfLWZHZzl1MC1wTEQ4cUp3a2pHZ1ZQNFU0aWpVSWhJM2tEMWtTQQ?oc=5,"Wed, 26 Feb 2025 08:00:00 GMT",2026-09-07T08:51:50+09:00
GoogleNews:テクノロジー　健康,テクノロジー　健康,挑戦者2024：テクノロジーで女性の健康支援―― 杉本亜美奈さん - 週刊エコノミスト Online,https://news.google.com/rss/articles/CBMif0FVX3lxTE1hQUptVml1QnZUVHkwVGwzNDBEMHI5c3pvbXl3S05kU0ppelNmVmFfVWx0TTA0eE14UDVlbTNpNk1SRGlSZVdKYmhQMTdtSWxxemhJQ3pVYk55YmhOWnp3NG4xN1U2VlNLNHNIcFdTVElITHBUOUh0T2ZCSTUwMjQ?oc=5,"Mon, 11 Mar 2024 07:00:00 GMT",2026-09-07T08:51:50+09:00
GoogleNews:テクノロジー　健康,テクノロジー　健康,【開催報告】グローバル専門家会合『超高齢社会におけるイノベーション ～テクノロジー・健康・介護・都市計画へのインパクト～』GCOA-HGPI共催ラウンドテーブル（2018年11月2日） - 日本医療政策機構,https://news.google.com/rss/articles/CBMiTEFVX3lxTFA3OVpaR3NJbE5lSEtqSkdLS1Bac1RxWkNyOVZxaVRleEpIODVaMXllMm41aTA0RFVOUVEzaXRWcTQyMzc1VUVXVnd1Um0?oc=5,"Wed, 16 Jan 2019 08:00:00 GMT",2026-09-07T08:51:50+09:00
GoogleNews:テクノロジー　健康,テクノロジー　健康,小児の時間外の健康支援アプリ『キッズドクター』がテクノロジーを活用した子育て支援サービスの展示会「BabyTech（ベビーテック） TOUCH」に出展 - PR TIMES,https://news.google.com/rss/articles/CBMiakFVX3lxTFB0RkN1T0dLRGZUQmJybVJFLWJBVWVWMENYUWNDay1LYUY1QUNxTEZ5OEZQNTJhNDJkZjIwbWxfWFFHS2RUbU8yV2NIRWhUNlJRRGxDUVJkdUZVTHBEQ18yYXZaZXpncHQtY1E?oc=5,"Thu, 10 Jun 2021 07:00:00 GMT",2026-09-07T08:51:50+09:00
GoogleNews:テクノロジー　健康,テクノロジー　健康,美容、健康チェック、食事診断ヘルスケア領域に広がる先端テクノロジー - ダイヤモンド・オンライン,https://news.google.com/rss/articles/CBMiTEFVX3lxTE4ySnZsVG51ZTU3T05veG15WXc5T3R4Z1QzbUV4aHpVVTBjQmxEY3ZKbGJfSzRoNkRmNzNHXzdvM1VMN1lId1hvOEIxQ00?oc=5,"Mon, 25 Feb 2019 08:00:00 GMT",2026-09-07T08:51:50+09:00
GoogleNews:テクノロジー　健康,テクノロジー　健康,「京都発 テクノロジー×医療・健康」 社会課題の解決、エコシステム構築へ - TECHBLITZ,https://news.google.com/rss/articles/CBMiakFVX3lxTE5ZMlo2cDFldXJOOWJPZXVWUlZ3RE1vS0I3ODBRZUdDS3NYcTZVMHRCOFRIbEVYUThRSklwVzZOZWpla1Rmeko1Y0dHempEcWpKN3hxY25iWEYycGVFZXNxT19pSlpSNHBYTEE?oc=5,"Wed, 20 Apr 2022 07:00:00 GMT",2026-09-07T08:51:50+09:00
GoogleNews:テクノロジー　健康,テクノロジー　健康,先端テクノロジーを活用し新宿・初台エリアのライフパフォーマンスを向上させる「Wellness Lounge™」をグランドオープン - NTT Data,https://news.google.com/rss/articles/CBMia0FVX3lxTE4xYUhqUUN0Snk2WGk2R2hvYnF5WU5HU195Y0NYU2JsQ1JFRlZ5STdzQ1dLaUp3R0JtWUtDOEJxelpWZHlDTDcyaGthd0N4UndaV24tMGxMQkM0bnBOTHBmYk1lVklPVUI5Tm5j?oc=5,"Wed, 23 Apr 2025 07:00:00 GMT",2026-09-07T08:51:50+09:00
GoogleNews:テクノロジー　健康,テクノロジー　健康,【協会けんぽ】社員の健康づくりを応援！『FAシンカテクノロジー 株式会社』の取り組みを紹介 - 日刊CJ Monmo Web,https://news.google.com/rss/articles/CBMiXkFVX3lxTE5oVzlPNEV3WXZhNnVKMW1TQVJLT3M2enFnLXdoNzh6eTVfUDBlRU9hVWI2NGNKQVFmMzBaN0JqYmZaSXZmYVJUeTZ1RzJmRW5jNUo4ZXVCZUUxN01WcEE?oc=5,"Thu, 06 May 2021 07:00:00 GMT",2026-09-07T08:51:50+09:00
GoogleNews:テクノロジー　健康,テクノロジー　健康,女性特有の健康課題解決へ向けたテクノロジーやサービスの展示会 Femtech Japan 2024/Femcare Japan 2024 に出展 - PR TIMES,https://news.google.com/rss/articles/CBMiakFVX3lxTFBFekhIWW5FaW9pdzI3cmtkZ3RjR1FId24yVlUzek1ueXhJc2pxMUZzUUt4Y2piWmNkZmZmT0JlRnJGQ3RUMXVfdjNqTWQ3cDVtYVJxZFBYLWkwbEpTeWo1S2JNVGVOcWEydGc?oc=5,"Wed, 20 Nov 2024 08:00:00 GMT",2026-09-07T08:51:50+09:00
GoogleNews:テクノロジー　健康,テクノロジー　健康,テクノロジーが人類の健康寿命を延ばす！ iOS健康管理アプリ「ヘルストレーナー」をリリース - PR TIMES,https://news.google.com/rss/articles/CBMiakFVX3lxTE5uZ3o1OHRIekc2aEVxMFhRNFdtYVNMcUZ3aEw2Qzk1X2ZOSnFTNEZfRkJJcFFFNTlZNm1tUEZLcWtmckMxTnRCVWhlWGVuSEdKOGRfdW9mQ0dsNFl6X1MzQjhsNTY1YzVpNnc?oc=5,"Thu, 17 Oct 2024 07:00:00 GMT",2026-09-07T08:51:50+09:00
GoogleNews:テクノロジー　健康,テクノロジー　健康,糖尿病患者の健康行動、テクノロジー利用の自律的動機が鍵 - CareNet.com,https://news.google.com/rss/articles/CBMiggFBVV95cUxPc19qX1R6R0JFUDBWLXJyRWxJbktPVDJ3VF8wRGxENG1hQUVQU3dTbVl5MFAxYThQWnlNUE5uTFcxYTJXWS1sUVJiRzNpVmduSC02UWx0anJDV285blcta1g1MFVkMEhHNWEwX1VfUUx1YTViSjljMWc0NTJFY1loTUFB?oc=5,"Wed, 30 Apr 2025 07:00:00 GMT",2026-09-07T08:51:50+09:00
GoogleNews:テクノロジー　健康,テクノロジー　健康,「心を健康に保つテクノロジー」は未来の成長産業／ニコール・ブラッドフォード - Business Insider Japan,https://news.google.com/rss/articles/CBMia0FVX3lxTE0zWlZ0aWc3Y3RGaUJrMVQ0d0ppYldzNUdDQjhzWlhLR1k5R0EzZVZjZV9manI2X3ZOV0dFVy1nN3Q4NFkxQnhLLVFhdHpyWW5sc1JTVFk0U3E4Mk81OWhHZW5zQ2poZ255UVE4?oc=5,"Wed, 16 Dec 2020 08:00:00 GMT",2026-09-07T08:51:50+09:00
GoogleNews:テクノロジー　健康,テクノロジー　健康,圧倒的なデータ蓄積と分析精度の健康管理アプリで注目！ AIでヘルスケア領域に革新を起こす、棚橋繁行の挑戦 - 創業手帳株式会社,https://news.google.com/rss/articles/CBMibkFVX3lxTFBuVWRkMWFUMkc0aDBEbzZQaHlWMmpmTHZHUDNsaDVFTEhxYWl5Rm41VGhQdk0tZWlZNjlOckdkLWI3aGVOa0Q3Uzc5andBT0dMbENXTVk5X2pURllHWk4zOFo0d1BiVURsTWE5Zlp3?oc=5,"Wed, 10 May 2023 07:00:00 GMT",2026-09-07T08:51:50+09:00
GoogleNews:テクノロジー　健康,テクノロジー　健康,HRテクノロジーの活用で従業員の「幸福度」「働き方」はどう変化するのか - 日本の人事部,https://news.google.com/rss/articles/CBMidkFVX3lxTE03ZHVkR1N2YVQxNXdRbHBhY3ZQR1ZMRnU2NjZOSDRGY0p1a0ZPUGc1Q3JVNE0yb1QzenRMeUR3V0lfRmFpb0FBcFA3b2NtN284YzhBZ2tNU0JzQUt6UzR6UE1rVnQ2b1Z1NTV5dUtzX3VEcHR5QVE?oc=5,"Tue, 28 Jul 2020 07:00:00 GMT",2026-09-07T08:51:50+09:00
GoogleNews:テクノロジー　健康,テクノロジー　健康,世界的健康ブームは「トイレテック」と「脳テック」 “自称健康マニアアナ”が見た世界最先端テクノロジー⑤ - TBS NEWS DIG,https://news.google.com/rss/articles/CBMiVkFVX3lxTE1DMGRURnlYTjJhdzN3b2dlN3FXUjlNWEl1Rko0RTlVU2h6bUNXM1A1WjZ2cjRXSmZTQWFkVTE1V3k3VTFWU2tOMHUybkRGNkRMRG94WmlB?oc=5,"Sun, 22 Jan 2023 08:00:00 GMT",2026-09-07T08:51:50+09:00
GoogleNews:テクノロジー　健康,テクノロジー　健康,米国はユニコーン多数、「テクノロジードリブンな健康保険」は日本でも誕生するのか - Coral Capital,https://news.google.com/rss/articles/CBMiZEFVX3lxTE1zemZtcmFNdGJ6ajU5RGVCLWY2S0VEU01qdDA0b0dhQVk1TTd3NVJPNjduSTkwYWZMSGNtb1RaSGtxeElydHEzQUUwajFidVRGa1V4MDhIUlp2TTl6X0tHcDZWVGY?oc=5,"Tue, 09 Nov 2021 08:00:00 GMT",2026-09-07T08:51:50+09:00
GoogleNews:テクノロジー　健康,テクノロジー　健康,健康管理アプリ「カロミル 」が累計70万ダウンロード突破！コロナ禍で健康への関心が高まり5月から半年で20万人の増加 - PR TIMES,https://news.google.com/rss/articles/CBMiakFVX3lxTFB2Tnl3Y3lsYm5MLWFwTUg0WlhhTXZWTHZyTm1GNDJ2VEx1eHhVQzl0WHI5TU5rS0hFQVhZS1h6aWZVMnZvMzl6SGhPYmM2dnFOeHdsbDlsZmpyeHByblNXbS1sOVVXX21TNEE?oc=5,"Thu, 19 Nov 2020 08:00:00 GMT",2026-09-07T08:51:50+09:00
GoogleNews:テクノロジー　健康,テクノロジー　健康,TISの健康活動サポートアプリ「ASTARI」とライフログテクノロジーのヘルスケアアプリ「カロミル」がキャッシュレス決済による食事の自動記録を実現 - PR TIMES,https://news.google.com/rss/articles/CBMiakFVX3lxTE04YXZxUHphVGcyczlLUXZBVWFDaF9tOS1VaFo5c2M5OHU4SUF0MkNGVzhpSXdycDlqek1tLXJCTVhlNWtJOFdMWDhSYmJmMjhsNDl6RmUzOEJjWGlWTmNHRjBWdkJSNk5FUWc?oc=5,"Wed, 24 Mar 2021 07:00:00 GMT",2026-09-07T08:51:50+09:00
GoogleNews:テクノロジー　健康,テクノロジー　健康,タレント SHELLYらと一緒に「女性の健康」をテーマに考える！シンポジウム【ヘルスケア×テクノロジーで女性のwell-beingは実現するの！？】6月15日無料配信 - PR TIMES,https://news.google.com/rss/articles/CBMiakFVX3lxTE9IaFFVb3QtdUIxLUZNTTVkZHNoMHF5eFZHc2kzbnZSV2xianNpQVFLWmsxQU5ray01akIwamE1NUxBbWU1MTRtdXlwbTQ3MDhpRU1rdGdXMEFhWWwwUjNHRFFPc19CWnUtdWc?oc=5,"Thu, 27 May 2021 07:00:00 GMT",2026-09-07T08:51:50+09:00
GoogleNews:テクノロジー　健康,テクノロジー　健康,国際サービス貿易交易会、健康衛生分野に見る最新テクノロジー - 新華網日本語,https://news.google.com/rss/articles/CBMiWEFVX3lxTFBkNVE2TkpubVp2T2gxOGlWOHRnbHFBMUlyRzQ4REFsYnQyZUZFdG83OFVXN3c3QkVwQXZpdHcxdmZNYkNoc3kwVGVINzFzUjQ1UlJDNy05T3g?oc=5,"Mon, 06 Sep 2021 07:00:00 GMT",2026-09-07T08:51:50+09:00
GoogleNews:テクノロジー　健康,テクノロジー　健康,可視化で“睡眠負債”を解消！葉山社長が全社員に促すデータドリブンな健康改善─セゾンテクノロジー - IT Leaders,https://news.google.com/rss/articles/CBMiU0FVX3lxTE1GYUNvMndndnJaYTRPQ1RsMGh1TVNaZWstU096X3lhRUNFV240T3NZa2xPX19fcl9ScEUxWmY4UlJlSUV3X3g0MDB3WHJpa1Z6RjZr?oc=5,"Mon, 21 Oct 2024 07:00:00 GMT",2026-09-07T08:51:50+09:00
GoogleNews:テクノロジー　健康,テクノロジー　健康,セゾンテクノロジー、オフィスに高気圧酸素ルームを導入～「森の隠れ家」で社員の心身の健康とパフォーマンス向上を支援～ - PR TIMES,https://news.google.com/rss/articles/CBMiakFVX3lxTE5iZDhzQndzUG1yYm1yMDhKVWk0c1RENTNtbS01Tnk0ZVBud055UTRGaW5pZk54ZEFkRlFLNVVDcEJ1c3NIbzQwV09zRHFQSmxGSTZOVUQzVU01R0VRRFh1NDAwdkFDTnBVSmc?oc=5,"Mon, 03 Mar 2025 08:00:00 GMT",2026-09-07T08:51:50+09:00
GoogleNews:テクノロジー　健康,テクノロジー　健康,子どもの心の健康を守れ、 デンマークの公立学校で進む データ駆動型生活指導 - MITテクノロジーレビュー,https://news.google.com/rss/articles/CBMiqgFBVV95cUxNN0h2X1NqQTg0X2pnMG1ockNPdlVsam1HT2QtV25EczBqZEdYa25JcHhkLTc5V2d1NmpjLXdPMmJGMnVXNHBQMVdGOFNDZFliZVhscnhMek8wLVhwVWFNNXRHMmZBSWFPeHNXMDhLVk1IOXhMcFF2MzJ1U3dRU0VTTDJoVGtuUUNrNlVFV1dPME5IOHpyVUNVUkFIazhYNUluQklEUHFQenRTUQ?oc=5,"Mon, 29 May 2023 07:00:00 GMT",2026-09-07T08:51:50+09:00
GoogleNews:テクノロジー　健康,テクノロジー　健康,ヘルステックで変える未来の健康管理の在り方 ─テクノロジー活用で見直すセルフケアとは─ | AMP[アンプ] - 人生の豊かさを生む瞬間を情報でつくりだす新世代向けビジネスメディア - AMP[アンプ],https://news.google.com/rss/articles/CBMiVkFVX3lxTE9hMnpIT1FfR085N3BPcVpUUlZ2cjZQWVVkUVZXUmo0Q1kxTGQyS19zSnVMSzkwWFYwWWN4eVMwUzVPZ2NEckxJaTRpbzFYaGlMRFNaRlJn?oc=5,"Tue, 02 Nov 2021 07:00:00 GMT",2026-09-07T08:51:50+09:00
GoogleNews:テクノロジー　健康,テクノロジー　健康,明治安田生命が生活習慣改善につながるサービスとしてAI身体計測テクノロジー「Bodygram」を導入！保険加入者の健康診断結果改善に向け、日々の体型管理をサポート - PR TIMES,https://news.google.com/rss/articles/CBMiakFVX3lxTE9jOHlvQnRxd3ZIN1lpVnVtbXJwS3VjbWRibHo5TEFqeVozTEVnazcwRmVMVE1fRjlUd2tzWXJiQ1RQa050VV9oLS1yX1hkc1JrVHQzRTR2OUd2VlZuT2QwNGVyT0o4Q2t4N1E?oc=5,"Mon, 06 Feb 2023 08:00:00 GMT",2026-09-07T08:51:50+09:00
GoogleNews:テクノロジー　健康,テクノロジー　健康,体表温度測定対応！最先端の健康管理テクノロジーを搭載したスマートウォッチ『HUAWEI WATCH 3』を発売 - PR TIMES,https://news.google.com/rss/articles/CBMiakFVX3lxTE9zQkxDSjNwWHNYYnpwM3prR3RqODYzeS1CbTQ2R01XUjNaSlVnLVRZcnltUzROYVpNUW1saW9wbXczTFZndmd1cVZqRVpsMW5hR0tsR05hNndjWGw1aDRqLWMySVEtQ0hOUkE?oc=5,"Tue, 13 Jul 2021 07:00:00 GMT",2026-09-07T08:51:50+09:00
GoogleNews:食　政府,食　政府,米価暴落「備蓄米買戻しを」京都食健連が近畿農政局に要請「米農家は不安でいっぱい」 - 京都民報Web,https://news.google.com/rss/articles/CBMib0FVX3lxTE1jWDVFa3ktemdfZ0Izb0kweWpRZ3E1SUtqc3k3QWxjTXpBaXYydXlRLUdOUVNyRHRGS2NmQ2xzYVRBQWxpTXRfNWljckVaVmwza2RzV0xfRlNuV1ZycmdBZWtNOVZHOW82SnJiSUwzWQ?oc=5,"Sat, 22 Aug 2026 09:00:12 GMT",2026-09-07T08:51:52+09:00
GoogleNews:食　政府,食　政府,移民と社会：特定技能「制限」 食の現場困惑（その2止） 上限突破、政府「分かっていた」 - 毎日新聞,https://news.google.com/rss/articles/CBMiaEFVX3lxTE1ob0tQRXFlQWZ4ZUNxbTNFYXpuWnhjZzdNRFBESDhQUVZnRnlKQko0cE9fcDdITDJSajlsM19NbnAwLUNTbUctR2s4NjdyMzYteXhJajFCWFNzdGxyV2VFOFNLVXNwRVNF?oc=5,"Tue, 18 Aug 2026 07:00:00 GMT",2026-09-07T08:51:52+09:00
GoogleNews:食　政府,食　政府,フードテック（後編） - 政府広報オンライン,https://news.google.com/rss/articles/CBMiZ0FVX3lxTE5tWE5aSFR6eGg5c3NNQldKRGxqbGlyUXFXSGRIeldCeW1VdXhvOXZKaWwtd0hUUHFsY1ZCS25BTUVWNTg4VmFnRGE5ZHlwZms1aDlyWkFfMS1QaTR1bjBPWmszc0p2dEk?oc=5,"Thu, 16 Jul 2026 07:00:00 GMT",2026-09-07T08:51:52+09:00
GoogleNews:食　政府,食　政府,フードテックが経済成長を牽引する分野となるには | MRIオピニオン（2026年6月号） | ナレッジ・コラム - mri.co.jp,https://news.google.com/rss/articles/CBMiakFVX3lxTE5LR2xMbWZXaDE0TjlPZjVEZ3h5clQxZG5GT2VuMnZLTWxnTWRRRkxFeENSQVBHYk9DSHZxMWlvNkRuVVNxYjJSeG51RWk4a1BQRWtpdXYyd2VWLS1uQjJxVHpXSWRFRVlmTVE?oc=5,"Mon, 01 Jun 2026 07:00:00 GMT",2026-09-07T08:51:52+09:00
GoogleNews:食　政府,食　政府,｢政府の人口統制､5Gで操られる…｣《コオロギ昆虫食》給食コロッケから始まった大炎上→倒産したグリラス元社長の告白 - 東洋経済オンライン,https://news.google.com/rss/articles/CBMiW0FVX3lxTE5reE4xTWpJeXNHbC16Wm5MWmdRUkxnYmJxa2V0M1VFaDA1UlBlLUNHWVh2WnI2VjYzdkx5VThhUFRncGhHWHFyWENQMFJ1eUhDNXdDam1FWVYzalU?oc=5,"Tue, 04 Aug 2026 07:00:00 GMT",2026-09-07T08:51:52+09:00
GoogleNews:食　政府,食　政府,25年度食育白書 栄養教諭の地場産物の食指導は目標上回る - 教育新聞,https://news.google.com/rss/articles/CBMiVkFVX3lxTFB2cHVJajEzUWt4MVMxeUtocnhiZkxQTkVIQ20zRi1GbmRlMC11WTRXZTNQNlRpNUVQOTkwNW1FX29OY05ncVpxaWxURG9JUXFLZGNrblFn?oc=5,"Fri, 19 Jun 2026 07:00:00 GMT",2026-09-07T08:51:52+09:00
GoogleNews:食　政府,食　政府,政府の成長戦略のフードテック、食料安全保障、バイオエコノミー、AI・ロボティクス・精密発酵の最前線までを一体的に読み解くイベントを開催 - PR TIMES,https://news.google.com/rss/articles/CBMiakFVX3lxTE5rWkRDbzUyNVdSLWh1b2c5d3h2LXlBckRVY2F5RGdKaFlOUUxSNmZUY2RycDNqY2EwVkVEZjN2Y2xqN2k1R05PdjI5RjFOWHp2YWNQUjBTaEd0bmE2OGc3OFdEQnJ2T0NMOWc?oc=5,"Thu, 07 May 2026 07:00:00 GMT",2026-09-07T08:51:52+09:00
GoogleNews:食　政府,食　政府,政府、フードテックに9.7兆円の官民投資を想定｜植物工場、陸上養殖、食品機械、新規食品の4分野 - Foovo,https://news.google.com/rss/articles/CBMib0FVX3lxTFBSVzNZTEFzTnh2c0hMOENERmtSelZpT0M3a3FvNjh1TmhXQjQwRVNXU1NCRC1nbmtFMXF1OGpxSFgtY1A3OThmdkVSanE1b00tVFozOG82VmdNeW5tVkNnZ2pFcXlkT01JaVlqZnFjcw?oc=5,"Sat, 27 Jun 2026 07:00:00 GMT",2026-09-07T08:51:52+09:00
GoogleNews:食　政府,食　政府,ユネスコ認定食文化遺産発信 ＡＳＥＡＮ日本政府代表部、レセプション開催 - じゃかるた新聞,https://news.google.com/rss/articles/CBMiY0FVX3lxTE02NWc4S2U3X2x3ekQ5UFZqTkdGMDUtSGlxZEt0X0FUMWJCdUVZbE9TV0RIWmxrV05NYzRLdzhKeHN6RFdidm9halFlV0NPV19hS0ZpbGw1SnBZQ1RnSXB3Zl81WQ?oc=5,"Fri, 03 Jul 2026 07:00:00 GMT",2026-09-07T08:51:52+09:00
GoogleNews:食　政府,食　政府,政府の成長戦略17分野「フードテック」や食と農林水産業の未来を「協創」する研修型カンファレンス「ONE SUMMIT 2026 in 新潟」を開催 - 新潟日報,https://news.google.com/rss/articles/CBMiXkFVX3lxTE5VckZZT3E4Wi1vcHp0NDFSQXJBQjlFbm1uNHRZbklPUGVyOGsyOEI4dWEyeGNhTHBrQzlQQmM2VTFZMUVYLWsyODVMaVFzd2dRTzNIa01kNDB5bnNrNEE?oc=5,"Mon, 06 Apr 2026 07:00:00 GMT",2026-09-07T08:51:52+09:00
GoogleNews:食　政府,食　政府,物価高で生活苦しい学生たちを応援…「フードバンク霧島」が政府備蓄米50トン、1人10キロずつ無償配布 - 南日本新聞,https://news.google.com/rss/articles/CBMiV0FVX3lxTFBuZ1RnU1M1X3NzdXRDamZtbWNkMlVNYVliT1FSME5tZlRKSFJBRE5CejNMT3k0REk5TkpmQk9OVmVlR2h1ak1YYUJDbTJLVkNtZDFub2dOSQ?oc=5,"Mon, 01 Jun 2026 07:00:00 GMT",2026-09-07T08:51:52+09:00
GoogleNews:食　政府,食　政府,スペイン、今年は観光客1億人到達の見通し…中東情勢や8月の皆既日食も後押しに？ - ニューズウィーク日本版,https://news.google.com/rss/articles/CBMiZ0FVX3lxTE5WbHpKN3hOYnhNQVpHYUI5VU1uMFptMVRrRVV5OExaZFBrZDdoY0otaVl6ejlyUTdEMUZpaDJlaTR5WThIU19lb05LZDFQQUJTQXdWc3dZaDhUdHRodG85TElJcGYyTTg?oc=5,"Tue, 07 Jul 2026 07:00:00 GMT",2026-09-07T08:51:52+09:00
GoogleNews:食　政府,食　政府,飲食業界の「今」を可視化する「食産業ダッシュボード Ver1」を公開｜お知らせ｜食団連 - 一般社団法人日本飲食団体連合会,https://news.google.com/rss/articles/CBMiVEFVX3lxTFBTY0pMbU01WHJ0NXA5M2xTSHRueW9hYzdaOGlna3NXYmw2NXRlc3JiTVgtdW9ld0wtUlQ3c2lydm5uRnp1Rk9wNW1sSmpselhaUGMtZg?oc=5,"Wed, 01 Apr 2026 07:00:00 GMT",2026-09-07T08:51:52+09:00
GoogleNews:食　政府,食　政府,世界22市場の旅行基礎調査を発表、インバウンド地方誘客のカギは「食・自然・体験」 ―日本政府観光局 - トラベルボイス,https://news.google.com/rss/articles/CBMiVEFVX3lxTE9ZaG12R1JGdzJiaTFfdzJsZmRFMUN1WkVtaFFkOVhNZ1gxRkx4OWluU0R0Q1VLRUJWUTRveW15YmFWenJXdzdmS3p6MG94Y2xZa1RoXw?oc=5,"Tue, 28 Apr 2026 07:00:00 GMT",2026-09-07T08:51:52+09:00
GoogleNews:食　政府,食　政府,フードテック（前編） - 政府広報オンライン,https://news.google.com/rss/articles/CBMiZ0FVX3lxTFBTQnl5NkdUQ3BFZU1hOEdSWXo2WXIwUFVSRXBKYTIyTk9MdGNRQWRjTWpzNC1VeE8tejU5WGZLa2VoTXc4U1ZkMGJUUjFmcW4tZHE0QzZWOVg0ZW1rb0M2alFlTnRnaDA?oc=5,"Thu, 09 Jul 2026 07:00:00 GMT",2026-09-07T08:51:52+09:00
GoogleNews:食　政府,食　政府,｢政府の人口統制､5Gで操られる…｣《コオロギ昆虫食》給食コロッケから始まった大炎上→倒産したグリラス元社長の告白 - 東洋経済オンライン,https://news.google.com/rss/articles/CBMiW0FVX3lxTE44bHVUOFJQUXN5RXkzN1JOS295TU13cHlUWHNzV1Y5LTZrb296YkRZUFI1Q0JVVWo3QkpwQTRoV3puWHdlYUFYS1pyb2tlcXMwQWdyRzNNaFlKeEE?oc=5,"Tue, 04 Aug 2026 07:00:00 GMT",2026-09-07T08:51:52+09:00
GoogleNews:食　政府,食　政府,英国政府観光庁、日本の旅行会社を英国へ招聘 イングランド各地の文化・自然・食の魅力を紹介し、地方への送客を促進 - PR TIMES,https://news.google.com/rss/articles/CBMiakFVX3lxTE5tNXpGeEFLbHE3ZzZGdkNudm1SdFBrUXJ6a1lDMWpfb3NXdkNIVC1jdXBCd3ZIaDNXQUZzNndST2cyV1FLcUl2NUZmRndJYmN4OEVLanktLVVlZ1RHMWZNWnFLQXVDb2Zycmc?oc=5,"Wed, 29 Jul 2026 07:00:00 GMT",2026-09-07T08:51:52+09:00
GoogleNews:食　政府,食　政府,｢政府の人口統制､5Gで操られる…｣《コオロギ昆虫食》給食コロッケから始まった大炎上→倒産したグリラス元社長の告白 - 東洋経済オンライン,https://news.google.com/rss/articles/CBMiUkFVX3lxTE0ySDlyUjNIdlJiYTRIbnkwWmxfM2RNVmVRb3pSNmVOQ2dlTXh0Q0ZtS3NRRkh5V3RvOHoydUdNUl9lTU9RZ014ajIweWwxSGp2M1E?oc=5,"Tue, 04 Aug 2026 07:00:00 GMT",2026-09-07T08:51:52+09:00
GoogleNews:食　政府,食　政府,「世界一幸せな国」が贈る、至福のディナー！フィンランドが世界を史上初の公式試食会へ招待 - PR TIMES,https://news.google.com/rss/articles/CBMiakFVX3lxTE41QmgweHRfU0Y1ZDlzXzAxS0ZsUGwwWFJ1anFvT0tfTmIyVTdoLXp4Y1JZLWcwLVRFaEVYTktsRVpJeDh0QXZ1clBPNU9UT1RaeU9JM09tV2JvTXZkMGpIeFdWSDZMMjlyQ3c?oc=5,"Mon, 18 May 2026 07:00:00 GMT",2026-09-07T08:51:52+09:00
GoogleNews:食　政府,食　政府,高市首相、フードテック関連企業5社と面会｜国内外の需要創出に意欲 - Foovo,https://news.google.com/rss/articles/CBMib0FVX3lxTE9PWEdOQ2hWYXR1c3lKUlpoamJCTjhmYUlISWRhbjVUaE1UZmpsQUE4V05IWW9pTzR3dDZSMHYwWUFkcTN2RUtDLTIwUkhmMVFaTHFJbVlkRGhZYVdLdkg5azItSHZmdGFFeFJfZjJIQQ?oc=5,"Mon, 27 Apr 2026 07:00:00 GMT",2026-09-07T08:51:52+09:00
GoogleNews:食　政府,食　政府,政府が経産省の食品輸出事業者を支援する「日本の食輸出1万者支援プログラム」とは？ 中小企業庁、農水省、JETROなどが連携（ネットショップ担当者フォーラム） - Yahoo!ニュース,https://news.google.com/rss/articles/CBMif0FVX3lxTFBoOG5ITWZUSHFyb0Uyc2Vha3ZoZzMxSFFsX0t4Y0gwajZUc3FrNmY2VXRxN2FILXZaMGdMZk5jX0hOSWJobWZTNGx0NUs1THFjRl8wSm1xNTAtcXdwWE9ENGlyYlZ4SFdJYURjWU8tUEVUOUV1VUFIdzgtVnU1UGs?oc=5,"Sun, 26 Apr 2026 07:00:00 GMT",2026-09-07T08:51:52+09:00
GoogleNews:食　政府,食　政府,政府、17の戦略分野で先行技術を指定｜フードテック4分野では植物工場・陸上養殖を先行検討 - Foovo,https://news.google.com/rss/articles/CBMib0FVX3lxTE5HYmN5ZkpqVlpxOWtjd29xZmxnSDFINFRrT2pQemhwVzVBOXBCV0RCS1FOTmNaQTJYajZURGplSjc0TDVtUFBFSS1jNzZlYUpIQlVPMllTUnFSc1NtMF9QYmg2Y05TSGg4WXR3UThOcw?oc=5,"Mon, 06 Apr 2026 07:00:00 GMT",2026-09-07T08:51:52+09:00
GoogleNews:食　政府,食　政府,香港政府観光局、新キャンペーン「テイスト香港」で美食のまちをアピール、旅行会社向けに販促サポートも（PR） - トラベルボイス,https://news.google.com/rss/articles/CBMiVEFVX3lxTFAzMENVVEJiZlZTSW9uOS0xcmJiTG1GQzE5RDNZV3lfbExCYjE4U3pVbzRqYjFOSzA5dmd2VFE5dGZEMDlwbzd6cmo2QzlLcVRaMlVxZg?oc=5,"Thu, 23 Apr 2026 07:00:00 GMT",2026-09-07T08:51:52+09:00
GoogleNews:食　政府,食　政府,過去最大規模「FOOMA JAPAN」開催へ、政府成長戦略「フードテック」の実装焦点 - MONOist,https://news.google.com/rss/articles/CBMib0FVX3lxTE85OU5Uc3U0U3R6UkM1TW1BWmNLUnZ6Q2p6Yk1lOFpLQ1cya1pweGFzTUp3QTRUMTE1ZWdPMDNjcUpoamt4QW1sQ0xva1hoLVY4X2JQd19XcUV0bmxtUzN1WjFkYkRnUTlZNENvcmNrVQ?oc=5,"Fri, 03 Apr 2026 07:00:00 GMT",2026-09-07T08:51:52+09:00
GoogleNews:食　政府,食　政府,政府が経産省の食品輸出事業者を支援する「日本の食輸出1万者支援プログラム」とは？ 中小企業庁、農水省、JETROなどが連携 - ネットショップ担当者フォーラム,https://news.google.com/rss/articles/CBMiXEFVX3lxTE5RUnZSY05GdUtZenQ3S2s2bjcxZk5hNjUtN28yVEE4clNIVkhlbHJWYUQtWGh0RFRpNmRobGpMZGtsZnB2S2dtbDduS1FvRVhxT083VEV4SGM5OW1h?oc=5,"Wed, 15 Apr 2026 07:00:00 GMT",2026-09-07T08:51:52+09:00
GoogleNews:食　政府,食　政府,日本政府「成長戦略17分野」のフードテックで農業課題を解決するAGRIST、北米市場展開に向けて投資家や現地企業パートナーシップ構築を加速 - PR TIMES,https://news.google.com/rss/articles/CBMiakFVX3lxTE9oOGgwR29oLWFETTNWRkhOV0dTOWV1WGt4Z3AtRWpjZ1dWNWRCX1VlbEtjMWZzakpHZWJTYkpsdWQ5d28wS0dtQnhHY0VWSkRqc0laN2ppSVZpRXpON3F1S0FIZGRwT0cyREE?oc=5,"Wed, 08 Apr 2026 07:00:00 GMT",2026-09-07T08:51:52+09:00
GoogleNews:食　政府,食　政府,画像 | ｢政府の人口統制､5Gで操られる…｣《コオロギ昆虫食》給食コロッケから始まった大炎上→倒産したグリラス元社長の告白 - 東洋経済オンライン,https://news.google.com/rss/articles/CBMiXkFVX3lxTE1QZXFpQk56WUdiR1VMaUdwRGFzSm82OWE3VUloX0ZFLXk1a1ZIRmM1YlIzVUYyN2RZRzMtbl9KNEEtWFloaENhckJGVGIwRkYwUnNBZklzS3hhYnNoUVE?oc=5,"Tue, 04 Aug 2026 00:16:21 GMT",2026-09-07T08:51:52+09:00
GoogleNews:食　政府,食　政府,帰国便はインドネシア政府専用機で驚きました！ - FlyTeam,https://news.google.com/rss/articles/CBMiZ0FVX3lxTE9HdEl2ODNTdnZDSHBiY2JLZ3NIZVBDMk42Y0g5Vmc0Zm5SU1ZPSWFLR3VkV3MwTTdQSkw4cm03UVBMZ01DT2pQVDcxZ0IzNFJBYmJhejZWdmRfNlJ4d2x5eE5sVTJlNTA?oc=5,"Tue, 19 May 2026 07:00:00 GMT",2026-09-07T08:51:52+09:00
GoogleNews:食　政府,食　政府,【商業】タイ政府の消費刺激策でフードデリバリー急伸 初日だけで30万人が特典利用 - バンコク週報,https://news.google.com/rss/articles/CBMiUEFVX3lxTE1vdXpDU2t4aU9VOEZvRG1SSkNwbm83RXJ1VXdIQmo1YWgtNHYydzhzZnJLZWhHMzhfU0kxSUJQMmEwVmVaOGI0MG1nOEcxV2dH?oc=5,"Fri, 19 Jun 2026 07:00:00 GMT",2026-09-07T08:51:52+09:00
GoogleNews:食　政府,食　政府,｢政府の人口統制､5Gで操られる…｣《コオロギ昆虫食》給食コロッケから始まった大炎上→倒産したグリラス元社長の告白 - Infoseek,https://news.google.com/rss/articles/CBMicEFVX3lxTFAtLVlxNXRxZHJJQ3VmYVEtSTV2R2RzVF9DTk5GVmJlMDZqQWpzZm43QzRHTDlLU3BiOUtpN0RxWWF3OUxQWUpfQ2RqSk9temt6ZG9UUjV1R096T2F0LWtqdnJYUWVxOEQwR29uWXBRbGE?oc=5,"Tue, 04 Aug 2026 07:00:00 GMT",2026-09-07T08:51:52+09:00
GoogleNews:食　政府,食　政府,片山さつき財務大臣へ、外食産業の持続的発展に向けた緊急要望書を提出｜お知らせ｜食団連 - 一般社団法人日本飲食団体連合会,https://news.google.com/rss/articles/CBMiVEFVX3lxTFBkZVRuN3k4YlZIUDBFRWxpUERNU2FwR2VVLUt3cnBHdjFLTHUyZzh6Q2t1WEMwVUprU1lndi1pN0NLMlNDMEZudFpYZTFvLW5QU0NsXw?oc=5,"Thu, 29 Jan 2026 08:00:00 GMT",2026-09-07T08:51:52+09:00
GoogleNews:食　政府,食　政府,【お知らせ】2025年10月こども食堂へ政府備蓄米の無償交付の追加支援について - musubie.org,https://news.google.com/rss/articles/CBMiTEFVX3lxTE51eFhFZEt0LWpWOHp5UHQ0X2FBRlB1TmFGLTZSazRMU05WcVdDQ3dCTVVJZlZra1AydDdUZFJFMGFrUkJtOEdNVWcxZkI?oc=5,"Wed, 08 Oct 2025 07:00:00 GMT",2026-09-07T08:51:52+09:00
GoogleNews:食　政府,食　政府,政府、フードテックWGを設置 17の戦略分野で成長戦略の検討体制固める - Foovo,https://news.google.com/rss/articles/CBMib0FVX3lxTE1UZUI3U1RjV0w2MTY0S3F5QU03T2tqZzY3QXlFeVRaMnF5UXBNVmlZU2RROV9sdXdXU1h3MHBVY3VEcDRTdXpLWVlkMEI4ZjN5ZGdJMTgxbHhGNDBTbmFkRzdzYi1ZWFVHNlZRWjNWSQ?oc=5,"Fri, 26 Dec 2025 08:00:00 GMT",2026-09-07T08:51:52+09:00
GoogleNews:食　政府,食　政府,日本政府、フードテックを国家戦略分野に指定｜官民連携で供給力を抜本的強化 - Foovo,https://news.google.com/rss/articles/CBMibEFVX3lxTFBZTUh6VldEdzJiQmw1VVMySTlMSGIxTGVDRWR6V1BmMDdyZUhPUGtTMmVsN1FVSVduM05ZNGNuelMyaXFiYURHTjJuQ3VVbk01bThiLTBQa3FUeXFTNU5aMVZablZrV0FYYU9tcw?oc=5,"Fri, 07 Nov 2025 08:00:00 GMT",2026-09-07T08:51:52+09:00
GoogleNews:食　政府,食　政府,アメリカ政府が新しい栄養摂取ガイドラインを発表…タンパク質、脂肪を摂り、糖分を避ける - Business Insider Japan,https://news.google.com/rss/articles/CBMiiAFBVV95cUxQcC16Sm1oemxSeTVNb2d4R21hanhNcDhaMUhwdzBVa21Zd0FEWktwZnRCNFZaRmlxOGdMRHBfdHRfRi14RWRRbDh4MjVJczZfWFEzcXptTDJsU2dZYk92SDFaRGs2WXI1WGtsNVEtQXVVU1ptYkRaMnE1ZldsdzVRM2VVRkpQWG0t?oc=5,"Sat, 17 Jan 2026 08:00:00 GMT",2026-09-07T08:51:52+09:00
GoogleNews:食　政府,食　政府,米政府職員がフードバンクに長蛇の列 長引く閉鎖で給与出ず、生活困窮 - CNN.co.jp,https://news.google.com/rss/articles/CBMiUEFVX3lxTE5wVmNSQjF4ZURmUXVabmNpVXQ2QXB5TVluYjNseFBkTl94WmZOaGF3T3IwT3NMcUk3cFd5U2xoaGlpdzdta0FmX0VQVHNrclpH?oc=5,"Wed, 22 Oct 2025 07:00:00 GMT",2026-09-07T08:51:52+09:00
GoogleNews:食　政府,食　政府,「食の危機管理」を政府一丸で対応食料供給困難事態対策法案 | お知らせ | ニュース - jimin.jp,https://news.google.com/rss/articles/CBMiXkFVX3lxTE1nZFlRZ2RBMHdWVXo0SnZpT3UwVElOUHpNY3RaN1RYXzdIamthdEE5QUZNQmRZNVJOd2ltbWJyZi00LWJMVUpzcXFxY0JyWjVUYXhZWnVteHlmVDFycUE?oc=5,"Thu, 21 Mar 2024 07:00:00 GMT",2026-09-07T08:51:52+09:00
GoogleNews:食　政府,食　政府,オーストラリア政府観光局、「食べログ」と「クックパッド」と連携～食文化を包括的に発信 - MarkeZine,https://news.google.com/rss/articles/CBMiT0FVX3lxTE52Z2FIU2YzMElldkxtc2ZOdlZvblFkb0M2bXRwc0d0ZXFoTGk3bHRzb3FYNmVZWllKbk5PX2xjamEtTlhhZERjdzF5UXAzdXc?oc=5,"Sun, 22 Feb 2026 16:52:48 GMT",2026-09-07T08:51:52+09:00
GoogleNews:食　政府,食　政府,音楽から食・文学へ拡大する韓流…韓国政府の報告書が示す新潮流 - AFPBB News,https://news.google.com/rss/articles/CBMiUkFVX3lxTE9QTnNoWkw2MTNqVlc0YUw1U2xXZEtTN19OTWwzeVB4RnlGWjNGS01fZUJoTzBDVHNoZkI3dXRvclBLS1Rza3R6N3o1bl92Nm5PcnfSAVRBVV95cUxPcXowWm1Yb2FBQlYwbkJtMGdpelpldmxvNk1pZW5yTlVYT2gyY3duQm5nSnFMUTlsVkVrZXdTU3BhVV9QaWlBV3luVFVvQ2xtbGF5Vms?oc=5,"Thu, 26 Feb 2026 23:02:20 GMT",2026-09-07T08:51:52+09:00
GoogleNews:食　政府,食　政府,政府「農山漁村の宝」 三本松高「食堂プロジェクト」選定 食育推進、地域連携を評価 - 四国新聞,https://news.google.com/rss/articles/CBMiiAFBVV95cUxQTUE4MDU0NkhaZ3BJTjdEbHJQcy1yQjR3N21ldjJXV3BzNW1WT1FyYTVvVlhQTFEtb015cjQ5SlI1M0ZJcTlLLV9zN1YyN2FrMGI1NFRBdUFHbThpdE9zRGVqYjlpbXhXTzBCVFJ2TGdDMU85c2xxU190MmNtaVNpRjYzZlluNXZf?oc=5,"Tue, 13 Jan 2026 08:00:00 GMT",2026-09-07T08:51:52+09:00
GoogleNews:食　政府,食　政府,“食”の適正価格へ 政府の「フードGメン」が始動 公明推進 2025.10.28付 - 公明新聞電子版プラス,https://news.google.com/rss/articles/CBMibkFVX3lxTE1EM0pYVkVwYThla0FFZlcyWFZZYWN1QmNSNTNnUmR0dzNLM2dpcTQwckNCQWhiTWpvVTQwbVNOWlJFbUtDNTVfdC0yVzBVTU55LUo0X05iRlFhdDRMRm9mWndOUHM1WEpjTjA3NUt3?oc=5,"Tue, 28 Oct 2025 07:00:00 GMT",2026-09-07T08:51:52+09:00
GoogleNews:食　政府,食　政府,2025年のフードテックを振り返る：国内の細胞性食品が前進、精密発酵は市場投入拡大、日本政府もフードテックを重点分野に - Foovo,https://news.google.com/rss/articles/CBMiX0FVX3lxTE1TVVZMcDBtQ3dTSXQ2Zk9mSEowUnJpTU13aFQyVjJfbFp6Sm9WMlE1Y0M1QktSTEJOUjlSOGZKTm5reXc2b0tyOTN3S3N1Rzh5RXBrc3V5M1RpNHpVTGVF?oc=5,"Mon, 29 Dec 2025 08:00:00 GMT",2026-09-07T08:51:52+09:00
GoogleNews:食　政府,食　政府,イタリア政府、培養肉を禁止する法案を支持　食文化の保護が理由 - BBC,https://news.google.com/rss/articles/CBMiTkFVX3lxTE8xdDJTZVp3T0J5ekdRT0J4WFlldTF0WGFsS0IwbjRJYUhIMm9VaWNFVjdMU2E0M3lTal9mY0MwMGd6QTVWcDNfLTIwa2hzQdIBU0FVX3lxTE5FU2l4SE9Pa0JjdkZLSzBBRk10TzUwZnlfYWFkUE5KSFVHalJLbW12TTBzY3pTajh4UERwV29fekFVQU5JV0NyemhHc2hUNzZEa2FZ?oc=5,"Thu, 30 Mar 2023 07:00:00 GMT",2026-09-07T08:51:52+09:00
GoogleNews:食　政府,食　政府,音楽から食・文学へ拡大する韓流…韓国政府の報告書が示す新潮流（KOREA WAVE） - Yahoo!ニュース,https://news.google.com/rss/articles/CBMif0FVX3lxTE1SYkZsVklKNHc5eFIweno5TDludmlJbmxaMjdablcyZ19zSGpNNjVPVFFtNnpEX1hIUGpyck8wQ2hTZEhxbG9LdzZGR0hfbG5IclpXUXpzdVhDcjJkb2RyemxYMjB5cmN5NE1rNmlmRjQxcVhxdWhRS2lFMmc1ZjA?oc=5,"Fri, 27 Feb 2026 08:00:00 GMT",2026-09-07T08:51:52+09:00
GoogleNews:食　政府,食　政府,シンガポール政府観光局、キヤノンMJと共同企画「Canonと巡る、おいしいシンガポール」キャンペーンを開始 - PR TIMES,https://news.google.com/rss/articles/CBMiakFVX3lxTE1fS3k3Rmw5elM5a0RPekRCM1RhSldXQUJYZ21vRXMzVFdXVnJXQ2VQZldhcnBoQ1VpRUU4QzJscjZlbTdEM2UyUEc4ZlF2U19EWHJLTzZ6cW1CeHdjS0RVWUJDSXdiUVNwWmc?oc=5,"Tue, 13 Jan 2026 08:00:00 GMT",2026-09-07T08:51:52+09:00
GoogleNews:食　政府,食　政府,政府備蓄米の売渡し拡大 中食・外食・給食向けにQ&Aで詳細を提示 - ウェルネスデイリーニュース,https://news.google.com/rss/articles/CBMiVkFVX3lxTE9MREllM1hESEtyd1lTSlFYellQTXVaTU8zWXp1SVFGZTl0bmxYWm1YZFFXaVUtSU9IcEJ4Wk9iMWVxQVRORzVzcmEtMENMa2k4NUNNbzFB?oc=5,"Fri, 20 Jun 2025 07:00:00 GMT",2026-09-07T08:51:52+09:00
GoogleNews:食　政府,食　政府,【お知らせ】こども食堂へ政府備蓄米の無償交付の追加支援について - musubie.org,https://news.google.com/rss/articles/CBMiTEFVX3lxTE9CTDZFUkVpeERnd0VSZUlJeWVCT1Z5OE00cVJtQm9Zak8yQ2VXTThOT0V3QV9DaFI5M3dtMUp5cEZtV0o4Q01OSzVmXzQ?oc=5,"Thu, 10 Jul 2025 07:00:00 GMT",2026-09-07T08:51:52+09:00
GoogleNews:食　政府,食　政府,【タイ国政府観光庁 後援】タイのおいしさは発酵食にあった！ 現地で食べて習って追求したタイ全国の発酵レシピが一冊に - PR TIMES,https://news.google.com/rss/articles/CBMiakFVX3lxTE0ycjRlVFFfNTNlNDZUWTc3U2hqb0ZJWG44bm5ZckhnekI2dk0xSV9vVkFFWnduaW5JRDJXSEw4MDQwVmM0akNZM2EtZUxoWlgwM21GdUVNREQxODlQSlZXWGVOVjNTUFFkZnc?oc=5,"Thu, 18 Dec 2025 08:00:00 GMT",2026-09-07T08:51:52+09:00
GoogleNews:食　政府,食　政府,「農林水産省 政府備蓄米の無償交付の制度」説明会のお知らせ - PR TIMES,https://news.google.com/rss/articles/CBMiakFVX3lxTFBmQTh5ZVBEQVIyd1d1YnZVbHlIUTZ2QUFQcUVqVl9Bc2owdVFPemtMRVRaaUNGSldHS0lDTXRiUEdGS2c0N2FndVNxRnZScElTTGVqdG9nalBJVTdXcXIyYXE3ZHVaWXBwZ0E?oc=5,"Mon, 07 Oct 2024 07:00:00 GMT",2026-09-07T08:51:52+09:00
GoogleNews:食　政府,食　政府,政府備蓄米 フードバンクに - jcp.or.jp,https://news.google.com/rss/articles/CBMidkFVX3lxTFAyQXFCQ3hPZWxTTXl6TUZmd2lJV2Zlejl2REZRQ1BVd2R5TU1MbjY1alVFSHpoMENBRkRNaGpJY296QmpFWVN2UTdPamRicTZHMlJ6cklUVG5FS0tLT1dxblVQeVRJQl9rbXRCZUFUekhGQ1RDekE?oc=5,"Tue, 07 Jan 2025 08:00:00 GMT",2026-09-07T08:51:52+09:00
GoogleNews:食　政府,食　政府,食支援と食品ロスの削減に貢献する「ファミマフードドライブ」 日本政府公式SNS「JapanGov」にて紹介 - family.co.jp,https://news.google.com/rss/articles/CBMidEFVX3lxTE1EWFh1bmczblBUTkFtOHpYQ2ZTN2tXZlVrcHV5VE5QRUcyRWFPajV5M0FyVnBQRnRJeDZYQldZRXVTTkp3TmlNQ1hzbk1Danh6T21CZTNzR0gzZ1hrNGctZ05LeDIyX3FxQTFodXBlVnQ1SnpI?oc=5,"Tue, 30 Jul 2024 07:00:00 GMT",2026-09-07T08:51:52+09:00
GoogleNews:食　政府,食　政府,シンガポール政府観光局が、食文化を通して新たな旅を提案 西武鉄道のレストラン車両「52席の至福」で味わう「予想外の体験。シンガポール」 - PR TIMES,https://news.google.com/rss/articles/CBMiakFVX3lxTE9aQ252SFZ3VWFReWQ2a2VIcEFNM1piQ20xQUVQcFoyaTNKcF9vUTJGQURDUEhyQXhNQzFIS2stTWNqaFlObGFXeENLTzdMT2NpVzY3S1VJTGcyS194NTZCUW9veUFVMjRRRHc?oc=5,"Mon, 09 Dec 2024 08:00:00 GMT",2026-09-07T08:51:52+09:00
GoogleNews:食　政府,食　政府,食支援と食品ロスの削減に貢献する「ファミマフードドライブ」日本政府公式SNS「JapanGov」にて紹介 - PR TIMES,https://news.google.com/rss/articles/CBMiakFVX3lxTE9pSzlMS2xaUmpzdlB4VU1ibGpDZDM4V2dIX1pZWTFvcHc1Zmtxbjc5YVl2WTJZaVFkWEd4TkFYck94MVhqMEQ5RmZVS0NJV1RSOVZVb0VYTldIUWF5aS1HTEdFZGVKV3dibXc?oc=5,"Tue, 30 Jul 2024 07:00:00 GMT",2026-09-07T08:51:52+09:00
GoogleNews:食　政府,食　政府,世界韓食産業 ２０２７年までに３００兆ウォン規模に - Korea.net,https://news.google.com/rss/articles/CBMidkFVX3lxTFBLUkIxYmhLY1pfRzZiMzd1UWRETVBGWDRaTEdzeDFHdGhvVFlpV2JqcXlsNG15elJSWm9fcWwzdXlweWJTUkxGTlM4UUkxLXBtclR0bDM5TE5xcS1nczV3YzFBMFVUeGxUTTdMWUhQNHVsUDJybEE?oc=5,"Mon, 05 Feb 2024 08:00:00 GMT",2026-09-07T08:51:52+09:00
GoogleNews:食　政府,食　政府,マカオ政府観光局「2025 マカオ国際美食都市カーニバル」を開催～21 カ国・34 のユネスコ食文化創造都市が集結する美食の祭典～ - PR TIMES,https://news.google.com/rss/articles/CBMiakFVX3lxTE9FRU5wb3ZDN3lWTm1WbDNERkVHcW12Y3N3Mi1tQ09JMjdONE1QNW5uQ3EwN1gxc3o1bjZmOFFvNTgwWk1GZjNBd0xzWnlEMGRpV2tSYTlqWGdGOXZfN2g0c3lvSTJjaWsyRmc?oc=5,"Tue, 08 Jul 2025 07:00:00 GMT",2026-09-07T08:51:52+09:00
GoogleNews:食　政府,食　政府,チェコ政府観光局がチェコの「食」に特化した パンフレットを制作 知られざる美食の国チェコで2023年に開催される 食のイベントを紹介 - atpress.ne.jp,https://news.google.com/rss/articles/CBMiTkFVX3lxTE1ja2lvSWh4TUJNX0dQcXRNQ0ZJNmJIX0tEWEpnV2dlZDVQWGhTenRkUVNVQlRXVVBkeklSNTY2X2NnNS1qV3N2NXlNV2VnUQ?oc=5,"Tue, 28 Feb 2023 08:00:00 GMT",2026-09-07T08:51:52+09:00
GoogleNews:食　政府,食　政府,ピカソが食べた「スペイン」 没後50年、食からしのぶ姿 - 朝日新聞,https://news.google.com/rss/articles/CBMiXkFVX3lxTE4wckwzNDZRMXdpT2JLM1RDTHh0VktTWGVwbVBoR0cxd01BRXlUYS1zOHEwTGhseDcwMXJBWXNSanVvZGM2UkNaYVpYUU1FOVZURjRjSnJiUDlMZ3ZxRHc?oc=5,"Fri, 21 Jul 2023 07:00:00 GMT",2026-09-07T08:51:52+09:00
GoogleNews:食　政府,食　政府,「コオロギ事業に6兆円」昆虫食めぐり“血税が使われている”と拡散した情報は誤り。実際の予算額は？ - BuzzFeed,https://news.google.com/rss/articles/CBMihwFBVV95cUxQNzZlNWlTLXpxOWRtSmUyWlFMRFJnZ1F1aXhfY1l0b0kzUXVwRDdrMnlyUXQzcUZLQ3gwWHh2T0dQV1hGRlloYkFiT0YzaFlsOHVLZVVReHBtampKS25Dc3htV2FjNi1BSzUtRnBSV3p2R0xwQmx5NUROdFcwUDdzMXFDbV85cjA?oc=5,"Thu, 02 Mar 2023 08:00:00 GMT",2026-09-07T08:51:52+09:00
GoogleNews:食　政府,食　政府,米国政府が食生活指針を改定、2歳以上の糖類摂取量の上限を据え置き - 独立行政法人 農畜産業振興機構,https://news.google.com/rss/articles/CBMiXkFVX3lxTFBiaExFb1hJS0Nkb21ad3ZUUm1hQlU5dWVyNVdSSEVlSWlPYWRpeFZEcGVJdUdBeDZvTl9NOVppWVlXdFJWTGhScHZOTThEdnpRSkU5ZVhlUjVhNkdQUXc?oc=5,"Fri, 15 Jan 2021 08:00:00 GMT",2026-09-07T08:51:52+09:00
GoogleNews:食　政府,食　政府,仏政府が後援｢食のランキング｣のスゴい仕組み アルゴリズムに基づき1000軒をランキング化 - 東洋経済オンライン,https://news.google.com/rss/articles/CBMiX0FVX3lxTE1IR0gxWTcwbzdYZDZOTUlielVEMGRHZV8tbm5adE5YcHBKWkN2LVprdUxZWnNrMGdNRy1MZkE4emlQN1g5SlZjZVNSUUxybHJkVlphNlBVT1lmOVQ4Qy04?oc=5,"Wed, 28 Dec 2022 08:00:00 GMT",2026-09-07T08:51:52+09:00
